Internal ID,canonical_smiles_rdkit,scaffold_group,outer_fold,is_sensitivity_member,has_target
Mol1,CNc1cc(Nc2cccn(-c3ccccn3)c2=O)nn2c(C(=O)N[C@@H]3C[C@@H]3F)cnc12,O=C(NC1CC1)c1cnc2ccc(Nc3cccn(-c4ccccn4)c3=O)nn12,2,False,True
Mol2,CCOc1cc2nn(CCC(C)(C)O)cc2cc1NC(=O)c1cccc(C(F)F)n1,O=C(Nc1ccc2n[nH]cc2c1)c1ccccn1,0,False,True
Mol3,CN(c1ncc(F)cn1)[C@H]1CCCNC1,c1cnc(N[C@H]2CCCNC2)nc1,3,False,True
Mol4,CC(C)(Oc1ccc(-c2cnc(N)c(-c3ccc(Cl)cc3)c2)cc1)C(=O)O,c1ccc(-c2cncc(-c3ccccc3)c2)cc1,1,False,True
Mol5,CC(C)(O)CCn1cc2cc(NC(=O)c3cccc(C(F)(F)F)n3)c(C(C)(C)O)cc2n1,O=C(Nc1ccc2n[nH]cc2c1)c1ccccn1,0,True,True
Mol6,CC#CC(=O)N[C@H]1CCCN(c2c(F)cc(C(N)=O)c3[nH]c(C)c(C)c23)C1,c1cc(N2CCCCC2)c2cc[nH]c2c1,4,True,True
Mol7,CC(C)NCC(O)COc1cccc2ccccc12,c1ccc2ccccc2c1,2,True,True
Mol8,COc1ccc(Cl)cc1C(=O)NCCc1ccc(S(=O)(=O)NC(=O)NC2CCCCC2)cc1,O=C(NC1CCCCC1)NS(=O)(=O)c1ccc(CCNC(=O)c2ccccc2)cc1,1,True,True
Mol9,C=CC(=O)N1CCC[C@@H](n2nc(-c3ccc(Oc4ccccc4)cc3)c3c(N)ncnc32)C1,c1ccc(Oc2ccc(-c3nn([C@@H]4CCCNC4)c4ncncc34)cc2)cc1,4,True,True
Mol10,CC(C)NC(=O)COc1cccc(-c2nc(Nc3ccc4[nH]ncc4c3)c3ccccc3n2)c1,c1ccc(-c2nc(Nc3ccc4[nH]ncc4c3)c3ccccc3n2)cc1,0,True,True
Mol11,CCS(=O)(=O)N1CC(CC#N)(n2cc(-c3ncnc4[nH]ccc34)cn2)C1,c1nc(-c2cnn(C3CNC3)c2)c2cc[nH]c2n1,0,False,True
Mol12,COc1ccc(S(=O)(=O)N2CCC(N3CCC(C)CC3)CC2)cc1,O=S(=O)(c1ccccc1)N1CCC(N2CCCCC2)CC1,3,True,True
Mol13,CCn1c(-c2nonc2N)nc2cnc(Oc3cccc(NC(=O)c4ccc(OCCN5CCOCC5)cc4)c3)cc21,O=C(Nc1cccc(Oc2cc3[nH]c(-c4cnon4)nc3cn2)c1)c1ccc(OCCN2CCOCC2)cc1,3,True,True
Mol14,CC1(C)CC[C@]2(NC(=O)C(C)(F)F)CC[C@]3(C)[C@H](C(=O)C=C4[C@@]5(C)C=C(C#N)C(=O)C(C)(C)[C@@H]5CC[C@]43C)[C@@H]2C1,O=C1C=CC2C3=CC(=O)[C@H]4C(CCC5CCCC[C@H]54)C3CC[C@H]2C1,4,True,True
Mol15,Cc1c[nH]c2nccc(Oc3c(F)cc(Nc4cc(Cl)nc(N)n4)cc3F)c12,c1cc(Nc2ccc(Oc3ccnc4[nH]ccc34)cc2)ncn1,3,True,True
Mol16,COc1cc2c(cc1OC)CC(=O)N(CCCN(C)C[C@H]1Cc3cc(OC)c(OC)cc31)CC2,O=C1Cc2ccccc2CCN1CCCNC[C@H]1Cc2ccccc21,2,True,True
Mol17,N#Cc1ccc2[nH]c(O)c(-c3ccc(CN4CCOCC4)cn3)c2c1,c1ccc2c(-c3ccc(CN4CCOCC4)cn3)c[nH]c2c1,3,True,True
Mol18,CCCc1cc(N2CCc3c(nc(C4CC4)n3C)C2)n2ncnc2n1,c1cc(N2CCc3[nH]c(C4CC4)nc3C2)n2ncnc2n1,1,True,True
Mol19,Fc1ccc(-c2ccc3c(c2)[nH]c2ccncc23)cn1,c1cncc(-c2ccc3c(c2)[nH]c2ccncc23)c1,4,True,True
Mol20,Nc1c(F)ccc2cnc(-n3ccc4ccncc43)cc12,c1ccc2cc(-n3ccc4ccncc43)ncc2c1,3,True,True
Mol21,C=CC(=O)N1C[C@H](Nc2ncnc3[nH]ccc23)CC[C@@H]1C,c1nc(N[C@@H]2CCCNC2)c2cc[nH]c2n1,4,False,True
Mol22,Cn1cc(Nc2nccc(N3CC4CCC(C3)N4C(=O)[C@@H]3CC3(F)F)n2)cn1,O=C(C1CC1)N1C2CCC1CN(c1ccnc(Nc3cn[nH]c3)n1)C2,2,True,True
Mol23,[2H]C([2H])([2H])NC(=O)c1nnc(NC(=O)C2CC2)cc1Nc1cccc(-c2ncn(C)n2)c1OC,O=C(Nc1cc(Nc2cccc(-c3nc[nH]n3)c2)cnn1)C1CC1,1,False,True
Mol24,C=CC(=O)N1CCC(CNc2ncnc(N)c2-c2ccc(Oc3ccccc3)cc2)CC1,c1ccc(Oc2ccc(-c3cncnc3NCC3CCNCC3)cc2)cc1,1,True,True
Mol25,Nc1n[nH]cc1-c1cc(Cl)ccc1Oc1cc(F)c(S(=O)(=O)Nc2cscn2)cc1Cl,O=S(=O)(Nc1cscn1)c1ccc(Oc2ccccc2-c2cn[nH]c2)cc1,0,True,True
Mol26,Cc1c(-c2c(F)cc(C(N)=O)c3[nH]c4c(c23)CC[C@H](C(C)(C)O)C4)cccc1-n1c(=O)c2cccc(F)c2n(C)c1=O,O=c1[nH]c2ccccc2c(=O)n1-c1cccc(-c2cccc3[nH]c4c(c23)CCCC4)c1,2,True,True
Mol27,Cn1cc(-c2cn3nccc3c(-c3cnn([C@]4(CC#N)C[C@@H](C#N)C4)c3)n2)cn1,c1cc2c(-c3cnn(C4CCC4)c3)nc(-c3cn[nH]c3)cn2n1,1,False,True
Mol28,O=C(Nc1cccnc1)c1ccnc(NC(=O)C2CC2)c1,O=C(Nc1cccnc1)c1ccnc(NC(=O)C2CC2)c1,1,False,True
Mol29,O=C(c1ccc(Oc2ccccc2)cc1Cl)c1c[nH]c2ncnc(N[C@@H]3CC[C@@H](CO)OC3)c12,O=C(c1ccc(Oc2ccccc2)cc1)c1c[nH]c2ncnc(N[C@@H]3CCCOC3)c12,0,False,True
Mol31,CC(C)(C)c1ccc(-c2nc3n(c(=O)c2C#N)CCS3)cc1,O=c1cc(-c2ccccc2)nc2n1CCS2,1,True,True
Mol32,C=CC(=O)Nc1cccc(Oc2nc(Nc3ccc(N4CCN(C)CC4)cc3)nc3ccsc23)c1,c1ccc(Oc2nc(Nc3ccc(N4CCNCC4)cc3)nc3ccsc23)cc1,0,True,True
Mol33,CC#CC(=O)N1CC[C@@H](n2c(=O)n(-c3ccc(Oc4ccccc4)cc3)c3c(N)ncnc32)C1,O=c1n(-c2ccc(Oc3ccccc3)cc2)c2cncnc2n1[C@@H]1CCNC1,1,True,True
Mol34,C=CC(=O)N1CCC([C@@H]2CCNc3c(C(N)=O)c(-c4ccc(Oc5ccccc5)cc4)nn32)CC1,c1ccc(Oc2ccc(-c3cc4n(n3)[C@H](C3CCNCC3)CCN4)cc2)cc1,1,True,True
Mol35,C=CC(=O)N1CCC[C@H](n2c(=O)n(-c3ccc(Oc4ccccc4)cc3)c3c(N)ncnc32)C1,O=c1n(-c2ccc(Oc3ccccc3)cc2)c2cncnc2n1[C@H]1CCCNC1,0,True,True
Mol36,CC(C)(C=C(C#N)C(=O)N1CCC[C@@H](n2nc(-c3ccc(Oc4ccccc4)cc3F)c3c(N)ncnc32)C1)N1CCN(C2COC2)CC1,O=C(C=CCN1CCN(C2COC2)CC1)N1CCC[C@@H](n2nc(-c3ccc(Oc4ccccc4)cc3)c3cncnc32)C1,3,True,True
Mol37,CC#CC(=O)N1CC[C@@H](n2cc(-c3ccc(Oc4c(F)cccc4F)cc3)c3c(N)n[nH]c(=O)c32)C1,O=c1[nH]ncc2c(-c3ccc(Oc4ccccc4)cc3)cn([C@@H]3CCNC3)c12,1,True,True
Mol38,C=CC(=O)Nc1cccc(Oc2nc(Nc3ccc(N4CCN(C)CC4)c(F)c3)nc3[nH]ccc23)c1,c1ccc(Oc2nc(Nc3ccc(N4CCNCC4)cc3)nc3[nH]ccc23)cc1,1,True,True
Mol39,C[C@@H]1c2nnn(-c3ncc(F)cn3)c2CCN1C(=O)c1cccc(C(F)(F)F)c1Cl,O=C(c1ccccc1)N1CCc2c(nnn2-c2ncccn2)C1,2,False,True
Mol40,COc1ccccc1-c1cc(NC(=O)c2cccc(N3CCNC3=O)c2)[nH]n1,O=C(Nc1cc(-c2ccccc2)n[nH]1)c1cccc(N2CCNC2=O)c1,0,True,True
Mol41,Nc1ncc(-c2cccc(C(F)(F)F)c2)c(C2CCCCN2C(=O)c2ccccc2)n1,O=C(c1ccccc1)N1CCCCC1c1ncncc1-c1ccccc1,0,True,True
Mol42,O=C(Nc1cccc(-c2nncn2C2CC2)c1)c1cc(-n2cnc(C3CC3)c2)ccn1,O=C(Nc1cccc(-c2nncn2C2CC2)c1)c1cc(-n2cnc(C3CC3)c2)ccn1,0,True,True
Mol43,Fc1ccccc1-c1c[nH]nc1C1CCCN1Cc1ccc2ncccc2c1,c1ccc(-c2c[nH]nc2C2CCCN2Cc2ccc3ncccc3c2)cc1,0,True,True
Mol44,Cc1nccc(-c2cn(Cc3ccccc3)c3cnccc23)n1,c1ccc(Cn2cc(-c3ccncn3)c3ccncc32)cc1,4,True,True
Mol45,CCc1nc(C)cn2nc(-c3cc(=O)n4cc(C5CCN(C)CC5)cc(C)c4n3)cc12,O=c1cc(-c2cc3cnccn3n2)nc2ccc(C3CCNCC3)cn12,2,False,True
Mol46,Cc1c(Cl)ccc2cc3n(c12)[C@@H](C)CNC3=O,O=C1NCCn2c1cc1ccccc12,1,True,True
Mol47,Nc1ncnc2c1c(-c1ccc(Oc3ccccc3)cc1)nn2[C@@H]1CCCNC1,c1ccc(Oc2ccc(-c3nn([C@@H]4CCCNC4)c4ncncc34)cc2)cc1,4,True,True
Mol48,Cc1nnc(CN(C)CC(C)Oc2ccc(Cl)c(Cl)c2)n1C,c1ccc(OCCNCc2nnc[nH]2)cc1,0,True,True
Mol49,COc1nn(C)cc1C(=O)Nc1cccc(-c2cnc3n2CCC3)c1,O=C(Nc1cccc(-c2cnc3n2CCC3)c1)c1cn[nH]c1,4,True,True
Mol50,COc1cc(F)ccc1-c1ncnc(Nc2cccc(C[S@@](C)(=N)=O)c2)n1,c1ccc(Nc2ncnc(-c3ccccc3)n2)cc1,2,False,True
Mol51,Cc1ncc(CN2CC[C@@H](Nc3cncc(Cl)n3)[C@@H](C)C2)s1,c1cnc(NC2CCN(Cc3cncs3)CC2)cn1,3,True,True
Mol52,Cc1ccc(C(=O)N2CCC(Cc3ccccc3-c3ccccc3)(C(=O)N(C)C)CC2)s1,O=C(c1cccs1)N1CCC(Cc2ccccc2-c2ccccc2)CC1,0,True,True
Mol53,CCc1nc2c(C)cc(N3CCN(CC(=O)N4CC(O)C4)CC3)cn2c1N(C)c1nc(-c2ccc(F)cc2)c(C#N)s1,O=C(CN1CCN(c2ccc3ncc(Nc4nc(-c5ccccc5)cs4)n3c2)CC1)N1CCC1,3,True,True
Mol54,C[C@@H]1CCN(C(=O)CC#N)C[C@@H]1N(C)c1ncnc2[nH]ccc12,c1nc(N[C@@H]2CCCNC2)c2cc[nH]c2n1,4,False,True
Mol55,CN(C)C(=O)C1(Cc2ccccc2-c2ccccc2)CCN(C(=O)C2CCCO2)CC1,O=C(C1CCCO1)N1CCC(Cc2ccccc2-c2ccccc2)CC1,3,True,True
Mol56,CC(=O)Nc1ccc(C(=O)N2CCCCC2c2nc(N)ncc2-c2ccc(Cl)cc2)cc1,O=C(c1ccccc1)N1CCCCC1c1ncncc1-c1ccccc1,0,True,True
Mol57,CC(=O)Nc1ccc(C(=O)N2CCCCC2c2nc(N)ncc2-c2cccc(Cl)c2)cc1,O=C(c1ccccc1)N1CCCCC1c1ncncc1-c1ccccc1,0,True,True
Mol58,O=C1CN(c2ccc(Nc3nccc(C(F)(F)F)n3)cn2)CCN1,O=C1CN(c2ccc(Nc3ncccn3)cn2)CCN1,1,False,True
Mol59,O=C1NCCN(C(=O)c2ccc3nccn3c2)C1c1ccccc1C(F)(F)F,O=C1NCCN(C(=O)c2ccc3nccn3c2)C1c1ccccc1,2,False,True
Mol60,Cc1cc(F)ccc1C1C(=O)NCCN1C(=O)c1ccc2nccn2c1,O=C1NCCN(C(=O)c2ccc3nccn3c2)C1c1ccccc1,2,True,True
Mol61,O=C1NCCN(C(=O)c2ccncc2)C1c1ccccc1Cl,O=C1NCCN(C(=O)c2ccncc2)C1c1ccccc1,3,False,True
Mol62,C[C@@H]1CN(C(=O)CC(c2ccccc2)c2ccccc2)C[C@H](C)O1,O=C(CC(c1ccccc1)c1ccccc1)N1CCOCC1,3,True,True
Mol63,CN1[C@@H]2CC[C@H]1C[C@H](OC(c1ccccc1)c1ccccc1)C2,c1ccc(C(O[C@@H]2C[C@H]3CC[C@@H](C2)N3)c2ccccc2)cc1,4,True,True
Mol64,CC(C)(C)C(=O)N1CCC(Cc2ccc(-c3cccs3)cc2)(C(=O)N2CCCC2)CC1,O=C(N1CCCC1)C1(Cc2ccc(-c3cccs3)cc2)CCNCC1,3,True,True
Mol65,OC[C@H](Nc1cncc(-c2ccc3[nH]ncc3n2)c1)c1ccccc1,c1ccc(CNc2cncc(-c3ccc4[nH]ncc4n3)c2)cc1,2,True,True
Mol66,Cc1ncsc1C(=O)N1CCCCC1c1nc(N(C)C)ncc1-c1cccc(Cl)c1,O=C(c1cncs1)N1CCCCC1c1ncncc1-c1ccccc1,4,True,True
Mol67,OCC1CCCCN1Cc1ccc(Cl)c(Cl)c1,c1ccc(CN2CCCCC2)cc1,1,False,True
Mol68,CC(=O)N1CCN(c2nc(C(F)(F)F)nc3sc(C)c(C)c23)CC1,c1nc(N2CCNCC2)c2ccsc2n1,0,True,True
Mol69,COc1ccccc1C(=O)Nc1ccc2cc[nH]c2c1,O=C(Nc1ccc2cc[nH]c2c1)c1ccccc1,4,True,True
Mol70,c1ccc(Oc2cccc(CN(CCN3CCOCC3)Cc3cccnc3)c2)cc1,c1ccc(Oc2cccc(CN(CCN3CCOCC3)Cc3cccnc3)c2)cc1,2,True,True
Mol71,COc1ccc([C@H]2CN(C(C)=O)[C@@H]3CCCN(Cc4cccc(F)c4)[C@H]23)cc1,c1ccc(CN2CCC[C@H]3NC[C@H](c4ccccc4)[C@H]32)cc1,2,True,True
Mol72,Cc1c(C(=O)NCCCN(C)C)sc2ncnc(Nc3ccc(F)cc3OC(C)C)c12,c1ccc(Nc2ncnc3sccc23)cc1,1,False,True
Mol73,OCC1CCCCN1Cc1ccc(-c2ccccc2)cc1,c1ccc(-c2ccc(CN3CCCCC3)cc2)cc1,4,True,True
Mol74,Nc1ncc(C(=O)NC2CN(C(=O)C3CC3)C2)c2ccc(-c3cccc(F)c3)nc12,O=C(NC1CN(C(=O)C2CC2)C1)c1cncc2nc(-c3ccccc3)ccc12,1,False,True
Mol75,CC1(C)CC(Oc2ccc(-c3ccc(-c4cn[nH]c4)cc3O)nn2)CC(C)(C)N1,c1cc(-c2ccc(OC3CCNCC3)nn2)ccc1-c1cn[nH]c1,3,True,True
Mol76,Cc1nnc(-c2ccc3occ(-c4ccc(S(C)=O)cc4)c3c2)o1,c1ccc(-c2coc3ccc(-c4nnco4)cc23)cc1,3,False,True
Mol77,Cc1ncsc1C(=O)N1CCCCC1c1nc(N)ncc1-c1cccc(C(F)(F)F)c1,O=C(c1cncs1)N1CCCCC1c1ncncc1-c1ccccc1,4,True,True
Mol78,O=C(Nc1ccc2ccccc2n1)c1ccc(N2CCOC2=O)cc1,O=C(Nc1ccc2ccccc2n1)c1ccc(N2CCOC2=O)cc1,1,True,True
Mol79,O=C(CCNC(=O)c1ccc(OC(F)(F)F)cc1)N[C@@H]1CCCc2ccccc21,O=C(CCNC(=O)c1ccccc1)N[C@@H]1CCCc2ccccc21,2,True,True
Mol80,O=S(=O)(c1cccc2cnccc12)N1CCCNCC1,O=S(=O)(c1cccc2cnccc12)N1CCCNCC1,3,True,True
Mol81,C=CC(=O)Nc1cccc(Oc2nc(Nc3ccc(N4CCN(C)CC4)cc3)nc3ccoc23)c1,c1ccc(Oc2nc(Nc3ccc(N4CCNCC4)cc3)nc3ccoc23)cc1,2,True,True
Mol82,CCN1CCN(S(=O)(=O)Cc2ccc(Cl)c(Cl)c2)CC1,O=S(=O)(Cc1ccccc1)N1CCNCC1,0,True,True
Mol83,O=C(Nc1nc2cccc(-c3ccc(CN4CCS(=O)(=O)CC4)cc3)n2n1)C1CC1,O=C(Nc1nc2cccc(-c3ccc(CN4CCS(=O)(=O)CC4)cc3)n2n1)C1CC1,3,False,True
Mol84,CCn1c(CO)nn(-c2cc(O[C@@H](C)C(F)(F)F)c(C(=O)Nc3c(F)cccc3Cl)cc2F)c1=O,O=C(Nc1ccccc1)c1ccc(-n2nc[nH]c2=O)cc1,4,True,True
Mol85,CCN(C/C=C\c1ccc(C2CCCCC2)c(Cl)c1)C1CCCCC1,C(=C\c1ccc(C2CCCCC2)cc1)\CNC1CCCCC1,4,True,True
Mol86,NCCN1CCN(C/C=C/C(=O)N2CCC[C@@H](n3nc(-c4ccc(Oc5ccccc5)cc4)c4c(N)ncnc43)C2)CC1,O=C(/C=C/CN1CCNCC1)N1CCC[C@@H](n2nc(-c3ccc(Oc4ccccc4)cc3)c3cncnc32)C1,1,True,True
Mol87,Cn1c(C2CC2)nc2c1CCN(c1ncnc3ccsc13)C2,c1nc(N2CCc3[nH]c(C4CC4)nc3C2)c2sccc2n1,4,True,True
Mol88,CC/C(=C(\c1ccccc1)c1ccc(OCCN(C)C)cc1)c1ccccc1,C(=C(c1ccccc1)c1ccccc1)c1ccccc1,3,True,True
Mol89,COc1nn(C)cc1C(=O)Nc1cccc2cnccc12,O=C(Nc1cccc2cnccc12)c1cn[nH]c1,0,True,True
Mol90,CNC(=O)C1(Cc2ccc(-c3ccncc3)cc2)CCN(Cc2cccc(F)c2)C1,c1ccc(CN2CCC(Cc3ccc(-c4ccncc4)cc3)C2)cc1,3,True,True
Mol91,Cc1ncc(CN2CCC(Nc3ccc4nnnn4n3)C(C)C2)s1,c1ncc(CN2CCC(Nc3ccc4nnnn4n3)CC2)s1,1,True,True
Mol92,Cc1nc(Nc2nccs2)cc(C2CN(c3ncccn3)C2)n1,c1cnc(N2CC(c3cc(Nc4nccs4)ncn3)C2)nc1,4,True,True
Mol93,COc1ccc(Nc2c(C#N)cnc3cc(OC)c(OC)cc23)cc1Cl,c1ccc(Nc2ccnc3ccccc23)cc1,0,True,True
Mol94,COc1ccc(CCCN2CCN(c3cnn(C)c3)C(=O)C2)cc1F,O=C1CN(CCCc2ccccc2)CCN1c1cn[nH]c1,4,False,True
Mol95,Cc1noc(C(C)C)c1C(=O)N1CC(C)OC(c2ccccc2)C1,O=C(c1cnoc1)N1CCOC(c2ccccc2)C1,1,True,True
Mol96,CN(Cc1ccccc1)C1(C(=O)N2CCNC(=O)CC2)Cc2ccccc2C1,O=C1CCN(C(=O)C2(NCc3ccccc3)Cc3ccccc3C2)CCN1,3,True,True
Mol97,Cc1c(F)cccc1NC(=O)CN1[C@H](Cc2ccccc2)C[C@]2(C)NC(=O)CCC[C@H]12,O=C(CN1[C@H](Cc2ccccc2)CC2NC(=O)CCC[C@@H]21)Nc1ccccc1,0,True,True
Mol98,CCC1=C(C)CN(C(=O)NCCc2ccc(S(=O)(=O)NC(=O)N[C@H]3CC[C@H](C)CC3)cc2)C1=O,O=C(NC1CCCCC1)NS(=O)(=O)c1ccc(CCNC(=O)N2CC=CC2=O)cc1,4,True,True
Mol99,O=S(=O)(c1cccc2c(O)nccc12)N1CCCNCC1,O=S(=O)(c1cccc2cnccc12)N1CCCNCC1,3,False,True
Mol100,Cc1ccc(NC(=O)CN2[C@H](Cc3ccccc3)C[C@]3(C)NC(=O)CCC[C@H]23)cc1F,O=C(CN1[C@H](Cc2ccccc2)CC2NC(=O)CCC[C@@H]21)Nc1ccccc1,0,True,True
Mol101,CN(C)C(=O)C1(Cc2ccccc2-c2cccc(F)c2)CCN(C(=O)C2CC=CCC2)CC1,O=C(C1CC=CCC1)N1CCC(Cc2ccccc2-c2ccccc2)CC1,3,True,True
Mol102,COCC(=O)N1CCC(Cc2ccccc2-c2cccc(F)c2)(C(=O)NC(C)C)CC1,c1ccc(-c2ccccc2CC2CCNCC2)cc1,0,True,True
Mol103,COc1ccc(CNC(=O)c2sc3nc(C)cc(C)c3c2N)cc1,O=C(NCc1ccccc1)c1cc2cccnc2s1,0,True,True
Mol104,C#C[C@@](C)(CC)NC(=O)c1cc(F)cnc1NC1CC(F)(F)C1,c1ccc(NC2CCC2)nc1,0,True,True
Mol105,Cn1cc(Nc2nc(N)nc(-c3cccc(-n4ccc5cc(C6CC6)cc(F)c5c4=O)c3CO)n2)cn1,O=c1c2ccc(C3CC3)cc2ccn1-c1cccc(-c2ncnc(Nc3cn[nH]c3)n2)c1,3,False,True
Mol106,Cc1cnc(C(=O)NCCc2ccc(S(=O)(=O)NC(=O)NC3CCCCC3)cc2)cn1,O=C(NC1CCCCC1)NS(=O)(=O)c1ccc(CCNC(=O)c2cnccn2)cc1,2,False,True
Mol107,CNC(=O)C1(Cc2ccc(-c3cccnc3)cc2)CCN(Cc2ccc(F)cc2)C1,c1ccc(CN2CCC(Cc3ccc(-c4cccnc4)cc3)C2)cc1,1,True,True
Mol108,CNC(=O)C1(Cc2ccc(-c3cccnc3)cc2)CCN(Cc2cccc(F)c2)C1,c1ccc(CN2CCC(Cc3ccc(-c4cccnc4)cc3)C2)cc1,1,True,True
Mol109,CC(=O)Nc1ncc(CN2CCCC[C@@H]2C)s1,c1ncc(CN2CCCCC2)s1,2,False,True
Mol110,O=C1CCCC[C@@H]2[C@H](C[C@@H](Cc3ccccc3F)N2C(=O)c2cccc3ncccc23)N1,O=C1CCCC[C@@H]2[C@H](C[C@@H](Cc3ccccc3)N2C(=O)c2cccc3ncccc23)N1,1,True,True
Mol111,CCOc1cc(CC(=O)N[C@@H](CC(C)C)c2ccccc2N2CCCCC2)ccc1C(=O)O,O=C(Cc1ccccc1)NCc1ccccc1N1CCCCC1,3,True,True
Mol112,CC(O)(C#Cc1ccc2c(c1)N(c1nc(N)ncc1Cl)CC2)c1nccs1,C(#Cc1ccc2c(c1)N(c1ccncn1)CC2)Cc1nccs1,3,True,True
Mol113,COCCc1noc(CN2CC(c3ccccc3)(c3ccccc3)CCC2=O)n1,O=C1CCC(c2ccccc2)(c2ccccc2)CN1Cc1ncno1,4,True,True
Mol114,Cc1[nH]nc2c1C1(CCCCC1)CC(=O)N2,O=C1CC2(CCCCC2)c2c[nH]nc2N1,0,True,True
Mol115,Cc1oc2ccccc2c1CNc1nnc(-c2ccncc2)o1,c1ccc2c(CNc3nnc(-c4ccncc4)o3)coc2c1,4,True,True
Mol116,O=C(Nc1cccc2ncccc12)[C@H]1CCCN(S(=O)(=O)c2ccccc2)C1,O=C(Nc1cccc2ncccc12)[C@H]1CCCN(S(=O)(=O)c2ccccc2)C1,4,True,True
Mol117,C[C@@H]1Cc2ccccc2N1C(=O)Cn1nc(-c2cccc3ncccc23)oc1=O,O=C(Cn1nc(-c2cccc3ncccc23)oc1=O)N1CCc2ccccc21,0,True,True
Mol118,Nc1ncnc2c1c(-c1cnc3[nH]ccc3c1)nn2C1CCCC1,c1ncc2c(-c3cnc4[nH]ccc4c3)nn(C3CCCC3)c2n1,1,True,True
Mol119,O=C(Nc1cnccc1-c1ccc(Cl)cc1)c1ccnc(NC(=O)C2CC2)c1,O=C(Nc1cnccc1-c1ccccc1)c1ccnc(NC(=O)C2CC2)c1,1,True,True
Mol120,CN1C(N)=N[C@](C)(c2cc(NC(=O)c3ccc(F)cn3)ccc2F)CS1(=O)=O,O=C(Nc1cccc(C2CS(=O)(=O)NC=N2)c1)c1ccccn1,1,False,True
Mol121,CC1CN(C(=O)c2cccnc2N2CCOCC2)CC(c2ccccc2)O1,O=C(c1cccnc1N1CCOCC1)N1CCOC(c2ccccc2)C1,4,True,True
Mol122,CCCCNC(=O)NS(=O)(=O)c1ccc(C)cc1,c1ccccc1,2,False,True
Mol123,Cc1cc(Nc2cnccn2)cc(C2CCCN(CC(=O)N3CCCC3)C2)n1,O=C(CN1CCCC(c2cc(Nc3cnccn3)ccn2)C1)N1CCCC1,0,True,True
Mol124,Cc1cccnc1Nc1cccc(C2CCCN(CC(=O)Nc3nccs3)C2)n1,O=C(CN1CCCC(c2cccc(Nc3ccccn3)n2)C1)Nc1nccs1,0,True,True
Mol125,CN(C)C(=O)C1(Cc2ccccc2-c2ccccc2)CCN(C(=O)c2cnn(C)c2)CC1,O=C(c1cn[nH]c1)N1CCC(Cc2ccccc2-c2ccccc2)CC1,3,True,True
Mol126,CC1(C)CC(=O)C2=C(C1)NC(=O)CC2c1ccc(Br)cc1,O=C1CC(c2ccccc2)C2=C(CCCC2=O)N1,4,True,True
Mol127,CN1CCN(S(=O)(=O)c2ccc(-c3cnc(N)c(C(=O)Nc4cccnc4)n3)cc2)CC1,O=C(Nc1cccnc1)c1cncc(-c2ccc(S(=O)(=O)N3CCNCC3)cc2)n1,4,True,True
Mol128,CNC(=O)C1(Cc2ccc(-c3cccnc3)cc2)CCN(Cc2ccccc2Cl)C1,c1ccc(CN2CCC(Cc3ccc(-c4cccnc4)cc3)C2)cc1,1,True,True
Mol129,Cc1cc(N2CCCC2c2cc(CCC(=O)O)cc(C)n2)ncn1,c1ccc(C2CCCN2c2ccncn2)nc1,4,False,True
Mol130,CCCNC(=O)NS(=O)(=O)c1ccc(Cl)cc1,c1ccccc1,2,False,True
Mol131,O=C(CN1CCCC(c2cccc(Cc3cccc(F)c3)n2)C1)N1CCCC1,O=C(CN1CCCC(c2cccc(Cc3ccccc3)n2)C1)N1CCCC1,2,True,True
Mol132,COc1cc2ncnc(Nc3cccc(O)c3)c2cc1OC,c1ccc(Nc2ncnc3ccccc23)cc1,2,True,True
Mol133,Cc1cc(C)c2c(N)c(C(=O)NCc3ccc(Cl)cc3)sc2n1,O=C(NCc1ccccc1)c1cc2cccnc2s1,0,True,True
Mol134,COCCNC(=O)c1ccnc(C2CCNCC2)c1,c1ccc(C2CCNCC2)nc1,1,False,True
Mol135,COc1nc2sc(C(=O)NC3CC3)c(N)c2c(C)c1Cl,O=C(NC1CC1)c1cc2cccnc2s1,0,True,True
Mol136,CC1(CNC(=O)c2cncc(C3CCNCC3)n2)CCCO1,O=C(NCC1CCCO1)c1cncc(C2CCNCC2)n1,3,False,True
Mol137,Cc1cc(N2CCCC2)nc(C2CCCN(C)C2)n1,c1cc(N2CCCC2)nc(C2CCCNC2)n1,3,True,True
Mol138,O=C1NCCSc2c1sc1ccc(O)cc21,O=C1NCCSc2c1sc1ccccc21,3,True,True
Mol139,CCn1cc(C(=O)O)c(=O)c2c(N)c(F)c(NC3CCCCC3)cc21,O=c1cc[nH]c2cc(NC3CCCCC3)ccc12,4,True,True
Mol140,CC1CCN([C@H](c2ccc(F)cc2)c2ccc([C@@H](C)C(=O)O)cc2-c2ccc(C(F)(F)F)cc2)CC1,c1ccc(-c2ccccc2[C@@H](c2ccccc2)N2CCCCC2)cc1,2,True,True
Mol141,Cc1nc(C(=O)NCC(=O)O)c(O)c2ccc(Oc3ccccc3)cc12,c1ccc(Oc2ccc3ccncc3c2)cc1,3,False,True
Mol142,CC(=O)NCC(=O)N1[C@@H]2CC[C@H]1c1ccc(Nc3ncc(C(F)(F)F)c(NC4CCC4)n3)cc12,c1cc(NC2CCC2)nc(Nc2ccc3c(c2)[C@H]2CC[C@@H]3N2)n1,2,True,True
Mol143,O=C1CCC(=O)N1Cc1nc(C23CC4CC(CC(C4)C2)C3)cs1,O=C1CCC(=O)N1Cc1nc(C23CC4CC(CC(C4)C2)C3)cs1,1,True,True
Mol144,O=C(Nc1nc2c(s1)COc1ccccc1-2)c1cnc(Cl)c(Cl)c1,O=C(Nc1nc2c(s1)COc1ccccc1-2)c1cccnc1,3,True,True
Mol145,COc1ccccc1Oc1c(NS(=O)(=O)c2ccc(C(C)(C)C)cc2)nc(-c2ncccn2)nc1OCCO,O=S(=O)(Nc1nc(-c2ncccn2)ncc1Oc1ccccc1)c1ccccc1,3,True,True
Mol146,CCCNS(=O)(=O)Nc1ncnc(OCCOc2ncc(Br)cn2)c1-c1ccc(Br)cc1,c1ccc(-c2cncnc2OCCOc2ncccn2)cc1,0,True,True
Mol147,CC(C)(C)c1ccc(C(=O)Nc2cn3cc(-n4ccnc4)ccc3n2)cc1,O=C(Nc1cn2cc(-n3ccnc3)ccc2n1)c1ccccc1,4,True,True
Mol148,O=C(Nc1nc2cc(C(F)(F)F)cc(NC3CC3)n2n1)c1cccnc1,O=C(Nc1nc2cccc(NC3CC3)n2n1)c1cccnc1,4,False,True
Mol149,COc1cc(Nc2cc(-c3cccc(C#N)c3)ccn2)ccc1N1CCN(C)CC1,c1ccc(-c2ccnc(Nc3ccc(N4CCNCC4)cc3)c2)cc1,0,True,True
Mol150,COC(c1ccccc1)(c1ccccc1)[C@H](Oc1nc(C)cc(C)n1)C(=O)O,c1ccc(C(COc2ncccn2)c2ccccc2)cc1,3,False,True
Mol151,CCS(=O)(=O)N1CCN(c2ccc(Nc3ncc(C(N)=O)c(NC4CC4)n3)cc2)CC1,c1cc(NC2CC2)nc(Nc2ccc(N3CCNCC3)cc2)n1,0,True,True
Mol152,O=C(O)C1CN(Cc2ccc(OCc3ccc(Cl)c(Cl)c3)cc2)C1,c1ccc(COc2ccc(CN3CCC3)cc2)cc1,3,False,True
Mol153,CC[C@@H]1[C@H](F)C(=O)N[C@@H]1COc1nccc2cc(C(N)=O)c(OC)cc12,O=C1CC[C@@H](COc2nccc3ccccc23)N1,3,True,True
Mol154,C[C@@]1(c2ncncc2F)NC(=O)c2cc(-c3cn[nH]c3)ccc21,O=C1NC(c2ccncn2)c2ccc(-c3cn[nH]c3)cc21,2,False,True
Mol155,Cc1cc(F)c(C(=O)Nc2cccc(-c3nncn3C(C)C)n2)cc1-n1cnc(C2CC2)c1,O=C(Nc1cccc(-c2nnc[nH]2)n1)c1cccc(-n2cnc(C3CC3)c2)c1,2,True,True
Mol156,CC(C)(C)OC(=O)c1ccc(-n2[nH]cc(-n3ccnn3)c2=O)nc1,O=c1c(-n2ccnn2)c[nH]n1-c1ccccn1,1,False,True
Mol157,C[C@H]1CN(C2COC2)CCN1c1ccc(Nc2cc(-c3ccnc(N4CCn5c(cc6c5CC(C)(C)C6)C4=O)c3CO)cn(C)c2=O)nc1,O=C1c2cc3c(n2CCN1c1cc(-c2c[nH]c(=O)c(Nc4ccc(N5CCN(C6COC6)CC5)cn4)c2)ccn1)CCC3,3,True,True
Mol158,Nc1ncc(-c2cc(C3C4CN(C5COC5)CC43)n(CC3CC3)n2)cc1C(F)(F)F,c1cncc(-c2cc(C3C4CN(C5COC5)CC43)n(CC3CC3)n2)c1,3,True,True
Mol159,NS(=O)(=O)C#Cc1ccccc1,c1ccccc1,2,True,True
Mol160,C=CC(=O)Nc1cccc(Nc2nc(Nc3ccc(OCCOC)cc3)ncc2F)c1,c1ccc(Nc2ccnc(Nc3ccccc3)n2)cc1,4,True,True
Mol161,C=CC(=O)Nc1cccc(Nc2nc(Nc3ccc(Oc4ccnc(C(=O)NC)c4)cc3)ncc2F)c1,c1ccc(Nc2ccnc(Nc3ccc(Oc4ccncc4)cc3)n2)cc1,3,True,True
Mol162,C=CC(=O)N(C)CCOc1c(N)ncnc1-c1cc(F)cc(NC(=O)c2ccc(C3CC3)cc2F)c1C,O=C(Nc1cccc(-c2ccncn2)c1)c1ccc(C2CC2)cc1,2,True,True
Mol163,CC#CC(=O)N1CCC[C@@H]1c1nc(-c2ccc(C(=O)Nc3ccccn3)cc2)c2c(N)nccn12,O=C(Nc1ccccn1)c1ccc(-c2nc([C@H]3CCCN3)n3ccncc23)cc1,1,True,True
Mol164,N#CN1CCC[C@H](n2nc(-c3ccc(Oc4ccc(F)cc4F)cc3)c(C(N)=O)c2N)C1,c1ccc(Oc2ccc(-c3ccn([C@H]4CCCNC4)n3)cc2)cc1,3,False,True
Mol165,CC(=O)NCCNc1cc(Cl)nn2c(-c3cccc(S(=O)(=O)N(C)C)c3)c(C)nc12,c1ccc(-c2cnc3cccnn23)cc1,3,True,True
Mol166,Cc1c[nH]c(=O)n1-c1ccc(C(=O)Nc2ccc3ccccc3n2)cc1,O=C(Nc1ccc2ccccc2n1)c1ccc(-n2cc[nH]c2=O)cc1,4,True,True
Mol167,CNC(=O)c1cccc(NC(=O)N2CCC(Oc3ccccc3Cl)CC2)c1,O=C(Nc1ccccc1)N1CCC(Oc2ccccc2)CC1,0,True,True
Mol168,COc1ccc(OCC(=O)Nc2cccc(Cl)c2N2CCN(C(C)=O)CC2)cc1,O=C(COc1ccccc1)Nc1ccccc1N1CCNCC1,2,True,True
Mol169,c1ccc(-c2ccc(CN3CCCCCCC3)cc2)cc1,c1ccc(-c2ccc(CN3CCCCCCC3)cc2)cc1,2,True,True
Mol170,CC(=O)N1CCN(c2c(Cl)cccc2NC(=O)COc2ccccc2Cl)CC1,O=C(COc1ccccc1)Nc1ccccc1N1CCNCC1,2,True,True
Mol171,CCC(=O)N1CCN(c2ccc(Cl)cc2NC(=O)COc2ccccc2)CC1,O=C(COc1ccccc1)Nc1ccccc1N1CCNCC1,2,True,True
Mol172,Cc1ccc(Oc2ccc(Cl)cc2NC(=O)CN(C)CC(=O)N(C)C)cc1,c1ccc(Oc2ccccc2)cc1,4,True,True
Mol173,O=C(c1sc(N2CCOCC2)nc1-c1ccccc1)N1CCCCC1,O=C(c1sc(N2CCOCC2)nc1-c1ccccc1)N1CCCCC1,4,True,True
Mol174,Cc1ccccc1-c1nc(Cn2ccnc2C(C)C)c(C)o1,c1ccc(-c2nc(Cn3ccnc3)co2)cc1,2,True,True
Mol175,CCc1nc2cc(-c3c(OC)cccc3OC)ccc2o1,c1ccc(-c2ccc3ocnc3c2)cc1,4,True,True
Mol176,O=C(C1CCC(O)CC1)N1CCCN(c2ccc(F)cc2)CC1,O=C(C1CCCCC1)N1CCCN(c2ccccc2)CC1,3,True,True
Mol177,CCn1ncnc1-c1[nH]cnc1-c1ccccc1,c1ccc(-c2nc[nH]c2-c2ncn[nH]2)cc1,1,False,True
Mol178,Cc1nnc(NCCc2ccc3c(c2)OCO3)c(C#N)c1C,c1cnnc(NCCc2ccc3c(c2)OCO3)c1,3,True,True
Mol179,Cc1nc(N2CCn3ccnc3C2)c2cnn(C)c2n1,c1cn2c(n1)CN(c1ncnc3[nH]ncc13)CC2,3,True,True
Mol180,Cc1cc(CN(C)Cc2cscn2)no1,c1cc(CNCc2cscn2)no1,4,False,True
Mol181,Cc1occc1C(=O)NCC(=O)Nc1nc2cc(Cl)ccc2n1C,O=C(CNC(=O)c1ccoc1)Nc1nc2ccccc2[nH]1,2,True,True
Mol182,CCNC(=O)c1ccc(CS(C)(=O)=O)cc1,c1ccccc1,2,False,True
Mol183,c1ccc(-c2noc(NC3CC3)n2)cc1,c1ccc(-c2noc(NC3CC3)n2)cc1,0,True,True
Mol184,Cc1nn(C)c2sc(C(=O)N3CCC(C(=O)O)(c4ccccc4)CC3)cc12,O=C(c1cc2cn[nH]c2s1)N1CCC(c2ccccc2)CC1,4,False,True
Mol185,CCN(CC)Cc1ccc2cc(COC(=O)Nc3ccc(C(=O)NO)cc3)ccc2c1,O=C(Nc1ccccc1)OCc1ccc2ccccc2c1,1,True,True
Mol186,O=C(NCC1(c2ccc(F)cc2)CCOCC1)c1ccccn1,O=C(NCC1(c2ccccc2)CCOCC1)c1ccccn1,4,True,True
Mol187,COc1cc(OC)cc(-c2nnc(SCC(=O)Nc3cccc(C(=O)O)c3)s2)c1,O=C(CSc1nnc(-c2ccccc2)s1)Nc1ccccc1,4,False,True
Mol188,O=C(CSc1nccn1C1CC1)Nc1c(Cl)cc(Cl)cc1C(=O)O,O=C(CSc1nccn1C1CC1)Nc1ccccc1,0,True,True
Mol189,CCN1CCC(CNC(=O)c2cc(C)nc3cc(F)ccc23)CC1,O=C(NCC1CCNCC1)c1ccnc2ccccc12,1,False,True
Mol190,COc1ccc(CCC(=O)N2CCCNCC2)cc1,O=C(CCc1ccccc1)N1CCCNCC1,4,False,True
Mol191,Cc1cc(-c2cnn(CCNC(=O)c3sc(C)nc3C)c2C2CC2)on1,O=C(NCCn1ncc(-c2ccno2)c1C1CC1)c1cncs1,2,True,True
Mol192,O=C(CSc1nc2nc(O)cc(O)c2s1)c1ccc(-c2ccccc2)cc1,O=C(CSc1nc2ncccc2s1)c1ccc(-c2ccccc2)cc1,1,True,True
Mol193,C#CCNC(=O)CN1CCCN(C(=O)c2cccc(C)n2)CC1,O=C(c1ccccn1)N1CCCNCC1,4,False,True
Mol194,CN(C)c1ccc2c(c1)OCCN2C(=O)NCc1cccnc1,O=C(NCc1cccnc1)N1CCOc2ccccc21,3,True,True
Mol195,O=C(NCc1ccc(CO)c(F)c1)Nc1ccccc1,O=C(NCc1ccccc1)Nc1ccccc1,3,False,True
Mol196,CCCOc1ccccc1C(=O)N1CC(Oc2cccc(OC)c2)C1,O=C(c1ccccc1)N1CC(Oc2ccccc2)C1,2,True,True
Mol197,O=C(c1ccc(-n2cccn2)nc1)N1CCN(c2ccccc2O)CC1,O=C(c1ccc(-n2cccn2)nc1)N1CCN(c2ccccc2)CC1,1,True,True
Mol198,COc1ccc(CCNCc2ccc(-c3ccccc3)o2)cc1OC,c1ccc(CCNCc2ccc(-c3ccccc3)o2)cc1,4,True,True
Mol199,CSCC(=O)N1CCN(C(=O)CSC)C2(CCCCC2)C1,C1CCC2(CC1)CNCCN2,4,True,True
Mol200,CCCCNC(=O)c1cccc2ncccc12,c1ccc2ncccc2c1,1,False,True
Mol201,COc1cccc(OCCCn2cncc2-c2cc3c(cc2C)n(C)c(=O)n3C)c1,O=c1[nH]c2ccc(-c3cncn3CCCOc3ccccc3)cc2[nH]1,3,True,True
Mol202,Cc1ccc(C(=O)N2CCN(C(=O)NCC(=O)N3CCCC3)CC2)cc1F,O=C(CNC(=O)N1CCN(C(=O)c2ccccc2)CC1)N1CCCC1,1,False,True
Mol203,COC(=O)c1c(C)[nH]c(C(=O)N(C)Cc2ccc(OC)c(F)c2)c1C,O=C(NCc1ccccc1)c1ccc[nH]1,2,True,True
Mol204,Cc1cc(OCC(=O)N(C)C2CCCCCCC2)no1,O=C(COc1ccon1)NC1CCCCCCC1,3,True,True
Mol205,CC(C)CNc1nnc(SCc2ccncc2)s1,c1cc(CSc2nncs2)ccn1,4,True,True
Mol206,COc1c(C)cccc1CN1CCC(O)(c2ccc(F)cc2)CC1,c1ccc(CN2CCC(c3ccccc3)CC2)cc1,3,True,True
Mol207,Cc1nn(-c2ccc(C(=O)O)cc2C#Cc2ccccc2)c(C)c1C,C(#Cc1ccccc1-n1cccn1)c1ccccc1,4,False,True
Mol208,Cc1cc(C)nc(Nc2ccc(C3CCCN(CC(=O)N4CCCC4)C3)nc2)n1,O=C(CN1CCCC(c2ccc(Nc3ncccn3)cn2)C1)N1CCCC1,0,True,True
Mol209,CCc1nc2ccccc2n1CC(=O)N1CCNC(=O)C1,O=C1CN(C(=O)Cn2cnc3ccccc32)CCN1,2,False,True
Mol210,O=C1Nc2ccccc2O[C@H]2C[C@@H]1N(CC1CC1)C2,O=C1Nc2ccccc2O[C@H]2C[C@@H]1N(CC1CC1)C2,0,True,True
Mol211,CCN(C/C=C/c1ccc(F)cc1)Cc1nc(COC)no1,C(=C/c1ccccc1)\CNCc1ncno1,3,True,True
Mol212,CC(=O)Nc1ccc2nc(C)cc(O)c2c1,c1ccc2ncccc2c1,1,False,True
Mol213,O=C(NC[C@@H]1CCN(c2ccccc2)C1)N1CCc2ccccc2C1,O=C(NC[C@@H]1CCN(c2ccccc2)C1)N1CCc2ccccc2C1,4,True,True
Mol214,CC1CCN(CCNC(=O)c2ccncc2)CC1,O=C(NCCN1CCCCC1)c1ccncc1,0,False,True
Mol215,CCN1CCC(N(C)c2ncnc3c2cnn3C)CC1,c1nc(NC2CCNCC2)c2cn[nH]c2n1,0,True,True
Mol216,CN(CC#N)C(=O)c1cccc(CN2CCCC2)c1,c1ccc(CN2CCCC2)cc1,1,False,True
Mol217,Cc1cc2nc(CCC(=O)N3CCC(c4ccc(C(=O)N(C)C)c(N)n4)CC3)[nH]c2cc1C,O=C(CCc1nc2ccccc2[nH]1)N1CCC(c2ccccn2)CC1,4,True,True
Mol218,O=C(c1cc2ccccc2[nH]1)N1C[C@@H](O)[C@H](N2CCOCC2)C1,O=C(c1cc2ccccc2[nH]1)N1CC[C@H](N2CCOCC2)C1,0,False,True
Mol219,CNC(=O)C1CCN(Cc2ncc(-c3ccc(F)cc3)o2)CC1,c1ccc(-c2cnc(CN3CCCCC3)o2)cc1,0,False,True
Mol220,COc1ccc(C)cc1NC(=O)CN1CCc2ccccc2C1,O=C(CN1CCc2ccccc2C1)Nc1ccccc1,4,True,True
Mol221,O=C(CCOc1ccccc1)N1CCCC1,O=C(CCOc1ccccc1)N1CCCC1,4,False,True
Mol222,c1ccc(-c2n[nH]c(C3CCN(c4ccccn4)CC3)n2)cc1,c1ccc(-c2n[nH]c(C3CCN(c4ccccn4)CC3)n2)cc1,4,True,True
Mol223,COc1ccc(-n2cc3c(c2-c2ccccc2Br)c(=O)n(C)c(=O)n3C)cc1,O=c1[nH]c(=O)c2c(-c3ccccc3)n(-c3ccccc3)cc2[nH]1,2,True,True
Mol224,CC(=O)N1CCC[C@H]1C(=O)Nc1cccc(OC(F)F)c1,O=C(Nc1ccccc1)[C@@H]1CCCN1,1,False,True
Mol225,COc1ccc(CN2CCC(c3nc(C(C)C)no3)CC2)c(F)c1,c1ccc(CN2CCC(c3ncno3)CC2)cc1,4,True,True
Mol226,Cc1nnc(NCC(=O)N2CCc3sccc3C2)c(C#N)c1C,O=C(CNc1cccnn1)N1CCc2sccc2C1,1,True,True
Mol227,CCNC(=O)C1CN(c2cccc(C#N)n2)C1,c1ccc(N2CCC2)nc1,0,False,True
Mol228,O[C@@H]1C[C@@H](c2nc(-c3ccccc3)no2)N(Cc2ccccc2)C1,c1ccc(CN2CCC[C@H]2c2nc(-c3ccccc3)no2)cc1,4,True,True
Mol229,CCCn1cc(C(=O)N2CCC(c3n[nH]cc3C(=O)N(C)Cc3ccccc3)CC2)cn1,O=C(NCc1ccccc1)c1c[nH]nc1C1CCN(C(=O)c2cn[nH]c2)CC1,0,True,True
Mol230,c1ccc(CO[C@@H]2CCC[C@H]2n2cc(-c3nccs3)nn2)cc1,c1ccc(CO[C@@H]2CCC[C@H]2n2cc(-c3nccs3)nn2)cc1,4,True,True
Mol231,Cc1cc(C(=O)N(C)Cc2ccc(Br)cc2)no1,O=C(NCc1ccccc1)c1ccon1,0,True,True
Mol232,NCc1cccc(C(=O)N2CCCC2)c1,O=C(c1ccccc1)N1CCCC1,4,False,True
Mol233,Cc1ncsc1CN1CCCN(c2nc3ccccc3[nH]2)CC1,c1ccc2[nH]c(N3CCCN(Cc4cncs4)CC3)nc2c1,0,True,True
Mol234,Cc1ccccc1CNC(=O)c1ccc(-n2ccnc2)nc1,O=C(NCc1ccccc1)c1ccc(-n2ccnc2)nc1,2,False,True
Mol235,O=C(NCc1cnn(-c2ccccc2)c1)C1CCC1,O=C(NCc1cnn(-c2ccccc2)c1)C1CCC1,2,False,True
Mol236,CNC(=O)c1ccc(N2CCCC2)nc1,c1ccc(N2CCCC2)nc1,3,True,True
Mol237,Cc1cc(C)nc(N(C)CC(=O)NC2CC2)n1,O=C(CNc1ncccn1)NC1CC1,3,False,True
Mol238,Cc1cc(C(=O)Nc2cccc3ncccc23)on1,O=C(Nc1cccc2ncccc12)c1ccno1,1,False,True
Mol239,CN(c1ncnc2c1cnn2CCO)C1CCCCC1,c1nc(NC2CCCCC2)c2cn[nH]c2n1,4,False,True
Mol240,NS(=O)(=O)OC[C@@H]1C[C@@H](n2ccc3c(N[C@H]4CCc5ccccc54)ncnc32)C[C@@H]1O,c1ccc2c(c1)CC[C@@H]2Nc1ncnc2c1ccn2C1CCCC1,1,True,True
Mol241,CN1CCN(c2ccc(NC(=O)c3ccccc3Cl)nc2)CC1,O=C(Nc1ccc(N2CCNCC2)cn1)c1ccccc1,4,False,True
Mol242,Cc1cc(OCc2ncc(C(C)(C)C)o2)nn1C,c1coc(COc2cc[nH]n2)n1,2,True,True
Mol243,Clc1cccc(CNc2nc(C3CC3)no2)c1,c1ccc(CNc2nc(C3CC3)no2)cc1,2,True,True
Mol244,Cc1ccc(-c2nc(NCc3ccco3)ncc2-c2cc(C)no2)cn1,c1cncc(-c2nc(NCc3ccco3)ncc2-c2ccno2)c1,0,True,True
Mol245,O=C(c1ccccc1F)N1CCC[C@@H]1Cn1nnn(-c2cccs2)c1=O,O=C(c1ccccc1)N1CCC[C@@H]1Cn1nnn(-c2cccs2)c1=O,4,True,True
Mol246,COc1nc(C)nc(N(C)Cc2nccs2)c1C,c1cc(NCc2nccs2)ncn1,1,True,True
Mol247,O=C(c1ccc2c(c1)OCO2)N1CCC(c2n[nH]c(C3CC3)n2)CC1,O=C(c1ccc2c(c1)OCO2)N1CCC(c2n[nH]c(C3CC3)n2)CC1,0,False,True
Mol248,CN(Cc1cccc(C#N)c1)Cc1ccccc1C#N,c1ccc(CNCc2ccccc2)cc1,3,True,True
Mol249,CN1CCN(Cc2noc(Cc3ccccc3)n2)c2ccccc21,c1ccc(Cc2nc(CN3CCNc4ccccc43)no2)cc1,3,True,True
Mol250,COc1ccc(C2(NCc3ccc(N4CCCC4=O)cc3)CC2)cc1,O=C1CCCN1c1ccc(CNC2(c3ccccc3)CC2)cc1,3,True,True
Mol251,O=C(c1cccnc1)N1CCCC(c2cccc(-c3cccc(Cl)c3)n2)C1,O=C(c1cccnc1)N1CCCC(c2cccc(-c3ccccc3)n2)C1,0,True,True
Mol252,CNC(=O)c1ccc(N(C)C2CCC2)nn1,c1cnnc(NC2CCC2)c1,2,True,True
Mol253,CC#CCNc1ccc(-n2cnnn2)c(C)c1,c1ccc(-n2cnnn2)cc1,0,True,True
Mol254,Nc1nc2ccccc2nc1N1CCCC1,c1ccc2nc(N3CCCC3)cnc2c1,3,True,True
Mol255,CCn1c(=O)n(CC)c2cc(N)ccc21,O=c1[nH]c2ccccc2[nH]1,0,False,True
Mol256,Cc1cc(N2CCCCC2)nc(CNC(=O)c2ccccc2Cl)n1,O=C(NCc1nccc(N2CCCCC2)n1)c1ccccc1,3,True,True
Mol257,COc1ccccc1C(=O)NCc1nc(C)cc(N2CCCCC2)n1,O=C(NCc1nccc(N2CCCCC2)n1)c1ccccc1,3,True,True
Mol258,CCc1nnc(NC(=O)Cc2cccc(F)c2)s1,O=C(Cc1ccccc1)Nc1nncs1,4,True,True
Mol259,O=C(CN1CCCN(c2ccc(C(F)(F)F)cn2)CC1)Nc1ccccc1F,O=C(CN1CCCN(c2ccccn2)CC1)Nc1ccccc1,0,True,True
Mol260,Cc1cccc(NC(=O)CN2CCCN(c3ccc(C(F)(F)F)cn3)CC2)c1,O=C(CN1CCCN(c2ccccn2)CC1)Nc1ccccc1,0,True,True
Mol261,O=C(CN1CCCN(c2nccs2)CC1)Nc1cccc(Cl)c1,O=C(CN1CCCN(c2nccs2)CC1)Nc1ccccc1,0,True,True
Mol262,COc1ccccc1NC(=O)CN1CCCN(c2nc(C)cs2)CC1,O=C(CN1CCCN(c2nccs2)CC1)Nc1ccccc1,0,True,True
Mol263,CC(C)(C)c1cc(NC(=O)c2cccc3cn[nH]c23)[nH]n1,O=C(Nc1ccn[nH]1)c1cccc2cn[nH]c12,4,True,True
Mol264,Cc1ccccc1OCCCNc1cc(Cn2c(C)nc3ccccc32)nc(N)n1,c1ccc(OCCCNc2cc(Cn3cnc4ccccc43)ncn2)cc1,0,True,True
Mol265,COc1ccc(-c2cccc(C3CCCN(CC(=O)Nc4ccccn4)C3)n2)cc1,O=C(CN1CCCC(c2cccc(-c3ccccc3)n2)C1)Nc1ccccn1,3,True,True
Mol266,O=C1CCCN1CCc1nc(-c2ccc3[nH]c(=O)oc3c2)cs1,O=C1CCCN1CCc1nc(-c2ccc3[nH]c(=O)oc3c2)cs1,2,False,True
Mol267,Cc1noc(C)c1C(=O)N1CCCN(c2ccc(F)cc2)CC1,O=C(c1cnoc1)N1CCCN(c2ccccc2)CC1,0,True,True
Mol268,COCC1CCN(c2noc(-c3cccs3)n2)CC1,c1csc(-c2nc(N3CCCCC3)no2)c1,1,True,True
Mol269,NC(=O)COc1ccccc1-c1ccccc1,c1ccc(-c2ccccc2)cc1,1,True,True
Mol270,Cc1nc(C)c(C)c(NCc2cc(-c3ccc(F)cc3)no2)n1,c1ccc(-c2cc(CNc3ccncn3)on2)cc1,4,True,True
Mol271,Cc1cccn(Cc2cccc(F)c2)c1=O,O=c1ccccn1Cc1ccccc1,0,False,True
Mol272,C[C@@H](C(=O)N1CCCC1)N1CCC(n2c(=O)[nH]c3ccccc32)CC1,O=C(CN1CCC(n2c(=O)[nH]c3ccccc32)CC1)N1CCCC1,3,False,True
Mol273,Cn1cc(-c2ccc(-c3cncc(Cl)c3N3CCC4(CCNC4=O)CC3)cc2)cn1,O=C1NCCC12CCN(c1ccncc1-c1ccc(-c3cn[nH]c3)cc1)CC2,3,True,True
Mol274,Cc1ccc(-c2cn(CC3CCN(Cc4c[nH]c(C)n4)CC3)nn2)cc1,c1ccc(-c2cn(CC3CCN(Cc4c[nH]cn4)CC3)nn2)cc1,1,False,True
Mol275,Clc1ccc2c(Oc3cccnc3)ncnc2c1,c1cncc(Oc2ncnc3ccccc23)c1,1,True,True
Mol276,CC(C)(C)c1csc(NC(=O)C2CC2)n1,O=C(Nc1nccs1)C1CC1,2,True,True
Mol277,Cc1ccc(C(=O)Nc2ncccc2C)s1,O=C(Nc1ccccn1)c1cccs1,1,True,True
Mol278,CC(C)(C)C(=O)N1CCN(C(=O)CCN2CCOC2=O)CC1,O=C(CCN1CCOC1=O)N1CCNCC1,4,False,True
Mol279,COc1ccc(Cc2cccc(C3CCN(C(=O)C4CCCC4)CC3)n2)cc1,O=C(C1CCCC1)N1CCC(c2cccc(Cc3ccccc3)n2)CC1,3,True,True
Mol280,O=C([C@H]1CCCN(Cc2ccc(Cl)cc2)C1)N1CCc2ccccc2C1,O=C([C@H]1CCCN(Cc2ccccc2)C1)N1CCc2ccccc2C1,0,True,True
Mol281,O=C(Cn1c(=O)c2cccn2c2ccccc21)NCCCN1CCCC1,O=C(Cn1c(=O)c2cccn2c2ccccc21)NCCCN1CCCC1,2,False,True
Mol282,O=C(CCCc1nnc(-c2ccccc2)o1)Nc1cccc2ccccc12,O=C(CCCc1nnc(-c2ccccc2)o1)Nc1cccc2ccccc12,3,True,True
Mol283,CN(CC(=O)NC1(C#N)CCCCC1)c1cccc(C#N)c1,O=C(CNc1ccccc1)NC1CCCCC1,4,True,True
Mol284,Cc1nc(C2(NCc3cccc(C#N)c3)CCCC2)no1,c1ccc(CNC2(c3ncon3)CCCC2)cc1,0,True,True
Mol285,CN(CCC1CCCCC1)C(=O)c1ccon1,O=C(NCCC1CCCCC1)c1ccon1,2,True,True
Mol286,CN(C)Cc1cccc(N/C(=C2\C(=O)Nc3cc(C(=O)N(C)C)ccc32)c2ccccc2)c1,O=C1Nc2ccccc2/C1=C(/Nc1ccccc1)c1ccccc1,2,True,True
Mol287,CC(C)c1cnn2c(NCc3ccccc3)cc(NCCCCCCN)nc12,c1ccc(CNc2ccnc3ccnn23)cc1,0,True,True
Mol288,COc1cc(C(C)C)c2c(c1)S(=O)(=O)N(COc1cc(=O)n3cccc(OCCN4CCCCC4)c3n1)C2=O,O=C1c2ccccc2S(=O)(=O)N1COc1cc(=O)n2cccc(OCCN3CCCCC3)c2n1,2,True,True
Mol289,O=C(O)c1ccc(N2CCCC2)c(F)c1,c1ccc(N2CCCC2)cc1,0,False,True
Mol290,Cc1cc(C)cc(Oc2cc(C#N)ccn2)c1,c1ccc(Oc2ccccn2)cc1,1,True,True
Mol291,Cc1cc(NC(=O)C2CCOCC2)sn1,O=C(Nc1ccns1)C1CCOCC1,4,False,True
Mol292,O=C(CC1CCNCC1)NCCc1ccccc1F,O=C(CC1CCNCC1)NCCc1ccccc1,1,False,True
Mol293,N#Cc1ccc(-c2csc(CCN3CCCC3=O)n2)cc1,O=C1CCCN1CCc1nc(-c2ccccc2)cs1,0,True,True
Mol294,N#Cc1cccc(CN2CCC=C(CNC(=O)c3cccs3)C2)c1,O=C(NCC1=CCCN(Cc2ccccc2)C1)c1cccs1,3,True,True
Mol295,CON(C)C(=O)c1cc(C)ccc1NS(C)(=O)=O,c1ccccc1,2,False,True
Mol296,C#CCN1CCC(c2nc(Cc3noc(C)n3)no2)CC1,c1nc(Cc2noc(C3CCNCC3)n2)no1,3,False,True
Mol297,Cc1ccc(Cn2nccc2NC(=O)c2ccncc2)o1,O=C(Nc1ccnn1Cc1ccco1)c1ccncc1,4,True,True
Mol298,NC(=O)Cn1cc(-c2ccc(F)cc2)cn1,c1ccc(-c2cn[nH]c2)cc1,1,False,True
Mol299,CCN(C(=O)CN1CCNC(=O)C1)c1ccc(F)cc1,O=C1CN(CC(=O)Nc2ccccc2)CCN1,0,False,True
Mol300,Cc1ccc(NC(=O)CN2CCCN(c3ccc(C(F)(F)F)cn3)CC2)c(F)c1,O=C(CN1CCCN(c2ccccn2)CC1)Nc1ccccc1,0,True,True
Mol301,CN(C)[C@@H]1CN(C(=O)CCn2cnc3ccccc32)C[C@H]1O,O=C(CCn1cnc2ccccc21)N1CCCC1,1,True,True
Mol302,N#Cc1cc(F)c(C(=O)Nc2ccnc(NC(=O)[C@H]3C[C@H]3F)c2)c(Cl)c1,O=C(Nc1ccnc(NC(=O)C2CC2)c1)c1ccccc1,0,False,True
Mol303,CNC(=O)Cc1csc(-c2ccc(C)cc2)n1,c1ccc(-c2nccs2)cc1,0,True,True
Mol304,COc1ccccc1CNC(=O)C(C)N1CCCN(c2ccccc2C#N)CC1,O=C(CN1CCCN(c2ccccc2)CC1)NCc1ccccc1,2,True,True
Mol305,CON(C)C(=O)c1cc2ccc(C(C)(C)C)cc2[nH]1,c1ccc2[nH]ccc2c1,1,True,True
Mol306,CCN(CC)Cc1cccc(/C=C/c2nc3ccc(F)cc3c(=O)n2-c2ccccc2Cl)n1,O=c1c2ccccc2nc(/C=C/c2ccccn2)n1-c1ccccc1,2,True,True
Mol307,N#CCCN(c1ncnc2sccc12)C1CC1,c1nc(NC2CC2)c2ccsc2n1,4,True,True
Mol308,Cc1ccc2nc3c(c(C(=O)NCc4nnc5n4CCC5)c2c1)CCCC3,O=C(NCc1nnc2n1CCC2)c1c2c(nc3ccccc13)CCCC2,2,False,True
Mol309,O=c1n(CCc2ccncc2)nnn1-c1ccccc1,O=c1n(CCc2ccncc2)nnn1-c1ccccc1,3,True,True
Mol310,CCCCOc1ccc(C(=O)NCc2cc(C)on2)cc1,O=C(NCc1ccon1)c1ccccc1,2,True,True
Mol311,COc1cccc(C(=O)C[n+]2cc(-c3ccc(F)cc3)n(C)c2N)c1,O=C(C[n+]1c[nH]c(-c2ccccc2)c1)c1ccccc1,2,False,True
Mol312,COc1ccc(Cc2ncnn2-c2ccc3c(c2)OCO3)c(OC)c1,c1ccc(Cc2ncnn2-c2ccc3c(c2)OCO3)cc1,3,True,True
Mol313,O=c1[nH]nc(CCCN2CCOCC2)n1-c1cccc(Cl)c1,O=c1[nH]nc(CCCN2CCOCC2)n1-c1ccccc1,3,False,True
Mol314,Nc1cncc(-c2ccc(CN3CCCCC3)cc2)c1,c1cncc(-c2ccc(CN3CCCCC3)cc2)c1,1,True,True
Mol315,O=C(CN1CCCC(c2ccc3cn[nH]c3n2)C1)N1CCCC1,O=C(CN1CCCC(c2ccc3cn[nH]c3n2)C1)N1CCCC1,3,True,True
Mol316,COc1cccc2c1OC(C)(C)[C@@H]1C[C@H]3CNCC[C@H]3O[C@@H]21,c1ccc2c(c1)OC[C@@H]1C[C@H]3CNCC[C@H]3O[C@@H]21,3,False,True
Mol317,CC1(C)Oc2ccc(Cl)cc2[C@@H]2O[C@@H]3CCNC[C@@H]3C[C@H]21,c1ccc2c(c1)OC[C@@H]1C[C@H]3CNCC[C@H]3O[C@@H]21,3,False,True
Mol318,CC(C)c1nccn1-c1cccc([C@@H]2CCCN2C(=O)CCc2ccccc2)n1,O=C(CCc1ccccc1)N1CCC[C@H]1c1cccc(-n2ccnc2)n1,0,True,True
Mol319,CCn1nc(C2CCCC2)nc1-c1ccncc1,c1cc(-c2nc(C3CCCC3)n[nH]2)ccn1,2,True,True
Mol320,O=C([C@H]1CCCN(Cc2ccc(F)cc2)C1)N1CCc2ccccc2C1,O=C([C@H]1CCCN(Cc2ccccc2)C1)N1CCc2ccccc2C1,0,True,True
Mol321,CC1(C)Cc2cc(NC(=O)c3cnn4cccnc34)c(N3CCN(CC(F)F)CC3)nc2O1,O=C(Nc1cc2c(nc1N1CCNCC1)OCC2)c1cnn2cccnc12,0,True,True
Mol322,CC(C)(C)NC(=O)c1cncn1C1CCN(c2ccc(-c3nnc(C(F)(F)F)o3)cn2)CC1,c1cn(C2CCN(c3ccc(-c4nnco4)cn3)CC2)cn1,2,False,True
Mol323,COc1ccc(-n2c(Cn3cnc(C#N)n3)nc3ccccc32)cc1,c1ccc(-n2c(Cn3cncn3)nc3ccccc32)cc1,2,True,True
Mol324,CCOC(=O)N1CCN(C(=O)c2ccc3c(c2)OCO3)CC1,O=C(c1ccc2c(c1)OCO2)N1CCNCC1,1,False,True
Mol325,Cc1nc(NCc2scnc2C)n(C)n1,c1n[nH]c(NCc2cncs2)n1,0,False,True
Mol326,CCn1cc(C2CCN(Cc3ccc(C#N)cc3)CC2)cn1,c1ccc(CN2CCC(c3cn[nH]c3)CC2)cc1,1,True,True
Mol327,CCCn1nccc1NC(=O)c1c(C)noc1C,O=C(Nc1ccn[nH]1)c1cnoc1,1,False,True
Mol328,CCc1cc2c(N(C)CCO)ncnc2s1,c1ncc2ccsc2n1,0,True,True
Mol329,c1cnc(N2CCC(Cc3ccncc3)CC2)nc1,c1cnc(N2CCC(Cc3ccncc3)CC2)nc1,3,True,True
Mol330,Cc1cc(C)n(CCNC(=O)NC2CCOCC2)n1,O=C(NCCn1cccn1)NC1CCOCC1,4,False,True
Mol331,CCNC(=O)c1cc(C2CC2)nc2c1c(C)nn2-c1ccccn1,c1ccc(-n2ncc3ccc(C4CC4)nc32)nc1,3,True,True
Mol332,CC(=O)Nc1ccc2nc(N3CCOCC3)sc2c1,c1ccc2sc(N3CCOCC3)nc2c1,3,False,True
Mol333,Cc1ccc(CNC/C=C/c2ccccc2)cn1,C(=C/c1ccccc1)\CNCc1cccnc1,1,True,True
Mol334,CC(C)(C)n1ncc(OCc2ccc(OCCOCCO)nc2)c(Cl)c1=O,O=c1cc(OCc2cccnc2)cn[nH]1,4,True,True
Mol335,CC(=O)Nc1ccc(Oc2ncnc3scc(-c4ccccc4)c23)cc1,c1ccc(Oc2ncnc3scc(-c4ccccc4)c23)cc1,3,True,True
Mol336,CCCNC(=O)C1(Cc2ccccn2)CCOCC1,c1ccc(CC2CCOCC2)nc1,2,False,True
Mol337,CC1(c2ccn[nH]2)CCN(Cc2ccco2)CC1,c1coc(CN2CCC(c3ccn[nH]3)CC2)c1,2,False,True
Mol338,CCCn1cc(C(=O)N2CCC(c3n[nH]cc3C(=O)N3CCOCC3)CC2)cn1,O=C(c1cn[nH]c1)N1CCC(c2n[nH]cc2C(=O)N2CCOCC2)CC1,0,False,True
Mol339,O=C(c1ccc2[nH]ccc2c1)N1CCCC(c2cccc(-c3ccc(F)cc3)n2)C1,O=C(c1ccc2[nH]ccc2c1)N1CCCC(c2cccc(-c3ccccc3)n2)C1,2,True,True
Mol340,CCCCC1=NC2(CCCC2)C(=O)N1Cc1ccc(-c2ccccc2-c2nn[nH]n2)cc1,O=C1N(Cc2ccc(-c3ccccc3-c3nn[nH]n3)cc2)C=NC12CCCC2,4,True,True
Mol341,Cc1cc(Nc2ccc3c(c2)oc(=O)n3C)nc(C2CC2)n1,O=c1[nH]c2ccc(Nc3ccnc(C4CC4)n3)cc2o1,3,True,True
Mol342,O=C(Cc1c(F)cccc1Cl)Nc1cccc2cnccc12,O=C(Cc1ccccc1)Nc1cccc2cnccc12,4,True,True
Mol343,CCc1ccc(NC(=O)C2CCN(c3ccc4nncn4n3)CC2)cc1,O=C(Nc1ccccc1)C1CCN(c2ccc3nncn3n2)CC1,4,True,True
Mol344,CN(C)CCOc1ccc(-c2nc(-c3ccncc3)c(-c3ccc4c(c3)CC/C4=N\O)[nH]2)cc1,N=C1CCc2cc(-c3[nH]c(-c4ccccc4)nc3-c3ccncc3)ccc21,2,True,True
Mol345,O=C(NCc1ccc(-n2cncn2)nc1)c1csc2c1CCCC2,O=C(NCc1ccc(-n2cncn2)nc1)c1csc2c1CCCC2,3,True,True
Mol346,Cc1sc2ncnc(OCC(=O)NC3CCCCC3)c2c1C,O=C(COc1ncnc2sccc12)NC1CCCCC1,3,True,True
Mol347,Cc1nc(C(C)C)sc1C(=O)Nc1nc(C(C)(C)C)cs1,O=C(Nc1nccs1)c1cncs1,4,True,True
Mol348,CCOC(=O)c1c(C)[nH]c(CN(Cc2ccccc2)C(=O)c2ccccc2Cl)c1C,O=C(c1ccccc1)N(Cc1ccccc1)Cc1ccc[nH]1,1,True,True
Mol349,Cc1cc(C)n2ncc(C(=O)Nc3cccc(C(=O)O)c3)c2n1,O=C(Nc1ccccc1)c1cnn2cccnc12,1,False,True
Mol350,Cc1ccc2nc(-c3ccc(N(C)C)cc3)[nH]c2c1,c1ccc(-c2nc3ccccc3[nH]2)cc1,4,True,True
Mol351,Cc1nc(CC2CCN(S(=O)(=O)c3cn(C)cn3)CC2)cc(NC2CCCC2)n1,O=S(=O)(c1c[nH]cn1)N1CCC(Cc2cc(NC3CCCC3)ncn2)CC1,2,True,True
Mol352,CCC(CC)NC(=O)c1ccc2ncsc2c1,c1ccc2scnc2c1,4,True,True
Mol353,O=C1CNC(=O)N1CCCN1CCc2sccc2C1,O=C1CNC(=O)N1CCCN1CCc2sccc2C1,0,False,True
Mol354,CCCc1nc(N2CCc3ccccc3C2)ncc1C(=O)O,c1cnc(N2CCc3ccccc3C2)nc1,0,False,True
Mol355,Cc1nc(CCN2C(=O)NC(C)(C)C2=O)cs1,O=C1CNC(=O)N1CCc1cscn1,4,False,True
Mol356,COc1ccc(N2N=C(C)/C(=C(\C)Nc3ccc(S(N)(=O)=O)cc3)C2=O)cc1,O=C1C(=CNc2ccccc2)C=NN1c1ccccc1,0,True,True
Mol357,c1ccc(OCc2cc(CC3(NCc4cnc5ccccc5c4)COC3)no2)cc1,c1ccc(OCc2cc(CC3(NCc4cnc5ccccc5c4)COC3)no2)cc1,2,True,True
Mol358,Cc1nn(C)cc1CNc1nc(-c2cnccn2)nc2sc3c(c12)CCCC3,c1cnc(-c2nc(NCc3cn[nH]c3)c3c4c(sc3n2)CCCC4)cn1,1,True,True
Mol359,CCOc1ccc(-c2csc(N)n2)cc1,c1ccc(-c2cscn2)cc1,1,True,True
Mol360,CN(C)c1cccc(C(=O)N2CCCC(c3cccc(-c4cccs4)n3)C2)c1,O=C(c1ccccc1)N1CCCC(c2cccc(-c3cccs3)n2)C1,0,True,True
Mol361,CNc1ncc(-c2nc(C3(c4ccccc4)CC3)nn2C(C)(C)C)cn1,c1ccc(C2(c3n[nH]c(-c4cncnc4)n3)CC2)cc1,3,True,True
Mol362,N#Cc1ccc(OCCn2cccn2)cc1,c1ccc(OCCn2cccn2)cc1,0,True,True
Mol363,OC[C@@H](c1ccccc1)n1cc(CCc2ccccc2)nn1,c1ccc(CCc2cn(Cc3ccccc3)nn2)cc1,1,True,True
Mol364,CC(C)CC(=O)Nc1cccnc1N(C)C,c1ccncc1,0,False,True
Mol365,Cc1nccc(-c2cccc(-n3ccnc3C(C)C)c2)n1,c1cc(-c2ccncn2)cc(-n2ccnc2)c1,1,True,True
Mol366,CN(Cc1cnn(C)c1)c1ncnc2c1oc1ccccc12,c1ccc2c(c1)oc1c(NCc3cn[nH]c3)ncnc12,4,True,True
Mol367,Cc1cccc(NC(=O)c2cccnc2N2CCCCC2)n1,O=C(Nc1ccccn1)c1cccnc1N1CCCCC1,2,True,True
Mol368,Clc1snnc1CN1CCCN(c2nc3ccccc3[nH]2)CC1,c1ccc2[nH]c(N3CCCN(Cc4csnn4)CC3)nc2c1,3,True,True
Mol369,COc1ccc(S(=O)(=O)CCC(=O)Nc2ccc3c(c2)N(C)C(=O)CO3)cc1,O=C(CCS(=O)(=O)c1ccccc1)Nc1ccc2c(c1)NC(=O)CO2,4,False,True
Mol370,CC(C)c1nc2c(n1C)CCN(c1ncnc3ccsc13)C2,c1nc(N2CCc3[nH]cnc3C2)c2sccc2n1,2,True,True
Mol371,Cc1ccnc(NC(=O)CN(C)C(=O)c2ccc(Cl)cc2)c1,O=C(CNC(=O)c1ccccc1)Nc1ccccn1,3,True,True
Mol372,c1ccc(-n2cc(CNc3ncccn3)cn2)cc1,c1ccc(-n2cc(CNc3ncccn3)cn2)cc1,1,True,True
Mol373,Cc1cc(C)c(C#N)c(N2CCN(CC(=O)Nc3ccccc3Cl)CC2)n1,O=C(CN1CCN(c2ccccn2)CC1)Nc1ccccc1,1,True,True
Mol374,O=C(NCCCn1ccnc1)N1CCC12CCC2,O=C(NCCCn1ccnc1)N1CCC12CCC2,2,False,True
Mol375,Cc1nccc(-c2ccc(-c3noc(CN4CCOCC4)n3)cc2)n1,c1cc(-c2ccc(-c3noc(CN4CCOCC4)n3)cc2)ncn1,0,False,True
Mol376,COCCc1nc(-c2cnc(C3CC3)nc2)n(Cc2ccc(F)cc2)n1,c1ccc(Cn2ncnc2-c2cnc(C3CC3)nc2)cc1,1,True,True
Mol377,O=C(NCc1nnc2c(O)nccn12)C1CCCC1,O=C(NCc1nnc2cnccn12)C1CCCC1,4,False,True
Mol378,CN(C)C(=O)COc1ccc(N)c(F)c1,c1ccccc1,2,False,True
Mol379,COc1ccc(Br)c(-c2nnc(N)o2)c1,c1ccc(-c2nnco2)cc1,0,True,True
Mol380,CCCn1ccnc1CNc1nc2c(s1)c(C)nn2C,c1c[nH]c(CNc2nc3[nH]ncc3s2)n1,4,True,True
Mol381,Cc1nn(C)c2nc(N3CCN(C)C[C@@H]3c3ccccc3)sc12,c1ccc([C@H]2CNCCN2c2nc3[nH]ncc3s2)cc1,4,True,True
Mol382,Cc1cn[nH]c1C1(C)CCN(Cc2cnn(C)c2)CC1,c1cc(C2CCN(Cc3cn[nH]c3)CC2)[nH]n1,0,False,True
Mol383,Cc1nc2ccccn2c1CC(=O)NCCCSc1ccccc1,O=C(Cc1cnc2ccccn12)NCCCSc1ccccc1,2,True,True
Mol384,COc1ccccc1CNC(=O)c1cnc(C2CCN(C(=O)C(C)(C)C)CC2)nc1C,O=C(NCc1ccccc1)c1cnc(C2CCNCC2)nc1,3,True,True
Mol385,CCOC(=O)N1CCC(Nc2nc3ccccc3s2)CC1,c1ccc2sc(NC3CCNCC3)nc2c1,3,True,True
Mol386,CCOc1ccc(-c2ccccc2NC(=O)COC)cc1,c1ccc(-c2ccccc2)cc1,1,True,True
Mol387,Cc1ccc(-n2nc(C(=O)N3CC(O)C3)c3c2CCCC3)cc1,O=C(c1nn(-c2ccccc2)c2c1CCCC2)N1CCC1,1,True,True
Mol388,CNC(=O)c1cnc(/C=C/c2csc(-c3cccs3)n2)s1,C(=C/c1nccs1)\c1csc(-c2cccs2)n1,3,True,True
Mol389,Cc1ccc(-c2nc(C(=O)N3CCc4ccccc4C3)cs2)o1,O=C(c1csc(-c2ccco2)n1)N1CCc2ccccc2C1,0,True,True
Mol390,FC(F)(F)c1nc(Nc2ccc(-n3cnnn3)cc2)c2ccccc2n1,c1ccc2c(Nc3ccc(-n4cnnn4)cc3)ncnc2c1,4,False,True
Mol391,CC(=O)NC1CCN(Cc2cccc(-c3cccnc3)c2)CC1,c1cncc(-c2cccc(CN3CCCCC3)c2)c1,0,True,True
Mol392,Cc1cc(C)c(NC(=O)c2ccnc(OC3CCC3)c2)c(C)n1,O=C(Nc1cccnc1)c1ccnc(OC2CCC2)c1,4,False,True
Mol393,Cn1c(-c2ccccc2)cnc1NCc1ccccc1,c1ccc(CNc2ncc(-c3ccccc3)[nH]2)cc1,3,True,True
Mol394,Cc1ccc(-c2cc(NC(=O)CN3CCOCC3)on2)cc1,O=C(CN1CCOCC1)Nc1cc(-c2ccccc2)no1,0,False,True
Mol395,COc1ccc2c(c1)C=C(CN1CCC(c3cc(-c4ccc(N)nc4)cc(C)n3)CC1)CO2,C1=C(CN2CCC(c3cc(-c4cccnc4)ccn3)CC2)COc2ccccc21,4,True,True
Mol396,CCc1nnnn1Cc1noc2c1CCCC2,c1nnnn1Cc1noc2c1CCCC2,3,False,True
Mol397,CSCCc1nc(-c2cc(C)nc3cc(F)ccc23)n(CCO)n1,c1ccc2c(-c3ncn[nH]3)ccnc2c1,1,True,True
Mol398,CCOc1ncccc1-c1cc(Cl)ccc1O,c1ccc(-c2cccnc2)cc1,2,True,True
Mol399,Cc1nc(NC(c2nccn2C)C2CC2)c2sccc2n1,c1c[nH]c(C(Nc2ncnc3ccsc23)C2CC2)n1,2,True,True
Mol400,Cc1cc(C(=O)N(C)C2CCC2)n2nccc2n1,O=C(NC1CCC1)c1ccnc2ccnn12,3,False,True
Mol401,CCCn1ncc2ccc(C3CCCN(CC(=O)N4CCCC4)C3)nc21,O=C(CN1CCCC(c2ccc3cn[nH]c3n2)C1)N1CCCC1,3,True,True
Mol402,CC1CCC(NC(=O)c2oc3ccccc3c2CS(C)=O)CC1,O=C(NC1CCCCC1)c1cc2ccccc2o1,4,True,True
Mol403,CCN(c1cc(-c2ccc(CN3CCOCC3)cc2)cc(C(=O)NCc2c(C)cc(C)nc2O)c1C)C1CCOCC1,O=C(NCc1cccnc1)c1cc(NC2CCOCC2)cc(-c2ccc(CN3CCOCC3)cc2)c1,2,True,True
Mol404,Cn1cc(NC(=O)c2ccccc2C(F)(F)F)cn1,O=C(Nc1cn[nH]c1)c1ccccc1,2,False,True
Mol405,CN(Cc1n[nH]c2c1CCCC2)c1nccnc1C#N,c1cnc(NCc2n[nH]c3c2CCCC3)cn1,1,True,True
Mol406,COc1ccc2c(c1)CN(C(=O)c1cc(C3CC3)[nH]n1)CC2,O=C(c1cc(C2CC2)[nH]n1)N1CCc2ccccc2C1,1,True,True
Mol407,COc1ccc(C(=O)c2ccccc2)c(Oc2nc3c(c(=O)n(C)c(=O)n3C)n2C)c1,O=C(c1ccccc1)c1ccccc1Oc1nc2[nH]c(=O)[nH]c(=O)c2[nH]1,3,True,True
Mol408,COc1ccc(OC)c(-c2cc(C(=O)N3CCCN(C(C)=O)CC3)no2)c1,O=C(c1cc(-c2ccccc2)on1)N1CCCNCC1,4,True,True
Mol409,Cc1cc(C)cc(C(=O)Nc2nn(C(C)(C)C)cc2C#N)c1,O=C(Nc1cc[nH]n1)c1ccccc1,0,True,True
Mol410,CC(C)CC(=O)NCC(=O)N1CCCC1,C1CCNC1,3,False,True
Mol411,Cc1nnc(N2CC[C@H](O)C2)c(C#N)c1C,c1cnnc(N2CCCC2)c1,2,False,True
Mol412,Cc1ccc(Cn2nc(C(=O)N[C@@H]3C(C)(C)[C@@H]4CC[C@@]3(C)C4)cc2-c2ccc(Cl)c(C)c2)cc1,O=C(N[C@@H]1C[C@@H]2CCC1C2)c1cc(-c2ccccc2)n(Cc2ccccc2)n1,1,True,True
Mol413,Cc1cccc(-c2ncc(CNCc3ccccc3-n3cccn3)cn2)c1,c1ccc(-c2ncc(CNCc3ccccc3-n3cccn3)cn2)cc1,1,True,True
Mol414,COc1cccc(OC)c1-c1cc(C(=O)N[C@@H](CC(C)C)C(=O)O)nn1-c1ccnc2cc(Cl)ccc12,c1ccc(-c2ccnn2-c2ccnc3ccccc23)cc1,4,True,True
Mol415,Clc1ccc(-c2ccc(CNCC3CCCO3)o2)c(Cl)c1,c1ccc(-c2ccc(CNCC3CCCO3)o2)cc1,1,True,True
Mol416,O=C(c1cccc(Cl)c1)N1CCN(C(=O)c2ccc3ccccc3c2O)CC1,O=C(c1ccccc1)N1CCN(C(=O)c2ccc3ccccc3c2)CC1,2,True,True
Mol417,CN(C)C(=O)CN1CCN(C(=O)c2ccc3ccccc3c2O)CC1,O=C(c1ccc2ccccc2c1)N1CCNCC1,1,False,True
Mol418,NC(=O)C1(Cc2ccc(-c3cccnc3)cc2)CCN(Cc2cccc(Cl)c2)CC1,c1ccc(CN2CCC(Cc3ccc(-c4cccnc4)cc3)CC2)cc1,2,True,True
Mol419,CN(CC(=O)Nc1cccc(F)c1)C(=O)c1cccc(C#N)c1,O=C(CNC(=O)c1ccccc1)Nc1ccccc1,1,True,True
Mol420,CC(=O)N1CCC(Nc2ncnc3cc(-c4ccc(Br)cc4)sc23)CC1,c1ccc(-c2cc3ncnc(NC4CCNCC4)c3s2)cc1,2,True,True
Mol421,Cc1cc(NC2CCCC2)nc(C2CCNCC2)n1,c1cc(NC2CCCC2)nc(C2CCNCC2)n1,3,False,True
Mol422,COC(=O)CC1=NN(c2ccc(OC)cc2)C(=O)/C1=C(/C)NCc1ccc(OC)cc1,O=C1C(=CNCc2ccccc2)C=NN1c1ccccc1,0,True,True
Mol423,Cc1ccc2nc(C)c(C(=O)N3CCC(C(=O)Nc4ccncc4)CC3)cc2c1,O=C(Nc1ccncc1)C1CCN(C(=O)c2cnc3ccccc3c2)CC1,2,True,True
Mol424,Cn1cc(C2CCN(CC(=O)N3CCc4sccc4C3)CC2)cn1,O=C(CN1CCC(c2cn[nH]c2)CC1)N1CCc2sccc2C1,1,False,True
Mol425,O=C(CCN1C(=O)CCC1=O)Nc1cccc2ncccc12,O=C(CCN1C(=O)CCC1=O)Nc1cccc2ncccc12,0,False,True
Mol426,CCc1ccccc1NC(=O)Cn1nc(C)cc1C,O=C(Cn1cccn1)Nc1ccccc1,1,True,True
Mol427,O=C(Cc1ccc(Cl)cc1)NCc1ccncc1,O=C(Cc1ccccc1)NCc1ccncc1,3,False,True
Mol428,CC(C)n1cc(-c2ccc3c(c2)N(C)CC3)c2c(NS(=O)(=O)c3ccn(C)n3)ccnc21,O=S(=O)(Nc1ccnc2[nH]cc(-c3ccc4c(c3)NCC4)c12)c1cc[nH]n1,0,True,True
Mol429,O=C(Cc1cccc2ccccc12)NCc1nnc2n1-c1ccccc1CC2,O=C(Cc1cccc2ccccc12)NCc1nnc2n1-c1ccccc1CC2,3,True,True
Mol430,Cc1nc(-c2ccccc2)ccc1C(=O)N1CCCS1(=O)=O,O=C(c1ccc(-c2ccccc2)nc1)N1CCCS1(=O)=O,2,False,True
Mol431,Cc1cccnc1NC(=O)CCn1cnc2ccccc21,O=C(CCn1cnc2ccccc21)Nc1ccccn1,0,False,True
Mol432,CNC(=O)c1ccc(CN(C)c2c(F)cc(C#N)cc2F)cc1,c1ccc(CNc2ccccc2)cc1,3,True,True
Mol433,CC(C(=O)Nc1ccccc1)N1CCCN(c2nccs2)CC1,O=C(CN1CCCN(c2nccs2)CC1)Nc1ccccc1,0,True,True
Mol434,O=C1CCCN1c1ccc(CN2CCC(c3noc4cc(F)ccc34)CC2)cc1,O=C1CCCN1c1ccc(CN2CCC(c3noc4ccccc34)CC2)cc1,4,True,True
Mol435,Brc1ccc(-c2nnc(Cn3cnc4ccccc43)o2)o1,c1coc(-c2nnc(Cn3cnc4ccccc43)o2)c1,3,False,True
Mol436,Cc1cc(NC(=O)CCc2cnn(C)c2)c2ccccc2n1,O=C(CCc1cn[nH]c1)Nc1ccnc2ccccc12,1,False,True
Mol437,CCc1noc(C2CCC(NCC3CCC(F)(F)CC3)CC2)n1,c1noc(C2CCC(NCC3CCCCC3)CC2)n1,1,True,True
Mol438,COC(=O)N1CCCN(C(=O)c2ccc(-c3ccccc3Cl)o2)CC1,O=C(c1ccc(-c2ccccc2)o1)N1CCCNCC1,0,True,True
Mol439,CCCCc1nc2cc(/C=C/C(=O)NO)ccc2n1CCN(CC)CC,c1ccc2[nH]cnc2c1,4,False,True
Mol440,COc1ccc(F)c(CN2CCC(Cc3noc(C)n3)CC2)c1,c1ccc(CN2CCC(Cc3ncon3)CC2)cc1,2,True,True
Mol441,Cc1ccc(C)c(-n2c(S)nnc2-c2ccc(O)cc2)c1,c1ccc(-c2nncn2-c2ccccc2)cc1,0,True,True
Mol442,CCN1CCC(Nc2ncnc3c2cnn3C)CC1,c1nc(NC2CCNCC2)c2cn[nH]c2n1,0,True,True
Mol443,CN(CC1CCCC1)C(=O)Nc1ccccc1N1CCOC1=O,O=C(NCC1CCCC1)Nc1ccccc1N1CCOC1=O,2,True,True
Mol444,Cc1nccn1CCNC(=O)C(C)(C)C,c1c[nH]cn1,2,False,True
Mol445,O=C(NCCc1ccc2c(c1)OCCO2)c1ccc2ccccc2n1,O=C(NCCc1ccc2c(c1)OCCO2)c1ccc2ccccc2n1,0,True,True
Mol446,CC(C)(C)c1csc(CCNC(=O)N2CCSCC2)n1,O=C(NCCc1nccs1)N1CCSCC1,0,True,True
Mol447,CS(=O)(=O)CCNc1ccc2ccc(F)cc2n1,c1ccc2ncccc2c1,1,True,True
Mol448,COc1cccc(NC(=O)CNc2cccc(-c3ccnc(C)n3)c2)c1,O=C(CNc1cccc(-c2ccncn2)c1)Nc1ccccc1,0,True,True
Mol449,O=S(=O)(Nc1cccc(-c2nc3ccccc3[nH]2)c1)c1ccc(Cl)cc1,O=S(=O)(Nc1cccc(-c2nc3ccccc3[nH]2)c1)c1ccccc1,1,True,True
Mol450,Cn1ncc2cc(-c3ccnc4[nH]ccc34)ccc21,c1cc(-c2ccc3[nH]ncc3c2)c2cc[nH]c2n1,0,True,True
Mol451,COc1cc(CNc2nnn[nH]2)cc(Br)c1OCc1ccc(Cl)cc1,c1ccc(COc2ccc(CNc3nnn[nH]3)cc2)cc1,1,True,True
Mol452,O=c1c(-c2ccc(F)cc2)c(-c2ccncc2)[nH]n1-c1ccc(Cl)cc1,O=c1c(-c2ccccc2)c(-c2ccncc2)[nH]n1-c1ccccc1,3,False,True
Mol453,CCNC(=O)N1CCC(c2nc(-c3ccccc3)no2)CC1,c1ccc(-c2noc(C3CCNCC3)n2)cc1,3,False,True
Mol454,O=C(CCc1nnc(-c2ccsc2)o1)N1CCCc2cc(F)c(F)cc21,O=C(CCc1nnc(-c2ccsc2)o1)N1CCCc2ccccc21,4,True,True
Mol455,Cn1ccnc1CCNC(=O)c1cccc2cccnc12,O=C(NCCc1ncc[nH]1)c1cccc2cccnc12,0,True,True
Mol456,COc1cc2c(cc1OC)-c1cc3ccc(OC)c(OC)c3c[n+]1CC2,c1ccc2c(c1)CC[n+]1cc3ccccc3cc1-2,2,False,True
Mol457,Cc1nn(C)c(C)c1CCC(=O)N1CCCc2ncccc21,O=C(CCc1cn[nH]c1)N1CCCc2ncccc21,0,True,True
Mol458,Nc1nc2ccccc2n1CCCc1ccccc1,c1ccc(CCCn2cnc3ccccc32)cc1,3,True,True
Mol459,Cc1ccc2c(CC(=O)NCc3cccs3)coc2c1,O=C(Cc1coc2ccccc12)NCc1cccs1,4,True,True
Mol460,CC(=O)NC1(C(=O)N2CCCN(C3CC3)CC2)CCC(C)CC1,O=C(C1CCCCC1)N1CCCN(C2CC2)CC1,0,True,True
Mol461,O=C(c1cccc(CNc2ccc3nccnc3n2)c1)N1CCCCC1,O=C(c1cccc(CNc2ccc3nccnc3n2)c1)N1CCCCC1,0,True,True
Mol462,CC(C)CN(c1ncnc2c1cnn2C)C1CC1,c1nc(NC2CC2)c2cn[nH]c2n1,3,True,True
Mol463,O=C(CCc1ccccc1)N1CCC(c2cccc(Cc3ccc(F)cc3)n2)CC1,O=C(CCc1ccccc1)N1CCC(c2cccc(Cc3ccccc3)n2)CC1,2,True,True
Mol464,Cc1ccc(-c2ccc(-c3nccn3CCCn3cnnc3)o2)cc1,c1ccc(-c2ccc(-c3nccn3CCCn3cnnc3)o2)cc1,4,True,True
Mol465,CCc1cc(NCc2cccc(OCCOC)c2)ncn1,c1ccc(CNc2ccncn2)cc1,3,True,True
Mol466,Cn1ccnc1CN1CCN(Cc2ccc(F)cc2C#N)CC1,c1ccc(CN2CCN(Cc3ncc[nH]3)CC2)cc1,3,False,True
Mol467,Cn1c(=O)n(Cc2cccc(OC(F)F)c2)c2cnccc21,O=c1[nH]c2ccncc2n1Cc1ccccc1,0,True,True
Mol468,CC(=O)N1CCN(C(=O)[C@H]2CCCCN2C(=O)OC(C)(C)C)CC1,O=C([C@H]1CCCCN1)N1CCNCC1,0,False,True
Mol469,CCOC(=O)CNC(=O)c1ccc(O)cc1O,c1ccccc1,2,True,True
Mol470,N#CC1(C(=O)N2CCN(Cc3ccccn3)CC2)CCCCC1,O=C(C1CCCCC1)N1CCN(Cc2ccccn2)CC1,3,True,True
Mol471,N#Cc1cccnc1NCCc1cn2c(n1)CCCC2,c1ccc(NCCc2cn3c(n2)CCCC3)nc1,4,True,True
Mol472,CN(Cc1ccccc1)C(=O)c1ccc(-n2cccn2)nc1,O=C(NCc1ccccc1)c1ccc(-n2cccn2)nc1,2,False,True
Mol473,O=C(CC1CCN(c2ncc(Cl)cn2)CC1)N1CCOCC1,O=C(CC1CCN(c2ncccn2)CC1)N1CCOCC1,4,False,True
Mol474,Cc1sc2nc(CN3CCC(C)CC3)nc(N3CCN(c4cnccn4)CC3)c2c1C,c1cnc(N2CCN(c3nc(CN4CCCCC4)nc4sccc34)CC2)cn1,0,True,True
Mol475,Cc1cc2cc(C(=O)N(C)CCC(=O)O)oc2cc1C,c1ccc2occc2c1,1,False,True
Mol476,Cc1ccncc1-c1ccc(-c2ccn[nH]2)cc1,c1cncc(-c2ccc(-c3ccn[nH]3)cc2)c1,4,True,True
Mol477,CN(CC1(O)CCCC1)c1ncccn1,c1cnc(NCC2CCCC2)nc1,0,False,True
Mol478,CCNC(=O)C1CN(c2nc(C3CC3)nc3c2CCC3)C1,C1Cc2nc(C3CC3)nc(N3CCC3)c2C1,4,False,True
Mol479,Cc1cc(-c2nnc3ccc4ccccc4n23)n(C)n1,c1ccc2c(c1)ccc1nnc(-c3ccn[nH]3)n12,4,False,True
Mol480,Cc1nn(C)c2ncc(C(=O)Nc3ccc4c(c3)CCO4)cc12,O=C(Nc1ccc2c(c1)CCO2)c1cnc2[nH]ncc2c1,4,True,True
Mol481,CN(C)[C@@H]1CN(C(=O)c2cc3ccc(F)cc3[nH]2)C[C@H]1O,O=C(c1cc2ccccc2[nH]1)N1CCCC1,0,False,True
Mol482,Clc1ccc(NCc2ccoc2)nn1,c1cnnc(NCc2ccoc2)c1,4,False,True
Mol483,CCOCC(=O)NCc1cc(C2CC2)n(C2CCCC2)n1,c1cc(C2CC2)n(C2CCCC2)n1,0,True,True
Mol484,CCS(=O)(=O)Nc1ccc(Oc2ccc(F)cc2F)c(-c2cn(C)c(=O)c3[nH]ccc23)c1,O=c1[nH]cc(-c2ccccc2Oc2ccccc2)c2cc[nH]c12,1,False,True
Mol485,CN(C)C1(CNC(=O)N2CCCC(C)(C)CC2)CCOCC1,O=C(NCC1CCOCC1)N1CCCCCC1,0,True,True
Mol486,CCc1noc(CN2CCCN(C(C)=O)c3ccccc32)n1,c1ccc2c(c1)NCCCN2Cc1ncno1,3,True,True
Mol487,Cn1ccc(CN2C(=O)c3ccccc3C2=O)cc1=O,O=C1c2ccccc2C(=O)N1Cc1cc[nH]c(=O)c1,4,False,True
Mol488,Cc1nc(Cn2ncc3ccccc3c2=O)cs1,O=c1c2ccccc2cnn1Cc1cscn1,4,False,True
Mol489,Cc1ncccc1CNc1nnc(C(C)(C)C)s1,c1cncc(CNc2nncs2)c1,3,False,True
Mol490,Cc1ncc2c(n1)CN(CCCc1nc3ccccc3o1)CC2,c1ccc2oc(CCCN3CCc4cncnc4C3)nc2c1,3,True,True
Mol491,COc1cc(Br)c(Nc2nc(-c3c(C)nc4ncccn34)cs2)c(Br)c1,c1ccc(Nc2nc(-c3cnc4ncccn34)cs2)cc1,1,True,True
Mol492,Cc1ccnc(-n2nccc2NC(=O)N2CCCN(C)CC2)c1,O=C(Nc1ccnn1-c1ccccn1)N1CCCNCC1,0,True,True
Mol493,O=C1Oc2nc3cc4c(cc3cc2CN1CCN1CCOCC1)OCO4,O=C1Oc2nc3cc4c(cc3cc2CN1CCN1CCOCC1)OCO4,3,True,True
Mol494,Cc1nc2ccc(NC(=O)c3sc(-c4ccccn4)nc3C)cc2s1,O=C(Nc1ccc2ncsc2c1)c1cnc(-c2ccccn2)s1,3,True,True
Mol495,CCOc1ccc(C(=O)Nc2cnn(C3CCOCC3)c2)cn1,O=C(Nc1cnn(C2CCOCC2)c1)c1cccnc1,2,False,True
Mol496,Cc1nc(O)cc(C2CCN(c3cnccn3)CC2)n1,c1cc(C2CCN(c3cnccn3)CC2)ncn1,3,False,True
Mol497,COc1ccc(-c2c(C)n[nH]c2C)cn1,c1cncc(-c2cn[nH]c2)c1,3,False,True
Mol498,CC(C)c1nc(O)c2nnn(C[C@@H]3CCCN(Cc4cccs4)C3)c2n1,c1csc(CN2CCC[C@@H](Cn3nnc4cncnc43)C2)c1,4,True,True
Mol499,O=C(/C=C/c1ccc(Cl)cc1)N1CCC2(CC1)CN(Cc1ccc(Cl)c(Cl)c1)C(=O)O2,O=C(/C=C/c1ccccc1)N1CCC2(CC1)CN(Cc1ccccc1)C(=O)O2,2,True,True
Mol500,Cc1cc(N)n(-c2ncnc3sc(C)c(-c4ccc(Cl)cc4)c23)n1,c1ccc(-c2csc3ncnc(-n4cccn4)c23)cc1,4,True,True
Mol501,CC(C)C[C@@H](C(N)=O)n1ccnc1-c1cccc2ccccc12,c1ccc2c(-c3ncc[nH]3)cccc2c1,2,True,True
Mol502,Cc1nc(Cl)cc(Nc2cnn(C(C)(C)C)c2)n1,c1cc(Nc2cn[nH]c2)ncn1,3,False,True
Mol503,CCc1ccc2nc(C)cc(C(=O)N3CC(c4cccnc4)C3)c2c1,O=C(c1ccnc2ccccc12)N1CC(c2cccnc2)C1,2,True,True
Mol504,CC(C)(C)CC(=O)N1CCC(OCCCN)CC1,C1CCNCC1,2,False,True
Mol505,CC(C)NC(=O)Cn1nnnc1C(C)(C)C,c1nnn[nH]1,2,False,True
Mol506,CCn1nc(Cc2ccc(OC)cc2)nc1Cc1sc(C)nc1C,c1ccc(Cc2n[nH]c(Cc3cncs3)n2)cc1,0,True,True
Mol507,CCONC(=O)c1cncn1-c1ccc(F)cc1,c1ccc(-n2ccnc2)cc1,1,False,True
Mol508,O=C(Cn1nc2n(c1=O)-c1ccccc1C1=NCCN12)N1CCCc2ccccc21,O=C(Cn1nc2n(c1=O)-c1ccccc1C1=NCCN12)N1CCCc2ccccc21,0,True,True
Mol509,Cc1ccccc1OCCn1c(N)nc2ccccc21,c1ccc(OCCn2cnc3ccccc32)cc1,2,True,True
Mol510,Cc1cccc(OC2CCN(CC(N)=O)CC2)c1,c1ccc(OC2CCNCC2)cc1,1,False,True
Mol511,Clc1cccc(-c2nnc(Cn3cnc4ccccc43)o2)c1,c1ccc(-c2nnc(Cn3cnc4ccccc43)o2)cc1,1,True,True
Mol512,COc1cc(F)ccc1-c1ncccc1NC(=O)C(C)C,c1ccc(-c2ccccn2)cc1,0,False,True
Mol513,CCCN(C(=O)c1c(CC)noc1C)C1Cc2ccccc2C1,O=C(NC1Cc2ccccc2C1)c1cnoc1,3,True,True
Mol514,O=C(c1ccccc1)N1CCN(C(=O)c2ccc(-c3ccccc3Cl)o2)CC1,O=C(c1ccccc1)N1CCN(C(=O)c2ccc(-c3ccccc3)o2)CC1,4,True,True
Mol515,O=C(NCCN1C(=O)CSC1=O)c1cc(Cl)c2c(c1)OCO2,O=C(NCCN1C(=O)CSC1=O)c1ccc2c(c1)OCO2,4,True,True
Mol516,CCc1ccc(-c2nccn2Cc2c(C)nn(CC)c2C)o1,c1coc(-c2nccn2Cc2cn[nH]c2)c1,1,True,True
Mol517,COc1ccc(Nc2ncnc3sccc23)c(OC)c1,c1ccc(Nc2ncnc3sccc23)cc1,1,True,True
Mol518,Cc1cccc(C(=O)NCC#Cc2ccccc2)n1,O=C(NCC#Cc1ccccc1)c1ccccn1,3,True,True
Mol519,CN(CCc1ccccn1)c1cnc2ccccc2n1,c1ccc(CCNc2cnc3ccccc3n2)nc1,3,True,True
Mol520,Cc1ccc(Cn2nc(C)c(C(N)=O)c2Cl)cc1,c1ccc(Cn2cccn2)cc1,0,True,True
Mol521,O=c1cc(CN2CCCCc3ccccc32)[nH]c2ccnn12,O=c1cc(CN2CCCCc3ccccc32)[nH]c2ccnn12,1,True,True
Mol522,O=C1CN(C(=O)c2cccc(Oc3cccc(C(F)(F)F)c3)c2)CCN1,O=C1CN(C(=O)c2cccc(Oc3ccccc3)c2)CCN1,1,True,True
Mol523,O=C(Nc1ccn(Cc2ccc(O)cc2C(F)(F)F)n1)c1c(F)cccc1F,O=C(Nc1ccn(Cc2ccccc2)n1)c1ccccc1,4,True,True
Mol524,CC(C)CC(=O)N1CCC(Cc2cccc(-c3cncnc3)c2)(C(=O)NC(C)C)CC1,c1cc(CC2CCNCC2)cc(-c2cncnc2)c1,0,True,True
Mol525,Fc1ccc2[nH]c(CO[C@H]3CN(Cc4ccccc4)C[C@H]3F)nc2c1,c1ccc(CN2CC[C@@H](OCc3nc4ccccc4[nH]3)C2)cc1,1,True,True
Mol526,Cc1ccc(CN2CC[C@H](c3nnc(-c4ccccc4F)o3)C2)o1,c1ccc(-c2nnc([C@H]3CCN(Cc4ccco4)C3)o2)cc1,3,True,True
Mol527,O=C(CSC1CCCC1)N1CCC(Cn2cccn2)CC1,O=C(CSC1CCCC1)N1CCC(Cn2cccn2)CC1,1,True,True
Mol528,CN(C)C(=O)c1sc2nc(C3(C)CCN(c4ncccn4)CC3)ccc2c1N,c1cnc(N2CCC(c3ccc4ccsc4n3)CC2)nc1,0,True,True
Mol529,CSc1ccc(NC(=O)Cn2nc(C3CC3)ccc2=O)cc1,O=C(Cn1nc(C2CC2)ccc1=O)Nc1ccccc1,1,True,True
Mol530,Cc1ccc([C@@H]2N[C@@H](Cc3ccccc3)C(=O)N2C)o1,O=C1N[C@H](c2ccco2)N[C@H]1Cc1ccccc1,3,False,True
Mol531,Cc1nc2cc(NC(=O)CCc3c(C)nc4c(c(C)nn4C)c3C)ccc2o1,O=C(CCc1cnc2[nH]ncc2c1)Nc1ccc2ocnc2c1,0,True,True
Mol532,O=C(NCCc1ccc2c(c1)OCO2)N1CCc2sccc2C1,O=C(NCCc1ccc2c(c1)OCO2)N1CCc2sccc2C1,0,True,True
Mol533,COc1ccc(C(=O)C2CCN(CC(=O)N(Cc3nc4c(c(=O)[nH]3)COCC4)CC3CC3)CC2)cc1,O=C(c1ccccc1)C1CCN(CC(=O)N(Cc2nc3c(c(=O)[nH]2)COCC3)CC2CC2)CC1,2,True,True
Mol534,N#Cc1cc(-c2n[nH]c(-c3ccncc3)n2)ccn1,c1cc(-c2n[nH]c(-c3ccncc3)n2)ccn1,2,True,True
Mol535,Cc1ccc(C(=O)Nc2ccccc2-c2ccccc2)o1,O=C(Nc1ccccc1-c1ccccc1)c1ccco1,2,True,True
Mol536,CN(CCN1CCOC1=O)C(=O)c1cc2cc(Br)ccc2o1,O=C(NCCN1CCOC1=O)c1cc2ccccc2o1,0,True,True
Mol537,CC1(C)OCCn2c1nc1c(N3CCOCC3)nc(-c3cnc(N)nc3)nc12,c1ncc(-c2nc(N3CCOCC3)c3nc4n(c3n2)CCOC4)cn1,2,True,True
Mol538,CC(=O)N1CCN(c2ncc(-c3cc(C)no3)c([C@H]3CCCO3)n2)CC1,c1cc(-c2cnc(N3CCNCC3)nc2[C@H]2CCCO2)on1,1,False,True
Mol539,CCSCc1nc(N)c2ccccc2n1,c1ccc2ncncc2c1,2,True,True
Mol540,CNC(=O)c1sc2ncccc2c1[C@H]1CC[C@H](CNC(=O)COc2ccccc2)CC1,O=C(COc1ccccc1)NC[C@H]1CC[C@H](c2csc3ncccc32)CC1,2,True,True
Mol541,O=C(C1CCC1)N1CCC(c2ncc(-c3ccc(F)c(F)c3)[nH]2)CC1,O=C(C1CCC1)N1CCC(c2ncc(-c3ccccc3)[nH]2)CC1,2,True,True
Mol542,CC(C)C(=O)Nc1ncn(Cc2cccnc2)n1,c1cncc(Cn2cncn2)c1,2,False,True
Mol543,Cc1csc(NC(=O)CCc2ccncc2)n1,O=C(CCc1ccncc1)Nc1nccs1,4,False,True
Mol544,CSc1cccc(-c2ccccc2-c2nnc(C)o2)c1,c1ccc(-c2ccccc2-c2nnco2)cc1,1,True,True
Mol545,O=C(c1cc(-c2cccc(Cl)c2)on1)N1CCC(n2cccc2)CC1,O=C(c1cc(-c2ccccc2)on1)N1CCC(n2cccc2)CC1,1,True,True
Mol546,Nc1ccc2[nH]c(CCc3ccccc3)nc2c1,c1ccc(CCc2nc3ccccc3[nH]2)cc1,2,False,True
Mol547,Cc1ccc2c(C(=O)N(C)C)cc(-c3cnc(C(C)C)nc3)nc2c1C,c1ccc2nc(-c3cncnc3)ccc2c1,3,True,True
Mol548,COc1ccc2nc(CN3CCC(O)(c4ccc(C)cc4)CC3)ccc2c1,c1ccc(C2CCN(Cc3ccc4ccccc4n3)CC2)cc1,1,True,True
Mol549,Fc1ccccc1CN1CCN(c2ncccn2)CC1,c1ccc(CN2CCN(c3ncccn3)CC2)cc1,1,True,True
Mol550,CN(Cc1ccn(-c2ccccc2)n1)C(=O)c1ccc(O)nc1,O=C(NCc1ccn(-c2ccccc2)n1)c1cccnc1,0,False,True
Mol551,O=C(c1noc2c1CCCC2)N1CCN(c2ncccn2)CC1,O=C(c1noc2c1CCCC2)N1CCN(c2ncccn2)CC1,1,True,True
Mol552,CN(Cc1ccc2c(c1)OCO2)Cc1ccccc1C#N,c1ccc(CNCc2ccc3c(c2)OCO3)cc1,3,True,True
Mol553,CC1(C)O[C@@](C)([C@H]2CC3(CCNCC3)CO2)CC[C@@H]1O,C1CCC([C@H]2CC3(CCNCC3)CO2)OC1,3,False,True
Mol554,CC1(C)CN(CC(=O)NCC#N)c2cccc(Cl)c21,c1ccc2c(c1)CCN2,3,True,True
Mol555,Cc1ccc(C(=O)NC2CCN(CC#N)CC2)cc1Br,O=C(NC1CCNCC1)c1ccccc1,3,False,True
Mol556,Cc1nc(-c2ccc(Cl)c(Cl)c2)n(CC(C)(C)O)n1,c1ccc(-c2ncn[nH]2)cc1,4,False,True
Mol557,Cc1csc(N(C(=O)c2cc3c(C)nn(C)c3s2)C2CC2)n1,O=C(c1cc2cn[nH]c2s1)N(c1nccs1)C1CC1,4,True,True
Mol558,CC(=O)Nc1cccc(OC(=O)N2CCOCC2)c1,O=C(Oc1ccccc1)N1CCOCC1,2,True,True
Mol559,Cc1cccnc1CNc1ccc(C#N)cc1F,c1ccc(NCc2ccccn2)cc1,2,True,True
Mol560,CC(C)n1nccc1-c1ncccc1COc1cccc(O)c1C=O,c1ccc(OCc2cccnc2-c2ccn[nH]2)cc1,0,True,True
Mol561,Cn1cc(NC(=O)[C@@H]2CCCCN2C(=O)OC(C)(C)C)cn1,O=C(Nc1cn[nH]c1)[C@@H]1CCCCN1,4,False,True
Mol562,O=C(Nc1ccc(F)cc1F)N1CCn2c1nc1ccccc12,O=C(Nc1ccccc1)N1CCn2c1nc1ccccc12,2,True,True
Mol563,O=C(Cn1c(-c2ccc(F)cc2)nc2ccccc21)N1CCOCC1,O=C(Cn1c(-c2ccccc2)nc2ccccc21)N1CCOCC1,2,False,True
Mol564,C[C@@H](CO)Nc1nc(C(F)(F)F)nc2[nH]cnc12,c1ncc2nc[nH]c2n1,3,False,True
Mol565,CC(=O)N1CCN(C(=O)c2ccc(-c3ccc(F)cc3)cc2F)CC1,O=C(c1ccc(-c2ccccc2)cc1)N1CCNCC1,4,False,True
Mol566,COCc1ccccc1CNc1ccc2cc(C#N)ccc2n1,c1ccc(CNc2ccc3ccccc3n2)cc1,3,True,True
Mol567,Cc1csc(CN(C)c2ccnc(N(C)C)n2)n1,c1cc(NCc2nccs2)ncn1,1,True,True
Mol568,Cn1cc(C#N)cc1-c1nc(C2CC2)nn1CCc1ccccc1,c1ccc(CCn2nc(C3CC3)nc2-c2ccc[nH]2)cc1,3,True,True
Mol569,Nc1nnc(-c2ccc3c(c2)OCCO3)o1,c1nnc(-c2ccc3c(c2)OCCO3)o1,3,False,True
Mol570,N#CCCCN1CCN(c2cc(C#N)ccn2)CC1,c1ccc(N2CCNCC2)nc1,0,False,True
Mol571,CCc1ccccc1NC(=O)CCn1ccnc1-c1ccc2c(c1)OCO2,O=C(CCn1ccnc1-c1ccc2c(c1)OCO2)Nc1ccccc1,4,True,True
Mol572,CC(C)Cn1cnc2c1c(=O)[nH]c(=O)n2CC(C)C,O=c1[nH]c(=O)c2[nH]cnc2[nH]1,0,False,True
Mol573,CCn1ccc2cc(C(=O)N3CCN(c4ccc(C)cc4)C(=O)C3)ccc21,O=C(c1ccc2[nH]ccc2c1)N1CCN(c2ccccc2)C(=O)C1,2,True,True
Mol574,Cn1cc(-c2nnc(NCc3ccc4ccccc4c3)o2)cn1,c1ccc2cc(CNc3nnc(-c4cn[nH]c4)o3)ccc2c1,4,True,True
Mol575,Cc1nn(C)c(C)c1NC(=O)CN1CCN(c2nccs2)CC1,O=C(CN1CCN(c2nccs2)CC1)Nc1cn[nH]c1,0,False,True
Mol576,CCc1c(N)cnn1-c1ccccc1C,c1ccc(-n2cccn2)cc1,0,True,True
Mol577,Cn1ccc(C(=O)N2CCCC(c3cccc(-c4cccc(Cl)c4)n3)C2)n1,O=C(c1cc[nH]n1)N1CCCC(c2cccc(-c3ccccc3)n2)C1,2,True,True
Mol578,CCN(CC)S(=O)(=O)c1ccc2c(c1)CCN2CC(=O)NCc1ccccc1F,O=C(CN1CCc2ccccc21)NCc1ccccc1,3,True,True
Mol579,CNC(=O)CN(C)c1cccc(F)c1C#N,c1ccccc1,2,False,True
Mol580,O=C(Cc1csc(-c2ccccn2)n1)NC1CCCCCC1,O=C(Cc1csc(-c2ccccn2)n1)NC1CCCCCC1,0,True,True
Mol581,CN1C(=O)N(CC(=O)Nc2ccccc2-c2ccccc2)C(=O)C1(C)C,O=C(CN1C(=O)CNC1=O)Nc1ccccc1-c1ccccc1,3,True,True
Mol582,Cc1nc(Cl)cc(Nc2ccc3c(c2)N(C)C(=O)CO3)n1,O=C1COc2ccc(Nc3ccncn3)cc2N1,4,True,True
Mol583,COc1cc2nc(N)sc2cc1OC,c1ccc2scnc2c1,4,False,True
Mol584,CCOC(=O)C1(Cc2cc(-c3ccc(F)cc3)no2)CCN(Cc2ccccc2O)CC1,c1ccc(CN2CCC(Cc3cc(-c4ccccc4)no3)CC2)cc1,2,True,True
Mol585,COc1cc(CN2CCC(c3ccnc(C)n3)CC2)ccc1F,c1ccc(CN2CCC(c3ccncn3)CC2)cc1,4,True,True
Mol586,Oc1ccc(CN2CCN(c3cccc(Cl)c3)CC2)cc1,c1ccc(CN2CCN(c3ccccc3)CC2)cc1,1,True,True
Mol587,CNC(=O)c1cn(C)nc1CC1CCN(Cc2cnc(-c3ccc(OC)cc3)nc2)CC1,c1ccc(-c2ncc(CN3CCC(Cc4cc[nH]n4)CC3)cn2)cc1,0,False,True
Mol588,Cc1cc(Oc2ncccn2)ccc1NC(=O)c1c(C)oc(C)c1C,O=C(Nc1ccc(Oc2ncccn2)cc1)c1ccoc1,0,False,True
Mol589,Cc1ccc(NC(=O)c2cccc(N(C)C)c2)cc1NC(=O)c1ccc(O)cc1,O=C(Nc1cccc(NC(=O)c2ccccc2)c1)c1ccccc1,4,True,True
Mol590,COc1cccc(-c2nc(C(=O)O)cs2)c1OC,c1ccc(-c2nccs2)cc1,0,False,True
Mol591,COc1ccc2c(c1)C=C(CN1CCC(c3cc(-c4cncnc4)cc(C)n3)CC1)CO2,C1=C(CN2CCC(c3cc(-c4cncnc4)ccn3)CC2)COc2ccccc21,1,True,True
Mol592,Cc1cc(N2CCN(C(=O)OC(C)(C)C)[C@H](C)C2)ncn1,c1cc(N2CCNCC2)ncn1,4,True,True
Mol593,O=C(C(c1ccccc1)c1ccccc1)N1CCOCC(Cc2ccc3cnccc3c2)C1,O=C(C(c1ccccc1)c1ccccc1)N1CCOCC(Cc2ccc3cnccc3c2)C1,0,True,True
Mol594,COc1ccc(OCC(=O)N2CCN(C)CC2)cc1,O=C(COc1ccccc1)N1CCNCC1,3,False,True
Mol595,CC(=O)N1CCN(C(=O)CCc2ccc(-c3ccccc3)[nH]2)CC1,O=C(CCc1ccc(-c2ccccc2)[nH]1)N1CCNCC1,0,False,True
Mol596,Cc1cc(NC(=O)c2cccs2)no1,O=C(Nc1ccon1)c1cccs1,1,True,True
Mol597,Cc1csc(N(C(=O)c2ccc(-n3cncn3)c(F)c2)C2CC2)n1,O=C(c1ccc(-n2cncn2)cc1)N(c1nccs1)C1CC1,4,True,True
Mol598,COc1c(C)cnc(CN(C)S(N)(=O)=O)c1C,c1ccncc1,0,False,True
Mol599,CCc1ccccc1NC(=O)c1cc(C)nc2onc(C)c12,O=C(Nc1ccccc1)c1ccnc2oncc12,1,True,True
Mol600,Cc1cc(C(=O)N(C)Cc2ccsc2)no1,O=C(NCc1ccsc1)c1ccon1,1,True,True
Mol601,OCCN1CCC(c2ccncn2)CC1,c1cc(C2CCNCC2)ncn1,0,False,True
Mol602,CN(c1ncc(Br)cn1)C1CCS(=O)CC1,O=S1CCC(Nc2ncccn2)CC1,4,False,True
Mol603,CCc1ncnc(N(C)Cc2ccc(N)nc2)c1F,c1cncc(CNc2ccncn2)c1,2,False,True
Mol604,COc1ncnc2c1CN(Cc1c[nH]nc1-c1ccc(F)cc1)CC2,c1ccc(-c2n[nH]cc2CN2CCc3ncncc3C2)cc1,1,True,True
Mol605,O=C(NCc1cc(F)cc(F)c1)c1ccccn1,O=C(NCc1ccccc1)c1ccccn1,4,False,True
Mol606,CN1CCC(n2ncc3[nH]c(-c4ccc5ccccc5c4)nc32)CC1,c1ccc2cc(-c3nc4c(cnn4C4CCNCC4)[nH]3)ccc2c1,1,True,True
Mol607,O=C(Cc1ccc2c(c1)CCC2)Nc1nc2ccccc2o1,O=C(Cc1ccc2c(c1)CCC2)Nc1nc2ccccc2o1,0,True,True
Mol608,Cc1cc(C(=O)Nc2c(C)nn(C(C)C)c2C)c2ccc(F)cc2n1,O=C(Nc1cn[nH]c1)c1ccnc2ccccc12,3,True,True
Mol609,COCc1cc(-c2nc(CCc3ccccc3)n[nH]2)ccc1OC,c1ccc(CCc2n[nH]c(-c3ccccc3)n2)cc1,2,True,True
Mol610,Cc1nc(C)c2c(C)c(C(=O)N(C)CCN3CCCC3)sc2n1,O=C(NCCN1CCCC1)c1cc2cncnc2s1,2,False,True
Mol611,COc1ccccc1CNc1n[nH]c2nc([C@H]3CCCN(CC(=O)N4CCCC4)C3)ccc12,O=C(CN1CCC[C@H](c2ccc3c(NCc4ccccc4)n[nH]c3n2)C1)N1CCCC1,4,True,True
Mol612,Cc1ccc2nc3c(c(C(=O)NCc4cnn(C)c4)c2c1)CCCC3,O=C(NCc1cn[nH]c1)c1c2c(nc3ccccc13)CCCC2,3,True,True
Mol613,Clc1cc2ncc(-n3ccnc3)nc2cc1Cl,c1ccc2nc(-n3ccnc3)cnc2c1,3,True,True
Mol614,CN(Cc1ccncc1)Cc1cc2ccccc2nc1O,c1ccc2ncc(CNCc3ccncc3)cc2c1,2,True,True
Mol615,CCC(CC)NC(=O)c1cc(C)nc2onc(C)c12,c1cnc2oncc2c1,2,False,True
Mol616,CCCN(C)C(=O)Nc1cccc(-c2nnc3n2CCCCC3)c1,c1ccc(-c2nnc3n2CCCCC3)cc1,4,False,True
Mol617,CN(CC(N)=O)Cc1cc2c(cc1Br)OCO2,c1ccc2c(c1)OCO2,0,True,True
Mol618,CC(C)c1nc2c(n1C)CCN(C(=O)c1cccc(C(F)(F)F)c1F)C2,O=C(c1ccccc1)N1CCc2[nH]cnc2C1,2,True,True
Mol619,COc1cccc(-c2nc(-c3cccnc3)n[nH]2)c1,c1ccc(-c2nc(-c3cccnc3)n[nH]2)cc1,4,False,True
Mol620,CC(C)(C)c1ccc(CN2CCC(C(N)=O)CC2)cc1,c1ccc(CN2CCCCC2)cc1,1,False,True
Mol621,N#Cc1ccc(N2CCc3c(ncn3C3CC3)C2)nc1,c1ccc(N2CCc3c(ncn3C3CC3)C2)nc1,0,True,True
Mol622,O=S(=O)(Cc1csc(C2CCCC2)n1)C1CCCC1,O=S(=O)(Cc1csc(C2CCCC2)n1)C1CCCC1,0,True,True
Mol623,N#Cc1cc(F)c(N2CCN(CCO)CC2)c(F)c1,c1ccc(N2CCNCC2)cc1,3,False,True
Mol624,CC(C)c1nnc(CN2CCN(c3nccs3)CC2)o1,c1csc(N2CCN(Cc3nnco3)CC2)n1,0,False,True
Mol625,O=C(NCc1cccnc1)c1cnn(-c2ccccc2)c1,O=C(NCc1cccnc1)c1cnn(-c2ccccc2)c1,3,False,True
Mol626,CC(=O)NCC1CCN(C(=O)c2ccc(C)nc2)CC1,O=C(c1cccnc1)N1CCCCC1,4,False,True
Mol627,CC1CCN(C(=O)c2n[nH]c3ccccc23)CC1,O=C(c1n[nH]c2ccccc12)N1CCCCC1,1,True,True
Mol628,CN(Cc1cccnc1)Cc1ccc(C#N)o1,c1cncc(CNCc2ccco2)c1,4,True,True
Mol629,Nc1nc(N)c2nc(-c3cccc(O)c3)c(-c3cccc(O)c3)nc2n1,c1ccc(-c2nc3cncnc3nc2-c2ccccc2)cc1,3,False,True
Mol630,Cc1ccc(CCNC(=O)N2CC(C)(C)OC(C)(C)C2)cn1,O=C(NCCc1cccnc1)N1CCOCC1,1,True,True
Mol631,CS(=O)(=O)N(CC(=O)Nc1ccccc1C(=O)NCc1ccco1)c1ccc(F)cc1,O=C(CNc1ccccc1)Nc1ccccc1C(=O)NCc1ccco1,0,True,True
Mol632,Cc1ccc(F)cc1CNc1cc(C(=O)N(C)C)ccn1,c1ccc(CNc2ccccn2)cc1,1,True,True
Mol633,COCCc1nc(CCCn2cccn2)n(C2Cc3ccccc3C2)n1,c1ccc2c(c1)CC(n1ncnc1CCCn1cccn1)C2,3,True,True
Mol634,Cn1nc(-c2cn(Cc3ccc(CO)cc3)nn2)c2c(Cl)cccc21,c1ccc(Cn2cc(-c3n[nH]c4ccccc34)nn2)cc1,2,True,True
Mol635,CC(C)c1nnc(CNC(=O)C2(C)CCC2)n1C,O=C(NCc1nnc[nH]1)C1CCC1,3,False,True
Mol636,CSCC[C@@H](CO)n1ccnc1-c1oc2ccccc2c1C,c1ccc2oc(-c3ncc[nH]3)cc2c1,2,True,True
Mol637,Cc1nn(-c2ccccn2)c2nc(C3CC3)cc(C(=O)O)c12,c1ccc(-n2ncc3ccc(C4CC4)nc32)nc1,3,True,True
Mol638,CCc1nc(CC)n(Cc2nc(C)cs2)n1,c1csc(Cn2cncn2)n1,0,False,True
Mol639,OCc1ccc(Cn2cc(-c3cc(F)ccc3-n3cccn3)nn2)cc1,c1ccc(Cn2cc(-c3ccccc3-n3cccn3)nn2)cc1,2,True,True
Mol640,CC(C)[C@H](NC(=O)c1c(F)cccc1F)C(=O)N1CCOCC1,O=C(NCC(=O)N1CCOCC1)c1ccccc1,1,False,True
Mol641,Cc1nc(CC(=O)NCc2ccccc2)cs1,O=C(Cc1cscn1)NCc1ccccc1,2,False,True
Mol642,O=C(Nc1ccc2c(c1)OCCCO2)c1cnn(Cc2ccccc2)c1,O=C(Nc1ccc2c(c1)OCCCO2)c1cnn(Cc2ccccc2)c1,0,True,True
Mol643,CC(C)C(=O)N1CC(Cc2nccc3ccn(C)c23)C1,c1cc2cc[nH]c2c(CC2CNC2)n1,2,False,True
Mol644,COc1ccc(Nc2nc(N)nc(CN3CCN(Cc4ccccc4)CC3)n2)cc1,c1ccc(CN2CCN(Cc3ncnc(Nc4ccccc4)n3)CC2)cc1,4,True,True
Mol645,CCCN(Cc1ccccc1)C(=O)CC1(N)CCC1,O=C(CC1CCC1)NCc1ccccc1,4,False,True
Mol646,CN(C)C1=N[C@@H]2[C@@H](O)[C@H](O)[C@@H](CO)O[C@@H]2S1,C1=N[C@@H]2CCCO[C@@H]2S1,1,False,True
Mol647,Cc1ccc(CNC(=O)CN2CCC(n3nnc4cc(C)ccc43)CC2)cc1,O=C(CN1CCC(n2nnc3ccccc32)CC1)NCc1ccccc1,0,True,True
Mol648,COC(=O)N1CCCN(C(=O)C(=O)Nc2cccc(C(C)C)c2)CC1,O=C(Nc1ccccc1)C(=O)N1CCCNCC1,0,True,True
Mol649,O=C(Nc1ccn(Cc2ccccn2)n1)c1c(F)cccc1I,O=C(Nc1ccn(Cc2ccccn2)n1)c1ccccc1,4,False,True
Mol650,CCN1CCC(Nc2nc(C)cc(C)c2C#N)CC1,c1ccc(NC2CCNCC2)nc1,1,True,True
Mol651,CS(=O)(=O)CCNC(=O)N1CC2(CCCC2)c2ccccc21,c1ccc2c(c1)NCC21CCCC1,1,True,True
Mol652,O=C(COCC1CC1)N1CCCc2ncccc21,O=C(COCC1CC1)N1CCCc2ncccc21,1,True,True
Mol653,O=C(NCc1ccc(F)cc1)c1ccc(-n2ccnc2)nc1,O=C(NCc1ccccc1)c1ccc(-n2ccnc2)nc1,2,False,True
Mol654,O=C(NCCNC(=O)c1cc(-c2ccccc2)nc2ccccc12)c1ccco1,O=C(NCCNC(=O)c1cc(-c2ccccc2)nc2ccccc12)c1ccco1,0,True,True
Mol655,O=C(NC1CCCC1)C(=O)c1ccc2c(c1)CCC2,O=C(NC1CCCC1)C(=O)c1ccc2c(c1)CCC2,0,True,True
Mol656,COc1cc(CNC(=O)NC2CCCCC2)cc(OC)c1O,O=C(NCc1ccccc1)NC1CCCCC1,1,False,True
Mol657,COCc1ccccc1CNc1ccc2nnc(-c3ccccc3)n2n1,c1ccc(CNc2ccc3nnc(-c4ccccc4)n3n2)cc1,1,True,True
Mol658,CN1C(=O)N(CC(=O)NCc2ccc(Cl)cc2)C(=O)C12CCCCC2,O=C(CN1C(=O)NC2(CCCCC2)C1=O)NCc1ccccc1,4,True,True
Mol659,Cc1ccccc1OC1CCN(C(=O)Nc2ccc3c(c2)ncn3C)CC1,O=C(Nc1ccc2[nH]cnc2c1)N1CCC(Oc2ccccc2)CC1,4,True,True
Mol660,CC(C)c1nnc(CN2CCN(c3ccccc3Cl)CC2)o1,c1ccc(N2CCN(Cc3nnco3)CC2)cc1,2,True,True
Mol661,O=C(Nc1ccc(S(=O)(=O)Nc2ccnn2-c2ccccc2)cc1)c1ccco1,O=C(Nc1ccc(S(=O)(=O)Nc2ccnn2-c2ccccc2)cc1)c1ccco1,3,True,True
Mol662,Cc1ccc2nc(C)c(-c3nc(C)nn3CCO)cc2c1,c1ccc2ncc(-c3ncn[nH]3)cc2c1,1,False,True
Mol663,COc1ccc(-c2nnc3ccc(C(F)(F)F)cn23)cc1OC(C)C,c1ccc(-c2nnc3ccccn23)cc1,2,True,True
Mol664,COCC(=O)Nc1nc(C)c(C)s1,c1cscn1,3,True,True
Mol665,Cc1ccc(NC(=O)Cc2c[nH]c3ccccc23)cc1,O=C(Cc1c[nH]c2ccccc12)Nc1ccccc1,1,True,True
Mol666,CC(C)C(=O)N1CCC(Nc2ncnc3ccsc23)CC1,c1nc(NC2CCNCC2)c2sccc2n1,4,False,True
Mol667,Cc1nc(NCc2ccc(F)c(Cl)c2)n(C)n1,c1ccc(CNc2ncn[nH]2)cc1,0,True,True
Mol668,O=C(NCc1cccc(F)c1)c1[nH]nnc1-c1ccccc1,O=C(NCc1ccccc1)c1[nH]nnc1-c1ccccc1,2,False,True
Mol669,Cn1ccc2c(C(=O)Nc3ncn(Cc4cccnc4)n3)cccc21,O=C(Nc1ncn(Cc2cccnc2)n1)c1cccc2[nH]ccc12,2,False,True
Mol670,c1ccc2c(N3CCn4c(nnc4C4CC4)C3)ncnc2c1,c1ccc2c(N3CCn4c(nnc4C4CC4)C3)ncnc2c1,2,False,True
Mol671,CCCC(=O)Nc1ccc(-n2cccn2)nc1,c1ccc(-n2cccn2)nc1,2,False,True
Mol672,CCn1cc(CN2CCC(c3nc(N(C)C)ncc3-c3ccc(OC)cc3)CC2)c(C)n1,c1ccc(-c2cncnc2C2CCN(Cc3cn[nH]c3)CC2)cc1,3,True,True
Mol673,Cc1ccc(C)c(C(=O)Nc2cnc3c(c2)c(C)nn3C)c1,O=C(Nc1cnc2[nH]ncc2c1)c1ccccc1,2,True,True
Mol674,CC(=O)N1CCC(c2ccccn2)CC1,c1ccc(C2CCNCC2)nc1,1,False,True
Mol675,O=C(c1ccc(Cn2nnc(-c3cccc(F)c3)n2)cc1)N1CCCC1,O=C(c1ccc(Cn2nnc(-c3ccccc3)n2)cc1)N1CCCC1,1,True,True
Mol676,Cc1ccc2nc(C)c(C(=O)NOCc3ccccc3)cc2c1,O=C(NOCc1ccccc1)c1cnc2ccccc2c1,4,True,True
Mol677,Cc1ccc(C(=O)C(=O)NC2CCCC2)cc1,O=C(NC1CCCC1)C(=O)c1ccccc1,4,True,True
Mol678,O=C(CN1CCCC(c2cccc(-c3cccc(Cl)c3)n2)C1)N1CCCC1,O=C(CN1CCCC(c2cccc(-c3ccccc3)n2)C1)N1CCCC1,4,True,True
Mol679,COc1cccc(CNc2ncc(-c3ccccc3)n2C)c1,c1ccc(CNc2ncc(-c3ccccc3)[nH]2)cc1,3,True,True
Mol680,O=C(CN1CCCC(c2cncc(-c3cccc(Cl)c3)n2)C1)N1CCCC1,O=C(CN1CCCC(c2cncc(-c3ccccc3)n2)C1)N1CCCC1,0,True,True
Mol681,Cc1nc2ccccc2c(N)c1C(=O)/C=C/c1ccccc1,O=C(/C=C/c1ccccc1)c1cnc2ccccc2c1,1,True,True
Mol682,O=C(NC[C@H]1COCc2nc3ccccc3n21)c1ccncc1,O=C(NC[C@H]1COCc2nc3ccccc3n21)c1ccncc1,3,True,True
Mol683,CCc1ccccc1-c1cn(CCc2cnccn2)nn1,c1ccc(-c2cn(CCc3cnccn3)nn2)cc1,3,True,True
Mol684,O=C(NCc1ccc(F)cc1)c1ccccn1,O=C(NCc1ccccc1)c1ccccn1,4,False,True
Mol685,CN1CCN(CCOc2ccccc2N)CC1,c1ccc(OCCN2CCNCC2)cc1,3,True,True
Mol686,Cc1cc(C)n(-c2ccc(C(=O)NCc3cccnc3)cc2)n1,O=C(NCc1cccnc1)c1ccc(-n2cccn2)cc1,2,False,True
Mol687,CNC(=O)CC1CCN(c2ncccn2)CC1,c1cnc(N2CCCCC2)nc1,4,False,True
Mol688,Cc1ccc(C(=O)C(=O)Nc2c(C)nn(C)c2C)cc1,O=C(Nc1cn[nH]c1)C(=O)c1ccccc1,1,True,True
Mol689,CCCn1ncnc1-c1ccccc1SC,c1ccc(-c2ncn[nH]2)cc1,4,True,True
Mol690,O=C(CCc1cccs1)Nc1ccc(N2CCOCC2)cn1,O=C(CCc1cccs1)Nc1ccc(N2CCOCC2)cn1,1,True,True
Mol691,Cc1nccc(-c2cccc(NCC(=O)NCC(=O)N3CCCC3)c2)n1,O=C(CNc1cccc(-c2ccncn2)c1)NCC(=O)N1CCCC1,1,False,True
Mol692,CC(C)C(=O)Nc1ccc2cnn(C(C)C)c2c1,c1ccc2[nH]ncc2c1,4,True,True
Mol693,O=C(c1ccccc1-n1cccn1)N1CCN(Cc2cccnc2)CC1,O=C(c1ccccc1-n1cccn1)N1CCN(Cc2cccnc2)CC1,3,True,True
Mol694,O=C(O)CCn1c2ccccc2c2ccccc21,c1ccc2c(c1)[nH]c1ccccc12,0,False,True
Mol695,O=C(O)/C=C/c1ccc(Cn2ccnc2)cc1,c1ccc(Cn2ccnc2)cc1,3,False,True
Mol696,Cc1c(-c2ccc(O)cc2)n(Cc2ccc(OCCN3CCCCCC3)cc2)c2ccc(O)cc12,c1ccc(-c2cc3ccccc3n2Cc2ccc(OCCN3CCCCCC3)cc2)cc1,1,True,True
Mol697,c1ccc2c(c1)CN(c1cnc3ccccc3n1)CCN2,c1ccc2c(c1)CN(c1cnc3ccccc3n1)CCN2,3,True,True
Mol698,N#Cc1cccnc1NCCc1ccc(F)cc1,c1ccc(CCNc2ccccn2)cc1,4,True,True
Mol699,N#CCCCN1CCC(c2c[nH]c3ccccc23)CC1,c1ccc2c(C3CCNCC3)c[nH]c2c1,0,True,True
Mol700,CCn1c(C)nc2cc(NC(=O)c3ccc(=O)n(CC(=O)N4CCCCC4)c3)ccc21,O=C(Nc1ccc2[nH]cnc2c1)c1ccc(=O)n(CC(=O)N2CCCCC2)c1,2,False,True
Mol701,Cc1nn(C)c(C)c1C(=O)NCc1ccccc1,O=C(NCc1ccccc1)c1cn[nH]c1,2,False,True
Mol702,CC(C)n1ccc(C(=O)N2CCS(=O)(=O)C(C)(C)C2)n1,O=C(c1cc[nH]n1)N1CCS(=O)(=O)CC1,1,False,True
Mol703,Cc1nc2cc(NC(=O)Cc3c(C)nc4ccccc4c3C)ccc2o1,O=C(Cc1cnc2ccccc2c1)Nc1ccc2ocnc2c1,4,True,True
Mol704,C[C@@H](c1ccc2ccc(O[C@H]3CC[C@@H](C(F)(F)F)CC3)c(C(F)(F)F)c2c1)N1C2CCC1CC(C(=O)O)C2,c1cc2ccc(OC3CCCCC3)cc2cc1CN1C2CCCC1CC2,2,True,True
Mol705,Cc1ccccc1-n1c(CC2CCN(C(=O)C3CC3)CC2)n[nH]c1=O,O=C(C1CC1)N1CCC(Cc2n[nH]c(=O)n2-c2ccccc2)CC1,3,False,True
Mol706,Cn1c(CNC(=O)Cc2cccc3ccccc23)nc2ccccc21,O=C(Cc1cccc2ccccc12)NCc1nc2ccccc2[nH]1,2,True,True
Mol707,CS(=O)(=O)CCc1nc(C2(c3ccccc3)CC2)nn1-c1ccccc1,c1ccc(-n2cnc(C3(c4ccccc4)CC3)n2)cc1,1,True,True
Mol708,Cc1nc2ncccn2c1C(=O)N(CC#Cc1ccccc1)C1CCCC1,O=C(c1cnc2ncccn12)N(CC#Cc1ccccc1)C1CCCC1,1,True,True
Mol709,CC(C)c1noc2nc(C3CC3)cc(C(=O)N3CCN(C)C(=O)C3)c12,O=C1CN(C(=O)c2cc(C3CC3)nc3oncc23)CCN1,0,True,True
Mol710,O=c1[nH]c2ccccc2n1C1CCN(Cc2nnsc2Cl)CC1,O=c1[nH]c2ccccc2n1C1CCN(Cc2csnn2)CC1,4,True,True
Mol711,COc1ccc2nc(C)nc(N3CC(O)(c4ccc(F)cc4)C3)c2c1,c1ccc(C2CN(c3ncnc4ccccc34)C2)cc1,3,True,True
Mol712,Fc1ccc(F)c(CN2CCN(Cc3ccc4c(c3)OCO4)CC2)c1,c1ccc(CN2CCN(Cc3ccc4c(c3)OCO4)CC2)cc1,3,True,True
Mol713,c1cc(CN2CCC(c3ccn[nH]3)CC2)ccn1,c1cc(CN2CCC(c3ccn[nH]3)CC2)ccn1,0,True,True
Mol714,Cc1[nH]c2ccc(Cl)cc2c1CC(=O)N1CCC(Cc2ncncc2C(N)=O)CC1,O=C(Cc1c[nH]c2ccccc12)N1CCC(Cc2ccncn2)CC1,3,True,True
Mol715,O=C(NCCN1CCC(c2ccccc2)CC1)c1ccc2ncsc2c1,O=C(NCCN1CCC(c2ccccc2)CC1)c1ccc2ncsc2c1,3,True,True
Mol716,c1ccc(-c2noc(NCC3CCC3)n2)cc1,c1ccc(-c2noc(NCC3CCC3)n2)cc1,4,True,True
Mol717,c1ccc(-c2n[nH]c(C3CCN(c4cnc5ccccc5n4)CC3)n2)cc1,c1ccc(-c2n[nH]c(C3CCN(c4cnc5ccccc5n4)CC3)n2)cc1,2,True,True
Mol718,CO[C@H]1CC[C@H](C(=O)NC[C@H]2CC[C@H](c3nnc(-c4nccc5ccccc45)o3)CC2)CC1,O=C(NC[C@H]1CC[C@H](c2nnc(-c3nccc4ccccc34)o2)CC1)C1CCCCC1,3,True,True
Mol719,COc1cccc(OCCCn2cncc2-c2cc3c(cc2OC)OCCCO3)c1,c1ccc(OCCCn2cncc2-c2ccc3c(c2)OCCCO3)cc1,3,True,True
Mol720,COc1ccc(-c2nc(CC(N)=O)sc2C)cc1.Cl,c1ccc(-c2cscn2)cc1,1,True,True
Mol721,O=C1NCCCCC1NC(=O)N1CCc2sccc2C1,O=C1NCCCCC1NC(=O)N1CCc2sccc2C1,0,True,True
Mol722,O=C(O)c1ccc(=O)n(CCc2c[nH]c3ccccc23)c1,O=c1ccccn1CCc1c[nH]c2ccccc12,2,False,True
Mol723,Cn1ccc(CN2CCC(c3cnccn3)CC2)n1,c1cnc(C2CCN(Cc3cc[nH]n3)CC2)cn1,4,False,True
Mol724,Cc1nccn1-c1ccc(F)cc1CNC(=O)C(C)C,c1ccc(-n2ccnc2)cc1,1,True,True
Mol725,O=C(CN1CCSC1=O)Nc1ccccc1F,O=C(CN1CCSC1=O)Nc1ccccc1,4,False,True
Mol726,COc1ccc(CNCc2cccc3ccccc23)cc1,c1ccc(CNCc2cccc3ccccc23)cc1,2,True,True
Mol727,O=C(NCc1ccccc1)c1ccc(NS(=O)(=O)c2ccc(C3CCCCC3)cc2)cc1,O=C(NCc1ccccc1)c1ccc(NS(=O)(=O)c2ccc(C3CCCCC3)cc2)cc1,4,True,True
Mol728,Cc1noc(NCc2cccc(-c3cccnc3)c2)n1,c1cncc(-c2cccc(CNc3ncno3)c2)c1,3,True,True
Mol729,CCCn1cnnc1Cn1ccnc1-c1ccc2occc2c1,c1cn(Cc2nnc[nH]2)c(-c2ccc3occc3c2)n1,0,False,True
Mol730,Cc1ccc(NC(=O)CN(C)C(=O)c2ccccc2F)nc1,O=C(CNC(=O)c1ccccc1)Nc1ccccn1,3,False,True
Mol731,O=C(CCNc1ncccn1)N1CCc2ccccc2C1,O=C(CCNc1ncccn1)N1CCc2ccccc2C1,1,True,True
Mol732,CN(Cc1cccc(C#N)c1)Cc1cnn(C)c1,c1ccc(CNCc2cn[nH]c2)cc1,0,False,True
Mol733,Nc1cnc(Cc2ccc(F)cc2)nc1,c1ccc(Cc2ncccn2)cc1,3,False,True
Mol734,Cc1noc([C@@H]2C[C@H](NC(=O)c3ccc(F)cc3)CN2C)n1,O=C(N[C@@H]1CN[C@H](c2ncno2)C1)c1ccccc1,1,True,True
Mol735,Cc1ccc(F)cc1NC(=O)c1cnc2onc(C(C)C)c2c1,O=C(Nc1ccccc1)c1cnc2oncc2c1,3,True,True
Mol736,O=C(CCCc1ccc(F)cc1)N1CCN(c2ccccc2)C(=O)C1,O=C(CCCc1ccccc1)N1CCN(c2ccccc2)C(=O)C1,3,False,True
Mol737,Cc1ccsc1CN(C)C(=O)[C@@H]1CCCN1C(=O)NC(C)C,O=C(NCc1cccs1)[C@@H]1CCCN1,0,True,True
Mol738,CC(C)NC(=O)c1cc(-c2ccccc2)n(-c2ccccn2)n1,c1ccc(-c2ccnn2-c2ccccn2)cc1,1,True,True
Mol739,CS(=O)(=O)NC1CCN(C(=O)NCCc2ccc(F)cc2)CC1,O=C(NCCc1ccccc1)N1CCCCC1,3,False,True
Mol740,Cc1cc(C)c2c(N(C)CCC(C)C)ncnc2n1,c1cnc2ncncc2c1,4,True,True
Mol741,CN(CC(=O)NC1CC1)C(=O)C1C2CC3CC(C2)CC1C3,O=C(CNC(=O)C1C2CC3CC(C2)CC1C3)NC1CC1,2,True,True
Mol742,CCc1nnc(NC(=O)Cc2c(C)noc2C)s1,O=C(Cc1cnoc1)Nc1nncs1,1,False,True
Mol743,CN1CCCN(c2nc(C(F)(F)F)nc3cc4c(cc23)OCO4)CC1,c1nc(N2CCCNCC2)c2cc3c(cc2n1)OCO3,0,True,True
Mol744,CCn1nccc1CNc1nnc(-c2ccc(OC)cc2)o1,c1ccc(-c2nnc(NCc3ccn[nH]3)o2)cc1,1,True,True
Mol745,Fc1cncc(-c2cnc(NCc3ccc(Cl)c(F)c3)nc2)c1,c1ccc(CNc2ncc(-c3cccnc3)cn2)cc1,0,True,True
Mol746,O=C1CCC(=O)N1CCN1CCCCc2ccccc21,O=C1CCC(=O)N1CCN1CCCCc2ccccc21,1,True,True
Mol747,O=C1CC2(CCN(C(=O)NCc3ccccc3)CC2)Oc2ccccc21,O=C1CC2(CCN(C(=O)NCc3ccccc3)CC2)Oc2ccccc21,4,True,True
Mol748,O=C(NC1CCCC1)N1CCN(c2nccn3nc4c(c23)CCCC4)CC1,O=C(NC1CCCC1)N1CCN(c2nccn3nc4c(c23)CCCC4)CC1,1,True,True
Mol749,O=C(Cc1ccccc1F)N1CCN(c2nccn3nc4c(c23)CCCC4)CC1,O=C(Cc1ccccc1)N1CCN(c2nccn3nc4c(c23)CCCC4)CC1,1,True,True
Mol750,CO[C@@H](C(=O)Nc1cc2c(C)cc(=O)oc2cc1C)c1ccccc1,O=C(Cc1ccccc1)Nc1ccc2oc(=O)ccc2c1,4,True,True
Mol751,CCC(=O)NCc1cc(C2CC2)n(C2CCCC2)n1,c1cc(C2CC2)n(C2CCCC2)n1,0,True,True
Mol752,O=C(Nc1nccs1)c1c2c(nc3ccccc13)CCC2,O=C(Nc1nccs1)c1c2c(nc3ccccc13)CCC2,0,True,True
Mol753,CC(C)(C)c1ccc(C2=NC3(CCNCC3)NC2=O)cc1,O=C1NC2(CCNCC2)N=C1c1ccccc1,4,True,True
Mol754,O=C(CSc1ncn[nH]1)N(C1CCCCC1)C1CCCCC1,O=C(CSc1ncn[nH]1)N(C1CCCCC1)C1CCCCC1,3,True,True
Mol755,O=C(CCCc1cc(Cl)sc1Cl)N1CCC(O)CC1,O=C(CCCc1ccsc1)N1CCCCC1,3,True,True
Mol756,Cc1cc(C)n(-c2ccc(CNC(=O)C3CCC3)cn2)n1,O=C(NCc1ccc(-n2cccn2)nc1)C1CCC1,2,True,True
Mol757,CN1CCC(NS(=O)(=O)C2CN(C(=O)c3cccc(Cl)c3)C2)CC1,O=C(c1ccccc1)N1CC(S(=O)(=O)NC2CCNCC2)C1,2,True,True
Mol758,O=C(NCc1ccc2c(c1)OCCO2)c1sccc1C1CC1,O=C(NCc1ccc2c(c1)OCCO2)c1sccc1C1CC1,2,True,True
Mol759,NC(=O)CN1CCC(Oc2cccc(F)c2)CC1,c1ccc(OC2CCNCC2)cc1,1,False,True
Mol760,O=S(=O)(N1CCOCC1)N1CCN(Cc2ccccc2F)CC1,O=S(=O)(N1CCOCC1)N1CCN(Cc2ccccc2)CC1,0,True,True
Mol761,COc1ccc(-c2nc(C3CCN(C(=O)c4sc(C)nc4C)CC3)[nH]c2C(N)=O)cc1,O=C(c1cncs1)N1CCC(c2nc(-c3ccccc3)c[nH]2)CC1,3,False,True
Mol762,CCn1c(SC)nnc1C1CCN(C)CC1,c1nnc(C2CCNCC2)[nH]1,1,False,True
Mol763,CC(=O)N1CCN(CCNC(=O)N2CCc3sccc3C2)CC1,O=C(NCCN1CCNCC1)N1CCc2sccc2C1,1,True,True
Mol764,CC(C)NC(=O)N1CC[C@H](NC2=Nc3cc(F)ccc3N(CC(F)F)c3ccc(Cl)cc32)C1,c1ccc2c(c1)N=C(N[C@H]1CCNC1)c1ccccc1N2,1,True,True
Mol765,Cc1ccccc1CC(=O)N1CCN(C(=O)c2ccccc2)CC1,O=C(Cc1ccccc1)N1CCN(C(=O)c2ccccc2)CC1,2,True,True
Mol766,O=C(Nc1ccccc1-n1ccnc1)c1cccs1,O=C(Nc1ccccc1-n1ccnc1)c1cccs1,3,True,True
Mol767,Cc1nc2c(c(N(C)Cc3ccccc3)n1)CCN(Cc1ccccc1)C2,c1ccc(CNc2ncnc3c2CCN(Cc2ccccc2)C3)cc1,3,True,True
Mol768,CSc1ccc(-c2ccc3n(c2=O)C[C@@H]2CNC[C@H]3C2)cc1,O=c1c(-c2ccccc2)ccc2n1C[C@@H]1CNC[C@H]2C1,0,True,True
Mol769,Cc1nn(-c2ccc(F)cc2)c(Cl)c1C(=O)N1CCC(S(=O)(=O)C(C)C)CC1,O=C(c1cnn(-c2ccccc2)c1)N1CCCCC1,1,False,True
Mol770,COc1ccc(CN2CCN(c3cc(C)nc(N)n3)CC2)cc1OC,c1ccc(CN2CCN(c3ccncn3)CC2)cc1,0,False,True
Mol771,CCN(C(C)=O)c1ccc(C)cc1C(=O)O,c1ccccc1,2,False,True
Mol772,CCc1ncc2c(n1)CN(c1ccnc(-c3ccccc3)n1)CC2,c1ccc(-c2nccc(N3CCc4cncnc4C3)n2)cc1,4,True,True
Mol773,CON(C)C(=O)c1cccc2c(C)c(C)[nH]c12,c1ccc2[nH]ccc2c1,1,True,True
Mol774,CC(C)c1nnc(-c2ccc(-c3ccccc3)nc2)n1-c1cccc2nonc12,c1ccc(-c2ccc(-c3nncn3-c3cccc4nonc34)cn2)cc1,2,True,True
Mol775,O=C(C1CC1)N1CC[C@@H](Cc2n[nH]c(=O)n2-c2ccc(-c3ccc4occc4c3)cc2)C1,O=C(C1CC1)N1CC[C@@H](Cc2n[nH]c(=O)n2-c2ccc(-c3ccc4occc4c3)cc2)C1,1,True,True
Mol776,N#Cc1ccccc1-c1ccc(-c2nccn2-c2cccnc2)o1,c1ccc(-c2ccc(-c3nccn3-c3cccnc3)o2)cc1,0,True,True
Mol777,Cc1cc(CNc2ncc(C(F)(F)F)cc2Cl)no1,c1ccc(NCc2ccon2)nc1,1,True,True
Mol778,COCCNC(=O)CN1CCN(c2nccn2-c2cccc(Cl)c2)CC1,c1ccc(-n2ccnc2N2CCNCC2)cc1,3,True,True
Mol779,Cc1cc(NC(=O)CCc2c(C)nn(C)c2C)no1,O=C(CCc1cn[nH]c1)Nc1ccon1,3,False,True
Mol780,CCCn1ncc2[nH]c(-c3cc(Cn4cncn4)c(C)cc3C)nc21,c1cc(Cn2cncn2)cc(-c2nc3[nH]ncc3[nH]2)c1,3,True,True
Mol781,CCc1nnsc1C(=O)Nc1cccc(-c2nnc3n2CCCCC3)c1,O=C(Nc1cccc(-c2nnc3n2CCCCC3)c1)c1cnns1,4,True,True
Mol782,OC1CCN(c2ncc(-c3cnccn3)c(-c3cccs3)n2)CC1,c1csc(-c2nc(N3CCCCC3)ncc2-c2cnccn2)c1,4,True,True
Mol783,CN(CC(=O)Nc1cc(F)cc(F)c1)c1ccnc(C(N)=O)c1,O=C(CNc1ccncc1)Nc1ccccc1,1,False,True
Mol784,CSc1ncccc1C(=O)Nc1ccc(N2CCCCC2=O)cc1,O=C(Nc1ccc(N2CCCCC2=O)cc1)c1cccnc1,0,False,True
Mol785,CCC1(CC)NC(=O)N(CC(=O)N2CCOCC3(CCCC3)C2)C1=O,O=C(CN1C(=O)CNC1=O)N1CCOCC2(CCCC2)C1,3,True,True
Mol786,O=C(Cc1ccc(Cl)c(Cl)c1)N1CC(n2ccnn2)C1,O=C(Cc1ccccc1)N1CC(n2ccnn2)C1,3,False,True
Mol787,Cc1oc(C)c(C(=O)Nc2ccn(C)n2)c1C,O=C(Nc1cc[nH]n1)c1ccoc1,3,True,True
Mol788,CN(C)c1ccc(Cn2c(=O)[nH]c3ccccc3c2=O)cn1,O=c1[nH]c2ccccc2c(=O)n1Cc1cccnc1,0,True,True
Mol789,Cc1nc(C)c2c(C)c(C(=O)N(C)Cc3ccc(C)o3)sc2n1,O=C(NCc1ccco1)c1cc2cncnc2s1,2,True,True
Mol790,Cc1cccn(Cc2cccc(C#N)c2)c1=O,O=c1ccccn1Cc1ccccc1,0,False,True
Mol791,Cc1cnc(C(=O)N[C@H]2CCOC[C@@H]2O)cc1Cc1ccc(-c2cscn2)cc1,O=C(NC1CCOCC1)c1cc(Cc2ccc(-c3cscn3)cc2)ccn1,1,False,True
Mol792,Cc1nc(N2CCN(C)CC2)nc(C)c1NC(=O)C1CCCCC1,O=C(Nc1cnc(N2CCNCC2)nc1)C1CCCCC1,1,False,True
Mol793,CC(C)(O)C(=O)N1CCC(c2ccc3c(NCc4ccccc4F)n[nH]c3n2)CC1,c1ccc(CNc2n[nH]c3nc(C4CCNCC4)ccc23)cc1,1,True,True
Mol794,CCCc1cc(N2CCc3c(nc(C(C)C)n3C)C2)n2ncnc2n1,c1cc(N2CCc3[nH]cnc3C2)n2ncnc2n1,3,True,True
Mol795,CN(Cc1c(F)cccc1Cl)C(=O)c1ccc(-n2ccnc2)nc1,O=C(NCc1ccccc1)c1ccc(-n2ccnc2)nc1,2,True,True
Mol796,Cc1sc(NC(=O)CN2CCOC(C3CCCO3)C2)c(C)c1C,O=C(CN1CCOC(C2CCCO2)C1)Nc1cccs1,3,True,True
Mol797,Cn1ccnc1CNc1cc(Br)ccc1-n1cccn1,c1ccc(-n2cccn2)c(NCc2ncc[nH]2)c1,1,True,True
Mol798,O[C@@H]1CO[C@H]2C[C@@H]1Nc1c(-c3ccccc3)cccc12,c1ccc(-c2cccc3c2N[C@@H]2CCO[C@H]3C2)cc1,1,True,True
Mol799,O=C(NCCNc1ncccc1C(F)(F)F)c1cnc2ccccn2c1=O,O=C(NCCNc1ccccn1)c1cnc2ccccn2c1=O,4,True,True
Mol800,O=C(Nc1nncs1)c1cccnc1,O=C(Nc1nncs1)c1cccnc1,0,False,True
Mol801,CC(C)c1noc2nc(C3CC3)cc(C(=O)N3CC[C@H](N)C3)c12,O=C(c1cc(C2CC2)nc2oncc12)N1CCCC1,2,False,True
Mol802,Cc1ccc(NC(=O)OC(C)(C)C)c2c1N(C(=O)[C@H]1CCCO1)CCC2,O=C([C@H]1CCCO1)N1CCCc2ccccc21,3,True,True
Mol803,Fc1ccc(F)c(-c2nc(C3CCOCC3)nn2-c2cccnc2)c1,c1ccc(-c2nc(C3CCOCC3)nn2-c2cccnc2)cc1,1,False,True
Mol804,Cc1nc([C@H]2CC[C@H](CNC(=O)CN3CCC(c4ccccc4)CC3)CC2)ccc1C(N)=O,O=C(CN1CCC(c2ccccc2)CC1)NC[C@H]1CC[C@H](c2ccccn2)CC1,0,True,True
Mol805,O=C(NC1(c2ccccc2)CCC1)c1cc(C2CC2)on1,O=C(NC1(c2ccccc2)CCC1)c1cc(C2CC2)on1,0,True,True
Mol806,CN(Cc1nnc(C2CC2)n1C)C(=O)C1C2CC3CC(C2)CC1C3,O=C(NCc1nnc(C2CC2)[nH]1)C1C2CC3CC(C2)CC1C3,0,True,True
Mol807,CN(Cc1nc(N)c2ccccc2n1)Cc1ccc(F)cc1F,c1ccc(CNCc2ncc3ccccc3n2)cc1,4,True,True
Mol808,CCCCCNC(=N)N/N=C/c1c[nH]c2ccc(OC)cc12,c1ccc2[nH]ccc2c1,1,True,True
Mol809,COc1ccc(CCn2c(C3CC3)n[nH]c2=O)cc1,O=c1[nH]nc(C2CC2)n1CCc1ccccc1,0,True,True
Mol810,Cn1c(=O)n(C)c2cc(CN3CCC(c4ccc(Cc5ccccc5F)cn4)CC3)ccc21,O=c1[nH]c2ccc(CN3CCC(c4ccc(Cc5ccccc5)cn4)CC3)cc2[nH]1,3,True,True
Mol811,O=C(NC1CC1)c1cccnc1Oc1ccccc1,O=C(NC1CC1)c1cccnc1Oc1ccccc1,2,False,True
Mol812,N#Cc1ccc(CN2CC(n3cccn3)C2)cc1,c1ccc(CN2CC(n3cccn3)C2)cc1,3,False,True
Mol813,NC(=O)Cn1ccc(-c2ccccc2)n1,c1ccc(-c2cc[nH]n2)cc1,0,False,True
Mol814,COc1ccc(C(=O)Cn2c(=O)n(-c3ccccc3F)c3nc(C)nc(C(N)=O)c32)cc1,O=C(Cn1c(=O)n(-c2ccccc2)c2ncncc21)c1ccccc1,0,False,True
Mol815,Cc1cccc(NC(=O)c2cccc3ncccc23)c1,O=C(Nc1ccccc1)c1cccc2ncccc12,0,True,True
Mol816,CCN(Cc1ccncc1)[C@@H]1CN(C(=O)c2ccccc2)C[C@H]1O,O=C(c1ccccc1)N1CC[C@H](NCc2ccncc2)C1,4,True,True
Mol817,O=C(O)CNc1nc(-c2ccccc2)nc2ccccc12,c1ccc(-c2ncc3ccccc3n2)cc1,3,False,True
Mol818,COCCS(=O)(=O)N1CCC2(Cc3ccccc3C2)C1,c1ccc2c(c1)CC1(CCNC1)C2,4,True,True
Mol819,Cc1cnn(Cc2nnc(-c3ccccc3)s2)c1,c1ccc(-c2nnc(Cn3cccn3)s2)cc1,2,True,True
Mol820,Cc1cc(N(C)Cc2ccc(N)nc2)nc(-c2ccncc2)n1,c1cncc(CNc2ccnc(-c3ccncc3)n2)c1,4,True,True
Mol821,O=C(NCC1CCC1)c1ccc(-n2ccnc2)nn1,O=C(NCC1CCC1)c1ccc(-n2ccnc2)nn1,4,True,True
Mol822,CC1(c2nnc(-c3cc(-c4ccccc4)n[nH]3)o2)CCOCC1,c1ccc(-c2cc(-c3nnc(C4CCOCC4)o3)[nH]n2)cc1,0,True,True
Mol823,COc1ccc2nc(C)c(C(=O)Nc3ccccc3N3CCCC3)cc2c1,O=C(Nc1ccccc1N1CCCC1)c1cnc2ccccc2c1,4,True,True
Mol824,Cc1nnsc1CN(C)c1ccc2cc[nH]c2n1,c1cc2ccc(NCc3cnns3)nc2[nH]1,2,True,True
Mol825,Cn1cnnc1CNc1ccccc1C#N,c1ccc(NCc2nnc[nH]2)cc1,1,False,True
Mol826,O=C(c1ccc(O)nc1)N1CCN(c2ncccn2)CC1,O=C(c1cccnc1)N1CCN(c2ncccn2)CC1,4,False,True
Mol827,COc1ccc(NC(=O)c2snnc2C)c(OC)c1,O=C(Nc1ccccc1)c1cnns1,2,True,True
Mol828,Cc1ccc(F)c(N(C#N)Cc2nccn2C(F)F)c1,c1ccc(NCc2ncc[nH]2)cc1,0,True,True
Mol829,CC(=O)N1CCCN(C(=O)Nc2ccc(N(C)C3CCCCC3)c(F)c2)CC1,O=C(Nc1ccc(NC2CCCCC2)cc1)N1CCCNCC1,0,True,True
Mol830,O=S(=O)(c1cn[nH]c1)N1CCCC(c2cccc(-c3cccc(Cl)c3)n2)C1,O=S(=O)(c1cn[nH]c1)N1CCCC(c2cccc(-c3ccccc3)n2)C1,1,True,True
Mol831,CN(C)c1ncn(-c2cccc(N)c2)n1,c1ccc(-n2cncn2)cc1,2,True,True
Mol832,Cc1ccc(-n2nc(C(C)(C)C)cc2NC(=O)Nc2ccc(OCCN3CCOCC3)c3ccccc23)cc1,O=C(Nc1ccc(OCCN2CCOCC2)c2ccccc12)Nc1ccnn1-c1ccccc1,3,True,True
Mol833,c1ccc(-c2cc3c(N4CCC(c5ncc[nH]5)CC4)ncnc3s2)cc1,c1ccc(-c2cc3c(N4CCC(c5ncc[nH]5)CC4)ncnc3s2)cc1,2,True,True
Mol834,C=CCNC(=O)C1(Cc2ccc(-c3ccccc3)cc2)CCN(C(=O)c2cccnc2)CC1,O=C(c1cccnc1)N1CCC(Cc2ccc(-c3ccccc3)cc2)CC1,4,True,True
Mol835,Cc1ccc(-c2nc(CN3CCOCC3)n(Cc3ccc(F)cc3)n2)o1,c1ccc(Cn2nc(-c3ccco3)nc2CN2CCOCC2)cc1,3,True,True
Mol836,COCC(=O)N1CC[C@H](c2nnc(-c3ccc(C)cc3)o2)C1,c1ccc(-c2nnc([C@H]3CCNC3)o2)cc1,1,False,True
Mol837,CCC1(O)CN(c2ncnc3c2c(Br)nn3C)C1,c1nc(N2CCC2)c2cn[nH]c2n1,2,False,True
Mol838,Cc1cccc(NC(=O)c2ccc3ccccc3c2)n1,O=C(Nc1ccccn1)c1ccc2ccccc2c1,1,True,True
Mol839,c1ccc(-c2c(-c3ccc(OCCN4CCCC4)cc3)[nH]c3ncnc(NCC4SCCS4)c23)cc1,c1ccc(-c2c(-c3ccc(OCCN4CCCC4)cc3)[nH]c3ncnc(NCC4SCCS4)c23)cc1,4,True,True
Mol840,O=C(Nc1cccc(-c2cnco2)c1)C1(c2cccc(F)c2)CCOCC1,O=C(Nc1cccc(-c2cnco2)c1)C1(c2ccccc2)CCOCC1,3,True,True
Mol841,CC(=O)NCC1CCN(C(=O)c2cncn2-c2ccc(F)cc2)CC1,O=C(c1cncn1-c1ccccc1)N1CCCCC1,4,False,True
Mol842,Cn1cc(CCNC(=O)N2CCc3sccc3C2)cn1,O=C(NCCc1cn[nH]c1)N1CCc2sccc2C1,3,True,True
Mol843,Cc1cc(CCCC(=O)NC[C@H]2CC[C@H](c3ccc(C(N)=O)c(C)n3)CC2)ccc1F,O=C(CCCc1ccccc1)NC[C@H]1CC[C@H](c2ccccn2)CC1,0,True,True
Mol844,COC1CCN(C(=O)Nc2cc(C(F)(F)F)cc(C(F)(F)F)c2)CC1,O=C(Nc1ccccc1)N1CCCCC1,1,True,True
Mol845,Cc1cccc(Oc2cc(CN)ccn2)c1C,c1ccc(Oc2ccccn2)cc1,1,False,True
Mol846,CC(C)(C)Sc1c(CC(C)(C)C(=O)O)n(Cc2ccc(Cl)cc2)c2ccc(OCc3ccc4ccccc4n3)cc12,c1ccc(Cn2ccc3cc(OCc4ccc5ccccc5n4)ccc32)cc1,1,True,True
Mol847,Cc1ccc2c(CC(=O)N(C)Cc3nnc4n3CCC4)coc2c1C,O=C(Cc1coc2ccccc12)NCc1nnc2n1CCC2,3,True,True
Mol848,CC(C)(C)c1nnnn1CC(=O)NC12CC3CC(CC(C3)C1)C2,O=C(Cn1cnnn1)NC12CC3CC(CC(C3)C1)C2,0,True,True
Mol849,O=C(O)c1ccccc1-n1cnc(CN2CCCC2)c1,c1ccc(-n2cnc(CN3CCCC3)c2)cc1,3,False,True
Mol850,COc1cccc(CC(=O)Nc2ccc3nc(C)sc3c2)c1,O=C(Cc1ccccc1)Nc1ccc2ncsc2c1,4,True,True
Mol851,Cc1cc(C)c(CC(=O)N2CC(CO)C2)c(C)c1,O=C(Cc1ccccc1)N1CCC1,3,True,True
Mol852,CC(C)C[C@@H](CO)n1cc(-c2ccccc2Cn2cccn2)nn1,c1ccc(-c2c[nH]nn2)c(Cn2cccn2)c1,2,True,True
Mol853,Cc1sc2nc(CN3CCCC3)nc(N)c2c1C,c1cc2cnc(CN3CCCC3)nc2s1,2,False,True
Mol854,CC(C)c1nc2c(n1C)CCN(c1ncnc3ccccc13)C2,c1ccc2c(N3CCc4[nH]cnc4C3)ncnc2c1,4,True,True
Mol855,Cc1nn(CCC#N)c(C)c1Oc1ccccc1O,c1ccc(Oc2cn[nH]c2)cc1,0,False,True
Mol856,OC1(Cn2nnc(-c3cccnc3)n2)CCCCC1,c1cncc(-c2nnn(CC3CCCCC3)n2)c1,0,False,True
Mol857,Cc1cc(C(=O)NCCc2ccccn2)c(C)s1,O=C(NCCc1ccccn1)c1ccsc1,1,True,True
Mol858,Nc1ccc(Oc2ccccc2F)nc1,c1ccc(Oc2ccccn2)cc1,1,False,True
Mol859,Cn1c(-c2ccc(F)cc2)cnc1NC(=O)CCC(=O)N1CC(=O)Nc2ccccc21,O=C(CCC(=O)N1CC(=O)Nc2ccccc21)Nc1ncc(-c2ccccc2)[nH]1,4,True,True
Mol860,Cc1nc(CN2C(=O)CN(C3CCCC3)C2=O)nc2ccccc12,O=C1CN(C2CCCC2)C(=O)N1Cc1ncc2ccccc2n1,0,False,True
Mol861,CCOC(=O)c1cccnc1-c1cccc2ccnn12,c1ccc(-c2cccc3ccnn23)nc1,0,False,True
Mol862,COc1cc2c(cc1OC)CN(C(=O)C1CCCN(C(=O)Nc3ccccc3)C1)CC2,O=C(Nc1ccccc1)N1CCCC(C(=O)N2CCc3ccccc3C2)C1,3,False,True
Mol863,NC(=O)c1ccccc1NC(=O)CN1CCCC(c2nc3ccccc3o2)C1,O=C(CN1CCCC(c2nc3ccccc3o2)C1)Nc1ccccc1,1,True,True
Mol864,COc1cc2c(cc1OC)CN(C(=O)C1CCCN(S(=O)(=O)c3ccc(F)cc3)C1)CC2,O=C(C1CCCN(S(=O)(=O)c2ccccc2)C1)N1CCc2ccccc2C1,0,True,True
Mol865,O=C(c1cccc2ccccc12)N1CCCC(C(=O)N2CCc3ccccc3C2)C1,O=C(c1cccc2ccccc12)N1CCCC(C(=O)N2CCc3ccccc3C2)C1,0,True,True
Mol866,CCCS(=O)(=O)N1CCCC(C(=O)N2CCc3ccccc3C2)C1,O=C(C1CCCNC1)N1CCc2ccccc2C1,1,True,True
Mol867,O=C(CN1CCCC(c2nc3ccccc3o2)C1)Nc1ccc(OC(F)(F)F)cc1,O=C(CN1CCCC(c2nc3ccccc3o2)C1)Nc1ccccc1,1,True,True
Mol868,CC(C(=O)Nc1ccc(C(N)=O)cc1)N1CCCC(c2nc3ccccc3o2)C1,O=C(CN1CCCC(c2nc3ccccc3o2)C1)Nc1ccccc1,1,True,True
Mol869,Cc1ccc(NC(=O)CN2CCCC(c3nc4ccccc4o3)C2)cc1C,O=C(CN1CCCC(c2nc3ccccc3o2)C1)Nc1ccccc1,1,True,True
Mol870,Cc1nc(O)cc(C2CN(C3CCCCC3)C2)n1,c1cc(C2CN(C3CCCCC3)C2)ncn1,3,False,True
Mol871,CN(C(=O)C1CCN(c2ncccn2)CC1)C1CCCCCCC1,O=C(NC1CCCCCCC1)C1CCN(c2ncccn2)CC1,0,True,True
Mol872,CCS(=O)(=O)N1CCC(C(=O)N(C)C2CCCCCCC2)CC1,O=C(NC1CCCCCCC1)C1CCNCC1,1,True,True
Mol873,O=C(CCCc1cc(Cl)sc1Cl)N1CC[C@H](O)C1,O=C(CCCc1ccsc1)N1CCCC1,2,True,True
Mol874,COc1ccnc(N2CC(n3nc(C)cc3C)C2)n1,c1cnc(N2CC(n3cccn3)C2)nc1,0,False,True
Mol875,Cc1cc(Nc2ccc(F)cn2)cc(C2CCN(C(=O)COc3ccccc3F)C2)n1,O=C(COc1ccccc1)N1CCC(c2cc(Nc3ccccn3)ccn2)C1,3,True,True
Mol876,COCCOCc1ccc(-c2cc3onc(-c4ccccc4)c3c(=O)n2C)cc1,O=c1[nH]c(-c2ccccc2)cc2onc(-c3ccccc3)c12,2,True,True
Mol877,Cc1cc(C(=O)N2CCOC(C)(C)C2)cc(C)c1OCc1cccnc1,O=C(c1ccc(OCc2cccnc2)cc1)N1CCOCC1,4,True,True
Mol878,COc1cccc(NC(=O)[C@H]2CCCN(S(=O)(=O)c3ccc(C)cc3)C2)c1,O=C(Nc1ccccc1)[C@H]1CCCN(S(=O)(=O)c2ccccc2)C1,2,True,True
Mol879,Cc1ccc(S(=O)(=O)N2CCC[C@H](C(=O)NC3CCOCC3)C2)cc1,O=C(NC1CCOCC1)[C@H]1CCCN(S(=O)(=O)c2ccccc2)C1,0,False,True
Mol880,COc1ccc(CNC(=O)CCCOc2ccc(C(C)=O)cc2)cc1,O=C(CCCOc1ccccc1)NCc1ccccc1,3,True,True
Mol881,CCc1ccc(-c2nccn2CC(=O)Nc2ccc(C)cc2F)nc1,O=C(Cn1ccnc1-c1ccccn1)Nc1ccccc1,3,True,True
Mol882,Cc1cc(NC(=O)C2CCN(c3ccncc3Cl)CC2)no1,O=C(Nc1ccon1)C1CCN(c2ccncc2)CC1,2,True,True
Mol883,Fc1cccc(CN2CCN(c3ncccn3)CC2)c1,c1ccc(CN2CCN(c3ncccn3)CC2)cc1,1,True,True
Mol884,CCN(Cc1ccccc1)C(=O)c1ccc(O)cc1O,O=C(NCc1ccccc1)c1ccccc1,4,False,True
Mol885,CCN(Cc1ccccc1)C(=O)c1cccnc1N,O=C(NCc1ccccc1)c1cccnc1,2,False,True
Mol886,Cc1nc(-c2cc(C)on2)n(CCc2ccccc2)n1,c1ccc(CCn2ncnc2-c2ccon2)cc1,3,True,True
Mol887,CCCNC(=O)c1ccnc(N(C)C)c1,c1ccncc1,0,True,True
Mol888,O=C(NCC(=O)N1CCN(C2CC2)CC1)c1ccccc1,O=C(NCC(=O)N1CCN(C2CC2)CC1)c1ccccc1,0,False,True
Mol889,CCc1cc2c(cc1N1CCC(N3CCOCC3)CC1)C(C)(C)c1[nH]c3cc(C#N)ccc3c1C2=O,O=C1c2ccc(N3CCC(N4CCOCC4)CC3)cc2Cc2[nH]c3ccccc3c21,2,True,True
Mol890,CCN(C(=O)c1cc(NC(C)=O)ccc1F)C1CCCC1,O=C(NC1CCCC1)c1ccccc1,1,True,True
Mol891,Cc1ccccc1C(=O)Nc1nc(C)c(C)s1,O=C(Nc1nccs1)c1ccccc1,4,True,True
Mol892,CC(C)c1cc(C(=O)N2Cc3ccc(CN4CCN(C)CC4)cc3C2)c(O)cc1O,O=C(c1ccccc1)N1Cc2ccc(CN3CCNCC3)cc2C1,0,False,True
Mol893,COc1ccccc1C(=O)Nc1cccc(C#N)c1,O=C(Nc1ccccc1)c1ccccc1,1,True,True
Mol894,CO[C@H]1COCCN(C(=O)c2cccnc2)C1,O=C(c1cccnc1)N1CCCOCC1,4,False,True
Mol895,CC(=O)Nc1ccc(C(=O)N2CCc3ncncc3C2)cc1,O=C(c1ccccc1)N1CCc2ncncc2C1,1,False,True
Mol896,Cn1ccc(NC(=O)[C@H]2CCCCN2C(=O)OC(C)(C)C)n1,O=C(Nc1cc[nH]n1)[C@H]1CCCCN1,4,False,True
Mol897,CC(C)c1nnc(NCc2ccn(C)c2)o1,c1cc(CNc2nnco2)c[nH]1,4,False,True
Mol898,COc1cc(/C=C2\CCCN([C@@H](C)c3ccc(F)cc3)C2=O)ccc1-n1cnc(C)c1,O=C1/C(=C/c2ccc(-n3ccnc3)cc2)CCCN1Cc1ccccc1,2,True,True
Mol899,CC(C)N1CCC(O)(c2ccccc2F)CC1,c1ccc(C2CCNCC2)cc1,0,False,True
Mol900,CN(Cc1cnn(C)c1)C(=O)c1ccccc1-c1ccccc1C#N,O=C(NCc1cn[nH]c1)c1ccccc1-c1ccccc1,1,True,True
Mol901,O=C(CN1CCc2ccccc21)N1CCC(c2nc3ccccc3[nH]2)CC1,O=C(CN1CCc2ccccc21)N1CCC(c2nc3ccccc3[nH]2)CC1,2,True,True
Mol902,O=c1[nH]c2ccccc2n1C1CCN(CCc2ccccn2)CC1,O=c1[nH]c2ccccc2n1C1CCN(CCc2ccccn2)CC1,4,True,True
Mol903,CC1Cc2ccccc2N1C(=O)CN1CCC(n2c(=O)[nH]c3ccccc32)CC1,O=C(CN1CCC(n2c(=O)[nH]c3ccccc32)CC1)N1CCc2ccccc21,3,True,True
Mol904,Cc1ccc(NC(=O)C(C)(C)c2ccccc2)nc1,O=C(Cc1ccccc1)Nc1ccccn1,4,True,True
Mol905,O=C(NCc1ccc(F)cc1)C1CCN(C(=O)/C=C/c2ccccc2)CC1,O=C(NCc1ccccc1)C1CCN(C(=O)/C=C/c2ccccc2)CC1,4,False,True
Mol906,COCCNc1cc(NC(=O)N2CCCc3cc(CN4CCN(C)CC4=O)c(C=O)nc32)ncc1C#N,O=C1CNCCN1Cc1cnc2c(c1)CCCN2C(=O)Nc1ccccn1,3,True,True
Mol907,CC(C)(C(=O)NCc1ccccn1)c1ccccc1,O=C(Cc1ccccc1)NCc1ccccn1,3,False,True
Mol908,O=C(Nc1ccccc1-n1ccnc1)c1ccc(F)cc1,O=C(Nc1ccccc1-n1ccnc1)c1ccccc1,3,True,True
Mol909,O=C(Nc1ccc(C(=O)O)c(O)c1)c1ccc(NC(=O)c2cccs2)cc1,O=C(Nc1ccccc1)c1ccc(NC(=O)c2cccs2)cc1,4,False,True
Mol910,CC(C(=O)N1CCc2sccc2C1)N1CCCN(c2ccccc2C#N)CC1,O=C(CN1CCCN(c2ccccc2)CC1)N1CCc2sccc2C1,3,True,True
Mol911,COc1ccc(C(=O)N(C)Cc2nccn2C)c(F)c1,O=C(NCc1ncc[nH]1)c1ccccc1,2,False,True
Mol912,CC(C)CN1C(=O)C(=O)N(Cc2ccccn2)C1=O,O=C1NC(=O)N(Cc2ccccn2)C1=O,0,False,True
Mol913,CON(C)C(=O)CCc1c(C)nn(C)c1C,c1cn[nH]c1,2,False,True
Mol914,CN1CCN(c2ncncc2-c2nc(-c3ccccc3)no2)CC1,c1ccc(-c2noc(-c3cncnc3N3CCNCC3)n2)cc1,1,True,True
Mol915,O=C(CNc1ccc(C(=O)N2CCCC2)cc1)N1CCCCC1,O=C(CNc1ccc(C(=O)N2CCCC2)cc1)N1CCCCC1,2,False,True
Mol916,COc1ccc(C)cc1-c1cccnc1O,c1ccc(-c2cccnc2)cc1,2,True,True
Mol917,N#Cc1cccc(-c2ccc3[nH]ccc3c2)n1,c1ccc(-c2ccc3[nH]ccc3c2)nc1,2,True,True
Mol918,Cc1ccc(-c2noc3nc(C)cc(C(=O)O)c23)cc1,c1ccc(-c2noc3ncccc23)cc1,3,False,True
Mol919,O=C(O)c1nc(-c2ccccc2)oc1-c1ccccc1,c1ccc(-c2cnc(-c3ccccc3)o2)cc1,3,True,True
Mol920,O=C(c1cccs1)N1C[C@@H]2CCCN(C(=O)c3cccs3)[C@@H]2C1,O=C(c1cccs1)N1C[C@@H]2CCCN(C(=O)c3cccs3)[C@@H]2C1,4,True,True
Mol921,COc1ccc(C)cc1-n1ccc(C(=O)NC(C)C)n1,c1ccc(-n2cccn2)cc1,0,True,True
Mol922,CC(C)c1csc(NC(=O)C2CCN(c3ncccn3)CC2)n1,O=C(Nc1nccs1)C1CCN(c2ncccn2)CC1,4,True,True
Mol923,CN1CCN(C(=O)C2(NC(=O)c3ccc(C(F)(F)F)cc3)CCCC2)CC1,O=C(NC1(C(=O)N2CCNCC2)CCCC1)c1ccccc1,4,False,True
Mol924,CN(CCc1ccccn1)C(=O)Nc1nncs1,O=C(NCCc1ccccn1)Nc1nncs1,2,False,True
Mol925,CC1CCN(Cc2ccc(NC(=O)c3ccccn3)cc2)CC1,O=C(Nc1ccc(CN2CCCCC2)cc1)c1ccccn1,2,False,True
Mol926,COc1ccc(CNc2ncc(-c3ccc4c(c3)OCO4)n2C)c(OC)c1,c1ccc(CNc2ncc(-c3ccc4c(c3)OCO4)[nH]2)cc1,2,True,True
Mol927,O=C(O)c1ccc(Nc2ncc3c(n2)-c2ccc(Cl)cc2C(c2c(F)cccc2F)=NC3)cc1,c1ccc(Nc2ncc3c(n2)-c2ccccc2C(c2ccccc2)=NC3)cc1,3,False,True
Mol928,CN(C)C(=O)c1ccc(NC(=O)c2cccc(F)c2)cc1,O=C(Nc1ccccc1)c1ccccc1,1,True,True
Mol929,Cc1cccc(NC(=O)CN(C)c2ncccc2F)n1,O=C(CNc1ccccn1)Nc1ccccn1,1,True,True
Mol930,CCN(CC)C(=O)c1ccc(NC(C)=O)cc1,c1ccccc1,2,False,True
Mol931,C[n+]1cc2c3c(ccc2c2ccc4cc5c(cc4c21)OCO5)OCO3,c1cc2c(c[nH+]c3c4cc5c(cc4ccc23)OCO5)c2c1OCO2,4,True,True
Mol932,Cc1ccc(C)c(S(=O)(=O)N2CCCN(CCn3cccn3)CC2)c1,O=S(=O)(c1ccccc1)N1CCCN(CCn2cccn2)CC1,4,True,True
Mol933,CCOCC(=O)N1CCC2(CCc3ccccc3O2)CC1,c1ccc2c(c1)CCC1(CCNCC1)O2,2,True,True
Mol934,CCNC(=O)N1CCC2(CCc3ccccc3O2)CC1,c1ccc2c(c1)CCC1(CCNCC1)O2,2,True,True
Mol935,CCOc1ccc(Nc2nc(-c3c(C)nc4ccccn34)cs2)cc1,c1ccc(Nc2nc(-c3cnc4ccccn34)cs2)cc1,0,True,True
Mol936,CCc1ccc(S(=O)(=O)NCc2ccnc(N3CCCC3)n2)cc1,O=S(=O)(NCc1ccnc(N2CCCC2)n1)c1ccccc1,0,True,True
Mol937,Cc1noc(C2CCN(C(=O)C3(c4cccc(F)c4)CCC3)CC2)n1,O=C(N1CCC(c2ncno2)CC1)C1(c2ccccc2)CCC1,2,True,True
Mol938,Fc1ccc(NCc2cccc(OCCN3CCOCC3)c2)nc1,c1ccc(NCc2cccc(OCCN3CCOCC3)c2)nc1,3,True,True
Mol939,Cc1ccccc1-n1nc(C(C)(C)C)cc1N,c1ccc(-n2cccn2)cc1,0,True,True
Mol940,COc1cccc(CN2CCC(Cc3ccc(-c4cccnc4)cc3)(C(N)=O)CC2)c1,c1ccc(CN2CCC(Cc3ccc(-c4cccnc4)cc3)CC2)cc1,2,True,True
Mol941,Cc1cccn(Cc2cccnc2)c1=O,O=c1ccccn1Cc1cccnc1,2,False,True
Mol942,c1nc(NC2CCN(C3CC3)CC2)c2sccc2n1,c1nc(NC2CCN(C3CC3)CC2)c2sccc2n1,0,True,True
Mol943,Cc1cnn(CC2CC2)c1NC(=O)/C=C/c1ccccc1,O=C(/C=C/c1ccccc1)Nc1ccnn1CC1CC1,3,True,True
Mol944,O=C(NCc1nncn1-c1ccccc1)C1CCCC1,O=C(NCc1nncn1-c1ccccc1)C1CCCC1,0,False,True
Mol945,Cc1nccn1CCCN1C(=O)SC(C)(C)C1=O,O=C1CSC(=O)N1CCCn1ccnc1,3,False,True
Mol946,Cc1ccc(-c2ccccc2-c2nc3c(cnn3C3CCN(C)CC3)[nH]2)o1,c1coc(-c2ccccc2-c2nc3c(cnn3C3CCNCC3)[nH]2)c1,4,False,True
Mol947,Cc1ccc(C)c2c(O)cc(CN3CC(c4ccccn4)C3)nc12,c1ccc(C2CN(Cc3ccc4ccccc4n3)C2)nc1,2,True,True
Mol948,COCc1nc(-c2cc(F)ccc2F)c(C)s1,c1ccc(-c2cscn2)cc1,1,True,True
Mol949,Cn1ncc2c(Oc3cccc(C(C)(C)C)c3)ncnc21,c1ccc(Oc2ncnc3[nH]ncc23)cc1,1,True,True
Mol950,COc1ccc(-c2noc([C@@H]3CCCN3Cc3cccnc3)n2)cn1,c1cncc(CN2CCC[C@H]2c2nc(-c3cccnc3)no2)c1,1,True,True
Mol951,N#Cc1ccccc1Cn1nnc(-c2ccccc2)n1,c1ccc(Cn2nnc(-c3ccccc3)n2)cc1,4,True,True
Mol952,Cc1cccn(Cc2ccccc2F)c1=O,O=c1ccccn1Cc1ccccc1,0,False,True
Mol953,N#CCCN(C(=O)c1sccc1C#N)C12CC3CC(CC(C3)C1)C2,O=C(NC12CC3CC(CC(C3)C1)C2)c1cccs1,1,True,True
Mol954,CN(Cc1ccccn1)c1nc2ccccc2o1,c1ccc(CNc2nc3ccccc3o2)nc1,4,True,True
Mol955,O=C(NCC#CCN1CCc2ccccc2C1)NCc1ccc(F)cc1,O=C(NCC#CCN1CCc2ccccc2C1)NCc1ccccc1,4,True,True
Mol956,Cc1ccc(C(=O)NCC#Cc2ccccc2)cn1,O=C(NCC#Cc1ccccc1)c1cccnc1,1,False,True
Mol957,COc1ccc(CNc2c(-c3ccc(OC)c(OC)c3)nc3cnccn23)cc1,c1ccc(CNc2c(-c3ccccc3)nc3cnccn23)cc1,1,True,True
Mol958,Cc1cc(C)nc(NC(=O)N(C)C2CCC2)c1,O=C(Nc1ccccn1)NC1CCC1,1,True,True
Mol959,CCCCN(C)C(=O)Nc1cc(C)ccn1,c1ccncc1,0,True,True
Mol960,Cn1cncc1CCNC(=O)[C@H]1CC1(C)C,O=C(NCCc1cnc[nH]1)C1CC1,3,False,True
Mol961,CC(C)(C)C(=O)N1CCC(NS(C)(=O)=O)CC1,C1CCNCC1,2,False,True
Mol962,CC1(C)Cc2cc(CN3CCC4(CC3)NC(=O)N(Cc3ccccc3)C4=O)ccc2O1,O=C1NC2(CCN(Cc3ccc4c(c3)CCO4)CC2)C(=O)N1Cc1ccccc1,2,True,True
Mol963,Cc1oc(C)c(C(=O)N(C)Cc2ccccc2N2CCOCC2)c1C,O=C(NCc1ccccc1N1CCOCC1)c1ccoc1,3,True,True
Mol964,c1ccc(CCc2n[nH]c(-c3cccc4cnccc34)n2)cc1,c1ccc(CCc2n[nH]c(-c3cccc4cnccc34)n2)cc1,2,True,True
Mol965,COc1cc2cc(N)c(C3CCN(C(=O)C(C)(C)C)CC3)nc2cc1OC,c1ccc2nc(C3CCNCC3)ccc2c1,1,True,True
Mol966,Nc1nncc(-c2ccccc2OC(F)F)n1,c1ccc(-c2cnncn2)cc1,2,False,True
Mol967,Cc1cccc(C(=O)N(C)CCc2cnccn2)c1,O=C(NCCc1cnccn1)c1ccccc1,4,True,True
Mol968,O=C(C1CCCN(Cc2cc3c(cc2O)OCO3)C1)N1CCOCC1,O=C(C1CCCN(Cc2ccc3c(c2)OCO3)C1)N1CCOCC1,1,True,True
Mol969,O=C(NCc1ncc(-c2ccccc2)o1)C1CCCCC1,O=C(NCc1ncc(-c2ccccc2)o1)C1CCCCC1,0,True,True
Mol970,CC1CCN(CC(=O)Nc2nc(-c3c[nH]c4ccccc34)cs2)CC1,O=C(CN1CCCCC1)Nc1nc(-c2c[nH]c3ccccc23)cs1,0,True,True
Mol971,CNC(=O)Cn1ccc2cc(OC)ccc21,c1ccc2[nH]ccc2c1,1,False,True
Mol972,C#CCNC(=O)c1cc(C(C)C)nn1CC,c1cn[nH]c1,2,False,True
Mol973,CCOC(=O)N1CCN(C(=O)Nc2cccc3c2CCCC3)CC1,O=C(Nc1cccc2c1CCCC2)N1CCNCC1,0,True,True
Mol974,Cc1cccc2sc(NC(=O)C(C)(C)C)nc12,c1ccc2scnc2c1,4,True,True
Mol975,Cc1cccc(NC(=O)c2ccccc2-c2ccccc2)n1,O=C(Nc1ccccn1)c1ccccc1-c1ccccc1,2,True,True
Mol976,Cc1nc(N2CCc3c(ncn3C)C2)c2c(C)c(C)sc2n1,c1nc(N2CCc3[nH]cnc3C2)c2ccsc2n1,1,True,True
Mol977,Cc1sc(-c2ccccn2)nc1-c1ccc(NC(=O)C(C)C)cc1,c1ccc(-c2csc(-c3ccccn3)n2)cc1,3,True,True
Mol978,Cc1c(C(=O)NC2CCN(CC3CCCCC3)CC2)cnn1C,O=C(NC1CCN(CC2CCCCC2)CC1)c1cn[nH]c1,4,False,True
Mol979,COc1cc(F)c(NCC(=O)Nc2ccc(C)cc2)cc1OC,O=C(CNc1ccccc1)Nc1ccccc1,2,True,True
Mol980,CC(=O)N1CCC(C(=O)Nc2nccs2)(c2ccccc2)CC1,O=C(Nc1nccs1)C1(c2ccccc2)CCNCC1,4,True,True
Mol981,O=C(NC[C@H]1CCN(c2ccccc2)C1)N1CCc2sccc2C1,O=C(NC[C@H]1CCN(c2ccccc2)C1)N1CCc2sccc2C1,3,True,True
Mol982,O=C(NCC1=CCCN(Cc2cc(F)ccc2Cl)C1)c1ccco1,O=C(NCC1=CCCN(Cc2ccccc2)C1)c1ccco1,1,True,True
Mol983,c1ccc(Cc2nnc(NC3CCOCC3)s2)cc1,c1ccc(Cc2nnc(NC3CCOCC3)s2)cc1,4,False,True
Mol984,Cc1ccc(CCNC(=O)c2ccncc2)o1,O=C(NCCc1ccco1)c1ccncc1,3,False,True
Mol985,CC(C)(O)CNc1ncc(-c2ccnc(Nc3ccnc(Cl)c3)n2)c(CC2CC2)n1,c1cc(Nc2nccc(-c3cncnc3CC3CC3)n2)ccn1,2,True,True
Mol986,NC(=O)C1CCN(C(=O)CCc2ccc(Cl)cc2)CC1,O=C(CCc1ccccc1)N1CCCCC1,3,False,True
Mol987,O=C(CCc1cc2ccccc2o1)N1CCN(c2cnccn2)CC1,O=C(CCc1cc2ccccc2o1)N1CCN(c2cnccn2)CC1,4,True,True
Mol988,COc1cccc(N(C)CCC(=O)N2CCC(c3ccc(-c4ccc(N)nc4)cn3)CC2)c1,O=C(CCNc1ccccc1)N1CCC(c2ccc(-c3cccnc3)cn2)CC1,2,True,True
Mol989,CC1(C)COCCN1Cc1cnn(-c2ccccc2)n1,c1ccc(-n2ncc(CN3CCOCC3)n2)cc1,2,True,True
Mol990,CN(CC(=O)Nc1ccncc1)C1CCCC1,O=C(CNC1CCCC1)Nc1ccncc1,1,False,True
Mol991,CCn1cc(NC(=O)c2ccccc2C)cn1,O=C(Nc1cn[nH]c1)c1ccccc1,2,True,True
Mol992,CC(C)[C@H](Nc1ncc(Cl)cn1)C(=O)N1CCCC1,O=C(CNc1ncccn1)N1CCCC1,4,True,True
Mol993,Cc1sc2nc(CN3CCOCC3)nc(N3CCN(c4ccncc4)CC3)c2c1C,c1cc(N2CCN(c3nc(CN4CCOCC4)nc4sccc34)CC2)ccn1,4,True,True
Mol994,COc1ccccc1-c1nn(-c2ccccc2)cc1CO,c1ccc(-c2ccn(-c3ccccc3)n2)cc1,1,True,True
Mol995,CCc1nc(CN2C(=O)COc3ccc(F)cc32)cs1,O=C1COc2ccccc2N1Cc1cscn1,0,True,True
Mol996,CCCCn1nc(-c2ccc(C)o2)nc1CNC,c1coc(-c2nc[nH]n2)c1,0,True,True
Mol997,CC(=O)NCCCOc1ccc(CN2C[C@H](Oc3cccc(C)c3)[C@@H](O)C2)cc1,c1ccc(CN2CC[C@@H](Oc3ccccc3)C2)cc1,4,True,True
Mol998,NCc1cccnc1OCc1ccccc1,c1ccc(COc2ccccn2)cc1,3,True,True
Mol999,Fc1ccc(-n2nc(C3CCOCC3)nc2-c2cn[nH]c2)c(F)c1,c1ccc(-n2nc(C3CCOCC3)nc2-c2cn[nH]c2)cc1,4,False,True
Mol1000,CC(C)(C)c1nc(Cn2nnc3ccccc3c2=O)no1,O=c1c2ccccc2nnn1Cc1ncon1,3,False,True
Mol1001,O=C(CN1CCOC(c2ccc(F)cc2)C1)Nc1ccccc1OC(F)F,O=C(CN1CCOC(c2ccccc2)C1)Nc1ccccc1,0,True,True
Mol1002,COc1ccc(NC(=O)C(C)N2CCCN(c3ccc(C(F)(F)F)cn3)CC2)cc1,O=C(CN1CCCN(c2ccccn2)CC1)Nc1ccccc1,0,True,True
Mol1003,Cc1ccc(C(=O)N(C)C)cc1NS(C)(=O)=O,c1ccccc1,2,False,True
Mol1004,CS(=O)(=O)N1CC(c2n[nH]c3ncccc23)C1,c1cnc2[nH]nc(C3CNC3)c2c1,4,False,True
Mol1005,CN1C(=O)COc2ccc(NC(=O)CCN3C(=O)COc4ccc(Cl)cc43)cc21,O=C(CCN1C(=O)COc2ccccc21)Nc1ccc2c(c1)NC(=O)CO2,3,True,True
Mol1006,N=C(N)N/N=C/c1c(Cl)cccc1Cl,c1ccccc1,2,False,True
Mol1007,CCOC(=O)Cc1c(C)[nH]c2c(-c3ccccc3)cnn2c1=O,O=c1cc[nH]c2c(-c3ccccc3)cnn12,3,True,True
Mol1008,Cc1c(CN2CCC(Nc3ncnc4sc(CC(F)(F)F)cc34)CC2)ccc2c1cc(C#N)n2Cc1cn[nH]c1,c1nc(NC2CCN(Cc3ccc4c(ccn4Cc4cn[nH]c4)c3)CC2)c2ccsc2n1,4,True,True
Mol1009,O=C1N=C2C=CC=CN2C12Cc1ccccc1C2,O=C1N=C2C=CC=CN2C12Cc1ccccc1C2,4,False,True
Mol1010,c1cc2cc[nH]c2c(CC2CN(C3CCCC3)C2)n1,c1cc2cc[nH]c2c(CC2CN(C3CCCC3)C2)n1,4,False,True
Mol1011,COc1ccc(-c2csc3ncnc(Oc4ccc(C)nc4)c23)cc1,c1ccc(-c2csc3ncnc(Oc4cccnc4)c23)cc1,3,True,True
Mol1012,Cc1n[nH]c(C)c1Cc1ccc(NCCC(C)C)cc1,c1ccc(Cc2cn[nH]c2)cc1,3,False,True
Mol1013,N[C@H](Cc1c[nH]c2ccccc12)C(=O)N/N=C/c1ccc2nccnc2c1,O=C(CCc1c[nH]c2ccccc12)N/N=C/c1ccc2nccnc2c1,1,True,True
Mol1014,O=C1Oc2nc3cc4c(cc3cc2CN1CCN1CCOCC1)OCCO4,O=C1Oc2nc3cc4c(cc3cc2CN1CCN1CCOCC1)OCCO4,2,False,True
Mol1015,CC(C)(C)c1ccc(=O)n(CC2CN(CC3(O)CCCC3)C2)n1,O=c1cccnn1CC1CN(CC2CCCC2)C1,3,True,True
Mol1016,O=c1ccc(C2CC2)nn1CC1CN(CC2(O)CCCC2)C1,O=c1ccc(C2CC2)nn1CC1CN(CC2CCCC2)C1,1,False,True
Mol1017,Cc1nnc(NCc2cccnc2)c2ccccc12,c1cncc(CNc2nncc3ccccc23)c1,0,True,True
Mol1018,Cc1c(C)n(Cc2ccccc2)c2ncnc(N)c12,c1ccc(Cn2ccc3cncnc32)cc1,3,True,True
Mol1019,CCCCc1c(C)[nH]c2nc(N(Cc3cccs3)C(C)=O)nn2c1=O,O=c1cc[nH]c2nc(NCc3cccs3)nn12,4,True,True
Mol1020,O=c1c2c(nc3ccccn13)CCN(S(=O)(=O)C1CCCCC1)C2,O=c1c2c(nc3ccccn13)CCN(S(=O)(=O)C1CCCCC1)C2,4,True,True
Mol1021,CN1CCC(NC(=O)COc2ccc(C#N)cc2)CC1,O=C(COc1ccccc1)NC1CCNCC1,0,False,True
Mol1022,CC(C)c1nc(O)c2nnn(C[C@@H]3CCCN(C(=O)C(C)(C)C)C3)c2n1,c1ncc2nnn(C[C@@H]3CCCNC3)c2n1,3,True,True
Mol1023,O=C(NC1CCN(c2ccc(OC(F)(F)F)cc2)CC1)N1CCC1,O=C(NC1CCN(c2ccccc2)CC1)N1CCC1,4,False,True
Mol1024,CNC(=O)c1cccc(Cn2nnc(-c3ccccc3Cl)n2)c1,c1ccc(Cn2nnc(-c3ccccc3)n2)cc1,4,True,True
Mol1025,CN(C(=O)c1cncc(F)c1)c1cccc2ncccc12,O=C(Nc1cccc2ncccc12)c1cccnc1,4,True,True
Mol1026,Cc1ccc(NS(C)(=O)=O)c(C(=O)N(C)c2ccc3ccccc3c2)c1,O=C(Nc1ccc2ccccc2c1)c1ccccc1,1,True,True
Mol1027,COc1ccc(-c2cn3c4ccccc4nc3n2CCO)cc1,c1ccc(-c2cn3c(nc4ccccc43)[nH]2)cc1,0,True,True
Mol1028,Cc1ccc(C(=O)NCCc2csc(C)n2)cn1,O=C(NCCc1cscn1)c1cccnc1,0,True,True
Mol1029,O=C(NCCc1ccccc1)c1cnccn1,O=C(NCCc1ccccc1)c1cnccn1,2,True,True
Mol1030,CN(C)C(=O)OCCN1CCC(c2c[nH]c3ncccc23)CC1,c1cnc2[nH]cc(C3CCNCC3)c2c1,0,True,True
Mol1031,CN(Cc1ccc(Br)o1)C(=O)CN1CCCC1=O,O=C(CN1CCCC1=O)NCc1ccco1,4,False,True
Mol1032,Cc1nc(CC2CCN(S(=O)(=O)c3c(C)noc3C)CC2)cc(NC2CCCC2)n1,O=S(=O)(c1cnoc1)N1CCC(Cc2cc(NC3CCCC3)ncn2)CC1,2,True,True
Mol1033,N#Cc1cccc(-c2ccc(=O)n3c2[C@@H]2C[C@@H](CN(Cc4cccs4)C2)C3)c1,O=c1ccc(-c2ccccc2)c2n1C[C@H]1C[C@@H]2CN(Cc2cccs2)C1,1,True,True
Mol1034,CN(Cc1ccccc1N1CCCC1)C(=O)c1cccc(Cn2ccnc2)c1,O=C(NCc1ccccc1N1CCCC1)c1cccc(Cn2ccnc2)c1,4,True,True
Mol1035,Cc1cnc(NCc2ccccc2-n2ccnc2)nc1N(C)C,c1cnc(NCc2ccccc2-n2ccnc2)nc1,3,True,True
Mol1036,COc1ccc2ccccc2c1CNC(=O)c1cnc(C2CC2)nc1,O=C(NCc1cccc2ccccc12)c1cnc(C2CC2)nc1,1,True,True
Mol1037,CSc1ccc(-c2ccc3n(c2=O)C[C@H]2C[C@@H]3CN(C(=O)c3ccncc3)C2)cc1,O=C(c1ccncc1)N1C[C@@H]2C[C@H](C1)c1ccc(-c3ccccc3)c(=O)n1C2,3,True,True
Mol1038,COc1ccc(-c2ccc(CN(CCN3CCOCC3)Cc3cccnc3)cc2)cc1,c1ccc(-c2ccc(CN(CCN3CCOCC3)Cc3cccnc3)cc2)cc1,2,True,True
Mol1039,COc1ccc(C2(NCc3cccc4ncccc34)CC2)cc1,c1ccc(C2(NCc3cccc4ncccc34)CC2)cc1,1,True,True
Mol1040,CC(=O)c1ccc(OCCCCN2CCCC2)cc1,c1ccc(OCCCCN2CCCC2)cc1,4,False,True
Mol1041,O=C(O)c1cc(/C=C/c2csnn2)nc2ccccc12,C(=C/c1ccc2ccccc2n1)\c1csnn1,4,False,True
Mol1042,CSCc1csc(NC(C)=O)n1,c1cscn1,3,True,True
Mol1043,CN(C)c1cc(CNc2ccc(C#N)cn2)ccn1,c1ccc(NCc2ccncc2)nc1,1,True,True
Mol1044,CC(C)(C)n1ncc(C(=O)N2CCCn3ncnc32)c1C(F)(F)F,O=C(c1cn[nH]c1)N1CCCn2ncnc21,2,True,True
Mol1045,c1cnc(-n2cccn2)c(CNC2CCCC2)c1,c1cnc(-n2cccn2)c(CNC2CCCC2)c1,4,False,True
Mol1046,CCc1nnc(Oc2cccnc2)c(C#N)c1CC,c1cncc(Oc2cccnn2)c1,4,True,True
Mol1047,O=C(CSc1nnc(-c2cccs2)[nH]1)N1CCCCCC1,O=C(CSc1nnc(-c2cccs2)[nH]1)N1CCCCCC1,3,True,True
Mol1048,Cc1nc(N(C)C)nc(C)c1NC(=O)C1CCCCC1,O=C(Nc1cncnc1)C1CCCCC1,2,True,True
Mol1049,COc1ccccc1-c1nnc([C@H]2CCN(Cc3ccccc3C)C2)o1,c1ccc(CN2CC[C@H](c3nnc(-c4ccccc4)o3)C2)cc1,0,True,True
Mol1050,Cc1ccc2oc([C@H]3CCN(Cc4cccs4)C3)nc2c1,c1csc(CN2CC[C@H](c3nc4ccccc4o3)C2)c1,4,True,True
Mol1051,CCc1cnc(C)nc1-c1ccc(-c2ccn[nH]2)cc1,c1cc(-c2ccc(-c3ccn[nH]3)cc2)ncn1,4,False,True
Mol1052,O=C(Nc1ccc(N2CCOCC2)nc1)N1CCc2sccc2C1,O=C(Nc1ccc(N2CCOCC2)nc1)N1CCc2sccc2C1,2,True,True
Mol1053,Cc1cn(CCN2CCN(c3ccccc3-c3cc(C#N)cc(C(=O)NCCCN4CCCC4)c3)CC2)c2ccccc12,O=C(NCCCN1CCCC1)c1cccc(-c2ccccc2N2CCN(CCn3ccc4ccccc43)CC2)c1,1,True,True
Mol1054,CCN1CCN(Cc2ccc(Nc3ncc(F)c(-c4cc(F)c5nc(C)n(C(C)C)c5c4)n3)nc2)CC1.CS(=O)(=O)O,c1cc(-c2ccc3nc[nH]c3c2)nc(Nc2ccc(CN3CCNCC3)cn2)n1,4,True,True
Mol1055,CC(C)(C)C[C@@H]1COCc2nc(OCc3ccccn3)cc(=O)n21,O=c1cc(OCc2ccccn2)nc2n1CCOC2,4,True,True
Mol1056,O=C(c1ccc(F)c(F)c1)N1CCN(C(=O)c2nc(Cl)ccc2Cl)CC1,O=C(c1ccccc1)N1CCN(C(=O)c2ccccn2)CC1,2,False,True
Mol1057,COc1ccc(F)cc1CN1CCC(n2c(=O)[nH]c3ccccc32)CC1,O=c1[nH]c2ccccc2n1C1CCN(Cc2ccccc2)CC1,0,True,True
Mol1058,O=c1[nH]c2ccccc2n1C1CCN(CCOc2ccccc2)CC1,O=c1[nH]c2ccccc2n1C1CCN(CCOc2ccccc2)CC1,3,True,True
Mol1059,CC(=O)Nc1cc(CCC2CCNCC2)ccn1,c1cc(CCC2CCNCC2)ccn1,2,False,True
Mol1060,CC(C)Cc1sc(N)nc1-c1ccc(P(=O)(O)O)o1,c1coc(-c2cscn2)c1,3,False,True
Mol1061,O=c1c(-n2ccnn2)c[nH]n1-c1cc(N2CCOCC2)ncn1,O=c1c(-n2ccnn2)c[nH]n1-c1cc(N2CCOCC2)ncn1,3,False,True
Mol1062,CC(C)(C)NC(=O)Cn1nc(C(c2ccccc2)c2ccccc2)oc1=O,O=c1[nH]nc(C(c2ccccc2)c2ccccc2)o1,0,True,True
Mol1063,Cc1ccccc1CSc1ccc(-c2ccccn2)nn1,c1ccc(CSc2ccc(-c3ccccn3)nn2)cc1,1,True,True
Mol1064,CC(C)c1noc(CN2CCC(n3c(=O)[nH]c4ccccc43)CC2)n1,O=c1[nH]c2ccccc2n1C1CCN(Cc2ncno2)CC1,4,True,True
Mol1065,O=C(c1ccccc1)N1CCN2C(=O)N(Cc3ccccc3)C(=O)[C@H]2C1,O=C(c1ccccc1)N1CCN2C(=O)N(Cc3ccccc3)C(=O)[C@H]2C1,1,True,True
Mol1066,CCc1cc(N(C)Cc2ccc(N)nc2)nc(C)n1,c1cncc(CNc2ccncn2)c1,2,False,True
Mol1067,CCC1(O)CN(c2ncccc2C#N)C1,c1ccc(N2CCC2)nc1,0,False,True
Mol1068,Cc1ccc(C(=O)O)cc1NS(=O)(=O)c1csc(C(=O)Nc2ccccc2)c1,O=C(Nc1ccccc1)c1cc(S(=O)(=O)Nc2ccccc2)cs1,4,False,True
Mol1069,O=C1CC[C@H](O)[C@@H](c2cccc(Cl)c2)N1Cc1ccccc1,O=C1CCC[C@@H](c2ccccc2)N1Cc1ccccc1,1,True,True
Mol1070,CC(C)(C)C(=O)Nc1nnc(Cc2ccccc2)s1,c1ccc(Cc2nncs2)cc1,2,False,True
Mol1071,CC(C)(CO)NCCCCn1c2ccccc2c2ccccc21,c1ccc2c(c1)[nH]c1ccccc12,0,True,True
Mol1072,Cn1c(=O)n(C2CCCC2)c(=O)c2c(F)cccc21,O=c1[nH]c2ccccc2c(=O)n1C1CCCC1,0,True,True
Mol1073,Cc1noc2ncc(C(=O)Nc3nc(C4CC4)cs3)cc12,O=C(Nc1nc(C2CC2)cs1)c1cnc2oncc2c1,1,True,True
Mol1074,Cc1noc(C)c1CS(=O)(=O)Cc1cccc2c1OCCO2,O=S(=O)(Cc1cnoc1)Cc1cccc2c1OCCO2,4,True,True
Mol1075,Cc1ccc(CNC(=O)c2cccnc2)n1C,O=C(NCc1ccc[nH]1)c1cccnc1,1,False,True
Mol1076,CN1CCc2nc(NC(=O)c3cncn3-c3ccccc3)sc2C1,O=C(Nc1nc2c(s1)CNCC2)c1cncn1-c1ccccc1,1,True,True
Mol1077,Cc1ccc2cccc(OCC(=O)N(C)c3ccccc3)c2n1,O=C(COc1cccc2cccnc12)Nc1ccccc1,1,True,True
Mol1078,C=CCn1cnc2c(Cl)cc(-c3ccc(C(=O)NC4CC4)o3)cc21,O=C(NC1CC1)c1ccc(-c2ccc3nc[nH]c3c2)o1,0,True,True
Mol1079,CCN1C(=O)CC[C@H](C(=O)N2CCc3cc(F)cc(C)c3C2)[C@H]1c1ccncc1,O=C1CC[C@H](C(=O)N2CCc3ccccc3C2)[C@@H](c2ccncc2)N1,1,True,True
Mol1080,FC(F)(F)COc1ccc(CN2CCc3c(cnn3-c3ccccc3)C2)nn1,c1ccc(-n2ncc3c2CCN(Cc2cccnn2)C3)cc1,1,True,True
Mol1081,COc1ccccc1CC(=O)NC1CCN(C)CC1,O=C(Cc1ccccc1)NC1CCNCC1,2,False,True
Mol1082,CC(=O)N(c1ccc(C)cc1)c1nc(Cn2ccnc2)cs1,c1ccc(Nc2nc(Cn3ccnc3)cs2)cc1,1,True,True
Mol1083,Cc1cc2c(C(N)=O)cccc2n1-c1nc2c(c(NCc3ccccc3)n1)COCC2,c1ccc(CNc2nc(-n3ccc4ccccc43)nc3c2COCC3)cc1,3,True,True
Mol1084,Fc1ccccc1CNc1nc(-c2ccccc2)no1,c1ccc(CNc2nc(-c3ccccc3)no2)cc1,2,True,True
Mol1085,CC(=O)NC1(C(=O)N2CCCN(c3cccnn3)CC2)CCCCC1,O=C(C1CCCCC1)N1CCCN(c2cccnn2)CC1,4,True,True
Mol1086,CNC(=O)c1cccc(Oc2ncnc3c2CN(C)CC3)c1,c1ccc(Oc2ncnc3c2CNCC3)cc1,2,False,True
Mol1087,C#CCN1CCC[C@H]1C(=O)Nc1cnn(-c2ncccn2)c1,O=C(Nc1cnn(-c2ncccn2)c1)[C@@H]1CCCN1,4,False,True
Mol1088,N#Cc1ccccc1N1CCC(N)CC1,c1ccc(N2CCCCC2)cc1,0,True,True
Mol1089,N#Cc1ccc(Cn2cncn2)c(F)c1,c1ccc(Cn2cncn2)cc1,0,False,True
Mol1090,Fc1cccc(Cl)c1CNCCc1c[nH]c2ccccc12,c1ccc(CNCCc2c[nH]c3ccccc23)cc1,4,True,True
Mol1091,CN(C)S(=O)(=O)Nc1ccc(-n2ncc3ccccc32)cc1,c1ccc(-n2ncc3ccccc32)cc1,3,True,True
Mol1092,Cn1cnnc1CCn1ccnc1-c1cc2ccccc2s1,c1ccc2sc(-c3nccn3CCc3nnc[nH]3)cc2c1,2,False,True
Mol1093,CC(=O)N1CCc2ccc(N(C(=O)/C=C/c3cccc(C#N)c3)C3CCN(CCC4CCCC4)CC3)cc21,O=C(/C=C/c1ccccc1)N(c1ccc2c(c1)NCC2)C1CCN(CCC2CCCC2)CC1,3,True,True
Mol1094,Cc1ccc(C(=O)Nc2cccc(C(=O)N(C)C)c2)cn1,O=C(Nc1ccccc1)c1cccnc1,2,False,True
Mol1095,CC(C)c1noc(-c2ccc(N(C)Cc3cccnc3)nc2)n1,c1cncc(CNc2ccc(-c3ncno3)cn2)c1,2,True,True
Mol1096,COc1ccc(-c2nc(CN3CCC[C@H](O)C3)no2)cc1,c1ccc(-c2nc(CN3CCCCC3)no2)cc1,4,True,True
Mol1097,CCc1nc(NC(=O)c2ccccc2F)sc1C,O=C(Nc1nccs1)c1ccccc1,4,True,True
Mol1098,Cc1ccc(NC(=O)CN2CCCN(c3ccc(C(F)(F)F)cn3)CC2)cc1,O=C(CN1CCCN(c2ccccn2)CC1)Nc1ccccc1,0,True,True
Mol1099,O=C(CN1CCCN(c2ccc(C(F)(F)F)cn2)CC1)Nc1cccc(F)c1,O=C(CN1CCCN(c2ccccn2)CC1)Nc1ccccc1,0,True,True
Mol1100,O=C(O)c1ccccc1-c1ccc(CN2CCCCC2)cc1,c1ccc(-c2ccc(CN3CCCCC3)cc2)cc1,4,False,True
Mol1101,CN1CC(=O)N(CCCC(=O)Nc2cccc(C#Cc3cccs3)c2)C1=O,O=C(CCCN1C(=O)CNC1=O)Nc1cccc(C#Cc2cccs2)c1,1,True,True
Mol1102,O=C(CCc1ccco1)Nc1ccccc1OC(F)F,O=C(CCc1ccco1)Nc1ccccc1,2,True,True
Mol1103,Cn1cc(C(=O)NCCc2c[nH]c3ccccc23)c(-c2cccnc2)n1,O=C(NCCc1c[nH]c2ccccc12)c1c[nH]nc1-c1cccnc1,1,True,True
Mol1104,Cc1noc(C)c1CCC(=O)Nc1cccnc1,O=C(CCc1cnoc1)Nc1cccnc1,1,False,True
Mol1105,CCCN1CCCN(c2ncccc2C#N)CC1,c1ccc(N2CCCNCC2)nc1,0,True,True
Mol1106,CSCc1c(C(=O)NC(C)C)oc2ccccc12,c1ccc2occc2c1,1,True,True
Mol1107,Fc1ccc(F)c2c(NCc3ccc(N4CCOCC4)nc3)ccnc12,c1ccc2c(NCc3ccc(N4CCOCC4)nc3)ccnc2c1,2,True,True
Mol1108,CCOc1ccccc1CNCCc1c[nH]c2ccccc12,c1ccc(CNCCc2c[nH]c3ccccc23)cc1,4,True,True
Mol1109,COc1cc(CNCCN2CCOCC2)cc(Cl)c1OCc1ccccc1,c1ccc(COc2ccc(CNCCN3CCOCC3)cc2)cc1,2,True,True
Mol1110,COc1ccncc1NCc1ccc2c(c1)OCCO2,c1cncc(NCc2ccc3c(c2)OCCO3)c1,3,True,True
Mol1111,O=c1c2cccn2c2ccccc2n1CCCN1CCC(c2ccc(Cl)cc2)CC1,O=c1c2cccn2c2ccccc2n1CCCN1CCC(c2ccccc2)CC1,1,True,True
Mol1112,Cn1cc(CCNC(=O)N2CCCc3c(F)cccc32)cn1,O=C(NCCc1cn[nH]c1)N1CCCc2ccccc21,1,True,True
Mol1113,Cc1ccc(-n2ccnc2-c2ccoc2)c2cccnc12,c1cc(-n2ccnc2-c2ccoc2)c2cccnc2c1,2,True,True
Mol1114,O=C(c1cnc(-c2ccccc2)s1)N1CCOC2(CCCC2)C1,O=C(c1cnc(-c2ccccc2)s1)N1CCOC2(CCCC2)C1,2,True,True
Mol1115,Clc1ccccc1CNCc1ccc2c(c1)OCCO2,c1ccc(CNCc2ccc3c(c2)OCCO3)cc1,1,True,True
Mol1116,Cc1cccc(-c2nc(CN(Cc3cnn(C)c3)C(C)C)c(C)o2)c1,c1ccc(-c2nc(CNCc3cn[nH]c3)co2)cc1,2,True,True
Mol1117,O=C(Cc1ccc2ccccc2c1)NCCc1nc2ccccc2[nH]1,O=C(Cc1ccc2ccccc2c1)NCCc1nc2ccccc2[nH]1,2,True,True
Mol1118,COc1ccc(NC(=O)CN2CCC(c3cc(-c4cnc(N)nc4)cc(C)n3)CC2)cc1,O=C(CN1CCC(c2cc(-c3cncnc3)ccn2)CC1)Nc1ccccc1,1,True,True
Mol1119,Cc1ccc(C(=O)Nc2ccccc2C(C)(C)C)cn1,O=C(Nc1ccccc1)c1cccnc1,2,False,True
Mol1120,c1ccc(-c2nsc(N3CCCN(c4nccs4)CC3)n2)cc1,c1ccc(-c2nsc(N3CCCN(c4nccs4)CC3)n2)cc1,0,True,True
Mol1121,Cc1nc(N)c2c(C(F)(F)F)cc(C3CCN(C(=O)Cc4ccc(F)cc4)CC3)nc2n1,O=C(Cc1ccccc1)N1CCC(c2ccc3cncnc3n2)CC1,1,True,True
Mol1122,CCCC(=O)Nc1cnc(N2CCN(C)CC2)nc1,c1cnc(N2CCNCC2)nc1,0,False,True
Mol1123,Cc1nc2cc(NC(=O)CCc3c(C)noc3C)ccc2o1,O=C(CCc1cnoc1)Nc1ccc2ocnc2c1,4,False,True
Mol1124,CN(CC(=O)N(C)C)Cc1cc(C#N)ccc1F,c1ccccc1,2,False,True
Mol1125,O=C(CCc1ccc2c(c1)OCO2)Nc1cccc2cnccc12,O=C(CCc1ccc2c(c1)OCO2)Nc1cccc2cnccc12,1,True,True
Mol1126,O[C@@H]1CO[C@H]2C[C@@H]1Nc1c(Cc3ccccc3)cccc12,c1ccc(Cc2cccc3c2N[C@@H]2CCO[C@H]3C2)cc1,4,True,True
Mol1127,Cc1cc(C)c(S(=O)(=O)Nc2ccc(N(C)C)cc2)c(C)c1-n1cnnn1,O=S(=O)(Nc1ccccc1)c1cccc(-n2cnnn2)c1,4,True,True
Mol1128,Cc1cc(F)ccc1CC(=O)N[C@@H]1CCOC[C@H]1OCCO,O=C(Cc1ccccc1)NC1CCOCC1,1,False,True
Mol1129,COc1ccc(CCC(=O)N2CCN(C(=O)c3cc4n(n3)CCCC4)CC2)cc1,O=C(CCc1ccccc1)N1CCN(C(=O)c2cc3n(n2)CCCC3)CC1,1,True,True
Mol1130,Cc1ccc(-n2c(S)nnc2-c2ccc(O)cc2)c(C)c1,c1ccc(-c2nncn2-c2ccccc2)cc1,0,True,True
Mol1131,Cc1nccn1-c1cncc(N2CCN(CC3CCCC3)C(=O)C2)n1,O=C1CN(c2cncc(-n3ccnc3)n2)CCN1CC1CCCC1,1,True,True
Mol1132,N#Cc1c(O)nc2scc(-c3ccc(-c4ccccc4O)cc3)c2c1O,c1ccc(-c2ccc(-c3csc4ncccc34)cc2)cc1,2,True,True
Mol1133,O=C1CN(C(=O)c2ccc(F)cc2)CCN1,O=C1CN(C(=O)c2ccccc2)CCN1,3,False,True
Mol1134,CN(CC(=O)NC1(C#N)CCCC1)c1ccccc1,O=C(CNc1ccccc1)NC1CCCC1,2,True,True
Mol1135,CCOc1ccc(CC(=O)NCCn2cccnc2=O)cc1,O=C(Cc1ccccc1)NCCn1cccnc1=O,0,False,True
Mol1136,Cc1ccc(C)c(S(=O)(=O)N2CCCN(C3CCC3)CC2)c1,O=S(=O)(c1ccccc1)N1CCCN(C2CCC2)CC1,1,True,True
Mol1137,COc1c(N)ncnc1N1CCCC(C)(C)CC1,c1cc(N2CCCCCC2)ncn1,3,True,True
Mol1138,COc1ccc(-c2nnc(-c3ccccc3)o2)cc1OC,c1ccc(-c2nnc(-c3ccccc3)o2)cc1,2,True,True
Mol1139,Cc1nccc(C2(C)CCN(CC(N)=O)CC2)n1,c1cc(C2CCNCC2)ncn1,0,False,True
Mol1140,Cc1cc2ncn(CC(=O)NC(C)(C)C)c2cc1C,c1ccc2[nH]cnc2c1,4,False,True
Mol1141,O=C1CCCN1c1ccc(NCc2ccccn2)nc1,O=C1CCCN1c1ccc(NCc2ccccn2)nc1,3,False,True
Mol1142,Cc1csc(N2CCN(Cc3ccc(OCC(F)(F)F)nc3)CC2)n1,c1cncc(CN2CCN(c3nccs3)CC2)c1,1,True,True
Mol1143,CNc1nc(-c2cc(OC)cc(OC)c2)ncc1F,c1ccc(-c2ncccn2)cc1,0,True,True
Mol1144,COc1ccccc1-c1nc(C(=O)O)cs1,c1ccc(-c2nccs2)cc1,0,False,True
Mol1145,Cc1ccc(CC(=O)Nc2nc(C)no2)cn1,O=C(Cc1cccnc1)Nc1ncno1,0,False,True
Mol1146,CCCn1c(=O)n(Cc2ccc(C#N)cc2F)c2ccccc21,O=c1[nH]c2ccccc2n1Cc1ccccc1,1,True,True
Mol1147,OCCCCCn1cc(-c2ccccc2-c2ccco2)nn1,c1coc(-c2ccccc2-c2c[nH]nn2)c1,3,True,True
Mol1148,Cc1ccc(C2=NC3(CCN(Cc4ccc(F)cc4)CC3)NC2=O)cc1,O=C1NC2(CCN(Cc3ccccc3)CC2)N=C1c1ccccc1,2,True,True
Mol1149,O=C(NCc1ccccn1)c1ccc(F)cc1Cl,O=C(NCc1ccccn1)c1ccccc1,3,False,True
Mol1150,Nc1ccc(CC(=O)Nc2ccccc2F)cc1,O=C(Cc1ccccc1)Nc1ccccc1,2,False,True
Mol1151,COc1ccc(CN(C)C(=O)Nc2ccccc2)cc1F,O=C(NCc1ccccc1)Nc1ccccc1,3,True,True
Mol1152,Cc1ccc(-n2cc(C(=O)NCCN(C)C)nn2)cc1C,c1ccc(-n2ccnn2)cc1,3,False,True
Mol1153,CC(C)c1ccc(-c2cc3c(=O)n(CCC(=O)NCCN(C)C)ccn3n2)cc1,O=c1[nH]ccn2nc(-c3ccccc3)cc12,3,True,True
Mol1154,CCOC(=O)Nc1ccc2c(c1)N(C(=O)CN(CC)CC)c1ccccc1CC2,c1ccc2c(c1)CCc1ccccc1N2,0,True,True
Mol1155,COc1cc(Nc2ncc3c(n2)-c2ccc(Cl)cc2C(c2c(F)cccc2OC)=NC3)ccc1C(=O)O,c1ccc(Nc2ncc3c(n2)-c2ccccc2C(c2ccccc2)=NC3)cc1,3,False,True
Mol1156,Cc1nccc(-c2cccc(NCc3cc(C)on3)c2)n1,c1cc(NCc2ccon2)cc(-c2ccncn2)c1,4,True,True
Mol1157,O=C(CN1CCCN(c2ccc(C(F)(F)F)cn2)CC1)Nc1ccccc1Cl,O=C(CN1CCCN(c2ccccn2)CC1)Nc1ccccc1,0,True,True
Mol1158,Cc1ccc(C)c(NC(=O)CN2CCCN(c3ccc(C(F)(F)F)cn3)CC2)c1,O=C(CN1CCCN(c2ccccn2)CC1)Nc1ccccc1,0,True,True
Mol1159,C/C=C/CC(=O)N1CCC(c2cc(Cc3ccccc3)n[nH]2)CC1,c1ccc(Cc2cc(C3CCNCC3)[nH]n2)cc1,2,True,True
Mol1160,O=C(NC1=NS(=O)(=O)c2ccccc21)c1cc(-c2ccc(F)cc2)no1,O=C(NC1=NS(=O)(=O)c2ccccc21)c1cc(-c2ccccc2)no1,3,True,True
Mol1161,Cc1cc(CN2CCN(c3ncccn3)CC2)on1,c1cnc(N2CCN(Cc3ccno3)CC2)nc1,0,False,True
Mol1162,CCc1nnc2n1CCN(C(=O)c1ccccc1Oc1cccnc1)C2,O=C(c1ccccc1Oc1cccnc1)N1CCn2cnnc2C1,1,True,True
Mol1163,CNC(=O)c1cc(C2CCN(C)CC2)ncn1,c1cc(C2CCNCC2)ncn1,0,False,True
Mol1164,CN1CCc2ncnc(N3CCCN(c4nccs4)CC3)c2C1,c1csc(N2CCCN(c3ncnc4c3CNCC4)CC2)n1,1,True,True
Mol1165,Cc1cc(N(C)C)nc(N(C)Cc2csc(C)n2)n1,c1cnc(NCc2cscn2)nc1,1,True,True
Mol1166,Cc1cccc(N2CCN(C(=O)c3cncnc3C(C)C)CC2)c1,O=C(c1cncnc1)N1CCN(c2ccccc2)CC1,2,True,True
Mol1167,CCc1cnc(CN2C(=O)NC3(CCC3)C2=O)o1,O=C1NC2(CCC2)C(=O)N1Cc1ncco1,3,False,True
Mol1168,Cc1cnn(C2CN(CC3(O)CCCCC3)C2)c1,c1cnn(C2CN(CC3CCCCC3)C2)c1,2,True,True
Mol1169,CC1(C)CCN(C(=O)NCCOc2cccnc2)C1,O=C(NCCOc1cccnc1)N1CCCC1,0,False,True
Mol1170,CN(Cc1cscn1)c1nc2c(cc1C#N)CCC2,c1nc(CNc2ccc3c(n2)CCC3)cs1,4,True,True
Mol1171,N#CCSCC(=O)NC1CCCCCC1,C1CCCCCC1,4,False,True
Mol1172,Cc1cc(CNc2cc(C(=O)N(C)C)ccn2)sc1Br,c1ccc(NCc2cccs2)nc1,1,True,True
Mol1173,CCC(Nc1cnn(C)c1)c1ccc2c(c1)OCCO2,c1cc2c(cc1CNc1cn[nH]c1)OCCO2,4,True,True
Mol1174,CC(C)c1cccc(CN2C(=O)N(C)C3(CCCCC3)C2=O)n1,O=C1NC2(CCCCC2)C(=O)N1Cc1ccccn1,2,True,True
Mol1175,Cn1c(CNc2ccc(C(=N)N)cc2)nc2cc(C(=O)N(CCC(=O)O)c3ccccn3)ccc21,O=C(Nc1ccccn1)c1ccc2[nH]c(CNc3ccccc3)nc2c1,1,False,True
Mol1176,Brc1cc2c(cc1Cn1cncn1)OCCCO2,c1ncn(Cc2ccc3c(c2)OCCCO3)n1,4,True,True
Mol1177,COCCNc1ncnc2ccsc12,c1ncc2sccc2n1,4,False,True
Mol1178,O=C(c1ccccn1)N1CCCC(c2cccc(-c3cccc(Cl)c3)n2)C1,O=C(c1ccccn1)N1CCCC(c2cccc(-c3ccccc3)n2)C1,4,True,True
Mol1179,CN1CCN(c2ccc(NC(=O)c3ccc(S(=O)(=O)N4CCCc5ccccc54)cc3)cc2)CC1,O=C(Nc1ccc(N2CCNCC2)cc1)c1ccc(S(=O)(=O)N2CCCc3ccccc32)cc1,2,True,True
Mol1180,Cc1cnn(Cc2nc(Cn3cccn3)no2)c1,c1cnn(Cc2noc(Cn3cccn3)n2)c1,2,False,True
Mol1181,COc1ccccc1CC(=O)Nc1ncc(C)s1,O=C(Cc1ccccc1)Nc1nccs1,0,True,True
Mol1182,CCCN(CC)c1ccc(C(=O)N2CCCN(C(C)=O)CC2)cc1,O=C(c1ccccc1)N1CCCNCC1,1,True,True
Mol1183,Cc1c(Cl)cccc1NC(=O)C(C)N1CCCN(c2nccs2)CC1,O=C(CN1CCCN(c2nccs2)CC1)Nc1ccccc1,0,True,True
Mol1184,Cc1nc(N2CCOc3ccccc3C2)c2cnn(C)c2n1,c1ccc2c(c1)CN(c1ncnc3[nH]ncc13)CCO2,3,True,True
Mol1185,COCC(=O)Nc1cccc(-n2cccc2)c1,c1ccc(-n2cccc2)cc1,2,True,True
Mol1186,CO[C@H]1CC[C@@H](C(=O)c2ccc3nc4c(cc3c2)CCCO4)CC1,O=C(c1ccc2nc3c(cc2c1)CCCO3)C1CCCCC1,0,True,True
Mol1187,Cc1cnc(-c2nc(NCc3ccccn3)ncc2-c2onc(C)c2C)cn1,c1ccc(CNc2ncc(-c3ccno3)c(-c3cnccn3)n2)nc1,1,True,True
Mol1188,CC(/C=C/C(=O)NO)=C\[C@@H](C)C(=O)c1ccc(N(C)C)cc1,c1ccccc1,2,True,True
Mol1189,CCNC(=O)c1ccc(-c2cc(C)cc(OC)c2OC)nc1,c1ccc(-c2ccccn2)cc1,0,False,True
Mol1190,Cc1ccc(C)c(OCCN(C)C(=O)c2ccc3c(c2)nnn3C)c1,O=C(NCCOc1ccccc1)c1ccc2[nH]nnc2c1,2,True,True
Mol1191,CC(C)c1nc(NCc2cccnc2)n(C)n1,c1cncc(CNc2ncn[nH]2)c1,0,False,True
Mol1192,COc1ccc(N2CCCN(CC3CCN(C(=O)C4CC4)CC3)CC2)cc1,O=C(C1CC1)N1CCC(CN2CCCN(c3ccccc3)CC2)CC1,3,True,True
Mol1193,CCc1nc2ccccc2n1CC(=O)Nc1ncc(C)s1,O=C(Cn1cnc2ccccc21)Nc1nccs1,4,True,True
Mol1194,O=C(CSC1CCCC1)NCCn1nc2c(cc1=O)CCCC2,O=C(CSC1CCCC1)NCCn1nc2c(cc1=O)CCCC2,1,True,True
Mol1195,O=c1ccc(-c2ccc(F)cc2)nn1Cc1ccncc1,O=c1ccc(-c2ccccc2)nn1Cc1ccncc1,4,True,True
Mol1196,COc1ccc(-c2noc([C@@H]3CCCN3Cc3ccccc3)n2)cn1,c1ccc(CN2CCC[C@H]2c2nc(-c3cccnc3)no2)cc1,3,True,True
Mol1197,Cc1cc(C)c2c(c1)CCCN2C(=O)c1ccc(-c2nnc(C)o2)cc1,O=C(c1ccc(-c2nnco2)cc1)N1CCCc2ccccc21,3,True,True
Mol1198,CCC(=O)N(C)c1ccccc1C(=O)O,c1ccccc1,2,True,True
Mol1199,CCc1cnc(CNC(=O)N2CCC(n3cncn3)CC2)s1,O=C(NCc1nccs1)N1CCC(n2cncn2)CC1,1,False,True
Mol1200,C#CCOc1ccc(C(=O)NN2CCCC2=O)cc1,O=C(NN1CCCC1=O)c1ccccc1,3,False,True
Mol1201,COC(=O)c1ccc(NC(=O)N(C)Cc2ccccc2CN2CCCC2)cc1,O=C(NCc1ccccc1CN1CCCC1)Nc1ccccc1,2,True,True
Mol1202,Cc1ccccc1N(CC(=O)N(C)C)S(C)(=O)=O,c1ccccc1,2,True,True
Mol1203,Cc1ncsc1C(=O)N1C[C@@H]2CCCN(C(=O)c3scnc3C)[C@@H]2C1,O=C(c1cncs1)N1C[C@@H]2CCCN(C(=O)c3cncs3)[C@@H]2C1,4,False,True
Mol1204,COc1cc2ncnc(Nc3ccc(F)c(Cl)c3)c2cc1OCCCN1CCOCC1,c1ccc(Nc2ncnc3ccc(OCCCN4CCOCC4)cc23)cc1,3,True,True
Mol1205,COc1ccc(C(=O)Nc2ccc3oc(C)nc3c2)c(OC)c1,O=C(Nc1ccc2ocnc2c1)c1ccccc1,3,True,True
Mol1206,O=C(NCC1CC1)c1ccc(-n2ccnc2)nc1,O=C(NCC1CC1)c1ccc(-n2ccnc2)nc1,4,False,True
Mol1207,Fc1cccc(OC2CCN(Cc3nc4ccccc4[nH]3)CC2)c1,c1ccc(OC2CCN(Cc3nc4ccccc4[nH]3)CC2)cc1,3,True,True
Mol1208,O=C1NCC2(C/C=C/CCOc3ccccc31)CCN(C(=O)c1ccc3[nH]nnc3c1)CC2,O=C1NCC2(C/C=C/CCOc3ccccc31)CCN(C(=O)c1ccc3[nH]nnc3c1)CC2,2,True,True
Mol1209,Cc1ccc(CN(C)c2ncnc3c2cnn3C)o1,c1coc(CNc2ncnc3[nH]ncc23)c1,4,True,True
Mol1210,O=C(CN1CCC(c2ccccc2)CC1)N1CCNC1=O,O=C(CN1CCC(c2ccccc2)CC1)N1CCNC1=O,1,False,True
Mol1211,N#CC1(NC(=O)CN2CCOCC2)CCCCCC1,O=C(CN1CCOCC1)NC1CCCCCC1,3,False,True
Mol1212,O=C(CCCc1nc2ccccc2[nH]1)N1CCCC1,O=C(CCCc1nc2ccccc2[nH]1)N1CCCC1,3,False,True
Mol1213,C=CCN(Cc1cccnc1)c1nc(C)nc2sccc12,c1cncc(CNc2ncnc3sccc23)c1,3,True,True
Mol1214,CN(C)C(C)(C)CNc1ncnc2ccccc12,c1ccc2ncncc2c1,2,False,True
Mol1215,OC(Cn1cncn1)(Cn1cncn1)c1ccc(F)cc1F,c1ccc(C(Cn2cncn2)Cn2cncn2)cc1,4,False,True
Mol1216,COc1cccc(CN2CCN(C(=O)Cc3ccc(C)cc3)[C@@H](C)C2)c1,O=C(Cc1ccccc1)N1CCN(Cc2ccccc2)CC1,1,True,True
Mol1217,Cc1nc(N(C)C)cc(C2(C)CCNCC2)n1,c1cc(C2CCNCC2)ncn1,0,False,True
Mol1218,O=c1ncn2nc(Sc3ccc(F)cc3F)ccc2c1-c1c(Cl)cccc1Cl,O=c1ncn2nc(Sc3ccccc3)ccc2c1-c1ccccc1,1,True,True
Mol1219,Cc1ccc(CN(C)C(=O)c2cn(Cc3ccccc3F)nn2)cc1,O=C(NCc1ccccc1)c1cn(Cc2ccccc2)nn1,4,True,True
Mol1220,Cc1nnc(NC(=O)c2ccccc2-c2ccc(C(F)(F)F)cc2)s1,O=C(Nc1nncs1)c1ccccc1-c1ccccc1,0,True,True
Mol1221,N#CCCN(C(=O)c1cccs1)C12CC3CC(CC(C3)C1)C2,O=C(NC12CC3CC(CC(C3)C1)C2)c1cccs1,1,True,True
Mol1222,CON(C)C(=O)Cc1c(C)[nH]c2ccccc12,c1ccc2[nH]ccc2c1,1,False,True
Mol1223,Cc1cccc(Oc2ncccc2N)c1C,c1ccc(Oc2ccccn2)cc1,1,True,True
Mol1224,CC(C)c1cnc(COc2ccc(Br)nc2)o1,c1cncc(OCc2ncco2)c1,4,True,True
Mol1225,CCN1CCC(n2cc(CNc3cc(Cl)c4ncc(C#N)c(Nc5ccc(F)c(Cl)c5)c4c3)nn2)CC1,c1ccc(Nc2ccnc3ccc(NCc4cn(C5CCNCC5)nn4)cc23)cc1,1,True,True
Mol1226,CN1CCCN(C(=O)NCCOc2ccc3c(c2)OCO3)CC1,O=C(NCCOc1ccc2c(c1)OCO2)N1CCCNCC1,1,False,True
Mol1227,N#Cc1ccc(CCC(=O)Nc2ccncc2)cc1,O=C(CCc1ccccc1)Nc1ccncc1,2,False,True
Mol1228,Cn1c(=O)c2c(nc3n2CCN3Cc2c(F)cccc2Cl)n(C)c1=O,O=c1[nH]c(=O)c2c(nc3n2CCN3Cc2ccccc2)[nH]1,3,True,True
Mol1229,C#CCNC(=O)Cc1coc2cc(OC)ccc12,c1ccc2occc2c1,1,True,True
Mol1230,COc1ccc(CN2CCc3nc(-c4cccnc4)nc(O)c3C2)c(C)c1C,c1ccc(CN2CCc3nc(-c4cccnc4)ncc3C2)cc1,4,True,True
Mol1231,CN(C)c1nc(N)nc(Sc2ccccc2)n1,c1ccc(Sc2ncncn2)cc1,1,True,True
Mol1232,Cc1c(C(=O)N2CCC(C(=O)Nc3ccc4c(c3)OCO4)CC2)oc2c(F)cccc12,O=C(Nc1ccc2c(c1)OCO2)C1CCN(C(=O)c2cc3ccccc3o2)CC1,4,True,True
Mol1233,O=C(NCC1CC1)c1cncn1-c1ccc(F)cc1,O=C(NCC1CC1)c1cncn1-c1ccccc1,3,False,True
Mol1234,CCc1cc(CN(C)c2nccc(-c3ccc(C)nc3C)n2)on1,c1cncc(-c2ccnc(NCc3ccno3)n2)c1,0,True,True
Mol1235,Cc1cc(C(=O)NCCC2=CSC3=NCCCN23)c2cccc(C)c2n1,O=C(NCCC1=CSC2=NCCCN12)c1ccnc2ccccc12,0,False,True
Mol1236,c1ccc(COc2ccc(CNCC3CCNCC3)cc2)cc1,c1ccc(COc2ccc(CNCC3CCNCC3)cc2)cc1,4,False,True
Mol1237,CN(C)c1cnn(CCC(C#N)(c2ccccc2)c2ccccc2)c(=O)c1,O=c1cccnn1CCC(c1ccccc1)c1ccccc1,2,True,True
Mol1238,Nc1nc(-c2ccccc2)nc2nc(C3CCCN(CC(=O)N4CCCC4)C3)ccc12,O=C(CN1CCCC(c2ccc3cnc(-c4ccccc4)nc3n2)C1)N1CCCC1,0,True,True
Mol1239,COc1cc(C(=O)O)c(N)c(OC)c1OC,c1ccccc1,2,False,True
Mol1240,CC(C)(C)N1CCCN(C(=O)CNc2ccc(C#N)cc2)CC1,O=C(CNc1ccccc1)N1CCCNCC1,0,False,True
Mol1241,O=C(NCCc1ccc2c(c1)OCO2)Nc1ccncc1,O=C(NCCc1ccc2c(c1)OCO2)Nc1ccncc1,1,True,True
Mol1242,COc1ccc(CNC(=O)c2cc(-c3cncc(C)c3)ncc2-c2nccs2)nc1OC,O=C(NCc1ccccn1)c1cc(-c2cccnc2)ncc1-c1nccs1,2,True,True
Mol1243,Cc1sc(C)c(C(=O)NC2(c3ccc(C(=O)O)cc3)CC2)c1Cc1ccc(C(F)(F)F)cc1,O=C(NC1(c2ccccc2)CC1)c1cscc1Cc1ccccc1,3,False,True
Mol1244,COc1cccc(CN2Cc3ccccc3OC3(CCOCC3)C2)c1,c1ccc(CN2Cc3ccccc3OC3(CCOCC3)C2)cc1,3,True,True
Mol1245,NC(=O)COc1ncnc2ccccc12,c1ccc2ncncc2c1,2,False,True
Mol1246,O[C@@H]1CCCC[C@H]1N1CCC(c2ccccc2)CC1,c1ccc(C2CCN(C3CCCCC3)CC2)cc1,0,False,True
Mol1247,CN(C)CCN(Cc1ccccc1)Cc1ccccc1O,c1ccc(CNCc2ccccc2)cc1,3,True,True
Mol1248,Cc1n[nH]c(C)c1CCC(=O)N1CCOCC1,O=C(CCc1cn[nH]c1)N1CCOCC1,4,False,True
Mol1249,CN(CCOCCOc1ccccc1-c1ccccc1)Cc1ccccc1.O=C(O)C(=O)O,c1ccc(CNCCOCCOc2ccccc2-c2ccccc2)cc1,3,True,True
Mol1250,Cn1nccc1CC1CCN(C2CCCC2)CC1,c1cc(CC2CCN(C3CCCC3)CC2)[nH]n1,0,False,True
Mol1251,C=C(C)COc1cccc(C(=O)NCc2nncn2C2CCCCC2)c1,O=C(NCc1nncn1C1CCCCC1)c1ccccc1,4,True,True
Mol1252,Cc1cnc(Cl)nc1-c1ccc(N(Cc2ccc(CNC(=O)C(F)F)cc2)C(=O)c2ccc(O)cc2O)cc1,O=C(c1ccccc1)N(Cc1ccccc1)c1ccc(-c2ccncn2)cc1,2,True,True
Mol1253,CC(=O)Nc1cnn(CC2CCN(C)CC2)c1,c1cnn(CC2CCNCC2)c1,4,False,True
Mol1254,Cc1cc(=O)n(C)c2cc(N3C(=O)CC[C@H](NS(=O)(=O)CC(C)C)[C@H]3c3ccc(Cl)cc3)ccc12,O=C1CCC[C@@H](c2ccccc2)N1c1ccc2ccc(=O)[nH]c2c1,4,True,True
Mol1255,CC(=O)Nc1cccc(CN2CCCN(C(C)=O)c3ccccc32)c1,c1ccc(CN2CCCNc3ccccc32)cc1,1,True,True
Mol1256,Cc1ccccc1C(=O)N1CCC[C@@H]1Cn1nnn(-c2cccs2)c1=O,O=C(c1ccccc1)N1CCC[C@@H]1Cn1nnn(-c2cccs2)c1=O,4,True,True
Mol1257,Cc1nc2ccccc2n1Cc1ccc(C(=O)O)cc1,c1ccc(Cn2cnc3ccccc32)cc1,0,False,True
Mol1258,Cc1cccnc1NC(=O)Cc1coc2c(C)c(C)ccc12,O=C(Cc1coc2ccccc12)Nc1ccccn1,0,True,True
Mol1259,Cn1cc(CN2CCN(c3ccccc3O)CC2)c(-c2ccncc2)n1,c1ccc(N2CCN(Cc3c[nH]nc3-c3ccncc3)CC2)cc1,3,True,True
Mol1260,Cc1cccc(C)c1OCC(=O)N(C)C1(C#N)CCC1,O=C(COc1ccccc1)NC1CCC1,0,True,True
Mol1261,CS(=O)(=O)Cc1ccn(-c2ccccc2)n1,c1ccc(-n2cccn2)cc1,0,False,True
Mol1262,CC1=NN(c2ccc(F)cc2)C(=O)/C1=C(/C)Nc1ccc(S(N)(=O)=O)cc1,O=C1C(=CNc2ccccc2)C=NN1c1ccccc1,0,False,True
Mol1263,CN1CCC(OC(=O)Nc2ccc(Cl)c(Cl)c2)CC1,O=C(Nc1ccccc1)OC1CCNCC1,1,True,True
Mol1264,CCc1nc(C)c(Cn2ccnc2-c2cnc(N3CCCC3)nc2)s1,c1cn(Cc2cncs2)c(-c2cnc(N3CCCC3)nc2)n1,3,True,True
Mol1265,COc1ccc(-c2nc3cc(C)ccc3cc2CN(C)Cc2nccn2C)cc1,c1ccc(-c2nc3ccccc3cc2CNCc2ncc[nH]2)cc1,0,True,True
Mol1266,Cc1ccc2c(c1)cc(CNCCc1ccccc1)c1nnnn12,c1ccc(CCNCc2cc3ccccc3n3nnnc23)cc1,0,True,True
Mol1267,O=C(CCn1cncn1)N(CC#Cc1ccccc1)C1CCCC1,O=C(CCn1cncn1)N(CC#Cc1ccccc1)C1CCCC1,2,True,True
Mol1268,C[C@@H](/C=C\C(F)(F)F)Oc1cc(-c2cc(-c3cc(CN(C)C)cs3)cnc2N)ccc1C(N)=O,c1ccc(-c2cncc(-c3cccs3)c2)cc1,0,True,True
Mol1269,CC(=O)Nc1ccnn1C1CCN(Cc2ccccc2C#Cc2ccccc2)CC1,C(#Cc1ccccc1CN1CCC(n2cccn2)CC1)c1ccccc1,2,True,True
Mol1270,Cc1nnc(-c2ccccc2-c2ccc(O)cc2)s1,c1ccc(-c2ccccc2-c2nncs2)cc1,0,True,True
Mol1271,CCc1cnc(NCc2ccc(CN3CCCC3)cc2)nc1,c1cnc(NCc2ccc(CN3CCCC3)cc2)nc1,0,False,True
Mol1272,CCCNC(=O)c1c(C)nn(-c2ccccc2)c1C,c1ccc(-n2cccn2)cc1,0,True,True
Mol1273,CN1CCN(C(=O)c2cc(Br)cnc2Cl)c2cnccc21,O=C(c1cccnc1)N1CCNc2ccncc21,4,True,True
Mol1274,Cc1nc(COc2ccc(F)cc2)sc1C(=O)N1CCC(C)CC1,O=C(c1cnc(COc2ccccc2)s1)N1CCCCC1,2,True,True
Mol1275,CN(C)c1cc(CNC(=O)C2CCOCC2)ccn1,O=C(NCc1ccncc1)C1CCOCC1,2,False,True
Mol1276,O=C(NCCN1CCC(O)(c2cccc(F)c2)CC1)c1cccc(F)c1,O=C(NCCN1CCC(c2ccccc2)CC1)c1ccccc1,2,True,True
Mol1277,COC(=O)c1cc(F)c(C)c(NC(=O)CCCc2ccccn2)c1,O=C(CCCc1ccccn1)Nc1ccccc1,0,True,True
Mol1278,COc1ccc(C)cc1-n1ccc(C(=O)Nc2c3c(nn2C)CCC3)n1,O=C(Nc1[nH]nc2c1CCC2)c1ccn(-c2ccccc2)n1,4,True,True
Mol1279,CN(c1ccc(NC(=O)Nc2ccc(OC(F)(F)F)cc2)cc1)c1ccnc(Nc2cccc(S(N)(=O)=O)c2)n1,O=C(Nc1ccccc1)Nc1ccc(Nc2ccnc(Nc3ccccc3)n2)cc1,2,False,True
Mol1280,NC(=O)c1cnc(NC2CC2)nc1CCNC(=O)C1(c2cccc(F)c2)CCOCC1,O=C(NCCc1ccnc(NC2CC2)n1)C1(c2ccccc2)CCOCC1,4,True,True
Mol1281,CC(=O)N1CCN(c2c(Cl)cccc2NC(=O)COc2ccc(C(C)C)cc2)CC1,O=C(COc1ccccc1)Nc1ccccc1N1CCNCC1,2,True,True
Mol1282,O[C@@H]1C[C@@H](c2nc(-c3cccnc3)no2)N(CCCc2ccccc2)C1,c1ccc(CCCN2CCC[C@H]2c2nc(-c3cccnc3)no2)cc1,2,True,True
Mol1283,Cn1nc(C2CC2)c2[nH]c(-c3cccc(CN4CCOCC4)c3)nc21,c1cc(CN2CCOCC2)cc(-c2nc3[nH]nc(C4CC4)c3[nH]2)c1,4,True,True
Mol1284,COC(=O)[C@@H]1Cc2ncn(Cc3ccccc3)c2CN1C(C)=O,c1ccc(Cn2cnc3c2CNCC3)cc1,4,True,True
Mol1285,Fc1cccc(CCNCc2cc(-c3ccccc3)cn3nnnc23)c1,c1ccc(CCNCc2cc(-c3ccccc3)cn3nnnc23)cc1,2,True,True
Mol1286,COc1ccc(OC)c(S(=O)(=O)Nc2cccc(CCc3ccccn3)c2)c1,O=S(=O)(Nc1cccc(CCc2ccccn2)c1)c1ccccc1,0,True,True
Mol1287,O=C(O)c1cccc(N2CCC(Oc3ccc(Cl)cc3)CC2)n1,c1ccc(OC2CCN(c3ccccn3)CC2)cc1,0,True,True
Mol1288,c1ccc(C(c2ccccc2)c2noc(Cn3cnc(C4CC4)n3)n2)cc1,c1ccc(C(c2ccccc2)c2noc(Cn3cnc(C4CC4)n3)n2)cc1,1,True,True
Mol1289,Nc1nc(CN2CCN(c3ccc(F)cc3)CC2)cs1,c1ccc(N2CCN(Cc3cscn3)CC2)cc1,0,False,True
Mol1290,COC(=O)Nc1ccc(Oc2nc3ccccc3o2)cc1,c1ccc(Oc2nc3ccccc3o2)cc1,2,False,True
Mol1291,CC1(C)CN(C(=O)c2cncc(Br)c2)CCO1,O=C(c1cccnc1)N1CCOCC1,4,False,True
Mol1292,CN1CCc2nc(NC(=O)c3ccc(Cl)s3)sc2C1,O=C(Nc1nc2c(s1)CNCC2)c1cccs1,1,True,True
Mol1293,O=C(Nn1cnc2ccccc21)c1c2c(nc3ccccc13)CCC2,O=C(Nn1cnc2ccccc21)c1c2c(nc3ccccc13)CCC2,3,False,True
Mol1294,Cc1cccc(N(C)C(=O)COC2CCCC2)n1,O=C(COC1CCCC1)Nc1ccccn1,1,True,True
Mol1295,Cc1cc(C(=O)Nc2cccc(-c3cnco3)c2)c2c(C)nn(C)c2n1,O=C(Nc1cccc(-c2cnco2)c1)c1ccnc2[nH]ncc12,4,True,True
Mol1296,CCN(CC)CCCNc1ncc(-c2cc(C)no2)c(-c2ccco2)n1,c1coc(-c2ncncc2-c2ccno2)c1,3,True,True
Mol1297,Clc1ccc(C2(c3ccc(-c4cn[nH]c4)cc3)CCNCC2)cc1,c1ccc(C2(c3ccc(-c4cn[nH]c4)cc3)CCNCC2)cc1,0,False,True
Mol1298,OCCn1cc(-c2ccc3c(c2)CC/C3=N\O)c(-c2ccncc2)n1,N=C1CCc2cc(-c3c[nH]nc3-c3ccncc3)ccc21,3,True,True
Mol1299,Fc1ccc(CNc2nnc(-c3ccc4c(c3)OCO4)o2)cc1,c1ccc(CNc2nnc(-c3ccc4c(c3)OCO4)o2)cc1,4,True,True
Mol1300,Cc1oc(C)c(C(=O)NCC#Cc2ccccc2)c1C,O=C(NCC#Cc1ccccc1)c1ccoc1,0,True,True
Mol1301,CNC(=O)c1sc2ncccc2c1[C@H]1CC[C@H](CNC(=O)CCc2ccccc2)CC1,O=C(CCc1ccccc1)NC[C@H]1CC[C@H](c2csc3ncccc32)CC1,1,True,True
Mol1302,Cc1cc(NCc2ccnc(N3CCCC3)c2)c2ccccc2n1,c1ccc2c(NCc3ccnc(N4CCCC4)c3)ccnc2c1,0,True,True
Mol1303,Cc1ccc(C)c(OCC(=O)N2CCC(C(=O)Nc3ccccc3)CC2)c1,O=C(Nc1ccccc1)C1CCN(C(=O)COc2ccccc2)CC1,2,True,True
Mol1304,Cc1nccc(-c2cccc(NCC(=O)N3CCCCCCC3)c2)n1,O=C(CNc1cccc(-c2ccncn2)c1)N1CCCCCCC1,1,True,True
Mol1305,Cc1ccc(-c2cnc(N)cn2)c2cccnc12,c1cc(-c2cnccn2)c2cccnc2c1,3,True,True
Mol1306,COc1ccc(CNC(=O)c2nnn(-c3ccc(OC)cc3)c2N)cc1,O=C(NCc1ccccc1)c1cn(-c2ccccc2)nn1,3,True,True
Mol1307,O=C(NC1CCCCC1)C1CCN(c2ccncc2Cl)CC1,O=C(NC1CCCCC1)C1CCN(c2ccncc2)CC1,1,True,True
Mol1308,c1ccc(C2(c3ccccc3)CCCN(Cc3nnc(C4CC4)o3)C2)cc1,c1ccc(C2(c3ccccc3)CCCN(Cc3nnc(C4CC4)o3)C2)cc1,3,True,True
Mol1309,Cc1nn(C)c2ncnc(N(C)Cc3cccc(Cl)c3)c12,c1ccc(CNc2ncnc3[nH]ncc23)cc1,2,True,True
Mol1310,CN(C)C1CN(c2nc(-c3cnccn3)nc3sc4c(c23)CCCC4)C1,c1cnc(-c2nc(N3CCC3)c3c4c(sc3n2)CCCC4)cn1,3,True,True
Mol1311,CC(C)c1nc(CCn2ccnc2-c2ccoc2)cs1,c1cn(CCc2cscn2)c(-c2ccoc2)n1,4,True,True
Mol1312,Cc1cc2occ(CC(=O)NC3CCN(C)CC3)c2cc1C(C)C,O=C(Cc1coc2ccccc12)NC1CCNCC1,4,True,True
Mol1313,CCOC1CCN(C(=O)Cn2c(=O)[nH]c3ccccc32)CC1,O=C(Cn1c(=O)[nH]c2ccccc21)N1CCCCC1,0,False,True
Mol1314,Nc1ccccc1OCCn1ccnc1,c1ccc(OCCn2ccnc2)cc1,2,True,True
Mol1315,CCCCCCNc1ncnc2[nH]ccc12,c1ncc2cc[nH]c2n1,2,True,True
Mol1316,Cc1cc2cc(C(=O)N(Cc3ccc4c(c3)OCO4)C3CC3)ccc2o1,O=C(c1ccc2occc2c1)N(Cc1ccc2c(c1)OCO2)C1CC1,3,True,True
Mol1317,CCOc1ccccc1C(=O)N1CCC(c2nc(-c3ccc(OC)cc3)c(C(N)=O)[nH]2)CC1,O=C(c1ccccc1)N1CCC(c2nc(-c3ccccc3)c[nH]2)CC1,2,True,True
Mol1318,O=C1N[C@@H]2CCN(C(=O)c3ccc(-c4ccccc4)cc3)[C@@H]2C(=O)N1c1ccc(F)cc1,O=C1N[C@@H]2CCN(C(=O)c3ccc(-c4ccccc4)cc3)[C@@H]2C(=O)N1c1ccccc1,1,False,True
Mol1319,CC(C)(C)C(=O)N1CCC(CN2CCCC[C@@H]2CO)CC1,C1CCN(CC2CCNCC2)CC1,2,False,True
Mol1320,COc1cccc(-n2nc(C(=O)O)cc2-c2ccc(C3CCCCC3)c(Cl)c2)c1,c1ccc(-n2nccc2-c2ccc(C3CCCCC3)cc2)cc1,2,True,True
Mol1321,CCN1CCc2ncnc(N3CCNc4ccccc4C3)c2C1,c1ccc2c(c1)CN(c1ncnc3c1CNCC3)CCN2,3,False,True
Mol1322,Cn1cc(NC(=O)c2cn(Cc3ccccc3)nn2)cn1,O=C(Nc1cn[nH]c1)c1cn(Cc2ccccc2)nn1,3,False,True
Mol1323,CCc1noc(-c2ccc(CCN)cc2)n1,c1ccc(-c2ncno2)cc1,0,True,True
Mol1324,O=C(O)CCC(=O)Nc1ccccc1-c1nc2ccccc2[nH]c1=O,O=c1[nH]c2ccccc2nc1-c1ccccc1,1,False,True
Mol1325,O=C(NCCc1cn2c(n1)CCCC2)c1ccccn1,O=C(NCCc1cn2c(n1)CCCC2)c1ccccn1,4,False,True
Mol1326,Cc1cc(C)n(-c2cccc(NC(=O)c3ccc(F)c(F)c3)c2)n1,O=C(Nc1cccc(-n2cccn2)c1)c1ccccc1,0,True,True
Mol1327,O=C(CN1CCc2ccccc21)N1CCNC1=O,O=C(CN1CCc2ccccc21)N1CCNC1=O,1,False,True
Mol1328,O=C(O)c1c2ccccc2nn1Cc1ccccc1,c1ccc(Cn2cc3ccccc3n2)cc1,2,False,True
Mol1329,Cc1nc2cc(-c3nccn3C)nn2c(NCc2cccnc2)c1C,c1cncc(CNc2ccnc3cc(-c4ncc[nH]4)nn23)c1,0,True,True
Mol1330,COc1cc(OC)c(OC)cc1CNc1ccc(N2CCOCC2)c(C(=O)O)c1,c1ccc(CNc2ccc(N3CCOCC3)cc2)cc1,1,False,True
Mol1331,CCOc1ccc(C(=O)Nc2cc(C(=O)OC)ccc2N2CCN(C(C)=O)CC2)cc1,O=C(Nc1ccccc1N1CCNCC1)c1ccccc1,2,True,True
Mol1332,Cc1cccc(NCCc2cn3c(n2)CCCC3)n1,c1ccc(NCCc2cn3c(n2)CCCC3)nc1,4,False,True
Mol1333,COc1cccc(-c2ccc(C(=O)N(C)Cc3c(C)nn(C(C)C)c3C)o2)c1,O=C(NCc1cn[nH]c1)c1ccc(-c2ccccc2)o1,3,True,True
Mol1334,Cc1cc(N(C)C)nc(-n2ccnc2)n1,c1cnc(-n2ccnc2)nc1,1,True,True
Mol1335,CCCC(=O)NCC(=O)Nc1cnc(N2CCN(C)CC2)nc1,c1cnc(N2CCNCC2)nc1,0,False,True
Mol1336,COc1cc2c(cc1NC(C)=O)oc1ccccc12,c1ccc2c(c1)oc1ccccc12,3,True,True
Mol1337,Cn1cncc1-c1ncccc1C(=O)N1CCCC1,O=C(c1cccnc1-c1cnc[nH]1)N1CCCC1,3,False,True
Mol1338,Cc1noc(C(C)C)c1C(=O)Nc1ccccn1,O=C(Nc1ccccn1)c1cnoc1,2,True,True
Mol1339,Cn1ncnc1COc1nn2c(-c3c(F)cccc3F)nnc2cc1C1CCC1,c1ccc(-c2nnc3cc(C4CCC4)c(OCc4ncn[nH]4)nn23)cc1,3,False,True
Mol1340,CNC(=O)CCc1nc(-c2ccccn2)no1,c1ccc(-c2ncon2)nc1,1,False,True
Mol1341,O=C(CN1CCCc2ccc(F)cc21)N1CCNC1=O,O=C(CN1CCCc2ccccc21)N1CCNC1=O,0,False,True
Mol1342,Cc1cc(N(C)C)nc(-n2cnc(C#N)n2)n1,c1cnc(-n2cncn2)nc1,2,True,True
Mol1343,N#CC1(CN2CCc3cc(-c4ccccc4)oc3C2)CC1,c1ccc(-c2cc3c(o2)CN(CC2CC2)CC3)cc1,0,True,True
Mol1344,CCOC(=S)SCC(=O)Nc1nc(-c2ccc(C3CCCCC3)cc2)cs1,c1nc(-c2ccc(C3CCCCC3)cc2)cs1,4,True,True
Mol1345,Nc1nc(N)c2c(Cl)c(Br)ccc2n1,c1ccc2ncncc2c1,2,True,True
Mol1346,c1ccc(Cc2n[nH]c(CSc3ccccc3)n2)cc1,c1ccc(Cc2n[nH]c(CSc3ccccc3)n2)cc1,4,True,True
Mol1347,Cc1cc(-c2ccc(N)nc2)cc(C2CCN(C(=O)CCCc3ccc(F)c(C)c3)CC2)n1,O=C(CCCc1ccccc1)N1CCC(c2cc(-c3cccnc3)ccn2)CC1,3,True,True
Mol1348,Cc1ccc(-c2ccc(=O)n(Cc3ccncc3)n2)cc1,O=c1ccc(-c2ccccc2)nn1Cc1ccncc1,4,True,True
Mol1349,Cc1ccnc(Oc2cc(N)ccc2C)c1,c1ccc(Oc2ccccn2)cc1,1,False,True
Mol1350,CCOC(=O)c1cc2ccccc2n1CC(=O)c1ccc(F)cc1,O=C(Cn1ccc2ccccc21)c1ccccc1,2,True,True
Mol1351,Cn1cc(C(=O)N2CCC(c3cc(C(F)(F)F)c4c(n3)CCNC4=O)CC2)ccc1=O,O=C1NCCc2nc(C3CCN(C(=O)c4ccc(=O)[nH]c4)CC3)ccc21,0,False,True
Mol1352,CC(C)c1ccc2c(c1)[C@H](NC(=O)Cn1ccnn1)CCC2,O=C(Cn1ccnn1)N[C@@H]1CCCc2ccccc21,2,True,True
Mol1353,Cc1ccccc1COC1CN(C(=O)Cn2c(=O)[nH]c3ccccc32)C1,O=C(Cn1c(=O)[nH]c2ccccc21)N1CC(OCc2ccccc2)C1,1,True,True
Mol1354,COc1cc(CNc2nc3ccccc3nc2C)ccn1,c1ccc2nc(NCc3ccncc3)cnc2c1,1,True,True
Mol1355,CCN1CCc2nc(NC(=O)Cc3ccc(Cl)cc3)sc2C1,O=C(Cc1ccccc1)Nc1nc2c(s1)CNCC2,3,True,True
Mol1356,Cc1ccc(-c2ccnc(N3C[C@@H](C)NC[C@@H]3C)n2)c(C)n1,c1cncc(-c2ccnc(N3CCNCC3)n2)c1,3,False,True
Mol1357,Cn1ccnc1CN(C(=O)c1[nH]c2ccccc2c1Cl)C1CC1,O=C(c1cc2ccccc2[nH]1)N(Cc1ncc[nH]1)C1CC1,1,True,True
Mol1358,Clc1ccc(Cc2nc(-c3cccnc3)no2)cc1,c1ccc(Cc2nc(-c3cccnc3)no2)cc1,4,True,True
Mol1359,CCC(=O)N(C)CC(=O)Nc1cccc(F)c1,c1ccccc1,2,False,True
Mol1360,O=C1CCCc2c1[nH]c1cc(-n3ccnc3-c3ccncc3)ccc21,O=C1CCCc2c1[nH]c1cc(-n3ccnc3-c3ccncc3)ccc21,0,True,True
Mol1361,O=C(NCCc1csc(N2CCCC2)n1)N1CCSCC1,O=C(NCCc1csc(N2CCCC2)n1)N1CCSCC1,0,True,True
Mol1362,Cc1ccccc1-n1cc[nH]c(=O)c1=O,O=c1[nH]ccn(-c2ccccc2)c1=O,0,True,True
Mol1363,CCN(CC)C(=O)N1CCCN(C(=O)N(CC)CC)CC1,C1CNCCNC1,1,True,True
Mol1364,c1ccc(-n2ncc3c(-n4ccnc4)ncnc32)cc1,c1ccc(-n2ncc3c(-n4ccnc4)ncnc32)cc1,2,True,True
Mol1365,CCOC(=O)c1ccc(NC(=O)Cn2cnc3ccccc32)cc1,O=C(Cn1cnc2ccccc21)Nc1ccccc1,0,True,True
Mol1366,COC(=O)c1c(C)[nH]c(C(=O)OCC(=O)N(C)Cc2cccs2)c1C,O=C(COC(=O)c1ccc[nH]1)NCc1cccs1,1,True,True
Mol1367,CC(=O)N1CCC(CCNc2ccc3ccc(F)cc3n2)CC1,c1ccc2nc(NCCC3CCNCC3)ccc2c1,3,True,True
Mol1368,O=C(CSC1CCCC1)N1CCC(n2ccnn2)CC1,O=C(CSC1CCCC1)N1CCC(n2ccnn2)CC1,2,True,True
Mol1369,Cc1ccc(C(=O)NC[C@H]2Cn3ccnc3CO2)cc1,O=C(NC[C@H]1Cn2ccnc2CO1)c1ccccc1,3,False,True
Mol1370,CC(C)(C)C(=O)N1CCC(CN2C(=O)C(=O)N(C3CCCC3)C2=O)CC1,O=C1C(=O)N(C2CCCC2)C(=O)N1CC1CCNCC1,2,True,True
Mol1371,CC(=O)N1CCCN(Cc2c(C)nn(C)c2Cl)CC1,c1n[nH]cc1CN1CCCNCC1,1,True,True
Mol1372,NC(=O)CC1CCN(c2ncccn2)CC1,c1cnc(N2CCCCC2)nc1,4,False,True
Mol1373,COc1ccc2nc(C)nc(N3CC(CO)C3)c2c1,c1ccc2c(N3CCC3)ncnc2c1,3,True,True
Mol1374,Nc1ccc(C(=O)N2CCOCC2)c(Cl)c1,O=C(c1ccccc1)N1CCOCC1,4,False,True
Mol1375,O=C(CCc1ccc2c(c1)OCO2)Nc1nc2c(s1)CCC2,O=C(CCc1ccc2c(c1)OCO2)Nc1nc2c(s1)CCC2,2,True,True
Mol1376,Cc1nccc(C2CCN(Cc3ncc[nH]3)CC2)n1,c1cc(C2CCN(Cc3ncc[nH]3)CC2)ncn1,0,False,True
Mol1377,CCCC(=O)Nc1ccc(C)c2ncccc12,c1ccc2ncccc2c1,1,True,True
Mol1378,CC(C)Cn1c(=O)[nH]c(=O)c2c1nc1n2CCCCC1,O=c1[nH]c(=O)c2c(nc3n2CCCCC3)[nH]1,4,True,True
Mol1379,O=C1CCCN1C(=O)COc1cccc(-c2nnco2)c1,O=C1CCCN1C(=O)COc1cccc(-c2nnco2)c1,2,False,True
Mol1380,CCn1nccc1-c1cc(CC2CCNCC2)ncn1,c1cc(-c2cc(CC3CCNCC3)ncn2)[nH]n1,3,False,True
Mol1381,Cc1ccc(C(=O)N(C)Cc2c(C)noc2C)cn1,O=C(NCc1cnoc1)c1cccnc1,0,False,True
Mol1382,O=C(CCn1nnc2ccccc2c1=O)Nc1ccncc1,O=C(CCn1nnc2ccccc2c1=O)Nc1ccncc1,0,True,True
Mol1383,O=c1[nH]c2cnccc2n1Cc1ccccc1,O=c1[nH]c2cnccc2n1Cc1ccccc1,2,False,True
Mol1384,Cc1nn(Cc2cccc(Br)c2)c(C)c1C(=O)O,c1ccc(Cn2cccn2)cc1,0,False,True
Mol1385,Clc1ccc(Cc2nc(-c3ccccc3)n[nH]2)cn1,c1ccc(-c2n[nH]c(Cc3cccnc3)n2)cc1,4,True,True
Mol1386,CCCn1ncc2[nH]c(C3CCCCC3)nc21,c1n[nH]c2nc(C3CCCCC3)[nH]c12,4,True,True
Mol1387,Cc1ccc(-c2noc(CCC(=O)N3CCCC3(C)C)n2)cc1F,O=C(CCc1nc(-c2ccccc2)no1)N1CCCC1,0,True,True
Mol1388,CCC(=O)N1CCCc2cc(C(O)CN3CCN(c4ccc(OC)cc4)CC3)ccc21,c1ccc(N2CCN(CCc3ccc4c(c3)CCCN4)CC2)cc1,3,True,True
Mol1389,O=C(Nc1nc2ccccc2[nH]1)C1CCCCC1,O=C(Nc1nc2ccccc2[nH]1)C1CCCCC1,2,True,True
Mol1390,O=C(Nc1nc2ccccc2[nH]1)c1ccncc1,O=C(Nc1nc2ccccc2[nH]1)c1ccncc1,1,False,True
Mol1391,O=C(Cc1ccc2c(c1)OCCO2)NC1CCCCCC1,O=C(Cc1ccc2c(c1)OCCO2)NC1CCCCCC1,4,True,True
Mol1392,CNC(=O)CN1CCCN(C(=O)c2c(C)nn(-c3ccccc3)c2Cl)CC1,O=C(c1cnn(-c2ccccc2)c1)N1CCCNCC1,1,False,True
Mol1393,CC(C(O)c1ccc(O)cc1)N1CCC(Cc2ccccc2)CC1,c1ccc(CCN2CCC(Cc3ccccc3)CC2)cc1,4,True,True
Mol1394,CC(C)(C)n1cc(CNc2cccnc2)cn1,c1cncc(NCc2cn[nH]c2)c1,3,False,True
Mol1395,Cc1nccc(-c2cccc(NCC(=O)N(C)c3ccccc3)c2)n1,O=C(CNc1cccc(-c2ccncn2)c1)Nc1ccccc1,0,True,True
Mol1396,Cc1cc(C)n2ncc(C(=O)NC3CCCCC3)c2n1,O=C(NC1CCCCC1)c1cnn2cccnc12,4,True,True
Mol1397,Cc1ccc(N2CCN(C(=O)c3c(C)nc4sccn34)CC2=O)cc1,O=C(c1cnc2sccn12)N1CCN(c2ccccc2)C(=O)C1,0,False,True
Mol1398,Cn1c(CNC(=O)Cc2ccccc2)nc2ccccc21,O=C(Cc1ccccc1)NCc1nc2ccccc2[nH]1,4,True,True
Mol1399,Cc1ccnc(NC(=O)CN2CCCC2=O)c1,O=C(CN1CCCC1=O)Nc1ccccn1,0,False,True
Mol1400,CC(=O)N1CCC(Cn2ccnc2-c2cc3ccccc3s2)CC1,c1ccc2sc(-c3nccn3CC3CCNCC3)cc2c1,3,True,True
Mol1401,Cc1nc(CN2C[C@@H](c3ccc4c(c3)OCO4)[C@@H]3[C@H]2C2CCN3CC2)co1,c1nc(CN2C[C@@H](c3ccc4c(c3)OCO4)[C@@H]3[C@H]2C2CCN3CC2)co1,4,True,True
Mol1402,CC(C)c1cc(N2CCc3[nH]nc(C4CC4)c3C2)n2nccc2n1,c1cc(N2CCc3[nH]nc(C4CC4)c3C2)n2nccc2n1,3,True,True
Mol1403,Fc1ccccc1-c1noc(-c2ccc(NCCc3cnccn3)nc2)n1,c1ccc(-c2noc(-c3ccc(NCCc4cnccn4)nc3)n2)cc1,1,True,True
Mol1404,COc1ccccc1OC1CCN(Cc2ccccc2C#N)CC1,c1ccc(CN2CCC(Oc3ccccc3)CC2)cc1,2,True,True
Mol1405,O=C(NCC1(c2ccccc2)CC1)c1cccnc1,O=C(NCC1(c2ccccc2)CC1)c1cccnc1,1,False,True
Mol1406,C#CCNC(=O)CCc1c(C)nn(C)c1C,c1cn[nH]c1,2,False,True
Mol1407,COc1cc2c(cc1OC)CN(C(=O)C1CCCN(S(=O)(=O)c3cccs3)C1)CC2,O=C(C1CCCN(S(=O)(=O)c2cccs2)C1)N1CCc2ccccc2C1,2,True,True
Mol1408,COc1cc2c(cc1OC)CN(C(=O)C1CCCN(C(C)=O)C1)CC2,O=C(C1CCCNC1)N1CCc2ccccc2C1,1,False,True
Mol1409,COc1cc2c(cc1OC)CN(C(=O)C1CCCN(C(=O)OC(C)(C)C)C1)CC2,O=C(C1CCCNC1)N1CCc2ccccc2C1,1,True,True
Mol1410,Cn1ncc2c1CCc1sc(NC(=O)c3cccnc3)nc1-2,O=C(Nc1nc2c(s1)CCc1[nH]ncc1-2)c1cccnc1,2,True,True
Mol1411,COc1ccc2nc(NCc3cnn(C)c3)ccc2c1,c1ccc2nc(NCc3cn[nH]c3)ccc2c1,1,True,True
Mol1412,O=C(c1cccc(N2CCNC2=O)c1)N1CCc2ccccc2C1,O=C(c1cccc(N2CCNC2=O)c1)N1CCc2ccccc2C1,3,True,True
Mol1413,Cc1nnc(N2CCCSCC2)c(C#N)c1C,c1cnnc(N2CCCSCC2)c1,4,True,True
Mol1414,CN(C)CCN(Cc1ccccc1)C(=O)CCC(=O)Nc1ncc(-c2ccccc2)n1C,O=C(CCC(=O)Nc1ncc(-c2ccccc2)[nH]1)NCc1ccccc1,1,True,True
Mol1415,CC1(C)CN(C(=O)C2(C(=O)N3CC(C)(C)C3(C)C)CCC2)C1(C)C,O=C(N1CCC1)C1(C(=O)N2CCC2)CCC1,4,True,True
Mol1416,Cc1cccc(O[C@H]2CN(Cc3ccc(OCCCO)cc3)C[C@@H]2O)c1,c1ccc(CN2CC[C@@H](Oc3ccccc3)C2)cc1,4,True,True
Mol1417,c1csc(-c2csc3nc(CN4CCOCC4)nc(N4CCc5[nH]ncc5C4)c23)c1,c1csc(-c2csc3nc(CN4CCOCC4)nc(N4CCc5[nH]ncc5C4)c23)c1,4,True,True
Mol1418,CC(C)n1nnnc1-c1ccc(N)cc1F,c1ccc(-c2nnn[nH]2)cc1,1,False,True
Mol1419,Cc1nn(C)c(C)c1CCC(=O)N1CCN(C)Cc2ccccc21,O=C(CCc1cn[nH]c1)N1CCNCc2ccccc21,4,True,True
Mol1420,O=C(Nc1nc(-c2ccccn2)cs1)c1ccc(F)cc1Cl,O=C(Nc1nc(-c2ccccn2)cs1)c1ccccc1,0,True,True
Mol1421,Cc1n[nH]c(-c2c(C)c3cc(F)ccc3n2C)n1,c1ccc2[nH]c(-c3ncn[nH]3)cc2c1,4,True,True
Mol1422,CCN1CCc2ncnc(N(C)Cc3ccc4c(c3)OCCO4)c2C1,c1nc2c(c(NCc3ccc4c(c3)OCCO4)n1)CNCC2,2,True,True
Mol1423,Cc1nc(NCC(C)(C)c2ccccc2)n(C)n1,c1ccc(CCNc2ncn[nH]2)cc1,1,True,True
Mol1424,CCCc1nnc(NCc2cn3ccc(C)cc3n2)o1,c1ccn2cc(CNc3nnco3)nc2c1,3,False,True
Mol1425,CNC(=O)c1ccccc1Nc1nc(Nc2ccc(N3CCOCC3)cc2OC)ncc1Cl,c1ccc(Nc2ccnc(Nc3ccc(N4CCOCC4)cc3)n2)cc1,0,True,True
Mol1426,COc1ccc(C(=O)N2CCCC2)cc1NC(C)C,O=C(c1ccccc1)N1CCCC1,4,True,True
Mol1427,O=C(OCc1cc(Cl)ccn1)c1ccc2[nH]c(C(F)F)nc2c1,O=C(OCc1ccccn1)c1ccc2[nH]cnc2c1,1,True,True
Mol1428,Cc1nc(-c2cnn(C)c2-c2ccc(C(F)(F)F)cn2)c2c(N3CCC3)ncnn12,c1ccc(-c2[nH]ncc2-c2ncn3ncnc(N4CCC4)c23)nc1,4,True,True
Mol1429,N#CCN(C(=O)c1cn(-c2ccc(Br)cc2)cn1)C1CC1,O=C(NC1CC1)c1cn(-c2ccccc2)cn1,1,False,True
Mol1430,CN(C)c1cccc(Cn2ccnc2-c2ccc(O)cc2)c1,c1ccc(Cn2ccnc2-c2ccccc2)cc1,3,True,True
Mol1431,CC(C)(C)OC(=O)NCc1ccc(C(=N)NC(=O)OCc2ccccc2)cc1,N=C(NC(=O)OCc1ccccc1)c1ccccc1,4,True,True
Mol1432,N#Cc1cccc(CN2CCOC[C@H](Oc3ccccc3)C2)c1,c1ccc(CN2CCOC[C@H](Oc3ccccc3)C2)cc1,3,True,True
Mol1433,Cc1noc(OCC(=O)N2CCCCCC2)n1,O=C(COc1ncno1)N1CCCCCC1,4,False,True
Mol1434,Cc1csc(NC(=O)c2ccc(-c3ccncc3)cc2)n1,O=C(Nc1nccs1)c1ccc(-c2ccncc2)cc1,1,True,True
Mol1435,CCN(C(=O)N1CCC(CC(=O)N2CCN(C)CC2)CC1)C(C)C,O=C(CC1CCNCC1)N1CCNCC1,3,True,True
Mol1436,Cc1cccc(-n2cnnc2CCCN2CCOCC2)c1,c1ccc(-n2cnnc2CCCN2CCOCC2)cc1,1,False,True
Mol1437,Cc1ccnc(C2CCN(C3CCCC3)CC2)n1,c1cnc(C2CCN(C3CCCC3)CC2)nc1,2,False,True
Mol1438,Cc1ccc2[nH]c(C3CCN(C)CC3)nc2c1,c1ccc2[nH]c(C3CCNCC3)nc2c1,4,True,True
Mol1439,CN1CC[C@@H](c2c(O)cc(O)c3c(=O)cc(-c4ccccc4Cl)oc23)[C@@H]1CO,O=c1cc(-c2ccccc2)oc2c([C@@H]3CCNC3)cccc12,0,True,True
Mol1440,O=c1[nH]c2ccccc2n1C1CCN(Cc2nc(-c3ccsc3)no2)CC1,O=c1[nH]c2ccccc2n1C1CCN(Cc2nc(-c3ccsc3)no2)CC1,2,True,True
Mol1441,CC(c1nnc(-c2cccs2)o1)N1CCC(n2c(=O)[nH]c3ccccc32)CC1,O=c1[nH]c2ccccc2n1C1CCN(Cc2nnc(-c3cccs3)o2)CC1,4,True,True
Mol1442,O=C(CN1CCC(n2c(=O)[nH]c3ccccc32)CC1)N1CCc2ccccc21,O=C(CN1CCC(n2c(=O)[nH]c3ccccc32)CC1)N1CCc2ccccc21,3,True,True
Mol1443,CN(Cc1ccc(Cl)cc1)C(=O)c1ccc(-n2ccnc2)nc1,O=C(NCc1ccccc1)c1ccc(-n2ccnc2)nc1,2,False,True
Mol1444,N#Cc1ccccc1OCc1csc(-c2ncccn2)n1,c1ccc(OCc2csc(-c3ncccn3)n2)cc1,1,True,True
Mol1445,Nc1ccc2c(c1)ncn2CCc1ccccc1,c1ccc(CCn2cnc3ccccc32)cc1,0,False,True
Mol1446,COc1cccc(CN(C)c2ncnc3c2CN(C)CC3)c1,c1ccc(CNc2ncnc3c2CNCC3)cc1,0,True,True
Mol1447,CCONC(=O)c1sc(C)nc1C,c1cscn1,3,False,True
Mol1448,Cc1ccc(-c2nnc([C@H]3CCN(Cc4cc5ccccc5o4)C3)o2)cc1,c1ccc(-c2nnc([C@H]3CCN(Cc4cc5ccccc5o4)C3)o2)cc1,2,True,True
Mol1449,CC(C)CN1CC[C@H](c2nc3ccc(C#N)cc3[nH]2)C1,c1ccc2[nH]c([C@H]3CCNC3)nc2c1,4,True,True
Mol1450,O=C(O)c1ccc(CN2CC[C@H](c3nc4cc(Cl)ccc4o3)C2)cc1,c1ccc(CN2CC[C@H](c3nc4ccccc4o3)C2)cc1,4,False,True
Mol1451,N#Cc1ccc2nc([C@H]3CCN(C4CCC4)C3)[nH]c2c1,c1ccc2[nH]c([C@H]3CCN(C4CCC4)C3)nc2c1,1,True,True
Mol1452,O=C(O)c1cnc(/C=C/c2csc(-c3ccsc3)n2)s1,C(=C/c1nccs1)\c1csc(-c2ccsc2)n1,2,True,True
Mol1453,FC(F)(F)c1nccc(NCCSc2nc3ccccc3o2)n1,c1ccc2oc(SCCNc3ccncn3)nc2c1,3,True,True
Mol1454,O=C(Cc1cccc(I)c1)N1CC(CO)C1,O=C(Cc1ccccc1)N1CCC1,3,False,True
Mol1455,Cc1nc(NC2(c3cccc(Cl)c3)CC2)c2c(C)noc2n1,c1ccc(C2(Nc3ncnc4oncc34)CC2)cc1,4,True,True
Mol1456,CCc1oc2c(-n3cnnc3)cccc2c1C,c1cc(-n2cnnc2)c2occc2c1,2,True,True
Mol1457,CCOC(=O)c1cccnc1-c1ccc2[nH]ccc2c1,c1ccc(-c2ccc3[nH]ccc3c2)nc1,2,True,True
Mol1458,CCCN1CCn2nc(-c3nc4cc(OC)ccc4[nH]3)cc2C1,c1ccc2[nH]c(-c3cc4n(n3)CCNC4)nc2c1,0,False,True
Mol1459,Cc1cc(C)nc(NCc2cnc(C)c(C)c2)n1,c1cnc(NCc2cccnc2)nc1,4,True,True
Mol1460,CCCCC1=NC2(CCCC2)C(=O)N1Cc1ccc(-c2ccccc2-c2nnn[nH]2)cc1,O=C1N(Cc2ccc(-c3ccccc3-c3nnn[nH]3)cc2)C=NC12CCCC2,1,True,True
Mol1461,Cc1nn(Cc2csc(-c3cccs3)n2)c(N)c1C#N,c1csc(-c2nc(Cn3cccn3)cs2)c1,4,True,True
Mol1462,COc1ccc2cc(-c3[nH]c(-c4ccc(S(C)=O)cc4)nc3-c3ccncc3)ccc2c1,c1ccc(-c2nc(-c3ccncc3)c(-c3ccc4ccccc4c3)[nH]2)cc1,3,True,True
Mol1463,CN(Cc1ccccc1Br)C(=O)Nc1ccc(C(=O)N2CCCC2)cc1,O=C(NCc1ccccc1)Nc1ccc(C(=O)N2CCCC2)cc1,2,True,True
Mol1464,COc1cccc(-c2cccc(N)n2)c1F,c1ccc(-c2ccccn2)cc1,0,True,True
Mol1465,Cc1ccc(CNC(=O)c2cccs2)cn1,O=C(NCc1cccnc1)c1cccs1,3,False,True
Mol1466,Cc1cc(Nc2ccccn2)cc(C2CCCN(CC(=O)Nc3ncc(C)s3)C2)n1,O=C(CN1CCCC(c2cc(Nc3ccccn3)ccn2)C1)Nc1nccs1,3,True,True
Mol1467,O=C(CCc1ccc(Cl)cc1)N1CCCC(c2n[nH]cc2-c2cccc(F)c2)C1,O=C(CCc1ccccc1)N1CCCC(c2n[nH]cc2-c2ccccc2)C1,0,True,True
Mol1468,CCOc1cccc(CNCCc2c[nH]c3ccccc23)c1,c1ccc(CNCCc2c[nH]c3ccccc23)cc1,4,True,True
Mol1469,CCN(C(=O)N1CCC(OC2CCOCC2)CC1)C(C)C,C1CC(OC2CCOCC2)CCN1,2,True,True
Mol1470,O=C(NCc1ccc(F)cc1)C1CCN(C(=O)/C=C/c2ccc(F)cc2)CC1,O=C(NCc1ccccc1)C1CCN(C(=O)/C=C/c2ccccc2)CC1,4,False,True
Mol1471,C(=C/c1ccccc1)\CNCc1ccc2c(c1)OCO2,C(=C/c1ccccc1)\CNCc1ccc2c(c1)OCO2,3,True,True
Mol1472,Cc1nc(O)c2c(n1)CN(Cc1ccccc1)CC2,c1ccc(CN2CCc3cncnc3C2)cc1,3,False,True
Mol1473,Cn1cc(C(=O)O)c(C2CCCCC2)n1,c1cc(C2CCCCC2)n[nH]1,2,False,True
Mol1474,O=C(COc1ncnc2ccccc12)NC12CC3CC(CC(C3)C1)C2,O=C(COc1ncnc2ccccc12)NC12CC3CC(CC(C3)C1)C2,2,True,True
Mol1475,O=C(NCc1cccnc1)c1sccc1-c1ccccc1,O=C(NCc1cccnc1)c1sccc1-c1ccccc1,3,True,True
Mol1476,Cc1oc(C)c(C(=O)N2CCNC(=O)C2)c1Br,O=C1CN(C(=O)c2ccoc2)CCN1,0,False,True
Mol1477,COc1ccc(-c2ccc(CN(CCN(C)C)Cc3ccncc3)cc2)cc1,c1ccc(-c2ccc(CNCc3ccncc3)cc2)cc1,1,True,True
Mol1478,O=C(NCCc1nnc2n1CCC2)c1ccc2c(c1)CCC2,O=C(NCCc1nnc2n1CCC2)c1ccc2c(c1)CCC2,4,False,True
Mol1479,O=C(NC1CCCCCC1)c1ccc(-c2cnco2)cc1,O=C(NC1CCCCCC1)c1ccc(-c2cnco2)cc1,2,True,True
Mol1480,Cc1cnc(CNCc2cccc3c2OCO3)s1,c1cc(CNCc2nccs2)c2c(c1)OCO2,2,True,True
Mol1481,CNC(=O)Cc1nc(-c2cncc(C)c2)cs1,c1cncc(-c2cscn2)c1,2,True,True
Mol1482,Cn1ncc2c(Oc3cccc(Oc4ccccn4)c3)ncnc21,c1ccc(Oc2cccc(Oc3ncnc4[nH]ncc34)c2)nc1,1,True,True
Mol1483,CC(=O)Nc1nc(-c2c(C)cc(C)cc2C)cs1,c1ccc(-c2cscn2)cc1,1,True,True
Mol1484,CN(Cc1ccc(N)nc1)c1ncccn1,c1cnc(NCc2cccnc2)nc1,4,False,True
Mol1485,CN(CCc1ccccc1)C(=O)CC#N,c1ccccc1,2,False,True
Mol1486,Cc1csc(Nc2ccc(C#N)cc2)n1,c1ccc(Nc2nccs2)cc1,2,True,True
Mol1487,Cc1noc(CCNc2ncnc3ccccc23)n1,c1ccc2c(NCCc3ncno3)ncnc2c1,1,False,True
Mol1488,Cc1c(-c2ccccc2)oc2c(C(=O)NCCCN3CCCCC3)cccc2c1=O,O=C(NCCCN1CCCCC1)c1cccc2c(=O)cc(-c3ccccc3)oc12,2,True,True
Mol1489,CCCC(=O)N1CCC(c2cccc(C)n2)CC1,c1ccc(C2CCNCC2)nc1,1,False,True
Mol1490,O=C(Cc1cccs1)NCc1ccccc1F,O=C(Cc1cccs1)NCc1ccccc1,1,True,True
Mol1491,O=C(Nn1cnc2ccccc21)c1cc(Cl)ccc1F,O=C(Nn1cnc2ccccc21)c1ccccc1,1,False,True
Mol1492,c1ccc(CCn2cnc3c2CCN(c2ncccn2)C3)cc1,c1ccc(CCn2cnc3c2CCN(c2ncccn2)C3)cc1,1,True,True
Mol1493,Cc1cccc(NCC2CCN(C(=O)c3ccccc3)CC2)n1,O=C(c1ccccc1)N1CCC(CNc2ccccn2)CC1,1,True,True
Mol1494,O=C(NCCCNC(=O)c1cc2ccccc2[nH]1)c1ccc2c(c1)OCCO2,O=C(NCCCNC(=O)c1cc2ccccc2[nH]1)c1ccc2c(c1)OCCO2,3,True,True
Mol1495,Cc1noc(-c2ccc(-c3ccc(CC(=O)O)cc3)cc2)c1NC(=O)O[C@H](C)c1ccccc1Cl,O=C(Nc1cnoc1-c1ccc(-c2ccccc2)cc1)OCc1ccccc1,0,False,True
Mol1496,O=C(NC1CC1)c1cccc2cccnc12,O=C(NC1CC1)c1cccc2cccnc12,0,True,True
Mol1497,COCCc1nc(-c2ccccc2-c2ccccc2)n(CCO)n1,c1ccc(-c2ccccc2-c2ncn[nH]2)cc1,1,True,True
Mol1498,C1CCC(OCc2noc(C3CC3)n2)CC1,C1CCC(OCc2noc(C3CC3)n2)CC1,0,True,True
Mol1499,Cc1noc(C)c1CC(=O)N1CCc2[nH]c3ccc(Br)cc3c2C1,O=C(Cc1cnoc1)N1CCc2[nH]c3ccccc3c2C1,1,True,True
Mol1500,CCOC(=O)Nc1cc(-c2ccc(C)c(NS(C)(=O)=O)c2)nn2c(C)nnc12,c1ccc(-c2ccc3nncn3n2)cc1,4,True,True
Mol1501,Cn1nc(C2CCNCC2)c2cccnc21,c1cnc2[nH]nc(C3CCNCC3)c2c1,4,False,True
Mol1502,Cc1nc(CNC2CCN(C(=O)C3CC3)CC2)cs1,O=C(C1CC1)N1CCC(NCc2cscn2)CC1,1,False,True
Mol1503,Cc1cccc(OC2CN(C(=O)Cn3c(C)nn(-c4ccccc4)c3=O)C2)c1,O=C(Cn1cnn(-c2ccccc2)c1=O)N1CC(Oc2ccccc2)C1,4,True,True
Mol1504,CN(C)c1ccc(-c2ccc(COCc3cccs3)cc2)nn1,c1cnnc(-c2ccc(COCc3cccs3)cc2)c1,4,True,True
Mol1505,O=C(c1ccc2oc(CCCc3ccccc3)nc2c1)N1CCC(Oc2cccnc2)CC1,O=C(c1ccc2oc(CCCc3ccccc3)nc2c1)N1CCC(Oc2cccnc2)CC1,4,True,True
Mol1506,O=C(NC1CCCCCC1)c1ccc(CSc2nc3ccccc3[nH]2)cc1,O=C(NC1CCCCCC1)c1ccc(CSc2nc3ccccc3[nH]2)cc1,0,True,True
Mol1507,CCc1nc(C(N)=O)c(Nc2ccc(N3CCC(N4CCN(C)CC4)CC3)c(OC)c2)nc1NC1CCOCC1,c1cc(N2CCC(N3CCNCC3)CC2)ccc1Nc1cncc(NC2CCOCC2)n1,0,True,True
Mol1508,Cc1cc(C(=O)NC2CCN(C(=O)c3cc(C)sc3C)CC2)no1,O=C(NC1CCN(C(=O)c2ccsc2)CC1)c1ccon1,0,True,True
Mol1509,Cc1cc(-c2nccs2)nc(CC2CCNCC2)n1,c1cc(-c2nccs2)nc(CC2CCNCC2)n1,0,False,True
Mol1510,CN(Cc1cccc(C#N)c1)c1cnc2ccccc2n1,c1ccc(CNc2cnc3ccccc3n2)cc1,2,True,True
Mol1511,Cc1ccc(-c2ccnc(O)c2C#N)cc1,c1ccc(-c2ccncc2)cc1,0,False,True
Mol1512,COc1cncc(-c2ccnc3[nH]ccc23)c1,c1cncc(-c2ccnc3[nH]ccc23)c1,0,True,True
Mol1513,Cc1ccc(-n2cc[nH]c(=O)c2=O)cc1,O=c1[nH]ccn(-c2ccccc2)c1=O,0,False,True
Mol1514,Cc1nc(C)c(CNc2cnn(-c3ccccc3)c2)s1,c1ccc(-n2cc(NCc3cncs3)cn2)cc1,4,True,True
Mol1515,Cc1cccc(NC2CCN(Cc3ccncc3)CC2)n1,c1ccc(NC2CCN(Cc3ccncc3)CC2)nc1,4,True,True
Mol1516,c1ccc(CN2CCn3nccc3C2)cc1,c1ccc(CN2CCn3nccc3C2)cc1,0,False,True
Mol1517,CN(C)c1nc(CN2CCOCC2)nc2scc(-c3cccs3)c12,c1csc(-c2csc3nc(CN4CCOCC4)ncc23)c1,1,True,True
Mol1518,CN(C[C@@H]1COCCO1)S(=O)(=O)Nc1ccc2ccc3ncc(-c4cnn(C)c4)cc3c(=O)c2c1,O=c1c2cc(NS(=O)(=O)NC[C@@H]3COCCO3)ccc2ccc2ncc(-c3cn[nH]c3)cc12,4,True,True
Mol1519,O=C(Nc1cccnc1)c1ccccc1Cc1ccccc1,O=C(Nc1cccnc1)c1ccccc1Cc1ccccc1,3,True,True
Mol1520,CCN(CC)C(=O)N1CCC(C(=O)O)CC1,C1CCNCC1,2,False,True
Mol1521,CC(C)c1cc(CN(C)Cc2c[nH]nc2-c2ccc(F)cc2)no1,c1ccc(-c2n[nH]cc2CNCc2ccon2)cc1,0,True,True
Mol1522,Cc1ccc(OCc2noc(-c3ccsc3)n2)cn1,c1cncc(OCc2noc(-c3ccsc3)n2)c1,4,True,True
Mol1523,c1cnc(N2CC(c3nc4ccccc4[nH]3)C2)nc1,c1cnc(N2CC(c3nc4ccccc4[nH]3)C2)nc1,1,True,True
Mol1524,Cc1cc(C)cc(C(=O)Nc2c(C#N)cnn2C)c1,O=C(Nc1ccn[nH]1)c1ccccc1,4,True,True
Mol1525,CN(C)CCNc1c2c(c(C#N)c3nc4ccccc4n13)CCCC2,c1ccc2c(c1)nc1cc3c(cn12)CCCC3,0,True,True
Mol1526,Cc1ccc2c(c1)C(=O)CC1(CCN(C(=O)c3ccc4nc(C)cc(O)c4c3)CC1)O2,O=C1CC2(CCN(C(=O)c3ccc4ncccc4c3)CC2)Oc2ccccc21,4,True,True
Mol1527,COc1ccccc1-c1ccc(CC2(C(=O)NC3CC3)CCOCC2)cc1,O=C(NC1CC1)C1(Cc2ccc(-c3ccccc3)cc2)CCOCC1,2,True,True
Mol1528,CCS(=O)(=O)Cc1ccn(-c2cccc(F)c2)n1,c1ccc(-n2cccn2)cc1,0,False,True
Mol1529,O=C1c2cccc3cccc(c23)C(=O)N1CCN1CCOCC1,O=C1c2cccc3cccc(c23)C(=O)N1CCN1CCOCC1,3,True,True
Mol1530,O=C(NC1CCCC1)c1cc(C2CC2)nc2ccccc12,O=C(NC1CCCC1)c1cc(C2CC2)nc2ccccc12,2,True,True
Mol1531,Cn1cc(CCNc2cncc(Br)c2)cn1,c1cncc(NCCc2cn[nH]c2)c1,4,True,True
Mol1532,N#Cc1cccc(-c2ccc(=O)n3c2[C@@H]2C[C@@H](CN(Cc4ccc(F)cc4)C2)C3)c1,O=c1ccc(-c2ccccc2)c2n1C[C@H]1C[C@@H]2CN(Cc2ccccc2)C1,4,True,True
Mol1533,Cn1c(C(=O)N2CCN(CCc3ccccc3)C(=O)C2)cc(=O)n(C)c1=O,O=C1CN(C(=O)c2cc(=O)[nH]c(=O)[nH]2)CCN1CCc1ccccc1,0,False,True
Mol1534,Cc1noc(-c2ccc(NC(=O)Cc3ccccc3)cc2)n1,O=C(Cc1ccccc1)Nc1ccc(-c2ncno2)cc1,0,True,True
Mol1535,Cc1ccc(C2(O)CCN(Cc3cn(C)c4ccc(F)cc34)CC2)cc1,c1ccc(C2CCN(Cc3c[nH]c4ccccc34)CC2)cc1,0,True,True
Mol1536,Cc1nnnn1CCN(C)c1ccccc1,c1ccc(NCCn2cnnn2)cc1,3,True,True
Mol1537,CCC(=O)NCc1ccnc(N(C)C)c1,c1ccncc1,0,False,True
Mol1538,Cc1nn(C)c(C)c1NC(=O)CN1CCC2(CCCCC2)CC1,O=C(CN1CCC2(CCCCC2)CC1)Nc1cn[nH]c1,3,True,True
Mol1539,c1ccc2c(c1)CCN(Cc1nnc3n1CCC3)C2,c1ccc2c(c1)CCN(Cc1nnc3n1CCC3)C2,4,False,True
Mol1540,O=C(NCc1nnc2n1-c1ccccc1CC2)c1ccc2ccccc2c1,O=C(NCc1nnc2n1-c1ccccc1CC2)c1ccc2ccccc2c1,0,True,True
Mol1541,Cc1cc(C)n(-c2ccc(CNC(=O)c3ccc4c(c3)CCO4)cn2)n1,O=C(NCc1ccc(-n2cccn2)nc1)c1ccc2c(c1)CCO2,0,True,True
Mol1542,O=C(NCCc1ccc2c(c1)OCO2)C1CCCC1,O=C(NCCc1ccc2c(c1)OCO2)C1CCCC1,2,True,True
Mol1543,O=C(CN1CCCN(c2ccc(C(F)(F)F)cn2)CC1)Nc1ccccc1,O=C(CN1CCCN(c2ccccn2)CC1)Nc1ccccc1,0,True,True
Mol1544,O=C(/C=C\n1cnc(-c2cc(C(F)(F)F)cc(C(F)(F)F)c2)n1)NNc1cnccn1,O=C(/C=C\n1cnc(-c2ccccc2)n1)NNc1cnccn1,3,True,True
Mol1545,CCn1ncc(-c2cc(C(F)F)nc(NCCCOC)n2)c1C,c1cc(-c2cn[nH]c2)ncn1,1,True,True
Mol1546,Cc1cc(C)c(NC(=O)c2cc(Cl)ccc2F)c(C)n1,O=C(Nc1cccnc1)c1ccccc1,0,True,True
Mol1547,CCc1nnc(NC(=O)c2ccc3cc(OC)ccc3n2)s1,O=C(Nc1nncs1)c1ccc2ccccc2n1,3,True,True
Mol1548,CNC(=O)c1ccc2c(c1)CCO[C@H]2CCN1CCN(c2ccc(C(N)=O)cc2)CC1,c1ccc(N2CCN(CC[C@@H]3OCCc4ccccc43)CC2)cc1,3,False,True
Mol1549,CCc1nnc(Nc2cccc(C3CCCN(CC(=O)N4CCCC4)C3)n2)s1,O=C(CN1CCCC(c2cccc(Nc3nncs3)n2)C1)N1CCCC1,3,True,True
Mol1550,Cc1cc(C)n(-c2cc(Nc3ccccc3C)ncn2)n1,c1ccc(Nc2cc(-n3cccn3)ncn2)cc1,3,True,True
Mol1551,O=C(CC(=O)N1CCCC1)N1CCCC1,O=C(CC(=O)N1CCCC1)N1CCCC1,0,False,True
Mol1552,CCNC(=O)N1CCc2nc3ccc(F)cn3c(=O)c2C1,O=c1c2c(nc3ccccn13)CCNC2,0,False,True
Mol1553,CNC(=O)N1CCc2nc3ccc(Cl)cn3c(=O)c2C1,O=c1c2c(nc3ccccn13)CCNC2,0,False,True
Mol1554,COc1ccc(CC(=O)N2CCc3[nH]c4ccc(Cl)cc4c3C2)cc1OC,O=C(Cc1ccccc1)N1CCc2[nH]c3ccccc3c2C1,3,True,True
Mol1555,Cc1cc(C)nc(-n2nc(C)c(CC(=O)NC3CCCCCC3)c2C)n1,O=C(Cc1cnn(-c2ncccn2)c1)NC1CCCCCC1,0,True,True
Mol1556,CS(=O)(=O)c1ccc(-c2cnc(NCc3ccco3)n3cnnc23)cc1,c1ccc(-c2cnc(NCc3ccco3)n3cnnc23)cc1,3,True,True
Mol1557,Cc1ncc(C(=O)Nc2ncnc3oc(C)c(C)c23)s1,O=C(Nc1ncnc2occc12)c1cncs1,2,True,True
Mol1558,Cc1ccc2c(c1)c(Cn1ccnc1-c1cccc(C)n1)nn2C,c1ccc(-c2nccn2Cc2n[nH]c3ccccc23)nc1,4,True,True
Mol1559,Cc1noc(C2CCN(CCc3ccccc3)CC2)n1,c1ccc(CCN2CCC(c3ncno3)CC2)cc1,0,True,True
Mol1560,O=C(Nc1ccc2sccc2c1)N1CCCN(C(=O)Oc2ccccc2)CC1,O=C(Nc1ccc2sccc2c1)N1CCCN(C(=O)Oc2ccccc2)CC1,3,True,True
Mol1561,COc1cc(N2CCN(C)CC2)ccc1Nc1ncc2c(n1)N(C)c1ccccc1C(=O)N2,O=C1Nc2cnc(Nc3ccc(N4CCNCC4)cc3)nc2Nc2ccccc21,0,True,True
Mol1562,Cc1nc(C2CCNCC2)cc(N(C)C)n1,c1cc(C2CCNCC2)ncn1,0,False,True
Mol1563,NC(=O)c1ccc(Oc2ccc(C(=O)N3CCCCCC3)cc2)cc1,O=C(c1ccc(Oc2ccccc2)cc1)N1CCCCCC1,0,True,True
Mol1564,O=C(CCCOc1ccccc1)N1CCCC1,O=C(CCCOc1ccccc1)N1CCCC1,4,True,True
Mol1565,CN1C(=O)[C@H](Cc2ccccc2)N[C@@H]1C(C)(C)C,O=C1NCN[C@H]1Cc1ccccc1,4,True,True
Mol1566,Cc1cc2ccccc2n1CC(=O)N1CCc2ccc(O)cc2C1,O=C(Cn1ccc2ccccc21)N1CCc2ccccc2C1,0,True,True
Mol1567,O=C(Nc1ccc2c3c(cccc13)CC2)c1ccnc(-n2cncn2)c1,O=C(Nc1ccc2c3c(cccc13)CC2)c1ccnc(-n2cncn2)c1,0,True,True
Mol1568,Cc1ccc(-c2nc(CC(=O)NCCC(C)C)cs2)cc1,c1ccc(-c2nccs2)cc1,0,True,True
Mol1569,O=C(Nc1ccc(F)cc1)c1cc(C2CC2)nn1-c1ccccc1,O=C(Nc1ccccc1)c1cc(C2CC2)nn1-c1ccccc1,2,True,True
Mol1570,CC(C)(C)NC(=O)c1cnc(-c2ccc(Cl)s2)s1,c1csc(-c2nccs2)c1,0,True,True
Mol1571,CCC(C)(C)NC(=O)C1(Cc2ccc(-c3cc(F)ccc3OC)cc2)CCOCC1,c1ccc(-c2ccc(CC3CCOCC3)cc2)cc1,3,True,True
Mol1572,Cn1cc(-c2ccc3nnc(C(F)(F)c4ccc5ncccc5c4)n3n2)cn1,c1cnc2ccc(Cc3nnc4ccc(-c5cn[nH]c5)nn34)cc2c1,2,False,True
Mol1573,CC(=O)c1c(C)c2cnc(Nc3ccc(N4CCNCC4)cn3)nc2n(C2CCCC2)c1=O,O=c1ccc2cnc(Nc3ccc(N4CCNCC4)cn3)nc2n1C1CCCC1,0,True,True
Mol1574,Cc1cc(C(=O)Nc2ccc(C)c(C)c2)n(-c2ccccc2)n1,O=C(Nc1ccccc1)c1ccnn1-c1ccccc1,0,True,True
Mol1575,CC(=O)Nc1cccc(OCC(=O)N2CCCCC2)c1,O=C(COc1ccccc1)N1CCCCC1,3,False,True
Mol1576,O=C(O)c1cc(/N=N/c2ccc(S(=O)(=O)Nc3ccccn3)cc2)ccc1O,O=S(=O)(Nc1ccccn1)c1ccc(/N=N/c2ccccc2)cc1,2,False,True
Mol1577,O=C(NCCc1cnn(-c2ccccc2)c1)N1CCC1,O=C(NCCc1cnn(-c2ccccc2)c1)N1CCC1,1,False,True
Mol1578,COc1cc(NC(=O)c2ccc(F)cc2C)ncn1,O=C(Nc1ccncn1)c1ccccc1,2,True,True
Mol1579,Cc1cc(C)c(-n2cccn2)c(-c2cn(C[C@@H]3CCCO3)nn2)c1,c1ccc(-n2cccn2)c(-c2cn(C[C@@H]3CCCO3)nn2)c1,3,True,True
Mol1580,CN(C)Cc1csc(-c2nccn2-c2ccc3c(c2)n(C)c(=O)n3C)c1,O=c1[nH]c2ccc(-n3ccnc3-c3cccs3)cc2[nH]1,0,False,True
Mol1581,COc1cccc(OCCCN)c1-c1cc(Nc2cnc(C#N)cn2)n[nH]1,c1ccc(-c2cc(Nc3cnccn3)n[nH]2)cc1,1,False,True
Mol1582,O=C(CC1CCCC1)NCc1nnc2n1CCC2,O=C(CC1CCCC1)NCc1nnc2n1CCC2,1,False,True
Mol1583,COCC1(c2nc(-c3ccncc3)nn2Cc2cccc(Cl)c2)CC1,c1ccc(Cn2nc(-c3ccncc3)nc2C2CC2)cc1,1,True,True
Mol1584,Cc1ccsc1C(=O)NCc1ccc2c(c1)OCCCO2,O=C(NCc1ccc2c(c1)OCCCO2)c1cccs1,3,True,True
Mol1585,CCNc1ccnc(N(C)Cc2nc3ccccc3n2C)n1,c1cnc(NCc2nc3ccccc3[nH]2)nc1,4,True,True
Mol1586,COc1ncccc1CNc1ncnc2c1cnn2C,c1cncc(CNc2ncnc3[nH]ncc23)c1,1,False,True
Mol1587,C#CCNC(=O)c1ccc2c(c1)OCO2,c1ccc2c(c1)OCO2,0,True,True
Mol1588,CC(C)(C)c1nccc(NCc2ccncc2)n1,c1cc(CNc2ccncn2)ccn1,3,True,True
Mol1589,CCC(=O)NCCNC(=O)c1cc(-c2ccccc2)nc2ccccc12,c1ccc(-c2ccc3ccccc3n2)cc1,1,True,True
Mol1590,CN(C)C(=O)COC(=O)Cc1ccc(OC(=O)c2ccc(NC(=N)N)cc2)cc1,O=C(Oc1ccccc1)c1ccccc1,0,True,True
Mol1591,Cc1c(C(=O)NCc2cnc(N(C)C)n2C)sc2ccccc12,O=C(NCc1cnc[nH]1)c1cc2ccccc2s1,1,True,True
Mol1592,CN1CCC(C(=O)N2CCC(c3cc(C(F)(F)F)c4c(n3)CCNC4=O)CC2)CC1,O=C1NCCc2nc(C3CCN(C(=O)C4CCNCC4)CC3)ccc21,2,False,True
Mol1593,Cn1cc(NC(=O)c2ccc(OCC3CCOCC3)nc2)cn1,O=C(Nc1cn[nH]c1)c1ccc(OCC2CCOCC2)nc1,2,False,True
Mol1594,CC(C)(C)NC(=O)NCCn1nc2c(cc1=O)CCCC2,O=c1cc2c(n[nH]1)CCCC2,2,True,True
Mol1595,COc1cc2nc(/C=C/c3cocn3)sc2cc1OC,C(=C/c1nc2ccccc2s1)\c1cocn1,3,True,True
Mol1596,CCOc1ncccc1-c1nc(C)cc(NC)n1,c1cnc(-c2cccnc2)nc1,2,False,True
Mol1597,Cc1nc(CN(C)C(=O)C2c3ccccc3-c3ccccc32)no1,O=C(NCc1ncon1)C1c2ccccc2-c2ccccc21,4,True,True
Mol1598,O=C(Nc1nccs1)C1CCN(C(=O)CN2CCc3ccccc32)CC1,O=C(Nc1nccs1)C1CCN(C(=O)CN2CCc3ccccc32)CC1,0,True,True
Mol1599,O=C1Nc2ccccc2O[C@H]2C[C@@H]1N(Cc1cccnc1)C2,O=C1Nc2ccccc2O[C@H]2C[C@@H]1N(Cc1cccnc1)C2,3,True,True
Mol1600,CC1(c2nnc(-c3ccc4c(c3)OCCO4)o2)CCOCC1,c1cc2c(cc1-c1nnc(C3CCOCC3)o1)OCCO2,4,True,True
Mol1601,CCN(CC#N)C(=O)c1nn(-c2ccc(F)cc2)c2c1CCCC2,c1ccc(-n2ncc3c2CCCC3)cc1,4,True,True
Mol1602,O=C(c1ccccc1-c1ncc(-c2ccccc2F)o1)N1CCC1,O=C(c1ccccc1-c1ncc(-c2ccccc2)o1)N1CCC1,2,True,True
Mol1603,Cc1cccc(OCCCNc2cc(Cn3c(C)nc4ccccc43)nc(N)n2)c1,c1ccc(OCCCNc2cc(Cn3cnc4ccccc43)ncn2)cc1,0,True,True
Mol1604,CN(C)c1ccc(C(=O)N2CCN3C(=O)N(Cc4ccccc4)C(=O)[C@H]3C2)cc1,O=C(c1ccccc1)N1CCN2C(=O)N(Cc3ccccc3)C(=O)[C@H]2C1,1,True,True
Mol1605,Cc1cc(C(=O)NCC2CC2)n2nccc2n1,O=C(NCC1CC1)c1ccnc2ccnn12,3,True,True
Mol1606,Cn1cnnc1-c1cccc(NS(=O)(=O)c2ccc(N3CCCC3=O)cc2)c1,O=C1CCCN1c1ccc(S(=O)(=O)Nc2cccc(-c3nnc[nH]3)c2)cc1,1,False,True
Mol1607,O=C(NCc1ccc(F)cc1)C1(Cc2ccc(-c3cccnc3)cc2)CCOCC1,O=C(NCc1ccccc1)C1(Cc2ccc(-c3cccnc3)cc2)CCOCC1,0,True,True
Mol1608,Cc1cncc(C2CCN(Cc3cnccn3)CC2)n1,c1cnc(CN2CCC(c3cnccn3)CC2)cn1,3,False,True
Mol1609,CC(=O)N1CCCN(C(=O)Cc2csc(C(C)C)n2)CC1,O=C(Cc1cscn1)N1CCCNCC1,1,False,True
Mol1610,O=C(CSc1ccc(F)cc1)N1CCCC1,O=C(CSc1ccccc1)N1CCCC1,0,True,True
Mol1611,O=C(c1ccc(F)cc1)N1CCN(CC(=O)N2CCCC2=O)CC1,O=C(c1ccccc1)N1CCN(CC(=O)N2CCCC2=O)CC1,4,False,True
Mol1612,O=C(c1ccncc1)N1CCC(c2cnccn2)CC1,O=C(c1ccncc1)N1CCC(c2cnccn2)CC1,4,False,True
Mol1613,COc1ccc(/C=C/C(=O)c2c(C)nc3ccccc3c2N)cc1,O=C(/C=C/c1ccccc1)c1cnc2ccccc2c1,1,True,True
Mol1614,CCn1ncc(CN2CCC(c3nc(N(C)C)ncc3-c3ccc(OC)cc3)CC2)c1C,c1ccc(-c2cncnc2C2CCN(Cc3cn[nH]c3)CC2)cc1,3,True,True
Mol1615,O=C(Cc1ccc(F)cc1)NCCn1cccnc1=O,O=C(Cc1ccccc1)NCCn1cccnc1=O,0,False,True
Mol1616,Cc1cnc(-n2cnnc2)c(-c2cccc(Cl)c2Cl)c1,c1ccc(-c2cccnc2-n2cnnc2)cc1,1,True,True
Mol1617,Cc1cccc(-n2c(S)nnc2CNc2ccc(F)cc2)c1,c1ccc(NCc2nncn2-c2ccccc2)cc1,4,True,True
Mol1618,COc1ccc(-c2cccc(C3CCCN(C(=O)C4CCCC4)C3)n2)cc1,O=C(C1CCCC1)N1CCCC(c2cccc(-c3ccccc3)n2)C1,4,True,True
Mol1619,c1cc2c(N3CCNCC3)nc(-c3ccnc(NC4CCCCC4)c3)cc2cn1,c1cc2c(N3CCNCC3)nc(-c3ccnc(NC4CCCCC4)c3)cc2cn1,2,True,True
Mol1620,O=C(Nc1ccccc1)N1CCCc2cnc(N3CCOCC3)nc21,O=C(Nc1ccccc1)N1CCCc2cnc(N3CCOCC3)nc21,4,False,True
Mol1621,CSc1ccc(CN(CCO)C(=O)CCc2cccc(F)c2)cc1,O=C(CCc1ccccc1)NCc1ccccc1,0,True,True
Mol1624,CC(=O)Nc1ccc(S(=O)(=O)NC2=NCN(Cc3ccccc3)CN2)cc1,O=S(=O)(NC1=NCN(Cc2ccccc2)CN1)c1ccccc1,3,False,True
Mol1625,COc1ccc(CN2CCC(n3c(=O)[nH]c4ccccc43)CC2)cc1F,O=c1[nH]c2ccccc2n1C1CCN(Cc2ccccc2)CC1,0,True,True
Mol1626,CCN(CC)CC(=O)N1CCC(n2c(=O)[nH]c3ccccc32)CC1,O=c1[nH]c2ccccc2n1C1CCNCC1,0,False,True
Mol1627,COc1cc(C=C2C(=O)NN(c3ccccc3)C2=O)ccc1OCC(N)=O,O=C1NN(c2ccccc2)C(=O)C1=Cc1ccccc1,2,True,True
Mol1628,Clc1ccc(COc2cccc(N3CCNCC3)c2)cc1,c1ccc(COc2cccc(N3CCNCC3)c2)cc1,0,True,True
Mol1629,CCOc1ccc(Nc2ncccc2C#N)cc1,c1ccc(Nc2ccccn2)cc1,0,True,True
Mol1630,CCc1nc2ccc(C(=O)NCc3ccccc3)cc2nc1CC,O=C(NCc1ccccc1)c1ccc2nccnc2c1,0,True,True
Mol1631,Cc1cccc2cc(C(=O)NCCSc3nccn3C)n(C)c12,O=C(NCCSc1ncc[nH]1)c1cc2ccccc2[nH]1,1,True,True
Mol1632,N#Cc1ccc(C(=O)Nn2cnnc2)cc1,O=C(Nn1cnnc1)c1ccccc1,0,False,True
Mol1633,O=C(O)c1cc2cc(O)c(O)cc2c(C(=O)c2ccc(O)c(O)c2)n1,O=C(c1ccccc1)c1nccc2ccccc12,4,True,True
Mol1634,CN(C)C(=O)Cn1cc(C(=O)O)ccc1=O,O=c1cccc[nH]1,3,False,True
Mol1635,Cn1cc(-c2nc(C(=O)Nc3ccc4c(c3)OCCCO4)cs2)cn1,O=C(Nc1ccc2c(c1)OCCCO2)c1csc(-c2cn[nH]c2)n1,2,True,True
Mol1636,Cc1nc(-c2ccc(C)c(O)c2)n(C(C)(C)C)n1,c1ccc(-c2ncn[nH]2)cc1,4,False,True
Mol1637,C=CCN(C)CCCCCCOc1ccc(C(=O)c2ccc(Br)cc2)c(F)c1,O=C(c1ccccc1)c1ccccc1,4,True,True
Mol1638,Clc1ccc2[nH]c(COc3ccccc3)nc2c1,c1ccc(OCc2nc3ccccc3[nH]2)cc1,2,True,True
Mol1639,COc1cc(-c2ccc(C)s2)cc2c1OCCN(c1noc(C)n1)C2,c1csc(-c2ccc3c(c2)CN(c2ncon2)CCO3)c1,2,True,True
Mol1640,CCCCNC(=O)c1ccc2c(c1)nnn2C,c1ccc2[nH]nnc2c1,0,False,True
Mol1641,CN1C(=O)CCc2cc(NC(=O)C(C)(C)c3ccccc3F)ccc21,O=C(Cc1ccccc1)Nc1ccc2c(c1)CCC(=O)N2,1,True,True
Mol1642,Cc1csc(CCNc2ncccc2C#N)n1,c1ccc(NCCc2nccs2)nc1,0,True,True
Mol1643,c1cnc(NCCc2cccc3cccnc23)nc1,c1cnc(NCCc2cccc3cccnc23)nc1,3,True,True
Mol1644,Nc1ccc(Cl)c(NC2=NN(c3c(Cl)cc(Cl)cc3Cl)C(=O)C2)c1,O=C1CC(Nc2ccccc2)=NN1c1ccccc1,1,True,True
Mol1645,Cn1cc(C(=O)N2CCC(CC(=O)O)CC2)cn1,O=C(c1cn[nH]c1)N1CCCCC1,1,False,True
Mol1646,C[C@@H](Oc1cc(-c2cnn(C3CCNCC3)c2)cnc1N)c1c(Cl)ccc(F)c1Cl,c1ccc(COc2cncc(-c3cnn(C4CCNCC4)c3)c2)cc1,2,True,True
Mol1647,N#Cc1cccc(CN2CCN(CCO)CC2)c1,c1ccc(CN2CCNCC2)cc1,0,True,True
Mol1648,O=C(NCCCn1ccnc1)N1CC2(CCCC2)c2ccccc21,O=C(NCCCn1ccnc1)N1CC2(CCCC2)c2ccccc21,1,True,True
Mol1649,CC(C)CCN1CCn2c1nc1c2c(=O)n(C)c(=O)n1C,O=c1[nH]c(=O)c2c(nc3n2CCN3)[nH]1,4,True,True
Mol1650,Cc1nn(-c2ccc(F)cc2)c2ncc(C(=O)Nc3nc(C4CC4)cs3)cc12,O=C(Nc1nc(C2CC2)cs1)c1cnc2c(cnn2-c2ccccc2)c1,1,True,True
Mol1651,N#CCN1CCCN(Cc2ccc(C#N)cc2)CC1,c1ccc(CN2CCCNCC2)cc1,1,True,True
Mol1652,Cc1cc(C(=O)Nc2ncccc2C)c2ccccc2n1,O=C(Nc1ccccn1)c1ccnc2ccccc12,2,True,True
Mol1653,COc1ccc(CCn2c(C)c3c(=O)n(-c4nc5ccccc5s4)[nH]c3cc2=O)cc1,O=c1cc2[nH]n(-c3nc4ccccc4s3)c(=O)c2cn1CCc1ccccc1,0,True,True
Mol1654,O=c1[nH]c2ccccc2n1C1CCN(CCc2ccncc2)CC1,O=c1[nH]c2ccccc2n1C1CCN(CCc2ccncc2)CC1,2,True,True
Mol1655,NCCn1cc(NC(=O)c2ccccc2)cn1,O=C(Nc1cn[nH]c1)c1ccccc1,2,False,True
Mol1656,Cc1nc(-c2ccccc2)ccc1C(=O)NC1CCCC1,O=C(NC1CCCC1)c1ccc(-c2ccccc2)nc1,1,False,True
Mol1657,CN1CCC[C@@H]1CCO[C@](C)(c1ccccc1)c1ccc(Cl)cc1,c1ccc(C(OCC[C@H]2CCCN2)c2ccccc2)cc1,0,True,True
Mol1658,COc1ccc(/C=C/C(=O)c2c(C)nc3ccccc3c2N)c(OC)c1,O=C(/C=C/c1ccccc1)c1cnc2ccccc2c1,1,True,True
Mol1659,Cc1ccc(C(=O)Nc2ccccc2C#N)cc1,O=C(Nc1ccccc1)c1ccccc1,1,True,True
Mol1660,CCCCN(C)C(=O)c1cn(-c2ccc(C)c(C)c2)nn1,c1ccc(-n2ccnn2)cc1,3,True,True
Mol1661,Cc1cccc(NC(=O)c2noc3c2CCCC3)n1,O=C(Nc1ccccn1)c1noc2c1CCCC2,3,True,True
Mol1662,CN(C)c1cccc(C2CCN(c3ncccn3)CC2)n1,c1ccc(C2CCN(c3ncccn3)CC2)nc1,1,True,True
Mol1663,O=C(Nc1ccccc1-c1cn2c(CN3CCNCC3)csc2n1)c1cnc2ccccc2n1,O=C(Nc1ccccc1-c1cn2c(CN3CCNCC3)csc2n1)c1cnc2ccccc2n1,0,True,True
Mol1664,O=C(O)c1cnn(-c2ccncc2)c1C(F)F,c1cnn(-c2ccncc2)c1,1,False,True
Mol1665,Cc1cccc(OCC(=O)Nc2ccn(C)n2)c1,O=C(COc1ccccc1)Nc1cc[nH]n1,3,True,True
Mol1666,CNCCN1CCC(OCc2ccccc2)CC1,c1ccc(COC2CCNCC2)cc1,0,True,True
Mol1667,c1ccc2[nH]c(SCc3cn4ccccc4n3)nc2c1,c1ccc2[nH]c(SCc3cn4ccccc4n3)nc2c1,0,True,True
Mol1668,CNc1nc(C2CCNCC2)nc2c1CN(C)CC2,c1nc(C2CCNCC2)nc2c1CNCC2,4,True,True
Mol1669,Cc1ccc(NC(=O)[C@H]2COc3ccccc3O2)nc1,O=C(Nc1ccccn1)[C@H]1COc2ccccc2O1,4,True,True
Mol1670,COc1cc(CCNC(=O)c2nc3cccc(C)n3c2F)cc(OC)c1,O=C(NCCc1ccccc1)c1cn2ccccc2n1,1,True,True
Mol1671,Cc1cc(C(=O)NC2CCN(c3ncnc4sc(C)c(C)c34)CC2)on1,O=C(NC1CCN(c2ncnc3sccc23)CC1)c1ccno1,2,True,True
Mol1672,Cc1ccc(CN(C)Cc2c(C)noc2C)o1,c1coc(CNCc2cnoc2)c1,0,True,True
Mol1673,CC(=O)N1CCc2cc(Nc3nccc(C(F)(F)F)n3)ccc21,c1cnc(Nc2ccc3c(c2)CCN3)nc1,4,True,True
Mol1674,CCc1csc(NC(=O)c2ccc3c(c2)nc(C)n3C)n1,O=C(Nc1nccs1)c1ccc2[nH]cnc2c1,3,True,True
Mol1675,CC(C)c1noc(CN(C)C2CCCC2)n1,c1noc(CNC2CCCC2)n1,2,True,True
Mol1676,CN(C)Cc1ccc(-c2ccccc2C(=O)O)cc1,c1ccc(-c2ccccc2)cc1,1,False,True
Mol1677,CCCN1CCCN(C(=O)c2nc3ccccc3[nH]2)CC1,O=C(c1nc2ccccc2[nH]1)N1CCCNCC1,2,True,True
Mol1678,CC1(COc2ccc3c(c2)ncn3-c2ccc3cccc(N4CCC(N)CC4)c3n2)COC1,c1cc(N2CCCCC2)c2nc(-n3cnc4cc(OCC5COC5)ccc43)ccc2c1,0,True,True
Mol1679,CN1C(=O)[C@@H](NC(=O)c2nnc(Cc3ccccc3)[nH]2)COc2ccccc21,O=C(N[C@H]1COc2ccccc2NC1=O)c1nnc(Cc2ccccc2)[nH]1,0,False,True
Mol1680,C=CCn1cc(CNCc2csc3ccc(Cl)cc23)c(C)n1,c1ccc2c(CNCc3cn[nH]c3)csc2c1,1,True,True
Mol1681,C=C(C)COc1ccc(C(=O)NCCc2cn3ccccc3n2)cc1,O=C(NCCc1cn2ccccc2n1)c1ccccc1,1,True,True
Mol1682,NC(=O)C1(CCCc2ccccn2)CCNCC1,c1ccc(CCCC2CCNCC2)nc1,4,False,True
Mol1683,c1cc(CC2CCNCC2)c2cccnc2c1,c1cc(CC2CCNCC2)c2cccnc2c1,2,False,True
Mol1684,CCOc1cccc(C(=O)Nc2ccc3c(c2)CCC(=O)N3C)c1,O=C1CCc2cc(NC(=O)c3ccccc3)ccc2N1,3,True,True
Mol1685,COCCN(Cc1cccs1)Cc1cccc(C)c1O,c1ccc(CNCc2cccs2)cc1,0,True,True
Mol1686,COc1cc2c(cc1OC)CN(CN1C(=O)c3cccc4cccc1c34)CC2,O=C1c2cccc3cccc(c23)N1CN1CCc2ccccc2C1,4,True,True
Mol1687,CCNC(=O)c1ccnc(-c2ccc(F)c(C)c2)c1,c1ccc(-c2ccccn2)cc1,0,True,True
Mol1688,COc1cccc(NC(=O)C2CNC2)c1,O=C(Nc1ccccc1)C1CNC1,4,False,True
Mol1689,Nc1ccnn1Cc1ccc(Cl)c(F)c1,c1ccc(Cn2cccn2)cc1,0,False,True
Mol1690,Cc1ccc(CNC(=O)CN2CCC(n3nnc4cc(C(F)(F)F)ccc43)CC2)cc1,O=C(CN1CCC(n2nnc3ccccc32)CC1)NCc1ccccc1,0,True,True
Mol1691,O=C(O)c1cc(Cl)cc2cccnc12,c1ccc2ncccc2c1,1,False,True
Mol1692,O=C(NC1CCCCC1)N1CCc2nc3ccccn3c(=O)c2C1,O=C(NC1CCCCC1)N1CCc2nc3ccccn3c(=O)c2C1,0,False,True
Mol1693,Oc1cccc(CN2CCN(c3ncc(Br)cn3)CC2)c1,c1ccc(CN2CCN(c3ncccn3)CC2)cc1,1,True,True
Mol1694,Cc1nc2c(cnn2C(C)C)c(C)c1CCC(=O)O,c1cnc2[nH]ncc2c1,3,False,True
Mol1695,Cc1ccccc1NC(=O)CN1C(=O)CCC1=O,O=C(CN1C(=O)CCC1=O)Nc1ccccc1,0,False,True
Mol1696,CN(Cc1c(F)cccc1Cl)C(=O)C1(C#N)CCCC1,O=C(NCc1ccccc1)C1CCCC1,0,True,True
Mol1697,COc1ccc(C2(NCc3cnn(-c4ccccc4)c3)CCCC2)cc1,c1ccc(-n2cc(CNC3(c4ccccc4)CCCC3)cn2)cc1,1,True,True
Mol1698,CC(C)N1CC[C@H](c2nnc(-c3cncn3C)o2)C1,c1ncc(-c2nnc([C@H]3CCNC3)o2)[nH]1,0,False,True
Mol1699,C#CCN1CCN(Cc2nc(O)cc(C(F)(F)F)n2)CC1,c1cnc(CN2CCNCC2)nc1,4,False,True
Mol1700,CCc1cc2c(Nc3cnn(CC)c3)ncnc2s1,c1nc(Nc2cn[nH]c2)c2ccsc2n1,0,True,True
Mol1701,CS(=O)(=O)CCN1CCC(n2c(=O)[nH]c3ccccc32)CC1,O=c1[nH]c2ccccc2n1C1CCNCC1,0,False,True
Mol1702,O=c1[nH]c2ccccc2n1C1CCN(S(=O)(=O)Cc2ccccc2)CC1,O=c1[nH]c2ccccc2n1C1CCN(S(=O)(=O)Cc2ccccc2)CC1,2,True,True
Mol1703,CCc1nnc(CN2CCC(n3c(=O)[nH]c4ccccc43)CC2)o1,O=c1[nH]c2ccccc2n1C1CCN(Cc2nnco2)CC1,0,False,True
Mol1704,CC1CC1C(=O)N1CCC(n2c(=O)[nH]c3ccccc32)CC1,O=C(C1CC1)N1CCC(n2c(=O)[nH]c3ccccc32)CC1,3,False,True
Mol1705,O=c1[nH]c2ccccc2n1C1CCN(c2ncnc3sccc23)CC1,O=c1[nH]c2ccccc2n1C1CCN(c2ncnc3sccc23)CC1,0,True,True
Mol1706,O=C(CSCCCn1c(=O)[nH]c2ccccc21)N1CCCCC1,O=C(CSCCCn1c(=O)[nH]c2ccccc21)N1CCCCC1,1,True,True
Mol1707,CCOC(C)C(=O)N1CCC(n2c(=O)[nH]c3ccccc32)CC1,O=c1[nH]c2ccccc2n1C1CCNCC1,0,False,True
Mol1708,O=C1CCCN1CCCN1CCC(n2c(=O)[nH]c3ccccc32)CC1,O=C1CCCN1CCCN1CCC(n2c(=O)[nH]c3ccccc32)CC1,1,False,True
Mol1709,CC(=O)NCc1ncc(-c2ccccc2C(=O)O)cn1,c1ccc(-c2cncnc2)cc1,3,False,True
Mol1710,Cn1cc(NC(=O)c2csc(Cc3ccccc3)n2)cn1,O=C(Nc1cn[nH]c1)c1csc(Cc2ccccc2)n1,2,True,True
Mol1711,CCn1c(COC(=O)c2ccc(C)s2)nc2cc(S(=O)(=O)N3CCCCC3)ccc21,O=C(OCc1nc2cc(S(=O)(=O)N3CCCCC3)ccc2[nH]1)c1cccs1,2,True,True
Mol1712,Nc1ccc2c(ccn2CC(=O)N2CCOCC2)c1,O=C(Cn1ccc2ccccc21)N1CCOCC1,1,False,True
Mol1713,Cc1cc(F)ccc1C(=O)NCc1ccc(O)c(O)c1,O=C(NCc1ccccc1)c1ccccc1,4,False,True
Mol1714,Cc1ccc(OCc2nc3cc(N)ccc3[nH]2)cc1,c1ccc(OCc2nc3ccccc3[nH]2)cc1,2,False,True
Mol1715,Cc1cc(Cl)c(OCCCN2CCNCC2)c(Br)c1,c1ccc(OCCCN2CCNCC2)cc1,0,False,True
Mol1716,CC(C)[C@@H](C(=O)Nc1nc2ccccc2[nH]1)N1Cc2ccccc2C1=O,O=C(CN1Cc2ccccc2C1=O)Nc1nc2ccccc2[nH]1,3,False,True
Mol1717,CS(=O)(=O)c1cccc(CNc2nc(Nc3ccc4c(c3)CCC(=O)N4)ncc2C(F)(F)F)c1,O=C1CCc2cc(Nc3nccc(NCc4ccccc4)n3)ccc2N1,4,True,True
Mol1718,Cc1csc(NC(=O)c2cccc(C)c2C)n1,O=C(Nc1nccs1)c1ccccc1,4,True,True
Mol1719,CONC(=O)c1ccccc1Nc1cc(Nc2cc(C)nn2C(C)C)ncc1Cl,c1ccc(Nc2ccnc(Nc3ccn[nH]3)c2)cc1,1,True,True
Mol1720,c1ccc(Cc2cccc3cc4c(nc23)OCCNC4)cc1,c1ccc(Cc2cccc3cc4c(nc23)OCCNC4)cc1,2,True,True
Mol1721,Oc1ccccc1NCc1ccccn1,c1ccc(NCc2ccccn2)cc1,2,True,True
Mol1722,COc1cc2c(NC3CCN(C(C)C)CC3)nc(N3CCC(F)(F)CC3)nc2cc1OCCCN1CCCC1,c1cc2c(NC3CCNCC3)nc(N3CCCCC3)nc2cc1OCCCN1CCCC1,4,False,True
Mol1723,CCCc1cc(-c2nn3c(C4CCCC4)nnc3s2)n(C)n1,c1cc(-c2nn3c(C4CCCC4)nnc3s2)[nH]n1,4,True,True
Mol1724,C/N=C(\NC#N)NCCSCc1nc[nH]c1C,c1c[nH]cn1,2,False,True
Mol1725,Cc1cc(C)nc(CNC(=O)CC2CCNCC2)n1,O=C(CC1CCNCC1)NCc1ncccn1,1,False,True
Mol1726,Cc1nnc(-c2cccc(C(=O)O)c2)o1,c1ccc(-c2nnco2)cc1,0,False,True
Mol1727,O=C(c1cccs1)N1CCCC(C(=O)N2Cc3ccccc3C(c3ccccc3)C2)C1,O=C(c1cccs1)N1CCCC(C(=O)N2Cc3ccccc3C(c3ccccc3)C2)C1,3,True,True
Mol1728,Cc1ccsc1-c1nc(CN(C)CCc2cn[nH]c2)c(C)o1,c1csc(-c2nc(CNCCc3cn[nH]c3)co2)c1,2,True,True
Mol1729,Cc1nc(C#N)c(C#N)n1Cc1csc(-c2cccs2)n1,c1csc(-c2nc(Cn3ccnc3)cs2)c1,2,True,True
Mol1730,O=C1CSc2ccc(C(=O)Nc3cc(C4CC4)n[nH]3)cc2N1,O=C1CSc2ccc(C(=O)Nc3cc(C4CC4)n[nH]3)cc2N1,0,True,True
Mol1731,CNc1nc(N2CCCCC2)nc(N2CCCCC2)n1,c1nc(N2CCCCC2)nc(N2CCCCC2)n1,1,True,True
Mol1732,CC(Oc1ccc(Cl)cc1)C(=O)N1CCC(n2c(=O)[nH]c3ccccc32)CC1,O=C(COc1ccccc1)N1CCC(n2c(=O)[nH]c3ccccc32)CC1,0,True,True
Mol1733,Fc1ccc(-c2cc(C3CCNCC3)ccn2)cc1,c1ccc(-c2cc(C3CCNCC3)ccn2)cc1,4,False,True
Mol1734,CCC(CC)NC(=O)c1ccc(C#N)c(C)n1,c1ccncc1,0,True,True
Mol1735,Cc1cc(Oc2cnccn2)ccc1N,c1ccc(Oc2cnccn2)cc1,4,False,True
Mol1736,CCN1CCN(c2ccc(NC(=O)c3ncoc3-c3ccc4ccccc4c3)cc2)CC1,O=C(Nc1ccc(N2CCNCC2)cc1)c1ncoc1-c1ccc2ccccc2c1,3,True,True
Mol1737,CCc1cnc(CCNc2cncc(Cl)n2)s1,c1cnc(NCCc2nccs2)cn1,3,True,True
Mol1738,Cc1cccc(OCCn2c(N)nc3ccccc32)c1,c1ccc(OCCn2cnc3ccccc32)cc1,2,True,True
Mol1739,O=C(COc1ccc2ccc(=O)oc2c1)Nc1cccc(COCc2ccco2)c1,O=C(COc1ccc2ccc(=O)oc2c1)Nc1cccc(COCc2ccco2)c1,2,True,True
Mol1740,C[C@@H](CN1CCC(n2c(=O)[nH]c3cc(Cl)ccc32)CC1)NC(=O)c1ccc2ccccc2c1,O=C(NCCN1CCC(n2c(=O)[nH]c3ccccc32)CC1)c1ccc2ccccc2c1,2,True,True
Mol1741,O=C(Nc1ccccc1)Nc1ccccc1,O=C(Nc1ccccc1)Nc1ccccc1,1,True,True
Mol1742,Cc1noc(-c2ccccc2C(=O)O)n1,c1ccc(-c2ncno2)cc1,0,False,True
Mol1743,C[C@@H](CN1CCC2(CC1)C(=O)NCN2c1cccc(F)c1)NC(=O)c1ccc(Br)cc1,O=C(NCCN1CCC2(CC1)C(=O)NCN2c1ccccc1)c1ccccc1,1,True,True
Mol1744,Cn1ccc(NC(=O)c2cc(-c3ccncc3)nc3ccccc23)n1,O=C(Nc1cc[nH]n1)c1cc(-c2ccncc2)nc2ccccc12,3,True,True
Mol1745,O=C(COc1ccc2oc3c(c2c1)CCCC3)N1CCOCC1,O=C(COc1ccc2oc3c(c2c1)CCCC3)N1CCOCC1,1,True,True
Mol1746,c1ccc(-c2ccc(Cn3ccnc3-c3cc4n(n3)CCCNC4)cc2)cc1,c1ccc(-c2ccc(Cn3ccnc3-c3cc4n(n3)CCCNC4)cc2)cc1,1,True,True
Mol1747,CNc1cc(C)nc(-c2ccnc3c2ccn3C)n1,c1cnc(-c2ccnc3[nH]ccc23)nc1,3,True,True
Mol1748,CS(=O)(=O)N1CCC(Nc2ccc3ccc(F)cc3n2)CC1,c1ccc2nc(NC3CCNCC3)ccc2c1,0,True,True
Mol1749,O=C(Nc1cccc2cnccc12)c1cccc(F)c1,O=C(Nc1cccc2cnccc12)c1ccccc1,3,True,True
Mol1750,NCc1ccc(Oc2ccccc2)nc1,c1ccc(Oc2ccccn2)cc1,1,True,True
Mol1751,O=C(c1ccc(F)cc1)N1Cc2nc[nH]c2C[C@H]1c1nc(-c2ccc(Cl)cc2)no1,O=C(c1ccccc1)N1Cc2nc[nH]c2C[C@H]1c1nc(-c2ccccc2)no1,4,True,True
Mol1752,Nc1cnn(CC(=O)N2CCCCC2)c1,O=C(Cn1cccn1)N1CCCCC1,2,False,True
Mol1753,Nc1cnn(CC(=O)Nc2ccc(F)cc2)c1,O=C(Cn1cccn1)Nc1ccccc1,1,True,True
Mol1754,CN(c1ncccc1CNc1nc(Nc2ccc3c(c2)CC(=O)N3)ncc1C(F)(F)F)S(C)(=O)=O,O=C1Cc2cc(Nc3nccc(NCc4cccnc4)n3)ccc2N1,2,True,True
Mol1755,Cc1noc(C2CCN(CC(N)=O)CC2)n1,c1noc(C2CCNCC2)n1,2,True,True
Mol1756,CN(NC(=O)c1ccn(-c2ccccc2)n1)c1ccccc1,O=C(NNc1ccccc1)c1ccn(-c2ccccc2)n1,2,True,True
Mol1757,COc1cc2c(c(OC)c1OC)CCNC(=O)C2,O=C1Cc2ccccc2CCN1,0,False,True
Mol1758,Cc1nn(C)c2nc(C(C)C)cc(C(=O)O)c12,c1cnc2[nH]ncc2c1,3,False,True
Mol1759,CCCn1c(=O)[nH]c2nc(-c3ccc(S(=O)(=O)O)cc3)[nH]c2c1=O,O=c1[nH]c(=O)c2[nH]c(-c3ccccc3)nc2[nH]1,1,False,True
Mol1760,O=C(C1CC1c1ccc(F)cc1)N1CCC(n2c(=O)[nH]c3ccccc32)CC1,O=C(C1CC1c1ccccc1)N1CCC(n2c(=O)[nH]c3ccccc32)CC1,1,True,True
Mol1761,O=C(C1CC1c1ccccc1F)N1CCC(n2c(=O)[nH]c3ccccc32)CC1,O=C(C1CC1c1ccccc1)N1CCC(n2c(=O)[nH]c3ccccc32)CC1,1,True,True
Mol1762,Cc1cccc(COc2cccc(/C=C3\C(=O)NN(c4ccccc4)C3=O)c2)c1,O=C1NN(c2ccccc2)C(=O)/C1=C/c1cccc(OCc2ccccc2)c1,4,True,True
Mol1763,Cc1ccn(-c2ccc3[nH]c4c(c3c2)CCCC4=O)n1,O=C1CCCc2c1[nH]c1ccc(-n3cccn3)cc21,2,True,True
Mol1764,COc1cc(CN(C)C(=O)Nc2cccc(C)c2C)ccc1O,O=C(NCc1ccccc1)Nc1ccccc1,3,True,True
Mol1765,CSCC(=O)N1CCc2[nH]nc(-c3cccc(F)c3)c2C1,c1ccc(-c2n[nH]c3c2CNCC3)cc1,2,True,True
Mol1766,O=C(C1CCCN(S(=O)(=O)c2ccccc2)C1)N1CCc2ccccc2C1,O=C(C1CCCN(S(=O)(=O)c2ccccc2)C1)N1CCc2ccccc2C1,0,True,True
Mol1767,CCC(=O)N1CCCC(C(=O)N2CCc3c(Cl)cc(Cl)cc3C2C)C1,O=C(C1CCCNC1)N1CCc2ccccc2C1,1,True,True
Mol1768,O=C(C1CC1)N1CCCC(C(=O)N2CCc3ccccc3C2Cc2ccccc2)C1,O=C(C1CC1)N1CCCC(C(=O)N2CCc3ccccc3C2Cc2ccccc2)C1,2,True,True
Mol1769,O=C(C1CCCN(c2cnccn2)C1)N1CCc2ccccc2C1,O=C(C1CCCN(c2cnccn2)C1)N1CCc2ccccc2C1,0,True,True
Mol1770,O=C(C1CCCN(C(=O)N2CCCC2)C1)N1CCc2ccccc2C1,O=C(C1CCCN(C(=O)N2CCCC2)C1)N1CCc2ccccc2C1,4,True,True
Mol1771,O=C(C1CCCN(c2ccc(Cl)nn2)C1)N1CCc2ccccc2C1,O=C(C1CCCN(c2cccnn2)C1)N1CCc2ccccc2C1,4,True,True
Mol1772,O=C(C1CCCN(c2ccccn2)C1)N1CCc2ccccc2C1,O=C(C1CCCN(c2ccccn2)C1)N1CCc2ccccc2C1,3,True,True
Mol1773,CC(=O)N1CCCC(C(=O)N2CCc3c(cccc3C(C)C)C2)C1,O=C(C1CCCNC1)N1CCc2ccccc2C1,1,True,True
Mol1774,CSc1ccccc1NC(=O)CN1CCCC(c2nc3ccccc3o2)C1,O=C(CN1CCCC(c2nc3ccccc3o2)C1)Nc1ccccc1,1,True,True
Mol1775,CCONC(=O)c1cnn(-c2cccc(Cl)c2)c1,c1ccc(-n2cccn2)cc1,0,True,True
Mol1776,Cc1ccc(NC(=O)c2cccc3cccnc23)cc1,O=C(Nc1ccccc1)c1cccc2cccnc12,3,True,True
Mol1777,Cc1cnn(Cc2cc(F)ccc2F)c1N,c1ccc(Cn2cccn2)cc1,0,True,True
Mol1778,CCOc1cc(CNc2ccc(N3CCOCC3)c(C(=O)O)c2)cc(Cl)c1OC,c1ccc(CNc2ccc(N3CCOCC3)cc2)cc1,1,True,True
Mol1779,O=C(Cn1ccnc1)NCc1ccccc1F,O=C(Cn1ccnc1)NCc1ccccc1,0,False,True
Mol1780,C#CCN1CCN(C(=O)CCS(C)(=O)=O)CC1,C1CNCCN1,0,False,True
Mol1781,Cc1nnc(NC(=O)c2nn(-c3ccc(F)cc3)c3c2CCCC3)s1,O=C(Nc1nncs1)c1nn(-c2ccccc2)c2c1CCCC2,0,True,True
Mol1782,CC(C)c1ccc(NC(=O)c2ccc3nccnc3c2)cc1,O=C(Nc1ccccc1)c1ccc2nccnc2c1,3,True,True
Mol1783,CC(C)CCNC(=O)c1ccc2ccccc2n1,c1ccc2ncccc2c1,1,True,True
Mol1784,Cc1ccc(-c2nc(-c3ccncc3)n[nH]2)cc1,c1ccc(-c2nc(-c3ccncc3)n[nH]2)cc1,4,True,True
Mol1785,Nc1nccc2ccc(-c3cccc(F)c3)cc12,c1ccc(-c2ccc3ccncc3c2)cc1,1,True,True
Mol1786,Cc1ccc2oc([C@H]3CCN(Cc4ccc(C#N)cc4)C3)nc2c1,c1ccc(CN2CC[C@H](c3nc4ccccc4o3)C2)cc1,4,True,True
Mol1787,COc1ccc(-c2ccc(CNc3ccc(CN4CCC(C)CC4)cc3)cc2)cc1,c1ccc(-c2ccc(CNc3ccc(CN4CCCCC4)cc3)cc2)cc1,2,True,True
Mol1788,c1ccc(-n2cnc3cc(NCc4ccccn4)ccc32)cc1,c1ccc(-n2cnc3cc(NCc4ccccn4)ccc32)cc1,0,True,True
Mol1789,Cc1ccc(NC(=O)c2cc(F)cc(F)c2)nc1,O=C(Nc1ccccn1)c1ccccc1,2,True,True
Mol1790,CCONC(=O)Cc1coc2c(C)c(C)ccc12,c1ccc2occc2c1,1,True,True
Mol1791,O=C(NCc1cccc(O)c1)Nc1ccccc1F,O=C(NCc1ccccc1)Nc1ccccc1,3,False,True
Mol1792,O=C(NCCc1ccc(O)c(O)c1)Nc1ccccn1,O=C(NCCc1ccccc1)Nc1ccccn1,4,False,True
Mol1793,N#CC1(NC(=O)C2CCCCCC2)CC1,O=C(NC1CC1)C1CCCCCC1,3,False,True
Mol1794,Fc1cccc(N[C@H]2CCCN[C@H]2Cc2ccccc2)c1,c1ccc(C[C@@H]2NCCC[C@@H]2Nc2ccccc2)cc1,4,True,True
Mol1795,CCOc1cc2c(cc1CCC(=O)N1CCC(Cc3ncncc3C(N)=O)CC1)CCC2,O=C(CCc1ccc2c(c1)CCC2)N1CCC(Cc2ccncn2)CC1,3,True,True
Mol1796,CC(=O)n1c(/C=C2/N=C(c3ccc(F)cc3)OC2=O)cc2ccccc21,O=C1OC(c2ccccc2)=N/C1=C/c1cc2ccccc2[nH]1,1,True,True
Mol1797,Cc1nc2cc(C(=O)N3CCc4nc5ccccc5c(=O)n4CC3)ccc2n1C,O=C(c1ccc2[nH]cnc2c1)N1CCc2nc3ccccc3c(=O)n2CC1,1,False,True
Mol1798,Cc1ccc(OCC(=O)Nc2ccncc2)c(C)c1,O=C(COc1ccccc1)Nc1ccncc1,4,True,True
Mol1799,Fc1ccc(-c2nnc(CN3CCC(c4c[nH]c5ccccc45)CC3)o2)cc1,c1ccc(-c2nnc(CN3CCC(c4c[nH]c5ccccc45)CC3)o2)cc1,1,True,True
Mol1800,Cc1cc(C(=O)NCC2(c3ccccc3)CC2)on1,O=C(NCC1(c2ccccc2)CC1)c1ccno1,3,False,True
Mol1801,Cc1cc(F)ccc1NC(=O)Cn1cncn1,O=C(Cn1cncn1)Nc1ccccc1,2,False,True
Mol1802,Cc1ccc(-c2nnc(SCCn3cccn3)[nH]2)cc1,c1ccc(-c2nnc(SCCn3cccn3)[nH]2)cc1,3,True,True
Mol1803,Cc1cccnc1NC(=O)c1csc(-c2ccccc2)n1,O=C(Nc1ccccn1)c1csc(-c2ccccc2)n1,0,True,True
Mol1804,CC(c1ccccc1)N1CC(C(=O)N2CCC(n3c(=O)[nH]c4ccccc43)CC2)CC1=O,O=C1CC(C(=O)N2CCC(n3c(=O)[nH]c4ccccc43)CC2)CN1Cc1ccccc1,1,True,True
Mol1805,CNC(=O)c1ccc(Nc2ncc(C(F)(F)F)c(NCc3nccnc3N(C)S(C)(=O)=O)n2)cc1,c1ccc(Nc2nccc(NCc3cnccn3)n2)cc1,3,True,True
Mol1806,O=C(Nc1ccccn1)c1cccc2ccccc12,O=C(Nc1ccccn1)c1cccc2ccccc12,3,True,True
Mol1807,O=C(CN1CCSC1=O)N1CCN(Cc2sc3ccccc3c2Cl)CC1,O=C(CN1CCSC1=O)N1CCN(Cc2cc3ccccc3s2)CC1,1,True,True
Mol1808,CC(=O)N1CCC(c2ccc(C(=O)O)cn2)CC1,c1ccc(C2CCNCC2)nc1,1,False,True
Mol1809,CCS(=O)(=O)CC(=O)Nc1cc(C)ccc1C,c1ccccc1,2,False,True
Mol1810,O=C(Nc1cccc(Cl)c1F)c1cccc(N2CCCC2=O)c1,O=C(Nc1ccccc1)c1cccc(N2CCCC2=O)c1,0,True,True
Mol1811,Cc1ccc2cc(C(=O)N(C)CCC#N)[nH]c2c1,c1ccc2[nH]ccc2c1,1,True,True
Mol1812,CCN(C(=O)CO)[C@H]1CN(/C(=N\C#N)Nc2cccc(OC(F)F)c2)N=C1c1ccc(Cl)c(Cl)c1,N=C(Nc1ccccc1)N1CCC(c2ccccc2)=N1,0,True,True
Mol1813,CCCc1nnc2sc(-c3cc(C(C)C)nn3C)nn12,c1cc(-c2nn3cnnc3s2)[nH]n1,3,True,True
Mol1814,Oc1ccc(-c2noc(-c3cccnc3)n2)cc1,c1ccc(-c2noc(-c3cccnc3)n2)cc1,3,True,True
Mol1815,CONC(=O)c1cn(-c2ccc(Br)cc2)cn1,c1ccc(-n2ccnc2)cc1,1,False,True
Mol1816,CC1(C(=O)O)CCN(Cc2ccccc2)CC1,c1ccc(CN2CCCCC2)cc1,1,False,True
Mol1817,CN(CCN(C)C1CCCC1)C(=O)c1ccc(-c2nc[nH]n2)cc1,O=C(NCCNC1CCCC1)c1ccc(-c2nc[nH]n2)cc1,1,False,True
Mol1818,COc1ncc(-c2cccc(N(C)C)c2)c(OC)n1,c1ccc(-c2cncnc2)cc1,3,True,True
Mol1819,O=C1C(N2CCC(n3c(=O)[nH]c4ccccc43)CC2)CCN1c1ccccc1,O=C1C(N2CCC(n3c(=O)[nH]c4ccccc43)CC2)CCN1c1ccccc1,3,True,True
Mol1820,O=C(NCCc1cccc2cccnc12)C1CCCCC1,O=C(NCCc1cccc2cccnc12)C1CCCCC1,3,True,True
Mol1821,CCN(Cc1nc2cc(Cl)ccc2c(=O)[nH]1)C(=O)COc1ccccc1Cc1ccccc1,O=C(COc1ccccc1Cc1ccccc1)NCc1nc2ccccc2c(=O)[nH]1,1,True,True
Mol1822,Cc1nc(C2CCN(CC(N)=O)CC2)no1,c1nc(C2CCNCC2)no1,0,False,True
Mol1823,CN(C)[C@@H]1CN(C(=O)COc2ccccc2)C[C@H]1O,O=C(COc1ccccc1)N1CCCC1,4,False,True
Mol1824,O=C(CCN1CCN(C(=O)OCc2cc(Cl)cc(Cl)c2)CC1)c1ccc2[nH]c(=O)oc2c1,O=C(CCN1CCN(C(=O)OCc2ccccc2)CC1)c1ccc2[nH]c(=O)oc2c1,2,True,True
Mol1825,CN(Cc1ccc(-c2ccc(Br)cc2)o1)C(=O)c1cnn(C)c1,O=C(NCc1ccc(-c2ccccc2)o1)c1cn[nH]c1,1,True,True
Mol1826,COc1ccc(N)cc1N1CCOC1=O,O=C1OCCN1c1ccccc1,0,False,True
Mol1827,CCCCCCCC/C(=C\CCCCCCCC(=O)O)[N+](=O)[O-],CCCCCCCC/C(=C\CCCCCCCC(=O)O)[N+](=O)[O-],1,True,True
Mol1828,COCCOc1ccc2c(c1)ncn2-c1ccc2cccc(N3CCC(N)CC3)c2n1,c1cc(N2CCCCC2)c2nc(-n3cnc4ccccc43)ccc2c1,1,True,True
Mol1829,COc1ncccc1NC(=O)c1cccc(C)n1,O=C(Nc1cccnc1)c1ccccn1,2,True,True
Mol1830,O=C(NCc1ccc(O)cc1)Nc1ccncc1F,O=C(NCc1ccccc1)Nc1ccncc1,3,False,True
Mol1831,N#Cc1cccc(CN2CCOC[C@H](O)C2)c1,c1ccc(CN2CCCOCC2)cc1,2,True,True
Mol1832,NC(=O)CN1CCC(CCc2ccccc2)CC1,c1ccc(CCC2CCNCC2)cc1,1,False,True
Mol1833,O=c1[nH]c2ccccc2n1C1CCN(Cc2nnc(-c3cc4c(s3)CCCC4)o2)CC1,O=c1[nH]c2ccccc2n1C1CCN(Cc2nnc(-c3cc4c(s3)CCCC4)o2)CC1,1,True,True
Mol1834,COc1ccccc1C(=O)Nc1cccc(-c2ccnc(C)n2)c1,O=C(Nc1cccc(-c2ccncn2)c1)c1ccccc1,4,True,True
Mol1835,Cc1nc2ccc(C(=O)NCCCc3ccc(F)cc3)cc2[nH]1,O=C(NCCCc1ccccc1)c1ccc2nc[nH]c2c1,4,True,True
Mol1836,COc1ccc(C(=O)N2CCCC2)cc1NC(=O)c1cc(F)c(F)c(F)c1F,O=C(Nc1cccc(C(=O)N2CCCC2)c1)c1ccccc1,3,False,True
Mol1837,c1nc(Nc2ccc3c(c2)OCCCO3)c2sccc2n1,c1nc(Nc2ccc3c(c2)OCCCO3)c2sccc2n1,1,True,True
Mol1838,CC(C)c1ccc(NC(=O)Cn2cnc3c2c(=O)n(C)c(=O)n3C)cc1,O=C(Cn1cnc2[nH]c(=O)[nH]c(=O)c21)Nc1ccccc1,3,True,True
Mol1839,CN1CCN(C(=O)C2(NC(=O)c3cc(Cl)c4c(c3)OCO4)CCCC2)CC1,O=C(NC1(C(=O)N2CCNCC2)CCCC1)c1ccc2c(c1)OCO2,2,False,True
Mol1840,COCc1ccc(-c2nc3c([nH]2)c(C)nn3C2CCCCC2)o1,c1coc(-c2nc3c(cnn3C3CCCCC3)[nH]2)c1,1,True,True
Mol1841,N#Cc1cccnc1Nc1cnn(Cc2ccccc2)c1,c1ccc(Cn2cc(Nc3ccccn3)cn2)cc1,1,True,True
Mol1842,COCc1nc(C2CCN(CCO)CC2)no1,c1nc(C2CCNCC2)no1,0,False,True
Mol1843,CN(CCC#N)Cc1cc(C#N)ccc1F,c1ccccc1,2,False,True
Mol1844,Cc1cccnc1NC(=O)CCc1ccc(F)cc1,O=C(CCc1ccccc1)Nc1ccccn1,4,True,True
Mol1845,COC(=O)[C@]12CCC(C)(C)CC1C1C(=O)C=C3[C@@]4(C)C=C(C#N)C(=O)C(C)(C)[C@@H]4CC[C@@]3(C)[C@]1(C)CC2,O=C1C=CC2C3=CC(=O)C4C5CCCCC5CCC4C3CC[C@H]2C1,2,True,True
Mol1846,CC(=O)NC1(c2ccc(F)cc2)CCN(Cc2ccc(OC3CCCC3)cc2)CC1,c1ccc(C2CCN(Cc3ccc(OC4CCCC4)cc3)CC2)cc1,4,True,True
Mol1847,CC(=O)N1c2ccccc2C[C@H]1C(=O)O,c1ccc2c(c1)CCN2,3,False,True
Mol1848,C[C@H](C(=O)Nc1nc2ccccc2[nH]1)N1Cc2ccccc2C1=O,O=C(CN1Cc2ccccc2C1=O)Nc1nc2ccccc2[nH]1,3,False,True
Mol1849,O=C(Nc1cc(Cl)ccc1Cl)c1cccc(N2CCCC2=O)c1,O=C(Nc1ccccc1)c1cccc(N2CCCC2=O)c1,0,True,True
Mol1850,Cn1ccc2c(NC(=O)N3CCCN(C(=O)Oc4ccccc4)CC3)cccc21,O=C(Nc1cccc2[nH]ccc12)N1CCCN(C(=O)Oc2ccccc2)CC1,2,True,True
Mol1851,Cc1cccc(NC(=O)CN2C(=O)N(C)C3(CCCCC3)C2=O)c1C,O=C(CN1C(=O)NC2(CCCCC2)C1=O)Nc1ccccc1,3,True,True
Mol1852,O=C1NCN(c2ccccc2)C12CCN(CCCOc1ccc(F)cc1)CC2,O=C1NCN(c2ccccc2)C12CCN(CCCOc1ccccc1)CC2,3,True,True
Mol1853,COc1ccc(CN(C)c2ncncc2Br)cc1O,c1ccc(CNc2ccncn2)cc1,3,True,True
Mol1854,O=C(NCc1ccc(O)c(O)c1)c1ccc2ccccc2n1,O=C(NCc1ccccc1)c1ccc2ccccc2n1,4,False,True
Mol1855,COc1ccc2c(c1)CN(c1nc(C)cc(C)n1)CC2,c1cnc(N2CCc3ccccc3C2)nc1,0,True,True
Mol1856,Cc1ccc(F)cc1C(=O)N1CCc2c(nc(-c3ccccn3)nc2N(C)C)C1,O=C(c1ccccc1)N1CCc2cnc(-c3ccccn3)nc2C1,0,True,True
Mol1857,COc1ccc(CCCNc2nnc(C)o2)cc1,c1ccc(CCCNc2nnco2)cc1,2,False,True
Mol1858,Cn1c(=O)c2c(ncn2C)n(C)c1=O,O=c1[nH]c(=O)c2[nH]cnc2[nH]1,0,False,True
Mol1859,CC(C)c1nc(S(=O)(=O)N2CC3(CC3)c3ccccc32)c[nH]1,O=S(=O)(c1c[nH]cn1)N1CC2(CC2)c2ccccc21,0,True,True
Mol1860,NC(=O)COc1ccccc1C(=O)Nc1cccc(-c2ccc3ccccc3c2)n1,O=C(Nc1cccc(-c2ccc3ccccc3c2)n1)c1ccccc1,0,True,True
Mol1861,CN1CCC(O)(CNC(=O)C2CCCCCC2)CC1,O=C(NCC1CCNCC1)C1CCCCCC1,4,False,True
Mol1862,Cc1cc(-n2ccnc2)ccc1C(=O)O,c1ccc(-n2ccnc2)cc1,1,False,True
Mol1863,O=C1CC(N2CCCN(c3ccc(C(F)(F)F)cn3)CC2)C(=O)N1c1ccccc1,O=C1CC(N2CCCN(c3ccccn3)CC2)C(=O)N1c1ccccc1,1,True,True
Mol1864,O=C(NCc1cnn2cccnc12)c1ccccc1-n1cnnc1,O=C(NCc1cnn2cccnc12)c1ccccc1-n1cnnc1,0,False,True
Mol1865,Brc1nnc(N2CCC(OC3CCCC3)CC2)s1,c1nnc(N2CCC(OC3CCCC3)CC2)s1,3,True,True
Mol1866,Cc1ccc(CCNc2ccc(C#N)nc2)cn1,c1cncc(CCNc2cccnc2)c1,1,False,True
Mol1867,Cn1cc(CNc2ncccn2)c(C(C)(C)C)n1,c1cnc(NCc2cn[nH]c2)nc1,1,False,True
Mol1868,[2H]c1nc(C)nc([2H])c1-c1cc(NC[C@@H](C)c2cccc3c(C(=O)NC)ccnc23)ncn1,c1cnc2c(CCNc3cc(-c4cncnc4)ncn3)cccc2c1,0,True,True
Mol1869,CC(=O)Nc1ccccc1CN1CCC(c2nnc3ccccn23)CC1,c1ccc(CN2CCC(c3nnc4ccccn34)CC2)cc1,2,True,True
Mol1870,O=C(Nc1ccc2[nH]ncc2c1)[C@H]1CCCNC1,O=C(Nc1ccc2[nH]ncc2c1)[C@H]1CCCNC1,3,True,True
Mol1871,CCc1cc(=O)[nH]c(SCCN2CCCCC2)n1,O=c1ccnc(SCCN2CCCCC2)[nH]1,2,False,True
Mol1872,CCCn1ncc(CN2CCC(c3cc4cccnc4[nH]3)CC2)c1C,c1cnc2[nH]c(C3CCN(Cc4cn[nH]c4)CC3)cc2c1,2,True,True
Mol1873,O=c1cc2c(n[nH]1)-c1cnc(N3CCCC3)nc1CC2,O=c1cc2c(n[nH]1)-c1cnc(N3CCCC3)nc1CC2,4,True,True
Mol1874,O=C(c1ccc(-c2ccncc2)cc1)N1CCC(O)(CN2CCCC2)CC1,O=C(c1ccc(-c2ccncc2)cc1)N1CCC(CN2CCCC2)CC1,2,False,True
Mol1875,Cc1nc2cc(-c3nccn3C)nn2c(NCCCN(C)C)c1C,c1cnc2cc(-c3ncc[nH]3)nn2c1,1,False,True
Mol1876,CN(C)CCSc1nnnn1-c1ccc(Br)cc1,c1ccc(-n2cnnn2)cc1,0,True,True
Mol1877,Cc1ccc(Nc2ccnc(Nc3ccc(C)cc3)n2)cc1,c1ccc(Nc2ccnc(Nc3ccccc3)n2)cc1,4,True,True
Mol1878,Cc1cnn(CC(=O)NCCCn2cc(Cl)cn2)c1,O=C(Cn1cccn1)NCCCn1cccn1,0,False,True
Mol1879,CN(CCCC1CCCC1)Cc1cc(=O)[nH]c(=O)[nH]1,O=c1cc(CNCCCC2CCCC2)[nH]c(=O)[nH]1,2,True,True
Mol1880,C[C@H](Cc1cc2c(c(C(N)=O)c1)N(CCCO)CC2)NCCOc1ccccc1OCC(F)(F)F,c1ccc(OCCNCCc2ccc3c(c2)CCN3)cc1,3,True,True
Mol1881,CC(C)N(C(=O)Cn1cccc2cc(C(F)F)nc1-2)C(C)C,c1c[nH]c2nccc-2c1,3,True,True
Mol1882,Cc1noc2ncnc(N3CCCN(C(=O)C4CC4)CC3)c12,O=C(C1CC1)N1CCCN(c2ncnc3oncc23)CC1,3,True,True
Mol1883,CCn1ncc(CN(C)C(=O)c2ccc(-c3nc(C)cc(C)n3)cc2)c1C,O=C(NCc1cn[nH]c1)c1ccc(-c2ncccn2)cc1,4,True,True
Mol1884,O=c1c2cccc(C(F)(F)F)c2ncn1C1CCCC1,O=c1c2ccccc2ncn1C1CCCC1,3,True,True
Mol1885,COc1cccc(C)c1C(=O)N(C)Cc1ncc[nH]1,O=C(NCc1ncc[nH]1)c1ccccc1,2,False,True
Mol1886,COc1ncnc(C)c1-c1cccc(OC(C)C)c1,c1ccc(-c2cncnc2)cc1,3,True,True
Mol1887,Fc1cccc(N2CCCC2)c1CN1CCN(Cc2ccon2)CC1,c1ccc(N2CCCC2)c(CN2CCN(Cc3ccon3)CC2)c1,1,True,True
Mol1888,O=S1(=O)CCN(C2CCN(CC(F)(F)F)CC2)CC1,O=S1(=O)CCN(C2CCNCC2)CC1,1,False,True
Mol1889,CC(C)n1cnnc1SCOCc1ccccc1,c1ccc(COCSc2nnc[nH]2)cc1,1,False,True
Mol1890,CCn1nccc1CNc1ncccn1,c1cnc(NCc2ccn[nH]2)nc1,4,False,True
Mol1891,CCn1c(CN2CCCCCC2)nc2ccccc2c1=O,O=c1[nH]c(CN2CCCCCC2)nc2ccccc12,2,True,True
Mol1892,C#CCNC(=O)N(Cc1ccccc1F)C1CCOCC1,c1ccc(CNC2CCOCC2)cc1,1,False,True
Mol1893,CCc1cccc(C)c1NC(=O)c1ccc(C)o1,O=C(Nc1ccccc1)c1ccco1,1,False,True
Mol1894,Cc1ccc2occ(CN3C[C@H]4CCCN4C[C@H]3C)c(=O)c2c1,O=c1c(CN2CCN3CCC[C@@H]3C2)coc2ccccc12,1,True,True
Mol1895,COCC1(CNS(=O)(=O)c2ccccc2)CCC1,O=S(=O)(NCC1CCC1)c1ccccc1,1,True,True
Mol1896,CCC(C)(C)N1CCN(C(=O)Nc2cnn(CC(C)C)c2C(F)F)CC1,O=C(Nc1cn[nH]c1)N1CCNCC1,0,False,True
Mol1897,Cn1cc(-c2cccc3c(C(N)=O)cccc23)cn1,c1ccc2c(-c3cn[nH]c3)cccc2c1,0,False,True
Mol1898,O=c1c2cnccc2ncn1Cc1ccc2c(c1)CCCO2,O=c1c2cnccc2ncn1Cc1ccc2c(c1)CCCO2,1,True,True
Mol1899,CN(CCNC(=O)NC1CCOCC1)C1CCCC1,O=C(NCCNC1CCCC1)NC1CCOCC1,3,False,True
Mol1900,Cc1cccc([C@H]2CN(C(=O)C3CCCC3)[C@@H]3CCN(CC4CC4)C[C@H]23)c1,O=C(C1CCCC1)N1C[C@H](c2ccccc2)[C@H]2CN(CC3CC3)CC[C@H]21,2,True,True
Mol1901,COc1ccc(Cl)cc1NC(=O)CN1CCCN(c2ccc(C(F)(F)F)cn2)CC1,O=C(CN1CCCN(c2ccccn2)CC1)Nc1ccccc1,0,True,True
Mol1902,Cc1noc(NCc2c(C)nn(C)c2C)n1,c1noc(NCc2cn[nH]c2)n1,3,False,True
Mol1903,Cc1cc(Nc2ccc(F)cn2)cc(C2CCN(C(=O)CCc3cccc(Cl)c3)C2)n1,O=C(CCc1ccccc1)N1CCC(c2cc(Nc3ccccn3)ccn2)C1,0,True,True
Mol1904,Cc1ccc(NC(=O)CN(C)C2CCCCC2)cc1S(=O)(=O)N(C)C,O=C(CNC1CCCCC1)Nc1ccccc1,3,True,True
Mol1905,CC(C)Oc1ccc(C#N)cc1NC1CCN(C)CC1,c1ccc(NC2CCNCC2)cc1,2,False,True
Mol1906,CCc1cc(NS(C)(=O)=O)n(C)n1,c1cn[nH]c1,2,False,True
Mol1907,Cc1ncc(-c2ccccn2)c(CCNC(=O)C2CCCC2)n1,O=C(NCCc1ncncc1-c1ccccn1)C1CCCC1,0,True,True
Mol1908,O=C(Nc1ccc2c(c1)N(CC(F)F)C(=O)CS2)C1CC=CC1,O=C1CSc2ccc(NC(=O)C3CC=CC3)cc2N1,1,True,True
Mol1909,Cc1nccc(NC(=O)c2ccc(Cl)nc2Cl)n1,O=C(Nc1ccncn1)c1cccnc1,3,True,True
Mol1910,O=c1c2ccccc2nnn1CCOc1ccc(F)cc1,O=c1c2ccccc2nnn1CCOc1ccccc1,4,True,True
Mol1911,COc1cc(OC)cc(N(CCNC(C)C)c2ccc3ncc(-c4cnn(C)c4)nc3c2)c1,c1ccc(Nc2ccc3ncc(-c4cn[nH]c4)nc3c2)cc1,0,True,True
Mol1912,CC(C)[C@H]1C(=O)N[C@H](CO)Cc2cc(NC(=O)/C=C/C=C/c3ccc(C(F)(F)F)cc3)ccc2N1C,O=C(/C=C/C=C/c1ccccc1)Nc1ccc2c(c1)CCNC(=O)CN2,2,True,True
Mol1913,O=C(Nc1ccc(COC2CCCC2)cc1)N1CCC(CO)CC1,O=C(Nc1ccc(COC2CCCC2)cc1)N1CCCCC1,1,False,True
Mol1914,COC[C@@H](O)Cn1c(C)nc2ccccc21,c1ccc2[nH]cnc2c1,4,False,True
Mol1915,c1nn(C2CCOCC2)cc1Nc1ncc2nnn(-c3ccc4cn[nH]c4c3)c2n1,c1nn(C2CCOCC2)cc1Nc1ncc2nnn(-c3ccc4cn[nH]c4c3)c2n1,4,True,True
Mol1916,C1CN(c2nc3c(c(N4CCSCC4)n2)SCC3)CCS1,C1CN(c2nc3c(c(N4CCSCC4)n2)SCC3)CCS1,3,True,True
Mol1917,Cc1cc(C)n2nc(C)c(C(=O)NCC3CC3)c2n1,O=C(NCC1CC1)c1cnn2cccnc12,1,True,True
Mol1918,CCN(CC)C(=O)CSCc1cncc(F)c1,c1ccncc1,0,True,True
Mol1919,Cc1ccc(S(=O)(=O)N2CCC(c3nnc(-c4cccnc4)o3)C2)cc1,O=S(=O)(c1ccccc1)N1CCC(c2nnc(-c3cccnc3)o2)C1,1,True,True
Mol1920,CC1(C)[C@H]2CC=C(CN3CCC4(CCC(=O)N4)CC3)[C@@H]1C2,O=C1CCC2(CCN(CC3=CC[C@H]4C[C@@H]3C4)CC2)N1,0,False,True
Mol1921,O=C(c1cc(-c2ccc(F)cc2)on1)N1CC[C@H](Oc2ccccc2F)[C@@H](O)CC1,O=C(c1cc(-c2ccccc2)on1)N1CCC[C@@H](Oc2ccccc2)CC1,2,True,True
Mol1922,CC(C)c1nsc(N2CCC(Nc3cccnc3)CC2)n1,c1cncc(NC2CCN(c3ncns3)CC2)c1,0,True,True
Mol1923,COc1cccc(Oc2ccc(NC(=O)CN3CCOCC3)cn2)c1,O=C(CN1CCOCC1)Nc1ccc(Oc2ccccc2)nc1,4,False,True
Mol1924,Cc1cc(C(F)(F)F)nc(CCNC(=O)N(C)Cc2c(C)noc2C)n1,O=C(NCCc1ncccn1)NCc1cnoc1,3,True,True
Mol1925,CC1(C)[C@@H]2C[C@H]1[C@@]1(O)[C@@H](C2)Oc2c(ccc(O)c2C(=O)NCCNc2ccccn2)[C@@H]1O,O=C(NCCNc1ccccn1)c1cccc2c1O[C@@H]1C[C@H]3C[C@H](C3)C1C2,0,True,True
Mol1926,CC(=O)Nc1ccc(CNCCOc2ccc(F)cc2F)cc1,c1ccc(CNCCOc2ccccc2)cc1,1,True,True
Mol1927,CCCc1cc(O)nc(SCC(=O)N2CCN(C)CC2)n1,O=C(CSc1ncccn1)N1CCNCC1,0,False,True
Mol1928,CN1CCC(O)(CNS(=O)(=O)CC2CCCCC2)CC1,O=S(=O)(CC1CCCCC1)NCC1CCNCC1,1,False,True
Mol1929,COCCCNc1ncc(-c2cc(C)no2)c(C(C)C)n1,c1ncc(-c2ccno2)cn1,3,True,True
Mol1930,Nc1ccnc2ccc(Oc3ccccc3)cc12,c1ccc(Oc2ccc3ncccc3c2)cc1,2,True,True
Mol1931,Cc1ccc(-c2ccc(N(C)CCO)nn2)c(-n2cccn2)c1,c1cnnc(-c2ccccc2-n2cccn2)c1,0,False,True
Mol1932,COc1ccc(-c2cc(C(C)(C)C)nc(-c3ncccn3)n2)cc1,c1ccc(-c2ccnc(-c3ncccn3)n2)cc1,4,True,True
Mol1933,O=C(CC[C@@H]1CCCN2CCCC[C@H]12)NCc1ncc(Cl)cn1,O=C(CC[C@@H]1CCCN2CCCC[C@H]12)NCc1ncccn1,0,False,True
Mol1934,Cc1nc2ncc3c(n2n1)CCCC3=O,O=C1CCCc2c1cnc1ncnn21,3,False,True
Mol1935,O/N=C1/CCCc2c1cnc1ncnn21,N=C1CCCc2c1cnc1ncnn21,2,False,True
Mol1936,CN(C)CCOc1cc(-c2cn[nH]c2)ccc1NC(=O)C1COc2ccccc2O1,O=C(Nc1ccc(-c2cn[nH]c2)cc1)C1COc2ccccc2O1,1,True,True
Mol1937,CCc1cc(CNC(=O)Nc2ccc(N3CCSCC3)cc2)on1,O=C(NCc1ccno1)Nc1ccc(N2CCSCC2)cc1,1,True,True
Mol1938,CCCN(CCC1=CCCCC1)C(=O)Cc1n[nH]c(=O)[nH]1,O=C(Cc1n[nH]c(=O)[nH]1)NCCC1=CCCCC1,1,False,True
Mol1939,C/C(=C/COc1c2occc2cc2ccc(=O)oc12)CO,O=c1ccc2cc3ccoc3cc2o1,4,True,True
Mol1940,Cc1cc(-c2nc(N(C)C)no2)cc(O)n1,c1cc(-c2ncno2)ccn1,1,False,True
Mol1941,CCc1cnccc1C(=O)Nc1cnccn1,O=C(Nc1cnccn1)c1ccncc1,4,False,True
Mol1942,CN(C)c1nccc(N2CCN(CCCCCF)CC2)n1,c1cc(N2CCNCC2)ncn1,4,True,True
Mol1943,CC(=O)NC1CCC(NCCc2c(C)cccc2C)CC1,c1ccc(CCNC2CCCCC2)cc1,2,False,True
Mol1944,Cc1nnc2ncc(-c3cccc4ccnn34)cn12,c1cc(-c2cnc3nncn3c2)n2nccc2c1,4,True,True
Mol1945,O=C(CC/C=C/c1ccccc1)Nc1ccccc1N1CCOC1=O,O=C(CC/C=C/c1ccccc1)Nc1ccccc1N1CCOC1=O,2,True,True
Mol1946,COc1cc(CN2C[C@H]3CCc4c(nc(C)[nH]c4=O)[C@H]3C2)cc(OC)c1OC,O=c1[nH]cnc2c1CC[C@@H]1CN(Cc3ccccc3)C[C@H]21,2,False,True
Mol1947,Cc1ccnc(NCc2cccnc2)n1,c1cnc(NCc2cccnc2)nc1,4,False,True
Mol1948,CC(=O)N1CCN([C@H]2CCN(C(=O)c3cc4cc(Cl)ccc4o3)CC[C@@H]2O)CC1,O=C(c1cc2ccccc2o1)N1CCC[C@@H](N2CCNCC2)CC1,3,True,True
Mol1949,c1nc(N2CCC3(CCCCC3)C2)c2cn[nH]c2n1,c1nc(N2CCC3(CCCCC3)C2)c2cn[nH]c2n1,2,True,True
Mol1950,CC(C)(C)CCCNC(=O)N1CCN(Cc2ccon2)CC1,c1cc(CN2CCNCC2)no1,3,True,True
Mol1951,COc1ccc(-c2nn(C)c3ccccc23)c(OC)c1OC,c1ccc(-c2n[nH]c3ccccc23)cc1,3,True,True
Mol1952,COCC1(CNC(=O)c2cc(Cl)cnc2O)CCC1,O=C(NCC1CCC1)c1cccnc1,3,True,True
Mol1953,COc1ccc(COc2ccc(Cc3cnc(N)nc3N)cc2OC)cc1,c1ccc(COc2ccc(Cc3cncnc3)cc2)cc1,0,True,True
Mol1954,CCSCCC(=O)NCCn1nc(C)c(CC)c1C,c1cn[nH]c1,2,True,True
Mol1955,Cc1cccc(NCCc2cc(F)cc3c2OCOC3)n1,c1ccc(NCCc2cccc3c2OCOC3)nc1,4,True,True
Mol1956,COCC1(CNS(=O)(=O)c2ccc3[nH]cnc3c2)CCC1,O=S(=O)(NCC1CCC1)c1ccc2[nH]cnc2c1,0,True,True
Mol1957,Clc1ccc(CSc2nc(-c3ccccc3)c[nH]2)cn1,c1ccc(-c2c[nH]c(SCc3cccnc3)n2)cc1,3,True,True
Mol1958,CCc1ccccc1S(=O)(=O)NCCc1cn[nH]c1,O=S(=O)(NCCc1cn[nH]c1)c1ccccc1,1,True,True
Mol1959,Fc1ccc(CN2CCCN(c3ccc4nnnn4n3)CC2)cc1,c1ccc(CN2CCCN(c3ccc4nnnn4n3)CC2)cc1,3,True,True
Mol1960,CC(C)c1nnc(CN(C(C)C)C2CCOCC2)o1,c1nnc(CNC2CCOCC2)o1,4,True,True
Mol1961,CNc1ncc(CN(C)CCN2CCCCC2)cn1,c1ncc(CNCCN2CCCCC2)cn1,4,True,True
Mol1962,C#CCOc1ccc(OC)cc1C(N)=O,c1ccccc1,2,True,True
Mol1963,Cc1cc(C)nc(N2Cc3ccccc3C2=N)n1,N=C1c2ccccc2CN1c1ncccn1,0,True,True
Mol1964,O=C(O)c1csc(Cc2ccc(Cl)cc2)n1,c1ccc(Cc2nccs2)cc1,3,False,True
Mol1965,CCOc1cc(N(C)CC2CCN(C)CC2)ncn1,c1cc(NCC2CCNCC2)ncn1,4,True,True
Mol1966,O=C(c1cc(F)ccc1F)N1CCN(C(=O)C2CC2)CC1,O=C(c1ccccc1)N1CCN(C(=O)C2CC2)CC1,2,False,True
Mol1967,Cc1ccnc(N2CCC(OCC3CCCC3)CC2)n1,c1cnc(N2CCC(OCC3CCCC3)CC2)nc1,1,True,True
Mol1968,Fc1cc(Br)ccc1CNCc1ccccn1,c1ccc(CNCc2ccccn2)cc1,2,True,True
Mol1969,CN(CCSc1ccc2nnnn2n1)Cc1ccccc1,c1ccc(CNCCSc2ccc3nnnn3n2)cc1,2,True,True
Mol1970,Cc1cccc(NCCN2C(=O)CCC2=O)n1,O=C1CCC(=O)N1CCNc1ccccn1,0,False,True
Mol1971,Cc1ncsc1CNc1nnc(-c2ccncc2)o1,c1cc(-c2nnc(NCc3cncs3)o2)ccn1,3,True,True
Mol1972,c1ccc(-c2nc(CSc3ccc(-n4cccn4)nn3)cs2)cc1,c1ccc(-c2nc(CSc3ccc(-n4cccn4)nn3)cs2)cc1,0,True,True
Mol1973,CCS(=O)(=O)N(C)c1ccc(N(C)C)cc1,c1ccccc1,2,False,True
Mol1974,Cc1ccc(CN)c(-n2cc(Cl)cn2)n1,c1ccc(-n2cccn2)nc1,2,False,True
Mol1975,Cc1nccc(NC(=O)c2ccncc2Cl)c1Cl,O=C(Nc1ccncc1)c1ccncc1,0,True,True
Mol1976,COC(=O)c1cccc2c1CCCN2C(=O)c1ccc(F)cc1F,O=C(c1ccccc1)N1CCCc2ccccc21,3,True,True
Mol1977,CCc1nc(CNc2ccc(C#N)nc2)cs1,c1cncc(NCc2cscn2)c1,1,False,True
Mol1978,O=c1oc2cccnc2n1Cc1ccccn1,O=c1oc2cccnc2n1Cc1ccccn1,2,False,True
Mol1979,Cc1cc(Nc2ccc(F)cn2)cc(C2CCN(C(=O)COc3ccccc3)C2)n1,O=C(COc1ccccc1)N1CCC(c2cc(Nc3ccccn3)ccn2)C1,3,True,True
Mol1980,CC(C)CCCNC(=O)c1[nH]ncc1Br,c1cn[nH]c1,2,True,True
Mol1981,COc1cccc(C)c1C(=O)N[C@H](CO)CCSC,c1ccccc1,2,True,True
Mol1982,N#Cc1cccc(CNCc2ccccn2)c1,c1ccc(CNCc2ccccn2)cc1,2,False,True
Mol1983,CC(=O)N(C)[C@H]1CC2(CCN(C(=O)COc3ccc(F)cc3F)CC2)OC[C@]1(C)O,O=C(COc1ccccc1)N1CCC2(CCCCO2)CC1,1,False,True
Mol1984,O=C(CCc1cn[nH]c1)NCCCn1cc(Cl)cn1,O=C(CCc1cn[nH]c1)NCCCn1cccn1,2,False,True
Mol1985,Cc1nn(C)c(C)c1-c1cc(C(C)(C)C)nc(N(C)C)n1,c1cc(-c2cn[nH]c2)ncn1,1,True,True
Mol1986,C[C@@H](NC(=O)N1CCC2(CCOCC2)CC1)c1ccc(F)cc1,O=C(NCc1ccccc1)N1CCC2(CCOCC2)CC1,4,True,True
Mol1987,CSc1ncccc1C(=O)Nc1ccc(-c2nnc(C)[nH]2)cc1,O=C(Nc1ccc(-c2nnc[nH]2)cc1)c1cccnc1,1,False,True
Mol1988,CCc1c(C(=O)N2CC[C@@](O)(CC(C)C)[C@@H](Oc3ccc(F)cc3)C2)[nH]c2ccc(C)cc12,O=C(c1cc2ccccc2[nH]1)N1CCC[C@@H](Oc2ccccc2)C1,4,True,True
Mol1989,COc1cccc(Cn2cnc3c(c2=O)COCC3)c1Cl,O=c1c2c(ncn1Cc1ccccc1)CCOC2,2,True,True
Mol1990,CN(Cc1cnc2ccccc2n1)S(=O)(=O)N1CCCC1,O=S(=O)(NCc1cnc2ccccc2n1)N1CCCC1,3,True,True
Mol1991,CC(C)N(CCCNC(=O)Nc1ccc(C(C)(C)C)cc1)C[C@@H]1O[C@@H](n2ccc3c(N)ncnc32)[C@H](O)[C@H]1O,O=C(NCCCNC[C@H]1CC[C@H](n2ccc3cncnc32)O1)Nc1ccccc1,3,True,True
Mol1992,CCN1CCC(CCNc2ncc(C)c(N(C)C)n2)CC1,c1cnc(NCCC2CCNCC2)nc1,3,False,True
Mol1993,Cc1cc(C(=O)N(C)CCCC2CCCC2)cc(C)n1,O=C(NCCCC1CCCC1)c1ccncc1,0,True,True
Mol1994,CC(=O)N1CCC2(C=Cc3cc(C)c(C)cc3O2)CC1,C1=CC2(CCNCC2)Oc2ccccc21,3,True,True
Mol1995,Cc1ccc(=O)n(CCOc2cc(F)cc(Br)c2)n1,O=c1cccnn1CCOc1ccccc1,3,True,True
Mol1996,COCC(=O)Nc1cc(C#N)cn1C(C)(C)C,c1cc[nH]c1,2,False,True
Mol1997,Cn1nc(CNC(=O)C2CCC2)c2ccccc21,O=C(NCc1n[nH]c2ccccc12)C1CCC1,4,True,True
Mol1998,COc1nc2c(cc1CNC(=O)N1CCC[C@@H]1CO)C(=O)N(C1CCCC1)C2,O=C(NCc1cnc2c(c1)C(=O)N(C1CCCC1)C2)N1CCCC1,2,True,True
Mol1999,CN(Cc1ccc(N)nc1)c1nc(C(F)(F)F)cs1,c1cncc(CNc2nccs2)c1,2,False,True
Mol2000,CC(C)c1nnc(CNc2ncc(Br)cn2)n1C,c1cnc(NCc2nnc[nH]2)nc1,3,False,True
Mol2001,Cn1cc(CN2CCc3nc4ccccc4c(=O)n3CC2)cn1,O=c1c2ccccc2nc2n1CCN(Cc1cn[nH]c1)CC2,1,False,True
Mol2002,Cc1cc(-c2cn(C)nc2[C@H]2CC[C@H](CNC(=O)C(C)C)CC2)on1,c1cc(-c2c[nH]nc2C2CCCCC2)on1,2,False,True
Mol2003,NC(=O)CN1CCC(COc2ccccc2C(F)(F)F)CC1,c1ccc(OCC2CCNCC2)cc1,4,True,True
Mol2004,Nc1nnc(SCCSC2CCCCC2)n1C1CC1,c1nnc(SCCSC2CCCCC2)n1C1CC1,2,True,True
Mol2005,Cc1cccnc1CN1CCC(O)(c2ccccc2)CC1,c1ccc(C2CCN(Cc3ccccn3)CC2)cc1,3,True,True
Mol2006,CCc1nccn1Cc1nc(N)nc(N(C)C)n1,c1cn(Cc2ncncn2)cn1,1,False,True
Mol2007,O=C(Nc1ccccn1)c1ccc2c(c1)C(=O)N(C1CCCCC1)C2=O,O=C(Nc1ccccn1)c1ccc2c(c1)C(=O)N(C1CCCCC1)C2=O,0,True,True
Mol2008,CC1(C)CC(CC(=O)NCCn2ccnn2)CC(C)(C)N1,O=C(CC1CCNCC1)NCCn1ccnn1,4,False,True
Mol2009,Cc1nc(NCc2cn(C)nc2-c2cccs2)n(C)n1,c1csc(-c2n[nH]cc2CNc2ncn[nH]2)c1,4,False,True
Mol2010,CC(=O)NC[C@H]1C[C@]2(C)[C@@H](CCCC[C@]2(C)O)N1CC1(O)CCOCC1,C1CCC2CCN(CC3CCOCC3)[C@@H]2CC1,4,True,True
Mol2011,CCc1cc(CNC(=O)NC2CCN(CC3CCCCC3)CC2)on1,O=C(NCc1ccno1)NC1CCN(CC2CCCCC2)CC1,4,False,True
Mol2012,Cc1c(CN2CCC(Nc3ncnc4sc(CC(F)(F)F)cc34)CC2)ccc2[nH]c(C#N)cc12,c1nc(NC2CCN(Cc3ccc4[nH]ccc4c3)CC2)c2ccsc2n1,1,True,True
Mol2013,Cc1cc(Nc2cc(N)ncn2)c(=O)n2c1C(=O)NC21CCCCC1,O=C1NC2(CCCCC2)n2c1ccc(Nc1ccncn1)c2=O,1,False,True
Mol2014,Cc1ccnc(-n2nccc2NC(=O)NC2(C)CCC2)c1,O=C(Nc1ccnn1-c1ccccn1)NC1CCC1,1,True,True
Mol2015,CCOC(=O)c1cccnc1SCc1cccnc1,c1ccc(SCc2cccnc2)nc1,2,True,True
Mol2016,O=c1c2ccccc2cnn1Cc1cccc(OCC(F)(F)F)c1,O=c1c2ccccc2cnn1Cc1ccccc1,4,False,True
Mol2017,O=c1c2oc3ccccc3c2ncn1Cc1ccc(Cl)cc1,O=c1c2oc3ccccc3c2ncn1Cc1ccccc1,4,True,True
Mol2018,Cc1cc(NC(=O)[C@H](C)N(C)C)c2ccccc2n1,c1ccc2ncccc2c1,1,True,True
Mol2019,CC(=O)N1c2ccc(S(=O)(=O)Nc3cccc(-c4cnco4)c3)cc2CC1C,O=S(=O)(Nc1cccc(-c2cnco2)c1)c1ccc2c(c1)CCN2,0,True,True
Mol2020,Cc1cc(Nc2nnc(C)s2)cc(C2CN(C(=O)c3c(C(C)C)noc3C)CCO2)n1,O=C(c1cnoc1)N1CCOC(c2cc(Nc3nncs3)ccn2)C1,3,True,True
Mol2021,COc1ccc2nc(C)nc(NCc3ncc(C)o3)c2c1,c1ccc2c(NCc3ncco3)ncnc2c1,2,True,True
Mol2022,CC(C)c1cc(N(C)Cc2nc(C3CC3)n[nH]2)n[nH]1,c1cc(NCc2nc(C3CC3)n[nH]2)n[nH]1,3,False,True
Mol2023,Cc1nsc(NCc2cncs2)n1,c1nsc(NCc2cncs2)n1,2,False,True
Mol2024,CCCc1noc2nc(-c3ccncc3)cc(C(=O)O)c12,c1cc(-c2ccc3cnoc3n2)ccn1,2,False,True
Mol2025,CC(C)n1cnnc1-c1cccc(N2Cc3ccc(Br)cc3C2=O)n1,O=C1c2ccccc2CN1c1cccc(-c2nnc[nH]2)n1,0,True,True
Mol2026,CC(C)OCCS(=O)(=O)N1CCc2ccccc2CC1,c1ccc2c(c1)CCNCC2,3,True,True
Mol2027,COC(=O)CCCNC(=O)CN1CCC(C(=O)c2ccc(C)cc2C)CC1,O=C(c1ccccc1)C1CCNCC1,1,True,True
Mol2028,COc1cc(Br)c2c(=O)[nH]c(C)nc2c1,O=c1[nH]cnc2ccccc12,3,True,True
Mol2029,CSc1nnc(CCCNc2cc(C)ccn2)n1C1CCCC1,c1ccc(NCCCc2nncn2C2CCCC2)nc1,0,True,True
Mol2030,CC(=O)N1CCN(Cc2nc(O)cc(C(F)(F)F)n2)C(C)(C)C1,c1cnc(CN2CCNCC2)nc1,4,False,True
Mol2031,CNCc1cc(N(C)C)nc(C2CCCN2C(=O)COc2ccc(F)cc2)n1,O=C(COc1ccccc1)N1CCCC1c1ncccn1,0,False,True
Mol2032,Cc1ncsc1-c1cncc(CC2CCCN(C)C2)n1,c1ncc(-c2cncc(CC3CCCNC3)n2)s1,0,True,True
Mol2033,CC(=O)NCCCC(=O)Nc1ccc(Oc2ccccc2Cl)cc1,c1ccc(Oc2ccccc2)cc1,4,True,True
Mol2034,COC(C)(C)C(=O)Nc1ccnc(C(C)(C)C)n1,c1cncnc1,2,True,True
Mol2035,CCCN(CCC1=CCCCC1)C(=O)c1cc(C(F)F)n[nH]1,O=C(NCCC1=CCCCC1)c1ccn[nH]1,0,True,True
Mol2036,COc1cccc(C(=O)Nc2nccs2)c1,O=C(Nc1nccs1)c1ccccc1,4,True,True
Mol2037,CCC(CC)N1CC[C@H](O)[C@@](O)(COc2cc(C)ccc2Cl)C1,c1ccc(OCC2CCCNC2)cc1,4,True,True
Mol2038,CSc1ccc(C)c(C(=O)NCCN2CCC(C)CC2)c1,O=C(NCCN1CCCCC1)c1ccccc1,4,True,True
Mol2039,Cc1cnn(CCNC(=O)C2(Cn3cccn3)CC2)c1,O=C(NCCn1cccn1)C1(Cn2cccn2)CC1,4,True,True
Mol2040,C[C@@H]1CN(Cc2ccccc2)C[C@H]1c1nc2c(cnn2C2CCOCC2)c(=O)[nH]1,O=c1[nH]c([C@H]2CCN(Cc3ccccc3)C2)nc2c1cnn2C1CCOCC1,0,True,True
Mol2041,CNCc1cc(N(C)C)nc(C2CCCN2C(=O)C2CCCC2)n1,O=C(C1CCCC1)N1CCCC1c1ncccn1,4,False,True
Mol2042,CNCc1cc(N(C)C)nc(C2CCCN2C(=O)c2ccccc2-c2ccccc2)n1,O=C(c1ccccc1-c1ccccc1)N1CCCC1c1ncccn1,2,True,True
Mol2043,CCn1nccc1-c1cc(C)nc(N2CCCC2)n1,c1cc(-c2ccnc(N3CCCC3)n2)[nH]n1,1,True,True
Mol2044,c1ccc(NCc2ccc3c(c2)OCCCO3)nc1,c1ccc(NCc2ccc3c(c2)OCCCO3)nc1,2,True,True
Mol2045,CCCN(CCc1cccs1)[C@H]1CCc2c(O)cccc2C1,c1csc(CCN[C@H]2CCc3ccccc3C2)c1,0,True,True
Mol2046,c1ccc(N2CCOCC2)c(CNc2cc(N3CCCC3)ncn2)c1,c1ccc(N2CCOCC2)c(CNc2cc(N3CCCC3)ncn2)c1,3,True,True
Mol2047,c1cc(-c2nnc(NCc3cncs3)o2)ccn1,c1cc(-c2nnc(NCc3cncs3)o2)ccn1,3,False,True
Mol2048,CC1=CCN(C(=O)c2cc(C)nc3cc(C)cc(C)c23)CC1,O=C(c1ccnc2ccccc12)N1CC=CCC1,4,True,True
Mol2049,Cc1nc2n(c1CN1CCN(c3ncccn3)CC1)CCCC2,c1cnc(N2CCN(Cc3cnc4n3CCCC4)CC2)nc1,4,True,True
Mol2050,O=C(Nc1ccn(CC(F)F)n1)NC1CCN(C2CCCC2)CC1,O=C(Nc1cc[nH]n1)NC1CCN(C2CCCC2)CC1,0,False,True
Mol2051,CCC[C@@H]1C[C@@H](C(=O)N[C@@H]([C@H]2O[C@H](SC)[C@H](O)[C@@H](O)[C@@H]2O)[C@@H](C)O)N(C)C1,O=C(NC[C@@H]1CCCCO1)[C@@H]1CCCN1,3,True,True
Mol2052,CCc1nc(CN2CCC(=O)Nc3cc(F)ccc32)n[nH]1,O=C1CCN(Cc2nc[nH]n2)c2ccccc2N1,2,False,True
Mol2053,CCCNC(=O)C1(NCc2csnn2)CCCCC1,c1snnc1CNC1CCCCC1,1,True,True
Mol2054,O=c1c2ccncc2ncn1[C@H]1CCN(Cc2ccccc2)C1,O=c1c2ccncc2ncn1[C@H]1CCN(Cc2ccccc2)C1,0,True,True
Mol2055,Cc1nc(-c2cccc(-c3ccc(C(=O)NC[C@@H]4CCCN4)cc3)c2)no1,O=C(NC[C@@H]1CCCN1)c1ccc(-c2cccc(-c3ncon3)c2)cc1,0,False,True
Mol2056,C[C@@H]1NC(=O)N(CCC2Cc3ccccc3C2)C1=O,O=C1CNC(=O)N1CCC1Cc2ccccc2C1,2,False,True
Mol2057,NC[C@@](O)(c1ccc(Cl)cc1)c1ccc(-c2cn[nH]c2)cc1,c1ccc(Cc2ccc(-c3cn[nH]c3)cc2)cc1,2,False,True
Mol2058,COCCc1n[nH]c(-c2ccc(N3CCN(C)CC3)cc2)n1,c1n[nH]c(-c2ccc(N3CCNCC3)cc2)n1,2,False,True
Mol2059,CCCn1cc(NC(=O)Nc2ccc(N3CCSCC3)cc2)cn1,O=C(Nc1ccc(N2CCSCC2)cc1)Nc1cn[nH]c1,2,True,True
Mol2060,CO[C@H]1/C=C\C=C(/C)C(=O)NC2=CC(=O)C(NCCN(C)C)=C(C[C@@H](C)C[C@@H](OC)[C@@H](O)[C@@H](C)/C=C(\C)[C@H]1OC(N)=O)C2=O,O=C1C=C2CCCCCCC=CCC/C=C\C=CC(=O)NC(=C1)C2=O,2,True,True
Mol2061,COc1cccc(F)c1NC(=O)N1CCC(N2CC=CC2)CC1,O=C(Nc1ccccc1)N1CCC(N2CC=CC2)CC1,4,False,True
Mol2062,O=C(NCCN1CCc2ccccc2C1=O)c1ccon1,O=C(NCCN1CCc2ccccc2C1=O)c1ccon1,1,False,True
Mol2063,Cc1nnc2ncc(-c3cccc(-c4ccnn4C)c3)cn12,c1cc(-c2cnc3nncn3c2)cc(-c2ccn[nH]2)c1,1,False,True
Mol2064,O=C(Cn1cc(NCc2cccc(Cl)c2)cn1)N1CCOCC1,O=C(Cn1cc(NCc2ccccc2)cn1)N1CCOCC1,3,True,True
Mol2065,COc1nc2c(cc1CNC(=O)N1CC[C@@H](O)C1)C(=O)N(C1CCCC1)C2,O=C(NCc1cnc2c(c1)C(=O)N(C1CCCC1)C2)N1CCCC1,2,False,True
Mol2066,CCc1nc(N2CC(CO)C2)c2ccsc2n1,c1nc(N2CCC2)c2ccsc2n1,4,True,True
Mol2067,CCc1c(C(=O)NCCc2ccc(N3CCCCC3)cc2)[nH]c2ccc(Cl)cc12,O=C(NCCc1ccc(N2CCCCC2)cc1)c1cc2ccccc2[nH]1,0,True,True
Mol2068,CC1(C)CC(=O)c2c(C(F)(F)F)nn(-c3ccc(C(N)=O)c(N[C@H]4CC[C@@H](O)CC4)c3)c2C1,O=C1CCCc2c1cnn2-c1cccc(NC2CCCCC2)c1,2,True,True
Mol2069,O=C(c1cn(Cc2cncn2Cc2ccc(Br)cc2)cc1-c1cccc2ccccc12)N1CCOCC1,O=C(c1cn(Cc2cncn2Cc2ccccc2)cc1-c1cccc2ccccc12)N1CCOCC1,2,True,True
Mol2070,Clc1ccc2c(NCCN3CCOCC3)ncnc2c1,c1ccc2c(NCCN3CCOCC3)ncnc2c1,0,True,True
Mol2071,O=C(NCc1cccs1)c1cccnc1,O=C(NCc1cccs1)c1cccnc1,4,False,True
Mol2072,COc1cc(OC)cc(-c2c(C)ncnc2OC)c1,c1ccc(-c2cncnc2)cc1,3,False,True
Mol2073,O=C(Cc1cccnc1)Nc1ncccc1Cl,O=C(Cc1cccnc1)Nc1ccccn1,1,False,True
Mol2074,CC(=O)N1CCN([C@H]2CCN(C(=O)c3cc4cc(C)ccc4o3)CC[C@@H]2O)CC1,O=C(c1cc2ccccc2o1)N1CCC[C@@H](N2CCNCC2)CC1,3,True,True
Mol2075,O=C(NCc1nc(-c2cnccn2)n[nH]1)C1Cc2ccccc2C1,O=C(NCc1nc(-c2cnccn2)n[nH]1)C1Cc2ccccc2C1,4,False,True
Mol2076,COc1cc2nn(CCC(C)(C)O)cc2cc1NC(=O)c1ccn(C(F)F)n1,O=C(Nc1ccc2n[nH]cc2c1)c1cc[nH]n1,1,True,True
Mol2077,CC(C)(O)CCn1cc2cc(NC(=O)c3cccc(C(F)F)n3)c(OCC3COC3)cc2n1,O=C(Nc1cc2c[nH]nc2cc1OCC1COC1)c1ccccn1,1,True,True
Mol2078,CC(C)(O)CCn1cc2cc(NC(=O)c3ccn(C(F)F)n3)c(OCC3COC3)cc2n1,O=C(Nc1cc2c[nH]nc2cc1OCC1COC1)c1cc[nH]n1,4,False,True
Mol2079,CNC(=O)c1ccc(N2CCCc3cc(OC)ccc3C2)nn1,c1cnnc(N2CCCc3ccccc3C2)c1,2,True,True
Mol2080,C[C@H](c1nc(=O)c2cnn(C3CCOCC3)c2[nH]1)N1CC(Oc2ccccc2)C1,O=c1nc(CN2CC(Oc3ccccc3)C2)[nH]c2c1cnn2C1CCOCC1,0,True,True
Mol2081,CCN1CCN(C(=O)CNc2ncnc3onc(C)c23)CC1,O=C(CNc1ncnc2oncc12)N1CCNCC1,1,False,True
Mol2082,O=C(NN1CCOCC1)c1ccc(Cl)c(Cl)c1,O=C(NN1CCOCC1)c1ccccc1,2,False,True
Mol2083,O=C(CCCC(=O)N1CCN(c2nsc3ccccc23)CC1)Nc1nccs1,O=C(CCCC(=O)N1CCN(c2nsc3ccccc23)CC1)Nc1nccs1,3,True,True
Mol2084,O=C1CCC(=O)N1CCSc1ncc(-c2ccc(F)cc2)[nH]1,O=C1CCC(=O)N1CCSc1ncc(-c2ccccc2)[nH]1,2,True,True
Mol2085,Cc1c(C(=O)Nc2ccc(N3C[C@@H](C)O[C@H](C)C3)nc2)cccc1-c1ccc(OC(F)(F)F)cc1,O=C(Nc1ccc(N2CCOCC2)nc1)c1cccc(-c2ccccc2)c1,0,True,True
Mol2086,COc1ccc(CC2CN3CCN(C(=O)OCc4ccccc4)CC3CO2)cc1,O=C(OCc1ccccc1)N1CCN2CC(Cc3ccccc3)OCC2C1,2,True,True
Mol2087,Cc1ncc(-c2ccc(C)c(S(=O)(=O)NCc3cnn(C)c3C)c2)o1,O=S(=O)(NCc1cn[nH]c1)c1cccc(-c2cnco2)c1,0,True,True
Mol2088,Cc1noc(C)c1-c1cc(-c2ccccc2Cl)nc(C2CC2)n1,c1ccc(-c2cc(-c3cnoc3)nc(C3CC3)n2)cc1,0,True,True
Mol2089,CNCc1cc(N(C)C)nc(C2CCCN2C(=O)COC)n1,c1cnc(C2CCCN2)nc1,2,False,True
Mol2090,CCCc1ccc(-c2cccc(C(=O)N3CCN(CC(N)=O)CC3)c2)cc1,O=C(c1cccc(-c2ccccc2)c1)N1CCNCC1,0,True,True
Mol2091,C[C@@]12CCCN1C(=O)[C@H](C1CCCCC1)NC2=O,O=C1N[C@@H](C2CCCCC2)C(=O)N2CCCC12,3,False,True
Mol2092,Cc1nc(C)c(CNc2ncnn2C)s1,c1n[nH]c(NCc2cncs2)n1,0,False,True
Mol2093,CC(=O)c1ccccc1-c1cccc(C(=O)NCCCN2CCCC2)c1,O=C(NCCCN1CCCC1)c1cccc(-c2ccccc2)c1,4,False,True
Mol2094,CN1CCC(Cc2cccc(-c3nccs3)n2)C1,c1cc(CC2CCNC2)nc(-c2nccs2)c1,2,True,True
Mol2095,COCCCNc1nnc(-c2ccncc2)s1,c1cc(-c2nncs2)ccn1,2,True,True
Mol2096,O=c1cc2c(n[nH]1)-c1cnc(N3CCCCC3)nc1CC2,O=c1cc2c(n[nH]1)-c1cnc(N3CCCCC3)nc1CC2,3,True,True
Mol2097,CC(C)N(C)S(=O)(=O)N1CCC(CNC(=O)CCCn2cccn2)CC1,O=C(CCCn1cccn1)NCC1CCNCC1,3,True,True
Mol2098,Oc1ccc2nc(/C=C/c3csnn3)ccc2c1Cl,C(=C/c1ccc2ccccc2n1)\c1csnn1,4,True,True
Mol2099,CC1=C(C(=O)Nc2cc3cn[nH]c3cc2F)C(c2ccc(C(F)(F)F)cc2)CC(=O)N1,O=C1CC(c2ccccc2)C(C(=O)Nc2ccc3[nH]ncc3c2)=CN1,4,True,True
Mol2100,CC(C)Cc1nn(C)c(=O)c2c(SCCCO)n(Cc3cccc4ccccc34)cc12,O=c1[nH]ncc2cn(Cc3cccc4ccccc34)cc12,3,True,True
Mol2101,Cc1cc(N2CCOCC2)ccc1Nc1nc(NC2CCCCC2)c2nc[nH]c2n1,c1nc2c(NC3CCCCC3)nc(Nc3ccc(N4CCOCC4)cc3)nc2[nH]1,3,True,True
Mol2102,O=C(NCCc1cnn[nH]1)C1Cc2ccccc2C1,O=C(NCCc1cnn[nH]1)C1Cc2ccccc2C1,4,False,True
Mol2103,CC1CCC(O)(CSc2nncn2C(C)C)CC1,c1nnc(SCC2CCCCC2)[nH]1,1,True,True
Mol2104,C[C@]1(O)CN(C(=O)Cn2cnc3ccccc32)CC[C@@H]1Oc1ccccc1,O=C(Cn1cnc2ccccc21)N1CCC(Oc2ccccc2)CC1,1,True,True
Mol2105,CN(C)c1ccncc1CN1CCN(c2ccc(C(N)=O)cc2)CC1,c1ccc(N2CCN(Cc3cccnc3)CC2)cc1,3,False,True
Mol2106,COc1ccccc1/C=C/CN1C[C@H]2CCCN2C[C@@H]1C,C(=C/c1ccccc1)\CN1CCN2CCC[C@@H]2C1,2,True,True
Mol2107,CSC1(CNC(=O)N2CCC=C(c3ccccc3)C2)CCOCC1,O=C(NCC1CCOCC1)N1CCC=C(c2ccccc2)C1,0,True,True
Mol2108,O=C(CN1CCCC1=O)NCC1(CO)CCCC1,O=C(CN1CCCC1=O)NCC1CCCC1,2,False,True
Mol2109,CN(CCc1ccncc1)c1ncccc1C#N,c1ccc(NCCc2ccncc2)nc1,0,True,True
Mol2110,CCCc1noc(CN2CCN(c3ccccc3OC)CC2)n1,c1ccc(N2CCN(Cc3ncno3)CC2)cc1,1,True,True
Mol2111,CCOCCNC(=O)c1cccc(-c2cc(F)ccc2OC)c1,c1ccc(-c2ccccc2)cc1,1,True,True
Mol2112,CCN(Cc1cnn(C(C)C)c1)C(=O)NCCC(C)(C)OC,c1cn[nH]c1,2,True,True
Mol2113,Cc1oc2ncnc(NCc3cc(F)cc4c3OCOC4)c2c1C,c1cc(CNc2ncnc3occc23)c2c(c1)COCO2,4,True,True
Mol2114,CN(Cc1cnc2ccccc2n1)S(=O)(=O)N1CCCCCC1,O=S(=O)(NCc1cnc2ccccc2n1)N1CCCCCC1,3,True,True
Mol2115,CCc1c(C)nn(CCNC(=O)CCc2cnccn2)c1C,O=C(CCc1cnccn1)NCCn1cccn1,3,True,True
Mol2116,CCC(=O)Nc1cccc(Oc2nc(Nc3ccc(N4CCN(C)CC4)cc3OC)ncc2Cl)c1,c1ccc(Oc2ccnc(Nc3ccc(N4CCNCC4)cc3)n2)cc1,4,True,True
Mol2117,CC1=C(Br)CN(CCc2nc3ccccc3c(=O)[nH]2)CC1,O=c1[nH]c(CCN2CC=CCC2)nc2ccccc12,1,True,True
Mol2118,CN1CCCn2c1cc(OCc1cc(F)c(Oc3ccc(C(F)(F)F)nc3)c(F)c1)nc2=O,O=c1nc(OCc2ccc(Oc3cccnc3)cc2)cc2n1CCCN2,1,True,True
Mol2119,Cc1cc(C(=O)N2CCC(C(=O)c3ccnn3C)CC2)sc1C,O=C(c1ccn[nH]1)C1CCN(C(=O)c2cccs2)CC1,2,True,True
Mol2120,CCCOc1ccn2c(C(C)=O)cc(-c3ccccc3S(C)(=O)=O)c2c1,c1ccc(-c2ccn3ccccc23)cc1,1,True,True
Mol2121,CCN(CCOC)C(=O)Nc1ccc2occc(=O)c2c1,O=c1ccoc2ccccc12,0,True,True
Mol2122,COc1ccc(N)c(OCc2ccccc2)c1,c1ccc(COc2ccccc2)cc1,1,True,True
Mol2123,COc1ccc2nc3c(cc2c1)CNCCO3,c1ccc2nc3c(cc2c1)CNCCO3,2,True,True
Mol2124,Cc1ccc(-n2nc(NCc3cnn(C)c3)cc2C)cc1,c1ccc(-n2ccc(NCc3cn[nH]c3)n2)cc1,2,False,True
Mol2125,C#Cc1cccc(N(CCC(=O)NC(N)=O)Cc2cccs2)c1,c1ccc(NCc2cccs2)cc1,0,True,True
Mol2126,CCCNC(=O)CSc1nc2cc(C)ccc2[nH]1,c1ccc2[nH]cnc2c1,4,True,True
Mol2127,CCCn1cnnc1CN(C)Cc1ccc(C(F)(F)F)nc1,c1cncc(CNCc2nnc[nH]2)c1,4,False,True
Mol2128,CC(C)CCn1ccc(NC2CCN(C(C)C)CC2)n1,c1cc(NC2CCNCC2)n[nH]1,3,False,True
Mol2129,CC(=O)N(C)[C@H]1CC2(CCN(C(=O)COc3cc(C)c(Cl)c(C)c3)CC2)OC[C@]1(C)O,O=C(COc1ccccc1)N1CCC2(CCCCO2)CC1,1,True,True
Mol2130,Cc1cc(C)c2ccc(C(=O)N3CCN(c4nc[nH]n4)CC3)cc2n1,O=C(c1ccc2cccnc2c1)N1CCN(c2nc[nH]n2)CC1,4,False,True
Mol2131,CCCc1nn(CCCN2CCCCC2)c(=O)o1,O=c1ocnn1CCCN1CCCCC1,1,True,True
Mol2132,COCc1nn(CCCN2CCCCC2)c(=O)o1,O=c1ocnn1CCCN1CCCCC1,1,False,True
Mol2133,Cc1noc(C)c1CS(=O)(=O)C1CCCc2ccccc21,O=S(=O)(Cc1cnoc1)C1CCCc2ccccc21,3,True,True
Mol2134,Cc1nnc2ccc(NCCOC3CCCCCC3)nn12,c1cc2nncn2nc1NCCOC1CCCCCC1,4,True,True
Mol2135,NCCOc1cccc(CC(=O)N2CCCN(C(=O)C3CCC3)CC2)c1,O=C(Cc1ccccc1)N1CCCN(C(=O)C2CCC2)CC1,4,False,True
Mol2136,C[C@H]1CN2C[C@H](O)C[C@@H]2CN1Cc1cccc2ccccc12,c1ccc2c(CN3CCN4CCC[C@@H]4C3)cccc2c1,3,True,True
Mol2137,Cn1cccc(C(=O)NCc2nc(C(C)(C)C)no2)c1=O,O=C(NCc1ncno1)c1ccc[nH]c1=O,3,False,True
Mol2138,Cc1nnc2ccc(N3CCC4(CCCCC4)C3)nn12,c1cc2nncn2nc1N1CCC2(CCCCC2)C1,0,True,True
Mol2139,COC(=O)N[C@H](C)CNc1nccc(-c2cn(C(C)C)nc2-c2cc(Cl)cc(NS(C)(=O)=O)c2F)n1,c1ccc(-c2n[nH]cc2-c2ccncn2)cc1,0,True,True
Mol2140,N#Cc1c(F)cccc1Oc1cccnc1,c1ccc(Oc2cccnc2)cc1,4,False,True
Mol2141,CCn1cnnc1CN(C)C1CCN(c2ccccc2F)CC1,c1ccc(N2CCC(NCc3nnc[nH]3)CC2)cc1,2,False,True
Mol2142,CSc1ccc(C(=O)Nc2cccc(C(=O)NCC(C)C)c2)cc1,O=C(Nc1ccccc1)c1ccccc1,1,True,True
Mol2143,COc1cc([C@@H]2c3cc4c(cc3[C@H](O)[C@H]3COC(=O)[C@@H]23)OCO4)cc(OC)c1OC,O=C1OC[C@@H]2Cc3cc4c(cc3[C@@H](c3ccccc3)[C@H]12)OCO4,1,True,True
Mol2144,Nc1ncnc2ccc(-c3ccnc(F)c3)nc12,c1cc(-c2ccc3ncncc3n2)ccn1,3,False,True
Mol2145,Cc1ccc(C(=O)NCCc2ccc(F)cc2)o1,O=C(NCCc1ccccc1)c1ccco1,1,True,True
Mol2146,CCCc1ccc(C(=O)CSc2nncs2)cc1,O=C(CSc1nncs1)c1ccccc1,1,True,True
Mol2147,O=C(O)c1cnn(-c2nc3cc(Cl)c(OC(F)(F)F)cc3[nH]2)c1,c1ccc2[nH]c(-n3cccn3)nc2c1,3,False,True
Mol2148,Cc1ncc(C)n2nc([C@@H]3C[C@H]3c3nc4c5cccnc5ccn4c3C)nc12,c1cnc2ccn3cc([C@@H]4C[C@H]4c4nc5cnccn5n4)nc3c2c1,0,True,True
Mol2149,O=C(c1cccc(Nc2ncccn2)c1)N1CCOCC(Cc2cccc3ccncc23)C1,O=C(c1cccc(Nc2ncccn2)c1)N1CCOCC(Cc2cccc3ccncc23)C1,0,True,True
Mol2150,Cc1cccc(NC(=O)N2CCC(N3CC=CC3)CC2)c1Cl,O=C(Nc1ccccc1)N1CCC(N2CC=CC2)CC1,4,True,True
Mol2151,CC(C)(C(=O)c1ccccc1)/[N+]([O-])=C/c1ccc(F)cc1,O=C(C/[NH+]=C/c1ccccc1)c1ccccc1,1,True,True
Mol2152,COCC1(C(=O)N(C)Cc2ccc3ccccc3n2)CCC1,O=C(NCc1ccc2ccccc2n1)C1CCC1,4,True,True
Mol2153,O=C(CC1c2ccccc2CCc2ccccc21)NCCN1CCOCC1,O=C(CC1c2ccccc2CCc2ccccc21)NCCN1CCOCC1,1,True,True
Mol2154,COc1ccccc1-n1cc(CNC(=O)N(C)Cc2c(C)nn(C)c2C)cn1,O=C(NCc1cn[nH]c1)NCc1cnn(-c2ccccc2)c1,3,True,True
Mol2155,Cc1cc(C(=O)N(C)C2CCSCC2)c(=O)n(C)c1C,O=C(NC1CCSCC1)c1ccc[nH]c1=O,0,True,True
Mol2156,CC(C)c1nccn1Cc1nc2ccccc2[nH]1,c1ccc2[nH]c(Cn3ccnc3)nc2c1,2,False,True
Mol2157,O=C(Nc1ccc(Cl)nc1)NC1CCN(C2CCCC2)CC1,O=C(Nc1cccnc1)NC1CCN(C2CCCC2)CC1,3,False,True
Mol2158,Cc1cc2nc(Sc3nnc(C)n3C)c3ccccc3n2n1,c1ccc2c(c1)c(Sc1nnc[nH]1)nc1ccnn12,3,False,True
Mol2159,CCCS(=O)(=O)NC1CCN(Cc2ccc(C)c(OC)c2)CC1,c1ccc(CN2CCCCC2)cc1,1,True,True
Mol2160,C[C@@H](NC(=O)N1CCC2(CCN(C)CC2)C1)c1ccc(F)cc1,O=C(NCc1ccccc1)N1CCC2(CCNCC2)C1,4,False,True
Mol2161,CC(C)n1c(=O)cc(N[C@@H](C)c2ccccc2)[nH]c1=O,O=c1cc(NCc2ccccc2)[nH]c(=O)[nH]1,2,False,True
Mol2162,CCc1cc(N2CCOCC2)nc(C2CCN(C(=O)C3CC3)CC2)n1,O=C(C1CC1)N1CCC(c2nccc(N3CCOCC3)n2)CC1,3,True,True
Mol2163,CC(C)Nc1ccc(-c2cc3c(cc2CO)OCCO3)cn1,c1cncc(-c2ccc3c(c2)OCCO3)c1,3,True,True
Mol2164,O[C@H]1CC[C@H](Nc2ncc3nc(Nc4c(F)cc(F)cc4F)n([C@H]4CCOC4)c3n2)CC1,c1ccc(Nc2nc3cnc(NC4CCCCC4)nc3n2[C@H]2CCOC2)cc1,1,False,True
Mol2165,Cc1ccc(NC(=O)OCC(F)(F)F)cn1,c1ccncc1,0,False,True
Mol2166,COc1ncccc1C(=O)Nc1nc(C)nn1C,O=C(Nc1ncn[nH]1)c1cccnc1,1,False,True
Mol2167,O=C(Cc1n[nH]c2ccccc12)N1CCCO1,O=C(Cc1n[nH]c2ccccc12)N1CCCO1,1,False,True
Mol2168,Cc1ccc(C)c2nc3c(cc12)CNCCO3,c1ccc2nc3c(cc2c1)CNCCO3,2,True,True
Mol2169,CN(CCSc1ccc2nnc(C(F)F)n2n1)Cc1ccccc1,c1ccc(CNCCSc2ccc3nncn3n2)cc1,0,True,True
Mol2170,CCOC(=O)c1ccc(N2CCSCC2)nc1,c1ccc(N2CCSCC2)nc1,0,True,True
Mol2171,N#Cc1ccccc1NC(=O)CCc1ccccc1,O=C(CCc1ccccc1)Nc1ccccc1,0,True,True
Mol2172,COc1cccc(Nc2c(C(N)=O)cnc3c(C)cc(S(=O)(=O)c4cccc(C(=O)N(C)C)c4)cc23)c1,O=S(=O)(c1ccccc1)c1ccc2nccc(Nc3ccccc3)c2c1,3,True,True
Mol2173,CN1CCc2ccc(C(=O)NCCC(=O)Nc3cccnc3)cc21,O=C(CCNC(=O)c1ccc2c(c1)NCC2)Nc1cccnc1,2,True,True
Mol2174,CCCc1cc(C(=O)Nc2ccc(-c3nnc(C)[nH]3)cc2)no1,O=C(Nc1ccc(-c2nnc[nH]2)cc1)c1ccon1,0,True,True
Mol2175,CC(C)N1CCN(CCCSc2ccccn2)CC1,c1ccc(SCCCN2CCNCC2)nc1,3,True,True
Mol2176,CS(=O)(=O)NC1CCCN(c2nc3ccccc3o2)C1,c1ccc2oc(N3CCCCC3)nc2c1,1,False,True
Mol2177,Cc1cc(C)c(NC(=O)CN(C)c2ccc(C#N)nc2)c(C)c1,O=C(CNc1cccnc1)Nc1ccccc1,0,True,True
Mol2178,Cc1nc(-c2ccccc2)nc(O)c1C,c1ccc(-c2ncccn2)cc1,0,True,True
Mol2179,O=C(CSCCc1ccccn1)Nc1ccccc1,O=C(CSCCc1ccccn1)Nc1ccccc1,1,True,True
Mol2180,O=C(NCC1CCC2(CC1)OCCO2)c1[nH]nc2c1CCCC2,O=C(NCC1CCC2(CC1)OCCO2)c1[nH]nc2c1CCCC2,1,True,True
Mol2181,C[C@]12C=CC(=O)C=C1CC[C@@H]1[C@@H]2[C@@H](O)C[C@@]2(C)[C@H]1CC[C@]2(O)C(=O)CO,O=C1C=CC2C(=C1)CC[C@H]1[C@@H]3CCCC3CC[C@H]21,0,True,True
Mol2182,COc1cc(OC)cc(C(=O)NCc2noc(-c3ccccc3)n2)c1,O=C(NCc1noc(-c2ccccc2)n1)c1ccccc1,2,True,True
Mol2183,CC(C)N(C)S(=O)(=O)NCCCc1nc2cc(Cl)ccc2[nH]1,c1ccc2[nH]cnc2c1,4,True,True
Mol2184,CN(Cc1ccc(OC(F)(F)F)cc1)Cc1cn(C)nn1,c1ccc(CNCc2c[nH]nn2)cc1,3,True,True
Mol2185,Cc1noc(NCc2ccc(F)cc2C)n1,c1ccc(CNc2ncno2)cc1,0,False,True
Mol2186,COc1ccc(CC(=O)Nc2ccc(F)nc2)cc1,O=C(Cc1ccccc1)Nc1cccnc1,4,True,True
Mol2187,CC(=O)NC1CCC(NCCSc2ccc(C)cc2)CC1,c1ccc(SCCNC2CCCCC2)cc1,1,True,True
Mol2188,CCOc1cc(N2CCOC3(CCCC3)C2)ncn1,c1cc(N2CCOC3(CCCC3)C2)ncn1,3,True,True
Mol2189,CN(CCn1cnc(C#N)c1C#N)c1ccccc1,c1ccc(NCCn2ccnc2)cc1,1,True,True
Mol2190,O=C(c1ccccc1N1CCOCC1)N(Cc1ccccn1)C1CCCCC1,O=C(c1ccccc1N1CCOCC1)N(Cc1ccccn1)C1CCCCC1,3,True,True
Mol2191,COc1cccc(Cc2cnc(N)s2)c1,c1ccc(Cc2cncs2)cc1,2,True,True
Mol2192,Clc1cnc(NCC2(CN3CCCC3)CC2)nc1,c1cnc(NCC2(CN3CCCC3)CC2)nc1,4,False,True
Mol2193,COc1cc(OC)c(OC)cc1CNC(C)(C)C,c1ccccc1,2,False,True
Mol2194,CC(=O)Nc1ccccc1OCCOc1ccc(Cl)cc1,c1ccc(OCCOc2ccccc2)cc1,2,True,True
Mol2195,Cc1ccsc1-c1nsc(NC(=O)CN(C)C)n1,c1csc(-c2ncsn2)c1,1,False,True
Mol2196,Fc1c(CN2CCC(c3nnc4ccccn34)CC2)cccc1OC1CC1,c1cc(CN2CCC(c3nnc4ccccn34)CC2)cc(OC2CC2)c1,0,True,True
Mol2197,CC1CCN(C(=O)CCn2ccc3ccncc32)CC1,O=C(CCn1ccc2ccncc21)N1CCCCC1,3,True,True
Mol2198,Cc1cc(NC(=O)CN(C)CCOc2ccccc2)on1,O=C(CNCCOc1ccccc1)Nc1ccno1,0,True,True
Mol2199,Cc1nc(NCCN2C(=O)CCC2=O)c2c(C)csc2n1,O=C1CCC(=O)N1CCNc1ncnc2sccc12,0,True,True
Mol2200,O=C(NC[C@]1(O)CCN(Cc2ccsc2)C[C@H]1O)c1c[nH]cn1,O=C(NCC1CCN(Cc2ccsc2)CC1)c1c[nH]cn1,1,False,True
Mol2201,O=C(Nc1ccccc1)Nc1ccc(-c2ccc(C(=O)[C@H]3CCC[C@@H]3C(=O)O)cc2)cc1,O=C(Nc1ccccc1)Nc1ccc(-c2ccc(C(=O)C3CCCC3)cc2)cc1,1,True,True
Mol2202,Cc1cc(Br)cn(Cc2ccc(C#N)cc2F)c1=O,O=c1ccccn1Cc1ccccc1,0,False,True
Mol2203,CC1CCC(CNC2(CCO)CCOCC2)CC1,C1CCC(CNC2CCOCC2)CC1,2,False,True
Mol2204,COCCN(C)C(=O)c1ccc(-c2cccc(-c3noc(C)n3)c2)cc1,c1ccc(-c2cccc(-c3ncon3)c2)cc1,2,True,True
Mol2205,Cc1[nH]nc(CCC(=O)NCCCOC2CCCCC2)c1C,O=C(CCc1cc[nH]n1)NCCCOC1CCCCC1,1,True,True
Mol2206,COc1cccc(CC(=O)N2CCOC(c3cc(Nc4nnc(C)s4)cc(C)n3)C2)c1,O=C(Cc1ccccc1)N1CCOC(c2cc(Nc3nncs3)ccn2)C1,1,True,True
Mol2207,Cc1cc(Nc2ccc(F)cn2)cc(C2CCN(C(=O)CCn3ncc4ccccc43)C2)n1,O=C(CCn1ncc2ccccc21)N1CCC(c2cc(Nc3ccccn3)ccn2)C1,0,True,True
Mol2208,Cc1cc(Br)ccc1CN(C)C(=O)CO,c1ccccc1,2,False,True
Mol2209,CC(C)(C)c1[nH]cnc1/C=c1\[nH]c(=O)/c(=C/c2ccccc2)[nH]c1=O,O=c1[nH]/c(=C\c2c[nH]cn2)c(=O)[nH]/c1=C\c1ccccc1,1,False,True
Mol2210,CNCc1cc(N(C)C)nc(C2CCCN2C(=O)c2oc3ccc(Cl)cc3c2C)n1,O=C(c1cc2ccccc2o1)N1CCCC1c1ncccn1,4,True,True
Mol2211,CNCc1cc(N(C)C)nc(C2CCCN2C(=O)C2CN(Cc3ccc(Cl)cc3)C2)n1,O=C(C1CN(Cc2ccccc2)C1)N1CCCC1c1ncccn1,3,True,True
Mol2212,CNCc1cc(NC)nc(C2CCCN2C(=O)C(C)(C)c2ccc(C)cc2)n1,O=C(Cc1ccccc1)N1CCCC1c1ncccn1,1,True,True
Mol2213,Cc1cc(OCCCS(C)(=O)=O)cc(C)c1-c1cccc(COc2ccc3c(c2)OC[C@@H]3CC(=O)O)c1,c1ccc(-c2cccc(COc3ccc4c(c3)OCC4)c2)cc1,3,True,True
Mol2214,Cc1cc(Cl)n(-c2ccc(C#N)cc2)n1,c1ccc(-n2cccn2)cc1,0,True,True
Mol2215,Cc1ccccc1NC(=O)Cn1nnc(C2CC2)n1,O=C(Cn1nnc(C2CC2)n1)Nc1ccccc1,0,False,True
Mol2216,Fc1cc(-c2ccncc2)ccc1CNc1ncccn1,c1cnc(NCc2ccc(-c3ccncc3)cc2)nc1,4,True,True
Mol2217,Cc1ccc(-n2cc(C)cn2)c(NC(=O)CN(C)C)c1,c1ccc(-n2cccn2)cc1,0,True,True
Mol2218,c1ccc(OCCN2CCN(c3ncccn3)CC2)cc1,c1ccc(OCCN2CCN(c3ncccn3)CC2)cc1,4,True,True
Mol2219,CCOc1c2c(c(OCC)c3ccccc13)C(=O)N(c1ccc(CC(=O)NS(=O)(=O)c3ccccc3)cc1)C2,O=C(Cc1ccc(N2Cc3cc4ccccc4cc3C2=O)cc1)NS(=O)(=O)c1ccccc1,0,False,True
Mol2220,CC(=O)N[C@H]1CC2(CCN(C(=O)COc3cc(C)c(Cl)c(C)c3)CC2)OC[C@]1(C)O,O=C(COc1ccccc1)N1CCC2(CCCCO2)CC1,1,True,True
Mol2221,O=C(/C=C\n1cnc(-c2cc(C(F)(F)F)cc(C(F)(F)F)c2)n1)NNc1ccccn1,O=C(/C=C\n1cnc(-c2ccccc2)n1)NNc1ccccn1,0,True,True
Mol2222,Cc1cccc2ncn(CCc3ncc[nH]3)c(=O)c12,O=c1c2ccccc2ncn1CCc1ncc[nH]1,1,False,True
Mol2223,CCNc1ccnc(-c2cccc(C(=O)NCCCc3cnn(C)c3)c2)n1,O=C(NCCCc1cn[nH]c1)c1cccc(-c2ncccn2)c1,0,True,True
Mol2224,CC(=O)c1ccc2c(c1)CCN(CCC1OCCO1)CC2,c1ccc2c(c1)CCN(CCC1OCCO1)CC2,4,True,True
Mol2225,COC1(c2nc(Cc3ccccc3)no2)CCN(Cc2cnc(C)o2)CC1,c1ccc(Cc2noc(C3CCN(Cc4cnco4)CC3)n2)cc1,1,True,True
Mol2226,CS(=O)(=O)Nc1ccccc1-c1ccncc1,c1ccc(-c2ccncc2)cc1,0,False,True
Mol2227,CN(Cc1ccc(N)nc1)c1nc2cc(F)ccc2o1,c1cncc(CNc2nc3ccccc3o2)c1,4,False,True
Mol2228,c1ccc(-c2noc(Cn3ccnc3)n2)nc1,c1ccc(-c2noc(Cn3ccnc3)n2)nc1,1,False,True
Mol2229,O=C(Nc1nccs1)[C@@H]1C[C@@H]2CCCC[C@@H]2N1C(=O)c1ccccc1,O=C(Nc1nccs1)[C@@H]1C[C@@H]2CCCC[C@@H]2N1C(=O)c1ccccc1,4,True,True
Mol2230,O=C(c1ccc(O)cc1)N1CCN(c2ncnc3c2CCC3)CC1,O=C(c1ccccc1)N1CCN(c2ncnc3c2CCC3)CC1,0,True,True
Mol2231,Cc1cccc(C)c1OCC(=O)N(C)[C@@H]1CCC[C@@H](O)[C@@H]1O,O=C(COc1ccccc1)NC1CCCCC1,3,True,True
Mol2232,COc1cc2cc3c(nc2cc1OC)OCCN(C1CCCCC1)C3,c1ccc2nc3c(cc2c1)CN(C1CCCCC1)CCO3,2,True,True
Mol2233,Cc1ccccc1S(=O)(=O)Nc1c(C)ccnc1Cl,O=S(=O)(Nc1cccnc1)c1ccccc1,4,False,True
Mol2234,Cc1nn(C)c(C)c1-c1cc(C(C)(C)C)nc(N2CCN(C)CC2)n1,c1cc(-c2cn[nH]c2)nc(N2CCNCC2)n1,0,True,True
Mol2235,Cc1nc(Cc2ccccc2)sc1C(=O)Nc1cccc(-c2ccn[nH]2)c1,O=C(Nc1cccc(-c2ccn[nH]2)c1)c1cnc(Cc2ccccc2)s1,3,True,True
Mol2236,COCCOc1cnc2ccn([C@H](C)c3nnc4c(F)cc(-c5cnn(C)c5)cn34)c(=O)c2c1,O=c1c2cccnc2ccn1Cc1nnc2ccc(-c3cn[nH]c3)cn12,4,True,True
Mol2237,CNc1ncnc2c1ncn2[C@H]1CC[C@H](NC(=O)CCCNC(=O)OC(C)(C)C)[C@H](O)[C@H]1O,c1ncc2ncn(C3CCCCC3)c2n1,0,True,True
Mol2238,Cc1nn(C(C)C)c(C)c1S(=O)(=O)NCC1CCN(C(=O)C2CC2)CC1,O=C(C1CC1)N1CCC(CNS(=O)(=O)c2cn[nH]c2)CC1,1,True,True
Mol2239,O=S(=O)(c1cccnc1)N1CCC2(Cc3ccccc3C2)C1,O=S(=O)(c1cccnc1)N1CCC2(Cc3ccccc3C2)C1,2,True,True
Mol2240,CN(C)c1ccc2c(c1)Sc1cc(N(C)C)ccc1N2,c1ccc2c(c1)Nc1ccccc1S2,4,True,True
Mol2241,CN1CCN(S(=O)(=O)c2ccc(C(F)(F)F)nc2)C(C)(C)C1,O=S(=O)(c1cccnc1)N1CCNCC1,2,True,True
Mol2242,COc1ccccc1/C=C/CN1CCCC2(C1)OCCO2,C(=C/c1ccccc1)\CN1CCCC2(C1)OCCO2,3,True,True
Mol2243,c1cc(CNc2ncc(-c3cnccn3)c(C3CC3)n2)ccn1,c1cc(CNc2ncc(-c3cnccn3)c(C3CC3)n2)ccn1,4,True,True
Mol2244,CC(C)N(C[C@@H]1O[C@@H](n2cnc3c(N)ncnc32)[C@H](O)[C@H]1O)[C@H]1C[C@@H](CCc2nc3cc(C(C)(C)C)ccc3[nH]2)C1,c1ccc2[nH]c(CC[C@H]3C[C@@H](NC[C@H]4CC[C@H](n5cnc6cncnc65)O4)C3)nc2c1,0,True,True
Mol2245,O=C(NC1CCCC1)C1=CCN(C(=O)C2CC2)C1,O=C(NC1CCCC1)C1=CCN(C(=O)C2CC2)C1,4,False,True
Mol2246,O=C(CNc1cc(N2CCCC2=O)ccc1F)N1CCCCCC1,O=C(CNc1cccc(N2CCCC2=O)c1)N1CCCCCC1,1,True,True
Mol2247,Cc1cnccc1-c1cnc(N(C)C)nc1-c1ccco1,c1coc(-c2ncncc2-c2ccncc2)c1,4,True,True
Mol2248,Cn1cnc2ncn(Cc3nc(CCc4ccc(Cl)cc4)no3)c(=O)c21,O=c1c2[nH]cnc2ncn1Cc1nc(CCc2ccccc2)no1,4,True,True
Mol2249,CCCCN1CCc2nc3cc(C4CC4)nn3c(O)c2C1,c1c(C2CC2)nn2cc3c(nc12)CCNC3,0,False,True
Mol2250,CN(C)C(=O)c1ccnc(NCc2cccc(C#N)c2)c1,c1ccc(CNc2ccccn2)cc1,1,False,True
Mol2251,Cc1cnc(NCC2(CO)CCCC2)nc1N(C)C,c1cnc(NCC2CCCC2)nc1,0,True,True
Mol2252,c1cnc(NCc2cccc(-c3cccnc3)c2)nc1,c1cnc(NCc2cccc(-c3cccnc3)c2)nc1,2,True,True
Mol2253,Cc1cc(C(=O)NCC2CCC3(CC2)OCCO3)[nH]n1,O=C(NCC1CCC2(CC1)OCCO2)c1ccn[nH]1,3,False,True
Mol2254,Cn1cc(CN2CCCC(c3ccnc(Nc4cnccn4)c3)C2)cn1,c1cnc(Nc2cc(C3CCCN(Cc4cn[nH]c4)C3)ccn2)cn1,1,True,True
Mol2255,COCc1ccc(SCC(=O)NC2CCCC2)cc1,O=C(CSc1ccccc1)NC1CCCC1,2,True,True
Mol2256,Cc1ccc2nc(CN(C)Cc3cccc(Cl)c3Cl)cc(=O)n2c1,O=c1cc(CNCc2ccccc2)nc2ccccn12,4,True,True
Mol2257,O=c1c2cccnc2ncn1[C@H]1CCN(Cc2ccccc2)C1,O=c1c2cccnc2ncn1[C@H]1CCN(Cc2ccccc2)C1,0,False,True
Mol2258,CCc1c(O)cc(O)c(C(=O)c2ccc(OCCN3CCOCC3)c(OC)c2)c1CC(=O)N(CCOC)CCOC,O=C(c1ccccc1)c1ccc(OCCN2CCOCC2)cc1,2,True,True
Mol2259,OC1CCN(c2nccc(-c3cccs3)n2)CC1,c1csc(-c2ccnc(N3CCCCC3)n2)c1,2,True,True
Mol2260,Cc1c[nH]c(C(=O)NCC2(N3CCCCC3)CCCC2)n1,O=C(NCC1(N2CCCCC2)CCCC1)c1ncc[nH]1,3,True,True
Mol2261,CC(=O)NCc1cc2n(n1)CCN(C1Cc3ccccc3C1)C2,c1ccc2c(c1)CC(N1CCn3nccc3C1)C2,4,False,True
Mol2262,Cc1nc2ncc3c(n2n1)CC(C)(C)CC3=O,O=C1CCCc2c1cnc1ncnn21,3,False,True
Mol2263,CCc1cc(-c2ccc(OC)c3nc(C)ccc23)nc(N2CCOCC2)n1,c1cc(-c2ccnc(N3CCOCC3)n2)c2cccnc2c1,4,True,True
Mol2264,Cc1nc(N2CCNCC2)c2cnn(C)c2n1,c1nc(N2CCNCC2)c2cn[nH]c2n1,4,False,True
Mol2265,Cc1ccc(OCN2CCCCC2=O)nc1,O=C1CCCCN1COc1ccccn1,3,True,True
Mol2266,CC1CCC(N(Cc2nnc(C3CCC3)o2)C2CCC(O)CC2)CC1,C1CCC(N(Cc2nnc(C3CCC3)o2)C2CCCCC2)CC1,0,True,True
Mol2267,CCN1CCCN(C(=O)Nc2ccc(COC3CCCC3)cc2)CC1,O=C(Nc1ccc(COC2CCCC2)cc1)N1CCCNCC1,0,True,True
Mol2268,COc1cc(C)cc(OC)c1-c1ccc(-c2nn[nH]n2)cc1,c1ccc(-c2ccc(-c3nn[nH]n3)cc2)cc1,2,False,True
Mol2269,Cc1cccc(OC[C@@]2(O)CN(C[C@]3(O)CC[C@@H](C(C)(C)C)CC3)CC[C@@H]2O)c1,c1ccc(OCC2CCCN(CC3CCCCC3)C2)cc1,3,True,True
Mol2270,COC(=O)N1CC(NCc2c(C)nn(C(C)(C)C)c2C)C1,c1n[nH]cc1CNC1CNC1,4,False,True
Mol2271,CC(C)n1cc(CN2CCC(c3nc(N(C)C)no3)CC2)cn1,c1noc(C2CCN(Cc3cn[nH]c3)CC2)n1,4,False,True
Mol2272,Cc1n[nH]c(C)c1CCCN(C)c1cncc(C(=O)N(C)C)n1,c1cnc(NCCCc2cn[nH]c2)cn1,1,True,True
Mol2273,Cc1cnc(N2CCSCC2)nc1N1CCSCC1,c1cc(N2CCSCC2)nc(N2CCSCC2)n1,0,True,True
Mol2274,Cc1ncccc1CNc1ccc(CC#N)cc1,c1ccc(NCc2cccnc2)cc1,1,True,True
Mol2275,Cc1nc(CN2CCC(CNC(=O)COc3ccccc3Cl)CC2)c[nH]1,O=C(COc1ccccc1)NCC1CCN(Cc2c[nH]cn2)CC1,3,False,True
Mol2276,CC(C)CCN1CCC(CNS(C)(=O)=O)CC1,C1CCNCC1,2,False,True
Mol2277,CC(=O)c1cc(Br)cc(F)c1OCc1ccccn1,c1ccc(OCc2ccccn2)cc1,2,True,True
Mol2278,O=c1oc2cccnc2n1Cc1ncc(-c2ccc(F)cc2)o1,O=c1oc2cccnc2n1Cc1ncc(-c2ccccc2)o1,1,False,True
Mol2279,CC(COc1ccccc1Cc1ccccc1)N1CCCCC1,c1ccc(Cc2ccccc2OCCN2CCCCC2)cc1,4,True,True
Mol2280,CN(CC1(CO)CCCC1)C(=O)CCN1CCCCC1=O,O=C(CCN1CCCCC1=O)NCC1CCCC1,3,False,True
Mol2281,CN(C)c1ccc(-c2ccc(C(=O)NCCN3CCCC3=O)cc2)nn1,O=C(NCCN1CCCC1=O)c1ccc(-c2cccnn2)cc1,2,False,True
Mol2282,Cc1nn(CCNS(=O)(=O)N2CCCCC2)c(C)c1C,O=S(=O)(NCCn1cccn1)N1CCCCC1,4,True,True
Mol2283,CN1CCN(S(=O)(=O)Cc2ccc(Cl)c(Cl)c2)CC1,O=S(=O)(Cc1ccccc1)N1CCNCC1,0,True,True
Mol2284,Cc1ncn(Cc2noc(-c3ccccc3O)n2)c1C,c1ccc(-c2nc(Cn3ccnc3)no2)cc1,4,True,True
Mol2285,c1cncc(-c2nnc3n2[C@H]2CN(Cc4cccs4)C[C@H]2CC3)c1,c1cncc(-c2nnc3n2[C@H]2CN(Cc4cccs4)C[C@H]2CC3)c1,0,True,True
Mol2286,O=C(c1ccc(Cl)cc1)N1CCC[C@@H](C(=O)N2CCc3ccccc3C2)C1,O=C(c1ccccc1)N1CCC[C@@H](C(=O)N2CCc3ccccc3C2)C1,3,True,True
Mol2287,COc1cc(CN2CCC(C(=O)N3CCOCC3)CC2)ccc1C,O=C(C1CCN(Cc2ccccc2)CC1)N1CCOCC1,2,True,True
Mol2288,COc1ccc(NC(C)=O)cc1NC(=O)CN(Cc1ccccc1)C(C)C,O=C(CNCc1ccccc1)Nc1ccccc1,1,True,True
Mol2289,C[C@]12CCC3=C4CCC(=O)C=C4CC[C@H]3[C@@H]1CC[C@@]2(O)CC#N,O=C1C=C2CC[C@@H]3C(=C2CC1)CCC1CCC[C@H]13,4,True,True
Mol2290,CCC(=O)NCC[C@@H]1CCc2ccc3c(c21)CCO3,c1cc2c(c3c1CCC3)CCO2,2,True,True
Mol2291,COc1cccc(O[C@H]2CCN(C(=O)c3cc(-c4ccc(F)cc4)on3)CC[C@@H]2O)c1,O=C(c1cc(-c2ccccc2)on1)N1CCC[C@@H](Oc2ccccc2)CC1,2,True,True
Mol2292,COc1cccc(C(=O)N(C)CC(F)(F)F)c1OCCCN,c1ccccc1,2,False,True
Mol2293,Cc1csc(Cc2nc(-c3ccc(O)cc3)no2)n1,c1ccc(-c2noc(Cc3nccs3)n2)cc1,4,True,True
Mol2294,COc1ccc(C)cc1S(=O)(=O)NCCC(=O)Nc1ccccc1C,O=C(CCNS(=O)(=O)c1ccccc1)Nc1ccccc1,0,True,True
Mol2295,CN(C)c1cncc(-c2ccc(C(=O)NC(C)(C)C)cc2)n1,c1ccc(-c2cnccn2)cc1,4,True,True
Mol2296,COC(C)(C)CCNC(=O)CC1CC(C)(C)NC(C)(C)C1,C1CCNCC1,2,False,True
Mol2297,CCOc1ccc2[nH]c(C(=O)N3CC[C@@](O)(CC(C)C)[C@@H](Oc4ccc(F)cc4)C3)c(C)c2c1,O=C(c1cc2ccccc2[nH]1)N1CCC[C@@H](Oc2ccccc2)C1,4,True,True
Mol2298,O=C(Nc1cn(CCOCC(F)(F)F)nc1-c1ccccn1)c1coc(-c2cn[nH]c2)n1,O=C(Nc1c[nH]nc1-c1ccccn1)c1coc(-c2cn[nH]c2)n1,0,True,True
Mol2299,CC(=O)c1ccc2c(c1)CCN(CC1CCC3(CC1)OCCO3)CC2,c1ccc2c(c1)CCN(CC1CCC3(CC1)OCCO3)CC2,0,False,True
Mol2300,C=CCn1c(=O)c2cnc(Nc3ccc(N4CCN(C)CC4)cc3)nc2n1-c1cccc(C(C)(C)O)n1,O=c1[nH]n(-c2ccccn2)c2nc(Nc3ccc(N4CCNCC4)cc3)ncc12,0,True,True
Mol2301,Cc1cn2cc(C(=O)N(C)CCO)cc(N[C@@H]3CCOc4cccc(C)c43)c2n1,c1ccc2c(c1)OCC[C@H]2Nc1cccn2ccnc12,2,True,True
Mol2302,CCN(Cc1nc(C)no1)C(=O)c1cc(C)c(C)n(C)c1=O,O=C(NCc1ncno1)c1ccc[nH]c1=O,3,False,True
Mol2303,Cc1cc(C(=O)N2CCN(C(=O)C3CCC3)CC2)c(O)cn1,O=C(c1ccncc1)N1CCN(C(=O)C2CCC2)CC1,3,False,True
Mol2304,COCC(=O)Nc1ccc(C)c(NC(=O)[C@H](OC)c2ccccc2)c1,O=C(Cc1ccccc1)Nc1ccccc1,2,True,True
Mol2305,Clc1ccc2c(c1)CCc1cccnc1C2=C1CCNCC1,c1ccc2c(c1)CCc1cccnc1C2=C1CCNCC1,3,False,True
Mol2306,COCC1(CNC(=O)c2ccc(-n3cccn3)cc2)CCC1,O=C(NCC1CCC1)c1ccc(-n2cccn2)cc1,3,True,True
Mol2307,O=c1n(CCn2ccnc2)nnn1-c1cccs1,O=c1n(CCn2ccnc2)nnn1-c1cccs1,1,False,True
Mol2308,CN(C)C(=O)C(C)(C)NC(=O)OC(C)(C)C,CN(C)C(=O)C(C)(C)NC(=O)OC(C)(C)C,1,False,True
Mol2309,OCCOc1ccccc1OCc1ncc(Cl)cc1Cl,c1ccc(OCc2ccccn2)cc1,2,True,True
Mol2310,Cn1c(=O)c(C(=O)CSc2nc3ccccc3n2C)c(N)n(Cc2ccccc2)c1=O,O=C(CSc1nc2ccccc2[nH]1)c1cn(Cc2ccccc2)c(=O)[nH]c1=O,1,True,True
Mol2311,CCC(=O)Nc1ccc(F)c(NC(=O)N2CC=C(C)CC2)c1,O=C(Nc1ccccc1)N1CC=CCC1,0,True,True
Mol2312,O=C(c1n[nH]c2c1COCC2)N1CCC2(C=Cc3ccccc32)CC1,O=C(c1n[nH]c2c1COCC2)N1CCC2(C=Cc3ccccc32)CC1,4,True,True
Mol2313,Cc1cc(C#N)cc(N2CCc3c(ncn3CCc3ccccc3)C2)n1,c1ccc(CCn2cnc3c2CCN(c2ccccn2)C3)cc1,1,True,True
Mol2314,CCCC(=O)Nc1ccc(C(=O)N(C)C)cc1,c1ccccc1,2,True,True
Mol2315,Cc1cc(Cn2cnc(C#N)c2C#N)c2ccccc2n1,c1ccc2c(Cn3ccnc3)ccnc2c1,4,False,True
Mol2316,CCCc1cc(CNC(=O)N2C[C@H]3C[C@@H](C2)c2cccc(=O)n2C3)on1,O=C(NCc1ccno1)N1C[C@H]2C[C@@H](C1)c1cccc(=O)n1C2,1,True,True
Mol2317,CSC1(CNc2cc(C)nc(C)n2)CCOCC1,c1cc(NCC2CCOCC2)ncn1,0,False,True
Mol2318,CCc1c2c(nc3ccc(O)cc13)-c1cc3c(c(=O)n1C2)COC(=O)[C@]3(O)CC,O=C1Cc2cc3n(c(=O)c2CO1)Cc1cc2ccccc2nc1-3,1,True,True
Mol2319,Cc1ncc(CCN2C(=O)NC3(CCCC3)C2=O)s1,O=C1NC2(CCCC2)C(=O)N1CCc1cncs1,4,False,True
Mol2320,CC[C@@H]1C(=O)N(C)c2cnc(-n3ccnc3-c3ccc(F)cc3)nc2N1c1ccn(C)n1,O=C1CN(c2cc[nH]n2)c2nc(-n3ccnc3-c3ccccc3)ncc2N1,0,True,True
Mol2321,CCCn1cc(CN2CCC(c3nc(N(C)C)no3)CC2)cn1,c1noc(C2CCN(Cc3cn[nH]c3)CC2)n1,4,True,True
Mol2322,O=C(Nc1nnc(SCc2ccc(F)cc2)s1)C1CCC1,O=C(Nc1nnc(SCc2ccccc2)s1)C1CCC1,3,True,True
Mol2323,COCCNc1c(C)c(C)nc2cc(-c3nccn3C)nn12,c1cnc2cc(-c3ncc[nH]3)nn2c1,1,True,True
Mol2324,N#Cc1ccnc(Nc2ccc(F)cc2)c1,c1ccc(Nc2ccccn2)cc1,0,True,True
Mol2325,COc1cccc(OC)c1-c1ccc(OCCN2CCCC2)cc1,c1ccc(-c2ccc(OCCN3CCCC3)cc2)cc1,2,False,True
Mol2326,O=c1c2sccc2nc2n1CCN(Cc1ccc(F)cc1F)CC2,O=c1c2sccc2nc2n1CCN(Cc1ccccc1)CC2,0,True,True
Mol2327,N#CCn1ncnc1-c1cccc(C#N)c1,c1ccc(-c2ncn[nH]2)cc1,4,False,True
Mol2328,CN1CCC(N(Cc2cccnc2)C(=O)NCCCc2ccccc2)CC1,O=C(NCCCc1ccccc1)N(Cc1cccnc1)C1CCNCC1,2,True,True
Mol2329,Cc1nn(CCNS(=O)(=O)N2CCOCC2)c(C)c1C,O=S(=O)(NCCn1cccn1)N1CCOCC1,0,True,True
Mol2330,Cc1nc2cc(=O)[nH]n2c(C)c1CC(=O)OC1CCCCC1,O=C(Cc1cnc2cc(=O)[nH]n2c1)OC1CCCCC1,0,True,True
Mol2331,CCc1c2c(nc3ccc(OC(=O)N4CCC(N5CCCCC5)CC4)cc13)-c1cc3c(c(=O)n1C2)COC(=O)[C@]3(O)CC,O=C1Cc2cc3n(c(=O)c2CO1)Cc1cc2cc(OC(=O)N4CCC(N5CCCCC5)CC4)ccc2nc1-3,0,True,True
Mol2332,CC(C)(C)C(=O)N1CCC(CN(CC(N)=O)C2CCCC2)CC1,C1CCC(NCC2CCNCC2)C1,2,True,True
Mol2333,C[C@@H](c1ccccc1)N(C)C(=O)NCCN(C)CCO,c1ccccc1,2,False,True
Mol2334,Cc1ccc(F)cc1S(=O)(=O)Nc1ccc(C(=O)N2CCCC2)cc1,O=C(c1ccc(NS(=O)(=O)c2ccccc2)cc1)N1CCCC1,4,True,True
Mol2335,O=C(c1ccc(NS(=O)(=O)c2cccc3cnccc23)cc1)N1CCCC1,O=C(c1ccc(NS(=O)(=O)c2cccc3cnccc23)cc1)N1CCCC1,1,True,True
Mol2336,CS(=O)(=O)NCCN1CCc2c(Cl)cc(Cl)cc2C1,c1ccc2c(c1)CCNC2,0,True,True
Mol2337,O=C1c2ccccc2C(=O)N1CCNc1ccc(F)cc1,O=C1c2ccccc2C(=O)N1CCNc1ccccc1,3,True,True
Mol2338,CCc1nc(C)cc(N2CCCC3(CCNCC3)CC2)n1,c1cc(N2CCCC3(CCNCC3)CC2)ncn1,2,False,True
Mol2339,O=C1CCCN1CCCc1nc(Cc2c(Cl)cccc2Cl)n[nH]1,O=C1CCCN1CCCc1nc(Cc2ccccc2)n[nH]1,3,True,True
Mol2340,Cc1cc(C(=O)N(C)c2nc3ccccc3s2)cc(O)n1,O=C(Nc1nc2ccccc2s1)c1ccncc1,1,False,True
Mol2341,CC(=O)N1CCN(C(=O)CS(=O)(=O)C23CC4CC(CC(C4)C2)C3)CC1,O=C(CS(=O)(=O)C12CC3CC(CC(C3)C1)C2)N1CCNCC1,2,False,True
Mol2342,CCc1nnc(N2CC(N(C)C)C2)c(C#N)c1CC,c1cnnc(N2CCC2)c1,0,True,True
Mol2343,CCc1nnc(Nc2cc(C)nc(C3CN(C(=O)C(C)C)CCO3)c2)s1,c1cc(Nc2nncs2)cc(C2CNCCO2)n1,2,True,True
Mol2344,O=C(Nc1ccncc1)[C@H]1CCCN(S(=O)(=O)c2ccc(Cl)cc2)C1,O=C(Nc1ccncc1)[C@H]1CCCN(S(=O)(=O)c2ccccc2)C1,0,True,True
Mol2345,O=C(CC[C@@H]1CCCN2CCCC[C@H]12)NCc1cnc2c(c1)CCC2,O=C(CC[C@@H]1CCCN2CCCC[C@H]12)NCc1cnc2c(c1)CCC2,3,False,True
Mol2346,Cc1nc(NCc2ccc(F)cc2)n(C)n1,c1ccc(CNc2ncn[nH]2)cc1,0,False,True
Mol2347,Cc1cc(C(=O)Nc2nnc3n2CCCC3)n(C)n1,O=C(Nc1nnc2n1CCCC2)c1ccn[nH]1,0,False,True
Mol2348,Cc1csc2nc3n(c(=O)c12)CCNCC3,O=c1c2ccsc2nc2n1CCNCC2,4,True,True
Mol2349,Cc1cc(Nc2nc(N[C@@H](C)c3ncc(F)cn3)ncc2Cl)n[nH]1,c1cnc(CNc2nccc(Nc3cc[nH]n3)n2)nc1,2,True,True
Mol2350,COCC(=O)Nc1ccc(NC(=O)Cc2ccc(C(F)(F)F)cc2)cc1,O=C(Cc1ccccc1)Nc1ccccc1,2,True,True
Mol2351,Cc1ccc(O)c(CN2CCC(c3nc4ccccc4o3)CC2)n1,c1ccc(CN2CCC(c3nc4ccccc4o3)CC2)nc1,2,True,True
Mol2352,Cc1cnc(C(C)(C)NCC(=O)N(C)C)s1,c1cscn1,3,False,True
Mol2353,Cc1nccc(NC(=O)CCc2ccncc2)c1Cl,O=C(CCc1ccncc1)Nc1ccncc1,1,False,True
Mol2354,Cc1cccc(-c2cccc(C(=O)NCCC3(O)CCCC3)c2)n1,O=C(NCCC1CCCC1)c1cccc(-c2ccccn2)c1,4,True,True
Mol2355,Cc1ccc(S(=O)(=O)N2CCOc3ccncc32)cc1,O=S(=O)(c1ccccc1)N1CCOc2ccncc21,2,True,True
Mol2356,COc1ccc(-c2nc(NC(C)C)ncc2-c2ncc[nH]2)cc1,c1ccc(-c2ncncc2-c2ncc[nH]2)cc1,2,True,True
Mol2357,N#Cc1cc(CN2CCC(Nc3ncnc4sc(Cl)cc34)CC2)ccc1F,c1ccc(CN2CCC(Nc3ncnc4sccc34)CC2)cc1,0,True,True
Mol2358,CN(CCN1CCCCC1)c1cncc(C(N)=O)n1,c1cnc(NCCN2CCCCC2)cn1,1,False,True
Mol2359,CCOc1cccc(NS(C)(=O)=O)n1,c1ccncc1,0,False,True
Mol2360,CN1CCc2nc(C(=O)N[C@H]3C[C@@H](C(=O)N(C)C)CC[C@@H]3NC(=O)C(=O)Nc3ccc(Cl)cn3)sc2C1,O=C(Nc1ccccn1)C(=O)N[C@H]1CCCC[C@@H]1NC(=O)c1nc2c(s1)CNCC2,1,False,True
Mol2361,CCCc1cc(C)nc(O)c1CNC(=O)c1cc(-c2ccc(N3CCN(C(C)C)CC3)nc2)cc2c1cnn2C(C)C,O=C(NCc1cccnc1)c1cc(-c2ccc(N3CCNCC3)nc2)cc2[nH]ncc12,2,True,True
Mol2362,CCOc1ccnc(NCCCc2nc3cc(F)ccc3[nH]2)n1,c1cnc(NCCCc2nc3ccccc3[nH]2)nc1,1,True,True
Mol2363,CCCc1ncncc1C(=O)NCc1nncn1CCC,O=C(NCc1nnc[nH]1)c1cncnc1,2,False,True
Mol2364,CCc1cc(-c2ccc(OC)c3ncccc23)nc(N2CCOCC2)n1,c1cc(-c2ccnc(N3CCOCC3)n2)c2cccnc2c1,4,True,True
Mol2365,C[C@H]1CC[C@H](n2c3cnccc3c3cnc(Nc4ccc5c(n4)CCN(C(=O)CO)C5)nc32)CC1,c1cc2c3cnc(Nc4ccc5c(n4)CCNC5)nc3n(C3CCCCC3)c2cn1,4,True,True
Mol2366,COc1cn(-c2ccc(-n3cccn3)cc2F)nc(-c2ccnn2-c2ccccc2)c1=O,O=c1ccn(-c2ccc(-n3cccn3)cc2)nc1-c1ccnn1-c1ccccc1,2,False,True
Mol2367,Cc1nn(C(F)F)c(C)c1CC(=O)NCCNC(C)(C)C,c1cn[nH]c1,2,False,True
Mol2368,CN(CC1(CO)CCC1)C(=O)CCN1CCCCC1=O,O=C(CCN1CCCCC1=O)NCC1CCC1,4,False,True
Mol2369,Cc1cc(C)cc(OCCN(C)C(=O)NCCS(=O)(=O)N(C)C)c1,c1ccccc1,2,True,True
Mol2370,CC(C)CN(Cc1cnn(C)c1)C(=O)c1cccc(-c2cnccn2)c1,O=C(NCc1cn[nH]c1)c1cccc(-c2cnccn2)c1,0,True,True
Mol2371,O=c1c2c(C(F)(F)F)cccc2ncn1CCc1ncc[nH]1,O=c1c2ccccc2ncn1CCc1ncc[nH]1,1,True,True
Mol2372,CCCCN1CCN(C(=O)c2cccc(-c3ccc(CO)cc3)c2)CC1,O=C(c1cccc(-c2ccccc2)c1)N1CCNCC1,0,True,True
Mol2373,O=C(Nc1cnc2ccccc2n1)c1ccncc1,O=C(Nc1cnc2ccccc2n1)c1ccncc1,2,True,True
Mol2374,COc1ccc(CN2CCN(C(=O)C3CCN(C(=O)C4CC4)CC3)CC2)cc1,O=C(C1CC1)N1CCC(C(=O)N2CCN(Cc3ccccc3)CC2)CC1,0,False,True
Mol2375,COc1cc2nc(CN3CCC(CO)CC3)[nH]c(=O)c2cc1OC,O=c1[nH]c(CN2CCCCC2)nc2ccccc12,2,False,True
Mol2376,COCc1noc(CNC(=O)N(C)[C@@H](C)c2ccccc2)n1,O=C(NCc1ccccc1)NCc1ncno1,2,False,True
Mol2377,CC(C)=CCOc1cccc(C(=O)NN2CCOCC2)c1,O=C(NN1CCOCC1)c1ccccc1,2,False,True
Mol2378,Cc1n[nH]c2c1[C@H](c1ccccc1)C1=C(CC(C)(C)CC1=O)N2,O=C1CCCC2=C1[C@@H](c1ccccc1)c1cn[nH]c1N2,1,True,True
Mol2379,CC#CCCNC(=O)c1cccnc1C,c1ccncc1,0,False,True
Mol2380,O=C(Nc1cncc2ccccc12)c1ncccn1,O=C(Nc1cncc2ccccc12)c1ncccn1,3,True,True
Mol2381,Cn1nc(-c2cc(F)cc(F)c2)cc1N,c1ccc(-c2cc[nH]n2)cc1,0,True,True
Mol2382,O=C(O)c1ccc(CCC(=O)N2CCc3c(F)cc(F)cc3C2)cc1,O=C(CCc1ccccc1)N1CCc2ccccc2C1,0,False,True
Mol2383,Cc1ccc(CNc2ncnn2C)nc1,c1ccc(CNc2ncn[nH]2)nc1,0,False,True
Mol2384,CS(=O)(=O)NC[C@H]1CC[C@H](Nc2nc3c(s2)CCSc2ccccc2-3)CC1,c1ccc2c(c1)SCCc1sc(NC3CCCCC3)nc1-2,0,True,True
Mol2385,COc1ncc(C(=O)NCc2cnn3cccnc23)cn1,O=C(NCc1cnn2cccnc12)c1cncnc1,4,False,True
Mol2386,CCn1nc(CNC(=O)C2CCOCC2)c2ccccc21,O=C(NCc1n[nH]c2ccccc12)C1CCOCC1,1,False,True
Mol2387,CN(C)CC(C)(C)CNc1cn[nH]c(=O)c1Br,O=c1cccn[nH]1,4,True,True
Mol2388,Cc1ccc(Oc2ccc(N)cc2)nn1,c1ccc(Oc2cccnn2)cc1,3,False,True
Mol2389,COCCN1CCOc2nc3c(C)cccc3cc2C1,c1ccc2nc3c(cc2c1)CNCCO3,2,True,True
Mol2390,C=C1C[C@@H]2[C@H](CC[C@]3(C)C(=O)CC[C@@H]23)[C@@]2(C)C=CC(=O)C=C12,C=C1C[C@@H]2[C@H](CCC3C(=O)CC[C@H]32)C2C=CC(=O)C=C12,3,False,True
Mol2391,O=C(Cn1nc(Cc2ccccc2)c2ccccc2c1=O)NCc1ncc[nH]1,O=C(Cn1nc(Cc2ccccc2)c2ccccc2c1=O)NCc1ncc[nH]1,0,True,True
Mol2392,O=C(O)c1ccccc1COc1cccc2cccnc12,c1ccc(COc2cccc3cccnc23)cc1,4,False,True
Mol2393,O=C(Cn1nc(Cc2ccccc2)c2ccccc2c1=O)NCCc1c[nH]cn1,O=C(Cn1nc(Cc2ccccc2)c2ccccc2c1=O)NCCc1c[nH]cn1,4,True,True
Mol2394,Cc1cc(CNC(=O)N(C)Cc2c(C)nn(C)c2C)cnc1C,O=C(NCc1cccnc1)NCc1cn[nH]c1,0,False,True
Mol2395,CCc1ccc(CC)c(C(=O)CSc2nncs2)c1,O=C(CSc1nncs1)c1ccccc1,1,True,True
Mol2396,OCc1cnnn1-c1cncc(Cl)n1,c1cnc(-n2ccnn2)cn1,1,False,True
Mol2397,CCNc1nc(-c2cccnc2)nc(C)c1C,c1cnc(-c2cccnc2)nc1,2,True,True
Mol2398,C#CCNC(=O)Cc1coc(-c2ccccc2)n1,c1ccc(-c2ncco2)cc1,3,True,True
Mol2399,Cn1cnnc1NC(=O)c1cnn2c1CCCC2,O=C(Nc1nnc[nH]1)c1cnn2c1CCCC2,3,False,True
Mol2400,N#Cc1ccc(C(=O)N2CCCO2)nc1,O=C(c1ccccn1)N1CCCO1,0,True,True
Mol2401,CN(C)C1(CNC(=O)Cn2ccc(=O)cc2)CCCCC1,O=C(Cn1ccc(=O)cc1)NCC1CCCCC1,0,True,True
Mol2402,O=C(OCC1CCSCC1)c1cccc(-n2cccn2)n1,O=C(OCC1CCSCC1)c1cccc(-n2cccn2)n1,4,True,True
Mol2403,CCOc1cc(CN2CCc3c(N)nc(N4CCCC4)nc3C2)ccc1OC,c1ccc(CN2CCc3cnc(N4CCCC4)nc3C2)cc1,3,True,True
Mol2404,O=C(Nc1ccc(N2CCCC2)cn1)c1ccc(-c2cnco2)cc1,O=C(Nc1ccc(N2CCCC2)cn1)c1ccc(-c2cnco2)cc1,3,True,True
Mol2405,CC(=O)N(C)[C@@H]1CO[C@@H]2CCN(C[C@]3(O)CC[C@@H](C(C)(C)C)CC3)C[C@@H]2C[C@@]1(C)O,C1CCC(CN2CC[C@H]3OCCCC[C@H]3C2)CC1,3,True,True
Mol2406,COCCc1nsc(Oc2ccc(C)cc2Br)n1,c1ccc(Oc2ncns2)cc1,1,True,True
Mol2407,CCc1c(-c2ccccc2)[n+]([O-])c2c([n+]1[O-])CCCCC2,c1ccc(-c2c[nH+]c3c([nH+]2)CCCCC3)cc1,4,True,True
Mol2408,Cn1cc(NC(=O)c2cnn3cccnc23)c(C2CCCCC2)n1,O=C(Nc1c[nH]nc1C1CCCCC1)c1cnn2cccnc12,0,True,True
Mol2409,Cn1c(SCOCc2ccccc2)nnc1C1CC1,c1ccc(COCSc2nnc(C3CC3)[nH]2)cc1,3,True,True
Mol2410,COc1cc(-c2ccc(Cn3nc(C)cc3C)cn2)cc(OC)c1OC,c1ccc(-c2ccc(Cn3cccn3)cn2)cc1,3,True,True
Mol2411,Cc1cc(N2CCN(CC3CCN(C(=O)CC(C)C)CC3)CC2)n[nH]1,c1cc(N2CCN(CC3CCNCC3)CC2)n[nH]1,1,True,True
Mol2412,Cc1ccc(=O)n(CC2(O)CCN(Cc3cccs3)CC2)n1,O=c1cccnn1CC1CCN(Cc2cccs2)CC1,4,False,True
Mol2413,C=CCNc1ncc(-c2cnccn2)c(C2CC2)n1,c1cnc(-c2cncnc2C2CC2)cn1,0,True,True
Mol2414,COCCNC(=O)c1nnc2n(c1=O)CCN2c1ccccc1,O=c1cnnc2n1CCN2c1ccccc1,0,False,True
Mol2415,CCC(C)(C)N1CCN(C(=O)NCCc2cc(C)no2)CC1,O=C(NCCc1ccno1)N1CCNCC1,4,False,True
Mol2416,CCCC1(CNC(=O)Cn2ccc(=O)cc2)CCC1,O=C(Cn1ccc(=O)cc1)NCC1CCC1,0,False,True
Mol2417,Cc1cc(C(F)(F)F)nc(CCNC(=O)N(C)Cc2ccncc2C)n1,O=C(NCCc1ncccn1)NCc1ccncc1,4,True,True
Mol2418,CN1CCC(CNC(=O)c2ncoc2-c2ccc(F)cc2)CC1,O=C(NCC1CCNCC1)c1ncoc1-c1ccccc1,4,False,True
Mol2419,COc1ccc2cc(C(=O)NCc3nnc4n3CCCCC4)ccc2c1,O=C(NCc1nnc2n1CCCCC2)c1ccc2ccccc2c1,4,True,True
Mol2420,Cc1cccc(NC(=O)CSc2nncs2)c1,O=C(CSc1nncs1)Nc1ccccc1,1,True,True
Mol2421,CCOc1ccc(OCCN2CCN(C(C)=O)CC2)cc1,c1ccc(OCCN2CCNCC2)cc1,3,False,True
Mol2422,COC1(c2nc(Cc3ccccc3)no2)CCN(Cc2ncccc2Cl)CC1,c1ccc(Cc2noc(C3CCN(Cc4ccccn4)CC3)n2)cc1,4,True,True
Mol2423,CN(CCO)C(=O)c1ccc(-c2cccc(C(F)(F)F)n2)cc1,c1ccc(-c2ccccn2)cc1,0,False,True
Mol2424,COc1ccc(OC)c(Cn2cnc3cn(C)nc3c2=O)c1,O=c1c2n[nH]cc2ncn1Cc1ccccc1,2,False,True
Mol2425,Cc1cc(C(=O)N(C)CC2CCN(CCO)CC2)cc(C)n1,O=C(NCC1CCNCC1)c1ccncc1,4,True,True
Mol2426,Cc1ccc(NC(=O)CN2C(=O)CN(C)C2=O)cc1C,O=C(CN1C(=O)CNC1=O)Nc1ccccc1,2,False,True
Mol2427,CCn1nc(CNC(=O)c2nc(C)c[nH]2)c2ccccc21,O=C(NCc1n[nH]c2ccccc12)c1ncc[nH]1,2,True,True
Mol2428,O=c1cc(-c2cc(F)c(Cl)nc2Cl)[nH]c2c(-c3ccccc3)c(C(F)(F)F)nn12,O=c1cc(-c2cccnc2)[nH]c2c(-c3ccccc3)cnn12,1,False,True
Mol2429,CCOc1ccc(CNC(=O)Cn2ccc3cc(S(=O)(=O)N4CCCC4)ccc32)cc1,O=C(Cn1ccc2cc(S(=O)(=O)N3CCCC3)ccc21)NCc1ccccc1,3,True,True
Mol2430,Cc1nccc(N(C)Cc2ccc(N)nc2)n1,c1cncc(CNc2ccncn2)c1,2,False,True
Mol2431,COCCN(C)c1ccc(CN2CCOC3(CCCC3)C2)cn1,c1cncc(CN2CCOC3(CCCC3)C2)c1,4,True,True
Mol2432,CC(=O)N1CCC(CNc2nccc3cccnc23)CC1,c1cnc2c(NCC3CCNCC3)nccc2c1,4,False,True
Mol2433,Cc1c(C(=O)Nc2ccc(CO)cc2)nnn1Cc1ccc(Cl)c(Cl)c1,O=C(Nc1ccccc1)c1cn(Cc2ccccc2)nn1,2,True,True
Mol2434,O=C(C1CC1)N1CCC(CNS(=O)(=O)N2CCCCCC2)CC1,O=C(C1CC1)N1CCC(CNS(=O)(=O)N2CCCCCC2)CC1,4,True,True
Mol2435,CN(Cc1ccc(CO)cc1)Cc1cc(F)c(F)c(F)c1,c1ccc(CNCc2ccccc2)cc1,3,True,True
Mol2436,CN(C)c1cncc(-c2ccc(S(=O)(=O)N(C)C)cc2)n1,c1ccc(-c2cnccn2)cc1,4,True,True
Mol2437,COc1ccc(=O)n(Cc2noc3c2CCCC3)n1,O=c1cccnn1Cc1noc2c1CCCC2,0,True,True
Mol2438,CCc1cc(=O)[nH]c(SCCCCC2CCOCC2)n1,O=c1ccnc(SCCCCC2CCOCC2)[nH]1,3,True,True
Mol2439,O=C(Nc1nnc2n1CCCC2)c1cscn1,O=C(Nc1nnc2n1CCCC2)c1cscn1,4,False,True
Mol2440,Cc1nsc(Nc2ccccc2)c1C#N,c1ccc(Nc2ccns2)cc1,2,True,True
Mol2441,COCC(C)(C)C(=O)N1CCCC2(CCNCC2)CC1,C1CNCCC2(C1)CCNCC2,0,False,True
Mol2442,Cc1ccccc1CCNC(=O)N(Cc1cccnc1)C1CCN(C)CC1,O=C(NCCc1ccccc1)N(Cc1cccnc1)C1CCNCC1,4,True,True
Mol2443,CCc1nnc(Sc2nc3cc(C)nn3c3ccccc23)[nH]1,c1ccc2c(c1)c(Sc1nnc[nH]1)nc1ccnn12,3,True,True
Mol2444,COCC(=O)Nc1ccc(NC(=O)Cc2cc(C)ccc2C)cc1,O=C(Cc1ccccc1)Nc1ccccc1,2,True,True
Mol2445,CC(C)N(C(=O)Cn1cccc2cc(-c3ccco3)nc1-2)C(C)C,c1c[nH]c2nc(-c3ccco3)cc-2c1,3,True,True
Mol2446,Cc1cccc(NC(=O)CN(C)Cc2nc3ccccc3c(=O)[nH]2)c1C,O=C(CNCc1nc2ccccc2c(=O)[nH]1)Nc1ccccc1,4,True,True
Mol2447,Cc1ccc(=O)n(CCOc2ccc(Cl)c(F)c2)n1,O=c1cccnn1CCOc1ccccc1,3,True,True
Mol2448,Cc1nc(C)c(C(=O)Nc2cccc(-c3ccn[nH]3)c2)s1,O=C(Nc1cccc(-c2ccn[nH]2)c1)c1cncs1,2,True,True
Mol2449,Cc1ncccc1NC(=O)OC(C)(C)C,c1ccncc1,0,False,True
Mol2450,c1ccc(-c2ncc(CNc3ncccn3)s2)nc1,c1ccc(-c2ncc(CNc3ncccn3)s2)nc1,4,True,True
Mol2451,c1ccc(Nc2nc(N3CCNCC3)nc(N3CCOCC3)n2)cc1,c1ccc(Nc2nc(N3CCNCC3)nc(N3CCOCC3)n2)cc1,3,False,True
Mol2452,NC(=O)c1csc(CN2CCc3cc(F)ccc3C2)c1,c1csc(CN2CCc3ccccc3C2)c1,2,True,True
Mol2453,COC(=O)C1=NOC2(CCN(CCCCCF)CC2)C1,C1=NOC2(C1)CCNCC2,3,True,True
Mol2454,CCCc1cc(CNS(=O)(=O)c2cc(-c3cnc(C)o3)ccc2C)on1,O=S(=O)(NCc1ccno1)c1cccc(-c2cnco2)c1,4,True,True
Mol2455,CN(Cc1nncn1C)C1CCN(c2ccccc2F)CC1,c1ccc(N2CCC(NCc3nnc[nH]3)CC2)cc1,2,False,True
Mol2456,CC(C)Oc1ccc(CCNC(=O)N2CCC[C@H]2C(=O)N2CCCCC2)cc1,O=C([C@@H]1CCCN1C(=O)NCCc1ccccc1)N1CCCCC1,3,True,True
Mol2457,Cc1nc(NCc2sccc2C)n(C)n1,c1csc(CNc2ncn[nH]2)c1,1,False,True
Mol2458,CCc1nnc(N2CCCO2)c(C#N)c1CC,c1cnnc(N2CCCO2)c1,2,True,True
Mol2459,c1cc(Nc2cc(C3CC3)[nH]n2)nc(Nc2ccc3nc[nH]c3c2)n1,c1cc(Nc2cc(C3CC3)[nH]n2)nc(Nc2ccc3nc[nH]c3c2)n1,2,True,True
Mol2460,O=C1NC2(CCCCC2)C(=O)N1Cc1csc(-c2ccccc2)n1,O=C1NC2(CCCCC2)C(=O)N1Cc1csc(-c2ccccc2)n1,2,True,True
Mol2461,Cc1ccc(OC[C@@H](O)[C@H](C)NC(C)C)c2c1CCC2,c1ccc2c(c1)CCC2,3,True,True
Mol2462,Cc1ccc(CCC(=O)Nc2nccc3sccc23)o1,O=C(CCc1ccco1)Nc1nccc2sccc12,3,True,True
Mol2463,Cc1cc(Nc2ncccn2)cc(C2CCCN(CC(=O)Nc3ccc(F)cc3)C2)n1,O=C(CN1CCCC(c2cc(Nc3ncccn3)ccn2)C1)Nc1ccccc1,1,True,True
Mol2464,N#CC1(C(=O)NCC2(C3CC3)CC2)CCCCC1,O=C(NCC1(C2CC2)CC1)C1CCCCC1,3,True,True
Mol2465,O=C(CSc1ccc2c(c1)OCCO2)NC1CCCC1,O=C(CSc1ccc2c(c1)OCCO2)NC1CCCC1,2,True,True
Mol2466,Cc1cc2nc(CCC(=O)N3CCc4n[nH]cc4C3)[nH]c2cc1C,O=C(CCc1nc2ccccc2[nH]1)N1CCc2n[nH]cc2C1,4,True,True
Mol2467,COc1cccc(C)c1C(=O)N(C)CCCn1cccn1,O=C(NCCCn1cccn1)c1ccccc1,1,True,True
Mol2468,O=C(c1ccc(Cl)cc1)N1CCC(c2nnc3n2CCCC3)CC1,O=C(c1ccccc1)N1CCC(c2nnc3n2CCCC3)CC1,0,False,True
Mol2469,COc1cccc(O[C@H]2CCN(C(=O)c3cc(-c4ccc(C)cc4)on3)CC[C@@H]2O)c1,O=C(c1cc(-c2ccccc2)on1)N1CCC[C@@H](Oc2ccccc2)CC1,2,True,True
Mol2470,CC(C)c1cc(C(C)C)c(CC(=O)NS(=O)(=O)Oc2c(C(C)C)cccc2C(C)C)c(C(C)C)c1,O=C(Cc1ccccc1)NS(=O)(=O)Oc1ccccc1,4,True,True
Mol2471,CC(C)Oc1cccc(C(C)NC(=O)c2ccnc(-n3cncn3)c2)c1,O=C(NCc1ccccc1)c1ccnc(-n2cncn2)c1,2,True,True
Mol2472,N#Cc1cc(Oc2ccc3c(c2)CCC3)ncn1,c1cc(Oc2ccc3c(c2)CCC3)ncn1,3,True,True
Mol2473,O=C(Nc1cncc(Cl)c1Cl)c1cccc(-n2cccn2)n1,O=C(Nc1cccnc1)c1cccc(-n2cccn2)n1,2,True,True
Mol2474,CC1CCC(O)(CSc2nnnn2C2CC2)CC1,C1CCC(CSc2nnnn2C2CC2)CC1,0,True,True
Mol2475,CCOCC(=O)Nc1cccc(CN2CCCC2)c1,c1ccc(CN2CCCC2)cc1,1,True,True
Mol2476,CC(C)(C)c1cnc(CN2CCC(=O)Nc3cc(F)ccc32)o1,O=C1CCN(Cc2ncco2)c2ccccc2N1,3,True,True
Mol2477,Cc1ccc2c(c1)cc(C(=O)N1CCOC(C(=O)N3CCc4ccccc4C3)C1)n2C,O=C(c1cc2ccccc2[nH]1)N1CCOC(C(=O)N2CCc3ccccc3C2)C1,4,True,True
Mol2478,Cc1cc(C)cc(OCCN(C)C(=O)NCCN2CCCCC2=O)c1,O=C(NCCOc1ccccc1)NCCN1CCCCC1=O,4,True,True
Mol2479,CN1CCC(=C2c3ccccc3CCc3sccc32)CC1,c1ccc2c(c1)CCc1sccc1C2=C1CCNCC1,3,True,True
Mol2480,CN1CCC(CNc2nccc3cccnc23)CC1,c1cnc2c(NCC3CCNCC3)nccc2c1,4,False,True
Mol2481,COc1cccc(CN(C)c2cc(N3CCCC3)ncn2)n1,c1ccc(CNc2cc(N3CCCC3)ncn2)nc1,0,True,True
Mol2482,CCN(CC)C(=O)c1ccc(C2=CC3(CCNCC3)Oc3cccc(O)c32)cc1,C1=C(c2ccccc2)c2ccccc2OC12CCNCC2,4,True,True
Mol2483,CC(C)Cc1n[nH]c(-c2ccc(N3CCN(C)CC3)cc2)n1,c1n[nH]c(-c2ccc(N3CCNCC3)cc2)n1,2,False,True
Mol2484,CN(C)C(=O)c1cncc(N(C)CCN(C)C2CCCC2)n1,c1cnc(NCCNC2CCCC2)cn1,2,True,True
Mol2485,CCc1ccc(CNc2nncs2)o1,c1coc(CNc2nncs2)c1,4,True,True
Mol2486,Cc1noc(C)c1CSC(=N)N1CCOCC1,N=C(SCc1cnoc1)N1CCOCC1,3,False,True
Mol2487,O=C(O)Cc1ccc(Oc2ccncc2)cc1,c1ccc(Oc2ccncc2)cc1,1,False,True
Mol2488,CCc1[nH]nc(NC2CCC(C(=O)OC)CC2)c1C,c1cc(NC2CCCCC2)n[nH]1,1,True,True
Mol2489,CN(C)CC(=O)N1CCC(c2ccc(NC(=O)c3nc(C#N)c[nH]3)c(C3=CCCCC3)c2)CC1,O=C(Nc1ccc(C2CCNCC2)cc1C1=CCCCC1)c1ncc[nH]1,3,True,True
Mol2490,CNCc1cc(NC)nc(C2CCCN2C(=O)COc2ccccc2OC)n1,O=C(COc1ccccc1)N1CCCC1c1ncccn1,0,False,True
Mol2491,NC(=O)CCCSc1nc(N)nc(-c2c(Cl)cc3c4c(cccc24)COC3)n1,c1cc2c3c(ccc(-c4ncncn4)c3c1)COC2,4,True,True
Mol2492,CC(C)(O)Cn1nc(-c2ccccc2)c2c(Cl)c(-c3ccccc3)nnc21,c1ccc(-c2cc3c(-c4ccccc4)n[nH]c3nn2)cc1,4,False,True
Mol2493,Cn1ccc(CSc2n[nH]c(-c3cc(F)cc(F)c3)n2)n1,c1ccc(-c2nc(SCc3cc[nH]n3)n[nH]2)cc1,1,True,True
Mol2494,COc1ccccc1-c1cc(C(C)(C)C)nc(-c2ncccn2)n1,c1ccc(-c2ccnc(-c3ncccn3)n2)cc1,4,True,True
Mol2495,COc1ccc(OCc2n[nH]c(-c3n[nH]c4c3CCC4)n2)cc1,c1ccc(OCc2n[nH]c(-c3n[nH]c4c3CCC4)n2)cc1,2,True,True
Mol2496,CC(C)N(CCCNC(=O)Nc1ccc(C(C)(C)C)cc1)C[C@@H]1O[C@@H](n2cc(Br)c3c(N)ncnc32)[C@H](O)[C@H]1O,O=C(NCCCNC[C@H]1CC[C@H](n2ccc3cncnc32)O1)Nc1ccccc1,3,True,True
Mol2497,OC1(Cc2nc(-c3ccsc3)no2)CCCCC1,c1cc(-c2noc(CC3CCCCC3)n2)cs1,1,True,True
Mol2498,N#Cc1ccc2nc(NCCn3ccnc3)ccc2c1,c1ccc2nc(NCCn3ccnc3)ccc2c1,4,True,True
Mol2499,CN(Cc1cccc(Cl)c1Cl)Cc1cc(=O)n(C)c(=O)n1C,O=c1cc(CNCc2ccccc2)[nH]c(=O)[nH]1,0,True,True
Mol2500,Cc1cc(Nc2ccc(F)cn2)cc(C2CCN(C(=O)Cn3nc(C)ccc3=O)C2)n1,O=C(Cn1ncccc1=O)N1CCC(c2cc(Nc3ccccn3)ccn2)C1,0,True,True
Mol2501,Cc1ccc(C(=O)C2CCN(CC(=O)NC(=O)Nc3ccccc3)CC2)c(C)c1,O=C(CN1CCC(C(=O)c2ccccc2)CC1)NC(=O)Nc1ccccc1,0,True,True
Mol2502,CN1CCNc2nc3ccccc3nc21,c1ccc2nc3c(nc2c1)NCCN3,2,True,True
Mol2503,CC1(C)CCCN1C(=O)c1c(F)cc(C#N)cc1F,O=C(c1ccccc1)N1CCCC1,4,False,True
Mol2504,C[C@]1(O)CN(C(=O)Cn2cnc3ccccc3c2=O)CC[C@@H]1Oc1ccccc1,O=C(Cn1cnc2ccccc2c1=O)N1CCC(Oc2ccccc2)CC1,2,True,True
Mol2505,CCN(C)S(=O)(=O)N(C)Cc1cnc2ccccc2c1,c1ccc2ncccc2c1,1,True,True
Mol2506,N#Cc1ccc2ncnc(N[C@H]3CC[C@H](N4CCOCC4)CC3)c2c1,c1ccc2c(N[C@H]3CC[C@H](N4CCOCC4)CC3)ncnc2c1,3,True,True
Mol2507,c1ccc(Nc2nc(N3CCOCC3)nc(N3CCOCC3)n2)cc1,c1ccc(Nc2nc(N3CCOCC3)nc(N3CCOCC3)n2)cc1,3,True,True
Mol2508,CO[C@@H]1CC[C@@H](N(C)C(=O)COc2c(C)cccc2C)[C@H]1O,O=C(COc1ccccc1)NC1CCCC1,0,True,True
Mol2509,CN(CC1CCC1)C(=O)C1CCN(c2ccc3nncn3n2)CC1,O=C(NCC1CCC1)C1CCN(c2ccc3nncn3n2)CC1,0,True,True
Mol2510,Cc1ccc(C#N)c(NCc2ccccc2-n2ccnc2)n1,c1ccc(NCc2ccccc2-n2ccnc2)nc1,0,True,True
Mol2511,Cc1noc(COc2cccnc2C)n1,c1cncc(OCc2ncno2)c1,0,False,True
Mol2512,Cc1cc(C(=O)NCC2CCN(c3ccc4ccccc4n3)CC2)cnc1C,O=C(NCC1CCN(c2ccc3ccccc3n2)CC1)c1cccnc1,1,True,True
Mol2513,CC(C)Cc1ccccc1CNCc1ccc2[nH]cnc2c1,c1ccc(CNCc2ccc3[nH]cnc3c2)cc1,4,True,True
Mol2514,Cc1cc(-c2nncc3c(C(C)(C)C)c(OCc4ncnn4C)nn23)no1,c1n[nH]c(COc2cc3cnnc(-c4ccon4)n3n2)n1,0,False,True
Mol2515,CC(=O)N1CC[C@H]2O[C@H]3c4ccc(O[C@@H]5O[C@H](CO)[C@@H](O[C@@H]6O[C@H](CO)[C@H](O)[C@H](O)[C@H]6O)[C@H](O)[C@H]5O)cc4OC(C)(C)[C@@H]3C[C@H]2C1,c1cc2c(cc1O[C@H]1CC[C@H](O[C@H]3CCCCO3)CO1)OC[C@@H]1C[C@H]3CNCC[C@H]3O[C@@H]21,4,False,True
Mol2516,OCc1nnc(SCCSC2CCCCC2)n1C1CC1,c1nnc(SCCSC2CCCCC2)n1C1CC1,2,True,True
Mol2517,CC(C)CCNC(=O)CSc1nc2ccccc2[nH]1,c1ccc2[nH]cnc2c1,4,True,True
Mol2518,O=C(CSc1ccccn1)N1CCSc2ccccc21,O=C(CSc1ccccn1)N1CCSc2ccccc21,3,True,True
Mol2519,COc1ccccc1C(=O)CSc1nncn1C1CC1,O=C(CSc1nncn1C1CC1)c1ccccc1,3,True,True
Mol2520,OCCC1(CNc2ncc(Br)cn2)CC1,c1cnc(NCC2CC2)nc1,0,True,True
Mol2521,CC(C)Cc1cc(CN2CCN(S(=O)(=O)N3CCOCC3)CC2)n[nH]1,O=S(=O)(N1CCOCC1)N1CCN(Cc2cc[nH]n2)CC1,1,True,True
Mol2522,CSc1cnc(N2CCCN(c3ncc(SC)cn3)CC2)nc1,c1cnc(N2CCCN(c3ncccn3)CC2)nc1,1,True,True
Mol2523,COc1cc(OC)cc(N2CCC(NCC3(C)CCOCC3)CC2)c1,c1ccc(N2CCC(NCC3CCOCC3)CC2)cc1,3,False,True
Mol2524,CN(C(=O)CSC(C)(C)C)c1ccccc1C#N,c1ccccc1,2,True,True
Mol2525,CC(C)Oc1ccc(C2(C(=O)NC3CCS(=O)(=O)CC3)CCCC2)cc1,O=C(NC1CCS(=O)(=O)CC1)C1(c2ccccc2)CCCC1,2,True,True
Mol2526,C[C@@H]1CC(=O)Nc2cccc(-c3ccc4c(c3)c(-c3cnn(C)c3)nn4C)c2N1,O=C1CCNc2c(cccc2-c2ccc3[nH]nc(-c4cn[nH]c4)c3c2)N1,3,True,True
Mol2527,COc1ccc(CN[C@@H]2CCC[C@H]2Cc2cc(C)no2)cc1OC,c1ccc(CN[C@@H]2CCC[C@H]2Cc2ccno2)cc1,3,True,True
Mol2528,Cc1cc(C)c2ccc(C(=O)N3CCN(c4ncc[nH]c4=O)CC3)cc2n1,O=C(c1ccc2cccnc2c1)N1CCN(c2ncc[nH]c2=O)CC1,1,False,True
Mol2529,Cn1ccnc1-c1noc(NCc2ccccc2)n1,c1ccc(CNc2nc(-c3ncc[nH]3)no2)cc1,2,True,True
Mol2530,CONC(=O)c1c(C)nn(C)c1Cl,c1cn[nH]c1,2,False,True
Mol2531,O=c1c2cccnc2ncn1[C@H]1CCCc2ccccc21,O=c1c2cccnc2ncn1[C@H]1CCCc2ccccc21,3,False,True
Mol2532,CC(C)c1noc(CNC(=O)N2C[C@H]3C[C@@H](C2)c2cccc(=O)n2C3)n1,O=C(NCc1ncno1)N1C[C@H]2C[C@@H](C1)c1cccc(=O)n1C2,3,True,True
Mol2533,N#CCN1CCC(CNC(=O)c2c(F)ccc(F)c2F)CC1,O=C(NCC1CCNCC1)c1ccccc1,2,True,True
Mol2534,NS(=O)(=O)N1CCN(Cc2c(F)cccc2N2CCCC2)CC1,c1ccc(N2CCCC2)c(CN2CCNCC2)c1,2,True,True
Mol2535,CN(CCOc1ccccc1)CC(=O)NCCc1ccccc1,O=C(CNCCOc1ccccc1)NCCc1ccccc1,1,True,True
Mol2536,CSc1nccc(N2Cc3cnn(Cc4ccc(F)cc4)c3C2)n1,c1ccc(Cn2ncc3c2CN(c2ccncn2)C3)cc1,2,True,True
Mol2537,COCc1ccccc1COC(=O)c1ccc(C)nc1,O=C(OCc1ccccc1)c1cccnc1,2,True,True
Mol2538,Cc1ccnc(N2CC(O)(c3ccc(F)cc3)C2)c1C#N,c1ccc(C2CN(c3ccccn3)C2)cc1,3,True,True
Mol2539,CCOC(=O)c1ccc(-n2cc(Cc3cnc(OCC)nc3)c(=O)nc2SCc2ccc(F)cc2)cc1,O=c1nc(SCc2ccccc2)n(-c2ccccc2)cc1Cc1cncnc1,2,True,True
Mol2540,CC(C)(C)OC(=O)NCCCC(=O)N[C@H]1C[C@@H](n2cnc3c(NCc4ccccc4)ncnc32)[C@@H](O)[C@H]1O,c1ccc(CNc2ncnc3c2ncn3C2CCCC2)cc1,4,True,True
Mol2541,OCC1CN(c2nc3cc(F)ccc3o2)C1,c1ccc2oc(N3CCC3)nc2c1,2,False,True
Mol2542,Cn1ncnc1COc1nn2c(-c3cc(F)ccc3F)nnc2cc1C(C)(C)C,c1ccc(-c2nnc3ccc(OCc4ncn[nH]4)nn23)cc1,4,False,True
Mol2543,COc1nccnc1N1CCC(C(=O)Nc2cccc(F)c2)CC1,O=C(Nc1ccccc1)C1CCN(c2cnccn2)CC1,4,True,True
Mol2544,COc1ccccc1CNc1cn[nH]c(=O)c1Cl,O=c1cc(NCc2ccccc2)cn[nH]1,0,False,True
Mol2545,CC(C)NC(=O)C1(Cc2ccccc2-c2ccncc2)CCOCC1,c1ccc(-c2ccncc2)c(CC2CCOCC2)c1,3,True,True
Mol2546,NCCOc1cccc(CC(=O)N2CCC(F)(F)CC2)c1,O=C(Cc1ccccc1)N1CCCCC1,4,False,True
Mol2547,CN(C)C1(CNC(=O)N2CCC=C(c3ccccc3)C2)CCOCC1,O=C(NCC1CCOCC1)N1CCC=C(c2ccccc2)C1,0,True,True
Mol2548,CCOC1CCN(c2ccnc(C(=O)NCc3ccccc3)c2)CC1,O=C(NCc1ccccc1)c1cc(N2CCCCC2)ccn1,1,True,True
Mol2549,CCCNC(=O)C1(NCc2cncnc2)CCCCC1,c1ncc(CNC2CCCCC2)cn1,1,True,True
Mol2550,COc1ccc(-c2ccc(Cn3nc(C)cc3C)cn2)cc1,c1ccc(-c2ccc(Cn3cccn3)cn2)cc1,3,True,True
Mol2551,Fc1ccc(CCNc2ncnc3ncccc23)cc1,c1ccc(CCNc2ncnc3ncccc23)cc1,3,True,True
Mol2552,CN(CC(=O)Nc1cccc(S(=O)(=O)N2CCCC2)c1)C1CCCCC1,O=C(CNC1CCCCC1)Nc1cccc(S(=O)(=O)N2CCCC2)c1,1,True,True
Mol2553,CCCCOc1nc(N)c2c(n1)N(Cc1cccc(CN3CCCC3)c1)CC(=O)N2,O=C1CN(Cc2cccc(CN3CCCC3)c2)c2ncncc2N1,1,True,True
Mol2554,NC(=O)c1cccc(Cn2cnc3c(oc4ccccc43)c2=O)c1,O=c1c2oc3ccccc3c2ncn1Cc1ccccc1,4,False,True
Mol2555,Cn1c(=O)n(Cc2cccnc2)c(=O)c2ccc(C(F)(F)F)nc21,O=c1[nH]c2ncccc2c(=O)n1Cc1cccnc1,1,False,True
Mol2556,COCCN(C)c1ccc(CN2CCc3nn(C)c(=O)cc3C2)cn1,O=c1cc2c(n[nH]1)CCN(Cc1cccnc1)C2,2,False,True
Mol2557,Cc1ccc(Cl)c(OC[C@@]2(O)CN(C3CCCC3)CC[C@@H]2O)c1,c1ccc(OCC2CCCN(C3CCCC3)C2)cc1,2,True,True
Mol2558,CN(Cc1nc2c(s1)CCCC2)c1cnccn1,c1cnc(NCc2nc3c(s2)CCCC3)cn1,1,True,True
Mol2559,Cc1cc(CN2CC(O)(CC#N)C2)ccc1F,c1ccc(CN2CCC2)cc1,1,True,True
Mol2560,Cc1cc(C(=O)NC(C)(C)C#N)nn1-c1ccc(F)cc1,c1ccc(-n2cccn2)cc1,0,False,True
Mol2561,COc1cccc(C(=O)NCC(=O)Nc2cccc3c2CCCC3)c1,O=C(CNC(=O)c1ccccc1)Nc1cccc2c1CCCC2,2,True,True
Mol2562,Clc1cccc(Cl)c1Cc1n[nH]c(CCCn2cccn2)n1,c1ccc(Cc2n[nH]c(CCCn3cccn3)n2)cc1,2,True,True
Mol2563,CN1C(=O)[C@H]2CN(CC3=CC[C@H]4C[C@@H]3C4(C)C)C[C@H]2C1=O,O=C1NC(=O)[C@@H]2CN(CC3=CC[C@H]4C[C@@H]3C4)C[C@H]12,4,True,True
Mol2564,O=S(=O)(NC[C@H]1CCCN1)c1ccc(OC(F)F)cc1,O=S(=O)(NC[C@H]1CCCN1)c1ccccc1,4,False,True
Mol2565,C=CC[C@]1(O)CC[C@H]2[C@@H]3CCC4=CC(=O)CCC4=C3C=C[C@@]21C,O=C1C=C2CC[C@@H]3C(=C2CC1)C=CC1CCC[C@H]13,1,True,True
Mol2566,CCN1CCN(c2ccc(Nc3ncnc4sccc34)cc2)CC1,c1nc(Nc2ccc(N3CCNCC3)cc2)c2ccsc2n1,3,False,True
Mol2567,Cc1cc(CN2CCC(N(C)c3ncc(Cl)cn3)CC2)on1,c1cnc(NC2CCN(Cc3ccno3)CC2)nc1,1,True,True
Mol2568,Cc1nc(-c2ccccc2)c(C(=O)Nc2ccc(Cl)c(Cl)c2)s1,O=C(Nc1ccccc1)c1scnc1-c1ccccc1,2,True,True
Mol2569,Cc1[nH]nc(CCC(=O)NCCCOC2CCCC2)c1C,O=C(CCc1cc[nH]n1)NCCCOC1CCCC1,4,True,True
Mol2570,c1ccc2nc(N3CCCC4(CCNCC4)CC3)cnc2c1,c1ccc2nc(N3CCCC4(CCNCC4)CC3)cnc2c1,3,False,True
Mol2571,Cc1ccccc1C(=O)N1CCC(O)(Cn2ccnc2C)CC1,O=C(c1ccccc1)N1CCC(Cn2ccnc2)CC1,2,True,True
Mol2572,CC1(C)[C@@H]2C[C@H]1[C@@]1(O)[C@@H](C2)Oc2c(ccc(O)c2C(=O)NCCNS(C)(=O)=O)[C@@H]1O,c1ccc2c(c1)CC1[C@H]3C[C@@H](C[C@H]1O2)C3,0,True,True
Mol2573,CCN1CCN(S(=O)(=O)c2c[nH]c(C(C)C)n2)c2ccccc21,O=S(=O)(c1c[nH]cn1)N1CCNc2ccccc21,1,True,True
Mol2574,CN1CCC[C@H]1C(=O)N[C@@H](CO)Cc1ccccc1,O=C(NCCc1ccccc1)[C@@H]1CCCN1,3,True,True
Mol2575,Cn1ncnc1NCc1cc(F)cc(F)c1,c1ccc(CNc2ncn[nH]2)cc1,0,False,True
Mol2576,O=C(NCC1(N2CCCCC2)CCCC1)c1cnn[nH]1,O=C(NCC1(N2CCCCC2)CCCC1)c1cnn[nH]1,0,False,True
Mol2577,CNC(=O)Cc1cccc(OCCN2CCCCC2)c1,c1ccc(OCCN2CCCCC2)cc1,0,False,True
Mol2578,CC(=O)NC[C@H]1C[C@]2(C)[C@@H](CCCC[C@]2(C)O)N1CC1(O)CCCC1,C1CCC2CCN(CC3CCCC3)[C@@H]2CC1,4,False,True
Mol2579,O=C(CSCCc1ccncc1)Nc1ccccc1,O=C(CSCCc1ccncc1)Nc1ccccc1,3,True,True
Mol2580,C[C@H]1NC(=O)N(CCc2nc(C(F)(F)F)cs2)C1=O,O=C1CNC(=O)N1CCc1nccs1,3,True,True
Mol2581,O=C(Cc1cn2ccccc2n1)N1CCC(n2c(=O)[nH]c3ccccc32)CC1,O=C(Cc1cn2ccccc2n1)N1CCC(n2c(=O)[nH]c3ccccc32)CC1,0,True,True
Mol2582,Cc1nc(O)c(Cl)c(N(C)CC2CCN(C)CC2)n1,c1cc(NCC2CCNCC2)ncn1,4,False,True
Mol2583,OC1(c2cccnc2F)CCN(Cc2ccc(-c3ccc(F)cc3)o2)CC1,c1ccc(-c2ccc(CN3CCC(c4cccnc4)CC3)o2)cc1,2,True,True
Mol2584,CCN(CC(N)=O)CC(=O)N1c2ccccc2CCc2ccccc21,c1ccc2c(c1)CCc1ccccc1N2,0,True,True
Mol2585,CS(=O)(=O)NCc1cc2n(n1)CCN(C1Cc3ccccc3C1)C2,c1ccc2c(c1)CC(N1CCn3nccc3C1)C2,4,False,True
Mol2586,Cc1cc(N(CCO)CCCO)ncc1Br,c1ccncc1,0,True,True
Mol2587,Cc1ccc(-c2cnn3c(O)cc(Cn4cccn4)nc23)cc1,c1ccc(-c2cnn3ccc(Cn4cccn4)nc23)cc1,1,True,True
Mol2588,Cn1cc(C(C)(C)NC(=O)C#Cc2ccc3c(c2)OCO3)cn1,O=C(C#Cc1ccc2c(c1)OCO2)NCc1cn[nH]c1,0,False,True
Mol2589,O=C1CN(C(=O)c2ccc(Cl)cn2)CCN1CCc1ccccc1,O=C1CN(C(=O)c2ccccn2)CCN1CCc1ccccc1,1,True,True
Mol2590,Cc1ccc(F)c(-c2noc(N)c2C)c1,c1ccc(-c2ccon2)cc1,4,True,True
Mol2591,Cc1c[nH]c(CNCc2ccccc2CC(C)C)n1,c1ccc(CNCc2ncc[nH]2)cc1,1,True,True
Mol2592,COc1cccc([C@@H](C)n2cnc3cn(C)nc3c2=O)c1,O=c1c2n[nH]cc2ncn1Cc1ccccc1,2,False,True
Mol2593,COc1ccc(C)nc1-c1ccc(OC)c(OC)c1OC,c1ccc(-c2ccccn2)cc1,0,False,True
Mol2594,CNc1ccc(/C=C/c2ccc(OCCOCCOCCF)nc2)cc1,C(=C/c1cccnc1)\c1ccccc1,3,True,True
Mol2595,c1cc(-c2noc(CN3CCOCC3)n2)ccn1,c1cc(-c2noc(CN3CCOCC3)n2)ccn1,2,False,True
Mol2596,Cc1ccc2[nH]c(CNC(=O)c3ncoc3C)nc2c1C,O=C(NCc1nc2ccccc2[nH]1)c1cocn1,1,True,True
Mol2597,COc1ccc(Cl)cc1-c1cccc(C(=O)NCCN2CCCC2=O)c1,O=C(NCCN1CCCC1=O)c1cccc(-c2ccccc2)c1,3,True,True
Mol2598,COc1ccc(C(=O)c2ccc(C)cc2)c(OC)c1,O=C(c1ccccc1)c1ccccc1,4,True,True
Mol2599,COc1ccc(C(=O)c2ccc(Cl)cc2)c(OC)c1,O=C(c1ccccc1)c1ccccc1,4,True,True
Mol2600,Cc1cccc(N2CCN(CCCCNC(=O)c3c(F)cccc3F)CC2)c1,O=C(NCCCCN1CCN(c2ccccc2)CC1)c1ccccc1,3,True,True
Mol2601,Cn1nc(N)c2ccc(Br)cc21,c1ccc2[nH]ncc2c1,4,True,True
Mol2602,COC(=O)C1=NOC2(CCN(CCC(C)(C)C)CC2)C1,C1=NOC2(C1)CCNCC2,3,True,True
Mol2603,COc1cc(CN2CCCNCC2)cc2c1OCO2,c1cc2c(cc1CN1CCCNCC1)OCO2,4,True,True
Mol2604,c1ccc(CC2=NCCN2)cc1,c1ccc(CC2=NCCN2)cc1,3,False,True
Mol2605,Cc1cc(F)ccc1-c1nc(CCn2c(C)nc3ccccc32)no1,c1ccc(-c2nc(CCn3cnc4ccccc43)no2)cc1,2,True,True
Mol2606,Cc1ccc2oc(C(=O)N3CC[C@H](O)[C@@H](N4CCOCC4)CC3)cc2c1,O=C(c1cc2ccccc2o1)N1CCC[C@@H](N2CCOCC2)CC1,1,True,True
Mol2607,c1cnc(NCc2cnc3ccsc3c2)nc1,c1cnc(NCc2cnc3ccsc3c2)nc1,4,True,True
Mol2608,Cc1nn(C)c2ncc(CNc3ccon3)cc12,c1cc(NCc2cnc3[nH]ncc3c2)no1,4,False,True
Mol2609,CCOc1ccc(CN[C@@H]2CCC[C@H]2Cc2cc(C)no2)cc1OC,c1ccc(CN[C@@H]2CCC[C@H]2Cc2ccno2)cc1,3,True,True
Mol2610,CC(C)C(=O)N1CCn2nc(CNC3CCc4ccccc4CC3)cc2C1,c1ccc2c(c1)CCC(NCc1cc3n(n1)CCNC3)CC2,3,False,True
Mol2611,CCCn1cnnc1CN(C)Cc1cc(C(C)C)on1,c1nnc(CNCc2ccon2)[nH]1,3,False,True
Mol2612,CC1(CNC(=O)N2CCN(Cc3ccon3)CC2)CCCC1,O=C(NCC1CCCC1)N1CCN(Cc2ccon2)CC1,4,True,True
Mol2613,CCCS(=O)(=O)c1nc(NC2CC2)cc(-c2ccc3c(ccn3C3CC(C)(C)NC(C)(C)C3)c2)n1,c1nc(NC2CC2)cc(-c2ccc3c(ccn3C3CCNCC3)c2)n1,1,True,True
Mol2614,Cc1cc(C)c2c(C(=O)N3CC4(CNC(=O)N4)C3)cc(C)nc2c1,O=C1NCC2(CN(C(=O)c3ccnc4ccccc34)C2)N1,3,False,True
Mol2615,CN(C)S(=O)(=O)CCCN1CCc2ccccc2CC1,c1ccc2c(c1)CCNCC2,3,True,True
Mol2616,COc1cc2c(cc1OC)[C@@H]1Cc3ccc(OC)c(OC)c3CN1CC2,c1ccc2c(c1)C[C@H]1c3ccccc3CCN1C2,3,True,True
Mol2617,CN(C)c1ccnc2sc3c(=O)n(N4CCCCCC4)cnc3c12,O=c1c2sc3ncccc3c2ncn1N1CCCCCC1,0,True,True
Mol2618,CNCc1cc(N(C)C)nc(C2CCCN2C(=O)CCc2c[nH]c3ccccc23)n1,O=C(CCc1c[nH]c2ccccc12)N1CCCC1c1ncccn1,2,True,True
Mol2619,CCn1c(C(=O)N(C2CC2)C2CC2)cc2c3c(ncn3C)c(Nc3cc(C)n(C)n3)nc21,O=C(c1cc2c(nc(Nc3cc[nH]n3)c3nc[nH]c32)[nH]1)N(C1CC1)C1CC1,1,True,True
Mol2620,Cc1nc(-c2ccc(S(=O)(=O)N(C)C)cc2)cc(C(C)C)n1,c1ccc(-c2ccncn2)cc1,3,True,True
Mol2621,Cc1cc(C)n2nc(C)c(C(=O)NCCc3nnc(C)s3)c2n1,O=C(NCCc1nncs1)c1cnn2cccnc12,0,False,True
Mol2622,CN(C)S(=O)(=O)CCCN1CCC(CCC(N)=O)CC1,C1CCNCC1,2,False,True
Mol2623,Cc1cccc(C)c1CNC1(CCO)CCOCC1,c1ccc(CNC2CCOCC2)cc1,1,False,True
Mol2624,CCOc1cccc(-c2cccc(N)n2)c1,c1ccc(-c2ccccn2)cc1,0,True,True
Mol2625,CN(Cc1ccc(C(=O)O)cc1)C(=O)c1ccnn1C,O=C(NCc1ccccc1)c1ccn[nH]1,0,False,True
Mol2626,CCN(CC)CC(=O)Nc1ccc(Oc2ccc(C)nn2)cc1,c1ccc(Oc2cccnn2)cc1,3,False,True
Mol2627,CC(C)c1nnc(NCc2cc(F)cc(F)c2)o1,c1ccc(CNc2nnco2)cc1,2,False,True
Mol2628,Cc1cc(C)c2[nH]c(C(=O)N3CC[C@@](O)(CC(C)C)[C@@H](Oc4ccc(F)cc4)C3)c(C)c2c1,O=C(c1cc2ccccc2[nH]1)N1CCC[C@@H](Oc2ccccc2)C1,4,True,True
Mol2629,CSc1ccccc1S(=O)(=O)NC1CCC(CN(C)C)CC1,O=S(=O)(NC1CCCCC1)c1ccccc1,0,False,True
Mol2630,Cc1cccc(N(C)Cc2cnc(N(C)C)nc2)n1,c1ccc(NCc2cncnc2)nc1,4,True,True
Mol2631,CCc1sc(N)nc1-c1ccc(OC)cc1,c1ccc(-c2cscn2)cc1,1,True,True
Mol2632,O=c1c2sccc2nc2n1CCN(Cc1cc(F)ccc1F)CC2,O=c1c2sccc2nc2n1CCN(Cc1ccccc1)CC2,0,True,True
Mol2633,COc1ccc(OC)c(S(=O)(=O)NCCC(=O)Nc2ccccc2C)c1,O=C(CCNS(=O)(=O)c1ccccc1)Nc1ccccc1,0,True,True
Mol2634,CCOCCC(=O)N1CCC2(CCCN(C)CC2)CC1,C1CNCCC2(C1)CCNCC2,0,False,True
Mol2635,Cc1n[nH]c(C2CCN(C(=O)NC3CCN(c4ccc(F)cc4)CC3)CC2)n1,O=C(NC1CCN(c2ccccc2)CC1)N1CCC(c2ncn[nH]2)CC1,1,False,True
Mol2636,COCCc1noc(CN(C)C(=O)c2ccc3c(c2)CCC3)n1,O=C(NCc1ncno1)c1ccc2c(c1)CCC2,0,True,True
Mol2637,OCCN1CCN(c2ccnc3ccc(Br)cc23)CC1,c1ccc2c(N3CCNCC3)ccnc2c1,4,True,True
Mol2638,Cc1cccc(C)c1OCCn1nnnc1C,c1ccc(OCCn2cnnn2)cc1,4,False,True
Mol2639,O=c1c(CO)cc2cc3c(cc2n1Cc1ccccn1)CCC3,O=c1ccc2cc3c(cc2n1Cc1ccccn1)CCC3,2,True,True
Mol2640,COc1cccc(Oc2ccc(NC(=O)CN3CCCCC3=O)cn2)c1,O=C(CN1CCCCC1=O)Nc1ccc(Oc2ccccc2)nc1,3,False,True
Mol2641,N[C@@H]1CCCN(c2c(/C=C3\SC(=O)NC3=O)cccc2-c2ccccc2)C1,O=C1NC(=O)/C(=C/c2cccc(-c3ccccc3)c2N2CCCCC2)S1,4,True,True
Mol2642,CNc1nc(Nc2cnn([C@H]3CCN(C4COC4)C[C@@H]3F)c2Cl)ncc1C(F)(F)F,c1cnc(Nc2cnn(C3CCN(C4COC4)CC3)c2)nc1,1,True,True
Mol2643,Cc1cc(=O)oc2cc(NC(=O)[C@H](CCCCN)NC(=O)[C@H](CC3CCCCC3)NC(=O)OCC3c4ccccc4-c4ccccc43)ccc12,O=C(CNC(=O)[C@H](CC1CCCCC1)NC(=O)OCC1c2ccccc2-c2ccccc21)Nc1ccc2ccc(=O)oc2c1,1,False,True
Mol2644,C[C@H](NC(=O)CCC(F)(F)F)C(=O)N[C@@H]1C(=O)N(CCO)c2ncccc2-c2ccccc21,O=C1Cc2ccccc2-c2cccnc2N1,2,False,True
Mol2645,CNc1nc(C)nc(N[C@H]2CCC[C@@H](C(=O)NCc3ccc(C#N)cc3C(F)(F)F)C2)n1,O=C(NCc1ccccc1)[C@@H]1CCC[C@H](Nc2ncncn2)C1,3,True,True
Mol2646,O=C([C@@H]1CCCN1C(=O)NC(c1ccccc1)c1ccccc1)N1CCCCC1,O=C([C@@H]1CCCN1C(=O)NC(c1ccccc1)c1ccccc1)N1CCCCC1,4,True,True
Mol2647,O=c1c2oc3ccccc3c2ncn1Cc1ccc(F)c(F)c1,O=c1c2oc3ccccc3c2ncn1Cc1ccccc1,4,True,True
Mol2648,COc1cccc(Cc2nc3sc4c(c3c(=O)[nH]2)CCSC4)c1,O=c1[nH]c(Cc2ccccc2)nc2sc3c(c12)CCSC3,2,True,True
Mol2649,COc1cc2c(cc1OC)[C@@H]1CC(=O)[C@@H](CC(C)C)CN1CC2,O=C1CCN2CCc3ccccc3[C@@H]2C1,1,True,True
Mol2650,Cc1cc(NCC2(c3ccncc3)CC2)ncn1,c1cc(C2(CNc3ccncn3)CC2)ccn1,1,False,True
Mol2651,CC(C)c1ccc(CN2CCN(C(=O)C3CCN(C(=O)C4CC4)CC3)CC2)cc1,O=C(C1CC1)N1CCC(C(=O)N2CCN(Cc3ccccc3)CC2)CC1,0,True,True
Mol2652,c1ccc2nc(NCCn3ccnc3)cnc2c1,c1ccc2nc(NCCn3ccnc3)cnc2c1,2,True,True
Mol2653,Cc1nnc(COc2cccc(-n3ccnc3)c2)n1C1CC1,c1cc(OCc2nncn2C2CC2)cc(-n2ccnc2)c1,2,False,True
Mol2654,N#Cc1cnc2cc(F)cc(F)c2c1NC1CCN(CC(N)=O)CC1,c1ccc2c(NC3CCNCC3)ccnc2c1,0,False,True
Mol2655,C#Cc1cccc(N(CC(=O)NC(N)=O)Cc2cccs2)c1,c1ccc(NCc2cccs2)cc1,0,True,True
Mol2656,Cn1cnnc1-c1cccc(NS(=O)(=O)c2cc3c(cc2Cl)OCCO3)c1,O=S(=O)(Nc1cccc(-c2nnc[nH]2)c1)c1ccc2c(c1)OCCO2,2,True,True
Mol2657,Cc1cc(Nc2nnc(C)s2)cc(C2CN(C(=O)Cc3csc(C)n3)CCO2)n1,O=C(Cc1cscn1)N1CCOC(c2cc(Nc3nncs3)ccn2)C1,3,True,True
Mol2658,CC(=O)N[C@H]1CCN(C(=O)N[C@H](C)C(c2ccccc2)c2ccccc2)C1,O=C(NCC(c1ccccc1)c1ccccc1)N1CCCC1,1,True,True
Mol2659,CC(C)CCN1CCC(CNC(=O)C2CC=CC2)CC1,O=C(NCC1CCNCC1)C1CC=CC1,3,True,True
Mol2660,Cc1cccc(NC(=O)CN(C)Cc2nc3ccc(Cl)cc3c(=O)[nH]2)c1C,O=C(CNCc1nc2ccccc2c(=O)[nH]1)Nc1ccccc1,4,True,True
Mol2661,Cc1cccc2cc(C(=O)NCCCn3nnc4ccccc43)n(C)c12,O=C(NCCCn1nnc2ccccc21)c1cc2ccccc2[nH]1,2,True,True
Mol2662,C[C@H]1Oc2cc(cnc2N)-c2c(nn(C)c2C#N)CN(C)C(=O)c2ccc(F)cc21,O=C1NCc2n[nH]cc2-c2cncc(c2)OCc2ccccc21,3,False,True
Mol2663,COc1ccnc(N2CC(O)(C3CC3)C2)n1,c1cnc(N2CC(C3CC3)C2)nc1,1,False,True
Mol2664,Cn1cnnc1-c1cccc(NS(=O)(=O)c2ccc3c(c2)OCCCO3)c1,O=S(=O)(Nc1cccc(-c2nnc[nH]2)c1)c1ccc2c(c1)OCCCO2,2,True,True
Mol2665,O=c1c2cccnc2ncn1Cc1ccc2c(c1)CCCC2,O=c1c2cccnc2ncn1Cc1ccc2c(c1)CCCC2,4,True,True
Mol2666,O=C(NC1CCCCC1)C1=CCN(C(=O)C2CC2)C1,O=C(NC1CCCCC1)C1=CCN(C(=O)C2CC2)C1,0,False,True
Mol2667,CCN(CCO)Cc1nc2cc(OC)c(OC)cc2c(=O)[nH]1,O=c1[nH]cnc2ccccc12,3,False,True
Mol2668,Cc1cncc(CN2CCC(=C3c4ccc(Cl)cc4CCc4cccnc43)CC2)c1,c1cncc(CN2CCC(=C3c4ccccc4CCc4cccnc43)CC2)c1,0,True,True
Mol2669,CCCc1ncncc1C(=O)NCc1noc(C2CC2)n1,O=C(NCc1noc(C2CC2)n1)c1cncnc1,4,False,True
Mol2670,Cc1nccc(N(C)Cc2nc(-c3cccnc3)no2)n1,c1cncc(-c2noc(CNc3ccncn3)n2)c1,1,True,True
Mol2671,COc1cc(C#N)ccc1Cn1ccnc1C(C)C,c1ccc(Cn2ccnc2)cc1,3,True,True
Mol2672,CC(C)CCN1CCc2nc3cc(C4CC4)nn3c(O)c2C1,c1c(C2CC2)nn2cc3c(nc12)CCNC3,0,True,True
Mol2673,Cc1c(C(=O)Nc2ccc(N3CCC(N4CCOCC4)CC3)c(C#N)c2)cnn1-c1ccc(Cl)cc1,O=C(Nc1ccc(N2CCC(N3CCOCC3)CC2)cc1)c1cnn(-c2ccccc2)c1,1,True,True
Mol2674,CCCc1nnc(N2CCC3(CCCC3)C2)s1,c1nnc(N2CCC3(CCCC3)C2)s1,1,True,True
Mol2675,COC(=O)c1cccc2c1CCCN2C(=O)c1ccccc1,O=C(c1ccccc1)N1CCCc2ccccc21,3,True,True
Mol2676,N#Cc1ccc(CNc2cnc3ccccc3c2)o1,c1coc(CNc2cnc3ccccc3c2)c1,3,True,True
Mol2677,c1ccn2cc(CSc3ccc(-n4cccn4)nn3)nc2c1,c1ccn2cc(CSc3ccc(-n4cccn4)nn3)nc2c1,0,True,True
Mol2678,COc1cc(CCNC2CCC3(CC2)OCCO3)ccc1F,c1ccc(CCNC2CCC3(CC2)OCCO3)cc1,0,True,True
Mol2679,COc1ccc(OCc2n[nH]c(-c3ncoc3C(C)C)n2)cc1,c1ccc(OCc2n[nH]c(-c3cocn3)n2)cc1,2,True,True
Mol2680,Cc1ccc(Cl)c(OC[C@@]2(O)CN(C3CCC3)CC[C@@H]2O)c1,c1ccc(OCC2CCCN(C3CCC3)C2)cc1,4,True,True
Mol2681,CCc1[nH]nc(NC2CCN(C(C)C)CC2)c1C,c1cc(NC2CCNCC2)n[nH]1,3,False,True
Mol2682,CCCOc1c2c(nc3cc(C4CCOCC4)nn13)CCC2,c1c(C2CCOCC2)nn2cc3c(nc12)CCC3,4,False,True
Mol2683,O=c1c2ccccc2nc2n1CCN(Cc1ccc(F)cc1)CC2,O=c1c2ccccc2nc2n1CCN(Cc1ccccc1)CC2,1,True,True
Mol2684,O=S(=O)(NCc1n[nH]c2c1CCCCC2)c1ccc(OC(F)F)cc1,O=S(=O)(NCc1n[nH]c2c1CCCCC2)c1ccccc1,3,True,True
Mol2685,CN1CCN(c2oc(-c3cccc4ccccc34)nc2C#N)CC1,c1ccc2c(-c3ncc(N4CCNCC4)o3)cccc2c1,2,True,True
Mol2686,Cc1nnc(CN(C)Cc2cnn(C)c2C)s1,c1nnc(CNCc2cn[nH]c2)s1,0,False,True
Mol2687,COc1ccc(CN2CC(c3ccncc3)C2)cc1Cn1cccn1,c1cc(CN2CC(c3ccncc3)C2)cc(Cn2cccn2)c1,1,True,True
Mol2689,CC(C)C[C@H](CO)Nc1nc(S[C@@H](C)c2ccccc2)nc2nc(N)sc12,c1ccc(CSc2ncc3scnc3n2)cc1,1,True,True
Mol2690,Cc1ccccc1CS(=O)(=O)c1ncc(Cl)c(C(=O)Nc2sc3c(c2C#N)CCCC3)n1,O=C(Nc1cc2c(s1)CCCC2)c1ccnc(S(=O)(=O)Cc2ccccc2)n1,0,True,True
Mol2691,COc1ccc(CNC(=O)CCSc2nc3c(=O)n(C)c(=O)n(C)c3n2C)cc1,O=C(CCSc1nc2c(=O)[nH]c(=O)[nH]c2[nH]1)NCc1ccccc1,2,True,True
Mol2692,CC(C)COc1ccc(C(C)(C)NCc2nnc(C3CCC3)o2)cc1,c1ccc(CNCc2nnc(C3CCC3)o2)cc1,3,True,True
Mol2693,c1csc(Cc2nc(-c3cnccn3)no2)c1,c1csc(Cc2nc(-c3cnccn3)no2)c1,2,True,True
Mol2694,CCCN(C(=O)c1ccc(COC)o1)c1nc2c(s1)CCc1c-2cnn1C,O=C(Nc1nc2c(s1)CCc1[nH]ncc1-2)c1ccco1,3,True,True
Mol2695,COCC(=O)N(CC1CCCO1)c1nc2c(s1)CCc1c-2cnn1C,c1n[nH]c2c1-c1nc(NCC3CCCO3)sc1CC2,3,True,True
Mol2696,CC(C)(C)c1nc(O)c2nnn(C3CCNCC3)c2n1,c1ncc2nnn(C3CCNCC3)c2n1,2,False,True
Mol2697,O=C(Nc1ncccc1OC(F)F)C1CCCCC1,O=C(Nc1ccccn1)C1CCCCC1,2,True,True
Mol2698,CCNc1cc2c(nn1)CCN(C(=O)Cn1ccc3ccccc31)C2,O=C(Cn1ccc2ccccc21)N1CCc2nnccc2C1,1,False,True
Mol2699,Cc1cc(N2CCC(C(=O)NC3CCCCC3)CC2)nc(-c2ccncc2)n1,O=C(NC1CCCCC1)C1CCN(c2ccnc(-c3ccncc3)n2)CC1,4,True,True
Mol2700,COc1ccnc(N2CCCN(Cc3ccccc3C)CC2)n1,c1ccc(CN2CCCN(c3ncccn3)CC2)cc1,0,True,True
Mol2701,COc1ccc(OC)c(C(=O)/C=C/c2ccccc2)c1,O=C(/C=C/c1ccccc1)c1ccccc1,4,True,True
Mol2702,CN1C(=O)N[C@H](Cc2c[nH]c3c(Cl)cccc23)C1=O,O=C1NC(=O)[C@@H](Cc2c[nH]c3ccccc23)N1,2,True,True
Mol2703,CC1(C)CC(=O)c2c(C(F)(F)F)nn(-c3ccc(C(N)=O)c(N[C@H]4CC[C@H](OC(=O)CN)CC4)c3)c2C1,O=C1CCCc2c1cnn2-c1cccc(NC2CCCCC2)c1,2,True,True
Mol2704,Cc1ccc(=O)n(CC2(O)CCN(Cc3ccc4ccccc4n3)CC2)n1,O=c1cccnn1CC1CCN(Cc2ccc3ccccc3n2)CC1,3,False,True
Mol2705,O=S(=O)(c1ccccc1)N(CC(F)(F)F)c1ccc(C(O)(C(F)(F)F)C(F)(F)F)cc1,O=S(=O)(Nc1ccccc1)c1ccccc1,2,True,True
Mol2706,c1ccc(-c2cn(C3CNC3)nn2)cc1,c1ccc(-c2cn(C3CNC3)nn2)cc1,4,False,True
Mol2707,COc1cc2nc(-c3ccc(N4CCN(C)CC4)cc3)nc(NCCN3CCOCC3)c2cc1OC,c1ccc2c(NCCN3CCOCC3)nc(-c3ccc(N4CCNCC4)cc3)nc2c1,4,True,True
Mol2708,N#Cc1nc(-c2ccccc2)oc1NCc1ccccc1,c1ccc(CNc2cnc(-c3ccccc3)o2)cc1,2,True,True
Mol2709,Cc1ccc(C)c(OCCC(=O)N2CCC(n3c(=O)[nH]c4ccccc43)CC2)c1,O=C(CCOc1ccccc1)N1CCC(n2c(=O)[nH]c3ccccc32)CC1,1,True,True
Mol2710,O=C(Nc1ccc(C(F)(F)F)cc1)c1ccccn1,O=C(Nc1ccccc1)c1ccccn1,2,True,True
Mol2711,O=C(CCCCCCC(=O)Nc1ccccc1)NO,c1ccccc1,2,False,True
Mol2712,Cc1ccc(S(=O)(=O)Nc2ccc3c(c2)CCCN3C(=O)c2cccs2)cc1C,O=C(c1cccs1)N1CCCc2cc(NS(=O)(=O)c3ccccc3)ccc21,1,True,True
Mol2713,Cc1cnccc1NC(=O)COc1ccccc1C#N,O=C(COc1ccccc1)Nc1ccncc1,4,True,True
Mol2714,CCOC(=O)N1CCc2cc(NC(=O)c3oc(C)cc3C)ccc21,O=C(Nc1ccc2c(c1)CCN2)c1ccco1,0,True,True
Mol2715,Nc1ccc2c(c1)ncn2-c1ccccc1,c1ccc(-n2cnc3ccccc32)cc1,1,True,True
Mol2716,Cc1cc2c(s1)c1cnn(Cc3ccccc3F)c(=O)c1n2C,O=c1c2[nH]c3ccsc3c2cnn1Cc1ccccc1,2,True,True
Mol2717,Cn1c(=O)oc2cc(NC(C3CC3)C3CC3)ccc21,O=c1[nH]c2ccc(NC(C3CC3)C3CC3)cc2o1,0,True,True
Mol2718,O=C(c1nccc2ccccc12)N1CCC(COc2ccccn2)CC1,O=C(c1nccc2ccccc12)N1CCC(COc2ccccn2)CC1,2,True,True
Mol2719,CO[C@H]1[C@H](C2(C)O[C@@H]2CC=C(C)C)[C@]2(CC[C@H]1OC(=O)/C=C/c1ccc(OCCN(C)C)cc1)CO2,O=C(/C=C/c1ccccc1)O[C@@H]1CC[C@]2(CO2)[C@@H](C2CO2)C1,1,True,True
Mol2720,NC1(c2nc(-c3ccsc3)no2)CCCCC1,c1cc(-c2noc(C3CCCCC3)n2)cs1,2,False,True
Mol2721,CCCc1cnc(C)nc1N(C)CCC(C)(C)O,c1cncnc1,2,True,True
Mol2722,CN(Cc1nc2ccccc2n1C)c1ccnc(-c2ccccc2)n1,c1ccc(-c2nccc(NCc3nc4ccccc4[nH]3)n2)cc1,1,True,True
Mol2723,Cc1nccc(-c2cccc(NCC(=O)NCc3ccccc3)c2)n1,O=C(CNc1cccc(-c2ccncn2)c1)NCc1ccccc1,3,True,True
Mol2724,CCOc1ccc2c(c1)cc(CN1CCSCC1)c1nn(C)c(=O)n12,O=c1[nH]nc2c(CN3CCSCC3)cc3ccccc3n12,0,True,True
Mol2725,O=C(c1ccc(NS(=O)(=O)c2cccc3cccnc23)cc1)N1CCN(CC2CC2)CC1,O=C(c1ccc(NS(=O)(=O)c2cccc3cccnc23)cc1)N1CCN(CC2CC2)CC1,3,True,True
Mol2726,Nc1ncccc1OCc1cccc(Cl)c1,c1ccc(COc2cccnc2)cc1,2,True,True
Mol2727,Cc1ccn(CCC(=O)N2CCc3nc4sccc4c(=O)n3CC2)n1,O=C(CCn1cccn1)N1CCc2nc3sccc3c(=O)n2CC1,1,True,True
Mol2728,N#CCc1ccc(OCc2ccncc2)cc1,c1ccc(OCc2ccncc2)cc1,2,True,True
Mol2729,CN1C(=O)c2ccc(C(=O)N3CCN(C4CCCCC4)CC3)cc2C1=O,O=C1NC(=O)c2cc(C(=O)N3CCN(C4CCCCC4)CC3)ccc21,2,True,True
Mol2730,COc1cc(Nc2c(C#N)cnc3cc(OC)c(OC)cc23)c(Cl)cc1Cl,c1ccc(Nc2ccnc3ccccc23)cc1,0,True,True
Mol2731,CCN(CC)Cc1cnc(NC(=O)c2ccccc2)s1,O=C(Nc1nccs1)c1ccccc1,4,False,True
Mol2732,Cc1cc(C(F)(F)F)nc(N(C)Cc2c(C)noc2C)n1,c1cnc(NCc2cnoc2)nc1,2,True,True
Mol2733,Cc1ccc(S(=O)(=O)Nc2ccccc2-c2nc3ccccc3[nH]2)cc1,O=S(=O)(Nc1ccccc1-c1nc2ccccc2[nH]1)c1ccccc1,2,True,True
Mol2734,COc1cc(C)nc(N2CCN(c3ccc4ccccc4n3)CC2)n1,c1cnc(N2CCN(c3ccc4ccccc4n3)CC2)nc1,2,True,True
Mol2735,Cc1cccc(C)c1OCC(=O)N(C)[C@@H]1CC[C@@H](N2CCOCC2)[C@@H]1O,O=C(COc1ccccc1)N[C@@H]1CC[C@@H](N2CCOCC2)C1,2,True,True
Mol2736,O=C(Nc1cccc2ncccc12)[C@H]1CCCN(S(=O)(=O)c2ccc(F)cc2)C1,O=C(Nc1cccc2ncccc12)[C@H]1CCCN(S(=O)(=O)c2ccccc2)C1,4,True,True
Mol2737,O=C(CN1CCCC1=O)N1CCc2nc3sccc3c(=O)n2CC1,O=C(CN1CCCC1=O)N1CCc2nc3sccc3c(=O)n2CC1,2,False,True
Mol2738,Cn1ccc(C(=O)NCCc2cc3nc(-c4ccncc4)ccn3n2)n1,O=C(NCCc1cc2nc(-c3ccncc3)ccn2n1)c1cc[nH]n1,4,True,True
Mol2739,Cc1ccnc(NC(=O)c2ccnc(C)n2)c1,O=C(Nc1ccccn1)c1ccncn1,2,True,True
Mol2740,CN1CCCN(C(=O)Nc2cccc(OCC(F)F)n2)CC1,O=C(Nc1ccccn1)N1CCCNCC1,0,False,True
Mol2741,CN(C(=O)[C@@H](N)Cc1ccccc1)c1ccccc1,O=C(CCc1ccccc1)Nc1ccccc1,0,False,True
Mol2742,O=C1OCCN1CCN1CCC(c2cc3ccccc3[nH]2)CC1,O=C1OCCN1CCN1CCC(c2cc3ccccc3[nH]2)CC1,0,True,True
Mol2743,Cn1nccc1C(=O)NCCc1cc2nc(-c3cccs3)ccn2n1,O=C(NCCc1cc2nc(-c3cccs3)ccn2n1)c1ccn[nH]1,3,True,True
Mol2744,COc1cc(-c2cn(C3CCc4c(F)cccc4N(CC(F)(F)F)C3=O)nn2)ccc1-n1cnc(C)c1,O=C1Nc2ccccc2CCC1n1cc(-c2ccc(-n3ccnc3)cc2)nn1,2,True,True
Mol2745,Brc1cnc(N2CCCN(c3ccccc3)CC2)nc1,c1ccc(N2CCCN(c3ncccn3)CC2)cc1,0,True,True
Mol2746,O=[N+]([O-])c1ccc(S(=O)(=O)Nc2cccc(-c3nc4ccccc4s3)c2)cc1,O=S(=O)(Nc1cccc(-c2nc3ccccc3s2)c1)c1ccccc1,0,True,True
Mol2747,C[C@@H](Cn1nc2c(cc1=O)CCCCC2)NC(=O)CCc1ccccc1,O=C(CCc1ccccc1)NCCn1nc2c(cc1=O)CCCCC2,2,True,True
Mol2748,Cc1cnc(CNC2(c3nccs3)CCCC2)cn1,c1cnc(CNC2(c3nccs3)CCCC2)cn1,3,False,True
Mol2749,Cc1ccc(C)c(NC(=O)c2cccc(-c3ncon3)c2)c1,O=C(Nc1ccccc1)c1cccc(-c2ncon2)c1,3,True,True
Mol2750,Cn1cc(Br)cc1C(=O)N1CCc2nn[nH]c2C1,O=C(c1ccc[nH]1)N1CCc2nn[nH]c2C1,1,False,True
Mol2751,Cc1cnc(-c2nc(NCc3cccnc3)ncc2-c2cc(C)no2)cn1,c1cncc(CNc2ncc(-c3ccno3)c(-c3cnccn3)n2)c1,3,True,True
Mol2752,Cc1noc(CCNc2cccc(F)c2C#N)n1,c1ccc(NCCc2ncno2)cc1,4,True,True
Mol2753,CN(C(=O)c1cccc(C(=O)O)c1)c1ccccc1,O=C(Nc1ccccc1)c1ccccc1,1,False,True
Mol2754,O=C(NCC1(Sc2ccccc2)CC1)c1ccc(=O)[nH]n1,O=C(NCC1(Sc2ccccc2)CC1)c1ccc(=O)[nH]n1,2,True,True
Mol2755,O=c1n(Cc2ccncc2)nc2n1-c1cc(Cl)ccc1C1=NCCN12,O=c1n(Cc2ccncc2)nc2n1-c1ccccc1C1=NCCN12,1,True,True
Mol2756,CC(=O)Nc1sc2c(c1-c1nc3ccccc3s1)CCN(C(C)C)C2,c1ccc2sc(-c3csc4c3CCNC4)nc2c1,4,True,True
Mol2757,CC(C)C[C@H](C(=O)N[C@H](C(=O)OC1CCCC1)c1ccccc1)[C@@H](O)C(=O)NO,O=C(Cc1ccccc1)OC1CCCC1,3,True,True
Mol2758,CCN(C(=O)c1cccc(-n2cccn2)c1)c1ccc(C#N)c(Cl)c1,O=C(Nc1ccccc1)c1cccc(-n2cccn2)c1,3,True,True
Mol2759,CN1CCN(c2cccc(C#N)n2)CC1,c1ccc(N2CCNCC2)nc1,0,False,True
Mol2760,N#CC1(NC(=O)c2ccc3c(c2)OCO3)CCCC1,O=C(NC1CCCC1)c1ccc2c(c1)OCO2,4,False,True
Mol2761,Cc1ccc(OCC(=O)Nc2cc(C)on2)nc1,O=C(COc1ccccn1)Nc1ccon1,0,False,True
Mol2762,Nc1nccc2c1ncn2[C@H]1C=C(CO)[C@@H](O)[C@H]1O,C1=C[C@H](n2cnc3cnccc32)CC1,1,False,True
Mol2763,CCc1nc2ccccc2n1CC(=O)Nc1cnc2ccccc2c1,O=C(Cn1cnc2ccccc21)Nc1cnc2ccccc2c1,2,True,True
Mol2764,Cc1c(C(=O)NCC2CCSCC2)nnn1-c1cccc2cnccc12,O=C(NCC1CCSCC1)c1cn(-c2cccc3cnccc23)nn1,2,True,True
Mol2765,CCOc1cc(N2CCc3nc[nH]c3C2)ncn1,c1cc(N2CCc3nc[nH]c3C2)ncn1,0,False,True
Mol2766,CN(Cc1cnccn1)Cc1nc(N)c2ccccc2n1,c1ccc2nc(CNCc3cnccn3)ncc2c1,4,True,True
Mol2767,Cc1nc(C)n(-c2ccccc2NC(=O)c2cc(C#N)cn2C)n1,O=C(Nc1ccccc1-n1cncn1)c1ccc[nH]1,3,True,True
Mol2768,N#Cc1ccccc1CN1C(=O)CCC1=O,O=C1CCC(=O)N1Cc1ccccc1,3,False,True
Mol2769,Cc1ccc(CNc2cncc(-n3nc(C)cc3C)n2)cn1,c1cncc(CNc2cncc(-n3cccn3)n2)c1,0,True,True
Mol2770,NC1(c2noc(-c3cccnc3)n2)CCCCCC1,c1cncc(-c2nc(C3CCCCCC3)no2)c1,2,False,True
Mol2771,COc1cc(-c2cnc(NC3CC3)nc2-c2cccs2)nc(OC)n1,c1csc(-c2nc(NC3CC3)ncc2-c2ccncn2)c1,0,True,True
Mol2772,COCc1ncc(CN2CCC(Oc3ccccc3C)CC2)cn1,c1ccc(OC2CCN(Cc3cncnc3)CC2)cc1,1,True,True
Mol2773,CSC[C@H]1CN(Cc2c[nH]c3c(N)ncnc23)C[C@@H]1O,c1ncc2[nH]cc(CN3CCCC3)c2n1,4,False,True
Mol2774,N#Cc1cc(F)ccc1Cn1ccnc1-c1ccccn1,c1ccc(Cn2ccnc2-c2ccccn2)cc1,2,True,True
Mol2775,Cc1cc(C(=O)N(C)Cc2ccccc2C)[nH]n1,O=C(NCc1ccccc1)c1ccn[nH]1,0,False,True
Mol2776,Cc1nc(C)c(C(=O)Nc2ccc3ncccc3c2)o1,O=C(Nc1ccc2ncccc2c1)c1cnco1,1,True,True
Mol2777,Cc1cc2c(=O)n3c(nc2s1)CCNCC3,O=c1c2ccsc2nc2n1CCNCC2,4,False,True
Mol2778,CN(c1ccccc1N)S(C)(=O)=O,c1ccccc1,2,True,True
Mol2779,CC(C)c1ccc2occ(CC(=O)O)c2c1,c1ccc2occc2c1,1,False,True
Mol2780,O=C(Nc1cc[nH]n1)c1ccc2c(c1)[nH]c(=O)n2C1CCCC1,O=C(Nc1cc[nH]n1)c1ccc2c(c1)[nH]c(=O)n2C1CCCC1,4,True,True
Mol2781,Cc1c(O)cccc1OCCN1CCOCC1,c1ccc(OCCN2CCOCC2)cc1,4,False,True
Mol2782,C[C@H]1O[C@@H](Oc2c(-c3cc(O)c(O)c(O)c3)oc3cc(O)cc(O)c3c2=O)[C@@H](O)[C@H](O)[C@H]1O,O=c1c(O[C@H]2CCCCO2)c(-c2ccccc2)oc2ccccc12,0,False,True
Mol2783,c1ccc(-c2noc(C3CCNCC3)n2)nc1,c1ccc(-c2noc(C3CCNCC3)n2)nc1,3,False,True
Mol2784,CNC(=O)[C@H]1O[C@@H](n2cnc3c(NCc4cccc(I)c4)ncnc32)[C@H](O)[C@@H]1O,c1ccc(CNc2ncnc3c2ncn3[C@H]2CCCO2)cc1,3,True,True
Mol2785,Cc1cc(SCc2ccc(Cl)nc2)nc2ccccc12,c1cncc(CSc2ccc3ccccc3n2)c1,0,True,True
Mol2786,Cc1nc(C)c(C(=O)NCc2ncoc2C)s1,O=C(NCc1cocn1)c1cncs1,3,False,True
Mol2787,CC(=O)N1CCc2c(sc(NC(=O)C(C)C)c2-c2nc3ccccc3s2)C1,c1ccc2sc(-c3csc4c3CCNC4)nc2c1,4,True,True
Mol2788,Cc1cc(C)nc(SCC(=O)N2c3ccccc3C(C)(c3ccccc3)CC2(C)C)n1,O=C(CSc1ncccn1)N1CCC(c2ccccc2)c2ccccc21,2,True,True
Mol2789,Cn1c(=O)cc(N2CCC[C@@H](N)C2)n(Cc2cc(F)ccc2C#N)c1=O,O=c1cc(N2CCCCC2)n(Cc2ccccc2)c(=O)[nH]1,4,False,True
Mol2790,O=c1[nH]c2ccccc2n1C1CCN(Cc2coc(-c3cccs3)n2)CC1,O=c1[nH]c2ccccc2n1C1CCN(Cc2coc(-c3cccs3)n2)CC1,1,True,True
Mol2791,Cn1nccc1C(=O)C1CCN(C(=O)c2cc(C(C)(C)C)nn2C)CC1,O=C(c1ccn[nH]1)C1CCN(C(=O)c2ccn[nH]2)CC1,2,False,True
Mol2792,O=C(CCc1cnn(-c2ccccc2)c1)N1CCC(n2c(=O)[nH]c3ccccc32)CC1,O=C(CCc1cnn(-c2ccccc2)c1)N1CCC(n2c(=O)[nH]c3ccccc32)CC1,0,True,True
Mol2793,N#Cc1cc(N2CC(CO)C2)nc2ccc(Cl)cc12,c1ccc2nc(N3CCC3)ccc2c1,1,True,True
Mol2794,CN(C)c1ccnc(C(=O)Nc2ccnn2-c2ccc(C#N)cc2)c1,O=C(Nc1ccnn1-c1ccccc1)c1ccccn1,2,True,True
Mol2795,Cc1nc(-c2cccc(C(N)=O)c2)sc1-c1ccc(F)cc1,c1ccc(-c2cnc(-c3ccccc3)s2)cc1,0,True,True
Mol2796,CCc1nsc(N2CCS(=O)(=O)CC2)n1,O=S1(=O)CCN(c2ncns2)CC1,4,False,True
Mol2797,Cc1nc(C2CCN(c3ccc(F)cc3C#N)CC2)no1,c1ccc(N2CCC(c3ncon3)CC2)cc1,2,True,True
Mol2798,CC(C)(C)c1cc(NS(=O)(=O)c2c(Cl)cccc2Cl)cc(C(C)(C)C)c1,O=S(=O)(Nc1ccccc1)c1ccccc1,2,True,True
Mol2799,CC(C)(C)c1cc(NS(=O)(=O)c2cccc(F)c2)cc(C(C)(C)C)c1,O=S(=O)(Nc1ccccc1)c1ccccc1,2,True,True
Mol2800,Cc1nc(C2CCN(Cc3ccc(C(F)(F)F)cc3)CC2)n[nH]1,c1ccc(CN2CCC(c3nc[nH]n3)CC2)cc1,4,True,True
Mol2801,Cc1noc(Cc2ccc(C)c(O)c2)n1,c1ccc(Cc2ncno2)cc1,3,True,True
Mol2802,CC(C)N1CCN(CCCSc2ncc[nH]2)CC1,c1c[nH]c(SCCCN2CCNCC2)n1,1,False,True
Mol2803,O=C(Nc1ccc(C2CCCCC2)cc1)c1ccc(S(=O)(=O)NCc2cccnc2)cc1,O=C(Nc1ccc(C2CCCCC2)cc1)c1ccc(S(=O)(=O)NCc2cccnc2)cc1,4,True,True
Mol2804,O=C(COC(=O)c1cc(O)nc2ccccc12)c1ccc(Oc2c(Cl)cccc2[N+](=O)[O-])cc1,O=C(COC(=O)c1ccnc2ccccc12)c1ccc(Oc2ccccc2)cc1,2,True,True
Mol2805,COc1ccc(Cl)cc1N(CC(=O)Nc1ccccc1C(=O)NCc1ccccc1)S(C)(=O)=O,O=C(CNc1ccccc1)Nc1ccccc1C(=O)NCc1ccccc1,3,True,True
Mol2806,O=S(=O)(NCCC(c1ccccc1)c1ccccc1)c1ccc(Cl)cc1,O=S(=O)(NCCC(c1ccccc1)c1ccccc1)c1ccccc1,4,True,True
Mol2807,CN1C(=O)COc2cc(NC(=O)C3CC=CC3)ccc21,O=C1COc2cc(NC(=O)C3CC=CC3)ccc2N1,2,False,True
Mol2808,CN(C)c1ncc(CN2CCC(Cc3ccc(F)cc3)CC2)s1,c1ccc(CC2CCN(Cc3cncs3)CC2)cc1,0,True,True
Mol2809,CC(C)c1nc(/C=C/c2cnn(C)c2)ncc1C(=O)O,C(=C/c1ncccn1)\c1cn[nH]c1,1,False,True
Mol2810,Cc1sc2ncn(Cc3c(F)cccc3Cl)c(=O)c2c1C,O=c1c2ccsc2ncn1Cc1ccccc1,0,True,True
Mol2811,COCC(=O)NC1(C#Cc2ccc(NC(=O)C3CC3)nc2)CCCCC1,O=C(Nc1ccc(C#CC2CCCCC2)cn1)C1CC1,3,True,True
Mol2812,O=C(COc1cccc(-n2cncn2)c1)N1CCc2ccccc21,O=C(COc1cccc(-n2cncn2)c1)N1CCc2ccccc21,2,True,True
Mol2813,Cc1nc(Cn2nnnc2C(C)(C)C)nc2ccccc12,c1ccc2nc(Cn3cnnn3)ncc2c1,2,True,True
Mol2814,COc1cccc(CNC(=O)C2(C#N)CCOCC2)c1,O=C(NCc1ccccc1)C1CCOCC1,3,False,True
Mol2815,NCc1ccc(-n2cnc3ccccc32)cc1Cl,c1ccc(-n2cnc3ccccc32)cc1,1,True,True
Mol2816,Oc1cncc(/C=C/c2nc(-c3ccncc3)no2)c1,C(=C/c1nc(-c2ccncc2)no1)\c1cccnc1,4,True,True
Mol2817,N#Cc1c(Cl)nc(N)n1-c1ccccc1,c1ccc(-n2ccnc2)cc1,1,True,True
Mol2818,CC(C)c1cc(C(=O)Nc2ncccc2Cl)no1,O=C(Nc1ccccn1)c1ccon1,0,True,True
Mol2819,Cc1noc(CC2CCN(Cc3cccnc3)CC2)n1,c1cncc(CN2CCC(Cc3ncno3)CC2)c1,3,True,True
Mol2820,CC(C)[C@H](O)C(=O)N[C@@H](C)C(=O)N[C@@H]1C(=O)N(C)CCc2ccccc21,O=C1Cc2ccccc2CCN1,0,True,True
Mol2821,NC(CO)(CO)CCc1ccc(Sc2cccc(OCc3ccccc3)c2)cc1Cl,c1ccc(COc2cccc(Sc3ccccc3)c2)cc1,3,True,True
Mol2822,COc1ccc(F)cc1-c1ccc(-c2nnco2)cc1,c1ccc(-c2ccc(-c3nnco3)cc2)cc1,1,True,True
Mol2823,Cc1cc(C)nc(SCC(=O)N2c3ccccc3C(C)(c3ccc(Cl)cc3)CC2(C)C)n1,O=C(CSc1ncccn1)N1CCC(c2ccccc2)c2ccccc21,2,True,True
Mol2824,COc1ccc(Cc2noc(-c3cccc4c3OCC(=O)N4)n2)cc1,O=C1COc2c(cccc2-c2nc(Cc3ccccc3)no2)N1,1,True,True
Mol2825,O=C(Nc1c(F)cccc1Oc1ccccc1)c1cnccn1,O=C(Nc1ccccc1Oc1ccccc1)c1cnccn1,3,True,True
Mol2826,O=C(Nc1nnc[nH]1)c1ccc(C2SCCCS2)cc1,O=C(Nc1nnc[nH]1)c1ccc(C2SCCCS2)cc1,0,True,True
Mol2827,O=C(Nc1ccccc1)c1scnc1-c1ccccc1,O=C(Nc1ccccc1)c1scnc1-c1ccccc1,2,True,True
Mol2828,CCC(=O)Nc1sc2c(c1C#N)CCC2,c1cc2c(s1)CCC2,3,True,True
Mol2829,CCCNC(=O)c1ccc(OC2CCN(C)CC2)cc1,c1ccc(OC2CCNCC2)cc1,1,False,True
Mol2830,COc1ccncc1NCc1cscn1,c1cncc(NCc2cscn2)c1,1,False,True
Mol2831,CONC(=O)c1c2c(nc3ccccc13)CCC2,c1ccc2nc3c(cc2c1)CCC3,2,False,True
Mol2832,O=c1n(Cc2ccccn2)nc2n1-c1cc(Cl)ccc1C1=NCCN12,O=c1n(Cc2ccccn2)nc2n1-c1ccccc1C1=NCCN12,2,False,True
Mol2833,Cn1c(=O)n(-c2ccc(C(C)(C)C#N)cc2)c2c3cc(-c4cnc5ccccc5c4)ccc3ncc21,O=c1[nH]c2cnc3ccc(-c4cnc5ccccc5c4)cc3c2n1-c1ccccc1,2,True,True
Mol2834,N#Cc1ccc(-c2cccc(CN)c2)s1,c1ccc(-c2cccs2)cc1,2,True,True
Mol2835,CCNC1=N[C@@H]2[C@@H](O)[C@@H](O)[C@H](CO)O[C@@H]2S1,C1=N[C@@H]2CCCO[C@@H]2S1,1,False,True
Mol2836,Cc1ncsc1-c1nc(CNc2cc(F)cc(F)c2)no1,c1ccc(NCc2noc(-c3cncs3)n2)cc1,2,True,True
Mol2837,C=CCNC1=C2C[C@@H](C)C[C@@H](OC)[C@@H](O)[C@@H](C)/C=C(\C)[C@@H](OC(N)=O)[C@@H](OC)/C=C\C=C(/C)C(=O)NC(=CC1=O)C2=O,O=C1C=C2CCCCCCC=CCC/C=C\C=CC(=O)NC(=C1)C2=O,2,True,True
Mol2838,CN1CCN(C(=O)c2ccc3cc(CCNc4ncnc5ccc(C#N)cc45)ccc3c2)CC1,O=C(c1ccc2cc(CCNc3ncnc4ccccc34)ccc2c1)N1CCNCC1,0,True,True
Mol2839,Cc1cc(C)n(C(=O)CCCC(=O)n2nc(C)cc2C)n1,O=C(CCCC(=O)n1cccn1)n1cccn1,2,True,True
Mol2840,COc1ccc(NC(=O)CN2CCCC2)cc1,O=C(CN1CCCC1)Nc1ccccc1,3,False,True
Mol2841,Cc1ccc(S(=O)(=O)Nc2ccc3c(c2)c2c(n3S(=O)(=O)c3ccc(C)cc3)CCC2)cc1,O=S(=O)(Nc1ccc2c(c1)c1c(n2S(=O)(=O)c2ccccc2)CCC1)c1ccccc1,2,True,True
Mol2842,Nc1ccc(Nc2ncc3cnn(C4CCCCCC4)c3n2)cn1,c1cncc(Nc2ncc3cnn(C4CCCCCC4)c3n2)c1,2,True,True
Mol2843,CN(C)c1ccnc(NCc2ccc(F)cc2)n1,c1ccc(CNc2ncccn2)cc1,3,True,True
Mol2844,N#CC1(NC(=O)Cc2cc3c(ccc4ccccc43)o2)CCOCC1,O=C(Cc1cc2c(ccc3ccccc32)o1)NC1CCOCC1,1,True,True
Mol2845,COc1ccccc1C(=O)/C=C/c1ccccc1C(F)(F)F,O=C(/C=C/c1ccccc1)c1ccccc1,4,True,True
Mol2846,Cc1nc2ccccc2c(C(=O)O)c1C,c1ccc2ncccc2c1,1,False,True
Mol2847,Cc1ccc(-c2ccc(F)cc2COc2ccc(CCC(=O)O)cc2)cc1,c1ccc(OCc2ccccc2-c2ccccc2)cc1,0,True,True
Mol2848,C[C@H](Cn1nc2c(cc1=O)CCCCC2)NC(=O)Cc1cccs1,O=C(Cc1cccs1)NCCn1nc2c(cc1=O)CCCCC2,0,True,True
Mol2849,O=c1[nH]c(=O)n([C@H]2C[C@H](O)[C@@H](CO)O2)cc1C(F)(F)F,O=c1ccn([C@H]2CCCO2)c(=O)[nH]1,4,True,True
Mol2850,O=C(NCc1cccc(O)c1)Nc1nc(-c2ccncc2)cs1,O=C(NCc1ccccc1)Nc1nc(-c2ccncc2)cs1,1,True,True
Mol2851,c1cnc(NCc2cccc3cnccc23)nc1,c1cnc(NCc2cccc3cnccc23)nc1,1,True,True
Mol2852,CCCCCCCCc1ccc(CCC(N)(CO)CO)cc1,c1ccccc1,2,True,True
Mol2853,Cc1cccc(NC(=O)C(=O)c2c(C)nn(C)c2C)n1,O=C(Nc1ccccn1)C(=O)c1cn[nH]c1,3,True,True
Mol2854,CN(C)c1ncncc1NC(=O)c1ccc(C(F)(F)F)nc1,O=C(Nc1cncnc1)c1cccnc1,2,False,True
Mol2855,COc1c(C)cnc(Cn2cnc3c(Cl)nc(N)nc32)c1C,c1ccc(Cn2cnc3cncnc32)nc1,1,True,True
Mol2856,O=C(c1cc(F)ccc1O)N1CCN(C2CCOCC2)CC1,O=C(c1ccccc1)N1CCN(C2CCOCC2)CC1,0,False,True
Mol2857,c1cnc2c(Oc3ncnc4sccc34)cccc2c1,c1cnc2c(Oc3ncnc4sccc34)cccc2c1,4,True,True
Mol2858,Cc1nn(C)c2nc(-c3ccncc3)cc(C(=O)O)c12,c1cc(-c2ccc3cn[nH]c3n2)ccn1,1,False,True
Mol2859,Cc1cc(NC(=O)c2ccc(NC3CC3)nc2)[nH]n1,O=C(Nc1ccn[nH]1)c1ccc(NC2CC2)nc1,0,True,True
Mol2860,COc1cccc(CN2CCc3nc(-c4cnccn4)nc(O)c3C2)c1,c1ccc(CN2CCc3nc(-c4cnccn4)ncc3C2)cc1,2,False,True
Mol2861,Cc1cc(N(C)CC(C)(C)O)ncc1Br,c1ccncc1,0,True,True
Mol2862,Cc1cc(C(=O)O)nn1-c1ccccn1,c1ccc(-n2cccn2)nc1,2,False,True
Mol2863,Cc1cc(CSCc2c(C)noc2C)no1,c1cc(CSCc2cnoc2)no1,0,True,True
Mol2864,Cc1ccc(NC(=O)c2ccn(C(C)C)n2)cc1N1C(=O)CCC1=O,O=C(Nc1cccc(N2C(=O)CCC2=O)c1)c1cc[nH]n1,4,False,True
Mol2865,Cc1ccc(CCNc2nc(C)cc(C)n2)cn1,c1cnc(NCCc2cccnc2)nc1,4,True,True
Mol2866,CCNC(=O)c1noc(-c2cc(C(C)C)c(O)cc2O)c1-c1ccc(CN2CCOCC2)cc1,c1ccc(-c2oncc2-c2ccc(CN3CCOCC3)cc2)cc1,3,True,True
Mol2867,O=C(NCc1ccc(CN2CCS(=O)(=O)CC2)cc1)c1ccon1,O=C(NCc1ccc(CN2CCS(=O)(=O)CC2)cc1)c1ccon1,1,False,True
Mol2868,CCOc1ccc(Oc2ccc(OCc3cc(F)ccc3F)cc2)c(N)c1,c1ccc(COc2ccc(Oc3ccccc3)cc2)cc1,2,True,True
Mol2869,NCCCc1nc(-c2ccncc2)cs1,c1cc(-c2cscn2)ccn1,4,True,True
Mol2870,CCN(Cc1cccs1)C(=O)CN1CCC(n2c(=O)[nH]c3ccccc32)CC1,O=C(CN1CCC(n2c(=O)[nH]c3ccccc32)CC1)NCc1cccs1,4,True,True
Mol2871,O=c1[nH]c2ccccc2n1C1CCN(Cc2csc(COc3ccc(F)cc3)n2)CC1,O=c1[nH]c2ccccc2n1C1CCN(Cc2csc(COc3ccccc3)n2)CC1,4,True,True
Mol2872,Cc1ccc(OCCCC(=O)N2CCC(n3c(=O)[nH]c4ccccc43)CC2)cc1,O=C(CCCOc1ccccc1)N1CCC(n2c(=O)[nH]c3ccccc32)CC1,3,True,True
Mol2873,O=c1[nH]c2ccccc2n1C1CCN(Cc2nc(Cc3ccccc3)no2)CC1,O=c1[nH]c2ccccc2n1C1CCN(Cc2nc(Cc3ccccc3)no2)CC1,3,True,True
Mol2874,O=C(Cc1csc(-c2ccc(F)cc2)n1)N1CCC(n2c(=O)[nH]c3ccccc32)CC1,O=C(Cc1csc(-c2ccccc2)n1)N1CCC(n2c(=O)[nH]c3ccccc32)CC1,3,True,True
Mol2875,Cc1cc(OCC(=O)N2CCC(n3c(=O)[nH]c4ccccc43)CC2)ccc1Cl,O=C(COc1ccccc1)N1CCC(n2c(=O)[nH]c3ccccc32)CC1,0,True,True
Mol2876,O=C(CCc1ccc(-c2ccccc2)o1)N1CCC(n2c(=O)[nH]c3ccccc32)CC1,O=C(CCc1ccc(-c2ccccc2)o1)N1CCC(n2c(=O)[nH]c3ccccc32)CC1,2,True,True
Mol2877,Cc1nc(CCNc2cnccc2C#N)cs1,c1cncc(NCCc2cscn2)c1,2,True,True
Mol2878,Cc1cc(C(=O)N2CCS(=O)(=O)CC2)c(C)o1,O=C(c1ccoc1)N1CCS(=O)(=O)CC1,2,False,True
Mol2879,O=C(NCc1cccc2c1OCCCO2)c1cscn1,O=C(NCc1cccc2c1OCCCO2)c1cscn1,1,True,True
Mol2880,Nc1c(-c2ccc(F)cc2)ncn1Cc1ccccc1,c1ccc(Cn2cnc(-c3ccccc3)c2)cc1,2,True,True
Mol2881,Cn1ncc2c(NOCc3ccccc3)ncnc21,c1ccc(CONc2ncnc3[nH]ncc23)cc1,3,True,True
Mol2882,Cc1cc(C)nc(NS(=O)(=O)c2ccc(NC(=O)/C=C/c3ccc([N+](=O)[O-])s3)cc2)n1,O=C(/C=C/c1cccs1)Nc1ccc(S(=O)(=O)Nc2ncccn2)cc1,3,True,True
Mol2883,N#Cc1cnc2ccccc2c1OCCO,c1ccc2ncccc2c1,1,True,True
Mol2884,CCN(CC)C(=O)Oc1cccc2cccnc12,c1ccc2ncccc2c1,1,True,True
Mol2885,CS(=O)(=O)N1CCN(Cc2cc3nc(-c4cccc5[nH]ncc45)nc(N4CCOCC4)c3s2)CC1,c1cc(-c2nc(N3CCOCC3)c3sc(CN4CCNCC4)cc3n2)c2cn[nH]c2c1,0,True,True
Mol2886,NC1(c2ccc(-c3nc4ccn5c(=O)[nH]nc5c4cc3-c3ccccc3)cc2)CCC1,O=c1[nH]nc2c3cc(-c4ccccc4)c(-c4ccc(C5CCC5)cc4)nc3ccn12,3,True,True
Mol2887,Cc1ccccc1S(=O)(=O)N[C@@H]1CC[C@@H](O)[C@@H]1O,O=S(=O)(NC1CCCC1)c1ccccc1,2,False,True
Mol2888,CC(C)c1noc(-c2ccc(N)cc2)n1,c1ccc(-c2ncno2)cc1,0,True,True
Mol2889,O=S(=O)(Nc1ccc(C(O)(C(F)(F)F)C(F)(F)F)cc1)c1ccccc1,O=S(=O)(Nc1ccccc1)c1ccccc1,2,True,True
Mol2890,Cc1ccc2[nH]c(CNC(=O)c3cc(C(F)F)nn3C)nc2c1C,O=C(NCc1nc2ccccc2[nH]1)c1ccn[nH]1,3,True,True
Mol2891,Oc1c(C(c2ccc(F)cc2)N2CCCCC2)ccc2cccnc12,c1ccc(C(c2ccc3cccnc3c2)N2CCCCC2)cc1,3,True,True
Mol2892,CCCCN(CC)c1nc(C)nc2c1c(C)c(C)n2-c1c(C)cc(C)cc1C,c1ccc(-n2ccc3cncnc32)cc1,3,True,True
Mol2893,O=C(CCC1CCOCC1)Nc1ccc(C(=O)O)cc1,O=C(CCC1CCOCC1)Nc1ccccc1,0,False,True
Mol2894,Cc1nc(CS(C)(=O)=O)sc1C(=O)Nc1ccccc1,O=C(Nc1ccccc1)c1cncs1,1,False,True
Mol2895,O=[N+]([O-])c1ccc(S(=O)(=O)Nc2cccc(-c3nc4ccccc4[nH]3)c2)cc1,O=S(=O)(Nc1cccc(-c2nc3ccccc3[nH]2)c1)c1ccccc1,1,True,True
Mol2896,CC(C)(C)c1csc(Cn2ccnc2-c2ccccn2)n1,c1ccc(-c2nccn2Cc2nccs2)nc1,3,True,True
Mol2897,Cc1cccnc1CNC(=O)c1ccc(Cl)s1,O=C(NCc1ccccn1)c1cccs1,4,True,True
Mol2898,CCNC(=O)c1cc(N2CCC(N3CCCC3=O)CC2)ccn1,O=C1CCCN1C1CCN(c2ccncc2)CC1,3,False,True
Mol2899,O=C(NC[C@]1(O)CCN(Cc2cccs2)C[C@H]1O)c1c[nH]cn1,O=C(NCC1CCN(Cc2cccs2)CC1)c1c[nH]cn1,0,False,True
Mol2900,CCc1noc(-c2ccc(C)c(N)c2)n1,c1ccc(-c2ncno2)cc1,0,True,True
Mol2901,Cc1ccc(S(=O)(=O)N2CCCc3ccc(NS(=O)(=O)c4ccc(F)cc4C)cc32)cc1,O=S(=O)(Nc1ccc2c(c1)N(S(=O)(=O)c1ccccc1)CCC2)c1ccccc1,2,True,True
Mol2902,Cc1ccc(S(=O)(=O)N2CCCc3ccc(NS(=O)(=O)c4cc(F)ccc4F)cc32)cc1,O=S(=O)(Nc1ccc2c(c1)N(S(=O)(=O)c1ccccc1)CCC2)c1ccccc1,2,True,True
Mol2903,CC1(C)[C@@H]2C[C@H]1[C@@]1(O)[C@@H](C2)Oc2c(ccc(O)c2C(=O)NCCc2ccccn2)[C@@H]1O,O=C(NCCc1ccccn1)c1cccc2c1O[C@@H]1C[C@H]3C[C@H](C3)C1C2,4,True,True
Mol2904,Clc1cnc(NCC2(c3ccncc3)CC2)nc1,c1cnc(NCC2(c3ccncc3)CC2)nc1,2,True,True
Mol2905,CCOc1ccc(CC(=O)N2CCC3(CC2)Nc2cc(C)ccc2-n2cccc23)cc1OCC,O=C(Cc1ccccc1)N1CCC2(CC1)Nc1ccccc1-n1cccc12,2,True,True
Mol2906,COCc1ncc(CN2CCC(Oc3cccc(C)c3)CC2)cn1,c1ccc(OC2CCN(Cc3cncnc3)CC2)cc1,1,True,True
Mol2907,COCC(C)(C)CNC(=O)C1(Cn2cccn2)CC1,c1cnn(CC2CC2)c1,2,True,True
Mol2908,CC(=O)c1ccc(-c2ccc(-c3nn[nH]n3)cc2)cc1,c1ccc(-c2ccc(-c3nn[nH]n3)cc2)cc1,2,True,True
Mol2909,Cc1ccn(-c2ccc(NCC3CC3)nn2)n1,c1cnn(-c2ccc(NCC3CC3)nn2)c1,0,True,True
Mol2910,O=C(Cn1ncc2ccccc21)Nc1ccc2c(c1)CCO2,O=C(Cn1ncc2ccccc21)Nc1ccc2c(c1)CCO2,1,True,True
Mol2911,CC(C)(CNc1cnn(CCO)c1)c1ccccc1,c1ccc(CCNc2cn[nH]c2)cc1,2,True,True
Mol2912,CCCn1cc(CNC(=O)CN2CCCC2)cn1,O=C(CN1CCCC1)NCc1cn[nH]c1,4,False,True
Mol2913,CC(C)(C)c1cc(C(=O)CSc2nncn2-c2ccccc2)cc(C(C)(C)C)c1O,O=C(CSc1nncn1-c1ccccc1)c1ccccc1,1,True,True
Mol2914,CC(C)NC(=O)CN(C)c1ccc(Cl)c(C#N)n1,c1ccncc1,0,False,True
Mol2915,Fc1cc(CCNc2ncnc3sccc23)c2c(c1)COCO2,c1cc(CCNc2ncnc3sccc23)c2c(c1)COCO2,4,True,True
Mol2916,c1ccc(-c2nccc(NCc3nnc4n3CCCCC4)n2)cc1,c1ccc(-c2nccc(NCc3nnc4n3CCCCC4)n2)cc1,4,True,True
Mol2917,COc1ccc(Nc2nc(Cl)cc(Cl)n2)cc1,c1ccc(Nc2ncccn2)cc1,4,True,True
Mol2918,COc1ccc(Cc2nnn[nH]2)cc1F,c1ccc(Cc2nnn[nH]2)cc1,0,False,True
Mol2919,Cc1noc(C)c1N(C)CCn1cncn1,c1ncn(CCNc2cnoc2)n1,2,False,True
Mol2920,O=C(NO)c1cnc(NC2(c3ccccc3)CC2)nc1,c1ccc(C2(Nc3ncccn3)CC2)cc1,1,False,True
Mol2921,COc1cc2cc(N)c(C3CCNCC3)nc2cc1OC,c1ccc2nc(C3CCNCC3)ccc2c1,1,False,True
Mol2922,Cn1nccc1C(=O)C1CCN(C(=O)c2cccs2)CC1,O=C(c1ccn[nH]1)C1CCN(C(=O)c2cccs2)CC1,2,True,True
Mol2923,Cc1cc(NC(=O)c2c(F)cccc2Cl)no1,O=C(Nc1ccon1)c1ccccc1,4,False,True
Mol2924,CCOC(=O)c1c(C)n(C)c2ccc(O)cc12,c1ccc2[nH]ccc2c1,1,True,True
Mol2925,CCOc1ccc2nc3c(cc2c1)CN(CCOC)C(=O)O3,O=C1NCc2cc3ccccc3nc2O1,0,True,True
Mol2926,Cc1nc(-c2ccccc2)c(C(=O)Nc2cc(Cl)cc(Cl)c2)s1,O=C(Nc1ccccc1)c1scnc1-c1ccccc1,2,True,True
Mol2927,Clc1cnc(Oc2ccc3cn[nH]c3c2)nc1,c1cnc(Oc2ccc3cn[nH]c3c2)nc1,3,True,True
Mol2928,COc1ccccc1N1CCN(CCNC(=O)c2ccc(F)cc2)CC1,O=C(NCCN1CCN(c2ccccc2)CC1)c1ccccc1,3,True,True
Mol2929,COc1ccccc1-n1ncc2c(=O)[nH]c(SC(C)c3ccccc3)nc21,O=c1[nH]c(SCc2ccccc2)nc2c1cnn2-c1ccccc1,1,True,True
Mol2930,Cc1cc(CN(C)C(=O)C(=O)Nc2ccc(F)c(C)c2)no1,O=C(NCc1ccon1)C(=O)Nc1ccccc1,2,True,True
Mol2931,Nc1nc2ccccc2n1C1CCCC1,c1ccc2c(c1)ncn2C1CCCC1,0,True,True
Mol2932,Cc1nc2ccccc2n1CCNc1ncccn1,c1cnc(NCCn2cnc3ccccc32)nc1,0,False,True
Mol2933,O=C(NO)c1cnc(NC2(c3cccc(F)c3)CCCCC2)nc1,c1ccc(C2(Nc3ncccn3)CCCCC2)cc1,0,True,True
Mol2934,Cc1ccc(F)cc1NCc1csc(-c2cnn(C)c2)n1,c1ccc(NCc2csc(-c3cn[nH]c3)n2)cc1,2,True,True
Mol2935,N#Cc1ccc(OC2CCNCC2)cc1,c1ccc(OC2CCNCC2)cc1,1,False,True
Mol2936,Cc1nonc1C(=O)Nc1cccnc1N(C)C,O=C(Nc1cccnc1)c1cnon1,4,True,True
Mol2937,O=C(N[C@@H](COc1ccc2[nH]c(=O)[nH]c2c1)c1ccccc1)c1cccn(Cc2ccc(F)c(F)c2)c1=O,O=C(N[C@@H](COc1ccc2[nH]c(=O)[nH]c2c1)c1ccccc1)c1cccn(Cc2ccccc2)c1=O,2,True,True
Mol2938,CCOc1cc(-c2nnc(NC(=O)c3cccc(C(F)(F)F)c3)o2)cc(OCC)c1OCC,O=C(Nc1nnc(-c2ccccc2)o1)c1ccccc1,0,True,True
Mol2939,CC(=O)NC[C@H]1C[C@]2(C)[C@@H](CCCC[C@]2(C)O)N1CC1(O)CCCCCC1,C1CCCC(CN2CCC3CCCCC[C@H]32)CC1,2,True,True
Mol2940,CC(C)c1c(-c2ccccc2)[n+]([O-])c2c([n+]1[O-])CCC2,c1ccc(-c2c[nH+]c3c([nH+]2)CCC3)cc1,1,False,True
Mol2941,Cc1nc(CNC(=O)c2ccc(F)c(C)c2)no1,O=C(NCc1ncon1)c1ccccc1,0,False,True
Mol2942,Cc1ccccc1-c1cc(N)n(Cc2ccccc2)n1,c1ccc(Cn2ccc(-c3ccccc3)n2)cc1,0,True,True
Mol2943,NCc1nnc(CCc2ccccc2)o1,c1ccc(CCc2nnco2)cc1,2,False,True
Mol2944,COCCCNc1ncc(-c2ccsc2)c(-c2nc(C)c(C)s2)n1,c1csc(-c2ncncc2-c2ccsc2)n1,2,True,True
Mol2945,CCCCNc1nc2c(cc1C#N)CCC2,c1cnc2c(c1)CCC2,1,True,True
Mol2946,CN(C/C=C/C(=O)N1CCC[C@@H](n2nc(-c3ccc(Oc4ccccc4)cc3)c3c(N)ncnc32)C1)CCCCNC(=O)CCCC(=O)NCCCOCCOCCOCCCNC(=O)CCCC[C@@H]1SC[C@@H]2NC(=O)N[C@@H]21,O=C(CCCC[C@@H]1SC[C@@H]2NC(=O)N[C@@H]21)NCCCOCCOCCOCCCNC(=O)CCCC(=O)NCCCCNC/C=C/C(=O)N1CCC[C@@H](n2nc(-c3ccc(Oc4ccccc4)cc3)c3cncnc32)C1,4,True,True
Mol2947,O=C(Nc1cccc2ncccc12)[C@H]1CCCN(S(=O)(=O)c2cccs2)C1,O=C(Nc1cccc2ncccc12)[C@H]1CCCN(S(=O)(=O)c2cccs2)C1,3,True,True
Mol2948,COc1ccc(S(=O)(=O)N2CCC[C@H](C(=O)Nc3cccc4ncccc34)C2)cc1,O=C(Nc1cccc2ncccc12)[C@H]1CCCN(S(=O)(=O)c2ccccc2)C1,4,True,True
Mol2949,CCC(C)(C)c1ccc(Oc2ccc(NC3=NN(c4ccccc4)C(=O)C3)cc2)cc1,O=C1CC(Nc2ccc(Oc3ccccc3)cc2)=NN1c1ccccc1,4,True,True
Mol2950,CS(=O)(=O)N1CCN(Cc2cc3c(cc2O)OCO3)CC1,c1cc2c(cc1CN1CCNCC1)OCO2,1,True,True
Mol2951,CCCn1ncc(CN2CCC(c3ncc[nH]3)CC2)c1C,c1c[nH]c(C2CCN(Cc3cn[nH]c3)CC2)n1,4,True,True
Mol2952,CC(C)Cc1ccc(-c2nc(-c3ccc(CN4CC(C(=O)O)C4)cc3)no2)cc1,c1ccc(-c2nc(-c3ccc(CN4CCC4)cc3)no2)cc1,2,True,True
Mol2953,Cc1nccc(-c2cccc(NCC(=O)Nc3ccc(F)cc3)c2)n1,O=C(CNc1cccc(-c2ccncn2)c1)Nc1ccccc1,0,True,True
Mol2954,CN(C)C(=O)CCNc1ccnc2ccc(Cl)cc12,c1ccc2ncccc2c1,1,True,True
Mol2955,CCN1C(=O)C(C)(C)COc2cc(NS(=O)(=O)c3cc(C)c(C)cc3OC)ccc21,O=C1CCOc2cc(NS(=O)(=O)c3ccccc3)ccc2N1,0,True,True
Mol2956,CCN1CCc2c(sc(NC(=O)CS(=O)(=O)c3ccccc3)c2-c2nc3ccccc3s2)C1,O=C(CS(=O)(=O)c1ccccc1)Nc1sc2c(c1-c1nc3ccccc3s1)CCNC2,2,True,True
Mol2957,COc1cc(CN[C@@H]2CCC[C@H]2Cc2cc(C)no2)ccc1OC(C)C,c1ccc(CN[C@@H]2CCC[C@H]2Cc2ccno2)cc1,3,True,True
Mol2958,NC(=O)c1cnn(Cc2cccc(F)c2)c1,c1ccc(Cn2cccn2)cc1,0,False,True
Mol2959,O=c1c2c(Cl)ccc(Cl)c2ncn1Cc1cc(O)ncn1,O=c1c2ccccc2ncn1Cc1ccncn1,2,False,True
Mol2960,CC(=O)Nc1ccc(C(=O)Nc2cc(-c3cccs3)ccc2N)cc1,O=C(Nc1cccc(-c2cccs2)c1)c1ccccc1,3,True,True
Mol2961,CCc1cc2c(OCC(=O)N3CCCC3)ncnc2s1,O=C(COc1ncnc2sccc12)N1CCCC1,4,True,True
Mol2962,Cc1cc(NC(=O)c2cc(F)cc(F)c2)sn1,O=C(Nc1ccns1)c1ccccc1,1,True,True
Mol2963,Nc1ccccc1-c1nc(C2CC2)no1,c1ccc(-c2nc(C3CC3)no2)cc1,0,True,True
Mol2964,Cc1cc(-c2nc(C(=O)Nc3cc4oc(N5CCOCC5)nc4nc3N3CC[C@@H](O)C3)co2)ccn1,O=C(Nc1cc2oc(N3CCOCC3)nc2nc1N1CCCC1)c1coc(-c2ccncc2)n1,3,False,True
Mol2965,CC(C)c1nccn1Cc1nc(-c2cccs2)no1,c1csc(-c2noc(Cn3ccnc3)n2)c1,1,True,True
Mol2966,CC(=O)NCCOc1ccc2ccccc2n1,c1ccc2ncccc2c1,1,True,True
Mol2967,Nc1nn(C(=O)Cc2ccc(F)cc2)c2cccc(F)c12,O=C(Cc1ccccc1)n1ncc2ccccc21,2,True,True
Mol2968,O=C1NC2(CCC2)C(=O)N1Cc1ccon1,O=C1NC2(CCC2)C(=O)N1Cc1ccon1,2,False,True
Mol2969,Cc1cnc(Nc2ccc(OCCN3CCCC3)cc2)nc1Nc1cccc(S(=O)(=O)NC(C)(C)C)c1,c1ccc(Nc2ccnc(Nc3ccc(OCCN4CCCC4)cc3)n2)cc1,0,True,True
Mol2970,CC(=O)N(CC(N)=O)c1ccc(C)cc1,c1ccccc1,2,True,True
Mol2971,COc1cc(OC)c2c(=O)cc(CCC(=O)O)oc2c1,O=c1ccoc2ccccc12,0,False,True
Mol2972,c1ccc2nc(OC3CCNCC3)cnc2c1,c1ccc2nc(OC3CCNCC3)cnc2c1,1,False,True
Mol2973,Nc1ccccc1-c1nc(C2CCCCCC2)no1,c1ccc(-c2nc(C3CCCCCC3)no2)cc1,4,True,True
Mol2974,NCCc1cnn(Cc2ccccc2)c1,c1ccc(Cn2cccn2)cc1,0,False,True
Mol2975,CCCn1cc(CNc2ncccn2)cn1,c1cnc(NCc2cn[nH]c2)nc1,1,False,True
Mol2976,CSC1(CNc2cncc(Cl)n2)CCOCC1,c1cnc(NCC2CCOCC2)cn1,1,True,True
Mol2977,O=C(NCCN1CCc2ccccc2C1=O)c1ccncc1,O=C(NCCN1CCc2ccccc2C1=O)c1ccncc1,4,True,True
Mol2978,O=C(N[C@H](CO)CC1CCCCC1)c1cccc(-c2cnccn2)c1,O=C(NCCC1CCCCC1)c1cccc(-c2cnccn2)c1,2,True,True
Mol2979,CC(=O)N1CCCN(Cc2ccc(C(=O)N3CCCC3)cc2)c2ccccc21,O=C(c1ccc(CN2CCCNc3ccccc32)cc1)N1CCCC1,4,True,True
Mol2980,Nc1nc(N2CCN(CC3CCCC3)C(=O)C2)cc(-n2cccn2)n1,O=C1CN(c2cc(-n3cccn3)ncn2)CCN1CC1CCCC1,0,True,True
Mol2981,Cc1nc(-c2ccncc2)cc(N2CCC(CO)CC2)n1,c1cc(-c2cc(N3CCCCC3)ncn2)ccn1,1,False,True
Mol2982,CN(c1nc2ccccc2o1)C1CCN(C2CCOCC2)CC1,c1ccc2oc(NC3CCN(C4CCOCC4)CC3)nc2c1,0,True,True
Mol2983,Cc1c(C(=O)Nc2cnccn2)cccc1-c1ccccn1,O=C(Nc1cnccn1)c1cccc(-c2ccccn2)c1,4,False,True
Mol2984,Cc1cc(C)c(S(=O)(=O)Nc2ccccc2)c(C)c1,O=S(=O)(Nc1ccccc1)c1ccccc1,2,True,True
Mol2985,Cc1cccc(C)c1NCc1noc(C2CC2)n1,c1ccc(NCc2noc(C3CC3)n2)cc1,0,True,True
Mol2986,CN1CCN(c2ccc3nc(-c4cc(C(C)(C)C)c(OCCCC(=O)NCCCN=[N+]=[N-])c(C(C)(C)C)c4)[nH]c3c2)CC1,c1ccc(-c2nc3ccc(N4CCNCC4)cc3[nH]2)cc1,1,True,True
Mol2987,Cc1cc(CSCc2ccc(C#N)cc2)no1,c1ccc(CSCc2ccon2)cc1,4,True,True
Mol2988,CCN1CCC(Oc2ncnc3c2c(C)c(C)n3C2CCCCC2)CC1,c1nc(OC2CCNCC2)c2ccn(C3CCCCC3)c2n1,1,True,True
Mol2989,COc1ccc2c(c1)CCCN(C(=O)NCCc1ccccn1)C2,O=C(NCCc1ccccn1)N1CCCc2ccccc2C1,4,True,True
Mol2990,CN1C(=O)c2ccc(C(=O)N(CC3CCCCC3)C3CC3)cc2C1=O,O=C1NC(=O)c2cc(C(=O)N(CC3CCCCC3)C3CC3)ccc21,2,True,True
Mol2991,CCOc1ccc(NC(=O)c2ccc3c(c2)NC(=O)CO3)cc1,O=C1COc2ccc(C(=O)Nc3ccccc3)cc2N1,3,False,True
Mol2992,COc1c(C)cnc(Cn2cc(C#CCC(C)(C)O)c3c(Cl)nc(N)nc32)c1C,c1ccc(Cn2ccc3cncnc32)nc1,1,True,True
Mol2993,CN1CCC(CNc2ccc3ncc(-c4cccc(OC(F)(F)F)c4)n3n2)CC1,c1ccc(-c2cnc3ccc(NCC4CCNCC4)nn23)cc1,4,True,True
Mol2994,COc1cccc(CN2CCc3nc(-c4cnc(C)cn4)nc(O)c3C2)c1,c1ccc(CN2CCc3nc(-c4cnccn4)ncc3C2)cc1,2,False,True
Mol2995,O=C(NCCN1CCC(n2c(=O)[nH]c3cc(Cl)ccc32)CC1)c1ccc(F)cc1,O=C(NCCN1CCC(n2c(=O)[nH]c3ccccc32)CC1)c1ccccc1,1,True,True
Mol2996,O=C(Nc1cnn(-c2ncccn2)c1)C1CCCCC1,O=C(Nc1cnn(-c2ncccn2)c1)C1CCCCC1,4,False,True
Mol2997,O=C(c1ccc(-c2ccncc2)cc1)N1CCC(F)(F)CC1,O=C(c1ccc(-c2ccncc2)cc1)N1CCCCC1,0,False,True
Mol2998,Cc1cc(-n2nc(C)cc2N)nc(C)n1,c1cnn(-c2ccncn2)c1,1,True,True
Mol2999,Cc1cc(-c2cccc3ccnn23)nc(N2CCCC2)n1,c1cc(-c2ccnc(N3CCCC3)n2)n2nccc2c1,1,True,True
Mol3000,COc1ncccc1CNc1c(C#N)cnc2c(C)cc(F)cc12,c1cncc(CNc2ccnc3ccccc23)c1,4,True,True
Mol3001,N=C(N)NCCCCC(=O)Nc1ccc(C[C@H](NC(=O)[C@@H]2CCCN2S(=O)(=O)c2ccccc2)C(=O)O)cc1,O=C(NCCc1ccccc1)[C@@H]1CCCN1S(=O)(=O)c1ccccc1,4,False,True
Mol3002,O=C(NC[C@]1(O)CCN(Cc2cscn2)C[C@H]1O)c1c[nH]cn1,O=C(NCC1CCN(Cc2cscn2)CC1)c1c[nH]cn1,2,False,True
Mol3003,N#CCNC(=O)c1ccc(C#N)c(Cl)c1,c1ccccc1,2,False,True
Mol3004,Cc1ccnc2[nH]c(CSCc3ccccc3)nc12,c1ccc(CSCc2nc3cccnc3[nH]2)cc1,4,True,True
Mol3005,CCCN(C(=O)c1ccccc1N)C(C)C,c1ccccc1,2,False,True
Mol3006,CC(C)(C)OC(=O)N1CCCN1C(=O)c1cc2cc(Cl)ccc2[nH]1,O=C(c1cc2ccccc2[nH]1)N1CCCN1,0,True,True
Mol3007,CCCS(=O)(=O)Nc1ccc(F)c(C(=O)c2c[nH]c3ncc(Cl)cc23)c1F,O=C(c1ccccc1)c1c[nH]c2ncccc12,2,True,True
Mol3008,COc1ccc2c(c1)C(=O)N(c1ccc(C)cc1)C(=O)C2,O=C1Cc2ccccc2C(=O)N1c1ccccc1,4,True,True
Mol3009,CC(C)NC(=O)CN(C#N)c1ccccc1,c1ccccc1,2,False,True
Mol3010,Cc1cc(CO)nc(N2CCCCC2)n1,c1cnc(N2CCCCC2)nc1,4,True,True
Mol3011,N#CCCn1ncnc1-c1cccc(C#N)c1,c1ccc(-c2ncn[nH]2)cc1,4,False,True
Mol3012,O=c1[nH]c2ccccc2n1C1CCN(Cc2nc(-c3cccs3)no2)CC1,O=c1[nH]c2ccccc2n1C1CCN(Cc2nc(-c3cccs3)no2)CC1,4,True,True
Mol3013,O=C(COCc1nc2ccccc2s1)N1CCC(n2c(=O)[nH]c3ccccc32)CC1,O=C(COCc1nc2ccccc2s1)N1CCC(n2c(=O)[nH]c3ccccc32)CC1,1,True,True
Mol3014,O=C(CCn1ccc2ccccc21)N1CCC(n2c(=O)[nH]c3ccccc32)CC1,O=C(CCn1ccc2ccccc21)N1CCC(n2c(=O)[nH]c3ccccc32)CC1,1,True,True
Mol3015,CNc1ncc2cc(-c3ccc(-c4cccc(C)n4)cc3Cl)c(=O)n(C[C@H]3OC[C@H](N)CO3)c2n1,O=c1c(-c2ccc(-c3ccccn3)cc2)cc2cncnc2n1CC1OCCCO1,4,False,True
Mol3016,COc1cc(Nc2ncc(F)c(Nc3ccc4c(n3)NC(=O)C(C)(C)O4)n2)cc(OC)c1OC,O=C1COc2ccc(Nc3ccnc(Nc4ccccc4)n3)nc2N1,1,True,True
Mol3017,CC#C[C@@H](CC(=O)O)c1ccc(OCc2cccc(-c3ccc(C(F)(F)F)cc3)c2)cc1,c1ccc(OCc2cccc(-c3ccccc3)c2)cc1,4,True,True
Mol3018,Cc1cccc(CNC(=O)Cn2c(=O)oc3cccnc32)c1,O=C(Cn1c(=O)oc2cccnc21)NCc1ccccc1,0,False,True
Mol3019,Cc1ncsc1CCN1C(=O)NC2(CCCC2)C1=O,O=C1NC2(CCCC2)C(=O)N1CCc1cncs1,4,False,True
Mol3020,Cc1c(C(=O)NCCc2cc3nc(-c4ccco4)ccn3n2)cnn1C,O=C(NCCc1cc2nc(-c3ccco3)ccn2n1)c1cn[nH]c1,2,True,True
Mol3021,CN(C)Cc1ccnc(NC(=O)c2ccsc2)c1,O=C(Nc1ccccn1)c1ccsc1,0,True,True
Mol3022,N#Cc1nc(-c2ccccc2)oc1NCc1ccc2c(c1)OCO2,c1ccc(-c2ncc(NCc3ccc4c(c3)OCO4)o2)cc1,0,True,True
Mol3023,Clc1ccc(CSc2nc(-c3ccccc3)cs2)cn1,c1ccc(-c2csc(SCc3cccnc3)n2)cc1,4,True,True
Mol3024,Cc1nn(C)c(C)c1CNc1ccc(N2CCN(C)CC2)nc1,c1n[nH]cc1CNc1ccc(N2CCNCC2)nc1,1,False,True
Mol3025,CN1N=C(SCc2ccc(Cl)cc2Cl)Sc2c1cnn(C)c2=O,O=c1[nH]ncc2c1SC(SCc1ccccc1)=NN2,2,True,True
Mol3026,Cc1cc(OCc2ccnc(Cl)c2)nnc1C,c1cnnc(OCc2ccncc2)c1,1,False,True
Mol3027,Fc1cc(-c2noc(C3CCN(C4CC4)CC3)n2)cc(F)c1F,c1ccc(-c2noc(C3CCN(C4CC4)CC3)n2)cc1,0,True,True
Mol3028,Fc1cccc2c1CN(Cc1c[nH]nc1-c1cccnc1)CC2,c1cncc(-c2n[nH]cc2CN2CCc3ccccc3C2)c1,1,True,True
Mol3029,Cc1ccncc1NC(=O)Cc1ccc(F)cc1,O=C(Cc1ccccc1)Nc1cccnc1,4,False,True
Mol3030,O=C1CCC(=O)N1Cc1nc(Cc2ccccc2)cs1,O=C1CCC(=O)N1Cc1nc(Cc2ccccc2)cs1,0,False,True
Mol3031,COc1cc(C)cc(OC)c1-c1ccc(OCC(N)=O)cc1,c1ccc(-c2ccccc2)cc1,1,False,True
Mol3032,Cc1ccc(C#N)c(NC(=O)CCc2ccccc2)n1,O=C(CCc1ccccc1)Nc1ccccn1,4,True,True
Mol3033,O=C(NCCc1ccc(F)cc1)n1ccnc1,O=C(NCCc1ccccc1)n1ccnc1,0,True,True
Mol3034,Cc1noc(C)c1COc1ccc2ncccc2c1,c1cnc2ccc(OCc3cnoc3)cc2c1,2,True,True
Mol3035,Cc1ccc(C(=O)N(C)Cc2ccccn2)c(O)c1,O=C(NCc1ccccn1)c1ccccc1,3,False,True
Mol3036,N#Cc1cccc(NCc2ccc(-c3cccnc3)o2)c1,c1ccc(NCc2ccc(-c3cccnc3)o2)cc1,4,True,True
Mol3037,CNC(=O)Cc1noc(-c2ccc3ncccc3c2)n1,c1cnc2ccc(-c3ncno3)cc2c1,0,False,True
Mol3038,Cc1ccc(-c2cnc3ccccc3n2)cc1N,c1ccc(-c2cnc3ccccc3n2)cc1,1,True,True
Mol3039,O=c1oc2cccnc2n1Cc1cnn(-c2ccccc2)n1,O=c1oc2cccnc2n1Cc1cnn(-c2ccccc2)n1,1,False,True
Mol3040,Cc1cccc2cnc(C3CCN(C(=O)CCc4ccno4)CC3)cc12,O=C(CCc1ccno1)N1CCC(c2cc3ccccc3cn2)CC1,2,True,True
Mol3041,COc1ccc(CN2CCC(c3cc[nH]n3)CC2)cn1,c1cncc(CN2CCC(c3cc[nH]n3)CC2)c1,1,False,True
Mol3042,CN(C)c1ccnc(NC(=O)c2cnsn2)c1,O=C(Nc1ccccn1)c1cnsn1,1,True,True
Mol3043,Oc1cc(F)ccc1-c1nc(-c2ccncc2)no1,c1ccc(-c2nc(-c3ccncc3)no2)cc1,3,True,True
Mol3044,Nc1c(C(=O)NCC2CCCO2)sc(=S)n1-c1ccc(Cl)cc1,O=C(NCC1CCCO1)c1cn(-c2ccccc2)c(=S)s1,1,True,True
Mol3045,Cn1c2cc(S(C)=O)sc2c2cnn(Cc3cccc(N)c3)c(=O)c21,O=c1c2[nH]c3ccsc3c2cnn1Cc1ccccc1,2,True,True
Mol3046,O=C(C1CCCCC1)N1CCC[C@H]1Cn1nnc(-c2cccs2)n1,O=C(C1CCCCC1)N1CCC[C@H]1Cn1nnc(-c2cccs2)n1,0,True,True
Mol3047,Cn1ccnc1C1CCN(C(=O)COCc2nc3cc(F)ccc3[nH]2)CC1,O=C(COCc1nc2ccccc2[nH]1)N1CCC(c2ncc[nH]2)CC1,1,False,True
Mol3048,COc1ccc2c(c1)CC[C@@H]1[C@@H]2CC[C@]2(C)[C@@H](NCCCCCCN3C(=O)C=CC3=O)CC[C@@H]12,O=C1C=CC(=O)N1CCCCCCN[C@H]1CC[C@@H]2C1CC[C@@H]1c3ccccc3CC[C@H]12,3,True,True
Mol3049,CC(C)(C)c1cc(C(=O)CSc2nnnn2-c2ccccc2)cc(C(C)(C)C)c1O,O=C(CSc1nnnn1-c1ccccc1)c1ccccc1,3,True,True
Mol3050,N=c1ccn2c(n1)O[C@@H]1[C@@H](O)[C@@H](CO)O[C@H]12,N=c1ccn2c(n1)O[C@@H]1CCO[C@H]12,0,False,True
Mol3051,O=C(CNC(=O)c1ccccc1Cl)Nc1cccc2c1CCCC2,O=C(CNC(=O)c1ccccc1)Nc1cccc2c1CCCC2,2,True,True
Mol3052,c1ccc(C2(CNc3nc4ccccc4o3)CCOCC2)cc1,c1ccc(C2(CNc3nc4ccccc4o3)CCOCC2)cc1,4,True,True
Mol3053,Cc1cccc(NC(=O)c2cncn2-c2ccccc2)n1,O=C(Nc1ccccn1)c1cncn1-c1ccccc1,1,True,True
Mol3058,N#Cc1cc(F)c(NS(=O)(=O)c2c[nH]c3cc(Cl)ccc23)cc1F,O=S(=O)(Nc1ccccc1)c1c[nH]c2ccccc12,2,False,True
Mol3067,CCCc1nc2nc(C)c(NS(=O)(=O)c3ccc(C4CCCCC4)cc3)c(O)n2n1,O=S(=O)(Nc1cnc2ncnn2c1)c1ccc(C2CCCCC2)cc1,4,True,True
Mol3071,O=C(NC1CCNCC1)c1ccc2[nH]ncc2c1,O=C(NC1CCNCC1)c1ccc2[nH]ncc2c1,4,True,True
Mol3072,Cc1cccc(/C=N/Nc2cc(N3CCOCC3)nc(OCCc3ccccn3)n2)c1,C(=N/Nc1cc(N2CCOCC2)nc(OCCc2ccccn2)n1)\c1ccccc1,1,True,True
Mol3077,O=C(NC1CCNCC1)c1ccc2cn[nH]c2c1,O=C(NC1CCNCC1)c1ccc2cn[nH]c2c1,3,True,True
Mol3078,CC(C)(C)OC(=O)N1CCCC1C(=O)N1CCC(C(=O)N[C@@H](Cc2c[nH]c3ccccc23)C(=O)O)CC1,O=C(NCCc1c[nH]c2ccccc12)C1CCN(C(=O)C2CCCN2)CC1,3,False,True
Mol3079,O=C(Nc1cccc2c(=O)cc(-c3nnn[nH]3)oc12)c1ccc(OCCCCc2ccccc2)cc1,O=C(Nc1cccc2c(=O)cc(-c3nnn[nH]3)oc12)c1ccc(OCCCCc2ccccc2)cc1,1,True,True
Mol3086,Cc1nnc(-c2ccc(N3CCC(Oc4cc(F)ccc4Cl)CC3)nn2)o1,c1ccc(OC2CCN(c3ccc(-c4nnco4)nn3)CC2)cc1,0,False,True
Mol3087,N#Cc1ccc(NS(=O)(=O)c2c[nH]c3nc(Cl)ccc23)c(F)c1,O=S(=O)(Nc1ccccc1)c1c[nH]c2ncccc12,2,False,True
Mol3091,Cc1cn2nc(-c3cc(=O)n4cc(N5CCNC6(CC6)C5)ccc4n3)cc(C)c2n1,O=c1cc(-c2ccc3nccn3n2)nc2ccc(N3CCNC4(CC4)C3)cn12,2,True,True
Mol3093,Cc1ccc(OCC2(O)CCN(CC3(O)CCN(c4ccccc4C)CC3)CC2)cc1,c1ccc(OCC2CCN(CC3CCN(c4ccccc4)CC3)CC2)cc1,4,True,True
Mol3094,CN(C(=O)c1cc(N2CCNC2=O)ccc1F)C1CCNC1,O=C(NC1CCNC1)c1cccc(N2CCNC2=O)c1,1,False,True
Mol3095,O=C(Nc1cccc(N2CCNC2=O)c1)C1NCC12CCCC2,O=C(Nc1cccc(N2CCNC2=O)c1)C1NCC12CCCC2,0,False,True
Mol3096,NCC1CCCC1NC(=O)c1cc(N2CCNC2=O)ccc1F,O=C(NC1CCCC1)c1cccc(N2CCNC2=O)c1,2,False,True
Mol3097,Cn1c(-c2n[nH]c3c2CCCC3)nnc1N1CCC2(CNC(=O)C2)C1,O=C1CC2(CCN(c3nnc(-c4n[nH]c5c4CCCC5)[nH]3)C2)CN1,4,False,True
Mol3098,Cc1nnc(-c2ccc(N3CCC(Oc4ccccc4C(F)(F)F)CC3)nn2)s1,c1ccc(OC2CCN(c3ccc(-c4nncs4)nn3)CC2)cc1,4,True,True
Mol3099,O=C(NCCc1ccccc1)c1ccc(NC(=O)N2CCCCc3ccccc32)cc1,O=C(NCCc1ccccc1)c1ccc(NC(=O)N2CCCCc3ccccc32)cc1,2,True,True
Mol3100,CC(C)(C)c1ccc(C(O)CN2CCC(O)(c3ccc4c(c3)OCO4)CC2)cc1,c1ccc(CCN2CCC(c3ccc4c(c3)OCO4)CC2)cc1,3,True,True
Mol3101,NC[C@H]1CC[C@@H](C(=O)Nc2ccc3[nH]ncc3c2)O1,O=C(Nc1ccc2[nH]ncc2c1)[C@@H]1CCCO1,2,True,True
Mol3102,CN(C(=O)c1cc(N2CCNC2=O)ccc1F)C1CCC(N)CC1,O=C(NC1CCCCC1)c1cccc(N2CCNC2=O)c1,3,False,True
Mol3103,NC1CCCC1C(=O)N1CCC(c2c[nH]c3ncccc23)CC1,O=C(C1CCCC1)N1CCC(c2c[nH]c3ncccc23)CC1,1,False,True
Mol3104,NC1CCCC(C(=O)Nc2ccc3[nH]ncc3c2)C1,O=C(Nc1ccc2[nH]ncc2c1)C1CCCCC1,4,True,True
Mol3105,NC1CC(NC(=O)c2ccc(-c3cn[nH]c3)cn2)C12CCC2,O=C(NC1CCC12CCC2)c1ccc(-c2cn[nH]c2)cn1,0,True,True
Mol3106,NC1CCC(C(=O)N2CCC(c3c[nH]c4ncccc34)CC2)C1,O=C(C1CCCC1)N1CCC(c2c[nH]c3ncccc23)CC1,1,False,True
Mol3107,NC1CCCC(C(=O)N2CCC(c3c[nH]c4ncccc34)CC2)C1,O=C(C1CCCCC1)N1CCC(c2c[nH]c3ncccc23)CC1,3,False,True
Mol3108,O=C(NC12CCCC1NCC2)c1ccc(-c2cn[nH]c2)cc1,O=C(NC12CCCC1NCC2)c1ccc(-c2cn[nH]c2)cc1,3,False,True
Mol3109,Cc1nc2cc(C(=O)NC34CCCC3NCC4)ccc2c(=O)[nH]1,O=C(NC12CCCC1NCC2)c1ccc2c(=O)[nH]cnc2c1,4,False,True
Mol3110,CNc1nc(C)cc(C(=O)Nc2ccc3[nH]ncc3c2)n1,O=C(Nc1ccc2[nH]ncc2c1)c1ccncn1,4,True,True
Mol3111,O=C(Nc1ccc(CN2CCCCC2)cc1)c1ccnc2[nH]cnc12,O=C(Nc1ccc(CN2CCCCC2)cc1)c1ccnc2[nH]cnc12,1,True,True
Mol3112,CCc1c[nH]c2ncnc(N3CCC(CN4CCN(C)CC4)CC3)c12,c1nc(N2CCC(CN3CCNCC3)CC2)c2cc[nH]c2n1,1,False,True
Mol3113,NC(=O)c1cnc(N2CCc3[nH]nc(C(F)(F)F)c3C2)c(Cl)c1,c1ccc(N2CCc3[nH]ncc3C2)nc1,0,False,True
Mol3114,NC1CCCC(C(=O)Nc2cccc(N3CCNC3=O)c2)C1,O=C(Nc1cccc(N2CCNC2=O)c1)C1CCCCC1,1,False,True
Mol3115,CC1CC(N)CCN1C(=O)c1cc(N2CCNC2=O)c(F)cc1F,O=C(c1cccc(N2CCNC2=O)c1)N1CCCCC1,1,False,True
Mol3116,c1sc(NCC2CCCO2)nc1C12CC3CC(CC(C3)C1)C2,c1sc(NCC2CCCO2)nc1C12CC3CC(CC(C3)C1)C2,1,True,True
Mol3498,CCN1CCOC(C(=O)N2CCC(c3cn[nH]c3)CC2)C1,O=C(C1CNCCO1)N1CCC(c2cn[nH]c2)CC1,0,False,True
Mol3519,NC(=O)c1noc([C@@H](CCCC2CCCCC2)CC(=O)NO)n1,c1noc(CCCCC2CCCCC2)n1,0,True,True
Mol3520,CCCCCCCCc1ccc(CC[C@](N)(CO)COP(=O)(O)O)cc1,c1ccccc1,2,True,True
Mol3521,Cc1cccc(/C=N/Nc2cc(N3CCOCC3)n3nc(-c4ccncc4)cc3n2)c1,C(=N/Nc1cc(N2CCOCC2)n2nc(-c3ccncc3)cc2n1)\c1ccccc1,2,True,True
