activity_id,molecule_id,canonical_smiles_rdkit,censoring_class,scaffold_group_key,outer_fold
14758721,CHEMBL1164729,Cc1nc(-c2ccc(OCC(C)C)c(C#N)c2)sc1C(=O)O,BELOW,c1ccc(-c2nccs2)cc1,3
14758722,CHEMBL62136,O=S(=O)(c1ccccc1)N(CC(F)(F)F)c1ccc(C(O)(C(F)(F)F)C(F)(F)F)cc1,BELOW,O=S(=O)(Nc1ccccc1)c1ccccc1,0
14758723,CHEMBL1071,O=C(O)CCc1nc(-c2ccccc2)c(-c2ccccc2)o1,BELOW,c1ccc(-c2ncoc2-c2ccccc2)cc1,2
14758725,CHEMBL1526762,Cc1cc(C)nc(SCC(N)=O)n1,BELOW,c1cncnc1,4
14758726,CHEMBL9967,CN1CCN(CC(=O)N2c3ccccc3C(=O)Nc3cccnc32)CC1,BELOW,O=C1Nc2cccnc2N(C(=O)CN2CCNCC2)c2ccccc21,3
14758727,CHEMBL112,CC(=O)Nc1ccc(O)cc1,BELOW,c1ccccc1,3
14758728,CHEMBL1290284,COc1cc(C(=O)OCCCCNC(=N)N)cc(OC)c1O,BELOW,c1ccccc1,3
14758729,CHEMBL295467,CNCCC(Oc1ccccc1OC)c1ccccc1,BELOW,c1ccc(COc2ccccc2)cc1,2
14758730,CHEMBL60066,O=C(Nc1ccc(F)cc1)c1ccc(Cl)[n+]([O-])c1,BELOW,O=C(Nc1ccccc1)c1ccc[nH+]c1,2
14758731,CHEMBL506,COc1cc(NC(C)CCCN)c2ncccc2c1,BELOW,c1ccc2ncccc2c1,1
14758732,CHEMBL2059909,CC(C)(C)NS(=O)(=O)c1cncc(-c2ccc3nc(N)nn3c2)c1,BELOW,c1cncc(-c2ccc3ncnn3c2)c1,3
14758733,CHEMBL2059910,CNC(=O)Nc1nc2ccc(-c3cncc(S(=O)(=O)NC(C)(C)C)c3)cn2n1,BELOW,c1cncc(-c2ccc3ncnn3c2)c1,3
14758734,CHEMBL22,COc1cc(Cc2cnc(N)nc2N)cc(OC)c1OC,BELOW,c1ccc(Cc2cncnc2)cc1,0
14758735,CHEMBL182380,CCN(C(=O)NCc1ccc(S(C)(=O)=O)cc1)C1CCN(CCC(c2ccccc2)c2ccccc2)CC1,BELOW,O=C(NCc1ccccc1)NC1CCN(CCC(c2ccccc2)c2ccccc2)CC1,1
14758736,CHEMBL190243,C[C@@H](C(=O)NCCN1CCCC1)c1ccc(OS(=O)(=O)C(F)(F)F)cc1,BELOW,O=C(Cc1ccccc1)NCCN1CCCC1,4
14758737,CHEMBL2207670,CS(=O)(=O)c1ccc2c(C(=O)NC[C@@H](O)CN3CCC(Oc4ccc(C#N)c(Cl)c4)CC3)c[nH]c(=O)c2c1,BELOW,O=C(NCCCN1CCC(Oc2ccccc2)CC1)c1c[nH]c(=O)c2ccccc12,2
14758738,CHEMBL2158836,O=C(O)[C@@H](Cc1ccccc1)N1CCC(CN2CCC(Oc3ccc(Cl)c(Cl)c3)CC2)CC1,BELOW,c1ccc(CCN2CCC(CN3CCC(Oc4ccccc4)CC3)CC2)cc1,1
14758739,CHEMBL2158831,O=C(O)c1ccccc1CN1CCC(CN2CCC(Oc3ccc(Cl)c(Cl)c3)CC2)CC1,BELOW,c1ccc(CN2CCC(CN3CCC(Oc4ccccc4)CC3)CC2)cc1,3
14758740,CHEMBL1800528,COc1ccnc(CCc2nc3c(C)ccnc3[nH]2)c1,BELOW,c1ccc(CCc2nc3cccnc3[nH]2)nc1,4
14758741,CHEMBL379866,CC(C)c1nnc2ccc(-c3ocnc3-c3cc(F)ccc3F)cn12,BELOW,c1ccc(-c2ncoc2-c2ccc3nncn3c2)cc1,3
14758742,CHEMBL2171033,O=C(NS(=O)(=O)c1ccccc1)N1CCC(N2CCC(Oc3ccc(Cl)c(Cl)c3)CC2)CC1,BELOW,O=C(NS(=O)(=O)c1ccccc1)N1CCC(N2CCC(Oc3ccccc3)CC2)CC1,4
14758743,CHEMBL1399574,CCOc1ccc(NC(=O)CCc2c(C)nc3nc(C)nn3c2C)cc1,BELOW,O=C(CCc1cnc2ncnn2c1)Nc1ccccc1,1
14758744,CHEMBL2158821,O=C(O)[C@@H](c1ccccc1)N1CCC(CN2CCC(Oc3ccc(Cl)c(Cl)c3)CC2)CC1,BELOW,c1ccc(CN2CCC(CN3CCC(Oc4ccccc4)CC3)CC2)cc1,3
14758745,CHEMBL256963,Clc1ccc2ncc(-c3cccc(NC4CNC4)n3)n2c1,BELOW,c1cc(NC2CNC2)nc(-c2cnc3ccccn23)c1,4
14758747,CHEMBL2207663,Cc1cc(Cl)ccc1OC1CCN(C[C@H](O)CNC(=O)c2c[nH]c(=O)cc2C(F)(F)F)CC1,BELOW,O=C(NCCCN1CCC(Oc2ccccc2)CC1)c1ccc(=O)[nH]c1,3
14758748,CHEMBL364714,C[C@@H](C(N)=O)c1ccc(OS(=O)(=O)C(F)(F)F)cc1,BELOW,c1ccccc1,3
14758749,CHEMBL1934421,Cc1ccc(S(=O)(=O)Nc2c(C(=O)N[C@@H](C)C(C)(C)C)c(C)nn2C2CCN(CC(F)(F)F)CC2)cc1,BELOW,O=S(=O)(Nc1ccnn1C1CCNCC1)c1ccccc1,1
14758750,CHEMBL413065,CCc1nc2c(N)nc3ccccc3c2n1CC(C)C,BELOW,c1ccc2c(c1)ncc1nc[nH]c12,0
14758751,CHEMBL2171038,Cc1ccccc1S(=O)(=O)NC(=O)N1CCC(N2CCC(Oc3ccc(Cl)c(Cl)c3)CC2)CC1,BELOW,O=C(NS(=O)(=O)c1ccccc1)N1CCC(N2CCC(Oc3ccccc3)CC2)CC1,4
14758752,CHEMBL578288,N#CN=C(N)c1sc(Nc2ccccc2)nc1N,BELOW,c1ccc(Nc2nccs2)cc1,2
14758753,CHEMBL1092926,Fc1cc(-c2cccc3ncc(-c4cnn(C5CCNCC5)c4)nc23)cc(F)c1CN1CCOCC1,BELOW,c1cc(-c2ccc(CN3CCOCC3)cc2)c2nc(-c3cnn(C4CCNCC4)c3)cnc2c1,0
14758754,CHEMBL2158819,O=C(O)C(c1ccccc1)N1CCC(CN2CCC(Oc3ccc(Cl)c(Cl)c3)CC2)CC1,BELOW,c1ccc(CN2CCC(CN3CCC(Oc4ccccc4)CC3)CC2)cc1,3
14758755,CHEMBL2207283,Cc1c(Cl)ccc(OC2CCN(C[C@H](O)CNC(=O)c3c[nH]c(=O)c4ccc(S(C)(=O)=O)cc34)CC2)c1Cl,BELOW,O=C(NCCCN1CCC(Oc2ccccc2)CC1)c1c[nH]c(=O)c2ccccc12,2
14758756,CHEMBL2071614,CC(C)(O)c1ccc(Nc2nc3ccc(C#N)cc3[nH]2)cc1,BELOW,c1ccc(Nc2nc3ccccc3[nH]2)cc1,1
14758757,CHEMBL1778621,CS(=O)(=O)c1ccc(-c2cc(C(F)(F)F)ccc2OCC(=O)O)cc1,BELOW,c1ccc(-c2ccccc2)cc1,0
14758758,CHEMBL2325503,CS(=O)(=O)c1ccc(-c2nnc(/C=C/c3nnc(-c4ccc(C#N)cc4)o3)n2-c2ccccc2Cl)nc1,BELOW,C(=C/c1nnc(-c2ccccn2)n1-c1ccccc1)\c1nnc(-c2ccccc2)o1,2
14758759,CHEMBL213494,Cc1ccc2c(c1)c(-c1ccnc3c(S(C)(=O)=O)cccc13)c(C)n2CC(=O)O,BELOW,c1ccc2c(-c3c[nH]c4ccccc34)ccnc2c1,4
14758760,CHEMBL1778643,CCc1ccc(OCC(=O)O)c(-c2ccc(S(C)(=O)=O)cc2)c1,BELOW,c1ccc(-c2ccccc2)cc1,0
14758761,CHEMBL2171024,O=C(O)c1cccc(C(=O)N2CCC(N3CCC(Oc4ccc(Cl)c(Cl)c4)CC3)CC2)c1,BELOW,O=C(c1ccccc1)N1CCC(N2CCC(Oc3ccccc3)CC2)CC1,3
14758762,CHEMBL1917449,CC(=O)Nc1cccc2c1c(S(=O)(=O)c1ccc(Cl)cc1)c(C)n2CC(=O)O,BELOW,O=S(=O)(c1ccccc1)c1c[nH]c2ccccc12,2
14758763,CHEMBL1778649,CCS(=O)(=O)c1ccc(-c2cc(C(F)(F)F)ccc2O[C@@H](C)C(=O)O)c(C)c1,BELOW,c1ccc(-c2ccccc2)cc1,0
14758764,CHEMBL2171040,COc1ccccc1S(=O)(=O)NC(=O)N1CCC(N2CCC(Oc3ccc(Cl)c(Cl)c3)CC2)CC1,BELOW,O=C(NS(=O)(=O)c1ccccc1)N1CCC(N2CCC(Oc3ccccc3)CC2)CC1,4
14758765,CHEMBL1917456,Cc1c(Oc2ccc(Cl)cc2)c2c(NS(C)(=O)=O)cccc2n1CC(=O)O,BELOW,c1ccc(Oc2c[nH]c3ccccc23)cc1,4
14758766,CHEMBL2207659,Cc1cc(Cl)ccc1OC1CCN(C[C@H](O)CNC(=O)c2c[nH]nc2C(F)(F)F)CC1,BELOW,O=C(NCCCN1CCC(Oc2ccccc2)CC1)c1cn[nH]c1,4
14758767,CHEMBL2158826,O=C(O)Cc1cccc(N2CCC(CN3CCC(Oc4ccc(Cl)c(Cl)c4)CC3)CC2)c1,BELOW,c1ccc(OC2CCN(CC3CCN(c4ccccc4)CC3)CC2)cc1,1
14758768,CHEMBL2171039,O=C(NS(=O)(=O)c1ccccc1Cl)N1CCC(N2CCC(Oc3ccc(Cl)c(Cl)c3)CC2)CC1,BELOW,O=C(NS(=O)(=O)c1ccccc1)N1CCC(N2CCC(Oc3ccccc3)CC2)CC1,4
14758769,CHEMBL315708,c1ccc(-c2[nH]nc3ccccc23)cc1,BELOW,c1ccc(-c2[nH]nc3ccccc23)cc1,3
14758770,CHEMBL1778635,N#Cc1ccc(F)c(-c2cc(C(F)(F)F)ccc2OCC(=O)O)c1,BELOW,c1ccc(-c2ccccc2)cc1,0
14758771,CHEMBL1778641,CCS(=O)(=O)c1ccc(-c2cc(Cl)ccc2OCC(=O)O)cc1,BELOW,c1ccc(-c2ccccc2)cc1,0
14758772,CHEMBL1778652,CCS(=O)(=O)c1ccc(-c2cc(C(F)(F)F)ccc2CCC(=O)O)c(C)c1,BELOW,c1ccc(-c2ccccc2)cc1,0
14758773,CHEMBL1689133,C[C@H](Oc1ccc(Cl)cc1CN1CCN(C(=O)Cc2ccc(Cl)cc2)[C@@H](C)C1)C(=O)O,BELOW,O=C(Cc1ccccc1)N1CCN(Cc2ccccc2)CC1,3
14758774,CHEMBL2207658,O=C(NC[C@@H](O)CN1CCC(Oc2ccc(Cl)c(Cl)c2)CC1)c1c[nH]nc1C(F)(F)F,BELOW,O=C(NCCCN1CCC(Oc2ccccc2)CC1)c1cn[nH]c1,4
14758775,CHEMBL2158827,O=C(O)Cc1ccc(N2CCC(CN3CCC(Oc4ccc(Cl)c(Cl)c4)CC3)CC2)cc1,BELOW,c1ccc(OC2CCN(CC3CCN(c4ccccc4)CC3)CC2)cc1,1
14758776,CHEMBL2208430,O=C(NC[C@@H](O)CN1CCC(Oc2ccc(Cl)c(Cl)c2)CC1)c1c[nH]c2ccccc12,BELOW,O=C(NCCCN1CCC(Oc2ccccc2)CC1)c1c[nH]c2ccccc12,3
14758777,CHEMBL2208434,O=C(NC[C@@H](O)CN1CCC(Oc2ccc(Cl)c(Cl)c2)CC1)c1cc(=O)[nH]c2ccccc12,BELOW,O=C(NCCCN1CCC(Oc2ccccc2)CC1)c1cc(=O)[nH]c2ccccc12,2
14758778,CHEMBL213495,Cc1ccc2c(c1)c(-c1ccnc3c(C#N)cccc13)c(C)n2CC(=O)O,BELOW,c1ccc2c(-c3c[nH]c4ccccc34)ccnc2c1,4
14758779,CHEMBL2181808,Cc1c(CC(=O)O)c2cc(F)ccc2n1Cc1nc2ccccc2s1,BELOW,c1ccc2c(c1)ccn2Cc1nc2ccccc2s1,0
14758780,CHEMBL257830,N#Cc1ccc2[nH]c(-c3ccc(F)cc3)c(CCCC(=O)NS(N)(=O)=O)c2c1,BELOW,c1ccc(-c2cc3ccccc3[nH]2)cc1,2
14758781,CHEMBL2171022,O=C(O)COc1cccc(C(=O)N2CCC(N3CCC(Oc4ccc(Cl)c(Cl)c4)CC3)CC2)c1,BELOW,O=C(c1ccccc1)N1CCC(N2CCC(Oc3ccccc3)CC2)CC1,3
14758782,CHEMBL440405,CS(=O)(=O)NC(=O)CCCc1c(-c2ccc(F)cc2)[nH]c2ccc(C#N)cc12,BELOW,c1ccc(-c2cc3ccccc3[nH]2)cc1,2
14758783,CHEMBL1917431,Cc1c(Sc2ccc(Cl)cc2)c2cc(S(C)(=O)=O)ccc2n1CC(=O)O,BELOW,c1ccc(Sc2c[nH]c3ccccc23)cc1,2
14758784,CHEMBL2171036,COc1ccc(S(=O)(=O)NC(=O)N2CCC(N3CCC(Oc4ccc(Cl)c(Cl)c4)CC3)CC2)cc1,BELOW,O=C(NS(=O)(=O)c1ccccc1)N1CCC(N2CCC(Oc3ccccc3)CC2)CC1,4
14758785,CHEMBL213854,Cc1ccc2c(c1)c(-c1ccnc3c(F)cccc13)c(C)n2CC(=O)O,BELOW,c1ccc2c(-c3c[nH]c4ccccc34)ccnc2c1,4
14758786,CHEMBL402728,Cc1nc(CSc2nc(N[C@H](C)CO)c3sc(=O)[nH]c3n2)cs1,BELOW,O=c1[nH]c2nc(SCc3cscn3)ncc2s1,1
14758787,CHEMBL1917443,Cc1ccc2c(c1)c(Sc1ccc(S(C)(=O)=O)cc1)c(C)n2CC(=O)O,BELOW,c1ccc(Sc2c[nH]c3ccccc23)cc1,2
14758788,CHEMBL2158825,O=C(O)Cc1ccccc1N1CCC(CN2CCC(Oc3ccc(Cl)c(Cl)c3)CC2)CC1,BELOW,c1ccc(OC2CCN(CC3CCN(c4ccccc4)CC3)CC2)cc1,1
14758789,CHEMBL98760,CC(C)NC(=O)c1ccc2c(Nc3ccc(Cl)cc3)nc(N3CCOCC3)nc2c1,BELOW,c1ccc(Nc2nc(N3CCOCC3)nc3ccccc23)cc1,1
14758790,CHEMBL1917447,Cc1c(S(=O)(=O)c2ccc(Cl)cc2)c2cc(F)ccc2n1CC(=O)O,BELOW,O=S(=O)(c1ccccc1)c1c[nH]c2ccccc12,2
14758791,CHEMBL1778612,O=C(O)COc1ccc([N+](=O)[O-])cc1-c1ccccc1,BELOW,c1ccc(-c2ccccc2)cc1,0
14758792,CHEMBL214304,Cc1ccc2c(c1)c(-c1ccnc3cc(C(F)(F)F)ccc13)c(C)n2CC(=O)O,BELOW,c1ccc2c(-c3c[nH]c4ccccc34)ccnc2c1,4
14758793,CHEMBL1082376,CCCCCCc1nc2c(N)nc3ccccc3c2n1Cc1ccccc1,BELOW,c1ccc(Cn2cnc3cnc4ccccc4c32)cc1,2
14758794,CHEMBL1917438,Cc1c(Sc2ccc(Cl)cc2)c2c(-c3ccccc3)cccc2n1CC(=O)O,BELOW,c1ccc(Sc2c[nH]c3cccc(-c4ccccc4)c23)cc1,2
14758795,CHEMBL1778645,CCS(=O)(=O)c1ccc(-c2cc(Cl)ccc2OCC(=O)O)c(C)c1,BELOW,c1ccc(-c2ccccc2)cc1,0
14758796,CHEMBL239767,O=C(Nc1ccc([N+](=O)[O-])cc1O)Nc1ccccc1Br,BELOW,O=C(Nc1ccccc1)Nc1ccccc1,3
14758797,CHEMBL2058529,O=C(O)CCc1ccc(OCc2cc(Cl)ccc2-c2ccccc2)cc1,BELOW,c1ccc(OCc2ccccc2-c2ccccc2)cc1,1
14758798,CHEMBL249584,OC[C@H]1C[C@@H](n2nnc3c(N[C@@H]4C[C@H]4c4ccccc4)nc(SCCC(F)(F)F)nc32)[C@H](O)[C@@H]1O,BELOW,c1ccc([C@@H]2C[C@H]2Nc2ncnc3c2nnn3C2CCCC2)cc1,3
14758799,CHEMBL370657,Cn1c(-c2ccccc2C(F)(F)F)nnc1C12CCC(c3noc(-c4ccc(F)cc4)n3)(CC1)CC2,BELOW,c1ccc(-c2nnc(C34CCC(c5noc(-c6ccccc6)n5)(CC3)CC4)[nH]2)cc1,4
14758800,CHEMBL274713,CCCSc1nc(N[C@@H]2C[C@H]2c2ccccc2)c2nnn([C@@H]3C[C@H](OCCO)[C@@H](O)[C@H]3O)c2n1,BELOW,c1ccc([C@@H]2C[C@H]2Nc2ncnc3c2nnn3C2CCCC2)cc1,3
14758801,CHEMBL2364624,O=C(O)C[C@H]1CC[C@H](c2ccc(-c3ccc(Nc4ccc(C(F)(F)F)nc4)cn3)cc2)CC1,BELOW,c1cncc(Nc2ccc(-c3ccc(C4CCCCC4)cc3)nc2)c1,2
14758802,CHEMBL1829783,C[C@@H](c1ccc(-c2ccc(F)cc2F)cc1)N1CC[C@@](CCO)(c2ccc(F)cc2)OC1=O,BELOW,O=C1OC(c2ccccc2)CCN1Cc1ccc(-c2ccccc2)cc1,4
14758803,CHEMBL1975242,O=C(Nc1nc2c(=O)[nH]cnc2s1)c1ccccc1,BELOW,O=C(Nc1nc2c(=O)[nH]cnc2s1)c1ccccc1,2
14758804,CHEMBL257167,NC(=O)Nc1sc(-c2ccc(F)cc2)cc1C(N)=O,BELOW,c1ccc(-c2cccs2)cc1,0
14758805,CHEMBL370552,CCN(C(=O)Cc1ccc(S(C)(=O)=O)cc1)C1CCN(CCC(c2ccccc2)c2ccc(NC(=O)C(C)(C)C)cc2)CC1,BELOW,O=C(Cc1ccccc1)NC1CCN(CCC(c2ccccc2)c2ccccc2)CC1,4
14758806,CHEMBL203567,Nc1c(C(=O)c2cccc(OC[C@@H](O)CO)c2)cnn1-c1ccc(F)cc1,BELOW,O=C(c1ccccc1)c1cnn(-c2ccccc2)c1,0
14758807,CHEMBL361546,O=c1c2sccc2n(CC2COc3ccccc3O2)c(=O)n1O,BELOW,O=c1[nH]c(=O)n(CC2COc3ccccc3O2)c2ccsc12,1
14758808,CHEMBL180334,CN(C(=O)Cc1ccc(F)cc1)C1CCN(CCC(c2ccccc2)c2ccccc2)CC1,BELOW,O=C(Cc1ccccc1)NC1CCN(CCC(c2ccccc2)c2ccccc2)CC1,4
14758809,CHEMBL205133,Nc1c(C(=O)c2cccc(OC[C@H](O)CO)c2)cnn1-c1ccc(F)cc1,BELOW,O=C(c1ccccc1)c1cnn(-c2ccccc2)c1,0
14758810,CHEMBL198114,CCN(C(=O)Cc1ccc(S(C)(=O)=O)cc1)C1CCN(CCC(c2ccccc2)c2ccc(NS(C)(=O)=O)cc2)CC1,BELOW,O=C(Cc1ccccc1)NC1CCN(CCC(c2ccccc2)c2ccccc2)CC1,4
14758811,CHEMBL212731,CCN(C(=O)Cc1ccc(S(C)(=O)=O)cc1)C1CCN(CC[C@H](c2ccc(S(C)(=O)=O)cc2)c2cccc(F)c2)CC1,BELOW,O=C(Cc1ccccc1)NC1CCN(CCC(c2ccccc2)c2ccccc2)CC1,4
14758812,CHEMBL372052,C[C@@H](C(=O)O)c1cccc(C(=O)c2ccccc2)c1,BELOW,O=C(c1ccccc1)c1ccccc1,1
14758813,CHEMBL2031236,Cc1ccc(NC(=O)c2cscn2)cc1-n1cnc2ccc(N3CCN(C)CC3)cc2c1=O,BELOW,O=C(Nc1cccc(-n2cnc3ccc(N4CCNCC4)cc3c2=O)c1)c1cscn1,1
14758814,CHEMBL1645494,CNC(=O)Cc1ccc2c(=O)cc(-c3cccnc3)[nH]c2c1,BELOW,O=c1cc(-c2cccnc2)[nH]c2ccccc12,1
14758815,CHEMBL2031237,Cc1ccc(NC(=O)c2cncs2)cc1-n1cnc2ccc(N3CCN(C)CC3)cc2c1=O,BELOW,O=C(Nc1cccc(-n2cnc3ccc(N4CCNCC4)cc3c2=O)c1)c1cncs1,4
14758816,CHEMBL254370,CC[C@@H](Nc1c(Nc2cccc(C(=O)N(C)C)c2O)c(=O)c1=O)c1ccccc1,BELOW,O=c1c(NCc2ccccc2)c(Nc2ccccc2)c1=O,0
14758817,CHEMBL198497,CCN(C(=O)Cc1ccc(S(C)(=O)=O)cc1)C1CCN(CCC(c2ccccc2)c2ccc(NC(C)=O)cc2)CC1,BELOW,O=C(Cc1ccccc1)NC1CCN(CCC(c2ccccc2)c2ccccc2)CC1,4
14758818,CHEMBL128,CNS(=O)(=O)Cc1ccc2[nH]cc(CCN(C)C)c2c1,BELOW,c1ccc2[nH]ccc2c1,2
14758819,CHEMBL1917435,CNC(=O)c1cccc2c1c(Sc1ccc(Cl)cc1)c(C)n2CC(=O)O,BELOW,c1ccc(Sc2c[nH]c3ccccc23)cc1,2
14758820,CHEMBL1917450,Cc1c(S(=O)(=O)c2ccc(Cl)cc2)c2c(NS(C)(=O)=O)cccc2n1CC(=O)O,BELOW,O=S(=O)(c1ccccc1)c1c[nH]c2ccccc12,2
14758821,CHEMBL1778633,Cc1cc(N(C)S(C)(=O)=O)ccc1-c1cc(C(F)(F)F)ccc1OCC(=O)O,BELOW,c1ccc(-c2ccccc2)cc1,0
14758822,CHEMBL443,Cc1cc(NS(=O)(=O)c2ccc(N)cc2)no1,BELOW,O=S(=O)(Nc1ccon1)c1ccccc1,4
14758823,CHEMBL403963,C(=C/c1nn[nH]n1)\c1ccccc1,BELOW,C(=C/c1nn[nH]n1)\c1ccccc1,2
14758824,CHEMBL1917459,CCS(=O)(=O)Nc1cccc2c1c(Oc1ccc(Cl)cc1)c(C)n2CC(=O)O,BELOW,c1ccc(Oc2c[nH]c3ccccc23)cc1,4
14758825,CHEMBL2023265,O=C(O)CSCC(=O)Nc1nc(-c2ccc(F)cc2)cs1,BELOW,c1ccc(-c2cscn2)cc1,1
14758826,CHEMBL75435,C[C@H](C(=O)O)c1cccc(C(=O)c2ccccc2)c1,BELOW,O=C(c1ccccc1)c1ccccc1,1
14758827,CHEMBL700,Nc1ccc(S(=O)(=O)Nc2ccccn2)cc1,BELOW,O=S(=O)(Nc1ccccn1)c1ccccc1,0
14758828,CHEMBL15770,CC1=C(CC(=O)O)c2cc(F)ccc2/C1=C\c1ccc([S+](C)[O-])cc1,BELOW,C1=Cc2ccccc2/C1=C\c1ccccc1,0
14758829,CHEMBL153370,CC(C)C[C@H](NC(=O)N1CCOCC1)C(=O)NCC#N,BELOW,C1COCCN1,3
14758830,CHEMBL1778616,O=C(O)COc1ccc(Br)cc1-c1ccccc1,BELOW,c1ccc(-c2ccccc2)cc1,0
14758831,CHEMBL1777822,Cc1ccc(C#N)cc1-c1cc(C(F)(F)F)ccc1OCC(=O)O,BELOW,c1ccc(-c2ccccc2)cc1,0
14758832,CHEMBL1276946,Cc1c2c(=O)n(-c3ccccc3Cl)[nH]c2cc(=O)n1Cc1ccccn1,BELOW,O=c1cc2[nH]n(-c3ccccc3)c(=O)c2cn1Cc1ccccn1,3
14758833,CHEMBL1917458,CCS(=O)(=O)c1ccc(Oc2c(C)n(CC(=O)O)c3ccc(C(F)(F)F)cc23)cc1,BELOW,c1ccc(Oc2c[nH]c3ccccc23)cc1,4
14758834,CHEMBL1016,CCOc1nc2cccc(C(=O)O)c2n1Cc1ccc(-c2ccccc2-c2nnn[nH]2)cc1,BELOW,c1ccc(-c2nnn[nH]2)c(-c2ccc(Cn3cnc4ccccc43)cc2)c1,0
14758835,CHEMBL1789148,CCC(CCNC)Oc1cc(Cl)ccc1C#N,BELOW,c1ccccc1,3
14758836,CHEMBL1916287,Cc1nn(-c2ccc(F)cc2)c(NS(=O)(=O)c2cccnc2)c1C(=O)N[C@@H](C)C(C)(C)C,BELOW,O=S(=O)(Nc1ccnn1-c1ccccc1)c1cccnc1,4
14758837,CHEMBL1689116,O=C(O)COc1ccc(Cl)cc1CN1CCC(S(=O)(=O)c2ccccc2)CC1,BELOW,O=S(=O)(c1ccccc1)C1CCN(Cc2ccccc2)CC1,3
14758838,CHEMBL1689134,C[C@H]1CN(Cc2cc(Cl)ccc2OC(C)(C)C(=O)O)CCN1S(=O)(=O)c1ccccc1,BELOW,O=S(=O)(c1ccccc1)N1CCN(Cc2ccccc2)CC1,1
14758839,CHEMBL8232,COc1cccc(Oc2cncnc2O)c1,BELOW,c1ccc(Oc2cncnc2)cc1,3
14758840,CHEMBL1689122,CC1CN(S(=O)(=O)c2ccccc2)CCN1Cc1cc(Cl)ccc1OCC(=O)O,BELOW,O=S(=O)(c1ccccc1)N1CCN(Cc2ccccc2)CC1,1
14758841,CHEMBL1689125,C[C@@H]1CN(Cc2cc(Cl)ccc2OCC(=O)O)C[C@H](C)N1C(=O)Cc1ccccc1,BELOW,O=C(Cc1ccccc1)N1CCN(Cc2ccccc2)CC1,3
14758842,CHEMBL2171050,Cc1ccc(S(=O)(=O)NC(=O)N2CCC(N3CCC(Oc4ccc(F)c(F)c4)CC3)CC2)cc1,BELOW,O=C(NS(=O)(=O)c1ccccc1)N1CCC(N2CCC(Oc3ccccc3)CC2)CC1,4
14758843,CHEMBL1689130,C[C@H]1CN(Cc2cc(Cl)ccc2OCC(=O)O)CCN1C(=O)Cc1cccc(Cl)c1,BELOW,O=C(Cc1ccccc1)N1CCN(Cc2ccccc2)CC1,3
14758844,CHEMBL1917430,Cc1c(Sc2ccc(Cl)cc2)c2ccc(S(C)(=O)=O)cc2n1CC(=O)O,BELOW,c1ccc(Sc2c[nH]c3ccccc23)cc1,2
14758845,CHEMBL272842,O=C(O)[C@H](Cc1ccccc1)N1CCC(CN2CCC(Oc3ccc(CO)c(Cl)c3)CC2)CC1,BELOW,c1ccc(CCN2CCC(CN3CCC(Oc4ccccc4)CC3)CC2)cc1,1
14758846,CHEMBL1043,Nc1ccc(S(=O)(=O)c2ccc(N)cc2)cc1,BELOW,O=S(=O)(c1ccccc1)c1ccccc1,1
14758847,CHEMBL1789328,N#Cc1cc(Cl)ccc1O[C@H](CCN)c1ccccc1,BELOW,c1ccc(COc2ccccc2)cc1,2
14758848,CHEMBL1917444,COc1ccc(Sc2c(C)n(CC(=O)O)c3ccc(C)cc23)cc1,BELOW,c1ccc(Sc2c[nH]c3ccccc23)cc1,2
14758849,CHEMBL1689114,O=C(O)COc1ccc(Cl)cc1CN1CCCN(S(=O)(=O)c2ccccc2)CC1,BELOW,O=S(=O)(c1ccccc1)N1CCCN(Cc2ccccc2)CC1,1
14758850,CHEMBL1194759,CCCC1CCCCC(N)=N1,BELOW,C1=NCCCCC1,3
14758851,CHEMBL2158833,O=C(O)c1ccc(CN2CCC(CN3CCC(Oc4ccc(Cl)c(Cl)c4)CC3)CC2)cc1,BELOW,c1ccc(CN2CCC(CN3CCC(Oc4ccccc4)CC3)CC2)cc1,3
14758852,CHEMBL1689137,C[C@H]1CN(Cc2cc(Cl)ccc2CC(=O)O)CCN1S(=O)(=O)Cc1ccccc1,BELOW,O=S(=O)(Cc1ccccc1)N1CCN(Cc2ccccc2)CC1,2
14758853,CHEMBL437526,CCO[C@@H]1OC(=O)C[C@@H]1NC(=O)[C@@H]1CCCN2C(=O)CC[C@H](NC(=O)c3nccc4ccccc34)C(=O)N12,BELOW,O=C1C[C@H](NC(=O)[C@@H]2CCCN3C(=O)CC[C@H](NC(=O)c4nccc5ccccc45)C(=O)N23)CO1,3
14758854,CHEMBL2158832,O=C(O)c1cccc(CN2CCC(CN3CCC(Oc4ccc(Cl)c(Cl)c4)CC3)CC2)c1,BELOW,c1ccc(CN2CCC(CN3CCC(Oc4ccccc4)CC3)CC2)cc1,3
14758855,CHEMBL1917454,Cc1c(Oc2ccc(Cl)cc2)c2cc(F)ccc2n1CC(=O)O,BELOW,c1ccc(Oc2c[nH]c3ccccc23)cc1,4
14758856,CHEMBL1789224,CNCC[C@@H](Oc1cc(C(F)(F)F)ccc1C#N)c1ccccc1,BELOW,c1ccc(COc2ccccc2)cc1,2
14758857,CHEMBL373351,CCc1nc2c(N)nc3ccccc3c2n1CC(C)(C)O,BELOW,c1ccc2c(c1)ncc1nc[nH]c12,0
14758858,CHEMBL1778630,O=C(O)COc1ccc(C(F)(F)F)cc1-c1ccccc1-c1ccccc1,BELOW,c1ccc(-c2ccccc2-c2ccccc2)cc1,2
14758859,CHEMBL44793,O=C(/C=C/c1c(C(=O)O)[nH]c2cc(Cl)cc(Cl)c12)Nc1ccccc1,BELOW,O=C(/C=C/c1c[nH]c2ccccc12)Nc1ccccc1,2
14758860,CHEMBL2171046,Cc1ccc(S(=O)(=O)NC(=O)N2CCC(N3CCC(Oc4ccc(Cl)cc4Cl)CC3)CC2)cc1,BELOW,O=C(NS(=O)(=O)c1ccccc1)N1CCC(N2CCC(Oc3ccccc3)CC2)CC1,4
14758861,CHEMBL1689136,C[C@H]1CN(Cc2cc(Cl)ccc2CCC(=O)O)CCN1C(=O)Cc1ccccc1,BELOW,O=C(Cc1ccccc1)N1CCN(Cc2ccccc2)CC1,3
14758862,CHEMBL2031466,Cc1ccc(C(=O)NC(C)C)cc1-n1cnc2ccc(N3CCN(C)CC3)cc2c1=O,BELOW,O=c1c2cc(N3CCNCC3)ccc2ncn1-c1ccccc1,0
14758863,CHEMBL272282,Cn1c(=N)n(CC(=O)c2ccc(Cl)cc2)c2ccccc21,BELOW,N=c1[nH]c2ccccc2n1CC(=O)c1ccccc1,1
14758864,CHEMBL1689135,C[C@H]1CN(Cc2cc(Cl)ccc2CC(=O)O)CCN1C(=O)Cc1ccc(Cl)cc1,BELOW,O=C(Cc1ccccc1)N1CCN(Cc2ccccc2)CC1,3
14758865,CHEMBL1773254,O=C(O)CCc1ccc(OCc2cccc(Br)c2)cc1,BELOW,c1ccc(COc2ccccc2)cc1,2
14758866,CHEMBL1409708,CN(C)c1ccnc2sc(C(N)=O)c(N)c12,BELOW,c1cnc2sccc2c1,4
14758867,CHEMBL2158817,O=C(O)C(c1ccccc1)N1CCO[C@@H](CN2CCC(Oc3ccc(Cl)c(Cl)c3)CC2)C1,BELOW,c1ccc(CN2CCO[C@@H](CN3CCC(Oc4ccccc4)CC3)C2)cc1,4
14758868,CHEMBL1917442,Cc1ccc2c(c1)c(Sc1ccccc1Cl)c(C)n2CC(=O)O,BELOW,c1ccc(Sc2c[nH]c3ccccc23)cc1,2
14758869,CHEMBL2171023,O=C(O)c1ccccc1C(=O)N1CCC(N2CCC(Oc3ccc(Cl)c(Cl)c3)CC2)CC1,BELOW,O=C(c1ccccc1)N1CCC(N2CCC(Oc3ccccc3)CC2)CC1,3
14758870,CHEMBL1420171,Cc1ccc2c(c1)c(Sc1ccccc1)c(CC(=O)O)n2C,BELOW,c1ccc(Sc2c[nH]c3ccccc23)cc1,2
14758871,CHEMBL2031235,Cc1ccc(NC(=O)c2ccno2)cc1-n1cnc2ccc(N3CCN(C)CC3)cc2c1=O,BELOW,O=C(Nc1cccc(-n2cnc3ccc(N4CCNCC4)cc3c2=O)c1)c1ccno1,0
14758872,CHEMBL53366,Cc1nccn1CCC(C(N)=O)(c1ccccc1)c1ccccc1,BELOW,c1ccc(C(CCn2ccnc2)c2ccccc2)cc1,3
14758873,CHEMBL2171044,N#Cc1cccc(S(=O)(=O)NC(=O)N2CCC(N3CCC(Oc4ccc(Cl)c(Cl)c4)CC3)CC2)c1,BELOW,O=C(NS(=O)(=O)c1ccccc1)N1CCC(N2CCC(Oc3ccccc3)CC2)CC1,4
14758874,CHEMBL2158781,Cc1cc(F)ccc1OC1CCN(CC2CCN([C@@H](Cc3ccc(F)cc3)C(=O)O)CC2)CC1,BELOW,c1ccc(CCN2CCC(CN3CCC(Oc4ccccc4)CC3)CC2)cc1,1
14758875,CHEMBL1917426,Cc1c(Sc2ccc(Cl)cc2)c2cc(F)ccc2n1CC(=O)O,BELOW,c1ccc(Sc2c[nH]c3ccccc23)cc1,2
14758876,CHEMBL2158778,O=C(O)[C@H](Cc1ccc(F)cc1)N1CCC(CN2CCC(Oc3ccc(Cl)cc3)CC2)CC1,BELOW,c1ccc(CCN2CCC(CN3CCC(Oc4ccccc4)CC3)CC2)cc1,1
14758877,CHEMBL1917423,Cc1c(Sc2ccc(Cl)cc2)c2cccc(Cl)c2n1CC(=O)O,BELOW,c1ccc(Sc2c[nH]c3ccccc23)cc1,2
14758878,CHEMBL112747,COc1ccnc(NC2CCN(C(=O)c3ccccc3)CC2)c1,BELOW,O=C(c1ccccc1)N1CCC(Nc2ccccn2)CC1,0
14758879,CHEMBL2332936,CC(=O)Nc1ccc(O)cc1OC[C@@H](O)CN1CCC2(CC1)Cc1cc(F)ccc1O2,BELOW,c1ccc(OCCCN2CCC3(CC2)Cc2ccccc2O3)cc1,3
14758880,CHEMBL2171215,O=C(NS(=O)(=O)Cc1ccccc1)N1CCC(N2CCC(Oc3ccc(Cl)c(Cl)c3)CC2)CC1,BELOW,O=C(NS(=O)(=O)Cc1ccccc1)N1CCC(N2CCC(Oc3ccccc3)CC2)CC1,2
14758881,CHEMBL1917425,Cc1c(Sc2ccc(Cl)cc2)c2c(Cl)cccc2n1CC(=O)O,BELOW,c1ccc(Sc2c[nH]c3ccccc23)cc1,2
14758882,CHEMBL2207282,NS(=O)(=O)c1ccc2c(C(=O)NC[C@@H](O)CN3CCC(Oc4ccc(Cl)c(Cl)c4)CC3)c[nH]c(=O)c2c1,BELOW,O=C(NCCCN1CCC(Oc2ccccc2)CC1)c1c[nH]c(=O)c2ccccc12,2
14758883,CHEMBL1917427,Cc1c(F)ccc2c1c(Sc1ccc(Cl)cc1)c(C)n2CC(=O)O,BELOW,c1ccc(Sc2c[nH]c3ccccc23)cc1,2
14758884,CHEMBL2171025,O=C(c1ccc(-c2noc(=O)[nH]2)cc1)N1CCC(N2CCC(Oc3ccc(Cl)c(Cl)c3)CC2)CC1,BELOW,O=C(c1ccc(-c2noc(=O)[nH]2)cc1)N1CCC(N2CCC(Oc3ccccc3)CC2)CC1,3
14758885,CHEMBL2158770,N#Cc1cccc(C[C@@H](C(=O)O)N2CCC(CN3CCC(Oc4ccc(Cl)c(Cl)c4)CC3)CC2)c1,BELOW,c1ccc(CCN2CCC(CN3CCC(Oc4ccccc4)CC3)CC2)cc1,1
14758886,CHEMBL2158824,O=C(O)c1ccc(N2CCC(CN3CCC(Oc4ccc(Cl)c(Cl)c4)CC3)CC2)cc1,BELOW,c1ccc(OC2CCN(CC3CCN(c4ccccc4)CC3)CC2)cc1,1
14758887,CHEMBL1082983,CCCCc1nc2c(N)nc3ccccc3c2n1CC(C)(C)O,BELOW,c1ccc2c(c1)ncc1nc[nH]c12,0
14758888,CHEMBL370387,Nc1nc2nc(SCc3cccc(F)c3F)nc(O)c2s1,BELOW,c1ccc(CSc2ncc3scnc3n2)cc1,1
14758889,CHEMBL1917424,Cc1c(Sc2ccc(Cl)cc2)c2ccc(Cl)cc2n1CC(=O)O,BELOW,c1ccc(Sc2c[nH]c3ccccc23)cc1,2
14758890,CHEMBL2158780,Cc1cc(Cl)ccc1OC1CCN(CC2CCN([C@@H](Cc3ccc(F)cc3)C(=O)O)CC2)CC1,BELOW,c1ccc(CCN2CCC(CN3CCC(Oc4ccccc4)CC3)CC2)cc1,1
14758891,CHEMBL2158782,Cc1cc(OC2CCN(CC3CCN([C@@H](Cc4ccc(F)cc4)C(=O)O)CC3)CC2)ccc1Cl,BELOW,c1ccc(CCN2CCC(CN3CCC(Oc4ccccc4)CC3)CC2)cc1,1
14758892,CHEMBL2158816,O=C(O)C(c1ccccc1)N1CCCC(CN2CCC(Oc3ccc(Cl)c(Cl)c3)CC2)C1,BELOW,c1ccc(CN2CCCC(CN3CCC(Oc4ccccc4)CC3)C2)cc1,0
14758893,CHEMBL2158779,O=C(O)[C@H](Cc1ccc(F)cc1)N1CCC(CN2CCC(Oc3ccc(Cl)cc3Cl)CC2)CC1,BELOW,c1ccc(CCN2CCC(CN3CCC(Oc4ccccc4)CC3)CC2)cc1,1
14758894,CHEMBL1290746,Cc1ccc(C(=O)Nc2ccon2)cc1NC(=O)c1cnn(-c2ccccc2F)c1N,BELOW,O=C(Nc1cccc(C(=O)Nc2ccon2)c1)c1cnn(-c2ccccc2)c1,0
14758895,CHEMBL257027,C[C@H](CO)Nc1nc(SCc2ccccc2)nc2[nH]c(=O)[nH]c12,BELOW,O=c1[nH]c2cnc(SCc3ccccc3)nc2[nH]1,0
14758896,CHEMBL198758,CCN(C(=O)Cc1ccc(S(C)(=O)=O)cc1)C1CCN(CCC(c2ccccc2)c2ccc(C#N)cc2)CC1,BELOW,O=C(Cc1ccccc1)NC1CCN(CCC(c2ccccc2)c2ccccc2)CC1,4
14758897,CHEMBL1778653,CCS(=O)(=O)c1ccc(-c2cc(C(F)(F)F)ccc2OCC(N)=O)c(C)c1,BELOW,c1ccc(-c2ccccc2)cc1,0
14758898,CHEMBL2158773,Cc1cccc(C[C@@H](C(=O)O)N2CCC(CN3CCC(Oc4ccc(Cl)c(Cl)c4)CC3)CC2)c1,BELOW,c1ccc(CCN2CCC(CN3CCC(Oc4ccccc4)CC3)CC2)cc1,1
14758899,CHEMBL1084863,NS(=O)(=O)c1ccc(Nc2nccc(-c3ccccc3)n2)cc1,BELOW,c1ccc(Nc2nccc(-c3ccccc3)n2)cc1,3
14758900,CHEMBL2158838,O=C(O)[C@H](Cc1ccc(Cl)cc1)N1CCC(CN2CCC(Oc3ccc(Cl)c(Cl)c3)CC2)CC1,BELOW,c1ccc(CCN2CCC(CN3CCC(Oc4ccccc4)CC3)CC2)cc1,1
14758901,CHEMBL1917419,Cc1c(Sc2ccc(Cl)cc2)c2cc(Cl)ccc2n1CC(=O)O,BELOW,c1ccc(Sc2c[nH]c3ccccc23)cc1,2
14758902,CHEMBL2208429,O=C(NC[C@@H](O)CN1CCC(Oc2ccc(Cl)c(Cl)c2)CC1)c1n[nH]c2ccccc12,BELOW,O=C(NCCCN1CCC(Oc2ccccc2)CC1)c1n[nH]c2ccccc12,2
14758903,CHEMBL2107729,O=C(Nc1ccc(S(=O)(=O)N2CCOCC2)cc1)c1cc(Cl)ccc1NS(=O)(=O)c1ccc(Cl)s1,BELOW,O=C(Nc1ccc(S(=O)(=O)N2CCOCC2)cc1)c1ccccc1NS(=O)(=O)c1cccs1,4
14758904,CHEMBL1083637,CCc1nc2c(N)nc3ccccc3c2n1Cc1ccccc1,BELOW,c1ccc(Cn2cnc3cnc4ccccc4c32)cc1,2
14758905,CHEMBL244936,Cc1nc2ccc(-c3ccc(Cl)cc3)cc2c(=O)n1C[C@H]1CCCN(C(C)C)C1,BELOW,O=c1c2cc(-c3ccccc3)ccc2ncn1C[C@H]1CCCNC1,3
14758906,CHEMBL390674,Cc1cc(Oc2ccc3c(c2)OCO3)nc(Oc2ccc(-n3ccnc3)cc2)n1,BELOW,c1cn(-c2ccc(Oc3nccc(Oc4ccc5c(c4)OCO5)n3)cc2)cn1,3
14758907,CHEMBL244184,Cc1cnc(Oc2ccc(-n3ccnc3)cc2)nc1Oc1ccc2c(c1)OCO2,BELOW,c1cn(-c2ccc(Oc3nccc(Oc4ccc5c(c4)OCO5)n3)cc2)cn1,3
14758908,CHEMBL1917421,Cc1c(Sc2ccc(Cl)cc2)c2cc(Cl)ccc2n1C(C)C(=O)O,BELOW,c1ccc(Sc2c[nH]c3ccccc23)cc1,2
14758909,CHEMBL2207660,Cc1c(Cl)ccc(OC2CCN(C[C@H](O)CNC(=O)c3c[nH]nc3C(F)(F)F)CC2)c1Cl,BELOW,O=C(NCCCN1CCC(Oc2ccccc2)CC1)c1cn[nH]c1,4
14758910,CHEMBL2208432,O=C(NC[C@@H](O)CN1CCC(Oc2ccc(Cl)c(Cl)c2)CC1)n1c(=O)[nH]c2ccccc21,BELOW,O=C(NCCCN1CCC(Oc2ccccc2)CC1)n1c(=O)[nH]c2ccccc21,4
14758911,CHEMBL305513,Nc1nc2ccccc2[nH]1,BELOW,c1ccc2[nH]cnc2c1,4
14758912,CHEMBL309339,O=C(NO)c1ccccc1O,BELOW,c1ccccc1,3
14758913,CHEMBL505,CN(C)CCC(c1ccc(Cl)cc1)c1ccccn1,BELOW,c1ccc(Cc2ccccn2)cc1,1
14758914,CHEMBL1208,CCn1nc(C(=O)O)c(=O)c2cc3c(cc21)OCO3,BELOW,O=c1cn[nH]c2cc3c(cc12)OCO3,4
14758915,CHEMBL1892766,N#Cc1cn(Cc2ccco2)c(=O)[nH]c1=O,BELOW,O=c1ccn(Cc2ccco2)c(=O)[nH]1,2
14758916,CHEMBL594684,Cc1cc(NS(=O)(=O)c2ccc(Cl)cc2)no1,BELOW,O=S(=O)(Nc1ccon1)c1ccccc1,4
14758917,CHEMBL1789327,Cc1ccc(C#N)c(S[C@H](CCN)c2ccccc2)n1,BELOW,c1ccc(CSc2ccccn2)cc1,4
14758918,CHEMBL956,CC(C(=O)O)c1ccc(C(=O)c2cccs2)cc1,BELOW,O=C(c1ccccc1)c1cccs1,3
14758919,CHEMBL373067,Nc1nc2nc(SCc3ccccc3)nc(O)c2s1,BELOW,c1ccc(CSc2ncc3scnc3n2)cc1,1
14758920,CHEMBL1519272,O=C(NS(=O)(=O)c1ccccc1Cl)c1ccc[nH]1,BELOW,O=C(NS(=O)(=O)c1ccccc1)c1ccc[nH]1,0
14758921,CHEMBL1778620,Nc1ccc(OCC(=O)O)c(-c2ccccc2)c1,BELOW,c1ccc(-c2ccccc2)cc1,0
14758922,CHEMBL189475,C[C@@H](C(=O)NS(C)(=O)=O)c1ccc(OS(=O)(=O)C(F)(F)F)cc1,BELOW,c1ccccc1,3
14758923,CHEMBL1761322,CCS(=O)(=O)CCCC12CCC(c3nnc(-c4ccccc4C(F)(F)F)n3C)(CC1)CC2,BELOW,c1ccc(-c2nnc(C34CCC(CC3)CC4)[nH]2)cc1,1
14758924,CHEMBL203125,O=CN(O)CCCP(=O)(O)O,IN-RANGE,O=CN(O)CCCP(=O)(O)O,0
14758935,CHEMBL93484,CC1N=C(N)N=C(N)N1c1ccc(Cl)cc1,IN-RANGE,C1=NC=NCN1c1ccccc1,0
14758945,CHEMBL1689109,O=C(O)COc1ccc(Cl)cc1CN1CCN(S(=O)(=O)c2ccccc2)CC1,IN-RANGE,O=S(=O)(c1ccccc1)N1CCN(Cc2ccccc2)CC1,1
14758956,CHEMBL1934417,COCCC(C)n1nc(C)c(C(=O)N[C@@H](C)C(C)(C)C)c1NS(=O)(=O)c1ccc(C)cc1,IN-RANGE,O=S(=O)(Nc1ccn[nH]1)c1ccccc1,1
14758961,CHEMBL2326864,CC(=O)Nc1nc(CCc2ccc(NC(=N)N)cc2)cs1,IN-RANGE,c1ccc(CCc2cscn2)cc1,1
14758962,CHEMBL1539037,COc1ccc(NC(=O)CCc2c(C)nc3nc(C)nn3c2C)cc1,IN-RANGE,O=C(CCc1cnc2ncnn2c1)Nc1ccccc1,1
14758970,CHEMBL375166,Cc1n[nH]c(C)c1Cc1sc2c(c1C(=O)N1C[C@H](O)CO1)c(=O)n(C)c(=O)n2CC(C)C,IN-RANGE,O=C(c1c(Cc2cn[nH]c2)sc2[nH]c(=O)[nH]c(=O)c12)N1CCCO1,1
14758971,CHEMBL2207665,Cn1cc(C(=O)NC[C@@H](O)CN2CCC(Oc3ccc(Cl)c(Cl)c3)CC2)c(C(F)(F)F)cc1=O,IN-RANGE,O=C(NCCCN1CCC(Oc2ccccc2)CC1)c1ccc(=O)[nH]c1,3
14758972,CHEMBL1020,Cc1ccc(C(=O)c2ccc(CC(=O)O)n2C)cc1,IN-RANGE,O=C(c1ccccc1)c1ccc[nH]1,2
14758973,CHEMBL402986,C[C@H](CO)Nc1nc(SCc2ccccc2)nc2[nH]c(=O)sc12,IN-RANGE,O=c1[nH]c2nc(SCc3ccccc3)ncc2s1,0
14758974,CHEMBL212777,Cc1ccc2c(c1)c(-c1ccnc3cc(Cl)ccc13)c(C)n2CC(=O)O,IN-RANGE,c1ccc2c(-c3c[nH]c4ccccc34)ccnc2c1,4
14758975,CHEMBL1072,CCCCNc1cc(C(=O)O)cc(S(N)(=O)=O)c1Oc1ccccc1,IN-RANGE,c1ccc(Oc2ccccc2)cc1,4
14758976,CHEMBL1743245,Cc1ccccc1/N=N/c1ccc(NC(=O)c2ccnn2C)c(C)c1,IN-RANGE,O=C(Nc1ccc(/N=N/c2ccccc2)cc1)c1ccn[nH]1,2
14758977,CHEMBL2094588,O=C(CN1C2=NCCN2c2ccccc21)c1ccc(Cl)cc1,IN-RANGE,O=C(CN1C2=NCCN2c2ccccc21)c1ccccc1,4
14758978,CHEMBL2158839,O=C(O)[C@H](Cc1ccccc1F)N1CCC(CN2CCC(Oc3ccc(Cl)c(Cl)c3)CC2)CC1,IN-RANGE,c1ccc(CCN2CCC(CN3CCC(Oc4ccccc4)CC3)CC2)cc1,1
14758979,CHEMBL2208423,N#Cc1cccc(C(=O)NC[C@@H](O)CN2CCC(Oc3ccc(Cl)c(Cl)c3)CC2)c1,IN-RANGE,O=C(NCCCN1CCC(Oc2ccccc2)CC1)c1ccccc1,1
14758980,CHEMBL1778647,CCS(=O)(=O)c1ccc(-c2cc(Cl)ccc2OCC(=O)O)c(C(F)(F)F)c1,IN-RANGE,c1ccc(-c2ccccc2)cc1,0
14758981,CHEMBL379828,COc1ccc2c(c1)c(-c1ccnc3cc(Cl)ccc13)c(C)n2CC(=O)O,IN-RANGE,c1ccc2c(-c3c[nH]c4ccccc34)ccnc2c1,4
14758982,CHEMBL211866,CCN(C(=O)Cc1ccc(S(C)(=O)=O)cc1)C1CCN(CC[C@@H](c2ccccc2)c2ccc(S(C)(=O)=O)cc2)CC1,IN-RANGE,O=C(Cc1ccccc1)NC1CCN(CCC(c2ccccc2)c2ccccc2)CC1,4
14758983,CHEMBL2031233,Cc1ccc(NC(=O)C2CC2)cc1-n1cnc2ccc(N3CCN(C)CC3)cc2c1=O,IN-RANGE,O=C(Nc1cccc(-n2cnc3ccc(N4CCNCC4)cc3c2=O)c1)C1CC1,2
14758984,CHEMBL5,CCn1cc(C(=O)O)c(=O)c2ccc(C)nc21,IN-RANGE,O=c1cc[nH]c2ncccc12,1
14758985,CHEMBL60088,N=C(N)c1cc2c(I)cccc2s1,IN-RANGE,c1ccc2sccc2c1,4
14758986,CHEMBL1738761,N#Cc1ccc(Cl)cc1O[C@H](CCN)c1ccccc1,IN-RANGE,c1ccc(COc2ccccc2)cc1,2
14758987,CHEMBL1917428,Cc1c(Sc2ccc(Cl)cc2)c2c(C#N)c(Cl)ccc2n1CC(=O)O,IN-RANGE,c1ccc(Sc2c[nH]c3ccccc23)cc1,2
14758988,CHEMBL2158834,O=C(O)c1cccnc1N1CCC(CN2CCC(Oc3ccc(Cl)c(Cl)c3)CC2)CC1,IN-RANGE,c1ccc(OC2CCN(CC3CCN(c4ccccn4)CC3)CC2)cc1,1
14758989,CHEMBL180184,CCN(C(=O)NCc1ccccc1)C1CCN(CCC(c2ccccc2)c2ccccc2)CC1,IN-RANGE,O=C(NCc1ccccc1)NC1CCN(CCC(c2ccccc2)c2ccccc2)CC1,1
14758990,CHEMBL350563,CCO/N=C(\c1ccc(Br)cc1)C1CCN(C2(C)CCN(C(=O)c3c(Cl)cncc3Cl)CC2)CC1,IN-RANGE,N=C(c1ccccc1)C1CCN(C2CCN(C(=O)c3ccncc3)CC2)CC1,3
14758991,CHEMBL112246,CCOC(=O)N1CCC(Nc2cc(OC)ccn2)CC1,IN-RANGE,c1ccc(NC2CCNCC2)nc1,1
14758993,CHEMBL669,CN(C)CCC=C1c2ccccc2C=Cc2ccccc21,IN-RANGE,C=C1c2ccccc2C=Cc2ccccc21,0
14758997,CHEMBL2335901,C[C@@H](NC(=O)C1CCNCC1)c1ccc(Nc2ncc3cc(-c4ccncc4)ccc3n2)cc1,IN-RANGE,O=C(NCc1ccc(Nc2ncc3cc(-c4ccncc4)ccc3n2)cc1)C1CCNCC1,2
14758998,CHEMBL1531981,Cc1oc(-c2ccccc2)cc1C(=O)Nc1cccc(C(=O)O)c1,IN-RANGE,O=C(Nc1ccccc1)c1coc(-c2ccccc2)c1,4
14758999,CHEMBL1766779,CS(=O)(=O)c1ccc(-c2cnc(N)c(C(=O)Nc3ccccc3)n2)cc1,IN-RANGE,O=C(Nc1ccccc1)c1cncc(-c2ccccc2)n1,0
14759000,CHEMBL1934268,CCn1nc(C)c(C(=O)N[C@@H](C)C(C)(C)C)c1NS(=O)(=O)c1ccc(C)cc1,IN-RANGE,O=S(=O)(Nc1ccn[nH]1)c1ccccc1,1
14759774,CHEMBL2031559,O=C(Nc1cccc(-c2nnn[nH]2)c1)c1cc(C(F)(F)F)cc2[nH]cnc12,IN-RANGE,O=C(Nc1cccc(-c2nnn[nH]2)c1)c1cccc2[nH]cnc12,3
14759778,CHEMBL1090089,Cn1c(=O)c(Oc2ccc(F)cc2F)cc2cnc(NC(CCO)CCO)nc21,IN-RANGE,O=c1[nH]c2ncncc2cc1Oc1ccccc1,4
14759783,CHEMBL1689112,O=C(O)COc1ccc(C(F)(F)F)cc1CN1CCN(C(=O)c2ccccc2)CC1,IN-RANGE,O=C(c1ccccc1)N1CCN(Cc2ccccc2)CC1,4
14759791,CHEMBL1355736,Cn1c(=O)c2nc[nH]c2n(C)c1=O.O,IN-RANGE,O=c1[nH]c(=O)c2nc[nH]c2[nH]1,3
14759795,CHEMBL1688458,O=C(O)CCc1ccc(OCc2cccc(Oc3ccccc3)c2)cc1,IN-RANGE,c1ccc(OCc2cccc(Oc3ccccc3)c2)cc1,1
14759804,CHEMBL1807823,O=c1[nH]c2c(O)ccc([C@@H](O)CNCCSCCCNCCc3ccccc3)c2s1,IN-RANGE,O=c1[nH]c2cccc(CCNCCSCCCNCCc3ccccc3)c2s1,2
14759805,CHEMBL196707,Cc1c(CC(=O)O)c2cc(F)ccc2n1S(=O)(=O)c1ccc(S(C)(=O)=O)cc1,IN-RANGE,O=S(=O)(c1ccccc1)n1ccc2ccccc21,4
14759806,CHEMBL1689111,O=C(O)COc1ccc(Cl)cc1CN1CCN(S(=O)(=O)Cc2ccccc2)CC1,IN-RANGE,O=S(=O)(Cc1ccccc1)N1CCN(Cc2ccccc2)CC1,2
14759807,CHEMBL209689,Cc1ccc2c(c1)c(-c1ccnc3c(C)cccc13)c(C)n2CC(=O)O,IN-RANGE,c1ccc2c(-c3c[nH]c4ccccc34)ccnc2c1,4
14759808,CHEMBL2057372,CC(C)(C)NS(=O)(=O)c1cncc(-c2ccc3nc(NC(=O)NCC(=O)N4CCOCC4)nn3c2)c1,IN-RANGE,O=C(NCC(=O)N1CCOCC1)Nc1nc2ccc(-c3cccnc3)cn2n1,2
14759809,CHEMBL2057371,CC(C)(C)NS(=O)(=O)c1cncc(-c2ccc3nc(NC(=O)NCC(=O)N4CCCC4)nn3c2)c1,IN-RANGE,O=C(NCC(=O)N1CCCC1)Nc1nc2ccc(-c3cccnc3)cn2n1,1
14759810,CHEMBL1290183,O=C(c1ccccc1)N1CCC2(CCN(Cc3cccc(Cl)c3)CC2)CC1,IN-RANGE,O=C(c1ccccc1)N1CCC2(CCN(Cc3ccccc3)CC2)CC1,0
14759811,CHEMBL1916288,Cc1nn(-c2ccc(F)cc2)c(NS(=O)(=O)c2ccc(C#N)cc2)c1C(=O)N[C@@H](C)C(C)(C)C,IN-RANGE,O=S(=O)(Nc1ccnn1-c1ccccc1)c1ccccc1,3
14759812,CHEMBL193240,O=C(Nc1c(Cl)cncc1Cl)c1ccc(OC(F)F)c(OCC2CC2)c1,IN-RANGE,O=C(Nc1ccncc1)c1cccc(OCC2CC2)c1,3
14759813,CHEMBL1934420,Cc1ccc(S(=O)(=O)Nc2c(C(=O)N[C@@H](C)C(C)(C)C)c(C)nn2C2CCN(C)CC2)cc1,IN-RANGE,O=S(=O)(Nc1ccnn1C1CCNCC1)c1ccccc1,1
14759814,CHEMBL2171035,O=C(NS(=O)(=O)c1ccc(Cl)cc1)N1CCC(N2CCC(Oc3ccc(Cl)c(Cl)c3)CC2)CC1,IN-RANGE,O=C(NS(=O)(=O)c1ccccc1)N1CCC(N2CCC(Oc3ccccc3)CC2)CC1,4
14759815,CHEMBL1689115,O=C(O)COc1ccc(Cl)cc1CN1CCCN(S(=O)(=O)Cc2ccccc2)CC1,IN-RANGE,O=S(=O)(Cc1ccccc1)N1CCCN(Cc2ccccc2)CC1,4
14759816,CHEMBL1078685,N#Cc1cc(-c2n[nH]c(-c3ccncc3)n2)ccn1,IN-RANGE,c1cc(-c2n[nH]c(-c3ccncc3)n2)ccn1,2
14759817,CHEMBL233263,C[C@H](CO)Nc1nc(SCc2ccco2)nc2nc(N)sc12,IN-RANGE,c1coc(CSc2ncc3scnc3n2)c1,1
14759818,CHEMBL591931,N=C(N)c1cc2c(-c3ccccc3)cccc2s1,IN-RANGE,c1ccc(-c2cccc3sccc23)cc1,1
14759819,CHEMBL1689119,C[C@H]1CN(Cc2cc(Cl)ccc2OCC(=O)O)CCN1S(=O)(=O)c1ccccc1,IN-RANGE,O=S(=O)(c1ccccc1)N1CCN(Cc2ccccc2)CC1,1
14759820,CHEMBL211631,COc1cccc2c(-c3c(C)n(CC(=O)O)c4ccc(C)cc34)ccnc12,IN-RANGE,c1ccc2c(-c3c[nH]c4ccccc34)ccnc2c1,4
14759821,CHEMBL1478592,Cc1c(C(=O)Nc2ccccc2)sc2ncnc(O)c12,IN-RANGE,O=C(Nc1ccccc1)c1cc2cncnc2s1,1
14759822,CHEMBL100391,CN(C)CC(O)COc1ccc(Nc2ncc(Cl)c(Nc3ccccc3)n2)cc1,IN-RANGE,c1ccc(Nc2ccnc(Nc3ccccc3)n2)cc1,4
14759823,CHEMBL1917461,Cc1ccc2c(n1)c(Sc1ccc(Cl)cc1)c(C)n2CC(=O)O,IN-RANGE,c1ccc(Sc2c[nH]c3cccnc23)cc1,1
14759824,CHEMBL313907,O=S(=O)(Nc1nc(-c2ccccc2)nn1Cc1ccccc1)c1ccccc1,IN-RANGE,O=S(=O)(Nc1nc(-c2ccccc2)nn1Cc1ccccc1)c1ccccc1,3
14759825,CHEMBL2031464,Cc1ccc(C(=O)NC2CCC2)cc1-n1cnc2ccc(N3CCN(C)CC3)cc2c1=O,IN-RANGE,O=C(NC1CCC1)c1cccc(-n2cnc3ccc(N4CCNCC4)cc3c2=O)c1,0
14759836,CHEMBL1090090,NC(=O)c1ccc(N(C(N)=O)c2c(F)cccc2F)nc1-c1ccc(F)cc1F,IN-RANGE,c1ccc(Nc2cccc(-c3ccccc3)n2)cc1,2
14759837,CHEMBL168899,O=C1Nc2ccccc2B(O)N1c1ccccc1,IN-RANGE,O=C1Nc2ccccc2BN1c1ccccc1,1
14759846,CHEMBL1464,CC(=O)CC(c1ccccc1)c1c(O)c2ccccc2oc1=O,IN-RANGE,O=c1oc2ccccc2cc1Cc1ccccc1,1
14759847,CHEMBL1939560,C[C@H](c1nc2ncccc2c(=O)n1-c1ccc(Cl)cc1)N(CC1CCS(=O)(=O)CC1)C(=O)Cc1ccc(C(F)(F)F)c(F)c1,IN-RANGE,O=C(Cc1ccccc1)N(Cc1nc2ncccc2c(=O)n1-c1ccccc1)CC1CCS(=O)(=O)CC1,3
14759848,CHEMBL1460615,O=S1(=O)CC(O)C(N2CCC(c3ccccc3)CC2)C1,IN-RANGE,O=S1(=O)CCC(N2CCC(c3ccccc3)CC2)C1,3
14759854,CHEMBL284275,COc1ccc(Cc2c(N)n[nH]c2N)cc1,IN-RANGE,c1ccc(Cc2cn[nH]c2)cc1,1
14759855,CHEMBL106309,O=C(O)CCCCCCc1ccc(Cc2ccc3ccccc3n2)cc1,IN-RANGE,c1ccc(Cc2ccc3ccccc3n2)cc1,4
14759860,CHEMBL1173055,CNCc1ccc(-c2[nH]c3cc(F)cc4c3c2CCNC4=O)cc1,IN-RANGE,O=C1NCCc2c(-c3ccccc3)[nH]c3cccc1c23,0
14759861,CHEMBL1459588,CCCCCOc1ccc(C(=O)NC(C(=O)O)C(C)C)cc1,IN-RANGE,c1ccccc1,3
14759862,CHEMBL1829174,Cc1cc(OCCCS(C)(=O)=O)cc(C)c1-c1cccc(COc2ccc3c(c2)OC[C@H]3CC(=O)O)c1,IN-RANGE,c1ccc(-c2cccc(COc3ccc4c(c3)OCC4)c2)cc1,0
14759863,CHEMBL2158785,Cc1c(OC2CCN(CC3CCN([C@@H](Cc4ccc(F)cc4)C(=O)O)CC3)CC2)ccc(C#N)c1Cl,IN-RANGE,c1ccc(CCN2CCC(CN3CCC(Oc4ccccc4)CC3)CC2)cc1,1
14759864,CHEMBL206200,COCCNc1nc(N)c2nc(O)n(Cc3ccccc3)c2n1,IN-RANGE,c1ccc(Cn2cnc3cncnc32)cc1,0
14759865,CHEMBL214350,Cc1ccc2c(c1)c(-c1ccnc3c(C(F)(F)F)cccc13)c(C)n2CC(=O)O,IN-RANGE,c1ccc2c(-c3c[nH]c4ccccc34)ccnc2c1,4
14759874,CHEMBL12,CN1C(=O)CN=C(c2ccccc2)c2cc(Cl)ccc21,IN-RANGE,O=C1CN=C(c2ccccc2)c2ccccc2N1,3
14759875,CHEMBL451,CNC1=Nc2ccc(Cl)cc2C(c2ccccc2)=[N+]([O-])C1,IN-RANGE,C1=Nc2ccccc2C(c2ccccc2)=[NH+]C1,2
14759876,CHEMBL2325719,Cc1ccc2[nH]ccc2c1-c1nc(N2CCOCC2)cc(C2(S(C)(=O)=O)CC2)n1,IN-RANGE,c1cc(-c2nc(C3CC3)cc(N3CCOCC3)n2)c2cc[nH]c2c1,1
14759891,CHEMBL2158769,N#Cc1ccccc1C[C@@H](C(=O)O)N1CCC(CN2CCC(Oc3ccc(Cl)c(Cl)c3)CC2)CC1,IN-RANGE,c1ccc(CCN2CCC(CN3CCC(Oc4ccccc4)CC3)CC2)cc1,1
14759892,CHEMBL401158,CCCCNc1nc(SCCC)nc2c1nnn2[C@@H]1C[C@H](CO)[C@@H](O)[C@H]1O,IN-RANGE,c1ncc2nnn(C3CCCC3)c2n1,1
14759893,CHEMBL1934416,COCC(C)n1nc(C)c(C(=O)N[C@@H](C)C(C)(C)C)c1NS(=O)(=O)c1ccc(C)cc1,IN-RANGE,O=S(=O)(Nc1ccn[nH]1)c1ccccc1,1
14759894,CHEMBL1916278,Cc1ccc(S(=O)(=O)Nc2c(C(=O)NC3CCOCC3)c(C)nn2-c2ccccc2)cc1,IN-RANGE,O=C(NC1CCOCC1)c1cnn(-c2ccccc2)c1NS(=O)(=O)c1ccccc1,3
14759895,CHEMBL1643194,Cc1cc(CN2Cc3ccccc3C2C(=O)Nc2ccc(Cl)cc2Cl)ccc1OCC(=O)O,IN-RANGE,O=C(Nc1ccccc1)C1c2ccccc2CN1Cc1ccccc1,0
14759896,CHEMBL2207281,O=C(NC[C@@H](O)CN1CCC(Oc2ccc(Cl)c(Cl)c2)CC1)c1c[nH]c(=O)c2cc(S(=O)(=O)NCCO)ccc12,IN-RANGE,O=C(NCCCN1CCC(Oc2ccccc2)CC1)c1c[nH]c(=O)c2ccccc12,2
14759897,CHEMBL2207662,O=C(NC[C@@H](O)CN1CCC(Oc2ccc(Cl)c(Cl)c2)CC1)c1c[nH]c(=O)cc1C(F)(F)F,IN-RANGE,O=C(NCCCN1CCC(Oc2ccccc2)CC1)c1ccc(=O)[nH]c1,3
14759898,CHEMBL2207671,CS(=O)(=O)c1ccc2c(C(=O)NC[C@@H](O)CN3CCC(Oc4ccc(Cl)c(Cl)c4)CC3)c[nH]c(=O)c2c1,IN-RANGE,O=C(NCCCN1CCC(Oc2ccccc2)CC1)c1c[nH]c(=O)c2ccccc12,2
14759899,CHEMBL416,COc1c2occc2cc2ccc(=O)oc12,IN-RANGE,O=c1ccc2cc3ccoc3cc2o1,4
14759900,CHEMBL2207664,Cc1c(Cl)ccc(OC2CCN(C[C@H](O)CNC(=O)c3c[nH]c(=O)cc3C(F)(F)F)CC2)c1Cl,IN-RANGE,O=C(NCCCN1CCC(Oc2ccccc2)CC1)c1ccc(=O)[nH]c1,3
14759901,CHEMBL1086473,CCCCc1nc2c(N)nc3ccccc3c2n1Cc1ccccc1,IN-RANGE,c1ccc(Cn2cnc3cnc4ccccc4c32)cc1,2
14759902,CHEMBL426823,CCOc1nc2ccc(OCCC3CCN(c4ccc(C)nn4)CC3)cc2o1,IN-RANGE,c1cnnc(N2CCC(CCOc3ccc4ncoc4c3)CC2)c1,1
14759903,CHEMBL1163803,CCN(C(=O)NCc1c(F)cccc1F)C1CCN(CCC(c2ccccc2)c2ccccc2)CC1,IN-RANGE,O=C(NCc1ccccc1)NC1CCN(CCC(c2ccccc2)c2ccccc2)CC1,1
14759904,CHEMBL2158823,O=C(O)c1cccc(N2CCC(CN3CCC(Oc4ccc(Cl)c(Cl)c4)CC3)CC2)c1,IN-RANGE,c1ccc(OC2CCN(CC3CCN(c4ccccc4)CC3)CC2)cc1,1
14759905,CHEMBL2031238,Cc1ccc(NC(=O)c2ccoc2)cc1-n1cnc2ccc(N3CCN(C)CC3)cc2c1=O,IN-RANGE,O=C(Nc1cccc(-n2cnc3ccc(N4CCNCC4)cc3c2=O)c1)c1ccoc1,2
14759906,CHEMBL1778618,N#Cc1ccc(OCC(=O)O)c(-c2ccccc2)c1,IN-RANGE,c1ccc(-c2ccccc2)cc1,0
14759907,CHEMBL452529,CN(C)CCCOc1ccc(-c2cc(C(N)=O)c(NC(N)=O)s2)cc1,IN-RANGE,c1ccc(-c2cccs2)cc1,0
14759908,CHEMBL1082811,N#Cc1c(-c2ccccc2)nc(SCc2ccccc2)[nH]c1=O,IN-RANGE,O=c1cc(-c2ccccc2)nc(SCc2ccccc2)[nH]1,2
14759909,CHEMBL2171048,Cc1ccc(S(=O)(=O)NC(=O)N2CCC(N3CCC(Oc4ccc(Cl)cc4C)CC3)CC2)cc1,IN-RANGE,O=C(NS(=O)(=O)c1ccccc1)N1CCC(N2CCC(Oc3ccccc3)CC2)CC1,4
14759910,CHEMBL2158815,O=C(O)C(c1ccccc1)N1CCC(N2CCC(Oc3ccc(Cl)c(Cl)c3)CC2)CC1,IN-RANGE,c1ccc(CN2CCC(N3CCC(Oc4ccccc4)CC3)CC2)cc1,4
14759911,CHEMBL441550,CC(C)n1c(=O)n(C)c(=O)c2c(C(=O)N3CCS(=O)(=O)C3)c(Cc3ccccc3C(F)(F)F)sc21,IN-RANGE,O=C(c1c(Cc2ccccc2)sc2[nH]c(=O)[nH]c(=O)c12)N1CCS(=O)(=O)C1,2
14759912,CHEMBL2171043,O=C(NS(=O)(=O)c1cccc(Cl)c1)N1CCC(N2CCC(Oc3ccc(Cl)c(Cl)c3)CC2)CC1,IN-RANGE,O=C(NS(=O)(=O)c1ccccc1)N1CCC(N2CCC(Oc3ccccc3)CC2)CC1,4
14759913,CHEMBL2207656,O=C(NC[C@@H](O)CN1CCC(Oc2ccc(Cl)c(Cl)c2)CC1)c1c[nH]c(=O)c2c(F)cccc12,IN-RANGE,O=C(NCCCN1CCC(Oc2ccccc2)CC1)c1c[nH]c(=O)c2ccccc12,2
14759914,CHEMBL205078,O=C(Nc1cc(-c2ccnc(Nc3ccc(F)cc3)c2)ccn1)C1CCOCC1,IN-RANGE,O=C(Nc1cc(-c2ccnc(Nc3ccccc3)c2)ccn1)C1CCOCC1,4
14759921,CHEMBL2041980,CS(=O)(=O)c1ccc(-c2cnc(N)c(-c3ccc(C(F)(F)F)nc3)c2)cc1,IN-RANGE,c1ccc(-c2cncc(-c3cccnc3)c2)cc1,4
14759922,CHEMBL318021,CC(CCc1cccc(OCc2ccc3ccccc3n2)c1)CC(=O)O,IN-RANGE,c1ccc(OCc2ccc3ccccc3n2)cc1,0
14759923,CHEMBL256668,C[C@H](CO)Nc1nc(SCc2cccc(F)c2F)nc2[nH]c(=O)cnc12,IN-RANGE,O=c1cnc2cnc(SCc3ccccc3)nc2[nH]1,2
14759930,CHEMBL35,NS(=O)(=O)c1cc(C(=O)O)c(NCc2ccco2)cc1Cl,IN-RANGE,c1ccc(NCc2ccco2)cc1,3
14759931,CHEMBL782,CCCCNC(=O)NS(=O)(=O)c1ccc(C)cc1,IN-RANGE,c1ccccc1,3
14759932,CHEMBL2017259,N#Cc1ccc(C(=O)Nc2ccc(-n3ccnc3)nc2)cc1,IN-RANGE,O=C(Nc1ccc(-n2ccnc2)nc1)c1ccccc1,4
14759933,CHEMBL550175,C[C@@H]1CN(c2ccc(F)cc2C(F)(F)F)CCN1S(=O)(=O)c1ccc(C(N)=O)cc1Cl,IN-RANGE,O=S(=O)(c1ccccc1)N1CCN(c2ccccc2)CC1,3
14759934,CHEMBL1689110,O=C(O)COc1ccc(C(F)(F)F)cc1CN1CCN(S(=O)(=O)c2ccccc2)CC1,IN-RANGE,O=S(=O)(c1ccccc1)N1CCN(Cc2ccccc2)CC1,1
14759937,CHEMBL46,Cc1nccn1CC1CCc2c(c3ccccc3n2C)C1=O,IN-RANGE,O=C1c2c([nH]c3ccccc23)CCC1Cn1ccnc1,3
14759938,CHEMBL382435,CCN(C(=O)Cc1ccc(S(C)(=O)=O)cc1)C1CCN(CC[C@H](c2ccc(S(C)(=O)=O)cc2)c2cc(F)cc(Cl)c2)CC1,IN-RANGE,O=C(Cc1ccccc1)NC1CCN(CCC(c2ccccc2)c2ccccc2)CC1,4
14759943,CHEMBL1340633,COc1cc(-c2ccc(Nc3ccccc3C(=O)O)c(OC)c2)ccc1Nc1ccccc1C(=O)O,IN-RANGE,c1ccc(Nc2ccc(-c3ccc(Nc4ccccc4)cc3)cc2)cc1,1
14759944,CHEMBL206229,CC(C)Cn1c(=O)n(C)c(=O)c2c(SC(C)C)c(Cc3ccccc3C(F)(F)F)sc21,IN-RANGE,O=c1[nH]c(=O)c2cc(Cc3ccccc3)sc2[nH]1,3
14759950,CHEMBL2070946,N#Cc1cnc(N2CCN(C(=O)[C@@H]3CCCC[C@H]3C(=O)NC3(C#N)CC3)CC2)s1,IN-RANGE,O=C(NC1CC1)[C@@H]1CCCC[C@H]1C(=O)N1CCN(c2nccs2)CC1,4
14759955,CHEMBL1088752,Cc1c(F)cc(C(=O)NC2CC2)cc1-c1ccc(C(=O)NCC(C)(C)C)cn1,IN-RANGE,O=C(NC1CC1)c1cccc(-c2ccccn2)c1,0
14759956,CHEMBL1214,CC1(C)S[C@@H]2[C@H](NC(=O)C(C(=O)O)c3ccccc3)C(=O)N2[C@H]1C(=O)O,IN-RANGE,O=C(Cc1ccccc1)N[C@@H]1C(=O)N2CCS[C@H]12,4
14759957,CHEMBL2070938,N#CC1(NC(=O)[C@@H]2CCCC[C@H]2C(=O)N2CCN(c3nccs3)CC2)CC1,IN-RANGE,O=C(NC1CC1)[C@@H]1CCCC[C@H]1C(=O)N1CCN(c2nccs2)CC1,4
14759966,CHEMBL108,NC(=O)N1c2ccccc2C=Cc2ccccc21,IN-RANGE,C1=Cc2ccccc2Nc2ccccc21,1
14759967,CHEMBL378730,Cc1ccc2c(c1)c(-c1ccnc3c(Cl)cccc13)c(C)n2CC(=O)O,IN-RANGE,c1ccc2c(-c3c[nH]c4ccccc34)ccnc2c1,4
14759968,CHEMBL1934422,Cc1ccc(S(=O)(=O)Nc2c(C(=O)N[C@@H](C)C(C)(C)C)c(C)nn2C2CCOCC2)cc1,IN-RANGE,O=S(=O)(Nc1ccnn1C1CCOCC1)c1ccccc1,1
14759969,CHEMBL1917446,Cc1ccc2c(c1)c(S(=O)(=O)c1ccc(Cl)cc1)c(C)n2CC(=O)O,IN-RANGE,O=S(=O)(c1ccccc1)c1c[nH]c2ccccc12,2
14759970,CHEMBL521509,O=C(NC1CC1)c1cn(-c2cccc(C#Cc3cccnc3)c2)c2ncccc2c1=O,IN-RANGE,O=C(NC1CC1)c1cn(-c2cccc(C#Cc3cccnc3)c2)c2ncccc2c1=O,2
14759971,CHEMBL1221702,C[C@H]1CN=C(N)c2sccc2O1,IN-RANGE,C1=NCCOc2ccsc21,3
14759972,CHEMBL2031227,Cc1ccc(NC(=O)c2ccc(C#N)cc2)cc1-n1cnc2ccc(N3CCN(C)CC3)cc2c1=O,IN-RANGE,O=C(Nc1cccc(-n2cnc3ccc(N4CCNCC4)cc3c2=O)c1)c1ccccc1,3
14759973,CHEMBL184012,Cc1ccc(NC(=O)c2ccnc(N3CCOCC3)c2)cc1NC(=O)c1ccc(OCc2ccccn2)cc1,IN-RANGE,O=C(Nc1cccc(NC(=O)c2ccnc(N3CCOCC3)c2)c1)c1ccc(OCc2ccccn2)cc1,2
14759974,CHEMBL2018954,COc1ccc(COc2nc(Br)cnc2NS(=O)(=O)c2ccc(C)cc2)cc1OCCN(C)C,IN-RANGE,O=S(=O)(Nc1nccnc1OCc1ccccc1)c1ccccc1,4
14759975,CHEMBL1537460,COc1ccccc1C(=O)Nc1ccc(Cc2ccncc2)cc1,IN-RANGE,O=C(Nc1ccc(Cc2ccncc2)cc1)c1ccccc1,3
14759976,CHEMBL491758,Fc1cnc(Nc2ccccc2)nc1Nc1ccccc1,IN-RANGE,c1ccc(Nc2ccnc(Nc3ccccc3)n2)cc1,4
14759977,CHEMBL282625,N=C(N)c1cc2c(/C=C/c3ccc4c(c3)OCO4)cccc2s1,IN-RANGE,C(=C/c1cccc2sccc12)\c1ccc2c(c1)OCO2,3
14759978,CHEMBL2031224,COc1ccccc1C(=O)Nc1ccc(C)c(-n2cnc3ccc(N4CCN(C)CC4)cc3c2=O)c1,IN-RANGE,O=C(Nc1cccc(-n2cnc3ccc(N4CCNCC4)cc3c2=O)c1)c1ccccc1,3
14759979,CHEMBL2031241,Cc1ccc(C(=O)Nc2nccs2)cc1-n1cnc2ccc(N3CCN(C)CC3)cc2c1=O,IN-RANGE,O=C(Nc1nccs1)c1cccc(-n2cnc3ccc(N4CCNCC4)cc3c2=O)c1,3
14759980,CHEMBL2163360,N#CC1(NC(=O)[C@@H]2CCCC[C@H]2C(=O)N2CCc3[nH]c4ncccc4c3C2)CC1,IN-RANGE,O=C(NC1CC1)[C@@H]1CCCC[C@H]1C(=O)N1CCc2[nH]c3ncccc3c2C1,2
14759981,CHEMBL1689129,C[C@H]1CN(Cc2cc(Cl)ccc2OCC(=O)O)CCN1C(=O)Cc1ccccc1Cl,IN-RANGE,O=C(Cc1ccccc1)N1CCN(Cc2ccccc2)CC1,3
14759982,CHEMBL1917418,Cc1ccc2c(c1)c(Sc1ccc(Cl)cc1)c(C)n2CC(=O)O,IN-RANGE,c1ccc(Sc2c[nH]c3ccccc23)cc1,2
14759983,CHEMBL2208422,N#Cc1cccc(S(=O)(=O)NC[C@@H](O)CN2CCC(Oc3ccc(Cl)c(Cl)c3)CC2)c1,IN-RANGE,O=S(=O)(NCCCN1CCC(Oc2ccccc2)CC1)c1ccccc1,1
14759984,CHEMBL383696,CC(C)Cn1c(=O)n(C)c(=O)c2c(SC3CCCC3)c(Cc3ccccc3C(F)(F)F)sc21,IN-RANGE,O=c1[nH]c(=O)c2c(SC3CCCC3)c(Cc3ccccc3)sc2[nH]1,4
14759988,CHEMBL1783112,COc1ccc2nc(C)cc(-n3cc(CNC(C)=O)nn3)c2c1,IN-RANGE,c1ccc2c(-n3ccnn3)ccnc2c1,2
14759993,CHEMBL2151326,COc1cc(Nc2nc3c(cc2F)ncn3[C@@H](CO)c2ccc(F)cn2)n[nH]1,IN-RANGE,c1ccc(Cn2cnc3ccc(Nc4cc[nH]n4)nc32)nc1,2
14759997,CHEMBL2325697,C[C@@H]1COCCN1c1cc(C2(S(C)(=O)=O)CC2)nc(-c2cccc3[nH]ccc23)n1,IN-RANGE,c1cc(-c2nc(C3CC3)cc(N3CCOCC3)n2)c2cc[nH]c2c1,1
14759998,CHEMBL243001,Cc1nc2ccc(Oc3ccc(F)cc3)cc2c(=O)n1C[C@H]1CCCN(C(C)C)C1,IN-RANGE,O=c1c2cc(Oc3ccccc3)ccc2ncn1C[C@H]1CCCNC1,4
14759999,CHEMBL1290353,CCC(NC(=O)Nc1cc(Cl)ccc1Cl)(C(F)(F)F)C(F)(F)F,IN-RANGE,c1ccccc1,3
14760001,CHEMBL1779512,COC[C@@H](O)Cn1c(=O)cnn(-c2ccc(Cl)c(C(=O)NCC3(O)CCCCCC3)c2)c1=O,IN-RANGE,O=C(NCC1CCCCCC1)c1cccc(-n2ncc(=O)[nH]c2=O)c1,1
14760002,CHEMBL1934266,CCC(CC)NC(=O)c1c(C)nn(C(C)C)c1NS(=O)(=O)c1ccc(C)cc1,IN-RANGE,O=S(=O)(Nc1ccn[nH]1)c1ccccc1,1
14760003,CHEMBL1951909,CCN(C(=O)Cc1ccc(S(C)(=O)=O)cc1)C1CCN(CC[C@@H](c2cc(F)cc(F)c2)N2CCN(S(C)(=O)=O)CC2)CC1,IN-RANGE,O=C(Cc1ccccc1)NC1CCN(CC[C@@H](c2ccccc2)N2CCNCC2)CC1,1
14760008,CHEMBL2017291,COc1cc2c(cc1-c1c(C)noc1C)ncc1[nH]c(=O)n([C@H](C)c3ccccn3)c12,IN-RANGE,O=c1[nH]c2cnc3cc(-c4cnoc4)ccc3c2n1Cc1ccccn1,0
14760009,CHEMBL66089,Nc1ncnc2nc(-c3ccc(N4CCOCC4)nc3)cc(-c3cccc(Br)c3)c12,IN-RANGE,c1ccc(-c2cc(-c3ccc(N4CCOCC4)nc3)nc3ncncc23)cc1,1
14760013,CHEMBL1645105,COc1ccc(-c2ccc3nc(N)sc3c2)cn1,IN-RANGE,c1cncc(-c2ccc3ncsc3c2)c1,2
14760014,CHEMBL1363924,CCn1c(SCC(=O)Nc2cc(C)on2)nnc1-c1cccnc1,IN-RANGE,O=C(CSc1nnc(-c2cccnc2)[nH]1)Nc1ccon1,2
14760020,CHEMBL1256967,CC1(C)[C@H](NC(=O)/C(=N\OCc2cc(=O)c(O)cn2O)c2csc(N)n2)C(=O)N1OS(=O)(=O)O,IN-RANGE,O=C(N[C@H]1CNC1=O)/C(=N\OCc1cc(=O)cc[nH]1)c1cscn1,2
14760021,CHEMBL580,O=C1Nc2ccc(Cl)cc2C(c2ccccc2Cl)=NC1O,IN-RANGE,O=C1CN=C(c2ccccc2)c2ccccc2N1,3
14760031,CHEMBL1807827,O=c1[nH]c2c(O)ccc([C@@H](O)CNCCSCCCNCCc3cccc(Cl)c3)c2s1,IN-RANGE,O=c1[nH]c2cccc(CCNCCSCCCNCCc3ccccc3)c2s1,2
14760032,CHEMBL54,O=C(CCCN1CCC(O)(c2ccc(Cl)cc2)CC1)c1ccc(F)cc1,IN-RANGE,O=C(CCCN1CCC(c2ccccc2)CC1)c1ccccc1,0
14760034,CHEMBL552513,O=C(Cc1ccc(F)c(C(F)(F)F)c1)Nc1cccc2c(=O)n([C@@H]3CNC[C@H]3O)ccc12,IN-RANGE,O=C(Cc1ccccc1)Nc1cccc2c(=O)n([C@H]3CCNC3)ccc12,1
14760035,CHEMBL1917440,Cc1c(Sc2ccc(Cl)cc2)c2c(-c3cnccn3)cccc2n1CC(=O)O,IN-RANGE,c1ccc(Sc2c[nH]c3cccc(-c4cnccn4)c23)cc1,4
14760036,CHEMBL855,Cc1ccc(/C(=C\CN2CCCC2)c2ccccn2)cc1,IN-RANGE,C(\CN1CCCC1)=C(\c1ccccc1)c1ccccn1,3
14760037,CHEMBL2158822,O=C(O)c1ccccc1N1CCC(CN2CCC(Oc3ccc(Cl)c(Cl)c3)CC2)CC1,IN-RANGE,c1ccc(OC2CCN(CC3CCN(c4ccccc4)CC3)CC2)cc1,1
14761124,CHEMBL2207280,O=C(NC[C@@H](O)CN1CCC(Oc2ccc(Cl)c(Cl)c2)CC1)c1c[nH]c(=O)c2ccc(F)cc12,IN-RANGE,O=C(NCCCN1CCC(Oc2ccccc2)CC1)c1c[nH]c(=O)c2ccccc12,2
14761125,CHEMBL1689120,C[C@@H]1CN(Cc2cc(Cl)ccc2OCC(=O)O)CCN1S(=O)(=O)c1ccccc1,IN-RANGE,O=S(=O)(c1ccccc1)N1CCN(Cc2ccccc2)CC1,1
14761126,CHEMBL2158775,COc1ccccc1C[C@@H](C(=O)O)N1CCC(CN2CCC(Oc3ccc(Cl)c(Cl)c3)CC2)CC1,IN-RANGE,c1ccc(CCN2CCC(CN3CCC(Oc4ccccc4)CC3)CC2)cc1,1
14761127,CHEMBL2158840,O=C(O)[C@H](Cc1cccc(F)c1)N1CCC(CN2CCC(Oc3ccc(Cl)c(Cl)c3)CC2)CC1,IN-RANGE,c1ccc(CCN2CCC(CN3CCC(Oc4ccccc4)CC3)CC2)cc1,1
14761128,CHEMBL341087,CC1CN(C(=O)c2cc3ccccc3[nH]2)CCN1,IN-RANGE,O=C(c1cc2ccccc2[nH]1)N1CCNCC1,0
14761129,CHEMBL2332935,CC(=O)Nc1ccc(O)cc1OC[C@@H](O)CN1CCC2(CC1)Cc1cc(Cl)ccc1O2,IN-RANGE,c1ccc(OCCCN2CCC3(CC2)Cc2ccccc2O3)cc1,3
14761130,CHEMBL2208435,O=C(NC[C@@H](O)CN1CCC(Oc2ccc(Cl)c(Cl)c2)CC1)c1cnnc2ccccc12,IN-RANGE,O=C(NCCCN1CCC(Oc2ccccc2)CC1)c1cnnc2ccccc12,0
14761134,CHEMBL232846,C[C@H](CO)Nc1nc(SCc2ccccc2F)nc2nc(N)sc12,IN-RANGE,c1ccc(CSc2ncc3scnc3n2)cc1,1
14761135,CHEMBL272705,C[C@H](CO)Nc1nc(SCc2ccco2)nc2[nH]c(=O)sc12,IN-RANGE,O=c1[nH]c2nc(SCc3ccco3)ncc2s1,2
14761136,CHEMBL495727,O=C(Nc1c[nH]nc1-c1nc2ccc(CN3CCOCC3)cc2[nH]1)NC1CC1,IN-RANGE,O=C(Nc1c[nH]nc1-c1nc2ccc(CN3CCOCC3)cc2[nH]1)NC1CC1,1
14761137,CHEMBL398338,CC(C)(C)c1ccc2c(c1)CC[C@H]2NC(=O)Nc1cccc2[nH]ncc12,IN-RANGE,O=C(Nc1cccc2[nH]ncc12)N[C@@H]1CCc2ccccc21,0
14761138,CHEMBL2220442,CC(C)n1c(/C=C/C(O)CC(O)CC(=O)O)c(-c2ccc(F)cc2)c2ccccc21,IN-RANGE,c1ccc(-c2c[nH]c3ccccc23)cc1,4
14761139,CHEMBL2158828,O=C(O)COc1ccccc1N1CCC(CN2CCC(Oc3ccc(Cl)c(Cl)c3)CC2)CC1,IN-RANGE,c1ccc(OC2CCN(CC3CCN(c4ccccc4)CC3)CC2)cc1,1
14761140,CHEMBL380005,CCN(C(=O)Cc1ccc(S(C)(=O)=O)cc1)C1CCN(CC[C@@H](c2ccc(F)cc2)c2ccc(S(C)(=O)=O)cc2)CC1,IN-RANGE,O=C(Cc1ccccc1)NC1CCN(CCC(c2ccccc2)c2ccccc2)CC1,4
14761141,CHEMBL1779497,O=C(NCC1CCCCC1)c1cc(-n2ncc(=O)[nH]c2=O)ccc1Cl,IN-RANGE,O=C(NCC1CCCCC1)c1cccc(-n2ncc(=O)[nH]c2=O)c1,3
14761149,CHEMBL2048873,N[C@@H]1CCCN(c2c(/C=C3\SC(=O)NC3=O)cccc2-c2ccncc2)C1,IN-RANGE,O=C1NC(=O)/C(=C/c2cccc(-c3ccncc3)c2N2CCCCC2)S1,0
14761150,CHEMBL403225,C[C@H](CO)Nc1nc(SCc2cccc(Cl)c2F)nc2[nH]c(=O)sc12,IN-RANGE,O=c1[nH]c2nc(SCc3ccccc3)ncc2s1,0
14761156,CHEMBL1241590,CS(=O)(=O)c1ccc([C@@H](O)[C@@H](CF)NC(=O)C(Cl)Cl)cc1,IN-RANGE,c1ccccc1,3
14761157,CHEMBL274737,CC[C@H](CO)Nc1nc(SCc2ccccc2)nc2nc(N)sc12,IN-RANGE,c1ccc(CSc2ncc3scnc3n2)cc1,1
14761158,CHEMBL403313,CN(C)S(=O)(=O)NC(=O)CCCc1c(-c2ccc(F)cc2)[nH]c2ccc(C#N)cc12,IN-RANGE,c1ccc(-c2cc3ccccc3[nH]2)cc1,2
14761161,CHEMBL1831130,COc1ccc2nc(C)cc(N3CC(CNC(=O)C4CC4)OC3=O)c2c1,IN-RANGE,O=C(NCC1CN(c2ccnc3ccccc23)C(=O)O1)C1CC1,2
14761162,CHEMBL2325699,CS(=O)(=O)C1(c2cc(N3CC4CCC(C3)O4)nc(-c3cccc4[nH]ccc34)n2)CC1,IN-RANGE,c1cc(-c2nc(C3CC3)cc(N3CC4CCC(C3)O4)n2)c2cc[nH]c2c1,3
14761168,CHEMBL1363,COc1ccc(C[C@@H](C)NC[C@H](O)c2ccc(O)c(NC=O)c2)cc1,IN-RANGE,c1ccc(CCNCCc2ccccc2)cc1,4
14761169,CHEMBL1807821,O=c1[nH]c2c(O)ccc([C@@H](O)CNCCCOCCOCCc3ccccc3)c2s1,IN-RANGE,O=c1[nH]c2cccc(CCNCCCOCCOCCc3ccccc3)c2s1,3
14761170,CHEMBL1916285,Cc1nn(-c2ccccc2)c(NS(=O)(=O)c2cccc(CN3CCOCC3)c2)c1C(=O)N[C@@H](C)C(C)(C)C,IN-RANGE,O=S(=O)(Nc1ccnn1-c1ccccc1)c1cccc(CN2CCOCC2)c1,0
14761171,CHEMBL1778623,CCN(CC)S(=O)(=O)c1ccc(-c2cc(C(F)(F)F)ccc2OCC(=O)O)cc1,IN-RANGE,c1ccc(-c2ccccc2)cc1,0
14761172,CHEMBL1916263,CCC(CC)NC(=O)c1cn(-c2ccccc2)nc1NS(=O)(=O)c1ccc(C)cc1,IN-RANGE,O=S(=O)(Nc1ccn(-c2ccccc2)n1)c1ccccc1,3
14761173,CHEMBL2207661,O=C(NC[C@@H](O)CN1CCC(Oc2ccc(Cl)c(Cl)c2)CC1)c1c[nH]nc1C1CC1,IN-RANGE,O=C(NCCCN1CCC(Oc2ccccc2)CC1)c1c[nH]nc1C1CC1,3
14761174,CHEMBL2171014,Cc1c(Cl)ccc(OC2CCN(C3CCN(C(=O)NS(=O)(=O)c4ccc(N(C)C)cc4)CC3)CC2)c1Cl,IN-RANGE,O=C(NS(=O)(=O)c1ccccc1)N1CCC(N2CCC(Oc3ccccc3)CC2)CC1,4
14761175,CHEMBL2207278,O=C(NC[C@@H](O)CN1CCC(Oc2ccc(Cl)c(Cl)c2)CC1)c1c[nH]c(=O)c2cc(F)ccc12,IN-RANGE,O=C(NCCCN1CCC(Oc2ccccc2)CC1)c1c[nH]c(=O)c2ccccc12,2
14761176,CHEMBL1689123,CC[C@H]1CN(Cc2cc(Cl)ccc2OCC(=O)O)CCN1S(=O)(=O)c1ccccc1,IN-RANGE,O=S(=O)(c1ccccc1)N1CCN(Cc2ccccc2)CC1,1
14761177,CHEMBL2171018,COc1cccc(C(=O)NCCN2CCC(Oc3ccc(Cl)c(Cl)c3)CC2)c1,IN-RANGE,O=C(NCCN1CCC(Oc2ccccc2)CC1)c1ccccc1,2
14761178,CHEMBL452021,CN(C)CCOc1ccc(-c2cc(C(N)=O)c(NC(N)=O)s2)cc1,IN-RANGE,c1ccc(-c2cccs2)cc1,0
14761179,CHEMBL1778617,O=C(O)COc1ccc(-c2nccs2)cc1-c1ccccc1,IN-RANGE,c1ccc(-c2cccc(-c3nccs3)c2)cc1,2
14761180,CHEMBL1945037,O=c1[nH]c2c(O)ccc([C@@H](O)CNCCc3cccc(CNCCCc4ccccc4)c3)c2s1,IN-RANGE,O=c1[nH]c2cccc(CCNCCc3cccc(CNCCCc4ccccc4)c3)c2s1,3
14761181,CHEMBL686,Cc1cccc(Nc2ccccc2C(=O)O)c1C,IN-RANGE,c1ccc(Nc2ccccc2)cc1,1
14761182,CHEMBL86276,Nc1nc(-c2ccccc2)nn1Cc1ccccc1,IN-RANGE,c1ccc(Cn2cnc(-c3ccccc3)n2)cc1,4
14761183,CHEMBL257269,C[C@H](CO)Nc1nc(SCc2cccc(F)c2F)nc2[nH]c(=O)ccc12,IN-RANGE,O=c1ccc2cnc(SCc3ccccc3)nc2[nH]1,4
14761191,CHEMBL426658,Clc1cccc(-c2cnc3ccc(NC4CCOCC4)nn23)c1,IN-RANGE,c1ccc(-c2cnc3ccc(NC4CCOCC4)nn23)cc1,2
14761192,CHEMBL2180612,COC(=O)C1=C(C)NC2=C(C(=O)CC(C)(C)C2)C1c1ccc(-c2ccc(C(F)(F)F)cc2)cc1,IN-RANGE,O=C1CCCC2=C1C(c1ccc(-c3ccccc3)cc1)C=CN2,0
14761197,CHEMBL1956112,CN1CCC[C@H]1CCN1CCCc2cc(NC(=N)c3cccs3)ccc21,IN-RANGE,N=C(Nc1ccc2c(c1)CCCN2CC[C@@H]1CCCN1)c1cccs1,3
14761199,CHEMBL1346,NC(=O)C(c1ccccc1)(c1ccccc1)[C@@H]1CCN(CCc2ccc3c(c2)CCO3)C1,IN-RANGE,c1ccc(C(c2ccccc2)[C@@H]2CCN(CCc3ccc4c(c3)CCO4)C2)cc1,3
14761202,CHEMBL1389370,CCN(CC)CCNc1ncnc2c1sc1nc(N3CCOCC3)c3c(c12)CCCC3,IN-RANGE,c1ncc2sc3nc(N4CCOCC4)c4c(c3c2n1)CCCC4,2
14761209,CHEMBL1922660,CCOc1ccc(-c2ccc(Cn3c(CC(C)(C)C(=O)O)c(SC(C)(C)C)c4cc(OCc5ccc(C)cn5)ccc43)cc2)cn1,IN-RANGE,c1ccc(COc2ccc3c(ccn3Cc3ccc(-c4cccnc4)cc3)c2)nc1,2
14761211,CHEMBL2170989,Nc1ncnc2c1ncn2[C@@H]1O[C@H](CSCCCNC(=O)Nc2ccccc2)[C@@H](O)[C@H]1O,IN-RANGE,O=C(NCCCSC[C@@H]1CC[C@H](n2cnc3cncnc32)O1)Nc1ccccc1,3
14761212,CHEMBL171951,CCCS(=O)(=O)N1N=Cc2cc(Cl)ccc2B1O,IN-RANGE,B1NN=Cc2ccccc21,2
14761228,CHEMBL1916289,Cc1nn(-c2ccc(F)cc2)c(NS(=O)(=O)c2ccc(C(F)(F)F)cc2)c1C(=O)N[C@@H](C)C(C)(C)C,IN-RANGE,O=S(=O)(Nc1ccnn1-c1ccccc1)c1ccccc1,3
14761229,CHEMBL563784,O=C(NCC12CC3CC(CC(C3)C1)C2)c1cc(N2CCNCC2)ncc1Cl,IN-RANGE,O=C(NCC12CC3CC(CC(C3)C1)C2)c1ccnc(N2CCNCC2)c1,4
14761230,CHEMBL1778642,CS(=O)(=O)c1ccc(-c2cc(Cl)ccc2OCC(=O)O)c(Cl)c1,IN-RANGE,c1ccc(-c2ccccc2)cc1,0
14761231,CHEMBL2207667,NC(=O)c1c(OC2CCN(C[C@H](O)CNC(=O)c3c[nH]c(=O)c4ccccc34)CC2)ccc(Cl)c1Cl,IN-RANGE,O=C(NCCCN1CCC(Oc2ccccc2)CC1)c1c[nH]c(=O)c2ccccc12,2
14761232,CHEMBL2171013,Cc1ccc(S(=O)(=O)N(C)C(=O)N2CCC(N3CCC(Oc4ccc(Cl)c(Cl)c4)CC3)CC2)cc1,IN-RANGE,O=C(NS(=O)(=O)c1ccccc1)N1CCC(N2CCC(Oc3ccccc3)CC2)CC1,4
14761233,CHEMBL495383,O=C(Nc1cccc(CCO)c1)c1cc2cc(Cl)ccc2[nH]1,IN-RANGE,O=C(Nc1ccccc1)c1cc2ccccc2[nH]1,3
14761234,CHEMBL2011440,COc1nc(Cl)c(Cl)nc1NS(=O)(=O)c1ccc(Cl)s1,IN-RANGE,O=S(=O)(Nc1cnccn1)c1cccs1,2
14761235,CHEMBL180155,C=CCN(C(=O)Cc1ccc(S(C)(=O)=O)cc1)C1CCN(CCC(c2ccccc2)c2ccccc2)CC1,IN-RANGE,O=C(Cc1ccccc1)NC1CCN(CCC(c2ccccc2)c2ccccc2)CC1,4
14761236,CHEMBL38380,O=S(=O)(c1cccc2cnccc12)N1CCCNCC1,IN-RANGE,O=S(=O)(c1cccc2cnccc12)N1CCCNCC1,1
14761237,CHEMBL1766793,CC(C)S(=O)(=O)c1ccc(-c2cnc(N)c(C(=O)Nc3ccccc3)n2)cc1,IN-RANGE,O=C(Nc1ccccc1)c1cncc(-c2ccccc2)n1,0
14761244,CHEMBL1297,CC(C(=O)O)c1cccc(Oc2ccccc2)c1,IN-RANGE,c1ccc(Oc2ccccc2)cc1,4
14761250,CHEMBL72,CNCCCN1c2ccccc2CCc2ccccc21,IN-RANGE,c1ccc2c(c1)CCc1ccccc1N2,1
14761251,CHEMBL1807829,O=c1[nH]c2c(O)ccc([C@@H](O)CNCCSCCCNCCc3cccc(Cl)c3Cl)c2s1,IN-RANGE,O=c1[nH]c2cccc(CCNCCSCCCNCCc3ccccc3)c2s1,2
14761252,CHEMBL2171037,CN(C)c1ccc(S(=O)(=O)NC(=O)N2CCC(N3CCC(Oc4ccc(Cl)c(Cl)c4)CC3)CC2)cc1,IN-RANGE,O=C(NS(=O)(=O)c1ccccc1)N1CCC(N2CCC(Oc3ccccc3)CC2)CC1,4
14761254,CHEMBL129660,O=C(c1cc2ccccc2[nH]1)N1CCNCC1,IN-RANGE,O=C(c1cc2ccccc2[nH]1)N1CCNCC1,0
14761261,CHEMBL496929,O=C(Nc1ccc(CCO)cc1)c1cc2cc(Cl)ccc2[nH]1,IN-RANGE,O=C(Nc1ccccc1)c1cc2ccccc2[nH]1,3
14761266,CHEMBL1922094,Cc1c(CN2CCN(C(=O)[C@H](C)O)CC2)sc2c(N3CCOCC3)nc(-c3cnc(N)nc3)nc12,IN-RANGE,c1ncc(-c2nc(N3CCOCC3)c3sc(CN4CCNCC4)cc3n2)cn1,3
14761267,CHEMBL1834184,CCC(=O)N[C@H]1CC[C@@H](C(=O)N(C)c2ccc(-c3nc4ccccc4o3)cc2)C1,IN-RANGE,O=C(Nc1ccc(-c2nc3ccccc3o2)cc1)C1CCCC1,2
14761271,CHEMBL1689117,O=C(O)COc1ccc(Cl)cc1CN1CCN(S(=O)(=O)c2ccc(F)cc2)CC1,IN-RANGE,O=S(=O)(c1ccccc1)N1CCN(Cc2ccccc2)CC1,1
14761272,CHEMBL1934413,Cc1ccc(S(=O)(=O)Nc2c(C(=O)N[C@@H](C)C(C)(C)C)c(C)nn2C2CCC2)cc1,IN-RANGE,O=S(=O)(Nc1ccnn1C1CCC1)c1ccccc1,1
14761273,CHEMBL1289545,Cc1nc(C(=O)N2CCOC3(CCN(Cc4ccc(Cl)cc4)CC3)C2)cs1,IN-RANGE,O=C(c1cscn1)N1CCOC2(CCN(Cc3ccccc3)CC2)C1,1
14761274,CHEMBL2171034,O=C(NS(=O)(=O)c1ccc(F)cc1)N1CCC(N2CCC(Oc3ccc(Cl)c(Cl)c3)CC2)CC1,IN-RANGE,O=C(NS(=O)(=O)c1ccccc1)N1CCC(N2CCC(Oc3ccccc3)CC2)CC1,4
14761275,CHEMBL393717,O=C(NCC12CC3CC(CC(C3)C1)C2)c1cc(N2CCNCC2)ccc1Cl,IN-RANGE,O=C(NCC12CC3CC(CC(C3)C1)C2)c1cccc(N2CCNCC2)c1,4
14761276,CHEMBL1681882,CCNC(=O)c1cnc(N2CCN(C3CCN(Cc4ccc(Cl)cc4F)CC3)[C@@H](CC)C2)c(Cl)c1,IN-RANGE,c1ccc(CN2CCC(N3CCN(c4ccccn4)CC3)CC2)cc1,4
14761277,CHEMBL1643200,Cc1cc(CN2Cc3ccccc3C[C@H]2C(=O)Nc2ccc(Cl)cc2Cl)ccc1OCC(=O)O,IN-RANGE,O=C(Nc1ccccc1)[C@@H]1Cc2ccccc2CN1Cc1ccccc1,0
14761278,CHEMBL1778624,O=C(O)COc1ccc(C(F)(F)F)cc1-c1ccc(Cl)cc1,IN-RANGE,c1ccc(-c2ccccc2)cc1,0
14761279,CHEMBL1807870,O=c1[nH]c2c(O)ccc([C@@H](O)CNCCCSCCNCCc3ccccc3Cl)c2s1,IN-RANGE,O=c1[nH]c2cccc(CCNCCCSCCNCCc3ccccc3)c2s1,0
14761280,CHEMBL1689124,CCC[C@H]1CN(Cc2cc(Cl)ccc2OCC(=O)O)CCN1S(=O)(=O)c1ccccc1,IN-RANGE,O=S(=O)(c1ccccc1)N1CCN(Cc2ccccc2)CC1,1
14761281,CHEMBL598191,N=C(N)c1cc2c(OCc3ccccc3)cccc2s1,IN-RANGE,c1ccc(COc2cccc3sccc23)cc1,1
14761282,CHEMBL109244,O=C(NCCCCCCNCCc1ccc(O)c2nc(O)sc12)Nc1ccccc1,IN-RANGE,O=C(NCCCCCCNCCc1cccc2ncsc12)Nc1ccccc1,4
14761283,CHEMBL564535,CN(C)C[C@H](O)Cc1ccc(Cl)c(C(=O)NCC23CC4CC(CC(C4)C2)C3)c1,IN-RANGE,O=C(NCC12CC3CC(CC(C3)C1)C2)c1ccccc1,3
14761284,CHEMBL1917422,Cc1c(Sc2ccc(Cl)cc2)c2cc(Cl)ccc2n1Cc1nnn[nH]1,IN-RANGE,c1ccc(Sc2cn(Cc3nnn[nH]3)c3ccccc23)cc1,1
14761285,CHEMBL380936,Nc1nc(NCc2ccccc2)nc2c1nc(O)n2Cc1ccccc1,IN-RANGE,c1ccc(CNc2ncc3ncn(Cc4ccccc4)c3n2)cc1,3
14761286,CHEMBL359806,COc1ccc(OC)c(CNc2[nH]nc3cccc(Oc4ccccc4)c23)c1,IN-RANGE,c1ccc(CNc2[nH]nc3cccc(Oc4ccccc4)c23)cc1,4
14761287,CHEMBL280148,CN(C)CCNc1cc(-c2ccc(N3CCN(C)CC3)cc2)nc2ccccc12,IN-RANGE,c1ccc2nc(-c3ccc(N4CCNCC4)cc3)ccc2c1,0
14761288,CHEMBL223402,O=C(Nc1ccccc1F)N[C@H]1N=C(c2ccccc2)c2ccccc2NC1=O,IN-RANGE,O=C(Nc1ccccc1)N[C@H]1N=C(c2ccccc2)c2ccccc2NC1=O,0
14761289,CHEMBL1472189,COc1ccc(CC(=O)Nc2nc3ccccc3[nH]2)cc1,IN-RANGE,O=C(Cc1ccccc1)Nc1nc2ccccc2[nH]1,3
14761290,CHEMBL370492,CCc1nc2cc(O)ccc2c(Oc2ccc(/C=C/C(=O)O)cc2)c1-c1ccccc1,IN-RANGE,c1ccc(Oc2c(-c3ccccc3)cnc3ccccc23)cc1,3
14761291,CHEMBL1857945,CN(C)CCNc1cc(-c2ccccc2)nc2cc(-c3ccc(F)cc3)nn12,IN-RANGE,c1ccc(-c2ccn3nc(-c4ccccc4)cc3n2)cc1,0
14761292,CHEMBL2325704,CS(=O)(=O)C1(c2cc(N3CCOCC3)nc(-c3cccc4[nH]ccc34)n2)CC1,IN-RANGE,c1cc(-c2nc(C3CC3)cc(N3CCOCC3)n2)c2cc[nH]c2c1,1
14761298,CHEMBL174107,CSc1ccc(N2C(N)=NC(N)=NC2(C)C)cc1,IN-RANGE,C1=NC=NCN1c1ccccc1,0
14761299,CHEMBL2153435,CCNC(=O)C[C@H]1N=C(c2ccc(Cl)cc2)c2cc(OC)ccc2-n2c(C)nnc21,IN-RANGE,c1ccc(C2=NCc3nncn3-c3ccccc32)cc1,4
14761300,CHEMBL1824832,CCOc1ccc(Oc2ccc(S(=O)(=O)NC(=O)c3cccc(-c4ccc(Cl)c(Cl)c4)c3)cc2)cc1,IN-RANGE,O=C(NS(=O)(=O)c1ccc(Oc2ccccc2)cc1)c1cccc(-c2ccccc2)c1,0
14761302,CHEMBL2181928,C[C@@H]1CN(c2ccc3c(n2)NC(=O)CO3)[C@H](c2ccccc2)CO1,IN-RANGE,O=C1COc2ccc(N3CCOC[C@H]3c3ccccc3)nc2N1,3
14761311,CHEMBL1916273,Cc1ccc(S(=O)(=O)Nc2c(C(=O)NC(C)C)c(C)nn2-c2ccccc2)cc1,IN-RANGE,O=S(=O)(Nc1ccnn1-c1ccccc1)c1ccccc1,3
14761312,CHEMBL191553,CC(=O)Nc1ccc(CNc2[nH]nc3ccnc(Oc4ccccc4)c23)cc1,IN-RANGE,c1ccc(CNc2[nH]nc3ccnc(Oc4ccccc4)c23)cc1,1
14761313,CHEMBL271703,C[C@H](CO)Nc1nc(SCc2cccc(F)c2F)nc2nc(N)cnc12,IN-RANGE,c1ccc(CSc2ncc3nccnc3n2)cc1,0
14761314,CHEMBL2158829,O=C(O)COc1cccc(N2CCC(CN3CCC(Oc4ccc(Cl)c(Cl)c4)CC3)CC2)c1,IN-RANGE,c1ccc(OC2CCN(CC3CCN(c4ccccc4)CC3)CC2)cc1,1
14761315,CHEMBL1917441,Cc1ccc2c(c1)c(Sc1cccc(Cl)c1)c(C)n2CC(=O)O,IN-RANGE,c1ccc(Sc2c[nH]c3ccccc23)cc1,2
14761316,CHEMBL98345,O=C(NO)c1ccc(NS(=O)(=O)c2ccccc2)cc1,IN-RANGE,O=S(=O)(Nc1ccccc1)c1ccccc1,0
14761317,CHEMBL181913,CN(C(=O)Cc1ccc(S(N)(=O)=O)cc1)C1CCN(CCC(c2ccccc2)c2ccccc2)CC1,IN-RANGE,O=C(Cc1ccccc1)NC1CCN(CCC(c2ccccc2)c2ccccc2)CC1,4
14761318,CHEMBL1778629,CCS(=O)(=O)c1cccc(-c2cc(C(F)(F)F)ccc2OCC(=O)O)c1,IN-RANGE,c1ccc(-c2ccccc2)cc1,0
14761319,CHEMBL1778625,COc1ccc(-c2cc(C(F)(F)F)ccc2OCC(=O)O)cc1,IN-RANGE,c1ccc(-c2ccccc2)cc1,0
14761320,CHEMBL459353,COc1ccc(N(C(=O)c2occc2CO)C(C(=O)NC[C@@H](C)O)c2ccccc2F)c(OC)c1,IN-RANGE,O=C(c1ccco1)N(Cc1ccccc1)c1ccccc1,2
14761321,CHEMBL2171015,O=C(NS(=O)(=O)N1CCC(N2CCC(Oc3ccc(Cl)c(Cl)c3)CC2)CC1)c1ccccc1,IN-RANGE,O=C(NS(=O)(=O)N1CCC(N2CCC(Oc3ccccc3)CC2)CC1)c1ccccc1,3
14761322,CHEMBL379082,CCN(C(=O)Cc1ccc(S(C)(=O)=O)cc1)C1CCN(CC[C@H](c2ccc(S(C)(=O)=O)cc2)c2cccc(Cl)c2)CC1,IN-RANGE,O=C(Cc1ccccc1)NC1CCN(CCC(c2ccccc2)c2ccccc2)CC1,4
14761323,CHEMBL560241,Cc1cc(-c2ccc(Cl)c(C(=O)NCC3(O)CCCCCC3)c2)n[nH]1,IN-RANGE,O=C(NCC1CCCCCC1)c1cccc(-c2cc[nH]n2)c1,0
14761331,CHEMBL894,CC(NC(C)(C)C)C(=O)c1cccc(Cl)c1,IN-RANGE,c1ccccc1,3
14761340,CHEMBL1448843,O=C(CSc1ccccc1)N1CCN(C(=O)c2ccco2)CC1,IN-RANGE,O=C(CSc1ccccc1)N1CCN(C(=O)c2ccco2)CC1,0
14761341,CHEMBL1209915,COc1ccc(C2CC(c3ccc(Br)cc3)=NN2C(C)=O)cc1,IN-RANGE,c1ccc(C2=NNC(c3ccccc3)C2)cc1,0
14761343,CHEMBL2164678,N#CC1(NC(=O)[C@@H]2CCCC[C@H]2C(=O)N2CCc3[nH]c4ccc(F)cc4c3C2)CC1,IN-RANGE,O=C(NC1CC1)[C@@H]1CCCC[C@H]1C(=O)N1CCc2[nH]c3ccccc3c2C1,4
14761348,CHEMBL2141746,CCCNC(=O)CSc1ccc(S(=O)(=O)N2CCCC2)cn1,IN-RANGE,O=S(=O)(c1cccnc1)N1CCCC1,4
14761349,CHEMBL203059,O=C(Nc1cc(-c2ccnc(Nc3ccccc3)c2)ccn1)C1CCOCC1,IN-RANGE,O=C(Nc1cc(-c2ccnc(Nc3ccccc3)c2)ccn1)C1CCOCC1,4
14761357,CHEMBL244521,CC(C)c1nc2ccc(-c3ccc(F)cc3)cc2c(=O)n1C[C@H]1CCCN(C(C)C)C1,IN-RANGE,O=c1c2cc(-c3ccccc3)ccc2ncn1C[C@H]1CCCNC1,3
14761363,CHEMBL392559,O=C(NCC12CC3CC(CC(C3)C1)C2)c1cc(CN2C[C@@H]3C[C@H]2CN3)ccc1Cl,IN-RANGE,O=C(NCC12CC3CC(CC(C3)C1)C2)c1cccc(CN2C[C@@H]3C[C@H]2CN3)c1,2
14761364,CHEMBL511115,COc1ccc([C@]2(C#N)CC[C@@H](C(=O)O)CC2)cc1OC1CCCC1,IN-RANGE,c1cc(OC2CCCC2)cc(C2CCCCC2)c1,0
14761365,CHEMBL568904,Cc1ccc2c(N)c(C(N)=O)sc2n1,IN-RANGE,c1cnc2sccc2c1,4
14761366,CHEMBL1778627,CN(c1ccc(-c2cc(C(F)(F)F)ccc2OCC(=O)O)cc1)S(C)(=O)=O,IN-RANGE,c1ccc(-c2ccccc2)cc1,0
14761367,CHEMBL1916269,CCC(CC)NC(=O)c1cnn(C)c1NS(=O)(=O)c1ccc(C)cc1,IN-RANGE,O=S(=O)(Nc1ccn[nH]1)c1ccccc1,1
14761368,CHEMBL1807826,O=c1[nH]c2c(O)ccc([C@@H](O)CNCCSCCCNCCc3cccc(C(F)(F)F)c3)c2s1,IN-RANGE,O=c1[nH]c2cccc(CCNCCSCCCNCCc3ccccc3)c2s1,2
14761369,CHEMBL2207672,Cc1c(Cl)ccc(OC2CCN(C[C@H](O)CNC(=O)c3c[nH]c(=O)c4cc(S(C)(=O)=O)ccc34)CC2)c1Cl,IN-RANGE,O=C(NCCCN1CCC(Oc2ccccc2)CC1)c1c[nH]c(=O)c2ccccc12,2
14761370,CHEMBL244183,c1cn(-c2ccc(Oc3cc(Oc4ccc5c(c4)OCO5)ncn3)cc2)cn1,IN-RANGE,c1cn(-c2ccc(Oc3cc(Oc4ccc5c(c4)OCO5)ncn3)cc2)cn1,3
14761371,CHEMBL243978,c1cn(-c2ccc(Oc3nccc(Oc4ccc5c(c4)OCO5)n3)cc2)cn1,IN-RANGE,c1cn(-c2ccc(Oc3nccc(Oc4ccc5c(c4)OCO5)n3)cc2)cn1,3
14761372,CHEMBL360106,CCN(C(=O)Cc1ccc([N+](=O)[O-])cc1)C1CCN(CCC(c2ccccc2)c2ccccc2)CC1,IN-RANGE,O=C(Cc1ccccc1)NC1CCN(CCC(c2ccccc2)c2ccccc2)CC1,4
14761385,CHEMBL11,CN(C)CCCN1c2ccccc2CCc2ccccc21,IN-RANGE,c1ccc2c(c1)CCc1ccccc1N2,1
14761386,CHEMBL481,CCc1c2c(nc3ccc(OC(=O)N4CCC(N5CCCCC5)CC4)cc13)-c1cc3c(c(=O)n1C2)COC(=O)[C@]3(O)CC,IN-RANGE,O=C1Cc2cc3n(c(=O)c2CO1)Cc1cc2cc(OC(=O)N4CCC(N5CCCCC5)CC4)ccc2nc1-3,3
14762210,CHEMBL2171021,Cc1c(Cl)ccc(OC2CCN(C3CCN(C(=O)c4cccc(S(C)(=O)=O)c4)CC3)CC2)c1Cl,IN-RANGE,O=C(c1ccccc1)N1CCC(N2CCC(Oc3ccccc3)CC2)CC1,3
14762211,CHEMBL1290184,Cc1cccc(CN2CCC3(CC2)CCN(C(=O)c2ccccc2)CC3)c1,IN-RANGE,O=C(c1ccccc1)N1CCC2(CCN(Cc3ccccc3)CC2)CC1,0
14762220,CHEMBL2152523,c1ccc([C@H]([C@@H](c2ccccc2)N2CCCCC2)N2CCCCC2)cc1,IN-RANGE,c1ccc([C@H]([C@@H](c2ccccc2)N2CCCCC2)N2CCCCC2)cc1,0
14762221,CHEMBL345937,CC1Sc2c(C(=O)O)c(=O)c3cc(F)c(N4CCNCC4)cc3n21,IN-RANGE,O=c1cc2n(c3cc(N4CCNCC4)ccc13)CS2,0
14762222,CHEMBL1455229,O=C(NCc1cccnc1)c1cc(-c2ccco2)on1,IN-RANGE,O=C(NCc1cccnc1)c1cc(-c2ccco2)on1,0
14762227,CHEMBL605846,COc1ccc(CC(C)(C)NC[C@H](O)c2cc(O)cc3c2OCC(=O)N3)cc1,IN-RANGE,O=C1COc2c(CCNCCc3ccccc3)cccc2N1,0
14762228,CHEMBL2031221,Cc1ccc(NC(=O)c2cccc(N3CCOCC3)c2)cc1-n1cnc2ccc(N3CCN(C)CC3)cc2c1=O,IN-RANGE,O=C(Nc1cccc(-n2cnc3ccc(N4CCNCC4)cc3c2=O)c1)c1cccc(N2CCOCC2)c1,2
14762229,CHEMBL1916286,Cc1nn(-c2ccccc2)c(NS(=O)(=O)C2CCCCC2)c1C(=O)N[C@@H](C)C(C)(C)C,IN-RANGE,O=S(=O)(Nc1ccnn1-c1ccccc1)C1CCCCC1,3
14762230,CHEMBL24646,COc1ccc(-c2nc3cc(C4=NNC(=O)CC4C)ccc3[nH]2)cc1,IN-RANGE,O=C1CCC(c2ccc3[nH]c(-c4ccccc4)nc3c2)=NN1,0
14762231,CHEMBL2207284,CNS(=O)(=O)c1ccc2c(C(=O)NC[C@@H](O)CN3CCC(Oc4ccc(Cl)c(Cl)c4)CC3)c[nH]c(=O)c2c1,IN-RANGE,O=C(NCCCN1CCC(Oc2ccccc2)CC1)c1c[nH]c(=O)c2ccccc12,2
14762232,CHEMBL257025,C[C@H](CO)Nc1nc(SCc2cccc(F)c2F)nc2[nH]ncc12,IN-RANGE,c1ccc(CSc2ncc3cn[nH]c3n2)cc1,1
14762233,CHEMBL315970,CC(C)Cn1c(=O)n(C)c(=O)c2cn(Cc3cccc4ccccc34)cc21,IN-RANGE,O=c1[nH]c(=O)c2cn(Cc3cccc4ccccc34)cc2[nH]1,2
14762234,CHEMBL1916083,CNC(=O)c1cnn(-c2ccccc2)c1NS(=O)(=O)c1ccc(C)cc1,IN-RANGE,O=S(=O)(Nc1ccnn1-c1ccccc1)c1ccccc1,3
14762235,CHEMBL1945298,O=c1[nH]c2c(O)ccc([C@@H](O)CNCCOc3cccc(CNCCc4ccccc4F)c3)c2s1,IN-RANGE,O=c1[nH]c2cccc(CCNCCOc3cccc(CNCCc4ccccc4)c3)c2s1,3
14762236,CHEMBL2207276,Cc1cc(Cl)ccc1OC1CCN(C[C@H](O)CNC(=O)c2c[nH]c(=O)c3cc(S(C)(=O)=O)ccc23)CC1,IN-RANGE,O=C(NCCCN1CCC(Oc2ccccc2)CC1)c1c[nH]c(=O)c2ccccc12,2
14762237,CHEMBL2158774,Cc1ccc(C[C@@H](C(=O)O)N2CCC(CN3CCC(Oc4ccc(Cl)c(Cl)c4)CC3)CC2)cc1,IN-RANGE,c1ccc(CCN2CCC(CN3CCC(Oc4ccccc4)CC3)CC2)cc1,1
14762238,CHEMBL337962,CNC(=O)c1cccc(NC(=O)Nc2cccc(C#N)c2)c1CN1CCC(Cc2ccc(F)cc2)CC1,IN-RANGE,O=C(Nc1ccccc1)Nc1ccccc1CN1CCC(Cc2ccccc2)CC1,4
14762241,CHEMBL1232461,CCNC(=O)C[C@@H]1N=C(c2ccc(Cl)cc2)c2cc(OC)ccc2-n2c(C)nnc21,IN-RANGE,c1ccc(C2=NCc3nncn3-c3ccccc32)cc1,4
14762242,CHEMBL1164033,CN(C)CCOc1cc(NS(=O)(=O)c2c(Cl)cc(C(F)(F)F)cc2Cl)ccc1Cl,IN-RANGE,O=S(=O)(Nc1ccccc1)c1ccccc1,0
14762243,CHEMBL168634,Cc1ccc(S(=O)(=O)N2N=Cc3ccccc3B2O)cc1,IN-RANGE,O=S(=O)(c1ccccc1)N1Bc2ccccc2C=N1,0
14762244,CHEMBL1829763,C[C@@H](c1ccc(-c2ccc(F)cc2F)cc1)N1CC[C@](CCO)(c2ccc(F)cc2)OC1=O,IN-RANGE,O=C1OC(c2ccccc2)CCN1Cc1ccc(-c2ccccc2)cc1,4
14762252,CHEMBL1929039,Cc1cc(F)ccc1-n1nc(C(F)(F)F)cc1-c1ccc2c(c1)NC(=O)CO2,IN-RANGE,O=C1COc2ccc(-c3ccnn3-c3ccccc3)cc2N1,0
14762253,CHEMBL1463345,C[C@]12CCC(=O)C=C1C=C[C@@H]1[C@@H]2CC[C@@]2(C)[C@H]1CC[C@@]21CCC(=O)O1,IN-RANGE,O=C1C=C2C=C[C@@H]3[C@H](CCC4[C@H]3CC[C@@]43CCC(=O)O3)C2CC1,3
14762254,CHEMBL2070137,CCS(=O)(=O)c1ccc2[nH]c(-c3cccc(-c4ccccc4)c3)nc2c1,IN-RANGE,c1ccc(-c2cccc(-c3nc4ccccc4[nH]3)c2)cc1,2
14762255,CHEMBL29609,Cc1cc(CCCOc2c(C)cc(-c3noc(C(F)(F)F)n3)cc2C)on1,IN-RANGE,c1cc(CCCOc2ccc(-c3ncon3)cc2)on1,0
14762263,CHEMBL435859,OB1c2ccccc2N=C(S)N1c1cccnc1,IN-RANGE,B1c2ccccc2N=CN1c1cccnc1,0
14762264,CHEMBL521851,CS(=O)(=O)N1CCN(Cc2cc3nc(-c4cccc5[nH]ncc45)nc(N4CCOCC4)c3s2)CC1,IN-RANGE,c1cc(-c2nc(N3CCOCC3)c3sc(CN4CCNCC4)cc3n2)c2cn[nH]c2c1,4
14762270,CHEMBL556680,O=C(CC12CC3CC(CC(C3)C1)C2)Nc1cccc2c(=O)n(C[C@H]3CCCN3)ccc12,IN-RANGE,O=C(CC12CC3CC(CC(C3)C1)C2)Nc1cccc2c(=O)n(C[C@H]3CCCN3)ccc12,1
14762271,CHEMBL108922,CCO/N=C/c1ccc(OCCC2CCN(c3ccc(C)nn3)CC2)cc1,IN-RANGE,c1ccc(OCCC2CCN(c3cccnn3)CC2)cc1,3
14762272,CHEMBL235392,O=C(NCC12CC3CC(CC(C3)C1)C2)c1cc(CN2CC3CNCC(C2)O3)ccc1Cl,IN-RANGE,O=C(NCC12CC3CC(CC(C3)C1)C2)c1cccc(CN2CC3CNCC(C2)O3)c1,2
14762273,CHEMBL371888,COc1cc2ncnc(Nc3ccc(OCc4ccccn4)c(C)c3)c2cc1OC,IN-RANGE,c1ccc(COc2ccc(Nc3ncnc4ccccc34)cc2)nc1,2
14762274,CHEMBL1643199,Cc1cc(CN2CCc3ccccc3C2C(=O)Nc2ccc(Cl)cc2Cl)ccc1OCC(=O)O,IN-RANGE,O=C(Nc1ccccc1)C1c2ccccc2CCN1Cc1ccccc1,2
14762275,CHEMBL1939418,Nc1nc(Nc2ccc(F)c(Cl)c2)c2nc[nH]c2n1,IN-RANGE,c1ccc(Nc2ncnc3[nH]cnc23)cc1,4
14762276,CHEMBL551707,O=C(NCC12CC3CC(CC(C3)C1)C2)c1c(Cl)ccc2nc(N3CCC[C@H](NCCc4nnn[nH]4)C3)ccc12,IN-RANGE,O=C(NCC12CC3CC(CC(C3)C1)C2)c1cccc2nc(N3CCC[C@H](NCCc4nnn[nH]4)C3)ccc12,3
14762277,CHEMBL1397672,Cc1[nH]c2nc(NCc3cccc(Br)c3)nn2c(=O)c1Cc1ccccc1,IN-RANGE,O=c1c(Cc2ccccc2)c[nH]c2nc(NCc3ccccc3)nn12,0
14762281,CHEMBL42,CN1CCN(C2=Nc3cc(Cl)ccc3Nc3ccccc32)CC1,IN-RANGE,c1ccc2c(c1)N=C(N1CCNCC1)c1ccccc1N2,2
14762282,CHEMBL957,COc1ccccc1Oc1c(NS(=O)(=O)c2ccc(C(C)(C)C)cc2)nc(-c2ncccn2)nc1OCCO,IN-RANGE,O=S(=O)(Nc1nc(-c2ncccn2)ncc1Oc1ccccc1)c1ccccc1,2
14762283,CHEMBL2170837,CCn1c(C)c(C(=O)O)c(-c2cccc(N3CCN(c4ccc(NS(=O)(=O)c5ccc(N[C@H](CCN6CCC(O)CC6)CSc6ccccc6)c(S(=O)(=O)C(F)(F)F)c5)cc4)CC3)c2)c1-c1ccc(Cl)cc1,IN-RANGE,O=S(=O)(Nc1ccc(N2CCN(c3cccc(-c4cc[nH]c4-c4ccccc4)c3)CC2)cc1)c1ccc(N[C@H](CCN2CCCCC2)CSc2ccccc2)cc1,3
14762291,CHEMBL422648,Cc1oc(=O)oc1CN1CCN(c2cc3c(cc2F)c(=O)c(C(=O)O)c2n3C(C)S2)CC1,IN-RANGE,O=c1occ(CN2CCN(c3ccc4c(=O)cc5n(c4c3)CS5)CC2)o1,0
14762292,CHEMBL1916280,CCC(C)NC(=O)c1c(C)nn(-c2ccccc2)c1NS(=O)(=O)c1ccc(C)cc1,IN-RANGE,O=S(=O)(Nc1ccnn1-c1ccccc1)c1ccccc1,3
14762294,CHEMBL570899,Cc1cc(Nc2cncc(N[C@@H](C)c3ncc(F)cn3)n2)n[nH]1,IN-RANGE,c1cnc(CNc2cncc(Nc3cc[nH]n3)n2)nc1,1
14762295,CHEMBL2012204,Cc1cc([C@H](O)[C@](C)(OCc2ccc(-c3ccccc3)cc2)C(=O)NO)no1,IN-RANGE,c1ccc(-c2ccc(COCCc3ccon3)cc2)cc1,3
14762296,CHEMBL1645135,C[C@H](NC(=O)c1cccc2c1N(Cc1ccc(Cl)cc1)CC2)c1ccc(C(=O)O)cc1,IN-RANGE,O=C(NCc1ccccc1)c1cccc2c1N(Cc1ccccc1)CC2,3
14762302,CHEMBL1939414,Nc1nc(Nc2cccc(Br)c2)c2nc[nH]c2n1,IN-RANGE,c1ccc(Nc2ncnc3[nH]cnc23)cc1,4
14762303,CHEMBL1672434,C[C@H]1C[C@@H](NS(=O)(=O)c2cc(Br)ccc2Br)CN1C#N,IN-RANGE,O=S(=O)(N[C@@H]1CCNC1)c1ccccc1,0
14762304,CHEMBL2031225,COc1cccc(C(=O)Nc2ccc(C)c(-n3cnc4ccc(N5CCN(C)CC5)cc4c3=O)c2)c1,IN-RANGE,O=C(Nc1cccc(-n2cnc3ccc(N4CCNCC4)cc3c2=O)c1)c1ccccc1,3
14762305,CHEMBL1945031,Cc1cccc2c(CCNCc3cccc(CCNC[C@H](O)c4ccc(O)c5[nH]c(=O)sc45)c3)c[nH]c12,IN-RANGE,O=c1[nH]c2cccc(CCNCCc3cccc(CNCCc4c[nH]c5ccccc45)c3)c2s1,1
14762306,CHEMBL1523918,O=S(=O)(Nc1nnc(-c2ccccc2)s1)c1ccc(Cl)cc1,IN-RANGE,O=S(=O)(Nc1nnc(-c2ccccc2)s1)c1ccccc1,4
14762307,CHEMBL369311,CCN(C(=O)Cc1ccc(S(C)(=O)=O)cc1)C1CCN(CCC(c2ccccc2)c2ccccc2)CC1,IN-RANGE,O=C(Cc1ccccc1)NC1CCN(CCC(c2ccccc2)c2ccccc2)CC1,4
14762308,CHEMBL1917439,Cc1c(Sc2ccc(Cl)cc2)c2cc(-c3ccccc3)ccc2n1CC(=O)O,IN-RANGE,c1ccc(Sc2c[nH]c3ccc(-c4ccccc4)cc23)cc1,0
14762319,CHEMBL1956334,CC(=O)c1ncccc1NC(=O)[C@H]1CC[C@H](N2C(=O)[C@@H]3[C@@H]4CC[C@@H](C4)[C@@H]3C2=O)CC1,IN-RANGE,O=C1[C@@H]2[C@@H]3CC[C@@H](C3)[C@@H]2C(=O)N1[C@H]1CC[C@H](C(=O)Nc2cccnc2)CC1,0
14762328,CHEMBL1944691,O=c1[nH]c2c(O)ccc([C@@H](O)CNCCc3cccc(CNCCc4ccccc4F)c3)c2s1,IN-RANGE,O=c1[nH]c2cccc(CCNCCc3cccc(CNCCc4ccccc4)c3)c2s1,2
14762329,CHEMBL1934269,Cc1ccc(S(=O)(=O)Nc2c(C(=O)N[C@@H](C)C(C)(C)C)c(C)nn2CC(F)(F)F)cc1,IN-RANGE,O=S(=O)(Nc1ccn[nH]1)c1ccccc1,1
14762330,CHEMBL1770476,CCOc1ccc2oc(C(=O)NC(CCSC)c3nc4cnccc4[nH]3)c(C)c2c1,IN-RANGE,O=C(NCc1nc2cnccc2[nH]1)c1cc2ccccc2o1,1
14762331,CHEMBL290548,COC(=O)N1CCN(c2ccnc(-n3ccnc3)n2)C(CC(=O)NCc2ccc3c(c2)OCO3)C1,IN-RANGE,O=C(CC1CNCCN1c1ccnc(-n2ccnc2)n1)NCc1ccc2c(c1)OCO2,0
14762332,CHEMBL436826,CCOc1ccc(-n2c([C@@H](C)N(Cc3cccnc3)C(=O)Cc3ccc(C(F)(F)F)cc3)nc3ccccc3c2=O)cc1,IN-RANGE,O=C(Cc1ccccc1)N(Cc1cccnc1)Cc1nc2ccccc2c(=O)n1-c1ccccc1,1
14762334,CHEMBL2207666,O=C(NC[C@@H](O)CN1CCC(Oc2ccc(Cl)c(Cl)c2)CC1)c1c[nH]c(=O)c2ccccc12,IN-RANGE,O=C(NCCCN1CCC(Oc2ccccc2)CC1)c1c[nH]c(=O)c2ccccc12,2
14762336,CHEMBL1951918,CCN(C(=O)Cc1ccc(S(C)(=O)=O)cc1)C1CCN(CC[C@@H](c2cccc(C(F)(F)F)c2)C2CCN(S(C)(=O)=O)CC2)CC1,IN-RANGE,O=C(Cc1ccccc1)NC1CCN(CC[C@@H](c2ccccc2)C2CCNCC2)CC1,3
14762345,CHEMBL578194,C[C@H](Nc1nc(Nc2cc(C3CC3)[nH]n2)cnc1C#N)c1ccc(F)cn1,IN-RANGE,c1ccc(CNc2cncc(Nc3cc(C4CC4)[nH]n3)n2)nc1,4
14762346,CHEMBL1091644,C[C@]1(O)C[C@@H](c2nc(-c3ccc4ccc(-c5ccccc5)nc4c3)c3c(N)nccn32)C1,IN-RANGE,c1ccc(-c2ccc3ccc(-c4nc(C5CCC5)n5ccncc45)cc3n2)cc1,3
14762347,CHEMBL1201391,CCC(C)(C)C(=O)O[C@H]1C[C@@H](C)C=C2C=C[C@H](C)[C@H](CC[C@@H](O)C[C@@H](O)CC(=O)O)[C@H]21,IN-RANGE,C1=CC2=CCCC[C@@H]2CC1,2
14762348,CHEMBL1952100,CCN(C(=O)Cc1ccc(S(C)(=O)=O)cc1)C1CCN(CC[C@@H](c2cc(Cl)cc(Cl)c2)C2CCN(S(C)(=O)=O)CC2)CC1,IN-RANGE,O=C(Cc1ccccc1)NC1CCN(CC[C@@H](c2ccccc2)C2CCNCC2)CC1,3
14762352,CHEMBL1513,CCCCC1=NC2(CCCC2)C(=O)N1Cc1ccc(-c2ccccc2-c2nnn[nH]2)cc1,IN-RANGE,O=C1N(Cc2ccc(-c3ccccc3-c3nnn[nH]3)cc2)C=NC12CCCC2,2
14762353,CHEMBL2348642,CNc1nc(C)c(-c2nc(Nc3cccc(N4CCNCC4)c3)ncc2C#N)s1,IN-RANGE,c1cc(Nc2nccc(-c3cncs3)n2)cc(N2CCNCC2)c1,4
14762354,CHEMBL406366,O=C(O)CSCC(=O)Nc1nc(-c2ccccc2)cs1,IN-RANGE,c1ccc(-c2cscn2)cc1,1
14762355,CHEMBL2070950,N#CC1(NC(=O)[C@@H]2CCCC[C@H]2C(=O)N2CCN(c3nc4ccncc4s3)CC2)CC1,IN-RANGE,O=C(NC1CC1)[C@@H]1CCCC[C@H]1C(=O)N1CCN(c2nc3ccncc3s2)CC1,3
14762356,CHEMBL329785,Nc1nc2ccccc2s1,IN-RANGE,c1ccc2scnc2c1,2
14762357,CHEMBL12610,CN(C)CCCOc1nn(Cc2ccccc2)c2ccccc12,IN-RANGE,c1ccc(Cn2ncc3ccccc32)cc1,2
14762361,CHEMBL235789,O=C(NCC12CC3CC(CC(C3)C1)C2)c1cc(CN2CCNCC2)ccc1Cl,IN-RANGE,O=C(NCC12CC3CC(CC(C3)C1)C2)c1cccc(CN2CCNCC2)c1,2
14762362,CHEMBL103355,Cc1ccc(F)c(Nc2ccnc(Nc3ccc(S(N)(=O)=O)cc3)n2)c1,IN-RANGE,c1ccc(Nc2ccnc(Nc3ccccc3)n2)cc1,4
14762363,CHEMBL1951898,CCN(C(=O)Cc1ccc(S(C)(=O)=O)cc1)C1CCN(CC[C@@H](c2ccccc2)N2CCN(S(=O)(=O)C(F)(F)F)CC2)CC1,IN-RANGE,O=C(Cc1ccccc1)NC1CCN(CC[C@@H](c2ccccc2)N2CCNCC2)CC1,1
14762364,CHEMBL211175,CCN(C(=O)Cc1ccc(S(C)(=O)=O)cc1)C1CCN(CC[C@H](c2ccc(S(C)(=O)=O)cc2)c2cc(F)c(F)c(F)c2)CC1,IN-RANGE,O=C(Cc1ccccc1)NC1CCN(CCC(c2ccccc2)c2ccccc2)CC1,4
14762365,CHEMBL201799,CCCCCSc1nc(O)c2sc(N)nc2n1,IN-RANGE,c1ncc2scnc2n1,4
14762371,CHEMBL1086310,CC(C)c1ccc(NC(=O)Cn2cnc3c2c(=O)n(C)c(=O)n3C)cc1,IN-RANGE,O=C(Cn1cnc2[nH]c(=O)[nH]c(=O)c21)Nc1ccccc1,4
14762372,CHEMBL2207655,CC1(O)CN(S(=O)(=O)c2ccc3c(C(=O)NC[C@@H](O)CN4CCC(Oc5ccc(Cl)c(Cl)c5)CC4)c[nH]c(=O)c3c2)C1,IN-RANGE,O=C(NCCCN1CCC(Oc2ccccc2)CC1)c1c[nH]c(=O)c2cc(S(=O)(=O)N3CCC3)ccc12,1
14762373,CHEMBL198150,CCN(C(=O)Cc1ccc(S(C)(=O)=O)cc1)C1CCN(CCC(c2ccccc2)c2ccc(S(C)(=O)=O)cc2)CC1,IN-RANGE,O=C(Cc1ccccc1)NC1CCN(CCC(c2ccccc2)c2ccccc2)CC1,4
14762377,CHEMBL553,C#Cc1cccc(Nc2ncnc3cc(OCCOC)c(OCCOC)cc23)c1,IN-RANGE,c1ccc(Nc2ncnc3ccccc23)cc1,4
14762384,CHEMBL1944693,COc1ccccc1CCNCc1cccc(CCNC[C@H](O)c2ccc(O)c3[nH]c(=O)sc23)c1,IN-RANGE,O=c1[nH]c2cccc(CCNCCc3cccc(CNCCc4ccccc4)c3)c2s1,2
14762385,CHEMBL1944690,O=c1[nH]c2c(O)ccc([C@@H](O)CNCCc3cccc(CNCCc4ccccc4Cl)c3)c2s1,IN-RANGE,O=c1[nH]c2cccc(CCNCCc3cccc(CNCCc4ccccc4)c3)c2s1,2
14762386,CHEMBL1739708,COc1ccc(-c2nc(N)s[n+]2-c2ccccc2)cc1,IN-RANGE,c1ccc(-c2ncs[n+]2-c2ccccc2)cc1,2
14762387,CHEMBL1870384,COc1ccc(C=NN=Cc2ccc(OC)c(OC)c2)cc1OC,IN-RANGE,C(=NN=Cc1ccccc1)c1ccccc1,0
14762388,CHEMBL129982,Nc1ccc(Cl)c(C(=O)NCC23CC4CC(CC(C4)C2)C3)c1,IN-RANGE,O=C(NCC12CC3CC(CC(C3)C1)C2)c1ccccc1,3
14762395,CHEMBL2164850,O=C(Nc1cc(-c2ccncc2)c[nH]c1=O)[C@H](Cc1ccccc1)NC1(c2ccccn2)CC1,IN-RANGE,O=C(Nc1cc(-c2ccncc2)c[nH]c1=O)[C@H](Cc1ccccc1)NC1(c2ccccn2)CC1,0
14762396,CHEMBL129198,CN1CCN(C(=O)c2cc3cc(Cl)ccc3[nH]2)CC1,IN-RANGE,O=C(c1cc2ccccc2[nH]1)N1CCNCC1,0
14762404,CHEMBL1231533,O=C1NC(=O)/C(=C/c2ccc3c(c2)OC(F)(F)O3)S1,IN-RANGE,O=C1NC(=O)/C(=C/c2ccc3c(c2)OCO3)S1,4
14762405,CHEMBL1683934,O=C(Nc1ccccc1-c1ccccc1)OC1CCN(CCCCCCCCCNC[C@H](O)c2ccc(O)c3[nH]c(=O)ccc23)CC1,IN-RANGE,O=C(Nc1ccccc1-c1ccccc1)OC1CCN(CCCCCCCCCNCCc2cccc3[nH]c(=O)ccc23)CC1,0
14762415,CHEMBL1951032,COc1c(Nc2ccc(S(C)(=O)=O)nc2C)ncnc1OC1CCN(C(=O)OC(C)C)CC1,IN-RANGE,c1cncc(Nc2cc(OC3CCNCC3)ncn2)c1,2
14762416,CHEMBL565755,CCOc1ccc2nc(N)sc2c1,IN-RANGE,c1ccc2scnc2c1,2
14762417,CHEMBL376488,COc1nc2ccc(Br)cc2cc1[C@@H](c1ccccc1)[C@@](O)(CCN(C)C)c1cccc2ccccc12,IN-RANGE,c1ccc([C@@H](Cc2cccc3ccccc23)c2cnc3ccccc3c2)cc1,4
14762424,CHEMBL218628,CNc1nc2ccccc2n1Cc1sc2c(c1C(=O)N1C[C@H](O)CO1)c(=O)n(C)c(=O)n2CC(C)C,IN-RANGE,O=C(c1c(Cn2cnc3ccccc32)sc2[nH]c(=O)[nH]c(=O)c12)N1CCCO1,3
14762425,CHEMBL453222,COCCOc1ccc(-c2cc(C(N)=O)c(NC(N)=O)s2)cc1,IN-RANGE,c1ccc(-c2cccs2)cc1,0
14762426,CHEMBL1807869,O=c1[nH]c2c(O)ccc([C@@H](O)CNCCCSCCNCCc3cccc(Cl)c3)c2s1,IN-RANGE,O=c1[nH]c2cccc(CCNCCCSCCNCCc3ccccc3)c2s1,0
14762427,CHEMBL365123,Cc1cn(Cc2ccccc2)c(=O)[nH]c1=O,IN-RANGE,O=c1ccn(Cc2ccccc2)c(=O)[nH]1,2
14762428,CHEMBL240317,O=C(c1ccccc1)N1CCN(Cc2ccccc2)CC1,IN-RANGE,O=C(c1ccccc1)N1CCN(Cc2ccccc2)CC1,4
14762434,CHEMBL2216902,CC(C)c1nc2ccccc2n1-c1nc(N2CCOCC2)c2nc(OC3CN(C4CCS(=O)(=O)CC4)C3)n(C)c2n1,IN-RANGE,O=S1(=O)CCC(N2CC(Oc3nc4c(N5CCOCC5)nc(-n5cnc6ccccc65)nc4[nH]3)C2)CC1,4
14762435,CHEMBL2177757,O=C(Cc1ccccc1)Nc1nnc(CCSCCc2nnc(NC(=O)Cc3ccccc3)s2)s1,IN-RANGE,O=C(Cc1ccccc1)Nc1nnc(CCSCCc2nnc(NC(=O)Cc3ccccc3)s2)s1,0
14762436,CHEMBL103482,CCOC(=O)c1cnc2c(N)cccc2c1O,IN-RANGE,c1ccc2ncccc2c1,1
14762437,CHEMBL1645107,Nc1nc2ccc(-c3ccncc3)cc2s1,IN-RANGE,c1cc(-c2ccc3ncsc3c2)ccn1,2
14762438,CHEMBL22442,CCCc1cc(OCc2ccccc2)cc(=O)n1Cc1ccc(-c2ccccc2-c2nn[nH]n2)cc1,IN-RANGE,O=c1cc(OCc2ccccc2)ccn1Cc1ccc(-c2ccccc2-c2nn[nH]n2)cc1,2
14762439,CHEMBL128613,CN1CCN(C(=O)c2cc3cc(Br)ccc3[nH]2)CC1,IN-RANGE,O=C(c1cc2ccccc2[nH]1)N1CCNCC1,0
14762442,CHEMBL141157,C#CC[C@@H](C(=O)N[C@H](/C=C/C(=O)OCC)C[C@@H]1CCNC1=O)n1cccc(NC(=O)c2cc(C)on2)c1=O,IN-RANGE,O=C(Cn1cccc(NC(=O)c2ccon2)c1=O)NCC[C@@H]1CCNC1=O,2
14762448,CHEMBL81,O=C(c1ccc(OCCN2CCCCC2)cc1)c1c(-c2ccc(O)cc2)sc2cc(O)ccc12,IN-RANGE,O=C(c1ccc(OCCN2CCCCC2)cc1)c1c(-c2ccccc2)sc2ccccc12,2
14762449,CHEMBL1934414,Cc1ccc(S(=O)(=O)Nc2c(C(=O)N[C@@H](C)C(C)(C)C)c(C)nn2C2CCCC2)cc1,IN-RANGE,O=S(=O)(Nc1ccnn1C1CCCC1)c1ccccc1,1
14762450,CHEMBL232656,C[C@@H]1CN(Cc2ccc(F)cc2)CCN1C(=O)COc1ccc(Cl)cc1NC(N)=O,IN-RANGE,O=C(COc1ccccc1)N1CCN(Cc2ccccc2)CC1,1
14762451,CHEMBL1951902,CCN(C(=O)Cc1ccc(S(C)(=O)=O)cc1)C1CCN(CCC(c2ccccc2)N2CCC(C(C)=O)CC2)CC1,IN-RANGE,O=C(Cc1ccccc1)NC1CCN(CCC(c2ccccc2)N2CCCCC2)CC1,4
14762452,CHEMBL404609,NC(=O)Nc1sc(-c2ccccc2)cc1C(N)=O,IN-RANGE,c1ccc(-c2cccs2)cc1,0
14762453,CHEMBL2207285,O=C(NC[C@@H](O)CN1CCC(Oc2ccc(Cl)c(Cl)c2)CC1)c1c[nH]c(=O)c2cc(S(=O)(=O)NC3CC3)ccc12,IN-RANGE,O=C(NCCCN1CCC(Oc2ccccc2)CC1)c1c[nH]c(=O)c2cc(S(=O)(=O)NC3CC3)ccc12,4
14762454,CHEMBL492112,O=C(CC12CC3CC(CC(C3)C1)C2)Nc1ccc2[nH]ncc2c1,IN-RANGE,O=C(CC12CC3CC(CC(C3)C1)C2)Nc1ccc2[nH]ncc2c1,1
14762455,CHEMBL108546,Oc1nc2c(O)ccc(CCNCCCOCCOCCc3ccccc3)c2s1,IN-RANGE,c1ccc(CCOCCOCCCNCCc2cccc3ncsc23)cc1,1
14762460,CHEMBL2170985,Nc1ncnc2c1ncn2[C@@H]1O[C@H](CSCCCNC(=O)NCc2ccccc2)[C@@H](O)[C@H]1O,IN-RANGE,O=C(NCCCSC[C@@H]1CC[C@H](n2cnc3cncnc32)O1)NCc1ccccc1,0
14762461,CHEMBL1077827,CCOc1ccc(-n2c([C@@H](C)N(CC3CCN(C)CC3)C(=O)Cc3ccc(F)c(C(F)(F)F)c3)nc3ncccc3c2=O)cc1,IN-RANGE,O=C(Cc1ccccc1)N(Cc1nc2ncccc2c(=O)n1-c1ccccc1)CC1CCNCC1,1
14762462,CHEMBL2170994,Nc1ncnc2c1ncn2[C@@H]1O[C@H](CSCCCNC(=O)Nc2ccc(Cl)cc2)[C@@H](O)[C@H]1O,IN-RANGE,O=C(NCCCSC[C@@H]1CC[C@H](n2cnc3cncnc32)O1)Nc1ccccc1,3
14762463,CHEMBL1950720,CN[C@@H](C)C(=O)N[C@H](C(=O)N1CC[C@H]2CCN(CCc3ccccc3)C[C@H]21)C1CCCCC1,IN-RANGE,O=C(CC1CCCCC1)N1CC[C@H]2CCN(CCc3ccccc3)C[C@H]21,3
14762464,CHEMBL1405150,CCC(=O)NC(c1cccs1)c1cc(Cl)c2cccnc2c1O,IN-RANGE,c1csc(Cc2ccc3cccnc3c2)c1,2
14762466,CHEMBL2207669,N#Cc1ccc(OC2CCN(C[C@H](O)CNC(=O)c3c[nH]c(=O)c4ccccc34)CC2)cc1Cl,IN-RANGE,O=C(NCCCN1CCC(Oc2ccccc2)CC1)c1c[nH]c(=O)c2ccccc12,2
14763245,CHEMBL2216870,CC[C@H](Nc1ncnc2[nH]cnc12)c1nc2cccc(F)c2c(=O)n1-c1ccccc1,IN-RANGE,O=c1c2ccccc2nc(CNc2ncnc3[nH]cnc23)n1-c1ccccc1,2
14763246,CHEMBL57531,Nc1ncc2cc(-c3c(Br)cccc3Br)c(N)nc2n1,IN-RANGE,c1ccc(-c2cnc3ncncc3c2)cc1,4
14763250,CHEMBL472,COc1ccc(Cl)cc1C(=O)NCCc1ccc(S(=O)(=O)NC(=O)NC2CCCCC2)cc1,IN-RANGE,O=C(NC1CCCCC1)NS(=O)(=O)c1ccc(CCNC(=O)c2ccccc2)cc1,1
14763251,CHEMBL217899,CCc1nn(C2CCCC2)c2c1CCn1c(-c3cccs3)nnc1-2,IN-RANGE,c1csc(-c2nnc3n2CCc2cnn(C4CCCC4)c2-3)c1,4
14763252,CHEMBL193544,CN1CCC(Oc2cccc3ncnc(Nc4ccc(OCc5ccccn5)c(Cl)c4)c23)CC1,IN-RANGE,c1ccc(COc2ccc(Nc3ncnc4cccc(OC5CCNCC5)c34)cc2)nc1,2
14763253,CHEMBL1945040,COc1ccccc1CNCc1ccc(CCNC[C@H](O)c2ccc(O)c3[nH]c(=O)sc23)cc1,IN-RANGE,O=c1[nH]c2cccc(CCNCCc3ccc(CNCc4ccccc4)cc3)c2s1,2
14763254,CHEMBL1944692,O=c1[nH]c2c(O)ccc([C@@H](O)CNCCc3ccc(CNCCc4ccccc4F)cc3)c2s1,IN-RANGE,O=c1[nH]c2cccc(CCNCCc3ccc(CNCCc4ccccc4)cc3)c2s1,2
14763264,CHEMBL38182,N#Cc1ccc(NC(=O)Nc2ccccc2Br)c2nn[nH]c12,IN-RANGE,O=C(Nc1ccccc1)Nc1cccc2[nH]nnc12,1
14763265,CHEMBL183630,Cc1ccc(NC(=O)c2cccc(N3CCOCC3)c2)cc1NC(=O)c1ccc(OCc2cscn2)cc1,IN-RANGE,O=C(Nc1cccc(NC(=O)c2cccc(N3CCOCC3)c2)c1)c1ccc(OCc2cscn2)cc1,4
14763266,CHEMBL384962,Cc1ccc2c(c1)c(-c1ccnc3ccc(C(F)(F)F)cc13)c(C)n2CC(=O)O,IN-RANGE,c1ccc2c(-c3c[nH]c4ccccc34)ccnc2c1,4
14763272,CHEMBL576981,C[C@@H](O)[C@H]1C(=O)N2C(C(=O)O)=C(SC3CN(C4=NCCS4)C3)[C@H](C)[C@H]12,IN-RANGE,O=C1C[C@H]2CC(SC3CN(C4=NCCS4)C3)=CN12,1
14763273,CHEMBL1800526,COc1ccnc(CCc2nc3cc(Br)cnc3[nH]2)c1,IN-RANGE,c1ccc(CCc2nc3cccnc3[nH]2)nc1,4
14763274,CHEMBL370826,CCN(C(=O)Cc1ccc(S(C)(=O)=O)cc1)C1CCN(CCC(c2ccc(NC(C)=O)cc2)c2cccc(F)c2)CC1,IN-RANGE,O=C(Cc1ccccc1)NC1CCN(CCC(c2ccccc2)c2ccccc2)CC1,4
14763275,CHEMBL563,CC(C(=O)O)c1ccc(-c2ccccc2)c(F)c1,IN-RANGE,c1ccc(-c2ccccc2)cc1,0
14763276,CHEMBL1916272,CCC(CC)NC(=O)c1c(C)nn(-c2ccccc2)c1NS(=O)(=O)c1ccc(C)cc1,IN-RANGE,O=S(=O)(Nc1ccnn1-c1ccccc1)c1ccccc1,3
14763285,CHEMBL522460,Cc1ccccc1CN1CCC(N2CCC(n3c(=O)[nH]c4ccccc43)CC2)CC1,IN-RANGE,O=c1[nH]c2ccccc2n1C1CCN(C2CCN(Cc3ccccc3)CC2)CC1,2
14763286,CHEMBL2018953,O=C([C@H]1CCCCN1)N1CCN(c2nc(NCc3ccc(Cl)cc3Cl)c3cccnc3n2)CC1,IN-RANGE,O=C([C@H]1CCCCN1)N1CCN(c2nc(NCc3ccccc3)c3cccnc3n2)CC1,1
14763288,CHEMBL559078,CCCCC(CC)CNC(=O)c1cc(-n2ncc(=O)[nH]c2=O)ccc1Cl,IN-RANGE,O=c1cnn(-c2ccccc2)c(=O)[nH]1,4
14763289,CHEMBL551765,O=C(NCC1CCCCCC1)c1cc(-c2cccnc2N2CCC(C(=O)O)CC2)ccc1Cl,IN-RANGE,O=C(NCC1CCCCCC1)c1cccc(-c2cccnc2N2CCCCC2)c1,1
14763295,CHEMBL2107366,Cc1cccc([C@H](C)c2c[nH]c(=S)[nH]2)c1C,IN-RANGE,S=c1[nH]cc(Cc2ccccc2)[nH]1,3
14763296,CHEMBL16073,CCOc1ccc(NC(C)=O)cc1,IN-RANGE,c1ccccc1,3
14763297,CHEMBL1956163,O=C1[C@@H]2[C@@H]3CC[C@@H](C3)[C@@H]2C(=O)N1[C@H]1CC[C@H](C(=O)Nc2cccc3cccnc23)CC1,IN-RANGE,O=C1[C@@H]2[C@@H]3CC[C@@H](C3)[C@@H]2C(=O)N1[C@H]1CC[C@H](C(=O)Nc2cccc3cccnc23)CC1,2
14763298,CHEMBL2023489,COc1ccc2c(Oc3ccc(CC(=O)Nc4cn(C)nc4C)c(OC)c3)ccnc2c1,IN-RANGE,O=C(Cc1ccc(Oc2ccnc3ccccc23)cc1)Nc1cn[nH]c1,3
14763300,CHEMBL1945033,O=c1[nH]c2c(O)ccc([C@@H](O)CNCCc3cccc(CNCCc4ccccn4)c3)c2s1,IN-RANGE,O=c1[nH]c2cccc(CCNCCc3cccc(CNCCc4ccccn4)c3)c2s1,2
14763301,CHEMBL1944694,COc1ccccc1CCNCc1ccc(CCNC[C@H](O)c2ccc(O)c3[nH]c(=O)sc23)cc1,IN-RANGE,O=c1[nH]c2cccc(CCNCCc3ccc(CNCCc4ccccc4)cc3)c2s1,2
14763302,CHEMBL1934418,Cc1ccc(S(=O)(=O)Nc2c(C(=O)N[C@@H](C)C(C)(C)C)c(C)nn2C2CCSCC2)cc1,IN-RANGE,O=S(=O)(Nc1ccnn1C1CCSCC1)c1ccccc1,1
14763303,CHEMBL111775,O=C(CCOCCc1ccccc1)NCCNCCc1ccc(O)c2nc(O)sc12,IN-RANGE,O=C(CCOCCc1ccccc1)NCCNCCc1cccc2ncsc12,2
14763304,CHEMBL555033,O=C(CC1CCCCC1)Nc1c(Cl)ccc2nc(NCCCO)ccc12,IN-RANGE,O=C(CC1CCCCC1)Nc1cccc2ncccc12,0
14763310,CHEMBL837,CCc1c2c(nc3ccc(O)cc13)-c1cc3c(c(=O)n1C2)COC(=O)[C@]3(O)CC,IN-RANGE,O=C1Cc2cc3n(c(=O)c2CO1)Cc1cc2ccccc2nc1-3,1
14763311,CHEMBL583042,Cc1cnc(Nc2ccc(F)cc2Cl)nc1-c1c[nH]c(C(=O)N[C@H](CO)c2cccc(Cl)c2)c1,IN-RANGE,O=C(NCc1ccccc1)c1cc(-c2ccnc(Nc3ccccc3)n2)c[nH]1,4
14763322,CHEMBL521096,CCOc1cc2ncc(C(N)=O)c(Nc3ccc(C)cc3F)c2cc1N1CCN(C)CC1,IN-RANGE,c1ccc(Nc2ccnc3ccc(N4CCNCC4)cc23)cc1,2
14763323,CHEMBL1221681,O=c1[nH]c2c(O)ccc([C@@H](O)CN[C@H]3CCC[C@@H]3OCc3ccccc3)c2s1,IN-RANGE,O=c1[nH]c2cccc(CCN[C@H]3CCC[C@@H]3OCc3ccccc3)c2s1,3
14763324,CHEMBL1789274,CNCC[C@@H](Oc1cc(OC)ccc1C#N)c1ccccc1,IN-RANGE,c1ccc(COc2ccccc2)cc1,2
14763325,CHEMBL182878,CC(=O)Nc1ccc(CC(=O)N(C)C2CCN(CCC(c3ccccc3)c3ccccc3)CC2)cc1,IN-RANGE,O=C(Cc1ccccc1)NC1CCN(CCC(c2ccccc2)c2ccccc2)CC1,4
14763330,CHEMBL1835918,Cc1ccc(N2CC(COc3ccc(-c4noc(C)n4)cc3)C2)nn1,IN-RANGE,c1cnnc(N2CC(COc3ccc(-c4ncon4)cc3)C2)c1,4
14763331,CHEMBL1951893,CCN(C(=O)Cc1ccc(S(C)(=O)=O)cc1)C1CCN(CCC(c2ccccc2)N2CCN(c3ccccc3)CC2)CC1,IN-RANGE,O=C(Cc1ccccc1)NC1CCN(CCC(c2ccccc2)N2CCN(c3ccccc3)CC2)CC1,0
14763344,CHEMBL1916279,Cc1ccc(S(=O)(=O)Nc2c(C(=O)NCC(C)(C)C)c(C)nn2-c2ccccc2)cc1,IN-RANGE,O=S(=O)(Nc1ccnn1-c1ccccc1)c1ccccc1,3
14763345,CHEMBL1831214,NC(=O)Nc1cc(-c2ccccc2)sc1C(N)=O,IN-RANGE,c1ccc(-c2cccs2)cc1,0
14763346,CHEMBL208487,CC(C)Cn1c(=O)n(C)c(=O)c2c(C(=O)N3CC[C@@H](O)C3)c(Cc3ccccc3C(F)(F)F)sc21,IN-RANGE,O=C(c1c(Cc2ccccc2)sc2[nH]c(=O)[nH]c(=O)c12)N1CCCC1,0
14763347,CHEMBL1916270,CCC(CC)NC(=O)c1cnn(-c2ccccc2)c1NS(=O)(=O)c1ccc(-c2cnco2)cc1,IN-RANGE,O=S(=O)(Nc1ccnn1-c1ccccc1)c1ccc(-c2cnco2)cc1,3
14763348,CHEMBL550167,O=C(NCC12CC3CC(CC(C3)C1)C2)c1cc(OCCCNCCCO)ccc1Cl,IN-RANGE,O=C(NCC12CC3CC(CC(C3)C1)C2)c1ccccc1,3
14763349,CHEMBL1947153,O=c1[nH]c2c(O)ccc([C@@H](O)CNCCc3cccc(CN4CCC(c5ccccc5)CC4)c3)c2s1,IN-RANGE,O=c1[nH]c2cccc(CCNCCc3cccc(CN4CCC(c5ccccc5)CC4)c3)c2s1,1
14763350,CHEMBL633,CCCCc1oc2ccccc2c1C(=O)c1cc(I)c(OCCN(CC)CC)c(I)c1,IN-RANGE,O=C(c1ccccc1)c1coc2ccccc12,1
14763352,CHEMBL1951908,CCN(C(=O)Cc1ccc(S(C)(=O)=O)cc1)C1CCN(CC[C@@H](c2ccccc2)C2CCN(S(=O)(=O)C(F)(F)F)CC2)CC1,IN-RANGE,O=C(Cc1ccccc1)NC1CCN(CC[C@@H](c2ccccc2)C2CCNCC2)CC1,3
14763353,CHEMBL1945035,O=c1[nH]c2c(O)ccc([C@@H](O)CNCCc3ccccc3CNCCc3ccccc3F)c2s1,IN-RANGE,O=c1[nH]c2cccc(CCNCCc3ccccc3CNCCc3ccccc3)c2s1,2
14763358,CHEMBL1734492,NC(=O)NC(=O)C(Nc1ccc2c(c1)CCC2)c1ccccc1,IN-RANGE,c1ccc(CNc2ccc3c(c2)CCC3)cc1,1
14763359,CHEMBL481230,COc1cc2c(Nc3ccc(F)c(Cl)c3)c(C(N)=O)cnc2cc1OCCN(C)CCO,IN-RANGE,c1ccc(Nc2ccnc3ccccc23)cc1,2
14763360,CHEMBL2312185,CNc1nc(C)c(-c2nc(Nc3cccc(N4CCCNCC4)c3)ncc2C#N)s1,IN-RANGE,c1cc(Nc2nccc(-c3cncs3)n2)cc(N2CCCNCC2)c1,4
14763361,CHEMBL213100,COc1ccc(N(C(=O)Oc2c(C)cccc2C)c2ccnc(Nc3ccc(N4CCN(C)CC4)cc3)n2)c(OC)c1,IN-RANGE,O=C(Oc1ccccc1)N(c1ccccc1)c1ccnc(Nc2ccc(N3CCNCC3)cc2)n1,4
14763366,CHEMBL393384,O=C(NCC12CC3CC(CC(C3)C1)C2)c1cc(OC2CCNCC2)ccc1Cl,IN-RANGE,O=C(NCC12CC3CC(CC(C3)C1)C2)c1cccc(OC2CCNCC2)c1,0
14763367,CHEMBL421604,CS(=O)(=O)Nc1ccc(CCOCCCS(=O)(=O)CCNCCc2ccc(O)c3nc(O)sc23)cc1,IN-RANGE,O=S(=O)(CCCOCCc1ccccc1)CCNCCc1cccc2ncsc12,1
14763368,CHEMBL2171026,O=C(c1ccc(-c2nn[nH]n2)cc1)N1CCC(N2CCC(Oc3ccc(Cl)c(Cl)c3)CC2)CC1,IN-RANGE,O=C(c1ccc(-c2nn[nH]n2)cc1)N1CCC(N2CCC(Oc3ccccc3)CC2)CC1,4
14763369,CHEMBL1405928,c1ccc(CSc2nc3cccnc3[nH]2)cc1,IN-RANGE,c1ccc(CSc2nc3cccnc3[nH]2)cc1,3
14763370,CHEMBL189181,CC(=O)Nc1ccc(CNc2[nH]nc3cccc(Oc4ccc(F)cc4)c23)cc1,IN-RANGE,c1ccc(CNc2[nH]nc3cccc(Oc4ccccc4)c23)cc1,4
14763376,CHEMBL153064,CC(=O)c1cc2ccc(O)cc2oc1=O,IN-RANGE,O=c1ccc2ccccc2o1,3
14763377,CHEMBL212521,CC[C@H](N)C(=O)N[C@H](C#N)Cc1ccc(-c2ccccc2)cc1,IN-RANGE,c1ccc(-c2ccccc2)cc1,0
14763386,CHEMBL1082152,Cn1cc(C2=C(c3cccc(NCC(O)CO)c3)C(=O)NC2=O)c2cc(F)ccc21,IN-RANGE,O=C1NC(=O)C(c2c[nH]c3ccccc23)=C1c1ccccc1,3
14763387,CHEMBL320714,Oc1nc2c(O)ccc(CCNCCCCCCOCCc3ccccc3)c2s1,IN-RANGE,c1ccc(CCOCCCCCCNCCc2cccc3ncsc23)cc1,3
14763394,CHEMBL457,Cc1ccc(C)c(OCCCC(C)(C)C(=O)O)c1,IN-RANGE,c1ccccc1,3
14763395,CHEMBL1096435,CS(=O)(=O)c1ccc([C@@H](CC2CCCC2)C(=O)Nc2nccs2)cc1,IN-RANGE,O=C(Nc1nccs1)[C@H](CC1CCCC1)c1ccccc1,1
14763397,CHEMBL219861,CC(C)Cn1c(=O)n(C)c(=O)c2c(C(=O)N3C[C@H](O)CO3)c(Cc3ccnc4ccccc34)sc21,IN-RANGE,O=C(c1c(Cc2ccnc3ccccc23)sc2[nH]c(=O)[nH]c(=O)c12)N1CCCO1,2
14763398,CHEMBL787,CC(C)(O)c1ccccc1CC[C@@H](SCC1(CC(=O)O)CC1)c1cccc(/C=C/c2ccc3ccc(Cl)cc3n2)c1,IN-RANGE,C(=C/c1ccc2ccccc2n1)\c1cccc([C@@H](CCc2ccccc2)SCC2CC2)c1,4
14763399,CHEMBL551984,N#Cc1cccc(NCC(=O)Nc2c(Cl)ccc3nc(N4CC[C@@H](O)C4)ccc23)c1,IN-RANGE,O=C(CNc1ccccc1)Nc1cccc2nc(N3CCCC3)ccc12,2
14763400,CHEMBL1927707,O=C(CCc1ccccc1O)Nc1ccccc1,IN-RANGE,O=C(CCc1ccccc1)Nc1ccccc1,4
14763402,CHEMBL1371,O=c1[nH]c2cc(Cl)ccc2o1,IN-RANGE,O=c1[nH]c2ccccc2o1,3
14763407,CHEMBL2062774,CCOc1noc2cc(OCCC3CCN(c4ccc(C)nn4)CC3)ccc12,IN-RANGE,c1cnnc(N2CCC(CCOc3ccc4cnoc4c3)CC2)c1,3
14763408,CHEMBL258282,CN1CCN(CCOc2n[nH]c3ncnc(Nc4ccc(OCc5ccccn5)c(Cl)c4)c23)CC1,IN-RANGE,c1ccc(COc2ccc(Nc3ncnc4[nH]nc(OCCN5CCNCC5)c34)cc2)nc1,3
14763409,CHEMBL184721,Cc1ccc(NC(=O)c2cccc(N3CCOCC3)c2)cc1NC(=O)c1ccc(OCc2ccccn2)cc1,IN-RANGE,O=C(Nc1cccc(NC(=O)c2cccc(N3CCOCC3)c2)c1)c1ccc(OCc2ccccn2)cc1,3
14763410,CHEMBL95,Nc1c2c(nc3ccccc13)CCCC2,IN-RANGE,c1ccc2nc3c(cc2c1)CCCC3,1
14763411,CHEMBL1951906,CCN(C(=O)Cc1ccc(S(C)(=O)=O)cc1)C1CCN(CC[C@@H](c2ccccc2)C2CCN(S(C)(=O)=O)CC2)CC1,IN-RANGE,O=C(Cc1ccccc1)NC1CCN(CC[C@@H](c2ccccc2)C2CCNCC2)CC1,3
14763412,CHEMBL1384203,CC(NCC(O)c1ccc([N+](=O)[O-])cc1)C12CC3CC(CC(C3)C1)C2,IN-RANGE,c1ccc(CCNCC23CC4CC(CC(C4)C2)C3)cc1,3
14763419,CHEMBL267144,CC(C)[C@H]1C(=O)N[C@H](CO)Cc2ccccc2N1C,IN-RANGE,O=C1CNc2ccccc2CCN1,4
14763420,CHEMBL91428,COc1cc2ncnc(Nc3cc4ccccc4cn3)c2cc1OC,IN-RANGE,c1ccc2cc(Nc3ncnc4ccccc34)ncc2c1,1
14763424,CHEMBL1916281,Cc1ccc(S(=O)(=O)Nc2c(C(=O)NC(C)C(C)(C)C)c(C)nn2-c2ccccc2)cc1,IN-RANGE,O=S(=O)(Nc1ccnn1-c1ccccc1)c1ccccc1,3
14763425,CHEMBL1770469,CSCCC(NC(=O)c1cnccn1)c1nc2ccccc2[nH]1,IN-RANGE,O=C(NCc1nc2ccccc2[nH]1)c1cnccn1,1
14763426,CHEMBL444884,NC(=O)c1sc(-c2ccc(Cl)cc2)cc1N,IN-RANGE,c1ccc(-c2cccs2)cc1,0
14763427,CHEMBL380947,CC(C)(CO)Nc1nc(SCc2cccc(F)c2F)nc2nc(N)sc12,IN-RANGE,c1ccc(CSc2ncc3scnc3n2)cc1,1
14763430,CHEMBL33899,CC/C(=C(\c1ccccc1)c1ccc(/C=C/C(=O)O)cc1)c1ccccc1,IN-RANGE,C(=C(c1ccccc1)c1ccccc1)c1ccccc1,3
14763432,CHEMBL1917434,CCN(C(C)=O)c1cccc2c1c(Sc1ccc(Cl)cc1)c(C)n2CC(=O)O,IN-RANGE,c1ccc(Sc2c[nH]c3ccccc23)cc1,2
14763437,CHEMBL1302675,CCn1c(SCC(=O)Nc2cc(C)on2)nnc1-c1ccccc1,IN-RANGE,O=C(CSc1nnc(-c2ccccc2)[nH]1)Nc1ccon1,0
14763438,CHEMBL1962788,O=c1c2c3n(c(=O)cc2[nH]n1-c1ccccc1Cl)CCCN(Cc1ccccc1)C3,IN-RANGE,O=c1c2c3n(c(=O)cc2[nH]n1-c1ccccc1)CCCN(Cc1ccccc1)C3,1
14763441,CHEMBL1683035,COc1cc2nnc(C(N)=O)c(Nc3ccc(F)cc3F)c2cc1N1CCN(C)CC1,IN-RANGE,c1ccc(Nc2cnnc3ccc(N4CCNCC4)cc23)cc1,4
14763442,CHEMBL1934415,Cc1ccc(S(=O)(=O)Nc2c(C(=O)N[C@@H](C)C(C)(C)C)c(C)nn2C2CCCCC2)cc1,IN-RANGE,O=S(=O)(Nc1ccnn1C1CCCCC1)c1ccccc1,4
14763443,CHEMBL2171041,CN(C)c1ccccc1S(=O)(=O)NC(=O)N1CCC(N2CCC(Oc3ccc(Cl)c(Cl)c3)CC2)CC1,IN-RANGE,O=C(NS(=O)(=O)c1ccccc1)N1CCC(N2CCC(Oc3ccccc3)CC2)CC1,4
14763444,CHEMBL205526,CC(C)Cn1c(=O)n(C)c(=O)c2c(SCCCO)c(Cc3cccc4ccccc34)sc21,IN-RANGE,O=c1[nH]c(=O)c2cc(Cc3cccc4ccccc34)sc2[nH]1,2
14763445,CHEMBL564366,Cc1ccc2nc(CCNCCCO)ccc2c1NC(=O)CC12CC3CC(CC(C3)C1)C2,IN-RANGE,O=C(CC12CC3CC(CC(C3)C1)C2)Nc1cccc2ncccc12,2
14763446,CHEMBL1807818,O=c1[nH]c2c(O)ccc([C@@H](O)CNCCCSCCOCCc3ccccc3)c2s1,IN-RANGE,O=c1[nH]c2cccc(CCNCCCSCCOCCc3ccccc3)c2s1,3
14763447,CHEMBL557697,O=C(O)c1cccc(-c2ccc3c(C(=O)NCC45CC6CC(CC(C6)C4)C5)c(Cl)ccc3n2)c1,IN-RANGE,O=C(NCC12CC3CC(CC(C3)C1)C2)c1cccc2nc(-c3ccccc3)ccc12,0
14763449,CHEMBL1605684,CC(=O)c1cn(Cc2ccccc2)c(=O)n(Cc2ccc(F)cc2)c1=O,IN-RANGE,O=c1ccn(Cc2ccccc2)c(=O)n1Cc1ccccc1,0
14763450,CHEMBL1164184,O=C(Nc1ncc(F)s1)C(CC1CCOCC1)c1ccc(S(=O)(=O)C2CC2)cc1,IN-RANGE,O=C(Nc1nccs1)C(CC1CCOCC1)c1ccc(S(=O)(=O)C2CC2)cc1,2
14763454,CHEMBL2338020,CCc1[nH]c2nc(Sc3cnc4ccc[n+]([O-])c4c3)nc(N3C[C@@H]4[C@@H](N)[C@@H]4C3)c2c1Cl,IN-RANGE,c1c[nH+]c2cc(Sc3nc(N4C[C@H]5C[C@H]5C4)c4cc[nH]c4n3)cnc2c1,4
14763455,CHEMBL1091137,CC/C(=C(/c1ccc(O)cc1)c1ccc(/C=C/C(=O)O)cc1)c1ccccc1,IN-RANGE,C(=C(c1ccccc1)c1ccccc1)c1ccccc1,3
14763457,CHEMBL1921944,C[C@@](C(=O)O[C@H]1C[N+]2(CC(=O)Nc3cccc(F)c3)CCC1CC2)(c1ccccc1)N1CCCCC1,IN-RANGE,O=C(C[N+]12CCC(CC1)[C@@H](OC(=O)C(c1ccccc1)N1CCCCC1)C2)Nc1ccccc1,0
14763458,CHEMBL1221660,CCOC(=O)N1CCC(Nc2cc(Cl)ccn2)CC1,IN-RANGE,c1ccc(NC2CCNCC2)nc1,1
14763462,CHEMBL1483,CCCSc1ccc2[nH]c(NC(=O)OC)nc2c1,IN-RANGE,c1ccc2[nH]cnc2c1,4
14763463,CHEMBL569738,Cc1cc(Nc2cncc(N[C@@H](C)c3ccc(F)cn3)n2)n[nH]1,IN-RANGE,c1ccc(CNc2cncc(Nc3cc[nH]n3)n2)nc1,0
14763464,CHEMBL1094250,Cc1cc2c(C(=O)NC[C@H](C)c3ccccc3)c(O)c(O)cc2c(O)c1-c1c(C)cc2c(C(=O)NC[C@H](C)c3ccccc3)c(O)c(O)cc2c1O,IN-RANGE,O=C(NCCc1ccccc1)c1cccc2cc(-c3ccc4c(C(=O)NCCc5ccccc5)cccc4c3)ccc12,3
14763466,CHEMBL1963462,C[C@@](C(=O)OC1CC[N+](C)(C)CC1)(c1ccccc1)C1CCCC1,IN-RANGE,O=C(OC1CC[NH2+]CC1)C(c1ccccc1)C1CCCC1,1
14763467,CHEMBL323776,CN(CCNCCc1ccc(O)c2nc(O)sc12)C(=O)CCOCCc1ccccc1,IN-RANGE,O=C(CCOCCc1ccccc1)NCCNCCc1cccc2ncsc12,2
14763468,CHEMBL1945044,COc1cccc(CNCc2cccc(CCNC[C@H](O)c3ccc(O)c4[nH]c(=O)sc34)c2)c1,IN-RANGE,O=c1[nH]c2cccc(CCNCCc3cccc(CNCc4ccccc4)c3)c2s1,1
14763469,CHEMBL110999,CN(CCCOCCOCCc1ccccc1)CCc1ccc(O)c2nc(O)sc12,IN-RANGE,c1ccc(CCOCCOCCCNCCc2cccc3ncsc23)cc1,1
14763470,CHEMBL1916261,CCC(CC)NC(=O)c1nnn(-c2ccccc2)c1NS(=O)(=O)c1ccc(C)cc1,IN-RANGE,O=S(=O)(Nc1cnnn1-c1ccccc1)c1ccccc1,0
14763471,CHEMBL1800472,CN(CCNC[C@H](O)c1ccc(O)c2[nH]c(=O)sc12)C(=O)CCOCCc1ccccc1,IN-RANGE,O=C(CCOCCc1ccccc1)NCCNCCc1cccc2[nH]c(=O)sc12,2
14763472,CHEMBL1807871,O=c1[nH]c2c(O)ccc([C@@H](O)CNCCCSCCNCCc3cccc(Cl)c3Cl)c2s1,IN-RANGE,O=c1[nH]c2cccc(CCNCCCSCCNCCc3ccccc3)c2s1,0
14763473,CHEMBL414017,Nc1nc(N)c2cc(NCc3ccc(Cl)c(Cl)c3)ccc2n1,IN-RANGE,c1ccc(CNc2ccc3ncncc3c2)cc1,3
14763474,CHEMBL1807822,O=c1[nH]c2c(O)ccc([C@@H](O)CNCCCOCCOCCc3cccc4ccccc34)c2s1,IN-RANGE,O=c1[nH]c2cccc(CCNCCCOCCOCCc3cccc4ccccc34)c2s1,4
14763475,CHEMBL833,Clc1ccccc1CN1CCc2sccc2C1,IN-RANGE,c1ccc(CN2CCc3sccc3C2)cc1,3
14763476,CHEMBL1631889,C(#Cc1n[nH]c2ccccc12)c1ccccc1,IN-RANGE,C(#Cc1n[nH]c2ccccc12)c1ccccc1,3
14763484,CHEMBL2216859,CC(C)N1CCN(Cc2cnc(-c3cc(-c4cccc5[nH]ccc45)cc4[nH]ncc34)o2)CC1,IN-RANGE,c1cc(-c2cc(-c3ncc(CN4CCNCC4)o3)c3cn[nH]c3c2)c2cc[nH]c2c1,4
14763486,CHEMBL111402,Oc1nc2c(O)ccc(CCNCCCSCCOCCc3cccc4ccccc34)c2s1,IN-RANGE,c1ccc2c(CCOCCSCCCNCCc3cccc4ncsc34)cccc2c1,0
14763487,CHEMBL186995,O=C(NCc1ccccc1Cl)c1cccnc1Oc1ccccc1,IN-RANGE,O=C(NCc1ccccc1)c1cccnc1Oc1ccccc1,2
14763488,CHEMBL1917436,CC(=O)Nc1ccc2c(c1)c(Sc1ccc(Cl)cc1)c(C)n2CC(=O)O,IN-RANGE,c1ccc(Sc2c[nH]c3ccccc23)cc1,2
14763489,CHEMBL369274,CCCN(CCC)CCc1ccc(O)c(NC(C)=O)c1,IN-RANGE,c1ccccc1,3
14763495,CHEMBL554,CS(=O)(=O)CCNCc1ccc(-c2ccc3ncnc(Nc4ccc(OCc5cccc(F)c5)c(Cl)c4)c3c2)o1,IN-RANGE,c1ccc(COc2ccc(Nc3ncnc4ccc(-c5ccco5)cc34)cc2)cc1,3
14763498,CHEMBL1770297,CCOc1ccc2oc(C(=O)NC(CCSC)c3nc4ccccc4[nH]3)c(C)c2c1,IN-RANGE,O=C(NCc1nc2ccccc2[nH]1)c1cc2ccccc2o1,2
14763499,CHEMBL1922048,C[C@@](C(=O)O[C@H]1C[N+]2(CC(=O)Nc3ccncn3)CCC1CC2)(c1ccccc1)N1CCCCC1,IN-RANGE,O=C(C[N+]12CCC(CC1)[C@@H](OC(=O)C(c1ccccc1)N1CCCCC1)C2)Nc1ccncn1,1
14763500,CHEMBL1934270,Cc1ccc(S(=O)(=O)Nc2c(C(=O)N[C@@H](C)C(C)(C)C)c(C)nn2C(C)(C)C)cc1,IN-RANGE,O=S(=O)(Nc1ccn[nH]1)c1ccccc1,1
14763501,CHEMBL71,CN(C)CCCN1c2ccccc2Sc2ccc(Cl)cc21,IN-RANGE,c1ccc2c(c1)Nc1ccccc1S2,0
14763502,CHEMBL1299757,Nc1nc(-c2ccccn2)nc(N)c1Cc1ccc(Cl)cc1Cl,IN-RANGE,c1ccc(Cc2cnc(-c3ccccn3)nc2)cc1,0
14764280,CHEMBL1921926,C[C@@](C(=O)O[C@H]1C[N+]2(CCCc3ccc4ncsc4c3)CCC1CC2)(c1ccccc1)N1CCCCC1,IN-RANGE,O=C(O[C@H]1C[N+]2(CCCc3ccc4ncsc4c3)CCC1CC2)C(c1ccccc1)N1CCCCC1,4
14764281,CHEMBL2169920,O=C1COc2c(CCNCCN(C(=O)CCNCCc3ccc(Cl)c(Cl)c3)C3CCCCC3)ccc(O)c2N1,IN-RANGE,O=C1COc2c(CCNCCN(C(=O)CCNCCc3ccccc3)C3CCCCC3)cccc2N1,4
14764282,CHEMBL1916274,Cc1ccc(S(=O)(=O)Nc2c(C(=O)NC3CCCCC3)c(C)nn2-c2ccccc2)cc1,IN-RANGE,O=C(NC1CCCCC1)c1cnn(-c2ccccc2)c1NS(=O)(=O)c1ccccc1,0
14764283,CHEMBL550438,CC1CCC(CC(=O)Nc2cccc3ncccc23)CC1,IN-RANGE,O=C(CC1CCCCC1)Nc1cccc2ncccc12,0
14764289,CHEMBL46740,Cc1c(-c2ccc(O)cc2)n(Cc2ccc(OCCN3CCCCCC3)cc2)c2ccc(O)cc12,IN-RANGE,c1ccc(-c2cc3ccccc3n2Cc2ccc(OCCN3CCCCCC3)cc2)cc1,1
14764294,CHEMBL132227,CC(=O)NCc1cccc(C(=O)O)c1,IN-RANGE,c1ccccc1,3
14764295,CHEMBL1222381,O=C(NC1CC1)c1cc(-c2cccs2)on1,IN-RANGE,O=C(NC1CC1)c1cc(-c2cccs2)on1,3
14764298,CHEMBL205742,CC(C)Cn1c(=O)n(C)c(=O)c2c(C(=O)N3CC[C@@H](O)C3)c(Cc3ccnc4ccccc34)sc21,IN-RANGE,O=C(c1c(Cc2ccnc3ccccc23)sc2[nH]c(=O)[nH]c(=O)c12)N1CCCC1,0
14764299,CHEMBL1088913,NCCCCN(Cc1nc2ccccc2[nH]1)C1CCCc2cccnc21,IN-RANGE,c1cnc2c(c1)CCCC2NCc1nc2ccccc2[nH]1,4
14764304,CHEMBL2046990,Nc1ccc(-c2ccccc2Cl)cc1,IN-RANGE,c1ccc(-c2ccccc2)cc1,0
14764305,CHEMBL1916282,Cc1ccc(S(=O)(=O)Nc2c(C(=O)N[C@@H](C)C(C)(C)C)c(C)nn2-c2ccccc2)cc1,IN-RANGE,O=S(=O)(Nc1ccnn1-c1ccccc1)c1ccccc1,3
14764308,CHEMBL564607,O=C(O)c1ccc(-c2ccc(Cl)c(C(=O)NCC34CC5CC(CC(C5)C3)C4)c2)cc1,IN-RANGE,O=C(NCC12CC3CC(CC(C3)C1)C2)c1cccc(-c2ccccc2)c1,1
14764309,CHEMBL257178,N#Cc1ccc2[nH]c(-c3ccc(F)cc3)c(CCCC(=O)NS(=O)(=O)C(F)(F)F)c2c1,IN-RANGE,c1ccc(-c2cc3ccccc3[nH]2)cc1,2
14764310,CHEMBL2326624,COc1cccc2c1c(NS(=O)(=O)c1ccc(Cl)s1)nn2Cc1cccc(CNC(=O)[C@@H]2COCCN2)c1,IN-RANGE,O=C(NCc1cccc(Cn2nc(NS(=O)(=O)c3cccs3)c3ccccc32)c1)[C@@H]1COCCN1,3
14764315,CHEMBL1359777,Cc1cc(C(=O)Cn2cc(C(F)(F)F)ccc2=O)c(C)n1Cc1ccccc1,IN-RANGE,O=C(Cn1ccccc1=O)c1ccn(Cc2ccccc2)c1,1
14764317,CHEMBL387125,CON(C)C(=O)c1c(Cn2c(C)nc(Cl)c2Cl)sc2c1c(=O)n(C)c(=O)n2CC(C)C,IN-RANGE,O=c1[nH]c(=O)c2cc(Cn3ccnc3)sc2[nH]1,1
14764318,CHEMBL1924032,CC(C(=O)OC1CC[N+](C)(C)CC1)(c1ccccc1)N1CCC(F)(F)CC1,IN-RANGE,O=C(OC1CC[NH2+]CC1)C(c1ccccc1)N1CCCCC1,2
14764319,CHEMBL1080786,N#C[C@]1(NC(=O)[C@@H](N)Cc2cccs2)C[C@H]1c1ccccc1,IN-RANGE,O=C(CCc1cccs1)NC1C[C@H]1c1ccccc1,2
14764320,CHEMBL550777,NC1CCN(c2nccc(C(=O)NCC34CC5CC(CC(C5)C3)C4)c2Cl)CC1,IN-RANGE,O=C(NCC12CC3CC(CC(C3)C1)C2)c1ccnc(N2CCCCC2)c1,0
14764321,CHEMBL2023704,COc1ccc(-c2ccnc(N)n2)cc1,IN-RANGE,c1ccc(-c2ccncn2)cc1,1
14764325,CHEMBL723,COc1ccccc1OCCNCC(O)COc1cccc2[nH]c3ccccc3c12,IN-RANGE,c1ccc(OCCNCCCOc2cccc3[nH]c4ccccc4c23)cc1,3
14764326,CHEMBL1209914,CC(=O)N1N=C(c2ccc(Br)cc2)CC1c1ccc(C)cc1,IN-RANGE,c1ccc(C2=NNC(c3ccccc3)C2)cc1,0
14764329,CHEMBL1963231,CC(C(=O)O[C@@H]1CC[N+](C)(C)C1)(c1ccccc1)C1CCCC1,IN-RANGE,O=C(O[C@@H]1CC[NH2+]C1)C(c1ccccc1)C1CCCC1,3
14764330,CHEMBL551360,O=C(CC12CC3CC(CC(C3)C1)C2)Nc1cccc2c(=O)n(C(CO)CO)ccc12,IN-RANGE,O=C(CC12CC3CC(CC(C3)C1)C2)Nc1cccc2c(=O)[nH]ccc12,0
14764331,CHEMBL178737,O=C1NC(=O)C(c2cnc3ccccn23)=C1c1cn2c3c(cccc13)CN(C(=O)N1CCOCC1)CC2,IN-RANGE,O=C1NC(=O)C(c2cnc3ccccn23)=C1c1cn2c3c(cccc13)CN(C(=O)N1CCOCC1)CC2,3
14764332,CHEMBL1916283,Cc1ccc(S(=O)(=O)Nc2c(C(=O)N[C@H](C)C(C)(C)C)c(C)nn2-c2ccccc2)cc1,IN-RANGE,O=S(=O)(Nc1ccnn1-c1ccccc1)c1ccccc1,3
14764333,CHEMBL395340,CC[C@H](CO)Nc1nc(SCc2cccc(F)c2F)nc2nc(NC(C)C)sc12,IN-RANGE,c1ccc(CSc2ncc3scnc3n2)cc1,1
14764342,CHEMBL2335881,COCCNCc1ccc(Nc2ncc3cc(-c4ccncc4)ccc3n2)cc1,IN-RANGE,c1ccc(Nc2ncc3cc(-c4ccncc4)ccc3n2)cc1,4
14764343,CHEMBL406852,COc1nc(N)nc2c1ncn2[C@@H]1O[C@H](CO)[C@@H](O)[C@H]1O,IN-RANGE,c1ncc2ncn([C@H]3CCCO3)c2n1,4
14764347,CHEMBL1934271,CCC(CC)n1nc(C)c(C(=O)N[C@@H](C)C(C)(C)C)c1NS(=O)(=O)c1ccc(C)cc1,IN-RANGE,O=S(=O)(Nc1ccn[nH]1)c1ccccc1,1
14764348,CHEMBL1770298,Cc1ccc(C(NC(=O)c2ccccc2O)C(=O)Nc2c(C)cccc2C)s1,IN-RANGE,O=C(NC(C(=O)Nc1ccccc1)c1cccs1)c1ccccc1,1
14764351,CHEMBL190747,COc1ccc(OC)c(CNC(=O)c2cccnc2Oc2ccccc2)c1,IN-RANGE,O=C(NCc1ccccc1)c1cccnc1Oc1ccccc1,2
14764354,CHEMBL23,COc1ccc([C@@H]2Sc3ccccc3N(CCN(C)C)C(=O)[C@@H]2OC(C)=O)cc1,IN-RANGE,O=C1C[C@H](c2ccccc2)Sc2ccccc2N1,0
14764355,CHEMBL1094168,CS(=O)(=O)c1ccc([C@H](CC2CCCC2)C(=O)Nc2nccs2)cc1,IN-RANGE,O=C(Nc1nccs1)[C@@H](CC1CCCC1)c1ccccc1,0
14764357,CHEMBL2018964,COc1cccc2c1c(NS(=O)(=O)c1ccc(Cl)s1)nn2Cc1cccc(CNC(C)=O)c1,IN-RANGE,O=S(=O)(Nc1nn(Cc2ccccc2)c2ccccc12)c1cccs1,2
14764358,CHEMBL1945290,CCOc1ccccc1CNCc1cccc(CCNC[C@H](O)c2ccc(O)c3[nH]c(=O)sc23)c1,IN-RANGE,O=c1[nH]c2cccc(CCNCCc3cccc(CNCc4ccccc4)c3)c2s1,1
14764362,CHEMBL223713,CCc1cccc2c1N(C)Cc1cc3c(cc1-2)OCO3,IN-RANGE,c1ccc2c(c1)NCc1cc3c(cc1-2)OCO3,4
14764363,CHEMBL1921917,C[C@@](C(=O)O[C@H]1C[N+]2(CCCc3ccncc3)CCC1CC2)(c1ccccc1)N1CCCCC1,IN-RANGE,O=C(O[C@H]1C[N+]2(CCCc3ccncc3)CCC1CC2)C(c1ccccc1)N1CCCCC1,2
14764364,CHEMBL1831078,NC(=O)Nc1cc(-c2ccsc2)sc1C(N)=O,IN-RANGE,c1csc(-c2ccsc2)c1,1
14764365,CHEMBL1945291,COc1ccccc1CN(C)Cc1cccc(CCNC[C@H](O)c2ccc(O)c3[nH]c(=O)sc23)c1,IN-RANGE,O=c1[nH]c2cccc(CCNCCc3cccc(CNCc4ccccc4)c3)c2s1,1
14764366,CHEMBL1927039,N#Cc1ccc(Nc2nccc(NC3CC3)n2)cc1,IN-RANGE,c1ccc(Nc2nccc(NC3CC3)n2)cc1,1
14764371,CHEMBL841,CN(C)C(=O)C(CCN1CCC(O)(c2ccc(Cl)cc2)CC1)(c1ccccc1)c1ccccc1,IN-RANGE,c1ccc(C2CCN(CCC(c3ccccc3)c3ccccc3)CC2)cc1,0
14764375,CHEMBL518924,NCCCCN(Cc1nc2ccccc2[nH]1)[C@H]1CCCc2cccnc21,IN-RANGE,c1cnc2c(c1)CCC[C@@H]2NCc1nc2ccccc2[nH]1,1
14764376,CHEMBL430381,OCC(CO)Nc1nc(SCc2cccc(F)c2F)nc2nc(NC3CC3)sc12,IN-RANGE,c1ccc(CSc2ncc3sc(NC4CC4)nc3n2)cc1,2
14764380,CHEMBL2069623,Nc1ncnc2c1c(COc1cccc(Cl)c1)nn2C1CCOCC1,IN-RANGE,c1ccc(OCc2nn(C3CCOCC3)c3ncncc23)cc1,3
14764381,CHEMBL1412343,Cc1ccccc1NC(=O)CCS(=O)(=O)c1ccc(Br)s1,IN-RANGE,O=C(CCS(=O)(=O)c1cccs1)Nc1ccccc1,4
14764383,CHEMBL1945041,O=c1[nH]c2c(O)ccc([C@@H](O)CNCCc3cccc(CNCc4ccccc4Cl)c3)c2s1,IN-RANGE,O=c1[nH]c2cccc(CCNCCc3cccc(CNCc4ccccc4)c3)c2s1,1
14764385,CHEMBL2207654,O=C(NC[C@@H](O)CN1CCC(Oc2ccc(Cl)c(Cl)c2)CC1)c1c[nH]c(=O)c2cc(S(=O)(=O)N3CCC3)ccc12,IN-RANGE,O=C(NCCCN1CCC(Oc2ccccc2)CC1)c1c[nH]c(=O)c2cc(S(=O)(=O)N3CCC3)ccc12,1
14764386,CHEMBL513370,COc1ccc(N(C(=O)c2ccoc2Cl)C(C(=O)NC[C@@H](C)O)c2ccccc2F)c(OC)c1,IN-RANGE,O=C(c1ccoc1)N(Cc1ccccc1)c1ccccc1,0
14764388,CHEMBL322479,CC(C)(CCCCCOCCc1ccccc1)NCCc1ccc(O)c2nc(O)sc12,IN-RANGE,c1ccc(CCOCCCCCCNCCc2cccc3ncsc23)cc1,3
14764390,CHEMBL2137199,OC(c1ccc(-c2ccc(CN3CCN(Cc4ccncc4)CC3)cc2)c(F)c1)(C(F)(F)F)C(F)(F)F,IN-RANGE,c1ccc(-c2ccc(CN3CCN(Cc4ccncc4)CC3)cc2)cc1,0
14764391,CHEMBL408,Cc1c(C)c2c(c(C)c1O)CCC(C)(COc1ccc(CC3SC(=O)NC3=O)cc1)O2,IN-RANGE,O=C1NC(=O)C(Cc2ccc(OCC3CCc4ccccc4O3)cc2)S1,0
14764392,CHEMBL217943,O=C(NCc1ccccc1)c1ccc2cccnc2c1O,IN-RANGE,O=C(NCc1ccccc1)c1ccc2cccnc2c1,0
14764393,CHEMBL1082812,N#Cc1c(-c2ccccc2)nc(SCCc2ccccc2)[nH]c1=O,IN-RANGE,O=c1cc(-c2ccccc2)nc(SCCc2ccccc2)[nH]1,2
14764395,CHEMBL2018969,COc1cccc2c1c(NS(=O)(=O)c1ccc(Cl)s1)nn2Cc1cccc(CNC(=O)C(C)(C)O)c1,IN-RANGE,O=S(=O)(Nc1nn(Cc2ccccc2)c2ccccc12)c1cccs1,2
14764396,CHEMBL479,CSc1ccc2c(c1)N(CCC1CCCCN1C)c1ccccc1S2,IN-RANGE,c1ccc2c(c1)Sc1ccccc1N2CCC1CCCCN1,4
14764403,CHEMBL100979,Cc1nc2ccccn2c1-c1ccnc(N)n1,IN-RANGE,c1ccn2c(-c3ccncn3)cnc2c1,0
14764404,CHEMBL2361207,COc1ccc(C#Cc2ccc([C@@H]3[C@H](CO)N4CCCCN(C(=O)Nc5cccc(F)c5)C[C@@H]34)cc2)cc1,IN-RANGE,O=C(Nc1ccccc1)N1CCCCN2C[C@@H](c3ccc(C#Cc4ccccc4)cc3)[C@@H]2C1,1
14764405,CHEMBL2171017,COc1ccc(C(=O)NCCN2CCN(Cc3ccc(Cl)c(Cl)c3)CC2)cc1Cl,IN-RANGE,O=C(NCCN1CCN(Cc2ccccc2)CC1)c1ccccc1,3
14764409,CHEMBL464081,CC1(C)[C@@H]2CC[C@@]1(CS(=O)(=O)N1CCN(c3ccc(C(F)(F)F)cn3)CC1)C(=O)C2,IN-RANGE,O=C1C[C@H]2CC[C@]1(CS(=O)(=O)N1CCN(c3ccccn3)CC1)C2,0
14764414,CHEMBL2331843,CCc1[nH]c2nc(Sc3cnc4ccc[n+]([O-])c4c3)nc(N3CC[C@@H](N)C3)c2c1Cl,IN-RANGE,c1c[nH+]c2cc(Sc3nc(N4CCCC4)c4cc[nH]c4n3)cnc2c1,0
14764415,CHEMBL1610669,CC(C)CCOc1ccc(N)cc1,IN-RANGE,c1ccccc1,3
14764416,CHEMBL2152252,CNC(=O)c1nc(-c2ccc(Cl)c(S(=O)(=O)Nc3cccc(F)c3F)c2)cnc1N,IN-RANGE,O=S(=O)(Nc1ccccc1)c1cccc(-c2cnccn2)c1,4
14764426,CHEMBL2349318,CCC[C@H](CO)Nc1nc(S[C@@H](C)c2cccc(C#N)c2)nc2[nH]c(=O)sc12,IN-RANGE,O=c1[nH]c2nc(SCc3ccccc3)ncc2s1,0
14764429,CHEMBL1922056,C[C@@](C(=O)O[C@H]1C[N+]2(Cc3nc(-c4ccccc4)no3)CCC1CC2)(c1ccccc1)N1CCCCC1,IN-RANGE,O=C(O[C@H]1C[N+]2(Cc3nc(-c4ccccc4)no3)CCC1CC2)C(c1ccccc1)N1CCCCC1,1
14764430,CHEMBL1916275,Cc1ccc(S(=O)(=O)Nc2c(C(=O)N(C)C3CCCCC3)c(C)nn2-c2ccccc2)cc1,IN-RANGE,O=C(NC1CCCCC1)c1cnn(-c2ccccc2)c1NS(=O)(=O)c1ccccc1,0
14764435,CHEMBL1164165,O=c1[nH]c(-c2ccc([N+](=O)[O-])cc2)nc2ccccc12,IN-RANGE,O=c1[nH]c(-c2ccccc2)nc2ccccc12,2
14764437,CHEMBL361431,CCCN1CCC(Oc2nccc(Nc3cc(NC(=O)c4cccc(N5CCOCC5)c4)ccc3C)n2)CC1,IN-RANGE,O=C(Nc1cccc(Nc2ccnc(OC3CCNCC3)n2)c1)c1cccc(N2CCOCC2)c1,0
14764438,CHEMBL1916082,CCC(CC)NC(=O)c1cnn(-c2ccccc2)c1NS(=O)(=O)c1ccc(C)cc1,IN-RANGE,O=S(=O)(Nc1ccnn1-c1ccccc1)c1ccccc1,3
14764446,CHEMBL2178393,Nc1nnc(CCSCCc2nnc(NC(=O)Cc3ccccc3)s2)s1,IN-RANGE,O=C(Cc1ccccc1)Nc1nnc(CCSCCc2nncs2)s1,0
14764447,CHEMBL1940652,COc1ccncc1-c1ccccc1CN(C(=O)c1ccc(-c2ccc(C#N)cc2)o1)c1ccc(N2CCNCC2)cc1,IN-RANGE,O=C(c1ccc(-c2ccccc2)o1)N(Cc1ccccc1-c1cccnc1)c1ccc(N2CCNCC2)cc1,1
14764451,CHEMBL259850,COc1ccc(CNC(=O)Nc2ncc([N+](=O)[O-])s2)cc1,IN-RANGE,O=C(NCc1ccccc1)Nc1nccs1,0
14764452,CHEMBL1924046,CC(C)=CCC[N+]12CCC(CC1)[C@@H](OC(=O)[C@](C)(c1ccccc1)N1CCCCC1)C2,IN-RANGE,O=C(O[C@H]1C[NH+]2CCC1CC2)C(c1ccccc1)N1CCCCC1,0
14764453,CHEMBL1945299,COc1ccccc1CNCCc1cccc(CCNC[C@H](O)c2ccc(O)c3[nH]c(=O)sc23)c1,IN-RANGE,O=c1[nH]c2cccc(CCNCCc3cccc(CCNCc4ccccc4)c3)c2s1,4
14764454,CHEMBL110861,Oc1nc2c(O)ccc(CCNCCOCCCOCCc3ccccc3)c2s1,IN-RANGE,c1ccc(CCOCCCOCCNCCc2cccc3ncsc23)cc1,2
14764458,CHEMBL2147032,O=C1COC2(CCN(S(=O)(=O)c3ccc(-c4ccc5cccnc5c4)cc3)CC2)CN1C1CC1,IN-RANGE,O=C1COC2(CCN(S(=O)(=O)c3ccc(-c4ccc5cccnc5c4)cc3)CC2)CN1C1CC1,4
14764459,CHEMBL379787,O=C(Nc1nc2ccccc2n1CCN1CCOCC1)c1cccc([N+](=O)[O-])c1,IN-RANGE,O=C(Nc1nc2ccccc2n1CCN1CCOCC1)c1ccccc1,0
14764464,CHEMBL1532611,Nc1ccc(OCCc2ccccc2)cc1,IN-RANGE,c1ccc(CCOc2ccccc2)cc1,2
14764466,CHEMBL1263,OCc1cc(C(O)CNCCCCCCOCCCCc2ccccc2)ccc1O,IN-RANGE,c1ccc(CCCCOCCCCCCNCCc2ccccc2)cc1,0
14764467,CHEMBL1916277,Cc1ccc(S(=O)(=O)Nc2c(C(=O)NC3CCCCC3C)c(C)nn2-c2ccccc2)cc1,IN-RANGE,O=C(NC1CCCCC1)c1cnn(-c2ccccc2)c1NS(=O)(=O)c1ccccc1,0
14764469,CHEMBL2326623,COc1cccc2c1c(NS(=O)(=O)c1ccc(Cl)s1)nn2Cc1cccc(CNC(=O)[C@H]2COCCN2)c1,IN-RANGE,O=C(NCc1cccc(Cn2nc(NS(=O)(=O)c3cccs3)c3ccccc32)c1)[C@H]1COCCN1,1
14764472,CHEMBL20921,Nc1ccc2nc(SCC(=O)NC3CCN(Cc4ccc(Cl)c(Cl)c4)CC3)sc2c1,IN-RANGE,O=C(CSc1nc2ccccc2s1)NC1CCN(Cc2ccccc2)CC1,0
14764473,CHEMBL1916276,Cc1ccc(S(=O)(=O)Nc2c(C(=O)NC3CCCCC3C)cnn2-c2ccccc2)cc1,IN-RANGE,O=C(NC1CCCCC1)c1cnn(-c2ccccc2)c1NS(=O)(=O)c1ccccc1,0
14764474,CHEMBL1916267,CCC(CC)NC(=O)c1cnn(Cc2ccccc2)c1NS(=O)(=O)c1ccc(C)cc1,IN-RANGE,O=S(=O)(Nc1ccnn1Cc1ccccc1)c1ccccc1,3
14764479,CHEMBL1800658,CC(C)N(CCNCCc1ccc(O)c2[nH]c(=O)sc12)C(=O)CCOCCc1ccccc1,IN-RANGE,O=C(CCOCCc1ccccc1)NCCNCCc1cccc2[nH]c(=O)sc12,2
14764480,CHEMBL1916084,Cc1ccc(S(=O)(=O)Nc2c(C(=O)NC3CCCCC3)cnn2-c2ccccc2)cc1,IN-RANGE,O=C(NC1CCCCC1)c1cnn(-c2ccccc2)c1NS(=O)(=O)c1ccccc1,0
14764483,CHEMBL1645392,Cc1noc(C)c1-c1ccc(CNS(=O)(=O)c2c(C)noc2C)cc1,IN-RANGE,O=S(=O)(NCc1ccc(-c2cnoc2)cc1)c1cnoc1,2
14764484,CHEMBL1381233,O=C(Nc1ccncc1)c1cccc2ccccc12,IN-RANGE,O=C(Nc1ccncc1)c1cccc2ccccc12,1
14764485,CHEMBL1423878,Oc1ncnc2c1c(-c1ccccc1)cn2-c1ccc(Br)cc1,IN-RANGE,c1ccc(-c2cn(-c3ccccc3)c3ncncc23)cc1,4
14764488,CHEMBL1644331,c1ccc(Sc2ccc3ccccc3n2)cc1,IN-RANGE,c1ccc(Sc2ccc3ccccc3n2)cc1,2
14764492,CHEMBL105462,C[C@H](NC(=O)[C@@H](Cc1c[nH]c2ccccc12)NC(=O)[C@@H](N)Cc1c[nH]cn1)C(=O)N[C@@H](Cc1c[nH]c2ccccc12)C(=O)N[C@H](Cc1ccccc1)C(=O)N[C@@H](CCCCN)C(N)=O,IN-RANGE,O=C(CNC(=O)[C@@H](Cc1c[nH]c2ccccc12)NC(=O)CCc1c[nH]cn1)N[C@@H](Cc1c[nH]c2ccccc12)C(=O)NCCc1ccccc1,2
14764493,CHEMBL1921942,C[C@@](C(=O)O[C@H]1C[N+]2(CC(=O)Nc3ccccc3)CCC1CC2)(c1ccccc1)N1CCCCC1,IN-RANGE,O=C(C[N+]12CCC(CC1)[C@@H](OC(=O)C(c1ccccc1)N1CCCCC1)C2)Nc1ccccc1,0
14764494,CHEMBL380732,CC[C@H](CO)Nc1nc(SCc2cccc(F)c2F)nc2nc(N)sc12,IN-RANGE,c1ccc(CSc2ncc3scnc3n2)cc1,1
14764495,CHEMBL1945289,COc1ccc(CNCc2cccc(CCNC[C@H](O)c3ccc(O)c4[nH]c(=O)sc34)c2)cc1,IN-RANGE,O=c1[nH]c2cccc(CCNCCc3cccc(CNCc4ccccc4)c3)c2s1,1
14764496,CHEMBL1770471,CSCCC(NC(=O)c1sccc1Cl)c1nc2ccccc2[nH]1,IN-RANGE,O=C(NCc1nc2ccccc2[nH]1)c1cccs1,3
14764497,CHEMBL1947157,O=c1[nH]c2c(O)ccc([C@@H](O)CNCCc3cccc(CNCCc4c(Cl)cccc4Cl)c3)c2s1,IN-RANGE,O=c1[nH]c2cccc(CCNCCc3cccc(CNCCc4ccccc4)c3)c2s1,2
14764500,CHEMBL2347404,Fc1cccc(COc2ccc(Nc3ncnc4ccc(-c5cccc(N6CCOCC6)c5)cc34)cc2Cl)c1,IN-RANGE,c1ccc(COc2ccc(Nc3ncnc4ccc(-c5cccc(N6CCOCC6)c5)cc34)cc2)cc1,4
14764505,CHEMBL210730,O=C(Nc1nc2ccccc2[nH]1)c1ccccc1,IN-RANGE,O=C(Nc1nc2ccccc2[nH]1)c1ccccc1,3
14764506,CHEMBL272551,O=S(=O)(c1ccccc1)N1CCN(Cc2ccccc2)CC1,IN-RANGE,O=S(=O)(c1ccccc1)N1CCN(Cc2ccccc2)CC1,1
14764513,CHEMBL1783119,COc1ccc(C(=O)NCc2cn(-c3cc(C)nc4ccc(OC)cc34)nn2)cc1,IN-RANGE,O=C(NCc1cn(-c2ccnc3ccccc23)nn1)c1ccccc1,3
14764519,CHEMBL1921946,C[C@@](C(=O)O[C@H]1C[N+]2(CC(=O)Nc3ccccn3)CCC1CC2)(c1ccccc1)N1CCCCC1,IN-RANGE,O=C(C[N+]12CCC(CC1)[C@@H](OC(=O)C(c1ccccc1)N1CCCCC1)C2)Nc1ccccn1,3
14764520,CHEMBL1921936,C[C@@](C(=O)O[C@H]1C[N+]2(CCCOc3ccc(F)cc3)CCC1CC2)(c1ccccc1)N1CCCCC1,IN-RANGE,O=C(O[C@H]1C[N+]2(CCCOc3ccccc3)CCC1CC2)C(c1ccccc1)N1CCCCC1,2
14764521,CHEMBL296419,COc1ccc(CCN2CCC(Nc3nc4ccccc4n3Cc3ccc(F)cc3)CC2)cc1,IN-RANGE,c1ccc(CCN2CCC(Nc3nc4ccccc4n3Cc3ccccc3)CC2)cc1,4
14764522,CHEMBL396043,C[C@H](CO)Nc1nc(SCc2cccc(F)c2F)nc2nc(NC3CC3)sc12,IN-RANGE,c1ccc(CSc2ncc3sc(NC4CC4)nc3n2)cc1,2
14764523,CHEMBL550902,O=C(O)c1cncc(-c2ccc(Cl)c(C(=O)NCC34CC5CC(CC(C5)C3)C4)c2)c1,IN-RANGE,O=C(NCC12CC3CC(CC(C3)C1)C2)c1cccc(-c2cccnc2)c1,3
14764524,CHEMBL1921913,C[C@@](C(=O)O[C@H]1C[N+]2(CCc3c[nH]c4ccccc34)CCC1CC2)(c1ccccc1)N1CCCCC1,IN-RANGE,O=C(O[C@H]1C[N+]2(CCc3c[nH]c4ccccc34)CCC1CC2)C(c1ccccc1)N1CCCCC1,1
14764525,CHEMBL197714,CCN(C(=O)Cc1ccc(S(C)(=O)=O)cc1)C1CCN(CCC(c2ccccc2)c2ccc(C)cc2)CC1,IN-RANGE,O=C(Cc1ccccc1)NC1CCN(CCC(c2ccccc2)c2ccccc2)CC1,4
14764529,CHEMBL343199,CCOC(=O)Nc1cc2c(c(N)n1)N=C(c1ccccc1)CCN2,IN-RANGE,c1ccc(C2=Nc3cnccc3NCC2)cc1,4
14764530,CHEMBL143305,Cc1cc(CCCOc2c(Cl)cc(C3=NCCO3)cc2Cl)on1,IN-RANGE,c1cc(CCCOc2ccc(C3=NCCO3)cc2)on1,3
14764531,CHEMBL1299863,CCc1c(C)nc(SCC(=O)Nc2nc(-c3ccc(OC)cc3)cs2)nc1O,IN-RANGE,O=C(CSc1ncccn1)Nc1nc(-c2ccccc2)cs1,4
14764532,CHEMBL139,O=C(O)Cc1ccccc1Nc1c(Cl)cccc1Cl,IN-RANGE,c1ccc(Nc2ccccc2)cc1,1
14764536,CHEMBL2181753,CCN(Cc1cc(C(F)(F)F)ccc1-c1cc(CC(=O)O)ccc1OC)C(=O)NCc1ccccc1,IN-RANGE,O=C(NCc1ccccc1)NCc1ccccc1-c1ccccc1,3
14764537,CHEMBL1489611,Cc1cc(C)cc(-c2nnc(SCC(=O)N3CCN(C(=O)c4ccco4)CC3)o2)c1,IN-RANGE,O=C(CSc1nnc(-c2ccccc2)o1)N1CCN(C(=O)c2ccco2)CC1,4
14764538,CHEMBL564885,O=C(NCC12CC3CC(CC(C3)C1)C2)c1ccnc(NCC2CCNCC2)c1Cl,IN-RANGE,O=C(NCC12CC3CC(CC(C3)C1)C2)c1ccnc(NCC2CCNCC2)c1,3
14765312,CHEMBL1807824,CCc1ccc(CCNCCCSCCNC[C@H](O)c2ccc(O)c3[nH]c(=O)sc23)cc1,IN-RANGE,O=c1[nH]c2cccc(CCNCCSCCCNCCc3ccccc3)c2s1,2
14765314,CHEMBL336619,O=C(NCC12CC3CC(CC(C3)C1)C2)c1ccccc1Cl,IN-RANGE,O=C(NCC12CC3CC(CC(C3)C1)C2)c1ccccc1,3
14765322,CHEMBL1807820,O=c1[nH]c2c(O)ccc([C@@H](O)CNCCCSCCOCCc3cccc4ccccc34)c2s1,IN-RANGE,O=c1[nH]c2cccc(CCNCCCSCCOCCc3cccc4ccccc34)c2s1,2
14765326,CHEMBL1596896,Cc1cccc(NC(=O)Nc2cccc3ccccc23)c1,IN-RANGE,O=C(Nc1ccccc1)Nc1cccc2ccccc12,1
14765327,CHEMBL1351332,O=C(NCc1ccccc1)c1cc(-c2ccco2)on1,IN-RANGE,O=C(NCc1ccccc1)c1cc(-c2ccco2)on1,1
14765328,CHEMBL1573309,CCN(CC)CCn1c2ccccc2c2cnc(N)c(C#N)c21,IN-RANGE,c1ccc2c(c1)[nH]c1ccncc12,1
14765329,CHEMBL550637,Cc1ccc(C(=O)N2CC3CNCC(C2)O3)cc1NC(=O)CC12CC3CC(CC(C3)C1)C2,IN-RANGE,O=C(CC12CC3CC(CC(C3)C1)C2)Nc1cccc(C(=O)N2CC3CNCC(C2)O3)c1,1
14765331,CHEMBL1921925,C[C@@](C(=O)O[C@H]1C[N+]2(CCCc3cc4ccccc4s3)CCC1CC2)(c1ccccc1)N1CCCCC1,IN-RANGE,O=C(O[C@H]1C[N+]2(CCCc3cc4ccccc4s3)CCC1CC2)C(c1ccccc1)N1CCCCC1,0
14765332,CHEMBL1213118,CN1CCN(c2nc3ccccc3cc2Cn2nc(-c3ccc4nc(N)sc4c3)c3c(N)ncnc32)CC1,IN-RANGE,c1ccc2nc(N3CCNCC3)c(Cn3nc(-c4ccc5ncsc5c4)c4cncnc43)cc2c1,4
14765333,CHEMBL1916264,CCC(CC)NC(=O)c1cnn(-c2ccccc2Cl)c1NS(=O)(=O)c1ccc(C)cc1,IN-RANGE,O=S(=O)(Nc1ccnn1-c1ccccc1)c1ccccc1,3
14765341,CHEMBL562698,O=C(NCC12CC3CC(CC(C3)C1)C2)c1ccnc(N2CCNCC2)c1Cl,IN-RANGE,O=C(NCC12CC3CC(CC(C3)C1)C2)c1ccnc(N2CCNCC2)c1,4
14765343,CHEMBL1868126,COc1cccc2sc(NC(=O)c3ccccc3)nc12,IN-RANGE,O=C(Nc1nc2ccccc2s1)c1ccccc1,2
14765344,CHEMBL407960,COc1ccc(OC)c(CNc2n[nH]c3ccnc(Oc4ccccc4)c23)c1,IN-RANGE,c1ccc(CNc2n[nH]c3ccnc(Oc4ccccc4)c23)cc1,4
14765352,CHEMBL185658,CC(=O)Nc1ccc(CNc2[nH]nc3cccc(Oc4ccc(S(C)(=O)=O)cc4)c23)cc1,IN-RANGE,c1ccc(CNc2[nH]nc3cccc(Oc4ccccc4)c23)cc1,4
14765353,CHEMBL1807825,CCOc1ccc(CCNCCCSCCNC[C@H](O)c2ccc(O)c3[nH]c(=O)sc23)cc1,IN-RANGE,O=c1[nH]c2cccc(CCNCCSCCCNCCc3ccccc3)c2s1,2
14765354,CHEMBL1807817,O=c1[nH]c2c(O)ccc([C@@H](O)CNCCSCCCOCCc3ccccc3)c2s1,IN-RANGE,O=c1[nH]c2cccc(CCNCCSCCCOCCc3ccccc3)c2s1,4
14765355,CHEMBL480601,CC1(C)[C@@H]2CC[C@@]1(CS(=O)(=O)NC1CCN(c3ccc(C(F)(F)F)cn3)CC1)C(=O)C2,IN-RANGE,O=C1C[C@H]2CC[C@]1(CS(=O)(=O)NC1CCN(c3ccccn3)CC1)C2,2
14765358,CHEMBL2335890,COCCN(C)c1ccc(Nc2ncc3cc(-c4ccncc4)ccc3n2)cc1,IN-RANGE,c1ccc(Nc2ncc3cc(-c4ccncc4)ccc3n2)cc1,4
14765361,CHEMBL469727,COCc1ccoc1C(=O)N(c1ccc(OC)cc1OC)C(C(=O)NC[C@@H](C)O)c1ccccc1F,IN-RANGE,O=C(c1ccco1)N(Cc1ccccc1)c1ccccc1,2
14765365,CHEMBL1458025,Cc1sc2ncnc(SCC(=O)N3CCN(C(=O)c4ccco4)CC3)c2c1C,IN-RANGE,O=C(CSc1ncnc2sccc12)N1CCN(C(=O)c2ccco2)CC1,3
14765367,CHEMBL1921923,C[C@@](C(=O)O[C@H]1C[N+]2(CCCc3cncnc3)CCC1CC2)(c1ccccc1)N1CCCCC1,IN-RANGE,O=C(O[C@H]1C[N+]2(CCCc3cncnc3)CCC1CC2)C(c1ccccc1)N1CCCCC1,2
14765368,CHEMBL1276308,CC#C[C@]1(O)CC[C@H]2[C@@H]3CCC4=CC(=O)CCC4=C3[C@@H](c3ccc(N(C)C)cc3)C[C@@]21C,IN-RANGE,O=C1C=C2CC[C@@H]3C(=C2CC1)[C@@H](c1ccccc1)CC1CCC[C@H]13,4
14765370,CHEMBL1308362,Cc1ccc2cc(C)c3nnc(SCC(=O)N4CCN(C(=O)c5ccco5)CC4)n3c2c1,IN-RANGE,O=C(CSc1nnc2ccc3ccccc3n12)N1CCN(C(=O)c2ccco2)CC1,4
14765371,CHEMBL134074,Cc1ccc2c(c1)C1(CCN(CCc3nc(-c4ccccc4)oc3C)CC1)OC(=O)N2,IN-RANGE,O=C1Nc2ccccc2C2(CCN(CCc3coc(-c4ccccc4)n3)CC2)O1,4
14765372,CHEMBL549620,O=C(CC12CC3CC(CC(C3)C1)C2)Nc1c(Cl)ccc2nc(CN3CCN(CCO)CC3)ccc12,IN-RANGE,O=C(CC12CC3CC(CC(C3)C1)C2)Nc1cccc2nc(CN3CCNCC3)ccc12,1
14765377,CHEMBL1921919,Cc1cc(CCC[N+]23CCC(CC2)[C@@H](OC(=O)[C@](C)(c2ccccc2)N2CCCCC2)C3)ccn1,IN-RANGE,O=C(O[C@H]1C[N+]2(CCCc3ccncc3)CCC1CC2)C(c1ccccc1)N1CCCCC1,2
14765379,CHEMBL1800656,CCN(CCNCCc1ccc(O)c2[nH]c(=O)sc12)C(=O)CCOCCc1ccccc1,IN-RANGE,O=C(CCOCCc1ccccc1)NCCNCCc1cccc2[nH]c(=O)sc12,2
14765380,CHEMBL267744,O=C(O)COc1ccc(C(=O)c2cccs2)c(Cl)c1Cl,IN-RANGE,O=C(c1ccccc1)c1cccs1,3
14765381,CHEMBL187857,CSc1nccc(Nc2cc(NC(=O)c3cc(F)cc(N4CCOCC4)c3)ccc2C)n1,IN-RANGE,O=C(Nc1cccc(Nc2ccncn2)c1)c1cccc(N2CCOCC2)c1,0
14765385,CHEMBL1465276,O=C(C1CCN(c2nnc(-n3cccc3)s2)CC1)N1CCc2ccccc2C1,IN-RANGE,O=C(C1CCN(c2nnc(-n3cccc3)s2)CC1)N1CCc2ccccc2C1,3
14765386,CHEMBL551170,O=C(NCC12CC3CC(CC(C3)C1)C2)c1cc(-n2ncc(=O)[nH]c2=O)ccc1Cl,IN-RANGE,O=C(NCC12CC3CC(CC(C3)C1)C2)c1cccc(-n2ncc(=O)[nH]c2=O)c1,3
14765391,CHEMBL1924047,C[C@@](C(=O)O[C@H]1C[N+]2(CCc3ccccc3)CCC1CC2)(c1ccccc1)N1CCCCC1,IN-RANGE,O=C(O[C@H]1C[N+]2(CCc3ccccc3)CCC1CC2)C(c1ccccc1)N1CCCCC1,0
14765392,CHEMBL475534,CCOC(=O)C1=C(C)NC(C)=C(C(=O)OC)C1c1cccc([N+](=O)[O-])c1,IN-RANGE,C1=CC(c2ccccc2)C=CN1,0
14765394,CHEMBL511444,CN[C@@H](C)C(=O)N[C@H](C(=O)N1CC[C@H]2CC[C@H](NC(=O)c3cccc4ccccc34)[C@H]21)C(C)(C)C,IN-RANGE,O=C(N[C@H]1CC[C@@H]2CCN[C@@H]21)c1cccc2ccccc12,0
14765395,CHEMBL51478,COc1ccnc(CSc2nc3ccccc3[nH]2)c1,IN-RANGE,c1ccc(CSc2nc3ccccc3[nH]2)nc1,0
14765396,CHEMBL2207286,CN(C)S(=O)(=O)c1ccc2c(C(=O)NC[C@@H](O)CN3CCC(Oc4ccc(Cl)c(Cl)c4)CC3)c[nH]c(=O)c2c1,IN-RANGE,O=C(NCCCN1CCC(Oc2ccccc2)CC1)c1c[nH]c(=O)c2ccccc12,2
14765404,CHEMBL2021706,CCC[C@@H](CNC(=O)c1nc(Cl)c(N)nc1N)[N+](C)(C)CCCc1ccc(OC)cc1,IN-RANGE,O=C(NCC[NH2+]CCCc1ccccc1)c1cnccn1,1
14765405,CHEMBL2216830,C=CC(=O)Nc1cccc(CN2C(=O)N(c3c(Cl)c(OC)cc(OC)c3Cl)Cc3cnc(NCCCCN(CC)CC)nc32)c1,IN-RANGE,O=C1N(c2ccccc2)Cc2cncnc2N1Cc1ccccc1,3
14765407,CHEMBL1924049,C[C@@](C(=O)O[C@H]1C[N+]2(CCc3ccccc3F)CCC1CC2)(c1ccccc1)N1CCCCC1,IN-RANGE,O=C(O[C@H]1C[N+]2(CCc3ccccc3)CCC1CC2)C(c1ccccc1)N1CCCCC1,0
14765408,CHEMBL275224,c1ccc2c(c1)[nH]c1cnccc12,IN-RANGE,c1ccc2c(c1)[nH]c1cnccc12,2
14765413,CHEMBL2346975,CC(=O)N1CCN(CCOc2ccc(C3(O)CCN(c4ccc5nnc(C(F)(F)F)n5n4)CC3)cc2)CC1,IN-RANGE,c1cc(C2CCN(c3ccc4nncn4n3)CC2)ccc1OCCN1CCNCC1,4
14765424,CHEMBL360227,CCN(CC)CCN1C(=O)[C@@](O)(c2ccccc2Cl)c2c1cc(C(N)=O)cc2C(F)(F)F,IN-RANGE,O=C1Nc2ccccc2C1c1ccccc1,3
14765425,CHEMBL1916085,Cc1ccc(S(=O)(=O)Nc2c(C(=O)N(C)C3CCCCC3)cnn2-c2ccccc2)cc1,IN-RANGE,O=C(NC1CCCCC1)c1cnn(-c2ccccc2)c1NS(=O)(=O)c1ccccc1,0
14765426,CHEMBL1536083,CCOC(=O)CN(c1ccccc1C)S(=O)(=O)c1ccc(Cl)cc1,IN-RANGE,O=S(=O)(Nc1ccccc1)c1ccccc1,0
14765430,CHEMBL17157,CC(C)(C)c1ccc(C(O)CCCN2CCC(C(O)(c3ccccc3)c3ccccc3)CC2)cc1,IN-RANGE,c1ccc(CCCCN2CCC(C(c3ccccc3)c3ccccc3)CC2)cc1,1
14765431,CHEMBL2348645,CNc1nc(C)c(-c2nc(Nc3cccc(N4CCCCC4)c3)ncc2C#N)s1,IN-RANGE,c1cc(Nc2nccc(-c3cncs3)n2)cc(N2CCCCC2)c1,3
14765432,CHEMBL1818218,CC(C)CNc1nc(N2CCN(CC3CCCOC3)CC2)ncc1C(=O)NCc1ccccc1,IN-RANGE,O=C(NCc1ccccc1)c1cnc(N2CCN(CC3CCCOC3)CC2)nc1,0
14765433,CHEMBL412142,Cc1cnc(-c2cnc(NCCNc3ccc(C#N)cn3)nc2-c2ccc(Cl)cc2Cl)[nH]1,IN-RANGE,c1ccc(-c2nc(NCCNc3ccccn3)ncc2-c2ncc[nH]2)cc1,1
14765435,CHEMBL2181927,CCOc1ncc(C)c2c1[C@H](c1ccc(C#N)cc1OC)C(C(N)=O)=C(C)N2,IN-RANGE,C1=C[C@@H](c2ccccc2)c2cnccc2N1,3
14765436,CHEMBL1608462,Cc1cc(C)c(CNC(=O)c2cc(C3CC3)nc3c2cnn3C(C)C)c(O)n1,IN-RANGE,O=C(NCc1cccnc1)c1cc(C2CC2)nc2[nH]ncc12,2
14765440,CHEMBL1240967,CC(C)(Cc1cccc(CC(=O)NCc2cccc(-c3ccc(O)cc3)c2)c1)NC[C@H](O)c1ccc(O)c(NS(C)(=O)=O)c1,IN-RANGE,O=C(Cc1cccc(CCNCCc2ccccc2)c1)NCc1cccc(-c2ccccc2)c1,0
14765441,CHEMBL1425658,c1csc(Cn2nnnc2CN2CCN(c3nc4ccccc4s3)CC2)c1,IN-RANGE,c1csc(Cn2nnnc2CN2CCN(c3nc4ccccc4s3)CC2)c1,4
14765444,CHEMBL1921931,C[C@@](C(=O)O[C@H]1C[N+]2(CCOc3ccc(Cl)cc3)CCC1CC2)(c1ccccc1)N1CCCCC1,IN-RANGE,O=C(O[C@H]1C[N+]2(CCOc3ccccc3)CCC1CC2)C(c1ccccc1)N1CCCCC1,2
14765446,CHEMBL1081917,Cc1cc(CN(CC(=O)Nc2ccc(Cl)cc2Cl)C2CCCCC2)ccc1OCC(=O)O,IN-RANGE,O=C(CN(Cc1ccccc1)C1CCCCC1)Nc1ccccc1,1
14765447,CHEMBL1921939,C[C@@](C(=O)O[C@H]1C[N+]2(CCOCCc3ccccc3)CCC1CC2)(c1ccccc1)N1CCCCC1,IN-RANGE,O=C(O[C@H]1C[N+]2(CCOCCc3ccccc3)CCC1CC2)C(c1ccccc1)N1CCCCC1,1
14765451,CHEMBL188705,COc1ccc(OC)c(CNc2[nH]nc3cccc(Oc4ccc(S(C)(=O)=O)cc4)c23)c1,IN-RANGE,c1ccc(CNc2[nH]nc3cccc(Oc4ccccc4)c23)cc1,4
14765452,CHEMBL480208,CC1(C)[C@@H]2CC[C@@]1(CS(=O)(=O)N1CCN(c3ccc(C#N)cn3)CC1)C(=O)C2,IN-RANGE,O=C1C[C@H]2CC[C@]1(CS(=O)(=O)N1CCN(c3ccccn3)CC1)C2,0
14765454,CHEMBL1534781,COc1cnc(-c2ccccn2)nc1N(C)c1ccccc1,IN-RANGE,c1ccc(Nc2ccnc(-c3ccccn3)n2)cc1,4
14765455,CHEMBL511782,COc1ccc(N(C(=O)c2ccccc2)C(C(=O)NC[C@@H](C)O)c2ccccc2F)c(OC)c1,IN-RANGE,O=C(c1ccccc1)N(Cc1ccccc1)c1ccccc1,2
14765456,CHEMBL1947155,C[C@@H](NCc1ccccc1-c1ccc(CCNC[C@H](O)c2ccc(O)c3[nH]c(=O)sc23)cc1)c1ccccc1,IN-RANGE,O=c1[nH]c2cccc(CCNCCc3ccc(-c4ccccc4CNCc4ccccc4)cc3)c2s1,1
14765460,CHEMBL2147569,C[C@]12Cc3cnn(-c4ccc(F)cc4)c3C=C1CC[C@@]2(O)CCc1ccc(F)cc1C(N)=O,IN-RANGE,C1=C2CCC(CCc3ccccc3)C2Cc2cnn(-c3ccccc3)c21,0
14765461,CHEMBL20210,CCOC(=O)/C=C/[C@H](C[C@@H]1CCNC1=O)NC(=O)[C@@H](CC(=O)[C@@H](NC(=O)c1cc(C)on1)C(C)C)Cc1ccc(F)cc1,IN-RANGE,O=C(CNC(=O)c1ccon1)C[C@@H](Cc1ccccc1)C(=O)NCC[C@@H]1CCNC1=O,2
14765462,CHEMBL335744,CC(C)C(=O)Nc1nc(-c2ccccn2)cc2ccccc12,IN-RANGE,c1ccc(-c2cc3ccccc3cn2)nc1,3
14765463,CHEMBL1322390,COc1ccc2nc(NC(=O)CCc3ccc(OC)c(OC)c3)sc2c1,IN-RANGE,O=C(CCc1ccccc1)Nc1nc2ccccc2s1,0
14765465,CHEMBL1163492,CCN(C(=O)NCc1ccc(F)cc1)C1CCN(CCC(c2ccccc2)c2ccccc2)CC1,IN-RANGE,O=C(NCc1ccccc1)NC1CCN(CCC(c2ccccc2)c2ccccc2)CC1,1
14765468,CHEMBL205807,CC(C)Cn1c(=O)n(C)c(=O)c2c(C(=O)N3CC[C@@H](O)C3)c(Cc3c[nH]c4ccccc34)sc21,IN-RANGE,O=C(c1c(Cc2c[nH]c3ccccc23)sc2[nH]c(=O)[nH]c(=O)c12)N1CCCC1,0
14765473,CHEMBL2216839,C[C@@H]1CN(Cc2nnc(-c3cc(-c4cccc5[nH]ccc45)cc4[nH]ncc34)o2)C[C@H](C)O1,IN-RANGE,c1cc(-c2cc(-c3nnc(CN4CCOCC4)o3)c3cn[nH]c3c2)c2cc[nH]c2c1,4
14765481,CHEMBL82663,O=c1[nH]c2c(O)ccc(CCNCCS(=O)(=O)CCCOCCc3ccccc3)c2s1,IN-RANGE,O=c1[nH]c2cccc(CCNCCS(=O)(=O)CCCOCCc3ccccc3)c2s1,4
14765482,CHEMBL182682,COc1ccc(CC(=O)N(C)C2CCN(CCC(c3ccccc3)c3ccccc3)CC2)cc1OC,IN-RANGE,O=C(Cc1ccccc1)NC1CCN(CCC(c2ccccc2)c2ccccc2)CC1,4
14765483,CHEMBL2348176,Nc1nccc(-n2ccc3ccccc32)n1,IN-RANGE,c1ccc2c(c1)ccn2-c1ccncn1,0
14765485,CHEMBL2171169,CC(C)N(CCCNC(=O)Nc1ccc(C(C)(C)C)cc1)C[C@H]1O[C@@H](n2cnc3c(N)ncnc32)[C@H](O)[C@@H]1O,IN-RANGE,O=C(NCCCNC[C@@H]1CC[C@H](n2cnc3cncnc32)O1)Nc1ccccc1,1
14765486,CHEMBL210887,O=C(Nc1nc2ccccc2n1CCCO)c1cccc([N+](=O)[O-])c1,IN-RANGE,O=C(Nc1nc2ccccc2[nH]1)c1ccccc1,3
14765487,CHEMBL1198335,COc1cccc(Nc2nc(NCC3CCCO3)c3ccccc3n2)c1,IN-RANGE,c1ccc(Nc2nc(NCC3CCCO3)c3ccccc3n2)cc1,0
14765488,CHEMBL1891338,COc1cccc(CNc2nc(NC(C)C)nc3ccsc23)c1OC,IN-RANGE,c1ccc(CNc2ncnc3ccsc23)cc1,1
14765492,CHEMBL595134,N#CC1=C2C(=NC1=O)c1cccc3c(N4CCSCC4)ccc2c13,IN-RANGE,O=C1C=C2C(=N1)c1cccc3c(N4CCSCC4)ccc2c13,2
14765493,CHEMBL2147033,O=C1COC2(CCN(S(=O)(=O)c3ccc(-c4ccc5cnccc5c4)cc3)CC2)CN1C1CC1,IN-RANGE,O=C1COC2(CCN(S(=O)(=O)c3ccc(-c4ccc5cnccc5c4)cc3)CC2)CN1C1CC1,1
14765494,CHEMBL49,O=C1CC2(CCCC2)CC(=O)N1CCCCN1CCN(c2ncccn2)CC1,IN-RANGE,O=C1CC2(CCCC2)CC(=O)N1CCCCN1CCN(c2ncccn2)CC1,0
14765495,CHEMBL314034,CSc1nc(-c2ccccc2)nn1Cc1ccccc1,IN-RANGE,c1ccc(Cn2cnc(-c3ccccc3)n2)cc1,4
14765499,CHEMBL1526668,O=C(c1csc2c1CCCC2)N1CCCCC1,IN-RANGE,O=C(c1csc2c1CCCC2)N1CCCCC1,3
14765500,CHEMBL1188966,CN(C)c1nc(NC[C@H]2CC[C@H](CNS(=O)(=O)c3ccc(Br)cc3OC(F)(F)F)CC2)nc2ccccc12,IN-RANGE,O=S(=O)(NC[C@H]1CC[C@H](CNc2ncc3ccccc3n2)CC1)c1ccccc1,0
14765503,CHEMBL1345333,c1ccc(Nc2[nH]nnc2-c2ccccc2)cc1,IN-RANGE,c1ccc(Nc2[nH]nnc2-c2ccccc2)cc1,0
14765504,CHEMBL1916284,Cc1ccc(S(=O)(=O)Nc2c(C(=O)N[C@@H](C)C(C)(C)C)c(C(F)(F)F)nn2-c2ccccc2)cc1,IN-RANGE,O=S(=O)(Nc1ccnn1-c1ccccc1)c1ccccc1,3
14765505,CHEMBL304087,COc1cc(NC(=O)Nc2cccc(CNC(=O)O[C@H]3CCOC3)c2)ccc1-c1cnco1,IN-RANGE,O=C(Nc1ccc(-c2cnco2)cc1)Nc1cccc(CNC(=O)O[C@H]2CCOC2)c1,4
14765508,CHEMBL379350,CCN(CC)c1ccc2cc(C(C)=O)c(=O)oc2c1,IN-RANGE,O=c1ccc2ccccc2o1,3
14765514,CHEMBL14762,CC[C@H](CO)Nc1nc(NCc2ccccc2)c2ncn(C(C)C)c2n1,IN-RANGE,c1ccc(CNc2ncnc3[nH]cnc23)cc1,4
14765515,CHEMBL2098332,Cc1cc(OCC(=O)Nc2ccccc2)c2cc(Br)ccc2n1,IN-RANGE,O=C(COc1ccnc2ccccc12)Nc1ccccc1,2
14765516,CHEMBL103667,Cc1ccc(-n2nc(C(C)(C)C)cc2NC(=O)Nc2ccc(OCCN3CCOCC3)c3ccccc23)cc1,IN-RANGE,O=C(Nc1ccc(OCCN2CCOCC2)c2ccccc12)Nc1ccnn1-c1ccccc1,1
14765520,CHEMBL2170992,CC(C)c1ccc(NC(=O)NCCCSC[C@H]2O[C@@H](n3cnc4c(N)ncnc43)[C@H](O)[C@@H]2O)cc1,IN-RANGE,O=C(NCCCSC[C@@H]1CC[C@H](n2cnc3cncnc32)O1)Nc1ccccc1,3
14765521,CHEMBL2098096,Cc1cc(OCC(=O)NCc2ccccc2)c2cc(Br)ccc2n1,IN-RANGE,O=C(COc1ccnc2ccccc12)NCc1ccccc1,2
14765522,CHEMBL513412,COc1ccc(N(C(=O)c2occc2C)C(C(=O)NC[C@@H](C)O)c2ccccc2F)c(OC)c1,IN-RANGE,O=C(c1ccco1)N(Cc1ccccc1)c1ccccc1,2
14765523,CHEMBL2164670,COc1ccccc1C(C#N)NC(=O)[C@@H]1CCCC[C@H]1C(=O)N1CCN(Cc2ccc(F)cc2)CC1,IN-RANGE,O=C(NCc1ccccc1)[C@@H]1CCCC[C@H]1C(=O)N1CCN(Cc2ccccc2)CC1,4
14765524,CHEMBL6966,COc1ccc(CCN(C)CCCC(C#N)(c2ccc(OC)c(OC)c2)C(C)C)cc1OC,IN-RANGE,c1ccc(CCCCNCCc2ccccc2)cc1,2
14765529,CHEMBL1829876,CN(CC(=O)N(Cc1ccc(C2CCCCC2)cc1)c1ccc(C(=O)O)c(O)c1)S(=O)(=O)c1c(F)c(F)c(F)c(F)c1F,IN-RANGE,O=C(CNS(=O)(=O)c1ccccc1)N(Cc1ccc(C2CCCCC2)cc1)c1ccccc1,0
14765531,CHEMBL402501,C[C@H](Cc1cccc(CC(=O)NC23CC4CC(CC(C4)C2)C3)c1)NC[C@H](O)c1ccc(O)c(CO)c1,IN-RANGE,O=C(Cc1cccc(CCNCCc2ccccc2)c1)NC12CC3CC(CC(C3)C1)C2,4
14765534,CHEMBL192,CCCc1nn(C)c2c(=O)[nH]c(-c3cc(S(=O)(=O)N4CCN(C)CC4)ccc3OCC)nc12,IN-RANGE,O=c1[nH]c(-c2cccc(S(=O)(=O)N3CCNCC3)c2)nc2cn[nH]c12,2
14765535,CHEMBL574059,Cn1c(=O)c(-c2c(Cl)cccc2Cl)cc2cnc(Nc3ccc(F)cc3)nc21,IN-RANGE,O=c1[nH]c2nc(Nc3ccccc3)ncc2cc1-c1ccccc1,4
14765536,CHEMBL1778622,CCSc1ccc(-c2cc(C(F)(F)F)ccc2OCC(=O)O)cc1,IN-RANGE,c1ccc(-c2ccccc2)cc1,0
14765542,CHEMBL1916271,CCN(C(=O)c1cnn(-c2ccccc2)c1NS(=O)(=O)c1ccc(-c2cnco2)cc1)C1CCCCC1,IN-RANGE,O=C(NC1CCCCC1)c1cnn(-c2ccccc2)c1NS(=O)(=O)c1ccc(-c2cnco2)cc1,4
14765547,CHEMBL1587607,O=C(Nc1ccccc1Cl)c1cc[nH]n1,IN-RANGE,O=C(Nc1ccccc1)c1cc[nH]n1,4
14765548,CHEMBL2097971,COc1ccc2nc(C)cc(OCC(=O)Nc3ccccc3OC)c2c1,IN-RANGE,O=C(COc1ccnc2ccccc12)Nc1ccccc1,2
14765551,CHEMBL1194325,O=C(O[C@H]1C[N+]2(CCCOc3ccccc3)CCC1CC2)C(O)(c1cccs1)c1cccs1,IN-RANGE,O=C(O[C@H]1C[N+]2(CCCOc3ccccc3)CCC1CC2)C(c1cccs1)c1cccs1,0
14765553,CHEMBL1800659,CCCCN(CCNCCc1ccc(O)c2[nH]c(=O)sc12)C(=O)CCOCCc1ccccc1,IN-RANGE,O=C(CCOCCc1ccccc1)NCCNCCc1cccc2[nH]c(=O)sc12,2
14765561,CHEMBL250961,Cc1ccc(F)cc1S(=O)(=O)N[C@@H]1CCN(Cc2ccc(-c3ccccc3)cc2)C1,IN-RANGE,O=S(=O)(N[C@@H]1CCN(Cc2ccc(-c3ccccc3)cc2)C1)c1ccccc1,3
14765562,CHEMBL469728,COc1ccc(N(C(=O)c2occc2Cl)C(C(=O)NC[C@@H](C)O)c2ccccc2F)c(OC)c1,IN-RANGE,O=C(c1ccco1)N(Cc1ccccc1)c1ccccc1,2
14765563,CHEMBL222659,O=C(Nc1ccccn1)c1ccc2[nH]c(-c3ccc(NC(=O)C45CC6CC(CC(C6)C4)C5)cc3)nc2c1,IN-RANGE,O=C(Nc1ccccn1)c1ccc2[nH]c(-c3ccc(NC(=O)C45CC6CC(CC(C6)C4)C5)cc3)nc2c1,3
14765564,CHEMBL561771,COc1cccc(NC(=O)c2cccc(Cc3c(C)nn(CCO)c3-c3ccccc3)c2)c1,IN-RANGE,O=C(Nc1ccccc1)c1cccc(Cc2cn[nH]c2-c2ccccc2)c1,2
14766484,CHEMBL1800657,CCCN(CCNCCc1ccc(O)c2[nH]c(=O)sc12)C(=O)CCOCCc1ccccc1,ABOVE,O=C(CCOCCc1ccccc1)NCCNCCc1cccc2[nH]c(=O)sc12,2
14766485,CHEMBL376632,Cc1cc(N2CCC[C@@H]2C(=O)NCCc2ccc3c(c2)OCO3)nc(-n2ccnc2)n1,ABOVE,O=C(NCCc1ccc2c(c1)OCO2)[C@H]1CCCN1c1ccnc(-n2ccnc2)n1,0
14766486,CHEMBL2181926,CCOC(=O)C1=C(C)NC(C)=C(C(C)=O)[C@H]1c1cccc2c(=O)cc(C)oc12,ABOVE,O=c1ccoc2c(C3C=CNC=C3)cccc12,1
14766487,CHEMBL193,COC(=O)C1=C(C)NC(C)=C(C(=O)OC)C1c1ccccc1[N+](=O)[O-],ABOVE,C1=CC(c2ccccc2)C=CN1,0
14766488,CHEMBL2103840,CCc1cnn2c(NCc3ccc[n+]([O-])c3)cc(N3CCCC[C@H]3CCO)nc12,ABOVE,c1c[nH+]cc(CNc2cc(N3CCCCC3)nc3ccnn23)c1,1
14766489,CHEMBL1429296,COc1ccccc1CN1C(=O)c2ccccc2C1C(=O)NC1CCC(C)CC1,ABOVE,O=C(NC1CCCCC1)C1c2ccccc2C(=O)N1Cc1ccccc1,2
14766490,CHEMBL1865796,Cc1ccccc1Nc1nc(N)nc(C)c1Br,ABOVE,c1ccc(Nc2ccncn2)cc1,3
14766491,CHEMBL1609158,CCCC(=O)Nc1ccc(Cl)c(-c2nc3ncccc3o2)c1,ABOVE,c1ccc(-c2nc3ncccc3o2)cc1,4
14766492,CHEMBL1770475,CSCCC(NC(=O)c1ccccc1)c1nc2ccccc2n1Cc1ccc(C#N)cc1,ABOVE,O=C(NCc1nc2ccccc2n1Cc1ccccc1)c1ccccc1,0
14766493,CHEMBL570015,COc1cccc(Nc2c(C(N)=O)cnc3c(C)cc(S(=O)(=O)c4cccc(C(=O)N(C)C)c4)cc23)c1,ABOVE,O=S(=O)(c1ccccc1)c1ccc2nccc(Nc3ccccc3)c2c1,0
14766494,CHEMBL1916086,Cc1ccc(S(=O)(=O)Nc2c(C(=O)NCc3ccccc3)cnn2-c2ccccc2)cc1,ABOVE,O=C(NCc1ccccc1)c1cnn(-c2ccccc2)c1NS(=O)(=O)c1ccccc1,3
14766495,CHEMBL114,CC(C)(C)NC(=O)[C@@H]1C[C@@H]2CCCC[C@@H]2CN1C[C@@H](O)[C@H](Cc1ccccc1)NC(=O)[C@H](CC(N)=O)NC(=O)c1ccc2ccccc2n1,ABOVE,O=C(CNC(=O)c1ccc2ccccc2n1)N[C@H](CCN1CC[C@@H]2CCCC[C@@H]2C1)Cc1ccccc1,0
14766496,CHEMBL1938400,CC(C)(C)c1cc(NC(=O)NCc2ccccc2Sc2ccc3nnc(-c4ccccc4SCCO)n3c2)n(-c2ccc(O)c(Cl)c2)n1,ABOVE,O=C(NCc1ccccc1Sc1ccc2nnc(-c3ccccc3)n2c1)Nc1ccnn1-c1ccccc1,4
14766497,CHEMBL2169919,CC(C)N(CCCNC(=O)Nc1ccc(C(C)(C)C)cc1)C[C@H]1O[C@@H](n2ccc3c(N)ncnc32)[C@H](O)[C@@H]1O,ABOVE,O=C(NCCCNC[C@@H]1CC[C@H](n2ccc3cncnc32)O1)Nc1ccccc1,0
14766498,CHEMBL1922054,Cc1ccc2nc(C[N+]34CCC(CC3)[C@@H](OC(=O)[C@](C)(c3ccccc3)N3CCCCC3)C4)oc2c1,ABOVE,O=C(O[C@H]1C[N+]2(Cc3nc4ccccc4o3)CCC1CC2)C(c1ccccc1)N1CCCCC1,1
14766499,CHEMBL2151321,CC(C)Oc1cc(-n2cnc3ccc(N[C@@H](C)c4ccc(F)cn4)nc32)n[nH]1,ABOVE,c1ccc(CNc2ccc3ncn(-c4cc[nH]n4)c3n2)nc1,1
14766500,CHEMBL521809,O=C(c1cccc(Cc2n[nH]c(=O)c3ccccc23)c1)N1CCN(c2ncccn2)CC1,ABOVE,O=C(c1cccc(Cc2n[nH]c(=O)c3ccccc23)c1)N1CCN(c2ncccn2)CC1,3
14766501,CHEMBL1486517,O=C(C1CCN(c2nnc(-n3cccc3)s2)CC1)N1CCN(Cc2ccc3c(c2)OCO3)CC1,ABOVE,O=C(C1CCN(c2nnc(-n3cccc3)s2)CC1)N1CCN(Cc2ccc3c(c2)OCO3)CC1,4
14766502,CHEMBL1738764,Cc1ccc(CO)cc1N(c1ccnc(Nc2cc(N3CCOCC3)cc(S(C)(=O)=O)c2)n1)C(C)C,ABOVE,c1ccc(Nc2ccnc(Nc3cccc(N4CCOCC4)c3)n2)cc1,3
14766503,CHEMBL1873475,C=CC(=O)N1CCC[C@@H](n2nc(-c3ccc(Oc4ccccc4)cc3)c3c(N)ncnc32)C1,ABOVE,c1ccc(Oc2ccc(-c3nn([C@@H]4CCCNC4)c4ncncc34)cc2)cc1,0
14766504,CHEMBL1868114,COCCNc1nc(NCc2ccccc2F)c2sccc2n1,ABOVE,c1ccc(CNc2ncnc3ccsc23)cc1,1
14766505,CHEMBL2171278,Cc1ccc(NC(=O)[C@@H]2CCCN2S(=O)(=O)c2cccc3cccnc23)c(C)c1,ABOVE,O=C(Nc1ccccc1)[C@@H]1CCCN1S(=O)(=O)c1cccc2cccnc12,3
14766506,CHEMBL2171277,Cc1ccc(NC(=O)[C@H]2CCCN2S(=O)(=O)c2cccc3cccnc23)c(C)c1,ABOVE,O=C(Nc1ccccc1)[C@H]1CCCN1S(=O)(=O)c1cccc2cccnc12,4
14766507,CHEMBL2361579,Cc1cc2cc(C)c3nnc(SCC(=O)N4CCN(C(=O)c5ccco5)CC4)n3c2cc1C,ABOVE,O=C(CSc1nnc2ccc3ccccc3n12)N1CCN(C(=O)c2ccco2)CC1,4
14766508,CHEMBL1922055,C[C@@](C(=O)O[C@H]1C[N+]2(Cc3cc(-c4ccccc4)on3)CCC1CC2)(c1ccccc1)N1CCCCC1,ABOVE,O=C(O[C@H]1C[N+]2(Cc3cc(-c4ccccc4)on3)CCC1CC2)C(c1ccccc1)N1CCCCC1,0
14766509,CHEMBL2348651,CNc1nc(C)c(-c2nc(Nc3cccc(N4CCCN(C(C)=O)CC4)c3)ncc2C#N)s1,ABOVE,c1cc(Nc2nccc(-c3cncs3)n2)cc(N2CCCNCC2)c1,4
14766510,CHEMBL1771,COC(=O)[C@H](c1ccccc1Cl)N1CCc2sccc2C1,ABOVE,c1ccc(CN2CCc3sccc3C2)cc1,3
14766511,CHEMBL127066,Oc1nc(-c2ccccc2)nc2ccccc12,ABOVE,c1ccc(-c2ncc3ccccc3n2)cc1,1
14766512,CHEMBL2098183,COc1ccc2nc(C)cc(OCC(=O)NCc3ccccc3)c2c1,ABOVE,O=C(COc1ccnc2ccccc12)NCc1ccccc1,2
14766513,CHEMBL1300857,Cc1[nH]c2ccc(-c3nnc(SCC(=O)N4CCCc5ccccc54)o3)cc2c1C,ABOVE,O=C(CSc1nnc(-c2ccc3[nH]ccc3c2)o1)N1CCCc2ccccc21,2
14766514,CHEMBL1703518,CCN(CC)S(=O)(=O)c1ccc(-c2nnc(SCC(=O)N3CCc4ccccc43)o2)cc1,ABOVE,O=C(CSc1nnc(-c2ccccc2)o1)N1CCc2ccccc21,2
14766515,CHEMBL2139925,CCc1nc2ccc(C(=O)NCc3ccc4c(c3)OCO4)cn2c1N(C)Cc1cccs1,ABOVE,O=C(NCc1ccc2c(c1)OCO2)c1ccc2ncc(NCc3cccs3)n2c1,3
14766516,CHEMBL471412,COc1ccc(N(C(=O)c2ccccc2)C(C(=O)NC2CCCC2)c2ccccc2F)c(OC)c1,ABOVE,O=C(NC1CCCC1)C(c1ccccc1)N(C(=O)c1ccccc1)c1ccccc1,4
14766517,CHEMBL1890087,CC(C)Nc1nc(NCc2ccccc2)c2sccc2n1,ABOVE,c1ccc(CNc2ncnc3ccsc23)cc1,1
14766518,CHEMBL2312113,COc1cc(O)c(C(CC(=O)N2CC(C)CC(C)C2)c2ccc3c(c2)OCO3)c(OC)c1,ABOVE,O=C(CC(c1ccccc1)c1ccc2c(c1)OCO2)N1CCCCC1,1
14766519,CHEMBL2323239,O=C(CSc1nc2c(c(=O)n1-c1ccccc1)SCC2)Nc1ncc(-c2ccccc2)s1,ABOVE,O=C(CSc1nc2c(c(=O)n1-c1ccccc1)SCC2)Nc1ncc(-c2ccccc2)s1,4
14766520,CHEMBL2011934,COc1ccc(-c2nc3c(NCCCN(C)C(=O)C4CCC4)c(Br)cnc3[nH]2)cc1,ABOVE,O=C(NCCCNc1ccnc2[nH]c(-c3ccccc3)nc12)C1CCC1,3
14766521,CHEMBL1367530,Cc1ccc(-c2nnc(SCC(=O)N3CCN(c4ccccc4)CC3)o2)cc1,ABOVE,O=C(CSc1nnc(-c2ccccc2)o1)N1CCN(c2ccccc2)CC1,3
14766522,CHEMBL2180273,CCOC(=O)C1=C(C)NC2=C(C(=O)CC(C)(C)C2)C1c1ccc(-c2ccccc2)cc1,ABOVE,O=C1CCCC2=C1C(c1ccc(-c3ccccc3)cc1)C=CN2,0
14766523,CHEMBL2323231,O=C(CSc1nc2c(c(=O)n1-c1ccccc1)SCC2)Nc1ccc(-c2ccccc2)cn1,ABOVE,O=C(CSc1nc2c(c(=O)n1-c1ccccc1)SCC2)Nc1ccc(-c2ccccc2)cn1,4
14766524,CHEMBL259081,O=c1nc(NCc2ccccc2)sn1Cc1ccccc1,ABOVE,O=c1nc(NCc2ccccc2)sn1Cc1ccccc1,3
14766525,CHEMBL1801962,COc1ccccc1C(=O)/C=C/c1ccccc1C(F)(F)F,ABOVE,O=C(/C=C/c1ccccc1)c1ccccc1,2
14766526,CHEMBL298019,CCOC(=O)c1ccc(OCCC2CCN(c3ccc(C)nn3)CC2)cc1,ABOVE,c1ccc(OCCC2CCN(c3cccnn3)CC2)cc1,3
14766527,CHEMBL514980,CN(CCOc1ccccc1-c1cc(C(N)=O)c(NC(N)=O)s1)Cc1ccccc1,ABOVE,c1ccc(CNCCOc2ccccc2-c2cccs2)cc1,0
14766528,CHEMBL1770477,CCOc1ccc2oc(C(=O)NC(CCSC)c3nc4ncccc4[nH]3)c(C)c2c1,ABOVE,O=C(NCc1nc2ncccc2[nH]1)c1cc2ccccc2o1,3
14766529,CHEMBL2346974,CC(=O)N1CCN(CCOc2ccc(C3CCN(c4ccc5nnc(C(F)(F)F)n5n4)CC3)cc2)CC1,ABOVE,c1cc(C2CCN(c3ccc4nncn4n3)CC2)ccc1OCCN1CCNCC1,4
14766530,CHEMBL1945883,O=C(Nc1ccccc1)c1ccc2cccc(O)c2n1,ABOVE,O=C(Nc1ccccc1)c1ccc2ccccc2n1,2
14766531,CHEMBL1896341,Cc1ccc(CNC(=O)C2CCCN2S(=O)(=O)c2ccc(F)cc2)cc1,ABOVE,O=C(NCc1ccccc1)C1CCCN1S(=O)(=O)c1ccccc1,4
14766532,CHEMBL2070942,CC(C)(C)c1csc(N2CCN(C(=O)[C@@H]3CCCC[C@H]3C(=O)NC3(C#N)CC3)CC2)n1,ABOVE,O=C(NC1CC1)[C@@H]1CCCC[C@H]1C(=O)N1CCN(c2nccs2)CC1,4
14766533,CHEMBL324875,Cc1ccc(CCOCCNS(=O)(=O)CCCNCCc2ccc(O)c3nc(O)sc23)cc1,ABOVE,O=S(=O)(CCCNCCc1cccc2ncsc12)NCCOCCc1ccccc1,3
14766534,CHEMBL1951904,CCN(C(=O)Cc1ccc(S(C)(=O)=O)cc1)C1CCN(CCC(c2ccccc2)C2CCN(Cc3ccccc3)CC2)CC1,ABOVE,O=C(Cc1ccccc1)NC1CCN(CCC(c2ccccc2)C2CCN(Cc3ccccc3)CC2)CC1,4
14766535,CHEMBL1600648,Cc1nc2ncnn2c(O)c1CCOC(=O)c1c(F)cccc1F,ABOVE,O=C(OCCc1cnc2ncnn2c1)c1ccccc1,3
14766536,CHEMBL271023,[O-][S+](c1ccccc1)c1ccc2nnnn2n1,ABOVE,c1ccc([SH+]c2ccc3nnnn3n2)cc1,2
14766537,CHEMBL1904754,Cc1nc2ncnn2c(O)c1CCOC(=O)c1ccccc1F,ABOVE,O=C(OCCc1cnc2ncnn2c1)c1ccccc1,3
14766538,CHEMBL1490317,Cc1cc(C)nc(SCC(=O)Nc2cc(C)on2)n1,ABOVE,O=C(CSc1ncccn1)Nc1ccon1,4
14766539,CHEMBL1201016,COCC1=C(C(=O)OC(C)OC(=O)OC(C)C)N2C(=O)[C@@H](NC(=O)/C(=N\OC)c3csc(N)n3)[C@H]2SC1,ABOVE,N=C(C(=O)N[C@@H]1C(=O)N2C=CCS[C@H]12)c1cscn1,0
14766540,CHEMBL1951916,CCN(C(=O)Cc1ccc(S(C)(=O)=O)cc1)C1CCN(CC[C@@H](c2cc(C)cc(C)c2)C2CCN(S(C)(=O)=O)CC2)CC1,ABOVE,O=C(Cc1ccccc1)NC1CCN(CC[C@@H](c2ccccc2)C2CCNCC2)CC1,3
14766541,CHEMBL2107486,C[C@@H](O)[C@H]1C(=O)N2C(C(=O)OCOC(=O)C(C)(C)C)=C(SC3CN(C4=NCCS4)C3)[C@H](C)[C@H]12,ABOVE,O=C1C[C@H]2CC(SC3CN(C4=NCCS4)C3)=CN12,1
14766542,CHEMBL465305,CC(=O)c1ccc(N2CCN(S(=O)(=O)C[C@]34CC[C@H](CC3=O)C4(C)C)CC2)nc1,ABOVE,O=C1C[C@H]2CC[C@]1(CS(=O)(=O)N1CCN(c3ccccn3)CC1)C2,0
14766543,CHEMBL255536,COc1ccc(CC(=O)NC(N/C(=N/C#N)Nc2ccccc2C)C(C)(C)C)cc1OC,ABOVE,N=C(NCNC(=O)Cc1ccccc1)Nc1ccccc1,1
14766544,CHEMBL1575409,COc1ccc(CNC(=O)CSc2nc3cccnc3s2)cc1,ABOVE,O=C(CSc1nc2cccnc2s1)NCc1ccccc1,1
14766545,CHEMBL1800660,CCCCN(CCNC[C@H](O)c1ccc(O)c2[nH]c(=O)sc12)C(=O)CCOCCc1ccccc1,ABOVE,O=C(CCOCCc1ccccc1)NCCNCCc1cccc2[nH]c(=O)sc12,2
14766546,CHEMBL111732,CN(CCc1ccc(O)c2nc(O)sc12)CCN(C)C(=O)CCOCCc1ccccc1,ABOVE,O=C(CCOCCc1ccccc1)NCCNCCc1cccc2ncsc12,2
14766547,CHEMBL558748,O=C(NCC1CCCCC1)c1c(Cl)ccc2ncccc12,ABOVE,O=C(NCC1CCCCC1)c1cccc2ncccc12,2
14766548,CHEMBL450470,COc1ccc(N(C(C)=O)C(C(=O)NC2CCCC2)c2ccccc2F)c(OC)c1,ABOVE,O=C(NC1CCCC1)C(Nc1ccccc1)c1ccccc1,3
14766549,CHEMBL108246,Cc1ccccc1CCOCCCS(=O)(=O)CCNCCc1ccc(O)c2nc(O)sc12,ABOVE,O=S(=O)(CCCOCCc1ccccc1)CCNCCc1cccc2ncsc12,1
14766550,CHEMBL682,CCN(CC)Cc1cc(Nc2ccnc3cc(Cl)ccc23)ccc1O,ABOVE,c1ccc(Nc2ccnc3ccccc23)cc1,2
14766552,CHEMBL1458496,O=C(c1cccc(Cl)c1Cl)N1CCN(c2ccccn2)CC1,ABOVE,O=C(c1ccccc1)N1CCN(c2ccccn2)CC1,2
14766553,CHEMBL472455,COc1ccc(N(C(=O)c2ccco2)C(C(=O)NC2CCCC2)c2ccccc2F)c(OC)c1,ABOVE,O=C(NC1CCCC1)C(c1ccccc1)N(C(=O)c1ccco1)c1ccccc1,2
14766554,CHEMBL1486510,CCOC(=O)c1c(C)n(Cc2ccco2)c2ccc(O)cc12,ABOVE,c1coc(Cn2ccc3ccccc32)c1,1
14766555,CHEMBL1628691,Clc1cccc(-n2nnnc2NCc2ccccc2Oc2ccccn2)c1Cl,ABOVE,c1ccc(-n2nnnc2NCc2ccccc2Oc2ccccn2)cc1,0
14766556,CHEMBL2314383,CC(C)c1ccc(Sc2cnc(O)c(C(=O)NCc3ccccc3)c2)cc1,ABOVE,O=C(NCc1ccccc1)c1cncc(Sc2ccccc2)c1,1
14766557,CHEMBL1468936,CCOC(=O)c1c(-c2ccccc2)nc2cc(C)ccn12,ABOVE,c1ccc(-c2cn3ccccc3n2)cc1,0
14766558,CHEMBL383669,CC(C)Cn1c(=O)n(C)c(=O)c2c(C(=O)N3CCCC3)c(Cc3ccccc3C(F)(F)F)sc21,ABOVE,O=C(c1c(Cc2ccccc2)sc2[nH]c(=O)[nH]c(=O)c12)N1CCCC1,0
14766560,CHEMBL424451,COc1ccc(C)c(NC(=O)CC23CC4CC(CC(C4)C2)C3)c1,ABOVE,O=C(CC12CC3CC(CC(C3)C1)C2)Nc1ccccc1,4
14766561,CHEMBL341226,COc1cccc(NC(=O)CC23CC4CC(CC(C4)C2)C3)c1C,ABOVE,O=C(CC12CC3CC(CC(C3)C1)C2)Nc1ccccc1,4
14766562,CHEMBL1874317,N#CCC(CNc1ncc(C(F)(F)F)cc1Cl)OC(=O)c1c(F)cccc1F,ABOVE,O=C(OCCNc1ccccn1)c1ccccc1,2
14766563,CHEMBL336718,COc1ccc(-c2nc(O)c3ccccc3n2)cc1,ABOVE,c1ccc(-c2ncc3ccccc3n2)cc1,1
14766564,CHEMBL1427959,O=C(Nc1nc2ccccc2s1)c1ccccc1,ABOVE,O=C(Nc1nc2ccccc2s1)c1ccccc1,2
14766565,CHEMBL415506,CCOC(=O)c1c(-c2ccccc2)nc2ccc(C)cn12,ABOVE,c1ccc(-c2cn3ccccc3n2)cc1,0
14766566,CHEMBL1439884,CCCCn1c(SCC(=O)Nc2cc(C)on2)nnc1-c1ccco1,ABOVE,O=C(CSc1nnc(-c2ccco2)[nH]1)Nc1ccon1,2
14766567,CHEMBL585640,CCn1c(SCC(=O)Nc2cccc(C)c2)nnc1-c1ccccc1,ABOVE,O=C(CSc1nnc(-c2ccccc2)[nH]1)Nc1ccccc1,1
14766568,CHEMBL2103876,Cc1ccc2c(NC[C@](O)(CC(C)(C)c3cc(F)cc4c3OCC4)C(F)(F)F)cccc2n1,ABOVE,c1cc(CCCCNc2cccc3ncccc23)c2c(c1)CCO2,0
14766569,CHEMBL1644374,c1ccc(Oc2nccc3ccccc23)cc1,ABOVE,c1ccc(Oc2nccc3ccccc23)cc1,1
14769802,CHEMBL70972,CC1=C(C)C(=O)C(C(CCCCCC(=O)O)c2ccccc2)=C(C)C1=O,IN-RANGE,O=C1C=CC(=O)C(Cc2ccccc2)=C1,1
14769803,CHEMBL271012,C[C@H](CO)Nc1nc(SCc2ccccc2F)nc2[nH]c(=O)sc12,IN-RANGE,O=c1[nH]c2nc(SCc3ccccc3)ncc2s1,0
14769804,CHEMBL383322,CCOCc1nc2c(N)nc3ccccc3c2n1CC(C)(C)O,IN-RANGE,c1ccc2c(c1)ncc1nc[nH]c12,0
14769805,CHEMBL552512,O=C(CC1CCCCCC1)Nc1cccc2c(=O)n([C@H]3CCNC3)ccc12,IN-RANGE,O=C(CC1CCCCCC1)Nc1cccc2c(=O)n([C@H]3CCNC3)ccc12,1
14769806,CHEMBL2171047,Cc1ccc(S(=O)(=O)NC(=O)N2CCC(N3CCC(Oc4ccc(Cl)c(C)c4Cl)CC3)CC2)cc1,IN-RANGE,O=C(NS(=O)(=O)c1ccccc1)N1CCC(N2CCC(Oc3ccccc3)CC2)CC1,4
14769807,CHEMBL2208431,O=C(NC[C@@H](O)CN1CCC(Oc2ccc(Cl)c(Cl)c2)CC1)c1n[nH]c(=O)c2ccccc12,IN-RANGE,O=C(NCCCN1CCC(Oc2ccccc2)CC1)c1n[nH]c(=O)c2ccccc12,4
14769808,CHEMBL1917448,COc1cccc(S(=O)(=O)c2c(C)n(CC(=O)O)c3ccc(C)cc23)c1,IN-RANGE,O=S(=O)(c1ccccc1)c1c[nH]c2ccccc12,2
14769809,CHEMBL119385,O=c1ncn2nc(Sc3ccc(F)cc3F)ccc2c1-c1c(Cl)cccc1Cl,IN-RANGE,O=c1ncn2nc(Sc3ccccc3)ccc2c1-c1ccccc1,1
14769810,CHEMBL2031229,Cc1ccc(NC(=O)c2ccccc2F)cc1-n1cnc2ccc(N3CCN(C)CC3)cc2c1=O,IN-RANGE,O=C(Nc1cccc(-n2cnc3ccc(N4CCNCC4)cc3c2=O)c1)c1ccccc1,3
14769811,CHEMBL1917445,Cc1ccc2c(c1)c([S+]([O-])c1ccc(Cl)cc1)c(C)n2CC(=O)O,IN-RANGE,c1ccc([SH+]c2c[nH]c3ccccc23)cc1,3
14769812,CHEMBL452273,COCCNCc1ccc(-c2cc(C(N)=O)c(NC(N)=O)s2)cc1,IN-RANGE,c1ccc(-c2cccs2)cc1,0
14769813,CHEMBL390191,Cc1nc(CSc2nc(N[C@H](C)CO)c3sc(N)nc3n2)cs1,IN-RANGE,c1nc(CSc2ncc3scnc3n2)cs1,0
14769814,CHEMBL1529362,Nc1nnc(-c2ccccc2)s1,IN-RANGE,c1ccc(-c2nncs2)cc1,4
14769815,CHEMBL714,CC(C)(C)NCC(O)c1ccc(O)c(CO)c1,BELOW,c1ccccc1,3
14769816,CHEMBL1201335,C[N+]1(C)CCC(OC(=O)C(O)(c2ccccc2)C2CCCC2)C1,BELOW,O=C(OC1CC[NH2+]C1)C(c1ccccc1)C1CCCC1,2
14769818,CHEMBL1900528,C[N+]1(C)[C@@H]2C[C@@H](OC(=O)C(O)(c3cccs3)c3cccs3)C[C@H]1[C@@H]1O[C@@H]12,BELOW,O=C(O[C@H]1C[C@@H]2[NH2+][C@H](C1)[C@H]1O[C@H]12)C(c1cccs1)c1cccs1,1
14769819,CHEMBL1000,O=C(O)COCCN1CCN(C(c2ccccc2)c2ccc(Cl)cc2)CC1,BELOW,c1ccc(C(c2ccccc2)N2CCNCC2)cc1,4
14769820,CHEMBL2158835,O=C(O)[C@H](Cc1ccccc1)N1CCC(CN2CCC(Oc3ccc(Cl)c(Cl)c3)CC2)CC1,BELOW,c1ccc(CCN2CCC(CN3CCC(Oc4ccccc4)CC3)CC2)cc1,1
14769821,CHEMBL652,O=C(NCC1CCCCN1)c1cc(OCC(F)(F)F)ccc1OCC(F)(F)F,BELOW,O=C(NCC1CCCCN1)c1ccccc1,4
14769822,CHEMBL1807872,O=c1[nH]c2c(O)ccc([C@@H](O)CNCCCOCCNCCc3cccc(Cl)c3)c2s1,BELOW,O=c1[nH]c2cccc(CCNCCCOCCNCCc3ccccc3)c2s1,0
14769823,CHEMBL2158772,Cc1ccccc1C[C@@H](C(=O)O)N1CCC(CN2CCC(Oc3ccc(Cl)c(Cl)c3)CC2)CC1,BELOW,c1ccc(CCN2CCC(CN3CCC(Oc4ccccc4)CC3)CC2)cc1,1
14769824,CHEMBL1789186,N#Cc1cc(F)c(Cl)cc1O[C@H](CCN)c1ccccc1,BELOW,c1ccc(COc2ccccc2)cc1,2
14769825,CHEMBL1778639,CCS(=O)(=O)c1ccc(-c2cc(C(F)(F)F)ccc2OCC(=O)O)c(C)c1,BELOW,c1ccc(-c2ccccc2)cc1,0
14769826,CHEMBL551813,CN(C)c1nc(Cc2ccc(NC(=O)c3ccc(C(F)(F)F)cc3)cc2)nc(N(C)C)c1CC(=O)O,BELOW,O=C(Nc1ccc(Cc2ncccn2)cc1)c1ccccc1,2
14769827,CHEMBL560993,Cc1c(Cc2ccc3ccccc3n2)c2cc(F)ccc2n1CC(=O)O,BELOW,c1ccc2nc(Cc3c[nH]c4ccccc34)ccc2c1,0
14769828,CHEMBL2158771,N#Cc1ccc(C[C@@H](C(=O)O)N2CCC(CN3CCC(Oc4ccc(Cl)c(Cl)c4)CC3)CC2)cc1,BELOW,c1ccc(CCN2CCC(CN3CCC(Oc4ccccc4)CC3)CC2)cc1,1
14769829,CHEMBL2036958,CC1(CCCc2cc(=O)oc3[nH]c(=O)[nH]c(=O)c23)CC1,BELOW,O=c1[nH]c(=O)c2c(CCCC3CC3)cc(=O)oc2[nH]1,4
14769830,CHEMBL2011441,COc1nc(Br)cnc1NS(=O)(=O)c1ccc(Cl)s1,BELOW,O=S(=O)(Nc1cnccn1)c1cccs1,2
14769831,CHEMBL512504,N#Cc1c(O)c2c(-c3ccc(-c4ccccc4O)cc3)csc2[nH]c1=O,BELOW,O=c1ccc2c(-c3ccc(-c4ccccc4)cc3)csc2[nH]1,4
14769832,CHEMBL642,CCCC(=O)Nc1ccc(OCC(O)CNC(C)C)c(C(C)=O)c1,BELOW,c1ccccc1,3
14769833,CHEMBL1790041,CNC(=C[N+](=O)[O-])NCCSCc1ccc(CN(C)C)o1,BELOW,c1ccoc1,1
14769834,CHEMBL1144,CC[C@H](C)C(=O)O[C@H]1C[C@H](O)C=C2C=C[C@H](C)[C@H](CC[C@@H](O)C[C@@H](O)CC(=O)O)[C@H]21,BELOW,C1=CC2=CCCC[C@@H]2CC1,2
14769835,CHEMBL1789187,N#Cc1ccc(C(F)(F)F)nc1O[C@H](CCN)c1ccno1,BELOW,c1ccc(OCc2ccno2)nc1,0
14769836,CHEMBL2158793,Cc1cc(F)ccc1OC1CCN(CC2CCN([C@@](C)(Cc3ccc(F)cc3)C(=O)O)CC2)CC1,BELOW,c1ccc(CCN2CCC(CN3CCC(Oc4ccccc4)CC3)CC2)cc1,1
14769837,CHEMBL2158792,Cc1cc(OC2CCN(CC3CCN([C@@](C)(Cc4ccc(F)cc4)C(=O)O)CC3)CC2)ccc1Cl,BELOW,c1ccc(CCN2CCC(CN3CCC(Oc4ccccc4)CC3)CC2)cc1,1
14769838,CHEMBL914,CC(C)(C(=O)O)c1ccc(C(O)CCCN2CCC(C(O)(c3ccccc3)c3ccccc3)CC2)cc1,BELOW,c1ccc(CCCCN2CCC(C(c3ccccc3)c3ccccc3)CC2)cc1,1
14769839,CHEMBL453,Cc1noc(NS(=O)(=O)c2ccc(N)cc2)c1C,BELOW,O=S(=O)(Nc1ccno1)c1ccccc1,4
14769840,CHEMBL1934426,Cc1nn(C2CCOCC2)c(NS(=O)(=O)c2ccc(C3CC3)cc2)c1C(=O)N[C@@H](C)C(C)(C)C,BELOW,O=S(=O)(Nc1ccnn1C1CCOCC1)c1ccc(C2CC2)cc1,0
14769841,CHEMBL216981,CC[C@@H](Nc1c(Nc2cccc(C(=O)N(C)C)c2O)c(=O)c1=O)c1ccc(C)o1,BELOW,O=c1c(NCc2ccco2)c(Nc2ccccc2)c1=O,2
14769842,CHEMBL1689126,C[C@H]1CN(Cc2cc(Cl)ccc2OCC(=O)O)CCN1C(=O)Cc1ccccc1,BELOW,O=C(Cc1ccccc1)N1CCN(Cc2ccccc2)CC1,3
14769843,CHEMBL2158790,Cc1c(OC2CCN(CC3CCN([C@@](C)(Cc4ccc(F)cc4)C(=O)O)CC3)CC2)ccc(Cl)c1Cl,BELOW,c1ccc(CCN2CCC(CN3CCC(Oc4ccccc4)CC3)CC2)cc1,1
14769844,CHEMBL114500,COc1ccnc(NC2CCN(C(=O)c3ccc(C#N)cc3)CC2)c1,BELOW,O=C(c1ccccc1)N1CCC(Nc2ccccn2)CC1,0
14769845,CHEMBL361812,O=C(O)CCn1c2c(c3ccccc31)C[C@H](NS(=O)(=O)c1ccc(F)cc1)CC2,BELOW,O=S(=O)(N[C@@H]1CCc2[nH]c3ccccc3c2C1)c1ccccc1,4
14769846,CHEMBL1778628,N#Cc1cccc(-c2cc(C(F)(F)F)ccc2OCC(=O)O)c1,BELOW,c1ccc(-c2ccccc2)cc1,0
14769847,CHEMBL1916260,CCC(CC)NC(=O)c1cnn(-c2ccccc2)c1NS(=O)(=O)C1CCCC1,BELOW,O=S(=O)(Nc1ccnn1-c1ccccc1)C1CCCC1,0
14769848,CHEMBL1201753,O=C(O)C[C@H](O)C[C@H](O)/C=C/c1c(C2CC2)nc2ccccc2c1-c1ccc(F)cc1,BELOW,c1ccc(-c2cc(C3CC3)nc3ccccc23)cc1,2
14769849,CHEMBL1689128,C[C@H]1CN(Cc2cc(Cl)ccc2OCC(=O)O)CCN1C(=O)Cc1ccc(Cl)cc1,BELOW,O=C(Cc1ccccc1)N1CCN(Cc2ccccc2)CC1,3
14769850,CHEMBL1917432,Cc1c(Sc2ccc(Cl)cc2)c2c(S(C)(=O)=O)cccc2n1CC(=O)O,BELOW,c1ccc(Sc2c[nH]c3ccccc23)cc1,2
14769851,CHEMBL1778636,N#Cc1cccc(-c2cc(Cl)ccc2OCC(=O)O)c1,BELOW,c1ccc(-c2ccccc2)cc1,0
14769852,CHEMBL1778638,CCS(=O)(=O)c1ccc(-c2cc(C(F)(F)F)ccc2OCC(=O)O)c(Cl)c1,BELOW,c1ccc(-c2ccccc2)cc1,0
14769853,CHEMBL213029,COc1ccc2c(c1)c(CC(=O)O)c(C)n2-c1ccnc2cc(Cl)ccc12,BELOW,c1ccc2c(c1)ccn2-c1ccnc2ccccc12,0
14769854,CHEMBL1017,CCCc1nc2c(C)cc(-c3nc4ccccc4n3C)cc2n1Cc1ccc(-c2ccccc2C(=O)O)cc1,BELOW,c1ccc(-c2ccc(Cn3cnc4ccc(-c5nc6ccccc6[nH]5)cc43)cc2)cc1,2
14769855,CHEMBL589973,CCCCNC(=O)c1ccc(Oc2ccc(CC(=O)O)cc2OC)c(NS(=O)(=O)c2ccc(Cl)cc2Cl)c1,BELOW,O=S(=O)(Nc1ccccc1Oc1ccccc1)c1ccccc1,3
14769856,CHEMBL1069,CCCCC(=O)N(Cc1ccc(-c2ccccc2-c2nnn[nH]2)cc1)[C@H](C(=O)O)C(C)C,BELOW,c1ccc(-c2ccccc2-c2nnn[nH]2)cc1,3
14769857,CHEMBL211677,Cc1ccc2c(c1)c(-c1cc(C)nc3ccccc13)c(C)n2CC(=O)O,BELOW,c1ccc2c(-c3c[nH]c4ccccc34)ccnc2c1,4
14769858,CHEMBL1778644,CCS(=O)(=O)c1ccc(-c2cc(Cl)ccc2OCC(=O)O)c(F)c1,BELOW,c1ccc(-c2ccccc2)cc1,0
14769860,CHEMBL2147475,COc1cc(-n2cnc3cc(-c4ccc(Cl)cc4)sc3c2=O)ccc1OC[C@H](OP(=O)(O)O)C1CC1,BELOW,O=c1c2sc(-c3ccccc3)cc2ncn1-c1ccc(OCCC2CC2)cc1,1
14769861,CHEMBL1778646,CCS(=O)(=O)c1ccc(-c2cc(Cl)ccc2OCC(=O)O)c(Cl)c1,BELOW,c1ccc(-c2ccccc2)cc1,0
14769862,CHEMBL398295,CCCSc1nc(N[C@@H]2C[C@H]2c2ccccc2)c2nnn([C@@H]3C[C@H](O)[C@@H](O)[C@H]3O)c2n1,BELOW,c1ccc([C@@H]2C[C@H]2Nc2ncnc3c2nnn3C2CCCC2)cc1,3
14769863,CHEMBL1951575,CC(C)(C)NC(=O)c1ccc(Oc2cc(F)c(CC(=O)O)cc2Cl)c(NS(=O)(=O)c2ccc(C3CC3)cc2Cl)c1,BELOW,O=S(=O)(Nc1ccccc1Oc1ccccc1)c1ccc(C2CC2)cc1,2
14769864,CHEMBL154,COc1ccc2cc([C@H](C)C(=O)O)ccc2c1,BELOW,c1ccc2ccccc2c1,0
14769865,CHEMBL945,N=C(N)NC(=O)c1nc(Cl)c(N)nc1N,BELOW,c1cnccn1,2
14769866,CHEMBL1518,CCCc1cc(=O)[nH]c(=S)[nH]1,BELOW,O=c1cc[nH]c(=S)[nH]1,1
14769867,CHEMBL1924034,CN(C)C(C)(C(=O)OC1CC[N+](C)(C)CC1)c1ccccc1,BELOW,O=C(Cc1ccccc1)OC1CC[NH2+]CC1,4
14769868,CHEMBL423,CC(C)NCC(O)COc1ccc(CCOCC2CC2)cc1,BELOW,c1ccc(CCOCC2CC2)cc1,1
14769869,CHEMBL210884,COCCOc1nc(N)c2[nH]c(=O)n(Cc3ccccc3)c2n1,BELOW,O=c1[nH]c2cncnc2n1Cc1ccccc1,1
14769870,CHEMBL1614705,O=C(CO)N1CCC(c2[nH]nc(-c3ccc(Cl)cc3F)c2-c2ccncn2)CC1,BELOW,c1ccc(-c2n[nH]c(C3CCNCC3)c2-c2ccncn2)cc1,4
14769871,CHEMBL1852508,Cc1cc(-c2ccc(Cl)c(C(=O)NCC3(O)CCCCCC3)c2)nn1C[C@H](O)CN,BELOW,O=C(NCC1CCCCCC1)c1cccc(-c2cc[nH]n2)c1,0
14769872,CHEMBL1738840,COc1ccnc(CCc2nc3cccnc3[nH]2)c1,BELOW,c1ccc(CCc2nc3cccnc3[nH]2)nc1,4
14769873,CHEMBL1934419,Cc1ccc(S(=O)(=O)Nc2c(C(=O)N[C@@H](C)C(C)(C)C)c(C)nn2C2CCS(=O)(=O)CC2)cc1,BELOW,O=S1(=O)CCC(n2nccc2NS(=O)(=O)c2ccccc2)CC1,0
14769874,CHEMBL2158783,Cc1c(Cl)ccc(OC2CCN(CC3CCN([C@@H](Cc4ccc(F)cc4)C(=O)O)CC3)CC2)c1Cl,BELOW,c1ccc(CCN2CCC(CN3CCC(Oc4ccccc4)CC3)CC2)cc1,1
14769875,CHEMBL445,CNCCC=C1c2ccccc2CCc2ccccc21,BELOW,C=C1c2ccccc2CCc2ccccc21,1
14769876,CHEMBL560423,O=C(NCC1(O)CCCCCC1)c1cc(-n2ncc(=O)[nH]c2=O)ccc1Cl,BELOW,O=C(NCC1CCCCCC1)c1cccc(-n2ncc(=O)[nH]c2=O)c1,1
14769877,CHEMBL1689127,C[C@H]1CN(Cc2cc(Cl)ccc2OCC(=O)O)CCN1C(=O)Cc1ccc(F)cc1,BELOW,O=C(Cc1ccccc1)N1CCN(Cc2ccccc2)CC1,3
14769878,CHEMBL564737,O=C(NCC1(O)CCCCCC1)c1cc(-c2ccccc2C(=O)O)ccc1Cl,BELOW,O=C(NCC1CCCCCC1)c1cccc(-c2ccccc2)c1,0
14769879,CHEMBL1782167,Cc1ccc(C(=O)NC2CC2)cc1-c1ccc(C(=O)NCC2CC2)nc1,BELOW,O=C(NC1CC1)c1cccc(-c2ccc(C(=O)NCC3CC3)nc2)c1,1
14769880,CHEMBL2030560,Nc1nc2ccc(C(=O)c3ccccc3)cc2[nH]1,BELOW,O=C(c1ccccc1)c1ccc2nc[nH]c2c1,3
14769881,CHEMBL560219,O=C(Cc1ccc(Cl)c(C(F)(F)F)c1)Nc1cccc2c(=O)n(CCO)ccc12,BELOW,O=C(Cc1ccccc1)Nc1cccc2c(=O)[nH]ccc12,4
14769882,CHEMBL1778637,CS(=O)(=O)c1ccc(-c2cc(C(F)(F)F)ccc2OCC(=O)O)c(Cl)c1,BELOW,c1ccc(-c2ccccc2)cc1,0
14769883,CHEMBL1089518,CCCCOc1nc(N)c2[nH]c(=O)n(Cc3cccc(CC(=O)O)c3)c2n1,BELOW,O=c1[nH]c2cncnc2n1Cc1ccccc1,1
14769884,CHEMBL1916266,CCC(CC)NC(=O)c1cnn(-c2ccccn2)c1NS(=O)(=O)c1ccc(C)cc1,BELOW,O=S(=O)(Nc1ccnn1-c1ccccn1)c1ccccc1,3
14769885,CHEMBL1779503,O=C(NCCc1ccccc1)c1cc(-n2ncc(=O)[nH]c2=O)ccc1Cl,BELOW,O=C(NCCc1ccccc1)c1cccc(-n2ncc(=O)[nH]c2=O)c1,3
14769886,CHEMBL550436,C[C@H](CO)n1ccc2c(NC(=O)Cc3ccc(Cl)c(C(F)(F)F)c3)cccc2c1=O,BELOW,O=C(Cc1ccccc1)Nc1cccc2c(=O)[nH]ccc12,4
14769887,CHEMBL2324355,Cc1nocc1C(=O)Nc1ccc(-c2ccccc2OC(F)(F)F)c(N)n1,BELOW,O=C(Nc1ccc(-c2ccccc2)cn1)c1cnoc1,0
14769888,CHEMBL192307,CCCCc1nc2c(N)nc3ccccc3c2n1CC(C)C,BELOW,c1ccc2c(c1)ncc1nc[nH]c12,0
14769889,CHEMBL1204759,Cc1nn(-c2ccccc2)c(NC(=O)NS(=O)(=O)c2ccc(Cl)cc2)c1C#N,BELOW,O=C(Nc1ccnn1-c1ccccc1)NS(=O)(=O)c1ccccc1,4
