activity_id,chembl_id,canonical_smiles_rdkit,scaffold_key,CLint,log10_CLint,semantic_class
14758924,CHEMBL203125,O=CN(O)CCCP(=O)(O)O,__ACYCLIC__,3.02,0.48000694295715063,EXACT_QUANTITATIVE
14758935,CHEMBL93484,CC1N=C(N)N=C(N)N1c1ccc(Cl)cc1,C1=NC=NCN1c1ccccc1,3.31,0.5198279937757188,EXACT_QUANTITATIVE
14758945,CHEMBL1689109,O=C(O)COc1ccc(Cl)cc1CN1CCN(S(=O)(=O)c2ccccc2)CC1,O=S(=O)(c1ccccc1)N1CCN(Cc2ccccc2)CC1,3.6,0.5563025007672873,EXACT_QUANTITATIVE
14758956,CHEMBL1934417,COCCC(C)n1nc(C)c(C(=O)N[C@@H](C)C(C)(C)C)c1NS(=O)(=O)c1ccc(C)cc1,O=S(=O)(Nc1ccn[nH]1)c1ccccc1,3.9,0.5910646070264992,EXACT_QUANTITATIVE
14758961,CHEMBL2326864,CC(=O)Nc1nc(CCc2ccc(NC(=N)N)cc2)cs1,c1ccc(CCc2cscn2)cc1,3.98,0.5998830720736879,EXACT_QUANTITATIVE
14758962,CHEMBL1539037,COc1ccc(NC(=O)CCc2c(C)nc3nc(C)nn3c2C)cc1,O=C(CCc1cnc2ncnn2c1)Nc1ccccc1,3.98,0.5998830720736879,EXACT_QUANTITATIVE
14758970,CHEMBL375166,Cc1n[nH]c(C)c1Cc1sc2c(c1C(=O)N1C[C@H](O)CO1)c(=O)n(C)c(=O)n2CC(C)C,O=C(c1c(Cc2cn[nH]c2)sc2[nH]c(=O)[nH]c(=O)c12)N1CCCO1,4.0,0.6020599913279624,EXACT_QUANTITATIVE
14758971,CHEMBL2207665,Cn1cc(C(=O)NC[C@@H](O)CN2CCC(Oc3ccc(Cl)c(Cl)c3)CC2)c(C(F)(F)F)cc1=O,O=C(NCCCN1CCC(Oc2ccccc2)CC1)c1ccc(=O)[nH]c1,4.0,0.6020599913279624,EXACT_QUANTITATIVE
14758972,CHEMBL1020,Cc1ccc(C(=O)c2ccc(CC(=O)O)n2C)cc1,O=C(c1ccccc1)c1ccc[nH]1,4.0,0.6020599913279624,EXACT_QUANTITATIVE
14758973,CHEMBL402986,C[C@H](CO)Nc1nc(SCc2ccccc2)nc2[nH]c(=O)sc12,O=c1[nH]c2nc(SCc3ccccc3)ncc2s1,4.0,0.6020599913279624,EXACT_QUANTITATIVE
14758974,CHEMBL212777,Cc1ccc2c(c1)c(-c1ccnc3cc(Cl)ccc13)c(C)n2CC(=O)O,c1ccc2c(-c3c[nH]c4ccccc34)ccnc2c1,4.0,0.6020599913279624,EXACT_QUANTITATIVE
14758975,CHEMBL1072,CCCCNc1cc(C(=O)O)cc(S(N)(=O)=O)c1Oc1ccccc1,c1ccc(Oc2ccccc2)cc1,4.0,0.6020599913279624,EXACT_QUANTITATIVE
14758976,CHEMBL1743245,Cc1ccccc1/N=N/c1ccc(NC(=O)c2ccnn2C)c(C)c1,O=C(Nc1ccc(N=Nc2ccccc2)cc1)c1ccn[nH]1,4.0,0.6020599913279624,EXACT_QUANTITATIVE
14758977,CHEMBL2094588,O=C(CN1C2=NCCN2c2ccccc21)c1ccc(Cl)cc1,O=C(CN1C2=NCCN2c2ccccc21)c1ccccc1,4.0,0.6020599913279624,EXACT_QUANTITATIVE
14758978,CHEMBL2158839,O=C(O)[C@H](Cc1ccccc1F)N1CCC(CN2CCC(Oc3ccc(Cl)c(Cl)c3)CC2)CC1,c1ccc(CCN2CCC(CN3CCC(Oc4ccccc4)CC3)CC2)cc1,4.0,0.6020599913279624,EXACT_QUANTITATIVE
14758979,CHEMBL2208423,N#Cc1cccc(C(=O)NC[C@@H](O)CN2CCC(Oc3ccc(Cl)c(Cl)c3)CC2)c1,O=C(NCCCN1CCC(Oc2ccccc2)CC1)c1ccccc1,4.0,0.6020599913279624,EXACT_QUANTITATIVE
14758980,CHEMBL1778647,CCS(=O)(=O)c1ccc(-c2cc(Cl)ccc2OCC(=O)O)c(C(F)(F)F)c1,c1ccc(-c2ccccc2)cc1,4.0,0.6020599913279624,EXACT_QUANTITATIVE
14758981,CHEMBL379828,COc1ccc2c(c1)c(-c1ccnc3cc(Cl)ccc13)c(C)n2CC(=O)O,c1ccc2c(-c3c[nH]c4ccccc34)ccnc2c1,4.0,0.6020599913279624,EXACT_QUANTITATIVE
14758982,CHEMBL211866,CCN(C(=O)Cc1ccc(S(C)(=O)=O)cc1)C1CCN(CC[C@@H](c2ccccc2)c2ccc(S(C)(=O)=O)cc2)CC1,O=C(Cc1ccccc1)NC1CCN(CCC(c2ccccc2)c2ccccc2)CC1,4.0,0.6020599913279624,EXACT_QUANTITATIVE
14758983,CHEMBL2031233,Cc1ccc(NC(=O)C2CC2)cc1-n1cnc2ccc(N3CCN(C)CC3)cc2c1=O,O=C(Nc1cccc(-n2cnc3ccc(N4CCNCC4)cc3c2=O)c1)C1CC1,4.0,0.6020599913279624,EXACT_QUANTITATIVE
14758984,CHEMBL5,CCn1cc(C(=O)O)c(=O)c2ccc(C)nc21,O=c1cc[nH]c2ncccc12,4.0,0.6020599913279624,EXACT_QUANTITATIVE
14758985,CHEMBL60088,N=C(N)c1cc2c(I)cccc2s1,c1ccc2sccc2c1,4.0,0.6020599913279624,EXACT_QUANTITATIVE
14758986,CHEMBL1738761,N#Cc1ccc(Cl)cc1O[C@H](CCN)c1ccccc1,c1ccc(COc2ccccc2)cc1,4.0,0.6020599913279624,EXACT_QUANTITATIVE
14758987,CHEMBL1917428,Cc1c(Sc2ccc(Cl)cc2)c2c(C#N)c(Cl)ccc2n1CC(=O)O,c1ccc(Sc2c[nH]c3ccccc23)cc1,4.0,0.6020599913279624,EXACT_QUANTITATIVE
14758988,CHEMBL2158834,O=C(O)c1cccnc1N1CCC(CN2CCC(Oc3ccc(Cl)c(Cl)c3)CC2)CC1,c1ccc(OC2CCN(CC3CCN(c4ccccn4)CC3)CC2)cc1,4.0,0.6020599913279624,EXACT_QUANTITATIVE
14758989,CHEMBL180184,CCN(C(=O)NCc1ccccc1)C1CCN(CCC(c2ccccc2)c2ccccc2)CC1,O=C(NCc1ccccc1)NC1CCN(CCC(c2ccccc2)c2ccccc2)CC1,4.0,0.6020599913279624,EXACT_QUANTITATIVE
14758990,CHEMBL350563,CCO/N=C(\c1ccc(Br)cc1)C1CCN(C2(C)CCN(C(=O)c3c(Cl)cncc3Cl)CC2)CC1,N=C(c1ccccc1)C1CCN(C2CCN(C(=O)c3ccncc3)CC2)CC1,4.0,0.6020599913279624,EXACT_QUANTITATIVE
14758991,CHEMBL112246,CCOC(=O)N1CCC(Nc2cc(OC)ccn2)CC1,c1ccc(NC2CCNCC2)nc1,4.0,0.6020599913279624,EXACT_QUANTITATIVE
14758993,CHEMBL669,CN(C)CCC=C1c2ccccc2C=Cc2ccccc21,C=C1c2ccccc2C=Cc2ccccc21,4.07,0.60959440922522,EXACT_QUANTITATIVE
14758997,CHEMBL2335901,C[C@@H](NC(=O)C1CCNCC1)c1ccc(Nc2ncc3cc(-c4ccncc4)ccc3n2)cc1,O=C(NCc1ccc(Nc2ncc3cc(-c4ccncc4)ccc3n2)cc1)C1CCNCC1,4.17,0.6201360549737575,EXACT_QUANTITATIVE
14758998,CHEMBL1531981,Cc1oc(-c2ccccc2)cc1C(=O)Nc1cccc(C(=O)O)c1,O=C(Nc1ccccc1)c1coc(-c2ccccc2)c1,4.17,0.6201360549737575,EXACT_QUANTITATIVE
14758999,CHEMBL1766779,CS(=O)(=O)c1ccc(-c2cnc(N)c(C(=O)Nc3ccccc3)n2)cc1,O=C(Nc1ccccc1)c1cncc(-c2ccccc2)n1,4.17,0.6201360549737575,EXACT_QUANTITATIVE
14759000,CHEMBL1934268,CCn1nc(C)c(C(=O)N[C@@H](C)C(C)(C)C)c1NS(=O)(=O)c1ccc(C)cc1,O=S(=O)(Nc1ccn[nH]1)c1ccccc1,4.2,0.6232492903979004,EXACT_QUANTITATIVE
14759774,CHEMBL2031559,O=C(Nc1cccc(-c2nnn[nH]2)c1)c1cc(C(F)(F)F)cc2[nH]cnc12,O=C(Nc1cccc(-c2nnn[nH]2)c1)c1cccc2[nH]cnc12,4.47,0.6503075231319364,EXACT_QUANTITATIVE
14759778,CHEMBL1090089,Cn1c(=O)c(Oc2ccc(F)cc2F)cc2cnc(NC(CCO)CCO)nc21,O=c1[nH]c2ncncc2cc1Oc1ccccc1,4.57,0.6599162000698503,EXACT_QUANTITATIVE
14759783,CHEMBL1689112,O=C(O)COc1ccc(C(F)(F)F)cc1CN1CCN(C(=O)c2ccccc2)CC1,O=C(c1ccccc1)N1CCN(Cc2ccccc2)CC1,4.7,0.6720978579357175,EXACT_QUANTITATIVE
14759791,CHEMBL1355736,Cn1c(=O)c2nc[nH]c2n(C)c1=O.O,O=c1[nH]c(=O)c2nc[nH]c2[nH]1,4.79,0.6803355134145632,EXACT_QUANTITATIVE
14759795,CHEMBL1688458,O=C(O)CCc1ccc(OCc2cccc(Oc3ccccc3)c2)cc1,c1ccc(OCc2cccc(Oc3ccccc3)c2)cc1,4.9,0.6901960800285137,EXACT_QUANTITATIVE
14759804,CHEMBL1807823,O=c1[nH]c2c(O)ccc([C@@H](O)CNCCSCCCNCCc3ccccc3)c2s1,O=c1[nH]c2cccc(CCNCCSCCCNCCc3ccccc3)c2s1,5.0,0.6989700043360189,EXACT_QUANTITATIVE
14759805,CHEMBL196707,Cc1c(CC(=O)O)c2cc(F)ccc2n1S(=O)(=O)c1ccc(S(C)(=O)=O)cc1,O=S(=O)(c1ccccc1)n1ccc2ccccc21,5.0,0.6989700043360189,EXACT_QUANTITATIVE
14759806,CHEMBL1689111,O=C(O)COc1ccc(Cl)cc1CN1CCN(S(=O)(=O)Cc2ccccc2)CC1,O=S(=O)(Cc1ccccc1)N1CCN(Cc2ccccc2)CC1,5.0,0.6989700043360189,EXACT_QUANTITATIVE
14759807,CHEMBL209689,Cc1ccc2c(c1)c(-c1ccnc3c(C)cccc13)c(C)n2CC(=O)O,c1ccc2c(-c3c[nH]c4ccccc34)ccnc2c1,5.0,0.6989700043360189,EXACT_QUANTITATIVE
14759808,CHEMBL2057372,CC(C)(C)NS(=O)(=O)c1cncc(-c2ccc3nc(NC(=O)NCC(=O)N4CCOCC4)nn3c2)c1,O=C(NCC(=O)N1CCOCC1)Nc1nc2ccc(-c3cccnc3)cn2n1,5.0,0.6989700043360189,EXACT_QUANTITATIVE
14759809,CHEMBL2057371,CC(C)(C)NS(=O)(=O)c1cncc(-c2ccc3nc(NC(=O)NCC(=O)N4CCCC4)nn3c2)c1,O=C(NCC(=O)N1CCCC1)Nc1nc2ccc(-c3cccnc3)cn2n1,5.0,0.6989700043360189,EXACT_QUANTITATIVE
14759810,CHEMBL1290183,O=C(c1ccccc1)N1CCC2(CCN(Cc3cccc(Cl)c3)CC2)CC1,O=C(c1ccccc1)N1CCC2(CCN(Cc3ccccc3)CC2)CC1,5.0,0.6989700043360189,EXACT_QUANTITATIVE
14759811,CHEMBL1916288,Cc1nn(-c2ccc(F)cc2)c(NS(=O)(=O)c2ccc(C#N)cc2)c1C(=O)N[C@@H](C)C(C)(C)C,O=S(=O)(Nc1ccnn1-c1ccccc1)c1ccccc1,5.0,0.6989700043360189,EXACT_QUANTITATIVE
14759812,CHEMBL193240,O=C(Nc1c(Cl)cncc1Cl)c1ccc(OC(F)F)c(OCC2CC2)c1,O=C(Nc1ccncc1)c1cccc(OCC2CC2)c1,5.0,0.6989700043360189,EXACT_QUANTITATIVE
14759813,CHEMBL1934420,Cc1ccc(S(=O)(=O)Nc2c(C(=O)N[C@@H](C)C(C)(C)C)c(C)nn2C2CCN(C)CC2)cc1,O=S(=O)(Nc1ccnn1C1CCNCC1)c1ccccc1,5.0,0.6989700043360189,EXACT_QUANTITATIVE
14759814,CHEMBL2171035,O=C(NS(=O)(=O)c1ccc(Cl)cc1)N1CCC(N2CCC(Oc3ccc(Cl)c(Cl)c3)CC2)CC1,O=C(NS(=O)(=O)c1ccccc1)N1CCC(N2CCC(Oc3ccccc3)CC2)CC1,5.0,0.6989700043360189,EXACT_QUANTITATIVE
14759815,CHEMBL1689115,O=C(O)COc1ccc(Cl)cc1CN1CCCN(S(=O)(=O)Cc2ccccc2)CC1,O=S(=O)(Cc1ccccc1)N1CCCN(Cc2ccccc2)CC1,5.0,0.6989700043360189,EXACT_QUANTITATIVE
14759816,CHEMBL1078685,N#Cc1cc(-c2n[nH]c(-c3ccncc3)n2)ccn1,c1cc(-c2n[nH]c(-c3ccncc3)n2)ccn1,5.0,0.6989700043360189,EXACT_QUANTITATIVE
14759817,CHEMBL233263,C[C@H](CO)Nc1nc(SCc2ccco2)nc2nc(N)sc12,c1coc(CSc2ncc3scnc3n2)c1,5.0,0.6989700043360189,EXACT_QUANTITATIVE
14759818,CHEMBL591931,N=C(N)c1cc2c(-c3ccccc3)cccc2s1,c1ccc(-c2cccc3sccc23)cc1,5.0,0.6989700043360189,EXACT_QUANTITATIVE
14759819,CHEMBL1689119,C[C@H]1CN(Cc2cc(Cl)ccc2OCC(=O)O)CCN1S(=O)(=O)c1ccccc1,O=S(=O)(c1ccccc1)N1CCN(Cc2ccccc2)CC1,5.0,0.6989700043360189,EXACT_QUANTITATIVE
14759820,CHEMBL211631,COc1cccc2c(-c3c(C)n(CC(=O)O)c4ccc(C)cc34)ccnc12,c1ccc2c(-c3c[nH]c4ccccc34)ccnc2c1,5.0,0.6989700043360189,EXACT_QUANTITATIVE
14759821,CHEMBL1478592,Cc1c(C(=O)Nc2ccccc2)sc2ncnc(O)c12,O=C(Nc1ccccc1)c1cc2cncnc2s1,5.0,0.6989700043360189,EXACT_QUANTITATIVE
14759822,CHEMBL100391,CN(C)CC(O)COc1ccc(Nc2ncc(Cl)c(Nc3ccccc3)n2)cc1,c1ccc(Nc2ccnc(Nc3ccccc3)n2)cc1,5.0,0.6989700043360189,EXACT_QUANTITATIVE
14759823,CHEMBL1917461,Cc1ccc2c(n1)c(Sc1ccc(Cl)cc1)c(C)n2CC(=O)O,c1ccc(Sc2c[nH]c3cccnc23)cc1,5.0,0.6989700043360189,EXACT_QUANTITATIVE
14759824,CHEMBL313907,O=S(=O)(Nc1nc(-c2ccccc2)nn1Cc1ccccc1)c1ccccc1,O=S(=O)(Nc1nc(-c2ccccc2)nn1Cc1ccccc1)c1ccccc1,5.0,0.6989700043360189,EXACT_QUANTITATIVE
14759825,CHEMBL2031464,Cc1ccc(C(=O)NC2CCC2)cc1-n1cnc2ccc(N3CCN(C)CC3)cc2c1=O,O=C(NC1CCC1)c1cccc(-n2cnc3ccc(N4CCNCC4)cc3c2=O)c1,5.0,0.6989700043360189,EXACT_QUANTITATIVE
14759836,CHEMBL1090090,NC(=O)c1ccc(N(C(N)=O)c2c(F)cccc2F)nc1-c1ccc(F)cc1F,c1ccc(Nc2cccc(-c3ccccc3)n2)cc1,5.13,0.7101173651118162,EXACT_QUANTITATIVE
14759837,CHEMBL168899,O=C1Nc2ccccc2B(O)N1c1ccccc1,O=C1Nc2ccccc2BN1c1ccccc1,5.13,0.7101173651118162,EXACT_QUANTITATIVE
14759846,CHEMBL1464,CC(=O)CC(c1ccccc1)c1c(O)c2ccccc2oc1=O,O=c1oc2ccccc2cc1Cc1ccccc1,5.25,0.7201593034059569,EXACT_QUANTITATIVE
14759847,CHEMBL1939560,C[C@H](c1nc2ncccc2c(=O)n1-c1ccc(Cl)cc1)N(CC1CCS(=O)(=O)CC1)C(=O)Cc1ccc(C(F)(F)F)c(F)c1,O=C(Cc1ccccc1)N(Cc1nc2ncccc2c(=O)n1-c1ccccc1)CC1CCS(=O)(=O)CC1,5.25,0.7201593034059569,EXACT_QUANTITATIVE
14759848,CHEMBL1460615,O=S1(=O)CC(O)C(N2CCC(c3ccccc3)CC2)C1,O=S1(=O)CCC(N2CCC(c3ccccc3)CC2)C1,5.25,0.7201593034059569,EXACT_QUANTITATIVE
14759854,CHEMBL284275,COc1ccc(Cc2c(N)n[nH]c2N)cc1,c1ccc(Cc2cn[nH]c2)cc1,5.37,0.7299742856995556,EXACT_QUANTITATIVE
14759855,CHEMBL106309,O=C(O)CCCCCCc1ccc(Cc2ccc3ccccc3n2)cc1,c1ccc(Cc2ccc3ccccc3n2)cc1,5.37,0.7299742856995556,EXACT_QUANTITATIVE
14759860,CHEMBL1173055,CNCc1ccc(-c2[nH]c3cc(F)cc4c3c2CCNC4=O)cc1,O=C1NCCc2c(-c3ccccc3)[nH]c3cccc1c23,5.5,0.7403626894942439,EXACT_QUANTITATIVE
14759861,CHEMBL1459588,CCCCCOc1ccc(C(=O)NC(C(=O)O)C(C)C)cc1,c1ccccc1,5.5,0.7403626894942439,EXACT_QUANTITATIVE
14759862,CHEMBL1829174,Cc1cc(OCCCS(C)(=O)=O)cc(C)c1-c1cccc(COc2ccc3c(c2)OC[C@H]3CC(=O)O)c1,c1ccc(-c2cccc(COc3ccc4c(c3)OCC4)c2)cc1,5.5,0.7403626894942439,EXACT_QUANTITATIVE
14759863,CHEMBL2158785,Cc1c(OC2CCN(CC3CCN([C@@H](Cc4ccc(F)cc4)C(=O)O)CC3)CC2)ccc(C#N)c1Cl,c1ccc(CCN2CCC(CN3CCC(Oc4ccccc4)CC3)CC2)cc1,5.5,0.7403626894942439,EXACT_QUANTITATIVE
14759864,CHEMBL206200,COCCNc1nc(N)c2nc(O)n(Cc3ccccc3)c2n1,c1ccc(Cn2cnc3cncnc32)cc1,5.5,0.7403626894942439,EXACT_QUANTITATIVE
14759865,CHEMBL214350,Cc1ccc2c(c1)c(-c1ccnc3c(C(F)(F)F)cccc13)c(C)n2CC(=O)O,c1ccc2c(-c3c[nH]c4ccccc34)ccnc2c1,5.6,0.7481880270062004,EXACT_QUANTITATIVE
14759874,CHEMBL12,CN1C(=O)CN=C(c2ccccc2)c2cc(Cl)ccc21,O=C1CN=C(c2ccccc2)c2ccccc2N1,5.75,0.7596678446896304,EXACT_QUANTITATIVE
14759875,CHEMBL451,CNC1=Nc2ccc(Cl)cc2C(c2ccccc2)=[N+]([O-])C1,C1=Nc2ccccc2C(c2ccccc2)=[NH+]C1,5.75,0.7596678446896304,EXACT_QUANTITATIVE
14759876,CHEMBL2325719,Cc1ccc2[nH]ccc2c1-c1nc(N2CCOCC2)cc(C2(S(C)(=O)=O)CC2)n1,c1cc(-c2nc(C3CC3)cc(N3CCOCC3)n2)c2cc[nH]c2c1,5.75,0.7596678446896304,EXACT_QUANTITATIVE
14759891,CHEMBL2158769,N#Cc1ccccc1C[C@@H](C(=O)O)N1CCC(CN2CCC(Oc3ccc(Cl)c(Cl)c3)CC2)CC1,c1ccc(CCN2CCC(CN3CCC(Oc4ccccc4)CC3)CC2)cc1,6.0,0.7781512503836436,EXACT_QUANTITATIVE
14759892,CHEMBL401158,CCCCNc1nc(SCCC)nc2c1nnn2[C@@H]1C[C@H](CO)[C@@H](O)[C@H]1O,c1ncc2nnn(C3CCCC3)c2n1,6.0,0.7781512503836436,EXACT_QUANTITATIVE
14759893,CHEMBL1934416,COCC(C)n1nc(C)c(C(=O)N[C@@H](C)C(C)(C)C)c1NS(=O)(=O)c1ccc(C)cc1,O=S(=O)(Nc1ccn[nH]1)c1ccccc1,6.0,0.7781512503836436,EXACT_QUANTITATIVE
14759894,CHEMBL1916278,Cc1ccc(S(=O)(=O)Nc2c(C(=O)NC3CCOCC3)c(C)nn2-c2ccccc2)cc1,O=C(NC1CCOCC1)c1cnn(-c2ccccc2)c1NS(=O)(=O)c1ccccc1,6.0,0.7781512503836436,EXACT_QUANTITATIVE
14759895,CHEMBL1643194,Cc1cc(CN2Cc3ccccc3C2C(=O)Nc2ccc(Cl)cc2Cl)ccc1OCC(=O)O,O=C(Nc1ccccc1)C1c2ccccc2CN1Cc1ccccc1,6.0,0.7781512503836436,EXACT_QUANTITATIVE
14759896,CHEMBL2207281,O=C(NC[C@@H](O)CN1CCC(Oc2ccc(Cl)c(Cl)c2)CC1)c1c[nH]c(=O)c2cc(S(=O)(=O)NCCO)ccc12,O=C(NCCCN1CCC(Oc2ccccc2)CC1)c1c[nH]c(=O)c2ccccc12,6.0,0.7781512503836436,EXACT_QUANTITATIVE
14759897,CHEMBL2207662,O=C(NC[C@@H](O)CN1CCC(Oc2ccc(Cl)c(Cl)c2)CC1)c1c[nH]c(=O)cc1C(F)(F)F,O=C(NCCCN1CCC(Oc2ccccc2)CC1)c1ccc(=O)[nH]c1,6.0,0.7781512503836436,EXACT_QUANTITATIVE
14759898,CHEMBL2207671,CS(=O)(=O)c1ccc2c(C(=O)NC[C@@H](O)CN3CCC(Oc4ccc(Cl)c(Cl)c4)CC3)c[nH]c(=O)c2c1,O=C(NCCCN1CCC(Oc2ccccc2)CC1)c1c[nH]c(=O)c2ccccc12,6.0,0.7781512503836436,EXACT_QUANTITATIVE
14759899,CHEMBL416,COc1c2occc2cc2ccc(=O)oc12,O=c1ccc2cc3ccoc3cc2o1,6.0,0.7781512503836436,EXACT_QUANTITATIVE
14759900,CHEMBL2207664,Cc1c(Cl)ccc(OC2CCN(C[C@H](O)CNC(=O)c3c[nH]c(=O)cc3C(F)(F)F)CC2)c1Cl,O=C(NCCCN1CCC(Oc2ccccc2)CC1)c1ccc(=O)[nH]c1,6.0,0.7781512503836436,EXACT_QUANTITATIVE
14759901,CHEMBL1086473,CCCCc1nc2c(N)nc3ccccc3c2n1Cc1ccccc1,c1ccc(Cn2cnc3cnc4ccccc4c32)cc1,6.0,0.7781512503836436,EXACT_QUANTITATIVE
14759902,CHEMBL426823,CCOc1nc2ccc(OCCC3CCN(c4ccc(C)nn4)CC3)cc2o1,c1cnnc(N2CCC(CCOc3ccc4ncoc4c3)CC2)c1,6.0,0.7781512503836436,EXACT_QUANTITATIVE
14759903,CHEMBL1163803,CCN(C(=O)NCc1c(F)cccc1F)C1CCN(CCC(c2ccccc2)c2ccccc2)CC1,O=C(NCc1ccccc1)NC1CCN(CCC(c2ccccc2)c2ccccc2)CC1,6.0,0.7781512503836436,EXACT_QUANTITATIVE
14759904,CHEMBL2158823,O=C(O)c1cccc(N2CCC(CN3CCC(Oc4ccc(Cl)c(Cl)c4)CC3)CC2)c1,c1ccc(OC2CCN(CC3CCN(c4ccccc4)CC3)CC2)cc1,6.0,0.7781512503836436,EXACT_QUANTITATIVE
14759905,CHEMBL2031238,Cc1ccc(NC(=O)c2ccoc2)cc1-n1cnc2ccc(N3CCN(C)CC3)cc2c1=O,O=C(Nc1cccc(-n2cnc3ccc(N4CCNCC4)cc3c2=O)c1)c1ccoc1,6.0,0.7781512503836436,EXACT_QUANTITATIVE
14759906,CHEMBL1778618,N#Cc1ccc(OCC(=O)O)c(-c2ccccc2)c1,c1ccc(-c2ccccc2)cc1,6.0,0.7781512503836436,EXACT_QUANTITATIVE
14759907,CHEMBL452529,CN(C)CCCOc1ccc(-c2cc(C(N)=O)c(NC(N)=O)s2)cc1,c1ccc(-c2cccs2)cc1,6.0,0.7781512503836436,EXACT_QUANTITATIVE
14759908,CHEMBL1082811,N#Cc1c(-c2ccccc2)nc(SCc2ccccc2)[nH]c1=O,O=c1cc(-c2ccccc2)nc(SCc2ccccc2)[nH]1,6.0,0.7781512503836436,EXACT_QUANTITATIVE
14759909,CHEMBL2171048,Cc1ccc(S(=O)(=O)NC(=O)N2CCC(N3CCC(Oc4ccc(Cl)cc4C)CC3)CC2)cc1,O=C(NS(=O)(=O)c1ccccc1)N1CCC(N2CCC(Oc3ccccc3)CC2)CC1,6.0,0.7781512503836436,EXACT_QUANTITATIVE
14759910,CHEMBL2158815,O=C(O)C(c1ccccc1)N1CCC(N2CCC(Oc3ccc(Cl)c(Cl)c3)CC2)CC1,c1ccc(CN2CCC(N3CCC(Oc4ccccc4)CC3)CC2)cc1,6.0,0.7781512503836436,EXACT_QUANTITATIVE
14759911,CHEMBL441550,CC(C)n1c(=O)n(C)c(=O)c2c(C(=O)N3CCS(=O)(=O)C3)c(Cc3ccccc3C(F)(F)F)sc21,O=C(c1c(Cc2ccccc2)sc2[nH]c(=O)[nH]c(=O)c12)N1CCS(=O)(=O)C1,6.0,0.7781512503836436,EXACT_QUANTITATIVE
14759912,CHEMBL2171043,O=C(NS(=O)(=O)c1cccc(Cl)c1)N1CCC(N2CCC(Oc3ccc(Cl)c(Cl)c3)CC2)CC1,O=C(NS(=O)(=O)c1ccccc1)N1CCC(N2CCC(Oc3ccccc3)CC2)CC1,6.0,0.7781512503836436,EXACT_QUANTITATIVE
14759913,CHEMBL2207656,O=C(NC[C@@H](O)CN1CCC(Oc2ccc(Cl)c(Cl)c2)CC1)c1c[nH]c(=O)c2c(F)cccc12,O=C(NCCCN1CCC(Oc2ccccc2)CC1)c1c[nH]c(=O)c2ccccc12,6.0,0.7781512503836436,EXACT_QUANTITATIVE
14759914,CHEMBL205078,O=C(Nc1cc(-c2ccnc(Nc3ccc(F)cc3)c2)ccn1)C1CCOCC1,O=C(Nc1cc(-c2ccnc(Nc3ccccc3)c2)ccn1)C1CCOCC1,6.03,0.7803173121401513,EXACT_QUANTITATIVE
14759921,CHEMBL2041980,CS(=O)(=O)c1ccc(-c2cnc(N)c(-c3ccc(C(F)(F)F)nc3)c2)cc1,c1ccc(-c2cncc(-c3cccnc3)c2)cc1,6.17,0.7902851640332417,EXACT_QUANTITATIVE
14759922,CHEMBL318021,CC(CCc1cccc(OCc2ccc3ccccc3n2)c1)CC(=O)O,c1ccc(OCc2ccc3ccccc3n2)cc1,6.17,0.7902851640332417,EXACT_QUANTITATIVE
14759923,CHEMBL256668,C[C@H](CO)Nc1nc(SCc2cccc(F)c2F)nc2[nH]c(=O)cnc12,O=c1cnc2cnc(SCc3ccccc3)nc2[nH]1,6.18,0.7909884750888159,EXACT_QUANTITATIVE
14759930,CHEMBL35,NS(=O)(=O)c1cc(C(=O)O)c(NCc2ccco2)cc1Cl,c1ccc(NCc2ccco2)cc1,6.31,0.8000293592441343,EXACT_QUANTITATIVE
14759931,CHEMBL782,CCCCNC(=O)NS(=O)(=O)c1ccc(C)cc1,c1ccccc1,6.31,0.8000293592441343,EXACT_QUANTITATIVE
14759932,CHEMBL2017259,N#Cc1ccc(C(=O)Nc2ccc(-n3ccnc3)nc2)cc1,O=C(Nc1ccc(-n2ccnc2)nc1)c1ccccc1,6.31,0.8000293592441343,EXACT_QUANTITATIVE
14759933,CHEMBL550175,C[C@@H]1CN(c2ccc(F)cc2C(F)(F)F)CCN1S(=O)(=O)c1ccc(C(N)=O)cc1Cl,O=S(=O)(c1ccccc1)N1CCN(c2ccccc2)CC1,6.31,0.8000293592441343,EXACT_QUANTITATIVE
14759934,CHEMBL1689110,O=C(O)COc1ccc(C(F)(F)F)cc1CN1CCN(S(=O)(=O)c2ccccc2)CC1,O=S(=O)(c1ccccc1)N1CCN(Cc2ccccc2)CC1,6.33,0.8014037100173551,EXACT_QUANTITATIVE
14759937,CHEMBL46,Cc1nccn1CC1CCc2c(c3ccccc3n2C)C1=O,O=C1c2c([nH]c3ccccc23)CCC1Cn1ccnc1,6.46,0.8102325179950841,EXACT_QUANTITATIVE
14759938,CHEMBL382435,CCN(C(=O)Cc1ccc(S(C)(=O)=O)cc1)C1CCN(CC[C@H](c2ccc(S(C)(=O)=O)cc2)c2cc(F)cc(Cl)c2)CC1,O=C(Cc1ccccc1)NC1CCN(CCC(c2ccccc2)c2ccccc2)CC1,6.5,0.8129133566428556,EXACT_QUANTITATIVE
14759943,CHEMBL1340633,COc1cc(-c2ccc(Nc3ccccc3C(=O)O)c(OC)c2)ccc1Nc1ccccc1C(=O)O,c1ccc(Nc2ccc(-c3ccc(Nc4ccccc4)cc3)cc2)cc1,6.61,0.8202014594856403,EXACT_QUANTITATIVE
14759944,CHEMBL206229,CC(C)Cn1c(=O)n(C)c(=O)c2c(SC(C)C)c(Cc3ccccc3C(F)(F)F)sc21,O=c1[nH]c(=O)c2cc(Cc3ccccc3)sc2[nH]1,6.67,0.8241258339165489,EXACT_QUANTITATIVE
14759950,CHEMBL2070946,N#Cc1cnc(N2CCN(C(=O)[C@@H]3CCCC[C@H]3C(=O)NC3(C#N)CC3)CC2)s1,O=C(NC1CC1)C1CCCCC1C(=O)N1CCN(c2nccs2)CC1,6.76,0.829946695941636,EXACT_QUANTITATIVE
14759955,CHEMBL1088752,Cc1c(F)cc(C(=O)NC2CC2)cc1-c1ccc(C(=O)NCC(C)(C)C)cn1,O=C(NC1CC1)c1cccc(-c2ccccn2)c1,6.92,0.8401060944567578,EXACT_QUANTITATIVE
14759956,CHEMBL1214,CC1(C)S[C@@H]2[C@H](NC(=O)C(C(=O)O)c3ccccc3)C(=O)N2[C@H]1C(=O)O,O=C(Cc1ccccc1)NC1C(=O)N2CCSC12,6.92,0.8401060944567578,EXACT_QUANTITATIVE
14759957,CHEMBL2070938,N#CC1(NC(=O)[C@@H]2CCCC[C@H]2C(=O)N2CCN(c3nccs3)CC2)CC1,O=C(NC1CC1)C1CCCCC1C(=O)N1CCN(c2nccs2)CC1,6.92,0.8401060944567578,EXACT_QUANTITATIVE
14759966,CHEMBL108,NC(=O)N1c2ccccc2C=Cc2ccccc21,C1=Cc2ccccc2Nc2ccccc21,7.0,0.8450980400142568,EXACT_QUANTITATIVE
14759967,CHEMBL378730,Cc1ccc2c(c1)c(-c1ccnc3c(Cl)cccc13)c(C)n2CC(=O)O,c1ccc2c(-c3c[nH]c4ccccc34)ccnc2c1,7.0,0.8450980400142568,EXACT_QUANTITATIVE
14759968,CHEMBL1934422,Cc1ccc(S(=O)(=O)Nc2c(C(=O)N[C@@H](C)C(C)(C)C)c(C)nn2C2CCOCC2)cc1,O=S(=O)(Nc1ccnn1C1CCOCC1)c1ccccc1,7.0,0.8450980400142568,EXACT_QUANTITATIVE
14759969,CHEMBL1917446,Cc1ccc2c(c1)c(S(=O)(=O)c1ccc(Cl)cc1)c(C)n2CC(=O)O,O=S(=O)(c1ccccc1)c1c[nH]c2ccccc12,7.0,0.8450980400142568,EXACT_QUANTITATIVE
14759970,CHEMBL521509,O=C(NC1CC1)c1cn(-c2cccc(C#Cc3cccnc3)c2)c2ncccc2c1=O,O=C(NC1CC1)c1cn(-c2cccc(C#Cc3cccnc3)c2)c2ncccc2c1=O,7.0,0.8450980400142568,EXACT_QUANTITATIVE
14759971,CHEMBL1221702,C[C@H]1CN=C(N)c2sccc2O1,C1=NCCOc2ccsc21,7.0,0.8450980400142568,EXACT_QUANTITATIVE
14759972,CHEMBL2031227,Cc1ccc(NC(=O)c2ccc(C#N)cc2)cc1-n1cnc2ccc(N3CCN(C)CC3)cc2c1=O,O=C(Nc1cccc(-n2cnc3ccc(N4CCNCC4)cc3c2=O)c1)c1ccccc1,7.0,0.8450980400142568,EXACT_QUANTITATIVE
14759973,CHEMBL184012,Cc1ccc(NC(=O)c2ccnc(N3CCOCC3)c2)cc1NC(=O)c1ccc(OCc2ccccn2)cc1,O=C(Nc1cccc(NC(=O)c2ccnc(N3CCOCC3)c2)c1)c1ccc(OCc2ccccn2)cc1,7.0,0.8450980400142568,EXACT_QUANTITATIVE
14759974,CHEMBL2018954,COc1ccc(COc2nc(Br)cnc2NS(=O)(=O)c2ccc(C)cc2)cc1OCCN(C)C,O=S(=O)(Nc1nccnc1OCc1ccccc1)c1ccccc1,7.0,0.8450980400142568,EXACT_QUANTITATIVE
14759975,CHEMBL1537460,COc1ccccc1C(=O)Nc1ccc(Cc2ccncc2)cc1,O=C(Nc1ccc(Cc2ccncc2)cc1)c1ccccc1,7.0,0.8450980400142568,EXACT_QUANTITATIVE
14759976,CHEMBL491758,Fc1cnc(Nc2ccccc2)nc1Nc1ccccc1,c1ccc(Nc2ccnc(Nc3ccccc3)n2)cc1,7.0,0.8450980400142568,EXACT_QUANTITATIVE
14759977,CHEMBL282625,N=C(N)c1cc2c(/C=C/c3ccc4c(c3)OCO4)cccc2s1,C(=Cc1cccc2sccc12)c1ccc2c(c1)OCO2,7.0,0.8450980400142568,EXACT_QUANTITATIVE
14759978,CHEMBL2031224,COc1ccccc1C(=O)Nc1ccc(C)c(-n2cnc3ccc(N4CCN(C)CC4)cc3c2=O)c1,O=C(Nc1cccc(-n2cnc3ccc(N4CCNCC4)cc3c2=O)c1)c1ccccc1,7.0,0.8450980400142568,EXACT_QUANTITATIVE
14759979,CHEMBL2031241,Cc1ccc(C(=O)Nc2nccs2)cc1-n1cnc2ccc(N3CCN(C)CC3)cc2c1=O,O=C(Nc1nccs1)c1cccc(-n2cnc3ccc(N4CCNCC4)cc3c2=O)c1,7.0,0.8450980400142568,EXACT_QUANTITATIVE
14759980,CHEMBL2163360,N#CC1(NC(=O)[C@@H]2CCCC[C@H]2C(=O)N2CCc3[nH]c4ncccc4c3C2)CC1,O=C(NC1CC1)C1CCCCC1C(=O)N1CCc2[nH]c3ncccc3c2C1,7.0,0.8450980400142568,EXACT_QUANTITATIVE
14759981,CHEMBL1689129,C[C@H]1CN(Cc2cc(Cl)ccc2OCC(=O)O)CCN1C(=O)Cc1ccccc1Cl,O=C(Cc1ccccc1)N1CCN(Cc2ccccc2)CC1,7.0,0.8450980400142568,EXACT_QUANTITATIVE
14759982,CHEMBL1917418,Cc1ccc2c(c1)c(Sc1ccc(Cl)cc1)c(C)n2CC(=O)O,c1ccc(Sc2c[nH]c3ccccc23)cc1,7.0,0.8450980400142568,EXACT_QUANTITATIVE
14759983,CHEMBL2208422,N#Cc1cccc(S(=O)(=O)NC[C@@H](O)CN2CCC(Oc3ccc(Cl)c(Cl)c3)CC2)c1,O=S(=O)(NCCCN1CCC(Oc2ccccc2)CC1)c1ccccc1,7.0,0.8450980400142568,EXACT_QUANTITATIVE
14759984,CHEMBL383696,CC(C)Cn1c(=O)n(C)c(=O)c2c(SC3CCCC3)c(Cc3ccccc3C(F)(F)F)sc21,O=c1[nH]c(=O)c2c(SC3CCCC3)c(Cc3ccccc3)sc2[nH]1,7.0,0.8450980400142568,EXACT_QUANTITATIVE
14759988,CHEMBL1783112,COc1ccc2nc(C)cc(-n3cc(CNC(C)=O)nn3)c2c1,c1ccc2c(-n3ccnn3)ccnc2c1,7.08,0.850033257689769,EXACT_QUANTITATIVE
14759993,CHEMBL2151326,COc1cc(Nc2nc3c(cc2F)ncn3[C@@H](CO)c2ccc(F)cn2)n[nH]1,c1ccc(Cn2cnc3ccc(Nc4cc[nH]n4)nc32)nc1,7.24,0.859738566197147,EXACT_QUANTITATIVE
14759997,CHEMBL2325697,C[C@@H]1COCCN1c1cc(C2(S(C)(=O)=O)CC2)nc(-c2cccc3[nH]ccc23)n1,c1cc(-c2nc(C3CC3)cc(N3CCOCC3)n2)c2cc[nH]c2c1,7.41,0.8698182079793282,EXACT_QUANTITATIVE
14759998,CHEMBL243001,Cc1nc2ccc(Oc3ccc(F)cc3)cc2c(=O)n1C[C@H]1CCCN(C(C)C)C1,O=c1c2cc(Oc3ccccc3)ccc2ncn1CC1CCCNC1,7.41,0.8698182079793282,EXACT_QUANTITATIVE
14759999,CHEMBL1290353,CCC(NC(=O)Nc1cc(Cl)ccc1Cl)(C(F)(F)F)C(F)(F)F,c1ccccc1,7.41,0.8698182079793282,EXACT_QUANTITATIVE
14760001,CHEMBL1779512,COC[C@@H](O)Cn1c(=O)cnn(-c2ccc(Cl)c(C(=O)NCC3(O)CCCCCC3)c2)c1=O,O=C(NCC1CCCCCC1)c1cccc(-n2ncc(=O)[nH]c2=O)c1,7.5,0.8750612633917001,EXACT_QUANTITATIVE
14760002,CHEMBL1934266,CCC(CC)NC(=O)c1c(C)nn(C(C)C)c1NS(=O)(=O)c1ccc(C)cc1,O=S(=O)(Nc1ccn[nH]1)c1ccccc1,7.5,0.8750612633917001,EXACT_QUANTITATIVE
14760003,CHEMBL1951909,CCN(C(=O)Cc1ccc(S(C)(=O)=O)cc1)C1CCN(CC[C@@H](c2cc(F)cc(F)c2)N2CCN(S(C)(=O)=O)CC2)CC1,O=C(Cc1ccccc1)NC1CCN(CCC(c2ccccc2)N2CCNCC2)CC1,7.5,0.8750612633917001,EXACT_QUANTITATIVE
14760008,CHEMBL2017291,COc1cc2c(cc1-c1c(C)noc1C)ncc1[nH]c(=O)n([C@H](C)c3ccccn3)c12,O=c1[nH]c2cnc3cc(-c4cnoc4)ccc3c2n1Cc1ccccn1,7.59,0.8802417758954804,EXACT_QUANTITATIVE
14760009,CHEMBL66089,Nc1ncnc2nc(-c3ccc(N4CCOCC4)nc3)cc(-c3cccc(Br)c3)c12,c1ccc(-c2cc(-c3ccc(N4CCOCC4)nc3)nc3ncncc23)cc1,7.59,0.8802417758954804,EXACT_QUANTITATIVE
14760013,CHEMBL1645105,COc1ccc(-c2ccc3nc(N)sc3c2)cn1,c1cncc(-c2ccc3ncsc3c2)c1,7.76,0.8898617212581884,EXACT_QUANTITATIVE
14760014,CHEMBL1363924,CCn1c(SCC(=O)Nc2cc(C)on2)nnc1-c1cccnc1,O=C(CSc1nnc(-c2cccnc2)[nH]1)Nc1ccon1,7.76,0.8898617212581884,EXACT_QUANTITATIVE
14760020,CHEMBL1256967,CC1(C)[C@H](NC(=O)/C(=N\OCc2cc(=O)c(O)cn2O)c2csc(N)n2)C(=O)N1OS(=O)(=O)O,O=C(NC1CNC1=O)C(=NOCc1cc(=O)cc[nH]1)c1cscn1,7.94,0.8998205024270963,EXACT_QUANTITATIVE
14760021,CHEMBL580,O=C1Nc2ccc(Cl)cc2C(c2ccccc2Cl)=NC1O,O=C1CN=C(c2ccccc2)c2ccccc2N1,7.94,0.8998205024270963,EXACT_QUANTITATIVE
14760031,CHEMBL1807827,O=c1[nH]c2c(O)ccc([C@@H](O)CNCCSCCCNCCc3cccc(Cl)c3)c2s1,O=c1[nH]c2cccc(CCNCCSCCCNCCc3ccccc3)c2s1,8.0,0.9030899869919435,EXACT_QUANTITATIVE
14760032,CHEMBL54,O=C(CCCN1CCC(O)(c2ccc(Cl)cc2)CC1)c1ccc(F)cc1,O=C(CCCN1CCC(c2ccccc2)CC1)c1ccccc1,8.0,0.9030899869919435,EXACT_QUANTITATIVE
14760034,CHEMBL552513,O=C(Cc1ccc(F)c(C(F)(F)F)c1)Nc1cccc2c(=O)n([C@@H]3CNC[C@H]3O)ccc12,O=C(Cc1ccccc1)Nc1cccc2c(=O)n(C3CCNC3)ccc12,8.0,0.9030899869919435,EXACT_QUANTITATIVE
14760035,CHEMBL1917440,Cc1c(Sc2ccc(Cl)cc2)c2c(-c3cnccn3)cccc2n1CC(=O)O,c1ccc(Sc2c[nH]c3cccc(-c4cnccn4)c23)cc1,8.0,0.9030899869919435,EXACT_QUANTITATIVE
14760036,CHEMBL855,Cc1ccc(/C(=C\CN2CCCC2)c2ccccn2)cc1,C(CN1CCCC1)=C(c1ccccc1)c1ccccn1,8.0,0.9030899869919435,EXACT_QUANTITATIVE
14760037,CHEMBL2158822,O=C(O)c1ccccc1N1CCC(CN2CCC(Oc3ccc(Cl)c(Cl)c3)CC2)CC1,c1ccc(OC2CCN(CC3CCN(c4ccccc4)CC3)CC2)cc1,8.0,0.9030899869919435,EXACT_QUANTITATIVE
14761124,CHEMBL2207280,O=C(NC[C@@H](O)CN1CCC(Oc2ccc(Cl)c(Cl)c2)CC1)c1c[nH]c(=O)c2ccc(F)cc12,O=C(NCCCN1CCC(Oc2ccccc2)CC1)c1c[nH]c(=O)c2ccccc12,8.0,0.9030899869919435,EXACT_QUANTITATIVE
14761125,CHEMBL1689120,C[C@@H]1CN(Cc2cc(Cl)ccc2OCC(=O)O)CCN1S(=O)(=O)c1ccccc1,O=S(=O)(c1ccccc1)N1CCN(Cc2ccccc2)CC1,8.0,0.9030899869919435,EXACT_QUANTITATIVE
14761126,CHEMBL2158775,COc1ccccc1C[C@@H](C(=O)O)N1CCC(CN2CCC(Oc3ccc(Cl)c(Cl)c3)CC2)CC1,c1ccc(CCN2CCC(CN3CCC(Oc4ccccc4)CC3)CC2)cc1,8.0,0.9030899869919435,EXACT_QUANTITATIVE
14761127,CHEMBL2158840,O=C(O)[C@H](Cc1cccc(F)c1)N1CCC(CN2CCC(Oc3ccc(Cl)c(Cl)c3)CC2)CC1,c1ccc(CCN2CCC(CN3CCC(Oc4ccccc4)CC3)CC2)cc1,8.0,0.9030899869919435,EXACT_QUANTITATIVE
14761128,CHEMBL341087,CC1CN(C(=O)c2cc3ccccc3[nH]2)CCN1,O=C(c1cc2ccccc2[nH]1)N1CCNCC1,8.0,0.9030899869919435,EXACT_QUANTITATIVE
14761129,CHEMBL2332935,CC(=O)Nc1ccc(O)cc1OC[C@@H](O)CN1CCC2(CC1)Cc1cc(Cl)ccc1O2,c1ccc(OCCCN2CCC3(CC2)Cc2ccccc2O3)cc1,8.0,0.9030899869919435,EXACT_QUANTITATIVE
14761130,CHEMBL2208435,O=C(NC[C@@H](O)CN1CCC(Oc2ccc(Cl)c(Cl)c2)CC1)c1cnnc2ccccc12,O=C(NCCCN1CCC(Oc2ccccc2)CC1)c1cnnc2ccccc12,8.0,0.9030899869919435,EXACT_QUANTITATIVE
14761134,CHEMBL232846,C[C@H](CO)Nc1nc(SCc2ccccc2F)nc2nc(N)sc12,c1ccc(CSc2ncc3scnc3n2)cc1,8.13,0.9100905455940682,EXACT_QUANTITATIVE
14761135,CHEMBL272705,C[C@H](CO)Nc1nc(SCc2ccco2)nc2[nH]c(=O)sc12,O=c1[nH]c2nc(SCc3ccco3)ncc2s1,8.28,0.9180303367848801,EXACT_QUANTITATIVE
14761136,CHEMBL495727,O=C(Nc1c[nH]nc1-c1nc2ccc(CN3CCOCC3)cc2[nH]1)NC1CC1,O=C(Nc1c[nH]nc1-c1nc2ccc(CN3CCOCC3)cc2[nH]1)NC1CC1,8.32,0.9201233262907239,EXACT_QUANTITATIVE
14761137,CHEMBL398338,CC(C)(C)c1ccc2c(c1)CC[C@H]2NC(=O)Nc1cccc2[nH]ncc12,O=C(Nc1cccc2[nH]ncc12)NC1CCc2ccccc21,8.32,0.9201233262907239,EXACT_QUANTITATIVE
14761138,CHEMBL2220442,CC(C)n1c(/C=C/C(O)CC(O)CC(=O)O)c(-c2ccc(F)cc2)c2ccccc21,c1ccc(-c2c[nH]c3ccccc23)cc1,8.33,0.9206450014067876,EXACT_QUANTITATIVE
14761139,CHEMBL2158828,O=C(O)COc1ccccc1N1CCC(CN2CCC(Oc3ccc(Cl)c(Cl)c3)CC2)CC1,c1ccc(OC2CCN(CC3CCN(c4ccccc4)CC3)CC2)cc1,8.5,0.9294189257142927,EXACT_QUANTITATIVE
14761140,CHEMBL380005,CCN(C(=O)Cc1ccc(S(C)(=O)=O)cc1)C1CCN(CC[C@@H](c2ccc(F)cc2)c2ccc(S(C)(=O)=O)cc2)CC1,O=C(Cc1ccccc1)NC1CCN(CCC(c2ccccc2)c2ccccc2)CC1,8.5,0.9294189257142927,EXACT_QUANTITATIVE
14761141,CHEMBL1779497,O=C(NCC1CCCCC1)c1cc(-n2ncc(=O)[nH]c2=O)ccc1Cl,O=C(NCC1CCCCC1)c1cccc(-n2ncc(=O)[nH]c2=O)c1,8.5,0.9294189257142927,EXACT_QUANTITATIVE
14761149,CHEMBL2048873,N[C@@H]1CCCN(c2c(/C=C3\SC(=O)NC3=O)cccc2-c2ccncc2)C1,O=C1NC(=O)C(=Cc2cccc(-c3ccncc3)c2N2CCCCC2)S1,8.51,0.9299295600845878,EXACT_QUANTITATIVE
14761150,CHEMBL403225,C[C@H](CO)Nc1nc(SCc2cccc(Cl)c2F)nc2[nH]c(=O)sc12,O=c1[nH]c2nc(SCc3ccccc3)ncc2s1,8.67,0.9380190974762103,EXACT_QUANTITATIVE
14761156,CHEMBL1241590,CS(=O)(=O)c1ccc([C@@H](O)[C@@H](CF)NC(=O)C(Cl)Cl)cc1,c1ccccc1,8.71,0.9400181550076633,EXACT_QUANTITATIVE
14761157,CHEMBL274737,CC[C@H](CO)Nc1nc(SCc2ccccc2)nc2nc(N)sc12,c1ccc(CSc2ncc3scnc3n2)cc1,8.71,0.9400181550076633,EXACT_QUANTITATIVE
14761158,CHEMBL403313,CN(C)S(=O)(=O)NC(=O)CCCc1c(-c2ccc(F)cc2)[nH]c2ccc(C#N)cc12,c1ccc(-c2cc3ccccc3[nH]2)cc1,8.86,0.9474337218870508,EXACT_QUANTITATIVE
14761161,CHEMBL1831130,COc1ccc2nc(C)cc(N3CC(CNC(=O)C4CC4)OC3=O)c2c1,O=C(NCC1CN(c2ccnc3ccccc23)C(=O)O1)C1CC1,8.91,0.9498777040368748,EXACT_QUANTITATIVE
14761162,CHEMBL2325699,CS(=O)(=O)C1(c2cc(N3CC4CCC(C3)O4)nc(-c3cccc4[nH]ccc34)n2)CC1,c1cc(-c2nc(C3CC3)cc(N3CC4CCC(C3)O4)n2)c2cc[nH]c2c1,8.91,0.9498777040368748,EXACT_QUANTITATIVE
14761168,CHEMBL1363,COc1ccc(C[C@@H](C)NC[C@H](O)c2ccc(O)c(NC=O)c2)cc1,c1ccc(CCNCCc2ccccc2)cc1,9.0,0.9542425094393249,EXACT_QUANTITATIVE
14761169,CHEMBL1807821,O=c1[nH]c2c(O)ccc([C@@H](O)CNCCCOCCOCCc3ccccc3)c2s1,O=c1[nH]c2cccc(CCNCCCOCCOCCc3ccccc3)c2s1,9.0,0.9542425094393249,EXACT_QUANTITATIVE
14761170,CHEMBL1916285,Cc1nn(-c2ccccc2)c(NS(=O)(=O)c2cccc(CN3CCOCC3)c2)c1C(=O)N[C@@H](C)C(C)(C)C,O=S(=O)(Nc1ccnn1-c1ccccc1)c1cccc(CN2CCOCC2)c1,9.0,0.9542425094393249,EXACT_QUANTITATIVE
14761171,CHEMBL1778623,CCN(CC)S(=O)(=O)c1ccc(-c2cc(C(F)(F)F)ccc2OCC(=O)O)cc1,c1ccc(-c2ccccc2)cc1,9.0,0.9542425094393249,EXACT_QUANTITATIVE
14761172,CHEMBL1916263,CCC(CC)NC(=O)c1cn(-c2ccccc2)nc1NS(=O)(=O)c1ccc(C)cc1,O=S(=O)(Nc1ccn(-c2ccccc2)n1)c1ccccc1,9.0,0.9542425094393249,EXACT_QUANTITATIVE
14761173,CHEMBL2207661,O=C(NC[C@@H](O)CN1CCC(Oc2ccc(Cl)c(Cl)c2)CC1)c1c[nH]nc1C1CC1,O=C(NCCCN1CCC(Oc2ccccc2)CC1)c1c[nH]nc1C1CC1,9.0,0.9542425094393249,EXACT_QUANTITATIVE
14761174,CHEMBL2171014,Cc1c(Cl)ccc(OC2CCN(C3CCN(C(=O)NS(=O)(=O)c4ccc(N(C)C)cc4)CC3)CC2)c1Cl,O=C(NS(=O)(=O)c1ccccc1)N1CCC(N2CCC(Oc3ccccc3)CC2)CC1,9.0,0.9542425094393249,EXACT_QUANTITATIVE
14761175,CHEMBL2207278,O=C(NC[C@@H](O)CN1CCC(Oc2ccc(Cl)c(Cl)c2)CC1)c1c[nH]c(=O)c2cc(F)ccc12,O=C(NCCCN1CCC(Oc2ccccc2)CC1)c1c[nH]c(=O)c2ccccc12,9.0,0.9542425094393249,EXACT_QUANTITATIVE
14761176,CHEMBL1689123,CC[C@H]1CN(Cc2cc(Cl)ccc2OCC(=O)O)CCN1S(=O)(=O)c1ccccc1,O=S(=O)(c1ccccc1)N1CCN(Cc2ccccc2)CC1,9.0,0.9542425094393249,EXACT_QUANTITATIVE
14761177,CHEMBL2171018,COc1cccc(C(=O)NCCN2CCC(Oc3ccc(Cl)c(Cl)c3)CC2)c1,O=C(NCCN1CCC(Oc2ccccc2)CC1)c1ccccc1,9.0,0.9542425094393249,EXACT_QUANTITATIVE
14761178,CHEMBL452021,CN(C)CCOc1ccc(-c2cc(C(N)=O)c(NC(N)=O)s2)cc1,c1ccc(-c2cccs2)cc1,9.0,0.9542425094393249,EXACT_QUANTITATIVE
14761179,CHEMBL1778617,O=C(O)COc1ccc(-c2nccs2)cc1-c1ccccc1,c1ccc(-c2cccc(-c3nccs3)c2)cc1,9.0,0.9542425094393249,EXACT_QUANTITATIVE
14761180,CHEMBL1945037,O=c1[nH]c2c(O)ccc([C@@H](O)CNCCc3cccc(CNCCCc4ccccc4)c3)c2s1,O=c1[nH]c2cccc(CCNCCc3cccc(CNCCCc4ccccc4)c3)c2s1,9.0,0.9542425094393249,EXACT_QUANTITATIVE
14761181,CHEMBL686,Cc1cccc(Nc2ccccc2C(=O)O)c1C,c1ccc(Nc2ccccc2)cc1,9.0,0.9542425094393249,EXACT_QUANTITATIVE
14761182,CHEMBL86276,Nc1nc(-c2ccccc2)nn1Cc1ccccc1,c1ccc(Cn2cnc(-c3ccccc3)n2)cc1,9.0,0.9542425094393249,EXACT_QUANTITATIVE
14761183,CHEMBL257269,C[C@H](CO)Nc1nc(SCc2cccc(F)c2F)nc2[nH]c(=O)ccc12,O=c1ccc2cnc(SCc3ccccc3)nc2[nH]1,9.0,0.9542425094393249,EXACT_QUANTITATIVE
14761191,CHEMBL426658,Clc1cccc(-c2cnc3ccc(NC4CCOCC4)nn23)c1,c1ccc(-c2cnc3ccc(NC4CCOCC4)nn23)cc1,9.12,0.9599948383284161,EXACT_QUANTITATIVE
14761192,CHEMBL2180612,COC(=O)C1=C(C)NC2=C(C(=O)CC(C)(C)C2)C1c1ccc(-c2ccc(C(F)(F)F)cc2)cc1,O=C1CCCC2=C1C(c1ccc(-c3ccccc3)cc1)C=CN2,9.12,0.9599948383284161,EXACT_QUANTITATIVE
14761197,CHEMBL1956112,CN1CCC[C@H]1CCN1CCCc2cc(NC(=N)c3cccs3)ccc21,N=C(Nc1ccc2c(c1)CCCN2CCC1CCCN1)c1cccs1,9.33,0.9698816437465,EXACT_QUANTITATIVE
14761199,CHEMBL1346,NC(=O)C(c1ccccc1)(c1ccccc1)[C@@H]1CCN(CCc2ccc3c(c2)CCO3)C1,c1ccc(C(c2ccccc2)C2CCN(CCc3ccc4c(c3)CCO4)C2)cc1,9.5,0.9777236052888477,EXACT_QUANTITATIVE
14761202,CHEMBL1389370,CCN(CC)CCNc1ncnc2c1sc1nc(N3CCOCC3)c3c(c12)CCCC3,c1ncc2sc3nc(N4CCOCC4)c4c(c3c2n1)CCCC4,9.55,0.9800033715837464,EXACT_QUANTITATIVE
14761209,CHEMBL1922660,CCOc1ccc(-c2ccc(Cn3c(CC(C)(C)C(=O)O)c(SC(C)(C)C)c4cc(OCc5ccc(C)cn5)ccc43)cc2)cn1,c1ccc(COc2ccc3c(ccn3Cc3ccc(-c4cccnc4)cc3)c2)nc1,9.77,0.989894563718773,EXACT_QUANTITATIVE
14761211,CHEMBL2170989,Nc1ncnc2c1ncn2[C@@H]1O[C@H](CSCCCNC(=O)Nc2ccccc2)[C@@H](O)[C@H]1O,O=C(NCCCSCC1CCC(n2cnc3cncnc32)O1)Nc1ccccc1,9.77,0.989894563718773,EXACT_QUANTITATIVE
14761212,CHEMBL171951,CCCS(=O)(=O)N1N=Cc2cc(Cl)ccc2B1O,B1NN=Cc2ccccc21,9.77,0.989894563718773,EXACT_QUANTITATIVE
14761228,CHEMBL1916289,Cc1nn(-c2ccc(F)cc2)c(NS(=O)(=O)c2ccc(C(F)(F)F)cc2)c1C(=O)N[C@@H](C)C(C)(C)C,O=S(=O)(Nc1ccnn1-c1ccccc1)c1ccccc1,10.0,1.0,EXACT_QUANTITATIVE
14761229,CHEMBL563784,O=C(NCC12CC3CC(CC(C3)C1)C2)c1cc(N2CCNCC2)ncc1Cl,O=C(NCC12CC3CC(CC(C3)C1)C2)c1ccnc(N2CCNCC2)c1,10.0,1.0,EXACT_QUANTITATIVE
14761230,CHEMBL1778642,CS(=O)(=O)c1ccc(-c2cc(Cl)ccc2OCC(=O)O)c(Cl)c1,c1ccc(-c2ccccc2)cc1,10.0,1.0,EXACT_QUANTITATIVE
14761231,CHEMBL2207667,NC(=O)c1c(OC2CCN(C[C@H](O)CNC(=O)c3c[nH]c(=O)c4ccccc34)CC2)ccc(Cl)c1Cl,O=C(NCCCN1CCC(Oc2ccccc2)CC1)c1c[nH]c(=O)c2ccccc12,10.0,1.0,EXACT_QUANTITATIVE
14761232,CHEMBL2171013,Cc1ccc(S(=O)(=O)N(C)C(=O)N2CCC(N3CCC(Oc4ccc(Cl)c(Cl)c4)CC3)CC2)cc1,O=C(NS(=O)(=O)c1ccccc1)N1CCC(N2CCC(Oc3ccccc3)CC2)CC1,10.0,1.0,EXACT_QUANTITATIVE
14761233,CHEMBL495383,O=C(Nc1cccc(CCO)c1)c1cc2cc(Cl)ccc2[nH]1,O=C(Nc1ccccc1)c1cc2ccccc2[nH]1,10.0,1.0,EXACT_QUANTITATIVE
14761234,CHEMBL2011440,COc1nc(Cl)c(Cl)nc1NS(=O)(=O)c1ccc(Cl)s1,O=S(=O)(Nc1cnccn1)c1cccs1,10.0,1.0,EXACT_QUANTITATIVE
14761235,CHEMBL180155,C=CCN(C(=O)Cc1ccc(S(C)(=O)=O)cc1)C1CCN(CCC(c2ccccc2)c2ccccc2)CC1,O=C(Cc1ccccc1)NC1CCN(CCC(c2ccccc2)c2ccccc2)CC1,10.0,1.0,EXACT_QUANTITATIVE
14761236,CHEMBL38380,O=S(=O)(c1cccc2cnccc12)N1CCCNCC1,O=S(=O)(c1cccc2cnccc12)N1CCCNCC1,10.0,1.0,EXACT_QUANTITATIVE
14761237,CHEMBL1766793,CC(C)S(=O)(=O)c1ccc(-c2cnc(N)c(C(=O)Nc3ccccc3)n2)cc1,O=C(Nc1ccccc1)c1cncc(-c2ccccc2)n1,10.0,1.0,EXACT_QUANTITATIVE
14761244,CHEMBL1297,CC(C(=O)O)c1cccc(Oc2ccccc2)c1,c1ccc(Oc2ccccc2)cc1,10.23,1.0098756337121602,EXACT_QUANTITATIVE
14761250,CHEMBL72,CNCCCN1c2ccccc2CCc2ccccc21,c1ccc2c(c1)CCc1ccccc1N2,10.47,1.0199466816788423,EXACT_QUANTITATIVE
14761251,CHEMBL1807829,O=c1[nH]c2c(O)ccc([C@@H](O)CNCCSCCCNCCc3cccc(Cl)c3Cl)c2s1,O=c1[nH]c2cccc(CCNCCSCCCNCCc3ccccc3)c2s1,10.5,1.021189299069938,EXACT_QUANTITATIVE
14761252,CHEMBL2171037,CN(C)c1ccc(S(=O)(=O)NC(=O)N2CCC(N3CCC(Oc4ccc(Cl)c(Cl)c4)CC3)CC2)cc1,O=C(NS(=O)(=O)c1ccccc1)N1CCC(N2CCC(Oc3ccccc3)CC2)CC1,10.5,1.021189299069938,EXACT_QUANTITATIVE
14761254,CHEMBL129660,O=C(c1cc2ccccc2[nH]1)N1CCNCC1,O=C(c1cc2ccccc2[nH]1)N1CCNCC1,10.67,1.02816441942447,EXACT_QUANTITATIVE
14761261,CHEMBL496929,O=C(Nc1ccc(CCO)cc1)c1cc2cc(Cl)ccc2[nH]1,O=C(Nc1ccccc1)c1cc2ccccc2[nH]1,10.72,1.0301947853567512,EXACT_QUANTITATIVE
14761266,CHEMBL1922094,Cc1c(CN2CCN(C(=O)[C@H](C)O)CC2)sc2c(N3CCOCC3)nc(-c3cnc(N)nc3)nc12,c1ncc(-c2nc(N3CCOCC3)c3sc(CN4CCNCC4)cc3n2)cn1,10.96,1.0398105541483504,EXACT_QUANTITATIVE
14761267,CHEMBL1834184,CCC(=O)N[C@H]1CC[C@@H](C(=O)N(C)c2ccc(-c3nc4ccccc4o3)cc2)C1,O=C(Nc1ccc(-c2nc3ccccc3o2)cc1)C1CCCC1,10.96,1.0398105541483504,EXACT_QUANTITATIVE
14761271,CHEMBL1689117,O=C(O)COc1ccc(Cl)cc1CN1CCN(S(=O)(=O)c2ccc(F)cc2)CC1,O=S(=O)(c1ccccc1)N1CCN(Cc2ccccc2)CC1,11.0,1.0413926851582251,EXACT_QUANTITATIVE
14761272,CHEMBL1934413,Cc1ccc(S(=O)(=O)Nc2c(C(=O)N[C@@H](C)C(C)(C)C)c(C)nn2C2CCC2)cc1,O=S(=O)(Nc1ccnn1C1CCC1)c1ccccc1,11.0,1.0413926851582251,EXACT_QUANTITATIVE
14761273,CHEMBL1289545,Cc1nc(C(=O)N2CCOC3(CCN(Cc4ccc(Cl)cc4)CC3)C2)cs1,O=C(c1cscn1)N1CCOC2(CCN(Cc3ccccc3)CC2)C1,11.0,1.0413926851582251,EXACT_QUANTITATIVE
14761274,CHEMBL2171034,O=C(NS(=O)(=O)c1ccc(F)cc1)N1CCC(N2CCC(Oc3ccc(Cl)c(Cl)c3)CC2)CC1,O=C(NS(=O)(=O)c1ccccc1)N1CCC(N2CCC(Oc3ccccc3)CC2)CC1,11.0,1.0413926851582251,EXACT_QUANTITATIVE
14761275,CHEMBL393717,O=C(NCC12CC3CC(CC(C3)C1)C2)c1cc(N2CCNCC2)ccc1Cl,O=C(NCC12CC3CC(CC(C3)C1)C2)c1cccc(N2CCNCC2)c1,11.0,1.0413926851582251,EXACT_QUANTITATIVE
14761276,CHEMBL1681882,CCNC(=O)c1cnc(N2CCN(C3CCN(Cc4ccc(Cl)cc4F)CC3)[C@@H](CC)C2)c(Cl)c1,c1ccc(CN2CCC(N3CCN(c4ccccn4)CC3)CC2)cc1,11.0,1.0413926851582251,EXACT_QUANTITATIVE
14761277,CHEMBL1643200,Cc1cc(CN2Cc3ccccc3C[C@H]2C(=O)Nc2ccc(Cl)cc2Cl)ccc1OCC(=O)O,O=C(Nc1ccccc1)C1Cc2ccccc2CN1Cc1ccccc1,11.0,1.0413926851582251,EXACT_QUANTITATIVE
14761278,CHEMBL1778624,O=C(O)COc1ccc(C(F)(F)F)cc1-c1ccc(Cl)cc1,c1ccc(-c2ccccc2)cc1,11.0,1.0413926851582251,EXACT_QUANTITATIVE
14761279,CHEMBL1807870,O=c1[nH]c2c(O)ccc([C@@H](O)CNCCCSCCNCCc3ccccc3Cl)c2s1,O=c1[nH]c2cccc(CCNCCCSCCNCCc3ccccc3)c2s1,11.0,1.0413926851582251,EXACT_QUANTITATIVE
14761280,CHEMBL1689124,CCC[C@H]1CN(Cc2cc(Cl)ccc2OCC(=O)O)CCN1S(=O)(=O)c1ccccc1,O=S(=O)(c1ccccc1)N1CCN(Cc2ccccc2)CC1,11.0,1.0413926851582251,EXACT_QUANTITATIVE
14761281,CHEMBL598191,N=C(N)c1cc2c(OCc3ccccc3)cccc2s1,c1ccc(COc2cccc3sccc23)cc1,11.0,1.0413926851582251,EXACT_QUANTITATIVE
14761282,CHEMBL109244,O=C(NCCCCCCNCCc1ccc(O)c2nc(O)sc12)Nc1ccccc1,O=C(NCCCCCCNCCc1cccc2ncsc12)Nc1ccccc1,11.0,1.0413926851582251,EXACT_QUANTITATIVE
14761283,CHEMBL564535,CN(C)C[C@H](O)Cc1ccc(Cl)c(C(=O)NCC23CC4CC(CC(C4)C2)C3)c1,O=C(NCC12CC3CC(CC(C3)C1)C2)c1ccccc1,11.0,1.0413926851582251,EXACT_QUANTITATIVE
14761284,CHEMBL1917422,Cc1c(Sc2ccc(Cl)cc2)c2cc(Cl)ccc2n1Cc1nnn[nH]1,c1ccc(Sc2cn(Cc3nnn[nH]3)c3ccccc23)cc1,11.0,1.0413926851582251,EXACT_QUANTITATIVE
14761285,CHEMBL380936,Nc1nc(NCc2ccccc2)nc2c1nc(O)n2Cc1ccccc1,c1ccc(CNc2ncc3ncn(Cc4ccccc4)c3n2)cc1,11.0,1.0413926851582251,EXACT_QUANTITATIVE
14761286,CHEMBL359806,COc1ccc(OC)c(CNc2[nH]nc3cccc(Oc4ccccc4)c23)c1,c1ccc(CNc2[nH]nc3cccc(Oc4ccccc4)c23)cc1,11.0,1.0413926851582251,EXACT_QUANTITATIVE
14761287,CHEMBL280148,CN(C)CCNc1cc(-c2ccc(N3CCN(C)CC3)cc2)nc2ccccc12,c1ccc2nc(-c3ccc(N4CCNCC4)cc3)ccc2c1,11.0,1.0413926851582251,EXACT_QUANTITATIVE
14761288,CHEMBL223402,O=C(Nc1ccccc1F)N[C@H]1N=C(c2ccccc2)c2ccccc2NC1=O,O=C(Nc1ccccc1)NC1N=C(c2ccccc2)c2ccccc2NC1=O,11.22,1.0499928569201427,EXACT_QUANTITATIVE
14761289,CHEMBL1472189,COc1ccc(CC(=O)Nc2nc3ccccc3[nH]2)cc1,O=C(Cc1ccccc1)Nc1nc2ccccc2[nH]1,11.22,1.0499928569201427,EXACT_QUANTITATIVE
14761290,CHEMBL370492,CCc1nc2cc(O)ccc2c(Oc2ccc(/C=C/C(=O)O)cc2)c1-c1ccccc1,c1ccc(Oc2c(-c3ccccc3)cnc3ccccc23)cc1,11.22,1.0499928569201427,EXACT_QUANTITATIVE
14761291,CHEMBL1857945,CN(C)CCNc1cc(-c2ccccc2)nc2cc(-c3ccc(F)cc3)nn12,c1ccc(-c2ccn3nc(-c4ccccc4)cc3n2)cc1,11.22,1.0499928569201427,EXACT_QUANTITATIVE
14761292,CHEMBL2325704,CS(=O)(=O)C1(c2cc(N3CCOCC3)nc(-c3cccc4[nH]ccc34)n2)CC1,c1cc(-c2nc(C3CC3)cc(N3CCOCC3)n2)c2cc[nH]c2c1,11.22,1.0499928569201427,EXACT_QUANTITATIVE
14761298,CHEMBL174107,CSc1ccc(N2C(N)=NC(N)=NC2(C)C)cc1,C1=NC=NCN1c1ccccc1,11.48,1.0599418880619547,EXACT_QUANTITATIVE
14761299,CHEMBL2153435,CCNC(=O)C[C@H]1N=C(c2ccc(Cl)cc2)c2cc(OC)ccc2-n2c(C)nnc21,c1ccc(C2=NCc3nncn3-c3ccccc32)cc1,11.48,1.0599418880619547,EXACT_QUANTITATIVE
14761300,CHEMBL1824832,CCOc1ccc(Oc2ccc(S(=O)(=O)NC(=O)c3cccc(-c4ccc(Cl)c(Cl)c4)c3)cc2)cc1,O=C(NS(=O)(=O)c1ccc(Oc2ccccc2)cc1)c1cccc(-c2ccccc2)c1,11.48,1.0599418880619547,EXACT_QUANTITATIVE
14761302,CHEMBL2181928,C[C@@H]1CN(c2ccc3c(n2)NC(=O)CO3)[C@H](c2ccccc2)CO1,O=C1COc2ccc(N3CCOCC3c3ccccc3)nc2N1,11.75,1.070037866607755,EXACT_QUANTITATIVE
14761311,CHEMBL1916273,Cc1ccc(S(=O)(=O)Nc2c(C(=O)NC(C)C)c(C)nn2-c2ccccc2)cc1,O=S(=O)(Nc1ccnn1-c1ccccc1)c1ccccc1,12.0,1.0791812460476249,EXACT_QUANTITATIVE
14761312,CHEMBL191553,CC(=O)Nc1ccc(CNc2[nH]nc3ccnc(Oc4ccccc4)c23)cc1,c1ccc(CNc2[nH]nc3ccnc(Oc4ccccc4)c23)cc1,12.0,1.0791812460476249,EXACT_QUANTITATIVE
14761313,CHEMBL271703,C[C@H](CO)Nc1nc(SCc2cccc(F)c2F)nc2nc(N)cnc12,c1ccc(CSc2ncc3nccnc3n2)cc1,12.0,1.0791812460476249,EXACT_QUANTITATIVE
14761314,CHEMBL2158829,O=C(O)COc1cccc(N2CCC(CN3CCC(Oc4ccc(Cl)c(Cl)c4)CC3)CC2)c1,c1ccc(OC2CCN(CC3CCN(c4ccccc4)CC3)CC2)cc1,12.0,1.0791812460476249,EXACT_QUANTITATIVE
14761315,CHEMBL1917441,Cc1ccc2c(c1)c(Sc1cccc(Cl)c1)c(C)n2CC(=O)O,c1ccc(Sc2c[nH]c3ccccc23)cc1,12.0,1.0791812460476249,EXACT_QUANTITATIVE
14761316,CHEMBL98345,O=C(NO)c1ccc(NS(=O)(=O)c2ccccc2)cc1,O=S(=O)(Nc1ccccc1)c1ccccc1,12.0,1.0791812460476249,EXACT_QUANTITATIVE
14761317,CHEMBL181913,CN(C(=O)Cc1ccc(S(N)(=O)=O)cc1)C1CCN(CCC(c2ccccc2)c2ccccc2)CC1,O=C(Cc1ccccc1)NC1CCN(CCC(c2ccccc2)c2ccccc2)CC1,12.0,1.0791812460476249,EXACT_QUANTITATIVE
14761318,CHEMBL1778629,CCS(=O)(=O)c1cccc(-c2cc(C(F)(F)F)ccc2OCC(=O)O)c1,c1ccc(-c2ccccc2)cc1,12.0,1.0791812460476249,EXACT_QUANTITATIVE
14761319,CHEMBL1778625,COc1ccc(-c2cc(C(F)(F)F)ccc2OCC(=O)O)cc1,c1ccc(-c2ccccc2)cc1,12.0,1.0791812460476249,EXACT_QUANTITATIVE
14761320,CHEMBL459353,COc1ccc(N(C(=O)c2occc2CO)C(C(=O)NC[C@@H](C)O)c2ccccc2F)c(OC)c1,O=C(c1ccco1)N(Cc1ccccc1)c1ccccc1,12.0,1.0791812460476249,EXACT_QUANTITATIVE
14761321,CHEMBL2171015,O=C(NS(=O)(=O)N1CCC(N2CCC(Oc3ccc(Cl)c(Cl)c3)CC2)CC1)c1ccccc1,O=C(NS(=O)(=O)N1CCC(N2CCC(Oc3ccccc3)CC2)CC1)c1ccccc1,12.0,1.0791812460476249,EXACT_QUANTITATIVE
14761322,CHEMBL379082,CCN(C(=O)Cc1ccc(S(C)(=O)=O)cc1)C1CCN(CC[C@H](c2ccc(S(C)(=O)=O)cc2)c2cccc(Cl)c2)CC1,O=C(Cc1ccccc1)NC1CCN(CCC(c2ccccc2)c2ccccc2)CC1,12.0,1.0791812460476249,EXACT_QUANTITATIVE
14761323,CHEMBL560241,Cc1cc(-c2ccc(Cl)c(C(=O)NCC3(O)CCCCCC3)c2)n[nH]1,O=C(NCC1CCCCCC1)c1cccc(-c2cc[nH]n2)c1,12.0,1.0791812460476249,EXACT_QUANTITATIVE
14761331,CHEMBL894,CC(NC(C)(C)C)C(=O)c1cccc(Cl)c1,c1ccccc1,12.02,1.0799044676667207,EXACT_QUANTITATIVE
14761340,CHEMBL1448843,O=C(CSc1ccccc1)N1CCN(C(=O)c2ccco2)CC1,O=C(CSc1ccccc1)N1CCN(C(=O)c2ccco2)CC1,12.3,1.089905111439398,EXACT_QUANTITATIVE
14761341,CHEMBL1209915,COc1ccc(C2CC(c3ccc(Br)cc3)=NN2C(C)=O)cc1,c1ccc(C2=NNC(c3ccccc3)C2)cc1,12.3,1.089905111439398,EXACT_QUANTITATIVE
14761343,CHEMBL2164678,N#CC1(NC(=O)[C@@H]2CCCC[C@H]2C(=O)N2CCc3[nH]c4ccc(F)cc4c3C2)CC1,O=C(NC1CC1)C1CCCCC1C(=O)N1CCc2[nH]c3ccccc3c2C1,12.5,1.0969100130080565,EXACT_QUANTITATIVE
14761348,CHEMBL2141746,CCCNC(=O)CSc1ccc(S(=O)(=O)N2CCCC2)cn1,O=S(=O)(c1cccnc1)N1CCCC1,12.59,1.1000257301078626,EXACT_QUANTITATIVE
14761349,CHEMBL203059,O=C(Nc1cc(-c2ccnc(Nc3ccccc3)c2)ccn1)C1CCOCC1,O=C(Nc1cc(-c2ccnc(Nc3ccccc3)c2)ccn1)C1CCOCC1,12.59,1.1000257301078626,EXACT_QUANTITATIVE
14761357,CHEMBL244521,CC(C)c1nc2ccc(-c3ccc(F)cc3)cc2c(=O)n1C[C@H]1CCCN(C(C)C)C1,O=c1c2cc(-c3ccccc3)ccc2ncn1CC1CCCNC1,12.88,1.1099158630237933,EXACT_QUANTITATIVE
14761363,CHEMBL392559,O=C(NCC12CC3CC(CC(C3)C1)C2)c1cc(CN2C[C@@H]3C[C@H]2CN3)ccc1Cl,O=C(NCC12CC3CC(CC(C3)C1)C2)c1cccc(CN2CC3CC2CN3)c1,13.0,1.1139433523068367,EXACT_QUANTITATIVE
14761364,CHEMBL511115,COc1ccc([C@]2(C#N)CC[C@@H](C(=O)O)CC2)cc1OC1CCCC1,c1cc(OC2CCCC2)cc(C2CCCCC2)c1,13.0,1.1139433523068367,EXACT_QUANTITATIVE
14761365,CHEMBL568904,Cc1ccc2c(N)c(C(N)=O)sc2n1,c1cnc2sccc2c1,13.0,1.1139433523068367,EXACT_QUANTITATIVE
14761366,CHEMBL1778627,CN(c1ccc(-c2cc(C(F)(F)F)ccc2OCC(=O)O)cc1)S(C)(=O)=O,c1ccc(-c2ccccc2)cc1,13.0,1.1139433523068367,EXACT_QUANTITATIVE
14761367,CHEMBL1916269,CCC(CC)NC(=O)c1cnn(C)c1NS(=O)(=O)c1ccc(C)cc1,O=S(=O)(Nc1ccn[nH]1)c1ccccc1,13.0,1.1139433523068367,EXACT_QUANTITATIVE
14761368,CHEMBL1807826,O=c1[nH]c2c(O)ccc([C@@H](O)CNCCSCCCNCCc3cccc(C(F)(F)F)c3)c2s1,O=c1[nH]c2cccc(CCNCCSCCCNCCc3ccccc3)c2s1,13.0,1.1139433523068367,EXACT_QUANTITATIVE
14761369,CHEMBL2207672,Cc1c(Cl)ccc(OC2CCN(C[C@H](O)CNC(=O)c3c[nH]c(=O)c4cc(S(C)(=O)=O)ccc34)CC2)c1Cl,O=C(NCCCN1CCC(Oc2ccccc2)CC1)c1c[nH]c(=O)c2ccccc12,13.0,1.1139433523068367,EXACT_QUANTITATIVE
14761370,CHEMBL244183,c1cn(-c2ccc(Oc3cc(Oc4ccc5c(c4)OCO5)ncn3)cc2)cn1,c1cn(-c2ccc(Oc3cc(Oc4ccc5c(c4)OCO5)ncn3)cc2)cn1,13.0,1.1139433523068367,EXACT_QUANTITATIVE
14761371,CHEMBL243978,c1cn(-c2ccc(Oc3nccc(Oc4ccc5c(c4)OCO5)n3)cc2)cn1,c1cn(-c2ccc(Oc3nccc(Oc4ccc5c(c4)OCO5)n3)cc2)cn1,13.0,1.1139433523068367,EXACT_QUANTITATIVE
14761372,CHEMBL360106,CCN(C(=O)Cc1ccc([N+](=O)[O-])cc1)C1CCN(CCC(c2ccccc2)c2ccccc2)CC1,O=C(Cc1ccccc1)NC1CCN(CCC(c2ccccc2)c2ccccc2)CC1,13.0,1.1139433523068367,EXACT_QUANTITATIVE
14761385,CHEMBL11,CN(C)CCCN1c2ccccc2CCc2ccccc21,c1ccc2c(c1)CCc1ccccc1N2,13.49,1.1300119496719043,EXACT_QUANTITATIVE
14761386,CHEMBL481,CCc1c2c(nc3ccc(OC(=O)N4CCC(N5CCCCC5)CC4)cc13)-c1cc3c(c(=O)n1C2)COC(=O)[C@]3(O)CC,O=C1Cc2cc3n(c(=O)c2CO1)Cc1cc2cc(OC(=O)N4CCC(N5CCCCC5)CC4)ccc2nc1-3,13.49,1.1300119496719043,EXACT_QUANTITATIVE
14762210,CHEMBL2171021,Cc1c(Cl)ccc(OC2CCN(C3CCN(C(=O)c4cccc(S(C)(=O)=O)c4)CC3)CC2)c1Cl,O=C(c1ccccc1)N1CCC(N2CCC(Oc3ccccc3)CC2)CC1,13.5,1.130333768495006,EXACT_QUANTITATIVE
14762211,CHEMBL1290184,Cc1cccc(CN2CCC3(CC2)CCN(C(=O)c2ccccc2)CC3)c1,O=C(c1ccccc1)N1CCC2(CCN(Cc3ccccc3)CC2)CC1,13.5,1.130333768495006,EXACT_QUANTITATIVE
14762220,CHEMBL2152523,c1ccc([C@H]([C@@H](c2ccccc2)N2CCCCC2)N2CCCCC2)cc1,c1ccc(C(C(c2ccccc2)N2CCCCC2)N2CCCCC2)cc1,13.8,1.1398790864012365,EXACT_QUANTITATIVE
14762221,CHEMBL345937,CC1Sc2c(C(=O)O)c(=O)c3cc(F)c(N4CCNCC4)cc3n21,O=c1cc2n(c3cc(N4CCNCC4)ccc13)CS2,13.8,1.1398790864012365,EXACT_QUANTITATIVE
14762222,CHEMBL1455229,O=C(NCc1cccnc1)c1cc(-c2ccco2)on1,O=C(NCc1cccnc1)c1cc(-c2ccco2)on1,13.8,1.1398790864012365,EXACT_QUANTITATIVE
14762227,CHEMBL605846,COc1ccc(CC(C)(C)NC[C@H](O)c2cc(O)cc3c2OCC(=O)N3)cc1,O=C1COc2c(CCNCCc3ccccc3)cccc2N1,14.0,1.146128035678238,EXACT_QUANTITATIVE
14762228,CHEMBL2031221,Cc1ccc(NC(=O)c2cccc(N3CCOCC3)c2)cc1-n1cnc2ccc(N3CCN(C)CC3)cc2c1=O,O=C(Nc1cccc(-n2cnc3ccc(N4CCNCC4)cc3c2=O)c1)c1cccc(N2CCOCC2)c1,14.0,1.146128035678238,EXACT_QUANTITATIVE
14762229,CHEMBL1916286,Cc1nn(-c2ccccc2)c(NS(=O)(=O)C2CCCCC2)c1C(=O)N[C@@H](C)C(C)(C)C,O=S(=O)(Nc1ccnn1-c1ccccc1)C1CCCCC1,14.0,1.146128035678238,EXACT_QUANTITATIVE
14762230,CHEMBL24646,COc1ccc(-c2nc3cc(C4=NNC(=O)CC4C)ccc3[nH]2)cc1,O=C1CCC(c2ccc3[nH]c(-c4ccccc4)nc3c2)=NN1,14.0,1.146128035678238,EXACT_QUANTITATIVE
14762231,CHEMBL2207284,CNS(=O)(=O)c1ccc2c(C(=O)NC[C@@H](O)CN3CCC(Oc4ccc(Cl)c(Cl)c4)CC3)c[nH]c(=O)c2c1,O=C(NCCCN1CCC(Oc2ccccc2)CC1)c1c[nH]c(=O)c2ccccc12,14.0,1.146128035678238,EXACT_QUANTITATIVE
14762232,CHEMBL257025,C[C@H](CO)Nc1nc(SCc2cccc(F)c2F)nc2[nH]ncc12,c1ccc(CSc2ncc3cn[nH]c3n2)cc1,14.0,1.146128035678238,EXACT_QUANTITATIVE
14762233,CHEMBL315970,CC(C)Cn1c(=O)n(C)c(=O)c2cn(Cc3cccc4ccccc34)cc21,O=c1[nH]c(=O)c2cn(Cc3cccc4ccccc34)cc2[nH]1,14.0,1.146128035678238,EXACT_QUANTITATIVE
14762234,CHEMBL1916083,CNC(=O)c1cnn(-c2ccccc2)c1NS(=O)(=O)c1ccc(C)cc1,O=S(=O)(Nc1ccnn1-c1ccccc1)c1ccccc1,14.0,1.146128035678238,EXACT_QUANTITATIVE
14762235,CHEMBL1945298,O=c1[nH]c2c(O)ccc([C@@H](O)CNCCOc3cccc(CNCCc4ccccc4F)c3)c2s1,O=c1[nH]c2cccc(CCNCCOc3cccc(CNCCc4ccccc4)c3)c2s1,14.0,1.146128035678238,EXACT_QUANTITATIVE
14762236,CHEMBL2207276,Cc1cc(Cl)ccc1OC1CCN(C[C@H](O)CNC(=O)c2c[nH]c(=O)c3cc(S(C)(=O)=O)ccc23)CC1,O=C(NCCCN1CCC(Oc2ccccc2)CC1)c1c[nH]c(=O)c2ccccc12,14.0,1.146128035678238,EXACT_QUANTITATIVE
14762237,CHEMBL2158774,Cc1ccc(C[C@@H](C(=O)O)N2CCC(CN3CCC(Oc4ccc(Cl)c(Cl)c4)CC3)CC2)cc1,c1ccc(CCN2CCC(CN3CCC(Oc4ccccc4)CC3)CC2)cc1,14.0,1.146128035678238,EXACT_QUANTITATIVE
14762238,CHEMBL337962,CNC(=O)c1cccc(NC(=O)Nc2cccc(C#N)c2)c1CN1CCC(Cc2ccc(F)cc2)CC1,O=C(Nc1ccccc1)Nc1ccccc1CN1CCC(Cc2ccccc2)CC1,14.0,1.146128035678238,EXACT_QUANTITATIVE
14762241,CHEMBL1232461,CCNC(=O)C[C@@H]1N=C(c2ccc(Cl)cc2)c2cc(OC)ccc2-n2c(C)nnc21,c1ccc(C2=NCc3nncn3-c3ccccc32)cc1,14.13,1.1501421618485586,EXACT_QUANTITATIVE
14762242,CHEMBL1164033,CN(C)CCOc1cc(NS(=O)(=O)c2c(Cl)cc(C(F)(F)F)cc2Cl)ccc1Cl,O=S(=O)(Nc1ccccc1)c1ccccc1,14.13,1.1501421618485586,EXACT_QUANTITATIVE
14762243,CHEMBL168634,Cc1ccc(S(=O)(=O)N2N=Cc3ccccc3B2O)cc1,O=S(=O)(c1ccccc1)N1Bc2ccccc2C=N1,14.13,1.1501421618485586,EXACT_QUANTITATIVE
14762244,CHEMBL1829763,C[C@@H](c1ccc(-c2ccc(F)cc2F)cc1)N1CC[C@](CCO)(c2ccc(F)cc2)OC1=O,O=C1OC(c2ccccc2)CCN1Cc1ccc(-c2ccccc2)cc1,14.13,1.1501421618485586,EXACT_QUANTITATIVE
14762252,CHEMBL1929039,Cc1cc(F)ccc1-n1nc(C(F)(F)F)cc1-c1ccc2c(c1)NC(=O)CO2,O=C1COc2ccc(-c3ccnn3-c3ccccc3)cc2N1,14.45,1.1598678470925667,EXACT_QUANTITATIVE
14762253,CHEMBL1463345,C[C@]12CCC(=O)C=C1C=C[C@@H]1[C@@H]2CC[C@@]2(C)[C@H]1CC[C@@]21CCC(=O)O1,O=C1C=C2C=CC3C(CCC4C3CCC43CCC(=O)O3)C2CC1,14.45,1.1598678470925667,EXACT_QUANTITATIVE
14762254,CHEMBL2070137,CCS(=O)(=O)c1ccc2[nH]c(-c3cccc(-c4ccccc4)c3)nc2c1,c1ccc(-c2cccc(-c3nc4ccccc4[nH]3)c2)cc1,14.45,1.1598678470925667,EXACT_QUANTITATIVE
14762255,CHEMBL29609,Cc1cc(CCCOc2c(C)cc(-c3noc(C(F)(F)F)n3)cc2C)on1,c1cc(CCCOc2ccc(-c3ncon3)cc2)on1,14.45,1.1598678470925667,EXACT_QUANTITATIVE
14762263,CHEMBL435859,OB1c2ccccc2N=C(S)N1c1cccnc1,B1c2ccccc2N=CN1c1cccnc1,14.79,1.1699681739968923,EXACT_QUANTITATIVE
14762264,CHEMBL521851,CS(=O)(=O)N1CCN(Cc2cc3nc(-c4cccc5[nH]ncc45)nc(N4CCOCC4)c3s2)CC1,c1cc(-c2nc(N3CCOCC3)c3sc(CN4CCNCC4)cc3n2)c2cn[nH]c2c1,14.79,1.1699681739968923,EXACT_QUANTITATIVE
14762270,CHEMBL556680,O=C(CC12CC3CC(CC(C3)C1)C2)Nc1cccc2c(=O)n(C[C@H]3CCCN3)ccc12,O=C(CC12CC3CC(CC(C3)C1)C2)Nc1cccc2c(=O)n(CC3CCCN3)ccc12,15.0,1.1760912590556813,EXACT_QUANTITATIVE
14762271,CHEMBL108922,CCO/N=C/c1ccc(OCCC2CCN(c3ccc(C)nn3)CC2)cc1,c1ccc(OCCC2CCN(c3cccnn3)CC2)cc1,15.0,1.1760912590556813,EXACT_QUANTITATIVE
14762272,CHEMBL235392,O=C(NCC12CC3CC(CC(C3)C1)C2)c1cc(CN2CC3CNCC(C2)O3)ccc1Cl,O=C(NCC12CC3CC(CC(C3)C1)C2)c1cccc(CN2CC3CNCC(C2)O3)c1,15.0,1.1760912590556813,EXACT_QUANTITATIVE
14762273,CHEMBL371888,COc1cc2ncnc(Nc3ccc(OCc4ccccn4)c(C)c3)c2cc1OC,c1ccc(COc2ccc(Nc3ncnc4ccccc34)cc2)nc1,15.0,1.1760912590556813,EXACT_QUANTITATIVE
14762274,CHEMBL1643199,Cc1cc(CN2CCc3ccccc3C2C(=O)Nc2ccc(Cl)cc2Cl)ccc1OCC(=O)O,O=C(Nc1ccccc1)C1c2ccccc2CCN1Cc1ccccc1,15.0,1.1760912590556813,EXACT_QUANTITATIVE
14762275,CHEMBL1939418,Nc1nc(Nc2ccc(F)c(Cl)c2)c2nc[nH]c2n1,c1ccc(Nc2ncnc3[nH]cnc23)cc1,15.0,1.1760912590556813,EXACT_QUANTITATIVE
14762276,CHEMBL551707,O=C(NCC12CC3CC(CC(C3)C1)C2)c1c(Cl)ccc2nc(N3CCC[C@H](NCCc4nnn[nH]4)C3)ccc12,O=C(NCC12CC3CC(CC(C3)C1)C2)c1cccc2nc(N3CCCC(NCCc4nnn[nH]4)C3)ccc12,15.0,1.1760912590556813,EXACT_QUANTITATIVE
14762277,CHEMBL1397672,Cc1[nH]c2nc(NCc3cccc(Br)c3)nn2c(=O)c1Cc1ccccc1,O=c1c(Cc2ccccc2)c[nH]c2nc(NCc3ccccc3)nn12,15.0,1.1760912590556813,EXACT_QUANTITATIVE
14762281,CHEMBL42,CN1CCN(C2=Nc3cc(Cl)ccc3Nc3ccccc32)CC1,c1ccc2c(c1)N=C(N1CCNCC1)c1ccccc1N2,15.14,1.180125875164054,EXACT_QUANTITATIVE
14762282,CHEMBL957,COc1ccccc1Oc1c(NS(=O)(=O)c2ccc(C(C)(C)C)cc2)nc(-c2ncccn2)nc1OCCO,O=S(=O)(Nc1nc(-c2ncccn2)ncc1Oc1ccccc1)c1ccccc1,15.14,1.180125875164054,EXACT_QUANTITATIVE
14762283,CHEMBL2170837,CCn1c(C)c(C(=O)O)c(-c2cccc(N3CCN(c4ccc(NS(=O)(=O)c5ccc(N[C@H](CCN6CCC(O)CC6)CSc6ccccc6)c(S(=O)(=O)C(F)(F)F)c5)cc4)CC3)c2)c1-c1ccc(Cl)cc1,O=S(=O)(Nc1ccc(N2CCN(c3cccc(-c4cc[nH]c4-c4ccccc4)c3)CC2)cc1)c1ccc(NC(CCN2CCCCC2)CSc2ccccc2)cc1,15.14,1.180125875164054,EXACT_QUANTITATIVE
14762291,CHEMBL422648,Cc1oc(=O)oc1CN1CCN(c2cc3c(cc2F)c(=O)c(C(=O)O)c2n3C(C)S2)CC1,O=c1occ(CN2CCN(c3ccc4c(=O)cc5n(c4c3)CS5)CC2)o1,15.49,1.190051417759206,EXACT_QUANTITATIVE
14762292,CHEMBL1916280,CCC(C)NC(=O)c1c(C)nn(-c2ccccc2)c1NS(=O)(=O)c1ccc(C)cc1,O=S(=O)(Nc1ccnn1-c1ccccc1)c1ccccc1,15.67,1.19506899646859,EXACT_QUANTITATIVE
14762294,CHEMBL570899,Cc1cc(Nc2cncc(N[C@@H](C)c3ncc(F)cn3)n2)n[nH]1,c1cnc(CNc2cncc(Nc3cc[nH]n3)n2)nc1,15.85,1.2000292665537702,EXACT_QUANTITATIVE
14762295,CHEMBL2012204,Cc1cc([C@H](O)[C@](C)(OCc2ccc(-c3ccccc3)cc2)C(=O)NO)no1,c1ccc(-c2ccc(COCCc3ccon3)cc2)cc1,15.85,1.2000292665537702,EXACT_QUANTITATIVE
14762296,CHEMBL1645135,C[C@H](NC(=O)c1cccc2c1N(Cc1ccc(Cl)cc1)CC2)c1ccc(C(=O)O)cc1,O=C(NCc1ccccc1)c1cccc2c1N(Cc1ccccc1)CC2,15.85,1.2000292665537702,EXACT_QUANTITATIVE
14762302,CHEMBL1939414,Nc1nc(Nc2cccc(Br)c2)c2nc[nH]c2n1,c1ccc(Nc2ncnc3[nH]cnc23)cc1,16.0,1.2041199826559248,EXACT_QUANTITATIVE
14762303,CHEMBL1672434,C[C@H]1C[C@@H](NS(=O)(=O)c2cc(Br)ccc2Br)CN1C#N,O=S(=O)(NC1CCNC1)c1ccccc1,16.0,1.2041199826559248,EXACT_QUANTITATIVE
14762304,CHEMBL2031225,COc1cccc(C(=O)Nc2ccc(C)c(-n3cnc4ccc(N5CCN(C)CC5)cc4c3=O)c2)c1,O=C(Nc1cccc(-n2cnc3ccc(N4CCNCC4)cc3c2=O)c1)c1ccccc1,16.0,1.2041199826559248,EXACT_QUANTITATIVE
14762305,CHEMBL1945031,Cc1cccc2c(CCNCc3cccc(CCNC[C@H](O)c4ccc(O)c5[nH]c(=O)sc45)c3)c[nH]c12,O=c1[nH]c2cccc(CCNCCc3cccc(CNCCc4c[nH]c5ccccc45)c3)c2s1,16.0,1.2041199826559248,EXACT_QUANTITATIVE
14762306,CHEMBL1523918,O=S(=O)(Nc1nnc(-c2ccccc2)s1)c1ccc(Cl)cc1,O=S(=O)(Nc1nnc(-c2ccccc2)s1)c1ccccc1,16.0,1.2041199826559248,EXACT_QUANTITATIVE
14762307,CHEMBL369311,CCN(C(=O)Cc1ccc(S(C)(=O)=O)cc1)C1CCN(CCC(c2ccccc2)c2ccccc2)CC1,O=C(Cc1ccccc1)NC1CCN(CCC(c2ccccc2)c2ccccc2)CC1,16.0,1.2041199826559248,EXACT_QUANTITATIVE
14762308,CHEMBL1917439,Cc1c(Sc2ccc(Cl)cc2)c2cc(-c3ccccc3)ccc2n1CC(=O)O,c1ccc(Sc2c[nH]c3ccc(-c4ccccc4)cc23)cc1,16.0,1.2041199826559248,EXACT_QUANTITATIVE
14762319,CHEMBL1956334,CC(=O)c1ncccc1NC(=O)[C@H]1CC[C@H](N2C(=O)[C@@H]3[C@@H]4CC[C@@H](C4)[C@@H]3C2=O)CC1,O=C(Nc1cccnc1)C1CCC(N2C(=O)C3C4CCC(C4)C3C2=O)CC1,16.6,1.2201080880400552,EXACT_QUANTITATIVE
14762328,CHEMBL1944691,O=c1[nH]c2c(O)ccc([C@@H](O)CNCCc3cccc(CNCCc4ccccc4F)c3)c2s1,O=c1[nH]c2cccc(CCNCCc3cccc(CNCCc4ccccc4)c3)c2s1,17.0,1.2304489213782739,EXACT_QUANTITATIVE
14762329,CHEMBL1934269,Cc1ccc(S(=O)(=O)Nc2c(C(=O)N[C@@H](C)C(C)(C)C)c(C)nn2CC(F)(F)F)cc1,O=S(=O)(Nc1ccn[nH]1)c1ccccc1,17.0,1.2304489213782739,EXACT_QUANTITATIVE
14762330,CHEMBL1770476,CCOc1ccc2oc(C(=O)NC(CCSC)c3nc4cnccc4[nH]3)c(C)c2c1,O=C(NCc1nc2cnccc2[nH]1)c1cc2ccccc2o1,17.0,1.2304489213782739,EXACT_QUANTITATIVE
14762331,CHEMBL290548,COC(=O)N1CCN(c2ccnc(-n3ccnc3)n2)C(CC(=O)NCc2ccc3c(c2)OCO3)C1,O=C(CC1CNCCN1c1ccnc(-n2ccnc2)n1)NCc1ccc2c(c1)OCO2,17.0,1.2304489213782739,EXACT_QUANTITATIVE
14762332,CHEMBL436826,CCOc1ccc(-n2c([C@@H](C)N(Cc3cccnc3)C(=O)Cc3ccc(C(F)(F)F)cc3)nc3ccccc3c2=O)cc1,O=C(Cc1ccccc1)N(Cc1cccnc1)Cc1nc2ccccc2c(=O)n1-c1ccccc1,17.03,1.2312146479626012,EXACT_QUANTITATIVE
14762334,CHEMBL2207666,O=C(NC[C@@H](O)CN1CCC(Oc2ccc(Cl)c(Cl)c2)CC1)c1c[nH]c(=O)c2ccccc12,O=C(NCCCN1CCC(Oc2ccccc2)CC1)c1c[nH]c(=O)c2ccccc12,17.25,1.236789099409293,EXACT_QUANTITATIVE
14762336,CHEMBL1951918,CCN(C(=O)Cc1ccc(S(C)(=O)=O)cc1)C1CCN(CC[C@@H](c2cccc(C(F)(F)F)c2)C2CCN(S(C)(=O)=O)CC2)CC1,O=C(Cc1ccccc1)NC1CCN(CCC(c2ccccc2)C2CCNCC2)CC1,17.33,1.2387985627139169,EXACT_QUANTITATIVE
14762345,CHEMBL578194,C[C@H](Nc1nc(Nc2cc(C3CC3)[nH]n2)cnc1C#N)c1ccc(F)cn1,c1ccc(CNc2cncc(Nc3cc(C4CC4)[nH]n3)n2)nc1,17.38,1.2400497721126476,EXACT_QUANTITATIVE
14762346,CHEMBL1091644,C[C@]1(O)C[C@@H](c2nc(-c3ccc4ccc(-c5ccccc5)nc4c3)c3c(N)nccn32)C1,c1ccc(-c2ccc3ccc(-c4nc(C5CCC5)n5ccncc45)cc3n2)cc1,17.38,1.2400497721126476,EXACT_QUANTITATIVE
14762347,CHEMBL1201391,CCC(C)(C)C(=O)O[C@H]1C[C@@H](C)C=C2C=C[C@H](C)[C@H](CC[C@@H](O)C[C@@H](O)CC(=O)O)[C@H]21,C1=CC2=CCCCC2CC1,17.5,1.2430380486862944,EXACT_QUANTITATIVE
14762348,CHEMBL1952100,CCN(C(=O)Cc1ccc(S(C)(=O)=O)cc1)C1CCN(CC[C@@H](c2cc(Cl)cc(Cl)c2)C2CCN(S(C)(=O)=O)CC2)CC1,O=C(Cc1ccccc1)NC1CCN(CCC(c2ccccc2)C2CCNCC2)CC1,17.5,1.2430380486862944,EXACT_QUANTITATIVE
14762352,CHEMBL1513,CCCCC1=NC2(CCCC2)C(=O)N1Cc1ccc(-c2ccccc2-c2nnn[nH]2)cc1,O=C1N(Cc2ccc(-c3ccccc3-c3nnn[nH]3)cc2)C=NC12CCCC2,17.78,1.249931756634195,EXACT_QUANTITATIVE
14762353,CHEMBL2348642,CNc1nc(C)c(-c2nc(Nc3cccc(N4CCNCC4)c3)ncc2C#N)s1,c1cc(Nc2nccc(-c3cncs3)n2)cc(N2CCNCC2)c1,17.78,1.249931756634195,EXACT_QUANTITATIVE
14762354,CHEMBL406366,O=C(O)CSCC(=O)Nc1nc(-c2ccccc2)cs1,c1ccc(-c2cscn2)cc1,17.78,1.249931756634195,EXACT_QUANTITATIVE
14762355,CHEMBL2070950,N#CC1(NC(=O)[C@@H]2CCCC[C@H]2C(=O)N2CCN(c3nc4ccncc4s3)CC2)CC1,O=C(NC1CC1)C1CCCCC1C(=O)N1CCN(c2nc3ccncc3s2)CC1,17.78,1.249931756634195,EXACT_QUANTITATIVE
14762356,CHEMBL329785,Nc1nc2ccccc2s1,c1ccc2scnc2c1,17.78,1.249931756634195,EXACT_QUANTITATIVE
14762357,CHEMBL12610,CN(C)CCCOc1nn(Cc2ccccc2)c2ccccc12,c1ccc(Cn2ncc3ccccc32)cc1,17.78,1.249931756634195,EXACT_QUANTITATIVE
14762361,CHEMBL235789,O=C(NCC12CC3CC(CC(C3)C1)C2)c1cc(CN2CCNCC2)ccc1Cl,O=C(NCC12CC3CC(CC(C3)C1)C2)c1cccc(CN2CCNCC2)c1,18.0,1.255272505103306,EXACT_QUANTITATIVE
14762362,CHEMBL103355,Cc1ccc(F)c(Nc2ccnc(Nc3ccc(S(N)(=O)=O)cc3)n2)c1,c1ccc(Nc2ccnc(Nc3ccccc3)n2)cc1,18.0,1.255272505103306,EXACT_QUANTITATIVE
14762363,CHEMBL1951898,CCN(C(=O)Cc1ccc(S(C)(=O)=O)cc1)C1CCN(CC[C@@H](c2ccccc2)N2CCN(S(=O)(=O)C(F)(F)F)CC2)CC1,O=C(Cc1ccccc1)NC1CCN(CCC(c2ccccc2)N2CCNCC2)CC1,18.0,1.255272505103306,EXACT_QUANTITATIVE
14762364,CHEMBL211175,CCN(C(=O)Cc1ccc(S(C)(=O)=O)cc1)C1CCN(CC[C@H](c2ccc(S(C)(=O)=O)cc2)c2cc(F)c(F)c(F)c2)CC1,O=C(Cc1ccccc1)NC1CCN(CCC(c2ccccc2)c2ccccc2)CC1,18.0,1.255272505103306,EXACT_QUANTITATIVE
14762365,CHEMBL201799,CCCCCSc1nc(O)c2sc(N)nc2n1,c1ncc2scnc2n1,18.0,1.255272505103306,EXACT_QUANTITATIVE
14762371,CHEMBL1086310,CC(C)c1ccc(NC(=O)Cn2cnc3c2c(=O)n(C)c(=O)n3C)cc1,O=C(Cn1cnc2[nH]c(=O)[nH]c(=O)c21)Nc1ccccc1,18.2,1.2600713879850747,EXACT_QUANTITATIVE
14762372,CHEMBL2207655,CC1(O)CN(S(=O)(=O)c2ccc3c(C(=O)NC[C@@H](O)CN4CCC(Oc5ccc(Cl)c(Cl)c5)CC4)c[nH]c(=O)c3c2)C1,O=C(NCCCN1CCC(Oc2ccccc2)CC1)c1c[nH]c(=O)c2cc(S(=O)(=O)N3CCC3)ccc12,18.33,1.2631624649622166,EXACT_QUANTITATIVE
14762373,CHEMBL198150,CCN(C(=O)Cc1ccc(S(C)(=O)=O)cc1)C1CCN(CCC(c2ccccc2)c2ccc(S(C)(=O)=O)cc2)CC1,O=C(Cc1ccccc1)NC1CCN(CCC(c2ccccc2)c2ccccc2)CC1,18.5,1.2671717284030137,EXACT_QUANTITATIVE
14762377,CHEMBL553,C#Cc1cccc(Nc2ncnc3cc(OCCOC)c(OCCOC)cc23)c1,c1ccc(Nc2ncnc3ccccc23)cc1,18.62,1.2699796766453237,EXACT_QUANTITATIVE
14762384,CHEMBL1944693,COc1ccccc1CCNCc1cccc(CCNC[C@H](O)c2ccc(O)c3[nH]c(=O)sc23)c1,O=c1[nH]c2cccc(CCNCCc3cccc(CNCCc4ccccc4)c3)c2s1,19.0,1.2787536009528289,EXACT_QUANTITATIVE
14762385,CHEMBL1944690,O=c1[nH]c2c(O)ccc([C@@H](O)CNCCc3cccc(CNCCc4ccccc4Cl)c3)c2s1,O=c1[nH]c2cccc(CCNCCc3cccc(CNCCc4ccccc4)c3)c2s1,19.0,1.2787536009528289,EXACT_QUANTITATIVE
14762386,CHEMBL1739708,COc1ccc(-c2nc(N)s[n+]2-c2ccccc2)cc1,c1ccc(-c2ncs[n+]2-c2ccccc2)cc1,19.0,1.2787536009528289,EXACT_QUANTITATIVE
14762387,CHEMBL1870384,COc1ccc(C=NN=Cc2ccc(OC)c(OC)c2)cc1OC,C(=NN=Cc1ccccc1)c1ccccc1,19.0,1.2787536009528289,EXACT_QUANTITATIVE
14762388,CHEMBL129982,Nc1ccc(Cl)c(C(=O)NCC23CC4CC(CC(C4)C2)C3)c1,O=C(NCC12CC3CC(CC(C3)C1)C2)c1ccccc1,19.0,1.2787536009528289,EXACT_QUANTITATIVE
14762395,CHEMBL2164850,O=C(Nc1cc(-c2ccncc2)c[nH]c1=O)[C@H](Cc1ccccc1)NC1(c2ccccn2)CC1,O=C(Nc1cc(-c2ccncc2)c[nH]c1=O)C(Cc1ccccc1)NC1(c2ccccn2)CC1,19.05,1.2798949800116382,EXACT_QUANTITATIVE
14762396,CHEMBL129198,CN1CCN(C(=O)c2cc3cc(Cl)ccc3[nH]2)CC1,O=C(c1cc2ccccc2[nH]1)N1CCNCC1,19.25,1.2844307338445196,EXACT_QUANTITATIVE
14762404,CHEMBL1231533,O=C1NC(=O)/C(=C/c2ccc3c(c2)OC(F)(F)O3)S1,O=C1NC(=O)C(=Cc2ccc3c(c2)OCO3)S1,19.5,1.290034611362518,EXACT_QUANTITATIVE
14762405,CHEMBL1683934,O=C(Nc1ccccc1-c1ccccc1)OC1CCN(CCCCCCCCCNC[C@H](O)c2ccc(O)c3[nH]c(=O)ccc23)CC1,O=C(Nc1ccccc1-c1ccccc1)OC1CCN(CCCCCCCCCNCCc2cccc3[nH]c(=O)ccc23)CC1,19.5,1.290034611362518,EXACT_QUANTITATIVE
14762415,CHEMBL1951032,COc1c(Nc2ccc(S(C)(=O)=O)nc2C)ncnc1OC1CCN(C(=O)OC(C)C)CC1,c1cncc(Nc2cc(OC3CCNCC3)ncn2)c1,19.95,1.299942900022767,EXACT_QUANTITATIVE
14762416,CHEMBL565755,CCOc1ccc2nc(N)sc2c1,c1ccc2scnc2c1,19.95,1.299942900022767,EXACT_QUANTITATIVE
14762417,CHEMBL376488,COc1nc2ccc(Br)cc2cc1[C@@H](c1ccccc1)[C@@](O)(CCN(C)C)c1cccc2ccccc12,c1ccc(C(Cc2cccc3ccccc23)c2cnc3ccccc3c2)cc1,19.95,1.299942900022767,EXACT_QUANTITATIVE
14762424,CHEMBL218628,CNc1nc2ccccc2n1Cc1sc2c(c1C(=O)N1C[C@H](O)CO1)c(=O)n(C)c(=O)n2CC(C)C,O=C(c1c(Cn2cnc3ccccc32)sc2[nH]c(=O)[nH]c(=O)c12)N1CCCO1,20.0,1.3010299956639813,EXACT_QUANTITATIVE
14762425,CHEMBL453222,COCCOc1ccc(-c2cc(C(N)=O)c(NC(N)=O)s2)cc1,c1ccc(-c2cccs2)cc1,20.0,1.3010299956639813,EXACT_QUANTITATIVE
14762426,CHEMBL1807869,O=c1[nH]c2c(O)ccc([C@@H](O)CNCCCSCCNCCc3cccc(Cl)c3)c2s1,O=c1[nH]c2cccc(CCNCCCSCCNCCc3ccccc3)c2s1,20.0,1.3010299956639813,EXACT_QUANTITATIVE
14762427,CHEMBL365123,Cc1cn(Cc2ccccc2)c(=O)[nH]c1=O,O=c1ccn(Cc2ccccc2)c(=O)[nH]1,20.0,1.3010299956639813,EXACT_QUANTITATIVE
14762428,CHEMBL240317,O=C(c1ccccc1)N1CCN(Cc2ccccc2)CC1,O=C(c1ccccc1)N1CCN(Cc2ccccc2)CC1,20.0,1.3010299956639813,EXACT_QUANTITATIVE
14762434,CHEMBL2216902,CC(C)c1nc2ccccc2n1-c1nc(N2CCOCC2)c2nc(OC3CN(C4CCS(=O)(=O)CC4)C3)n(C)c2n1,O=S1(=O)CCC(N2CC(Oc3nc4c(N5CCOCC5)nc(-n5cnc6ccccc65)nc4[nH]3)C2)CC1,20.42,1.3100557377508915,EXACT_QUANTITATIVE
14762435,CHEMBL2177757,O=C(Cc1ccccc1)Nc1nnc(CCSCCc2nnc(NC(=O)Cc3ccccc3)s2)s1,O=C(Cc1ccccc1)Nc1nnc(CCSCCc2nnc(NC(=O)Cc3ccccc3)s2)s1,20.42,1.3100557377508915,EXACT_QUANTITATIVE
14762436,CHEMBL103482,CCOC(=O)c1cnc2c(N)cccc2c1O,c1ccc2ncccc2c1,20.42,1.3100557377508915,EXACT_QUANTITATIVE
14762437,CHEMBL1645107,Nc1nc2ccc(-c3ccncc3)cc2s1,c1cc(-c2ccc3ncsc3c2)ccn1,20.42,1.3100557377508915,EXACT_QUANTITATIVE
14762438,CHEMBL22442,CCCc1cc(OCc2ccccc2)cc(=O)n1Cc1ccc(-c2ccccc2-c2nn[nH]n2)cc1,O=c1cc(OCc2ccccc2)ccn1Cc1ccc(-c2ccccc2-c2nn[nH]n2)cc1,20.42,1.3100557377508915,EXACT_QUANTITATIVE
14762439,CHEMBL128613,CN1CCN(C(=O)c2cc3cc(Br)ccc3[nH]2)CC1,O=C(c1cc2ccccc2[nH]1)N1CCNCC1,20.5,1.3117538610557542,EXACT_QUANTITATIVE
14762442,CHEMBL141157,C#CC[C@@H](C(=O)N[C@H](/C=C/C(=O)OCC)C[C@@H]1CCNC1=O)n1cccc(NC(=O)c2cc(C)on2)c1=O,O=C(Cn1cccc(NC(=O)c2ccon2)c1=O)NCCC1CCNC1=O,20.89,1.3199384399803087,EXACT_QUANTITATIVE
14762448,CHEMBL81,O=C(c1ccc(OCCN2CCCCC2)cc1)c1c(-c2ccc(O)cc2)sc2cc(O)ccc12,O=C(c1ccc(OCCN2CCCCC2)cc1)c1c(-c2ccccc2)sc2ccccc12,21.0,1.3222192947339193,EXACT_QUANTITATIVE
14762449,CHEMBL1934414,Cc1ccc(S(=O)(=O)Nc2c(C(=O)N[C@@H](C)C(C)(C)C)c(C)nn2C2CCCC2)cc1,O=S(=O)(Nc1ccnn1C1CCCC1)c1ccccc1,21.0,1.3222192947339193,EXACT_QUANTITATIVE
14762450,CHEMBL232656,C[C@@H]1CN(Cc2ccc(F)cc2)CCN1C(=O)COc1ccc(Cl)cc1NC(N)=O,O=C(COc1ccccc1)N1CCN(Cc2ccccc2)CC1,21.0,1.3222192947339193,EXACT_QUANTITATIVE
14762451,CHEMBL1951902,CCN(C(=O)Cc1ccc(S(C)(=O)=O)cc1)C1CCN(CCC(c2ccccc2)N2CCC(C(C)=O)CC2)CC1,O=C(Cc1ccccc1)NC1CCN(CCC(c2ccccc2)N2CCCCC2)CC1,21.0,1.3222192947339193,EXACT_QUANTITATIVE
14762452,CHEMBL404609,NC(=O)Nc1sc(-c2ccccc2)cc1C(N)=O,c1ccc(-c2cccs2)cc1,21.0,1.3222192947339193,EXACT_QUANTITATIVE
14762453,CHEMBL2207285,O=C(NC[C@@H](O)CN1CCC(Oc2ccc(Cl)c(Cl)c2)CC1)c1c[nH]c(=O)c2cc(S(=O)(=O)NC3CC3)ccc12,O=C(NCCCN1CCC(Oc2ccccc2)CC1)c1c[nH]c(=O)c2cc(S(=O)(=O)NC3CC3)ccc12,21.0,1.3222192947339193,EXACT_QUANTITATIVE
14762454,CHEMBL492112,O=C(CC12CC3CC(CC(C3)C1)C2)Nc1ccc2[nH]ncc2c1,O=C(CC12CC3CC(CC(C3)C1)C2)Nc1ccc2[nH]ncc2c1,21.0,1.3222192947339193,EXACT_QUANTITATIVE
14762455,CHEMBL108546,Oc1nc2c(O)ccc(CCNCCCOCCOCCc3ccccc3)c2s1,c1ccc(CCOCCOCCCNCCc2cccc3ncsc23)cc1,21.0,1.3222192947339193,EXACT_QUANTITATIVE
14762460,CHEMBL2170985,Nc1ncnc2c1ncn2[C@@H]1O[C@H](CSCCCNC(=O)NCc2ccccc2)[C@@H](O)[C@H]1O,O=C(NCCCSCC1CCC(n2cnc3cncnc32)O1)NCc1ccccc1,21.38,1.330007700872759,EXACT_QUANTITATIVE
14762461,CHEMBL1077827,CCOc1ccc(-n2c([C@@H](C)N(CC3CCN(C)CC3)C(=O)Cc3ccc(F)c(C(F)(F)F)c3)nc3ncccc3c2=O)cc1,O=C(Cc1ccccc1)N(Cc1nc2ncccc2c(=O)n1-c1ccccc1)CC1CCNCC1,21.38,1.330007700872759,EXACT_QUANTITATIVE
14762462,CHEMBL2170994,Nc1ncnc2c1ncn2[C@@H]1O[C@H](CSCCCNC(=O)Nc2ccc(Cl)cc2)[C@@H](O)[C@H]1O,O=C(NCCCSCC1CCC(n2cnc3cncnc32)O1)Nc1ccccc1,21.38,1.330007700872759,EXACT_QUANTITATIVE
14762463,CHEMBL1950720,CN[C@@H](C)C(=O)N[C@H](C(=O)N1CC[C@H]2CCN(CCc3ccccc3)C[C@H]21)C1CCCCC1,O=C(CC1CCCCC1)N1CCC2CCN(CCc3ccccc3)CC21,21.38,1.330007700872759,EXACT_QUANTITATIVE
14762464,CHEMBL1405150,CCC(=O)NC(c1cccs1)c1cc(Cl)c2cccnc2c1O,c1csc(Cc2ccc3cccnc3c2)c1,21.38,1.330007700872759,EXACT_QUANTITATIVE
14762466,CHEMBL2207669,N#Cc1ccc(OC2CCN(C[C@H](O)CNC(=O)c3c[nH]c(=O)c4ccccc34)CC2)cc1Cl,O=C(NCCCN1CCC(Oc2ccccc2)CC1)c1c[nH]c(=O)c2ccccc12,21.5,1.3324384599156054,EXACT_QUANTITATIVE
14763245,CHEMBL2216870,CC[C@H](Nc1ncnc2[nH]cnc12)c1nc2cccc(F)c2c(=O)n1-c1ccccc1,O=c1c2ccccc2nc(CNc2ncnc3[nH]cnc23)n1-c1ccccc1,21.88,1.3400473176613932,EXACT_QUANTITATIVE
14763246,CHEMBL57531,Nc1ncc2cc(-c3c(Br)cccc3Br)c(N)nc2n1,c1ccc(-c2cnc3ncncc3c2)cc1,21.88,1.3400473176613932,EXACT_QUANTITATIVE
14763250,CHEMBL472,COc1ccc(Cl)cc1C(=O)NCCc1ccc(S(=O)(=O)NC(=O)NC2CCCCC2)cc1,O=C(NC1CCCCC1)NS(=O)(=O)c1ccc(CCNC(=O)c2ccccc2)cc1,22.0,1.3424226808222062,EXACT_QUANTITATIVE
14763251,CHEMBL217899,CCc1nn(C2CCCC2)c2c1CCn1c(-c3cccs3)nnc1-2,c1csc(-c2nnc3n2CCc2cnn(C4CCCC4)c2-3)c1,22.0,1.3424226808222062,EXACT_QUANTITATIVE
14763252,CHEMBL193544,CN1CCC(Oc2cccc3ncnc(Nc4ccc(OCc5ccccn5)c(Cl)c4)c23)CC1,c1ccc(COc2ccc(Nc3ncnc4cccc(OC5CCNCC5)c34)cc2)nc1,22.0,1.3424226808222062,EXACT_QUANTITATIVE
14763253,CHEMBL1945040,COc1ccccc1CNCc1ccc(CCNC[C@H](O)c2ccc(O)c3[nH]c(=O)sc23)cc1,O=c1[nH]c2cccc(CCNCCc3ccc(CNCc4ccccc4)cc3)c2s1,22.0,1.3424226808222062,EXACT_QUANTITATIVE
14763254,CHEMBL1944692,O=c1[nH]c2c(O)ccc([C@@H](O)CNCCc3ccc(CNCCc4ccccc4F)cc3)c2s1,O=c1[nH]c2cccc(CCNCCc3ccc(CNCCc4ccccc4)cc3)c2s1,22.0,1.3424226808222062,EXACT_QUANTITATIVE
14763264,CHEMBL38182,N#Cc1ccc(NC(=O)Nc2ccccc2Br)c2nn[nH]c12,O=C(Nc1ccccc1)Nc1cccc2[nH]nnc12,23.0,1.3617278360175928,EXACT_QUANTITATIVE
14763265,CHEMBL183630,Cc1ccc(NC(=O)c2cccc(N3CCOCC3)c2)cc1NC(=O)c1ccc(OCc2cscn2)cc1,O=C(Nc1cccc(NC(=O)c2cccc(N3CCOCC3)c2)c1)c1ccc(OCc2cscn2)cc1,23.0,1.3617278360175928,EXACT_QUANTITATIVE
14763266,CHEMBL384962,Cc1ccc2c(c1)c(-c1ccnc3ccc(C(F)(F)F)cc13)c(C)n2CC(=O)O,c1ccc2c(-c3c[nH]c4ccccc34)ccnc2c1,23.0,1.3617278360175928,EXACT_QUANTITATIVE
14763272,CHEMBL576981,C[C@@H](O)[C@H]1C(=O)N2C(C(=O)O)=C(SC3CN(C4=NCCS4)C3)[C@H](C)[C@H]12,O=C1CC2CC(SC3CN(C4=NCCS4)C3)=CN12,23.44,1.369957607346053,EXACT_QUANTITATIVE
14763273,CHEMBL1800526,COc1ccnc(CCc2nc3cc(Br)cnc3[nH]2)c1,c1ccc(CCc2nc3cccnc3[nH]2)nc1,23.5,1.3710678622717363,EXACT_QUANTITATIVE
14763274,CHEMBL370826,CCN(C(=O)Cc1ccc(S(C)(=O)=O)cc1)C1CCN(CCC(c2ccc(NC(C)=O)cc2)c2cccc(F)c2)CC1,O=C(Cc1ccccc1)NC1CCN(CCC(c2ccccc2)c2ccccc2)CC1,23.5,1.3710678622717363,EXACT_QUANTITATIVE
14763275,CHEMBL563,CC(C(=O)O)c1ccc(-c2ccccc2)c(F)c1,c1ccc(-c2ccccc2)cc1,23.5,1.3710678622717363,EXACT_QUANTITATIVE
14763276,CHEMBL1916272,CCC(CC)NC(=O)c1c(C)nn(-c2ccccc2)c1NS(=O)(=O)c1ccc(C)cc1,O=S(=O)(Nc1ccnn1-c1ccccc1)c1ccccc1,23.6,1.3729120029701065,EXACT_QUANTITATIVE
14763285,CHEMBL522460,Cc1ccccc1CN1CCC(N2CCC(n3c(=O)[nH]c4ccccc43)CC2)CC1,O=c1[nH]c2ccccc2n1C1CCN(C2CCN(Cc3ccccc3)CC2)CC1,24.0,1.380211241711606,EXACT_QUANTITATIVE
14763286,CHEMBL2018953,O=C([C@H]1CCCCN1)N1CCN(c2nc(NCc3ccc(Cl)cc3Cl)c3cccnc3n2)CC1,O=C(C1CCCCN1)N1CCN(c2nc(NCc3ccccc3)c3cccnc3n2)CC1,24.0,1.380211241711606,EXACT_QUANTITATIVE
14763288,CHEMBL559078,CCCCC(CC)CNC(=O)c1cc(-n2ncc(=O)[nH]c2=O)ccc1Cl,O=c1cnn(-c2ccccc2)c(=O)[nH]1,24.0,1.380211241711606,EXACT_QUANTITATIVE
14763289,CHEMBL551765,O=C(NCC1CCCCCC1)c1cc(-c2cccnc2N2CCC(C(=O)O)CC2)ccc1Cl,O=C(NCC1CCCCCC1)c1cccc(-c2cccnc2N2CCCCC2)c1,24.0,1.380211241711606,EXACT_QUANTITATIVE
14763295,CHEMBL2107366,Cc1cccc([C@H](C)c2c[nH]c(=S)[nH]2)c1C,S=c1[nH]cc(Cc2ccccc2)[nH]1,24.55,1.3900514964589872,EXACT_QUANTITATIVE
14763296,CHEMBL16073,CCOc1ccc(NC(C)=O)cc1,c1ccccc1,24.55,1.3900514964589872,EXACT_QUANTITATIVE
14763297,CHEMBL1956163,O=C1[C@@H]2[C@@H]3CC[C@@H](C3)[C@@H]2C(=O)N1[C@H]1CC[C@H](C(=O)Nc2cccc3cccnc23)CC1,O=C(Nc1cccc2cccnc12)C1CCC(N2C(=O)C3C4CCC(C4)C3C2=O)CC1,24.55,1.3900514964589872,EXACT_QUANTITATIVE
14763298,CHEMBL2023489,COc1ccc2c(Oc3ccc(CC(=O)Nc4cn(C)nc4C)c(OC)c3)ccnc2c1,O=C(Cc1ccc(Oc2ccnc3ccccc23)cc1)Nc1cn[nH]c1,24.55,1.3900514964589872,EXACT_QUANTITATIVE
14763300,CHEMBL1945033,O=c1[nH]c2c(O)ccc([C@@H](O)CNCCc3cccc(CNCCc4ccccn4)c3)c2s1,O=c1[nH]c2cccc(CCNCCc3cccc(CNCCc4ccccn4)c3)c2s1,25.0,1.3979400086720377,EXACT_QUANTITATIVE
14763301,CHEMBL1944694,COc1ccccc1CCNCc1ccc(CCNC[C@H](O)c2ccc(O)c3[nH]c(=O)sc23)cc1,O=c1[nH]c2cccc(CCNCCc3ccc(CNCCc4ccccc4)cc3)c2s1,25.0,1.3979400086720377,EXACT_QUANTITATIVE
14763302,CHEMBL1934418,Cc1ccc(S(=O)(=O)Nc2c(C(=O)N[C@@H](C)C(C)(C)C)c(C)nn2C2CCSCC2)cc1,O=S(=O)(Nc1ccnn1C1CCSCC1)c1ccccc1,25.0,1.3979400086720377,EXACT_QUANTITATIVE
14763303,CHEMBL111775,O=C(CCOCCc1ccccc1)NCCNCCc1ccc(O)c2nc(O)sc12,O=C(CCOCCc1ccccc1)NCCNCCc1cccc2ncsc12,25.0,1.3979400086720377,EXACT_QUANTITATIVE
14763304,CHEMBL555033,O=C(CC1CCCCC1)Nc1c(Cl)ccc2nc(NCCCO)ccc12,O=C(CC1CCCCC1)Nc1cccc2ncccc12,25.0,1.3979400086720377,EXACT_QUANTITATIVE
14763310,CHEMBL837,CCc1c2c(nc3ccc(O)cc13)-c1cc3c(c(=O)n1C2)COC(=O)[C@]3(O)CC,O=C1Cc2cc3n(c(=O)c2CO1)Cc1cc2ccccc2nc1-3,25.12,1.4000196350651586,EXACT_QUANTITATIVE
14763311,CHEMBL583042,Cc1cnc(Nc2ccc(F)cc2Cl)nc1-c1c[nH]c(C(=O)N[C@H](CO)c2cccc(Cl)c2)c1,O=C(NCc1ccccc1)c1cc(-c2ccnc(Nc3ccccc3)n2)c[nH]1,25.12,1.4000196350651586,EXACT_QUANTITATIVE
14763322,CHEMBL521096,CCOc1cc2ncc(C(N)=O)c(Nc3ccc(C)cc3F)c2cc1N1CCN(C)CC1,c1ccc(Nc2ccnc3ccc(N4CCNCC4)cc23)cc1,26.0,1.414973347970818,EXACT_QUANTITATIVE
14763323,CHEMBL1221681,O=c1[nH]c2c(O)ccc([C@@H](O)CN[C@H]3CCC[C@@H]3OCc3ccccc3)c2s1,O=c1[nH]c2cccc(CCNC3CCCC3OCc3ccccc3)c2s1,26.0,1.414973347970818,EXACT_QUANTITATIVE
14763324,CHEMBL1789274,CNCC[C@@H](Oc1cc(OC)ccc1C#N)c1ccccc1,c1ccc(COc2ccccc2)cc1,26.0,1.414973347970818,EXACT_QUANTITATIVE
14763325,CHEMBL182878,CC(=O)Nc1ccc(CC(=O)N(C)C2CCN(CCC(c3ccccc3)c3ccccc3)CC2)cc1,O=C(Cc1ccccc1)NC1CCN(CCC(c2ccccc2)c2ccccc2)CC1,26.0,1.414973347970818,EXACT_QUANTITATIVE
14763330,CHEMBL1835918,Cc1ccc(N2CC(COc3ccc(-c4noc(C)n4)cc3)C2)nn1,c1cnnc(N2CC(COc3ccc(-c4ncon4)cc3)C2)c1,26.33,1.420450859106068,EXACT_QUANTITATIVE
14763331,CHEMBL1951893,CCN(C(=O)Cc1ccc(S(C)(=O)=O)cc1)C1CCN(CCC(c2ccccc2)N2CCN(c3ccccc3)CC2)CC1,O=C(Cc1ccccc1)NC1CCN(CCC(c2ccccc2)N2CCN(c3ccccc3)CC2)CC1,26.33,1.420450859106068,EXACT_QUANTITATIVE
14763344,CHEMBL1916279,Cc1ccc(S(=O)(=O)Nc2c(C(=O)NCC(C)(C)C)c(C)nn2-c2ccccc2)cc1,O=S(=O)(Nc1ccnn1-c1ccccc1)c1ccccc1,27.0,1.4313637641589874,EXACT_QUANTITATIVE
14763345,CHEMBL1831214,NC(=O)Nc1cc(-c2ccccc2)sc1C(N)=O,c1ccc(-c2cccs2)cc1,27.0,1.4313637641589874,EXACT_QUANTITATIVE
14763346,CHEMBL208487,CC(C)Cn1c(=O)n(C)c(=O)c2c(C(=O)N3CC[C@@H](O)C3)c(Cc3ccccc3C(F)(F)F)sc21,O=C(c1c(Cc2ccccc2)sc2[nH]c(=O)[nH]c(=O)c12)N1CCCC1,27.0,1.4313637641589874,EXACT_QUANTITATIVE
14763347,CHEMBL1916270,CCC(CC)NC(=O)c1cnn(-c2ccccc2)c1NS(=O)(=O)c1ccc(-c2cnco2)cc1,O=S(=O)(Nc1ccnn1-c1ccccc1)c1ccc(-c2cnco2)cc1,27.0,1.4313637641589874,EXACT_QUANTITATIVE
14763348,CHEMBL550167,O=C(NCC12CC3CC(CC(C3)C1)C2)c1cc(OCCCNCCCO)ccc1Cl,O=C(NCC12CC3CC(CC(C3)C1)C2)c1ccccc1,27.0,1.4313637641589874,EXACT_QUANTITATIVE
14763349,CHEMBL1947153,O=c1[nH]c2c(O)ccc([C@@H](O)CNCCc3cccc(CN4CCC(c5ccccc5)CC4)c3)c2s1,O=c1[nH]c2cccc(CCNCCc3cccc(CN4CCC(c5ccccc5)CC4)c3)c2s1,27.0,1.4313637641589874,EXACT_QUANTITATIVE
14763350,CHEMBL633,CCCCc1oc2ccccc2c1C(=O)c1cc(I)c(OCCN(CC)CC)c(I)c1,O=C(c1ccccc1)c1coc2ccccc12,27.0,1.4313637641589874,EXACT_QUANTITATIVE
14763352,CHEMBL1951908,CCN(C(=O)Cc1ccc(S(C)(=O)=O)cc1)C1CCN(CC[C@@H](c2ccccc2)C2CCN(S(=O)(=O)C(F)(F)F)CC2)CC1,O=C(Cc1ccccc1)NC1CCN(CCC(c2ccccc2)C2CCNCC2)CC1,27.5,1.4393326938302626,EXACT_QUANTITATIVE
14763353,CHEMBL1945035,O=c1[nH]c2c(O)ccc([C@@H](O)CNCCc3ccccc3CNCCc3ccccc3F)c2s1,O=c1[nH]c2cccc(CCNCCc3ccccc3CNCCc3ccccc3)c2s1,27.5,1.4393326938302626,EXACT_QUANTITATIVE
14763358,CHEMBL1734492,NC(=O)NC(=O)C(Nc1ccc2c(c1)CCC2)c1ccccc1,c1ccc(CNc2ccc3c(c2)CCC3)cc1,27.54,1.4399639359209049,EXACT_QUANTITATIVE
14763359,CHEMBL481230,COc1cc2c(Nc3ccc(F)c(Cl)c3)c(C(N)=O)cnc2cc1OCCN(C)CCO,c1ccc(Nc2ccnc3ccccc23)cc1,27.54,1.4399639359209049,EXACT_QUANTITATIVE
14763360,CHEMBL2312185,CNc1nc(C)c(-c2nc(Nc3cccc(N4CCCNCC4)c3)ncc2C#N)s1,c1cc(Nc2nccc(-c3cncs3)n2)cc(N2CCCNCC2)c1,27.54,1.4399639359209049,EXACT_QUANTITATIVE
14763361,CHEMBL213100,COc1ccc(N(C(=O)Oc2c(C)cccc2C)c2ccnc(Nc3ccc(N4CCN(C)CC4)cc3)n2)c(OC)c1,O=C(Oc1ccccc1)N(c1ccccc1)c1ccnc(Nc2ccc(N3CCNCC3)cc2)n1,27.54,1.4399639359209049,EXACT_QUANTITATIVE
14763366,CHEMBL393384,O=C(NCC12CC3CC(CC(C3)C1)C2)c1cc(OC2CCNCC2)ccc1Cl,O=C(NCC12CC3CC(CC(C3)C1)C2)c1cccc(OC2CCNCC2)c1,28.0,1.4471580313422192,EXACT_QUANTITATIVE
14763367,CHEMBL421604,CS(=O)(=O)Nc1ccc(CCOCCCS(=O)(=O)CCNCCc2ccc(O)c3nc(O)sc23)cc1,O=S(=O)(CCCOCCc1ccccc1)CCNCCc1cccc2ncsc12,28.0,1.4471580313422192,EXACT_QUANTITATIVE
14763368,CHEMBL2171026,O=C(c1ccc(-c2nn[nH]n2)cc1)N1CCC(N2CCC(Oc3ccc(Cl)c(Cl)c3)CC2)CC1,O=C(c1ccc(-c2nn[nH]n2)cc1)N1CCC(N2CCC(Oc3ccccc3)CC2)CC1,28.0,1.4471580313422192,EXACT_QUANTITATIVE
14763369,CHEMBL1405928,c1ccc(CSc2nc3cccnc3[nH]2)cc1,c1ccc(CSc2nc3cccnc3[nH]2)cc1,28.0,1.4471580313422192,EXACT_QUANTITATIVE
14763370,CHEMBL189181,CC(=O)Nc1ccc(CNc2[nH]nc3cccc(Oc4ccc(F)cc4)c23)cc1,c1ccc(CNc2[nH]nc3cccc(Oc4ccccc4)c23)cc1,28.0,1.4471580313422192,EXACT_QUANTITATIVE
14763376,CHEMBL153064,CC(=O)c1cc2ccc(O)cc2oc1=O,O=c1ccc2ccccc2o1,28.18,1.4499409887733377,EXACT_QUANTITATIVE
14763377,CHEMBL212521,CC[C@H](N)C(=O)N[C@H](C#N)Cc1ccc(-c2ccccc2)cc1,c1ccc(-c2ccccc2)cc1,28.67,1.4574276929464844,EXACT_QUANTITATIVE
14763386,CHEMBL1082152,Cn1cc(C2=C(c3cccc(NCC(O)CO)c3)C(=O)NC2=O)c2cc(F)ccc21,O=C1NC(=O)C(c2c[nH]c3ccccc23)=C1c1ccccc1,29.0,1.462397997898956,EXACT_QUANTITATIVE
14763387,CHEMBL320714,Oc1nc2c(O)ccc(CCNCCCCCCOCCc3ccccc3)c2s1,c1ccc(CCOCCCCCCNCCc2cccc3ncsc23)cc1,29.0,1.462397997898956,EXACT_QUANTITATIVE
14763394,CHEMBL457,Cc1ccc(C)c(OCCCC(C)(C)C(=O)O)c1,c1ccccc1,29.51,1.4699692094999595,EXACT_QUANTITATIVE
14763395,CHEMBL1096435,CS(=O)(=O)c1ccc([C@@H](CC2CCCC2)C(=O)Nc2nccs2)cc1,O=C(Nc1nccs1)C(CC1CCCC1)c1ccccc1,29.51,1.4699692094999595,EXACT_QUANTITATIVE
14763397,CHEMBL219861,CC(C)Cn1c(=O)n(C)c(=O)c2c(C(=O)N3C[C@H](O)CO3)c(Cc3ccnc4ccccc34)sc21,O=C(c1c(Cc2ccnc3ccccc23)sc2[nH]c(=O)[nH]c(=O)c12)N1CCCO1,30.0,1.4771212547196624,EXACT_QUANTITATIVE
14763398,CHEMBL787,CC(C)(O)c1ccccc1CC[C@@H](SCC1(CC(=O)O)CC1)c1cccc(/C=C/c2ccc3ccc(Cl)cc3n2)c1,C(=Cc1ccc2ccccc2n1)c1cccc(C(CCc2ccccc2)SCC2CC2)c1,30.0,1.4771212547196624,EXACT_QUANTITATIVE
14763399,CHEMBL551984,N#Cc1cccc(NCC(=O)Nc2c(Cl)ccc3nc(N4CC[C@@H](O)C4)ccc23)c1,O=C(CNc1ccccc1)Nc1cccc2nc(N3CCCC3)ccc12,30.0,1.4771212547196624,EXACT_QUANTITATIVE
14763400,CHEMBL1927707,O=C(CCc1ccccc1O)Nc1ccccc1,O=C(CCc1ccccc1)Nc1ccccc1,30.0,1.4771212547196624,EXACT_QUANTITATIVE
14763402,CHEMBL1371,O=c1[nH]c2cc(Cl)ccc2o1,O=c1[nH]c2ccccc2o1,30.13,1.478999131673357,EXACT_QUANTITATIVE
14763407,CHEMBL2062774,CCOc1noc2cc(OCCC3CCN(c4ccc(C)nn4)CC3)ccc12,c1cnnc(N2CCC(CCOc3ccc4cnoc4c3)CC2)c1,30.2,1.4800069429571505,EXACT_QUANTITATIVE
14763408,CHEMBL258282,CN1CCN(CCOc2n[nH]c3ncnc(Nc4ccc(OCc5ccccn5)c(Cl)c4)c23)CC1,c1ccc(COc2ccc(Nc3ncnc4[nH]nc(OCCN5CCNCC5)c34)cc2)nc1,30.2,1.4800069429571505,EXACT_QUANTITATIVE
14763409,CHEMBL184721,Cc1ccc(NC(=O)c2cccc(N3CCOCC3)c2)cc1NC(=O)c1ccc(OCc2ccccn2)cc1,O=C(Nc1cccc(NC(=O)c2cccc(N3CCOCC3)c2)c1)c1ccc(OCc2ccccn2)cc1,30.33,1.4818724103106635,EXACT_QUANTITATIVE
14763410,CHEMBL95,Nc1c2c(nc3ccccc13)CCCC2,c1ccc2nc3c(cc2c1)CCCC3,30.5,1.4842998393467859,EXACT_QUANTITATIVE
14763411,CHEMBL1951906,CCN(C(=O)Cc1ccc(S(C)(=O)=O)cc1)C1CCN(CC[C@@H](c2ccccc2)C2CCN(S(C)(=O)=O)CC2)CC1,O=C(Cc1ccccc1)NC1CCN(CCC(c2ccccc2)C2CCNCC2)CC1,30.5,1.4842998393467859,EXACT_QUANTITATIVE
14763412,CHEMBL1384203,CC(NCC(O)c1ccc([N+](=O)[O-])cc1)C12CC3CC(CC(C3)C1)C2,c1ccc(CCNCC23CC4CC(CC(C4)C2)C3)cc1,30.5,1.4842998393467859,EXACT_QUANTITATIVE
14763419,CHEMBL267144,CC(C)[C@H]1C(=O)N[C@H](CO)Cc2ccccc2N1C,O=C1CNc2ccccc2CCN1,30.9,1.4899584794248346,EXACT_QUANTITATIVE
14763420,CHEMBL91428,COc1cc2ncnc(Nc3cc4ccccc4cn3)c2cc1OC,c1ccc2cc(Nc3ncnc4ccccc34)ncc2c1,30.9,1.4899584794248346,EXACT_QUANTITATIVE
14763424,CHEMBL1916281,Cc1ccc(S(=O)(=O)Nc2c(C(=O)NC(C)C(C)(C)C)c(C)nn2-c2ccccc2)cc1,O=S(=O)(Nc1ccnn1-c1ccccc1)c1ccccc1,31.0,1.4913616938342726,EXACT_QUANTITATIVE
14763425,CHEMBL1770469,CSCCC(NC(=O)c1cnccn1)c1nc2ccccc2[nH]1,O=C(NCc1nc2ccccc2[nH]1)c1cnccn1,31.0,1.4913616938342726,EXACT_QUANTITATIVE
14763426,CHEMBL444884,NC(=O)c1sc(-c2ccc(Cl)cc2)cc1N,c1ccc(-c2cccs2)cc1,31.0,1.4913616938342726,EXACT_QUANTITATIVE
14763427,CHEMBL380947,CC(C)(CO)Nc1nc(SCc2cccc(F)c2F)nc2nc(N)sc12,c1ccc(CSc2ncc3scnc3n2)cc1,31.0,1.4913616938342726,EXACT_QUANTITATIVE
14763430,CHEMBL33899,CC/C(=C(\c1ccccc1)c1ccc(/C=C/C(=O)O)cc1)c1ccccc1,C(=C(c1ccccc1)c1ccccc1)c1ccccc1,31.62,1.4999618655961902,EXACT_QUANTITATIVE
14763432,CHEMBL1917434,CCN(C(C)=O)c1cccc2c1c(Sc1ccc(Cl)cc1)c(C)n2CC(=O)O,c1ccc(Sc2c[nH]c3ccccc23)cc1,32.0,1.505149978319906,EXACT_QUANTITATIVE
14763437,CHEMBL1302675,CCn1c(SCC(=O)Nc2cc(C)on2)nnc1-c1ccccc1,O=C(CSc1nnc(-c2ccccc2)[nH]1)Nc1ccon1,32.36,1.5100085129402347,EXACT_QUANTITATIVE
14763438,CHEMBL1962788,O=c1c2c3n(c(=O)cc2[nH]n1-c1ccccc1Cl)CCCN(Cc1ccccc1)C3,O=c1c2c3n(c(=O)cc2[nH]n1-c1ccccc1)CCCN(Cc1ccccc1)C3,32.36,1.5100085129402347,EXACT_QUANTITATIVE
14763441,CHEMBL1683035,COc1cc2nnc(C(N)=O)c(Nc3ccc(F)cc3F)c2cc1N1CCN(C)CC1,c1ccc(Nc2cnnc3ccc(N4CCNCC4)cc23)cc1,33.0,1.5185139398778875,EXACT_QUANTITATIVE
14763442,CHEMBL1934415,Cc1ccc(S(=O)(=O)Nc2c(C(=O)N[C@@H](C)C(C)(C)C)c(C)nn2C2CCCCC2)cc1,O=S(=O)(Nc1ccnn1C1CCCCC1)c1ccccc1,33.0,1.5185139398778875,EXACT_QUANTITATIVE
14763443,CHEMBL2171041,CN(C)c1ccccc1S(=O)(=O)NC(=O)N1CCC(N2CCC(Oc3ccc(Cl)c(Cl)c3)CC2)CC1,O=C(NS(=O)(=O)c1ccccc1)N1CCC(N2CCC(Oc3ccccc3)CC2)CC1,33.0,1.5185139398778875,EXACT_QUANTITATIVE
14763444,CHEMBL205526,CC(C)Cn1c(=O)n(C)c(=O)c2c(SCCCO)c(Cc3cccc4ccccc34)sc21,O=c1[nH]c(=O)c2cc(Cc3cccc4ccccc34)sc2[nH]1,33.0,1.5185139398778875,EXACT_QUANTITATIVE
14763445,CHEMBL564366,Cc1ccc2nc(CCNCCCO)ccc2c1NC(=O)CC12CC3CC(CC(C3)C1)C2,O=C(CC12CC3CC(CC(C3)C1)C2)Nc1cccc2ncccc12,33.0,1.5185139398778875,EXACT_QUANTITATIVE
14763446,CHEMBL1807818,O=c1[nH]c2c(O)ccc([C@@H](O)CNCCCSCCOCCc3ccccc3)c2s1,O=c1[nH]c2cccc(CCNCCCSCCOCCc3ccccc3)c2s1,33.0,1.5185139398778875,EXACT_QUANTITATIVE
14763447,CHEMBL557697,O=C(O)c1cccc(-c2ccc3c(C(=O)NCC45CC6CC(CC(C6)C4)C5)c(Cl)ccc3n2)c1,O=C(NCC12CC3CC(CC(C3)C1)C2)c1cccc2nc(-c3ccccc3)ccc12,33.0,1.5185139398778875,EXACT_QUANTITATIVE
14763449,CHEMBL1605684,CC(=O)c1cn(Cc2ccccc2)c(=O)n(Cc2ccc(F)cc2)c1=O,O=c1ccn(Cc2ccccc2)c(=O)n1Cc1ccccc1,33.11,1.5199591807520685,EXACT_QUANTITATIVE
14763450,CHEMBL1164184,O=C(Nc1ncc(F)s1)C(CC1CCOCC1)c1ccc(S(=O)(=O)C2CC2)cc1,O=C(Nc1nccs1)C(CC1CCOCC1)c1ccc(S(=O)(=O)C2CC2)cc1,33.11,1.5199591807520685,EXACT_QUANTITATIVE
14763454,CHEMBL2338020,CCc1[nH]c2nc(Sc3cnc4ccc[n+]([O-])c4c3)nc(N3C[C@@H]4[C@@H](N)[C@@H]4C3)c2c1Cl,c1c[nH+]c2cc(Sc3nc(N4CC5CC5C4)c4cc[nH]c4n3)cnc2c1,33.88,1.5299434016586693,EXACT_QUANTITATIVE
14763455,CHEMBL1091137,CC/C(=C(/c1ccc(O)cc1)c1ccc(/C=C/C(=O)O)cc1)c1ccccc1,C(=C(c1ccccc1)c1ccccc1)c1ccccc1,33.88,1.5299434016586693,EXACT_QUANTITATIVE
14763457,CHEMBL1921944,C[C@@](C(=O)O[C@H]1C[N+]2(CC(=O)Nc3cccc(F)c3)CCC1CC2)(c1ccccc1)N1CCCCC1,O=C(C[N+]12CCC(CC1)C(OC(=O)C(c1ccccc1)N1CCCCC1)C2)Nc1ccccc1,34.0,1.5314789170422551,EXACT_QUANTITATIVE
14763458,CHEMBL1221660,CCOC(=O)N1CCC(Nc2cc(Cl)ccn2)CC1,c1ccc(NC2CCNCC2)nc1,34.0,1.5314789170422551,EXACT_QUANTITATIVE
14763462,CHEMBL1483,CCCSc1ccc2[nH]c(NC(=O)OC)nc2c1,c1ccc2[nH]cnc2c1,34.67,1.5399538416563967,EXACT_QUANTITATIVE
14763463,CHEMBL569738,Cc1cc(Nc2cncc(N[C@@H](C)c3ccc(F)cn3)n2)n[nH]1,c1ccc(CNc2cncc(Nc3cc[nH]n3)n2)nc1,34.67,1.5399538416563967,EXACT_QUANTITATIVE
14763464,CHEMBL1094250,Cc1cc2c(C(=O)NC[C@H](C)c3ccccc3)c(O)c(O)cc2c(O)c1-c1c(C)cc2c(C(=O)NC[C@H](C)c3ccccc3)c(O)c(O)cc2c1O,O=C(NCCc1ccccc1)c1cccc2cc(-c3ccc4c(C(=O)NCCc5ccccc5)cccc4c3)ccc12,34.67,1.5399538416563967,EXACT_QUANTITATIVE
14763466,CHEMBL1963462,C[C@@](C(=O)OC1CC[N+](C)(C)CC1)(c1ccccc1)C1CCCC1,O=C(OC1CC[NH2+]CC1)C(c1ccccc1)C1CCCC1,35.0,1.5440680443502757,EXACT_QUANTITATIVE
14763467,CHEMBL323776,CN(CCNCCc1ccc(O)c2nc(O)sc12)C(=O)CCOCCc1ccccc1,O=C(CCOCCc1ccccc1)NCCNCCc1cccc2ncsc12,35.0,1.5440680443502757,EXACT_QUANTITATIVE
14763468,CHEMBL1945044,COc1cccc(CNCc2cccc(CCNC[C@H](O)c3ccc(O)c4[nH]c(=O)sc34)c2)c1,O=c1[nH]c2cccc(CCNCCc3cccc(CNCc4ccccc4)c3)c2s1,35.0,1.5440680443502757,EXACT_QUANTITATIVE
14763469,CHEMBL110999,CN(CCCOCCOCCc1ccccc1)CCc1ccc(O)c2nc(O)sc12,c1ccc(CCOCCOCCCNCCc2cccc3ncsc23)cc1,35.0,1.5440680443502757,EXACT_QUANTITATIVE
14763470,CHEMBL1916261,CCC(CC)NC(=O)c1nnn(-c2ccccc2)c1NS(=O)(=O)c1ccc(C)cc1,O=S(=O)(Nc1cnnn1-c1ccccc1)c1ccccc1,35.0,1.5440680443502757,EXACT_QUANTITATIVE
14763471,CHEMBL1800472,CN(CCNC[C@H](O)c1ccc(O)c2[nH]c(=O)sc12)C(=O)CCOCCc1ccccc1,O=C(CCOCCc1ccccc1)NCCNCCc1cccc2[nH]c(=O)sc12,35.0,1.5440680443502757,EXACT_QUANTITATIVE
14763472,CHEMBL1807871,O=c1[nH]c2c(O)ccc([C@@H](O)CNCCCSCCNCCc3cccc(Cl)c3Cl)c2s1,O=c1[nH]c2cccc(CCNCCCSCCNCCc3ccccc3)c2s1,35.0,1.5440680443502757,EXACT_QUANTITATIVE
14763473,CHEMBL414017,Nc1nc(N)c2cc(NCc3ccc(Cl)c(Cl)c3)ccc2n1,c1ccc(CNc2ccc3ncncc3c2)cc1,35.0,1.5440680443502757,EXACT_QUANTITATIVE
14763474,CHEMBL1807822,O=c1[nH]c2c(O)ccc([C@@H](O)CNCCCOCCOCCc3cccc4ccccc34)c2s1,O=c1[nH]c2cccc(CCNCCCOCCOCCc3cccc4ccccc34)c2s1,35.0,1.5440680443502757,EXACT_QUANTITATIVE
14763475,CHEMBL833,Clc1ccccc1CN1CCc2sccc2C1,c1ccc(CN2CCc3sccc3C2)cc1,35.0,1.5440680443502757,EXACT_QUANTITATIVE
14763476,CHEMBL1631889,C(#Cc1n[nH]c2ccccc12)c1ccccc1,C(#Cc1n[nH]c2ccccc12)c1ccccc1,35.0,1.5440680443502757,EXACT_QUANTITATIVE
14763484,CHEMBL2216859,CC(C)N1CCN(Cc2cnc(-c3cc(-c4cccc5[nH]ccc45)cc4[nH]ncc34)o2)CC1,c1cc(-c2cc(-c3ncc(CN4CCNCC4)o3)c3cn[nH]c3c2)c2cc[nH]c2c1,35.48,1.5499836111596887,EXACT_QUANTITATIVE
14763486,CHEMBL111402,Oc1nc2c(O)ccc(CCNCCCSCCOCCc3cccc4ccccc34)c2s1,c1ccc2c(CCOCCSCCCNCCc3cccc4ncsc34)cccc2c1,36.0,1.5563025007672873,EXACT_QUANTITATIVE
14763487,CHEMBL186995,O=C(NCc1ccccc1Cl)c1cccnc1Oc1ccccc1,O=C(NCc1ccccc1)c1cccnc1Oc1ccccc1,36.0,1.5563025007672873,EXACT_QUANTITATIVE
14763488,CHEMBL1917436,CC(=O)Nc1ccc2c(c1)c(Sc1ccc(Cl)cc1)c(C)n2CC(=O)O,c1ccc(Sc2c[nH]c3ccccc23)cc1,36.0,1.5563025007672873,EXACT_QUANTITATIVE
14763489,CHEMBL369274,CCCN(CCC)CCc1ccc(O)c(NC(C)=O)c1,c1ccccc1,36.0,1.5563025007672873,EXACT_QUANTITATIVE
14763495,CHEMBL554,CS(=O)(=O)CCNCc1ccc(-c2ccc3ncnc(Nc4ccc(OCc5cccc(F)c5)c(Cl)c4)c3c2)o1,c1ccc(COc2ccc(Nc3ncnc4ccc(-c5ccco5)cc34)cc2)cc1,36.31,1.5600262489128924,EXACT_QUANTITATIVE
14763498,CHEMBL1770297,CCOc1ccc2oc(C(=O)NC(CCSC)c3nc4ccccc4[nH]3)c(C)c2c1,O=C(NCc1nc2ccccc2[nH]1)c1cc2ccccc2o1,37.0,1.568201724066995,EXACT_QUANTITATIVE
14763499,CHEMBL1922048,C[C@@](C(=O)O[C@H]1C[N+]2(CC(=O)Nc3ccncn3)CCC1CC2)(c1ccccc1)N1CCCCC1,O=C(C[N+]12CCC(CC1)C(OC(=O)C(c1ccccc1)N1CCCCC1)C2)Nc1ccncn1,37.0,1.568201724066995,EXACT_QUANTITATIVE
14763500,CHEMBL1934270,Cc1ccc(S(=O)(=O)Nc2c(C(=O)N[C@@H](C)C(C)(C)C)c(C)nn2C(C)(C)C)cc1,O=S(=O)(Nc1ccn[nH]1)c1ccccc1,37.0,1.568201724066995,EXACT_QUANTITATIVE
14763501,CHEMBL71,CN(C)CCCN1c2ccccc2Sc2ccc(Cl)cc21,c1ccc2c(c1)Nc1ccccc1S2,37.15,1.569958818096594,EXACT_QUANTITATIVE
14763502,CHEMBL1299757,Nc1nc(-c2ccccn2)nc(N)c1Cc1ccc(Cl)cc1Cl,c1ccc(Cc2cnc(-c3ccccn3)nc2)cc1,37.15,1.569958818096594,EXACT_QUANTITATIVE
14764280,CHEMBL1921926,C[C@@](C(=O)O[C@H]1C[N+]2(CCCc3ccc4ncsc4c3)CCC1CC2)(c1ccccc1)N1CCCCC1,O=C(OC1C[N+]2(CCCc3ccc4ncsc4c3)CCC1CC2)C(c1ccccc1)N1CCCCC1,38.0,1.5797835966168101,EXACT_QUANTITATIVE
14764281,CHEMBL2169920,O=C1COc2c(CCNCCN(C(=O)CCNCCc3ccc(Cl)c(Cl)c3)C3CCCCC3)ccc(O)c2N1,O=C1COc2c(CCNCCN(C(=O)CCNCCc3ccccc3)C3CCCCC3)cccc2N1,38.0,1.5797835966168101,EXACT_QUANTITATIVE
14764282,CHEMBL1916274,Cc1ccc(S(=O)(=O)Nc2c(C(=O)NC3CCCCC3)c(C)nn2-c2ccccc2)cc1,O=C(NC1CCCCC1)c1cnn(-c2ccccc2)c1NS(=O)(=O)c1ccccc1,38.0,1.5797835966168101,EXACT_QUANTITATIVE
14764283,CHEMBL550438,CC1CCC(CC(=O)Nc2cccc3ncccc23)CC1,O=C(CC1CCCCC1)Nc1cccc2ncccc12,38.0,1.5797835966168101,EXACT_QUANTITATIVE
14764289,CHEMBL46740,Cc1c(-c2ccc(O)cc2)n(Cc2ccc(OCCN3CCCCCC3)cc2)c2ccc(O)cc12,c1ccc(-c2cc3ccccc3n2Cc2ccc(OCCN3CCCCCC3)cc2)cc1,38.02,1.5800121125294244,EXACT_QUANTITATIVE
14764294,CHEMBL132227,CC(=O)NCc1cccc(C(=O)O)c1,c1ccccc1,38.9,1.5899496013257077,EXACT_QUANTITATIVE
14764295,CHEMBL1222381,O=C(NC1CC1)c1cc(-c2cccs2)on1,O=C(NC1CC1)c1cc(-c2cccs2)on1,38.9,1.5899496013257077,EXACT_QUANTITATIVE
14764298,CHEMBL205742,CC(C)Cn1c(=O)n(C)c(=O)c2c(C(=O)N3CC[C@@H](O)C3)c(Cc3ccnc4ccccc34)sc21,O=C(c1c(Cc2ccnc3ccccc23)sc2[nH]c(=O)[nH]c(=O)c12)N1CCCC1,39.0,1.591064607026499,EXACT_QUANTITATIVE
14764299,CHEMBL1088913,NCCCCN(Cc1nc2ccccc2[nH]1)C1CCCc2cccnc21,c1cnc2c(c1)CCCC2NCc1nc2ccccc2[nH]1,39.25,1.5938396610812713,EXACT_QUANTITATIVE
14764304,CHEMBL2046990,Nc1ccc(-c2ccccc2Cl)cc1,c1ccc(-c2ccccc2)cc1,39.81,1.599992177584098,EXACT_QUANTITATIVE
14764305,CHEMBL1916282,Cc1ccc(S(=O)(=O)Nc2c(C(=O)N[C@@H](C)C(C)(C)C)c(C)nn2-c2ccccc2)cc1,O=S(=O)(Nc1ccnn1-c1ccccc1)c1ccccc1,39.83,1.600210306409328,EXACT_QUANTITATIVE
14764308,CHEMBL564607,O=C(O)c1ccc(-c2ccc(Cl)c(C(=O)NCC34CC5CC(CC(C5)C3)C4)c2)cc1,O=C(NCC12CC3CC(CC(C3)C1)C2)c1cccc(-c2ccccc2)c1,40.0,1.6020599913279623,EXACT_QUANTITATIVE
14764309,CHEMBL257178,N#Cc1ccc2[nH]c(-c3ccc(F)cc3)c(CCCC(=O)NS(=O)(=O)C(F)(F)F)c2c1,c1ccc(-c2cc3ccccc3[nH]2)cc1,40.4,1.606381365110605,EXACT_QUANTITATIVE
14764310,CHEMBL2326624,COc1cccc2c1c(NS(=O)(=O)c1ccc(Cl)s1)nn2Cc1cccc(CNC(=O)[C@@H]2COCCN2)c1,O=C(NCc1cccc(Cn2nc(NS(=O)(=O)c3cccs3)c3ccccc32)c1)C1COCCN1,40.5,1.6074550232146685,EXACT_QUANTITATIVE
14764315,CHEMBL1359777,Cc1cc(C(=O)Cn2cc(C(F)(F)F)ccc2=O)c(C)n1Cc1ccccc1,O=C(Cn1ccccc1=O)c1ccn(Cc2ccccc2)c1,40.74,1.6100210246641453,EXACT_QUANTITATIVE
14764317,CHEMBL387125,CON(C)C(=O)c1c(Cn2c(C)nc(Cl)c2Cl)sc2c1c(=O)n(C)c(=O)n2CC(C)C,O=c1[nH]c(=O)c2cc(Cn3ccnc3)sc2[nH]1,41.0,1.6127838567197355,EXACT_QUANTITATIVE
14764318,CHEMBL1924032,CC(C(=O)OC1CC[N+](C)(C)CC1)(c1ccccc1)N1CCC(F)(F)CC1,O=C(OC1CC[NH2+]CC1)C(c1ccccc1)N1CCCCC1,41.0,1.6127838567197355,EXACT_QUANTITATIVE
14764319,CHEMBL1080786,N#C[C@]1(NC(=O)[C@@H](N)Cc2cccs2)C[C@H]1c1ccccc1,O=C(CCc1cccs1)NC1CC1c1ccccc1,41.0,1.6127838567197355,EXACT_QUANTITATIVE
14764320,CHEMBL550777,NC1CCN(c2nccc(C(=O)NCC34CC5CC(CC(C5)C3)C4)c2Cl)CC1,O=C(NCC12CC3CC(CC(C3)C1)C2)c1ccnc(N2CCCCC2)c1,41.0,1.6127838567197355,EXACT_QUANTITATIVE
14764321,CHEMBL2023704,COc1ccc(-c2ccnc(N)n2)cc1,c1ccc(-c2ccncn2)cc1,41.0,1.6127838567197355,EXACT_QUANTITATIVE
14764325,CHEMBL723,COc1ccccc1OCCNCC(O)COc1cccc2[nH]c3ccccc3c12,c1ccc(OCCNCCCOc2cccc3[nH]c4ccccc4c23)cc1,41.69,1.6200318951262973,EXACT_QUANTITATIVE
14764326,CHEMBL1209914,CC(=O)N1N=C(c2ccc(Br)cc2)CC1c1ccc(C)cc1,c1ccc(C2=NNC(c3ccccc3)C2)cc1,41.69,1.6200318951262973,EXACT_QUANTITATIVE
14764329,CHEMBL1963231,CC(C(=O)O[C@@H]1CC[N+](C)(C)C1)(c1ccccc1)C1CCCC1,O=C(OC1CC[NH2+]C1)C(c1ccccc1)C1CCCC1,42.0,1.6232492903979006,EXACT_QUANTITATIVE
14764330,CHEMBL551360,O=C(CC12CC3CC(CC(C3)C1)C2)Nc1cccc2c(=O)n(C(CO)CO)ccc12,O=C(CC12CC3CC(CC(C3)C1)C2)Nc1cccc2c(=O)[nH]ccc12,42.0,1.6232492903979006,EXACT_QUANTITATIVE
14764331,CHEMBL178737,O=C1NC(=O)C(c2cnc3ccccn23)=C1c1cn2c3c(cccc13)CN(C(=O)N1CCOCC1)CC2,O=C1NC(=O)C(c2cnc3ccccn23)=C1c1cn2c3c(cccc13)CN(C(=O)N1CCOCC1)CC2,42.0,1.6232492903979006,EXACT_QUANTITATIVE
14764332,CHEMBL1916283,Cc1ccc(S(=O)(=O)Nc2c(C(=O)N[C@H](C)C(C)(C)C)c(C)nn2-c2ccccc2)cc1,O=S(=O)(Nc1ccnn1-c1ccccc1)c1ccccc1,42.0,1.6232492903979006,EXACT_QUANTITATIVE
14764333,CHEMBL395340,CC[C@H](CO)Nc1nc(SCc2cccc(F)c2F)nc2nc(NC(C)C)sc12,c1ccc(CSc2ncc3scnc3n2)cc1,42.0,1.6232492903979006,EXACT_QUANTITATIVE
14764342,CHEMBL2335881,COCCNCc1ccc(Nc2ncc3cc(-c4ccncc4)ccc3n2)cc1,c1ccc(Nc2ncc3cc(-c4ccncc4)ccc3n2)cc1,42.66,1.63002085111341,EXACT_QUANTITATIVE
14764343,CHEMBL406852,COc1nc(N)nc2c1ncn2[C@@H]1O[C@H](CO)[C@@H](O)[C@H]1O,c1ncc2ncn(C3CCCO3)c2n1,42.66,1.63002085111341,EXACT_QUANTITATIVE
14764347,CHEMBL1934271,CCC(CC)n1nc(C)c(C(=O)N[C@@H](C)C(C)(C)C)c1NS(=O)(=O)c1ccc(C)cc1,O=S(=O)(Nc1ccn[nH]1)c1ccccc1,43.0,1.6334684555795864,EXACT_QUANTITATIVE
14764348,CHEMBL1770298,Cc1ccc(C(NC(=O)c2ccccc2O)C(=O)Nc2c(C)cccc2C)s1,O=C(NC(C(=O)Nc1ccccc1)c1cccs1)c1ccccc1,43.0,1.6334684555795864,EXACT_QUANTITATIVE
14764351,CHEMBL190747,COc1ccc(OC)c(CNC(=O)c2cccnc2Oc2ccccc2)c1,O=C(NCc1ccccc1)c1cccnc1Oc1ccccc1,43.5,1.6384892569546374,EXACT_QUANTITATIVE
14764354,CHEMBL23,COc1ccc([C@@H]2Sc3ccccc3N(CCN(C)C)C(=O)[C@@H]2OC(C)=O)cc1,O=C1CC(c2ccccc2)Sc2ccccc2N1,43.65,1.6399842480415885,EXACT_QUANTITATIVE
14764355,CHEMBL1094168,CS(=O)(=O)c1ccc([C@H](CC2CCCC2)C(=O)Nc2nccs2)cc1,O=C(Nc1nccs1)C(CC1CCCC1)c1ccccc1,43.65,1.6399842480415885,EXACT_QUANTITATIVE
14764357,CHEMBL2018964,COc1cccc2c1c(NS(=O)(=O)c1ccc(Cl)s1)nn2Cc1cccc(CNC(C)=O)c1,O=S(=O)(Nc1nn(Cc2ccccc2)c2ccccc12)c1cccs1,44.0,1.6434526764861874,EXACT_QUANTITATIVE
14764358,CHEMBL1945290,CCOc1ccccc1CNCc1cccc(CCNC[C@H](O)c2ccc(O)c3[nH]c(=O)sc23)c1,O=c1[nH]c2cccc(CCNCCc3cccc(CNCc4ccccc4)c3)c2s1,44.0,1.6434526764861874,EXACT_QUANTITATIVE
14764362,CHEMBL223713,CCc1cccc2c1N(C)Cc1cc3c(cc1-2)OCO3,c1ccc2c(c1)NCc1cc3c(cc1-2)OCO3,44.67,1.6500159524718385,EXACT_QUANTITATIVE
14764363,CHEMBL1921917,C[C@@](C(=O)O[C@H]1C[N+]2(CCCc3ccncc3)CCC1CC2)(c1ccccc1)N1CCCCC1,O=C(OC1C[N+]2(CCCc3ccncc3)CCC1CC2)C(c1ccccc1)N1CCCCC1,45.0,1.6532125137753437,EXACT_QUANTITATIVE
14764364,CHEMBL1831078,NC(=O)Nc1cc(-c2ccsc2)sc1C(N)=O,c1csc(-c2ccsc2)c1,45.0,1.6532125137753437,EXACT_QUANTITATIVE
14764365,CHEMBL1945291,COc1ccccc1CN(C)Cc1cccc(CCNC[C@H](O)c2ccc(O)c3[nH]c(=O)sc23)c1,O=c1[nH]c2cccc(CCNCCc3cccc(CNCc4ccccc4)c3)c2s1,45.0,1.6532125137753437,EXACT_QUANTITATIVE
14764366,CHEMBL1927039,N#Cc1ccc(Nc2nccc(NC3CC3)n2)cc1,c1ccc(Nc2nccc(NC3CC3)n2)cc1,45.0,1.6532125137753437,EXACT_QUANTITATIVE
14764371,CHEMBL841,CN(C)C(=O)C(CCN1CCC(O)(c2ccc(Cl)cc2)CC1)(c1ccccc1)c1ccccc1,c1ccc(C2CCN(CCC(c3ccccc3)c3ccccc3)CC2)cc1,45.71,1.6600112212893308,EXACT_QUANTITATIVE
14764375,CHEMBL518924,NCCCCN(Cc1nc2ccccc2[nH]1)[C@H]1CCCc2cccnc21,c1cnc2c(c1)CCCC2NCc1nc2ccccc2[nH]1,46.0,1.662757831681574,EXACT_QUANTITATIVE
14764376,CHEMBL430381,OCC(CO)Nc1nc(SCc2cccc(F)c2F)nc2nc(NC3CC3)sc12,c1ccc(CSc2ncc3sc(NC4CC4)nc3n2)cc1,46.0,1.662757831681574,EXACT_QUANTITATIVE
14764380,CHEMBL2069623,Nc1ncnc2c1c(COc1cccc(Cl)c1)nn2C1CCOCC1,c1ccc(OCc2nn(C3CCOCC3)c3ncncc23)cc1,46.77,1.6699673699085043,EXACT_QUANTITATIVE
14764381,CHEMBL1412343,Cc1ccccc1NC(=O)CCS(=O)(=O)c1ccc(Br)s1,O=C(CCS(=O)(=O)c1cccs1)Nc1ccccc1,46.77,1.6699673699085043,EXACT_QUANTITATIVE
14764383,CHEMBL1945041,O=c1[nH]c2c(O)ccc([C@@H](O)CNCCc3cccc(CNCc4ccccc4Cl)c3)c2s1,O=c1[nH]c2cccc(CCNCCc3cccc(CNCc4ccccc4)c3)c2s1,47.0,1.6720978579357175,EXACT_QUANTITATIVE
14764385,CHEMBL2207654,O=C(NC[C@@H](O)CN1CCC(Oc2ccc(Cl)c(Cl)c2)CC1)c1c[nH]c(=O)c2cc(S(=O)(=O)N3CCC3)ccc12,O=C(NCCCN1CCC(Oc2ccccc2)CC1)c1c[nH]c(=O)c2cc(S(=O)(=O)N3CCC3)ccc12,48.0,1.6812412373755872,EXACT_QUANTITATIVE
14764386,CHEMBL513370,COc1ccc(N(C(=O)c2ccoc2Cl)C(C(=O)NC[C@@H](C)O)c2ccccc2F)c(OC)c1,O=C(c1ccoc1)N(Cc1ccccc1)c1ccccc1,48.0,1.6812412373755872,EXACT_QUANTITATIVE
14764388,CHEMBL322479,CC(C)(CCCCCOCCc1ccccc1)NCCc1ccc(O)c2nc(O)sc12,c1ccc(CCOCCCCCCNCCc2cccc3ncsc23)cc1,48.67,1.6872613462435064,EXACT_QUANTITATIVE
14764390,CHEMBL2137199,OC(c1ccc(-c2ccc(CN3CCN(Cc4ccncc4)CC3)cc2)c(F)c1)(C(F)(F)F)C(F)(F)F,c1ccc(-c2ccc(CN3CCN(Cc4ccncc4)CC3)cc2)cc1,48.98,1.6900187807886953,EXACT_QUANTITATIVE
14764391,CHEMBL408,Cc1c(C)c2c(c(C)c1O)CCC(C)(COc1ccc(CC3SC(=O)NC3=O)cc1)O2,O=C1NC(=O)C(Cc2ccc(OCC3CCc4ccccc4O3)cc2)S1,48.98,1.6900187807886953,EXACT_QUANTITATIVE
14764392,CHEMBL217943,O=C(NCc1ccccc1)c1ccc2cccnc2c1O,O=C(NCc1ccccc1)c1ccc2cccnc2c1,49.0,1.6901960800285136,EXACT_QUANTITATIVE
14764393,CHEMBL1082812,N#Cc1c(-c2ccccc2)nc(SCCc2ccccc2)[nH]c1=O,O=c1cc(-c2ccccc2)nc(SCCc2ccccc2)[nH]1,49.0,1.6901960800285136,EXACT_QUANTITATIVE
14764395,CHEMBL2018969,COc1cccc2c1c(NS(=O)(=O)c1ccc(Cl)s1)nn2Cc1cccc(CNC(=O)C(C)(C)O)c1,O=S(=O)(Nc1nn(Cc2ccccc2)c2ccccc12)c1cccs1,50.0,1.6989700043360187,EXACT_QUANTITATIVE
14764396,CHEMBL479,CSc1ccc2c(c1)N(CCC1CCCCN1C)c1ccccc1S2,c1ccc2c(c1)Sc1ccccc1N2CCC1CCCCN1,50.0,1.6989700043360187,EXACT_QUANTITATIVE
14764403,CHEMBL100979,Cc1nc2ccccn2c1-c1ccnc(N)n1,c1ccn2c(-c3ccncn3)cnc2c1,50.12,1.7000110623221123,EXACT_QUANTITATIVE
14764404,CHEMBL2361207,COc1ccc(C#Cc2ccc([C@@H]3[C@H](CO)N4CCCCN(C(=O)Nc5cccc(F)c5)C[C@@H]34)cc2)cc1,O=C(Nc1ccccc1)N1CCCCN2CC(c3ccc(C#Cc4ccccc4)cc3)C2C1,50.12,1.7000110623221123,EXACT_QUANTITATIVE
14764405,CHEMBL2171017,COc1ccc(C(=O)NCCN2CCN(Cc3ccc(Cl)c(Cl)c3)CC2)cc1Cl,O=C(NCCN1CCN(Cc2ccccc2)CC1)c1ccccc1,50.5,1.7032913781186614,EXACT_QUANTITATIVE
14764409,CHEMBL464081,CC1(C)[C@@H]2CC[C@@]1(CS(=O)(=O)N1CCN(c3ccc(C(F)(F)F)cn3)CC1)C(=O)C2,O=C1CC2CCC1(CS(=O)(=O)N1CCN(c3ccccn3)CC1)C2,51.0,1.7075701760979363,EXACT_QUANTITATIVE
14764414,CHEMBL2331843,CCc1[nH]c2nc(Sc3cnc4ccc[n+]([O-])c4c3)nc(N3CC[C@@H](N)C3)c2c1Cl,c1c[nH+]c2cc(Sc3nc(N4CCCC4)c4cc[nH]c4n3)cnc2c1,51.29,1.7100326990657535,EXACT_QUANTITATIVE
14764415,CHEMBL1610669,CC(C)CCOc1ccc(N)cc1,c1ccccc1,51.29,1.7100326990657535,EXACT_QUANTITATIVE
14764416,CHEMBL2152252,CNC(=O)c1nc(-c2ccc(Cl)c(S(=O)(=O)Nc3cccc(F)c3F)c2)cnc1N,O=S(=O)(Nc1ccccc1)c1cccc(-c2cnccn2)c1,51.29,1.7100326990657535,EXACT_QUANTITATIVE
14764426,CHEMBL2349318,CCC[C@H](CO)Nc1nc(S[C@@H](C)c2cccc(C#N)c2)nc2[nH]c(=O)sc12,O=c1[nH]c2nc(SCc3ccccc3)ncc2s1,52.48,1.7199938263676038,EXACT_QUANTITATIVE
14764429,CHEMBL1922056,C[C@@](C(=O)O[C@H]1C[N+]2(Cc3nc(-c4ccccc4)no3)CCC1CC2)(c1ccccc1)N1CCCCC1,O=C(OC1C[N+]2(Cc3nc(-c4ccccc4)no3)CCC1CC2)C(c1ccccc1)N1CCCCC1,53.0,1.724275869600789,EXACT_QUANTITATIVE
14764430,CHEMBL1916275,Cc1ccc(S(=O)(=O)Nc2c(C(=O)N(C)C3CCCCC3)c(C)nn2-c2ccccc2)cc1,O=C(NC1CCCCC1)c1cnn(-c2ccccc2)c1NS(=O)(=O)c1ccccc1,53.0,1.724275869600789,EXACT_QUANTITATIVE
14764435,CHEMBL1164165,O=c1[nH]c(-c2ccc([N+](=O)[O-])cc2)nc2ccccc12,O=c1[nH]c(-c2ccccc2)nc2ccccc12,53.7,1.7299742856995557,EXACT_QUANTITATIVE
14764437,CHEMBL361431,CCCN1CCC(Oc2nccc(Nc3cc(NC(=O)c4cccc(N5CCOCC5)c4)ccc3C)n2)CC1,O=C(Nc1cccc(Nc2ccnc(OC3CCNCC3)n2)c1)c1cccc(N2CCOCC2)c1,54.0,1.7323937598229686,EXACT_QUANTITATIVE
14764438,CHEMBL1916082,CCC(CC)NC(=O)c1cnn(-c2ccccc2)c1NS(=O)(=O)c1ccc(C)cc1,O=S(=O)(Nc1ccnn1-c1ccccc1)c1ccccc1,54.5,1.7363965022766426,EXACT_QUANTITATIVE
14764446,CHEMBL2178393,Nc1nnc(CCSCCc2nnc(NC(=O)Cc3ccccc3)s2)s1,O=C(Cc1ccccc1)Nc1nnc(CCSCCc2nncs2)s1,54.95,1.7399676967595095,EXACT_QUANTITATIVE
14764447,CHEMBL1940652,COc1ccncc1-c1ccccc1CN(C(=O)c1ccc(-c2ccc(C#N)cc2)o1)c1ccc(N2CCNCC2)cc1,O=C(c1ccc(-c2ccccc2)o1)N(Cc1ccccc1-c1cccnc1)c1ccc(N2CCNCC2)cc1,54.95,1.7399676967595095,EXACT_QUANTITATIVE
14764451,CHEMBL259850,COc1ccc(CNC(=O)Nc2ncc([N+](=O)[O-])s2)cc1,O=C(NCc1ccccc1)Nc1nccs1,56.0,1.7481880270062005,EXACT_QUANTITATIVE
14764452,CHEMBL1924046,CC(C)=CCC[N+]12CCC(CC1)[C@@H](OC(=O)[C@](C)(c1ccccc1)N1CCCCC1)C2,O=C(OC1C[NH+]2CCC1CC2)C(c1ccccc1)N1CCCCC1,56.0,1.7481880270062005,EXACT_QUANTITATIVE
14764453,CHEMBL1945299,COc1ccccc1CNCCc1cccc(CCNC[C@H](O)c2ccc(O)c3[nH]c(=O)sc23)c1,O=c1[nH]c2cccc(CCNCCc3cccc(CCNCc4ccccc4)c3)c2s1,56.0,1.7481880270062005,EXACT_QUANTITATIVE
14764454,CHEMBL110861,Oc1nc2c(O)ccc(CCNCCOCCCOCCc3ccccc3)c2s1,c1ccc(CCOCCCOCCNCCc2cccc3ncsc23)cc1,56.0,1.7481880270062005,EXACT_QUANTITATIVE
14764458,CHEMBL2147032,O=C1COC2(CCN(S(=O)(=O)c3ccc(-c4ccc5cccnc5c4)cc3)CC2)CN1C1CC1,O=C1COC2(CCN(S(=O)(=O)c3ccc(-c4ccc5cccnc5c4)cc3)CC2)CN1C1CC1,56.23,1.749968083509403,EXACT_QUANTITATIVE
14764459,CHEMBL379787,O=C(Nc1nc2ccccc2n1CCN1CCOCC1)c1cccc([N+](=O)[O-])c1,O=C(Nc1nc2ccccc2n1CCN1CCOCC1)c1ccccc1,56.23,1.749968083509403,EXACT_QUANTITATIVE
14764464,CHEMBL1532611,Nc1ccc(OCCc2ccccc2)cc1,c1ccc(CCOc2ccccc2)cc1,57.54,1.7599698575543072,EXACT_QUANTITATIVE
14764466,CHEMBL1263,OCc1cc(C(O)CNCCCCCCOCCCCc2ccccc2)ccc1O,c1ccc(CCCCOCCCCCCNCCc2ccccc2)cc1,58.0,1.7634279935629373,EXACT_QUANTITATIVE
14764467,CHEMBL1916277,Cc1ccc(S(=O)(=O)Nc2c(C(=O)NC3CCCCC3C)c(C)nn2-c2ccccc2)cc1,O=C(NC1CCCCC1)c1cnn(-c2ccccc2)c1NS(=O)(=O)c1ccccc1,58.0,1.7634279935629373,EXACT_QUANTITATIVE
14764469,CHEMBL2326623,COc1cccc2c1c(NS(=O)(=O)c1ccc(Cl)s1)nn2Cc1cccc(CNC(=O)[C@H]2COCCN2)c1,O=C(NCc1cccc(Cn2nc(NS(=O)(=O)c3cccs3)c3ccccc32)c1)C1COCCN1,58.5,1.7671558660821804,EXACT_QUANTITATIVE
14764472,CHEMBL20921,Nc1ccc2nc(SCC(=O)NC3CCN(Cc4ccc(Cl)c(Cl)c4)CC3)sc2c1,O=C(CSc1nc2ccccc2s1)NC1CCN(Cc2ccccc2)CC1,59.0,1.7708520116421442,EXACT_QUANTITATIVE
14764473,CHEMBL1916276,Cc1ccc(S(=O)(=O)Nc2c(C(=O)NC3CCCCC3C)cnn2-c2ccccc2)cc1,O=C(NC1CCCCC1)c1cnn(-c2ccccc2)c1NS(=O)(=O)c1ccccc1,59.0,1.7708520116421442,EXACT_QUANTITATIVE
14764474,CHEMBL1916267,CCC(CC)NC(=O)c1cnn(Cc2ccccc2)c1NS(=O)(=O)c1ccc(C)cc1,O=S(=O)(Nc1ccnn1Cc1ccccc1)c1ccccc1,59.0,1.7708520116421442,EXACT_QUANTITATIVE
14764479,CHEMBL1800658,CC(C)N(CCNCCc1ccc(O)c2[nH]c(=O)sc12)C(=O)CCOCCc1ccccc1,O=C(CCOCCc1ccccc1)NCCNCCc1cccc2[nH]c(=O)sc12,60.0,1.7781512503836436,EXACT_QUANTITATIVE
14764480,CHEMBL1916084,Cc1ccc(S(=O)(=O)Nc2c(C(=O)NC3CCCCC3)cnn2-c2ccccc2)cc1,O=C(NC1CCCCC1)c1cnn(-c2ccccc2)c1NS(=O)(=O)c1ccccc1,60.0,1.7781512503836436,EXACT_QUANTITATIVE
14764483,CHEMBL1645392,Cc1noc(C)c1-c1ccc(CNS(=O)(=O)c2c(C)noc2C)cc1,O=S(=O)(NCc1ccc(-c2cnoc2)cc1)c1cnoc1,60.26,1.7800291273373383,EXACT_QUANTITATIVE
14764484,CHEMBL1381233,O=C(Nc1ccncc1)c1cccc2ccccc12,O=C(Nc1ccncc1)c1cccc2ccccc12,60.26,1.7800291273373383,EXACT_QUANTITATIVE
14764485,CHEMBL1423878,Oc1ncnc2c1c(-c1ccccc1)cn2-c1ccc(Br)cc1,c1ccc(-c2cn(-c3ccccc3)c3ncncc23)cc1,60.26,1.7800291273373383,EXACT_QUANTITATIVE
14764488,CHEMBL1644331,c1ccc(Sc2ccc3ccccc3n2)cc1,c1ccc(Sc2ccc3ccccc3n2)cc1,61.0,1.7853298350107671,EXACT_QUANTITATIVE
14764492,CHEMBL105462,C[C@H](NC(=O)[C@@H](Cc1c[nH]c2ccccc12)NC(=O)[C@@H](N)Cc1c[nH]cn1)C(=O)N[C@@H](Cc1c[nH]c2ccccc12)C(=O)N[C@H](Cc1ccccc1)C(=O)N[C@@H](CCCCN)C(N)=O,O=C(CCc1c[nH]cn1)NC(Cc1c[nH]c2ccccc12)C(=O)NCC(=O)NC(Cc1c[nH]c2ccccc12)C(=O)NCCc1ccccc1,61.66,1.7900035203904894,EXACT_QUANTITATIVE
14764493,CHEMBL1921942,C[C@@](C(=O)O[C@H]1C[N+]2(CC(=O)Nc3ccccc3)CCC1CC2)(c1ccccc1)N1CCCCC1,O=C(C[N+]12CCC(CC1)C(OC(=O)C(c1ccccc1)N1CCCCC1)C2)Nc1ccccc1,62.0,1.792391689498254,EXACT_QUANTITATIVE
14764494,CHEMBL380732,CC[C@H](CO)Nc1nc(SCc2cccc(F)c2F)nc2nc(N)sc12,c1ccc(CSc2ncc3scnc3n2)cc1,62.0,1.792391689498254,EXACT_QUANTITATIVE
14764495,CHEMBL1945289,COc1ccc(CNCc2cccc(CCNC[C@H](O)c3ccc(O)c4[nH]c(=O)sc34)c2)cc1,O=c1[nH]c2cccc(CCNCCc3cccc(CNCc4ccccc4)c3)c2s1,62.0,1.792391689498254,EXACT_QUANTITATIVE
14764496,CHEMBL1770471,CSCCC(NC(=O)c1sccc1Cl)c1nc2ccccc2[nH]1,O=C(NCc1nc2ccccc2[nH]1)c1cccs1,63.0,1.7993405494535817,EXACT_QUANTITATIVE
14764497,CHEMBL1947157,O=c1[nH]c2c(O)ccc([C@@H](O)CNCCc3cccc(CNCCc4c(Cl)cccc4Cl)c3)c2s1,O=c1[nH]c2cccc(CCNCCc3cccc(CNCCc4ccccc4)c3)c2s1,63.0,1.7993405494535817,EXACT_QUANTITATIVE
14764500,CHEMBL2347404,Fc1cccc(COc2ccc(Nc3ncnc4ccc(-c5cccc(N6CCOCC6)c5)cc34)cc2Cl)c1,c1ccc(COc2ccc(Nc3ncnc4ccc(-c5cccc(N6CCOCC6)c5)cc34)cc2)cc1,63.1,1.8000293592441343,EXACT_QUANTITATIVE
14764505,CHEMBL210730,O=C(Nc1nc2ccccc2[nH]1)c1ccccc1,O=C(Nc1nc2ccccc2[nH]1)c1ccccc1,64.0,1.806179973983887,EXACT_QUANTITATIVE
14764506,CHEMBL272551,O=S(=O)(c1ccccc1)N1CCN(Cc2ccccc2)CC1,O=S(=O)(c1ccccc1)N1CCN(Cc2ccccc2)CC1,64.0,1.806179973983887,EXACT_QUANTITATIVE
14764513,CHEMBL1783119,COc1ccc(C(=O)NCc2cn(-c3cc(C)nc4ccc(OC)cc34)nn2)cc1,O=C(NCc1cn(-c2ccnc3ccccc23)nn1)c1ccccc1,64.57,1.8100307864058394,EXACT_QUANTITATIVE
14764519,CHEMBL1921946,C[C@@](C(=O)O[C@H]1C[N+]2(CC(=O)Nc3ccccn3)CCC1CC2)(c1ccccc1)N1CCCCC1,O=C(C[N+]12CCC(CC1)C(OC(=O)C(c1ccccc1)N1CCCCC1)C2)Nc1ccccn1,66.0,1.8195439355418688,EXACT_QUANTITATIVE
14764520,CHEMBL1921936,C[C@@](C(=O)O[C@H]1C[N+]2(CCCOc3ccc(F)cc3)CCC1CC2)(c1ccccc1)N1CCCCC1,O=C(OC1C[N+]2(CCCOc3ccccc3)CCC1CC2)C(c1ccccc1)N1CCCCC1,66.0,1.8195439355418688,EXACT_QUANTITATIVE
14764521,CHEMBL296419,COc1ccc(CCN2CCC(Nc3nc4ccccc4n3Cc3ccc(F)cc3)CC2)cc1,c1ccc(CCN2CCC(Nc3nc4ccccc4n3Cc3ccccc3)CC2)cc1,66.0,1.8195439355418688,EXACT_QUANTITATIVE
14764522,CHEMBL396043,C[C@H](CO)Nc1nc(SCc2cccc(F)c2F)nc2nc(NC3CC3)sc12,c1ccc(CSc2ncc3sc(NC4CC4)nc3n2)cc1,66.0,1.8195439355418688,EXACT_QUANTITATIVE
14764523,CHEMBL550902,O=C(O)c1cncc(-c2ccc(Cl)c(C(=O)NCC34CC5CC(CC(C5)C3)C4)c2)c1,O=C(NCC12CC3CC(CC(C3)C1)C2)c1cccc(-c2cccnc2)c1,66.0,1.8195439355418688,EXACT_QUANTITATIVE
14764524,CHEMBL1921913,C[C@@](C(=O)O[C@H]1C[N+]2(CCc3c[nH]c4ccccc34)CCC1CC2)(c1ccccc1)N1CCCCC1,O=C(OC1C[N+]2(CCc3c[nH]c4ccccc34)CCC1CC2)C(c1ccccc1)N1CCCCC1,66.0,1.8195439355418688,EXACT_QUANTITATIVE
14764525,CHEMBL197714,CCN(C(=O)Cc1ccc(S(C)(=O)=O)cc1)C1CCN(CCC(c2ccccc2)c2ccc(C)cc2)CC1,O=C(Cc1ccccc1)NC1CCN(CCC(c2ccccc2)c2ccccc2)CC1,66.0,1.8195439355418688,EXACT_QUANTITATIVE
14764529,CHEMBL343199,CCOC(=O)Nc1cc2c(c(N)n1)N=C(c1ccccc1)CCN2,c1ccc(C2=Nc3cnccc3NCC2)cc1,66.07,1.8200043068083178,EXACT_QUANTITATIVE
14764530,CHEMBL143305,Cc1cc(CCCOc2c(Cl)cc(C3=NCCO3)cc2Cl)on1,c1cc(CCCOc2ccc(C3=NCCO3)cc2)on1,66.07,1.8200043068083178,EXACT_QUANTITATIVE
14764531,CHEMBL1299863,CCc1c(C)nc(SCC(=O)Nc2nc(-c3ccc(OC)cc3)cs2)nc1O,O=C(CSc1ncccn1)Nc1nc(-c2ccccc2)cs1,66.07,1.8200043068083178,EXACT_QUANTITATIVE
14764532,CHEMBL139,O=C(O)Cc1ccccc1Nc1c(Cl)cccc1Cl,c1ccc(Nc2ccccc2)cc1,66.5,1.8228216453031045,EXACT_QUANTITATIVE
14764536,CHEMBL2181753,CCN(Cc1cc(C(F)(F)F)ccc1-c1cc(CC(=O)O)ccc1OC)C(=O)NCc1ccccc1,O=C(NCc1ccccc1)NCc1ccccc1-c1ccccc1,67.61,1.8300109359361179,EXACT_QUANTITATIVE
14764537,CHEMBL1489611,Cc1cc(C)cc(-c2nnc(SCC(=O)N3CCN(C(=O)c4ccco4)CC3)o2)c1,O=C(CSc1nnc(-c2ccccc2)o1)N1CCN(C(=O)c2ccco2)CC1,67.61,1.8300109359361179,EXACT_QUANTITATIVE
14764538,CHEMBL564885,O=C(NCC12CC3CC(CC(C3)C1)C2)c1ccnc(NCC2CCNCC2)c1Cl,O=C(NCC12CC3CC(CC(C3)C1)C2)c1ccnc(NCC2CCNCC2)c1,68.0,1.8325089127062364,EXACT_QUANTITATIVE
14765312,CHEMBL1807824,CCc1ccc(CCNCCCSCCNC[C@H](O)c2ccc(O)c3[nH]c(=O)sc23)cc1,O=c1[nH]c2cccc(CCNCCSCCCNCCc3ccccc3)c2s1,68.0,1.8325089127062364,EXACT_QUANTITATIVE
14765314,CHEMBL336619,O=C(NCC12CC3CC(CC(C3)C1)C2)c1ccccc1Cl,O=C(NCC12CC3CC(CC(C3)C1)C2)c1ccccc1,69.0,1.8388490907372552,EXACT_QUANTITATIVE
14765322,CHEMBL1807820,O=c1[nH]c2c(O)ccc([C@@H](O)CNCCCSCCOCCc3cccc4ccccc34)c2s1,O=c1[nH]c2cccc(CCNCCCSCCOCCc3cccc4ccccc34)c2s1,70.0,1.845098040014257,EXACT_QUANTITATIVE
14765326,CHEMBL1596896,Cc1cccc(NC(=O)Nc2cccc3ccccc23)c1,O=C(Nc1ccccc1)Nc1cccc2ccccc12,70.79,1.84997191232885,EXACT_QUANTITATIVE
14765327,CHEMBL1351332,O=C(NCc1ccccc1)c1cc(-c2ccco2)on1,O=C(NCc1ccccc1)c1cc(-c2ccco2)on1,70.79,1.84997191232885,EXACT_QUANTITATIVE
14765328,CHEMBL1573309,CCN(CC)CCn1c2ccccc2c2cnc(N)c(C#N)c21,c1ccc2c(c1)[nH]c1ccncc12,71.0,1.8512583487190752,EXACT_QUANTITATIVE
14765329,CHEMBL550637,Cc1ccc(C(=O)N2CC3CNCC(C2)O3)cc1NC(=O)CC12CC3CC(CC(C3)C1)C2,O=C(CC12CC3CC(CC(C3)C1)C2)Nc1cccc(C(=O)N2CC3CNCC(C2)O3)c1,71.25,1.8527848686805477,EXACT_QUANTITATIVE
14765331,CHEMBL1921925,C[C@@](C(=O)O[C@H]1C[N+]2(CCCc3cc4ccccc4s3)CCC1CC2)(c1ccccc1)N1CCCCC1,O=C(OC1C[N+]2(CCCc3cc4ccccc4s3)CCC1CC2)C(c1ccccc1)N1CCCCC1,72.0,1.8573324964312685,EXACT_QUANTITATIVE
14765332,CHEMBL1213118,CN1CCN(c2nc3ccccc3cc2Cn2nc(-c3ccc4nc(N)sc4c3)c3c(N)ncnc32)CC1,c1ccc2nc(N3CCNCC3)c(Cn3nc(-c4ccc5ncsc5c4)c4cncnc43)cc2c1,72.0,1.8573324964312685,EXACT_QUANTITATIVE
14765333,CHEMBL1916264,CCC(CC)NC(=O)c1cnn(-c2ccccc2Cl)c1NS(=O)(=O)c1ccc(C)cc1,O=S(=O)(Nc1ccnn1-c1ccccc1)c1ccccc1,72.0,1.8573324964312685,EXACT_QUANTITATIVE
14765341,CHEMBL562698,O=C(NCC12CC3CC(CC(C3)C1)C2)c1ccnc(N2CCNCC2)c1Cl,O=C(NCC12CC3CC(CC(C3)C1)C2)c1ccnc(N2CCNCC2)c1,73.0,1.863322860120456,EXACT_QUANTITATIVE
14765343,CHEMBL1868126,COc1cccc2sc(NC(=O)c3ccccc3)nc12,O=C(Nc1nc2ccccc2s1)c1ccccc1,74.0,1.8692317197309762,EXACT_QUANTITATIVE
14765344,CHEMBL407960,COc1ccc(OC)c(CNc2n[nH]c3ccnc(Oc4ccccc4)c23)c1,c1ccc(CNc2n[nH]c3ccnc(Oc4ccccc4)c23)cc1,74.0,1.8692317197309762,EXACT_QUANTITATIVE
14765352,CHEMBL185658,CC(=O)Nc1ccc(CNc2[nH]nc3cccc(Oc4ccc(S(C)(=O)=O)cc4)c23)cc1,c1ccc(CNc2[nH]nc3cccc(Oc4ccccc4)c23)cc1,75.0,1.8750612633917,EXACT_QUANTITATIVE
14765353,CHEMBL1807825,CCOc1ccc(CCNCCCSCCNC[C@H](O)c2ccc(O)c3[nH]c(=O)sc23)cc1,O=c1[nH]c2cccc(CCNCCSCCCNCCc3ccccc3)c2s1,75.0,1.8750612633917,EXACT_QUANTITATIVE
14765354,CHEMBL1807817,O=c1[nH]c2c(O)ccc([C@@H](O)CNCCSCCCOCCc3ccccc3)c2s1,O=c1[nH]c2cccc(CCNCCSCCCOCCc3ccccc3)c2s1,75.0,1.8750612633917,EXACT_QUANTITATIVE
14765355,CHEMBL480601,CC1(C)[C@@H]2CC[C@@]1(CS(=O)(=O)NC1CCN(c3ccc(C(F)(F)F)cn3)CC1)C(=O)C2,O=C1CC2CCC1(CS(=O)(=O)NC1CCN(c3ccccn3)CC1)C2,75.0,1.8750612633917,EXACT_QUANTITATIVE
14765358,CHEMBL2335890,COCCN(C)c1ccc(Nc2ncc3cc(-c4ccncc4)ccc3n2)cc1,c1ccc(Nc2ncc3cc(-c4ccncc4)ccc3n2)cc1,75.86,1.8800128383667718,EXACT_QUANTITATIVE
14765361,CHEMBL469727,COCc1ccoc1C(=O)N(c1ccc(OC)cc1OC)C(C(=O)NC[C@@H](C)O)c1ccccc1F,O=C(c1ccco1)N(Cc1ccccc1)c1ccccc1,76.0,1.8808135922807914,EXACT_QUANTITATIVE
14765365,CHEMBL1458025,Cc1sc2ncnc(SCC(=O)N3CCN(C(=O)c4ccco4)CC3)c2c1C,O=C(CSc1ncnc2sccc12)N1CCN(C(=O)c2ccco2)CC1,77.62,1.8899736384039962,EXACT_QUANTITATIVE
14765367,CHEMBL1921923,C[C@@](C(=O)O[C@H]1C[N+]2(CCCc3cncnc3)CCC1CC2)(c1ccccc1)N1CCCCC1,O=C(OC1C[N+]2(CCCc3cncnc3)CCC1CC2)C(c1ccccc1)N1CCCCC1,79.0,1.8976270912904414,EXACT_QUANTITATIVE
14765368,CHEMBL1276308,CC#C[C@]1(O)CC[C@H]2[C@@H]3CCC4=CC(=O)CCC4=C3[C@@H](c3ccc(N(C)C)cc3)C[C@@]21C,O=C1C=C2CCC3C(=C2CC1)C(c1ccccc1)CC1CCCC13,79.0,1.8976270912904414,EXACT_QUANTITATIVE
14765370,CHEMBL1308362,Cc1ccc2cc(C)c3nnc(SCC(=O)N4CCN(C(=O)c5ccco5)CC4)n3c2c1,O=C(CSc1nnc2ccc3ccccc3n12)N1CCN(C(=O)c2ccco2)CC1,79.43,1.899984562549391,EXACT_QUANTITATIVE
14765371,CHEMBL134074,Cc1ccc2c(c1)C1(CCN(CCc3nc(-c4ccccc4)oc3C)CC1)OC(=O)N2,O=C1Nc2ccccc2C2(CCN(CCc3coc(-c4ccccc4)n3)CC2)O1,79.43,1.899984562549391,EXACT_QUANTITATIVE
14765372,CHEMBL549620,O=C(CC12CC3CC(CC(C3)C1)C2)Nc1c(Cl)ccc2nc(CN3CCN(CCO)CC3)ccc12,O=C(CC12CC3CC(CC(C3)C1)C2)Nc1cccc2nc(CN3CCNCC3)ccc12,79.5,1.9003671286564703,EXACT_QUANTITATIVE
14765377,CHEMBL1921919,Cc1cc(CCC[N+]23CCC(CC2)[C@@H](OC(=O)[C@](C)(c2ccccc2)N2CCCCC2)C3)ccn1,O=C(OC1C[N+]2(CCCc3ccncc3)CCC1CC2)C(c1ccccc1)N1CCCCC1,81.0,1.9084850188786497,EXACT_QUANTITATIVE
14765379,CHEMBL1800656,CCN(CCNCCc1ccc(O)c2[nH]c(=O)sc12)C(=O)CCOCCc1ccccc1,O=C(CCOCCc1ccccc1)NCCNCCc1cccc2[nH]c(=O)sc12,82.0,1.9138138523837167,EXACT_QUANTITATIVE
14765380,CHEMBL267744,O=C(O)COc1ccc(C(=O)c2cccs2)c(Cl)c1Cl,O=C(c1ccccc1)c1cccs1,82.0,1.9138138523837167,EXACT_QUANTITATIVE
14765381,CHEMBL187857,CSc1nccc(Nc2cc(NC(=O)c3cc(F)cc(N4CCOCC4)c3)ccc2C)n1,O=C(Nc1cccc(Nc2ccncn2)c1)c1cccc(N2CCOCC2)c1,83.0,1.919078092376074,EXACT_QUANTITATIVE
14765385,CHEMBL1465276,O=C(C1CCN(c2nnc(-n3cccc3)s2)CC1)N1CCc2ccccc2C1,O=C(C1CCN(c2nnc(-n3cccc3)s2)CC1)N1CCc2ccccc2C1,83.18,1.920018916028915,EXACT_QUANTITATIVE
14765386,CHEMBL551170,O=C(NCC12CC3CC(CC(C3)C1)C2)c1cc(-n2ncc(=O)[nH]c2=O)ccc1Cl,O=C(NCC12CC3CC(CC(C3)C1)C2)c1cccc(-n2ncc(=O)[nH]c2=O)c1,83.83,1.9233994661587164,EXACT_QUANTITATIVE
14765391,CHEMBL1924047,C[C@@](C(=O)O[C@H]1C[N+]2(CCc3ccccc3)CCC1CC2)(c1ccccc1)N1CCCCC1,O=C(OC1C[N+]2(CCc3ccccc3)CCC1CC2)C(c1ccccc1)N1CCCCC1,85.0,1.9294189257142926,EXACT_QUANTITATIVE
14765392,CHEMBL475534,CCOC(=O)C1=C(C)NC(C)=C(C(=O)OC)C1c1cccc([N+](=O)[O-])c1,C1=CC(c2ccccc2)C=CN1,85.0,1.9294189257142926,EXACT_QUANTITATIVE
14765394,CHEMBL511444,CN[C@@H](C)C(=O)N[C@H](C(=O)N1CC[C@H]2CC[C@H](NC(=O)c3cccc4ccccc34)[C@H]21)C(C)(C)C,O=C(NC1CCC2CCNC21)c1cccc2ccccc12,85.11,1.9299805905155147,EXACT_QUANTITATIVE
14765395,CHEMBL51478,COc1ccnc(CSc2nc3ccccc3[nH]2)c1,c1ccc(CSc2nc3ccccc3[nH]2)nc1,86.0,1.9344984512435677,EXACT_QUANTITATIVE
14765396,CHEMBL2207286,CN(C)S(=O)(=O)c1ccc2c(C(=O)NC[C@@H](O)CN3CCC(Oc4ccc(Cl)c(Cl)c4)CC3)c[nH]c(=O)c2c1,O=C(NCCCN1CCC(Oc2ccccc2)CC1)c1c[nH]c(=O)c2ccccc12,86.0,1.9344984512435677,EXACT_QUANTITATIVE
14765404,CHEMBL2021706,CCC[C@@H](CNC(=O)c1nc(Cl)c(N)nc1N)[N+](C)(C)CCCc1ccc(OC)cc1,O=C(NCC[NH2+]CCCc1ccccc1)c1cnccn1,87.1,1.9400181550076632,EXACT_QUANTITATIVE
14765405,CHEMBL2216830,C=CC(=O)Nc1cccc(CN2C(=O)N(c3c(Cl)c(OC)cc(OC)c3Cl)Cc3cnc(NCCCCN(CC)CC)nc32)c1,O=C1N(c2ccccc2)Cc2cncnc2N1Cc1ccccc1,87.1,1.9400181550076632,EXACT_QUANTITATIVE
14765407,CHEMBL1924049,C[C@@](C(=O)O[C@H]1C[N+]2(CCc3ccccc3F)CCC1CC2)(c1ccccc1)N1CCCCC1,O=C(OC1C[N+]2(CCc3ccccc3)CCC1CC2)C(c1ccccc1)N1CCCCC1,88.0,1.9444826721501687,EXACT_QUANTITATIVE
14765408,CHEMBL275224,c1ccc2c(c1)[nH]c1cnccc12,c1ccc2c(c1)[nH]c1cnccc12,89.0,1.9493900066449128,EXACT_QUANTITATIVE
14765413,CHEMBL2346975,CC(=O)N1CCN(CCOc2ccc(C3(O)CCN(c4ccc5nnc(C(F)(F)F)n5n4)CC3)cc2)CC1,c1cc(C2CCN(c3ccc4nncn4n3)CC2)ccc1OCCN1CCNCC1,89.13,1.9500239065233265,EXACT_QUANTITATIVE
14765424,CHEMBL360227,CCN(CC)CCN1C(=O)[C@@](O)(c2ccccc2Cl)c2c1cc(C(N)=O)cc2C(F)(F)F,O=C1Nc2ccccc2C1c1ccccc1,93.33,1.9700212658283658,EXACT_QUANTITATIVE
14765425,CHEMBL1916085,Cc1ccc(S(=O)(=O)Nc2c(C(=O)N(C)C3CCCCC3)cnn2-c2ccccc2)cc1,O=C(NC1CCCCC1)c1cnn(-c2ccccc2)c1NS(=O)(=O)c1ccccc1,94.0,1.9731278535996986,EXACT_QUANTITATIVE
14765426,CHEMBL1536083,CCOC(=O)CN(c1ccccc1C)S(=O)(=O)c1ccc(Cl)cc1,O=S(=O)(Nc1ccccc1)c1ccccc1,94.0,1.9731278535996986,EXACT_QUANTITATIVE
14765430,CHEMBL17157,CC(C)(C)c1ccc(C(O)CCCN2CCC(C(O)(c3ccccc3)c3ccccc3)CC2)cc1,c1ccc(CCCCN2CCC(C(c3ccccc3)c3ccccc3)CC2)cc1,95.5,1.9800033715837464,EXACT_QUANTITATIVE
14765431,CHEMBL2348645,CNc1nc(C)c(-c2nc(Nc3cccc(N4CCCCC4)c3)ncc2C#N)s1,c1cc(Nc2nccc(-c3cncs3)n2)cc(N2CCCCC2)c1,95.5,1.9800033715837464,EXACT_QUANTITATIVE
14765432,CHEMBL1818218,CC(C)CNc1nc(N2CCN(CC3CCCOC3)CC2)ncc1C(=O)NCc1ccccc1,O=C(NCc1ccccc1)c1cnc(N2CCN(CC3CCCOC3)CC2)nc1,95.5,1.9800033715837464,EXACT_QUANTITATIVE
14765433,CHEMBL412142,Cc1cnc(-c2cnc(NCCNc3ccc(C#N)cn3)nc2-c2ccc(Cl)cc2Cl)[nH]1,c1ccc(-c2nc(NCCNc3ccccn3)ncc2-c2ncc[nH]2)cc1,96.0,1.9822712330395684,EXACT_QUANTITATIVE
14765435,CHEMBL2181927,CCOc1ncc(C)c2c1[C@H](c1ccc(C#N)cc1OC)C(C(N)=O)=C(C)N2,C1=CC(c2ccccc2)c2cnccc2N1,97.72,1.989983458301399,EXACT_QUANTITATIVE
14765436,CHEMBL1608462,Cc1cc(C)c(CNC(=O)c2cc(C3CC3)nc3c2cnn3C(C)C)c(O)n1,O=C(NCc1cccnc1)c1cc(C2CC2)nc2[nH]ncc12,97.72,1.989983458301399,EXACT_QUANTITATIVE
14765440,CHEMBL1240967,CC(C)(Cc1cccc(CC(=O)NCc2cccc(-c3ccc(O)cc3)c2)c1)NC[C@H](O)c1ccc(O)c(NS(C)(=O)=O)c1,O=C(Cc1cccc(CCNCCc2ccccc2)c1)NCc1cccc(-c2ccccc2)c1,99.0,1.99563519459755,EXACT_QUANTITATIVE
14765441,CHEMBL1425658,c1csc(Cn2nnnc2CN2CCN(c3nc4ccccc4s3)CC2)c1,c1csc(Cn2nnnc2CN2CCN(c3nc4ccccc4s3)CC2)c1,99.0,1.99563519459755,EXACT_QUANTITATIVE
14765444,CHEMBL1921931,C[C@@](C(=O)O[C@H]1C[N+]2(CCOc3ccc(Cl)cc3)CCC1CC2)(c1ccccc1)N1CCCCC1,O=C(OC1C[N+]2(CCOc3ccccc3)CCC1CC2)C(c1ccccc1)N1CCCCC1,100.0,2.0,EXACT_QUANTITATIVE
14765446,CHEMBL1081917,Cc1cc(CN(CC(=O)Nc2ccc(Cl)cc2Cl)C2CCCCC2)ccc1OCC(=O)O,O=C(CN(Cc1ccccc1)C1CCCCC1)Nc1ccccc1,101.0,2.0043213737826426,EXACT_QUANTITATIVE
14765447,CHEMBL1921939,C[C@@](C(=O)O[C@H]1C[N+]2(CCOCCc3ccccc3)CCC1CC2)(c1ccccc1)N1CCCCC1,O=C(OC1C[N+]2(CCOCCc3ccccc3)CCC1CC2)C(c1ccccc1)N1CCCCC1,102.0,2.0086001717619175,EXACT_QUANTITATIVE
14765451,CHEMBL188705,COc1ccc(OC)c(CNc2[nH]nc3cccc(Oc4ccc(S(C)(=O)=O)cc4)c23)c1,c1ccc(CNc2[nH]nc3cccc(Oc4ccccc4)c23)cc1,103.0,2.012837224705172,EXACT_QUANTITATIVE
14765452,CHEMBL480208,CC1(C)[C@@H]2CC[C@@]1(CS(=O)(=O)N1CCN(c3ccc(C#N)cn3)CC1)C(=O)C2,O=C1CC2CCC1(CS(=O)(=O)N1CCN(c3ccccn3)CC1)C2,103.0,2.012837224705172,EXACT_QUANTITATIVE
14765454,CHEMBL1534781,COc1cnc(-c2ccccn2)nc1N(C)c1ccccc1,c1ccc(Nc2ccnc(-c3ccccn3)n2)cc1,104.0,2.0170333392987803,EXACT_QUANTITATIVE
14765455,CHEMBL511782,COc1ccc(N(C(=O)c2ccccc2)C(C(=O)NC[C@@H](C)O)c2ccccc2F)c(OC)c1,O=C(c1ccccc1)N(Cc1ccccc1)c1ccccc1,104.0,2.0170333392987803,EXACT_QUANTITATIVE
14765456,CHEMBL1947155,C[C@@H](NCc1ccccc1-c1ccc(CCNC[C@H](O)c2ccc(O)c3[nH]c(=O)sc23)cc1)c1ccccc1,O=c1[nH]c2cccc(CCNCCc3ccc(-c4ccccc4CNCc4ccccc4)cc3)c2s1,104.5,2.019116290447073,EXACT_QUANTITATIVE
14765460,CHEMBL2147569,C[C@]12Cc3cnn(-c4ccc(F)cc4)c3C=C1CC[C@@]2(O)CCc1ccc(F)cc1C(N)=O,C1=C2CCC(CCc3ccccc3)C2Cc2cnn(-c3ccccc3)c21,104.71,2.019988159591285,EXACT_QUANTITATIVE
14765461,CHEMBL20210,CCOC(=O)/C=C/[C@H](C[C@@H]1CCNC1=O)NC(=O)[C@@H](CC(=O)[C@@H](NC(=O)c1cc(C)on1)C(C)C)Cc1ccc(F)cc1,O=C(CNC(=O)c1ccon1)CC(Cc1ccccc1)C(=O)NCCC1CCNC1=O,104.71,2.019988159591285,EXACT_QUANTITATIVE
14765462,CHEMBL335744,CC(C)C(=O)Nc1nc(-c2ccccn2)cc2ccccc12,c1ccc(-c2cc3ccccc3cn2)nc1,104.71,2.019988159591285,EXACT_QUANTITATIVE
14765463,CHEMBL1322390,COc1ccc2nc(NC(=O)CCc3ccc(OC)c(OC)c3)sc2c1,O=C(CCc1ccccc1)Nc1nc2ccccc2s1,104.71,2.019988159591285,EXACT_QUANTITATIVE
14765465,CHEMBL1163492,CCN(C(=O)NCc1ccc(F)cc1)C1CCN(CCC(c2ccccc2)c2ccccc2)CC1,O=C(NCc1ccccc1)NC1CCN(CCC(c2ccccc2)c2ccccc2)CC1,105.0,2.0211892990699383,EXACT_QUANTITATIVE
14765468,CHEMBL205807,CC(C)Cn1c(=O)n(C)c(=O)c2c(C(=O)N3CC[C@@H](O)C3)c(Cc3c[nH]c4ccccc34)sc21,O=C(c1c(Cc2c[nH]c3ccccc23)sc2[nH]c(=O)[nH]c(=O)c12)N1CCCC1,107.0,2.0293837776852097,EXACT_QUANTITATIVE
14765473,CHEMBL2216839,C[C@@H]1CN(Cc2nnc(-c3cc(-c4cccc5[nH]ccc45)cc4[nH]ncc34)o2)C[C@H](C)O1,c1cc(-c2cc(-c3nnc(CN4CCOCC4)o3)c3cn[nH]c3c2)c2cc[nH]c2c1,107.15,2.0299921753778474,EXACT_QUANTITATIVE
14765481,CHEMBL82663,O=c1[nH]c2c(O)ccc(CCNCCS(=O)(=O)CCCOCCc3ccccc3)c2s1,O=c1[nH]c2cccc(CCNCCS(=O)(=O)CCCOCCc3ccccc3)c2s1,111.0,2.0453229787866576,EXACT_QUANTITATIVE
14765482,CHEMBL182682,COc1ccc(CC(=O)N(C)C2CCN(CCC(c3ccccc3)c3ccccc3)CC2)cc1OC,O=C(Cc1ccccc1)NC1CCN(CCC(c2ccccc2)c2ccccc2)CC1,112.0,2.0492180226701815,EXACT_QUANTITATIVE
14765483,CHEMBL2348176,Nc1nccc(-n2ccc3ccccc32)n1,c1ccc2c(c1)ccn2-c1ccncn1,112.0,2.0492180226701815,EXACT_QUANTITATIVE
14765485,CHEMBL2171169,CC(C)N(CCCNC(=O)Nc1ccc(C(C)(C)C)cc1)C[C@H]1O[C@@H](n2cnc3c(N)ncnc32)[C@H](O)[C@@H]1O,O=C(NCCCNCC1CCC(n2cnc3cncnc32)O1)Nc1ccccc1,112.2,2.0499928569201424,EXACT_QUANTITATIVE
14765486,CHEMBL210887,O=C(Nc1nc2ccccc2n1CCCO)c1cccc([N+](=O)[O-])c1,O=C(Nc1nc2ccccc2[nH]1)c1ccccc1,112.2,2.0499928569201424,EXACT_QUANTITATIVE
14765487,CHEMBL1198335,COc1cccc(Nc2nc(NCC3CCCO3)c3ccccc3n2)c1,c1ccc(Nc2nc(NCC3CCCO3)c3ccccc3n2)cc1,112.2,2.0499928569201424,EXACT_QUANTITATIVE
14765488,CHEMBL1891338,COc1cccc(CNc2nc(NC(C)C)nc3ccsc23)c1OC,c1ccc(CNc2ncnc3ccsc23)cc1,112.2,2.0499928569201424,EXACT_QUANTITATIVE
14765492,CHEMBL595134,N#CC1=C2C(=NC1=O)c1cccc3c(N4CCSCC4)ccc2c13,O=C1C=C2C(=N1)c1cccc3c(N4CCSCC4)ccc2c13,114.82,2.0600175425316003,EXACT_QUANTITATIVE
14765493,CHEMBL2147033,O=C1COC2(CCN(S(=O)(=O)c3ccc(-c4ccc5cnccc5c4)cc3)CC2)CN1C1CC1,O=C1COC2(CCN(S(=O)(=O)c3ccc(-c4ccc5cnccc5c4)cc3)CC2)CN1C1CC1,114.82,2.0600175425316003,EXACT_QUANTITATIVE
14765494,CHEMBL49,O=C1CC2(CCCC2)CC(=O)N1CCCCN1CCN(c2ncccn2)CC1,O=C1CC2(CCCC2)CC(=O)N1CCCCN1CCN(c2ncccn2)CC1,116.0,2.0644579892269186,EXACT_QUANTITATIVE
14765495,CHEMBL314034,CSc1nc(-c2ccccc2)nn1Cc1ccccc1,c1ccc(Cn2cnc(-c3ccccc3)n2)cc1,116.0,2.0644579892269186,EXACT_QUANTITATIVE
14765499,CHEMBL1526668,O=C(c1csc2c1CCCC2)N1CCCCC1,O=C(c1csc2c1CCCC2)N1CCCCC1,117.49,2.070000903802345,EXACT_QUANTITATIVE
14765500,CHEMBL1188966,CN(C)c1nc(NC[C@H]2CC[C@H](CNS(=O)(=O)c3ccc(Br)cc3OC(F)(F)F)CC2)nc2ccccc12,O=S(=O)(NCC1CCC(CNc2ncc3ccccc3n2)CC1)c1ccccc1,117.49,2.070000903802345,EXACT_QUANTITATIVE
14765503,CHEMBL1345333,c1ccc(Nc2[nH]nnc2-c2ccccc2)cc1,c1ccc(Nc2[nH]nnc2-c2ccccc2)cc1,119.0,2.0755469613925306,EXACT_QUANTITATIVE
14765504,CHEMBL1916284,Cc1ccc(S(=O)(=O)Nc2c(C(=O)N[C@@H](C)C(C)(C)C)c(C(F)(F)F)nn2-c2ccccc2)cc1,O=S(=O)(Nc1ccnn1-c1ccccc1)c1ccccc1,120.0,2.0791812460476247,EXACT_QUANTITATIVE
14765505,CHEMBL304087,COc1cc(NC(=O)Nc2cccc(CNC(=O)O[C@H]3CCOC3)c2)ccc1-c1cnco1,O=C(Nc1ccc(-c2cnco2)cc1)Nc1cccc(CNC(=O)OC2CCOC2)c1,120.0,2.0791812460476247,EXACT_QUANTITATIVE
14765508,CHEMBL379350,CCN(CC)c1ccc2cc(C(C)=O)c(=O)oc2c1,O=c1ccc2ccccc2o1,120.23,2.0800128471079278,EXACT_QUANTITATIVE
14765514,CHEMBL14762,CC[C@H](CO)Nc1nc(NCc2ccccc2)c2ncn(C(C)C)c2n1,c1ccc(CNc2ncnc3[nH]cnc23)cc1,123.03,2.090011024007147,EXACT_QUANTITATIVE
14765515,CHEMBL2098332,Cc1cc(OCC(=O)Nc2ccccc2)c2cc(Br)ccc2n1,O=C(COc1ccnc2ccccc12)Nc1ccccc1,123.03,2.090011024007147,EXACT_QUANTITATIVE
14765516,CHEMBL103667,Cc1ccc(-n2nc(C(C)(C)C)cc2NC(=O)Nc2ccc(OCCN3CCOCC3)c3ccccc23)cc1,O=C(Nc1ccc(OCCN2CCOCC2)c2ccccc12)Nc1ccnn1-c1ccccc1,124.0,2.093421685162235,EXACT_QUANTITATIVE
14765520,CHEMBL2170992,CC(C)c1ccc(NC(=O)NCCCSC[C@H]2O[C@@H](n3cnc4c(N)ncnc43)[C@H](O)[C@@H]2O)cc1,O=C(NCCCSCC1CCC(n2cnc3cncnc32)O1)Nc1ccccc1,125.89,2.0999912335446846,EXACT_QUANTITATIVE
14765521,CHEMBL2098096,Cc1cc(OCC(=O)NCc2ccccc2)c2cc(Br)ccc2n1,O=C(COc1ccnc2ccccc12)NCc1ccccc1,125.89,2.0999912335446846,EXACT_QUANTITATIVE
14765522,CHEMBL513412,COc1ccc(N(C(=O)c2occc2C)C(C(=O)NC[C@@H](C)O)c2ccccc2F)c(OC)c1,O=C(c1ccco1)N(Cc1ccccc1)c1ccccc1,126.0,2.100370545117563,EXACT_QUANTITATIVE
14765523,CHEMBL2164670,COc1ccccc1C(C#N)NC(=O)[C@@H]1CCCC[C@H]1C(=O)N1CCN(Cc2ccc(F)cc2)CC1,O=C(NCc1ccccc1)C1CCCCC1C(=O)N1CCN(Cc2ccccc2)CC1,127.0,2.103803720955957,EXACT_QUANTITATIVE
14765524,CHEMBL6966,COc1ccc(CCN(C)CCCC(C#N)(c2ccc(OC)c(OC)c2)C(C)C)cc1OC,c1ccc(CCCCNCCc2ccccc2)cc1,127.7,2.1061908972634154,EXACT_QUANTITATIVE
14765529,CHEMBL1829876,CN(CC(=O)N(Cc1ccc(C2CCCCC2)cc1)c1ccc(C(=O)O)c(O)c1)S(=O)(=O)c1c(F)c(F)c(F)c(F)c1F,O=C(CNS(=O)(=O)c1ccccc1)N(Cc1ccc(C2CCCCC2)cc1)c1ccccc1,128.82,2.109983294819892,EXACT_QUANTITATIVE
14765531,CHEMBL402501,C[C@H](Cc1cccc(CC(=O)NC23CC4CC(CC(C4)C2)C3)c1)NC[C@H](O)c1ccc(O)c(CO)c1,O=C(Cc1cccc(CCNCCc2ccccc2)c1)NC12CC3CC(CC(C3)C1)C2,129.0,2.110589710299249,EXACT_QUANTITATIVE
14765534,CHEMBL192,CCCc1nn(C)c2c(=O)[nH]c(-c3cc(S(=O)(=O)N4CCN(C)CC4)ccc3OCC)nc12,O=c1[nH]c(-c2cccc(S(=O)(=O)N3CCNCC3)c2)nc2cn[nH]c12,131.83,2.120014252078067,EXACT_QUANTITATIVE
14765535,CHEMBL574059,Cn1c(=O)c(-c2c(Cl)cccc2Cl)cc2cnc(Nc3ccc(F)cc3)nc21,O=c1[nH]c2nc(Nc3ccccc3)ncc2cc1-c1ccccc1,131.83,2.120014252078067,EXACT_QUANTITATIVE
14765536,CHEMBL1778622,CCSc1ccc(-c2cc(C(F)(F)F)ccc2OCC(=O)O)cc1,c1ccc(-c2ccccc2)cc1,134.0,2.1271047983648077,EXACT_QUANTITATIVE
14765542,CHEMBL1916271,CCN(C(=O)c1cnn(-c2ccccc2)c1NS(=O)(=O)c1ccc(-c2cnco2)cc1)C1CCCCC1,O=C(NC1CCCCC1)c1cnn(-c2ccccc2)c1NS(=O)(=O)c1ccc(-c2cnco2)cc1,137.0,2.1367205671564067,EXACT_QUANTITATIVE
14765547,CHEMBL1587607,O=C(Nc1ccccc1Cl)c1cc[nH]n1,O=C(Nc1ccccc1)c1cc[nH]n1,138.04,2.140004950619449,EXACT_QUANTITATIVE
14765548,CHEMBL2097971,COc1ccc2nc(C)cc(OCC(=O)Nc3ccccc3OC)c2c1,O=C(COc1ccnc2ccccc12)Nc1ccccc1,138.04,2.140004950619449,EXACT_QUANTITATIVE
14765551,CHEMBL1194325,O=C(O[C@H]1C[N+]2(CCCOc3ccccc3)CCC1CC2)C(O)(c1cccs1)c1cccs1,O=C(OC1C[N+]2(CCCOc3ccccc3)CCC1CC2)C(c1cccs1)c1cccs1,140.0,2.146128035678238,EXACT_QUANTITATIVE
14765553,CHEMBL1800659,CCCCN(CCNCCc1ccc(O)c2[nH]c(=O)sc12)C(=O)CCOCCc1ccccc1,O=C(CCOCCc1ccccc1)NCCNCCc1cccc2[nH]c(=O)sc12,141.0,2.1492191126553797,EXACT_QUANTITATIVE
14765561,CHEMBL250961,Cc1ccc(F)cc1S(=O)(=O)N[C@@H]1CCN(Cc2ccc(-c3ccccc3)cc2)C1,O=S(=O)(NC1CCN(Cc2ccc(-c3ccccc3)cc2)C1)c1ccccc1,144.54,2.159988050381987,EXACT_QUANTITATIVE
14765562,CHEMBL469728,COc1ccc(N(C(=O)c2occc2Cl)C(C(=O)NC[C@@H](C)O)c2ccccc2F)c(OC)c1,O=C(c1ccco1)N(Cc1ccccc1)c1ccccc1,145.0,2.161368002234975,EXACT_QUANTITATIVE
14765563,CHEMBL222659,O=C(Nc1ccccn1)c1ccc2[nH]c(-c3ccc(NC(=O)C45CC6CC(CC(C6)C4)C5)cc3)nc2c1,O=C(Nc1ccccn1)c1ccc2[nH]c(-c3ccc(NC(=O)C45CC6CC(CC(C6)C4)C5)cc3)nc2c1,146.0,2.164352855784437,EXACT_QUANTITATIVE
14765564,CHEMBL561771,COc1cccc(NC(=O)c2cccc(Cc3c(C)nn(CCO)c3-c3ccccc3)c2)c1,O=C(Nc1ccccc1)c1cccc(Cc2cn[nH]c2-c2ccccc2)c1,146.0,2.164352855784437,EXACT_QUANTITATIVE
14769802,CHEMBL70972,CC1=C(C)C(=O)C(C(CCCCCC(=O)O)c2ccccc2)=C(C)C1=O,O=C1C=CC(=O)C(Cc2ccccc2)=C1,3.0,0.47712125471966244,EXACT_QUANTITATIVE_BOUNDARY_LOW
14769803,CHEMBL271012,C[C@H](CO)Nc1nc(SCc2ccccc2F)nc2[nH]c(=O)sc12,O=c1[nH]c2nc(SCc3ccccc3)ncc2s1,3.0,0.47712125471966244,EXACT_QUANTITATIVE_BOUNDARY_LOW
14769804,CHEMBL383322,CCOCc1nc2c(N)nc3ccccc3c2n1CC(C)(C)O,c1ccc2c(c1)ncc1nc[nH]c12,3.0,0.47712125471966244,EXACT_QUANTITATIVE_BOUNDARY_LOW
14769805,CHEMBL552512,O=C(CC1CCCCCC1)Nc1cccc2c(=O)n([C@H]3CCNC3)ccc12,O=C(CC1CCCCCC1)Nc1cccc2c(=O)n(C3CCNC3)ccc12,3.0,0.47712125471966244,EXACT_QUANTITATIVE_BOUNDARY_LOW
14769806,CHEMBL2171047,Cc1ccc(S(=O)(=O)NC(=O)N2CCC(N3CCC(Oc4ccc(Cl)c(C)c4Cl)CC3)CC2)cc1,O=C(NS(=O)(=O)c1ccccc1)N1CCC(N2CCC(Oc3ccccc3)CC2)CC1,3.0,0.47712125471966244,EXACT_QUANTITATIVE_BOUNDARY_LOW
14769807,CHEMBL2208431,O=C(NC[C@@H](O)CN1CCC(Oc2ccc(Cl)c(Cl)c2)CC1)c1n[nH]c(=O)c2ccccc12,O=C(NCCCN1CCC(Oc2ccccc2)CC1)c1n[nH]c(=O)c2ccccc12,3.0,0.47712125471966244,EXACT_QUANTITATIVE_BOUNDARY_LOW
14769808,CHEMBL1917448,COc1cccc(S(=O)(=O)c2c(C)n(CC(=O)O)c3ccc(C)cc23)c1,O=S(=O)(c1ccccc1)c1c[nH]c2ccccc12,3.0,0.47712125471966244,EXACT_QUANTITATIVE_BOUNDARY_LOW
14769809,CHEMBL119385,O=c1ncn2nc(Sc3ccc(F)cc3F)ccc2c1-c1c(Cl)cccc1Cl,O=c1ncn2nc(Sc3ccccc3)ccc2c1-c1ccccc1,3.0,0.47712125471966244,EXACT_QUANTITATIVE_BOUNDARY_LOW
14769810,CHEMBL2031229,Cc1ccc(NC(=O)c2ccccc2F)cc1-n1cnc2ccc(N3CCN(C)CC3)cc2c1=O,O=C(Nc1cccc(-n2cnc3ccc(N4CCNCC4)cc3c2=O)c1)c1ccccc1,3.0,0.47712125471966244,EXACT_QUANTITATIVE_BOUNDARY_LOW
14769811,CHEMBL1917445,Cc1ccc2c(c1)c([S+]([O-])c1ccc(Cl)cc1)c(C)n2CC(=O)O,c1ccc([SH+]c2c[nH]c3ccccc23)cc1,3.0,0.47712125471966244,EXACT_QUANTITATIVE_BOUNDARY_LOW
14769812,CHEMBL452273,COCCNCc1ccc(-c2cc(C(N)=O)c(NC(N)=O)s2)cc1,c1ccc(-c2cccs2)cc1,3.0,0.47712125471966244,EXACT_QUANTITATIVE_BOUNDARY_LOW
14769813,CHEMBL390191,Cc1nc(CSc2nc(N[C@H](C)CO)c3sc(N)nc3n2)cs1,c1nc(CSc2ncc3scnc3n2)cs1,3.0,0.47712125471966244,EXACT_QUANTITATIVE_BOUNDARY_LOW
14769814,CHEMBL1529362,Nc1nnc(-c2ccccc2)s1,c1ccc(-c2nncs2)cc1,3.0,0.47712125471966244,EXACT_QUANTITATIVE_BOUNDARY_LOW
