Internal ID,observed,outer_fold,mean_baseline,median_baseline,Ridge_descriptors,Ridge_Morgan,RandomForestRegressor_descriptors,RandomForestRegressor_Morgan
Mol1,0.675686709,2,1.324620266135323,1.20679887,1.0926910162289614,1.1125235366873465,1.4420452058188125,1.2988893758900002
Mol2,0.675686709,0,1.319724521862705,1.2178391149999999,1.6367354324376504,1.2567251691621426,1.551138387376115,1.1990925555900003
Mol3,0.675686709,3,1.3119166433636362,1.194359769,0.8060765403539438,1.1720852967546138,0.8127175766376327,0.974208018800001
Mol4,0.675686709,1,1.3165635449464286,1.188576779,1.6747233142134552,1.0362112058736481,1.6297456636884358,1.1407382720400006
Mol5,0.996380313,0,1.319724521862705,1.2178391149999999,1.4912504983713428,0.6755079928241654,1.5446006661347471,1.3385594334900004
Mol6,1.397348966,4,1.3273690493413655,1.2098631439999998,0.941943997196614,1.4909582510328876,1.0954813645864214,1.2678876765100002
Mol7,1.327231598,2,1.324620266135323,1.20679887,1.2393091454279825,1.3838594506934592,1.359280163993888,1.5236598697100003
Mol8,1.458063445,1,1.3165635449464286,1.188576779,1.5303086428457313,1.823241051698361,1.4603682017910744,1.5562803316999998
Mol9,2.7565,4,1.3273690493413655,1.2098631439999998,1.678005205321685,1.5275645166235565,1.583119042444894,1.838481511619999
Mol10,1.630824356,0,1.319724521862705,1.2178391149999999,1.6603227760317865,2.1838533369242272,1.3686824081777678,1.3815842704799997
Mol11,0.675686709,0,1.319724521862705,1.2178391149999999,0.9003285896051234,0.7977403251018276,0.942750659214196,1.3398279922600005
Mol12,1.198299609,3,1.3119166433636362,1.194359769,1.4025431991793065,1.6283288737920716,1.4944232251231298,1.268613728640001
Mol13,2.004110625,3,1.3119166433636362,1.194359769,1.6388906587662777,0.7248553546678971,1.6911245832581685,1.3516121304000013
Mol14,1.884823674,4,1.3273690493413655,1.2098631439999998,2.19176991641777,2.0248199499875623,1.7538027559117133,1.6617131047
Mol15,1.155882358,3,1.3119166433636362,1.194359769,1.5654656117949872,1.5340079032686837,1.4640738316220554,1.3355236161800002
Mol16,1.564145072,2,1.324620266135323,1.20679887,1.9215447773143968,1.2481318051583645,1.8429146120663256,1.1774978769900009
Mol17,1.048286393,3,1.3119166433636362,1.194359769,1.1524528341353455,0.6888392548336195,1.129963144759117,1.2247674986100008
Mol18,0.983626287,1,1.3165635449464286,1.188576779,1.3020480178692637,1.1113555061918248,1.3284440900065166,1.1466253817100003
Mol19,1.226135722,4,1.3273690493413655,1.2098631439999998,1.4614170536815492,1.5709079995005668,1.799648457773395,1.30822482458
Mol20,2.56594576,3,1.3119166433636362,1.194359769,1.3487727612596356,0.8272886069041797,1.3258675695864859,1.1142952456700004
Mol21,0.675686709,4,1.3273690493413655,1.2098631439999998,0.9365099828543926,1.4538542286315619,0.8554877983862545,1.276096688520001
Mol22,0.860996437,2,1.324620266135323,1.20679887,1.2186129568418709,0.9878747901002796,0.9741251663164375,1.0608809616700003
Mol23,0.675686709,1,1.3165635449464286,1.188576779,1.009038899616126,0.8992509506120917,1.5707240812654109,1.18900811708
Mol24,2.282135893,1,1.3165635449464286,1.188576779,1.682750671232944,1.7638072768918267,1.5755731854446615,1.43510640584
Mol25,1.066176786,0,1.319724521862705,1.2178391149999999,1.7164759092483615,1.6060498519361965,1.3173309455884115,1.2117914355600004
Mol26,1.05709529,2,1.324620266135323,1.20679887,1.6797369502037873,1.1881969358282731,1.6231968620813355,1.3765700101100002
Mol27,0.675686709,1,1.3165635449464286,1.188576779,1.2777430857876866,1.227582499067375,1.2307443640210096,1.3694635384400007
Mol28,0.675686709,1,1.3165635449464286,1.188576779,0.9851076923890125,0.8417530481956975,1.0120580922545854,1.0505700095400003
Mol29,0.675686709,0,1.319724521862705,1.2178391149999999,1.6421287301487277,1.2377993373395122,1.6014170801628105,1.2241675490000004
Mol31,0.932980822,1,1.3165635449464286,1.188576779,1.3849954243918157,1.2438932883072813,1.5483337315865517,1.4425936771099999
Mol32,0.990827051,0,1.319724521862705,1.2178391149999999,1.9567964343165891,1.4247457170730704,1.723122777274333,1.4605065302700009
Mol33,1.329092647,1,1.3165635449464286,1.188576779,1.4229608900244528,1.883315281735995,1.303991749079282,1.42542488599
Mol34,1.761739954,1,1.3165635449464286,1.188576779,1.673006601331108,1.0836031059564264,1.6153606077343061,1.3003475120100003
Mol35,2.219660482,0,1.319724521862705,1.2178391149999999,1.5042800287582088,1.844815810636673,1.5302786877736299,1.8848383617300002
Mol36,2.728516916,3,1.3119166433636362,1.194359769,1.9664945804984328,1.868373375486681,1.9200688883205606,1.7924309415000002
Mol37,1.620136055,1,1.3165635449464286,1.188576779,1.6025138753838322,1.6287301213976442,1.5210657930026326,1.3880907459199998
Mol38,1.427680816,1,1.3165635449464286,1.188576779,1.741522506404013,1.9292075030022096,1.3176214004006477,1.40168500514
Mol39,0.675686709,2,1.324620266135323,1.20679887,1.6886088737417198,2.235668866413185,1.6202883216637685,1.2599908217800002
Mol40,0.876967967,0,1.319724521862705,1.2178391149999999,1.1625000613778542,1.0383163220677432,1.2786803271956158,1.3201225087800008
Mol41,2.57963614,0,1.319724521862705,1.2178391149999999,1.8169994345486775,1.773356789028143,1.6882813952147961,1.8080141985399991
Mol42,0.909876818,0,1.319724521862705,1.2178391149999999,1.6319337166761805,1.0732008448339998,1.6561861737554529,1.2246342489300002
Mol43,2.601584178,0,1.319724521862705,1.2178391149999999,1.8770725696900894,1.9599680906491423,1.6012544065804237,1.5463449443400001
Mol44,1.710749017,4,1.3273690493413655,1.2098631439999998,1.6551386845352445,1.4307808899958454,1.6652686394467568,1.398494592430001
Mol45,0.675686709,2,1.324620266135323,1.20679887,1.6610436116731246,1.6686945043111154,1.6124510271723318,1.1721489212600011
Mol46,1.034949147,1,1.3165635449464286,1.188576779,1.2236274284508135,1.4794591842589657,1.4352515416118325,1.2294478436900007
Mol47,1.543708051,4,1.3273690493413655,1.2098631439999998,1.4342078158699887,1.1550403009783485,1.2766617482521125,1.2283954461800004
Mol48,2.121697694,0,1.319724521862705,1.2178391149999999,1.6535842954673299,1.1486708169886701,1.7550809203088666,1.1284573495000005
Mol49,1.021644036,4,1.3273690493413655,1.2098631439999998,1.2729378448955537,1.8058590440111388,1.266901534782533,1.2055116147900007
Mol50,0.675686709,2,1.324620266135323,1.20679887,1.4159066699310434,2.076693264350136,1.4694938192194107,1.4376202261299997
Mol51,1.878648159,3,1.3119166433636362,1.194359769,1.4623324235013961,0.6633022613247244,1.5446339532979405,1.0158749512400005
Mol52,2.885344821,0,1.319724521862705,1.2178391149999999,2.1382635590937022,2.126426992589349,2.489539633398855,2.4333495911199994
Mol53,2.032792967,3,1.3119166433636362,1.194359769,1.7975098391246536,1.8486144063753192,1.8786385958537506,1.4467598762400007
Mol54,0.675686709,4,1.3273690493413655,1.2098631439999998,0.9164599679863641,0.9262232612109748,0.7894680011238537,1.2919219783000004
Mol55,2.596224212,3,1.3119166433636362,1.194359769,1.7634096292705614,2.0139663499264646,1.9855080771044342,1.727164315709999
Mol56,1.609647759,0,1.319724521862705,1.2178391149999999,1.6187150368115746,1.5020471996153253,1.589346497252375,1.1322932175800005
Mol57,1.727004157,0,1.319724521862705,1.2178391149999999,1.6187150368115746,1.673556519705006,1.589346497252375,1.80865028939
Mol58,0.675686709,1,1.3165635449464286,1.188576779,0.986429426935686,1.3905435716610506,0.8628808812134134,1.28997427552
Mol59,0.675686709,2,1.324620266135323,1.20679887,1.400792353104114,1.301736785437002,1.2994386370077473,1.3056183222500004
Mol60,0.777789187,2,1.324620266135323,1.20679887,1.2325762780671154,0.7012602727331687,1.1146373066635393,1.0538227384200003
Mol61,0.675686709,3,1.3119166433636362,1.194359769,1.1429156421779598,1.139443832389559,1.0444180135904764,1.2690948218500002
Mol62,1.561387637,3,1.3119166433636362,1.194359769,1.6918763503665384,1.859900507368001,1.7615616778914014,1.5952043390699993
Mol63,0.993700695,4,1.3273690493413655,1.2098631439999998,1.9015567161736313,0.8396897034866353,1.9391537376016643,1.0828860866200005
Mol64,2.347780667,3,1.3119166433636362,1.194359769,2.0730984673383936,2.365540002008479,2.3648723198368473,1.709012371240001
Mol65,0.991226076,2,1.324620266135323,1.20679887,1.2050989597511539,1.6643060643253953,1.3108175599944842,1.4296708975099996
Mol66,2.372418541,4,1.3273690493413655,1.2098631439999998,2.0290334270169548,2.5089130688162067,1.8800891007025173,1.8363821300199996
Mol67,0.675686709,1,1.3165635449464286,1.188576779,1.4215365733097136,1.1948232253349422,1.241538264713677,1.3942342601300004
Mol68,1.633670406,0,1.319724521862705,1.2178391149999999,1.4443762775605629,1.510811847053698,1.4329117131163769,1.2791829496400002
Mol69,1.928436822,4,1.3273690493413655,1.2098631439999998,1.2900249755365125,1.8641364978797184,1.434519653591632,1.5593466818300008
Mol70,3.096213889,2,1.324620266135323,1.20679887,2.048749207834157,1.3617200093941015,1.9249609935313858,1.51136078505
Mol71,2.24496946,2,1.324620266135323,1.20679887,1.829685708862356,1.8130412707307075,2.280840529706595,1.48608524992
Mol72,0.675686709,1,1.3165635449464286,1.188576779,1.795481391023638,1.9925839023281595,1.7149925631439464,1.6160091128199996
Mol73,1.314330783,4,1.3273690493413655,1.2098631439999998,1.598681656078912,1.1954841270013916,1.5608086385322244,1.4526045148799995
Mol74,0.675686709,1,1.3165635449464286,1.188576779,1.1972458303115443,0.8162780748886445,1.5509493753570516,1.38290260818
Mol75,1.281601444,3,1.3119166433636362,1.194359769,1.392351698654288,0.7240095891690993,1.5090119656603067,1.1267814805400003
Mol76,0.675686709,3,1.3119166433636362,1.194359769,1.64006076158691,0.8705697985463116,1.6726777523674468,1.2380177915300004
Mol77,2.572128951,4,1.3273690493413655,1.2098631439999998,1.7904603359785967,2.113926280947231,1.6730710024978652,1.9622480664899993
Mol78,0.713490543,1,1.3165635449464286,1.188576779,1.4325736760211072,1.1238300364688076,1.4362511217171048,1.2160299738199998
Mol79,2.186163547,2,1.324620266135323,1.20679887,1.6265630116414345,1.5748685966304485,1.8361553530185748,1.5272501517400001
Mol80,1.074597045,3,1.3119166433636362,1.194359769,0.9435639320640264,0.8738902500964244,0.7258653360869022,1.6167558834900013
Mol81,1.209407768,2,1.324620266135323,1.20679887,1.8121050077029635,1.012750346853908,1.4546318446566886,1.2797288454599993
Mol82,1.917836225,0,1.319724521862705,1.2178391149999999,1.4276118942858331,1.3554454241817369,1.6104138365740024,1.157647294540001
Mol83,0.675686709,3,1.3119166433636362,1.194359769,1.2280868557799054,1.23786101589529,1.0423981074643194,1.3161545522499998
Mol84,0.857242009,4,1.3273690493413655,1.2098631439999998,1.769208205960233,0.954817898328517,1.718301444797487,1.24823493208
Mol85,1.676446677,4,1.3273690493413655,1.2098631439999998,2.529823801381169,2.4341308289534123,1.765218785423074,1.52216262518
Mol86,0.957559402,1,1.3165635449464286,1.188576779,1.6652436961942212,1.8020504080534963,1.7283188068495274,2.2380692207299977
Mol87,1.503858749,4,1.3273690493413655,1.2098631439999998,1.4315616714442827,1.5557539770700604,1.6237137307759013,1.5520105581600003
Mol88,1.177074546,3,1.3119166433636362,1.194359769,2.3379408853616903,1.3119759157483053,1.8035106946343549,1.5927950007499996
Mol89,1.998886781,0,1.319724521862705,1.2178391149999999,1.1384754482308532,1.5656878541554142,0.88333093019129,1.5180901995699996
Mol90,2.398082434,3,1.3119166433636362,1.194359769,1.8007726946704947,2.0100967471446083,2.3863872461291673,2.0502810992599985
Mol91,1.208387604,1,1.3165635449464286,1.188576779,1.0594014380707204,0.7842053179414414,0.9947727767846275,1.3579660795500004
Mol92,1.481858091,4,1.3273690493413655,1.2098631439999998,1.2221004551980148,1.1692387094656314,1.097605791865319,1.7054604564300002
Mol93,1.724816353,0,1.319724521862705,1.2178391149999999,1.693383880906597,1.9322183350252526,1.5936789315934217,1.5473514468000005
Mol94,0.675686709,4,1.3273690493413655,1.2098631439999998,1.4129252475787453,0.5071016562477759,1.2383006410840673,1.1890362623800008
Mol95,1.852187112,1,1.3165635449464286,1.188576779,1.5415445121369313,1.4455344134962251,1.7589349600755089,1.4106239198800006
Mol96,2.052682402,3,1.3119166433636362,1.194359769,1.2968791261120671,1.5836988358370996,1.2051223876285335,1.2601272368200005
Mol97,2.426639741,0,1.319724521862705,1.2178391149999999,1.597416666671881,1.5985399835153613,2.00866575004014,1.271876147750001
Mol98,1.28427278,4,1.3273690493413655,1.2098631439999998,1.2739140206588417,1.1054043148574317,1.3577188240854363,1.4106378235200006
Mol99,0.675686709,3,1.3119166433636362,1.194359769,0.779714253793393,0.39459532351875104,0.7284285165099702,1.3275864870299996
Mol100,2.698323293,0,1.319724521862705,1.2178391149999999,1.5974166666718812,1.6176746244661082,2.00866575004014,1.1657377180900004
Mol101,2.998834093,3,1.3119166433636362,1.194359769,2.084093767467024,2.524537982053884,2.2962346131391738,1.9520744974999993
Mol102,2.172170757,0,1.319724521862705,1.2178391149999999,1.7454102417780244,2.824450650015388,1.9743027800806683,2.2558036545799984
Mol103,1.644123341,0,1.319724521862705,1.2178391149999999,1.3404632237302458,1.8967915486833102,1.3996975601102515,1.4638710023500006
Mol104,1.842771446,0,1.319724521862705,1.2178391149999999,1.3127789035695954,1.0289172208333524,1.594007241498713,0.9614605448900007
Mol105,0.675686709,3,1.3119166433636362,1.194359769,1.3904086174156842,0.8834500056008844,1.4662909066820335,1.3291014793999998
Mol106,0.675686709,2,1.324620266135323,1.20679887,1.0421534802672499,1.1611087665958992,1.5525748245680493,1.2616607417600003
Mol107,2.35761091,1,1.3165635449464286,1.188576779,1.8298566776967178,2.226745779474107,2.203302871752631,2.0272605881199985
Mol108,2.447729993,1,1.3165635449464286,1.188576779,1.8298566776967178,2.517972085552176,2.203302871752631,2.1620954862299993
Mol109,0.675686709,2,1.324620266135323,1.20679887,1.1655631715549775,0.702950879314025,1.0228254762172215,0.9748552072200002
Mol110,1.804466564,1,1.3165635449464286,1.188576779,1.75902673311409,2.137559238462303,1.692708645990555,1.50844911123
Mol111,1.581926914,3,1.3119166433636362,1.194359769,1.9403760410493125,1.7444494034734532,1.8209975049140423,1.85620570211
Mol112,1.860308054,3,1.3119166433636362,1.194359769,1.3418113373494143,1.5506567011259889,1.388728420020496,1.2692354336600007
Mol113,2.325244658,4,1.3273690493413655,1.2098631439999998,1.7090047403477149,1.5291767494784358,1.7171734859402887,1.1362770330300007
Mol114,0.926496789,0,1.319724521862705,1.2178391149999999,0.8198077933894317,1.5743004599609236,1.2299349119124912,1.131605076590001
Mol115,1.523538372,4,1.3273690493413655,1.2098631439999998,1.4500936508058757,1.230147943104679,1.4818661579223942,1.3771877432200004
Mol116,1.578982843,4,1.3273690493413655,1.2098631439999998,1.4717323815745287,1.5608076161098832,1.5194998045919235,1.6206418768499988
Mol117,1.867909218,0,1.319724521862705,1.2178391149999999,1.4671646136031549,2.0864630781825166,1.1586315399606297,1.4889390013000001
Mol118,2.005819468,1,1.3165635449464286,1.188576779,1.0978532952513942,1.780814361445315,1.3538239587191114,1.4328851544199999
Mol119,1.47950333,1,1.3165635449464286,1.188576779,1.6212908753565354,1.264100661131626,1.6503067513391694,1.1616685726200007
Mol120,0.675686709,1,1.3165635449464286,1.188576779,0.9639583903745848,1.2142449220546483,1.6450256607739104,1.2362132380500006
Mol121,1.554695053,4,1.3273690493413655,1.2098631439999998,1.4528242856777493,1.2929132904043055,1.477159033063857,1.2615207811400004
Mol122,0.675686709,2,1.324620266135323,1.20679887,0.9232391120080763,1.3039037808498004,0.963489937230798,1.343786167680001
Mol123,0.734719842,0,1.319724521862705,1.2178391149999999,1.3705094810980898,1.3051331904865129,1.4984349162667985,1.1386501017100001
Mol124,1.953648568,0,1.319724521862705,1.2178391149999999,1.5472627114293325,1.8027156346594992,1.6428646221169283,1.7306448690000005
Mol125,2.666523596,3,1.3119166433636362,1.194359769,1.7412537458778596,1.6512637719518983,2.147739339238781,1.7629463362099995
Mol126,1.775384687,4,1.3273690493413655,1.2098631439999998,1.499083257987854,1.6757005578245772,1.6606002421438568,1.111838220120001
Mol127,2.095078646,4,1.3273690493413655,1.2098631439999998,0.9330228948529615,1.5026113877598435,1.1103856652300648,1.2931144034600002
Mol128,2.649622021,1,1.3165635449464286,1.188576779,1.946794354647611,2.9998541195851613,2.248867537864164,1.9767777310399994
Mol129,0.675686709,4,1.3273690493413655,1.2098631439999998,1.2894699331994286,0.6254571191749031,1.4540728419068574,1.0450661720000003
Mol130,0.675686709,2,1.324620266135323,1.20679887,0.9233747378448622,1.3414690514877499,0.8248851643765271,1.0748377528900008
Mol131,1.881806762,2,1.324620266135323,1.20679887,1.7906737705629399,1.760965253353148,2.2365120858189234,1.4827107457300008
Mol132,1.342679234,2,1.324620266135323,1.20679887,1.2304912441790654,1.1748484145630527,1.2167603538283251,1.3592719867400005
Mol133,2.209624915,0,1.319724521862705,1.2178391149999999,1.467254593894468,2.0210172135482605,1.414318055629531,1.3556134941000004
Mol134,0.675686709,1,1.3165635449464286,1.188576779,0.8062982901933029,0.3505695803532144,0.7212805749786658,0.9668754531700007
Mol135,0.989894564,0,1.319724521862705,1.2178391149999999,1.1221586222141682,1.717353034126568,1.0526795506572468,1.3385393317600005
Mol136,0.675686709,3,1.3119166433636362,1.194359769,0.8603353387170443,1.0873512183340102,0.8048841731397911,0.9762077356100004
Mol137,0.964165311,3,1.3119166433636362,1.194359769,1.2179073257631756,1.5404514498053286,1.3473971502556705,1.0099299255000003
Mol138,1.688642252,3,1.3119166433636362,1.194359769,1.0918511128768387,1.426101704318146,1.1459701586059219,1.1820035441700008
Mol139,0.940516485,4,1.3273690493413655,1.2098631439999998,1.0975225240224487,1.1773248931491,1.342854694094695,1.189581648970001
Mol140,0.894224095,2,1.324620266135323,1.20679887,2.6115948436323104,1.4912978399281482,1.9248164402129544,1.15667402292
Mol141,0.675686709,3,1.3119166433636362,1.194359769,1.1141364790413502,1.2300537278410932,1.079679294420844,1.2450228654300006
Mol142,1.317394675,2,1.324620266135323,1.20679887,1.5648192539887604,1.1948042920097413,1.3666635190220762,1.5517765259200003
Mol143,2.019872011,1,1.3165635449464286,1.188576779,1.4506277571823656,1.1129027733794934,1.8726690651565259,0.9656260336500008
Mol144,1.528543921,3,1.3119166433636362,1.194359769,1.7483555340936368,1.7552681800721295,1.4355651271482677,1.3801547433
Mol145,1.202869588,3,1.3119166433636362,1.194359769,1.6996251677053213,0.846241363760945,1.6410975848799172,1.3723302943299998
Mol146,2.003348497,0,1.319724521862705,1.2178391149999999,1.768750501478908,1.5221355976280169,1.6451847027424638,1.2150520909900002
Mol147,1.781252594,4,1.3273690493413655,1.2098631439999998,1.609026558942836,1.0379914009492874,1.5702154434127344,1.3202622229399998
Mol148,0.675686709,4,1.3273690493413655,1.2098631439999998,1.269998576795396,1.198485225324462,1.2862262131739761,1.011622922950001
Mol149,0.76930346,0,1.319724521862705,1.2178391149999999,1.7214842076227383,1.9338677652886334,1.9377105067844058,1.4561306647
Mol150,0.675686709,3,1.3119166433636362,1.194359769,1.534608576783191,1.3918577490455086,1.869202060089635,1.1911795788900006
Mol151,0.988068203,0,1.319724521862705,1.2178391149999999,0.9471791802951205,1.801792840734751,1.387982686132239,1.3124721674300002
Mol152,0.675686709,3,1.3119166433636362,1.194359769,1.721124409909149,1.291568214321832,1.8658713265898879,1.0018583090300006
Mol153,1.543596268,3,1.3119166433636362,1.194359769,0.9603947129159467,0.7848979164270363,0.9741034922663419,1.1632241332400006
Mol154,0.675686709,2,1.324620266135323,1.20679887,0.9810445121092921,0.6281432498840324,0.9457624520472521,1.169373511640001
Mol155,1.113241232,2,1.324620266135323,1.20679887,1.819515843712515,1.193477028577718,1.8222036893986717,1.3323112659600003
Mol156,0.675686709,1,1.3165635449464286,1.188576779,0.8631871351296899,1.1205267235831475,0.9930302618081671,1.2913810262800012
Mol157,1.169292275,3,1.3119166433636362,1.194359769,1.821399123000889,1.3859193011075261,1.8528691301483966,1.4756996532600006
Mol158,1.11320777,3,1.3119166433636362,1.194359769,1.493556166179182,1.4569958121159359,1.5562694733888043,1.2997868651899998
Mol159,1.023705043,2,1.324620266135323,1.20679887,0.5812559900896539,1.032108611581111,0.7661468280421451,0.9686400999000004
Mol160,1.506071875,4,1.3273690493413655,1.2098631439999998,1.6658373191203648,1.9670005688588768,1.3647914372695247,1.581642129409999
Mol161,1.822599543,3,1.3119166433636362,1.194359769,1.6710437639441793,1.5823664657564576,1.421743149448733,1.3355037499000002
Mol162,1.89741814,2,1.324620266135323,1.20679887,1.7970347521259273,1.8120156882077731,1.5264829351788967,1.4052436632800007
Mol163,1.868620931,1,1.3165635449464286,1.188576779,1.416472814066551,1.3763412074491015,1.1883789538611986,1.3606619535000002
Mol164,0.675686709,3,1.3119166433636362,1.194359769,1.3500685943138042,1.0704336354961417,1.4338480815438448,1.4070524818399996
Mol165,2.357256208,3,1.3119166433636362,1.194359769,1.2398307457161017,1.0719654804138017,1.194831953809541,1.40561112902
Mol166,0.948364056,4,1.3273690493413655,1.2098631439999998,1.2891168063818308,0.4875796042731233,1.2473341323202272,1.1467050925000004
Mol167,0.819280647,0,1.319724521862705,1.2178391149999999,1.4780940434960146,1.1877473751886494,1.525506184998195,1.2173306273500004
Mol168,2.257044666,2,1.324620266135323,1.20679887,1.5760867613792051,1.4679605341788073,1.8005581708237486,1.2683971756800012
Mol169,1.596179092,2,1.324620266135323,1.20679887,1.9503409681233856,1.545784054614971,1.585281850883072,1.1894930603900007
Mol170,2.633232054,2,1.324620266135323,1.20679887,1.7140858213621795,1.1247889230870474,2.1112130429707814,1.2100863643000006
Mol171,1.946432613,2,1.324620266135323,1.20679887,1.6451841011601638,2.0130843007384422,2.033897150988199,1.4281635504600008
Mol172,3.021840253,4,1.3273690493413655,1.2098631439999998,1.6614890545892183,1.9756122720966387,1.8797558819521112,1.1035474928700006
Mol173,1.653357254,4,1.3273690493413655,1.2098631439999998,1.6088566136272526,1.4468229778659114,1.940093428533155,1.6073137968499995
Mol174,2.490768687,2,1.324620266135323,1.20679887,1.6916323459736744,1.8893635156553874,1.8320630870073094,1.62208296512
Mol175,1.695253962,4,1.3273690493413655,1.2098631439999998,1.674413136553079,1.2936678662427432,1.84040311164144,1.4928517759500008
Mol176,1.076312688,3,1.3119166433636362,1.194359769,1.253244437861267,1.376637652834742,1.18240154458687,1.45827176289
Mol177,0.675686709,1,1.3165635449464286,1.188576779,1.1083753951098159,1.0107511078988538,1.1276750580696164,1.1183139415900007
Mol178,1.7170544,3,1.3119166433636362,1.194359769,1.1384382874137362,1.5491012965874436,1.1774284671556179,1.4124355070900003
Mol179,1.021023822,3,1.3119166433636362,1.194359769,0.9012023232024311,0.8235770513157654,0.8177542645002283,1.0601299891200002
Mol180,0.675686709,4,1.3273690493413655,1.2098631439999998,1.2182396423383892,1.1537087779343844,1.0099627381180938,1.2345680016800002
Mol181,0.977449227,2,1.324620266135323,1.20679887,1.1510019878075834,1.3568436902934868,1.224293537425486,1.1086740917999998
Mol182,0.675686709,2,1.324620266135323,1.20679887,0.8503372110889993,0.5332079681459748,0.7365635970717755,0.9127024213200001
Mol183,1.920138986,0,1.319724521862705,1.2178391149999999,1.0661093493749971,1.3008671526946791,1.0668523549917905,1.4834671697899993
Mol184,0.675686709,4,1.3273690493413655,1.2098631439999998,1.4220009662734094,1.3743432686028645,1.522561303705221,1.28079194407
Mol185,0.900913068,1,1.3165635449464286,1.188576779,1.6547207327317717,1.5876241194127472,1.478167463531303,1.2530864917300004
Mol186,1.064719984,4,1.3273690493413655,1.2098631439999998,1.351766538951167,1.026626381736876,1.4028732021894492,0.9320714566300006
Mol187,0.675686709,4,1.3273690493413655,1.2098631439999998,1.5310740761286667,1.9853617866957607,1.3927482621407208,1.5114653008900003
Mol188,1.618654639,0,1.319724521862705,1.2178391149999999,1.5198517902817268,1.368133113998269,1.5900022209569387,1.38276801632
Mol189,0.675686709,1,1.3165635449464286,1.188576779,1.4453048338810213,1.126620474531149,1.510187652400144,1.1511678918400003
Mol190,0.675686709,4,1.3273690493413655,1.2098631439999998,1.0659314779112,0.9534081504210958,0.7429147665827783,0.87231473821
Mol191,1.376923524,2,1.324620266135323,1.20679887,1.4337637027641097,1.2278121689242714,1.4209157206488405,1.0389384309700007
Mol192,2.14248958,1,1.3165635449464286,1.188576779,1.7077907536799566,2.3811074015516662,1.514855996563811,1.79318886323
Mol193,0.675686709,4,1.3273690493413655,1.2098631439999998,0.8482099070638416,1.265519641984831,0.7869329000315041,1.3612828510300004
Mol194,1.372838388,3,1.3119166433636362,1.194359769,1.2149287983945318,1.432545046354043,1.0100909852320437,1.3464923108
Mol195,0.675686709,3,1.3119166433636362,1.194359769,1.1148632094762319,1.052369320951303,1.019567915311092,1.2235683108100006
Mol196,1.967707064,2,1.324620266135323,1.20679887,1.6744827833806484,1.089336207289208,1.9459728048289164,1.4888273729100001
Mol197,0.764026608,1,1.3165635449464286,1.188576779,1.1933376414954973,1.41080614422743,1.108015082112487,1.004538162020001
Mol198,1.805113286,4,1.3273690493413655,1.2098631439999998,1.858718789721583,2.3393247337079717,1.9395626550646972,1.8527966639600022
Mol199,1.762205758,4,1.3273690493413655,1.2098631439999998,1.3526891119518505,1.3038543055521257,1.4154052384201443,1.0120891252900004
Mol200,0.675686709,1,1.3165635449464286,1.188576779,1.2236604573095833,0.8411125939609109,1.1539687343133722,0.8721872761899998
Mol201,1.584059705,3,1.3119166433636362,1.194359769,1.7375434725420704,1.315239694500352,1.9640141503849782,1.1853469634300007
Mol202,0.675686709,1,1.3165635449464286,1.188576779,1.075037015265756,0.7878406629258925,0.8311879880520766,0.9932310373100005
Mol203,1.740560051,2,1.324620266135323,1.20679887,1.3648214468798774,1.4391565734699359,1.2846648686949984,1.48397015044
Mol204,1.752923841,3,1.3119166433636362,1.194359769,1.3108998886539587,1.7020327438778653,1.309593531075235,1.4090906687499996
Mol205,1.490239485,4,1.3273690493413655,1.2098631439999998,1.478180095682907,1.156908329620487,1.6339166491541928,1.3077118277499997
Mol206,1.444481995,3,1.3119166433636362,1.194359769,1.6048814482813658,1.5813811751107658,1.6492597611465762,1.2963674453900007
Mol207,0.675686709,4,1.3273690493413655,1.2098631439999998,1.5299047269132777,1.3825412456353066,1.630489417251793,1.197653183610001
Mol208,0.918082785,0,1.319724521862705,1.2178391149999999,1.4419597804610986,1.5309941292240943,1.5562126429476562,1.3467977349900009
Mol209,0.675686709,2,1.324620266135323,1.20679887,0.8383864769716545,0.17598585926587218,0.6897315356214313,0.9847612469700008
Mol210,1.160948481,0,1.319724521862705,1.2178391149999999,1.0602616466338861,0.7555169574545368,0.8835567076694285,1.21587678111
Mol211,1.413500935,3,1.3119166433636362,1.194359769,1.4982962450179855,1.5132562146828796,1.4684356697734213,1.3282760207000004
Mol212,0.675686709,1,1.3165635449464286,1.188576779,0.898589236689113,0.6814595336777384,1.3618123337094326,0.9814024844200003
Mol213,2.229848158,4,1.3273690493413655,1.2098631439999998,1.5258357844634105,1.8769066965021415,1.488140901706991,1.7205545137699991
Mol214,0.675686709,0,1.319724521862705,1.2178391149999999,1.0209045552322407,0.49234008665713025,0.803468477228911,1.0190791784500002
Mol215,2.181949292,0,1.319724521862705,1.2178391149999999,1.0634018220115848,0.5852449915399296,0.7984434779970493,1.0654745563499994
Mol216,0.675686709,1,1.3165635449464286,1.188576779,1.1587514486732,0.7163137933784873,1.161864634075995,1.139104592850001
Mol217,2.02843704,4,1.3273690493413655,1.2098631439999998,1.3371687614384438,1.917294916870457,1.547039150127279,1.3535019116700002
Mol218,0.675686709,0,1.319724521862705,1.2178391149999999,0.7818763134282317,1.1053773392074793,0.7250242893613702,1.3522049705599999
Mol219,0.675686709,0,1.319724521862705,1.2178391149999999,1.2604281857202801,0.646145186670144,1.2402080556461497,0.9767322544700002
Mol220,2.280145681,4,1.3273690493413655,1.2098631439999998,1.4498543177927758,2.083317249332071,1.4086723034206097,1.9124718322200007
Mol221,0.675686709,4,1.3273690493413655,1.2098631439999998,1.2422297322096072,1.2482464297066231,0.9303170930539184,1.1288072841700005
Mol222,1.197638876,4,1.3273690493413655,1.2098631439999998,1.3830886625650205,1.3675979365118338,1.342531515335795,1.2500535069599987
Mol223,1.574575243,2,1.324620266135323,1.20679887,1.8012698679043053,1.4292772216703373,1.4688552709132574,1.3969597239800007
Mol224,0.675686709,1,1.3165635449464286,1.188576779,1.1842965039885875,1.0235661578062412,0.9287891957737958,1.3109028946100008
Mol225,1.544489726,4,1.3273690493413655,1.2098631439999998,1.6668517221703496,1.9243372088168893,1.9181037306888964,1.3057055686199999
Mol226,1.237367773,1,1.3165635449464286,1.188576779,1.0999708697402093,0.9031669990349557,0.9339026018259018,1.3399612716900002
Mol227,0.675686709,0,1.319724521862705,1.2178391149999999,0.7165600344107788,1.217552049079704,0.7362655359221951,1.401651404690001
Mol228,1.733935179,4,1.3273690493413655,1.2098631439999998,1.3938984127066307,1.6044960058445392,1.4965173453598397,1.5296745103299998
Mol229,2.109848421,0,1.319724521862705,1.2178391149999999,1.5627692445254155,1.4699657316567383,1.6847671618817315,1.4168114678299994
Mol230,1.800923182,4,1.3273690493413655,1.2098631439999998,1.6801471779556545,1.6394287556973515,1.9779449748871172,1.3678433704800008
Mol231,1.967599452,0,1.319724521862705,1.2178391149999999,1.4621051605497224,1.3133269974197699,1.776746188554468,1.0921488930700003
Mol232,0.675686709,4,1.3273690493413655,1.2098631439999998,0.8676022547334447,0.5798495778341825,0.9406694915544201,0.9877459866900006
Mol233,1.562506984,0,1.319724521862705,1.2178391149999999,1.406099082440674,1.932083616833057,1.5106787447754604,1.7320577779300006
Mol234,0.675686709,2,1.324620266135323,1.20679887,1.2642909481876303,1.5178990794859186,1.0521162216044362,1.1486747640600006
Mol235,0.675686709,2,1.324620266135323,1.20679887,1.1844945695335753,0.8819114817013575,0.9688765231563413,1.0639216501300002
Mol236,1.650200637,3,1.3119166433636362,1.194359769,0.826709176486403,0.6441269258592811,0.7918046095416679,1.2693587130500006
Mol237,0.675686709,3,1.3119166433636362,1.194359769,0.8052575944614061,1.4160321551071289,0.7316411535368281,1.3479987520400005
Mol238,0.675686709,1,1.3165635449464286,1.188576779,1.1596841230346173,1.0981277753908534,1.0290983446009172,1.1625389796799999
Mol239,0.675686709,4,1.3273690493413655,1.2098631439999998,0.9945739540369483,1.680388748409248,1.0340747967013495,1.4285352925400003
Mol240,1.612222088,1,1.3165635449464286,1.188576779,1.041387849340495,2.018783108844485,0.9790818707060476,1.432679130620001
Mol241,0.675686709,4,1.3273690493413655,1.2098631439999998,1.3853242906555276,1.0899536342249547,1.5621782381787035,1.1773792315300007
Mol242,1.444638031,2,1.324620266135323,1.20679887,1.2256696497604842,1.5102437311607868,1.1626572233625871,1.0951508181700003
Mol243,1.342442421,2,1.324620266135323,1.20679887,1.3096939653888708,1.568462801568299,1.4455228075285353,1.44995024887
Mol244,1.942241269,0,1.319724521862705,1.2178391149999999,1.5153675115845409,1.2990351927192911,1.5588580399034004,1.3326275281699997
Mol245,1.795344637,4,1.3273690493413655,1.2098631439999998,1.3337075608377045,1.2695646666335656,1.0771087335084037,1.5780886868599995
Mol246,2.116677465,1,1.3165635449464286,1.188576779,1.223961967210018,1.8581694579196792,1.2154435203278557,0.94240718818
Mol247,0.675686709,0,1.319724521862705,1.2178391149999999,1.161743719071505,0.7037035291296073,1.1754088911542977,1.0676957169600008
Mol248,2.451204429,3,1.3119166433636362,1.194359769,1.3827462149122771,2.0061712750136014,1.4428619361747577,1.6268634976800005
Mol249,2.53226377,3,1.3119166433636362,1.194359769,1.529810946218462,1.1927007626122492,1.5811367634563127,1.4461816277
Mol250,1.125708926,3,1.3119166433636362,1.194359769,1.6101726488532528,1.4730494333461182,1.8236221084656845,1.3697886439899998
Mol251,2.5987369,0,1.319724521862705,1.2178391149999999,1.8774314085919404,1.7085093239139488,2.088979792083454,1.7151175180499982
Mol252,1.394504213,2,1.324620266135323,1.20679887,0.7738040145127683,0.9644589513979547,0.6861655086619131,0.9346591343800005
Mol253,1.323417121,0,1.319724521862705,1.2178391149999999,0.9537958468818339,1.1979013830692993,0.7512694335450469,1.0543807502400007
Mol254,2.36483043,3,1.3119166433636362,1.194359769,0.9415034739658527,1.5253602684961844,1.1778220789171214,1.41814702034
Mol255,0.675686709,0,1.319724521862705,1.2178391149999999,0.87643039064264,0.5625205262067764,0.8744222406737566,0.8998525896700003
Mol256,1.751756258,3,1.3119166433636362,1.194359769,1.4733124982344141,1.9409611510880054,1.6534052781694655,1.7464595003700003
Mol257,1.983662364,3,1.3119166433636362,1.194359769,1.3324105315459531,2.0013166228872534,1.4908812634789808,1.6582935279300008
Mol258,0.870462432,4,1.3273690493413655,1.2098631439999998,1.2162199333469774,1.1016649728597518,1.2484821571193045,1.0348631653600004
Mol259,2.171023996,0,1.319724521862705,1.2178391149999999,1.6072462583280573,1.5710986840119758,1.649983335494249,1.5764669644100002
Mol260,2.177262274,0,1.319724521862705,1.2178391149999999,1.6231194415845402,1.7932730869841023,1.687998527869523,1.4618690131399996
Mol261,2.645352502,0,1.319724521862705,1.2178391149999999,1.4636486319273847,1.7185499151764316,1.5011578083172588,1.4808094514799999
Mol262,2.554656304,0,1.319724521862705,1.2178391149999999,1.4079893706476736,1.7258502226138537,1.546184924131235,1.6582396302500002
Mol263,0.993259831,4,1.3273690493413655,1.2098631439999998,0.9193218478645494,0.9290262134724131,1.003697113010029,1.4776912476200001
Mol264,2.855807378,0,1.319724521862705,1.2178391149999999,1.5920363581376211,1.6432769853199454,1.5819724215473192,1.4750673136500012
Mol265,2.118449915,3,1.3119166433636362,1.194359769,1.6975625645426997,1.832055649560606,2.0589959041354065,1.9525006176
Mol266,0.675686709,2,1.324620266135323,1.20679887,1.2052437744610476,1.586401367232281,1.2210714589314144,1.3008384948400007
Mol267,2.045596772,0,1.319724521862705,1.2178391149999999,1.37523828752478,1.3565878422554851,1.5064036398280438,1.0763929037400006
Mol268,1.597552591,1,1.3165635449464286,1.188576779,1.306659738408287,1.535324042991483,1.3961029235262068,1.4744131620900003
Mol269,1.412611726,1,1.3165635449464286,1.188576779,1.1269683601017009,1.0155151188710496,0.8897064104253186,1.1397098269200006
Mol270,1.306875174,4,1.3273690493413655,1.2098631439999998,1.5070011241345,1.8991611810295934,1.5614060944676573,1.3825470871
Mol271,0.675686709,0,1.319724521862705,1.2178391149999999,1.2824808556305187,1.403646291678029,1.1437756608673388,1.1630376297900002
Mol272,0.675686709,3,1.3119166433636362,1.194359769,1.1614910313399578,1.278302692816442,0.9017542780412171,1.146439808710001
Mol273,1.817796667,3,1.3119166433636362,1.194359769,1.6746267025275752,1.2961846812751499,1.6404466219385925,1.1597886879200008
Mol274,0.675686709,1,1.3165635449464286,1.188576779,1.4535774597233546,1.3321971127966576,1.6402572225274,1.0429339345900004
Mol275,1.222404291,1,1.3165635449464286,1.188576779,1.4551456190864263,1.2943232853371545,1.7111029630681887,1.4795585604600003
Mol276,1.306167592,2,1.324620266135323,1.20679887,1.146406092215134,1.4741088329777694,1.2927545654046395,1.3152545050400002
Mol277,0.827563111,1,1.3165635449464286,1.188576779,1.2482785748030976,1.1197601380456796,1.488989376179332,1.0172793548800005
Mol278,0.675686709,4,1.3273690493413655,1.2098631439999998,0.8722924333123236,1.2233343208004195,0.7518062823830559,0.9697984139500003
Mol279,2.056054478,3,1.3119166433636362,1.194359769,1.8699922229041392,1.8935244491968346,1.9105221249554547,1.5794477172400005
Mol280,2.399486814,0,1.319724521862705,1.2178391149999999,1.8205973525746968,1.7068541886747686,2.112007250428277,1.941009835699999
Mol281,0.675686709,2,1.324620266135323,1.20679887,1.3064051354603508,1.109520978876858,1.3713310420450455,1.3334633852500002
Mol282,1.854919088,3,1.3119166433636362,1.194359769,1.7860208089796754,1.8020278457069439,1.7923082708990696,1.6147617780500005
Mol283,1.933284772,4,1.3273690493413655,1.2098631439999998,1.098917997889463,1.514251003123559,0.9560714230460077,1.2944609268400002
Mol284,1.122445256,0,1.319724521862705,1.2178391149999999,1.1871878097984023,1.081976932626535,1.012033344025502,1.3779301204500003
Mol285,1.606424362,2,1.324620266135323,1.20679887,1.2376523803186013,1.4652542331155485,1.4083610919899303,1.0628499101900009
Mol286,1.881681314,2,1.324620266135323,1.20679887,1.8200934967025235,1.2160764145438399,1.716157113010945,1.2240164986800002
Mol287,0.89014146,0,1.319724521862705,1.2178391149999999,1.6487903964851256,1.9853089579535177,1.3597560626832814,1.2424513460900002
Mol288,2.208962412,2,1.324620266135323,1.20679887,1.73857911118605,2.009422564771631,1.3401896272118736,1.4958715357099999
Mol289,0.675686709,0,1.319724521862705,1.2178391149999999,1.038555956934752,0.45115161404054244,1.0410031367349226,0.9987020663300009
Mol290,1.681340752,1,1.3165635449464286,1.188576779,1.3495334490382944,1.2812026792695166,1.7797864828313275,1.1274266237300008
Mol291,0.675686709,4,1.3273690493413655,1.2098631439999998,0.9532191025319862,1.2727652065807051,1.099782402545056,1.4369881397400002
Mol292,0.675686709,1,1.3165635449464286,1.188576779,1.061482808700217,1.3590344925292774,1.0155888179072545,1.1311148319900006
Mol293,0.764176132,0,1.319724521862705,1.2178391149999999,1.387600215687531,1.256170416068806,1.5984787009923453,1.1535837169500012
Mol294,1.753621355,3,1.3119166433636362,1.194359769,1.4735790581162964,1.144623856112351,1.645891643260487,1.4915109466000007
Mol295,0.675686709,2,1.324620266135323,1.20679887,0.8600244307137836,1.097533831527537,0.7386250517169838,1.6169941775199999
Mol296,0.675686709,3,1.3119166433636362,1.194359769,0.9364945015932835,1.1376424505431824,0.7958449000660062,0.9778636777400004
Mol297,0.876160085,4,1.3273690493413655,1.2098631439999998,1.1866817655576276,0.9786814931599748,1.0692674817134813,1.113617568440001
Mol298,0.675686709,1,1.3165635449464286,1.188576779,0.8786696854766334,0.6121516656423074,0.7449993417932239,0.76915206964
Mol299,0.675686709,0,1.319724521862705,1.2178391149999999,0.9109732693538191,0.5283479824781341,0.7144649896553346,0.9490196762000005
Mol300,2.148473087,0,1.319724521862705,1.2178391149999999,1.677152999800723,1.6384596432347764,1.7289309954072245,1.42515516978
Mol301,0.739493231,1,1.3165635449464286,1.188576779,0.8994160643120483,0.8319578305650837,0.7192497588199012,1.0916782498900006
Mol302,0.675686709,0,1.319724521862705,1.2178391149999999,1.2933572395297308,1.106002038455366,1.3924033222190946,1.0835970283600005
Mol303,2.033568496,0,1.319724521862705,1.2178391149999999,1.2003967661468113,1.5382158134724495,1.034334349930926,1.1333743322100005
Mol304,3.339893263,2,1.324620266135323,1.20679887,1.4883160886137008,2.502648553503767,1.5796605247525803,2.1580489744999993
Mol305,1.739983503,1,1.3165635449464286,1.188576779,1.2597333344460615,1.419944491053824,1.133916258254247,1.0656632280800005
Mol306,1.84105899,2,1.324620266135323,1.20679887,2.2993097593616136,1.9444606874100854,1.7154905046056625,1.4381221353500002
Mol307,1.042339205,4,1.3273690493413655,1.2098631439999998,1.285891187487799,1.703944451780603,1.398986459357742,1.4271199349000003
Mol308,0.675686709,2,1.324620266135323,1.20679887,1.3500628049176302,1.3384359601460356,1.4725550505301166,1.5182593126100008
Mol309,0.763802224,3,1.3119166433636362,1.194359769,1.0013971226456853,1.1551021700325377,0.8642452551347444,1.133593300530001
Mol310,1.071550639,2,1.324620266135323,1.20679887,1.3559060221199535,1.1881998164502061,1.4153567661552977,1.1815565880500005
Mol311,0.675686709,2,1.324620266135323,1.20679887,1.3879956295967768,2.059863279500627,1.297417439481552,1.3354482565500008
Mol312,2.118307723,3,1.3119166433636362,1.194359769,1.4100882925506673,1.3058246603373775,1.2877194168440094,1.2832492368300006
Mol313,0.675686709,3,1.3119166433636362,1.194359769,1.0946427201994453,1.0217742206278273,0.8147414021508521,1.2516286578000007
Mol314,1.609423646,1,1.3165635449464286,1.188576779,1.3582787314211973,1.037635213241073,1.4381856074853392,1.1454620072900006
Mol315,0.960280464,3,1.3119166433636362,1.194359769,1.0547092372358091,0.6987768582895185,1.0444899081769483,1.041353199130001
Mol316,0.675686709,3,1.3119166433636362,1.194359769,1.3218329486852158,1.1129953417897576,1.1772776441860935,1.3778225472100005
Mol317,0.675686709,3,1.3119166433636362,1.194359769,1.4611724610961123,1.0579862451516162,1.422418966970661,1.2020806704500004
Mol318,2.746029814,0,1.319724521862705,1.2178391149999999,1.922137226994663,1.5316221515730661,2.1895566105713677,1.7106314261299997
Mol319,1.39054654,2,1.324620266135323,1.20679887,1.327000301040826,1.418274644390615,1.5551698963463563,1.334386982030001
Mol320,2.526548619,0,1.319724521862705,1.2178391149999999,1.7079094271860367,1.5757217900355251,1.8829177750018256,1.9052844519799996
Mol321,1.268718346,0,1.319724521862705,1.2178391149999999,1.427823163531233,1.6237392905878023,1.449001333812721,1.4029743670600003
Mol322,0.675686709,2,1.324620266135323,1.20679887,1.5819521318411152,1.3855678642067442,1.6244546136470626,1.2036854749100012
Mol323,0.698535493,2,1.324620266135323,1.20679887,1.3277538391727917,1.1114965494362807,1.1667484712445448,1.51797786573
Mol324,0.675686709,1,1.3165635449464286,1.188576779,1.0347873397488523,1.2204720281532988,0.7883449079781655,1.300566530470001
Mol325,0.675686709,0,1.319724521862705,1.2178391149999999,0.9411606926470906,0.89150933709543,0.8708124228158622,0.8468252492099998
Mol326,1.087000121,1,1.3165635449464286,1.188576779,1.4585830880935249,0.8048621217021441,1.6134628128039123,0.986533179240001
Mol327,0.675686709,1,1.3165635449464286,1.188576779,1.012127799953666,1.0080747451680954,0.9340026525545311,1.1140399771200002
Mol328,1.866860112,0,1.319724521862705,1.2178391149999999,1.043260847842253,0.8763583881150248,0.7841366656472094,1.1863073240300006
Mol329,1.039255444,3,1.3119166433636362,1.194359769,1.246839814865994,1.3533685081112707,1.3257082042062234,1.2807869704500003
Mol330,0.675686709,4,1.3273690493413655,1.2098631439999998,0.7601534565084559,0.6740503636397522,0.7007430505410097,1.0858570860900005
Mol331,1.412443747,3,1.3119166433636362,1.194359769,1.2734829171806543,1.3127615566101527,1.2898519762360792,1.2057356410500004
Mol332,0.675686709,3,1.3119166433636362,1.194359769,1.1241255775296897,1.2060034761833722,0.9511348800291362,1.1485206174800007
Mol333,1.454646716,1,1.3165635449464286,1.188576779,1.4304002136246716,1.221903087258028,1.4784014128586849,0.9310134232600007
Mol334,0.913336926,4,1.3273690493413655,1.2098631439999998,1.3327200397426857,0.8545683463422198,1.1545051053015662,1.3477419073000005
Mol335,1.590563209,3,1.3119166433636362,1.194359769,1.8422453729632107,1.5232585042144833,1.5886252335339575,1.425083219600001
Mol336,0.675686709,2,1.324620266135323,1.20679887,1.1072813413502762,1.5479767619221767,0.8352312250381871,1.2230565811200003
Mol337,0.675686709,2,1.324620266135323,1.20679887,1.1746215459580815,1.0176235543889054,1.0703207400852708,1.0972651700900007
Mol338,0.675686709,0,1.319724521862705,1.2178391149999999,1.0894609497925798,0.9488848147597777,0.8665538002035607,0.8575098836600001
Mol339,1.861886721,2,1.324620266135323,1.20679887,1.965323845969401,2.143498849329302,1.7206958769361864,2.103556486969999
Mol340,1.028327198,4,1.3273690493413655,1.2098631439999998,1.8363747902501326,1.353393639646426,1.4858783404780196,1.2104319633499994
Mol341,1.37821615,3,1.3119166433636362,1.194359769,1.2441068482600783,1.1960338715692136,1.2028077768679373,1.2066277602400002
Mol342,1.796761608,4,1.3273690493413655,1.2098631439999998,1.6577346380985856,1.8055894741791116,1.683854253843223,1.7311992894800001
Mol343,0.686546899,4,1.3273690493413655,1.2098631439999998,1.2862597507869735,1.0856702715618094,1.191451556689703,1.0691177979700002
Mol344,1.105237601,2,1.324620266135323,1.20679887,1.841740387788295,1.263450825681824,1.3965649371280855,1.291809687450001
Mol345,1.344411925,3,1.3119166433636362,1.194359769,1.2808102596450477,0.9381341657622346,1.1809449866973218,1.1585238721900009
Mol346,1.541304603,3,1.3119166433636362,1.194359769,1.3525122735617023,1.8863440997974472,1.5518939546723625,1.4221389451
Mol347,1.444481995,4,1.3273690493413655,1.2098631439999998,1.6398041238984375,1.4287488920688936,1.5398232843418729,1.2129458835700004
Mol348,2.492268562,1,1.3165635449464286,1.188576779,2.0279765067324287,1.9407596242043668,1.9700448099793926,1.4995843543799998
Mol349,0.675686709,1,1.3165635449464286,1.188576779,1.0147079253455429,0.5550528071758859,1.052120824391001,1.0306634364000005
Mol350,2.079575551,4,1.3273690493413655,1.2098631439999998,1.4437623911157598,1.639228003243081,1.7631185157542308,1.0220384655600008
Mol351,0.998172122,2,1.324620266135323,1.20679887,1.352245287525734,1.9078428394245823,1.576986710272751,1.5193933938500002
Mol352,0.863501301,4,1.3273690493413655,1.2098631439999998,1.3655208272107475,0.7907082581300465,1.3759251561933195,1.1953984756500007
Mol353,0.675686709,0,1.319724521862705,1.2178391149999999,0.9745382551716227,0.3830671775060235,0.7416756813262576,1.0107035718300004
Mol354,0.675686709,0,1.319724521862705,1.2178391149999999,1.2380416414207582,1.2123721588352994,1.2417078922837534,1.2589620245700006
Mol355,0.675686709,4,1.3273690493413655,1.2098631439999998,0.8961417871111761,1.2903334580798873,0.75073950851931,1.059696447310001
Mol356,0.950316164,0,1.319724521862705,1.2178391149999999,1.154608653495454,0.8163579394740434,1.2853040132657592,1.0815846968900005
Mol357,2.184671561,2,1.324620266135323,1.20679887,1.7534703815933788,2.1726713184893276,2.0148120650193246,1.6939280852500003
Mol358,2.436401205,1,1.3165635449464286,1.188576779,1.534861237744176,2.0126947900171026,1.3754677150077823,1.5566850746400007
Mol359,2.008761938,1,1.3165635449464286,1.188576779,1.1844201147483866,1.2045752158066985,1.6535272514543038,1.1747925011100002
Mol360,2.6977575,0,1.319724521862705,1.2178391149999999,1.9853104752377622,2.3526178654702123,2.3225902065424635,1.7110246967599991
Mol361,1.788642017,3,1.3119166433636362,1.194359769,1.497572883277176,0.8094923531422086,1.566725254878908,1.3895981900199998
Mol362,0.840858554,0,1.319724521862705,1.2178391149999999,1.1275550983924756,1.3890570270677507,0.9180868940816653,1.2927264532500007
Mol363,1.392028293,1,1.3165635449464286,1.188576779,1.3621580018745783,1.4629493777396048,1.3321230016280297,0.9835505570200006
Mol364,0.675686709,0,1.319724521862705,1.2178391149999999,1.0829567788254644,0.9621964534416751,0.8360922051035482,0.9926297714399999
Mol365,1.549260818,1,1.3165635449464286,1.188576779,1.5440706741442658,1.7787189201204594,1.8315426284209289,1.4853051792000003
Mol366,1.294840836,4,1.3273690493413655,1.2098631439999998,1.3727420351963193,1.388220852748459,1.1234534413685102,1.3870066826200007
Mol367,2.077709392,2,1.324620266135323,1.20679887,1.3153465783981249,1.763549082991196,1.2638518187870191,1.47051549217
Mol368,2.021615112,3,1.3119166433636362,1.194359769,1.3652531705627329,1.7268194296851456,1.4948461122455,1.7416310619600004
Mol369,0.675686709,4,1.3273690493413655,1.2098631439999998,1.2000568116144927,1.6540997588869883,1.0637741141133719,1.5759466646599998
Mol370,1.337279516,2,1.324620266135323,1.20679887,1.4798127777952559,1.5260799913149183,1.6130502142640628,1.4628993637300005
Mol371,1.217194318,3,1.3119166433636362,1.194359769,1.3122329250143987,1.4064751591712379,1.5113029320662443,1.3701797337200008
Mol372,1.48814161,1,1.3165635449464286,1.188576779,1.1777359958568638,1.0315495662041667,0.9508094831494732,0.8998629798400004
Mol373,2.096037073,1,1.3165635449464286,1.188576779,1.4395059007918285,2.2174213401983214,1.4145535467331856,1.511860352969999
Mol374,0.675686709,2,1.324620266135323,1.20679887,0.996340492134687,0.9449212757020807,0.8298913634598358,1.185683412930001
Mol375,0.675686709,0,1.319724521862705,1.2178391149999999,1.30129446715047,1.0636297182931949,1.4819294189940055,1.0032838406000006
Mol376,0.906011625,1,1.3165635449464286,1.188576779,1.5512124065969024,1.6611207552764626,1.8270047883644336,1.1983236952400005
Mol377,0.675686709,4,1.3273690493413655,1.2098631439999998,0.5763537951490083,0.702669184400623,0.7474081413224094,0.9112790596400007
Mol378,0.675686709,2,1.324620266135323,1.20679887,0.8010533781209446,1.2313575704063857,0.6902911464016516,1.1642178460700001
Mol379,1.215426048,0,1.319724521862705,1.2178391149999999,1.0452541727135862,1.179153122731913,0.8836579864849767,1.1300692702300008
Mol380,0.829239428,4,1.3273690493413655,1.2098631439999998,1.2882285998182648,1.1585504816671388,1.1298515139584233,1.0441272702300006
Mol381,1.266419866,4,1.3273690493413655,1.2098631439999998,1.507934640814962,1.1948745656011954,1.6914265967110977,1.3437906477199997
Mol382,0.675686709,0,1.319724521862705,1.2178391149999999,1.0965957644536974,1.0188794082273687,0.8878004435182095,0.9648781655700002
Mol383,1.891241881,2,1.324620266135323,1.20679887,1.6392181005313473,1.8578966045486172,1.8863442066807254,1.8664007091500003
Mol384,2.339254623,3,1.3119166433636362,1.194359769,1.5175626786186924,1.2580943710633652,1.557767760721731,1.4299493872300004
Mol385,0.914660431,3,1.3119166433636362,1.194359769,1.4032151844134144,1.6191867754644447,1.3304383900404064,1.6074962521199998
Mol386,2.59989944,1,1.3165635449464286,1.188576779,1.4679937952075572,1.8366194474450088,1.5558076558450296,1.554101400740001
Mol387,1.726824975,1,1.3165635449464286,1.188576779,1.105304432488384,1.7135605177424098,0.823505300151215,1.3487705227600006
Mol388,1.535926741,3,1.3119166433636362,1.194359769,1.6236710809014987,1.352293900111401,1.649017578993749,1.3445833549799997
Mol389,2.271330371,0,1.319724521862705,1.2178391149999999,1.6165430047951919,1.7739033069689287,1.8071914142911822,1.4646947617700001
Mol390,0.675686709,4,1.3273690493413655,1.2098631439999998,1.4277388122736097,1.8154984696703858,1.1802398618401142,1.1840372207900003
Mol391,0.781180721,0,1.319724521862705,1.2178391149999999,1.3738644798625332,1.1936861096130371,1.2925008719315023,1.3156684162700005
Mol392,0.675686709,4,1.3273690493413655,1.2098631439999998,1.4364083919796218,1.317138172611565,1.5997379799408955,1.1905070134900004
Mol393,2.704214884,3,1.3119166433636362,1.194359769,1.5573413080896827,1.7111455415599477,1.8683889902831887,1.34612962474
Mol394,0.675686709,0,1.319724521862705,1.2178391149999999,1.1187440825046577,1.195702253723085,0.8549220824606261,1.2129599532700006
Mol395,1.637939802,4,1.3273690493413655,1.2098631439999998,1.873420975215427,1.9456244503226836,1.9954274873221174,1.6103486560600013
Mol396,0.675686709,3,1.3119166433636362,1.194359769,0.8601136545798288,0.8480193255073261,0.8224692833800401,1.1013711582700008
Mol397,1.229015943,1,1.3165635449464286,1.188576779,1.4260588159512508,1.168591222867428,1.6289501072879577,1.4511794953200001
Mol398,1.77755006,2,1.324620266135323,1.20679887,1.3968611786175056,1.0477185549406796,1.6656963322051987,1.0696118298700008
Mol399,1.64086885,2,1.324620266135323,1.20679887,1.412506950510055,1.1007868160050795,1.5050945138928038,1.066229673080001
Mol400,0.675686709,3,1.3119166433636362,1.194359769,1.0412706707343409,1.5990211271065857,0.9026096805335985,1.3172495224700012
Mol401,1.44120795,3,1.3119166433636362,1.194359769,1.4309674218309156,1.2912120377233154,1.6519698428223117,1.0208314773300011
Mol402,1.181729285,4,1.3273690493413655,1.2098631439999998,1.4836215603616925,0.9347534103350534,1.639824579925266,1.1989568771400003
Mol403,2.116381905,2,1.324620266135323,1.20679887,2.1538301183142265,1.1916142061389283,1.6291752569821432,1.4789670273199997
Mol404,0.675686709,2,1.324620266135323,1.20679887,1.258391790342666,1.1813360329522025,1.2597093551185052,1.0311921533800004
Mol405,1.597409949,1,1.3165635449464286,1.188576779,0.8981600351790443,1.6858190412209515,0.7493030778540927,1.3634887245600007
Mol406,1.800201391,1,1.3165635449464286,1.188576779,1.2049882166627832,1.424128568213805,1.0574127570842329,1.3145950472000003
Mol407,1.333265861,3,1.3119166433636362,1.194359769,1.3220252759462867,1.752160121476075,1.4282013777413354,1.2694926178000008
Mol408,1.109004508,4,1.3273690493413655,1.2098631439999998,1.2661353519961824,1.3868244915293544,1.0722189213386804,1.2719062327400004
Mol409,1.049992857,0,1.319724521862705,1.2178391149999999,1.2715342096341595,1.198679963808711,1.4508684903482947,1.297150467620001
Mol410,0.675686709,3,1.3119166433636362,1.194359769,0.7507367831649521,0.5357809449332706,0.732379228393961,0.7910521080799997
Mol411,0.675686709,2,1.324620266135323,1.20679887,0.6088441909318578,0.6176039739720875,0.7124502673034716,1.2227429731400004
Mol412,2.256580655,1,1.3165635449464286,1.188576779,2.360525312390317,2.2820519892833957,1.3312135961546077,1.38451227415
Mol413,2.481132922,1,1.3165635449464286,1.188576779,1.6942807481647761,2.4464856707932277,1.8589770461973132,1.6753499996199992
Mol414,0.97735773,4,1.3273690493413655,1.2098631439999998,1.9116456812120841,1.8685781500021512,1.5536820865267162,1.42131151773
Mol415,1.743149009,1,1.3165635449464286,1.188576779,1.7515847913722773,1.7865030927950585,1.89220129650575,1.4050075012800003
Mol416,1.459377408,2,1.324620266135323,1.20679887,1.623867709329705,1.3493513969923367,1.4819841862165837,1.2819451063700003
Mol417,0.675686709,1,1.3165635449464286,1.188576779,1.1008601317580315,1.4757756238648296,0.9099929228613375,1.5677762579699996
Mol418,2.261786087,2,1.324620266135323,1.20679887,1.9050760117695664,2.0257557954441943,2.248840381677502,2.054266699349999
Mol419,1.422031431,1,1.3165635449464286,1.188576779,1.2317888828818626,0.931180443977037,0.9720359836633068,1.0857958128200003
Mol420,0.806654724,2,1.324620266135323,1.20679887,1.8589837199728207,1.233688526005975,2.0765452552478116,1.254243208280001
Mol421,0.675686709,3,1.3119166433636362,1.194359769,1.1231824084460345,0.6203823679285598,1.08561026988705,1.0974489517400008
Mol422,2.43432774,0,1.319724521862705,1.2178391149999999,1.557942264504643,1.52918553353518,1.5383955344617366,1.1824819624
Mol423,1.324817275,2,1.324620266135323,1.20679887,1.5372126730739337,0.9469129959500062,1.4747865685236499,1.5100754949600002
Mol424,0.675686709,1,1.3165635449464286,1.188576779,1.386979689699825,0.8040705260405092,1.591037653010484,1.2164678479300002
Mol425,0.675686709,0,1.319724521862705,1.2178391149999999,1.0321347169278055,0.9423417893399748,0.8531989274623474,0.9681059781100002
Mol426,1.401934464,1,1.3165635449464286,1.188576779,1.244644754193489,1.9717310494912361,1.0899255770303775,1.7556754327000001
Mol427,0.675686709,3,1.3119166433636362,1.194359769,1.279914016659044,1.0770757263539439,1.0878096765216618,0.8692493606600005
Mol428,1.84221595,0,1.319724521862705,1.2178391149999999,1.6615876642619432,1.4969661640261582,1.853155407435827,1.305264045590001
Mol429,2.378554146,3,1.3119166433636362,1.194359769,1.5345379682567635,1.8354451870489747,1.271411589498301,1.67187518652
Mol430,0.675686709,2,1.324620266135323,1.20679887,1.237315179939183,1.703364230912998,1.0338493809916438,1.1790411028900012
Mol431,0.675686709,0,1.319724521862705,1.2178391149999999,1.2779083767829231,0.9169117978994352,1.0946046610067202,0.8573445273100004
Mol432,1.058995094,3,1.3119166433636362,1.194359769,1.3533484769255364,0.8974227278096415,1.4711112488190243,0.9917835255600006
Mol433,2.662653022,0,1.319724521862705,1.2178391149999999,1.379116860049434,2.055159175118004,1.3299119418244616,1.5530945546400003
Mol434,1.426136989,4,1.3273690493413655,1.2098631439999998,1.89488110839686,0.8227671067680208,2.1738885676518978,1.3298195196400007
Mol435,0.675686709,3,1.3119166433636362,1.194359769,1.5371879025868924,0.6532789533607086,1.3664165439493232,1.38803702404
Mol436,0.675686709,1,1.3165635449464286,1.188576779,1.3078868441653348,1.1239979628691241,1.0776942200428927,1.4661418645699993
Mol437,1.735774498,1,1.3165635449464286,1.188576779,1.5179316603500361,1.5965196186208637,1.7092818526488693,1.47551353717
Mol438,2.241150355,0,1.319724521862705,1.2178391149999999,1.5222644090942936,2.0543878257368022,1.5548875105307578,1.6490399764700001
Mol439,0.675686709,4,1.3273690493413655,1.2098631439999998,1.5305916575896565,1.233515514503343,1.5328809481613712,1.30623964574
Mol440,1.304576689,2,1.324620266135323,1.20679887,1.488139950100189,1.4300131940092036,1.5848368496078598,1.3352798229200007
Mol441,0.740204736,0,1.319724521862705,1.2178391149999999,1.3656590520398681,1.1289134352932384,1.6826089839384009,1.2780628820600006
Mol442,1.802363174,0,1.319724521862705,1.2178391149999999,0.9242399401101511,0.4900688978163876,0.7949434279604013,0.9751615797300001
Mol443,1.652110905,2,1.324620266135323,1.20679887,1.3716527408391734,1.3064803922383033,1.5740023353239032,1.6159440766999997
Mol444,0.675686709,2,1.324620266135323,1.20679887,0.8764072201267379,0.8387847277977223,0.7949923852781275,0.76989422929
Mol445,2.090864442,0,1.319724521862705,1.2178391149999999,1.4012672918636677,1.8516080411644462,1.3394762003811147,1.6165797986999992
Mol446,2.105251234,0,1.319724521862705,1.2178391149999999,1.2903825150419423,1.5427005517085668,1.064740270258824,1.2739470115900002
Mol447,1.193068916,1,1.3165635449464286,1.188576779,1.0904034673213328,0.8327699887318372,0.9046014847561464,1.1011222304500008
Mol448,1.786687551,0,1.319724521862705,1.2178391149999999,1.4381981737201528,1.5108089022413795,1.2912299506650782,1.5569044553599993
Mol449,1.300117018,1,1.3165635449464286,1.188576779,1.6893146219842419,2.094880533413805,1.3191108758226584,1.7872680536599994
Mol450,2.068119042,0,1.319724521862705,1.2178391149999999,1.2673057035566335,1.2116135111467683,1.5925561599365117,1.3409266977700003
Mol451,1.020858282,1,1.3165635449464286,1.188576779,1.6320618011511039,0.7963978844022236,1.686298292374027,1.2327654386000007
Mol452,0.675686709,3,1.3119166433636362,1.194359769,1.8008534714970765,0.8790715766612862,1.5926689459584074,1.0672365074500005
Mol453,0.675686709,3,1.3119166433636362,1.194359769,1.182295484103441,1.0773861013454409,1.18150050797486,1.2861552668800003
Mol454,2.032457583,4,1.3273690493413655,1.2098631439999998,1.751150894101271,1.6889715808735275,1.6476780417533974,1.2911479054300006
Mol455,1.058843415,0,1.319724521862705,1.2178391149999999,1.1426209515700791,1.3091157960631632,0.9888723379632216,1.76726259116
Mol456,0.675686709,2,1.324620266135323,1.20679887,1.6818052570481057,1.0906073409129051,1.7340595374607692,1.187767362820001
Mol457,1.902481549,0,1.319724521862705,1.2178391149999999,1.282736087941414,1.5141349010012797,1.48465445729458,1.5892178569199995
Mol458,1.12577395,3,1.3119166433636362,1.194359769,1.3806007534673905,1.4168953974542382,1.3721606211769402,1.171620649680001
Mol459,2.086156875,4,1.3273690493413655,1.2098631439999998,1.5331348398709053,1.7928061116934415,1.6725408883951054,1.5135967978699998
Mol460,1.442181775,0,1.319724521862705,1.2178391149999999,1.0737369933756085,0.9280686777419347,1.0107564043440123,1.0184316689600006
Mol461,1.14213908,0,1.319724521862705,1.2178391149999999,1.413737506007787,0.9209461712338345,1.5725985427165257,1.4469351211800008
Mol462,1.703334375,3,1.3119166433636362,1.194359769,1.1507757550822393,1.858743866352579,1.2118174078178485,1.3218667514200002
Mol463,3.000683042,2,1.324620266135323,1.20679887,2.1349814595662115,2.2281132804362054,2.5665341138818434,1.6769646076400004
Mol464,1.196037941,4,1.3273690493413655,1.2098631439999998,1.7112662619966608,1.4594305798650251,1.8164109534816593,0.9900102343800001
Mol465,0.967641564,3,1.3119166433636362,1.194359769,1.3544010382633112,1.3049928255930472,1.181858288603236,1.3712799815700003
Mol466,0.675686709,3,1.3119166433636362,1.194359769,1.2396867818512214,1.6621503263420139,1.2275045784619245,1.1273039106600007
Mol467,1.017033339,0,1.319724521862705,1.2178391149999999,1.3900780817300766,1.6168091649515834,1.5196870277626178,1.2673677871200004
Mol468,0.675686709,0,1.319724521862705,1.2178391149999999,1.0084044916315147,0.7886717446132008,1.131066454568969,0.7867539646899999
Mol469,1.535686454,2,1.324620266135323,1.20679887,0.4695394887394384,0.41544990387882363,0.7303047183162182,1.03533899164
Mol470,1.030680664,3,1.3119166433636362,1.194359769,1.2051706207018447,1.4194192152727072,1.0039145253876767,1.1471287543500004
Mol471,1.059714846,4,1.3273690493413655,1.2098631439999998,1.1007214173787436,1.9068932768942617,0.8832010073049797,1.5558682047800003
Mol472,0.675686709,2,1.324620266135323,1.20679887,1.3843642639500415,1.2907432164001196,1.2284472717431152,1.2600874081700002
Mol473,0.675686709,4,1.3273690493413655,1.2098631439999998,1.1661422949524363,1.2722043236898404,1.0407278650862868,0.9933948456100004
Mol474,2.357942466,0,1.319724521862705,1.2178391149999999,1.7403459946194115,1.8215818743948187,1.9323007244484367,1.2815855570800003
Mol475,0.675686709,1,1.3165635449464286,1.188576779,1.1598695273261004,0.969191427060639,0.9942705259772544,1.0648827189000005
Mol476,1.02201574,4,1.3273690493413655,1.2098631439999998,1.352443961269299,0.7468044863183108,1.707712656104985,0.9328410518700002
Mol477,0.675686709,0,1.319724521862705,1.2178391149999999,0.8495642990375558,0.8012810306144011,1.0623786257818495,0.8957146321800004
Mol478,0.675686709,4,1.3273690493413655,1.2098631439999998,1.0065471362864318,0.7781283389679551,0.7510113686382905,1.0995497029500005
Mol479,0.675686709,4,1.3273690493413655,1.2098631439999998,1.2889618242546448,1.3637170757677004,1.3299838818223921,1.3660661301500008
Mol480,0.909502541,4,1.3273690493413655,1.2098631439999998,1.1750342941829732,1.0090135677731453,1.2977697019230336,1.0586377882900002
Mol481,0.675686709,0,1.319724521862705,1.2178391149999999,0.8461059099138094,1.229397601621458,0.7532927271862009,1.235867456330001
Mol482,0.675686709,4,1.3273690493413655,1.2098631439999998,1.1081156787664945,0.6683298221828031,1.2477290877955072,0.9418819675700004
Mol483,1.340741475,0,1.319724521862705,1.2178391149999999,1.272680689395922,1.0155687332836898,1.1762985575798095,1.02970267616
Mol484,0.675686709,1,1.3165635449464286,1.188576779,1.7392715719347898,0.847139711507254,1.548515695991556,1.1992977665300009
Mol485,0.92556991,0,1.319724521862705,1.2178391149999999,1.1755216381721323,0.6829248101420756,0.974826560762265,1.1801916756800006
Mol486,1.707289071,3,1.3119166433636362,1.194359769,1.2432783812790211,1.880178713588877,1.2723528603429275,1.8052109422999985
Mol487,0.675686709,4,1.3273690493413655,1.2098631439999998,1.0145107528408757,1.0577697293291526,0.848323220640257,1.3735137384600007
Mol488,0.675686709,4,1.3273690493413655,1.2098631439999998,1.24173569502254,1.3184759920976403,1.3280229509805588,1.2733098845900006
Mol489,0.675686709,3,1.3119166433636362,1.194359769,1.318462600437966,0.936550119304706,1.2805134806994476,1.0864137001800005
Mol490,1.926902963,3,1.3119166433636362,1.194359769,1.4118051471116282,1.7965984899540808,1.3977654178840737,1.5820030970499996
Mol491,1.880035738,1,1.3165635449464286,1.188576779,2.146587071822655,1.937283035257642,1.7835949851449087,1.5540549280100004
Mol492,1.121494186,0,1.319724521862705,1.2178391149999999,1.052731888782466,1.1725722289566645,0.9027208876536978,1.4755926095299996
Mol493,0.71432976,3,1.3119166433636362,1.194359769,1.1667583712318992,0.5007095287648229,0.9061880527893353,0.8213147982
Mol494,1.009025742,3,1.3119166433636362,1.194359769,1.7413780996088668,0.7753130475424473,1.6072559054672753,1.3711993553200004
Mol495,0.675686709,2,1.324620266135323,1.20679887,1.1763509063622954,0.7925766435774966,0.9839460791158701,0.99425815837
Mol496,0.675686709,3,1.3119166433636362,1.194359769,0.9447180658089924,0.7182991611608001,0.8245528364474403,0.80232636632
Mol497,0.675686709,3,1.3119166433636362,1.194359769,1.0098742052261334,0.9509124787684455,1.2810680080629802,0.9694081374900008
Mol498,1.506505032,4,1.3273690493413655,1.2098631439999998,1.4129840492328591,0.8734019171580198,1.3113730752498376,1.7247354420999996
Mol499,1.358296608,2,1.324620266135323,1.20679887,2.25935346521103,1.5809289443168992,2.2808614378136305,1.1778655667900002
Mol500,1.974212235,4,1.3273690493413655,1.2098631439999998,1.6184790938424491,2.2184488502027673,1.2437197532404745,1.6585629258799994
Mol501,2.517362192,2,1.324620266135323,1.20679887,1.4885926738069366,1.6437788950703398,1.7028880849607695,1.3866125441800008
Mol502,0.675686709,3,1.3119166433636362,1.194359769,1.2834949240959093,0.8007624660068768,1.2412900994878457,1.28458574527
Mol503,2.156424963,2,1.324620266135323,1.20679887,1.636013612386692,1.6406720902078602,1.9172937153657197,1.2785906352800003
Mol504,0.675686709,2,1.324620266135323,1.20679887,1.0016768427669263,1.1660117463325905,1.0821330587656952,1.138005214300001
Mol505,0.675686709,2,1.324620266135323,1.20679887,0.6281552922770679,1.128313391897959,0.6856919820285076,1.1325917095900007
Mol506,1.330170175,0,1.319724521862705,1.2178391149999999,1.6653372775673025,1.6267826903544265,1.9608970887133936,1.4402702555699995
Mol507,0.675686709,1,1.3165635449464286,1.188576779,1.0572054810325702,0.8785131497801433,0.91310623432258,0.7617206522099997
Mol508,2.408785883,0,1.319724521862705,1.2178391149999999,1.2496873854235244,1.9458089633127844,0.9404619440235565,1.5362501613100001
Mol509,1.280305143,2,1.324620266135323,1.20679887,1.320481027554611,1.1630612267644729,1.3882901027314543,1.5986896939999995
Mol510,0.675686709,1,1.3165635449464286,1.188576779,0.9345657101612985,1.41055612435796,0.731019704225972,1.3931210180899998
Mol511,0.859198362,1,1.3165635449464286,1.188576779,1.5910133331568155,1.149061536556251,1.8115211968675808,1.2973428010500003
Mol512,0.675686709,0,1.319724521862705,1.2178391149999999,1.4319780067075383,1.2697704031567176,1.631954962065139,1.2361142976400008
Mol513,2.259849412,3,1.3119166433636362,1.194359769,1.562091587440466,1.869344242771955,1.7704393320608043,1.1309637562300008
Mol514,2.09871985,4,1.3273690493413655,1.2098631439999998,1.8129491152502586,1.755813210099136,1.6625819507416575,1.3690780695000004
Mol515,1.114210528,4,1.3273690493413655,1.2098631439999998,1.047543981920733,1.130453159241613,0.9288287629697021,1.39886915984
Mol516,2.391108084,1,1.3165635449464286,1.188576779,1.5518826933773004,1.676048665464723,1.898768978818708,1.32886638307
Mol517,1.951084836,1,1.3165635449464286,1.188576779,1.4285993736376343,1.5536573565227854,1.5358020780222268,1.5580624192400003
Mol518,1.582381577,3,1.3119166433636362,1.194359769,1.1500676745014966,1.3715480438787486,0.9085891869001553,1.6104355673600004
Mol519,1.936086275,3,1.3119166433636362,1.194359769,1.3764692822835285,1.6406456294400038,1.4147063698081206,1.2698830891700013
Mol520,0.860397905,0,1.319724521862705,1.2178391149999999,1.1233051787398283,1.5726448823924575,0.9028852376645377,1.3857015787000002
Mol521,1.534609852,1,1.3165635449464286,1.188576779,1.1991463599937535,1.4460299417761386,1.161990179705078,1.7138086793099998
Mol522,0.720407401,1,1.3165635449464286,1.188576779,1.4679807013587414,1.2418767857459834,1.3458507873012762,1.0626138191200005
Mol523,1.222690465,4,1.3273690493413655,1.2098631439999998,1.6326578410175931,1.2428572543826153,1.620092998972753,1.29791381335
Mol524,2.299814443,0,1.319724521862705,1.2178391149999999,1.6646947718108667,2.3596100012422645,1.798443704901538,1.9832979074599983
Mol525,1.94888222,1,1.3165635449464286,1.188576779,1.5927727460102774,1.2695764512436314,1.6969893117871826,1.5256458620800006
Mol526,1.442401369,3,1.3119166433636362,1.194359769,1.6023847177195507,1.363202655401823,1.7723608204919232,1.6611709644800003
Mol527,1.872517549,1,1.3165635449464286,1.188576779,1.4247720944644324,1.0869336291787657,1.3600501455318112,1.1530150128700007
Mol528,1.505651841,0,1.319724521862705,1.2178391149999999,1.3367782044198475,1.6166253708180474,1.4005629581857924,1.5196301928300002
Mol529,2.243856233,1,1.3165635449464286,1.188576779,1.285221470657804,1.1954895252777165,1.2853947863664579,1.18102447133
Mol530,0.675686709,3,1.3119166433636362,1.194359769,1.190299051500451,1.3463814196910802,1.0209486198437236,1.5849821121999994
Mol531,1.383833312,0,1.319724521862705,1.2178391149999999,1.5057872781375288,1.2761483782397676,1.456456559635644,1.3389974062900003
Mol532,2.214290034,0,1.319724521862705,1.2178391149999999,1.356949766864072,1.889171517662813,1.271113608779433,1.477543775529999
Mol533,1.035509785,2,1.324620266135323,1.20679887,1.4690370478869963,1.0805930602907223,1.7947803160483817,1.228824696170001
Mol534,0.948706309,2,1.324620266135323,1.20679887,0.868946787858552,0.5926868153409132,1.0193966296899424,1.1016695595400008
Mol535,2.410677714,2,1.324620266135323,1.20679887,1.6209454354016437,1.3155809737022053,1.7233237515294988,1.3019426734300006
Mol536,1.121494186,0,1.319724521862705,1.2178391149999999,1.456514370162917,0.611746984084977,1.3384429326083065,1.0191076127500007
Mol537,0.788168371,2,1.324620266135323,1.20679887,0.8574241101286639,1.3963134438510534,0.9573111919564553,1.1083725877100001
Mol538,0.675686709,1,1.3165635449464286,1.188576779,1.182193142268547,1.1650617824879395,1.0865584476523689,1.17203309291
Mol539,1.481471294,2,1.324620266135323,1.20679887,1.1068863368663249,1.5080666347047564,1.301865090974278,1.6914878854900002
Mol540,2.011138895,2,1.324620266135323,1.20679887,1.6927870870111756,1.7763661449115418,1.7429627230206788,1.5046789550499993
Mol541,1.635182049,2,1.324620266135323,1.20679887,1.569001603791507,1.411664923853561,1.5418768497164097,1.02927987053
Mol542,0.675686709,2,1.324620266135323,1.20679887,0.883988093036906,0.6669718869151846,0.7855446294166981,1.021832810880001
Mol543,0.675686709,4,1.3273690493413655,1.2098631439999998,1.1835349165632592,1.1669986766551772,1.2481778054945079,1.265026268560001
Mol544,2.161347036,1,1.3165635449464286,1.188576779,1.7020392086121117,1.8982273149133349,2.029187802918488,1.5497611515099996
Mol545,1.188759793,1,1.3165635449464286,1.188576779,1.7466227712865228,1.7060175846890409,1.8020068055227554,1.50301780064
Mol546,0.675686709,2,1.324620266135323,1.20679887,1.1367511092132958,1.4229385403218207,1.1988537800150874,1.2540324525600006
Mol547,1.222742476,3,1.3119166433636362,1.194359769,1.6547385492488482,1.271295276078556,1.704783253275291,1.2430968550900008
Mol548,1.648516134,1,1.3165635449464286,1.188576779,1.6811119472784255,1.6945156625236324,1.5440915333762797,1.3945577718800004
Mol549,1.927878283,1,1.3165635449464286,1.188576779,1.2680973086138472,1.6296748797236345,1.044329595649209,1.2001062024600013
Mol550,0.675686709,0,1.319724521862705,1.2178391149999999,1.2065679503271554,0.8898140709188352,0.8837603140572816,1.2599273257400005
Mol551,1.013805927,1,1.3165635449464286,1.188576779,1.0106151620644623,1.3398213741177627,0.77643376807374,1.0870521652900007
Mol552,1.943261973,3,1.3119166433636362,1.194359769,1.418708140906838,2.461658154369313,1.5628587725946974,1.9356694555099994
Mol553,0.675686709,3,1.3119166433636362,1.194359769,0.9494814132336828,1.012577641456603,1.045239549816379,1.1348950020800002
Mol554,1.327174959,3,1.3119166433636362,1.194359769,1.1040750007304043,1.7003189258928482,0.89125958131973,1.3665247981100004
Mol555,0.675686709,3,1.3119166433636362,1.194359769,1.2681439999196946,0.8865138688335944,1.3153651815742529,0.8649661693900002
Mol556,0.675686709,4,1.3273690493413655,1.2098631439999998,1.4097261387987554,1.307452763206764,1.4691835732369172,1.2188388650300008
Mol557,2.081761239,4,1.3273690493413655,1.2098631439999998,1.597492394725014,1.5682277420260506,1.7119194565948204,1.2350192074100008
Mol558,0.877428941,2,1.324620266135323,1.20679887,0.9183220672182225,0.5250471060538232,0.7885885830096029,0.9936728951800009
Mol559,1.517354274,2,1.324620266135323,1.20679887,1.2659451887365811,0.9236211332564459,1.3662716007818454,1.148591068930001
Mol560,2.17668439,0,1.319724521862705,1.2178391149999999,1.5049455200755832,1.473916347123067,1.4692373835442134,1.4963083934399992
Mol561,0.675686709,4,1.3273690493413655,1.2098631439999998,1.0272301444630818,0.2642428253962846,0.9199295409698669,0.9286631326500001
Mol562,1.894703653,2,1.324620266135323,1.20679887,1.4292948209986664,1.4274423158810217,1.504316331440203,1.3517084896100002
Mol563,0.675686709,2,1.324620266135323,1.20679887,1.4898024297004604,0.9930820765409518,1.4336627259294474,1.255493501400001
Mol564,0.675686709,3,1.3119166433636362,1.194359769,0.6828179545131178,0.8310425068584405,0.8344139120598563,1.0522610971800004
Mol565,0.675686709,4,1.3273690493413655,1.2098631439999998,1.5197880603393568,1.1725777814014005,1.4536860058302892,1.0342652587000003
Mol566,1.867820908,3,1.3119166433636362,1.194359769,1.5448334661290308,1.8857414097841545,2.065033963099538,1.6036095143800002
Mol567,1.073058161,1,1.3165635449464286,1.188576779,1.2075544970379213,1.0979477505060156,1.3470700754474092,1.3442630712800006
Mol568,2.263813537,3,1.3119166433636362,1.194359769,1.4987400282996295,1.7388123178075794,1.9370187276134743,1.3117977310400009
Mol569,0.675686709,3,1.3119166433636362,1.194359769,0.7234863388039087,1.2442856549404975,0.9590503204325525,1.28205437742
Mol570,0.675686709,0,1.319724521862705,1.2178391149999999,1.0070807895650922,1.3447989963036537,0.7957854807091473,1.0182164179200004
Mol571,2.100329182,4,1.3273690493413655,1.2098631439999998,1.663729349670292,2.166411877802054,1.722355464095371,1.5451027891099995
Mol572,0.675686709,0,1.319724521862705,1.2178391149999999,0.8747645525423655,1.098058610119609,0.7441061593466917,0.9731490041200003
Mol573,1.079904468,2,1.324620266135323,1.20679887,1.6581859520673476,1.6893472516812051,1.8596842014219246,1.5377682541399995
Mol574,0.853637382,4,1.3273690493413655,1.2098631439999998,1.3928630701505935,1.0679093497473342,1.3708356591478468,1.772530622739999
Mol575,0.675686709,0,1.319724521862705,1.2178391149999999,1.0670366205668007,1.0682971196976265,0.923176902842081,1.0357698208400001
Mol576,0.909235003,0,1.319724521862705,1.2178391149999999,1.0686000031656238,1.4760374111065797,1.0628719053486124,1.4171500419900005
Mol577,1.799071617,2,1.324620266135323,1.20679887,1.7897731938145234,1.9083197384990929,2.1507740174445593,2.0768069153499997
Mol578,2.527626035,3,1.3119166433636362,1.194359769,1.4706266149265708,1.262776618313772,1.5205667475330598,1.3724382188800006
Mol579,0.675686709,2,1.324620266135323,1.20679887,0.8211595769093772,1.0399323030403627,0.696678464062646,1.2742179285800004
Mol580,1.939499285,0,1.319724521862705,1.2178391149999999,1.4521555447605885,1.7430657269135197,1.476083499444022,1.5848897535100006
Mol581,1.330088946,3,1.3119166433636362,1.194359769,1.3625709785958222,1.6472122365713555,1.3510474334308142,1.3343623010600008
Mol582,1.538598866,4,1.3273690493413655,1.2098631439999998,1.1928355847137035,1.3816314309991733,1.2408733923790103,1.4714278091900002
Mol583,0.675686709,4,1.3273690493413655,1.2098631439999998,0.9629559895157433,0.8554974652293977,1.1064928882185916,1.22160007231
Mol584,2.190611798,2,1.324620266135323,1.20679887,1.8701445730277595,2.1546533877975547,2.0470354422338795,2.087400595869999
Mol585,1.050689028,4,1.3273690493413655,1.2098631439999998,1.6050152481873565,1.4482233811288254,2.191821717895108,1.3250005893400008
Mol586,1.526093625,1,1.3165635449464286,1.188576779,1.5174493388024566,0.9323699958652061,1.3901336844655285,1.072419617540001
Mol587,0.675686709,0,1.319724521862705,1.2178391149999999,1.490657407723053,0.8864367047112691,1.3594915958394063,1.2327384484800001
Mol588,0.675686709,0,1.319724521862705,1.2178391149999999,1.5578213815444673,1.5071794970136314,1.387742165446396,1.3471586442500005
Mol589,1.657199319,4,1.3273690493413655,1.2098631439999998,1.5055724854229018,2.08093554517741,1.3954504420391611,1.4391895429799992
Mol590,0.675686709,0,1.319724521862705,1.2178391149999999,1.1822437371451024,0.8284607449431409,1.01154214048422,1.2911811784100005
Mol591,1.69720318,1,1.3165635449464286,1.188576779,1.9309914237704513,2.2174206640967307,2.1424503321087456,1.5368221387600016
Mol592,0.975891136,4,1.3273690493413655,1.2098631439999998,1.156103908310933,0.700598747115541,1.1382385967571165,1.0396570140900006
Mol593,2.60607381,0,1.319724521862705,1.2178391149999999,2.0949927347488497,1.8875115940980196,2.081269450545356,1.47804611911
Mol594,0.675686709,3,1.3119166433636362,1.194359769,1.0019679985393344,0.5940190738603948,0.7927705562994207,0.8142630298200002
Mol595,0.675686709,0,1.319724521862705,1.2178391149999999,1.2506044445104705,0.9836518855489271,1.2221947377524796,1.21734961174
Mol596,1.597804842,1,1.3165635449464286,1.188576779,1.038115857385339,1.215325856280665,0.9729683699583217,1.09202600167
Mol597,1.217483944,4,1.3273690493413655,1.2098631439999998,1.5063723903775308,2.0463525520322263,1.4646129910396664,1.1917783343400004
Mol598,0.675686709,0,1.319724521862705,1.2178391149999999,0.6740395469953601,1.0910843149672629,0.7266553085408209,1.393262167350001
Mol599,1.71393553,1,1.3165635449464286,1.188576779,1.3805845135219978,1.6216849710080705,1.355528622144896,1.69432910757
Mol600,1.042575512,1,1.3165635449464286,1.188576779,1.205242301328351,1.381197481720767,1.0991220844642051,1.3863297760200006
Mol601,0.675686709,0,1.319724521862705,1.2178391149999999,0.7564655248128954,0.9452641298701028,0.9459610192696516,0.8401561058800004
Mol602,0.675686709,4,1.3273690493413655,1.2098631439999998,1.1603040994348919,1.058999702509403,1.0824702885394195,0.9091831965000005
Mol603,0.675686709,2,1.324620266135323,1.20679887,1.0240503623354371,1.271847701498872,0.9901369234575512,1.1055395657000004
Mol604,1.849271962,1,1.3165635449464286,1.188576779,1.31854858941157,1.3185529838813679,1.2986640473869784,1.2601757266100004
Mol605,0.675686709,4,1.3273690493413655,1.2098631439999998,1.2015271229081848,0.975548381821259,0.9642558809114712,0.9633744423500002
Mol606,1.36890023,1,1.3165635449464286,1.188576779,1.5297443275028408,1.670252220796401,1.4951787441533508,1.3037956997000006
Mol607,2.052963129,0,1.319724521862705,1.2178391149999999,1.3975572327767698,1.7062726369919508,1.5890905622374047,1.5132316055599997
Mol608,0.831357785,3,1.3119166433636362,1.194359769,1.6228602545647846,1.0748084146194985,1.4344998698123947,1.0346253660100002
Mol609,1.847788519,2,1.324620266135323,1.20679887,1.5194313968937558,1.7882426258860329,1.7839567427365728,1.6821362287299997
Mol610,0.675686709,2,1.324620266135323,1.20679887,1.4666436289049192,1.207257484363362,1.5412200691725797,1.4374401064399995
Mol611,1.360233561,4,1.3273690493413655,1.2098631439999998,1.5502732003845296,1.6632784758191166,1.5114323222487696,1.4069698728900004
Mol612,1.567155811,3,1.3119166433636362,1.194359769,1.38415546515715,1.2773010739710227,1.5107365422714434,1.1881698573600006
Mol613,1.226032503,3,1.3119166433636362,1.194359769,1.4107853020566803,1.2686658604561218,1.476401871895101,1.0282835227400005
Mol614,1.187577119,2,1.324620266135323,1.20679887,1.3617597464229325,1.5735394159585194,1.4065905234144163,1.50670264455
Mol615,0.675686709,2,1.324620266135323,1.20679887,1.1460605325118065,0.8624484966005775,1.0195227633671549,1.1673794437600005
Mol616,0.675686709,4,1.3273690493413655,1.2098631439999998,1.4496749613929267,1.521149126378638,1.6440687874758169,1.38675754103
Mol617,1.016991578,0,1.319724521862705,1.2178391149999999,0.9895207983231926,0.78504446416427,0.7900795350386011,0.9764945380299995
Mol618,1.51506541,2,1.324620266135323,1.20679887,1.7437668908655033,1.8575248056318696,1.9630634198535895,1.2010513226400006
Mol619,0.675686709,4,1.3273690493413655,1.2098631439999998,1.1590619440674814,1.2647766724026952,1.0347570926888623,1.5998212276600001
Mol620,0.675686709,1,1.3165635449464286,1.188576779,1.205845787962803,0.7658621987656729,0.9855891697262144,0.8799546399500006
Mol621,1.126358727,0,1.319724521862705,1.2178391149999999,1.1365011033876995,1.5342654094149784,1.0723254868139092,1.2716737004700007
Mol622,1.967187475,0,1.319724521862705,1.2178391149999999,1.497660268341534,1.206394421152196,1.9409843975295766,1.043594274890001
Mol623,0.675686709,3,1.3119166433636362,1.194359769,0.9181985114476731,0.9502905926065628,0.7148004331649044,0.86498611714
Mol624,0.675686709,0,1.319724521862705,1.2178391149999999,1.2114468391438586,1.0510359390626807,1.249633340421011,1.1061183178100003
Mol625,0.675686709,3,1.3119166433636362,1.194359769,1.1857634229279101,1.0331690743262423,0.9842502065740265,0.9245814674500005
Mol626,0.675686709,4,1.3273690493413655,1.2098631439999998,0.9371014784893135,0.7439715587080762,0.7259206899350639,0.7970939088599998
Mol627,1.329682569,1,1.3165635449464286,1.188576779,1.072168665934493,1.2326359307035792,1.207539098588352,1.0491970090900005
Mol628,0.990116766,4,1.3273690493413655,1.2098631439999998,1.1989805847435824,1.3486286595614145,1.24711562306996,1.4887471084399997
Mol629,0.675686709,3,1.3119166433636362,1.194359769,0.7787876185167751,1.4446975982974375,1.7530356106816445,1.5202954763600003
Mol630,0.818357878,1,1.3165635449464286,1.188576779,1.2007976955256243,1.018524881885614,1.0893840595678475,1.0378603444100003
Mol631,2.118535869,0,1.319724521862705,1.2178391149999999,1.3859545526291175,1.5485514695054783,1.4722174189205262,1.3278975817000003
Mol632,1.046104787,1,1.3165635449464286,1.188576779,1.351645404635328,1.3341829161157719,1.2114053125572313,1.214833993920001
Mol633,1.399483352,3,1.3119166433636362,1.194359769,1.500850493089011,1.6381862419317685,1.7676780839792705,1.50230088735
Mol634,1.001171015,2,1.324620266135323,1.20679887,1.4414790086693994,1.2428510441672767,1.3338527135046834,1.2461125454700006
Mol635,0.675686709,3,1.3119166433636362,1.194359769,0.9697498450478854,1.1436341864222284,1.096132711591441,0.9143413258599999
Mol636,2.22299984,2,1.324620266135323,1.20679887,1.6074830073879922,1.889440406705536,1.9988177575576054,1.6427346897
Mol637,0.689220037,3,1.3119166433636362,1.194359769,1.17100171985303,0.9233337182182646,1.049985616124883,0.9661473898700004
Mol638,0.675686709,0,1.319724521862705,1.2178391149999999,1.2148177343221542,0.8705930496482024,1.1701090769098157,1.1316699442900005
Mol639,1.19044376,2,1.324620266135323,1.20679887,1.426114252131743,1.200224559258341,1.201320172711284,1.3243254105300009
Mol640,0.675686709,1,1.3165635449464286,1.188576779,1.1216584213643812,0.7098790400696154,0.8039008936663001,1.1337061458700008
Mol641,0.675686709,2,1.324620266135323,1.20679887,1.2091732890070315,1.57980893597427,1.1138597893567659,1.2649094071600004
Mol642,0.781611782,0,1.319724521862705,1.2178391149999999,1.4728677105536563,1.5886158566083117,1.5909576685106637,1.68498329052
Mol643,0.675686709,2,1.324620266135323,1.20679887,1.2810274582636993,1.322468549031838,1.4638982013955255,1.42451405969
Mol644,1.398183146,4,1.3273690493413655,1.2098631439999998,1.3311318295415704,1.1508306569326607,1.462936043673624,1.42901180451
Mol645,0.675686709,4,1.3273690493413655,1.2098631439999998,1.3052984319469572,1.6241637408517238,1.2508822024163877,1.299595306950001
Mol646,0.675686709,1,1.3165635449464286,1.188576779,0.05750716965446445,1.1853571304772619,0.968350538866601,1.3495189054800005
Mol647,2.189582946,0,1.319724521862705,1.2178391149999999,1.47245597163799,1.4558586588194928,1.6675819449649203,1.55073876448
Mol648,1.82087111,0,1.319724521862705,1.2178391149999999,1.0809718077232433,1.3732323203753949,0.9202104610884517,1.209099854860001
Mol649,0.675686709,4,1.3273690493413655,1.2098631439999998,1.6519309463339362,1.019055895776071,1.404229383136845,1.3122619539800005
Mol650,0.827821428,1,1.3165635449464286,1.188576779,1.116100774681565,1.1047880328918285,0.9644005037491915,1.1193629928600013
Mol651,0.984302232,1,1.3165635449464286,1.188576779,1.1239972321849843,1.2486277900892981,0.9215917971759976,1.5539527521899996
Mol652,1.139060079,1,1.3165635449464286,1.188576779,1.1238504346879072,1.4524649515498882,1.188505521040771,1.6309241652699993
Mol653,0.675686709,2,1.324620266135323,1.20679887,1.2522826441658208,1.2269906407174176,1.1132330076682917,0.8168453946700001
Mol654,1.767608484,0,1.319724521862705,1.2178391149999999,1.4883561383630692,1.4442033798060054,1.1163997551220257,1.3635343163099998
Mol655,2.212131649,0,1.319724521862705,1.2178391149999999,1.1504105302037517,1.740908839978632,0.9826601649888178,1.29575001086
Mol656,0.675686709,1,1.3165635449464286,1.188576779,1.0153837490645308,0.6536416923331326,1.1289680199997933,0.9438865392200002
Mol657,2.006217803,1,1.3165635449464286,1.188576779,1.5742097222407205,1.654728576529191,1.8316681141821447,1.5130399089000008
Mol658,2.900687678,4,1.3273690493413655,1.2098631439999998,1.2974166190372016,1.9547400680186444,1.4930599408822227,0.9987033980000003
Mol659,1.058350092,4,1.3273690493413655,1.2098631439999998,1.596242625514478,0.5117523111570383,1.565288438138582,1.2315745120200003
Mol660,1.958988892,2,1.324620266135323,1.20679887,1.5371237330379621,1.0200837319313436,1.5958613287690584,1.3198203401400008
Mol661,0.908699432,3,1.3119166433636362,1.194359769,1.4352407528720146,1.297211692178236,1.1313810063556469,1.261372493720001
Mol662,0.675686709,1,1.3165635449464286,1.188576779,1.1591160767109747,0.6618747063293735,1.1399920262469276,1.209897062520001
Mol663,1.494766629,2,1.324620266135323,1.20679887,1.7788002164904713,1.4233662130834444,1.8355765984475085,1.2923970897000006
Mol664,1.277288245,3,1.3119166433636362,1.194359769,0.8700108504714625,1.4413550584605503,0.8602518973050425,1.075063415030001
Mol665,1.706248252,1,1.3165635449464286,1.188576779,1.3600034214133907,1.3524845936501155,1.6344254256551725,1.35860029504
Mol666,0.675686709,4,1.3273690493413655,1.2098631439999998,1.2691078349827718,0.9207718956152637,1.0333924204111455,1.227492634560001
Mol667,0.890253305,0,1.319724521862705,1.2178391149999999,1.2336637911154964,1.0478761876950453,1.1315061624495641,1.1273886815000007
Mol668,0.675686709,2,1.324620266135323,1.20679887,1.1501250914852326,0.9709934442934318,0.9432027159116736,1.1106539162800007
Mol669,0.675686709,2,1.324620266135323,1.20679887,1.2643552182701001,1.0234681184000152,1.1316317380873524,0.9950414407200001
Mol670,0.675686709,2,1.324620266135323,1.20679887,1.2125169046202415,0.8444794096358968,1.2244684940464439,1.3407585087900002
Mol671,0.675686709,2,1.324620266135323,1.20679887,1.03577421509435,0.8504993557687006,0.9877607860339311,1.0460834063500004
Mol672,2.197947343,3,1.3119166433636362,1.194359769,1.88865374464272,1.6411175968704925,2.056930814378718,1.2942396124100009
Mol673,0.814380794,2,1.324620266135323,1.20679887,1.3151619544803301,1.6361023815484486,1.2660060872789758,1.4213521720999995
Mol674,0.675686709,1,1.3165635449464286,1.188576779,1.020675321678779,0.8846727380417213,1.2240037548084577,0.91167209172
Mol675,1.084039781,1,1.3165635449464286,1.188576779,1.4637024386541375,1.0821547690105389,1.430628185615365,1.2532062576200007
Mol676,1.284453294,4,1.3273690493413655,1.2098631439999998,1.5365650653760332,1.4008045063663648,1.6379456799559562,1.3111183239600004
Mol677,2.016958166,4,1.3273690493413655,1.2098631439999998,1.0960786866893797,1.44891076477709,0.8977827235469863,1.1297251298100008
Mol678,1.711284074,4,1.3273690493413655,1.2098631439999998,1.8820254101594323,1.7217590346846523,2.5084884659242666,1.8847595136200013
Mol679,2.972102356,3,1.3119166433636362,1.194359769,1.589444948486621,1.9216111651003067,1.957701543976184,1.4473652122899994
Mol680,1.937327282,0,1.319724521862705,1.2178391149999999,1.6737903550520619,1.7601447524874176,1.9749402484771337,1.7222028356099996
Mol681,1.69904817,1,1.3165635449464286,1.188576779,1.5097959038757824,1.2659386931035266,1.5840233634854357,1.2116603917300006
Mol682,1.275495631,3,1.3119166433636362,1.194359769,1.114598511890594,1.1211131417150906,0.9453356527878063,1.1912605977600002
Mol683,1.393329472,3,1.3119166433636362,1.194359769,1.3252124331418713,1.2850832920838768,1.1158707322722028,1.2058220079899997
Mol684,0.675686709,4,1.3273690493413655,1.2098631439999998,1.145074774628282,1.0593517388456628,1.1108939959666135,0.8997277597800004
Mol685,0.904499155,3,1.3119166433636362,1.194359769,0.9069993162447396,0.636215202941153,0.774101703040061,1.1193067527499998
Mol686,0.675686709,2,1.324620266135323,1.20679887,1.3374604926987086,0.768031356396358,1.140295399006417,1.18745905015
Mol687,0.675686709,4,1.3273690493413655,1.2098631439999998,0.7926963091450531,0.9296655847194494,0.7631267898711884,1.1196981233000003
Mol688,1.300073495,1,1.3165635449464286,1.188576779,1.1024192959203294,1.139030396962955,1.0192173751913298,1.1228966298400005
Mol689,1.916432891,4,1.3273690493413655,1.2098631439999998,1.4704708971499882,1.7370309179037977,1.3881680188744607,1.4456181851799998
Mol690,1.335197045,1,1.3165635449464286,1.188576779,1.330954154506916,1.1936430241616978,1.2766210426767088,1.3083561570000004
Mol691,0.675686709,1,1.3165635449464286,1.188576779,1.0585424185575623,1.2247958564340897,0.956364725709405,1.3755174765400004
Mol692,1.145910834,4,1.3273690493413655,1.2098631439999998,1.2968748823605667,1.1044704588334617,1.3372215969735932,1.0749949055500003
Mol693,1.748141493,3,1.3119166433636362,1.194359769,1.3726682665486503,1.387914586991498,1.1204595005109315,1.1246150073700008
Mol694,0.675686709,0,1.319724521862705,1.2178391149999999,1.334018224770282,0.6873830334352782,1.4163967505524866,0.7259844816999994
Mol695,0.675686709,3,1.3119166433636362,1.194359769,1.0811722826644048,1.095704323235303,0.9641280326361596,1.0227143723000005
Mol696,1.694429691,1,1.3165635449464286,1.188576779,2.2231626377651246,2.1297364839694106,1.35320382893454,1.5483156114899999
Mol697,1.972836686,3,1.3119166433636362,1.194359769,1.3568619475476977,0.8332193663201987,1.4500048221831827,1.2149355249300011
Mol698,2.251881455,4,1.3273690493413655,1.2098631439999998,1.2664388026021063,1.6906580478118924,1.3871726449025343,1.33846541806
Mol699,1.376668186,0,1.319724521862705,1.2178391149999999,1.4183802724528176,1.3198569883098545,1.4641019139957436,1.20860259049
Mol700,0.675686709,2,1.324620266135323,1.20679887,1.426377363864163,0.8380360279252317,1.5100729394348498,1.1171413624800002
Mol701,0.675686709,2,1.324620266135323,1.20679887,1.0922683919135894,1.096634015113961,0.9307375347965139,0.9369113919900003
Mol702,0.675686709,1,1.3165635449464286,1.188576779,0.9267910093799716,0.6744721471347018,0.8868547028627137,1.150959059590001
Mol703,0.932270776,4,1.3273690493413655,1.2098631439999998,1.6268254623574634,1.6186361914068748,1.5423688941751041,1.327227278790001
Mol704,0.879841056,2,1.324620266135323,1.20679887,2.645189622635759,1.250764928082118,1.92725233724858,1.3631436268300003
Mol705,0.675686709,3,1.3119166433636362,1.194359769,1.1525051566456312,1.2757640046585756,1.04567513754812,1.4672624269999992
Mol706,2.272319764,2,1.324620266135323,1.20679887,1.574814745098689,1.8866098194785368,1.6512358511076417,1.5541532959300002
Mol707,0.7513561,1,1.3165635449464286,1.188576779,1.561232522975635,1.2747159872852853,1.7916401564773954,1.3763706927700006
Mol708,1.804405246,1,1.3165635449464286,1.188576779,1.6157064832002432,2.7912920517774755,1.6340245780491196,1.802395571189999
Mol709,0.888235673,0,1.319724521862705,1.2178391149999999,1.185831858990005,1.0448052836616284,1.046694091665256,0.9672535555100004
Mol710,1.841709768,4,1.3273690493413655,1.2098631439999998,1.3173410674740693,1.3202959971267931,1.5060468853589453,1.1947268393000003
Mol711,1.429832996,3,1.3119166433636362,1.194359769,1.3688444070401364,1.521644401991925,1.1332930780953205,1.2546436355800008
Mol712,2.020460728,3,1.3119166433636362,1.194359769,1.6270987993079848,1.4531661281213,1.3668257137553643,1.186011028480001
Mol713,0.771587481,0,1.319724521862705,1.2178391149999999,1.1128778713771443,0.7651787785794045,0.9502928043994041,0.9217186083900004
Mol714,2.552589136,3,1.3119166433636362,1.194359769,1.2958473681807798,0.7585867850090191,1.5089238309217978,1.4498946914300004
Mol715,1.182072104,3,1.3119166433636362,1.194359769,1.6944668261156104,1.6744541721215902,1.966246040216572,1.41007147181
Mol716,2.075900822,4,1.3273690493413655,1.2098631439999998,1.2475862536736535,1.2543476005362413,1.4677706602473404,1.505106900710001
Mol717,1.02796086,2,1.324620266135323,1.20679887,1.5227092522311438,1.5521500016145828,1.3503192531243835,1.4127078387600005
Mol718,2.011430872,3,1.3119166433636362,1.194359769,1.809944975101359,1.238629159848454,1.663878028767875,1.5442737632999999
Mol719,1.22172713,3,1.3119166433636362,1.194359769,1.8755306820082482,1.5865711586971771,1.8017882871972544,1.3904431740800005
Mol720,2.220395778,1,1.3165635449464286,1.188576779,1.250143482083392,1.101854549659564,1.1619719125860384,1.1119607732500005
Mol721,0.685204134,0,1.319724521862705,1.2178391149999999,0.8562898081058903,1.5521957995966864,0.8483289206879188,1.1230408707400004
Mol722,0.675686709,2,1.324620266135323,1.20679887,1.0447564447513074,1.1674394853979282,0.9490049388862813,1.1784422787600008
Mol723,0.675686709,4,1.3273690493413655,1.2098631439999998,1.1265394886496762,0.8596444493906833,1.193078036060936,1.1088453032999999
Mol724,0.92319219,1,1.3165635449464286,1.188576779,1.2637317100774108,1.19686354571712,1.0629275649279721,1.0868533226500008
Mol725,0.675686709,4,1.3273690493413655,1.2098631439999998,1.0961682506905102,1.4005650089054984,0.9124244717558482,1.2277072818400008
Mol726,2.286790932,2,1.324620266135323,1.20679887,1.7044920446076888,2.5138853042202713,2.0435877295313847,1.79510948165
Mol727,1.908683355,4,1.3273690493413655,1.2098631439999998,1.9706087865261368,2.0234174213971983,1.7541730200280157,1.3092612910700006
Mol728,1.311690301,3,1.3119166433636362,1.194359769,1.3040204389497043,1.3347485181009326,1.2391639837129422,1.4698079210900006
Mol729,0.675686709,0,1.319724521862705,1.2178391149999999,1.5226165258000006,1.3083022456984073,1.7331217181797336,1.2582069708200008
Mol730,0.675686709,3,1.3119166433636362,1.194359769,1.192075016042096,1.3278653716659166,0.9574058742455708,1.462336152409999
Mol731,1.394083776,1,1.3165635449464286,1.188576779,1.1170820753765847,1.192093213971325,0.8674910856065067,1.444159267730001
Mol732,0.675686709,0,1.319724521862705,1.2178391149999999,1.1993395754043867,1.2790618187652747,1.112226649415235,1.5034022380800003
Mol733,0.675686709,3,1.3119166433636362,1.194359769,0.9719499659577938,0.8477420783164749,0.9028011943119626,0.9002457104400007
Mol734,0.837714668,1,1.3165635449464286,1.188576779,1.038946823277973,0.5832962402792665,0.8078365894481054,0.9426334135900006
Mol735,1.467474911,3,1.3119166433636362,1.194359769,1.4974554185898863,1.2532366559307697,1.4991820618679688,1.0699801918500011
Mol736,0.675686709,3,1.3119166433636362,1.194359769,1.5478730168057404,1.5937585569426727,1.383924156615717,1.2176538987800007
Mol737,1.114644339,0,1.319724521862705,1.2178391149999999,1.2820106755710656,1.4745136311743567,1.4939827355071251,1.1061171183700003
Mol738,0.909181476,1,1.3165635449464286,1.188576779,1.3813917819059047,1.435089458727625,1.2590239354021446,1.246086464030001
Mol739,0.675686709,3,1.3119166433636362,1.194359769,0.9008345411680931,0.40516571378621435,1.0129271978988363,0.9992871500400003
Mol740,1.154180432,4,1.3273690493413655,1.2098631439999998,1.4399441029093256,1.2853416925487267,1.4678276157772967,1.1290308910999998
Mol741,1.336679827,2,1.324620266135323,1.20679887,1.0850739753424177,1.417405923718492,1.099254057383333,1.3030255017200003
Mol742,0.675686709,1,1.3165635449464286,1.188576779,0.9667273359461739,0.8387869768520846,0.8322543780774525,1.3319880784200004
Mol743,1.347661709,0,1.319724521862705,1.2178391149999999,1.3670625709396096,1.0826809769050647,1.4692468343559866,1.1724744133199998
Mol744,0.821120324,1,1.3165635449464286,1.188576779,1.242958570204329,0.9291975346243496,1.2095636089210993,1.09987118762
Mol745,1.174350597,0,1.319724521862705,1.2178391149999999,1.6465536045959963,1.4469002221516707,1.6960350830423607,1.2633810453300005
Mol746,2.08705699,1,1.3165635449464286,1.188576779,1.205082385919483,1.234388453989316,1.0609632992373128,1.5156337422799995
Mol747,1.336619813,4,1.3273690493413655,1.2098631439999998,1.4363018489596828,1.3206500710815188,1.6064566386276269,1.0936826614800002
Mol748,2.072062313,1,1.3165635449464286,1.188576779,1.236036304365895,0.7033399647540668,1.2213164765277795,1.1002258129500002
Mol749,2.121999497,1,1.3165635449464286,1.188576779,1.5232841927319545,1.2629513446810137,1.4837551103144029,1.3172209092300005
Mol750,1.10761693,4,1.3273690493413655,1.2098631439999998,1.5097334764078731,1.2068916232072384,1.495706062026461,1.4476555578900008
Mol751,1.002856926,0,1.319724521862705,1.2178391149999999,1.262420867475185,0.918130255189235,1.1098881619950896,1.0676805773900004
Mol752,1.119816546,0,1.319724521862705,1.2178391149999999,1.3794709916264594,1.5260472236308542,1.5701688664307125,1.059155791590001
Mol753,0.814247596,4,1.3273690493413655,1.2098631439999998,0.9628009197455105,0.4809396598668989,0.9574003654085627,1.05717229437
Mol754,2.077872774,3,1.3119166433636362,1.194359769,1.3904897567453982,1.5262618631284333,1.5154070870721978,1.1177665074300003
Mol755,1.718983049,3,1.3119166433636362,1.194359769,1.4805933510815545,1.820492430901358,1.5298051077439272,1.1942832894800008
Mol756,0.987934265,2,1.324620266135323,1.20679887,1.1732120967818982,0.8773029841587128,0.8950086028798281,1.2359171677600005
Mol757,0.69399061,2,1.324620266135323,1.20679887,1.1054733204438607,0.5887516037492474,0.8014819424682755,1.2419365044400004
Mol758,2.167981563,2,1.324620266135323,1.20679887,1.4823642480815642,1.6552276806138133,1.5703727714976246,1.4962228839999998
Mol759,0.675686709,1,1.3165635449464286,1.188576779,0.9222907586477322,1.358985059898539,0.7314858279711823,1.1191721047200003
Mol760,1.322880573,0,1.319724521862705,1.2178391149999999,1.0613316667233361,1.6254900512282093,0.9249991207167657,1.5405101308499993
Mol761,0.675686709,3,1.3119166433636362,1.194359769,1.3404533375521863,1.3255653962698388,1.6027093119973148,1.4688041173300002
Mol762,0.675686709,1,1.3165635449464286,1.188576779,1.0911062680499837,0.8579536732512226,1.4325260019308805,1.26785623309
Mol763,1.005952287,1,1.3165635449464286,1.188576779,1.0129350814686706,1.0043456481309914,0.848384665654624,1.0437228289299996
Mol764,2.255940322,1,1.3165635449464286,1.188576779,1.9415635879956996,1.5415441846488132,1.8603298419467489,1.344210725810001
Mol765,0.786751422,2,1.324620266135323,1.20679887,1.4384065965483677,1.531522223173531,1.7080886111253957,1.1474143007
Mol766,1.042457375,3,1.3119166433636362,1.194359769,1.399916978455557,1.6872477356391782,1.2545977140159246,1.1721055614100002
Mol767,2.817525045,3,1.3119166433636362,1.194359769,1.8141081669846308,1.5654028822088293,2.0085573630406426,1.5003157641700002
Mol768,0.699490845,0,1.319724521862705,1.2178391149999999,1.3971739930081897,1.2924572234982188,1.3616633920937036,1.6757800277
Mol769,0.675686709,1,1.3165635449464286,1.188576779,1.6480332287514305,1.4423648634558868,1.5677356567925091,1.0495087559800007
Mol770,0.675686709,0,1.319724521862705,1.2178391149999999,1.1490136859833073,1.3608733590202016,0.8805983903524909,1.198928279870001
Mol771,0.675686709,2,1.324620266135323,1.20679887,0.9881367591327153,0.7001011022889891,0.8976675353397064,1.41594557519
Mol772,1.557338745,4,1.3273690493413655,1.2098631439999998,1.4785724762102384,1.8460964581427182,1.8013504904448672,1.5591212359200002
Mol773,2.051449671,1,1.3165635449464286,1.188576779,1.1090967757833379,1.5242913712381951,1.1737882759516467,1.47858902855
Mol774,0.917610526,2,1.324620266135323,1.20679887,1.7705590510031999,1.4581725917732524,1.4945843008208515,1.3904071518
Mol775,1.309417226,1,1.3165635449464286,1.188576779,1.6361045990267225,1.0775501551693387,2.0021581074807298,1.192437787000001
Mol776,1.943993816,0,1.319724521862705,1.2178391149999999,1.5915729720882705,1.8573842165089527,1.26173742700705,1.2464871116300005
Mol777,1.810326627,1,1.3165635449464286,1.188576779,1.4423496764434165,1.2609386502370314,1.565203725712097,1.43188682412
Mol778,0.702344358,3,1.3119166433636362,1.194359769,1.2293474179653598,1.6967850584448025,0.962758864760034,1.5177378233699996
Mol779,0.675686709,3,1.3119166433636362,1.194359769,1.0055507332919649,0.559869491405014,0.8492398459085742,0.9597666224700006
Mol780,1.713624927,3,1.3119166433636362,1.194359769,1.3680700289257814,0.6992091706058018,1.5035355031612594,1.197655377530001
Mol781,1.174699288,4,1.3273690493413655,1.2098631439999998,1.4112273502510404,1.943268571891666,1.4474964038830385,1.51851296483
Mol782,0.845903839,4,1.3273690493413655,1.2098631439999998,1.2700016879065614,1.907583524324938,1.3440515848227512,1.5418705658499996
Mol783,0.675686709,1,1.3165635449464286,1.188576779,0.9917672390140485,1.3605285427928062,0.825217080840054,1.2412031762700007
Mol784,0.675686709,0,1.319724521862705,1.2178391149999999,1.4897908838247997,1.3432241845239556,1.5232870898563373,1.3549807655200004
Mol785,1.486246237,3,1.3119166433636362,1.194359769,0.9960798247865943,0.5017121230426896,0.965979478476146,0.8799482252300004
Mol786,0.675686709,3,1.3119166433636362,1.194359769,1.2871258846793754,1.6101796925411178,1.1579050275000728,1.1572693478300005
Mol787,1.877521077,3,1.3119166433636362,1.194359769,1.0364721925725362,1.0475490807022667,1.0173655656455551,1.1751922045200003
Mol788,0.960470778,0,1.319724521862705,1.2178391149999999,0.9768263879815486,1.4350166487801839,0.8864769982546699,1.3218303354500005
Mol789,1.556037017,2,1.324620266135323,1.20679887,1.578359136269567,1.359082848733646,1.6726863992905547,1.4968627282
Mol790,0.675686709,0,1.319724521862705,1.2178391149999999,1.148605574886005,1.1307546205497443,1.010826092137833,1.2582487665300004
Mol791,0.675686709,1,1.3165635449464286,1.188576779,1.3971705490827735,0.9341058308745853,1.5743855933502524,1.2841103083600007
Mol792,0.675686709,1,1.3165635449464286,1.188576779,1.1874728476713898,0.9107761369075967,1.2340772225211618,0.7702488272999999
Mol793,0.921842481,1,1.3165635449464286,1.188576779,1.2981488898435276,1.750257002680868,1.5634021844783195,1.67863226238
Mol794,1.155244917,3,1.3119166433636362,1.194359769,1.346856795806418,1.287689698094621,1.2876614313396137,1.403716412660001
Mol795,1.419294722,2,1.324620266135323,1.20679887,1.6230258492052108,1.4305931044096127,1.4725645569748746,1.4348492746299997
Mol796,1.10561236,3,1.3119166433636362,1.194359769,1.3138881840846197,1.6787865061438385,1.3524112268108357,1.2098396658400006
Mol797,1.49931585,1,1.3165635449464286,1.188576779,1.4792004176411833,1.0698441064718611,1.4872861416786904,1.1901261975000001
Mol798,1.176987875,1,1.3165635449464286,1.188576779,1.1940503677544443,1.4949854004969896,1.5109796521753032,1.2891176179400006
Mol799,1.444372736,4,1.3273690493413655,1.2098631439999998,1.1377343031352227,0.7034476679401664,1.0574849786682012,1.2559956696600008
Mol800,0.675686709,0,1.319724521862705,1.2178391149999999,0.8340143469692824,0.5936078346669535,0.9086647414491411,0.7985406718600001
Mol801,0.675686709,2,1.324620266135323,1.20679887,1.0822930489957363,1.1899551458793671,1.0440619385260157,1.1145684893499996
Mol802,1.526093625,3,1.3119166433636362,1.194359769,1.4672702916726166,1.2312463027796574,1.51314444721474,1.0809454213699998
Mol803,0.675686709,1,1.3165635449464286,1.188576779,1.5867816575785476,1.4334998029752515,1.7209094727199894,1.38003444561
Mol804,1.57209289,0,1.319724521862705,1.2178391149999999,1.5570348973944121,1.2245897004673,1.6823618371083784,1.3260559809400005
Mol805,0.911743378,0,1.319724521862705,1.2178391149999999,1.3566695015613874,1.2401962594784752,1.59715017891246,1.1681415978800007
Mol806,1.679164333,0,1.319724521862705,1.2178391149999999,1.3675749322072568,0.6967411862446475,1.4903313027931449,1.08649303418
Mol807,1.732417887,4,1.3273690493413655,1.2098631439999998,1.4347221562790677,1.2999002593482376,1.3233643485946476,1.5161986988199996
Mol808,1.013300787,1,1.3165635449464286,1.188576779,1.0275911269955527,1.844665476477167,1.201828234006305,1.2618991784800004
Mol809,0.745387121,0,1.319724521862705,1.2178391149999999,1.0570357502878247,1.2103275443945047,0.8395417976954132,1.0376620308100002
Mol810,1.928616017,3,1.3119166433636362,1.194359769,1.985812623310595,1.6804780369487338,2.551943761215047,1.2880671196
Mol811,0.675686709,2,1.324620266135323,1.20679887,1.2533169346853443,0.8186143426999263,1.2862587954009386,1.0089372519700002
Mol812,0.675686709,3,1.3119166433636362,1.194359769,1.1266018881311686,1.259367130742349,1.0390366341074535,1.18711216833
Mol813,0.675686709,0,1.319724521862705,1.2178391149999999,0.8295219702924284,0.8665178756522801,0.9765788971613432,1.1658457309800012
Mol814,0.675686709,0,1.319724521862705,1.2178391149999999,1.2297842574234474,1.9535510002258665,1.8680730490469144,1.7229608193299994
Mol815,1.345863629,0,1.319724521862705,1.2178391149999999,1.4445790067870443,1.1611761284473872,1.8439765342283325,0.9945947459500004
Mol816,1.654744316,4,1.3273690493413655,1.2098631439999998,1.220676279438406,0.8962626577688877,0.9721118118328134,1.1722758299600005
Mol817,0.675686709,3,1.3119166433636362,1.194359769,1.169532731255028,0.8500416916815625,1.0885735451402123,1.3102573051599997
Mol818,1.282576801,4,1.3273690493413655,1.2098631439999998,1.1722762977882155,1.904376779485526,0.8628238657016442,1.6744270934100003
Mol819,1.643383579,2,1.324620266135323,1.20679887,1.368269022809727,1.122918356408051,1.3783835574125616,1.1361696129600005
Mol820,1.645746395,4,1.3273690493413655,1.2098631439999998,1.1892116587072585,1.2119805739751053,1.1143297255875197,1.0945158039300011
Mol821,0.920384242,4,1.3273690493413655,1.2098631439999998,0.8869116830168378,0.8335236751765818,0.7450197764878677,1.0086124860600005
Mol822,1.129883155,0,1.319724521862705,1.2178391149999999,1.2739483405321461,0.7485559446301181,1.2844740893116995,1.2032468283699997
Mol823,2.258905342,4,1.3273690493413655,1.2098631439999998,1.733772855998186,1.764660527677217,1.6709474911229139,1.8814512041800002
Mol824,1.594094078,2,1.324620266135323,1.20679887,1.1540503270677065,0.8276990798128884,1.2005272514782244,1.0247604568100008
Mol825,0.675686709,1,1.3165635449464286,1.188576779,0.8499492796299355,0.623650527416452,0.7992838285678765,1.1005148535700005
Mol826,0.675686709,4,1.3273690493413655,1.2098631439999998,0.7309480270810397,0.8749780509505941,0.7340077634189279,1.1047515526500005
Mol827,1.534495703,2,1.324620266135323,1.20679887,1.1017478342009657,1.156009164353609,0.9684136513821254,1.310020525730001
Mol828,1.299005816,0,1.319724521862705,1.2178391149999999,1.4881512824059209,1.295767551574428,1.6181112785685783,1.21112801864
Mol829,2.01371757,0,1.319724521862705,1.2178391149999999,1.5329782954826725,1.103906432656404,1.6103124351690408,1.248326991950001
Mol830,1.721192109,1,1.3165635449464286,1.188576779,1.5775309363668306,2.3432630411443847,1.5628161140396926,1.88079070586
Mol831,1.185797047,2,1.324620266135323,1.20679887,0.7752946873392315,1.0268445173987453,0.7841358050119956,1.1525762718500006
Mol832,2.572145236,3,1.3119166433636362,1.194359769,2.1766700085697983,1.4916911136517195,1.783581629151695,1.5225342978499998
Mol833,2.067625,2,1.324620266135323,1.20679887,1.7100303694477876,1.8634352251165758,1.5797951082268604,1.4962762742999995
Mol834,1.884631128,4,1.3273690493413655,1.2098631439999998,1.9400099891043823,2.365062778466724,2.102113753450261,2.2216899753599986
Mol835,1.992496079,3,1.3119166433636362,1.194359769,1.5098808862129522,1.5572167615292807,1.5617833302788444,1.0400653592800004
Mol836,0.675686709,1,1.3165635449464286,1.188576779,1.187006584725235,1.4378770786258306,1.1713548228137431,1.1374860908500006
Mol837,0.675686709,2,1.324620266135323,1.20679887,0.9585161200171646,1.0119467354446317,0.8097639698133302,1.06866000577
Mol838,1.962748053,1,1.3165635449464286,1.188576779,1.4539358738292856,1.8589585181474164,1.6448133903774078,1.3562874191600005
Mol839,1.904109382,4,1.3273690493413655,1.2098631439999998,2.322259650530839,1.7036050375707337,1.7483626388301585,1.3730568481200003
Mol840,1.818252294,3,1.3119166433636362,1.194359769,1.6438784439929186,1.4746183415729792,1.3929425923872487,1.5138852743599998
Mol841,0.675686709,4,1.3273690493413655,1.2098631439999998,1.202264131888544,1.1285687432138327,1.0410278966559572,0.7761645692299998
Mol842,1.177334456,3,1.3119166433636362,1.194359769,1.114169902621106,1.0260587460701374,0.9891778566905668,1.0598038467800004
Mol843,2.329509744,0,1.319724521862705,1.2178391149999999,1.6541166908177796,1.5005270147968433,1.553205378845498,1.48953625898
Mol844,1.777847138,1,1.3165635449464286,1.188576779,1.6818097749389511,0.9421795245577829,1.5202665969378295,1.0214563514500006
Mol845,0.675686709,1,1.3165635449464286,1.188576779,1.2181297693179338,1.4407246350431389,1.7836624456465737,1.28149054027
Mol846,1.458411201,1,1.3165635449464286,1.188576779,2.9963807704625784,2.530839795739148,1.319672114806287,1.6909452882499991
Mol847,1.562138157,3,1.3119166433636362,1.194359769,1.390552472641832,1.2115044937451598,1.4722312048249433,1.3180540432299999
Mol848,1.75869242,0,1.319724521862705,1.2178391149999999,1.0374413792649426,1.2039652827980403,0.9625626040975243,0.8863456488
Mol849,0.675686709,3,1.3119166433636362,1.194359769,1.1418358934875776,0.8110158793732831,0.9653053581453743,1.2433690758900005
Mol850,1.52748812,4,1.3273690493413655,1.2098631439999998,1.5685581005629745,1.0471362201736807,1.6350880036998285,1.2888266335900005
Mol851,0.698448538,3,1.3119166433636362,1.194359769,1.0182706537129316,1.2786536681771792,0.8147796680618415,1.0025028784200005
Mol852,2.003417445,2,1.324620266135323,1.20679887,1.3746164713885294,1.2728855268392065,1.343732301825846,1.3832805161000004
Mol853,0.675686709,2,1.324620266135323,1.20679887,1.1375250704994584,1.4706757569747695,1.1259188000971299,1.5198859191099996
Mol854,1.54333533,4,1.3273690493413655,1.2098631439999998,1.453343370240741,1.309435096895458,1.620939856202927,1.2395497711800005
Mol855,0.675686709,0,1.319724521862705,1.2178391149999999,1.2014214544311963,0.7865005208810354,1.143359625270184,1.1529710955200003
Mol856,0.675686709,0,1.319724521862705,1.2178391149999999,0.8774529750088322,1.009167721006115,0.7417307518483885,1.1527429169200003
Mol857,1.799850374,1,1.3165635449464286,1.188576779,1.286276713869657,1.5299352473028622,1.180433344744025,1.0734596240100003
Mol858,0.675686709,1,1.3165635449464286,1.188576779,1.126929420336327,1.0337089699762219,1.5376420354728915,1.0271044360900004
Mol859,1.606972206,4,1.3273690493413655,1.2098631439999998,1.3362768475101783,1.989838484440226,1.3725695187775822,1.45360095519
Mol860,0.675686709,0,1.319724521862705,1.2178391149999999,1.3081139394930585,1.2141476113682639,1.4221490661041978,1.3568615711699998
Mol861,0.675686709,0,1.319724521862705,1.2178391149999999,1.3014763992089668,1.6183110304219972,1.1671433992121778,1.6615550914499995
Mol862,0.675686709,3,1.3119166433636362,1.194359769,1.5692347068483747,1.8845738923660482,1.8539183110807975,1.86347559124
Mol863,2.098650647,1,1.3165635449464286,1.188576779,1.223480456265616,1.9016464601538527,1.3759696826365564,1.6757578516199994
Mol864,2.174803841,0,1.319724521862705,1.2178391149999999,1.5991538966628915,1.8704224699037981,1.5859158379350056,1.5282150738000002
Mol865,2.842470693,0,1.319724521862705,1.2178391149999999,1.8013131995519152,2.758479312138753,2.5251020677327674,1.9112239619099989
Mol866,1.792433716,1,1.3165635449464286,1.188576779,1.3006280011318676,1.846239866316754,1.4328047502680945,2.2550286287099994
Mol867,2.126232092,1,1.3165635449464286,1.188576779,1.812289957545654,1.9487997331999667,1.991218469218924,1.7903822548200008
Mol868,2.262629043,1,1.3165635449464286,1.188576779,1.3091157863536664,1.5519850405249485,1.6387762921172777,1.5747490163500002
Mol869,2.334206374,1,1.3165635449464286,1.188576779,1.6610050426544656,2.101304878742015,1.397918876557107,1.741472536679999
Mol870,0.675686709,3,1.3119166433636362,1.194359769,1.0701109679148222,0.7816450732551419,0.9506490519886451,1.2242768710999998
Mol871,2.715346394,0,1.319724521862705,1.2178391149999999,1.4556502330420382,1.6178749273866544,1.8933229986863753,1.6078751130799995
Mol872,2.1225599,1,1.3165635449464286,1.188576779,1.324454638770849,1.986074492847536,1.4933256489599476,1.433124897949999
Mol873,1.268648165,2,1.324620266135323,1.20679887,1.4090025718531811,1.7204654246893507,1.3198483962409278,1.5844950452700013
Mol874,0.675686709,0,1.319724521862705,1.2178391149999999,1.049327956933454,0.9720071516653433,0.7949119273264839,1.1369908988800002
Mol875,2.059949454,3,1.3119166433636362,1.194359769,1.7795824402417773,1.5989583864875025,2.0211028108960565,1.9668454937899993
Mol876,1.137512353,2,1.324620266135323,1.20679887,1.8155711351111918,1.8611684865757125,1.8492594175660924,1.532388642369999
Mol877,2.430729553,4,1.3273690493413655,1.2098631439999998,1.6446351531058987,1.0945674692620633,1.7906954855574582,1.173470688340001
Mol878,1.580411726,2,1.324620266135323,1.20679887,1.458021493446987,2.083696288360869,1.715017150824105,1.542770668
Mol879,0.675686709,0,1.319724521862705,1.2178391149999999,1.1102508316528819,1.462899778881317,0.8191246550263672,1.4869235608300002
Mol880,1.537214439,3,1.3119166433636362,1.194359769,1.546271045795746,1.4836408497671176,2.0152728685257997,1.2859728875800007
Mol881,1.513270884,3,1.3119166433636362,1.194359769,1.5383684426248785,1.582804620886397,1.768868428747201,1.4016491231300001
Mol882,1.104657791,2,1.324620266135323,1.20679887,1.2755065449122955,1.481760667972048,1.4415778096149459,1.0295903841700005
Mol883,2.045369927,1,1.3165635449464286,1.188576779,1.2680973086138472,1.5134794105898086,1.044329595649209,1.0101639790100005
Mol884,0.675686709,4,1.3273690493413655,1.2098631439999998,1.1727328610361676,1.284711135081478,0.9660126110404973,1.4358516165400002
Mol885,0.675686709,2,1.324620266135323,1.20679887,1.1405965866134056,1.5401162723441533,1.0719865566137456,1.2096966252300008
Mol886,1.964127577,3,1.3119166433636362,1.194359769,1.3299882153902056,1.3038367285938448,1.072529286405565,1.128141815640001
Mol887,1.590942096,0,1.319724521862705,1.2178391149999999,0.9275369599866321,0.9921675669104635,0.9781351063184913,0.7657911859899998
Mol888,0.675686709,0,1.319724521862705,1.2178391149999999,0.9322800957137412,0.5498655782592703,0.7061832476423056,0.9859679580500003
Mol889,1.553276046,2,1.324620266135323,1.20679887,1.9070156314370903,1.3855290294443412,1.8775156273495852,1.3042895139800004
Mol890,1.799271608,1,1.3165635449464286,1.188576779,1.3513425876723517,1.5437548529950846,1.2929821138296962,1.5433527529499997
Mol891,1.954449956,4,1.3273690493413655,1.2098631439999998,1.3367069149613529,1.3152840017635625,1.5829221190703007,1.2836188408300009
Mol892,0.675686709,0,1.319724521862705,1.2178391149999999,1.4191757952893096,1.2669137694548909,1.6713969786478833,1.1933994732800006
Mol893,1.93200167,1,1.3165635449464286,1.188576779,1.2117967070401674,1.3878798145780304,0.909876087874698,1.4079388654599998
Mol894,0.675686709,4,1.3273690493413655,1.2098631439999998,0.8446665171503518,1.2318811947747612,0.7592821951768811,1.1619900723000014
Mol895,0.675686709,1,1.3165635449464286,1.188576779,0.9971128818563622,0.8065571423409361,0.8665866247778331,0.8514229102100004
Mol896,0.675686709,4,1.3273690493413655,1.2098631439999998,1.0272301444630818,1.0630469076010125,0.9199295409698669,1.1212160825300004
Mol897,0.675686709,4,1.3273690493413655,1.2098631439999998,1.0658000630040665,0.45287678106027,0.9155470867848575,1.087151805780001
Mol898,1.646945139,2,1.324620266135323,1.20679887,2.085923241772629,1.4286812423893427,2.5377660289741817,1.2348838319000008
Mol899,0.675686709,0,1.319724521862705,1.2178391149999999,1.2006044006599295,0.9505764956315585,1.2485282855305635,1.1754473419600004
Mol900,1.806383502,1,1.3165635449464286,1.188576779,1.5237215538949118,1.2459807091818187,1.4432338667077729,1.2667002953700004
Mol901,2.049624983,2,1.324620266135323,1.20679887,1.5207829561654627,1.6180874075274914,1.6221701626299514,1.2681139175400014
Mol902,1.093771782,4,1.3273690493413655,1.2098631439999998,1.3404990300458572,1.2655110823435005,1.4539790755735043,1.1115716504800013
Mol903,1.787757932,3,1.3119166433636362,1.194359769,1.439104931087245,1.5595330955478282,1.7033652354092879,1.3530657540400002
Mol904,1.225438517,4,1.3273690493413655,1.2098631439999998,1.368237990750466,1.2047383714608162,1.452997137511608,0.9741192576700005
Mol905,0.675686709,4,1.3273690493413655,1.2098631439999998,1.6054041118265263,1.3500634392673851,1.512745706799017,1.0254294847900007
Mol906,1.158935142,3,1.3119166433636362,1.194359769,1.0685687020383476,1.8215386287598874,1.0817159319419807,1.4212738339100006
Mol907,0.675686709,3,1.3119166433636362,1.194359769,1.2707399468374085,1.1635008598645977,1.1845409170059868,0.9520544532000003
Mol908,1.008216802,3,1.3119166433636362,1.194359769,1.4217767185401153,1.5010157172542522,1.4113092136441017,1.0545697267200003
Mol909,0.675686709,4,1.3273690493413655,1.2098631439999998,1.1524517288282563,1.1793994779989265,1.142630860845741,1.1285700206100002
Mol910,3.328241341,3,1.3119166433636362,1.194359769,1.5826869557781547,3.2768951411143705,1.568691736772421,2.4938733651099994
Mol911,0.675686709,2,1.324620266135323,1.20679887,1.2378216826561579,1.1310152062867318,1.3585399853610338,1.1309772952200003
Mol912,0.675686709,0,1.319724521862705,1.2178391149999999,0.9517875026199154,0.6493682807608293,0.8210792010110736,1.2469658323200008
Mol913,0.675686709,2,1.324620266135323,1.20679887,0.9456425881900135,1.0310067382311705,0.7866134637165451,0.9356936207200007
Mol914,1.449324093,1,1.3165635449464286,1.188576779,1.2150564724371318,1.6302300039509547,1.2215145754839303,1.5042515072900002
Mol915,0.675686709,2,1.324620266135323,1.20679887,1.260612791989566,1.214217968697704,1.1310621870007884,0.8086233835899996
Mol916,0.729893404,2,1.324620266135323,1.20679887,1.1843720988133832,0.9891163398310435,1.3735327179838699,1.59136047445
Mol917,2.475201781,2,1.324620266135323,1.20679887,1.1804875256270895,1.4290804897488507,1.5263687304573128,1.34262930469
Mol918,0.675686709,3,1.3119166433636362,1.194359769,1.2248585022579306,1.3631023908080695,1.162371852735166,1.1860706382500008
Mol919,0.844725628,3,1.3119166433636362,1.194359769,1.396352170810772,0.9621903375494751,1.4499585259553942,1.1618682270500005
Mol920,0.762002969,4,1.3273690493413655,1.2098631439999998,1.5673526191068397,1.4723832077694312,1.6030807686521156,1.7762162620299986
Mol921,1.796192597,0,1.319724521862705,1.2178391149999999,1.1883991830168372,1.7197670147565456,1.015859960162185,1.4885734229599996
Mol922,1.649490631,4,1.3273690493413655,1.2098631439999998,1.3234044605867878,1.2455220221029102,1.520741257144939,1.50242522129
Mol923,0.675686709,4,1.3273690493413655,1.2098631439999998,1.374613005534353,1.034084979330212,1.3811482630109198,0.9706051660100005
Mol924,0.675686709,2,1.324620266135323,1.20679887,0.9913436604412007,1.2260528678144356,0.8787030949510723,1.282145308030001
Mol925,0.675686709,2,1.324620266135323,1.20679887,1.5098566508846172,0.8920268622252411,1.492033935384842,0.9182704135700007
Mol926,2.304921162,2,1.324620266135323,1.20679887,1.5894580560219478,2.1433215694113557,1.6801252698440743,1.3359914841600005
Mol927,0.675686709,3,1.3119166433636362,1.194359769,2.0077115074705247,1.0404604167769838,1.4925278876781152,1.2182749475900005
Mol928,0.99895644,1,1.3165635449464286,1.188576779,1.3176359678724696,1.4233666554423041,1.1524161522605556,1.10936729197
Mol929,1.208414481,1,1.3165635449464286,1.188576779,1.14063029345808,1.4564845768508712,1.0100206852228262,1.3706660245700004
Mol930,0.675686709,2,1.324620266135323,1.20679887,1.084566364209714,0.8518652426574377,0.8905188898948286,0.9664009506700002
Mol931,0.915452602,4,1.3273690493413655,1.2098631439999998,1.5531433673111235,1.0679887689926617,1.5972259854960216,1.3395173718400004
Mol932,2.316988798,4,1.3273690493413655,1.2098631439999998,1.3706203560309052,2.50123052053892,0.9944494249169337,1.4273845650900003
Mol933,1.011908613,2,1.324620266135323,1.20679887,1.3331112152456592,1.1183691424312676,1.5984208507260373,1.2870337318600007
Mol934,0.794069584,2,1.324620266135323,1.20679887,1.1985324405527111,0.882135983807126,0.9822996275310141,1.1463965026400007
Mol935,2.202093076,0,1.319724521862705,1.2178391149999999,1.8403003151477615,2.1776108881042036,1.857836084721854,1.5591344261700004
Mol936,2.49343156,0,1.319724521862705,1.2178391149999999,1.2441501123811944,1.6119891660301708,0.9515099100414988,1.1892843087700002
Mol937,1.733165153,2,1.324620266135323,1.20679887,1.5040481547269693,1.6040312904098553,1.826328401195118,1.2335284505
Mol938,1.008344629,3,1.3119166433636362,1.194359769,1.4288687849734336,1.041155300450355,1.5059121749032351,1.2098876978200006
Mol939,0.816042341,0,1.319724521862705,1.2178391149999999,1.1926450181978652,1.6100406323645151,1.577675785419577,1.41805281094
Mol940,2.034692614,2,1.324620266135323,1.20679887,1.7678008596347443,2.041743574444345,2.0232079470918225,1.9848598421499988
Mol941,0.675686709,2,1.324620266135323,1.20679887,1.0688124510647938,0.7989400277944757,0.9452011238447858,0.7736526615799998
Mol942,1.24089854,0,1.319724521862705,1.2178391149999999,1.2715624547917785,0.5680569031824475,0.9454401981009498,0.9813974427500008
Mol943,1.140570889,3,1.3119166433636362,1.194359769,1.421945410706567,0.9304201466370802,1.4635030690694717,1.0980260475800012
Mol944,0.675686709,0,1.319724521862705,1.2178391149999999,1.1139352594578373,0.44429485290938014,0.853953517464743,1.33831376715
Mol945,0.675686709,3,1.3119166433636362,1.194359769,1.1632847213286805,1.2857224543987904,1.1413994474926634,0.9534618971
Mol946,0.675686709,4,1.3273690493413655,1.2098631439999998,1.6351941959826792,1.209337243314907,1.5786178451747985,1.5342923140800004
Mol947,1.562447517,2,1.324620266135323,1.20679887,1.5038424553848009,1.2442800220566135,1.535725347387094,1.47227735072
Mol948,2.124037727,1,1.3165635449464286,1.188576779,1.5507960704623325,1.4938085992387078,1.8892638832419428,1.30060920599
Mol949,1.564121376,1,1.3165635449464286,1.188576779,1.4260545250834555,1.6931249959582022,1.740864959083033,1.1161161654600007
Mol950,1.991155165,1,1.3165635449464286,1.188576779,1.4102986114334535,1.7613818598358728,1.6133511120766395,1.7152202252299997
Mol951,1.028286509,4,1.3273690493413655,1.2098631439999998,1.197772689379812,1.5724457987026936,1.054595264685603,1.4225048203700001
Mol952,0.675686709,0,1.319724521862705,1.2178391149999999,1.2824808556305187,1.1466195951547813,1.1437756608673388,1.4230406326199991
Mol953,2.505268036,1,1.3165635449464286,1.188576779,1.543246304668061,1.7171456897700212,1.6317297363132288,1.3126100303800001
Mol954,1.176236,4,1.3273690493413655,1.2098631439999998,1.3757164712118257,1.4415282049615359,1.5897680929450797,1.6874631098400004
Mol955,1.901223946,4,1.3273690493413655,1.2098631439999998,1.3670030162756752,1.9572018111032277,1.4436843200571992,1.6499494949900002
Mol956,0.675686709,1,1.3165635449464286,1.188576779,1.1541394949896195,0.9410513533660894,1.188768152924588,1.0655324300300004
Mol957,2.829621496,1,1.3165635449464286,1.188576779,1.7406951428440727,1.7050780693586276,1.6902245997072416,1.3625588757699996
Mol958,1.966592226,1,1.3165635449464286,1.188576779,1.1173106390423322,1.6155691629482096,1.1920905913720767,1.2279221522800008
Mol959,1.615918504,0,1.319724521862705,1.2178391149999999,1.1592006877025702,1.3864801008145164,1.358566084852871,1.3538904537299998
Mol960,0.675686709,3,1.3119166433636362,1.194359769,0.8723763964986605,0.4476846302681655,0.8439611619889611,0.8385658860900004
Mol961,0.675686709,2,1.324620266135323,1.20679887,0.6989224902145543,0.8212828983308815,0.7116018941474289,1.0474887534900008
Mol962,1.746712023,2,1.324620266135323,1.20679887,1.638073718622818,1.503168135799204,1.690143743076328,1.5255870704799994
Mol963,2.961988865,3,1.3119166433636362,1.194359769,1.5641723528530425,2.0160043464389483,1.6353374926858266,1.6042477997700002
Mol964,2.027598287,2,1.324620266135323,1.20679887,1.51301012924028,1.8350103554413384,1.5858823460748759,1.42504130011
Mol965,0.847696021,1,1.3165635449464286,1.188576779,1.432093762752759,1.1697329488325228,1.3624196008048317,0.7973445235399994
Mol966,0.675686709,2,1.324620266135323,1.20679887,0.9371935095081503,0.9219112898322823,0.8703032078428251,1.3003920614600002
Mol967,1.112873002,4,1.3273690493413655,1.2098631439999998,1.257925175979984,1.1277751586318954,1.181694369103218,1.1161743428200008
Mol968,0.732071941,1,1.3165635449464286,1.188576779,1.0105283589412948,0.7591673368564055,0.8678258679241999,0.9315586253100004
Mol969,1.621747346,0,1.319724521862705,1.2178391149999999,1.3890904290048272,1.2947288828920103,1.618377258930363,1.5534433833000003
Mol970,1.578146195,0,1.319724521862705,1.2178391149999999,1.4948133712418756,1.290732310359704,1.587797532887906,1.1954335023200007
Mol971,0.675686709,1,1.3165635449464286,1.188576779,0.9607732079463496,1.5574475436644533,0.7745448736372533,1.265534728910001
Mol972,0.675686709,2,1.324620266135323,1.20679887,0.9416699840137066,0.6568796007225728,0.7298584893986424,1.0163373414700005
Mol973,1.575753445,0,1.319724521862705,1.2178391149999999,1.2510299370899323,1.5814711595282223,1.4032714926372178,1.3989227663400012
Mol974,1.562590225,4,1.3273690493413655,1.2098631439999998,1.3364489952918044,1.0215020415295433,1.537049630375761,1.3609211063800006
Mol975,1.807203431,2,1.324620266135323,1.20679887,1.6138149249765832,1.667346382985767,1.6863353217017922,1.4749519031500002
Mol976,1.974221452,1,1.3165635449464286,1.188576779,1.3837262676609476,0.9121200619737287,1.611436245220302,1.3826647569799997
Mol977,1.188168859,3,1.3119166433636362,1.194359769,1.754587550407487,1.63081614067943,1.768105071187028,1.6354812118300004
Mol978,0.675686709,4,1.3273690493413655,1.2098631439999998,1.2840905574624708,0.8402116293071422,1.2124635715664818,0.8900626370100003
Mol979,1.50134687,2,1.324620266135323,1.20679887,1.393142158886494,0.8597220390526004,1.5224666136025977,1.59818250859
Mol980,0.758230408,4,1.3273690493413655,1.2098631439999998,1.2898535744214492,1.06934589767724,1.3883127590210134,1.1857182515900002
Mol981,2.354724853,3,1.3119166433636362,1.194359769,1.5378732971446638,1.8794766832243324,1.5675874380629984,1.670499922360001
Mol982,2.300049556,1,1.3165635449464286,1.188576779,1.6231341118638236,1.8993425177728742,1.7710135763447843,1.4102924191200008
Mol983,0.675686709,4,1.3273690493413655,1.2098631439999998,1.3142822193803179,1.3942762472635022,1.1502517744965468,1.0779326495600006
Mol984,0.675686709,3,1.3119166433636362,1.194359769,1.0520159933390536,1.2241066572255999,0.9346127010263282,1.0713115520100003
Mol985,1.372948806,2,1.324620266135323,1.20679887,1.4521987731721777,1.399090968638676,1.438631737766862,1.4860368666200003
Mol986,0.675686709,3,1.3119166433636362,1.194359769,1.0852819817610064,1.6237278233570034,0.8946582143147007,0.8716206566200004
Mol987,1.842453215,4,1.3273690493413655,1.2098631439999998,1.4006199852406533,1.8714844102120862,1.1975099557440856,1.7548819740899995
Mol988,2.914450527,2,1.324620266135323,1.20679887,1.7405339001630615,1.9824669486742539,1.8609309369119762,1.60714800806
Mol989,1.028652574,2,1.324620266135323,1.20679887,1.221556276559812,1.2125673648263855,1.390200858430501,1.2434129565600005
Mol990,0.675686709,1,1.3165635449464286,1.188576779,1.0346523692627647,1.3382795308534665,0.9148646041464513,1.119083380580001
Mol991,0.856184927,2,1.324620266135323,1.20679887,1.150266748954243,1.2317799129163962,1.2865456805704432,0.9666064082500008
Mol992,1.18619325,4,1.3273690493413655,1.2098631439999998,1.1442672792357544,0.27665145735578367,0.946781927536031,0.8439582766800001
Mol993,1.26218996,4,1.3273690493413655,1.2098631439999998,1.651000330806089,1.9425365924188382,1.655300822547345,1.5546865641099992
Mol994,1.624261464,1,1.3165635449464286,1.188576779,1.3869155522437948,1.0457713194347833,1.3997931335136737,1.1582741332600002
Mol995,1.813694384,0,1.319724521862705,1.2178391149999999,1.411436141784914,1.6476299504632461,1.5309941778501197,1.3018253320700004
Mol996,1.156185573,0,1.319724521862705,1.2178391149999999,1.1861366579355066,1.2114620154751607,1.1147775845670944,1.4797452374900004
Mol997,1.083395108,4,1.3273690493413655,1.2098631439999998,1.450604419778224,1.6172879271932996,1.9236559659396277,1.5347084650999998
Mol998,1.068185862,3,1.3119166433636362,1.194359769,1.0982415173300646,1.2036320291036577,0.9694030490250378,1.35716329876
Mol999,0.675686709,4,1.3273690493413655,1.2098631439999998,1.3039898129436025,1.0830794609413288,1.4745761449332584,1.1007533467900004
Mol1000,0.675686709,3,1.3119166433636362,1.194359769,0.9585607448001277,0.5766223832971077,0.9176913174084335,1.0796184572600003
Mol1001,1.971210885,0,1.319724521862705,1.2178391149999999,1.6409751797528123,1.7229644893704175,1.9609443283950732,1.5785039350400007
Mol1002,2.59262526,0,1.319724521862705,1.2178391149999999,1.6788078039415861,2.2576884576846785,2.103696395994362,1.1712501824000001
Mol1003,0.675686709,2,1.324620266135323,1.20679887,0.8574393580208075,0.8891394910606579,0.7394243177506691,1.3141067370800008
Mol1004,0.675686709,4,1.3273690493413655,1.2098631439999998,0.6182470304153489,0.5981487849499225,0.7696900790816495,1.2010656662500008
Mol1005,2.191260934,3,1.3119166433636362,1.194359769,1.3115563443309468,1.0974912982895808,1.309555615337483,1.27411555817
Mol1006,0.675686709,2,1.324620266135323,1.20679887,0.7650823495318675,1.1289993299742949,1.0799484495781746,1.06459357495
Mol1007,0.7930916,3,1.3119166433636362,1.194359769,1.1340446391308057,0.5495560877337793,0.9702083362448931,1.1834333125500007
Mol1008,2.13205146,4,1.3273690493413655,1.2098631439999998,2.147715957160146,1.5968894481588176,1.7235413697746502,1.8231856009099987
Mol1009,0.675686709,4,1.3273690493413655,1.2098631439999998,1.122970918020627,1.38202732928969,1.0658099910191536,1.2026578322200003
Mol1010,0.675686709,4,1.3273690493413655,1.2098631439999998,1.3264312557381037,1.3048836163554158,1.2079292698705895,1.0376775140600005
Mol1011,1.895030067,3,1.3119166433636362,1.194359769,1.8684460006623296,1.2698133110601053,1.7696427702267,1.495356172730001
Mol1012,0.675686709,3,1.3119166433636362,1.194359769,1.5170934161787144,1.369139261319539,1.8667764195833294,1.0265348143300002
Mol1013,1.235275877,1,1.3165635449464286,1.188576779,1.0101908276048701,0.6634852146601422,1.2873613735960714,1.3806631723599998
Mol1014,0.675686709,2,1.324620266135323,1.20679887,1.2466367923223025,0.5491455554985365,1.012188745913978,0.8376552284599998
Mol1015,0.801472314,3,1.3119166433636362,1.194359769,1.1081274891728332,1.1115026276519173,1.0810946572268458,0.88659927471
Mol1016,0.675686709,1,1.3165635449464286,1.188576779,1.0203355795453892,1.1016570999359112,0.9912285452183047,0.9193698662199998
Mol1017,0.717171027,0,1.319724521862705,1.2178391149999999,1.2780309189383163,0.9976043028312355,1.2927395392819532,0.9421310149400002
Mol1018,1.203875623,3,1.3119166433636362,1.194359769,1.1887781960750254,1.2705959034571728,1.0167632992323157,1.1004818241500003
Mol1019,1.137733795,4,1.3273690493413655,1.2098631439999998,1.3432432074757634,1.3453090749567105,1.5880170483631335,1.3979471429500003
Mol1020,1.299136694,4,1.3273690493413655,1.2098631439999998,1.1444315905458171,1.3606151673791427,0.8727208487317377,1.2645294019800013
Mol1021,0.675686709,0,1.319724521862705,1.2178391149999999,0.9310236306902735,0.6400191808320744,0.7394403943028681,0.7631933668299997
Mol1022,1.467874372,3,1.3119166433636362,1.194359769,1.1025065799771487,1.5529001757135592,1.1674161017298856,0.9419895055300005
Mol1023,0.675686709,4,1.3273690493413655,1.2098631439999998,1.424030169562028,0.7283618023523998,1.3726995935530255,1.0988305034900006
Mol1024,1.216482597,4,1.3273690493413655,1.2098631439999998,1.256585169459787,1.6423732504106303,1.0247608097141974,1.2169450350500006
Mol1025,1.346450778,4,1.3273690493413655,1.2098631439999998,1.432089028139282,1.4870698761316445,1.5778038302023283,1.0457755298300002
Mol1026,1.092720645,1,1.3165635449464286,1.188576779,1.5969644998472687,1.6298475145368814,1.3516546926919428,1.5640934699299998
Mol1027,1.625168348,0,1.319724521862705,1.2178391149999999,1.4065631523623054,1.6471676261603594,1.298626369787622,1.5375459934600002
Mol1028,0.871864702,0,1.319724521862705,1.2178391149999999,1.1448660645509499,0.932673383466355,0.9393804613238141,1.0151114419900003
Mol1029,1.129174103,2,1.324620266135323,1.20679887,0.9691340026479,1.064311896168429,0.8234347012245742,0.9157898290099997
Mol1030,1.471511737,0,1.319724521862705,1.2178391149999999,1.226083518175572,1.012070807542578,1.1689469604365712,0.9822504279500006
Mol1031,0.675686709,4,1.3273690493413655,1.2098631439999998,1.212430160754975,0.708334256682118,0.9302710726205716,1.0624331895200005
Mol1032,2.395766581,2,1.324620266135323,1.20679887,1.47802958968623,1.7742657202045558,1.6146565728103144,1.5146881448800003
Mol1033,2.598019689,1,1.3165635449464286,1.188576779,1.7825648261580807,2.0272659098469785,2.2047919166924577,1.6700387288099996
Mol1034,2.593406811,4,1.3273690493413655,1.2098631439999998,1.860760886753601,1.6542865800740283,1.9373847897835592,1.7867498275100002
Mol1035,1.527977713,3,1.3119166433636362,1.194359769,1.343401593184473,1.9993296337884996,1.2179294489347583,1.5190522004199993
Mol1036,1.52748812,1,1.3165635449464286,1.188576779,1.4868515689552382,1.5988695218080293,1.73248977916115,1.6266242801799995
Mol1037,1.732482218,3,1.3119166433636362,1.194359769,1.7608819074627404,1.5939040855655286,1.7879068467393435,1.38933512706
Mol1038,2.649960532,2,1.324620266135323,1.20679887,2.056002084567451,1.4193140776481612,1.930149538754962,1.4165434326500006
Mol1039,2.416617211,1,1.3165635449464286,1.188576779,1.6500794014128377,1.3888226634006209,1.9795783240540699,1.4290843054700004
Mol1040,0.675686709,4,1.3273690493413655,1.2098631439999998,1.5947953619462005,0.8725032131415482,1.2526844764450076,0.9456207777100006
Mol1041,0.675686709,4,1.3273690493413655,1.2098631439999998,1.2408479719519818,0.7015177407074301,1.2194240745925147,0.9479803725100001
Mol1042,1.283210741,3,1.3119166433636362,1.194359769,1.0385557079768426,1.4865551377684327,1.131435237402394,1.1317421137100006
Mol1043,1.018034403,1,1.3165635449464286,1.188576779,1.0750487994136457,1.308407216709928,1.0387580820714712,1.0454475645800008
Mol1044,1.445012288,2,1.324620266135323,1.20679887,1.2509476619642714,1.0251959981556522,1.05881067556406,1.202686022130001
Mol1045,0.675686709,4,1.3273690493413655,1.2098631439999998,1.1948793903236434,1.3322933525765275,0.9347690060391054,1.30158599387
Mol1046,0.693902741,4,1.3273690493413655,1.2098631439999998,1.2367813657705073,0.8820930071687563,1.2307179863105508,1.0257850097400008
Mol1047,1.595231596,3,1.3119166433636362,1.194359769,1.3565379877449557,1.5655998305248406,1.5094546600933736,1.5143952074799996
Mol1048,0.796088429,2,1.324620266135323,1.20679887,1.1764477775547293,0.7632321341915979,1.0438808108224114,0.9077850723600001
Mol1049,2.19966469,0,1.319724521862705,1.2178391149999999,1.7343711332663427,1.5966613737004756,2.013719500788941,1.5001261327399995
Mol1050,2.102371953,4,1.3273690493413655,1.2098631439999998,1.7542223358922844,1.9123078485610552,1.863051548099941,1.60563513353
Mol1051,0.675686709,4,1.3273690493413655,1.2098631439999998,1.355407572287838,0.8269600620678518,1.6037804215385947,0.9421587762900003
Mol1052,0.942603249,2,1.324620266135323,1.20679887,1.3254730923359301,1.4590945753646658,1.355605063344691,1.0585133758900007
Mol1053,2.079322369,1,1.3165635449464286,1.188576779,2.400839323378131,1.767236170467004,1.6750642097129165,1.5946693717599996
Mol1054,2.111810079,4,1.3273690493413655,1.2098631439999998,1.8306729799031523,1.276921176194426,1.8283373593937335,1.424282761379999
Mol1055,0.849726444,4,1.3273690493413655,1.2098631439999998,1.3932365544589351,1.741735939244289,1.4219371083782844,1.3377754342299997
Mol1056,0.675686709,2,1.324620266135323,1.20679887,1.6487698114390112,1.3750613874776554,1.8726438716470872,1.1704959535300004
Mol1057,2.044112311,0,1.319724521862705,1.2178391149999999,1.5179066346148045,1.7790475100781142,1.6800058869158065,1.65156181151
Mol1058,1.471144965,3,1.3119166433636362,1.194359769,1.4663187538017775,1.2192941271834852,1.6308860777439897,1.3028563439200005
Mol1059,0.675686709,2,1.324620266135323,1.20679887,0.9805255139307663,0.34987580695930875,0.8392250241020381,1.0105095771200008
Mol1060,0.675686709,3,1.3119166433636362,1.194359769,0.8188738507007518,1.4176472991218816,0.9765358066540581,1.3038342022100002
Mol1061,0.675686709,3,1.3119166433636362,1.194359769,0.5198925495707625,0.7014428272139834,0.9974464362218924,1.0039004250100003
Mol1062,1.350616237,0,1.319724521862705,1.2178391149999999,1.392228709592775,0.7640972244612163,1.5540665274116634,1.128071321430001
Mol1063,1.980603238,1,1.3165635449464286,1.188576779,1.7032216457971616,1.1908098077527394,2.0048500679166854,1.65969079393
Mol1064,0.928703027,4,1.3273690493413655,1.2098631439999998,1.252961589823053,1.4056741198946023,1.4687251823534304,1.37801131501
Mol1065,0.830716949,1,1.3165635449464286,1.188576779,1.3188166575811284,1.0541963080701287,1.3053115602796945,1.1150161463800008
Mol1066,0.675686709,2,1.324620266135323,1.20679887,1.036789694383814,1.3319275859997828,0.8696197513306513,1.2441290639900011
Mol1067,0.675686709,0,1.319724521862705,1.2178391149999999,0.7411091432026581,1.2889532631351936,0.8824841006358294,1.4702597972300004
Mol1068,0.675686709,4,1.3273690493413655,1.2098631439999998,1.362418035193339,1.032316620606693,1.2205563781263653,1.2026695377800007
Mol1069,1.038620162,1,1.3165635449464286,1.188576779,1.5158863487369376,1.3797379761665072,1.4097568659357385,1.2499607697900001
Mol1070,0.675686709,2,1.324620266135323,1.20679887,1.3022138104856529,1.171530066270789,1.2736950093029613,0.8711105518499999
Mol1071,1.734055373,0,1.319724521862705,1.2178391149999999,1.598010059851621,0.543213337950331,1.7652061710466558,0.9789009908400002
Mol1072,1.366665721,0,1.319724521862705,1.2178391149999999,1.1396279453699825,0.8650049413782948,1.2354180842436102,1.4593485550600003
Mol1073,1.953648568,1,1.3165635449464286,1.188576779,1.2426947062851326,1.110874000393973,1.2898172976653766,1.1554588686300007
Mol1074,1.600243016,4,1.3273690493413655,1.2098631439999998,1.234830817597799,1.18345612622105,1.017196762987374,1.2383029181600005
Mol1075,0.675686709,1,1.3165635449464286,1.188576779,1.01332560947062,0.5298833831496835,0.8805092412439645,0.8593861746700001
Mol1076,0.707995746,1,1.3165635449464286,1.188576779,1.321265997449212,1.610626464704703,1.1853977284032116,1.2539244807400012
Mol1077,2.099366372,1,1.3165635449464286,1.188576779,1.6136950611471852,1.1371315387218779,1.8722342886072538,1.2887611042300002
Mol1078,1.439837761,0,1.319724521862705,1.2178391149999999,1.6123658585867935,2.4482868739375894,1.8359823297551159,1.4651347747700008
Mol1079,2.266933388,1,1.3165635449464286,1.188576779,1.6445923254310206,1.8497122305111495,1.8820569841430765,1.4888329816399997
Mol1080,1.354953146,1,1.3165635449464286,1.188576779,1.656832039729228,0.8231962507476335,1.707942442341725,1.3010903203100006
Mol1081,0.675686709,2,1.324620266135323,1.20679887,1.0666757628700683,1.018383588647541,0.7303437469342992,1.3531838809999999
Mol1082,1.504362105,1,1.3165635449464286,1.188576779,1.5545157043196767,1.3601898809449116,1.6919078995242347,1.1428469641399999
Mol1083,1.176236,3,1.3119166433636362,1.194359769,1.4510690002981623,1.176375545341948,1.4722422907846158,1.2799453570000006
Mol1084,1.389236984,2,1.324620266135323,1.20679887,1.4296892489381225,1.7798109971066967,1.547016829355538,1.5757161699399995
Mol1085,0.888123307,4,1.3273690493413655,1.2098631439999998,0.9760999620083256,1.186671085638958,0.9365776234864588,1.8773769706800005
Mol1086,0.675686709,2,1.324620266135323,1.20679887,1.055159500311424,0.9815820942993876,0.8606061100559483,1.1720568584000008
Mol1087,0.675686709,4,1.3273690493413655,1.2098631439999998,0.8693640616885663,0.17955218864818823,0.7030854698351007,1.140904427160001
Mol1088,1.345099146,0,1.319724521862705,1.2178391149999999,0.8334352720858825,1.313570632120841,0.9949103244737576,1.3534016051100004
Mol1089,0.675686709,0,1.319724521862705,1.2178391149999999,0.9635997064526078,0.974290689217979,0.8242654937336762,0.9346735350600004
Mol1090,2.474006353,4,1.3273690493413655,1.2098631439999998,1.682611104536596,1.874679251243349,1.9512923933575141,1.3482333317000001
Mol1091,1.332761536,3,1.3119166433636362,1.194359769,1.2127958216882995,1.4630116771956276,1.013350536900973,1.1502140949400008
Mol1092,0.675686709,2,1.324620266135323,1.20679887,1.540208413287917,1.693448535356215,1.5869336994159478,1.40375073587
Mol1093,2.273635458,3,1.3119166433636362,1.194359769,2.199450801397919,2.351458283337979,1.976519383025124,1.5717958087199997
Mol1094,0.675686709,2,1.324620266135323,1.20679887,1.1662740980394752,1.1760293716596384,1.0930476570712202,1.0574785622900007
Mol1095,1.65891722,2,1.324620266135323,1.20679887,1.465947215482611,1.5500502598256096,1.6921157312263457,1.2306757816300002
Mol1096,1.060055365,4,1.3273690493413655,1.2098631439999998,1.0378900723895157,1.9998607884060988,0.7728040459125548,1.215841347710001
Mol1097,1.414455226,4,1.3273690493413655,1.2098631439999998,1.4151479372199756,1.2430449677239943,1.6739664711134372,1.2013805021000008
Mol1098,2.100608308,0,1.319724521862705,1.2178391149999999,1.6231194415845402,1.7020468257467738,1.687998527869523,1.2587885100500007
Mol1099,2.080370307,0,1.319724521862705,1.2178391149999999,1.6072462583280573,1.6377398069138973,1.649983335494249,1.4316106255700007
Mol1100,0.675686709,4,1.3273690493413655,1.2098631439999998,1.6001461386662978,1.2144022926865237,1.492706852772708,1.2390959084000006
Mol1101,1.29444418,1,1.3165635449464286,1.188576779,1.449423554326362,1.366069633470399,1.5197300017950308,1.4195527141699995
Mol1102,2.063836054,2,1.324620266135323,1.20679887,1.4599388820982722,1.5015747683418164,1.73307735060004,1.36304331519
Mol1103,1.558300478,1,1.3165635449464286,1.188576779,1.3229753914559208,1.5623766031728115,1.4466223755521244,1.2954422923000002
Mol1104,0.675686709,1,1.3165635449464286,1.188576779,1.0627012315556468,1.2767544014946495,1.0186773888689675,1.41627320264
Mol1105,1.468893548,0,1.319724521862705,1.2178391149999999,1.1338198400321766,1.8664494798752806,0.9620223033213372,1.5002945988499996
Mol1106,1.930103039,1,1.3165635449464286,1.188576779,1.3918564435882073,2.116480471750125,1.5117144852176976,1.5449256286799997
Mol1107,1.608472546,2,1.324620266135323,1.20679887,1.5794965768851021,1.2978348770575696,1.608605588172788,1.0325472511500007
Mol1108,2.104196802,4,1.3273690493413655,1.2098631439999998,1.6122030064908066,2.143752640289667,1.8399731055386195,1.4942299764300007
Mol1109,1.666059108,2,1.324620266135323,1.20679887,1.7745313023019835,1.8511422788564327,1.9935914378867075,1.5669313865999996
Mol1110,1.251492215,3,1.3119166433636362,1.194359769,1.246864312530032,1.8423896792332302,1.1658704597639755,1.4076259248500012
Mol1111,2.262477194,1,1.3165635449464286,1.188576779,2.1562727534007173,1.7021860002894917,2.735660251493108,1.2826033387500007
Mol1112,1.400555257,1,1.3165635449464286,1.188576779,1.220012730692694,1.7185562050287302,0.9971341962323267,1.9200972454099994
Mol1113,1.741009701,2,1.324620266135323,1.20679887,1.5879832853334004,1.832810388695235,1.5774060355487043,1.4172310779199997
Mol1114,1.330494942,2,1.324620266135323,1.20679887,1.5942565745385133,1.7374698759421108,1.8820548674064477,1.33880297494
Mol1115,2.680778648,1,1.3165635449464286,1.188576779,1.5116451424505783,2.2387856973815583,1.5169260714088824,1.7721459490699996
Mol1116,1.796865615,2,1.324620266135323,1.20679887,1.7710365526552254,2.204557706692759,1.956559614943247,1.69032447857
Mol1117,2.265991663,2,1.324620266135323,1.20679887,1.465725847242332,1.5628626099328926,1.629234849859908,1.3867851982799997
Mol1118,1.196120893,1,1.3165635449464286,1.188576779,1.4156133443952148,1.5108247411447175,1.4570428132790711,1.3595304733700013
Mol1119,0.675686709,2,1.324620266135323,1.20679887,1.4599541921788224,1.1220862028336738,1.3343185965777717,0.9464085916900007
Mol1120,2.160546559,0,1.319724521862705,1.2178391149999999,1.6097542436954868,1.9299436448738096,1.627528277308375,1.5595288337900002
Mol1121,1.701930465,1,1.3165635449464286,1.188576779,1.6551498526034751,0.8725637810258482,1.7194477405344182,1.242112803110001
Mol1122,0.675686709,0,1.319724521862705,1.2178391149999999,0.8890639502525446,1.0010125582110234,0.7258429141413281,0.9804775172300012
Mol1123,0.675686709,4,1.3273690493413655,1.2098631439999998,1.2971702449545672,1.3585595751031758,1.4639087342226957,1.317375217
Mol1124,0.675686709,2,1.324620266135323,1.20679887,1.0561052714932502,1.4496913823378437,0.861075747297491,1.1510827627100007
Mol1125,1.621996303,1,1.3165635449464286,1.188576779,1.4836504125036978,2.3834199880482485,1.5192516818724746,1.7661629878400005
Mol1126,1.524746532,4,1.3273690493413655,1.2098631439999998,1.2333158752226616,1.3777126192543085,1.1613827166608777,1.26403554661
Mol1127,2.07120796,4,1.3273690493413655,1.2098631439999998,1.2959198490637316,2.018268697979595,1.4169646692197155,1.4338620758800005
Mol1128,0.675686709,1,1.3165635449464286,1.188576779,0.9156198763281399,1.4408616070501306,0.7301423342972762,1.2106950323700003
Mol1129,1.211093831,1,1.3165635449464286,1.188576779,1.4196348090359103,1.421715259991767,1.428365846085704,1.1524252500900007
Mol1130,1.006380459,0,1.319724521862705,1.2178391149999999,1.3656590520398681,1.225283802895282,1.6826089839384009,1.3553459517100004
Mol1131,1.293428854,1,1.3165635449464286,1.188576779,1.2212094641311486,1.176796992318682,1.0895669487281987,0.99931711843
Mol1132,1.047508506,2,1.324620266135323,1.20679887,1.4033978043075046,1.3501538717939572,1.3791710410008613,1.3632043465800003
Mol1133,0.675686709,3,1.3119166433636362,1.194359769,0.7098705780089634,0.4937895779668581,0.8206768188607799,0.6923229238999993
Mol1134,1.307196421,2,1.324620266135323,1.20679887,1.086863192105635,1.0895324760272336,0.8181245197238752,1.3271169194699997
Mol1135,0.675686709,0,1.319724521862705,1.2178391149999999,1.036185941545394,1.5810433918250144,0.9305633570105337,1.3383692389500004
Mol1136,2.329505677,1,1.3165635449464286,1.188576779,1.3734809021262224,2.081678892185339,1.4832492773597497,1.7223850079199996
Mol1137,1.5704145,3,1.3119166433636362,1.194359769,0.9925765258559901,1.3693420440587003,0.9174663598384947,1.3126028462700001
Mol1138,1.693946678,2,1.324620266135323,1.20679887,1.4797083700380003,1.3041781059567887,1.4279490157657426,1.5543734826799993
Mol1139,0.675686709,0,1.319724521862705,1.2178391149999999,0.7184677994908909,0.3618102129654728,0.712899339531363,0.9974961826800006
Mol1140,0.675686709,4,1.3273690493413655,1.2098631439999998,1.1732646581641246,0.9763103388918393,1.020311501832798,1.032531482040001
Mol1141,0.675686709,3,1.3119166433636362,1.194359769,1.1551969758436378,1.2213978509414727,0.9947245489706291,1.0402900215800004
Mol1142,1.356121506,1,1.3165635449464286,1.188576779,1.6438951778872744,1.4818515023727226,1.576936879546001,1.1556807000700007
Mol1143,1.568975721,0,1.319724521862705,1.2178391149999999,1.1975704862222254,1.38902987199197,1.1162084234661795,0.9087943644300006
Mol1144,0.675686709,0,1.319724521862705,1.2178391149999999,1.146976020974895,0.8792748022185977,1.1902680353285493,1.2694877430000004
Mol1145,0.675686709,0,1.319724521862705,1.2178391149999999,0.8153124623568275,0.30859581722011936,0.7645796358377593,0.9110550705200008
Mol1146,1.730903345,1,1.3165635449464286,1.188576779,1.5232472673612547,0.6770073504184396,1.811135192013571,1.1114586521600005
Mol1147,1.531504463,3,1.3119166433636362,1.194359769,1.4490991544939213,1.1867453830976786,1.519429360871127,1.5442640656499995
Mol1148,1.048208667,2,1.324620266135323,1.20679887,1.500364359136452,1.3738030140985746,1.5254841803304198,0.9835537965600011
Mol1149,0.675686709,3,1.3119166433636362,1.194359769,1.3133937211066309,1.3892200272495383,1.4059907429241525,1.3008531087999997
Mol1150,0.675686709,2,1.324620266135323,1.20679887,1.1017936009823348,0.9304538450768528,0.9788399561270162,0.8829078496800002
Mol1151,1.261048643,3,1.3119166433636362,1.194359769,1.4854393955808014,1.2636157457371415,1.538333732456188,1.457470019920001
Mol1152,0.675686709,3,1.3119166433636362,1.194359769,0.9899168174170008,1.0929849472297903,0.731086710632552,0.9948473159500003
Mol1153,2.259189974,3,1.3119166433636362,1.194359769,1.4093989810345715,1.169309154541136,1.3672421663247838,1.0922351913100004
Mol1154,1.652604075,0,1.319724521862705,1.2178391149999999,1.7534344887357043,1.6576556658868484,1.9846885645257646,1.64366895489
Mol1155,0.675686709,3,1.3119166433636362,1.194359769,2.0203244781306773,1.2545840578953888,1.3267222220093329,1.2807991581800002
Mol1156,1.775428392,4,1.3273690493413655,1.2098631439999998,1.3776065696813018,1.5033609091089861,1.4654082367993089,1.588713328929999
Mol1157,2.360464659,0,1.319724521862705,1.2178391149999999,1.7199341837167175,1.9096537017353483,1.762559429499586,1.5788073122700002
Mol1158,2.650083031,0,1.319724521862705,1.2178391149999999,1.6934934987487775,1.945533482011622,1.7766102541274376,1.4157993708200007
Mol1159,1.715736003,2,1.324620266135323,1.20679887,1.5437246049556475,1.1259197957089455,1.752414222225129,1.0170042695000008
Mol1160,1.955577119,3,1.3119166433636362,1.194359769,1.1495365849518315,0.8390222853049436,1.0372499565000028,1.2365792273800011
Mol1161,0.675686709,0,1.319724521862705,1.2178391149999999,0.9955228175874689,1.1457510354147593,0.7578140401474414,1.265726197670001
Mol1162,0.684037037,1,1.3165635449464286,1.188576779,1.4085781025932156,0.6666327408196425,1.2980817722007836,1.2171953733300007
Mol1163,0.675686709,0,1.319724521862705,1.2178391149999999,0.7408182897936562,0.4886324904039137,0.7316080108955296,0.9383117350499998
Mol1164,1.367765791,1,1.3165635449464286,1.188576779,1.2084674937973952,1.9352747594628035,1.1067965285408226,1.1952259530500007
Mol1165,1.486047734,1,1.3165635449464286,1.188576779,1.277938306987174,1.4091723905667597,1.2423780932522983,1.098010655880001
Mol1166,2.159064637,2,1.324620266135323,1.20679887,1.454832548407398,1.792397224150715,1.7288022074953204,1.38467323601
Mol1167,0.675686709,3,1.3119166433636362,1.194359769,0.8003844596857966,0.7901412685244285,0.7219623771837022,0.9606899473299998
Mol1168,1.738312727,2,1.324620266135323,1.20679887,1.0447015035574791,1.0153824369295472,1.000278557466975,1.0249609415300005
Mol1169,0.675686709,0,1.319724521862705,1.2178391149999999,1.0634703338175833,1.025644138948328,0.7971785243589321,1.246779072440001
Mol1170,1.977385181,4,1.3273690493413655,1.2098631439999998,1.3016173382112126,1.8053189042235702,1.2877728533048247,1.7034514305300001
Mol1171,0.675686709,4,1.3273690493413655,1.2098631439999998,1.0172562106415681,1.5518887678726976,0.9299939833529384,1.37669608534
Mol1172,1.559308011,1,1.3165635449464286,1.188576779,1.5951219789137556,1.6383274714431497,1.5591043813374006,1.2513891105800004
Mol1173,1.058577849,4,1.3273690493413655,1.2098631439999998,1.3136485842352474,0.9046644605905532,1.1939257835713455,1.1408900811800005
Mol1174,2.917223415,2,1.324620266135323,1.20679887,1.4491351351449975,1.5465873472094072,1.875378272781327,1.3832226180600011
Mol1175,0.675686709,1,1.3165635449464286,1.188576779,1.2148199162641098,1.1898267313864395,1.4866064206218172,1.4450012138900001
Mol1176,0.886265059,4,1.3273690493413655,1.2098631439999998,1.3135249597253449,1.203566158791058,1.4102472036238374,1.22359017047
Mol1177,0.675686709,4,1.3273690493413655,1.2098631439999998,1.038626661940779,1.1306949011291798,1.1383183951569744,1.4338970787200005
Mol1178,2.213581502,4,1.3273690493413655,1.2098631439999998,1.9249017836035234,2.301404521251775,2.3105031703189485,1.9453885203600003
Mol1179,2.720869311,2,1.324620266135323,1.20679887,1.8319724573910057,1.4473601885482212,1.944555231375776,1.5817658663699996
Mol1180,0.675686709,2,1.324620266135323,1.20679887,0.8922596791008994,0.7531339869370629,0.7849998821919124,1.1255748642200007
Mol1181,1.247997802,0,1.319724521862705,1.2178391149999999,1.2599220394733361,1.2529920667548349,1.259083420503888,1.3067517157500006
Mol1182,1.40940895,1,1.3165635449464286,1.188576779,1.4485358716009826,0.8599920565196483,1.4679356980597384,1.007616228980001
Mol1183,2.967351376,0,1.319724521862705,1.2178391149999999,1.6155740414751254,2.843349052033633,1.7273039768518494,1.6186504024200006
Mol1184,1.797038905,3,1.3119166433636362,1.194359769,1.1961570194380875,1.5169417492665338,1.208194714870025,1.2362522185100009
Mol1185,2.312775898,2,1.324620266135323,1.20679887,1.1381142339505947,1.131406996315797,0.8734228302831599,1.2268088489900004
Mol1186,1.468332558,0,1.319724521862705,1.2178391149999999,1.5996593948219113,1.7825286381041505,1.8199994014329868,1.1543210245800006
Mol1187,2.066225262,1,1.3165635449464286,1.188576779,1.4309095846772226,1.1265382548306002,1.5677314578274137,1.3234838678800005
Mol1188,1.36660971,2,1.324620266135323,1.20679887,1.1963395630971725,1.2807548139294123,1.1351305007983923,1.1315303495600004
Mol1189,0.675686709,0,1.319724521862705,1.2178391149999999,1.3304593528185413,0.9814095217759828,1.343899406182531,1.0439389450000007
Mol1190,1.774458569,2,1.324620266135323,1.20679887,1.467707112186969,1.7141994656479111,1.4364913455088213,1.5729155271300002
Mol1191,0.675686709,0,1.319724521862705,1.2178391149999999,1.051385030249322,1.0848471089175162,0.823641243554293,0.9468933397100002
Mol1192,0.701654317,3,1.3119166433636362,1.194359769,1.5677227206258664,1.5341958952513242,1.5154452478493239,1.5164034081999997
Mol1193,0.931152639,4,1.3273690493413655,1.2098631439999998,1.362015587526197,0.8715124259120901,1.2275555498905628,1.1447028387700007
Mol1194,1.851105401,1,1.3165635449464286,1.188576779,1.186049372379554,1.7091966607464246,0.9559592209713066,1.0417288109600007
Mol1195,0.888684847,4,1.3273690493413655,1.2098631439999998,1.3675966593438016,0.8613856113990221,1.3235049290115,0.8970078069999998
Mol1196,1.952298315,3,1.3119166433636362,1.194359769,1.5553730214005437,1.8892346018268427,1.7161840184613042,1.7754836029900003
Mol1197,2.174365132,3,1.3119166433636362,1.194359769,1.660351283390052,1.636746626148514,1.5990422150312624,1.1500230971900007
Mol1198,1.37386787,2,1.324620266135323,1.20679887,0.9164540938916639,1.0169077599802159,0.8494580388068534,0.8352802558799998
Mol1199,0.675686709,1,1.3165635449464286,1.188576779,1.0706307683797671,0.07447233032254674,0.8629058857100108,1.05830658835
Mol1200,0.675686709,3,1.3119166433636362,1.194359769,0.8960094250747297,0.7787129864103528,0.7301689040853797,0.9120239186400002
Mol1201,1.25947442,2,1.324620266135323,1.20679887,1.6496485239020093,2.349825343347798,1.97481857301134,1.8432520323100001
Mol1202,0.802910489,2,1.324620266135323,1.20679887,0.9802350474990444,1.4327765940638644,0.7167042349806261,1.0964638790100008
Mol1203,0.675686709,4,1.3273690493413655,1.2098631439999998,1.3869806813813854,1.1524080447429081,1.2473674633633833,0.9950338920200007
Mol1204,1.83466862,3,1.3119166433636362,1.194359769,1.8731671764204472,1.747749261744234,1.9017967755313798,1.3638698182700006
Mol1205,1.403926565,3,1.3119166433636362,1.194359769,1.391938571973273,0.9959002052689176,1.4360365330529128,1.2503575723500002
Mol1206,0.675686709,4,1.3273690493413655,1.2098631439999998,0.9651038246505248,0.7793929926299674,0.7442466056449584,0.8672738420900002
Mol1207,1.970039879,3,1.3119166433636362,1.194359769,1.5895688327605721,1.3551244249291212,1.5276690240497957,1.4408268110000002
Mol1208,1.6318596,2,1.324620266135323,1.20679887,1.349869189704563,0.7037823536411623,1.5300859964807187,1.1800395668700001
Mol1209,1.283052343,4,1.3273690493413655,1.2098631439999998,1.1457537378866627,1.5150722052636514,1.020986899191192,1.6614710459799997
Mol1210,0.675686709,1,1.3165635449464286,1.188576779,1.0184079916873798,1.0098276722928734,0.739619440114176,1.1225677515600008
Mol1211,0.675686709,3,1.3119166433636362,1.194359769,0.8125195508137966,1.2071508331025849,0.7754487081287312,0.9410842382900003
Mol1212,0.675686709,3,1.3119166433636362,1.194359769,1.1848427779661592,1.6607333072639263,1.0475443652757745,1.5596949265300006
Mol1213,2.273702525,3,1.3119166433636362,1.194359769,1.6204447665527422,1.7739020888486094,1.9674002728591105,1.3868896685600007
Mol1214,0.675686709,2,1.324620266135323,1.20679887,1.2056696265104643,1.0017247668110465,1.0920683510059948,1.1397600154500005
Mol1215,0.675686709,4,1.3273690493413655,1.2098631439999998,0.9175857288693654,0.70409069433602,0.7211075763096426,1.00180689533
Mol1216,2.361973237,1,1.3165635449464286,1.188576779,1.6784603637604028,1.5415192357610006,1.615629303634198,1.682045019969999
Mol1217,0.675686709,0,1.319724521862705,1.2178391149999999,0.9435074270034194,0.7652516719435245,0.9966796410963948,1.091919719230001
Mol1218,1.164293359,1,1.3165635449464286,1.188576779,2.1766738591140875,1.5731227377728247,2.156078123689152,1.4874738408499995
Mol1219,1.811313546,4,1.3273690493413655,1.2098631439999998,1.5938523775305244,1.6476290365960984,1.6736781991899434,1.48159138986
Mol1220,1.081671287,0,1.319724521862705,1.2178391149999999,1.7579174202454708,1.230762674237049,1.5458803694255783,1.2042929805500002
Mol1221,2.417627779,1,1.3165635449464286,1.188576779,1.6085064658880717,1.3917315157905816,1.8950516908435744,1.0768481216100008
Mol1222,0.675686709,1,1.3165635449464286,1.188576779,1.071548734965491,1.5963275896467528,0.9744308377041658,1.4611061399099987
Mol1223,1.066586796,1,1.3165635449464286,1.188576779,1.1966418093978375,1.004626448772178,2.0049094247939867,1.0681796472600005
Mol1224,1.863370451,4,1.3273690493413655,1.2098631439999998,1.5734886013601748,1.4899003722414874,1.8522466704218155,1.0239948023500007
Mol1225,2.15518416,1,1.3165635449464286,1.188576779,2.185666558261037,1.8534049666417491,1.413000905404318,1.4943200336200002
Mol1226,0.675686709,1,1.3165635449464286,1.188576779,1.0136383235125135,1.1728231950714125,0.7483727519444463,1.3467339294700003
Mol1227,0.675686709,2,1.324620266135323,1.20679887,1.1370376179826487,0.9080512619992295,1.0589768126721102,0.8193966291799998
Mol1228,1.074926097,3,1.3119166433636362,1.194359769,1.1487725467290026,1.4113406174398113,0.9400497756062678,1.4445141460699997
Mol1229,1.188647296,1,1.3165635449464286,1.188576779,1.061007239168275,1.310974961240305,0.9425731278539423,1.1826947222400008
Mol1230,1.283007076,4,1.3273690493413655,1.2098631439999998,1.514948886461586,0.8704955468160489,1.365014190863333,1.4272778122200003
Mol1231,2.03213908,1,1.3165635449464286,1.188576779,0.9760586926488172,1.401022800452981,0.8234377887890312,1.5507241577099997
Mol1232,1.765415205,4,1.3273690493413655,1.2098631439999998,1.6286576217872017,1.3267433202213144,1.541485873920268,1.4463175832200001
Mol1233,0.675686709,3,1.3119166433636362,1.194359769,1.1680879262783077,0.9199178759067338,0.9354791266213098,0.7824039968599998
Mol1234,1.951230632,0,1.319724521862705,1.2178391149999999,1.5048548043546524,1.4567376081075318,1.7054289408629861,1.386131894820001
Mol1235,0.675686709,0,1.319724521862705,1.2178391149999999,1.5615275692757669,1.796510681787475,1.6493908846787557,1.5903176873500005
Mol1236,0.675686709,4,1.3273690493413655,1.2098631439999998,1.5576955741476644,1.099088961348464,1.6727970115250719,1.5512449051800004
Mol1237,2.092874971,2,1.324620266135323,1.20679887,1.609707311003123,0.6343159790637336,1.4827698674514787,1.300169533080001
Mol1238,0.764250875,0,1.319724521862705,1.2178391149999999,1.4123415798564025,1.2598375198751621,1.3872086561686343,1.6969256720900003
Mol1239,0.675686709,2,1.324620266135323,1.20679887,0.6313997705346294,0.41235541477001525,0.7297808451324087,0.8934639357300007
Mol1240,0.675686709,0,1.319724521862705,1.2178391149999999,1.1777863240765996,1.0235167966802177,0.9056140574917033,0.9942278602900005
Mol1241,0.920175522,1,1.3165635449464286,1.188576779,1.0574049946049038,1.6317988495592584,1.0744794430786018,1.59059120438
Mol1242,1.247703282,2,1.324620266135323,1.20679887,1.6982219430625156,1.7176081714821803,1.8032565304355672,1.5034573397500006
Mol1243,0.675686709,3,1.3119166433636362,1.194359769,2.128533747366105,1.0736990855400448,1.7109054210911436,1.2352669209600013
Mol1244,2.123371366,3,1.3119166433636362,1.194359769,1.6734124479792138,1.492175395249396,1.952937784648803,1.3977402510799997
Mol1245,0.675686709,2,1.324620266135323,1.20679887,0.6324721635932145,0.8305146880413601,1.0198886625197519,1.0838243137500003
Mol1246,0.675686709,0,1.319724521862705,1.2178391149999999,1.333824645502185,1.2094613829959782,1.0648534240475986,1.43540109638
Mol1247,2.518487618,3,1.3119166433636362,1.194359769,1.5040595582881955,1.7442696452935038,1.2528590523225431,1.2327239570200008
Mol1248,0.675686709,4,1.3273690493413655,1.2098631439999998,0.7757984735896124,0.7476520628735236,0.7696234848997876,0.9793218427800008
Mol1249,2.334294883,3,1.3119166433636362,1.194359769,1.6842972967324077,1.72289050025005,1.4502061780542328,1.5696070457499989
Mol1250,0.675686709,0,1.319724521862705,1.2178391149999999,1.3208998529054627,1.0103959110604572,1.4231449695410734,0.9487591991100003
Mol1251,2.199618068,4,1.3273690493413655,1.2098631439999998,1.598322133637809,0.6723266746701003,1.6787798724221294,1.3826804751300004
Mol1252,1.616454508,2,1.324620266135323,1.20679887,1.9177438249010983,2.144965693412534,1.3164404122662432,1.6878987705300004
Mol1253,0.675686709,4,1.3273690493413655,1.2098631439999998,0.8892179588431719,0.33457370991828306,0.7676952019405454,0.7794321142599998
Mol1254,2.567713162,4,1.3273690493413655,1.2098631439999998,1.8750636744030873,2.014893331306035,1.792382177000388,1.3467329421500003
Mol1255,2.143629875,1,1.3165635449464286,1.188576779,1.4798625196610595,2.077279994469669,1.5169173469575046,1.9691024581399998
Mol1256,2.058228573,4,1.3273690493413655,1.2098631439999998,1.3512723413082741,1.168879476328105,1.104060217552205,1.4674379902300003
Mol1257,0.675686709,0,1.319724521862705,1.2178391149999999,1.3009741166801883,0.6844789467051656,1.1525268939813713,0.9074479430600004
Mol1258,2.09405865,0,1.319724521862705,1.2178391149999999,1.4724185178662335,1.233978545191609,1.5285098149989929,1.2921066401200005
Mol1259,1.436623741,3,1.3119166433636362,1.194359769,1.3660306698072935,1.6352803071253053,1.2740139201043146,1.4429809362599997
Mol1260,1.122576275,0,1.319724521862705,1.2178391149999999,1.2808417281626279,1.1563151175001056,1.4023839824071502,1.009254118280001
Mol1261,0.675686709,0,1.319724521862705,1.2178391149999999,1.063587674691208,0.9970977760957643,0.7733887322044245,1.2853677810700008
Mol1262,0.675686709,0,1.319724521862705,1.2178391149999999,1.1688724516945952,0.6188678621932019,1.3761194268493853,1.0500468973500003
Mol1263,0.932930143,1,1.3165635449464286,1.188576779,1.4418497484706894,0.8197319936200673,1.4434587117249442,0.8896539867700003
Mol1264,1.504076488,3,1.3119166433636362,1.194359769,1.5740625442174392,1.1660933517785694,1.6887332502628056,1.39009864897
Mol1265,2.470672106,0,1.319724521862705,1.2178391149999999,1.9675548953348336,2.0242860299055936,2.134164382234692,1.4147307995100005
Mol1266,2.619907912,0,1.319724521862705,1.2178391149999999,1.4229025111581726,2.087887145646254,1.5369842502997677,1.5112513201899997
Mol1267,2.419345987,2,1.324620266135323,1.20679887,1.4218238045459475,1.173164046899583,1.6668442847658946,1.5884163172299985
Mol1268,1.311160273,0,1.319724521862705,1.2178391149999999,1.908948939761267,2.0904085885541805,1.5998774099680744,1.2984693780100003
Mol1269,1.916343387,2,1.324620266135323,1.20679887,1.7741441910375184,1.4815449801583482,2.148808335483279,1.296558085940001
Mol1270,1.165184952,0,1.319724521862705,1.2178391149999999,1.4675715185506344,1.0629638816525973,1.644501779198671,1.2342121110200004
Mol1271,0.675686709,0,1.319724521862705,1.2178391149999999,1.4898734210491336,1.3357371269463014,1.399295183037513,1.2328591931400006
Mol1272,1.115876664,0,1.319724521862705,1.2178391149999999,1.244698223337907,1.0812546782381194,1.186188055669252,0.9788097813700004
Mol1273,0.958611658,4,1.3273690493413655,1.2098631439999998,1.5185554427703398,1.7386374081596296,1.5676880403179287,1.1793284497500003
Mol1274,1.955408712,2,1.324620266135323,1.20679887,1.7505927643273074,1.591271354240173,1.8847017599370348,1.1563120002200007
Mol1275,0.675686709,2,1.324620266135323,1.20679887,0.9611993475129947,0.31828181295689495,0.7346949296658913,0.9268289792100007
Mol1276,0.95927995,2,1.324620266135323,1.20679887,1.3900203845362502,0.9252763481706295,1.6661205211700674,1.1387220810700007
Mol1277,2.900555555,0,1.319724521862705,1.2178391149999999,1.4502574019420877,1.4107862556289903,1.7124904306379505,1.65141023599
Mol1278,1.667069858,4,1.3273690493413655,1.2098631439999998,1.3234816851722233,1.7059524812812783,1.309443755506757,1.5688116485599997
Mol1279,0.675686709,2,1.324620266135323,1.20679887,1.7144839953095776,1.6479909618317619,1.422342034458481,1.6429870832299998
Mol1280,1.575834185,4,1.3273690493413655,1.2098631439999998,1.0005911127452098,1.388162722384964,0.9674103931795883,1.4237954727100006
Mol1281,2.128396037,2,1.324620266135323,1.20679887,1.8155265785193624,1.6193698707481745,2.009240310949593,1.3729115965800012
Mol1282,2.031913164,2,1.324620266135323,1.20679887,1.3923141048347931,1.7439083892854055,1.414190325017678,1.5668826626600012
Mol1283,1.273834318,4,1.3273690493413655,1.2098631439999998,1.3491794916850783,1.6095872125033086,1.5616389501433507,1.4803052218299997
Mol1284,0.796851749,4,1.3273690493413655,1.2098631439999998,1.116347515287394,1.6227133196438321,0.8211415990963917,1.3470766846100009
Mol1285,2.27956657,2,1.324620266135323,1.20679887,1.5755100465926528,1.9817141987883933,1.650669254806719,1.5754211186099996
Mol1286,2.765215401,0,1.319724521862705,1.2178391149999999,1.6706357397006883,1.9761410043757188,1.5069784420567154,1.7446393644799993
Mol1287,0.688686724,0,1.319724521862705,1.2178391149999999,1.455505331224409,1.5772667327120187,1.5693687762280641,1.3149236837300002
Mol1288,1.579360525,1,1.3165635449464286,1.188576779,1.6683354037202602,0.7789898077236317,1.4430280068941885,1.3134549979700005
Mol1289,0.675686709,0,1.319724521862705,1.2178391149999999,1.226707670974058,1.102140590005047,0.9930827142916389,1.0857604508600014
Mol1290,0.675686709,2,1.324620266135323,1.20679887,1.376454189500709,1.4677258547636727,1.44562199675261,1.4383714613400005
Mol1291,0.675686709,4,1.3273690493413655,1.2098631439999998,1.2308810054550603,1.0877471055183165,1.3392922779710048,1.0919149772400008
Mol1292,1.301160264,1,1.3165635449464286,1.188576779,1.3886103528279534,1.4391994921531528,1.4722027656409304,1.1653531434800006
Mol1293,0.675686709,3,1.3119166433636362,1.194359769,1.4468650286528828,0.8361596014962036,1.5522718456380715,1.0043833716400001
Mol1294,1.651054993,1,1.3165635449464286,1.188576779,1.2129643286494427,1.512495322729206,1.130669014303895,1.3454231050300003
Mol1295,1.46265251,4,1.3273690493413655,1.2098631439999998,1.387339552619309,1.4178496730745365,1.2859357518258128,1.5009396739700003
Mol1296,0.710202015,3,1.3119166433636362,1.194359769,1.6004765617422256,1.7882739209957441,1.634225008198207,1.3202946556899997
Mol1297,0.675686709,0,1.319724521862705,1.2178391149999999,1.606114179020924,1.4789266752823007,1.5612086463207513,1.0029404071300005
Mol1298,0.964118143,3,1.3119166433636362,1.194359769,1.2142913560546902,1.277217418178855,1.2473915478992792,1.30395046376
Mol1299,1.978769224,4,1.3273690493413655,1.2098631439999998,1.399512459068723,1.4175649877169283,1.3466196998184872,1.42125254066
Mol1300,2.028611915,0,1.319724521862705,1.2178391149999999,1.2924428012860874,1.8061177488053453,1.3178313204593548,1.38487287501
Mol1301,2.313316625,1,1.3165635449464286,1.188576779,1.811323793004223,1.823739406785573,1.990682449943174,1.4640083405100008
Mol1302,1.375864714,0,1.319724521862705,1.2178391149999999,1.6417694529672637,1.4179379152875893,1.6007774324031931,1.5049588678000005
Mol1303,2.48007884,2,1.324620266135323,1.20679887,1.5773105737802888,1.4444230910193987,1.4539948153641848,1.7180095972999987
Mol1304,2.479295959,1,1.3165635449464286,1.188576779,1.4969632498946004,1.328987476506284,1.4693450320948398,1.35859017882
Mol1305,1.36398783,3,1.3119166433636362,1.194359769,1.1032854391044433,1.347714602785757,0.9880256042125982,1.2288556553300005
Mol1306,0.874249823,3,1.3119166433636362,1.194359769,1.0336102094347386,0.903514179684205,1.0661816058697382,1.242100639870001
Mol1307,1.34964657,1,1.3165635449464286,1.188576779,1.4155964369691074,1.7648831581417084,1.3791296530026986,1.124556871470001
Mol1308,2.390396318,3,1.3119166433636362,1.194359769,1.8565427894770747,1.0532476290679007,1.9104718300714232,1.5770599893799995
Mol1309,1.451939869,2,1.324620266135323,1.20679887,1.4646399288812748,1.915346321411586,1.684126240304506,1.3692486491100002
Mol1310,1.966118257,3,1.3119166433636362,1.194359769,1.4626800608179304,2.4436744584992387,1.4361845378172415,1.8584132129300002
Mol1311,2.368508161,4,1.3273690493413655,1.2098631439999998,1.694590785937085,1.5052272245334293,2.2116570930953654,1.0289669162100004
Mol1312,1.141857223,4,1.3273690493413655,1.2098631439999998,1.540151852158425,1.2878463914203349,1.6369442549796278,0.9944732675300003
Mol1313,0.675686709,0,1.319724521862705,1.2178391149999999,1.0029781308028778,1.2320012557687448,0.7729772144668646,1.2176250809500007
Mol1314,0.849235091,2,1.324620266135323,1.20679887,0.9496670768870553,0.8617540574556308,0.8557127650166239,1.0523471257400008
Mol1315,1.850480817,2,1.324620266135323,1.20679887,1.131218319101737,0.8855570812503737,1.5009785417731778,1.0860056858000007
Mol1316,2.104353935,3,1.3119166433636362,1.194359769,1.7408979465721262,1.6084224456519849,1.7455306848444943,1.37617551059
Mol1317,2.017467417,2,1.324620266135323,1.20679887,1.4735102429489624,1.2122187370052082,1.624045138272517,1.5163740106499999
Mol1318,0.675686709,1,1.3165635449464286,1.188576779,1.6873874711613117,1.1678335230448749,1.679538151644137,1.0422726501800006
Mol1319,0.675686709,2,1.324620266135323,1.20679887,1.1615320717943087,1.1290879044394098,0.9592561784944037,0.8674049854300004
Mol1320,0.891035415,2,1.324620266135323,1.20679887,2.0433361715363847,2.060105045118638,1.6837516561189514,1.4817496990200005
Mol1321,0.675686709,3,1.3119166433636362,1.194359769,1.2540189295953266,1.1281367395764155,1.09403413808308,1.2899430735800008
Mol1322,0.675686709,3,1.3119166433636362,1.194359769,0.9608497725704075,0.9008809936629179,0.7768838868657099,0.9457587728200002
Mol1323,2.595662633,0,1.319724521862705,1.2178391149999999,0.9628846484268236,0.9365454360116313,0.930289929719218,1.0919520938300005
Mol1324,0.675686709,1,1.3165635449464286,1.188576779,0.9916563000940388,0.8726208009355003,1.2436814341287534,1.2060118048500006
Mol1325,0.675686709,4,1.3273690493413655,1.2098631439999998,1.0350896195647386,1.3979013766872619,0.9967960458293362,1.49929393321
Mol1326,1.4954472,0,1.319724521862705,1.2178391149999999,1.6000465628077065,1.0408144906652874,1.622397417939973,1.148090739120001
Mol1327,0.675686709,1,1.3165635449464286,1.188576779,0.7973421320947357,1.4738067536838768,0.7298203776380519,1.3147866633900005
Mol1328,0.675686709,2,1.324620266135323,1.20679887,1.2266473104616995,0.8680991509662614,1.2660922925190115,0.8740192276800005
Mol1329,1.167524092,0,1.319724521862705,1.2178391149999999,1.3270873430980599,1.3281723401874372,1.243384608622445,1.2051335708900006
Mol1330,0.675686709,1,1.3165635449464286,1.188576779,1.4025931836958543,1.1645530133240274,1.4186723728954604,1.0459848602900008
Mol1331,1.337559088,2,1.324620266135323,1.20679887,1.4672944734868645,1.6432351923756825,1.5122398233091652,1.257420044020001
Mol1332,0.675686709,4,1.3273690493413655,1.2098631439999998,1.2637114424656408,2.007482544637112,1.0553695854293546,1.5693224770400005
Mol1333,2.421791423,3,1.3119166433636362,1.194359769,1.8562559436532209,2.131134350985896,1.9346468926820635,1.6454381940499987
Mol1334,1.599162287,1,1.3165635449464286,1.188576779,0.9015539893395543,1.072211910945406,0.86110147563774,1.0557968222000007
Mol1335,0.675686709,0,1.319724521862705,1.2178391149999999,0.7001855427572321,0.9628465366566907,0.9745013628530428,0.9534718764800009
Mol1336,2.067691896,3,1.3119166433636362,1.194359769,1.3731697793026514,1.901195839874446,1.5093741342338183,1.4971192476100013
Mol1337,0.675686709,3,1.3119166433636362,1.194359769,1.0817661330284392,0.2110982192209908,0.967924432539429,0.8330282540000006
Mol1338,1.453914321,2,1.324620266135323,1.20679887,1.115315062036047,1.0682350136654444,1.1560277072058307,1.180823064200001
Mol1339,0.675686709,3,1.3119166433636362,1.194359769,1.512219676542075,1.1106045538218252,1.3613093386998236,1.3355162167000003
Mol1340,0.675686709,1,1.3165635449464286,1.188576779,0.7537667919095816,1.0914932158891064,0.7374118446200167,1.092361815820001
Mol1341,0.675686709,0,1.319724521862705,1.2178391149999999,0.9358825713219469,0.8599264516923624,0.7876808846812989,1.2468975875000003
Mol1342,1.526261718,2,1.324620266135323,1.20679887,0.6749872500747596,1.5421485339286585,0.8702295191857208,1.237334232930001
Mol1343,1.861456745,0,1.319724521862705,1.2178391149999999,1.5098277442625232,1.6346820468406271,1.8828800047169576,1.549594979639999
Mol1344,2.426057211,4,1.3273690493413655,1.2098631439999998,2.168534725577352,2.2134192476857795,2.105700652643847,1.5224318067600005
Mol1345,0.866582677,2,1.324620266135323,1.20679887,0.9431341745955216,0.9335210476565122,1.0549625509434837,1.0110841674900002
Mol1346,1.950433012,4,1.3273690493413655,1.2098631439999998,1.5734029959485671,1.7273402327945968,2.190546276464918,1.846847860270001
Mol1347,2.983717827,3,1.3119166433636362,1.194359769,1.9499630133449335,2.1329931866100442,2.044978658954952,1.4734948112899997
Mol1348,1.620500418,4,1.3273690493413655,1.2098631439999998,1.383165155028186,1.0159655605051459,1.338598483150393,0.88017096317
Mol1349,0.675686709,1,1.3165635449464286,1.188576779,1.1966418093978375,1.558421163190022,2.0049094247939867,1.1802305907400004
Mol1350,2.878301145,2,1.324620266135323,1.20679887,1.6950500439019494,2.134127507601497,1.939510473750734,1.4261072418200005
Mol1351,0.675686709,0,1.319724521862705,1.2178391149999999,1.2361005871958817,0.9643567865740025,1.0024925651552095,0.9752010466000004
Mol1352,1.94849121,2,1.324620266135323,1.20679887,1.2462299681225353,0.6677775410292555,1.0914243490889495,1.1292931394900012
Mol1353,1.183298321,1,1.3165635449464286,1.188576779,1.2767415960220092,1.4921699595386817,1.200008462237647,1.42409132141
Mol1354,1.041984501,1,1.3165635449464286,1.188576779,1.306975655354524,1.1671985227399357,1.2593763159237228,1.35206007448
Mol1355,1.064570292,3,1.3119166433636362,1.194359769,1.521559125032434,1.611416210958235,1.6949657250469579,1.183257618430001
Mol1356,0.675686709,3,1.3119166433636362,1.194359769,1.1944599010410373,1.3875122286398294,1.1857024907472986,1.2646710957400016
Mol1357,1.956437379,1,1.3165635449464286,1.188576779,1.4738292319960518,1.4412603353190923,1.5592126518246774,1.179301441540001
Mol1358,1.429461577,4,1.3273690493413655,1.2098631439999998,1.4825207910081422,1.473238425578498,1.5532016680463323,1.5221607426400008
Mol1359,0.675686709,2,1.324620266135323,1.20679887,1.0194131995692959,1.2442645500985137,0.887474697186158,1.1916023327899998
Mol1360,1.426576319,0,1.319724521862705,1.2178391149999999,1.483509531091453,1.2877260821975591,1.3758477613726798,1.51946612684
Mol1361,1.792013268,0,1.319724521862705,1.2178391149999999,1.2208993596524842,1.2685075147851623,0.9083961660628802,1.2902294981200004
Mol1362,0.706973676,0,1.319724521862705,1.2178391149999999,0.770587949966556,0.7192943616442509,0.8758402350593897,1.2398462776600006
Mol1363,1.835956773,1,1.3165635449464286,1.188576779,1.1744073345885127,1.0760340841100946,1.552493710870487,0.7482894826099998
Mol1364,1.204092838,2,1.324620266135323,1.20679887,1.1691008549507358,1.4734803676704404,1.1024676748556077,1.2738950872800001
Mol1365,0.847202364,0,1.319724521862705,1.2178391149999999,1.3431104526885653,1.3074540893252775,1.3398911696980886,1.8102273010799999
Mol1366,1.733526273,1,1.3165635449464286,1.188576779,1.2656687782124982,2.0553259459501567,1.348351422783938,1.62069414427
Mol1367,1.332458659,3,1.3119166433636362,1.194359769,1.4812127215834283,1.0034937284399774,1.5660407608581164,1.0733937188100005
Mol1368,1.121231455,2,1.324620266135323,1.20679887,1.244019601177451,1.1877295908933476,1.4611604372595486,1.1216957015400006
Mol1369,0.675686709,3,1.3119166433636362,1.194359769,1.016546083837917,0.8493611326277181,0.7785565736973951,1.032998161090001
Mol1370,1.345059906,2,1.324620266135323,1.20679887,1.1929962459243832,1.240704527869079,1.3057255644467542,1.0724904684100012
Mol1371,1.063971007,1,1.3165635449464286,1.188576779,1.0824599084875564,1.0466180882061347,1.1352374184039264,0.7597545551999998
Mol1372,0.675686709,4,1.3273690493413655,1.2098631439999998,0.653881498689819,0.945925003643504,0.7443085965534192,1.0937531485400005
Mol1373,0.720985744,3,1.3119166433636362,1.194359769,0.9593801003049054,0.6953209933602293,0.7283945943160068,1.095427359
Mol1374,0.675686709,4,1.3273690493413655,1.2098631439999998,0.8713979254847728,0.4734689816124148,0.7609684834829761,0.8188209030099998
Mol1375,1.988487609,2,1.324620266135323,1.20679887,1.3567253193637776,1.9947478586230114,1.5636802526518765,1.6578712813999998
Mol1376,0.675686709,0,1.319724521862705,1.2178391149999999,1.0271592537178482,0.41616541979879784,0.8711817007838906,0.8699206793
Mol1377,0.941262909,1,1.3165635449464286,1.188576779,1.2835015867153463,1.2613887366665821,1.5185992449623955,1.1384956869000007
Mol1378,0.856003454,4,1.3273690493413655,1.2098631439999998,0.8390732294110055,0.8614028626236744,0.8127696075902467,0.89086223579
Mol1379,0.675686709,2,1.324620266135323,1.20679887,0.9761538921393592,1.336112208045242,0.9399128600581018,1.1869360278300003
Mol1380,0.675686709,3,1.3119166433636362,1.194359769,1.0944223254595336,0.9299058575599646,0.8853048094567195,1.258438443550001
Mol1381,0.675686709,0,1.319724521862705,1.2178391149999999,1.1807752143296106,0.9378161507588721,1.2147198642858572,0.969462381880001
Mol1382,0.965342836,0,1.319724521862705,1.2178391149999999,0.934096211233234,0.646070331575169,0.7926992305890244,0.9412917390300009
Mol1383,0.675686709,2,1.324620266135323,1.20679887,1.0081642910553998,0.8069916787567124,0.8619942906589181,0.9885043295500009
Mol1384,0.675686709,0,1.319724521862705,1.2178391149999999,1.3456623279690518,1.4173832742395507,1.339592197927918,0.9411591435600005
Mol1385,1.611500263,4,1.3273690493413655,1.2098631439999998,1.3301108000460546,1.4926508724165972,1.1233085017270448,1.7198175192200005
Mol1386,1.2999429,4,1.3273690493413655,1.2098631439999998,1.2437266187794307,1.985842102139245,1.2502709746271712,1.2166558920400006
Mol1387,2.357904369,0,1.319724521862705,1.2178391149999999,1.5166612259851264,1.2984432985552044,1.8028611264530234,1.2089266370800005
Mol1388,2.223900713,3,1.3119166433636362,1.194359769,1.6305112965866075,1.8765822661994116,1.5851327127102157,1.2538800353700001
Mol1389,1.190135521,2,1.324620266135323,1.20679887,1.0982431778925326,1.18818822095517,1.4734816877708143,1.4486571818299998
Mol1390,0.675686709,1,1.3165635449464286,1.188576779,0.9615131118099278,0.7045661798424645,1.0263488924029596,0.9333884221499997
Mol1391,2.288186604,4,1.3273690493413655,1.2098631439999998,1.2872632966555262,1.5236513077953877,0.9782015166606622,1.4115604972600004
Mol1392,0.675686709,1,1.3165635449464286,1.188576779,1.2430543470982973,1.6065793993326016,0.8793697061820006,1.4150660148700005
Mol1393,2.174678956,4,1.3273690493413655,1.2098631439999998,1.535960755490371,1.2298289359319952,1.785668195214366,1.2224633163300005
Mol1394,0.675686709,3,1.3119166433636362,1.194359769,1.2097869103984111,0.6279150247391879,1.3798119348718012,1.023025661120001
Mol1395,1.341474094,0,1.319724521862705,1.2178391149999999,1.5345896895080209,1.9760253519989888,1.8001687172627814,1.7508238030600005
Mol1396,1.746634199,4,1.3273690493413655,1.2098631439999998,1.1051907568481425,1.1809518443677547,1.0696284029373933,1.1092858875800002
Mol1397,0.675686709,0,1.319724521862705,1.2178391149999999,1.3839219659427033,1.2554071751242777,1.3487344037495645,1.1776320784800003
Mol1398,0.877486528,4,1.3273690493413655,1.2098631439999998,1.2846731849941386,1.2822045552454568,1.103785431096047,1.0132171304500006
Mol1399,0.675686709,0,1.319724521862705,1.2178391149999999,0.8142341621294537,0.6938625865384452,0.7367982342865302,1.30670868492
Mol1400,1.66738757,3,1.3119166433636362,1.194359769,1.715736615263075,1.1912703666975322,1.9394296392759023,1.260951100250001
Mol1401,1.985201858,4,1.3273690493413655,1.2098631439999998,1.5090351514260076,2.3453010014621687,1.514559869420917,1.2241398793600007
Mol1402,1.847270275,3,1.3119166433636362,1.194359769,1.3339386590639757,1.8047099497559373,1.4753210076206544,1.0719111022200003
Mol1403,1.007064656,1,1.3165635449464286,1.188576779,1.481398208101887,2.340686444063022,1.464072321815948,1.53023527328
Mol1404,2.341915049,2,1.324620266135323,1.20679887,1.642351742829547,1.5039794005985367,2.06350598599574,1.4966924545500004
Mol1405,0.675686709,1,1.3165635449464286,1.188576779,1.2434034387222428,1.105163121628477,0.9702776746474668,0.8093279716599998
Mol1406,0.675686709,2,1.324620266135323,1.20679887,0.833084528814242,0.43270420736288107,0.7382028786568487,0.8557215713700004
Mol1407,1.834516073,2,1.324620266135323,1.20679887,1.6081489881780988,1.9741551343542023,1.4875393992435655,1.6914101764999991
Mol1408,0.675686709,1,1.3165635449464286,1.188576779,1.242016264204262,1.3798615077461793,1.103318956469954,1.115025020450001
Mol1409,2.024419985,1,1.3165635449464286,1.188576779,1.5369469806313285,1.5782958267665514,1.5476883637251937,1.117648359880001
Mol1410,1.221153322,2,1.324620266135323,1.20679887,1.1652269776905153,0.656677718563352,1.0681140363745725,1.1854162586700003
Mol1411,1.454600977,1,1.3165635449464286,1.188576779,1.255934147719236,1.0883168845045892,1.1871942845567833,1.1535096715900002
Mol1412,1.108192805,3,1.3119166433636362,1.194359769,1.2433893208022564,1.6163139541729143,1.1602566485404204,1.27052231675
Mol1413,1.553118092,4,1.3273690493413655,1.2098631439999998,1.0615575779014286,1.5079246238152186,1.205763519643877,1.7175030290000002
Mol1414,1.964019075,1,1.3165635449464286,1.188576779,1.764718782631391,1.9591754996522712,1.9346089495731777,1.8187438037699994
Mol1415,2.48279929,4,1.3273690493413655,1.2098631439999998,1.51221696794298,0.7744709890255115,1.7885794123914038,0.8843306082700003
Mol1416,1.851252232,4,1.3273690493413655,1.2098631439999998,1.3676405963744975,1.4707977821931653,1.7494566807000458,1.4685032306300005
Mol1417,2.747507358,4,1.3273690493413655,1.2098631439999998,1.6622919000862018,1.8239393805771729,1.6246393340499634,1.7549985079000003
Mol1418,0.675686709,1,1.3165635449464286,1.188576779,0.8627298240713812,0.2611680638372722,0.8085963496038078,0.9919916161700002
Mol1419,1.870626263,4,1.3273690493413655,1.2098631439999998,1.4224546609317397,1.5424471852006039,1.7897168073659833,1.6135865789699997
Mol1420,1.915083102,0,1.319724521862705,1.2178391149999999,1.6373222462246366,1.6693954581226786,1.4523351326056888,1.3056041800300004
Mol1421,1.945350394,4,1.3273690493413655,1.2098631439999998,1.173010997882967,1.502366524478351,1.2034194627701598,1.2712182181600002
Mol1422,2.057434063,2,1.324620266135323,1.20679887,1.4152988115464251,1.3813356891097426,1.5230443506358744,1.39527896146
Mol1423,1.030721129,1,1.3165635449464286,1.188576779,1.1908530977306633,0.6402354783452451,0.9532739961346967,0.9819400000400006
Mol1424,0.675686709,3,1.3119166433636362,1.194359769,1.2111361899446638,1.547568689596701,1.249469596786408,1.1301097451400008
Mol1425,1.173696047,0,1.319724521862705,1.2178391149999999,1.5470344545034633,1.7090114459609804,1.504516593504104,1.6289325544000004
Mol1426,0.893428842,4,1.3273690493413655,1.2098631439999998,1.293233212716758,0.5878321941482991,1.1772812255700504,0.9093097354100003
Mol1427,2.711798796,1,1.3165635449464286,1.188576779,1.5512131095880584,2.1905729350267866,1.4286661964518632,1.2414101463400005
Mol1428,1.735023717,4,1.3273690493413655,1.2098631439999998,1.5689381659391644,2.3801513410142623,1.4891564020597574,1.6792787107400002
Mol1429,0.675686709,1,1.3165635449464286,1.188576779,1.4567303637694504,1.3632928245606446,1.4380033424097451,1.24919127946
Mol1430,1.890180609,3,1.3119166433636362,1.194359769,1.4985628489730165,1.7601472852650106,1.484560399146102,1.4023539910900005
Mol1431,1.9259718,4,1.3273690493413655,1.2098631439999998,1.3326630579923056,1.4647617462969866,1.4043544388503082,1.3680346522700009
Mol1432,2.10850752,3,1.3119166433636362,1.194359769,1.440591496402233,1.5049952913482598,1.507887501441785,1.2642370443300006
Mol1433,0.675686709,4,1.3273690493413655,1.2098631439999998,0.8778758457145319,0.9247924909661105,0.7540628025827736,0.8582130429000004
Mol1434,1.552510041,1,1.3165635449464286,1.188576779,1.4880526390830404,1.3630575927353399,1.5850319820701761,1.0594186491200002
Mol1435,1.377615831,3,1.3119166433636362,1.194359769,1.1962641526818716,0.9216068164496851,1.190706342155531,1.0030191624100002
Mol1436,0.675686709,1,1.3165635449464286,1.188576779,1.2527471532915782,1.5112887117369673,1.4595689788325887,1.4407298875299992
Mol1437,0.675686709,2,1.324620266135323,1.20679887,1.334724673786187,1.129919460220846,1.3686000284838837,1.018537411460001
Mol1438,1.945872163,4,1.3273690493413655,1.2098631439999998,1.1724645364507926,1.4529294153131609,1.2256837412832289,0.9304130498100001
Mol1439,1.430671559,0,1.319724521862705,1.2178391149999999,1.241694945661261,1.7144237744065736,1.4669352035812295,1.5125148881400006
Mol1440,1.212400703,2,1.324620266135323,1.20679887,1.4697264796332892,1.4671445084721602,1.412412912225009,1.2486963944799998
Mol1441,1.257318513,4,1.3273690493413655,1.2098631439999998,1.5813927078710817,1.6267472479545804,1.6721573208471503,1.3561582395100005
Mol1442,1.018034403,3,1.3119166433636362,1.194359769,1.3491336029464713,1.8817964121877964,1.3100886125673206,1.4498084480800002
Mol1443,0.675686709,2,1.324620266135323,1.20679887,1.5626509390991292,1.3815690138947532,1.499699868986658,1.0039362261500004
Mol1444,1.493234921,1,1.3165635449464286,1.188576779,1.3980043005244773,1.486920697704575,1.3210961108124244,1.2003991635900002
Mol1445,0.675686709,0,1.319724521862705,1.2178391149999999,1.2652671019727064,1.259261525741063,1.449022161314733,1.1353735639900011
Mol1446,1.269419538,0,1.319724521862705,1.2178391149999999,1.336140320444718,1.5520835145759135,1.1574862335102014,1.6380496638499997
Mol1447,0.675686709,3,1.3119166433636362,1.194359769,0.8874197612287988,0.8079691216000839,0.898960141965196,1.0624432842400007
Mol1448,1.692406235,2,1.324620266135323,1.20679887,1.8546061061841017,2.01233006332569,1.7830975848922923,1.7585050197299994
Mol1449,0.825361196,4,1.3273690493413655,1.2098631439999998,1.2253342741551152,1.696269388588845,0.991055017437906,0.9833848486600008
Mol1450,0.675686709,4,1.3273690493413655,1.2098631439999998,1.622419927008112,1.145954741498361,1.6057841340433816,1.1064498813400008
Mol1451,0.860697274,1,1.3165635449464286,1.188576779,1.1582273365839255,1.1420107397457,1.012721647083896,1.1512261224100009
Mol1452,0.895864351,2,1.324620266135323,1.20679887,1.613228857644485,1.6002675465962433,1.5261951486610514,1.4653888061700004
Mol1453,2.408097439,3,1.3119166433636362,1.194359769,1.5903396304484752,1.9150648967268455,1.8077454128867736,1.718271621890001
Mol1454,0.675686709,3,1.3119166433636362,1.194359769,1.1138350872282188,0.6466670656274396,0.8859209770047661,1.0676238187500002
Mol1455,0.964306782,4,1.3273690493413655,1.2098631439999998,1.5018087479760818,2.1367210851815184,1.5375806369629503,1.661414484369999
Mol1456,2.046417117,2,1.324620266135323,1.20679887,1.2859470235119606,1.4319185515621986,1.4441544056823812,1.239209326190001
Mol1457,1.936523795,2,1.324620266135323,1.20679887,1.3504630547923442,1.5824697059701944,1.3838833648708917,1.3355221953299994
Mol1458,0.675686709,0,1.319724521862705,1.2178391149999999,1.2924620514122995,1.3210180531205573,1.2157429292539421,1.197740692500001
Mol1459,1.09805504,4,1.3273690493413655,1.2098631439999998,1.2037858388914386,1.062792102418642,1.3593879558955413,0.9143188229900001
Mol1460,0.962132469,1,1.3165635449464286,1.188576779,1.818670595126566,1.1163460540830772,1.7433699334639579,1.0797570325800003
Mol1461,1.28316549,4,1.3273690493413655,1.2098631439999998,1.235574199306541,1.2660984811413099,1.1943777444929744,1.735444318079999
Mol1462,0.695569227,3,1.3119166433636362,1.194359769,2.0652093190548078,1.5368214537808447,1.6624938030820144,1.4118197950400004
Mol1463,1.165184952,2,1.324620266135323,1.20679887,1.8205496855825438,1.5736010577761916,2.1976009653332245,1.5143089214500003
Mol1464,1.924899264,0,1.319724521862705,1.2178391149999999,1.12859392063995,0.9813836578022903,1.3403686575511875,1.2687461862900002
Mol1465,0.675686709,3,1.3119166433636362,1.194359769,1.1842158054997955,0.9286404014306937,1.1646747363267913,1.0634490407600006
Mol1466,1.775464809,3,1.3119166433636362,1.194359769,1.6439873900373891,1.7088494272080779,1.7455173184223185,1.9671941544799985
Mol1467,2.968260608,0,1.319724521862705,1.2178391149999999,1.9490642215801546,2.172437860788653,1.874010301797388,1.6457400009600007
Mol1468,1.95800453,4,1.3273690493413655,1.2098631439999998,1.6122030064908066,2.0602039305266606,1.8399731055386195,1.4925268195800003
Mol1469,1.334534169,2,1.324620266135323,1.20679887,1.3247921089708787,1.2255448190289404,1.5445731486300263,1.1779472844000005
Mol1470,0.675686709,4,1.3273690493413655,1.2098631439999998,1.661856460106429,1.2900098518076017,2.024795256031537,0.8944669326600002
Mol1471,1.590016582,3,1.3119166433636362,1.194359769,1.4859593025720441,1.9733344867535418,1.4463930285360118,1.756957487440001
Mol1472,0.675686709,3,1.3119166433636362,1.194359769,1.099394301126506,1.1946414480764094,1.0181740521568872,1.4222162956400002
Mol1473,0.675686709,2,1.324620266135323,1.20679887,0.9400790292908784,0.6322758725979618,1.0058665912535305,1.039796816260001
Mol1474,1.794104471,2,1.324620266135323,1.20679887,1.3754070028099477,1.935215295118024,1.4459170279948328,1.2254320253300006
Mol1475,1.655032731,3,1.3119166433636362,1.194359769,1.5651433870674853,1.5975067893845036,1.6276679470440656,1.2673666256500016
Mol1476,0.675686709,0,1.319724521862705,1.2178391149999999,0.9144774796033031,1.1554235675574447,0.7978349339357317,0.8830408009500001
Mol1477,1.50370899,1,1.3165635449464286,1.188576779,2.0323239355671907,1.7712473473489476,2.3002623345206787,1.2244950922800009
Mol1478,0.675686709,4,1.3273690493413655,1.2098631439999998,1.0900145437579793,1.1470615633623051,0.795499159306775,1.2335443252700005
Mol1479,1.173739714,2,1.324620266135323,1.20679887,1.4136110181425525,1.3525435533185708,1.5213873612632207,1.0845813301700005
Mol1480,1.518105775,2,1.324620266135323,1.20679887,1.2699667973471183,1.6113627260730814,1.128865557813663,1.41510128745
Mol1481,0.767601068,2,1.324620266135323,1.20679887,1.044541416763591,1.4601953588292629,1.2159794702044449,1.225100697790001
Mol1482,1.005952287,1,1.3165635449464286,1.188576779,1.485849683105559,1.5719713769069328,1.262907735998029,1.1650277784900005
Mol1483,1.396948687,1,1.3165635449464286,1.188576779,1.394144931839389,1.1733519802018648,1.563100758006604,1.0430692905200005
Mol1484,0.675686709,4,1.3273690493413655,1.2098631439999998,0.8127375100771761,0.8572962876611452,0.7657707117116023,1.386044621940001
Mol1485,0.675686709,2,1.324620266135323,1.20679887,1.0342015962366982,0.969626029184176,0.78422491393892,1.1320606368000008
Mol1486,2.303548104,2,1.324620266135323,1.20679887,1.2150643359029625,1.4869537627695868,1.3670666413002774,1.2709177480300005
Mol1487,0.675686709,1,1.3165635449464286,1.188576779,1.0180482797020578,1.0206952463441485,1.0016416989565569,1.3238949573400003
Mol1488,1.122936373,2,1.324620266135323,1.20679887,1.7987852916284641,1.7255197135083273,2.0072959513788144,1.38485374996
Mol1489,0.675686709,1,1.3165635449464286,1.188576779,1.3125276219240753,1.4144583193259503,1.2088767342938076,1.50006522978
Mol1490,1.319647288,1,1.3165635449464286,1.188576779,1.3443212796353212,1.7401068871994787,1.2519212467225735,1.35690185303
Mol1491,0.675686709,1,1.3165635449464286,1.188576779,1.4069674183704488,1.4123873950199464,1.3063987462943272,1.2230004034700004
Mol1492,2.314783332,1,1.3165635449464286,1.188576779,1.3957428555844031,1.4200376638663004,1.3722831600784928,1.1013000578500005
Mol1493,1.120178938,1,1.3165635449464286,1.188576779,1.4578350166936735,1.6653300938109123,1.3297091850350369,1.3390224636400005
Mol1494,1.284543523,3,1.3119166433636362,1.194359769,1.1619199229582058,1.644938439034171,1.4687392716612795,1.5617877678399998
Mol1495,0.675686709,0,1.319724521862705,1.2178391149999999,2.148466527757664,1.3958413687963165,1.5149003032363577,1.3813097041800004
Mol1496,0.718335579,0,1.319724521862705,1.2178391149999999,1.0580566802059974,1.2359092733705652,1.1273900776218073,1.7188921169399995
Mol1497,1.388633969,1,1.3165635449464286,1.188576779,1.425800116623609,1.0616081232968184,1.4666580308216215,1.3119820761200005
Mol1498,1.532053339,0,1.319724521862705,1.2178391149999999,1.2098165566199883,1.7856135656605985,1.4502991899170907,1.2446251350400002
Mol1499,2.220850463,1,1.3165635449464286,1.188576779,1.5533070529167685,2.1792352688656984,1.4631112214462223,1.56448085216
Mol1500,0.845903839,4,1.3273690493413655,1.2098631439999998,1.0552670588114945,1.2571486855706864,1.1482462555695756,1.212595587800001
Mol1501,0.675686709,4,1.3273690493413655,1.2098631439999998,0.8939982397485766,0.29295736661448457,0.8018659006231271,0.8318587948100001
Mol1502,0.675686709,1,1.3165635449464286,1.188576779,1.1065825559832236,0.5270772261639323,0.9395172506964714,1.0001469838800012
Mol1503,1.13001195,4,1.3273690493413655,1.2098631439999998,1.3860565852923092,1.1385982083954183,1.1272694654877453,1.3284732781000006
Mol1504,1.883553558,4,1.3273690493413655,1.2098631439999998,1.841118440599538,1.4102015063822224,2.1956032738583113,1.403951706750001
Mol1505,2.831694486,4,1.3273690493413655,1.2098631439999998,2.1043265179161557,1.560442600267245,1.8907597856429226,1.3927288773500002
Mol1506,2.20751319,0,1.319724521862705,1.2178391149999999,1.7937895289234995,1.6478803987149133,1.9683321279952377,1.7932466286000002
Mol1507,1.176178109,0,1.319724521862705,1.2178391149999999,1.4302712487746,1.2170325473958903,1.724342511196182,1.3337120625600005
Mol1508,0.990027899,0,1.319724521862705,1.2178391149999999,1.2452583227542038,0.8966902263096246,1.2266001884296935,1.2090028792799998
Mol1509,0.675686709,0,1.319724521862705,1.2178391149999999,1.1911206786447779,1.0342019688564377,1.0346620783725684,1.0854483303400007
Mol1510,1.876950671,2,1.324620266135323,1.20679887,1.4126404378099302,1.7151123470978933,1.362832114894008,1.69891002781
Mol1511,0.675686709,0,1.319724521862705,1.2178391149999999,1.0711889738685434,1.1476984376161217,1.343190272643843,1.1323127840600002
Mol1512,1.826541257,0,1.319724521862705,1.2178391149999999,1.154491279111466,1.4079946382623318,1.6024280620726705,1.2564785637200013
Mol1513,0.675686709,0,1.319724521862705,1.2178391149999999,0.770587949966556,0.7171186109455321,0.8758402350593897,1.1393985501300008
Mol1514,1.152013,4,1.3273690493413655,1.2098631439999998,1.5277693789240736,1.2129242817283017,1.653099981954196,1.4346302257499999
Mol1515,1.269676358,4,1.3273690493413655,1.2098631439999998,1.3755642038205078,1.132383856047022,1.112872013269364,1.2688652035199999
Mol1516,0.675686709,0,1.319724521862705,1.2178391149999999,1.1924003664527811,1.4366558916917946,1.2166945461979857,0.9891762796900005
Mol1517,2.216862327,1,1.3165635449464286,1.188576779,1.6478954337834817,1.7710794149669438,1.594215198544554,1.5965281334999988
Mol1518,1.646717325,4,1.3273690493413655,1.2098631439999998,1.3592855472118144,0.612304890037164,1.5832001792461474,1.3977732966999994
Mol1519,1.53058386,3,1.3119166433636362,1.194359769,1.577271700809342,1.4809970984493552,1.6897409268557204,0.8917118308600002
Mol1520,0.675686709,2,1.324620266135323,1.20679887,0.7900462785369818,0.976365071194387,0.7936209104217542,1.1699213222800018
Mol1521,2.512513633,0,1.319724521862705,1.2178391149999999,1.5988417057256603,1.4287255952722444,1.8975288931379237,1.070481227770001
Mol1522,1.748823493,4,1.3273690493413655,1.2098631439999998,1.4255699212933906,1.0431563355212081,1.4658296051927644,1.4456145716700004
Mol1523,1.00548081,1,1.3165635449464286,1.188576779,1.0407408194276857,1.51421257539357,1.0001210561492173,1.2039296386700007
Mol1524,1.435939875,4,1.3273690493413655,1.2098631439999998,1.0100687424817043,0.7533029842190252,0.9852498270926631,1.0939613511500008
Mol1525,1.380102655,0,1.319724521862705,1.2178391149999999,1.4350989860146615,1.8470041276270357,1.5542490227370573,1.2870390665500009
Mol1526,1.264274615,4,1.3273690493413655,1.2098631439999998,1.5731953077113745,1.0090411564650457,1.5491998552247752,1.294522454230001
Mol1527,1.910592392,2,1.324620266135323,1.20679887,1.715616446547939,1.8918599737180526,1.5487095509146669,1.8602620263900003
Mol1528,0.675686709,0,1.319724521862705,1.2178391149999999,1.223453875511283,1.3868659127700678,1.198842249384766,1.2061841589000004
Mol1529,1.081563321,3,1.3119166433636362,1.194359769,1.2082179584518,1.2478517026978797,1.1481452176592086,1.2771542126700006
Mol1530,1.791360769,2,1.324620266135323,1.20679887,1.4617660878081598,1.4546672170517365,1.4099426704558642,1.07225459179
Mol1531,1.079868335,4,1.3273690493413655,1.2098631439999998,1.2720832625491396,1.3868984180270443,1.053433059346576,0.9389142997400001
Mol1532,2.338143609,4,1.3273690493413655,1.2098631439999998,1.8336856749735302,2.3554750713062287,2.068733307561459,1.8489001135200007
Mol1533,0.675686709,0,1.319724521862705,1.2178391149999999,0.8637861929432662,0.8473716480229888,1.0240472907167482,1.1680901142300009
Mol1534,0.893095666,0,1.319724521862705,1.2178391149999999,1.347148509845654,0.981247243210383,1.2533720114274438,1.2967204497200004
Mol1535,1.814560548,0,1.319724521862705,1.2178391149999999,1.7072295369364385,1.834226267388796,1.6370697208798592,1.5473953856000007
Mol1536,0.944482672,3,1.3119166433636362,1.194359769,0.9784472044071375,0.8112686346761581,0.8747830167616988,1.1157342519200018
Mol1537,0.675686709,0,1.319724521862705,1.2178391149999999,0.9089695078238487,0.922972392645699,0.9864982281562424,0.8986167664500003
Mol1538,1.091948191,3,1.3119166433636362,1.194359769,1.3393353517190978,1.006396661964766,1.6443759988495301,0.8311941006500001
Mol1539,0.675686709,4,1.3273690493413655,1.2098631439999998,1.1854087848056087,1.2780463480159872,1.279513595539138,1.4662801228500004
Mol1540,1.456487497,0,1.319724521862705,1.2178391149999999,1.497713692956803,1.6920450107914669,1.4327142047463266,1.6100056871399988
Mol1541,1.056981037,0,1.319724521862705,1.2178391149999999,1.3485794717837218,1.0942885775080926,1.2981068682750885,1.1724129320200007
Mol1542,1.440121603,2,1.324620266135323,1.20679887,1.1640091555272027,1.4875961492575982,0.9278301814140734,1.30908958017
Mol1543,2.047734236,0,1.319724521862705,1.2178391149999999,1.5532127001118745,1.5052595439090721,1.6011366082385967,1.50964227837
Mol1544,0.678154038,3,1.3119166433636362,1.194359769,1.4887465175305226,1.085595687538305,1.2065825175249312,1.299687435
Mol1545,1.639685661,1,1.3165635449464286,1.188576779,1.4282248141882827,1.426958702227572,1.6704860158202817,1.049714502270001
Mol1546,0.913548958,0,1.319724521862705,1.2178391149999999,1.5174467652589394,0.9411129419539717,1.5369530947405154,1.03870782753
Mol1547,1.554864538,3,1.3119166433636362,1.194359769,1.298398686617887,1.6145169893975102,1.4604228262979917,1.39041234659
Mol1548,0.675686709,3,1.3119166433636362,1.194359769,1.2034679595076458,0.5783748521344172,1.086317578427563,0.9782064427200007
Mol1549,1.687493289,3,1.3119166433636362,1.194359769,1.4789266601018827,1.283185820696748,1.3001818077306628,1.76719375888
Mol1550,1.775828814,3,1.3119166433636362,1.194359769,1.389505034710988,1.345719148283283,1.4181040153775524,1.2339818816900006
Mol1551,0.675686709,0,1.319724521862705,1.2178391149999999,0.7970265143231103,0.5755586434326337,0.9022757105908661,0.7294003206499993
Mol1552,0.675686709,0,1.319724521862705,1.2178391149999999,0.8493596563150769,0.4094282867679082,0.7574700888619248,1.194525365020001
Mol1553,0.675686709,0,1.319724521862705,1.2178391149999999,0.8533044283459559,0.6504234649715341,0.8574026624057274,1.202253658260001
Mol1554,2.077560479,3,1.3119166433636362,1.194359769,1.667274243389243,1.72432958280169,1.8297648345122592,1.6464685531900003
Mol1555,1.64229631,0,1.319724521862705,1.2178391149999999,1.3754844460519258,1.5191110247814734,1.3473946015082587,1.2666446219700007
Mol1556,1.195124423,3,1.3119166433636362,1.194359769,1.2290176112082252,1.199109534645376,1.2055657805368367,1.4050137027400007
Mol1557,1.420137355,2,1.324620266135323,1.20679887,1.1599237569114234,1.5443454905479652,1.2534860052885444,1.3512532359699998
Mol1558,2.085358376,4,1.3273690493413655,1.2098631439999998,1.5943867687763111,1.6752345298505884,1.6949334899202475,1.56465283588
Mol1559,1.255730685,0,1.319724521862705,1.2178391149999999,1.3760924380401045,1.45588112186768,1.4703715607836052,1.3074225419700007
Mol1560,1.893900404,3,1.3119166433636362,1.194359769,1.7508125486432664,1.7140217250417646,1.5794612581988576,1.4750203640200008
Mol1561,1.151001908,0,1.319724521862705,1.2178391149999999,1.47725275474742,1.6993752818742993,1.523715365183269,1.50528410806
Mol1562,0.675686709,0,1.319724521862705,1.2178391149999999,0.8946320874331513,0.848954121264341,0.8239980457903731,0.8223005247899998
Mol1563,1.05514889,0,1.319724521862705,1.2178391149999999,1.4264270824505625,0.9999214566634278,1.4747406196581676,0.8485306004999997
Mol1564,1.018284308,4,1.3273690493413655,1.2098631439999998,1.3620973651230872,1.4294303205684327,1.2453260840125828,1.1181044703900007
Mol1565,1.731274412,4,1.3273690493413655,1.2098631439999998,1.1147117847116519,0.7563268045756393,1.0735415783310203,0.8983868145500002
Mol1566,1.403566603,0,1.319724521862705,1.2178391149999999,1.4176256307325226,1.0442136620613913,1.531383593712853,1.2219260239100012
Mol1567,2.092134408,0,1.319724521862705,1.2178391149999999,1.3822055685626065,1.120429888086103,1.2330378257891537,1.2272649760000005
Mol1568,2.666785588,0,1.319724521862705,1.2178391149999999,1.5861652121685657,2.1797999707743623,1.8133536740198732,1.2060422728500009
Mol1569,1.315823458,2,1.324620266135323,1.20679887,1.6459531898082815,1.68428938638675,1.6845431234685526,1.1465341888000002
Mol1570,1.619166403,0,1.319724521862705,1.2178391149999999,1.5291059544170165,0.8862052554834431,1.481295188016852,1.0348912326900004
Mol1571,2.845170003,3,1.3119166433636362,1.194359769,1.995049474253242,1.657965077080417,1.953263310218367,1.2652861803300008
Mol1572,0.675686709,2,1.324620266135323,1.20679887,1.556853113743624,0.9742211396615825,1.3133835229930182,1.0587698936700007
Mol1573,1.10561236,0,1.319724521862705,1.2178391149999999,1.3440140339555806,1.6323265606061095,1.2289305782438393,1.411137368359999
Mol1574,1.986883651,0,1.319724521862705,1.2178391149999999,1.5595236474072824,1.4323828386049555,1.583221282222195,1.0506948324900005
Mol1575,0.675686709,3,1.3119166433636362,1.194359769,1.0967532321060087,1.099445395025844,0.9005632792050281,1.1142690170300011
Mol1576,0.675686709,2,1.324620266135323,1.20679887,1.1884343669550155,0.41058836607844285,1.3645522575514852,0.9113358970000002
Mol1577,0.675686709,1,1.3165635449464286,1.188576779,1.1158844816252873,1.5849864735225232,0.8706021346445454,1.109829541100001
Mol1578,0.92251786,2,1.324620266135323,1.20679887,1.097883216749561,1.2833869789820072,1.0927816866369136,1.1477934851600005
Mol1579,1.832221417,3,1.3119166433636362,1.194359769,1.4373744206648735,1.699261505051023,1.6242078168631744,1.4450540148100004
Mol1580,0.675686709,0,1.319724521862705,1.2178391149999999,1.5880407469236633,1.2075587687712341,1.3875591449434055,1.199835020010001
Mol1581,0.675686709,1,1.3165635449464286,1.188576779,0.9821938082825747,1.4684028815303174,1.2992937262877586,1.15337957277
Mol1582,0.675686709,1,1.3165635449464286,1.188576779,0.8845999085720333,0.721027042258535,0.7940166276314415,0.9171490039400004
Mol1583,2.532381056,1,1.3165635449464286,1.188576779,1.712506876432461,1.8557836836667971,1.791516976207993,1.2800704279500001
Mol1584,1.724922732,3,1.3119166433636362,1.194359769,1.4074972699519661,1.8446829245003415,1.4444254890856074,1.7423280677300008
Mol1585,1.469100046,4,1.3273690493413655,1.2098631439999998,1.295182187373103,1.377513256244903,1.224397899079316,1.2795994734200007
Mol1586,0.675686709,1,1.3165635449464286,1.188576779,0.9498909276475356,1.7946332521676833,0.7887947853170212,1.5044531145900002
Mol1587,1.145755624,0,1.319724521862705,1.2178391149999999,0.8120022755605162,0.703051943013349,0.9583243731905724,0.9700861046600009
Mol1588,1.148787684,3,1.3119166433636362,1.194359769,1.219415422657992,1.1565401265149786,1.3349333513864992,1.0024206339499997
Mol1589,1.122903649,1,1.3165635449464286,1.188576779,1.396987561921717,1.533717755823612,1.5818051079680588,1.448014550959999
Mol1590,2.008306285,0,1.319724521862705,1.2178391149999999,0.8550153349482532,1.7757810907237694,1.1100837964160355,1.2282576067400008
Mol1591,1.25224605,1,1.3165635449464286,1.188576779,1.426146957309625,1.797658259296509,1.595649181526434,1.3245037543300002
Mol1592,0.675686709,2,1.324620266135323,1.20679887,1.3869984960676949,0.3161082229203862,1.4950458724080145,0.9046673050200009
Mol1593,0.675686709,2,1.324620266135323,1.20679887,1.1103049847109787,0.6912521121937454,0.9104373911448945,0.8795372060299997
Mol1594,1.084540532,2,1.324620266135323,1.20679887,0.8096152034989726,1.3303133814506976,0.7532112439712906,1.3000467982000006
Mol1595,1.056447458,3,1.3119166433636362,1.194359769,1.5101410150323993,1.7954350370988374,1.5929146149454627,1.3183125977700008
Mol1596,0.675686709,2,1.324620266135323,1.20679887,1.1121893858656635,1.231993969242374,0.9823167292640891,1.3108685456900004
Mol1597,1.176264942,4,1.3273690493413655,1.2098631439999998,1.471985812166742,1.2023508181543496,1.6364481264416186,1.0871168482600007
Mol1598,1.52170021,0,1.319724521862705,1.2178391149999999,1.3171960738524906,2.1003013060261697,1.3851474947499143,1.5777767719599998
Mol1599,1.105135338,3,1.3119166433636362,1.194359769,1.1467862397218955,1.643279279930006,0.9912220723726629,1.1982070731800012
Mol1600,1.125416198,4,1.3273690493413655,1.2098631439999998,1.2539206625623427,1.3868386002958848,1.3158571610591137,0.8661981773500007
Mol1601,1.700894004,4,1.3273690493413655,1.2098631439999998,1.4319618024253324,1.5219960098128071,1.7052388588611254,1.4282136602999995
Mol1602,1.545059585,2,1.324620266135323,1.20679887,1.672987514739125,1.6452761297709935,1.817076215916529,1.6570197120500005
Mol1603,2.728081755,0,1.319724521862705,1.2178391149999999,1.5920363581376216,1.764634741379882,1.5819724215473192,1.2445814253799998
Mol1604,1.477237051,1,1.3165635449464286,1.188576779,1.417037918521303,1.3343800296421802,1.4596221207616673,1.2879390177700003
Mol1605,1.409611931,3,1.3119166433636362,1.194359769,0.8611219681712361,1.0133145986470273,0.7236945985664307,0.8919717754700001
Mol1606,0.675686709,1,1.3165635449464286,1.188576779,1.3167051726825678,1.0610058039362107,1.5313570666504097,1.43432982598
Mol1607,2.892379028,0,1.319724521862705,1.2178391149999999,1.8579812812888505,1.707166313557564,2.1140926343139066,1.5247196568199999
Mol1608,0.675686709,3,1.3119166433636362,1.194359769,1.1455429157590735,1.0642033375780025,1.1655692948372716,0.9575749211100006
Mol1609,0.675686709,1,1.3165635449464286,1.188576779,1.181707487195684,1.529897414269739,1.231802287001927,1.0197576076000003
Mol1610,0.970579306,0,1.319724521862705,1.2178391149999999,1.3483890560730856,1.4838960697787098,1.1681099935705863,1.6645032707800005
Mol1611,0.675686709,4,1.3273690493413655,1.2098631439999998,1.0336409700721911,0.852498227543518,0.7646600897595932,1.082236159060001
Mol1612,0.675686709,4,1.3273690493413655,1.2098631439999998,1.115574254778785,1.023260025170551,1.02889459724416,1.0814356073400002
Mol1613,2.258919698,1,1.3165635449464286,1.188576779,1.5496236286440266,1.5982630169929788,1.49016700725106,1.3781743671700004
Mol1614,2.356002898,3,1.3119166433636362,1.194359769,1.88865374464272,1.657451187375504,2.056930814378718,1.3249408649300005
Mol1615,0.675686709,0,1.319724521862705,1.2178391149999999,0.9420142608471509,1.2572630347083655,0.7939705667479164,0.9507218863200003
Mol1616,0.838786145,1,1.3165635449464286,1.188576779,1.6346958136094478,1.5260765664498535,1.8774407083490288,1.3413168174799994
Mol1617,1.235149536,4,1.3273690493413655,1.2098631439999998,1.5196852009478943,1.461298422871676,1.5180663772904393,1.225023857840001
Mol1618,2.243283666,4,1.3273690493413655,1.2098631439999998,1.8915702542139128,1.9098716506070215,1.9117980014274614,1.8758323715399998
Mol1619,1.837158981,2,1.324620266135323,1.20679887,1.561474793749788,1.2198755439073763,1.6221524696862832,1.2896597784500006
Mol1620,0.675686709,4,1.3273690493413655,1.2098631439999998,1.1742455086721482,1.7301270095201893,1.0243965229142178,1.6950331879099994
Mol1621,2.17858274,0,1.319724521862705,1.2178391149999999,1.6901748079662644,2.3033356281751813,1.7396230354686777,1.5705233184
Mol1624,0.675686709,3,1.3119166433636362,1.194359769,0.9169432452525728,1.0759615258256288,0.956964018798602,1.1346715741200004
Mol1625,1.224351745,0,1.319724521862705,1.2178391149999999,1.5179066346148045,1.480637250947481,1.6800058869158065,1.5970881032800006
Mol1626,0.675686709,0,1.319724521862705,1.2178391149999999,1.176275560127891,1.2071106004729135,0.8883968818253252,1.3091090395900005
Mol1627,2.197440459,2,1.324620266135323,1.20679887,0.8888849662984681,0.12764784469345514,0.9664751357491042,1.4492598173600004
Mol1628,0.71858472,0,1.319724521862705,1.2178391149999999,1.5508382917088321,1.1265539446751256,1.536027407381958,1.2744308780700009
Mol1629,1.99830294,0,1.319724521862705,1.2178391149999999,1.275769599597198,1.772803534760873,1.3415105348825895,1.5104029230000002
Mol1630,2.005386453,0,1.319724521862705,1.2178391149999999,1.528599017357289,1.3620862889040315,1.9716555252298398,1.166082635980001
Mol1631,2.255783707,1,1.3165635449464286,1.188576779,1.4107737557443827,1.9852650527613438,1.4889611903495876,1.8458070029400002
Mol1632,0.675686709,0,1.319724521862705,1.2178391149999999,0.6643621878525409,0.8634363678317214,0.7635821734676231,0.7936126980600001
Mol1633,1.550680762,4,1.3273690493413655,1.2098631439999998,0.49256529690767337,0.3046432144023804,1.2841519284563299,0.9549862568700002
Mol1634,0.675686709,3,1.3119166433636362,1.194359769,0.48930631293709426,-0.001185825817931252,0.8986697184690601,0.8391855689500001
Mol1635,0.951386095,2,1.324620266135323,1.20679887,1.3635491752501046,1.5139828797520185,1.2771721358623802,1.34816972904
Mol1636,0.675686709,4,1.3273690493413655,1.2098631439999998,1.1892418118755486,0.876429462273523,1.3197616174667266,1.1707921010800009
Mol1637,1.4925369,4,1.3273690493413655,1.2098631439999998,2.590584767849509,1.5745848955490211,2.481420671370217,1.3209631889800009
Mol1638,1.444934344,2,1.324620266135323,1.20679887,1.4880455107356316,1.8645386423494617,1.9922563939968507,1.6191642270800009
Mol1639,1.759176625,2,1.324620266135323,1.20679887,1.6562013350478375,0.8844732567315949,1.5540007973512717,1.3308772834600004
Mol1640,0.675686709,0,1.319724521862705,1.2178391149999999,0.9510864164892885,0.8751150748942765,0.7996343378094487,1.12084103045
Mol1641,1.466897264,1,1.3165635449464286,1.188576779,1.537150079174241,1.3309649453720152,1.465146966998666,1.2140082348900012
Mol1642,1.863310961,0,1.319724521862705,1.2178391149999999,1.1413758854245244,1.8229474153453196,1.190278342131921,1.5296907296300004
Mol1643,2.021338175,3,1.3119166433636362,1.194359769,1.2613656720572473,1.347393747817049,1.2063236471621954,1.2722971660500009
Mol1644,1.966113561,1,1.3165635449464286,1.188576779,1.7493814826365774,0.7029497163817064,1.5732161491366705,1.34934490173
Mol1645,0.675686709,1,1.3165635449464286,1.188576779,0.7231582998787456,0.2462227069530294,0.721536224986544,0.7422377469099996
Mol1646,1.364794807,2,1.324620266135323,1.20679887,1.8529837776510303,0.48804609561780266,1.8364977798113271,1.2020486322900004
Mol1647,0.798097932,0,1.319724521862705,1.2178391149999999,0.8694198450615391,0.8061607124422976,0.7305872564330442,1.1249798113700018
Mol1648,1.838042695,1,1.3165635449464286,1.188576779,1.4411556996816772,1.0597187702055335,1.5506822186944733,1.5303724900899993
Mol1649,1.420764137,4,1.3273690493413655,1.2098631439999998,0.8679047064551277,1.2282362915976937,0.8674452726987405,1.2722617532700005
Mol1650,0.754424789,1,1.3165635449464286,1.188576779,1.7251508032849519,1.6202718569537722,1.4169361364894086,1.3988027546199993
Mol1651,1.81624793,1,1.3165635449464286,1.188576779,1.0548195445185906,1.0540661361194479,0.7426773006633459,0.9480732061900004
Mol1652,1.137164145,2,1.324620266135323,1.20679887,1.369131545535399,1.0953608343757701,1.453946328626586,1.2726667346400007
Mol1653,1.730354228,0,1.319724521862705,1.2178391149999999,1.6390623880189183,2.2021734001159947,1.577488076050939,1.5826962533100004
Mol1654,1.482401889,2,1.324620266135323,1.20679887,1.3434420217523473,1.1632492419028462,1.2872832613338354,1.0326618204200004
Mol1655,0.675686709,2,1.324620266135323,1.20679887,0.7605242644629663,0.7071936040241874,0.834104125078703,0.85933022082
Mol1656,0.675686709,1,1.3165635449464286,1.188576779,1.4536559682511874,1.2306308849714684,1.5482882462174206,1.3695853935499998
Mol1657,1.395134107,0,1.319724521862705,1.2178391149999999,2.0696576051852906,1.5669339417149555,1.5584978558710016,1.5444518586600007
Mol1658,1.637629802,1,1.3165635449464286,1.188576779,1.5902796380717121,1.968973998948051,1.750425529038246,1.4744439793200004
Mol1659,1.945399644,1,1.3165635449464286,1.188576779,1.241894403916058,1.5254902379919804,1.5103015262958335,1.4593537893399997
Mol1660,2.102776615,3,1.3119166433636362,1.194359769,1.3668628815047938,1.7048189840199868,1.354752337972881,1.1854677436100005
Mol1661,2.293786696,3,1.3119166433636362,1.194359769,1.0925823937863295,1.4422439610267865,1.0433190187745858,1.288504142060001
Mol1662,1.975017998,1,1.3165635449464286,1.188576779,1.2795165915667408,1.7224352794464308,1.353287416801968,1.4179949675100005
Mol1663,0.979548375,0,1.319724521862705,1.2178391149999999,1.6111278162698726,1.1953564225359816,1.4473574150331117,1.2176587533400005
Mol1664,0.675686709,1,1.3165635449464286,1.188576779,1.007019058025368,0.19397080774980957,0.9795960757440118,0.9699723731200004
Mol1665,1.3238294,3,1.3119166433636362,1.194359769,1.0461560765159872,1.3009156770279193,1.0039649961729546,1.3226332129900005
Mol1666,1.667537002,0,1.319724521862705,1.2178391149999999,1.2295084302596786,1.1547981346663965,1.2464204133009873,1.2827478498200002
Mol1667,1.935713784,0,1.319724521862705,1.2178391149999999,1.4542446819522432,1.8295720472077144,1.5669847573957665,1.936104188159999
Mol1668,0.978134847,4,1.3273690493413655,1.2098631439999998,0.7727596953650052,0.5354834911929818,0.7967957093806407,1.0630503005000003
Mol1669,2.272252482,4,1.3273690493413655,1.2098631439999998,1.09529280896161,1.079997134889177,1.080882086999333,1.0393840951700009
Mol1670,1.911674192,1,1.3165635449464286,1.188576779,1.4471945560266826,1.8969009567546395,1.5470818421401467,1.4134963566599996
Mol1671,1.636888907,2,1.324620266135323,1.20679887,1.3437971972335747,0.9515248810584623,1.367368493049632,1.3235095920799997
Mol1672,1.441396603,0,1.319724521862705,1.2178391149999999,1.3204397052936871,1.4285467311640008,1.495533998123347,1.07708942355
Mol1673,2.115007739,4,1.3273690493413655,1.2098631439999998,1.3630890882561977,1.2544832213739052,1.5281662191603789,1.234780940360001
Mol1674,1.530212509,3,1.3119166433636362,1.194359769,1.3622537868603926,1.2180087932704322,1.1513722120400185,1.0763697068900002
Mol1675,1.201397124,2,1.324620266135323,1.20679887,1.2001541557691489,1.5667250808274873,1.1817235236339392,1.1172227913800006
Mol1676,0.675686709,1,1.3165635449464286,1.188576779,1.359746712191994,1.2143867898505338,1.3996493543979498,0.9577845511100008
Mol1677,1.283640389,2,1.324620266135323,1.20679887,1.1513352688252358,0.8698408304684131,0.8356893568829851,1.1371595208500007
Mol1678,1.75665132,0,1.319724521862705,1.2178391149999999,1.6856559514040854,1.5163393836347763,1.7032941452919343,1.54479077358
Mol1679,0.675686709,0,1.319724521862705,1.2178391149999999,0.9892535618385448,0.6601382600949638,0.9533336322695009,1.5964177055999997
Mol1680,2.540827314,1,1.3165635449464286,1.188576779,1.837181069912822,1.3445786662275365,1.9125943467855455,1.3641252266500006
Mol1681,2.062852629,1,1.3165635449464286,1.188576779,1.555394178996723,1.6273883336120538,1.7615315211332336,1.49405689782
Mol1682,0.675686709,4,1.3273690493413655,1.2098631439999998,0.8134654516628048,0.5002189858675057,0.8436437974824754,0.9548441197400005
Mol1683,0.675686709,2,1.324620266135323,1.20679887,1.2626843857442511,0.8395869218544518,1.2371059787781162,1.1799591753300005
Mol1684,1.087035665,3,1.3119166433636362,1.194359769,1.420297157354241,1.3597777090062937,1.5430692027546662,1.3479469672100004
Mol1685,2.093306091,0,1.319724521862705,1.2178391149999999,1.5866970841184505,1.867468516540474,1.701230957971513,1.3542881103000002
Mol1686,2.118400319,4,1.3273690493413655,1.2098631439999998,1.8048953834130965,2.0593879328515614,1.8382712889529196,1.285375662350001
Mol1687,2.088564854,0,1.319724521862705,1.2178391149999999,1.3050389128265496,1.2164496431148049,1.1897987323940338,1.0780325901400012
Mol1688,0.675686709,4,1.3273690493413655,1.2098631439999998,0.7241444319834459,0.5494749300678974,0.8348032242409379,1.322533923000001
Mol1689,0.675686709,0,1.319724521862705,1.2178391149999999,1.131182969206903,1.5132322406187477,0.9865115360025196,1.1420136812100008
Mol1690,1.616559529,0,1.319724521862705,1.2178391149999999,1.6824593652994662,1.6666766329300093,1.9770991813723797,1.57724013557
Mol1691,0.675686709,1,1.3165635449464286,1.188576779,1.0972064037885203,0.9199250744281724,1.3619905351906845,0.8312043842899999
Mol1692,0.675686709,0,1.319724521862705,1.2178391149999999,1.081807314879055,1.1853734225924446,0.9604906220494246,1.3146113888299995
Mol1693,1.467193589,1,1.3165635449464286,1.188576779,1.3183348322032558,1.204045276289416,1.3725624160045549,1.143152851720001
Mol1694,0.675686709,3,1.3119166433636362,1.194359769,1.1448111564980024,1.1975111671309753,1.0491928525963707,1.13768847853
Mol1695,0.675686709,0,1.319724521862705,1.2178391149999999,0.8554123770386612,0.8046393077352989,0.7592941379428443,0.9472918533800002
Mol1696,2.045835222,0,1.319724521862705,1.2178391149999999,1.4843618268850998,1.4997708895474209,1.766919411221977,1.2191684702300005
Mol1697,1.910981724,1,1.3165635449464286,1.188576779,1.79786878226292,1.689586468538482,1.807187413071895,1.2117576437200004
Mol1698,0.675686709,0,1.319724521862705,1.2178391149999999,1.0606765965545348,0.850189921681063,0.9826001011673301,0.8119537364300002
Mol1699,0.675686709,4,1.3273690493413655,1.2098631439999998,0.9764235131477446,0.5363062981192044,0.8275042486496256,1.1957969856900001
Mol1700,1.609871757,0,1.319724521862705,1.2178391149999999,1.3577738663766525,1.1695598437831045,1.339166761951627,1.2999874008500008
Mol1701,0.675686709,0,1.319724521862705,1.2178391149999999,0.9478796449310267,0.8842171454625222,0.7701576345668102,1.05513477556
Mol1702,1.899962691,2,1.324620266135323,1.20679887,1.3200496117956295,1.4021591894200647,1.3154658233677723,1.0581367003300008
Mol1703,0.675686709,0,1.319724521862705,1.2178391149999999,1.130778045336347,1.0400052330586294,0.9616044623048781,1.2808645186400003
Mol1704,0.675686709,3,1.3119166433636362,1.194359769,1.1115949106369876,1.3586077127038592,0.8822289016110113,1.2048676084800003
Mol1705,1.543943942,0,1.319724521862705,1.2178391149999999,1.3823733730774483,2.1463073302282787,1.4774388557420712,1.4272741574200005
Mol1706,1.834535144,1,1.3165635449464286,1.188576779,1.3271457109414808,2.0426346160876983,1.4757642876705406,1.1255141787100007
Mol1707,0.675686709,0,1.319724521862705,1.2178391149999999,1.1145047752685429,1.8760331811078133,0.8550679361400936,1.30419930715
Mol1708,0.675686709,1,1.3165635449464286,1.188576779,1.2194542037267606,1.2561211047560794,0.8931008986981798,1.1031320943100005
Mol1709,0.675686709,3,1.3119166433636362,1.194359769,0.8266291497474001,0.49221700747264957,0.8662816829182282,0.8333061905300001
Mol1710,1.375590463,2,1.324620266135323,1.20679887,1.318986705744522,1.1168448720246107,1.1375919591248091,1.0293792416100005
Mol1711,2.547455942,2,1.324620266135323,1.20679887,1.8045666868122656,2.4899476611337805,1.7348713644008649,1.7877615695400002
Mol1712,0.675686709,1,1.3165635449464286,1.188576779,0.8769854082776679,0.6731211582303065,0.7437150246394897,1.1946175890400008
Mol1713,0.675686709,4,1.3273690493413655,1.2098631439999998,0.9783169968276832,0.797103552869233,0.9751485944129743,0.9728529254100003
Mol1714,0.675686709,2,1.324620266135323,1.20679887,1.1459954399109409,1.6391799251221892,1.1247290876268579,1.6093478133299999
Mol1715,0.675686709,0,1.319724521862705,1.2178391149999999,1.574278547518879,1.049134311621112,1.3237460077198597,1.2076772698000002
Mol1716,0.675686709,3,1.3119166433636362,1.194359769,1.3046577741970968,1.0014173669357531,1.3486268347002937,1.1425429506600007
Mol1717,1.152746864,4,1.3273690493413655,1.2098631439999998,1.5485726578443868,1.502044962041931,1.259362913545413,1.38833914907
Mol1718,2.238856198,4,1.3273690493413655,1.2098631439999998,1.3367069149613526,1.634335101604671,1.5829221190703007,1.51117409541
Mol1719,1.820700513,1,1.3165635449464286,1.188576779,1.6204114762991717,2.0022948375584284,1.361530080101565,1.4940317548200006
Mol1720,1.389041983,2,1.324620266135323,1.20679887,1.4667121990171565,1.2002608815674385,1.795770541552311,1.6654230114799993
Mol1721,1.396757118,2,1.324620266135323,1.20679887,1.0406461153354656,1.0612113221055164,1.2519423757190038,0.9607369896500004
Mol1722,0.675686709,4,1.3273690493413655,1.2098631439999998,2.282749969649791,1.4256350114251182,1.610054566657549,1.3559377571800002
Mol1723,1.997189728,4,1.3273690493413655,1.2098631439999998,1.4770670871005844,1.4171810241073666,1.9026047462780002,1.39984356123
Mol1724,0.675686709,2,1.324620266135323,1.20679887,0.5510688100716339,1.0239265287066166,0.738150132056792,0.9943095675000003
Mol1725,0.675686709,1,1.3165635449464286,1.188576779,0.7794598946904207,0.4674221607105144,0.7843063605443725,0.7476522994799996
Mol1726,0.675686709,0,1.319724521862705,1.2178391149999999,0.8569068462798458,0.1822804601844592,0.976338703107985,0.9592631632600006
Mol1727,2.884894442,3,1.3119166433636362,1.194359769,1.9860651699165162,2.110470536007724,2.6508510829940493,1.88199836648
Mol1728,2.26828538,2,1.324620266135323,1.20679887,1.4910772278926472,1.8344464601474724,1.7348871184600247,1.3658185498400008
Mol1729,1.94826622,2,1.324620266135323,1.20679887,1.3814407778620148,1.2442724781722612,1.2231880274104734,1.4107229715
Mol1730,0.915241497,0,1.319724521862705,1.2178391149999999,0.9911123737970439,1.1665664585396227,1.0745751690027754,1.1618967315000002
Mol1731,1.738312727,1,1.3165635449464286,1.188576779,1.0078077338113984,1.080688492567719,0.8865081894256781,0.9816710787100006
Mol1732,1.558852512,0,1.319724521862705,1.2178391149999999,1.5656706467513035,2.0568639798848745,1.591859627650991,1.4927181686900004
Mol1733,0.675686709,4,1.3273690493413655,1.2098631439999998,1.4299449137474836,1.2039129527389767,1.2686151739928635,1.0313389239700002
Mol1734,0.790144365,0,1.319724521862705,1.2178391149999999,1.0164543156757362,0.5224226478505499,0.9663097550938251,1.1810370123100011
Mol1735,0.675686709,4,1.3273690493413655,1.2098631439999998,0.980894126582804,1.2068476378251591,1.2685779914179347,0.9796115106600003
Mol1736,1.281056105,3,1.3119166433636362,1.194359769,1.9192108135420092,1.8630966007654308,2.0448124106842926,1.60552464145
Mol1737,2.263505879,3,1.3119166433636362,1.194359769,1.3169748871304645,1.345030264183653,1.220806355455328,1.0393929240400006
Mol1738,0.693287157,2,1.324620266135323,1.20679887,1.320481027554611,1.5249653850925953,1.3882901027314543,1.743901386290001
Mol1739,1.889144768,2,1.324620266135323,1.20679887,1.6950229097391425,1.7538004804533724,1.804802070781645,1.3736166311300009
Mol1740,2.018920918,2,1.324620266135323,1.20679887,1.8347362055532315,1.8370286088582088,1.8687896936286874,1.5181356251300004
Mol1741,1.204391332,1,1.3165635449464286,1.188576779,1.214809650125719,0.8843604809071369,1.6055226276579992,0.7890745509699993
Mol1742,0.675686709,0,1.319724521862705,1.2178391149999999,0.8569068462798458,0.7622693340221566,0.976338703107985,0.9756712882500005
Mol1743,1.948222186,1,1.3165635449464286,1.188576779,1.6529479470601247,1.5262390841402507,1.836283652959958,1.2251472291500003
Mol1744,1.330271691,3,1.3119166433636362,1.194359769,1.3983844256214226,1.1909601150131781,1.3853859637947283,1.2241578227100005
Mol1745,1.490969251,1,1.3165635449464286,1.188576779,1.3382791167284316,1.5983677560567262,1.397823918171816,1.229902804040001
Mol1746,1.167848799,1,1.3165635449464286,1.188576779,1.6995751418945761,1.429371628356363,1.5749762598051047,1.4107886967
Mol1747,1.932843975,3,1.3119166433636362,1.194359769,1.1520543073430711,0.5845504326576358,1.177419791431328,1.1040033688500004
Mol1748,0.771146349,0,1.319724521862705,1.2178391149999999,1.1883857720614848,0.762219427921865,1.0035488619000537,1.2301921193800007
Mol1749,1.543235884,3,1.3119166433636362,1.194359769,1.4548066916727103,1.6452259308098163,1.5638181162454214,1.4835230223199998
Mol1750,1.315697514,1,1.3165635449464286,1.188576779,1.084928211212401,1.0535821638614198,1.2274507304963012,1.0163357625500007
Mol1751,1.328032845,4,1.3273690493413655,1.2098631439999998,1.6279249945326897,1.4632834663700613,1.2469207223812224,1.1621765305500007
Mol1752,0.675686709,2,1.324620266135323,1.20679887,0.6314604836389051,0.6576499155081417,0.6949635009843813,0.8981712614300007
Mol1753,1.206960729,1,1.3165635449464286,1.188576779,0.7962549762356833,0.5824509827771785,0.7281887211260419,0.7811791028299997
Mol1754,1.507410559,2,1.324620266135323,1.20679887,1.392209320593237,1.4196105049592245,1.289966152728471,1.5260447953399996
Mol1755,0.999478534,2,1.324620266135323,1.20679887,0.4970896136573819,0.5432080409314417,0.710464362475088,0.7593253063699994
Mol1756,1.915637234,2,1.324620266135323,1.20679887,1.3484029740839414,0.8778549716432954,1.2614732981180932,1.0950769364300006
Mol1757,0.675686709,0,1.319724521862705,1.2178391149999999,0.8699275000582543,1.036260279456269,0.7359878129710458,1.1300205717800007
Mol1758,0.675686709,3,1.3119166433636362,1.194359769,0.9712114036950312,1.0608073770165514,0.8671553202432226,0.8408012085
Mol1759,0.675686709,1,1.3165635449464286,1.188576779,0.598642360100846,0.4249499841441169,1.4221610359062824,1.2587740635600015
Mol1760,1.168114287,1,1.3165635449464286,1.188576779,1.5345849770446047,1.4323607180181521,1.5775259923013811,1.0981344801500006
Mol1761,1.673767142,1,1.3165635449464286,1.188576779,1.5345849770446047,1.150393508045075,1.5775259923013811,1.0504248915700005
Mol1762,1.821827836,4,1.3273690493413655,1.2098631439999998,1.7345419610628239,1.7678719980979036,1.7848695266616026,1.3869611470500007
Mol1763,2.136095621,2,1.324620266135323,1.20679887,1.277321455925104,1.564842292468668,1.4051475600875891,1.3288308995200004
Mol1764,1.188984699,3,1.3119166433636362,1.194359769,1.4133156283959007,1.6747985338808764,1.448718031494261,1.295580368740001
Mol1765,1.755813898,2,1.324620266135323,1.20679887,1.2858657943438607,1.803099445794826,1.2280972279801525,1.49777177058
Mol1766,2.380354173,0,1.319724521862705,1.2178391149999999,1.459406381618187,2.0176729760157652,1.5049325789538945,1.8764575649400002
Mol1767,2.618841659,1,1.3165635449464286,1.188576779,1.7327527305778125,1.68099299275552,2.3374083377480965,1.1558858758100008
Mol1768,2.808403425,2,1.324620266135323,1.20679887,1.847176750670903,2.437428299821317,2.4376425745006323,1.9767459481999998
Mol1769,2.43650295,0,1.319724521862705,1.2178391149999999,1.3012028731658458,1.9818484430084595,1.5484267139573507,2.014656953879999
Mol1770,1.940097926,4,1.3273690493413655,1.2098631439999998,1.3476897217261044,1.780974443463885,1.5156630275866934,2.417394439839999
Mol1771,2.096193705,4,1.3273690493413655,1.2098631439999998,1.4947800387082961,1.6134960060235,1.74089692281257,2.3526822356999997
Mol1772,2.236272674,3,1.3119166433636362,1.194359769,1.4528381419911518,2.1003032333441194,1.4673834343287595,2.2023394422400004
Mol1773,1.662918302,1,1.3165635449464286,1.188576779,1.4330095477964324,1.7906016399262557,1.228988206742641,1.9388390487299987
Mol1774,3.047450887,1,1.3165635449464286,1.188576779,1.7467180249775183,2.1771843007942864,1.906796900041555,1.8342364185099997
Mol1775,1.542613828,0,1.319724521862705,1.2178391149999999,1.1813129755658016,0.9667989636933005,1.0317931204937185,0.9723250140600004
Mol1776,2.313700639,3,1.3119166433636362,1.194359769,1.4714941128431458,1.3864315290433482,1.5528435235411249,1.32542634501
Mol1777,0.825815445,0,1.319724521862705,1.2178391149999999,1.0805954890794258,0.7284735053420964,1.1329154790612,1.0403426960800004
Mol1778,1.32407658,1,1.3165635449464286,1.188576779,1.646087048149618,1.2397161594148605,1.8635728977090327,1.122343142220001
Mol1779,0.675686709,0,1.319724521862705,1.2178391149999999,1.017782046116629,0.9280059000464942,0.8009875442527887,1.2394950805900002
Mol1780,0.675686709,0,1.319724521862705,1.2178391149999999,0.6556238130252231,0.331308703742755,0.8920514583327267,0.7863308681499995
Mol1781,1.623693698,0,1.319724521862705,1.2178391149999999,1.4111934394527785,1.312989672362722,1.4865101126535314,1.3906044829900006
Mol1782,1.464638559,3,1.3119166433636362,1.194359769,1.5134203415936651,1.4249636409632473,1.6721189892609678,0.9796108444600009
Mol1783,2.226452968,1,1.3165635449464286,1.188576779,1.2834269664121407,1.4099034064803388,1.380573585295824,1.19859343647
Mol1784,1.43025248,4,1.3273690493413655,1.2098631439999998,1.1901011378304789,1.0276200730155582,1.4024247836258346,0.7965859851500003
Mol1785,2.31936635,1,1.3165635449464286,1.188576779,1.3772478596859064,1.9364778113159473,1.5016650225103658,1.49453391858
Mol1786,1.617535012,4,1.3273690493413655,1.2098631439999998,1.6375765094012689,2.139173688834365,1.6901533628176226,1.2748958510900004
Mol1787,2.092731169,2,1.324620266135323,1.20679887,2.3097332059113516,1.6681003545980468,1.8745000954589053,1.0743495421000007
Mol1788,1.355029856,0,1.319724521862705,1.2178391149999999,1.6214799309339896,1.2803967972273522,1.7356946847986843,1.1068873072800003
Mol1789,2.440759571,2,1.324620266135323,1.20679887,1.2803995764522644,1.254673649474878,1.211533654138062,1.3467967389199997
Mol1790,1.952898946,1,1.3165635449464286,1.188576779,1.1931269287933153,1.7469028923966472,1.1399381513605225,1.4306747336499999
Mol1791,0.675686709,3,1.3119166433636362,1.194359769,1.1185762177268546,0.9447736321448368,1.0897469572152825,1.31921474421
Mol1792,0.675686709,4,1.3273690493413655,1.2098631439999998,0.6952589046291902,1.194040730845789,1.0402958124477906,1.0399838148300007
Mol1793,0.675686709,3,1.3119166433636362,1.194359769,0.9289147852604092,1.1788292848570836,1.025503422466563,0.87420187332
Mol1794,1.785557602,4,1.3273690493413655,1.2098631439999998,1.5067265798585612,1.9665279837709777,1.436431965267399,1.2340904582900003
Mol1795,2.751297584,3,1.3119166433636362,1.194359769,1.4173445519787728,1.902345203801067,1.6452348106445926,1.2031174082400005
Mol1796,2.035437744,1,1.3165635449464286,1.188576779,1.628476567024453,1.479180240023012,1.6482048137794354,1.2784358974900005
Mol1797,0.675686709,1,1.3165635449464286,1.188576779,1.3494735561878026,1.4401299354370676,1.1879266306857899,1.3447520408300009
Mol1798,1.720200663,4,1.3273690493413655,1.2098631439999998,1.2676514577528224,1.4978343878228852,1.1300767504349438,1.0735179847900003
Mol1799,1.467045452,1,1.3165635449464286,1.188576779,1.782813204917168,1.5591139754306176,1.5604667009740976,1.3227595329200006
Mol1800,0.675686709,3,1.3119166433636362,1.194359769,1.1707473525135481,1.0314404232323118,1.1320643048568757,1.0474405484600002
Mol1801,0.675686709,2,1.324620266135323,1.20679887,0.9279792174487355,0.42854122321348886,0.7778314204227881,0.92706464227
Mol1802,1.986337222,3,1.3119166433636362,1.194359769,1.3150686817563053,1.924914551244402,1.0896526671679851,1.68271504386
Mol1803,1.731991449,0,1.319724521862705,1.2178391149999999,1.4816693564223045,1.2311198314217,1.6119359273240152,1.5787168564900005
Mol1804,1.506816098,1,1.3165635449464286,1.188576779,1.5195905081939372,1.3412371570853772,1.6247155906145583,1.1581626178000008
Mol1805,1.448226941,3,1.3119166433636362,1.194359769,1.220823811656466,0.9439346615646211,1.4374171983602069,1.3646029126999994
Mol1806,2.118876211,3,1.3119166433636362,1.194359769,1.399861452200691,1.116116996163588,1.4493956450688936,1.3526529030400005
Mol1807,1.861659842,1,1.3165635449464286,1.188576779,1.7359071677340943,1.4417586693224198,2.011855635064086,1.3019491431400005
Mol1808,0.675686709,1,1.3165635449464286,1.188576779,0.8576495470528382,0.2709076398734038,0.7278367834503269,0.7939811681099996
Mol1809,0.675686709,2,1.324620266135323,1.20679887,0.9857211160922902,1.4661465606324193,0.8720924781133812,1.56196104383
Mol1810,1.918292513,0,1.319724521862705,1.2178391149999999,1.5520971185126342,1.3354169571756942,1.4949380218101445,1.1037201732000006
Mol1811,1.790981448,1,1.3165635449464286,1.188576779,1.0987267148349973,1.0105765925074905,1.079132615805755,1.313085831980001
Mol1812,1.652874598,0,1.319724521862705,1.2178391149999999,1.629181042214155,1.6621780775052535,1.7120471743962309,1.5081503027800005
Mol1813,1.49497508,3,1.3119166433636362,1.194359769,1.313180017471552,2.0696560921304656,1.2085838202855115,1.45163733335
Mol1814,1.399206301,3,1.3119166433636362,1.194359769,1.09885720528917,1.185539229285145,0.9203718285526403,1.1576121828600001
Mol1815,0.675686709,1,1.3165635449464286,1.188576779,1.1807368927730273,0.7430392464812656,0.9873611647794566,1.03839679372
Mol1816,0.675686709,1,1.3165635449464286,1.188576779,1.1135714628558997,0.7798844536938877,1.142375793773132,0.8544058683800004
Mol1817,0.675686709,1,1.3165635449464286,1.188576779,1.2817860234397527,1.479254998037257,1.475246263689049,1.2825242618900006
Mol1818,2.284667557,3,1.3119166433636362,1.194359769,1.2550057614055723,1.9946442689944743,1.170946338817313,1.56956835923
Mol1819,0.686993566,3,1.3119166433636362,1.194359769,1.3881772388980909,1.5640830065592826,1.5281049826188524,1.2589688061200006
Mol1820,2.199173535,3,1.3119166433636362,1.194359769,1.4372004806392111,1.4085969273341539,1.49214168795668,1.065981394530001
Mol1821,2.352111095,1,1.3165635449464286,1.188576779,1.9689983929738588,1.7673966902398353,2.0308710058073394,1.6809717741799997
Mol1822,0.675686709,0,1.319724521862705,1.2178391149999999,0.5150165764192653,0.18851977236173934,0.881420702424481,0.8514724901000003
Mol1823,0.675686709,4,1.3273690493413655,1.2098631439999998,0.8048884187867597,0.7760733084024528,0.7431884895147074,1.48382637259
Mol1824,2.168724295,2,1.324620266135323,1.20679887,1.7287040478476798,1.4119898084308873,1.7949091187074269,1.41945506334
Mol1825,1.02094106,1,1.3165635449464286,1.188576779,1.733526355257789,1.113402826666769,1.9547073988970916,1.1118006628700003
Mol1826,0.675686709,0,1.319724521862705,1.2178391149999999,0.8039544447081569,1.193430429966226,0.8573899386282,0.9773795292500008
Mol1827,1.631960961,1,1.3165635449464286,1.188576779,1.9243210451549042,0.7909537047556454,1.470661656502826,1.10320359519
Mol1828,1.16790781,1,1.3165635449464286,1.188576779,1.6245971419814547,1.7658578647048042,1.7579504620921367,1.5427491489099998
Mol1829,2.175897231,2,1.324620266135323,1.20679887,1.0375083066434794,1.0575943106242935,0.9494260375582296,1.1674789826400003
Mol1830,0.675686709,3,1.3119166433636362,1.194359769,0.9602958550292873,0.8166724830510322,0.909817663039396,0.9213598501200011
Mol1831,0.897791982,2,1.324620266135323,1.20679887,0.785841680821835,1.3753754516079113,0.687270448634626,1.256506856410001
Mol1832,0.675686709,1,1.3165635449464286,1.188576779,1.066370828663889,1.202314351395696,1.0687113463284745,0.9881825707800006
Mol1833,1.714237525,1,1.3165635449464286,1.188576779,1.6904431001232048,2.0092379255947352,1.742039019403126,1.7256467518699998
Mol1834,1.780252487,4,1.3273690493413655,1.2098631439999998,1.508469252492175,1.893721725754667,1.6016365304094087,1.5649717700599999
Mol1835,0.903632516,4,1.3273690493413655,1.2098631439999998,1.3847354790969593,1.2858062973904627,1.671332696620973,1.43780427271
Mol1836,0.675686709,3,1.3119166433636362,1.194359769,1.6286828634914068,1.5666665929610564,1.781112231089594,0.9795046175500004
Mol1837,1.964066253,1,1.3165635449464286,1.188576779,1.4181110134064085,2.1224337245151306,1.4952921022253747,1.4768823238200006
Mol1838,1.206556044,3,1.3119166433636362,1.194359769,0.9854015519097882,1.2275972271361617,0.7414468235762998,1.2363578683100014
Mol1839,0.675686709,2,1.324620266135323,1.20679887,1.2449725416808475,1.1242976671506302,0.9686214927533198,1.0468775157900005
Mol1840,1.714111719,1,1.3165635449464286,1.188576779,1.4407082147606,2.3245991908043444,1.3852875979239903,1.4178459262399994
Mol1841,1.388225573,1,1.3165635449464286,1.188576779,1.2887496969975971,1.4032852923497083,1.1086267100605107,1.3593452900000003
Mol1842,0.675686709,0,1.319724521862705,1.2178391149999999,0.7129988176820597,0.292782172940657,0.7500940600977906,0.8792266460399999
Mol1843,0.675686709,2,1.324620266135323,1.20679887,1.1099901037970714,1.299777954007509,0.9805698879381801,1.1705637878600006
Mol1844,0.837651558,4,1.3273690493413655,1.2098631439999998,1.3771316737744426,1.3089164032837153,1.3492167065230551,1.0519743820000007
Mol1845,1.970769805,2,1.324620266135323,1.20679887,2.1392245404703183,1.2081978607240682,1.8457321627388188,1.3304384305800008
Mol1846,1.394609259,4,1.3273690493413655,1.2098631439999998,1.981066039720694,1.3988737876531374,2.45459696455701,1.1456542057800008
Mol1847,0.675686709,3,1.3119166433636362,1.194359769,0.7598423680065551,0.8373226214775864,0.8774532259452547,1.2049036564700009
Mol1848,0.675686709,3,1.3119166433636362,1.194359769,1.1343889255296162,0.7798944363936035,1.0305342338224102,1.00270546321
Mol1849,2.194103441,0,1.319724521862705,1.2178391149999999,1.6647850439012941,1.1732540894269472,1.5520121285851989,1.23610728956
Mol1850,1.620677284,2,1.324620266135323,1.20679887,1.6034380438652165,1.5333950005389754,1.5877394743531894,1.4645009685200001
Mol1851,2.704014027,3,1.3119166433636362,1.194359769,1.2729736558035585,1.817906869644183,1.3597489778566088,1.5102088197699999
Mol1852,1.871082326,3,1.3119166433636362,1.194359769,1.576708458322227,1.4534590712271143,1.6974060817959202,1.6357434330999991
Mol1853,1.413718765,3,1.3119166433636362,1.194359769,1.33009977035771,1.4946935434825683,1.2302539496778064,1.0741981821400004
Mol1854,0.675686709,4,1.3273690493413655,1.2098631439999998,0.9813825561030616,1.3428044311956189,1.0131304068027398,1.657521825009999
Mol1855,2.110606543,0,1.319724521862705,1.2178391149999999,1.331942930333495,1.699981557528798,1.5212461456634336,1.4671349879300004
Mol1856,0.94156112,0,1.319724521862705,1.2178391149999999,1.5793420223331625,1.9834699770024133,1.7400793083294657,1.4463264542500005
Mol1857,0.675686709,2,1.324620266135323,1.20679887,1.172518891041495,1.4762413560925278,1.291087964452572,1.2174868515900008
Mol1858,0.675686709,0,1.319724521862705,1.2178391149999999,0.44686285710686124,0.5294245869839662,1.0039315891168334,1.0440294280400004
Mol1859,2.897040673,0,1.319724521862705,1.2178391149999999,1.2374195801677799,1.8034723546552864,1.2118078521396423,1.7449186717700005
Mol1860,1.738439646,0,1.319724521862705,1.2178391149999999,1.5277972627250358,2.271926379451997,1.3239175002569035,1.5158874508799998
Mol1861,0.675686709,4,1.3273690493413655,1.2098631439999998,0.8705007723275374,0.6266688928921977,0.8207801392384045,0.8596796394200003
Mol1862,0.675686709,1,1.3165635449464286,1.188576779,0.9595105358729158,0.40672314737732806,0.8433380152324891,0.87022287667
Mol1863,2.431194839,1,1.3165635449464286,1.188576779,1.6158150698636593,1.162511157438204,1.806921748214695,1.9280566582499992
Mol1864,0.675686709,0,1.319724521862705,1.2178391149999999,0.9988582846804035,1.29144603626678,0.9188120745584447,1.5058364761
Mol1865,1.888409783,3,1.3119166433636362,1.194359769,1.5138431838950064,1.5174227720931053,1.5331360184005731,1.0439924828300005
Mol1866,0.675686709,1,1.3165635449464286,1.188576779,1.102410684826833,1.1220370543763596,1.207443281215259,1.0195056460800003
Mol1867,0.675686709,1,1.3165635449464286,1.188576779,1.0449265557645664,0.5937396207797783,0.9423946304598572,0.9060741310799999
Mol1868,0.733357788,0,1.319724521862705,1.2178391149999999,1.3986836738694504,1.6672627480689028,1.3237624815419702,1.482751776379999
Mol1869,1.000390689,2,1.324620266135323,1.20679887,1.4400768113891274,1.5916014047892448,1.4874485832737288,1.3783565106400002
Mol1870,1.162026432,3,1.3119166433636362,1.194359769,0.7610788779697838,0.9850326004791854,0.9242935592690532,1.1672872919900004
Mol1871,0.675686709,2,1.324620266135323,1.20679887,1.1216207503310123,1.4440635763853185,0.8927790841442637,1.0881553412700014
Mol1872,1.621280168,2,1.324620266135323,1.20679887,1.6049752534171855,1.1079142375957398,1.7632191160694737,1.1876619359200007
Mol1873,0.823669813,4,1.3273690493413655,1.2098631439999998,0.7510677032495515,0.7427362022711861,0.7029450551525129,0.8576328556199997
Mol1874,0.675686709,2,1.324620266135323,1.20679887,1.4415640378323096,0.8387302889546744,1.4947718207894147,0.7679414547599996
Mol1875,0.675686709,1,1.3165635449464286,1.188576779,1.2523972782818178,1.2310210224148344,1.0363502620369323,1.0683132589100004
Mol1876,1.456214155,0,1.319724521862705,1.2178391149999999,1.402323229504657,1.2439383459647337,1.3059482240330937,1.3359644260400003
Mol1877,1.930658726,4,1.3273690493413655,1.2098631439999998,1.600601362625389,1.2815195167824884,1.6382380819403084,1.1976858712000003
Mol1878,0.675686709,0,1.319724521862705,1.2178391149999999,1.0383288005386675,1.235311548633437,0.7541191369319631,1.0319879747100003
Mol1879,0.878808932,2,1.324620266135323,1.20679887,0.8784800839871219,1.1399071457888499,1.0157244449145346,1.2993307801800011
Mol1880,1.770623763,3,1.3119166433636362,1.194359769,1.5661044649204179,1.4742892362128788,1.0929323072797574,1.3600149156000005
Mol1881,2.45448356,3,1.3119166433636362,1.194359769,1.594282131036945,1.6052347060431145,1.723604546316706,1.3015792747300006
Mol1882,0.808210973,3,1.3119166433636362,1.194359769,0.9712093510787894,1.3397582744414063,0.8779194206926131,1.4984329684900002
Mol1883,1.285804764,4,1.3273690493413655,1.2098631439999998,1.6547100325962028,1.4847341690247746,1.8277368058710595,1.3976881721000003
Mol1884,2.059067122,3,1.3119166433636362,1.194359769,1.489489738025006,1.2006570236063383,1.6557603384016684,1.32055062083
Mol1885,0.675686709,2,1.324620266135323,1.20679887,1.090451601392284,0.7126595701569699,0.9068498719724402,1.2970617572100012
Mol1886,1.802889978,3,1.3119166433636362,1.194359769,1.435419016199333,1.4759222495271593,1.4765640922925263,1.2894216110799999
Mol1887,1.782164352,1,1.3165635449464286,1.188576779,1.543479692187708,1.7284461892055527,1.42979670556579,1.6699398168699986
Mol1888,0.675686709,1,1.3165635449464286,1.188576779,0.9488176095324556,0.3266816985842555,1.2849512714129074,1.1283747138900002
Mol1889,0.675686709,1,1.3165635449464286,1.188576779,1.4732393250072424,1.2069399267735865,1.4151489293787958,1.5453867308400004
Mol1890,0.675686709,4,1.3273690493413655,1.2098631439999998,0.9096194259115156,0.8004574652316151,0.8948485734707403,0.9044461196200002
Mol1891,1.409696478,2,1.324620266135323,1.20679887,1.4071842961832128,1.139996964304966,1.630746752041779,1.1514712237600009
Mol1892,0.675686709,1,1.3165635449464286,1.188576779,1.224703823575006,1.6636514617733735,0.9324635169574098,1.72258653556
Mol1893,0.675686709,1,1.3165635449464286,1.188576779,1.3861222928834962,1.517923736465573,1.5624091740817854,1.4606918940900004
Mol1894,1.379686152,1,1.3165635449464286,1.188576779,1.405982070462915,1.284877057678905,1.4856156284741602,1.306909798950001
Mol1895,1.486472985,1,1.3165635449464286,1.188576779,1.0932800388045845,1.290508032079964,0.8639314428461178,1.3517384677100006
Mol1896,0.675686709,0,1.319724521862705,1.2178391149999999,1.6027698252914777,1.0702450560827352,1.7710806948074842,1.116726374440001
Mol1897,0.675686709,0,1.319724521862705,1.2178391149999999,1.105218729350851,1.1071735078571279,1.019048947162197,1.07837503997
Mol1898,1.661651806,1,1.3165635449464286,1.188576779,1.2356023083435006,0.9756568102294574,1.183466943600601,1.2910583151400008
Mol1899,0.675686709,3,1.3119166433636362,1.194359769,0.8933653855017325,0.6609268014332375,0.8177035703251342,0.9476053109000006
Mol1900,2.743977516,2,1.324620266135323,1.20679887,1.8665477959345922,1.5057069329098591,1.8689010552003718,1.60835743143
Mol1901,2.656293734,0,1.319724521862705,1.2178391149999999,1.7620664841744829,1.9928696751158386,2.0895828729382298,1.3110286236500008
Mol1902,0.675686709,3,1.3119166433636362,1.194359769,0.8436429920082268,0.7938424685726195,0.739104785201613,0.80789989785
Mol1903,2.749824402,0,1.319724521862705,1.2178391149999999,2.0110412255991617,2.2650171638215193,1.989614345150164,1.8266268887599995
Mol1904,2.635314822,3,1.3119166433636362,1.194359769,1.3015823830553,1.4559230023417356,1.6633812084863069,1.5199443385799989
Mol1905,0.675686709,2,1.324620266135323,1.20679887,1.286154020843996,0.7540606748044867,1.1350876087942476,0.9658465559900007
Mol1906,0.675686709,2,1.324620266135323,1.20679887,0.6264085727293852,0.1488095390304769,0.7718231908138472,1.0789286619800003
Mol1907,0.864392405,0,1.319724521862705,1.2178391149999999,1.2688525422236208,1.5345563158179365,1.2593931742012239,1.45112049556
Mol1908,1.721060047,1,1.3165635449464286,1.188576779,1.4878710387495557,1.1455672747459804,1.6117759208644697,1.2703792718300004
Mol1909,0.71941416,3,1.3119166433636362,1.194359769,1.2112645481545719,0.7262079153400889,1.0062433663841286,1.0346646864100004
Mol1910,1.416840137,4,1.3273690493413655,1.2098631439999998,1.274205224331216,1.2210697126409467,1.1959040145577962,1.2882740530700003
Mol1911,1.245438634,0,1.319724521862705,1.2178391149999999,1.8718732552517698,1.5530047841880896,1.6415062386808625,1.27788795587
Mol1912,2.696159732,2,1.324620266135323,1.20679887,1.774140899620876,1.2120386614903509,1.652877455776042,1.3118405189800004
Mol1913,0.675686709,1,1.3165635449464286,1.188576779,1.33853980379108,0.6552913934358073,1.4724455902841507,0.9259935230999997
Mol1914,0.675686709,4,1.3273690493413655,1.2098631439999998,0.9678273255533383,1.2388662702946143,0.75385622683684,1.1525525509200005
Mol1915,1.985754205,4,1.3273690493413655,1.2098631439999998,1.0653895608223398,1.1186472701012753,1.0958725868689525,1.2772675902300004
Mol1916,2.099414736,3,1.3119166433636362,1.194359769,1.3957630821506997,1.9424579625663576,1.5041021870922353,1.7035476052600007
Mol1917,1.669707291,1,1.3165635449464286,1.188576779,0.9933122302345028,0.898987133317106,0.9454083982213315,0.8605758317100003
Mol1918,1.493959675,0,1.319724521862705,1.2178391149999999,1.3619771777623577,2.1286270170727293,1.3386316072049231,1.4290708576900002
Mol1919,1.619958968,1,1.3165635449464286,1.188576779,1.3678560819170922,1.640291502765471,1.336683378970587,1.52660140979
Mol1920,0.675686709,0,1.319724521862705,1.2178391149999999,1.2403248602802912,1.3688623926529306,1.1089966727799407,1.1619126744800008
Mol1921,1.685392372,2,1.324620266135323,1.20679887,1.6109908068358436,1.3886507413995848,1.5932194462398408,1.407951930500001
Mol1922,1.419377405,0,1.319724521862705,1.2178391149999999,1.370591212001194,1.3945543167273229,1.4366374123742671,1.36973314716
Mol1923,0.675686709,4,1.3273690493413655,1.2098631439999998,1.2862390394208456,1.3596982127852535,1.348529749506045,1.4349215742000003
Mol1924,2.235629434,3,1.3119166433636362,1.194359769,1.3073555991782067,1.940559674725612,1.2703300707868415,1.5425599893300008
Mol1925,2.507289031,0,1.319724521862705,1.2178391149999999,0.8740862997345811,2.321058785822675,1.3497700833925717,1.9660388494
Mol1926,1.097500252,1,1.3165635449464286,1.188576779,1.4376077187918446,1.2962323045041355,1.5689584311797566,1.2081869985400011
Mol1927,0.675686709,0,1.319724521862705,1.2178391149999999,0.9705162136818584,1.4245046284275342,0.7709150954202851,1.4040242463800001
Mol1928,0.675686709,1,1.3165635449464286,1.188576779,0.7864909172134033,1.0159340509290693,0.938761644753888,0.9262328447200001
Mol1929,1.523226042,3,1.3119166433636362,1.194359769,1.312242095301663,1.5982515901216998,1.3596499471932537,1.2934670677100006
Mol1930,1.129722109,2,1.324620266135323,1.20679887,1.3524954455361522,1.3868180916872626,1.5429774060427481,1.1641374720200006
Mol1931,0.675686709,0,1.319724521862705,1.2178391149999999,1.2179938238625339,1.438707491053407,1.0277882384648644,1.4391606654099989
Mol1932,1.334534169,4,1.3273690493413655,1.2098631439999998,1.6007621188679353,2.034761926376098,1.679622204186628,1.46669669742
Mol1933,0.675686709,0,1.319724521862705,1.2178391149999999,1.33567519815182,0.8751352849554467,1.3631585393423893,1.0393952472600005
Mol1934,0.675686709,3,1.3119166433636362,1.194359769,0.7779404274616752,0.8473194554750361,0.8734975143721998,0.9996715946700009
Mol1935,0.675686709,2,1.324620266135323,1.20679887,0.5950915974943288,0.569989868748544,1.0369431355382281,0.8804120000700008
Mol1936,1.298743943,1,1.3165635449464286,1.188576779,1.4015672659645209,1.960994698197967,1.402227273203888,1.6540009320699998
Mol1937,1.554755591,1,1.3165635449464286,1.188576779,1.3307172537125742,1.524267166437514,1.541140630406978,1.4557470385600004
Mol1938,0.675686709,1,1.3165635449464286,1.188576779,0.9489729492539847,1.2107515369243442,1.1982323928666991,1.44312507044
Mol1939,1.261286665,4,1.3273690493413655,1.2098631439999998,1.2534760302246093,1.5890158557532246,1.015623418060435,1.0429828803800003
Mol1940,0.675686709,1,1.3165635449464286,1.188576779,0.7684095389548701,1.1115051044339255,0.7346659863541515,1.0098824459900007
Mol1941,0.675686709,4,1.3273690493413655,1.2098631439999998,0.9334376676395073,0.9341859629691074,1.0035013873289966,1.2384684637900012
Mol1942,1.510477984,4,1.3273690493413655,1.2098631439999998,1.3879652256941162,1.5231591919720848,1.4456265973026081,1.079721539240001
Mol1943,0.675686709,2,1.324620266135323,1.20679887,1.2912710890985124,0.8296715776972847,1.3523003553546837,1.0466411088500007
Mol1944,0.969741977,4,1.3273690493413655,1.2098631439999998,1.0701862305415708,0.6613757335774387,1.1684809278071642,1.0334961108800005
Mol1945,1.51263104,2,1.324620266135323,1.20679887,1.639554204526688,1.2933779463306554,1.8587602577555122,1.1283657682500012
Mol1946,0.675686709,2,1.324620266135323,1.20679887,1.3169454239648546,0.7767931729561035,1.3036582115167485,0.9633679708399998
Mol1947,0.675686709,4,1.3273690493413655,1.2098631439999998,0.9889617613964006,1.1935246526228098,1.2764733877954335,1.2883753224300007
Mol1948,0.905148002,3,1.3119166433636362,1.194359769,1.2561802573129965,0.5307239451662814,1.04259358247103,1.1553832984600003
Mol1949,0.920801382,2,1.324620266135323,1.20679887,1.073103519785899,1.3756644392467212,1.084031893501487,1.0975239315799998
Mol1950,1.233046902,3,1.3119166433636362,1.194359769,1.1843553224861916,0.23138223050723827,1.104489825260659,0.7609025095999994
Mol1951,1.97966672,3,1.3119166433636362,1.194359769,1.523148976307806,1.6919649047908132,1.6904993429245028,1.5175774310000005
Mol1952,1.212453961,3,1.3119166433636362,1.194359769,1.010586378528372,1.1348948428671084,0.906121066938416,1.0701326982700012
Mol1953,1.124764984,0,1.319724521862705,1.2178391149999999,1.2567620749103137,1.6701631812946953,1.2654543926518342,1.3383862163700002
Mol1954,2.164974107,2,1.324620266135323,1.20679887,1.2933972334502113,1.7505691462919077,1.4201109876279603,1.315740466820001
Mol1955,2.598512557,4,1.3273690493413655,1.2098631439999998,1.4194031524660802,2.4713058270585253,1.4277136462725022,1.5381136242400002
Mol1956,1.21031852,0,1.319724521862705,1.2178391149999999,0.9662599092139423,1.2664070577891053,0.915908226515978,1.1001154813600007
Mol1957,2.360279033,3,1.3119166433636362,1.194359769,1.7008065348187482,2.0602126289467755,1.766998981473084,2.1505008198500017
Mol1958,1.541891125,1,1.3165635449464286,1.188576779,0.9502536190040735,1.2235143137034694,0.7804554597439445,1.6027924090000014
Mol1959,1.504457269,3,1.3119166433636362,1.194359769,1.134875785940113,1.409062976866468,0.8341925393108107,1.6319997583899988
Mol1960,0.829175074,4,1.3273690493413655,1.2098631439999998,1.3123138412199513,1.530610177262005,1.4760105895087812,1.239363944190001
Mol1961,0.823343791,4,1.3273690493413655,1.2098631439999998,1.110218845787562,0.9305112043239423,0.9593819373712517,1.0304139036700002
Mol1962,1.139942023,2,1.324620266135323,1.20679887,0.7786328722161675,0.93052954336421,0.7477060567331296,1.0448804846900004
Mol1963,1.391552567,0,1.319724521862705,1.2178391149999999,1.0859465383138034,1.5155146998238729,1.334528963072513,1.19222029581
Mol1964,0.675686709,3,1.3119166433636362,1.194359769,1.3168400295156464,1.026789746818374,1.4782631020210801,1.0849873510500005
Mol1965,1.303044784,4,1.3273690493413655,1.2098631439999998,1.2142563323558224,1.0290664808294758,1.028619470544481,0.9201845302600005
Mol1966,0.675686709,2,1.324620266135323,1.20679887,1.1971584575776226,0.63476199934453,1.3127822919678485,0.8136824222299999
Mol1967,2.033697114,1,1.3165635449464286,1.188576779,1.3612280928063376,1.7514294614653436,1.3397931158304042,1.2335751156500008
Mol1968,1.423032772,2,1.324620266135323,1.20679887,1.5613737390818465,1.690350226668432,1.4300865950928732,1.2812383008500006
Mol1969,1.810575247,2,1.324620266135323,1.20679887,1.2761857355028992,1.6918535710270943,1.0519926382046756,1.8557785927100006
Mol1970,0.675686709,0,1.319724521862705,1.2178391149999999,0.8515099799677657,1.4268615973798024,0.731689104528511,1.25045473024
Mol1971,0.949438801,3,1.3119166433636362,1.194359769,1.1753613160334868,0.8796390465037462,1.0597864014030194,1.1072428855700007
Mol1972,1.875755579,0,1.319724521862705,1.2178391149999999,1.7800468105853522,1.901049847650503,1.8753725733421738,1.8565915594100002
Mol1973,0.675686709,2,1.324620266135323,1.20679887,1.1211777025119671,1.1015328282260821,1.1313573118172473,1.1627430347400007
Mol1974,0.675686709,2,1.324620266135323,1.20679887,0.9495538873986988,1.4314234739721734,0.8367828872829167,1.3064222059999997
Mol1975,1.327318058,0,1.319724521862705,1.2178391149999999,1.3492021064961797,1.1045007121403878,1.5394357366915148,0.9077194225700006
Mol1976,3.060029646,3,1.3119166433636362,1.194359769,1.525819750688358,1.784091643573178,1.5139799824808924,1.4176061972800005
Mol1977,0.675686709,1,1.3165635449464286,1.188576779,1.1547327358771344,1.3921547274327661,1.209380040244029,1.1393554601300009
Mol1978,0.675686709,2,1.324620266135323,1.20679887,0.9859645414940162,0.6882864589188611,0.7655983279620255,0.8140057971499998
Mol1979,2.02619812,3,1.3119166433636362,1.194359769,1.7246372007697577,1.7284078520785853,1.9698084728812029,1.8964400732800004
Mol1980,1.217957462,2,1.324620266135323,1.20679887,1.0836558593169137,0.6919399514351467,1.1644292119548394,0.9549656711300004
Mol1981,1.512324113,2,1.324620266135323,1.20679887,1.0928564973353678,0.9883272006833066,1.2453783883538778,1.4046326536099991
Mol1982,0.675686709,2,1.324620266135323,1.20679887,1.1243947662075597,1.258745384029745,1.0576833316798109,1.248525042800001
Mol1983,0.675686709,1,1.3165635449464286,1.188576779,1.2418282778926855,1.5473999053633154,1.1782293083436834,1.1756202024900009
Mol1984,0.675686709,2,1.324620266135323,1.20679887,0.9344816223510588,0.7459008000274601,0.9895133230502223,0.9826279429000006
Mol1985,1.712683367,1,1.3165635449464286,1.188576779,1.3202646301168766,1.1069580735348814,1.3063954160035638,1.1302517220400012
Mol1986,0.79190108,4,1.3273690493413655,1.2098631439999998,1.4437014618463824,1.1119366548963157,1.5502675252785314,1.1133796818400001
Mol1987,0.675686709,1,1.3165635449464286,1.188576779,1.2647543427616372,1.1988730590280625,1.1885011690978748,1.3675291069900006
Mol1988,2.014948742,4,1.3273690493413655,1.2098631439999998,1.9371035441196218,2.4657365499933044,1.9134940725983234,1.43223443816
Mol1989,0.756940236,2,1.324620266135323,1.20679887,1.2795667372017983,1.412665131634488,1.2515531946817071,1.3856267819200014
Mol1990,1.124112792,3,1.3119166433636362,1.194359769,1.0634387840236772,1.2481519894278659,0.8261155010044813,1.2481312989300002
Mol1991,2.272465891,3,1.3119166433636362,1.194359769,1.1895631616427125,1.4276304728382387,1.6382761519128965,1.44737983153
Mol1992,0.675686709,3,1.3119166433636362,1.194359769,1.280956080959544,1.4928445907773142,1.2084550466501185,1.21719636606
Mol1993,1.8057998,0,1.319724521862705,1.2178391149999999,1.5651290167158438,1.339934570830128,1.9004900156909448,1.0439788298600003
Mol1994,1.092194121,3,1.3119166433636362,1.194359769,1.3811531930141223,0.6362639390927946,1.1279627454802166,0.8634618184000005
Mol1995,2.146531122,3,1.3119166433636362,1.194359769,1.4336611635691323,1.1151283661248574,1.3668110889593101,1.1237079315500005
Mol1996,0.675686709,2,1.324620266135323,1.20679887,0.9041906622000706,0.7099991531128016,0.801181173596391,0.8450891907500003
Mol1997,1.097847077,4,1.3273690493413655,1.2098631439999998,1.079884776016421,0.933011792768242,0.9114533254837278,0.8549140490500007
Mol1998,0.931762888,2,1.324620266135323,1.20679887,1.032165530036138,0.9460120131854638,0.9211223786977896,1.0678250113000005
Mol1999,0.675686709,2,1.324620266135323,1.20679887,1.2939852612007439,1.6733899965590766,1.2753681823082352,1.1585379762500005
Mol2000,0.675686709,3,1.3119166433636362,1.194359769,1.1565627149556614,0.9779460932559888,0.8776180944690466,1.0179624192600003
Mol2001,0.675686709,1,1.3165635449464286,1.188576779,1.0955619675363206,0.7635958748333618,0.8828525980603584,1.0699080555200005
Mol2002,0.675686709,2,1.324620266135323,1.20679887,1.4162763712947914,0.9988802266327464,1.638315913626403,1.108970617490001
Mol2003,1.110252917,4,1.3273690493413655,1.2098631439999998,1.2661944595583194,0.957563465637462,1.009584048598599,1.0074466139800002
Mol2004,1.685410295,2,1.324620266135323,1.20679887,1.398457023698798,1.9142604730057227,1.5107735243294906,1.2920489125100003
Mol2005,0.692670699,3,1.3119166433636362,1.194359769,1.3555186134541648,1.0354329555434056,1.2548549582894983,1.0816775689300007
Mol2006,0.675686709,1,1.3165635449464286,1.188576779,0.6563159678144254,0.40970056123963416,0.8000908055389653,1.0153286298500004
Mol2007,1.070222633,0,1.319724521862705,1.2178391149999999,1.3400759211407558,1.481253248839723,1.3777587053078089,1.5336408170800004
Mol2008,0.675686709,4,1.3273690493413655,1.2098631439999998,0.880205903402915,0.8124670577054425,0.7396324625958767,0.8865552283100002
Mol2009,0.675686709,4,1.3273690493413655,1.2098631439999998,1.2096892975444111,1.2522560667673894,0.9814377405085056,1.4269085567100002
Mol2010,0.953276337,4,1.3273690493413655,1.2098631439999998,0.846759078132949,1.5910859225593534,1.0090401216219402,1.3821105672999994
Mol2011,0.675686709,4,1.3273690493413655,1.2098631439999998,1.3134129162227899,1.1049354797740916,1.3847445898792556,1.1557560926500003
Mol2012,2.044755286,1,1.3165635449464286,1.188576779,1.969448609115908,2.0274379483035165,1.844312443363669,1.859472388450001
Mol2013,0.675686709,1,1.3165635449464286,1.188576779,0.742465176994938,1.5843261569319438,1.0342161895721795,1.0395276832100004
Mol2014,1.862137345,1,1.3165635449464286,1.188576779,1.075038198652427,0.9983948577457439,0.9417666587098283,1.2768261393200016
Mol2015,2.46652954,2,1.324620266135323,1.20679887,1.4244342601684334,1.9518708142992967,1.58678477446797,1.4926516744699994
Mol2016,0.675686709,4,1.3273690493413655,1.2098631439999998,1.654627973762675,1.806172396957297,1.7315275911343146,1.5388476359300005
Mol2017,2.011049993,4,1.3273690493413655,1.2098631439999998,1.6239281227973532,1.234242644098741,1.6107645299723978,1.25942185727
Mol2018,0.983536082,1,1.3165635449464286,1.188576779,1.1845001181671657,1.5094609126067107,1.0302222127802028,1.20576469046
Mol2019,1.830165073,0,1.319724521862705,1.2178391149999999,1.4430233172030156,1.6387015572943517,1.4514615795658818,1.4694057164299996
Mol2020,1.352876834,3,1.3119166433636362,1.194359769,1.5747790046401087,1.331835928093047,1.838037839913915,1.2421014426499992
Mol2021,1.371751107,2,1.324620266135323,1.20679887,1.2313339549345663,1.7574153350741977,1.198073440721391,1.3153109919500006
Mol2022,0.675686709,3,1.3119166433636362,1.194359769,0.9828862065919983,1.7124609977554104,0.9331140239249187,1.2577276563300008
Mol2023,0.675686709,2,1.324620266135323,1.20679887,1.026137961414884,1.0941430957058353,0.9940637629916079,0.8515036742400001
Mol2024,0.675686709,2,1.324620266135323,1.20679887,1.1538517419013279,1.1021020083694433,1.2099305603079575,1.2632273551100006
Mol2025,0.778946728,0,1.319724521862705,1.2178391149999999,1.6879790815332325,0.9662746419217355,1.5469481807351908,1.398784591680001
Mol2026,2.126686508,3,1.3119166433636362,1.194359769,1.2090577179781694,1.4577760805904438,1.0530819702843153,1.1710759272400002
Mol2027,2.809258634,1,1.3165635449464286,1.188576779,1.344159080643893,1.6638917064253376,1.3418877660664932,1.5311978621700006
Mol2028,1.142702246,3,1.3119166433636362,1.194359769,1.071682505021542,0.9517905722005292,1.0201969170786467,1.0065299077600003
Mol2029,2.141380783,0,1.319724521862705,1.2178391149999999,1.6062546922494114,1.8736947835525857,1.7951507217884222,1.5373490524500002
Mol2030,0.675686709,4,1.3273690493413655,1.2098631439999998,1.020920702771582,0.9126784438224272,0.8614546930751397,1.3661570919600003
Mol2031,0.675686709,0,1.319724521862705,1.2178391149999999,1.3729221932933375,1.3297622575542034,1.1165174598922452,1.017505061310001
Mol2032,1.504946355,0,1.319724521862705,1.2178391149999999,1.3813313398674132,1.303080226271629,1.4301285718386263,1.1913314253100007
Mol2033,0.982904118,4,1.3273690493413655,1.2098631439999998,1.5773562289614527,1.4591800108973183,1.788127512662693,1.0932684526300007
Mol2034,1.036229544,2,1.324620266135323,1.20679887,1.0100924327899203,1.373269399174633,0.8574147677953987,0.93277513982
Mol2035,1.819023787,0,1.319724521862705,1.2178391149999999,1.59813287822283,1.3377164478812924,1.594134883419061,1.074255001300001
Mol2036,2.03616961,4,1.3273690493413655,1.2098631439999998,1.1653308113829273,1.2475832202695014,1.1943739855258568,1.3496607098400002
Mol2037,2.569262688,4,1.3273690493413655,1.2098631439999998,1.3963262817231916,2.2591542093992665,1.3129889249554199,1.6469320574900004
Mol2038,1.597168449,4,1.3273690493413655,1.2098631439999998,1.5194495655371567,1.771424742750732,1.3051683401480276,1.273566070760001
Mol2039,1.008046306,4,1.3273690493413655,1.2098631439999998,0.9693947152328837,1.0453568173165175,0.729707811886509,1.2696204440100014
Mol2040,1.559798935,0,1.319724521862705,1.2178391149999999,1.3569682445741098,1.2308677159489618,1.4332073670128482,1.2461984681200002
Mol2041,0.675686709,4,1.3273690493413655,1.2098631439999998,1.2290968209792783,0.7874467301143944,1.0707842497173152,0.8839966919600009
Mol2042,1.488790358,2,1.324620266135323,1.20679887,1.7672020532416677,1.5174760695816643,2.127088045487595,1.4890917198300002
Mol2043,2.059608852,1,1.3165635449464286,1.188576779,1.1988557820054164,1.2965423760296693,1.219457821553277,1.2839168508600016
Mol2044,1.823089323,2,1.324620266135323,1.20679887,1.2945545875954394,1.376334490464676,1.2448602725529292,1.4706753993299995
Mol2045,1.991761966,0,1.319724521862705,1.2178391149999999,1.7595797259154509,1.5079662805956988,1.6741049620072772,1.4595879492900001
Mol2046,2.278454063,3,1.3119166433636362,1.194359769,1.368666595824034,1.9421769033893288,1.3029236727123825,1.7847639446799999
Mol2047,0.675686709,3,1.3119166433636362,1.194359769,1.105835925605979,0.9943466453472244,1.008213900273409,1.0764131247100008
Mol2048,1.990023455,4,1.3273690493413655,1.2098631439999998,1.6018989858758672,0.9792422355344809,1.4985294103966575,0.9607817231100002
Mol2049,1.463370327,4,1.3273690493413655,1.2098631439999998,1.2151996882424025,1.2775702192518952,1.1617012235778386,1.6740301965100008
Mol2050,0.675686709,0,1.319724521862705,1.2178391149999999,1.2254353366226092,0.6931230745838496,1.6082503574358304,1.0869491332400005
Mol2051,1.123721006,3,1.3119166433636362,1.194359769,0.33363798074306883,0.7955552227030194,1.179663094623763,1.199831051800001
Mol2052,0.675686709,2,1.324620266135323,1.20679887,0.9572620753094832,1.5110760903364844,0.8625171978712308,1.3733761386699999
Mol2053,0.870228279,1,1.3165635449464286,1.188576779,0.970161973165968,1.2747618154797893,0.9576515670818218,1.0694458352100007
Mol2054,1.353800865,0,1.319724521862705,1.2178391149999999,1.3183559752462808,1.1546677769880407,1.2109783829627454,1.13219862977
Mol2055,0.675686709,0,1.319724521862705,1.2178391149999999,1.3427848116941226,0.9604894427147425,1.4222842272580933,1.3458739887300004
Mol2056,0.675686709,2,1.324620266135323,1.20679887,1.0395943953806521,1.0189817647075323,0.8335315673647505,1.177633978800001
Mol2057,0.675686709,2,1.324620266135323,1.20679887,1.1521067620013339,0.8778128256874468,1.1788634378720928,1.0087919335100006
Mol2058,0.675686709,2,1.324620266135323,1.20679887,1.1013383844355147,0.854745842080233,0.7927011851025338,0.9752613833800003
Mol2059,1.647431874,2,1.324620266135323,1.20679887,1.4484794130446703,1.242297807029884,1.5545583532770175,1.53966499238
Mol2060,1.32255006,2,1.324620266135323,1.20679887,1.1145431107650623,1.5927681555052384,1.804346964559248,1.3590348127499998
Mol2061,0.675686709,4,1.3273690493413655,1.2098631439999998,1.3460902597345092,0.9866197321042323,1.4516766576971605,1.2337298693300007
Mol2062,0.675686709,1,1.3165635449464286,1.188576779,0.9323449142793653,1.0478042079446022,0.736283361929419,1.1659733756900006
Mol2063,0.675686709,1,1.3165635449464286,1.188576779,1.2893509579229572,0.9218791118971272,1.1416114270761506,1.0166412582900002
Mol2064,0.770999205,3,1.3119166433636362,1.194359769,1.2394965276993632,0.8632285343172894,1.068994702526374,1.2194895665000005
Mol2065,0.675686709,2,1.324620266135323,1.20679887,0.9208668952512464,1.1931913666823875,0.8599751260209225,1.1697362448300006
Mol2066,1.030963842,4,1.3273690493413655,1.2098631439999998,1.0345869949629267,1.201883939882236,1.0761570355039267,1.1014146720000006
Mol2067,1.607186857,0,1.319724521862705,1.2178391149999999,1.9164208399767562,2.0303524833696684,1.9742359345121754,1.4843958799099994
Mol2068,1.678964281,2,1.324620266135323,1.20679887,1.4043813434994108,0.8442198460442624,1.4596010892007747,1.2214719867900004
Mol2069,2.17634597,2,1.324620266135323,1.20679887,2.505697784931963,1.636911493343806,1.690849579511836,1.4064469420000005
Mol2070,1.066661302,0,1.319724521862705,1.2178391149999999,1.195260843514303,0.902473963065892,0.8480309462706329,1.2411782987700004
Mol2071,0.675686709,4,1.3273690493413655,1.2098631439999998,1.117736891036039,0.9084734599578854,1.1156795920799076,1.0706545594300003
Mol2072,0.675686709,3,1.3119166433636362,1.194359769,1.273175393861692,1.5199445396847382,1.2604040756312995,1.2424685674200002
Mol2073,0.675686709,1,1.3165635449464286,1.188576779,1.1488182710768113,1.2752857421570956,0.9111880507622427,0.9059691860100005
Mol2074,0.861952375,3,1.3119166433636362,1.194359769,1.157336257501841,0.8477527817056199,1.0260385163837549,1.2635872490700006
Mol2075,0.675686709,4,1.3273690493413655,1.2098631439999998,0.8308581638191525,1.0889779228349128,0.8195141360256741,1.1875903163800006
Mol2076,1.271562825,1,1.3165635449464286,1.188576779,1.368909483805713,0.55328895511086,1.6003980381019949,0.9047234694500003
Mol2077,0.892094603,1,1.3165635449464286,1.188576779,1.6492887415875614,1.1806497465567936,1.599208018945062,1.0419216459300005
Mol2078,0.675686709,4,1.3273690493413655,1.2098631439999998,1.490276151150293,1.0322954249312288,1.652770467786467,1.207901742220001
Mol2079,1.073168262,2,1.324620266135323,1.20679887,1.108825782414186,1.5894601747583694,1.0226064930608227,1.5192153692499994
Mol2080,1.438194141,0,1.319724521862705,1.2178391149999999,1.2902688618281983,1.2039013901147362,1.1679029219971533,1.3526546719500008
Mol2081,0.675686709,1,1.3165635449464286,1.188576779,0.7725878632193582,0.2992647637651819,0.7452932345714061,0.8314948831900001
Mol2082,0.675686709,2,1.324620266135323,1.20679887,1.1579855421538634,0.9266427696477704,0.9656751845364525,0.8245363553200002
Mol2083,1.867673685,3,1.3119166433636362,1.194359769,1.5431162314608793,1.766163654638607,1.5266566890969884,1.7044292973099997
Mol2084,1.551815822,2,1.324620266135323,1.20679887,1.2809897588822545,1.3070999462421686,1.3951782209594383,1.1405303550900003
Mol2085,1.380428335,0,1.319724521862705,1.2178391149999999,2.134017536515298,1.5566412785130714,1.6494395835876312,1.68950880853
Mol2086,1.521504202,2,1.324620266135323,1.20679887,1.6599286065552377,1.6681705470750148,2.0931119997165943,1.621848201009999
Mol2087,2.247226718,0,1.319724521862705,1.2178391149999999,1.256033967741798,1.8213125654922175,1.3535905361744358,1.66946202433
Mol2088,1.338536173,0,1.319724521862705,1.2178391149999999,1.7819599470437903,1.9379736753088888,1.725231829717708,1.53099340533
Mol2089,0.675686709,2,1.324620266135323,1.20679887,0.9142098469370752,0.49258360704323245,0.7117587118947613,0.8380891347500001
Mol2090,1.09961159,0,1.319724521862705,1.2178391149999999,1.3778692822737202,1.1574237661106181,1.6746835474180997,1.1427326688100004
Mol2091,0.675686709,3,1.3119166433636362,1.194359769,0.8731193214347943,0.8947836251046184,0.8999866134669878,0.9484274774199996
Mol2092,0.675686709,0,1.319724521862705,1.2178391149999999,0.9411606926470906,1.0432630786572916,0.8708124228158622,0.9124956597300004
Mol2093,0.675686709,4,1.3273690493413655,1.2098631439999998,1.7037912251250429,1.7308973708845499,1.892133223553955,1.38678010164
Mol2094,1.633205779,2,1.324620266135323,1.20679887,1.4000058745749466,1.3619674878792847,1.5084908648558473,1.3540838039900003
Mol2095,1.123165371,2,1.324620266135323,1.20679887,1.1303163023284162,1.0975877823432865,0.9945099224556341,1.2500923505600003
Mol2096,0.68690427,3,1.3119166433636362,1.194359769,0.866907231647784,0.9949061200166549,0.7672304494487467,1.0713733774599996
Mol2097,1.212400703,3,1.3119166433636362,1.194359769,1.0486952911924774,1.7648665938470516,1.2361016309824864,1.5069380363799996
Mol2098,1.997316472,4,1.3273690493413655,1.2098631439999998,1.425264031948405,0.5571821955994091,1.5109349395602722,1.0824033311500008
Mol2099,1.707493529,4,1.3273690493413655,1.2098631439999998,1.4693054971843775,1.8984216663714808,1.2302244987038256,1.5834516215099996
Mol2100,2.436576064,3,1.3119166433636362,1.194359769,1.9449450010924663,1.5679237771695635,1.9462707412636546,1.7768295842200001
Mol2101,1.301767669,3,1.3119166433636362,1.194359769,1.4700045262761547,1.3525115503221805,1.5581760035943153,1.4586403476700012
Mol2102,0.675686709,4,1.3273690493413655,1.2098631439999998,0.744457116477561,0.8165424346410407,0.7226536128610177,1.0657921701300008
Mol2103,0.807196661,1,1.3165635449464286,1.188576779,1.193189305987483,0.801614893518338,1.1551812736026066,1.0201479042000003
Mol2104,0.74390155,1,1.3165635449464286,1.188576779,1.341594220016691,1.114621637902087,1.5198631055606273,1.0179324859000014
Mol2105,0.675686709,3,1.3119166433636362,1.194359769,1.1384443917177405,0.8654008964065218,0.8149449755441462,0.98943042027
Mol2106,1.226161523,2,1.324620266135323,1.20679887,1.553555901472141,1.2601211026412222,1.5415813432749166,1.4528739825500006
Mol2107,2.077575009,0,1.319724521862705,1.2178391149999999,1.5208795385911087,1.2895685944460578,1.3926728658824385,1.6672852270699994
Mol2108,0.675686709,2,1.324620266135323,1.20679887,0.6213210501208353,0.6388298445178693,0.7305263048073846,0.78947636969
Mol2109,1.646403726,0,1.319724521862705,1.2178391149999999,1.185988682853281,1.1145152822746127,1.0473615981010582,1.2099077627400014
Mol2110,1.432151214,1,1.3165635449464286,1.188576779,1.3677544360551754,2.0807205270906213,1.394768087743899,1.6760374590200002
Mol2111,2.115364175,1,1.3165635449464286,1.188576779,1.5382607460728146,1.7651955375609152,1.6592118312820943,1.4219103561400006
Mol2112,0.751587005,2,1.324620266135323,1.20679887,1.3567828940844247,0.6052390265025236,1.3837810611011172,1.0529240505800006
Mol2113,2.1041353,4,1.3273690493413655,1.2098631439999998,1.4175625720062097,2.386065387190678,1.370696121613646,1.5254258957399998
Mol2114,2.361629637,3,1.3119166433636362,1.194359769,1.2419567683230517,1.4586128017623605,1.1329056191647817,1.2611821273300001
Mol2115,1.80988279,3,1.3119166433636362,1.194359769,1.0697470379166465,1.2309017715856538,1.004507494547233,1.0300010449200006
Mol2116,1.201287854,4,1.3273690493413655,1.2098631439999998,1.9220428084704348,1.0362202544818748,1.5814988356590143,1.2936344624700007
Mol2117,2.123841845,1,1.3165635449464286,1.188576779,1.4122257177107704,0.8938405654369741,1.550536533266461,1.1961971486800007
Mol2118,1.291146762,1,1.3165635449464286,1.188576779,1.9268095055183445,1.7445870565210253,1.7575478803441233,1.3947439889900004
Mol2119,1.564677898,2,1.324620266135323,1.20679887,1.434547443409219,1.2483043026445522,1.492483955474934,1.1437417670900007
Mol2120,1.749094446,1,1.3165635449464286,1.188576779,1.7514035746077956,1.126735770487919,1.5679732619787887,1.2689808410200005
Mol2121,0.992420956,0,1.319724521862705,1.2178391149999999,1.1662926071896158,0.7665383494405059,0.9152265889355792,1.0236356252700005
Mol2122,2.01301428,1,1.3165635449464286,1.188576779,1.2581722834248508,1.3198862778962992,1.2781154360702494,1.3913847866500004
Mol2123,1.256765838,2,1.324620266135323,1.20679887,1.0096181565752254,0.7171109912015565,0.8921651927361219,1.0835486384800006
Mol2124,0.675686709,2,1.324620266135323,1.20679887,1.3530749219423879,1.01777358430931,1.2892065492872478,1.2682380768200008
Mol2125,1.710633471,0,1.319724521862705,1.2178391149999999,1.1973815396851086,1.9718545056070802,1.2417661381325684,1.48766565302
Mol2126,2.027512692,4,1.3273690493413655,1.2098631439999998,1.1336799614518351,2.3470831292404046,1.1006785043699492,1.5601883928
Mol2127,0.675686709,4,1.3273690493413655,1.2098631439999998,1.5209045132466694,0.7864154533123723,1.6360311837734482,1.0488874524300007
Mol2128,0.675686709,3,1.3119166433636362,1.194359769,1.4431874334246342,1.05274115508934,1.2615133276928865,0.9933487081800011
Mol2129,1.892484179,1,1.3165635449464286,1.188576779,1.4506428843459511,1.82736938457667,1.3217289782604957,1.4197319982600007
Mol2130,0.675686709,4,1.3273690493413655,1.2098631439999998,1.073281674782806,0.8295738814553076,0.9409828435189275,0.9863529949000006
Mol2131,1.133858125,1,1.3165635449464286,1.188576779,1.0817016661630992,1.1129439941326613,1.0667442876493405,0.8344974973400003
Mol2132,0.675686709,1,1.3165635449464286,1.188576779,0.9193400007702975,0.9148721289106758,0.8009803866424956,0.8573352068500004
Mol2133,2.282839546,3,1.3119166433636362,1.194359769,1.4111809577090129,2.0672382785452985,1.3256694814489765,1.2625240800400006
Mol2134,1.698213674,4,1.3273690493413655,1.2098631439999998,1.2363997936071565,1.5010724815011263,1.2029876487831566,1.419386094190001
Mol2135,0.675686709,4,1.3273690493413655,1.2098631439999998,1.1208087481839106,1.3605948376689803,1.103923694861023,1.1274028269700007
Mol2136,1.38309693,3,1.3119166433636362,1.194359769,1.3241066649804445,1.3957637276796926,1.2713066549178782,1.5862385874900005
Mol2137,0.675686709,3,1.3119166433636362,1.194359769,0.8026330272314625,-0.022626126429895255,0.7432976412798393,1.012837892500001
Mol2138,1.521151165,0,1.319724521862705,1.2178391149999999,1.220848151329035,1.4214531461437627,1.2422371210290124,1.35709780749
Mol2139,1.168644777,0,1.319724521862705,1.2178391149999999,1.5466427246290797,0.9059813631560983,1.8034887084431463,1.2737230221700002
Mol2140,0.675686709,4,1.3273690493413655,1.2098631439999998,1.292825890389202,1.2258661736565677,1.8187357151962202,1.2309224824000011
Mol2141,0.675686709,2,1.324620266135323,1.20679887,1.4897748353238232,1.7217273210090145,1.757864801135939,1.5320166254799998
Mol2142,2.0743629,1,1.3165635449464286,1.188576779,1.574054585269219,1.2248307594067986,1.8464053462602847,1.2727992509200003
Mol2143,1.64823312,1,1.3165635449464286,1.188576779,1.315306819036412,1.0795773796354333,1.4713523380703515,1.2238064063400005
Mol2144,0.675686709,3,1.3119166433636362,1.194359769,0.9305699602435096,1.0383609145066626,0.9684235476312871,1.1675776962800004
Mol2145,1.342343711,1,1.3165635449464286,1.188576779,1.2638944377141748,1.0574061041440657,1.1025723743654383,0.8500927592900003
Mol2146,2.441157629,1,1.3165635449464286,1.188576779,1.5604321573977227,1.4935842080009052,1.810686771742472,1.3646136588700006
Mol2147,0.675686709,3,1.3119166433636362,1.194359769,1.2223025646801187,1.0679257477910487,1.2087230007691334,1.044930087130001
Mol2148,1.207149453,0,1.319724521862705,1.2178391149999999,1.5197145191070889,1.3899623917488075,1.2502395693535018,1.2053784540600005
Mol2149,2.448098501,0,1.319724521862705,1.2178391149999999,1.7148718867275425,1.276415372346415,1.8373521716110506,1.5190762736100003
Mol2150,0.959613711,4,1.3273690493413655,1.2098631439999998,1.4963494122423677,1.133847003430286,1.5807048350648143,1.1544542297900002
Mol2151,0.882809041,1,1.3165635449464286,1.188576779,1.534520425970025,0.9454534952119742,1.6189340164789465,1.01409750535
Mol2152,1.777738475,4,1.3273690493413655,1.2098631439999998,1.5221504124587535,1.5194750537295465,1.5472281353020643,1.3774932969600007
Mol2153,2.117606004,1,1.3165635449464286,1.188576779,1.5011500320697249,1.3514498795847005,1.6016049035160456,1.108908118700001
Mol2154,1.878084984,3,1.3119166433636362,1.194359769,1.3693161471323831,1.8566890912621157,1.3062447803525308,1.38548350622
Mol2155,1.46386314,0,1.319724521862705,1.2178391149999999,1.2077045612315542,1.1822753556807428,1.328773268011343,1.2472124854900006
Mol2156,0.675686709,2,1.324620266135323,1.20679887,1.244399820439623,1.182522997207323,1.4197497804415604,1.2624793016899998
Mol2157,0.675686709,3,1.3119166433636362,1.194359769,1.3111987579961741,0.7271522942024851,1.7486289189422315,0.8837799453700005
Mol2158,0.675686709,3,1.3119166433636362,1.194359769,1.3710284392295526,2.0722058828647407,1.18814667205184,1.6529838903899992
Mol2159,1.216746334,1,1.3165635449464286,1.188576779,1.3142661835095066,0.6339239387253236,1.506518125188924,1.1456530100100006
Mol2160,0.675686709,4,1.3273690493413655,1.2098631439999998,1.3902616637031189,1.1205370408541206,1.3797500946351786,1.082047721160001
Mol2161,0.675686709,2,1.324620266135323,1.20679887,1.0565114394116975,0.8834050209080508,1.0842984468482297,1.1727056703200005
Mol2162,1.064532861,3,1.3119166433636362,1.194359769,1.244299669027351,0.9042071417135721,1.1204894658470703,0.8014445158699998
Mol2163,1.136815658,3,1.3119166433636362,1.194359769,1.2426280544546744,1.571287863282119,1.0242514964536626,1.2080383301500006
Mol2164,0.675686709,1,1.3165635449464286,1.188576779,1.4327300992602023,1.3216404095324412,1.4213339380120242,1.2325613108000002
Mol2165,0.675686709,0,1.319724521862705,1.2178391149999999,1.1064959762245117,0.749151520394274,1.4122887745270425,1.0653108475300006
Mol2166,0.675686709,1,1.3165635449464286,1.188576779,0.7533762806977471,0.5912906429180838,0.7528369233337995,1.1516195745200006
Mol2167,0.675686709,1,1.3165635449464286,1.188576779,0.8619642592746353,1.3049684532943604,0.8346852190633665,1.1579479769100007
Mol2168,1.374730021,2,1.324620266135323,1.20679887,1.117627333855608,0.9954431736827499,1.2244100640179156,1.1296574638400008
Mol2169,2.39006211,0,1.319724521862705,1.2178391149999999,1.703460531480441,1.6199556593165263,1.8480086223668146,1.6280327819700002
Mol2170,2.613674835,0,1.319724521862705,1.2178391149999999,1.1608737259466875,1.9115396912300908,0.9809734260863004,1.2956518245300006
Mol2171,1.203141719,0,1.319724521862705,1.2178391149999999,1.309261506691302,1.4497980914033106,1.361368148206112,1.1322779146300008
Mol2172,2.515428729,3,1.3119166433636362,1.194359769,1.5824205656908137,1.3623484286969987,1.3965966952032354,1.1427226909000008
Mol2173,0.791409916,2,1.324620266135323,1.20679887,1.0772389245312932,1.019978725232954,0.9612346716559486,1.171754280550001
Mol2174,2.117234827,0,1.319724521862705,1.2178391149999999,1.1441925869996996,0.28205975869412303,1.287096437701103,1.1126596023300006
Mol2175,2.10818942,3,1.3119166433636362,1.194359769,1.4682002053856986,1.4678022154436536,1.1545904870306387,1.6239718498700002
Mol2176,0.675686709,1,1.3165635449464286,1.188576779,0.9348688792040927,1.5442990430947168,0.7501984269930472,1.6898688741399996
Mol2177,1.158573556,0,1.319724521862705,1.2178391149999999,1.2991271484126063,1.3263976563335427,1.3547073993795384,1.2873557137100005
Mol2178,1.286209386,0,1.319724521862705,1.2178391149999999,1.0641737456427238,1.264636930898481,1.059300607935729,1.3220910394300003
Mol2179,1.624292412,1,1.3165635449464286,1.188576779,1.4171291601514033,1.3071834831799918,1.5090288169164203,1.3705166405300009
Mol2180,0.837651558,1,1.3165635449464286,1.188576779,0.9468431698417907,0.98602866368008,0.9350993790332558,1.0022198733000005
Mol2181,1.404337585,0,1.319724521862705,1.2178391149999999,0.7769873627575321,0.5605927105219574,0.9364011430828875,1.0547317465600003
Mol2182,1.543074235,2,1.324620266135323,1.20679887,1.300971174150253,1.2898743748891048,1.232247205094931,1.4907318245200003
Mol2183,2.12602745,4,1.3273690493413655,1.2098631439999998,1.1930005057422075,2.1824764329723854,1.423302513195661,1.4610362081299997
Mol2184,1.177276711,3,1.3119166433636362,1.194359769,1.3720271871241423,0.8293761403615056,1.539336115933853,0.949881063090001
Mol2185,0.675686709,0,1.319724521862705,1.2178391149999999,1.1216300674613062,1.1254232003588738,1.3955701405613652,1.1252489116300008
Mol2186,1.217720768,4,1.3273690493413655,1.2098631439999998,1.228565714600413,1.0637973909732272,1.0940031807373798,0.9993403863200004
Mol2187,1.808946556,1,1.3165635449464286,1.188576779,1.3662476441197713,1.367327451641321,1.2540951056679719,1.3083060018000006
Mol2188,1.572999317,3,1.3119166433636362,1.194359769,1.1526062630049854,1.4641244261350845,1.2371721788778953,1.3960375219300007
Mol2189,1.719588141,1,1.3165635449464286,1.188576779,1.0853465990278124,0.8926099651445086,0.9745693110474768,0.9928589395100008
Mol2190,2.995822033,3,1.3119166433636362,1.194359769,1.7472390974052205,2.0556266846746514,2.001537690401122,1.48716118611
Mol2191,1.250639534,2,1.324620266135323,1.20679887,1.1178449694904742,1.5991742095424564,1.1225113226597534,1.3449829941200004
Mol2192,0.675686709,4,1.3273690493413655,1.2098631439999998,1.2665279288939884,1.0188688465685884,1.0030692992135528,1.06020783938
Mol2193,0.675686709,2,1.324620266135323,1.20679887,1.2699018652949086,0.9948954682478806,1.0235825200957258,0.977464337220001
Mol2194,1.981184137,2,1.324620266135323,1.20679887,1.5854678703146308,1.7828307940029082,1.9763786174895137,1.39447890126
Mol2195,0.675686709,1,1.3165635449464286,1.188576779,1.1467483368438027,1.6964389210944266,0.9216033064082032,1.2137839337100003
Mol2196,1.176756667,0,1.319724521862705,1.2178391149999999,1.7491601858209411,1.7192317783265905,2.100451047082976,1.43217087781
Mol2197,2.074893203,3,1.3119166433636362,1.194359769,1.3327758363978996,1.3249963931917426,1.3901135567697818,1.034238962770001
Mol2198,2.220748592,0,1.319724521862705,1.2178391149999999,1.1910073554681906,1.4321525568385989,1.0365286695752303,1.5367702299200008
Mol2199,0.907411361,0,1.319724521862705,1.2178391149999999,1.0801720173577107,1.523749225258202,0.7952146576457217,1.1120996548900006
Mol2200,0.675686709,1,1.3165635449464286,1.188576779,0.5466554667987537,0.6452156737908686,0.7342525247312703,0.9722245025100003
Mol2201,1.0548045,1,1.3165635449464286,1.188576779,1.7902501771324533,1.3668485110618904,1.4469212369001707,1.1697403133100006
Mol2202,0.675686709,0,1.319724521862705,1.2178391149999999,1.4645265196857653,1.0361334131012432,1.5384987801468126,1.0297546357900007
Mol2203,0.675686709,2,1.324620266135323,1.20679887,1.0903734588369243,1.0237043002070723,1.0715997748390265,0.9598607402500003
Mol2204,1.057399817,2,1.324620266135323,1.20679887,1.592129488213529,1.1824051783676972,1.7405588484421397,1.35652388623
Mol2205,1.80260271,1,1.3165635449464286,1.188576779,1.2200793943170667,1.610303799826284,1.0674910245823932,1.3386863301099998
Mol2206,1.83653931,1,1.3165635449464286,1.188576779,1.6047187576519275,1.0842618182298007,1.7300965693986512,1.3462805361800003
Mol2207,2.538235566,0,1.319724521862705,1.2178391149999999,1.8175614595688254,2.29326047104675,1.9025870190248173,1.7657529505000005
Mol2208,0.675686709,2,1.324620266135323,1.20679887,1.1264487136330874,1.4394731053308187,1.0394946666248743,1.2391393622800007
Mol2209,0.675686709,1,1.3165635449464286,1.188576779,0.7075304493545036,0.710070644593927,1.0417362403238193,1.1524412439800007
Mol2210,1.650773629,4,1.3273690493413655,1.2098631439999998,1.7014494762685515,1.377988357390516,1.9445498249646294,1.2404961922300006
Mol2211,0.937517892,3,1.3119166433636362,1.194359769,1.5530940288369257,1.4251540995973917,1.6201404751274737,1.2633762418100007
Mol2212,1.208548842,1,1.3165635449464286,1.188576779,1.4234244954887583,1.7066502398089574,1.4440556052877844,1.33912718435
Mol2213,0.753812784,3,1.3119166433636362,1.194359769,2.091525496392004,1.7090885576784385,1.5755542581611248,1.3154104121000005
Mol2214,2.020547724,0,1.319724521862705,1.2178391149999999,1.2396208672794595,1.39615258185335,1.2632285901993017,1.1642504164800003
Mol2215,0.675686709,0,1.319724521862705,1.2178391149999999,0.9472156102418439,0.8732458113675352,0.8381715358755573,1.2805112090700002
Mol2216,1.386659455,4,1.3273690493413655,1.2098631439999998,1.4400533832048255,1.0971233913728908,1.4709332768266672,1.2601540431100005
Mol2217,2.08089333,0,1.319724521862705,1.2178391149999999,1.1598738158079052,1.6587020862276056,0.8758886400399416,1.2727025853300002
Mol2218,2.101265785,4,1.3273690493413655,1.2098631439999998,1.2967540692302673,1.4620783473994001,0.9581073333282812,1.4295982406499999
Mol2219,0.675686709,0,1.319724521862705,1.2178391149999999,2.0339233964658097,1.0000518944149188,1.6977057664760125,1.2586223321999999
Mol2220,1.387425423,1,1.3165635449464286,1.188576779,1.2571225499813674,1.847460513537043,1.4582373105454278,1.4867240447300005
Mol2221,1.14245204,0,1.319724521862705,1.2178391149999999,1.6260780735200837,1.3550601484724258,1.3982606788642795,1.3222681381500003
Mol2222,0.675686709,1,1.3165635449464286,1.188576779,0.9987308842555302,0.7249496138863745,0.8045102116893252,1.1253469733500001
Mol2223,1.416474079,0,1.319724521862705,1.2178391149999999,1.3302611458792395,0.9580620569002959,1.4579980646155406,1.4596068608099995
Mol2224,0.919025765,4,1.3273690493413655,1.2098631439999998,1.3178497960692979,0.859188937627986,1.163169999018272,0.9639569203700007
Mol2225,1.256332818,1,1.3165635449464286,1.188576779,1.511160510665178,2.1341789620330314,1.660730543369923,1.7404923385799995
Mol2226,0.675686709,0,1.319724521862705,1.2178391149999999,1.0986882332370094,1.1133787602727538,0.8436570793806593,1.3044550663100003
Mol2227,0.675686709,4,1.3273690493413655,1.2098631439999998,1.17848321388388,1.3235924070662128,1.043447421353722,1.0254618755000007
Mol2228,0.675686709,1,1.3165635449464286,1.188576779,0.9702808933810967,0.8884190495973474,0.7840483228453532,1.0882077285600003
Mol2229,1.564879018,4,1.3273690493413655,1.2098631439999998,1.483830562506994,1.240846386344559,1.5687582034578345,1.3928031154199996
Mol2230,1.082928915,0,1.319724521862705,1.2178391149999999,1.0438447115978653,1.4432440870393246,0.8264623569697462,1.239213355070001
Mol2231,0.986278956,3,1.3119166433636362,1.194359769,0.9263264753232634,1.1533147322499007,0.7794334422719768,1.2048241513100009
Mol2232,1.520588327,2,1.324620266135323,1.20679887,1.6626979413241334,1.1400324700275917,1.8022235944688145,1.03956596695
Mol2233,0.675686709,4,1.3273690493413655,1.2098631439999998,1.3496670672757367,1.279193347181802,1.1424688547463078,0.9778837665400004
Mol2234,1.244103863,0,1.319724521862705,1.2178391149999999,1.3612519872368183,1.2228525444654001,1.530857562071289,1.2831371157600002
Mol2235,1.482273157,3,1.3119166433636362,1.194359769,1.7054088495082536,1.7778240614713643,1.7458360058691715,1.4201539171300002
Mol2236,0.787956123,4,1.3273690493413655,1.2098631439999998,1.5921621792095686,0.5573988370978107,1.6800299171531983,1.40780527505
Mol2237,0.705692697,0,1.319724521862705,1.2178391149999999,0.539205487737738,1.3154411234070527,1.243574004613599,1.0971229211700007
Mol2238,1.964160594,1,1.3165635449464286,1.188576779,1.1950705597043916,1.3033827016441233,1.057988010285091,1.1612344288300003
Mol2239,1.960090068,2,1.324620266135323,1.20679887,1.3082956487093835,1.711537278251423,1.1615051426263552,1.0786302993000008
Mol2240,1.503041253,4,1.3273690493413655,1.2098631439999998,1.6592721184686718,1.379751631336645,1.6558967042262898,1.40238397107
Mol2241,1.625353614,2,1.324620266135323,1.20679887,1.2423631171263863,1.3396467560656762,1.0955095817960971,1.3116312027400001
Mol2242,1.248708736,3,1.3119166433636362,1.194359769,1.3999756762476618,1.4433806801487512,1.2372154422286878,1.6172986703600003
Mol2243,1.397870516,4,1.3273690493413655,1.2098631439999998,1.2947830728795207,0.9759370350190744,1.234266592333336,1.1290303667800006
Mol2244,2.163113648,0,1.319724521862705,1.2178391149999999,1.30848515694618,2.0633817038835636,1.817676746016202,1.72105674292
Mol2245,0.675686709,4,1.3273690493413655,1.2098631439999998,0.897002906809634,0.7992158644991684,0.7879799989255464,0.7938068329800001
Mol2246,1.376704672,1,1.3165635449464286,1.188576779,1.3447941127952134,0.7340412014510123,1.534453445541876,1.0308881203000009
Mol2247,2.145867381,4,1.3273690493413655,1.2098631439999998,1.4404406274219952,1.7695464572053077,1.5485353474593224,1.47537125849
Mol2248,1.254403046,4,1.3273690493413655,1.2098631439999998,1.2916297355713506,0.7293452795176322,1.2182646178014456,0.9939482192200002
Mol2249,0.675686709,0,1.319724521862705,1.2178391149999999,1.2099908725608681,0.5136102442811085,1.0544609780067804,1.265674863970001
Mol2250,0.675686709,1,1.3165635449464286,1.188576779,1.1535100111672556,1.0480749022297493,0.9972529583942011,1.2571887878100005
Mol2251,1.472258992,0,1.319724521862705,1.2178391149999999,0.9695649550150471,0.8498135290999653,0.8446416234808867,0.82416854255
Mol2252,1.292056605,2,1.324620266135323,1.20679887,1.3623433017267985,1.3315110318895034,1.336235404055492,1.0583210903800004
Mol2253,0.675686709,3,1.3119166433636362,1.194359769,0.8087973579421721,0.7030014655332083,0.7735197377341223,0.9855398278000003
Mol2254,0.888516461,1,1.3165635449464286,1.188576779,1.3551116869721764,1.2530919945777201,1.3130285737904035,1.3517681292500001
Mol2255,1.521974472,2,1.324620266135323,1.20679887,1.4109001201940043,1.5700333516697107,1.2647043295376448,1.4585102218499997
Mol2256,2.801293236,4,1.3273690493413655,1.2098631439999998,1.8298917746074952,1.7770365736780565,1.8480977837250712,1.7836135806000004
Mol2257,0.675686709,0,1.319724521862705,1.2178391149999999,1.3183559752462808,1.2299452745505712,1.2109783829627454,1.17115384803
Mol2258,1.449447542,2,1.324620266135323,1.20679887,1.6410290462047896,1.5319746271001775,1.7666432428365988,1.2476116798600012
Mol2259,1.720969231,2,1.324620266135323,1.20679887,1.1348580957909102,1.436919096799977,1.058641272493454,1.2386428987200009
Mol2260,0.882011962,3,1.3119166433636362,1.194359769,1.0594232223744717,0.6038159786908068,0.9424509219228193,0.9593790543300007
Mol2261,0.675686709,4,1.3273690493413655,1.2098631439999998,1.1051980728660151,0.695375042173728,0.7952587520155248,1.123628260330001
Mol2262,0.675686709,3,1.3119166433636362,1.194359769,0.9268799164727338,0.7996332701131876,1.0289907443524584,1.0137265322900006
Mol2263,0.804684515,4,1.3273690493413655,1.2098631439999998,1.6206918167547142,1.9586283888434044,1.6651616819474828,1.203031902220001
Mol2264,0.675686709,4,1.3273690493413655,1.2098631439999998,0.6150775641337916,0.8205196223139768,0.9372716231082525,1.0880935928200008
Mol2265,0.721398376,3,1.3119166433636362,1.194359769,1.056549107558534,0.8828865300665449,0.912621844510996,0.9920541332500002
Mol2266,2.362331652,0,1.319724521862705,1.2178391149999999,1.5138333397874546,1.4792084059889437,1.7162243779951165,1.1407103926900006
Mol2267,0.800854492,0,1.319724521862705,1.2178391149999999,1.5630742271495928,1.1208746876747195,1.7190507630878482,1.054978320790001
Mol2268,0.675686709,2,1.324620266135323,1.20679887,1.2588546519314385,0.8932602120937774,1.1142739882355588,0.9467742708000004
Mol2269,2.369189873,3,1.3119166433636362,1.194359769,1.34441695056806,1.754806235249425,1.2862483573040395,1.614141594739999
Mol2270,0.675686709,4,1.3273690493413655,1.2098631439999998,1.0527494150351018,1.204374390843642,1.038478231346724,0.9125805654200004
Mol2271,0.675686709,4,1.3273690493413655,1.2098631439999998,1.331248635150146,1.1342907405891371,1.2101278370916007,0.9318534525000004
Mol2272,1.941302683,1,1.3165635449464286,1.188576779,1.070476973875883,0.7889407536252468,0.8401201210530167,0.8367065504199993
Mol2273,2.285411019,0,1.319724521862705,1.2178391149999999,1.2499224018487576,1.3038645761119492,1.4194458318414729,1.3075919592000003
Mol2274,1.259522207,1,1.3165635449464286,1.188576779,1.2798404180731877,1.6606522291939076,1.5988488141558679,1.1902045784200004
Mol2275,0.675686709,3,1.3119166433636362,1.194359769,1.3586498711630335,1.8202219686278673,1.7722045965401478,1.6770316774399998
Mol2276,0.675686709,2,1.324620266135323,1.20679887,0.9811112557101589,1.0832437246886124,0.9626160035972191,1.2992221425800003
Mol2277,1.81973472,2,1.324620266135323,1.20679887,1.701637962222133,1.1816641681956166,2.000649543419494,1.193620760560001
Mol2278,0.675686709,1,1.3165635449464286,1.188576779,1.363564316549748,0.8440908394583648,1.137480518222159,1.2991171459000004
Mol2279,1.095901279,4,1.3273690493413655,1.2098631439999998,1.9878451095333092,1.693220234748392,1.9194028542623074,1.3087715145200005
Mol2280,0.675686709,3,1.3119166433636362,1.194359769,0.9922178997619192,0.8108646015112457,0.9082614732790225,0.7819513781799996
Mol2281,0.675686709,2,1.324620266135323,1.20679887,1.1575088706614545,0.6683832349247715,1.1005639712580504,0.9126290950200007
Mol2282,2.210973615,4,1.3273690493413655,1.2098631439999998,0.9554103654887328,1.2837097369342536,0.7097460251842554,0.9979309465899994
Mol2283,1.530250939,0,1.319724521862705,1.2178391149999999,1.3171612412857707,1.3027537205748432,1.1500082666817872,1.0934304853100003
Mol2284,1.299093072,4,1.3273690493413655,1.2098631439999998,1.0811733529746956,1.3764253135525872,0.9280276800518655,1.4061686131000004
Mol2285,0.858236335,0,1.319724521862705,1.2178391149999999,1.511933042112078,1.7139758303450772,1.6769966456556562,1.2634985183100007
Mol2286,2.555778619,3,1.3119166433636362,1.194359769,1.688674711447796,2.5684976260632526,2.0598407236819107,2.2859556871499995
Mol2287,0.97386645,2,1.324620266135323,1.20679887,1.3765931005260488,0.8074964187119961,1.480486763105016,0.9478177838000006
Mol2288,3.128647043,1,1.3165635449464286,1.188576779,1.5237320792000966,2.0843446750761285,1.6770306333525684,1.8950090624300002
Mol2289,1.321432717,4,1.3273690493413655,1.2098631439999998,1.3533660846718116,1.1774031064593828,1.5987232823143083,1.6175464637599992
Mol2290,1.422130026,2,1.324620266135323,1.20679887,1.2462242661100384,1.5135796788163947,0.9072514911231306,1.3124147418400005
Mol2291,1.821592127,2,1.324620266135323,1.20679887,1.59112331144014,1.420549555964981,1.754151154367538,1.50446624958
Mol2292,0.675686709,2,1.324620266135323,1.20679887,1.237168520833776,1.2267801977985064,1.3248257582670409,1.243130808840001
Mol2293,1.179637952,4,1.3273690493413655,1.2098631439999998,1.2061359396068578,1.3310056663244705,1.113832552227245,1.0484070602700004
Mol2294,1.96363202,0,1.319724521862705,1.2178391149999999,1.2764779608582255,2.1904668401892162,1.51859460825464,2.0822289157799996
Mol2295,1.272213037,4,1.3273690493413655,1.2098631439999998,1.269435537110235,1.4763120414964073,1.102360862717477,0.8907453810000001
Mol2296,0.675686709,2,1.324620266135323,1.20679887,1.2470781574019734,0.806366268676077,1.3623320668894305,0.9201451838300008
Mol2297,2.036780553,4,1.3273690493413655,1.2098631439999998,1.9298316818528085,1.946394479536947,1.9786129233279943,1.55585801131
Mol2298,1.713767664,0,1.319724521862705,1.2178391149999999,1.39988013924471,0.7575752606524617,1.273460293193285,1.3744835264300006
Mol2299,0.675686709,0,1.319724521862705,1.2178391149999999,1.532624723743917,0.9371327355057573,1.7056304457892164,0.9220667034000003
Mol2300,1.515038878,0,1.319724521862705,1.2178391149999999,1.5115758500802445,2.0096591960235153,1.2849828345320606,1.3740233177599996
Mol2301,1.92224264,2,1.324620266135323,1.20679887,1.3875716421379425,1.198955349941315,1.4581591542023522,1.32750595487
Mol2302,0.675686709,3,1.3119166433636362,1.194359769,0.9996269452332729,0.5915323247624606,0.7680631682906862,1.1042180415800003
Mol2303,0.675686709,3,1.3119166433636362,1.194359769,0.8759040699978464,0.5376064326350332,0.7356989980986488,0.80086865132
Mol2304,1.930623061,2,1.324620266135323,1.20679887,1.3201260840019726,1.6424220307344901,1.5234343136302653,1.4372850550999996
Mol2305,0.675686709,3,1.3119166433636362,1.194359769,1.603834467380374,1.7609989572637401,1.6020431635409855,1.5833051622700005
Mol2306,1.260357642,3,1.3119166433636362,1.194359769,1.2733189548382735,0.9922708771804254,1.2666292956578795,1.2067451880600013
Mol2307,0.675686709,1,1.3165635449464286,1.188576779,0.8862958137776895,0.8381964431803416,0.9034598603289525,0.9908281117600002
Mol2308,0.675686709,1,1.3165635449464286,1.188576779,0.7867626861941983,1.0376247511989527,0.7642771065133569,0.7893413432500002
Mol2309,1.686126613,2,1.324620266135323,1.20679887,1.5195128940299765,1.5464560314335714,1.7441602728625332,1.2855729277000003
Mol2310,2.92364496,1,1.3165635449464286,1.188576779,1.3367669981154404,1.5177069766453168,1.1231193202007275,1.6101012957699996
Mol2311,0.963929422,0,1.319724521862705,1.2178391149999999,1.261366246596579,1.6857501521230458,1.4767592442791935,1.3475477588500002
Mol2312,0.685831275,4,1.3273690493413655,1.2098631439999998,1.2473120309422734,1.568791682693119,1.6050441000608435,1.7468558549399993
Mol2313,2.988805463,1,1.3165635449464286,1.188576779,1.5514026704248334,1.458053872342529,1.6014679998470016,1.35870353338
Mol2314,1.346313847,2,1.324620266135323,1.20679887,1.084566364209714,0.7617582763108179,0.8905188898948286,0.9661063350600004
Mol2315,0.675686709,4,1.3273690493413655,1.2098631439999998,1.1709672507368143,1.3175158317369333,1.0078059737366294,1.4323021581200002
Mol2316,1.219663101,1,1.3165635449464286,1.188576779,1.1750875665754175,1.6539194579285037,1.0825072961703266,1.3255537648100002
Mol2317,0.675686709,0,1.319724521862705,1.2178391149999999,1.1893261142726732,1.2806183890509495,0.9610981626463615,1.1729974513000005
Mol2318,1.26131046,1,1.3165635449464286,1.188576779,1.1137457113947347,0.8144623040729911,1.342060760418719,1.3011476512900004
Mol2319,0.675686709,4,1.3273690493413655,1.2098631439999998,1.0272074373661755,1.3981663659732928,0.9291528483087478,0.9719283274600007
Mol2320,1.640898636,0,1.319724521862705,1.2178391149999999,1.57946771330696,0.8633372560548779,1.293450496773869,1.1804154959800004
Mol2321,1.321494867,4,1.3273690493413655,1.2098631439999998,1.3329027262163948,1.3178310160358466,1.207099995975654,0.9677001134400001
Mol2322,1.71590311,3,1.3119166433636362,1.194359769,1.5516464387778488,1.5335486900688013,1.9276841106143368,1.4057080912400002
Mol2323,1.323685147,1,1.3165635449464286,1.188576779,1.1103858085844123,0.9477244171027636,1.0211466836516991,0.9870884137200007
Mol2324,2.214263518,0,1.319724521862705,1.2178391149999999,1.188534636195723,1.2119648111287744,1.54838177615586,1.1547731688100007
Mol2325,0.675686709,2,1.324620266135323,1.20679887,1.8059221177874571,1.2380468653918975,2.044393050497245,1.2379779613400006
Mol2326,1.762903529,0,1.319724521862705,1.2178391149999999,1.51107673975434,0.9967012006645399,1.433050568242379,1.3119312531900005
Mol2327,0.675686709,4,1.3273690493413655,1.2098631439999998,0.8526976406225562,1.3092346552073197,0.7480061689672121,1.319318245480001
Mol2328,0.797890483,2,1.324620266135323,1.20679887,1.6243954211841898,1.1722594415140488,1.5408685380715479,1.3148702156200003
Mol2329,0.818555779,0,1.319724521862705,1.2178391149999999,0.7304247100141494,1.3868082198133656,0.8905450553763147,1.7424847226499995
Mol2330,1.021520064,0,1.319724521862705,1.2178391149999999,1.0451445556180436,1.7879317022159407,0.8281760237926372,1.1304492947900004
Mol2331,1.10503305,0,1.319724521862705,1.2178391149999999,1.7626443868499513,1.9719490969703917,1.6776786285887584,1.4999564978400008
Mol2332,1.47444938,2,1.324620266135323,1.20679887,1.1234391171418086,1.632199687448884,1.1022726874503697,1.0983583863600006
Mol2333,0.675686709,2,1.324620266135323,1.20679887,0.9992364970075478,1.3313375208231668,0.950394403549506,1.3152240261800003
Mol2334,2.10504328,4,1.3273690493413655,1.2098631439999998,1.4474977244721399,1.4169130462770043,1.3019692635134075,1.337983271650001
Mol2335,1.427112676,1,1.3165635449464286,1.188576779,1.475129743760203,1.7901476314709672,1.263275813339471,1.65049040512
Mol2336,1.155062619,0,1.319724521862705,1.2178391149999999,1.202599553192147,1.3581429142750836,0.9091023986685906,1.2692018395800007
Mol2337,1.942677591,3,1.3119166433636362,1.194359769,1.2866685577801453,1.4802997760110612,0.9728706146696302,0.9683843773700006
Mol2338,0.675686709,2,1.324620266135323,1.20679887,1.2660922858545076,1.4636394044065915,1.1735487260629602,1.2095966734300008
Mol2339,1.663738607,3,1.3119166433636362,1.194359769,1.471338385197709,1.3431995747099867,1.6715830309731428,1.7352004759900006
Mol2340,0.675686709,1,1.3165635449464286,1.188576779,1.2844146625977628,1.0109813828363037,1.1502861533574946,1.2869667998199998
Mol2341,0.675686709,2,1.324620266135323,1.20679887,1.055659131965748,1.1761398634928448,1.0660407103767013,1.1225341116500012
Mol2342,0.961468555,0,1.319724521862705,1.2178391149999999,1.018256028401117,1.1404352197664882,0.7696905549327379,1.1136038139800004
Mol2343,1.137607271,2,1.324620266135323,1.20679887,1.4174981528162718,1.2267776329846014,1.4028161038068574,1.2355459497700008
Mol2344,1.346685415,0,1.319724521862705,1.2178391149999999,1.3424848086437755,1.5537630505284086,1.3277615533986897,1.2154210259100005
Mol2345,0.675686709,3,1.3119166433636362,1.194359769,1.473475183576795,1.1038271044757328,1.4693614347040447,1.1258557170400005
Mol2346,0.675686709,0,1.319724521862705,1.2178391149999999,1.0669423075106534,1.0421184308535942,1.0207423196326462,1.0413829965000008
Mol2347,0.675686709,0,1.319724521862705,1.2178391149999999,0.7672923444910638,0.009441157260476452,0.7251527737278327,0.91114925665
Mol2348,0.893539844,4,1.3273690493413655,1.2098631439999998,0.7984122180728784,0.3935766664061874,0.9341187980632877,0.9707973767100008
Mol2349,0.927934682,2,1.324620266135323,1.20679887,1.1249602935219782,1.199052276086123,1.257557580233145,1.3081587256800002
Mol2350,1.515582451,2,1.324620266135323,1.20679887,1.4873141684780316,0.7861027251749315,1.555376856272518,0.9966592700400007
Mol2351,1.346704962,2,1.324620266135323,1.20679887,1.4516499782194119,1.82707242529314,1.367624968355727,1.56251102566
Mol2352,0.675686709,3,1.3119166433636362,1.194359769,0.9727601797726402,1.1704035592794018,0.7431956367522197,1.1533823505400005
Mol2353,0.675686709,1,1.3165635449464286,1.188576779,1.319192518428065,1.0432517005300088,1.256281137770388,1.0058302647400006
Mol2354,1.334915948,4,1.3273690493413655,1.2098631439999998,1.3910417405719393,1.681436534844363,1.7609236373205417,1.3741678370300001
Mol2355,2.02750454,2,1.324620266135323,1.20679887,1.188579470820211,1.4797276049333732,1.0430157450784179,1.1423625033100009
Mol2356,1.427518566,2,1.324620266135323,1.20679887,1.3007099384713583,1.4703799791379328,1.4408809413361774,1.3877818095400003
Mol2357,2.089389301,0,1.319724521862705,1.2178391149999999,1.735469586843273,2.002360815725309,1.4996352445171552,1.5186223379299995
Mol2358,0.675686709,1,1.3165635449464286,1.188576779,0.7520678355246243,0.6072216071697896,0.7210981875050437,0.7750979344799996
Mol2359,0.675686709,0,1.319724521862705,1.2178391149999999,0.7837149326497467,0.6334758704130576,0.7536023168075302,1.4028839195800002
Mol2360,0.675686709,1,1.3165635449464286,1.188576779,1.0738899759351235,1.4714124839620233,1.2025384800475565,1.2540058473800004
Mol2361,2.08089333,2,1.324620266135323,1.20679887,2.149505021903643,1.1367013400820343,1.7181565104694823,1.4218180756499996
Mol2362,2.374271643,1,1.3165635449464286,1.188576779,1.2813544004815736,1.4924902498042085,1.601039385083374,1.37756927698
Mol2363,0.675686709,2,1.324620266135323,1.20679887,0.9624378202075716,0.2974452309871882,0.9241089557369162,1.0410688167100006
Mol2364,1.455864635,4,1.3273690493413655,1.2098631439999998,1.54563925237888,2.0475727035329596,1.6038737742535039,1.4307203637200003
Mol2365,2.123531517,4,1.3273690493413655,1.2098631439999998,1.4683382448706523,1.638844600396262,1.4154083732781877,1.50167547987
Mol2366,0.675686709,2,1.324620266135323,1.20679887,1.724259185517914,1.0927672858906188,1.2723001610264053,1.2682254287600008
Mol2367,0.675686709,2,1.324620266135323,1.20679887,1.0974696274292444,1.0593923365257767,1.0633431877904487,1.0595153833500008
Mol2368,0.675686709,4,1.3273690493413655,1.2098631439999998,0.9456397801010683,0.8085561649260673,0.7367694838610142,0.7201476504899995
Mol2369,1.572464987,2,1.324620266135323,1.20679887,1.1147049629976848,1.6803698946875743,0.8982435136760342,1.66910957205
Mol2370,2.651701439,0,1.319724521862705,1.2178391149999999,1.5664904128411763,1.5481613547722275,1.4948756542200379,1.4631071585900006
Mol2371,1.02881517,1,1.3165635449464286,1.188576779,1.2240712709817694,0.8689726355554814,1.1770613861371608,1.1398781723000002
Mol2372,1.425469006,0,1.319724521862705,1.2178391149999999,1.5965507903310805,1.2984016352373178,1.597548141899123,1.1593148936900002
Mol2373,0.82445127,2,1.324620266135323,1.20679887,1.0684734823487954,1.2550066724236,1.1987922220882055,1.1566214756700006
Mol2374,0.675686709,0,1.319724521862705,1.2178391149999999,1.397049953127285,1.2604933759093542,1.5066141591075441,1.048494244080001
Mol2375,0.675686709,2,1.324620266135323,1.20679887,0.8984102263441383,0.653169611353867,0.7941273816571157,0.9620713967600004
Mol2376,0.675686709,2,1.324620266135323,1.20679887,1.1291545862711028,1.502479187097173,1.1776702349905444,1.3643446536200008
Mol2377,0.675686709,2,1.324620266135323,1.20679887,1.2086819062369687,1.294166884135476,0.8792548681669763,1.1742258789400009
Mol2378,1.970035226,1,1.3165635449464286,1.188576779,1.3445203271254342,0.711320551776154,1.4480102103107593,1.2342783223300007
Mol2379,0.675686709,0,1.319724521862705,1.2178391149999999,0.9559433316694427,0.6821896607658702,0.8073785439610625,0.8777468629400004
Mol2380,1.575441879,3,1.3119166433636362,1.194359769,1.084668197702705,0.9616375690357362,0.9227465615535493,1.1987568538
Mol2381,1.641493941,0,1.319724521862705,1.2178391149999999,1.0156804817057865,0.9917689751456793,1.0650960701001302,0.9552733264000003
Mol2382,0.675686709,0,1.319724521862705,1.2178391149999999,1.4390310343204706,0.7859035261045846,1.4753648824818806,1.2852506964700012
Mol2383,0.675686709,0,1.319724521862705,1.2178391149999999,0.859237619418173,0.9960280798309118,0.9883070079080531,1.0217700847500002
Mol2384,1.332155571,0,1.319724521862705,1.2178391149999999,1.5916788524489944,2.1217211724150564,1.907765465388689,1.4573519616799997
Mol2385,0.675686709,4,1.3273690493413655,1.2098631439999998,0.7419047484498642,0.5255075843003308,0.8208540679918314,1.1026752712600003
Mol2386,0.675686709,1,1.3165635449464286,1.188576779,1.1396974819719194,1.1630305426971066,0.8867551191821815,1.1308267028600003
Mol2387,0.931254406,4,1.3273690493413655,1.2098631439999998,0.9986250059821599,0.6627111617836859,0.7666155138059668,1.0077923060400005
Mol2388,0.675686709,3,1.3119166433636362,1.194359769,1.003231584120097,0.46081165272603564,1.1051784656587451,0.9416873041100005
Mol2389,1.168556407,2,1.324620266135323,1.20679887,1.3447064827560784,1.662025199182373,1.5950311959356807,1.4640290128799998
Mol2390,0.675686709,3,1.3119166433636362,1.194359769,1.5541063966946675,1.7996996030308572,1.8558809624738433,1.1836949848000005
Mol2391,1.706700717,0,1.319724521862705,1.2178391149999999,1.1616118613518676,0.5593222012273588,1.3825219866664804,1.2669223748700016
Mol2392,0.675686709,4,1.3273690493413655,1.2098631439999998,1.4226769059960456,1.712297425432952,1.6393169270839152,1.45053834598
Mol2393,1.562946788,4,1.3273690493413655,1.2098631439999998,1.207265639861601,1.5150534477534763,1.4424847765908004,1.4189041148499997
Mol2394,0.675686709,0,1.319724521862705,1.2178391149999999,1.2177608239260247,1.0461516796326953,1.1275696096427779,1.3463827292700015
Mol2395,2.341284128,1,1.3165635449464286,1.188576779,1.607921985539807,1.3855320988800708,1.936508996428355,1.4962981217500002
Mol2396,0.675686709,1,1.3165635449464286,1.188576779,0.609926727467569,1.2603224148792318,0.7962176346848909,1.3369807915300012
Mol2397,1.69634765,2,1.324620266135323,1.20679887,1.1470843209915877,1.188664744211904,1.12902996001767,1.2404938125200007
Mol2398,1.430268606,3,1.3119166433636362,1.194359769,1.0213724849393386,1.348613297429619,0.8518445861620537,1.28960395947
Mol2399,0.675686709,3,1.3119166433636362,1.194359769,0.6952341564706491,0.19637788146595603,0.7078998058843687,0.8528480222600002
Mol2400,1.575291786,0,1.319724521862705,1.2178391149999999,0.751183970320082,0.9782214333507258,0.8733095915315348,1.1565734466100002
Mol2401,0.723947976,0,1.319724521862705,1.2178391149999999,1.0318170032436664,0.7266214861973919,0.78515604568135,1.193303934950001
Mol2402,2.831560733,4,1.3273690493413655,1.2098631439999998,1.3798949164695633,2.29037576541581,1.2824880816838484,1.5779129012299995
Mol2403,1.424669336,3,1.3119166433636362,1.194359769,1.372982103070914,1.8311773299255711,1.4949006734976218,1.2389404558200006
Mol2404,1.434185534,3,1.3119166433636362,1.194359769,1.4685802005175272,1.4360078161560872,1.4013263618921905,1.362165534640001
Mol2405,1.813207241,3,1.3119166433636362,1.194359769,1.277085210124763,1.1890118874185505,1.380556003057334,1.1253502090000005
Mol2406,2.170475875,1,1.3165635449464286,1.188576779,1.6496869565719985,1.7116859388388321,1.9562318011647124,1.4383488531000004
Mol2407,0.951677437,4,1.3273690493413655,1.2098631439999998,1.240153857034824,1.9799391963771618,1.2579988536018227,1.3609778914400013
Mol2408,1.575845718,0,1.319724521862705,1.2178391149999999,1.2262916963533061,1.1162415695654568,1.2463025098066987,1.3185929608
Mol2409,1.433625845,3,1.3119166433636362,1.194359769,1.4708325033368324,1.5324357107571638,1.4348112360979832,1.4983409748000003
Mol2410,1.664068178,3,1.3119166433636362,1.194359769,1.6617534703962988,1.6301402561045424,1.9225158312651676,1.5267964746299993
Mol2411,0.865932668,1,1.3165635449464286,1.188576779,1.24051543302078,0.8406270085837974,1.2776841368065446,0.9554833572900001
Mol2412,0.675686709,4,1.3273690493413655,1.2098631439999998,1.145923642342392,0.84627911661783,0.8553084895126858,1.1454558707100004
Mol2413,1.113575717,0,1.319724521862705,1.2178391149999999,1.176162805673673,1.2930078809385048,1.2258568269223598,1.2537296946000005
Mol2414,0.675686709,0,1.319724521862705,1.2178391149999999,0.8056702618022963,0.7440827409552608,0.9123316544467122,1.1189492076900007
Mol2415,0.675686709,4,1.3273690493413655,1.2098631439999998,1.1607856397739296,1.1214754762606234,0.9505352602935229,1.118745533510001
Mol2416,0.675686709,0,1.319724521862705,1.2178391149999999,1.1352055983290548,0.6303934203777457,0.9369982242794616,0.9689785785700006
Mol2417,2.296162609,4,1.3273690493413655,1.2098631439999998,1.4079587716309567,1.6670625430345265,1.632992829578387,1.5796079472700009
Mol2418,0.675686709,4,1.3273690493413655,1.2098631439999998,1.2937722015668323,0.9677582315166869,1.3532888397036524,0.954887137280001
Mol2419,1.140696553,4,1.3273690493413655,1.2098631439999998,1.4093041195926697,1.0429480167547176,1.4440217476804875,1.0483353272900005
Mol2420,1.354223723,1,1.3165635449464286,1.188576779,1.2385766927524637,1.4092970214592995,1.0993949164321033,1.4373304240900004
Mol2421,0.675686709,3,1.3119166433636362,1.194359769,1.2201077772008002,0.6096870112557418,1.1750402622564744,0.8449560862400004
Mol2422,2.088671093,4,1.3273690493413655,1.2098631439999998,1.8014692949138762,1.9010855837502258,1.7320123289563556,1.3391772411000011
Mol2423,0.675686709,0,1.319724521862705,1.2178391149999999,1.3763407490286292,1.0327805971743864,1.4045631063227695,1.4050551376100002
Mol2424,0.675686709,2,1.324620266135323,1.20679887,1.0825652956807448,0.7418747488019097,0.9460670763148491,1.1427811983400002
Mol2425,0.898999271,4,1.3273690493413655,1.2098631439999998,1.0951493724378298,0.6278000185446277,0.778943245883123,0.9757541181200007
Mol2426,0.675686709,2,1.324620266135323,1.20679887,0.8914853884976002,1.0436063968083567,0.7548912625003994,1.0297583400500003
Mol2427,1.049334336,2,1.324620266135323,1.20679887,0.9944048182119241,1.1406807577233062,0.9800978077988052,1.0623553153400007
Mol2428,0.675686709,1,1.3165635449464286,1.188576779,1.9665178227741598,1.037473320269505,1.750511501227186,1.31003816188
Mol2429,2.626439946,3,1.3119166433636362,1.194359769,1.5801672819719095,2.2298787850511963,1.7105664180101052,1.44363029803
Mol2430,0.675686709,2,1.324620266135323,1.20679887,0.8794620021152209,0.8648134368939312,0.798658715728567,0.9829078804100007
Mol2431,1.585031864,4,1.3273690493413655,1.2098631439999998,1.476839543649038,0.9679671870145804,1.4657268904453575,1.0633952093200003
Mol2432,0.675686709,4,1.3273690493413655,1.2098631439999998,1.1573357828481143,1.518052268179435,0.929666598112813,1.53124088097
Mol2433,0.709524356,2,1.324620266135323,1.20679887,1.5106356078145138,1.06450473869161,1.6578416805930214,1.1177956051200002
Mol2434,1.60686484,4,1.3273690493413655,1.2098631439999998,1.0268306812019263,1.1849350331844082,0.9865476689909096,1.1689672581700012
Mol2435,1.732361589,3,1.3119166433636362,1.194359769,1.5467385521083974,1.2375013781515936,1.2359455757693003,0.9639205816700005
Mol2436,1.907368359,4,1.3273690493413655,1.2098631439999998,1.147906821234284,1.5524902534027207,0.800612907236778,1.0424514530600006
Mol2437,1.055836851,0,1.319724521862705,1.2178391149999999,0.9542952430201485,1.2589389417739891,0.764087513170962,1.2777166740000006
Mol2438,1.533606848,3,1.3119166433636362,1.194359769,1.3621173356706324,0.9711212475659481,1.372801894173514,1.05657549987
Mol2439,0.675686709,4,1.3273690493413655,1.2098631439999998,0.8399184117701739,0.5216057754019043,0.8117996799586582,0.8999887622800006
Mol2440,2.477524961,2,1.324620266135323,1.20679887,1.2150643359029625,1.177697867573156,1.3670666413002774,1.1074660158300003
Mol2441,0.675686709,0,1.319724521862705,1.2178391149999999,1.0955975520239378,0.45722674458696594,0.9454036415476473,0.9126987608700005
Mol2442,1.309012349,4,1.3273690493413655,1.2098631439999998,1.6013675897700774,1.754030516203822,1.37336684695875,1.311526118540001
Mol2443,1.136530324,3,1.3119166433636362,1.194359769,1.318136993462157,1.6783829312023593,1.4195860710986157,1.636711360459999
Mol2444,1.563836919,2,1.324620266135323,1.20679887,1.3329301321410416,1.5373729805551835,1.4914316646553099,1.5821419819099993
Mol2445,2.57133026,3,1.3119166433636362,1.194359769,1.6443111229008638,1.7727491140779779,2.0094245806230817,1.4627492678500003
Mol2446,1.732305283,4,1.3273690493413655,1.2098631439999998,1.2307192399003766,2.299875289211104,1.306709882502713,1.6719053358599998
Mol2447,1.852620263,3,1.3119166433636362,1.194359769,1.3402646794516437,1.0509553477693276,1.2222130552620474,1.0397953483200002
Mol2448,1.139060079,2,1.324620266135323,1.20679887,1.273309515576641,1.0900180079927482,1.2147875893075968,1.2939186180799995
Mol2449,0.675686709,0,1.319724521862705,1.2178391149999999,1.052917015694036,0.6180448602419555,1.570908018358306,0.9827412373300004
Mol2450,1.607111741,4,1.3273690493413655,1.2098631439999998,1.2509146016049217,1.293432173869703,1.2037346703869707,1.1867436004700005
Mol2451,0.675686709,3,1.3119166433636362,1.194359769,0.9047832426848167,1.0506321302391137,0.8714524054754507,1.17777070586
Mol2452,0.737272177,2,1.324620266135323,1.20679887,1.2904424678449047,1.2385400261859532,1.1791918707347109,1.3981897512900006
Mol2453,2.299204298,3,1.3119166433636362,1.194359769,1.1924952878531143,0.9500328710390892,1.3327441970312828,1.1308865075000007
Mol2454,2.593232885,4,1.3273690493413655,1.2098631439999998,1.4568260289368213,2.372014655226746,1.563663964176782,1.6833781562299999
Mol2455,0.675686709,2,1.324620266135323,1.20679887,1.3648570518612753,1.4620214840872259,1.4044471735383903,1.5185587941899998
Mol2456,1.293958886,3,1.3119166433636362,1.194359769,1.493566586243174,1.136726278151432,1.4694710295000266,1.0812045911500006
Mol2457,0.675686709,1,1.3165635449464286,1.188576779,1.0634542599278702,1.0254914580319603,0.9204948273544055,1.1096036600900003
Mol2458,1.220787776,2,1.324620266135323,1.20679887,0.9767918358291459,0.9058919699597714,0.7388818362668664,1.1100095216200003
Mol2459,1.178026788,2,1.324620266135323,1.20679887,1.0736305556033177,1.2741661822894907,1.3012151180324079,1.5367350506599997
Mol2460,1.375407533,2,1.324620266135323,1.20679887,1.4697362505625777,1.4319554391212799,1.3062235466070538,1.5385377208199997
Mol2461,2.092731169,3,1.3119166433636362,1.194359769,1.2486744253219961,1.1759433028027415,1.147853217955675,1.0775886044400005
Mol2462,1.821080984,3,1.3119166433636362,1.194359769,1.4883178037045381,1.504978893813934,1.643944961946133,1.1684370012900005
Mol2463,1.808879124,1,1.3165635449464286,1.188576779,1.5970934681874267,1.4409842239091089,1.891162206585536,1.6842673337300005
Mol2464,1.27567983,3,1.3119166433636362,1.194359769,1.1448626358369058,1.3554197558388474,1.1261259413909028,1.0533755570800005
Mol2465,1.923197374,2,1.324620266135323,1.20679887,1.2966343451351539,1.7950012808378664,1.1465815399312171,1.4734011053400007
Mol2466,1.240923479,4,1.3273690493413655,1.2098631439999998,1.0616626474924995,1.6642349147293318,0.9703604300797397,1.2200142602500006
Mol2467,1.579577829,1,1.3165635449464286,1.188576779,1.3655322572073287,1.3156435278959164,1.3431798771504928,1.24377008819
Mol2468,0.675686709,0,1.319724521862705,1.2178391149999999,1.4849624411329545,0.6955855716530952,1.8832142078966252,0.7693310254699997
Mol2469,1.915204543,2,1.324620266135323,1.20679887,1.6064889043153838,1.6505641278722787,1.7086174097990396,1.6245857543899995
Mol2470,1.66225716,4,1.3273690493413655,1.2098631439999998,2.5478494976028543,1.36226257949745,1.7020546476326561,1.2444708198900012
Mol2471,1.850155922,2,1.324620266135323,1.20679887,1.3803469707562184,1.7266640617797322,1.3542986637911563,1.3961092847400005
Mol2472,1.824197451,3,1.3119166433636362,1.194359769,1.1951181788398322,1.532607786260999,1.1769989224878816,1.2466366850400006
Mol2473,1.995424577,2,1.324620266135323,1.20679887,1.401381747722142,1.5144308886652043,1.4314720070727376,1.4622745774600003
Mol2474,1.105476121,0,1.319724521862705,1.2178391149999999,1.0238801477837431,1.031012854323415,1.0161205642621491,1.0635686183100008
Mol2475,1.177478783,1,1.3165635449464286,1.188576779,1.2176381515408623,1.056756525152914,0.9830400495491644,1.2788620207600006
Mol2476,1.994031049,3,1.3119166433636362,1.194359769,1.4034819271672048,0.6204400525121624,1.5945817831565248,1.0163605706400003
Mol2477,2.291806033,4,1.3273690493413655,1.2098631439999998,1.5791860785846146,2.365609168729045,1.9170093292320651,1.6359734648199995
Mol2478,2.175874058,4,1.3273690493413655,1.2098631439999998,1.3557155220579757,1.1540856675675353,1.4896754840811408,1.3253674727100002
Mol2479,1.179810223,3,1.3119166433636362,1.194359769,1.79211775750672,1.8314457735965148,1.5566924078136735,1.3823146714200008
Mol2480,0.675686709,4,1.3273690493413655,1.2098631439999998,1.207171583432895,1.6574807005100056,1.0516801523139065,1.5971112321399992
Mol2481,2.106068448,0,1.319724521862705,1.2178391149999999,1.311049079994894,1.630000729763112,1.2044594883794906,1.6849704514600008
Mol2482,0.954290762,4,1.3273690493413655,1.2098631439999998,1.5550331992709225,1.0089184462125194,1.8406706310532472,1.1359699523500002
Mol2483,0.675686709,2,1.324620266135323,1.20679887,1.2769220421274863,0.7243246850153984,1.1342111979677998,0.9930851733600007
Mol2484,0.813180533,2,1.324620266135323,1.20679887,1.2114895827604735,1.811385710232442,1.0354781289374315,1.1611695297800013
Mol2485,0.890309217,4,1.3273690493413655,1.2098631439999998,1.1153155391688272,1.4006350960512428,1.2660739613337746,1.3201056128500002
Mol2486,0.675686709,3,1.3119166433636362,1.194359769,0.9642671307339321,1.443447872801632,0.9676729197555538,1.1216876997700005
Mol2487,0.675686709,1,1.3165635449464286,1.188576779,1.1470836394594413,0.6181320076124548,1.0214494881301424,0.9162163958199998
Mol2488,2.718688487,1,1.3165635449464286,1.188576779,0.9866838989436079,0.7799230538917634,0.9823912021766895,0.95024196774
Mol2489,1.094051656,3,1.3119166433636362,1.194359769,1.500997466064022,1.8096890372921421,1.6254739206040298,1.413647949500001
Mol2490,0.675686709,0,1.319724521862705,1.2178391149999999,1.2224971192892866,1.0730323223034663,1.1533888398391792,1.3624880893200009
Mol2491,1.615466064,4,1.3273690493413655,1.2098631439999998,1.325767792527659,2.044611458888875,1.4040737369758194,1.7254924561399998
Mol2492,0.675686709,4,1.3273690493413655,1.2098631439999998,1.767181069439185,1.3439316929956775,1.5515096249059002,1.256391274460001
Mol2493,1.111464152,1,1.3165635449464286,1.188576779,1.3417999798474936,1.5690433377280804,1.0625444415644794,1.3724030451099998
Mol2494,1.355853636,4,1.3273690493413655,1.2098631439999998,1.6007621188679353,2.268332085458277,1.679622204186628,1.2212257190800007
Mol2495,1.706350738,2,1.324620266135323,1.20679887,1.0473300804416545,1.9135760200441243,0.9975996869539968,1.5352820907199998
Mol2496,2.548436101,3,1.3119166433636362,1.194359769,1.4580627942045228,1.4400275152688615,1.7134205910477658,1.30116443211
Mol2497,1.312008008,1,1.3165635449464286,1.188576779,1.2026395390558973,1.259153457447174,1.1648758221305977,0.943699520940001
Mol2498,0.803457116,4,1.3273690493413655,1.2098631439999998,1.1748390689666715,1.1194555548280631,1.1583695524583395,1.33656350831
Mol2499,2.280539674,0,1.319724521862705,1.2178391149999999,1.3830843849125578,1.278039776767469,1.2652773142592992,1.41050149736
Mol2500,1.295215124,0,1.319724521862705,1.2178391149999999,1.3664555480453326,1.5733491326190927,1.4087562168256094,1.45710962075
Mol2501,1.808447305,0,1.319724521862705,1.2178391149999999,1.4431030144558217,1.586872332512925,1.5901546510134024,1.7206786165599997
Mol2502,1.869255194,2,1.324620266135323,1.20679887,0.9047978825063498,1.067582161478686,0.9986278693134473,1.3249798283600003
Mol2503,0.675686709,4,1.3273690493413655,1.2098631439999998,1.2913849575577472,1.1921424008531571,1.4057193211459396,1.2488988994700003
Mol2504,0.853576544,2,1.324620266135323,1.20679887,1.2246029431607854,0.8316078949544218,0.9907563782627556,0.9402415796100004
Mol2505,1.179925032,1,1.3165635449464286,1.188576779,1.2469808265227957,1.6727590200360325,1.2236065974055759,1.44134641475
Mol2506,0.983851719,3,1.3119166433636362,1.194359769,1.2271306062797473,0.9874691056070333,1.0869873048990066,1.3774043227800004
Mol2507,1.358011032,3,1.3119166433636362,1.194359769,1.048933950306217,1.5319091176494852,0.9839586897934501,1.2111040748000006
Mol2508,1.083395108,0,1.319724521862705,1.2178391149999999,1.1167437729081382,1.1413236598051697,0.8792240618629189,1.0148395456500012
Mol2509,0.887561041,0,1.319724521862705,1.2178391149999999,1.15791301429292,0.8000020855961358,1.0189797793238116,1.1924300418399998
Mol2510,1.659688064,0,1.319724521862705,1.2178391149999999,1.3290639518401737,1.771166630453345,1.2299143754236703,1.8061343913
Mol2511,0.675686709,0,1.319724521862705,1.2178391149999999,0.9968055337123058,0.6322082224879306,0.8578683017381834,1.1091290772100004
Mol2512,1.764213506,1,1.3165635449464286,1.188576779,1.62763363391764,1.3733826304037433,1.578873804254024,1.409969821169999
Mol2513,1.746400644,4,1.3273690493413655,1.2098631439999998,1.5798588449541273,2.0056532207111712,1.8400824463362928,1.6813305847000006
Mol2514,0.675686709,0,1.319724521862705,1.2178391149999999,1.1790768806567442,0.512954989195382,1.3641326232392716,1.11930196714
Mol2515,0.675686709,4,1.3273690493413655,1.2098631439999998,-0.07077400457006444,0.9447591415070564,1.4029188616905768,1.2933876856300004
Mol2516,1.461843544,2,1.324620266135323,1.20679887,1.4666178996174768,1.6800491815917296,1.5107500916512948,1.2538562537600002
Mol2517,2.056447458,4,1.3273690493413655,1.2098631439999998,1.2419602144729942,1.9966505714753884,1.1493093266862946,1.7508742627400002
Mol2518,2.629072023,3,1.3119166433636362,1.194359769,1.5706399127678505,1.9100916284805,1.5761057884484222,1.62237310074
Mol2519,1.390846827,3,1.3119166433636362,1.194359769,1.3674048020958451,1.6233606527966509,1.4950624148724398,1.6279960783700005
Mol2520,0.936815231,0,1.319724521862705,1.2178391149999999,1.0069064598040616,0.7162663388496238,0.9321043118961727,0.7613741521899999
Mol2521,1.331690426,1,1.3165635449464286,1.188576779,0.9010503900279472,0.9280690062214783,0.9204950843201308,0.99789630756
Mol2522,2.118813449,1,1.3165635449464286,1.188576779,1.3987003527959394,1.47252986679615,1.6140980528617461,0.9710601631800002
Mol2523,0.675686709,3,1.3119166433636362,1.194359769,1.513469047833486,1.5257021105416895,1.4892430376079568,1.3996949190800003
Mol2524,1.674833595,2,1.324620266135323,1.20679887,1.3719524216240955,1.891198457957968,1.5106952955146187,1.40589650498
Mol2525,1.195650622,2,1.324620266135323,1.20679887,1.407960184372475,1.003170944778295,1.5707179747274915,0.9909093465100003
Mol2526,0.946157395,3,1.3119166433636362,1.194359769,1.4829660701656462,1.1391356605915235,1.3925354545707254,1.2739783044100008
Mol2527,1.567191108,3,1.3119166433636362,1.194359769,1.5354830946173332,1.5075797727154177,1.7177173243658854,1.2157751034900002
Mol2528,0.675686709,1,1.3165635449464286,1.188576779,1.1393666940314024,1.0662542067179501,1.032881063060712,0.9740436824200007
Mol2529,0.702775078,2,1.324620266135323,1.20679887,1.0829592054227668,1.7972237337623551,0.9540320045450745,1.3568245779700001
Mol2530,0.675686709,2,1.324620266135323,1.20679887,0.7189705855576533,1.132703427790507,0.7699688454956025,0.8885937900100005
Mol2531,0.675686709,3,1.3119166433636362,1.194359769,1.3085210471326558,1.6601760196554738,1.3409607783565196,1.2646364660300007
Mol2532,0.866346423,3,1.3119166433636362,1.194359769,1.0066950422906222,0.9015940594790384,0.9083636489809902,1.4735852592499998
Mol2533,0.682415862,2,1.324620266135323,1.20679887,1.199415477040929,1.134328188707161,0.8438552336469547,1.0543282751100012
Mol2534,1.383582005,2,1.324620266135323,1.20679887,0.9680291603707356,1.8656436188293537,0.8871367638011339,1.6601435788999985
Mol2535,2.426867334,1,1.3165635449464286,1.188576779,1.4476506470706427,1.7401340974459742,1.4075839308175973,1.3981684828500005
Mol2536,2.149625496,2,1.324620266135323,1.20679887,1.6052388869865133,1.6401951418803653,1.5322857025638934,1.2817610086400009
Mol2537,2.647509132,2,1.324620266135323,1.20679887,1.4156191537303693,1.4413896388067067,1.4720698950399702,1.4330412071499998
Mol2538,1.995959697,3,1.3119166433636362,1.194359769,1.1145419455643346,1.506188550720481,1.0165466160406313,0.91782010676
Mol2539,1.963367491,2,1.324620266135323,1.20679887,2.1143708744076593,1.9042422746071497,1.6581814630531126,1.5119047830800003
Mol2540,2.042843173,4,1.3273690493413655,1.2098631439999998,0.8804879754304495,1.6239607553003501,1.3761929422123265,1.3298217946700004
Mol2541,0.675686709,2,1.324620266135323,1.20679887,0.9196585533752475,0.8677202274240404,0.7422655100381429,0.9105941769000002
Mol2542,0.675686709,4,1.3273690493413655,1.2098631439999998,1.5337277343556752,0.9649911752785885,1.3686739576443177,1.1863548557000005
Mol2543,2.259651208,4,1.3273690493413655,1.2098631439999998,1.2741712957428086,0.9932130237787309,1.3289626719688967,1.2513093225400012
Mol2544,0.675686709,0,1.319724521862705,1.2178391149999999,1.0297750022316734,1.4166558634976134,1.0592542743552178,1.3591542138899997
Mol2545,2.429718375,3,1.3119166433636362,1.194359769,1.5440418309465473,1.8855823474212654,1.7498760142259904,1.4253586997000003
Mol2546,0.675686709,4,1.3273690493413655,1.2098631439999998,1.1542000296670725,1.283784503057236,0.9884673156687025,1.1169693027000007
Mol2547,1.542177858,0,1.319724521862705,1.2178391149999999,1.3655478650329262,0.86866536498146,1.5828856467227503,1.2865825278000005
Mol2548,1.261405627,1,1.3165635449464286,1.188576779,1.4684411567464115,0.9343319600699803,1.7897859812447559,1.0692524827700007
Mol2549,1.635182049,1,1.3165635449464286,1.188576779,0.9643764182968377,1.4029309756580783,0.9080818402349905,0.9785422082100003
Mol2550,1.374455052,3,1.3119166433636362,1.194359769,1.595024859275064,1.571585519631957,1.7978785048789765,1.3956343379499996
Mol2551,1.124634624,3,1.3119166433636362,1.194359769,1.3163109115292668,1.4447030865068728,1.1662889126147464,1.3069442349600005
Mol2552,2.778966957,1,1.3165635449464286,1.188576779,1.3853450810554744,2.0324421663737247,1.5137406149409813,1.8805484378
Mol2553,2.053527879,1,1.3165635449464286,1.188576779,1.355132695905092,1.1617678084846879,1.439297078527198,1.3242881396000012
Mol2554,0.675686709,4,1.3273690493413655,1.2098631439999998,1.1031410862493511,0.9650429297367722,0.9981235345917195,1.2417471470400003
Mol2555,0.675686709,1,1.3165635449464286,1.188576779,1.1777199325524386,1.1292700818544286,0.945494234187302,1.0681971867700009
Mol2556,0.675686709,2,1.324620266135323,1.20679887,1.1657241756830827,1.0716400192557736,0.9943421862037206,1.33156614636
Mol2557,2.511300347,2,1.324620266135323,1.20679887,1.3070678717581516,2.1507409891472467,1.4174944003575702,2.1187478427799995
Mol2558,2.118420158,1,1.3165635449464286,1.188576779,1.262829789789562,1.0035882472603876,1.319211041503673,1.0425273771900003
Mol2559,1.1766121,1,1.3165635449464286,1.188576779,0.9692878887452372,1.1403460030318289,0.7408943458212438,1.2171258236200004
Mol2560,0.675686709,0,1.319724521862705,1.2178391149999999,1.127815388992206,0.7467010298590162,1.1015036082389087,1.0228794959400003
Mol2561,1.762566038,2,1.324620266135323,1.20679887,1.311921785606019,2.045528869864677,1.5259882493637604,1.4674865488
Mol2562,1.999748036,2,1.324620266135323,1.20679887,1.5478752958816662,1.3866346012508415,1.6855879263522153,1.4975502775499998
Mol2563,2.31529425,4,1.3273690493413655,1.2098631439999998,1.11990460463153,0.9700096035094079,0.8335294847692262,0.8762722873899998
Mol2564,0.675686709,4,1.3273690493413655,1.2098631439999998,0.9820415735868431,1.4818030925664227,0.783656339102642,1.277738517950001
Mol2565,1.764728927,1,1.3165635449464286,1.188576779,1.5564782440763358,1.3928252385868216,1.2081298875285098,1.3593444329299995
Mol2566,0.675686709,3,1.3119166433636362,1.194359769,1.6011405256410396,1.4947122936212316,1.6329158068321519,1.3497823447900006
Mol2567,1.205312653,1,1.3165635449464286,1.188576779,1.3423909197166803,1.2303021244941774,1.3375954282598181,1.0454974943900006
Mol2568,1.950506026,2,1.324620266135323,1.20679887,2.0016072811572614,2.0711160770668378,1.6176151902567464,1.2910763002599994
Mol2569,1.526804344,4,1.3273690493413655,1.2098631439999998,1.176612754138989,1.478572437344969,1.5827139074625105,1.5302480977400013
Mol2570,0.675686709,3,1.3119166433636362,1.194359769,1.3299679482866344,0.9830850714584181,1.2772417157974496,1.3714607981600002
Mol2571,0.692053365,2,1.324620266135323,1.20679887,1.1987716814154585,0.9839821609778898,0.9424816904385983,0.9663431237100005
Mol2572,1.466823151,0,1.319724521862705,1.2178391149999999,0.43149392243005324,1.7303522662481474,1.0831826687724282,1.35896649677
Mol2573,2.412445427,1,1.3165635449464286,1.188576779,1.2657100053631323,2.557665567810976,1.3826499815854274,1.9166855403699998
Mol2574,0.854973674,3,1.3119166433636362,1.194359769,0.8385691357641304,1.1232799268675313,0.7136637475696483,1.2002919604000013
Mol2575,0.675686709,0,1.319724521862705,1.2178391149999999,1.0574628525797662,1.0820291983849295,0.9909595087954489,0.9348492754600002
Mol2576,0.675686709,0,1.319724521862705,1.2178391149999999,0.8049117185580125,0.6770393633595732,0.7803963311892613,0.8083253166000002
Mol2577,0.675686709,0,1.319724521862705,1.2178391149999999,1.195198836933212,1.0868105178512033,1.0554834068121794,1.0936913380600006
Mol2578,0.675686709,4,1.3273690493413655,1.2098631439999998,0.9902711254805479,1.5902732684622376,1.2220834015736286,1.4014063195899993
Mol2579,1.291768324,3,1.3119166433636362,1.194359769,1.415225710033324,1.615807248511128,1.5672561869900183,1.6581317051599982
Mol2580,0.765519543,3,1.3119166433636362,1.194359769,1.025095616977763,1.1392276206605578,0.7814646967206216,0.9501250296800001
Mol2581,1.529468854,0,1.319724521862705,1.2178391149999999,1.2718036466233607,1.7549134586228394,1.2313170819564916,1.43551601715
Mol2582,0.675686709,4,1.3273690493413655,1.2098631439999998,1.0988514948120027,0.9979208610354388,0.9384523487254016,1.07293438364
Mol2583,1.275334393,2,1.324620266135323,1.20679887,1.7219203648271266,1.2390665940243808,1.4855388446755438,1.35678031516
Mol2584,1.611925012,0,1.319724521862705,1.2178391149999999,1.2629444747391803,1.0118262573565797,1.0904368855698856,1.3873767799300005
Mol2585,0.675686709,4,1.3273690493413655,1.2098631439999998,1.0157275284194258,0.6722863451598934,0.7984418889530519,1.1409595970700013
Mol2586,1.094296397,0,1.319724521862705,1.2178391149999999,1.0017104856240322,1.2959767534661835,0.7500085705651358,1.0131613760100002
Mol2587,1.262759495,1,1.3165635449464286,1.188576779,1.2644321365923807,1.356532873306933,1.1699679447888116,1.5064164255199999
Mol2588,0.675686709,0,1.319724521862705,1.2178391149999999,1.0424301211907645,1.3211815564214102,0.887668934618754,1.3605941147800003
Mol2589,0.860517677,1,1.3165635449464286,1.188576779,1.4052578466697097,1.0673894114305171,1.6413602635334152,0.9997149720300006
Mol2590,1.292743271,4,1.3273690493413655,1.2098631439999998,1.0752496583492,1.6163261415266825,1.3061974958636042,1.1112165640200005
Mol2591,1.552022986,1,1.3165635449464286,1.188576779,1.306489794319277,1.5720855819395045,1.188043354357069,1.5558283681500007
Mol2592,0.675686709,2,1.324620266135323,1.20679887,1.1583672413282224,0.9996351113322656,1.016659175226476,1.341438077930001
Mol2593,0.675686709,0,1.319724521862705,1.2178391149999999,1.4850036514321285,1.218068552175529,1.6062880625970883,1.1663719199000007
Mol2594,2.402383484,3,1.3119166433636362,1.194359769,1.7536526430898203,1.2597296128703497,1.937510256205758,1.2249478636800006
Mol2595,0.675686709,2,1.324620266135323,1.20679887,0.9193195700289587,0.9549789489434539,0.7530224635461642,1.0665528979200003
Mol2596,1.132803818,1,1.3165635449464286,1.188576779,1.0070555599138675,1.075660707386385,1.098038966377865,1.2669677783800009
Mol2597,2.024777015,3,1.3119166433636362,1.194359769,1.5564711869707781,1.458945738352265,1.8656154695283178,1.3836848263000008
Mol2598,2.007939713,4,1.3273690493413655,1.2098631439999998,1.5243327803787188,1.2259031171709096,1.5776796149257857,1.0256906234200005
Mol2599,1.941317597,4,1.3273690493413655,1.2098631439999998,1.627861395144661,1.1327441347135674,1.8421623552595219,1.0153107825500007
Mol2600,1.882638362,3,1.3119166433636362,1.194359769,1.7401523688393215,1.0649821667283677,1.978862546829963,1.3126223015
Mol2601,1.380826057,4,1.3273690493413655,1.2098631439999998,0.9961914278510987,1.2320145933059004,1.1100045566371828,1.0186283714900002
Mol2602,2.159209144,3,1.3119166433636362,1.194359769,1.180500895484203,0.923285088095301,1.1807434041619826,0.9233541602000007
Mol2603,0.713742478,4,1.3273690493413655,1.2098631439999998,1.0043923177374605,1.074580858531616,0.9312040202813394,1.1832728808500008
Mol2604,0.675686709,3,1.3119166433636362,1.194359769,0.8936649080142226,1.495320898015554,1.032233199676903,1.0868407072300008
Mol2605,2.600096893,2,1.324620266135323,1.20679887,1.6935378839607467,2.0000313064273794,1.6699991574055786,1.45275764281
Mol2606,1.221231613,1,1.3165635449464286,1.188576779,1.1765738583511094,0.8361422113088202,1.0574684050452623,0.9791422852300006
Mol2607,1.096249383,4,1.3273690493413655,1.2098631439999998,1.2440969856893846,1.0681957212159308,1.5459618527303072,1.2475112414600007
Mol2608,0.675686709,4,1.3273690493413655,1.2098631439999998,0.996590472706101,0.7193716749152443,0.9698181723239007,1.0533842933100006
Mol2609,1.789623012,3,1.3119166433636362,1.194359769,1.6454944696677152,1.6317529978890883,1.847711205916791,1.2565030580199998
Mol2610,0.675686709,3,1.3119166433636362,1.194359769,1.44850764407171,1.461074697048542,1.5150042003616309,1.086246239080001
Mol2611,0.675686709,3,1.3119166433636362,1.194359769,1.287139301009117,1.098864706731295,1.438294523108449,1.1376611600700008
Mol2612,0.870462432,4,1.3273690493413655,1.2098631439999998,1.1328074036271496,0.855430878239395,0.9547751923602994,0.9234252049099997
Mol2613,1.708803183,1,1.3165635449464286,1.188576779,1.9412047908287131,2.0030226592804437,1.7766902939388793,1.4186775309600004
Mol2614,0.675686709,3,1.3119166433636362,1.194359769,0.934345699057633,1.2353245465527969,0.855574163400052,1.4012244304
Mol2615,1.20054956,3,1.3119166433636362,1.194359769,1.1507464601782664,1.25358364745665,1.032066924307557,1.166393863750001
Mol2616,0.762078087,3,1.3119166433636362,1.194359769,1.6394030614440498,1.4555640254518516,1.731230350150476,1.3840872154699997
Mol2617,0.933942603,0,1.319724521862705,1.2178391149999999,1.383781346843904,1.317149398367705,1.5363348809864887,1.1576223118700006
Mol2618,1.704502273,2,1.324620266135323,1.20679887,1.4613503295627954,1.5492217708140508,1.629835061598334,1.4833291959400001
Mol2619,1.05219358,1,1.3165635449464286,1.188576779,1.593662437033848,1.7305556530860902,1.7159034702242584,1.2112036380400006
Mol2620,1.539176502,3,1.3119166433636362,1.194359769,1.364370640605255,1.3395205133356642,1.3263677963969338,1.196167867450001
Mol2621,0.675686709,0,1.319724521862705,1.2178391149999999,1.0785481870118105,1.1532453755755323,0.8671328733458605,1.4716858466700002
Mol2622,0.675686709,2,1.324620266135323,1.20679887,0.7759695232230873,0.8689134483946133,0.8367349980819812,0.9860355369600003
Mol2623,0.675686709,1,1.3165635449464286,1.188576779,1.1164369269559395,0.8337442795778433,0.9814197930709695,1.1361389057200002
Mol2624,2.374878432,0,1.319724521862705,1.2178391149999999,1.1800308081338422,1.105095075855643,1.3751757238845947,1.3688729031000002
Mol2625,0.675686709,0,1.319724521862705,1.2178391149999999,0.9620095415135264,0.43577832075174244,0.8014821792030533,0.8291675304500002
Mol2626,0.675686709,3,1.3119166433636362,1.194359769,1.3621801944497152,0.4799533617866448,1.4902288064895266,0.9686100248600006
Mol2627,0.675686709,2,1.324620266135323,1.20679887,1.2962396373358704,1.2366916584358374,1.4184753239848635,1.1269427704400004
Mol2628,2.144642693,4,1.3273690493413655,1.2098631439999998,1.9151148701409015,1.9256722396850885,1.8765980512790787,1.31343282769
Mol2629,0.675686709,0,1.319724521862705,1.2178391149999999,1.4304305622038718,1.6198864874249035,1.5314761868130575,1.720763849529999
Mol2630,1.761431648,4,1.3273690493413655,1.2098631439999998,1.2358589313308521,1.367299594254695,1.1659693711558823,1.570593831569999
Mol2631,2.266417514,1,1.3165635449464286,1.188576779,1.2284708238936657,1.3991875721606084,1.582085052894914,1.2190436085200003
Mol2632,2.081203239,0,1.319724521862705,1.2178391149999999,1.51107673975434,0.8608978262896191,1.433050568242379,1.3001903892200002
Mol2633,1.711630102,0,1.319724521862705,1.2178391149999999,1.2487035198433254,1.7823535129458015,1.6372148162042583,1.8641857628299996
Mol2634,0.675686709,0,1.319724521862705,1.2178391149999999,1.254639450426045,0.6354638117005575,1.5111056140082189,0.9128054292200006
Mol2635,0.675686709,1,1.3165635449464286,1.188576779,1.2583904782638227,0.32240008253288915,1.3561101659060049,1.0239211720000005
Mol2636,1.018742096,0,1.319724521862705,1.2178391149999999,1.270128240737227,1.5773522062267502,1.0934512173831006,1.1600912897300004
Mol2637,1.098297536,4,1.3273690493413655,1.2098631439999998,1.3184312845467492,0.9502777898233601,1.1097747316429183,1.0923978731600004
Mol2638,0.675686709,4,1.3273690493413655,1.2098631439999998,1.1077474032524575,0.7899486097173203,0.9948145798256295,0.9741873963700004
Mol2639,1.100611753,2,1.324620266135323,1.20679887,1.2667797980661606,1.3368232341308346,1.189742650376701,1.2186310108600005
Mol2640,0.675686709,3,1.3119166433636362,1.194359769,1.3467122725723413,0.6152580913431751,1.4803967395996338,1.1742580300300007
Mol2641,0.954628378,4,1.3273690493413655,1.2098631439999998,1.4180628729628952,2.272833063699358,1.2736258661396878,1.7686082463700006
Mol2642,1.02596091,1,1.3165635449464286,1.188576779,1.4742328784394434,1.6767435920069178,1.4048035929034128,1.4092529473900004
Mol2643,0.675686709,1,1.3165635449464286,1.188576779,2.253271877879019,2.2523696041480914,1.8135252791298155,1.8145235702400004
Mol2644,0.675686709,2,1.324620266135323,1.20679887,1.184128510038159,0.4562000830670272,1.6755706399211079,1.2264574076600008
Mol2645,1.265030198,3,1.3119166433636362,1.194359769,1.3340744278411936,1.3762443704359213,1.5797504492015555,1.33248671641
Mol2646,2.311514403,4,1.3273690493413655,1.2098631439999998,1.6830959744826726,1.1611478232807682,1.9792765712432208,1.3402126976600004
Mol2647,1.909775261,4,1.3273690493413655,1.2098631439999998,1.5611605123323944,1.0351143727457024,1.5378098204757975,1.3089375752100003
Mol2648,2.05330514,2,1.324620266135323,1.20679887,1.50653894527358,2.0110888326967444,1.5774040311602615,1.6103467877100002
Mol2649,1.761950379,1,1.3165635449464286,1.188576779,1.5115098438733308,0.6616012526648276,1.6186829857923808,1.0325654475800001
Mol2650,0.675686709,1,1.3165635449464286,1.188576779,1.130118033316125,1.0015001397522876,1.1364639849465041,1.1984339869600005
Mol2651,1.505909329,0,1.319724521862705,1.2178391149999999,1.6303911998892646,1.2758864009334312,1.6775769185094904,0.9926268355400005
Mol2652,0.941809473,2,1.324620266135323,1.20679887,1.0883051281408798,1.2948205362311465,0.9567669786064761,1.3265482207700001
Mol2653,0.675686709,2,1.324620266135323,1.20679887,1.3923791907745957,1.031844756872724,1.4960254345545576,0.9809027700100005
Mol2654,0.675686709,0,1.319724521862705,1.2178391149999999,0.9665024583755162,0.7147547592453681,0.8816097180482727,1.1351376473900008
Mol2655,1.585990584,0,1.319724521862705,1.2178391149999999,1.0889522649380412,2.054344455708179,0.9127687842237022,1.4628622882800002
Mol2656,1.203576775,2,1.324620266135323,1.20679887,1.364656903710537,1.3916656928749254,1.2666360263600094,1.3739998407899998
Mol2657,1.270795253,3,1.3119166433636362,1.194359769,1.4938235422954984,0.9623415594567294,1.3438871745557404,1.2239224805399997
Mol2658,1.803341015,1,1.3165635449464286,1.188576779,1.413142751326045,0.5565633431175072,1.455018056639949,1.0136419773000007
Mol2659,1.098158983,3,1.3119166433636362,1.194359769,1.3515572691438067,1.0546743953408226,0.9538698489478292,0.9387284621600007
Mol2660,2.006448927,4,1.3273690493413655,1.2098631439999998,1.4063915469251405,2.184080089296436,1.4485573608568447,1.7480327612999995
Mol2661,2.512300084,2,1.324620266135323,1.20679887,1.455033713824938,1.5557967970232796,1.5647138533272438,1.5175154590500008
Mol2662,0.675686709,3,1.3119166433636362,1.194359769,1.202642361968433,1.623211205373768,1.3119491054303218,1.44251998644
Mol2663,0.675686709,1,1.3165635449464286,1.188576779,0.6800448149128361,1.4315137604216566,0.7676293197386272,1.1493587008900008
Mol2664,1.752632239,2,1.324620266135323,1.20679887,1.273187768405093,1.3169967927287691,1.3692136545544205,1.2565448137400004
Mol2665,1.411888952,4,1.3273690493413655,1.2098631439999998,1.3665640782170074,1.1119227867642159,1.3772007895282374,1.48471827416
Mol2666,0.675686709,0,1.319724521862705,1.2178391149999999,0.9762542383044249,1.34940444914066,0.8422380947261116,0.7803602365900001
Mol2667,0.675686709,3,1.3119166433636362,1.194359769,0.8188663841609725,0.929305543283402,0.7046289451813014,1.0208631807000004
Mol2668,2.708153952,0,1.319724521862705,1.2178391149999999,2.1178158498894795,2.073081949183727,2.3532376528000882,1.3149280963900003
Mol2669,0.675686709,4,1.3273690493413655,1.2098631439999998,0.9630410127611386,1.4369279554257994,1.0667124218659005,1.0958830365200005
Mol2670,0.935255282,1,1.3165635449464286,1.188576779,1.1166896970615934,1.1924590357914515,1.128475405983216,1.3433416190500005
Mol2671,1.237945677,3,1.3119166433636362,1.194359769,1.3422418374410099,1.1851349804492048,1.3723286402423158,1.0414440217900003
Mol2672,0.882068944,0,1.319724521862705,1.2178391149999999,1.271174582429418,0.3846471861203181,1.1227013945900968,1.0941661926000008
Mol2673,1.906663602,1,1.3165635449464286,1.188576779,1.8562840600883894,1.4800955648366063,1.9110995015604515,1.1729802891500005
Mol2674,1.938094228,1,1.3165635449464286,1.188576779,1.3597772350143935,1.4319445393590753,1.44517957833644,1.0214753847300004
Mol2675,2.892047273,3,1.3119166433636362,1.194359769,1.415929271744319,1.912792264405861,1.484480850362746,1.4709321183899993
Mol2676,2.270690479,3,1.3119166433636362,1.194359769,1.3092637292230351,1.7373781269468704,1.3241723296865155,1.5126185835100003
Mol2677,1.269723036,0,1.319724521862705,1.2178391149999999,1.4134199015937945,1.6855283692626388,1.1683157721209336,1.954149157409999
Mol2678,1.782716219,0,1.319724521862705,1.2178391149999999,1.3617854239298386,1.1979066250830863,1.2778672017482677,1.15892720931
Mol2679,1.25022477,2,1.324620266135323,1.20679887,1.3107970468829548,1.6052077132896567,1.580584462290508,1.30707099514
Mol2680,2.219133758,4,1.3273690493413655,1.2098631439999998,1.1960445152041328,2.0509067077732785,1.062120511023738,2.01547939148
Mol2681,0.675686709,3,1.3119166433636362,1.194359769,1.1282196106473579,1.2087186668316616,1.03282007002649,1.3273552648600004
Mol2682,0.675686709,4,1.3273690493413655,1.2098631439999998,1.4378484053195668,1.629560834748344,1.6801537829681221,1.3383702483500008
Mol2683,1.56944414,1,1.3165635449464286,1.188576779,1.441850209984128,1.2084642791101157,1.4261216578998441,1.2964057259100008
Mol2684,2.557246066,3,1.3119166433636362,1.194359769,1.2646824169229989,1.6335768068001562,1.597621019165997,1.2245969578000007
Mol2685,1.974396541,2,1.324620266135323,1.20679887,1.4528320717902856,1.3167149975895898,1.7389178044140616,1.384508342390001
Mol2686,0.675686709,0,1.319724521862705,1.2178391149999999,1.1208436263337669,0.779686260082403,1.031763093195377,1.0130759236700002
Mol2687,1.034989216,1,1.3165635449464286,1.188576779,1.5887742910719216,1.4258370016487354,1.79696602004474,1.4061376059299997
Mol2689,1.604539237,1,1.3165635449464286,1.188576779,1.533388263660271,2.1232064925635834,1.5360354031731014,1.7098155523699992
Mol2690,2.754670155,0,1.319724521862705,1.2178391149999999,1.7067428254207675,2.2787253299984007,1.8782501469295383,1.3660091640499996
Mol2691,1.71613664,2,1.324620266135323,1.20679887,1.1053244520953296,1.6033037602512208,0.9586786073497409,1.2947125948700002
Mol2692,2.102111124,3,1.3119166433636362,1.194359769,1.7113325853564954,1.7315272882061272,1.7219609666653293,1.2500412325100005
Mol2693,1.031812271,2,1.324620266135323,1.20679887,1.1514380786834202,1.1849742354634714,1.2518592964519146,1.1114697392400001
Mol2694,1.878663952,3,1.3119166433636362,1.194359769,1.6057267963742379,2.0410622524601534,1.5550956103874554,1.3732734240200002
Mol2695,0.799340549,3,1.3119166433636362,1.194359769,1.2488660440397117,1.275105665233697,1.3266493938737447,1.20562146643
Mol2696,0.675686709,2,1.324620266135323,1.20679887,0.6778341087894417,0.5091876482559923,0.8448045823489921,1.1356212283000011
Mol2697,1.789355046,2,1.324620266135323,1.20679887,1.3140861852643224,1.2806481922114703,1.2368478124960658,1.1233441671300008
Mol2698,0.675686709,1,1.3165635449464286,1.188576779,1.3002880035535465,2.0337191103179117,1.3936466415667113,1.3359977019300007
Mol2699,1.826204424,4,1.3273690493413655,1.2098631439999998,1.4991813868157493,1.1714981528810422,1.3522365478570486,1.2106885221700008
Mol2700,2.878485603,0,1.319724521862705,1.2178391149999999,1.4202592558564553,2.0132948372102932,1.5217651745570877,1.6659909053500002
Mol2701,2.212595064,4,1.3273690493413655,1.2098631439999998,1.648333016046629,1.6452795931138493,2.117235620561676,1.71870338833
Mol2702,0.933639113,2,1.324620266135323,1.20679887,0.966414518323433,0.9217221275510716,1.0084830253385528,1.1612583717300011
Mol2703,2.309964529,2,1.324620266135323,1.20679887,1.330879059497805,0.8772246431392602,1.4182332434454017,1.3782383226100001
Mol2704,0.675686709,3,1.3119166433636362,1.194359769,1.2452190182141774,0.7722958478730387,1.0981961946275265,1.100938426470001
Mol2705,0.881384657,2,1.324620266135323,1.20679887,2.0273587670949706,1.789834111585713,2.2568058838506615,1.0729705223400001
Mol2706,0.675686709,4,1.3273690493413655,1.2098631439999998,0.8648911866523867,0.65553581410314,0.9947327277062044,1.1196533482900004
Mol2707,0.939443869,4,1.3273690493413655,1.2098631439999998,1.7282111981367674,1.315836695858694,1.7041456248117708,1.3014570954300007
Mol2708,2.293431064,2,1.324620266135323,1.20679887,1.4386124231832762,1.63192418372089,1.6523107746286825,1.4783607412399997
Mol2709,2.623930185,1,1.3165635449464286,1.188576779,1.5911350590825761,2.3110101259469156,1.9543096751349918,2.01718620793
Mol2710,1.503136707,2,1.324620266135323,1.20679887,1.3882407413831812,0.9053620201877643,1.4087887103541175,0.8912361599000004
Mol2711,0.675686709,2,1.324620266135323,1.20679887,0.9994908205734325,0.8400781475195684,1.392609655883676,1.2223430932900003
Mol2712,2.56071162,1,1.3165635449464286,1.188576779,1.8597350777941086,2.4370712021834167,1.6599082955978988,1.9667290490399998
Mol2713,1.088100635,4,1.3273690493413655,1.2098631439999998,1.1046614326659252,1.9138885956696399,0.925069733569483,1.60582313172
Mol2714,1.060017543,0,1.319724521862705,1.2178391149999999,1.4006253679017868,1.6522872095107066,1.4047827461132913,1.3046105899300002
Mol2715,0.880356199,1,1.3165635449464286,1.188576779,1.1341863674002466,1.118216596544899,1.3932389908444476,1.12942548773
Mol2716,2.512695067,2,1.324620266135323,1.20679887,1.625776422330815,1.8536527328936845,1.5723975121084495,1.3383907106100008
Mol2717,1.134049543,0,1.319724521862705,1.2178391149999999,1.2400025920037376,0.9170570694319158,1.0668622604113565,1.19411269229
Mol2718,1.624776971,2,1.324620266135323,1.20679887,1.6206506491860957,1.129726349978713,1.7662011361642187,1.3074667373700009
Mol2719,2.321213048,1,1.3165635449464286,1.188576779,2.075467905102964,1.9512676700929812,1.8195242713213275,1.4139355878599997
Mol2720,0.675686709,2,1.324620266135323,1.20679887,1.1306797159923359,1.2673157052942179,1.1856017509097787,1.35810379169
Mol2721,0.910571048,2,1.324620266135323,1.20679887,1.1733830279964121,1.4060753980109857,1.2147824067672166,1.0658535321800005
Mol2722,2.021040373,1,1.3165635449464286,1.188576779,1.660779727910083,1.5884827115934015,1.867054254854736,1.4758120393500005
Mol2723,1.79805645,3,1.3119166433636362,1.194359769,1.394510144637342,1.8774031115251313,1.529097763638434,1.5227467116900004
Mol2724,1.944832928,0,1.319724521862705,1.2178391149999999,1.408690630037174,1.4966951863185611,1.4127396326395718,1.37249231201
Mol2725,1.880424839,3,1.3119166433636362,1.194359769,1.5602163668979279,1.0283882310779546,1.6135553780431438,1.3919807298600007
Mol2726,2.196236999,2,1.324620266135323,1.20679887,1.2439430716091435,1.332313431924883,1.341702001372249,1.0385100300200003
Mol2727,1.230244499,1,1.3165635449464286,1.188576779,1.1748017181486434,0.9218668569221864,0.8422283514364847,1.1402654790700013
Mol2728,1.726572367,2,1.324620266135323,1.20679887,1.2867211841773663,0.8701168955438582,1.4721153939818898,1.0064118508700008
Mol2729,1.266607954,2,1.324620266135323,1.20679887,1.278719174730566,0.9167111218845099,1.1685851064699284,1.160815063150001
Mol2730,2.207243784,0,1.319724521862705,1.2178391149999999,1.86010536451144,1.4323487185206867,1.6271586596763168,1.1993787166500005
Mol2731,0.675686709,4,1.3273690493413655,1.2098631439999998,1.5047150098997375,0.976839703240256,1.4506447769943547,0.9877067018900004
Mol2732,1.9625398,2,1.324620266135323,1.20679887,1.4052369157812172,1.6970822825292817,1.6068898780483605,1.5177242312800012
Mol2733,2.087260827,2,1.324620266135323,1.20679887,1.5614226467495147,1.0554486570703805,1.3540342999143489,1.3146931865800011
Mol2734,1.558612583,2,1.324620266135323,1.20679887,1.4498641036279416,1.9998569666284425,1.4257637786987924,1.4495031777900003
Mol2735,0.808346036,2,1.324620266135323,1.20679887,1.1758088253093746,0.583934568400529,0.8543498760927118,1.0815604908100012
Mol2736,1.547109837,4,1.3273690493413655,1.2098631439999998,1.5281847298544313,1.5440875095512032,1.5425547133241029,1.6009569161199986
Mol2737,0.675686709,2,1.324620266135323,1.20679887,0.9563128624028274,1.0566662844522647,0.8788492317562231,1.0689940836200003
Mol2738,0.945763923,4,1.3273690493413655,1.2098631439999998,1.0885267087824084,0.8557957121167761,0.9712814439861321,1.1955636235100007
Mol2739,2.136247975,2,1.324620266135323,1.20679887,0.9139227652693196,1.0893015572180225,0.8566499402915553,1.1778250218000008
Mol2740,0.675686709,0,1.319724521862705,1.2178391149999999,1.1446546077877884,0.7830650304211464,0.8411177258635568,1.3974975871500006
Mol2741,0.675686709,0,1.319724521862705,1.2178391149999999,1.1889864927078357,1.6200703518096566,1.0302465445994864,1.1087733390300012
Mol2742,1.045635871,0,1.319724521862705,1.2178391149999999,1.3363719790962751,1.1076727977863534,1.1645310316429265,1.3519914618100004
Mol2743,1.829522473,3,1.3119166433636362,1.194359769,1.2604398826919119,1.2367217471123477,1.1628481127903874,1.2606040136299999
Mol2744,1.417069656,2,1.324620266135323,1.20679887,2.0774226679079706,0.9661740700578987,1.8311288165122566,1.45570592363
Mol2745,2.081606511,0,1.319724521862705,1.2178391149999999,1.5256111881802636,1.493366517156576,1.6558114109808586,1.4452708181000005
Mol2746,2.426972962,0,1.319724521862705,1.2178391149999999,1.6911096779861867,1.7238889402571256,1.4796307611485724,1.4308165622199995
Mol2747,2.345463913,2,1.324620266135323,1.20679887,1.3893390947850628,1.85265412597984,1.498255283883252,1.36671241893
Mol2748,0.675686709,3,1.3119166433636362,1.194359769,1.289547595674121,0.9227942708095171,1.0526788655025128,1.1612287364100013
Mol2749,1.619886029,3,1.3119166433636362,1.194359769,1.3994176865798154,2.029225726747775,1.5706850175610154,1.4780872666299993
Mol2750,0.675686709,1,1.3165635449464286,1.188576779,0.9315506411980732,0.8282966026676091,0.7762659667315279,1.1708519053500006
Mol2751,1.232335277,3,1.3119166433636362,1.194359769,1.3535870411921056,1.4865788224314418,1.261566964582378,1.3587890728700003
Mol2752,1.6098291,4,1.3273690493413655,1.2098631439999998,1.022004739040288,1.184488509420789,0.8895625540705986,1.3527486350500006
Mol2753,0.675686709,1,1.3165635449464286,1.188576779,1.2098059232114056,0.7639992644228012,0.9668738346751351,1.0154990166300006
Mol2754,0.896415976,2,1.324620266135323,1.20679887,1.0261354091171266,0.8130480394318144,0.9531567083607765,1.4356285950300005
Mol2755,1.300704153,1,1.3165635449464286,1.188576779,1.2494398384753518,1.4007055433108682,0.9369391452530798,1.1565524848000004
Mol2756,1.542161534,4,1.3273690493413655,1.2098631439999998,1.8261127822645555,1.0447670138540797,1.724291814842052,1.4976893680099996
Mol2757,1.742921423,3,1.3119166433636362,1.194359769,0.9249213299616736,1.8243444674514433,1.1931489887277391,1.5097853579500005
Mol2758,1.897385138,3,1.3119166433636362,1.194359769,1.6795554951427936,1.1805244916912632,1.7073414390985284,1.33021168525
Mol2759,0.675686709,0,1.319724521862705,1.2178391149999999,0.8309638077877266,1.2264847283257831,0.9954546223812332,1.5852541463
Mol2760,0.675686709,4,1.3273690493413655,1.2098631439999998,0.9556716336714122,0.9331793521421166,0.8809801284432419,1.0366877761500009
Mol2761,0.675686709,0,1.319724521862705,1.2178391149999999,0.9627511206942789,1.2657531245842333,0.8769040697281699,1.28730149619
Mol2762,0.675686709,1,1.3165635449464286,1.188576779,0.1198494894747757,0.7258922089361894,1.17188138064473,1.0795894184300008
Mol2763,1.328909405,2,1.324620266135323,1.20679887,1.54747037129528,1.475743391900469,1.5620957401483913,1.1220871886300008
Mol2764,2.246993158,2,1.324620266135323,1.20679887,1.4181706674765566,1.867536308194058,1.4320355605457982,1.5063663445500008
Mol2765,0.675686709,0,1.319724521862705,1.2178391149999999,0.8655044086542021,0.9904849151043656,0.7577326914093081,1.0412803754700004
Mol2766,1.1766121,4,1.3273690493413655,1.2098631439999998,0.9953768372054149,1.1608457783700445,0.8134343738918488,1.3625183241499998
Mol2767,1.063145637,3,1.3119166433636362,1.194359769,1.1349026886402778,1.0598311731692762,1.0921865308592529,1.4003225643500001
Mol2768,0.675686709,3,1.3119166433636362,1.194359769,0.8723040435167606,1.3615654139487456,0.7639911601040025,1.2671132977200008
Mol2769,1.370142847,0,1.319724521862705,1.2178391149999999,1.240808107467904,0.9073906492419667,1.2611555989624708,1.2769664031000003
Mol2770,0.675686709,2,1.324620266135323,1.20679887,1.034519677878846,1.1654785805994035,1.082518561025551,1.4079210257299997
Mol2771,1.539740839,0,1.319724521862705,1.2178391149999999,1.4581140910541182,1.18088636514018,1.4670685146615838,1.4199941907100004
Mol2772,1.362821635,1,1.3165635449464286,1.188576779,1.5302854414673601,1.1555696297489284,1.7225573945253243,1.4134578100200006
Mol2773,0.675686709,4,1.3273690493413655,1.2098631439999998,0.5966425569447465,0.9009857951440547,0.7214879502594068,1.0912709673800007
Mol2774,1.312706146,2,1.324620266135323,1.20679887,1.3971840847771144,1.3181543498942454,1.3899325427876945,1.2618819451900007
Mol2775,0.675686709,0,1.319724521862705,1.2178391149999999,1.1266071871493244,1.4222230578951254,0.9755485557346115,1.4099016252199996
Mol2776,1.125871467,1,1.3165635449464286,1.188576779,1.2269406274427745,1.0096121847910124,1.1635380066991197,1.143824049110001
Mol2777,0.675686709,4,1.3273690493413655,1.2098631439999998,0.7984122180728785,0.355845662296131,0.9341187980632877,1.2847564521100003
Mol2778,1.008088936,2,1.324620266135323,1.20679887,0.6845155287057758,1.209793533548764,0.7721716099267789,0.9837194240100005
Mol2779,0.675686709,1,1.3165635449464286,1.188576779,1.2059285411289218,0.989886229823548,1.8379283467339045,1.2112587755200004
Mol2780,1.257414559,4,1.3273690493413655,1.2098631439999998,0.8844067377204092,1.3313165741763144,1.1360142209256539,1.2162403358500005
Mol2781,0.675686709,4,1.3273690493413655,1.2098631439999998,1.0213171824620786,1.0640452797560997,0.7597203896833364,1.1813030999900003
Mol2782,0.675686709,0,1.319724521862705,1.2178391149999999,-0.023370265642999044,1.8169503415829344,1.4892792018631769,1.1138577663500002
Mol2783,0.675686709,3,1.3119166433636362,1.194359769,0.908021947992242,0.8217057456625682,0.8241967502411947,1.1771798352
Mol2784,2.289894278,3,1.3119166433636362,1.194359769,0.7782411114272995,0.3887519309634438,1.0180828284566958,1.277046367410001
Mol2785,2.515025612,0,1.319724521862705,1.2178391149999999,1.866781500361903,1.8680515427794173,2.0561644970146786,1.94580709701
Mol2786,0.675686709,3,1.3119166433636362,1.194359769,1.0186907776403071,0.7616194076546126,0.8898203571914658,1.122020942020001
Mol2787,1.3962339,4,1.3273690493413655,1.2098631439999998,1.750049183683191,1.2564750462155538,1.7136883564468102,1.5664370991099998
Mol2788,3.372714293,2,1.324620266135323,1.20679887,2.1879083411925775,2.1806254680944543,2.303303202652515,1.9094523188899997
Mol2789,0.675686709,4,1.3273690493413655,1.2098631439999998,0.8105453506628885,1.5842750553123714,0.9497176481507448,1.2571926349000004
Mol2790,1.468243915,1,1.3165635449464286,1.188576779,1.6125105937787019,1.7441528301778946,1.4386199998437907,1.3407664199599996
Mol2791,0.675686709,2,1.324620266135323,1.20679887,1.2827171797989105,0.8389009173510277,1.2605016581374902,1.1811736832300006
Mol2792,2.753451295,0,1.319724521862705,1.2178391149999999,1.546330297594246,1.4790388151885343,1.6637593487458724,1.3671383652700007
Mol2793,1.838364173,1,1.3165635449464286,1.188576779,1.1002359447534955,1.5088338294186823,1.1347397484349373,1.1782107380200002
Mol2794,1.876240941,2,1.324620266135323,1.20679887,1.2128105076694864,1.0704913850845788,1.1542462651595178,1.2808729305000008
Mol2795,1.257846502,0,1.319724521862705,1.2178391149999999,1.5396977388860784,1.2296487289556373,1.611483260082439,1.4921631597500005
Mol2796,0.675686709,4,1.3273690493413655,1.2098631439999998,0.7510568008820623,1.1536348964519636,0.7866395274023985,1.0936922302200005
Mol2797,0.98583049,2,1.324620266135323,1.20679887,1.2592214037438691,1.2450864347204016,1.3004942087360536,1.267857618330001
Mol2798,1.952101391,2,1.324620266135323,1.20679887,2.148466322709814,2.035871077880696,1.9239960840081871,1.18092613493
Mol2799,1.000859761,2,1.324620266135323,1.20679887,1.8522678825177201,1.8782670325744089,1.614137030823382,1.2177479885499995
Mol2800,0.778006461,4,1.3273690493413655,1.2098631439999998,1.4925677617703341,1.1737019498297918,1.5705823345528,1.3064425580000003
Mol2801,1.0309234,3,1.3119166433636362,1.194359769,0.9627100950983429,0.9456385761705037,1.2334306984271144,0.9535485457200005
Mol2802,0.675686709,1,1.3165635449464286,1.188576779,1.1621872201688737,1.5524253293646666,1.2562673516903025,0.9359172402299997
Mol2803,2.288037986,4,1.3273690493413655,1.2098631439999998,1.8075132135375092,1.96071269671391,1.4536295728730837,1.3755526847000008
Mol2804,2.993983883,2,1.324620266135323,1.20679887,1.848270901631224,2.05467239827359,1.534286167117316,1.7354177667699993
Mol2805,2.773559017,3,1.3119166433636362,1.194359769,1.6519870880550798,1.3556608146540041,1.1942852374753434,1.7413716951399996
Mol2806,2.597598687,4,1.3273690493413655,1.2098631439999998,1.9889769205445726,1.5157354272938641,2.126220376871605,1.1438214020100004
Mol2807,0.675686709,2,1.324620266135323,1.20679887,1.058951182505456,1.1948274946836568,1.0275163154719096,1.1536545055600007
Mol2808,1.634698895,0,1.319724521862705,1.2178391149999999,1.7846614154730036,1.6196619679916247,1.904083672872739,1.0850480122200004
Mol2809,0.675686709,1,1.3165635449464286,1.188576779,1.0587772576824126,0.7611472535473593,0.9866140684093656,1.0925080095200002
Mol2810,1.902948818,0,1.319724521862705,1.2178391149999999,1.6725426694068632,1.3573073931534032,1.9820750586663198,1.2378172811600001
Mol2811,1.223158342,3,1.3119166433636362,1.194359769,1.130669838577464,1.3101414196658006,1.2029032105305992,1.1285176381600004
Mol2812,1.577376892,2,1.324620266135323,1.20679887,1.3467800524052036,1.798369528745751,1.1789840694507712,1.55902556698
Mol2813,0.870345371,2,1.324620266135323,1.20679887,1.1602081077712878,1.6602160778920736,1.0434863520095954,1.1525961859600011
Mol2814,0.675686709,3,1.3119166433636362,1.194359769,0.9712463596059646,1.2643462475152196,0.7711080721154248,1.3635340863900007
Mol2815,1.11330815,1,1.3165635449464286,1.188576779,1.32988018917437,1.523345310990679,1.3448428608687444,1.322862653039999
Mol2816,1.502481745,4,1.3273690493413655,1.2098631439999998,1.0765456874236334,1.0804859515620993,1.1117272652552195,1.0889762200199997
Mol2817,1.069853021,1,1.3165635449464286,1.188576779,0.949611453162576,0.9512546389806836,1.2177816581093308,1.1696795639800002
Mol2818,1.94610823,0,1.319724521862705,1.2178391149999999,1.229414939926305,0.655335626284612,1.1766971814957659,1.1004998684600005
Mol2819,0.754883228,3,1.3119166433636362,1.194359769,1.2095933994461545,1.2171750164819621,1.1604049543404509,1.1991502401500005
Mol2820,0.80140371,0,1.319724521862705,1.2178391149999999,0.6726345781943227,1.1174501155044338,0.9567616887897976,1.2089341002700011
Mol2821,0.80140371,3,1.3119166433636362,1.194359769,1.833535578229211,1.6869901176939872,1.7631595361997905,1.7120746597500007
Mol2822,1.377470174,1,1.3165635449464286,1.188576779,1.5045434207507786,1.511275080290336,1.808090773311938,1.1608943902800006
Mol2823,3.015502667,2,1.324620266135323,1.20679887,2.366195016341665,2.4505734564517465,2.089939166203653,1.94287045905
Mol2824,1.269746373,1,1.3165635449464286,1.188576779,1.2666386322268173,1.29009531860971,1.193148875937066,1.56103389243
Mol2825,1.539402325,3,1.3119166433636362,1.194359769,1.488443984627081,1.1989977028441874,1.463132097149021,1.1776349394799999
Mol2826,0.91481898,0,1.319724521862705,1.2178391149999999,1.1861579469885135,0.5370735673166942,1.2444902848867272,1.1626969782800005
Mol2827,2.040103683,2,1.324620266135323,1.20679887,1.5731225149611074,1.5521592143315115,1.6246431142958442,1.1398137990700004
Mol2828,2.19269566,3,1.3119166433636362,1.194359769,1.0704559671387162,1.3439999777724658,1.2202135696004033,1.2400783178500001
Mol2829,0.675686709,1,1.3165635449464286,1.188576779,1.2238023668670692,0.8184932309202944,0.9448500576912185,0.8427659082800002
Mol2830,0.675686709,1,1.3165635449464286,1.188576779,1.111775777675232,1.0445443716786746,0.9888598843561873,1.0984773693600003
Mol2831,0.675686709,2,1.324620266135323,1.20679887,1.0534071718598172,1.5011978995033821,0.9359043583479919,1.4951637504800002
Mol2832,0.675686709,2,1.324620266135323,1.20679887,1.261641132744711,1.950741283585741,1.1838766935034037,1.5143085632700006
Mol2833,1.827771877,2,1.324620266135323,1.20679887,2.1572014670120923,1.6112617643596583,1.4495427523532043,1.3581145979600004
Mol2834,2.550984956,2,1.324620266135323,1.20679887,1.1465492227761702,1.325615030036106,1.5067675938306555,1.1163341624200003
Mol2835,0.675686709,1,1.3165635449464286,1.188576779,-0.02312088069865248,1.2232086855279207,1.0056013339991416,0.96293273912
Mol2836,1.817671121,2,1.324620266135323,1.20679887,1.4335150619135748,1.9353805307953225,1.4398882815544698,1.3508711016599997
Mol2837,2.688916129,2,1.324620266135323,1.20679887,1.1477473828557607,1.653627561455731,1.7690828789441357,1.3895071733400002
Mol2838,1.912965621,0,1.319724521862705,1.2178391149999999,1.6404474661129822,1.148942400723944,1.9003591885284206,1.1770199946000002
Mol2839,2.784436121,2,1.324620266135323,1.20679887,1.2354059961858925,0.7008466035126603,1.1430600893767953,0.9592575726900004
Mol2840,0.675686709,3,1.3119166433636362,1.194359769,1.0543485720973802,0.920525296487404,0.890981809211571,0.9880922153200002
Mol2841,2.362198803,2,1.324620266135323,1.20679887,1.9105357151633595,1.824129529025364,1.716518510907771,1.6140841955800003
Mol2842,1.914642427,2,1.324620266135323,1.20679887,1.1946567105567116,1.3527273572800795,1.438025642530982,1.2821047271300006
Mol2843,1.73254654,3,1.3119166433636362,1.194359769,1.219333972807717,1.4689165579370054,0.9468402877677262,1.1478412744000008
Mol2844,1.94107891,1,1.3165635449464286,1.188576779,1.3621107319545602,1.8094531832027867,1.3718407523374692,1.7803661367200008
Mol2845,2.507164767,4,1.3273690493413655,1.2098631439999998,1.899902700982728,1.957171779778528,1.9856999925245609,1.294219399350001
Mol2846,0.675686709,1,1.3165635449464286,1.188576779,1.0476272300079907,0.5983391694513637,1.336814162152059,0.8278315856199999
Mol2847,1.445993182,0,1.319724521862705,1.2178391149999999,1.9858717592909416,1.8889448424260906,1.6381043120969168,1.3153237004800002
Mol2848,2.185986704,0,1.319724521862705,1.2178391149999999,1.28694868087344,1.7093847321451092,1.3222128606034986,1.6180655350800006
Mol2849,1.621819973,4,1.3273690493413655,1.2098631439999998,0.1987472678812343,-0.17725232638580457,0.7195301618979699,0.9100065930700005
Mol2850,1.989605531,1,1.3165635449464286,1.188576779,1.2022221631556853,0.9809444874658011,1.1120055366836612,1.3446220614600002
Mol2851,1.782028069,1,1.3165635449464286,1.188576779,1.201139605144086,1.4893073293314902,1.2880453754524799,1.630721233360001
Mol2852,0.880813592,2,1.324620266135323,1.20679887,1.3252834994611884,1.2657439750564754,1.531550545681266,1.1483029257400008
Mol2853,1.286748297,3,1.3119166433636362,1.194359769,0.943929671353535,0.8488591997189865,0.7590482812090574,1.171149013220001
Mol2854,0.675686709,2,1.324620266135323,1.20679887,1.16879665702186,0.9171082729624147,0.987671420550051,1.0374678231500007
Mol2855,0.927195258,1,1.3165635449464286,1.188576779,1.075299068002448,0.8186633005451986,0.988826917323467,0.9104377909200007
Mol2856,0.675686709,0,1.319724521862705,1.2178391149999999,1.0316448123849493,0.9334454654804328,0.8228279210102336,0.9063784491200002
Mol2857,1.646266456,4,1.3273690493413655,1.2098631439999998,1.617878171910201,1.7893088732544047,1.6052935591681838,1.6032284294199994
Mol2858,0.675686709,1,1.3165635449464286,1.188576779,1.002129521535537,0.5964170870973898,1.0877657426116434,0.9343132948
Mol2859,0.807467376,0,1.319724521862705,1.2178391149999999,0.828340200188991,0.5403185385718805,0.882795449217314,1.0121263289500002
Mol2860,0.675686709,2,1.324620266135323,1.20679887,1.2118795373780507,1.350165814958857,1.1865728229192132,1.4131828494000005
Mol2861,1.556953454,0,1.319724521862705,1.2178391149999999,1.2172117530974909,1.1002397498018646,1.083259893048037,0.9885759254100006
Mol2862,0.675686709,2,1.324620266135323,1.20679887,0.7928567822940457,0.772080606983341,1.036642155477402,0.8200825099199995
Mol2863,2.113147531,0,1.319724521862705,1.2178391149999999,1.3237444322435576,1.646343121012669,1.63600518188273,1.159581376350001
Mol2864,0.675686709,4,1.3273690493413655,1.2098631439999998,1.2408411781351838,1.0219726013139714,1.320223146084204,1.1014237748900007
Mol2865,1.103974669,4,1.3273690493413655,1.2098631439999998,1.1888488938221642,1.0364265762177194,1.1899364788142233,1.3078680234500004
Mol2866,1.588831726,3,1.3119166433636362,1.194359769,1.5621208675936584,1.362308366412864,1.3497524393270288,1.2183399962800006
Mol2867,0.675686709,1,1.3165635449464286,1.188576779,0.9537584097214076,0.4360573538713043,0.8840769941938469,0.9709587349399997
Mol2868,0.943791199,2,1.324620266135323,1.20679887,1.9788345926444637,1.5072446344374915,1.5886909351008591,1.3317171268700005
Mol2869,1.466763852,4,1.3273690493413655,1.2098631439999998,1.090548830865179,1.227340558595134,1.0261489780121575,0.9503649158600004
Mol2870,2.17829189,4,1.3273690493413655,1.2098631439999998,1.5851996887786861,1.6826102961651697,1.6963847562379266,1.6309386655099993
Mol2871,2.320241862,4,1.3273690493413655,1.2098631439999998,1.8929912625450986,1.7202242153317258,1.9397677191403844,1.6351989500199997
Mol2872,2.088741906,3,1.3119166433636362,1.194359769,1.6024296740246629,2.2996824194062686,2.05793181137182,1.8540193458500003
Mol2873,1.843151769,3,1.3119166433636362,1.194359769,1.4549533571534528,1.3238393914759907,1.4327496946312608,1.2248676234599996
Mol2874,2.539561584,3,1.3119166433636362,1.194359769,1.7068524577224808,2.0273032415944283,1.8610027707637544,1.5628223803599997
Mol2875,2.63502307,0,1.319724521862705,1.2178391149999999,1.552581900543595,1.8220732898653307,1.5994323185962114,1.5786938344299994
Mol2876,2.405773101,2,1.324620266135323,1.20679887,1.7656815054451593,1.9579478002125659,1.9874253553659207,1.7043309182600002
Mol2877,1.745191942,2,1.324620266135323,1.20679887,1.1243655731308957,1.173468001283163,1.2368203728978977,1.3568808529500007
Mol2878,0.675686709,2,1.324620266135323,1.20679887,0.8154143696801276,0.24654149205490916,0.8069338107087691,0.8798912342200004
Mol2879,0.884625463,1,1.3165635449464286,1.188576779,1.166605436639438,1.2086780805824597,0.9957800699254498,1.3872853804200003
Mol2880,1.163936209,2,1.324620266135323,1.20679887,1.407283566373901,1.3881133763198767,1.6081604245952457,1.0847979875900002
Mol2881,1.181872159,3,1.3119166433636362,1.194359769,1.0834762811098215,1.6964150096480692,0.995077633351404,1.4051775959500004
Mol2882,1.146159056,3,1.3119166433636362,1.194359769,1.3670991319857921,1.4574863912157416,1.282793022765699,1.41307418434
Mol2883,1.017826038,1,1.3165635449464286,1.188576779,0.8830585620470928,1.2978007827358797,0.8514988050740463,1.1313642985700003
Mol2884,1.313403163,1,1.3165635449464286,1.188576779,1.3569244795637398,1.302857839568051,1.6943277378213226,1.1611182790100005
Mol2885,1.1700566,0,1.319724521862705,1.2178391149999999,1.3904119244656317,1.6485721150348078,1.292787575481199,1.46848724266
Mol2886,1.167919843,3,1.3119166433636362,1.194359769,1.5572740399570202,1.7177154170034226,1.50492433848842,1.32039810933
Mol2887,0.675686709,2,1.324620266135323,1.20679887,0.4901579759941398,1.266873954703927,0.7655163456449837,0.9184657661400002
Mol2888,1.673030128,0,1.319724521862705,1.2178391149999999,0.9963042745402819,0.802377891266913,1.3985813886019742,1.0218056222000003
Mol2889,0.881384657,2,1.324620266135323,1.20679887,1.5763412179084946,1.5069940865448048,1.4128621559322525,1.0765011844699999
Mol2890,1.299834041,3,1.3119166433636362,1.194359769,1.2234136027571199,1.103000185294222,1.2891797481045308,1.2269224666800005
Mol2891,1.545255324,3,1.3119166433636362,1.194359769,1.779584812358709,1.3544837591879535,1.7286846037142354,1.2507629603100006
Mol2892,2.296645449,3,1.3119166433636362,1.194359769,2.180492809451054,1.7534031172514226,2.009719831859437,1.3107851160500001
Mol2893,0.675686709,0,1.319724521862705,1.2178391149999999,1.061097344428798,0.420283621894672,1.0948864879475069,1.1482499450000012
Mol2894,0.675686709,1,1.3165635449464286,1.188576779,1.175104124037532,1.2010934645197913,0.9991401475681275,1.3851905195099996
Mol2895,1.32516661,1,1.3165635449464286,1.188576779,1.4295444660303929,2.211814419878251,1.3269928645577929,1.9833725190699996
Mol2896,2.084754963,3,1.3119166433636362,1.194359769,1.590506525657378,1.4458255559773847,1.7684913082764038,1.19584832333
Mol2897,1.597881585,4,1.3273690493413655,1.2098631439999998,1.3628474358331724,1.055777309557752,1.3312503004385636,1.0022206699300011
Mol2898,0.675686709,3,1.3119166433636362,1.194359769,1.0160242360181608,0.7305379962667178,0.761903168085944,1.0778952978300005
Mol2899,0.675686709,0,1.319724521862705,1.2178391149999999,0.5404979451889682,0.7809061758622771,0.7823056413374516,1.2101548829600006
Mol2900,2.319774171,0,1.319724521862705,1.2178391149999999,0.9550211137367973,0.9542625846769635,1.1712974767314983,1.1624389271100006
Mol2901,2.269490384,2,1.324620266135323,1.20679887,1.8307109900336058,2.216228460835298,1.847708892152378,1.82328170546
Mol2902,2.387151611,2,1.324620266135323,1.20679887,1.8161907800209192,2.2701383192131246,1.8306586759648404,1.7134176315399996
Mol2903,2.744454933,4,1.3273690493413655,1.2098631439999998,0.9349353796780308,2.293748428906972,1.3983677932010463,1.843542594849999
Mol2904,1.415357362,2,1.324620266135323,1.20679887,1.249474104457373,0.9712767585324626,1.2230664387767893,0.9342198061100002
Mol2905,2.270932586,2,1.324620266135323,1.20679887,2.069536329577378,1.8956476368474005,2.3317417550917843,1.98380964581
Mol2906,1.006893708,1,1.3165635449464286,1.188576779,1.5302854414673601,1.5216374758942735,1.7225573945253243,1.5062016152299995
Mol2907,1.112403893,2,1.324620266135323,1.20679887,1.043196274289651,0.7212021199937377,1.0213326500902513,1.20479221749
Mol2908,1.045127307,2,1.324620266135323,1.20679887,1.1642656656182424,0.42086219012187565,1.0376076517369945,0.9027115118600004
Mol2909,1.043244354,0,1.319724521862705,1.2178391149999999,1.0228737282964966,1.1209099827894382,0.8257121438240124,1.1715084005800007
Mol2910,1.136815658,1,1.3165635449464286,1.188576779,1.2701130124481848,1.7005159127179565,1.1343375090481842,1.37258119141
Mol2911,0.92417587,2,1.324620266135323,1.20679887,1.1480354946965083,0.4668673254140382,1.1941893323099393,1.0238270747500002
Mol2912,0.675686709,4,1.3273690493413655,1.2098631439999998,0.9744520545263315,0.6971786254111416,0.7950140799469814,0.8079568536099998
Mol2913,1.200689847,1,1.3165635449464286,1.188576779,1.9754697747803929,1.057132903755909,1.9235373070023716,1.3960112578300004
Mol2914,0.675686709,0,1.319724521862705,1.2178391149999999,0.9785506799253056,1.774580523754135,0.8141352765756562,0.9582697458100009
Mol2915,2.339252634,4,1.3273690493413655,1.2098631439999998,1.5082831542258008,2.228172477068715,1.652230776041595,1.6747106831500005
Mol2916,1.896845758,4,1.3273690493413655,1.2098631439999998,1.365813365572445,1.1123653534470406,1.5680250947081151,1.6581999775600014
Mol2917,2.275092424,4,1.3273690493413655,1.2098631439999998,1.448791981671639,1.1967570486049113,1.5802070442267433,1.2894390287100004
Mol2918,0.675686709,0,1.319724521862705,1.2178391149999999,0.8011485110269887,0.46032116909948917,0.8156751989455919,1.057589856050001
Mol2919,0.675686709,2,1.324620266135323,1.20679887,0.9094389743788986,0.8986850260997579,0.7156836540315633,0.9410195864400005
Mol2920,0.675686709,1,1.3165635449464286,1.188576779,0.8109878222697456,0.9336761232969915,0.8778847799186436,0.9017886905700001
Mol2921,0.675686709,1,1.3165635449464286,1.188576779,1.0304404315162958,0.49767606028138356,0.9124976508207828,0.7939237396499996
Mol2922,1.087994255,2,1.324620266135323,1.20679887,1.2846855942703836,1.1136470136671603,1.2181806533960113,1.1088968233500003
Mol2923,0.675686709,4,1.3273690493413655,1.2098631439999998,1.2494342458839258,1.3395065098781025,1.1430789889775719,1.1848052441900006
Mol2924,1.488353265,1,1.3165635449464286,1.188576779,1.0809371266866543,1.5762847984565451,1.2619429208985198,1.3070806410500004
Mol2925,1.080626487,0,1.319724521862705,1.2178391149999999,1.3639797685216075,0.740416949228367,1.3972850517456297,1.1058213564700008
Mol2926,1.409730293,2,1.324620266135323,1.20679887,2.0016072811572614,1.7884221799424342,1.6176151902567464,1.2593966025899999
Mol2927,1.111564935,3,1.3119166433636362,1.194359769,1.1924833706768043,1.2690850919120562,1.1657219913924721,1.1206211338400007
Mol2928,1.341988169,3,1.3119166433636362,1.194359769,1.4258941051478666,1.6353881550052587,1.5612449293010306,1.3826553551699998
Mol2929,2.350095969,1,1.3165635449464286,1.188576779,1.6488735649301554,2.1293355558882876,1.7427944788236613,1.6587579844699993
Mol2930,1.137923512,2,1.324620266135323,1.20679887,1.0888017936879588,1.3819318703035544,0.9629794313147302,1.2263964122700006
Mol2931,1.569362203,0,1.319724521862705,1.2178391149999999,1.0811715239487163,1.255545245838897,1.3296168994958633,1.32892644483
Mol2932,0.675686709,0,1.319724521862705,1.2178391149999999,1.1703497523718767,1.4393064844795271,1.0176513265853224,1.1637810121000003
Mol2933,1.15703345,0,1.319724521862705,1.2178391149999999,1.1106427509199952,1.5583973013672403,1.2935230651846643,1.3349811771700002
Mol2934,1.604334073,2,1.324620266135323,1.20679887,1.55504975515455,1.593022514834872,1.5773132358853101,1.4356841305399999
Mol2935,0.675686709,1,1.3165635449464286,1.188576779,0.913199265302753,0.8228000150835069,0.9080858736666785,0.8327120258800003
Mol2936,1.220918364,4,1.3273690493413655,1.2098631439999998,0.7835084117259755,1.088824137811532,0.7289970982656934,1.0349320298700007
Mol2937,1.725970509,2,1.324620266135323,1.20679887,1.6539193761924458,1.4662067531307406,1.415662140467771,1.34225979301
Mol2938,0.881384657,0,1.319724521862705,1.2178391149999999,1.9753447075897217,1.2959048649207974,1.659641285386375,1.28384016902
Mol2939,1.709074824,2,1.324620266135323,1.20679887,1.2154747196269562,1.1523370315825259,1.432046409204048,0.7900264240599999
Mol2940,0.675686709,1,1.3165635449464286,1.188576779,1.18066561646178,1.4397403644381694,1.049199167739166,1.2328961720900005
Mol2941,0.675686709,0,1.319724521862705,1.2178391149999999,0.9812532610196464,1.026245466703807,1.00491827522542,1.1937342942500013
Mol2942,1.52167408,0,1.319724521862705,1.2178391149999999,1.415618871292546,1.2765443945014587,1.6179725273491672,1.0535003558600007
Mol2943,0.675686709,2,1.324620266135323,1.20679887,0.8358844320920187,1.0652042269461963,0.8882676366041913,1.0066783186400006
Mol2944,1.373573981,2,1.324620266135323,1.20679887,1.7736706570640868,1.6352492411737891,1.8725584524301258,1.4050110060499998
Mol2945,2.354563633,1,1.3165635449464286,1.188576779,1.1056349907477845,1.5738440837333982,1.455762094023325,1.3436815820400005
Mol2946,2.104937561,4,1.3273690493413655,1.2098631439999998,2.7996521955670834,1.7846313631854198,1.61962012320536,1.68614997867
Mol2947,1.553749564,3,1.3119166433636362,1.194359769,1.4885845314430075,1.471267301947081,1.5341330467378353,1.4501285646300002
Mol2948,1.353570042,4,1.3273690493413655,1.2098631439999998,1.5152846722247622,1.6236095669596406,1.7274332697410473,1.7654189458399983
Mol2949,0.881384657,4,1.3273690493413655,1.2098631439999998,2.233915941316398,2.1398334067770817,1.8751038073349033,1.209318903670001
Mol2950,1.456684804,1,1.3165635449464286,1.188576779,0.7589768366182702,0.5923813940066818,0.706266341406457,0.9653982365300005
Mol2951,0.865222456,4,1.3273690493413655,1.2098631439999998,1.316527647070749,1.1768277257383497,1.1319096797986972,1.2391973502800002
Mol2952,0.880813592,2,1.324620266135323,1.20679887,1.6696204836816806,1.0687714151224208,1.7581460573154377,1.08460350462
Mol2953,1.59216565,0,1.319724521862705,1.2178391149999999,1.4521439376291965,1.4132889855356623,1.670649345991145,1.5932648735500003
Mol2954,0.816638945,1,1.3165635449464286,1.188576779,1.3150428208010716,1.1953460599249728,1.1403593018112455,1.41035028386
Mol2955,2.648072874,0,1.319724521862705,1.2178391149999999,1.6084688549069597,2.105419522646027,1.6948993177871465,1.6084758682999998
Mol2956,1.854977534,2,1.324620266135323,1.20679887,2.016677504001893,1.5835598136187254,1.75178945801736,1.5147025629199995
Mol2957,1.825101412,3,1.3119166433636362,1.194359769,1.7362422294068112,1.3972225583510223,1.8975319637562205,1.2585287502300002
Mol2958,0.675686709,0,1.319724521862705,1.2178391149999999,0.8827219545118666,0.9556816610135875,0.7633403877866543,0.9246714144900001
Mol2959,0.675686709,2,1.324620266135323,1.20679887,1.154208508924648,0.5234711025258685,0.9696531047736785,1.0462228094000006
Mol2960,0.978819387,3,1.3119166433636362,1.194359769,1.4500885736033016,1.7037920412283578,1.4630293032122694,1.217729452080001
Mol2961,1.411383978,4,1.3273690493413655,1.2098631439999998,1.2908073799444875,1.3523045449808635,1.2004957087525745,1.34482769332
Mol2962,2.114844413,1,1.3165635449464286,1.188576779,1.3021370927177642,1.371193145737453,1.4257378589444176,1.1808600575000008
Mol2963,2.507337646,0,1.319724521862705,1.2178391149999999,0.9525892366703603,1.0897942731983556,1.111810725184578,1.46352496452
Mol2964,0.675686709,3,1.3119166433636362,1.194359769,1.160119222250201,1.3495712135356281,1.4084744486350953,1.3225532796800008
Mol2965,1.132163596,1,1.3165635449464286,1.188576779,1.3972004512104954,1.5518794307346568,1.5724361442939951,1.1942878869100004
Mol2966,1.109274738,1,1.3165635449464286,1.188576779,1.0351883212213833,1.1992181693298016,0.9292578343161882,1.0954351577100003
Mol2967,1.222091886,2,1.324620266135323,1.20679887,1.2565707361457836,0.8553308248433985,1.105535631817041,1.011366747720001
Mol2968,0.675686709,2,1.324620266135323,1.20679887,0.6377088809387744,0.4187596789797535,0.682953970162433,0.9121718458700001
Mol2969,1.532397627,0,1.319724521862705,1.2178391149999999,1.832477380065145,1.612182944530527,1.6071430186679223,1.5892467907100007
Mol2970,0.702516697,2,1.324620266135323,1.20679887,0.7330969207368936,1.1201949677525211,0.6924467863083987,1.3094313750200006
Mol2971,0.675686709,0,1.319724521862705,1.2178391149999999,1.0181310746555001,1.1689040697451052,0.8896054974773397,0.9586964446100005
Mol2972,0.675686709,1,1.3165635449464286,1.188576779,0.979488478667496,1.3782263363710348,0.9782374145065509,1.31430281331
Mol2973,1.678336247,4,1.3273690493413655,1.2098631439999998,1.2925937821202471,2.1457042898658907,1.4947343617016957,1.8345099009699988
Mol2974,0.675686709,0,1.319724521862705,1.2178391149999999,0.9792147674321805,0.8036754597198501,0.8775649401615062,0.9715169129200005
Mol2975,0.675686709,1,1.3165635449464286,1.188576779,0.9846973994991572,0.5376082404554331,0.9271277977530329,0.8832606137999996
Mol2976,1.006893708,1,1.3165635449464286,1.188576779,1.1867550691950473,1.2366251812655202,0.9703260261118892,1.359434108130001
Mol2977,1.13232374,4,1.3273690493413655,1.2098631439999998,1.0646567241893752,0.9317537895793973,0.7678022145400795,1.0384133451200006
Mol2978,2.296781425,2,1.324620266135323,1.20679887,1.3257667125447123,1.4334408054401742,1.2623957926847986,1.64618838993
Mol2979,2.35636436,4,1.3273690493413655,1.2098631439999998,1.717806923436045,1.6591637889254296,2.1662842663230704,1.6953369776699996
Mol2980,1.673665876,0,1.319724521862705,1.2178391149999999,0.9240589141578959,0.8220190029968536,0.784895198594232,1.41972127246
Mol2981,0.675686709,1,1.3165635449464286,1.188576779,1.0901584955932877,0.6322304472981812,0.8801023566692663,1.2424624581100003
Mol2982,2.641865592,0,1.319724521862705,1.2178391149999999,1.4357500932549638,1.0508614696623204,1.3823032195428349,1.369910384890001
Mol2983,0.675686709,4,1.3273690493413655,1.2098631439999998,1.3046503837419177,1.2827598144094394,1.2507733361342526,1.1322198002700001
Mol2984,2.136016249,2,1.324620266135323,1.20679887,1.3995857114984365,2.0656183183895545,1.4122453187296207,1.2389326364700002
Mol2985,2.308321055,0,1.319724521862705,1.2178391149999999,1.2847549435037202,1.5502520304813894,1.2988304535300998,1.4387018584400002
Mol2986,2.248341157,1,1.3165635449464286,1.188576779,2.2716246121151067,1.1880176889120069,1.7366975609215016,1.53040910435
Mol2987,1.88295691,4,1.3273690493413655,1.2098631439999998,1.4401467757373676,1.7514693833725605,1.7542496714335272,1.5615523884300004
Mol2988,1.500785173,1,1.3165635449464286,1.188576779,1.7500693060275483,2.039557168423458,1.9800251766005266,1.2739545871000002
Mol2989,2.241608732,4,1.3273690493413655,1.2098631439999998,1.366261126011207,2.0094996203251028,1.5548649916503228,1.6267115674300003
Mol2990,2.089809768,2,1.324620266135323,1.20679887,1.474624743113514,1.2915789344751727,1.5426576636309581,1.255840077460001
Mol2991,0.675686709,3,1.3119166433636362,1.194359769,1.1801147171172683,1.1704366144705145,1.0639832515761525,1.0411209547700009
Mol2992,1.7648722,1,1.3165635449464286,1.188576779,1.3511869440405289,1.1987572292993838,1.266066931589777,1.1202200407000003
Mol2993,1.958442761,4,1.3273690493413655,1.2098631439999998,1.7833385314796075,1.8442725692500777,2.159509746228603,1.6073944390000003
Mol2994,0.675686709,2,1.324620266135323,1.20679887,1.2866118100611892,1.487411652163141,1.369887556223298,1.51409640591
Mol2995,1.784759895,1,1.3165635449464286,1.188576779,1.5003253104216092,0.9968056408969477,1.7525860293353068,1.1326570376300005
Mol2996,0.675686709,4,1.3273690493413655,1.2098631439999998,1.0476563150758718,0.7477544770639121,0.8770442489393205,1.2722965371300003
Mol2997,0.675686709,0,1.319724521862705,1.2178391149999999,1.5639805532257336,1.0147761369735624,1.7983282989827671,0.7575822368399997
Mol2998,1.770380657,1,1.3165635449464286,1.188576779,0.7254827579873239,0.9077813854832497,0.8041715094916012,0.9587142094500004
Mol2999,2.087430008,1,1.3165635449464286,1.188576779,1.326452637600632,1.0606340083438186,1.4037961615227774,1.5919481166199996
Mol3000,2.192057039,4,1.3273690493413655,1.2098631439999998,1.4553966535611953,2.11119537844619,1.4280569209065328,1.4930846585599997
Mol3001,0.675686709,4,1.3273690493413655,1.2098631439999998,0.684686064831602,1.6792344755255322,1.405963088483768,1.4064436864599998
Mol3002,0.675686709,2,1.324620266135323,1.20679887,0.38996985775042947,0.5579283618510662,0.8697847653886144,0.7857287769100002
Mol3003,0.675686709,2,1.324620266135323,1.20679887,0.8017238013781373,1.0416231706684986,0.7898636253991588,1.2394402579600003
Mol3004,1.926254961,4,1.3273690493413655,1.2098631439999998,1.5131174775358023,1.9368937316715984,1.6753183828873262,1.6488468768099998
Mol3005,0.675686709,2,1.324620266135323,1.20679887,1.1272470428983994,2.0058656047111865,1.2366477078011662,1.211158283650001
Mol3006,1.673849977,0,1.319724521862705,1.2178391149999999,1.4141793997288705,1.7234334417202377,1.4324659337377519,1.3350281363700003
Mol3007,0.881384657,2,1.324620266135323,1.20679887,1.5346132679133047,1.0954341869015747,1.5996826076827606,1.5086485182099998
Mol3008,1.47424541,4,1.3273690493413655,1.2098631439999998,1.360590156241874,1.2467111272141191,1.5725326342511727,1.085463453790001
Mol3009,0.675686709,2,1.324620266135323,1.20679887,0.9262859793669875,1.4404587133780802,0.8462130949874757,1.2090646169700003
Mol3010,1.426625106,4,1.3273690493413655,1.2098631439999998,0.8290647852969466,1.5715976715850504,0.8613698005918515,1.33279503183
Mol3011,0.675686709,4,1.3273690493413655,1.2098631439999998,0.9678918838698298,1.280343043798519,0.8536444713449307,1.2995447777000009
Mol3012,1.056828653,4,1.3273690493413655,1.2098631439999998,1.4626464918398567,1.549288141514007,1.431101658566237,1.40720593025
Mol3013,1.8360328,1,1.3165635449464286,1.188576779,1.5699554105277849,1.3778176771152761,1.7319451587407206,1.3956859234400003
Mol3014,2.429332313,1,1.3165635449464286,1.188576779,1.585140896908669,1.9393159093148649,1.515545655800891,1.59339341885
Mol3015,0.675686709,4,1.3273690493413655,1.2098631439999998,1.431868615242684,1.5533295527334396,1.3807853073686311,1.4765826229900003
Mol3016,2.122406886,1,1.3165635449464286,1.188576779,1.4238900160993504,1.760259768252721,1.4414303335275471,1.2610629405200002
Mol3017,0.869173027,4,1.3273690493413655,1.2098631439999998,2.3703408645834854,1.9745853919042002,1.8773159676399163,1.6023634868500003
Mol3018,0.675686709,0,1.319724521862705,1.2178391149999999,1.0454772530272842,1.4444185854266118,0.88386511305171,1.1829026488300005
Mol3019,0.675686709,4,1.3273690493413655,1.2098631439999998,1.0272074373661755,1.3990580259809366,0.9291528483087478,0.9158593144500007
Mol3020,1.46169357,2,1.324620266135323,1.20679887,1.1747399521642483,1.192685558320826,1.2137195378226011,1.40636463137
Mol3021,0.82445127,0,1.319724521862705,1.2178391149999999,1.2565608002131907,1.2234069868977697,1.1473876028580343,1.1420606713400003
Mol3022,2.318165633,0,1.319724521862705,1.2178391149999999,1.4065723434209851,1.6934465089278385,1.3430109251717965,1.79822980749
Mol3023,2.344101337,4,1.3273690493413655,1.2098631439999998,2.0445867663042216,2.2302833523316314,1.9309061704891297,2.0860317749700013
Mol3024,0.675686709,1,1.3165635449464286,1.188576779,1.1755553824959786,1.063597587486744,1.1020257268417233,1.0702177783200006
Mol3025,2.13664448,2,1.324620266135323,1.20679887,1.7703755245166222,2.453985340539683,1.767673554994291,1.6816531226900004
Mol3026,0.675686709,1,1.3165635449464286,1.188576779,1.2954296660402282,0.7698726840429924,1.415539697489236,0.9770837421600004
Mol3027,1.87478902,0,1.319724521862705,1.2178391149999999,1.5519063957886579,0.9886650054013876,1.7590531692481892,0.9973314380300004
Mol3028,1.968226032,1,1.3165635449464286,1.188576779,1.4304209948806375,1.6665969316853082,1.445523619756201,1.3024394551500016
Mol3029,0.675686709,4,1.3273690493413655,1.2098631439999998,1.2596049083634104,1.2876820068157206,1.177986347707166,0.9563993913700005
Mol3030,0.675686709,0,1.319724521862705,1.2178391149999999,1.3316821920279118,1.2029812094445989,1.454535938155194,1.063822698180001
Mol3031,0.675686709,1,1.3165635449464286,1.188576779,1.2725539758661957,0.9318072085139767,1.1548571093210611,1.0117260948700009
Mol3032,1.046690221,4,1.3273690493413655,1.2098631439999998,1.2298329926664644,1.555105793757021,0.9863742155023246,1.3783799018200005
Mol3033,1.598757687,0,1.319724521862705,1.2178391149999999,1.0686267669710898,1.233634944513086,0.9384296680074949,0.9444000836300003
Mol3034,1.938479696,2,1.324620266135323,1.20679887,1.4308026256355255,1.4877986544011659,1.645984739850349,1.2357667876800007
Mol3035,0.675686709,3,1.3119166433636362,1.194359769,1.1623864105970485,1.433538419660714,1.1776054605381434,1.3872717679999993
Mol3036,1.961340398,4,1.3273690493413655,1.2098631439999998,1.4669479021368792,1.8878428549398485,1.7397432155543031,1.5418983561399997
Mol3037,0.675686709,0,1.319724521862705,1.2178391149999999,0.94895678048012,1.1263018565151226,0.9247775862103792,1.3284816587900008
Mol3038,2.408026158,1,1.3165635449464286,1.188576779,1.2341473152724751,1.61428750475983,1.710351323654169,1.65495392143
Mol3039,0.675686709,1,1.3165635449464286,1.188576779,1.111281343427453,0.7061805667112914,0.9168281786750729,0.9692696513100008
Mol3040,1.494224187,2,1.324620266135323,1.20679887,1.6413934524057974,2.327913844966406,1.8021723840258557,1.8145833042000006
Mol3041,0.675686709,1,1.3165635449464286,1.188576779,1.1396206061474345,0.9993001437258746,0.9157168903005066,1.0458384415800004
Mol3042,2.211774429,1,1.3165635449464286,1.188576779,0.8952594105051803,1.863160675003758,0.7596420752873669,1.3682213982500009
Mol3043,1.632771005,3,1.3119166433636362,1.194359769,1.1538024447611899,1.3457180881862665,0.9889017559675704,1.0331069796000005
Mol3044,1.548143692,1,1.3165635449464286,1.188576779,1.4250482090537147,1.0867988130756536,1.37264160773926,1.1824629140800003
Mol3045,0.691788524,2,1.324620266135323,1.20679887,1.2760080821553412,1.4317027962461744,1.3158898303793347,1.1719923173400004
Mol3046,2.11231001,0,1.319724521862705,1.2178391149999999,1.4250361030621468,1.7345673539561526,1.5031327215943897,1.5809145841199999
Mol3047,0.675686709,1,1.3165635449464286,1.188576779,1.306946241596566,0.7511180150311716,1.6318274734070684,1.2078414340800006
Mol3048,0.784331948,3,1.3119166433636362,1.194359769,2.0280514768054476,2.1331269953273573,1.8382933589912256,1.4046714909300004
Mol3049,1.41703964,3,1.3119166433636362,1.194359769,1.8360739623369018,1.4882197856714954,1.7860282531278862,1.4817342130800006
Mol3050,0.675686709,0,1.319724521862705,1.2178391149999999,0.008416283393501978,0.9149794460974033,1.0424316998456886,1.1329807258200004
Mol3051,1.778230864,2,1.324620266135323,1.20679887,1.4503711231978926,1.9422540496784813,1.497652059623651,1.5083030002900006
Mol3052,2.111622036,4,1.3273690493413655,1.2098631439999998,1.5982221756416994,1.4110859496338015,1.63177533827847,1.5376996499799993
Mol3053,1.654898161,1,1.3165635449464286,1.188576779,1.279660306180334,1.554758909606955,0.9443811499255615,1.211389898060001
Mol3058,0.675686709,2,1.324620266135323,1.20679887,1.4046591297084168,1.3025519043939615,1.2396059771999006,1.56767816122
Mol3067,2.227421323,4,1.3273690493413655,1.2098631439999998,1.4717072227970922,1.762246273925843,1.3941676168622297,1.1017832554100009
Mol3071,1.41385276,4,1.3273690493413655,1.2098631439999998,0.6088459810456197,0.39846587649869475,0.975563327992989,1.0783309285699993
Mol3072,2.115533963,1,1.3165635449464286,1.188576779,1.5827349702144566,2.252455643312387,1.7729018607228022,1.6555163031099998
Mol3077,1.206637011,3,1.3119166433636362,1.194359769,0.6786754964493216,0.8185897646772552,1.060293640453241,1.2117323752199998
Mol3078,0.675686709,3,1.3119166433636362,1.194359769,1.2423616186916095,2.0275974468878726,1.5366192723372043,1.5794232081299995
Mol3079,1.323478988,1,1.3165635449464286,1.188576779,1.770226541502819,2.024843323799388,1.6176606197717933,1.5606056728600006
Mol3086,0.675686709,0,1.319724521862705,1.2178391149999999,1.611715919680149,1.2356422025818081,1.3991539478258486,1.2920048954200005
Mol3087,0.675686709,2,1.324620266135323,1.20679887,1.187448988211689,1.1558635842412732,1.0531092769840373,1.4571399928700002
Mol3091,1.243236538,2,1.324620266135323,1.20679887,1.2607990365329387,1.0067225371359572,0.9686095265524644,1.2567877474100009
Mol3093,2.602153355,4,1.3273690493413655,1.2098631439999998,1.644752709901332,1.864040548125176,1.9190575941669334,1.7138759168800002
Mol3094,0.675686709,1,1.3165635449464286,1.188576779,0.8349161208502869,0.8544245168889648,0.7370970594112114,0.7768947037599996
Mol3095,0.675686709,0,1.319724521862705,1.2178391149999999,0.8584972027471949,0.890954000863887,0.7888297691582953,1.0127200576400006
Mol3096,0.675686709,2,1.324620266135323,1.20679887,0.7712440639122664,0.28751593305923495,0.7433824919170688,1.0247188924100008
Mol3097,0.675686709,4,1.3273690493413655,1.2098631439999998,0.7019047894388382,1.37996768629291,0.9862872038770033,1.40412629165
Mol3098,1.158814647,4,1.3273690493413655,1.2098631439999998,1.8824561193523182,1.0743282925888926,1.6358166986783818,1.2631245962800008
Mol3099,2.408387533,2,1.324620266135323,1.20679887,1.840843148088961,1.9481406918306765,1.728188065784692,1.5435921566800002
Mol3100,1.661291977,3,1.3119166433636362,1.194359769,1.5544337995273336,1.3400164249720548,1.668113415387515,1.2172673333500006
Mol3101,1.247555947,2,1.324620266135323,1.20679887,0.5845254054694679,0.8325934852223886,0.81184160833888,1.2822264627700009
Mol3102,0.675686709,3,1.3119166433636362,1.194359769,0.9564754202618669,0.5359326347925729,0.8016242509554233,1.0519617867800006
Mol3103,0.675686709,1,1.3165635449464286,1.188576779,1.022134695946227,0.8349292167448312,1.0314241451587893,1.0209554081800005
Mol3104,1.104862518,4,1.3273690493413655,1.2098631439999998,0.7255557720824866,0.8520860348389786,0.8400097189509823,1.21028765741
Mol3105,0.929827481,0,1.319724521862705,1.2178391149999999,0.706555896487071,1.290001249295798,0.8539817028908928,1.0582024593900001
Mol3106,0.675686709,1,1.3165635449464286,1.188576779,1.022134695946227,0.5097923773671557,1.0314241451587893,1.0554555132900005
Mol3107,0.675686709,3,1.3119166433636362,1.194359769,1.1321664950224508,0.7518792225527574,1.3476023600848408,0.9207081435900004
Mol3108,0.675686709,3,1.3119166433636362,1.194359769,0.9698575054199703,0.5913955711522257,0.9014792411272462,0.9708212078400004
Mol3109,0.675686709,4,1.3273690493413655,1.2098631439999998,0.6752438139767717,0.8082344698327673,0.800153285187751,1.0178870309100005
Mol3110,1.328705712,4,1.3273690493413655,1.2098631439999998,0.7818380458132607,0.7874437883702072,0.917202761278498,1.2017186440899998
Mol3111,0.888010912,1,1.3165635449464286,1.188576779,1.2977469700420488,0.9329599822961434,1.2975145669818835,1.065523363260001
Mol3112,0.675686709,1,1.3165635449464286,1.188576779,1.2235272434789708,0.517934394092997,1.1288651590252992,0.89433831572
Mol3113,0.675686709,0,1.319724521862705,1.2178391149999999,1.0066699879760899,0.88071260529603,1.0295397984034862,1.1435407819900008
Mol3114,0.675686709,1,1.3165635449464286,1.188576779,0.7900724529410303,0.6319532518655874,0.8006155880496945,0.9678441361100005
Mol3115,0.675686709,1,1.3165635449464286,1.188576779,0.9153452432465938,-0.019303353138297896,0.7782844856786083,0.9344251272900006
Mol3116,1.65965003,1,1.3165635449464286,1.188576779,1.579245460549152,1.8364686149732745,1.470373053044129,1.1357519107700003
Mol3498,0.675686709,0,1.319724521862705,1.2178391149999999,0.8621586040673275,0.555543349107823,0.7861223164375231,0.8906957364600001
Mol3519,0.863798539,0,1.319724521862705,1.2178391149999999,0.7719653050565837,1.4819214706657948,1.314869184111118,1.022725817930001
Mol3520,0.881384657,2,1.324620266135323,1.20679887,1.2433773891169855,1.3593894363464762,1.7751291287121387,1.2359528212800008
Mol3521,1.507059385,2,1.324620266135323,1.20679887,1.5969857419281037,1.6697139833697854,1.5282490071434356,1.6536434154899993
