Internal ID,observed,outer_fold,mean_baseline,median_baseline,Ridge_descriptors,Ridge_Morgan,RandomForestRegressor_descriptors,RandomForestRegressor_Morgan
Mol5,0.996380313,0,1.6038924168470172,1.554755591,1.6098738887823956,1.05987703995287,1.5706997802779923,1.404084420540001
Mol6,1.397348966,4,1.6207589439737913,1.56944414,1.2979991158223834,1.5682170930450734,1.278851972317704,1.3998217957600005
Mol7,1.327231598,2,1.613802241359929,1.564500197,1.4974815974343656,1.9095293667329367,1.5263311170732232,1.6686624658900002
Mol8,1.458063445,1,1.6073212362991152,1.554695053,1.7002275353462306,2.1452077400282574,1.7613465414604546,1.5974211533599993
Mol9,2.7565,4,1.6207589439737913,1.56944414,1.7523269507695307,1.6453197593208135,1.7710705241116813,1.8339814469099982
Mol10,1.630824356,0,1.6038924168470172,1.554755591,1.717727101326047,1.9973552626701456,1.5645167241285345,1.66826812257
Mol12,1.198299609,3,1.6039384107940662,1.562506984,1.6643778325673444,1.8956106807802002,1.8670948103347598,1.6535672665999999
Mol13,2.004110625,3,1.6039384107940662,1.562506984,1.642487184098958,1.2810808410663475,1.726778220875849,1.4276089463699995
Mol14,1.884823674,4,1.6207589439737913,1.56944414,2.1497739491195236,2.101910803542654,1.7892501875267166,1.8396012268600006
Mol15,1.155882358,3,1.6039384107940662,1.562506984,1.5627279743424822,1.6896158347091892,1.5984176925725864,1.6415138757699999
Mol16,1.564145072,2,1.613802241359929,1.564500197,2.02266146150817,1.5496782669202256,2.0550151326749324,1.5126913678700007
Mol17,1.048286393,3,1.6039384107940662,1.562506984,1.3818506960202457,1.2764002840110138,1.3251867478725772,1.31999610731
Mol18,0.983626287,1,1.6073212362991152,1.554695053,1.4994524075315954,1.3539802960197687,1.4357344157541962,1.5677726136599994
Mol19,1.226135722,4,1.6207589439737913,1.56944414,1.648748788324564,1.6614204485071065,1.8247511530448641,1.5197800190899995
Mol20,2.56594576,3,1.6039384107940662,1.562506984,1.5168687392651286,1.2871422417499394,1.6077279682215302,1.4788600157400003
Mol22,0.860996437,2,1.613802241359929,1.564500197,1.4445145792342664,1.384872827534396,1.2481028589645868,1.4000057494200002
Mol24,2.282135893,1,1.6073212362991152,1.554695053,1.7383298771114077,2.119728522489294,1.5506869064419686,1.73733192054
Mol25,1.066176786,0,1.6038924168470172,1.554755591,1.7363333618595589,1.5597495697261075,1.7574670595816695,1.6635646866699998
Mol26,1.05709529,2,1.613802241359929,1.564500197,1.7796744999199847,1.6553777944858838,1.6660117227273366,1.6557951856299997
Mol31,0.932980822,1,1.6073212362991152,1.554695053,1.5708376293317718,1.3922327334911522,1.6781096841891214,1.5597498859500007
Mol32,0.990827051,0,1.6038924168470172,1.554755591,1.8451707086297489,1.5268780410928384,1.88506730595165,1.3901876221200016
Mol33,1.329092647,1,1.6073212362991152,1.554695053,1.5810580875558367,1.9476913774356175,1.4903388705749356,1.582711589849999
Mol34,1.761739954,1,1.6073212362991152,1.554695053,1.7525662240037312,1.4520063699391557,1.5923586395095262,1.6652521223900003
Mol35,2.219660482,0,1.6038924168470172,1.554755591,1.6207226870404838,1.7940056744613098,1.619121699231819,1.9051146445300002
Mol36,2.728516916,3,1.6039384107940662,1.562506984,1.9109661691752002,2.012936516122828,2.0235431926893996,1.857065418319999
Mol37,1.620136055,1,1.6073212362991152,1.554695053,1.7159093259772005,1.8408587216404089,1.5085375963805512,1.4858003874699997
Mol38,1.427680816,1,1.6073212362991152,1.554695053,1.7189293740448233,1.9249478436557748,1.3940719806440893,1.5127512153700002
Mol40,0.876967967,0,1.6038924168470172,1.554755591,1.4638058215163048,0.9583000382806797,1.4313106561075006,1.4444627287400005
Mol41,2.57963614,0,1.6038924168470172,1.554755591,1.874010574003732,1.9580374444454456,1.8700910907569699,1.8461144579899993
Mol42,0.909876818,0,1.6038924168470172,1.554755591,1.7029308813130406,1.1063934709388836,1.6689862513412101,1.4857976497399996
Mol43,2.601584178,0,1.6038924168470172,1.554755591,1.9118888418844784,1.8845826824526473,1.7068923258424757,1.6928395780100005
Mol44,1.710749017,4,1.6207589439737913,1.56944414,1.7871260685764023,1.6645009498674967,1.6928621309626295,1.3887338338800002
Mol46,1.034949147,1,1.6073212362991152,1.554695053,1.4880607214341157,1.9031030849490689,1.7251410613314,1.4889678963799997
Mol47,1.543708051,4,1.6207589439737913,1.56944414,1.506798575338557,1.3236648052154487,1.3994066529238396,1.4409996910199996
Mol48,2.121697694,0,1.6038924168470172,1.554755591,1.762119229315881,1.5944131714926701,1.9555082340850851,1.3734047901100004
Mol49,1.021644036,4,1.6207589439737913,1.56944414,1.4828177791327377,1.789902609870321,1.4470057235971014,1.7355086261
Mol51,1.878648159,3,1.6039384107940662,1.562506984,1.5698922380794982,0.8494392232523702,1.6825576241819349,1.4272729039
Mol52,2.885344821,0,1.6038924168470172,1.554755591,2.13153834017626,2.241878364170126,2.5345346755535383,2.4679556087199996
Mol53,2.032792967,3,1.6039384107940662,1.562506984,1.8026067184005046,2.0777998616778093,1.8553149595216503,1.7450423816900007
Mol55,2.596224212,3,1.6039384107940662,1.562506984,1.942189959055281,2.1210231475005066,2.0842051033900884,2.0372275865
Mol56,1.609647759,0,1.6038924168470172,1.554755591,1.7329050131037307,1.6722893479249437,1.7282429135356119,1.5862549632299994
Mol57,1.727004157,0,1.6038924168470172,1.554755591,1.7329050131037307,1.6498725268664667,1.7282429135356119,1.9189898837299995
Mol60,0.777789187,2,1.613802241359929,1.564500197,1.5299318822448025,1.2760466677935207,1.3655315109355401,1.6199939179699996
Mol62,1.561387637,3,1.6039384107940662,1.562506984,1.8719499015814394,1.8360543274231758,1.9650038693364495,1.6687223588299998
Mol63,0.993700695,4,1.6207589439737913,1.56944414,1.9875446296642774,1.056699993357856,1.8020231366976671,1.34128517974
Mol64,2.347780667,3,1.6039384107940662,1.562506984,2.0873849187208493,2.1163871444701274,2.3460674323977457,1.881092454740001
Mol65,0.991226076,2,1.613802241359929,1.564500197,1.396048085584202,1.4065169902727126,1.5522370474512206,1.4188771629700003
Mol66,2.372418541,4,1.6207589439737913,1.56944414,2.008238302262061,2.2005974600087956,1.9616927965588387,1.89448676172
Mol68,1.633670406,0,1.6038924168470172,1.554755591,1.6068999214390671,1.8082924589424691,1.433937445705499,1.7137756480599995
Mol69,1.928436822,4,1.6207589439737913,1.56944414,1.5235561797789416,1.7575545806372448,1.5352120666983666,1.7641882105199995
Mol70,3.096213889,2,1.613802241359929,1.564500197,2.06778873970314,1.382692043132376,1.989528402902035,1.5744595512900004
Mol71,2.24496946,2,1.613802241359929,1.564500197,1.9709252252005924,1.9419075290181598,2.2776124545628003,1.7282754281199986
Mol73,1.314330783,4,1.6207589439737913,1.56944414,1.751226325897294,1.6094014443851448,1.7567926911208807,1.5944387131800002
Mol75,1.281601444,3,1.6039384107940662,1.562506984,1.4559649225621958,0.9940352602709009,1.5173011159784868,1.4578777419099995
Mol77,2.572128951,4,1.6207589439737913,1.56944414,1.8181435898087144,2.060491160060902,1.6296172576912713,2.11213489938
Mol78,0.713490543,1,1.6073212362991152,1.554695053,1.634960120186223,1.0682294675468378,1.5957654127523153,1.2353829736100004
Mol79,2.186163547,2,1.613802241359929,1.564500197,1.8153896933244031,1.4826866642411627,2.0074861422237245,1.8101690200300007
Mol80,1.074597045,3,1.6039384107940662,1.562506984,1.3230972270460355,1.116348430685759,1.0809151262927716,1.6180368605099995
Mol81,1.209407768,2,1.613802241359929,1.564500197,1.7579926320355836,1.1284160547870625,1.506191453173783,1.2253302082999995
Mol82,1.917836225,0,1.6038924168470172,1.554755591,1.6868595078218176,1.6172004199743322,1.5955596384594184,1.3426600908800004
Mol84,0.857242009,4,1.6207589439737913,1.56944414,1.8009807750984568,0.9905021004100167,1.835236506525372,1.5558257186300002
Mol85,1.676446677,4,1.6207589439737913,1.56944414,2.4143469177701817,2.254980658192183,1.7036423727084051,1.6286510166000001
Mol86,0.957559402,1,1.6073212362991152,1.554695053,1.719567123022566,2.0364984985896264,1.8927857795671685,2.2320443684899978
Mol87,1.503858749,4,1.6207589439737913,1.56944414,1.5745631278588423,1.4976195707471824,1.7345163525113545,1.40197819643
Mol88,1.177074546,3,1.6039384107940662,1.562506984,2.297891692831595,1.5866409283958312,1.7442459938354795,1.68894180497
Mol89,1.998886781,0,1.6038924168470172,1.554755591,1.40729508033651,1.609706929463232,1.1532134697203713,1.6486080887099996
Mol90,2.398082434,3,1.6039384107940662,1.562506984,1.920537921261623,2.019260990505991,2.3671463189611774,2.2198871039699988
Mol91,1.208387604,1,1.6073212362991152,1.554695053,1.2456025490433063,1.0697124308038,1.1454317128638445,1.5303498461000005
Mol92,1.481858091,4,1.6207589439737913,1.56944414,1.376568645554864,1.3152530941627305,1.379932420344458,1.5595943313000007
Mol93,1.724816353,0,1.6038924168470172,1.554755591,1.7343278192238316,1.8046124362899296,1.6410820856139248,1.5909710275500002
Mol95,1.852187112,1,1.6073212362991152,1.554695053,1.7190103014945528,1.4761873220257098,1.8129490243980713,1.5038583649499997
Mol96,2.052682402,3,1.6039384107940662,1.562506984,1.614935164956729,1.9689232447813603,1.484692422078581,1.66215132439
Mol97,2.426639741,0,1.6038924168470172,1.554755591,1.7663384381511424,1.79244835667621,1.9588677309568823,1.6888865741399994
Mol98,1.28427278,4,1.6207589439737913,1.56944414,1.5363604668004196,1.2197909100640763,1.7516782147638121,1.53963778764
Mol100,2.698323293,0,1.6038924168470172,1.554755591,1.7663384381511427,1.7111915867632361,1.9588677309568823,1.64818269376
Mol101,2.998834093,3,1.6039384107940662,1.562506984,2.153163409954324,2.469490583742017,2.4831887207605283,2.192794534839999
Mol102,2.172170757,0,1.6038924168470172,1.554755591,1.9046118338071185,2.8825564089819875,2.0193510993147523,2.3510164609099995
Mol103,1.644123341,0,1.6038924168470172,1.554755591,1.5193433750491974,1.9873860681102027,1.3573348635394262,1.5273760199100008
Mol104,1.842771446,0,1.6038924168470172,1.554755591,1.5625305750232377,1.4089678369892797,1.7245737926534028,1.32805860599
Mol107,2.35761091,1,1.6073212362991152,1.554695053,1.9597447034108726,2.3055584850140773,2.2041345280640696,2.2070808621799993
Mol108,2.447729993,1,1.6073212362991152,1.554695053,1.9597447034108726,2.457620664695045,2.2041345280640696,2.21901295594
Mol110,1.804466564,1,1.6073212362991152,1.554695053,1.9024301993257016,2.2843282205831015,1.7731085803958007,1.786811521189999
Mol111,1.581926914,3,1.6039384107940662,1.562506984,1.9847366085406357,1.9880678423755072,1.8994109669658605,1.9139269873800007
Mol112,1.860308054,3,1.6039384107940662,1.562506984,1.4326594240927235,1.3472974204675872,1.4682428181560048,1.5739638730999999
Mol113,2.325244658,4,1.6207589439737913,1.56944414,1.8868194812204495,1.4623986135219762,1.770891360371017,1.48632369327
Mol114,0.926496789,0,1.6038924168470172,1.554755591,1.231225137943818,1.6346178960296796,1.4062218898986842,1.5078532357600005
Mol115,1.523538372,4,1.6207589439737913,1.56944414,1.5713859780478667,1.3962938249278714,1.6586788319746477,1.6856512155500007
Mol116,1.578982843,4,1.6207589439737913,1.56944414,1.7028550929174724,1.790108952097885,1.6185800244553161,1.7165844791399982
Mol117,1.867909218,0,1.6038924168470172,1.554755591,1.6408296235477382,1.9879487180960103,1.5547133874833725,1.7476190595
Mol118,2.005819468,1,1.6073212362991152,1.554695053,1.2863905939081257,1.8874052064212494,1.4638724760459962,1.4724866518899997
Mol119,1.47950333,1,1.6073212362991152,1.554695053,1.7376852215526069,1.4073941593905441,1.6114754527139263,1.3124697903600007
Mol121,1.554695053,4,1.6207589439737913,1.56944414,1.6707568748239514,1.477321853860955,1.6740268863192558,1.5610861596299999
Mol123,0.734719842,0,1.6038924168470172,1.554755591,1.5611814761127438,1.4898543983329524,1.5953355281956794,1.351075476979999
Mol124,1.953648568,0,1.6038924168470172,1.554755591,1.6130382189912722,1.5037694535224242,1.5880005386346059,1.7461573295200004
Mol125,2.666523596,3,1.6039384107940662,1.562506984,1.9085336743533896,1.782389669798629,2.227066265549618,2.0348955819399994
Mol126,1.775384687,4,1.6207589439737913,1.56944414,1.7059457982978405,1.7276140436835734,1.6995613861195176,1.39410120319
Mol127,2.095078646,4,1.6207589439737913,1.56944414,1.266748756162535,1.736159590978274,1.9276826480757703,1.4135152093200003
Mol128,2.649622021,1,1.6073212362991152,1.554695053,2.0301955703374577,2.856911931718738,2.2209064662971194,2.056256064339999
Mol131,1.881806762,2,1.613802241359929,1.564500197,1.9611813951511503,1.8057259352081552,2.2323947383037175,1.7346169889199998
Mol132,1.342679234,2,1.613802241359929,1.564500197,1.3746258408664533,1.541382223412299,1.4551629339812808,1.61679866746
Mol133,2.209624915,0,1.6038924168470172,1.554755591,1.6096576466122232,2.2119307562280506,1.4877123838815012,1.4868138313200001
Mol135,0.989894564,0,1.6038924168470172,1.554755591,1.3758696706086369,1.924435705706595,1.296004375666596,1.4864762171600003
Mol137,0.964165311,3,1.6039384107940662,1.562506984,1.48421951372283,1.8231138020294133,1.6408167761629315,1.4089379592000002
Mol138,1.688642252,3,1.6039384107940662,1.562506984,1.2930744924850726,1.4663403025738586,1.3169809409065736,1.3386852999099998
Mol139,0.940516485,4,1.6207589439737913,1.56944414,1.312623786984912,1.283242869638886,1.447146715899598,1.4031529187
Mol140,0.894224095,2,1.613802241359929,1.564500197,2.485502299379468,1.3145848400045776,1.911201743553292,1.47448296726
Mol142,1.317394675,2,1.613802241359929,1.564500197,1.6627815027596458,1.603916897973881,1.3834238940404069,1.7482889204700007
Mol143,2.019872011,1,1.6073212362991152,1.554695053,1.659101715233903,1.1966684820704794,2.2968003775355004,1.22739668881
Mol144,1.528543921,3,1.6039384107940662,1.562506984,1.754279296767119,1.2738446088636581,1.527431058929637,1.4160609647099995
Mol145,1.202869588,3,1.6039384107940662,1.562506984,1.7288639651623923,1.1634647565497829,1.7234209255466617,1.490838773430001
Mol146,2.003348497,0,1.6038924168470172,1.554755591,1.8614694436864783,1.7117765854917442,1.8301086042961336,1.5740717936600002
Mol147,1.781252594,4,1.6207589439737913,1.56944414,1.7006737802372602,1.0233348823082469,1.6060662155002605,1.33728122843
Mol149,0.76930346,0,1.6038924168470172,1.554755591,1.7554814242993568,1.8620408413779757,1.9820192361214013,1.7281174626800004
Mol151,0.988068203,0,1.6038924168470172,1.554755591,1.2853986070505674,1.9973277703838725,1.4927774547843882,1.6337172303500003
Mol153,1.543596268,3,1.6039384107940662,1.562506984,1.3450799049178062,1.1871573192775051,1.556444371831128,1.3777261397900005
Mol155,1.113241232,2,1.613802241359929,1.564500197,1.8219880457370132,1.3396238836679144,1.8843437399385998,1.41788801815
Mol157,1.169292275,3,1.6039384107940662,1.562506984,1.7653109885865577,1.523768691654365,1.8112799311093926,1.5302362862999994
Mol158,1.11320777,3,1.6039384107940662,1.562506984,1.644047075276101,1.589924971014529,1.682072376339302,1.4272404224599997
Mol159,1.023705043,2,1.613802241359929,1.564500197,1.124130380125476,1.2863461604257236,1.082394950043947,1.5645234387300004
Mol160,1.506071875,4,1.6207589439737913,1.56944414,1.671729659918332,1.9964092998418281,1.435332227546696,1.7160585499799996
Mol161,1.822599543,3,1.6039384107940662,1.562506984,1.6323687959365043,1.367964597592564,1.62466626276532,1.3694436025600003
Mol162,1.89741814,2,1.613802241359929,1.564500197,1.8891913175490453,1.822222679976504,1.4938679073169978,1.5540726826900002
Mol163,1.868620931,1,1.6073212362991152,1.554695053,1.5634674945739486,1.4783229219626293,1.4346922298649167,1.5858848914799994
Mol165,2.357256208,3,1.6039384107940662,1.562506984,1.4904306430555008,1.081393447254741,1.5905371060681777,1.7487932917000006
Mol166,0.948364056,4,1.6207589439737913,1.56944414,1.5034745316285807,0.8619016347172697,1.4993988212155471,1.2684230403600005
Mol167,0.819280647,0,1.6038924168470172,1.554755591,1.6820729897260713,1.6575575907596827,1.6423702047395274,1.5336488156699997
Mol168,2.257044666,2,1.613802241359929,1.564500197,1.7588457430422375,1.574023865066625,1.9326262656510251,1.589708544100001
Mol169,1.596179092,2,1.613802241359929,1.564500197,2.026145742048997,1.576844323374047,1.5170959875055317,1.5127218550499995
Mol170,2.633232054,2,1.613802241359929,1.564500197,1.865351310864952,1.2331432600546208,2.131338039253361,1.4058823462700003
Mol171,1.946432613,2,1.613802241359929,1.564500197,1.8245783140484357,2.113225651574661,2.1399153884098414,1.6101189454299998
Mol172,3.021840253,4,1.6207589439737913,1.56944414,1.8297570253157829,2.249334594601115,1.901042222324345,1.6540303163000005
Mol173,1.653357254,4,1.6207589439737913,1.56944414,1.7449370876803414,1.654434757545487,2.0260013607173626,1.7510115058699998
Mol174,2.490768687,2,1.613802241359929,1.564500197,1.7897975489967317,1.9491365738042368,1.8629034690252542,1.6467585523799995
Mol175,1.695253962,4,1.6207589439737913,1.56944414,1.799976556930686,1.6594667788487212,1.8311274786789802,1.6355372905500007
Mol176,1.076312688,3,1.6039384107940662,1.562506984,1.517337316939715,1.6436220421614054,1.6569024517067763,1.5894871087599998
Mol178,1.7170544,3,1.6039384107940662,1.562506984,1.3915883713060446,1.652465641099017,1.494649895554837,1.5350636715699997
Mol179,1.021023822,3,1.6039384107940662,1.562506984,1.228911080576852,1.3978154588447234,1.2170408066367315,1.4277318523700004
Mol181,0.977449227,2,1.613802241359929,1.564500197,1.416895745688634,1.7938820111549565,1.3753776086523755,1.5114643299899995
Mol183,1.920138986,0,1.6038924168470172,1.554755591,1.353652126736385,1.420456571751018,1.3743809827846685,1.5403169671300012
Mol185,0.900913068,1,1.6073212362991152,1.554695053,1.7076947697676508,1.3543371185864184,1.6986110265831424,1.3384016163500005
Mol186,1.064719984,4,1.6207589439737913,1.56944414,1.612605993647568,1.5424664828334491,1.5249138373776978,1.4408494976299997
Mol188,1.618654639,0,1.6038924168470172,1.554755591,1.661229452626324,1.4219499429925515,1.6783726227494953,1.7306707821999998
Mol191,1.376923524,2,1.613802241359929,1.564500197,1.564313199542641,1.279855634502575,1.427559812892015,1.4952544787299993
Mol192,2.14248958,1,1.6073212362991152,1.554695053,1.6673514450683433,2.123355638076257,1.460613085134124,1.8586953829800004
Mol194,1.372838388,3,1.6039384107940662,1.562506984,1.490623931751617,1.4465624768750305,1.3088473164539647,1.4835989734300006
Mol196,1.967707064,2,1.613802241359929,1.564500197,1.8491328327067686,1.6444608520740194,1.9709437763164155,1.72533755706
Mol197,0.764026608,1,1.6073212362991152,1.554695053,1.447561379220055,1.8777432419673197,1.2292977530869955,1.5368882187799997
Mol198,1.805113286,4,1.6207589439737913,1.56944414,1.9144649711150539,2.1942816844507247,1.9602301375927749,1.8690350588900015
Mol199,1.762205758,4,1.6207589439737913,1.56944414,1.628458248705298,1.4098259027892512,1.5192270606832503,1.4448078810300007
Mol201,1.584059705,3,1.6039384107940662,1.562506984,1.8301448934979965,1.6232151250312703,2.0639589439204022,1.4587658454199994
Mol203,1.740560051,2,1.613802241359929,1.564500197,1.628380103437307,1.7287665475205811,1.4659754776765246,1.7122097012500002
Mol204,1.752923841,3,1.6039384107940662,1.562506984,1.573331098243827,1.6347897969101015,1.499358307844208,1.4671943298099999
Mol205,1.490239485,4,1.6207589439737913,1.56944414,1.574605515838141,1.5795959574605025,1.7817759408252913,1.590405251860001
Mol206,1.444481995,3,1.6039384107940662,1.562506984,1.7422420628394544,1.600357370885189,1.8220271973808009,1.6196081229499995
Mol208,0.918082785,0,1.6038924168470172,1.554755591,1.6056954260464285,1.4677441396110937,1.6519082472799156,1.3421206627299989
Mol210,1.160948481,0,1.6038924168470172,1.554755591,1.3942827247347784,1.0317656003953228,1.3859712252662408,1.3862806700999994
Mol211,1.413500935,3,1.6039384107940662,1.562506984,1.7329238220165448,1.4782614740679179,1.6829247711815407,1.5712497731800001
Mol213,2.229848158,4,1.6207589439737913,1.56944414,1.7330306438401462,1.9392662082446677,1.7253807415087146,2.0450011632799985
Mol215,2.181949292,0,1.6038924168470172,1.554755591,1.3479822975970728,1.1822035931006734,1.0159730695546925,1.3769646504099997
Mol217,2.02843704,4,1.6207589439737913,1.56944414,1.5803911974646239,2.2834783439932105,1.6224004828774523,1.9986947183000012
Mol220,2.280145681,4,1.6207589439737913,1.56944414,1.6586285165057526,2.212838045597808,1.4772759510707656,1.9794067093100003
Mol222,1.197638876,4,1.6207589439737913,1.56944414,1.580431457203832,1.6028423674089671,1.4081857600743144,1.2179177266899988
Mol223,1.574575243,2,1.613802241359929,1.564500197,1.8625957341939123,1.5209329771157067,1.7471055365913577,1.5212285791200006
Mol225,1.544489726,4,1.6207589439737913,1.56944414,1.7929474603080933,1.766561698551325,1.928563699220098,1.5894749553300007
Mol226,1.237367773,1,1.6073212362991152,1.554695053,1.368638816338788,1.1125783990061497,1.1653879593490182,1.4528634005800003
Mol228,1.733935179,4,1.6207589439737913,1.56944414,1.5724008340517273,1.7441941346825633,1.477603974657222,1.6529905687100006
Mol229,2.109848421,0,1.6038924168470172,1.554755591,1.7556983103774575,1.713856821801023,1.7831484078704418,1.6248671147400007
Mol230,1.800923182,4,1.6207589439737913,1.56944414,1.764008912559085,1.5463717446108194,1.9780622452126573,1.6520164221899996
Mol231,1.967599452,0,1.6038924168470172,1.554755591,1.688475577902609,1.3547675371169474,1.826959681654333,1.3143870365300003
Mol233,1.562506984,0,1.6038924168470172,1.554755591,1.5558886281414257,1.8542170466560197,1.5512250339809723,1.7668871779500008
Mol236,1.650200637,3,1.6039384107940662,1.562506984,1.2452744940455045,1.0544369612105384,1.3473818500697476,1.2505539566100001
Mol240,1.612222088,1,1.6073212362991152,1.554695053,1.26834634362313,2.1253077419158943,1.4747794674100896,1.63086042278
Mol242,1.444638031,2,1.613802241359929,1.564500197,1.4598937744465483,1.336613619392871,1.407021314119846,1.401553114109999
Mol243,1.342442421,2,1.613802241359929,1.564500197,1.510077963041196,1.5555468867001656,1.6000692976167847,1.4733779088
Mol244,1.942241269,0,1.6038924168470172,1.554755591,1.600395468871741,1.2904602640806033,1.5838926506198805,1.4265747434000002
Mol245,1.795344637,4,1.6207589439737913,1.56944414,1.5595313568700102,1.4434726962317976,1.246240980422361,1.90685134836
Mol246,2.116677465,1,1.6073212362991152,1.554695053,1.4487496503040884,2.0732010592269288,1.5149411505895523,1.6346295086900002
Mol248,2.451204429,3,1.6039384107940662,1.562506984,1.6562765883067836,2.186011042373823,1.532064978548666,1.7221187011599997
Mol249,2.53226377,3,1.6039384107940662,1.562506984,1.6951422409015036,1.4237986377734422,1.6940356979807647,1.64380514022
Mol250,1.125708926,3,1.6039384107940662,1.562506984,1.7827267137709824,1.8057107264321945,1.9444691415867128,1.69668569101
Mol251,2.5987369,0,1.6038924168470172,1.554755591,1.9426873906213142,1.746307005119037,2.115754136272409,1.7436929212500005
Mol252,1.394504213,2,1.613802241359929,1.564500197,1.1999930299327237,1.496268548710039,1.149241944519929,1.4972541550200007
Mol253,1.323417121,0,1.6038924168470172,1.554755591,1.2732840944034707,1.4688542681393382,1.1583124867204009,1.49833325715
Mol254,2.36483043,3,1.6039384107940662,1.562506984,1.2623342773570951,1.4693227772133304,1.425568655155589,1.5430623788900004
Mol256,1.751756258,3,1.6039384107940662,1.562506984,1.6506625850202454,2.35650706293783,1.7584973592763153,1.81991301373
Mol257,1.983662364,3,1.6039384107940662,1.562506984,1.5598319911285445,2.350823288354162,1.6453364763126024,1.728905019049999
Mol258,0.870462432,4,1.6207589439737913,1.56944414,1.4793884528657213,1.554805964959188,1.4819639955533548,1.57440732269
Mol259,2.171023996,0,1.6038924168470172,1.554755591,1.7436269312260775,1.9129882610657003,1.8448113259344858,1.83446631771
Mol260,2.177262274,0,1.6038924168470172,1.554755591,1.7497609744661973,1.9569423325514483,1.8327759157454482,1.6495145859099989
Mol261,2.645352502,0,1.6038924168470172,1.554755591,1.6092336766193387,1.8536296706608097,1.6200055264708706,1.6873347480899994
Mol262,2.554656304,0,1.6038924168470172,1.554755591,1.5632360506247405,2.0151819181311863,1.642442152328503,1.7982658382199999
Mol263,0.993259831,4,1.6207589439737913,1.56944414,1.2293584813693168,0.9711203172028572,1.2973414768058986,1.4743195136500002
Mol264,2.855807378,0,1.6038924168470172,1.554755591,1.660870513679849,1.648186924502942,1.5591390804333904,1.5662534031600004
Mol265,2.118449915,3,1.6039384107940662,1.562506984,1.8002760358781122,1.8158628150190084,2.0456192298731377,2.0396899382100004
Mol267,2.045596772,0,1.6038924168470172,1.554755591,1.5988351512039582,1.7389983151526514,1.5953390134561223,1.4793443004000004
Mol268,1.597552591,1,1.6073212362991152,1.554695053,1.4919254362370655,1.3713984211075316,1.4710321010382916,1.4678127148099998
Mol269,1.412611726,1,1.6073212362991152,1.554695053,1.4928756564670391,1.2062674680176038,1.5345739562410907,1.4130969025600002
Mol270,1.306875174,4,1.6207589439737913,1.56944414,1.6323395899432376,1.970317875030542,1.638527435723429,1.7523090015900002
Mol273,1.817796667,3,1.6039384107940662,1.562506984,1.7471672448840587,1.2956854068659152,1.5612625877169508,1.4105158231699997
Mol275,1.222404291,1,1.6073212362991152,1.554695053,1.638421798947998,1.5729214196031829,1.7619608078988684,1.6590204713700003
Mol276,1.306167592,2,1.613802241359929,1.564500197,1.4272068164383067,1.370630419698514,1.5430270306922826,1.5642354195600003
Mol277,0.827563111,1,1.6073212362991152,1.554695053,1.481688646654363,1.3837031797228425,1.7537202321513425,1.43638356505
Mol279,2.056054478,3,1.6039384107940662,1.562506984,1.969991797034091,2.210505308309778,2.069253581078158,1.844526908160001
Mol280,2.399486814,0,1.6038924168470172,1.554755591,1.9287794524561397,1.9801006704143491,2.0385067444988505,2.047666586549999
Mol282,1.854919088,3,1.6039384107940662,1.562506984,1.857706775413643,1.9309427473873269,1.9069686092209144,1.7304569709600006
Mol283,1.933284772,4,1.6207589439737913,1.56944414,1.44260609149531,1.8484749319850642,1.489964223336359,1.5399109279499987
Mol284,1.122445256,0,1.6038924168470172,1.554755591,1.4431152582993443,1.172408953417268,1.4108227378265275,1.6073764825199996
Mol285,1.606424362,2,1.613802241359929,1.564500197,1.5530914816390513,1.5433704438350468,1.6046569851806936,1.6774192982499998
Mol286,1.881681314,2,1.613802241359929,1.564500197,1.8980638176467433,1.0379661770832296,1.7888990561630789,1.46087901489
Mol287,0.89014146,0,1.6038924168470172,1.554755591,1.7019066539707493,2.460788438359913,1.3946827737841363,1.5067685427200004
Mol288,2.208962412,2,1.613802241359929,1.564500197,1.818920597164969,2.020076615952193,1.4709404588752406,1.5491684415200007
Mol290,1.681340752,1,1.6073212362991152,1.554695053,1.586747128378607,1.6623480094279595,1.8860026113998674,1.6302359716
Mol293,0.764176132,0,1.6038924168470172,1.554755591,1.622822957400418,1.6554146439978703,1.6585911597793597,1.4620118511300004
Mol294,1.753621355,3,1.6039384107940662,1.562506984,1.6693700233809101,1.4641290064575485,1.725592023209861,1.4659683848300002
Mol297,0.876160085,4,1.6207589439737913,1.56944414,1.448421587986866,0.9304689654699291,1.4181057010127645,1.3384157358399995
Mol300,2.148473087,0,1.6038924168470172,1.554755591,1.7871837478375157,1.7599853180760734,1.8603976034485998,1.4663502411899991
Mol301,0.739493231,1,1.6073212362991152,1.554695053,1.29842665839126,1.4785929450673958,0.9871218833657933,1.7674561454599993
Mol303,2.033568496,0,1.6038924168470172,1.554755591,1.4782748401081622,1.777005211721925,1.403250077070143,1.4192293629900001
Mol304,3.339893263,2,1.613802241359929,1.564500197,1.6934605577407387,2.362534097296204,1.839754223755675,2.296772128839999
Mol305,1.739983503,1,1.6073212362991152,1.554695053,1.5338059686952807,1.6372558166189393,1.3990152781943164,1.4609034794800004
Mol306,1.84105899,2,1.613802241359929,1.564500197,2.2238349423087342,2.438280396988496,1.758122802458248,1.806449170620001
Mol307,1.042339205,4,1.6207589439737913,1.56944414,1.5289694048273152,2.100182997887921,1.5530785277771568,1.796867179590001
Mol309,0.763802224,3,1.6039384107940662,1.562506984,1.3719144786994841,1.423580617001109,1.270099099981005,1.34675195249
Mol310,1.071550639,2,1.613802241359929,1.564500197,1.5978467135800472,1.3556544756385531,1.5834766960890085,1.3960089255499994
Mol312,2.118307723,3,1.6039384107940662,1.562506984,1.5975558291961542,1.6621562589999976,1.2938154324464752,1.5956066554700001
Mol314,1.609423646,1,1.6073212362991152,1.554695053,1.564870918625809,1.2758287685914407,1.5971136605643435,1.3712194473699992
Mol315,0.960280464,3,1.6039384107940662,1.562506984,1.3974146867012842,0.9222482798327256,1.160304781628594,1.1147080988799996
Mol318,2.746029814,0,1.6038924168470172,1.554755591,1.968599066660125,1.7548468705205504,2.1345505027640352,1.8499355718800004
Mol319,1.39054654,2,1.613802241359929,1.564500197,1.5492114689657435,1.573643559392193,1.6183560126434013,1.6078362123899996
Mol320,2.526548619,0,1.6038924168470172,1.554755591,1.8608287563016852,1.7948881376466161,1.972584475237157,1.9516712127999996
Mol321,1.268718346,0,1.6038924168470172,1.554755591,1.5654143664345725,1.823053876972474,1.5577184839114335,1.6361511531400001
Mol323,0.698535493,2,1.613802241359929,1.564500197,1.5022422561913864,1.2092310981018264,1.3233410995860029,1.5689564483599998
Mol326,1.087000121,1,1.6073212362991152,1.554695053,1.666505893308863,1.2428969244944403,1.7911644582753694,1.4673970843200008
Mol328,1.866860112,0,1.6038924168470172,1.554755591,1.3301081053788393,1.128360671129301,1.1815008243173784,1.5213237254600005
Mol329,1.039255444,3,1.6039384107940662,1.562506984,1.5259716836943937,1.6153920054665918,1.5992263875819248,1.6737356337199996
Mol331,1.412443747,3,1.6039384107940662,1.562506984,1.5058345226795473,1.3921239594930395,1.3782134086770432,1.4422429288799996
Mol333,1.454646716,1,1.6073212362991152,1.554695053,1.656150965715545,1.6055610218708674,1.7440120996342614,1.5988124500400003
Mol334,0.913336926,4,1.6207589439737913,1.56944414,1.5433971618447957,1.0599704560655288,1.5995243408603204,1.7682689122
Mol335,1.590563209,3,1.6039384107940662,1.562506984,1.8257664330997307,1.498931187218619,1.7595983938866526,1.5371190504800003
Mol339,1.861886721,2,1.613802241359929,1.564500197,2.041707808166336,2.3101567889313612,1.99113076294037,2.2445240735499996
Mol340,1.028327198,4,1.6207589439737913,1.56944414,1.9233556553613285,1.3034776386351736,1.5549853892764014,1.3042540827799995
Mol341,1.37821615,3,1.6039384107940662,1.562506984,1.4280095672729594,1.3975007769077725,1.3257022740181958,1.3771213042400001
Mol342,1.796761608,4,1.6207589439737913,1.56944414,1.8074470553127273,1.8183726386521293,1.7170034346714982,1.7111649447700013
Mol343,0.686546899,4,1.6207589439737913,1.56944414,1.4957232074485491,1.1684754342160095,1.4300108429596474,1.5445988753599997
Mol344,1.105237601,2,1.613802241359929,1.564500197,1.8460395117941923,1.1810774665501438,1.548145423802833,1.5592631489400004
Mol345,1.344411925,3,1.6039384107940662,1.562506984,1.489069220359621,1.1292122613460212,1.241507339338873,1.5139619336699996
Mol346,1.541304603,3,1.6039384107940662,1.562506984,1.534703747666388,2.0558304843213655,1.6240497967932894,1.6301753350400008
Mol347,1.444481995,4,1.6207589439737913,1.56944414,1.6861255196807894,1.786211233724192,1.6384740605079207,1.50522455044
Mol348,2.492268562,1,1.6073212362991152,1.554695053,2.0860305238140295,2.1846986210944643,1.9243089507636069,2.0503436934200003
Mol350,2.079575551,4,1.6207589439737913,1.56944414,1.6349256316780458,1.6015647068075711,1.8873143030863881,1.5122246032299993
Mol351,0.998172122,2,1.613802241359929,1.564500197,1.5597480606803011,1.7850907130395377,1.5673159817091025,1.6042119790099991
Mol352,0.863501301,4,1.6207589439737913,1.56944414,1.5801131159060635,1.0819475683436286,1.5326767468067521,1.28751758448
Mol356,0.950316164,0,1.6038924168470172,1.554755591,1.4451388032103456,1.2198530870249467,1.6901045739451213,1.5796600524300002
Mol357,2.184671561,2,1.613802241359929,1.564500197,1.815687745308173,1.878235522557694,2.0407083629217393,1.6061229434400004
Mol358,2.436401205,1,1.6073212362991152,1.554695053,1.568958768149472,1.7539624554022284,1.4108570166347474,1.5790116052200003
Mol359,2.008761938,1,1.6073212362991152,1.554695053,1.4116971159092762,1.3402977814797479,1.7953333381008505,1.4146683465
Mol360,2.6977575,0,1.6038924168470172,1.554755591,1.9749703604807847,2.1201887692360724,2.3133083403705816,1.7288027430000001
Mol361,1.788642017,3,1.6039384107940662,1.562506984,1.597872056058854,1.0558550299473488,1.6363611086454386,1.33686903081
Mol362,0.840858554,0,1.6038924168470172,1.554755591,1.442365900308193,1.4426821672934245,1.3822292371371383,1.4923699074400012
Mol363,1.392028293,1,1.6073212362991152,1.554695053,1.6005370572245885,1.7057626679357605,1.506988517298858,1.6046092415900008
Mol365,1.549260818,1,1.6073212362991152,1.554695053,1.6953028856041261,1.571443834737239,1.8328599313911695,1.4544183302800002
Mol366,1.294840836,4,1.6207589439737913,1.56944414,1.560347716357623,1.586428017287468,1.5098523163985034,1.776580475099999
Mol367,2.077709392,2,1.613802241359929,1.564500197,1.5393813007139008,1.6967293986463967,1.5136866216160303,1.67222803758
Mol368,2.021615112,3,1.6039384107940662,1.562506984,1.5161696541483625,1.6877419032081915,1.6291930218115565,1.7139291747699994
Mol370,1.337279516,2,1.613802241359929,1.564500197,1.5861061731360033,1.6274072361311602,1.6252355548699908,1.479863387
Mol371,1.217194318,3,1.6039384107940662,1.562506984,1.5960381527797833,1.6005257028719155,1.565077840770833,1.6223091511599999
Mol372,1.48814161,1,1.6073212362991152,1.554695053,1.4181581430595642,1.3539999130042695,1.306153396565473,1.2365272749900003
Mol373,2.096037073,1,1.6073212362991152,1.554695053,1.6388394513611684,2.3604523607706565,1.5712746448143529,1.78866163607
Mol376,0.906011625,1,1.6073212362991152,1.554695053,1.7278392888559404,1.7168101126531035,1.7290006795120023,1.3771420523800004
Mol379,1.215426048,0,1.6038924168470172,1.554755591,1.3442567284193028,1.598078194730045,1.1830176446703593,1.3866369895700004
Mol380,0.829239428,4,1.6207589439737913,1.56944414,1.4292182356323997,1.2134585723828053,1.3793893581810548,1.49766708139
Mol381,1.266419866,4,1.6207589439737913,1.56944414,1.6185591641614379,1.436073726493679,1.8577721660325508,1.5383973314900004
Mol383,1.891241881,2,1.613802241359929,1.564500197,1.7817436051525415,1.8895094714052452,1.8955161499103312,1.7410953455699993
Mol384,2.339254623,3,1.6039384107940662,1.562506984,1.6951729841270535,1.385747325187884,1.6251133340228536,1.6082538353499998
Mol385,0.914660431,3,1.6039384107940662,1.562506984,1.540253614236698,1.8193156344281711,1.5079003067993542,1.52878627909
Mol386,2.59989944,1,1.6073212362991152,1.554695053,1.682838252633907,1.7147893832950882,1.696743254264193,1.73614943342
Mol387,1.726824975,1,1.6073212362991152,1.554695053,1.4217272836541577,1.8048737133411645,1.1621694248549637,1.59280734926
Mol388,1.535926741,3,1.6039384107940662,1.562506984,1.6682831299628136,1.3053397074420197,1.7178465973531842,1.4754288466300003
Mol389,2.271330371,0,1.6038924168470172,1.554755591,1.7315516664562596,1.9451314942453735,1.9090287980566536,1.7055071726100004
Mol391,0.781180721,0,1.6038924168470172,1.554755591,1.6116567191142233,1.3094880500490391,1.5691346732911295,1.4352930312200007
Mol393,2.704214884,3,1.6039384107940662,1.562506984,1.6933410227825405,1.835173504228631,1.8946216207748088,1.3685326984200001
Mol395,1.637939802,4,1.6207589439737913,1.56944414,1.8789901513047162,2.131897168377967,1.9194574690250201,1.8913123758400001
Mol397,1.229015943,1,1.6073212362991152,1.554695053,1.5866591327976227,1.494861233579782,1.7612775676116124,1.4697347334999997
Mol398,1.77755006,2,1.613802241359929,1.564500197,1.5866267635935416,1.1716513242966844,1.7334392506142604,1.4398366331200003
Mol399,1.64086885,2,1.613802241359929,1.564500197,1.5156010897673822,1.377137043657814,1.6100999204160584,1.4810828154299995
Mol401,1.44120795,3,1.6039384107940662,1.562506984,1.6648403470509952,1.3953882403604259,1.8679542107005227,1.19043482109
Mol402,1.181729285,4,1.6207589439737913,1.56944414,1.6973455313924504,1.321433477997203,1.7766239379605018,1.695564834550001
Mol403,2.116381905,2,1.613802241359929,1.564500197,2.0784749121847277,1.5179412038629687,1.6975340791435207,1.5534533555500005
Mol405,1.597409949,1,1.6073212362991152,1.554695053,1.2546372457713164,2.009854420626638,1.0367941693054723,1.62499025652
Mol406,1.800201391,1,1.6073212362991152,1.554695053,1.5123480107041407,1.2920406227410437,1.3833413788418596,1.3027576757700001
Mol407,1.333265861,3,1.6039384107940662,1.562506984,1.5338494276694354,1.8030934222287183,1.8650796283302364,1.6102902306300002
Mol408,1.109004508,4,1.6207589439737913,1.56944414,1.5661062941587027,1.3706762525558205,1.2952557141239895,1.4294035072900004
Mol409,1.049992857,0,1.6038924168470172,1.554755591,1.5081799566302092,1.1105122707888766,1.6228503109929913,1.5866433086700003
Mol412,2.256580655,1,1.6073212362991152,1.554695053,2.2500447539604136,2.0364534037079727,1.3568877796648704,1.58529825879
Mol413,2.481132922,1,1.6073212362991152,1.554695053,1.7806555955185397,2.737594905519673,1.9187223361578014,1.75817235725
Mol414,0.97735773,4,1.6207589439737913,1.56944414,1.9191913406724164,2.0963418765033417,1.6829403295844445,1.71163299258
Mol415,1.743149009,1,1.6073212362991152,1.554695053,1.8322091308080304,2.078979383643894,1.9162994197627008,1.6304560668199997
Mol416,1.459377408,2,1.613802241359929,1.564500197,1.8083954164471543,1.6791641318162647,1.804746081632523,1.528788899909999
Mol418,2.261786087,2,1.613802241359929,1.564500197,2.0163827820464997,1.968269968726958,2.279114426283797,2.1374841393999997
Mol419,1.422031431,1,1.6073212362991152,1.554695053,1.5722415653656157,1.4018934436862112,1.2680992186366744,1.46112794062
Mol420,0.806654724,2,1.613802241359929,1.564500197,1.8821673823172356,1.451360618594479,2.052764091312643,1.4904914644299998
Mol422,2.43432774,0,1.6038924168470172,1.554755591,1.6900626099064302,1.6706119737291134,1.7128077603081804,1.6052652719599994
Mol423,1.324817275,2,1.613802241359929,1.564500197,1.7278322422000956,1.1326593611460427,1.5491618131769354,1.4125244941300008
Mol426,1.401934464,1,1.6073212362991152,1.554695053,1.5162882602166012,2.0837010505300153,1.4231601599171448,1.7874803484699993
Mol428,1.84221595,0,1.6038924168470172,1.554755591,1.7230686859579283,1.7002161262864617,1.7956018760392385,1.7217167692400002
Mol429,2.378554146,3,1.6039384107940662,1.562506984,1.7042728566769316,1.8900292327360746,1.4476633189265997,1.812738946070001
Mol432,1.058995094,3,1.6039384107940662,1.562506984,1.6162816398751736,1.283496453100372,1.63326019241323,1.4462846410999999
Mol433,2.662653022,0,1.6038924168470172,1.554755591,1.5538938628736423,2.157166294619702,1.4790876647660287,1.79309336271
Mol434,1.426136989,4,1.6207589439737913,1.56944414,1.9768123599168765,1.2196266479529192,2.3597644524894634,1.5231495394999996
Mol437,1.735774498,1,1.6073212362991152,1.554695053,1.6392077065784258,1.958078696897324,1.8631329275463486,1.5997431776
Mol438,2.241150355,0,1.6038924168470172,1.554755591,1.7076661443463603,2.1749077435032715,1.6407908124396542,1.8646691203500005
Mol440,1.304576689,2,1.613802241359929,1.564500197,1.6713451185050026,1.6775296590354105,1.6829479573538024,1.5753790058200001
Mol441,0.740204736,0,1.6038924168470172,1.554755591,1.4766083598289867,1.3355634499016016,1.6690504729963265,1.5286354287800001
Mol442,1.802363174,0,1.6038924168470172,1.554755591,1.2343282499646933,0.879466291814308,0.9968769582406237,1.2323502947499998
Mol443,1.652110905,2,1.613802241359929,1.564500197,1.6398113628411217,1.4574955215391454,1.6432430240459812,1.6668085731400004
Mol445,2.090864442,0,1.6038924168470172,1.554755591,1.613202421266804,1.8020859390962989,1.4199086245074266,1.69814633753
Mol446,2.105251234,0,1.6038924168470172,1.554755591,1.5177732581092962,1.4892621263151342,1.4357784834859644,1.3286799340199993
Mol447,1.193068916,1,1.6073212362991152,1.554695053,1.4177768758356462,0.9747176741394533,1.2176818300268055,1.2648738814799998
Mol448,1.786687551,0,1.6038924168470172,1.554755591,1.5965513173445998,1.672415458006507,1.4582885535206211,1.7043490267599992
Mol449,1.300117018,1,1.6073212362991152,1.554695053,1.8010231610953853,2.237958158976813,1.5063613748294662,1.8699712057099993
Mol450,2.068119042,0,1.6038924168470172,1.554755591,1.498236446121289,1.3545755446643875,1.7716114715596583,1.6291045827200004
Mol451,1.020858282,1,1.6073212362991152,1.554695053,1.7156838761229831,0.8308579675359447,1.4950693023195225,1.43200644654
Mol454,2.032457583,4,1.6207589439737913,1.56944414,1.8591928018940422,1.860954466027047,1.660540375398396,1.9018662919300011
Mol455,1.058843415,0,1.6038924168470172,1.554755591,1.4492438526137368,1.6378719327148805,1.2445931185535526,1.8153155760599997
Mol457,1.902481549,0,1.6038924168470172,1.554755591,1.5511695760164952,1.8783111336480602,1.621521516535949,1.6035698689500004
Mol458,1.12577395,3,1.6039384107940662,1.562506984,1.5936881311896112,1.6059826086644173,1.4589871346569683,1.5518676193500007
Mol459,2.086156875,4,1.6207589439737913,1.56944414,1.695734365841647,1.7103773420546482,1.7273609893594126,1.5868725111799997
Mol460,1.442181775,0,1.6038924168470172,1.554755591,1.443925231736714,0.9899893899141077,1.3226857217578207,1.5005671387299997
Mol461,1.14213908,0,1.6038924168470172,1.554755591,1.5947987461115023,0.9950630537845448,1.5985900647641658,1.4483073108
Mol462,1.703334375,3,1.6039384107940662,1.562506984,1.4470448006187846,1.8707406525711148,1.4558982265946154,1.4756484075300005
Mol463,3.000683042,2,1.613802241359929,1.564500197,2.2094682449977623,2.4512507665805474,2.5418695455311253,2.0936164258500005
Mol464,1.196037941,4,1.6207589439737913,1.56944414,1.8066957153132301,1.6121408724010662,1.8663057888156436,1.5605762375800003
Mol465,0.967641564,3,1.6039384107940662,1.562506984,1.5943037244117384,1.2466322094684437,1.4157250825943826,1.8757117092500004
Mol467,1.017033339,0,1.6038924168470172,1.554755591,1.5889888912014825,2.092577496104848,1.5936595452476963,1.5761291479000006
Mol469,1.535686454,2,1.613802241359929,1.564500197,0.9340873675390088,0.8850955014667766,1.2507247601309823,1.3036191029000002
Mol470,1.030680664,3,1.6039384107940662,1.562506984,1.527278866277307,1.2892174886565493,1.280937979718576,1.4309133936199998
Mol471,1.059714846,4,1.6207589439737913,1.56944414,1.383113952013141,2.076581647244307,1.1788249571497633,1.7653009792100005
Mol474,2.357942466,0,1.6038924168470172,1.554755591,1.7332645800747901,1.398041957722899,2.022028997128196,1.49720561472
Mol476,1.02201574,4,1.6207589439737913,1.56944414,1.5857645998599224,1.0002797298987258,1.7280095974309568,1.3561072714699998
Mol480,0.909502541,4,1.6207589439737913,1.56944414,1.4244560802273623,0.9989433336572244,1.446424392603634,1.1432777582699998
Mol483,1.340741475,0,1.6038924168470172,1.554755591,1.5463123060335744,0.969883670860001,1.3168681678955605,1.5851648939999998
Mol485,0.92556991,0,1.6038924168470172,1.554755591,1.4882249695444398,1.394865900309377,1.411046901164649,1.3148944586099998
Mol486,1.707289071,3,1.6039384107940662,1.562506984,1.514181786959092,1.9444824207820912,1.541613723488995,2.012338445449999
Mol490,1.926902963,3,1.6039384107940662,1.562506984,1.62269963903119,2.0468317773871902,1.5093081328360833,1.8307689387399997
Mol491,1.880035738,1,1.6073212362991152,1.554695053,2.0155864424596706,1.8745038253372095,1.8974598893191714,1.6042680293000005
Mol492,1.121494186,0,1.6038924168470172,1.554755591,1.3605840059701424,1.643751841289924,1.1090784982056834,1.5995349481000003
Mol493,0.71432976,3,1.6039384107940662,1.562506984,1.442312583845454,0.8313330596555083,1.3450561100459222,1.2478413788299998
Mol494,1.009025742,3,1.6039384107940662,1.562506984,1.7257282914878798,0.8316753480951832,1.5648740950143745,1.4699593212300002
Mol498,1.506505032,4,1.6207589439737913,1.56944414,1.5123715513066882,0.9324355612347238,1.3030025108444918,1.8196561917600005
Mol499,1.358296608,2,1.613802241359929,1.564500197,2.271051143904568,2.2783380826263055,2.363807003694407,1.6147675153600003
Mol500,1.974212235,4,1.6207589439737913,1.56944414,1.6586236746525205,2.120847064638952,1.380815429318367,1.7632429113100005
Mol501,2.517362192,2,1.613802241359929,1.564500197,1.7028433166949393,1.8053009003177771,1.8244978625682169,1.6654820184399994
Mol503,2.156424963,2,1.613802241359929,1.564500197,1.8218063181731021,1.7194597314760247,1.9976015695894767,1.4892415969700006
Mol506,1.330170175,0,1.6038924168470172,1.554755591,1.7385895762514605,1.7040783287377876,1.9389509303068078,1.54622458871
Mol508,2.408785883,0,1.6038924168470172,1.554755591,1.4806183371397206,2.233582892388646,1.2656275687830085,1.75292090592
Mol509,1.280305143,2,1.613802241359929,1.564500197,1.5293292191945922,1.4193847139985132,1.5499264374997832,1.2360741716200006
Mol511,0.859198362,1,1.6073212362991152,1.554695053,1.7185772030422908,1.325389726194061,1.7299205705140874,1.6368221270400005
Mol513,2.259849412,3,1.6039384107940662,1.562506984,1.7792277480192065,2.2671279684592753,1.903700369744561,1.62153804386
Mol514,2.09871985,4,1.6207589439737913,1.56944414,1.9650008121148177,1.7693322921731567,1.8364837093481767,1.6001264162400008
Mol515,1.114210528,4,1.6207589439737913,1.56944414,1.3675163636199708,1.3232422662908623,1.2777968781048927,1.3960984250499993
Mol516,2.391108084,1,1.6073212362991152,1.554695053,1.6897884744045923,1.5358132084706946,1.9436177063665119,1.4964438470700003
Mol517,1.951084836,1,1.6073212362991152,1.554695053,1.5240854865799518,1.5871361122273855,1.6174090790484188,1.4838605757600007
Mol518,1.582381577,3,1.6039384107940662,1.562506984,1.4800874078925577,1.769239189319074,1.44987342903778,1.7446277920100004
Mol519,1.936086275,3,1.6039384107940662,1.562506984,1.6227969047575248,1.8002559524184854,1.5257161895186226,1.5299176878600016
Mol520,0.860397905,0,1.6038924168470172,1.554755591,1.4562714831052799,2.015516087026944,1.3449744714939462,1.5878221164700002
Mol521,1.534609852,1,1.6073212362991152,1.554695053,1.4633003073050115,1.9736771971882487,1.3621986603490888,1.823664840930001
Mol522,0.720407401,1,1.6073212362991152,1.554695053,1.713460208711754,1.8157789310986516,1.5724788134640233,1.4668561341100002
Mol523,1.222690465,4,1.6207589439737913,1.56944414,1.7226118740608183,1.4230517718338134,1.6346338266826463,1.4735991491399998
Mol524,2.299814443,0,1.6038924168470172,1.554755591,1.832062831967412,2.4993004058590484,1.8597802794255849,2.1021833401799994
Mol525,1.94888222,1,1.6073212362991152,1.554695053,1.7764146844260185,1.801468302917669,1.857729722899994,1.8604682003099997
Mol526,1.442401369,3,1.6039384107940662,1.562506984,1.7309887675636717,1.5258202110185772,1.7945759388698133,1.63782315767
Mol527,1.872517549,1,1.6073212362991152,1.554695053,1.6532009807710168,1.2314656115718272,1.7195207258970315,1.5322821412899992
Mol528,1.505651841,0,1.6038924168470172,1.554755591,1.5031342907596845,1.768897212417803,1.6455327301888492,1.7859608300299996
Mol529,2.243856233,1,1.6073212362991152,1.554695053,1.5210189152540412,1.0778048828826665,1.4564752491014659,1.4028490926599995
Mol531,1.383833312,0,1.6038924168470172,1.554755591,1.6302780919955506,1.5433701624660738,1.468479819956015,1.62723484892
Mol532,2.214290034,0,1.6038924168470172,1.554755591,1.5694162331754342,1.7728454440221704,1.5246073490156238,1.5037864041399993
Mol533,1.035509785,2,1.613802241359929,1.564500197,1.7125743071401796,1.4751394554534105,1.7235659565141281,1.6480886541800002
Mol534,0.948706309,2,1.613802241359929,1.564500197,1.220214103291318,0.9890655492841505,1.4410986941571815,1.4195965916100004
Mol535,2.410677714,2,1.613802241359929,1.564500197,1.767510464246325,1.4264414468298476,1.7453536563389105,1.4831124281400003
Mol536,1.121494186,0,1.6038924168470172,1.554755591,1.6961438370932922,1.1958014555725907,1.4599843987129515,1.26885737387
Mol537,0.788168371,2,1.613802241359929,1.564500197,1.1048629387008129,1.783935286084791,1.1549319723837173,1.4668663150700005
Mol539,1.481471294,2,1.613802241359929,1.564500197,1.3707058158612746,1.6026963762635498,1.7030616505616134,1.6945548885299992
Mol540,2.011138895,2,1.613802241359929,1.564500197,1.7993363926414576,2.0354317369227948,1.9275577569538307,1.9420753283200005
Mol541,1.635182049,2,1.613802241359929,1.564500197,1.7948103004308256,1.557340008085545,1.730529628304991,1.4165227725100002
Mol544,2.161347036,1,1.6073212362991152,1.554695053,1.7833453478117118,2.0553200546907666,1.9904894866706655,1.6824495653900005
Mol545,1.188759793,1,1.6073212362991152,1.554695053,1.8588289959473974,1.6774048030611617,1.8061289307609718,1.58706974171
Mol547,1.222742476,3,1.6039384107940662,1.562506984,1.784485625589554,1.3639947111336037,1.70588359031742,1.5030025667600007
Mol548,1.648516134,1,1.6073212362991152,1.554695053,1.778581433369683,1.7571842526986594,1.6515620046584314,1.5110351183500004
Mol549,1.927878283,1,1.6073212362991152,1.554695053,1.5536184047504522,2.0547068600807266,1.4869104778708218,1.5931626550300004
Mol551,1.013805927,1,1.6073212362991152,1.554695053,1.3544461296829977,1.9861002033718518,1.066492785090615,1.86898370124
Mol552,1.943261973,3,1.6039384107940662,1.562506984,1.6505175342536935,2.3908689152801887,1.6869730983579327,1.9232580759500002
Mol554,1.327174959,3,1.6039384107940662,1.562506984,1.4421695287664567,2.157212238559549,1.1667018791753543,1.696529466909999
Mol557,2.081761239,4,1.6207589439737913,1.56944414,1.6934480983640636,1.5947121194934566,1.721721566555184,1.5065300191299997
Mol558,0.877428941,2,1.613802241359929,1.564500197,1.299290093196454,0.9659825957900658,1.1755589803354192,1.3008078605000002
Mol559,1.517354274,2,1.613802241359929,1.564500197,1.513028424313706,1.1570609877795435,1.666242292137174,1.4664954740299994
Mol560,2.17668439,0,1.6038924168470172,1.554755591,1.628821106281775,1.6989604759195256,1.5396764104486524,1.6339320703999995
Mol562,1.894703653,2,1.613802241359929,1.564500197,1.6329863778326266,1.5144899145896873,1.5993863431305295,1.51248283441
Mol566,1.867820908,3,1.6039384107940662,1.562506984,1.6896050740903708,1.654944647056591,2.0211685766576046,1.73159014359
Mol567,1.073058161,1,1.6073212362991152,1.554695053,1.4412173194177205,1.4960690505042709,1.4782531932926342,1.6650590376800012
Mol568,2.263813537,3,1.6039384107940662,1.562506984,1.6909350826488263,1.957897378770355,1.9482926038685122,1.5256279617100004
Mol571,2.100329182,4,1.6207589439737913,1.56944414,1.7708591213618892,2.1700571499458423,1.7897715242264698,1.7059500114699997
Mol573,1.079904468,2,1.613802241359929,1.564500197,1.856424350635423,2.0813868911361357,1.9559944346413574,1.8646480508800005
Mol574,0.853637382,4,1.6207589439737913,1.56944414,1.5333298249621723,1.2278270842072043,1.378650767888252,1.7202752544200004
Mol576,0.909235003,0,1.6038924168470172,1.554755591,1.3765087642640637,1.7064465233393045,1.3355516535400667,1.56212980417
Mol577,1.799071617,2,1.613802241359929,1.564500197,1.8969666931715872,1.957426534666753,2.1969546315448563,2.0840974978399998
Mol578,2.527626035,3,1.6039384107940662,1.562506984,1.7595101030387061,1.7261808492998585,1.871692538767435,1.5881858523799997
Mol580,1.939499285,0,1.6038924168470172,1.554755591,1.624426509738513,1.7786055170694006,1.5904067850244552,1.73023482142
Mol581,1.330088946,3,1.6039384107940662,1.562506984,1.6369015707580261,2.0915426860958615,1.5283385460605297,1.8089853481999998
Mol582,1.538598866,4,1.6207589439737913,1.56944414,1.4318121358493712,1.5745087206141521,1.3620660516418366,1.58465185244
Mol584,2.190611798,2,1.613802241359929,1.564500197,1.8951797827455543,2.290402845567228,2.0448209530716768,2.2881236040799995
Mol585,1.050689028,4,1.6207589439737913,1.56944414,1.7683685137951994,1.6310515276187312,2.1457540455639976,1.4282515823600006
Mol586,1.526093625,1,1.6073212362991152,1.554695053,1.6803906328787646,0.8986342429004182,1.5395992122410462,1.4416231283499996
Mol589,1.657199319,4,1.6207589439737913,1.56944414,1.6062823023190578,1.923843778659105,1.3056227582230917,1.4649315595700012
Mol591,1.69720318,1,1.6073212362991152,1.554695053,1.9519888305329518,2.0680730010967934,2.019038015615075,1.5474083308900008
Mol592,0.975891136,4,1.6207589439737913,1.56944414,1.441278081456908,1.2119368491215883,1.3532531735158724,1.4312314447499994
Mol593,2.60607381,0,1.6038924168470172,1.554755591,2.1059250073373423,1.625127590874202,2.295169763530464,1.6460013310500006
Mol596,1.597804842,1,1.6073212362991152,1.554695053,1.3220179417781979,1.2240329472388403,1.468450923301754,1.5145137014799999
Mol597,1.217483944,4,1.6207589439737913,1.56944414,1.6732815800301566,2.0006794731710853,1.6901895973484544,1.5744698888700006
Mol599,1.71393553,1,1.6073212362991152,1.554695053,1.5656239210736995,1.7232060716806057,1.444026078714333,1.9480650713900003
Mol600,1.042575512,1,1.6073212362991152,1.554695053,1.4928484635822468,1.5432956171051921,1.3899691115575672,1.6276122857000006
Mol604,1.849271962,1,1.6073212362991152,1.554695053,1.5473760650913855,1.5926471671299418,1.525253011435074,1.6211400129399995
Mol606,1.36890023,1,1.6073212362991152,1.554695053,1.6539739237918154,1.7223464260699144,1.6618074513354966,1.5639212968399994
Mol607,2.052963129,0,1.6038924168470172,1.554755591,1.6129947750702898,1.823623095696773,1.6706417833642342,1.744112169309999
Mol608,0.831357785,3,1.6039384107940662,1.562506984,1.70861703056751,1.3981346348620474,1.5435794748034877,1.3844631694399996
Mol609,1.847788519,2,1.613802241359929,1.564500197,1.7089933117833527,1.7004663249631777,1.8690490408719054,1.5546275734000006
Mol611,1.360233561,4,1.6207589439737913,1.56944414,1.669489810487713,1.6619842198650616,1.538723095560936,1.5626235187900002
Mol612,1.567155811,3,1.6039384107940662,1.562506984,1.5848426979647414,1.4353621245133832,1.5610099993824005,1.49589003335
Mol613,1.226032503,3,1.6039384107940662,1.562506984,1.5976347269870252,1.3776521291467874,1.546748513407924,1.4614794958300004
Mol614,1.187577119,2,1.613802241359929,1.564500197,1.559500587674485,1.8130262822381573,1.5932086861067296,1.7525900281000002
Mol617,1.016991578,0,1.6038924168470172,1.554755591,1.378059521863962,1.0253723987582106,1.041089426599701,1.3787167207099995
Mol618,1.51506541,2,1.613802241359929,1.564500197,1.8955601791252474,1.4668564038951946,1.9944313948859644,1.5600278845100004
Mol621,1.126358727,0,1.6038924168470172,1.554755591,1.4154862372793378,1.6647320142900737,1.4086485068002315,1.6070938892800004
Mol622,1.967187475,0,1.6038924168470172,1.554755591,1.67042047159791,1.567684311516129,1.9598169502999483,1.6055888735
Mol627,1.329682569,1,1.6073212362991152,1.554695053,1.4127502184625689,1.491364312386819,1.4664039341390123,1.4106814493000004
Mol628,0.990116766,4,1.6207589439737913,1.56944414,1.5147129526060183,1.5127199409020387,1.3880922753285203,1.6829525842600004
Mol630,0.818357878,1,1.6073212362991152,1.554695053,1.4997530873532405,1.7045519390179023,1.2535257695075208,1.3875386919100001
Mol631,2.118535869,0,1.6038924168470172,1.554755591,1.6552578232761272,1.722125195314506,1.791316350286631,1.7244347173999994
Mol632,1.046104787,1,1.6073212362991152,1.554695053,1.601501284249907,1.7764128607635972,1.462882127243684,1.52972816499
Mol633,1.399483352,3,1.6039384107940662,1.562506984,1.7241683295837396,1.6629707604404014,1.7853907846651114,1.5294846518600003
Mol634,1.001171015,2,1.613802241359929,1.564500197,1.5740213939317869,1.4454465526499163,1.531642969828528,1.5374321094099996
Mol636,2.22299984,2,1.613802241359929,1.564500197,1.694090148077651,1.9302739175759038,2.0104153111401977,1.77532784887
Mol637,0.689220037,3,1.6039384107940662,1.562506984,1.4249902078078374,1.3082364765697498,1.2963096444547062,1.4565833570599998
Mol639,1.19044376,2,1.613802241359929,1.564500197,1.5732014081109615,1.3590785508505345,1.3800095888362378,1.5301463382999998
Mol642,0.781611782,0,1.6038924168470172,1.554755591,1.6254127556258564,1.7926396257405415,1.5877766827345652,1.6638171712599992
Mol644,1.398183146,4,1.6207589439737913,1.56944414,1.4579718040029717,1.6922889556386114,1.5217792236520862,1.5732248672
Mol647,2.189582946,0,1.6038924168470172,1.554755591,1.6452196500534637,1.588884887775697,1.6347924918109586,1.65068008301
Mol648,1.82087111,0,1.6038924168470172,1.554755591,1.4337630292296526,1.5324043332754522,1.1978812498476856,1.5316926946000005
Mol650,0.827821428,1,1.6073212362991152,1.554695053,1.3804584516925174,1.4916256944444561,1.376636691781223,1.576230304
Mol651,0.984302232,1,1.6073212362991152,1.554695053,1.483614624725499,1.5605581974328153,1.249913553115599,1.7435744112799991
Mol652,1.139060079,1,1.6073212362991152,1.554695053,1.494344147244034,1.5496606230315833,1.3022638642917093,1.7231425437999985
Mol654,1.767608484,0,1.6038924168470172,1.554755591,1.68242916488604,1.5303600372891362,1.321983686423537,1.3832168323299994
Mol655,2.212131649,0,1.6038924168470172,1.554755591,1.4915869877164492,1.8299655156280576,1.4504772653193492,1.69949376858
Mol657,2.006217803,1,1.6073212362991152,1.554695053,1.6718257383930115,1.621168069933649,1.8478134470226633,1.5161093421300003
Mol658,2.900687678,4,1.6207589439737913,1.56944414,1.6163478194995946,2.1585383654424657,1.66712311105708,1.5636217776300005
Mol659,1.058350092,4,1.6207589439737913,1.56944414,1.7278036740008749,0.8057144743244796,1.6080018409776327,1.220068629230001
Mol660,1.958988892,2,1.613802241359929,1.564500197,1.686333037338016,1.2453752268667948,1.6523439170183725,1.4844660534699998
Mol661,0.908699432,3,1.6039384107940662,1.562506984,1.5931743168264663,1.5794372745804952,1.6097504853059474,1.6643957269099996
Mol663,1.494766629,2,1.613802241359929,1.564500197,1.835342323667617,1.4881522574538475,1.930106350702635,1.4550287801699995
Mol664,1.277288245,3,1.6039384107940662,1.562506984,1.2455370417056129,1.5538819079574702,1.3784897592781622,1.5742418752300005
Mol665,1.706248252,1,1.6073212362991152,1.554695053,1.5978285275708752,1.780992239352376,1.59274074950895,1.846721953739999
Mol667,0.890253305,0,1.6038924168470172,1.554755591,1.4639208611901269,1.482495899655106,1.3823668895362555,1.433973268149999
Mol672,2.197947343,3,1.6039384107940662,1.562506984,1.9141595351527312,1.390057745399718,2.084814189632539,1.3995289718600004
Mol673,0.814380794,2,1.613802241359929,1.564500197,1.5270537284877936,1.4042963861512843,1.5260159273352594,1.4025320852999998
Mol675,1.084039781,1,1.6073212362991152,1.554695053,1.6922612545420288,1.3427120374305628,1.4797350609507718,1.6870354269000003
Mol676,1.284453294,4,1.6207589439737913,1.56944414,1.7149646388534814,1.5915190824377659,1.6896141575046872,1.69621739261
Mol677,2.016958166,4,1.6207589439737913,1.56944414,1.449753479170965,1.7368657427292429,1.465093373479137,1.6969892283200005
Mol678,1.711284074,4,1.6207589439737913,1.56944414,1.99255283206257,1.7875425149155062,2.542511606953751,1.8883761500700018
Mol679,2.972102356,3,1.6039384107940662,1.562506984,1.7077894521240444,1.9031690560164947,2.0238051316435506,1.5630501613099992
Mol680,1.937327282,0,1.6038924168470172,1.554755591,1.8107487088538585,1.833269246384682,2.2106463106943606,1.693469507279999
Mol681,1.69904817,1,1.6073212362991152,1.554695053,1.6771710015363994,1.4247494600890511,1.6347298139448434,1.4860499191400003
Mol682,1.275495631,3,1.6039384107940662,1.562506984,1.4070803447747775,1.2982849558983236,1.2110645101014672,1.4827792388600003
Mol683,1.393329472,3,1.6039384107940662,1.562506984,1.585848600467587,1.3694731317056026,1.4586697670207578,1.5079014646299995
Mol685,0.904499155,3,1.6039384107940662,1.562506984,1.3005955512313727,1.0690283364922002,1.2019482688847851,1.2216488592700003
Mol688,1.300073495,1,1.6073212362991152,1.554695053,1.4102453504353263,1.3137000810232355,1.2829506889265445,1.47358654304
Mol689,1.916432891,4,1.6207589439737913,1.56944414,1.6503459441450656,2.0653166395323295,1.6555798781069169,1.7270495831400003
Mol690,1.335197045,1,1.6073212362991152,1.554695053,1.541309800362127,1.4420907233602063,1.4325155918723147,1.5517367492400005
Mol692,1.145910834,4,1.6207589439737913,1.56944414,1.5303950789347236,1.2564468940730793,1.5903273536975262,1.44360646801
Mol693,1.748141493,3,1.6039384107940662,1.562506984,1.6321824736057176,1.8353672816997677,1.412061745984227,1.4921427276300003
Mol696,1.694429691,1,1.6073212362991152,1.554695053,2.0710103195134115,1.8358470519745724,1.6333376124932175,1.6399967578500003
Mol697,1.972836686,3,1.6039384107940662,1.562506984,1.5136322393667032,0.953962771814916,1.5034234822279249,1.39249440296
Mol698,2.251881455,4,1.6207589439737913,1.56944414,1.5315619923250106,1.8032581657032165,1.5951704523481627,1.56904903657
Mol699,1.376668186,0,1.6038924168470172,1.554755591,1.6484368643523073,1.6193418850946169,1.5557814302085675,1.7017684472699997
Mol703,0.932270776,4,1.6207589439737913,1.56944414,1.7445579793780401,1.5365784847138328,1.595751918058653,1.6017198899699994
Mol704,0.879841056,2,1.613802241359929,1.564500197,2.4844468037620637,1.4958833555415483,2.024154409559935,1.5943133581800004
Mol706,2.272319764,2,1.613802241359929,1.564500197,1.7518247553365902,2.0287639826976505,1.667218886655351,1.7670162480999998
Mol707,0.7513561,1,1.6073212362991152,1.554695053,1.7775364245361867,1.4346473210293327,1.7882193988752917,1.5466801871900009
Mol708,1.804405246,1,1.6073212362991152,1.554695053,1.7951238155034988,2.4421567507524875,1.8869925216798378,2.0272520230499995
Mol709,0.888235673,0,1.6038924168470172,1.554755591,1.4997164243190373,1.0708103495653485,1.2759206067165594,1.4761623794300007
Mol710,1.841709768,4,1.6207589439737913,1.56944414,1.4932280385976848,1.4792089496455945,1.5849925337771222,1.48079640614
Mol711,1.429832996,3,1.6039384107940662,1.562506984,1.5515238250128003,1.6702108359596632,1.5623877884552275,1.4989082937700002
Mol712,2.020460728,3,1.6039384107940662,1.562506984,1.788849423696107,1.5891724016443036,1.6770038988859195,1.5258339275300004
Mol713,0.771587481,0,1.6038924168470172,1.554755591,1.4286310828195004,0.8707744141381157,1.4914006693382218,1.2338412751
Mol714,2.552589136,3,1.6039384107940662,1.562506984,1.56600858771444,1.047502089059519,1.6856404405267411,1.5246100141099999
Mol715,1.182072104,3,1.6039384107940662,1.562506984,1.7936275956207663,1.5732856227045597,1.9695137597238803,1.5526695095699994
Mol716,2.075900822,4,1.6207589439737913,1.56944414,1.4734011302915118,1.518268240069879,1.6448519462405844,1.6347979672100004
Mol717,1.02796086,2,1.613802241359929,1.564500197,1.651336800694628,1.687491022465514,1.4232302578475233,1.5342901234599995
Mol718,2.011430872,3,1.6039384107940662,1.562506984,1.8365279416620715,2.037373498554201,1.7521179156024784,1.6824838027700002
Mol719,1.22172713,3,1.6039384107940662,1.562506984,1.9160418204536431,1.5695548396946748,1.784176365006864,1.4434044522999998
Mol720,2.220395778,1,1.6073212362991152,1.554695053,1.521770403929163,1.5776008640479824,1.3618258740286322,1.4298485992999994
Mol721,0.685204134,0,1.6038924168470172,1.554755591,1.2643140568764604,1.5239832189011826,1.0062872777961187,1.466422734
Mol724,0.92319219,1,1.6073212362991152,1.554695053,1.5419043438740057,1.5185810274119498,1.3864489754055436,1.3825979142299998
Mol726,2.286790932,2,1.613802241359929,1.564500197,1.829665484714618,2.507822160512579,2.0017407779298986,1.911356096129999
Mol727,1.908683355,4,1.6207589439737913,1.56944414,2.014058156177259,1.9047550481845616,1.890705807137927,1.5901551243099996
Mol728,1.311690301,3,1.6039384107940662,1.562506984,1.4991370334639236,1.4278898446422592,1.4436409135560588,1.53344404231
Mol731,1.394083776,1,1.6073212362991152,1.554695053,1.4385258715279978,1.4673514427387788,1.272740988339001,1.8004829982500004
Mol734,0.837714668,1,1.6073212362991152,1.554695053,1.3585995262128512,0.7675125521383246,1.0599983772199848,1.3554878590199997
Mol735,1.467474911,3,1.6039384107940662,1.562506984,1.6332127063477213,1.3861160952928002,1.5691912574129827,1.3541269365700004
Mol737,1.114644339,0,1.6038924168470172,1.554755591,1.5701759358745597,1.862929072735563,1.4485701237906377,1.5695725207500004
Mol738,0.909181476,1,1.6073212362991152,1.554695053,1.596924145207137,1.4079492184284472,1.494047345645801,1.5472534943199998
Mol740,1.154180432,4,1.6207589439737913,1.56944414,1.649388189887585,1.554188146507043,1.6151173404643169,1.4799105938
Mol741,1.336679827,2,1.613802241359929,1.564500197,1.5127514804947306,1.656157648051345,1.4143315347352798,1.5928855163600004
Mol743,1.347661709,0,1.6038924168470172,1.554755591,1.5290355346973283,1.4041776932759342,1.6731595361793532,1.6338816177200004
Mol744,0.821120324,1,1.6073212362991152,1.554695053,1.4207907991430637,1.362531457463824,1.3141853478387346,1.4515836654199998
Mol745,1.174350597,0,1.6038924168470172,1.554755591,1.7394800135777957,1.5524135225788993,1.7462064051904935,1.39257781955
Mol746,2.08705699,1,1.6073212362991152,1.554695053,1.5490697973761856,1.516475431524667,1.3692692250768579,1.6425832017499997
Mol747,1.336619813,4,1.6207589439737913,1.56944414,1.657146111768663,1.539689194702977,1.6694737889709768,1.3345211931899996
Mol748,2.072062313,1,1.6073212362991152,1.554695053,1.4783155288011407,1.2496679262623172,1.5220292067603691,1.29073263855
Mol749,2.121999497,1,1.6073212362991152,1.554695053,1.7357975358298792,1.6767333218640714,1.7840959943555899,1.8294306867299994
Mol750,1.10761693,4,1.6207589439737913,1.56944414,1.6884815000812092,2.0179151904699877,1.6817181226299494,1.7195070118400009
Mol751,1.002856926,0,1.6038924168470172,1.554755591,1.5359636545029431,0.9935145136948678,1.5361988669076758,1.48443530659
Mol752,1.119816546,0,1.6038924168470172,1.554755591,1.5584717806837518,1.8119386578431298,1.6939313925387516,1.5700332159900003
Mol753,0.814247596,4,1.6207589439737913,1.56944414,1.2773570962999021,0.9443134510281039,1.3478936218904078,1.25361627018
Mol754,2.077872774,3,1.6039384107940662,1.562506984,1.5939768182839973,1.6028417925184348,1.7863030835731677,1.41867563813
Mol755,1.718983049,3,1.6039384107940662,1.562506984,1.6656600802662074,1.8778213347137238,1.6210606680988024,1.459534228500001
Mol756,0.987934265,2,1.613802241359929,1.564500197,1.4674345781028237,1.2052756185339417,1.365443376518921,1.32985382331
Mol757,0.69399061,2,1.613802241359929,1.564500197,1.5014902528125493,1.202666945080994,1.0289578407568711,1.3760437426599992
Mol758,2.167981563,2,1.613802241359929,1.564500197,1.6500105776553324,1.615111266544723,1.5862019970043368,1.5746820050199997
Mol760,1.322880573,0,1.6038924168470172,1.554755591,1.4648776308725524,1.823791813229499,1.138869451068696,1.6154755273900003
Mol763,1.005952287,1,1.6073212362991152,1.554695053,1.4009920021474156,1.0837120802396945,1.0927040685683291,1.0965236744
Mol764,2.255940322,1,1.6073212362991152,1.554695053,1.9403943480797727,1.8258742114128896,1.8656219823816693,1.4472640991300003
Mol765,0.786751422,2,1.613802241359929,1.564500197,1.755124649242188,1.7917362269565653,1.8310335877464265,1.3961367162299996
Mol766,1.042457375,3,1.6039384107940662,1.562506984,1.5722044550869163,1.6565186805989516,1.6409664070334755,1.4297250206999996
Mol767,2.817525045,3,1.6039384107940662,1.562506984,1.9079302593907483,1.6423912505825955,2.1115271338548927,1.7381029167200006
Mol768,0.699490845,0,1.6038924168470172,1.554755591,1.5615165289614596,1.599481292887988,1.5441418404223364,1.64946159965
Mol772,1.557338745,4,1.6207589439737913,1.56944414,1.663864655826243,1.9840550229333662,1.7759336953710132,1.5824813847100003
Mol773,2.051449671,1,1.6073212362991152,1.554695053,1.4440882305464129,1.7884882991761337,1.4276250274360678,1.73486633709
Mol774,0.917610526,2,1.613802241359929,1.564500197,1.7723534827341796,1.4005911568269442,1.6985069684164897,1.4901799530799997
Mol775,1.309417226,1,1.6073212362991152,1.554695053,1.7867901666888548,1.4624088362858094,2.02096450802027,1.4307486088899994
Mol776,1.943993816,0,1.6038924168470172,1.554755591,1.7023255888597562,1.8342250984008739,1.5344631728457765,1.4928457635400014
Mol777,1.810326627,1,1.6073212362991152,1.554695053,1.591658822944503,1.4246438925981286,1.6177530798873934,1.5112136937900005
Mol778,0.702344358,3,1.6039384107940662,1.562506984,1.5310614845962427,1.7913677848368983,1.3682602946871365,1.76709056318
Mol780,1.713624927,3,1.6039384107940662,1.562506984,1.5448549712908446,1.015769746084062,1.5847231382965068,1.3215815376300002
Mol781,1.174699288,4,1.6207589439737913,1.56944414,1.5424918800139187,1.9108306813979343,1.5249746972951803,1.8701185136600005
Mol782,0.845903839,4,1.6207589439737913,1.56944414,1.4316832746058619,1.8234054557396888,1.360723346868434,1.5419209181799998
Mol785,1.486246237,3,1.6039384107940662,1.562506984,1.3946369169846444,1.2022348851821048,1.2899423851834795,1.28541294052
Mol787,1.877521077,3,1.6039384107940662,1.562506984,1.3369910994942908,1.2185504364353743,1.4844875840562508,1.5172452950100004
Mol788,0.960470778,0,1.6038924168470172,1.554755591,1.3282319082185818,1.5981081960346124,1.2529937337515769,1.5642187247600001
Mol789,1.556037017,2,1.613802241359929,1.564500197,1.7052528666109357,1.3519209435965065,1.659030265862116,1.5588116908200005
Mol793,0.921842481,1,1.6073212362991152,1.554695053,1.475443454784618,1.7938755475980912,1.7116945832330512,1.77957874173
Mol794,1.155244917,3,1.6039384107940662,1.562506984,1.5345797650604918,1.4200609440460172,1.4523361884389048,1.5294792365899996
Mol795,1.419294722,2,1.613802241359929,1.564500197,1.7929661320575097,1.6671400509232797,1.8459005951751244,1.5712795054499997
Mol796,1.10561236,3,1.6039384107940662,1.562506984,1.5216006355743341,1.6349741816692998,1.705955022450043,1.78551246113
Mol797,1.49931585,1,1.6073212362991152,1.554695053,1.6310916315014914,1.7895939131286753,1.7487058247431515,1.5185916312999992
Mol798,1.176987875,1,1.6073212362991152,1.554695053,1.4011052862161135,1.311180378153289,1.6722227988840295,1.4655651655200002
Mol799,1.444372736,4,1.6207589439737913,1.56944414,1.3880144881295606,1.1584858171609027,1.26772372905199,1.5401432879699999
Mol802,1.526093625,3,1.6039384107940662,1.562506984,1.6121277827662446,1.439478008151114,1.5987382248292357,1.4342924142500002
Mol804,1.57209289,0,1.6038924168470172,1.554755591,1.7565165108115095,1.9465634885575986,1.7969391744719119,1.7483914316500004
Mol805,0.911743378,0,1.6038924168470172,1.554755591,1.594557049998456,1.2985669271019573,1.6666512497139274,1.5139831046800003
Mol806,1.679164333,0,1.6038924168470172,1.554755591,1.6164860531794782,0.9765571319717394,1.5866605100590283,1.39381875454
Mol807,1.732417887,4,1.6207589439737913,1.56944414,1.6264590793257732,1.5951932629432108,1.4954300516485994,1.5940168229900002
Mol808,1.013300787,1,1.6073212362991152,1.554695053,1.2945616377331999,1.8544289493461363,1.5939721352054526,1.4461594074600002
Mol809,0.745387121,0,1.6038924168470172,1.554755591,1.401056495834165,1.146509127431108,1.2271056462871726,1.4661176166900012
Mol810,1.928616017,3,1.6039384107940662,1.562506984,2.0080512350238267,1.6466551232418742,2.567944075700963,1.57370086936
Mol815,1.345863629,0,1.6038924168470172,1.554755591,1.6436518867463321,1.6077358726846491,1.8070103015430308,1.58360856246
Mol816,1.654744316,4,1.6207589439737913,1.56944414,1.522874932574344,0.9628789448111701,1.1469945527120013,1.54253416156
Mol818,1.282576801,4,1.6207589439737913,1.56944414,1.5592128463666437,1.8611291237440653,1.2332461128082985,1.6987681783100004
Mol819,1.643383579,2,1.613802241359929,1.564500197,1.5373616034264455,1.4328341985705189,1.5651799061250344,1.3909904122399999
Mol820,1.645746395,4,1.6207589439737913,1.56944414,1.4281024567431992,1.5849065332867158,1.3107898456997698,1.6022847150100006
Mol821,0.920384242,4,1.6207589439737913,1.56944414,1.2642200945768358,0.8172536994737157,1.1242329340097938,1.3197159207299998
Mol822,1.129883155,0,1.6038924168470172,1.554755591,1.4944052962369594,0.7906084592619749,1.4333090108947533,1.567903855
Mol823,2.258905342,4,1.6207589439737913,1.56944414,1.8131348186105334,1.6527751236921746,1.7320024782516048,1.8013270562300006
Mol824,1.594094078,2,1.613802241359929,1.564500197,1.3833704753221991,1.2795333417085848,1.3817256569542489,1.5019207600900004
Mol827,1.534495703,2,1.613802241359929,1.564500197,1.3409696036714314,1.2250054806263475,1.256136390259596,1.4749854420300008
Mol828,1.299005816,0,1.6038924168470172,1.554755591,1.662415154186311,1.7812209901382194,1.6916496117448045,1.4506148595700006
Mol829,2.01371757,0,1.6038924168470172,1.554755591,1.727287226245859,1.3182238270009832,1.6507551558048434,1.499115359609999
Mol830,1.721192109,1,1.6073212362991152,1.554695053,1.7673742303926403,2.1266870937316096,1.6358329736790607,1.8434613331099996
Mol831,1.185797047,2,1.613802241359929,1.564500197,1.1330730167837282,1.3887791347912692,1.275416533378075,1.4753563710400008
Mol832,2.572145236,3,1.6039384107940662,1.562506984,2.0351168450211947,1.4114928078357956,1.8921199396166495,1.5220599271599995
Mol833,2.067625,2,1.613802241359929,1.564500197,1.7507113427117256,1.8699303636888827,1.593344630529007,1.6343517318499994
Mol834,1.884631128,4,1.6207589439737913,1.56944414,2.048359380472626,2.608813431466393,2.0766958516806038,2.338598827699998
Mol835,1.992496079,3,1.6039384107940662,1.562506984,1.68443931671914,1.7470501139277252,1.614567843839224,1.21026825643
Mol838,1.962748053,1,1.6073212362991152,1.554695053,1.6552563764757247,1.9006320038387188,1.6790538862804594,1.5424007427400006
Mol839,1.904109382,4,1.6207589439737913,1.56944414,2.1073229183505093,1.5536286924751312,1.9069381393262923,1.6989319490200003
Mol840,1.818252294,3,1.6039384107940662,1.562506984,1.7540785964214796,1.4332584841336065,1.5429920950940648,1.4916023621100003
Mol842,1.177334456,3,1.6039384107940662,1.562506984,1.4225743662342305,1.0978404208689596,1.32626061387459,1.2864639156399997
Mol843,2.329509744,0,1.6038924168470172,1.554755591,1.8425511205366687,1.880821842934306,1.6318246672273897,1.77132027999
Mol844,1.777847138,1,1.6073212362991152,1.554695053,1.8248104070971964,1.2101051754815573,1.7119377062150767,1.3841477583800006
Mol846,1.458411201,1,1.6073212362991152,1.554695053,2.636825909262882,2.3675046584174284,1.4614927517082543,1.7129265459599998
Mol847,1.562138157,3,1.6039384107940662,1.562506984,1.627024199660882,1.535265987733851,1.7279500945348791,1.67853172284
Mol848,1.75869242,0,1.6038924168470172,1.554755591,1.362227704033887,1.4501168571811383,1.3016914842438245,1.37080373202
Mol850,1.52748812,4,1.6207589439737913,1.56944414,1.6970660085691969,1.2034199083300028,1.6857809366905878,1.5852046366499999
Mol851,0.698448538,3,1.6039384107940662,1.562506984,1.4115636091646677,1.5647539483616293,1.6032684648643665,1.4241865330999999
Mol852,2.003417445,2,1.613802241359929,1.564500197,1.5498512173301051,1.1482019229954612,1.5069184416764096,1.6660072706
Mol854,1.54333533,4,1.6207589439737913,1.56944414,1.6239363792296626,1.4523617360224115,1.643966404239554,1.4262829941099997
Mol857,1.799850374,1,1.6073212362991152,1.554695053,1.5434842270013975,1.7477179502665188,1.4470723030880888,1.5915463167499992
Mol859,1.606972206,4,1.6207589439737913,1.56944414,1.5636356180310427,2.0738291298258704,1.555762089575428,1.9368407953999998
Mol863,2.098650647,1,1.6073212362991152,1.554695053,1.4815825253588053,1.9172618315885654,1.6067290119207955,1.7936681427900003
Mol864,2.174803841,0,1.6038924168470172,1.554755591,1.7987335129055584,2.0766561778043595,1.810402574222916,1.7762334599600007
Mol865,2.842470693,0,1.6038924168470172,1.554755591,1.9330476766629376,2.6180526517327527,2.5735092067596015,2.0439846871799987
Mol866,1.792433716,1,1.6073212362991152,1.554695053,1.6679485044755893,2.025348791930467,1.5279837227084303,2.25726171785
Mol867,2.126232092,1,1.6073212362991152,1.554695053,1.8637398581135027,2.0675494039478393,2.014255699631998,1.83727607832
Mol868,2.262629043,1,1.6073212362991152,1.554695053,1.5324092547655932,1.4598918972455506,1.7694504662314343,1.8259723034899997
Mol869,2.334206374,1,1.6073212362991152,1.554695053,1.766316070765481,2.0249861002573315,1.6360816782436192,1.8081407795299997
Mol871,2.715346394,0,1.6038924168470172,1.554755591,1.654150727061874,1.9333315891932812,1.9246675779531677,1.7755492083399989
Mol872,2.1225599,1,1.6073212362991152,1.554695053,1.647390844752103,2.012455720947111,1.5568105690412317,1.66890481349
Mol873,1.268648165,2,1.613802241359929,1.564500197,1.6493738028168698,1.9572068672760599,1.6704098808826118,1.6917826360200008
Mol875,2.059949454,3,1.6039384107940662,1.562506984,1.8551904102583228,1.937109509823921,1.9602340567858452,1.81138827311
Mol876,1.137512353,2,1.613802241359929,1.564500197,1.875471975720532,1.4521736422868368,1.8275134403184539,1.56776156093
Mol877,2.430729553,4,1.6207589439737913,1.56944414,1.8194161489827283,1.2334387095893364,1.8277476729241966,1.4159151964699996
Mol878,1.580411726,2,1.613802241359929,1.564500197,1.7083023910477122,2.2265764740758502,1.814057891783266,1.8101128878500001
Mol880,1.537214439,3,1.6039384107940662,1.562506984,1.7730953032250625,1.7960372902909452,2.009448977743481,1.6331278539100018
Mol881,1.513270884,3,1.6039384107940662,1.562506984,1.7040944507098008,2.018345165718401,1.7537055205303316,1.82200062715
Mol882,1.104657791,2,1.613802241359929,1.564500197,1.4959228872977786,1.513477677284229,1.4869851632427074,1.3231640657500006
Mol883,2.045369927,1,1.6073212362991152,1.554695053,1.5536184047504522,1.8070853509440088,1.4869104778708218,1.4426902108599995
Mol886,1.964127577,3,1.6039384107940662,1.562506984,1.564082854010595,1.8427050313796869,1.3931637292524455,1.5682399381099998
Mol887,1.590942096,0,1.6038924168470172,1.554755591,1.3236416354228104,1.276766457864515,1.2886639617470648,1.3445489693999997
Mol889,1.553276046,2,1.613802241359929,1.564500197,1.9488621692425245,1.300170261271031,1.9797609418371886,1.3031447667100005
Mol890,1.799271608,1,1.6073212362991152,1.554695053,1.6253460154081318,1.6587796111741469,1.545358501008205,1.5332785260200006
Mol891,1.954449956,4,1.6207589439737913,1.56944414,1.5410395879133776,1.3416364244169467,1.5862174140192513,1.5465383557099996
Mol893,1.93200167,1,1.6073212362991152,1.554695053,1.5007607647563557,1.5450332888112737,1.412303297957555,1.7456759571700016
Mol898,1.646945139,2,1.613802241359929,1.564500197,2.101324352580754,1.7564613737366859,2.5820660720873843,1.603777480659999
Mol900,1.806383502,1,1.6073212362991152,1.554695053,1.7507486218969546,1.4639167521653398,1.6677900895533941,1.5926810359699997
Mol901,2.049624983,2,1.613802241359929,1.564500197,1.7382032043667386,1.6852438128763267,1.7399466803833277,1.59124984103
Mol902,1.093771782,4,1.6207589439737913,1.56944414,1.5732560746588042,1.5383772821485633,1.4937049661240602,1.52163319975
Mol903,1.787757932,3,1.6039384107940662,1.562506984,1.6426299058877636,1.9105400331627316,1.894015348060633,1.6577828458
Mol904,1.225438517,4,1.6207589439737913,1.56944414,1.6129755194338917,1.536889910165606,1.5954110441269522,1.45654178637
Mol906,1.158935142,3,1.6039384107940662,1.562506984,1.379527581819314,1.6171082468817126,1.4371448853047257,1.50190753208
Mol908,1.008216802,3,1.6039384107940662,1.562506984,1.622637764976723,1.641857431447185,1.6697772801862445,1.3907718190199998
Mol910,3.328241341,3,1.6039384107940662,1.562506984,1.7382270695908149,2.725942369845318,1.747370727563161,2.4898947681499983
Mol914,1.449324093,1,1.6073212362991152,1.554695053,1.4502367607173052,1.647796901184321,1.2562188674576233,1.6087526165900004
Mol916,0.729893404,2,1.613802241359929,1.564500197,1.4390897287900808,1.281974475728641,1.5474467950093753,1.5566334607399994
Mol917,2.475201781,2,1.613802241359929,1.564500197,1.4740239804280084,1.6178574560189798,1.7454561143408558,1.7756653837300005
Mol919,0.844725628,3,1.6039384107940662,1.562506984,1.5988146773429728,1.4380450327220533,1.640184233924708,1.5985697250800006
Mol920,0.762002969,4,1.6207589439737913,1.56944414,1.7397715785340617,1.3848292503145547,1.921884976003232,1.7725047660500008
Mol921,1.796192597,0,1.6038924168470172,1.554755591,1.466238970818274,1.932267419025682,1.3569473298378951,1.5827118233399988
Mol922,1.649490631,4,1.6207589439737913,1.56944414,1.5010605054812949,1.3470939136265798,1.6472819995053647,1.5711479552900005
Mol926,2.304921162,2,1.613802241359929,1.564500197,1.6390693123169269,2.2801583538016486,1.6637776333362,1.75822767033
Mol928,0.99895644,1,1.6073212362991152,1.554695053,1.6200124287846185,1.6104474565996867,1.5822765146815798,1.37362198706
Mol929,1.208414481,1,1.6073212362991152,1.554695053,1.4500642536791601,1.9981996627811203,1.2911482485768366,1.6126935863100003
Mol931,0.915452602,4,1.6207589439737913,1.56944414,1.7052641017259789,1.5951145970392457,1.83291692741562,1.6897628497199997
Mol932,2.316988798,4,1.6207589439737913,1.56944414,1.649060062924322,2.2462798415224166,1.306601822972714,1.5833643585200006
Mol933,1.011908613,2,1.613802241359929,1.564500197,1.6317480864585974,1.5172708674575697,1.6018604020648834,1.5806705713899993
Mol934,0.794069584,2,1.613802241359929,1.564500197,1.5255290248104496,1.42268557589463,1.420077776985713,1.5483216220300005
Mol935,2.202093076,0,1.6038924168470172,1.554755591,1.7891789662977726,2.2091467501408393,1.8892612318930544,1.6775507030099994
Mol936,2.49343156,0,1.6038924168470172,1.554755591,1.5262278799048001,1.867133351757352,1.455658094004242,1.7430862620800016
Mol937,1.733165153,2,1.613802241359929,1.564500197,1.7212963910221346,1.8991352652114712,1.9492531800277504,1.6771905324499996
Mol938,1.008344629,3,1.6039384107940662,1.562506984,1.640375943512362,1.3542663980703773,1.7228090109956258,1.3975305874999997
Mol939,0.816042341,0,1.6038924168470172,1.554755591,1.4439118620866063,1.7370737447668922,1.634821126842979,1.4787040857499998
Mol940,2.034692614,2,1.613802241359929,1.564500197,1.9102428749422677,2.1810774357752187,2.163430360193771,2.17257587331
Mol942,1.24089854,0,1.6038924168470172,1.554755591,1.4526086318460967,1.018492436036327,1.4020318045150548,1.2917946611599995
Mol943,1.140570889,3,1.6039384107940662,1.562506984,1.6434786241372057,1.611520529144232,1.749867698941605,1.6171624065500003
Mol947,1.562447517,2,1.613802241359929,1.564500197,1.6536936437135057,1.5428978726237679,1.5790666216539002,1.6291737377399997
Mol948,2.124037727,1,1.6073212362991152,1.554695053,1.7201680054949704,1.7207581447584066,1.9418941939760817,1.4523594053699997
Mol949,1.564121376,1,1.6073212362991152,1.554695053,1.5814907121227542,1.733054661870697,1.7636140759121788,1.3335018038599995
Mol950,1.991155165,1,1.6073212362991152,1.554695053,1.579560286934051,1.9004300708334605,1.667386761058777,1.814582878320001
Mol951,1.028286509,4,1.6207589439737913,1.56944414,1.4935283180285486,1.6808733942378957,1.385201944749988,1.783379082189999
Mol953,2.505268036,1,1.6073212362991152,1.554695053,1.728818656708681,1.9180705237798068,1.8980218509155984,1.83290599547
Mol954,1.176236,4,1.6207589439737913,1.56944414,1.6001725776538187,1.9699437554749886,1.7142524679758813,1.78890822032
Mol955,1.901223946,4,1.6207589439737913,1.56944414,1.6091993426266606,2.098004054393732,1.5556485790605696,1.8390076170899994
Mol957,2.829621496,1,1.6073212362991152,1.554695053,1.7621125789694605,1.544027081257866,1.6705441015622997,1.4835667411800006
Mol958,1.966592226,1,1.6073212362991152,1.554695053,1.4305399880437566,1.834768003188731,1.5396036840383294,1.7444700687999997
Mol959,1.615918504,0,1.6038924168470172,1.554755591,1.4891810183965735,1.544841176601354,1.7391929455602215,1.5819268464800005
Mol962,1.746712023,2,1.613802241359929,1.564500197,1.8133214334845227,1.8745491993404158,2.0545304648686606,1.53021323588
Mol963,2.961988865,3,1.6039384107940662,1.562506984,1.7491708238621921,2.3495958700240487,1.7593352020994186,1.81320981895
Mol964,2.027598287,2,1.613802241359929,1.564500197,1.6982516964272802,1.5165828598818245,1.663779820883257,1.5048859267300008
Mol965,0.847696021,1,1.6073212362991152,1.554695053,1.5952884156735292,1.4919894819177766,1.5810320038860315,1.3372849726299996
Mol967,1.112873002,4,1.6207589439737913,1.56944414,1.593756284960104,1.5157490262053885,1.4447890095686011,1.5628420373099994
Mol968,0.732071941,1,1.6073212362991152,1.554695053,1.3288633622301154,1.139134606288039,1.0674938606258793,1.14136441609
Mol969,1.621747346,0,1.6038924168470172,1.554755591,1.6128040772537056,1.4713585014416424,1.6836443357102484,1.7235032702099997
Mol970,1.578146195,0,1.6038924168470172,1.554755591,1.632621722293477,1.6104180148750167,1.659849607510986,1.6950802953399997
Mol973,1.575753445,0,1.6038924168470172,1.554755591,1.5422381838232495,1.5435006340580744,1.592744934457217,1.521931241660001
Mol974,1.562590225,4,1.6207589439737913,1.56944414,1.5259172151715774,1.091833651605364,1.698117374450566,1.4958522324099999
Mol975,1.807203431,2,1.613802241359929,1.564500197,1.7722980541991906,1.6908985391812104,1.6827184690346604,1.76647571328
Mol976,1.974221452,1,1.6073212362991152,1.554695053,1.5275081932717196,1.1926124111781582,1.5850901294809268,1.51700108899
Mol977,1.188168859,3,1.6039384107940662,1.562506984,1.7947272022261869,1.8706004286473377,1.9099273627161188,1.8711188448200007
Mol979,1.50134687,2,1.613802241359929,1.564500197,1.5815538304281433,1.2158470958023406,1.6295941890114387,1.74605927872
Mol980,0.758230408,4,1.6207589439737913,1.56944414,1.5421800442874802,1.193568391120355,1.4726027838530371,1.537488227260001
Mol981,2.354724853,3,1.6039384107940662,1.562506984,1.6976372551977288,1.7949797028002996,1.7679732744196182,1.71169082792
Mol982,2.300049556,1,1.6073212362991152,1.554695053,1.797986136271005,2.094599264361501,1.9023516735305355,1.66140544532
Mol985,1.372948806,2,1.613802241359929,1.564500197,1.5023318327601138,1.4785002001036802,1.5658640412890166,1.5149081321600002
Mol987,1.842453215,4,1.6207589439737913,1.56944414,1.6469546718298438,1.9634843260115045,1.5725348929941412,1.9096404120199992
Mol988,2.914450527,2,1.613802241359929,1.564500197,1.8345529089937955,2.096699705042631,1.8390741164041777,1.8933682491800006
Mol989,1.028652574,2,1.613802241359929,1.564500197,1.4741341499429033,1.4405060028355698,1.71849271412882,1.4255803768999997
Mol991,0.856184927,2,1.613802241359929,1.564500197,1.4436768922156373,1.3386105943969078,1.6669570758164156,1.49579365527
Mol992,1.18619325,4,1.6207589439737913,1.56944414,1.4425509763947342,0.930571683877107,1.2364508580094744,1.23933222912
Mol993,1.26218996,4,1.6207589439737913,1.56944414,1.7072692912548793,2.072077356778181,1.905600107214589,1.827394538989999
Mol994,1.624261464,1,1.6073212362991152,1.554695053,1.5817871696447217,1.3987909559943277,1.5928273374815327,1.48807161871
Mol995,1.813694384,0,1.6038924168470172,1.554755591,1.6144862814384313,1.813856612387367,1.5169551851114367,1.49604479434
Mol996,1.156185573,0,1.6038924168470172,1.554755591,1.43558949263302,1.5950716910599159,1.388358983708429,1.5217470088800003
Mol997,1.083395108,4,1.6207589439737913,1.56944414,1.64322913676228,1.339146612564869,1.9976047694476156,1.7259774968999995
Mol998,1.068185862,3,1.6039384107940662,1.562506984,1.4327410681816526,1.6860893513872446,1.39536150854909,1.6425045855999998
Mol1001,1.971210885,0,1.6038924168470172,1.554755591,1.7773834135260382,1.6949370673477246,1.907795179243128,1.6654894804299993
Mol1002,2.59262526,0,1.6038924168470172,1.554755591,1.7734519712738555,2.2375741850083295,2.0588535957687153,1.5071538139000002
Mol1005,2.191260934,3,1.6039384107940662,1.562506984,1.5814639182576085,1.2765543462988633,1.508064307142076,1.51513259578
Mol1007,0.7930916,3,1.6039384107940662,1.562506984,1.4346142183438757,0.7864373200384016,1.1819526691236486,1.5215212583400004
Mol1008,2.13205146,4,1.6207589439737913,1.56944414,1.9928876151012913,1.7673851929095603,1.9515172208219334,1.8421438958199992
Mol1011,1.895030067,3,1.6039384107940662,1.562506984,1.8535731568291993,1.5030555223796354,1.8146492006167794,1.5504109198300007
Mol1013,1.235275877,1,1.6073212362991152,1.554695053,1.3122097818218117,1.4577676088807194,1.523709422418236,1.5696069601299998
Mol1015,0.801472314,3,1.6039384107940662,1.562506984,1.4040941282154928,1.4435854454477282,1.3814328659806572,1.42198373554
Mol1017,0.717171027,0,1.6038924168470172,1.554755591,1.4918739072021685,1.3246928328236243,1.6099479985319118,1.4410852808
Mol1018,1.203875623,3,1.6039384107940662,1.562506984,1.4301923727590484,1.5537414271343675,1.3423642485145195,1.4974523666000008
Mol1019,1.137733795,4,1.6207589439737913,1.56944414,1.5618617771787429,1.2196821355128433,1.6467306814541431,1.5914741045899996
Mol1020,1.299136694,4,1.6207589439737913,1.56944414,1.4868614296442908,1.4688496595798695,1.0836982447385137,1.9841456729799998
Mol1022,1.467874372,3,1.6039384107940662,1.562506984,1.3408744682524425,1.5752797978040345,1.5695703415877125,1.3536331342600005
Mol1024,1.216482597,4,1.6207589439737913,1.56944414,1.5095992058782124,1.6335503875137958,1.4199639446555339,1.4898756295699993
Mol1025,1.346450778,4,1.6207589439737913,1.56944414,1.682171440039303,1.6619850197581312,1.643030519294994,1.3661070222700002
Mol1026,1.092720645,1,1.6073212362991152,1.554695053,1.7962450804846037,1.6532231072737065,1.5253737831364615,1.78030341411
Mol1027,1.625168348,0,1.6038924168470172,1.554755591,1.5625957170918545,1.6726625353587936,1.4229284792494727,1.4973566354099994
Mol1028,0.871864702,0,1.6038924168470172,1.554755591,1.4369158358454623,1.516204570004579,1.2809966793697272,1.35739063837
Mol1029,1.129174103,2,1.613802241359929,1.564500197,1.3597769644436153,1.2822697677338186,1.2161728274096761,1.4088319430899998
Mol1030,1.471511737,0,1.6038924168470172,1.554755591,1.5073318214763147,1.139158585972807,1.5081292708540994,1.4530322091399999
Mol1032,2.395766581,2,1.613802241359929,1.564500197,1.6377118573386382,1.7876843528003297,1.5226894201253018,1.6708431122899992
Mol1033,2.598019689,1,1.6073212362991152,1.554695053,1.8620960380151466,2.0586994285339397,2.130782170515108,1.7932739222300011
Mol1034,2.593406811,4,1.6207589439737913,1.56944414,1.9699560438435468,2.0927800147158866,1.9360294794197432,1.9394510781799996
Mol1035,1.527977713,3,1.6039384107940662,1.562506984,1.523446774941631,2.033436027570548,1.3458019568853286,1.616612805349999
Mol1036,1.52748812,1,1.6073212362991152,1.554695053,1.6779656442935817,1.5679260618107203,1.8115075693979623,1.6866531621100003
Mol1037,1.732482218,3,1.6039384107940662,1.562506984,1.8470059334089153,1.2814833347742123,1.8090009116463173,1.5378711716300006
Mol1038,2.649960532,2,1.613802241359929,1.564500197,2.0824398335360277,1.4561842385863466,1.9958792098513718,1.521632812840001
Mol1039,2.416617211,1,1.6073212362991152,1.554695053,1.7741092209848581,1.6452390109044366,1.9890608107307435,1.7775850804399997
Mol1042,1.283210741,3,1.6039384107940662,1.562506984,1.3348584594935142,1.5426444107916413,1.4741293361999974,1.5109363593600003
Mol1043,1.018034403,1,1.6073212362991152,1.554695053,1.358351282543242,1.4767616551656917,1.2139964606676743,1.4709103038000004
Mol1044,1.445012288,2,1.613802241359929,1.564500197,1.4821846532578613,1.3371411826198287,1.456714255948902,1.5383074003699995
Mol1046,0.693902741,4,1.6207589439737913,1.56944414,1.5227881957606422,1.0822128257873613,1.5500523937592923,1.5014924708300001
Mol1047,1.595231596,3,1.6039384107940662,1.562506984,1.5415304967577508,1.9088764759102141,1.5966133899975494,1.6041727130800003
Mol1048,0.796088429,2,1.613802241359929,1.564500197,1.4524283395583437,1.1284267969291129,1.3859636471827992,1.6293260686699989
Mol1049,2.19966469,0,1.6038924168470172,1.554755591,1.8038983963443882,1.4958921244734686,2.0661383845316084,1.6295800559500002
Mol1050,2.102371953,4,1.6207589439737913,1.56944414,1.8257152407285833,1.9371474415421006,1.9262666454160107,1.6472115348999992
Mol1052,0.942603249,2,1.613802241359929,1.564500197,1.5276643081696835,1.5505417351112007,1.596212520451897,1.3565749491500003
Mol1053,2.079322369,1,1.6073212362991152,1.554695053,2.3093659116188903,1.8222835021425003,1.6925107810677116,1.6110576131599998
Mol1054,2.111810079,4,1.6207589439737913,1.56944414,1.7796139353866094,1.6759798137836253,1.9383917353914324,1.5475843557100004
Mol1055,0.849726444,4,1.6207589439737913,1.56944414,1.5999270568419077,1.7192461520119706,1.5943314707533676,1.5835440479800005
Mol1057,2.044112311,0,1.6038924168470172,1.554755591,1.6776358427763554,1.7357126398807594,1.7277869056585629,1.7149089067099998
Mol1058,1.471144965,3,1.6039384107940662,1.562506984,1.6625121159038956,1.3942716548284984,1.6650070203611138,1.5491068640900008
Mol1062,1.350616237,0,1.6038924168470172,1.554755591,1.606348136698589,1.4615923576119565,1.6428907676507285,1.4624857898700008
Mol1063,1.980603238,1,1.6073212362991152,1.554695053,1.8084344821671388,1.566348398363847,1.9063706247718566,1.804738296230001
Mol1064,0.928703027,4,1.6207589439737913,1.56944414,1.4732078586154556,1.5264359857233574,1.573122571686153,1.4986019836299997
Mol1065,0.830716949,1,1.6073212362991152,1.554695053,1.6899946828193126,1.6497028502786386,1.4262632316081798,1.6147215446499996
Mol1069,1.038620162,1,1.6073212362991152,1.554695053,1.7304161813753716,1.5621397907065455,1.627387344172544,1.61784065919
Mol1071,1.734055373,0,1.6038924168470172,1.554755591,1.7206353110444133,0.9225463730621936,1.9099588616690664,1.3049532380100002
Mol1072,1.366665721,0,1.6038924168470172,1.554755591,1.432744206332233,1.3772341211809658,1.4351602456800863,1.5621098743199997
Mol1073,1.953648568,1,1.6073212362991152,1.554695053,1.4184379628656147,1.036950006405874,1.3686489968077769,1.33202677685
Mol1074,1.600243016,4,1.6207589439737913,1.56944414,1.519962116943835,1.6425757750787433,1.3036077683003138,1.7823061919899998
Mol1076,0.707995746,1,1.6073212362991152,1.554695053,1.4990164879622507,1.3312501468540412,1.338509452951916,1.4888174380399994
Mol1077,2.099366372,1,1.6073212362991152,1.554695053,1.8142479668857083,1.5714691454511645,1.9008475593447853,1.59026746878
Mol1078,1.439837761,0,1.6038924168470172,1.554755591,1.7394669714678757,2.1845469035052343,1.8585162246898026,1.5742476364600002
Mol1079,2.266933388,1,1.6073212362991152,1.554695053,1.873156185416586,1.8011920651985145,2.237505039023337,1.75088280352
Mol1080,1.354953146,1,1.6073212362991152,1.554695053,1.7895185472348005,1.175783610744694,1.883839397528468,1.4849062192599995
Mol1082,1.504362105,1,1.6073212362991152,1.554695053,1.7076890672573013,1.4994887503315901,1.8385915382069697,1.3816787248199993
Mol1083,1.176236,3,1.6039384107940662,1.562506984,1.5789097033218753,1.2728416946624106,1.4292387550618475,1.8557801131300002
Mol1084,1.389236984,2,1.613802241359929,1.564500197,1.5869892181189427,2.0060631064992824,1.6753785553673632,1.6015622884200003
Mol1085,0.888123307,4,1.6207589439737913,1.56944414,1.3424572303343534,1.0771701646317742,1.124456342585105,1.8543974285500004
Mol1088,1.345099146,0,1.6038924168470172,1.554755591,1.2434308796248015,1.6196265169073023,1.4021422285262088,1.7020845380899994
Mol1090,2.474006353,4,1.6207589439737913,1.56944414,1.8019167265003952,1.9500960150265663,2.149594313823805,1.7408737322299992
Mol1091,1.332761536,3,1.6039384107940662,1.562506984,1.5149985047841181,1.6744389023861714,1.41768865517562,1.3581560778900004
Mol1093,2.273635458,3,1.6039384107940662,1.562506984,2.210313137607108,2.258365920180231,2.014777515843861,1.8108426841899998
Mol1095,1.65891722,2,1.613802241359929,1.564500197,1.6103969600906154,1.6687002293746016,1.872842542667045,1.4907611889699999
Mol1096,1.060055365,4,1.6207589439737913,1.56944414,1.3230340005903802,1.9344649737269144,1.0278531122215566,1.4671161878999999
Mol1097,1.414455226,4,1.6207589439737913,1.56944414,1.606112648181636,1.6049472134625549,1.7665838415253772,1.60287144486
Mol1098,2.100608308,0,1.6038924168470172,1.554755591,1.7497609744661973,1.8394037718181022,1.8327759157454482,1.4051454570599997
Mol1099,2.080370307,0,1.6038924168470172,1.554755591,1.7436269312260775,1.8128359957051177,1.8448113259344858,1.6702061868599989
Mol1101,1.29444418,1,1.6073212362991152,1.554695053,1.7035528665397432,1.5572887141853138,1.7048612813008361,1.4830242309600004
Mol1102,2.063836054,2,1.613802241359929,1.564500197,1.6771315708342271,1.4358559226191314,1.8933491468895585,1.5133105575600008
Mol1103,1.558300478,1,1.6073212362991152,1.554695053,1.5539341905797717,1.6846004856116181,1.6531145098939093,1.5377934685799999
Mol1105,1.468893548,0,1.6038924168470172,1.554755591,1.4400605451576407,1.907312143437751,1.3613396841884586,1.6942837537300002
Mol1106,1.930103039,1,1.6073212362991152,1.554695053,1.5904125440154544,1.868323754542149,1.6059277290742802,1.5870430373699997
Mol1107,1.608472546,2,1.613802241359929,1.564500197,1.6887957588634204,1.2521707712135106,1.7081574382481832,1.4436395123500008
Mol1108,2.104196802,4,1.6207589439737913,1.56944414,1.7505552717560906,2.000656843042753,2.0977912100652003,1.74753578599
Mol1109,1.666059108,2,1.613802241359929,1.564500197,1.8694364333178233,1.6492075374386557,2.0223506163815586,1.762862981060001
Mol1110,1.251492215,3,1.6039384107940662,1.562506984,1.4694690390770093,1.8557809595599537,1.3078690003453965,1.5945727690499998
Mol1111,2.262477194,1,1.6073212362991152,1.554695053,2.138610770959668,1.8263390787884206,2.737604220327284,1.54931189609
Mol1112,1.400555257,1,1.6073212362991152,1.554695053,1.5285099619841378,2.023278535607938,1.3628244984997868,1.7120605604499999
Mol1113,1.741009701,2,1.613802241359929,1.564500197,1.6986538315725208,1.939704656306462,1.5929101281793816,1.6527319202899997
Mol1114,1.330494942,2,1.613802241359929,1.564500197,1.7434603887988964,1.7616994529094723,1.8325726090767582,1.5626490768600005
Mol1115,2.680778648,1,1.6073212362991152,1.554695053,1.6821457458511289,2.1585451327099396,1.6837420137768904,1.7907527303100008
Mol1116,1.796865615,2,1.613802241359929,1.564500197,1.8427260651536426,2.180921659767324,1.9897276018460872,1.73757514622
Mol1117,2.265991663,2,1.613802241359929,1.564500197,1.7036191704305397,1.6087777039259386,1.650889383319979,1.6810835141399998
Mol1118,1.196120893,1,1.6073212362991152,1.554695053,1.5511487453403074,1.6008043258674283,1.633488791890373,1.5706040126300003
Mol1120,2.160546559,0,1.6038924168470172,1.554755591,1.6380342492803908,2.1507019162328436,1.8711173949817357,1.7863485997800006
Mol1121,1.701930465,1,1.6073212362991152,1.554695053,1.7821723555477074,1.1198531703087835,1.7950396459304818,1.31119738045
Mol1125,1.621996303,1,1.6073212362991152,1.554695053,1.6587314907695758,2.44928605969668,1.594693994647195,1.8595600046999998
Mol1126,1.524746532,4,1.6207589439737913,1.56944414,1.4338629342123443,1.4686309898549121,1.347799140769556,1.53388129847
Mol1127,2.07120796,4,1.6207589439737913,1.56944414,1.5076864167656683,1.898553098687433,1.5803191160569807,1.7125815360699996
Mol1129,1.211093831,1,1.6073212362991152,1.554695053,1.7071684635570727,1.72096401112473,1.7579377336046185,1.7453843449600004
Mol1130,1.006380459,0,1.6038924168470172,1.554755591,1.4766083598289867,1.4099472339634453,1.6690504729963265,1.5440576181
Mol1131,1.293428854,1,1.6073212362991152,1.554695053,1.5035267994503427,1.0536009750115387,1.3466447790729823,1.228000832
Mol1132,1.047508506,2,1.613802241359929,1.564500197,1.4470034797293607,1.422202230972219,1.440847056648586,1.5204122414700003
Mol1134,1.307196421,2,1.613802241359929,1.564500197,1.444798650005012,1.5685545838609418,1.23069963298792,1.6295663767200004
Mol1136,2.329505677,1,1.6073212362991152,1.554695053,1.6631768167075334,2.1334804042314106,1.5166078555098965,1.7751407368299994
Mol1137,1.5704145,3,1.6039384107940662,1.562506984,1.275779905464376,1.7205442508526443,1.17894023633727,1.48174710077
Mol1138,1.693946678,2,1.613802241359929,1.564500197,1.6277026079757808,1.4425719423096677,1.4766942061560377,1.5494578778900003
Mol1142,1.356121506,1,1.6073212362991152,1.554695053,1.7558178926056267,1.7599374349190609,1.717708453028764,1.6386868024599994
Mol1143,1.568975721,0,1.6038924168470172,1.554755591,1.43180824505574,1.692032574583075,1.3557392144776799,1.5831790682600007
Mol1146,1.730903345,1,1.6073212362991152,1.554695053,1.72746523934944,1.0790887361959303,1.9173879784968508,1.43428511225
Mol1147,1.531504463,3,1.6039384107940662,1.562506984,1.632977352702588,1.5078612571341066,1.8023335164457455,1.6867619663099997
Mol1148,1.048208667,2,1.613802241359929,1.564500197,1.7195774846670584,1.5132724255488574,1.690919779072256,1.5524675606800005
Mol1151,1.261048643,3,1.6039384107940662,1.562506984,1.7001703932102439,1.5134071842373342,1.6334290567237084,1.6950525347000007
Mol1153,2.259189974,3,1.6039384107940662,1.562506984,1.6483909961027219,1.4472949818862206,1.668571993722641,1.58888244404
Mol1154,1.652604075,0,1.6038924168470172,1.554755591,1.849855301898042,1.7470927028159813,2.011545593349262,1.6784143902300002
Mol1156,1.775428392,4,1.6207589439737913,1.56944414,1.5457936141197328,1.5882599575251102,1.526394892146239,1.6074499238000006
Mol1157,2.360464659,0,1.6038924168470172,1.554755591,1.811577627380532,2.0067290389458634,1.825207643466735,1.8252838194999996
Mol1158,2.650083031,0,1.6038924168470172,1.554755591,1.7936075653862051,1.907978349695096,1.8659866750492038,1.4781783103299995
Mol1159,1.715736003,2,1.613802241359929,1.564500197,1.785984307299917,1.5165165925893906,1.8511019150192798,1.5078775899099996
Mol1160,1.955577119,3,1.6039384107940662,1.562506984,1.4508253736411807,1.1502450960710844,1.3742545496492848,1.5313459170800001
Mol1162,0.684037037,1,1.6073212362991152,1.554695053,1.6225423279987867,1.3777845619133888,1.3420009917881048,1.5125964992700007
Mol1164,1.367765791,1,1.6073212362991152,1.554695053,1.4237593903058552,1.973602415035936,1.4066409665303903,1.6946733636899995
Mol1165,1.486047734,1,1.6073212362991152,1.554695053,1.4838460635338147,1.6984117148319937,1.472728536244589,1.7305602931600006
Mol1166,2.159064637,2,1.613802241359929,1.564500197,1.6796069538480882,1.8916143259776628,1.7736051408052256,1.6228321891099997
Mol1168,1.738312727,2,1.613802241359929,1.564500197,1.3611795211916222,1.3312473100635258,1.4047564742100507,1.3278741669499996
Mol1170,1.977385181,4,1.6207589439737913,1.56944414,1.5390974200717848,2.034555281926356,1.5120288635705463,1.8547078961999992
Mol1172,1.559308011,1,1.6073212362991152,1.554695053,1.7353937912240582,1.7991082272457177,1.6662421901906008,1.4863682543500008
Mol1173,1.058577849,4,1.6207589439737913,1.56944414,1.491326263383344,1.07319816570998,1.4779383304495233,1.55691799519
Mol1174,2.917223415,2,1.613802241359929,1.564500197,1.7140517377412938,1.904150852831858,2.001724349856836,1.8226114087299998
Mol1176,0.886265059,4,1.6207589439737913,1.56944414,1.550536826211343,1.397148231531773,1.7291624792897173,1.5394578330499997
Mol1178,2.213581502,4,1.6207589439737913,1.56944414,2.012364846047251,2.2406828083896864,2.3149001838269574,1.9903955033100007
Mol1179,2.720869311,2,1.613802241359929,1.564500197,1.9372892976065113,1.4802273330465818,1.9784429443761187,1.7404721540299999
Mol1181,1.247997802,0,1.6038924168470172,1.554755591,1.4976747412294193,1.441362316475082,1.4927973422339,1.65951175657
Mol1182,1.40940895,1,1.6073212362991152,1.554695053,1.7392116707380638,1.3691575070803683,1.6041541847726424,1.4006643818100004
Mol1183,2.967351376,0,1.6038924168470172,1.554755591,1.7027180878260173,2.655248641264385,1.7485075181285454,1.8955595687899998
Mol1184,1.797038905,3,1.6039384107940662,1.562506984,1.4276142552273812,1.7046793964370284,1.342507724241501,1.6400801266700002
Mol1185,2.312775898,2,1.613802241359929,1.564500197,1.4482077075629125,1.3671331187031839,1.3673021825753153,1.46569367725
Mol1186,1.468332558,0,1.6038924168470172,1.554755591,1.7311677846906806,1.5664633753845112,1.908978964670873,1.37979915696
Mol1187,2.066225262,1,1.6073212362991152,1.554695053,1.5248469746314726,1.524114314035395,1.621647279088036,1.4672746256999998
Mol1188,1.36660971,2,1.613802241359929,1.564500197,1.4685569291940503,1.3042797789379745,1.3961078656074517,1.4782847358800004
Mol1190,1.774458569,2,1.613802241359929,1.564500197,1.6762589247948234,1.7007546621052714,1.4922502863326659,1.50786818785
Mol1192,0.701654317,3,1.6039384107940662,1.562506984,1.7754738833456418,1.9764504562190444,1.8692675366336278,1.4779462617999999
Mol1193,0.931152639,4,1.6207589439737913,1.56944414,1.5424719002350877,1.1226907135859392,1.3888209540183842,1.3385780099300004
Mol1194,1.851105401,1,1.6073212362991152,1.554695053,1.4750182434703165,1.60282771453806,1.346684616667378,1.48012675741
Mol1195,0.888684847,4,1.6207589439737913,1.56944414,1.6220432831293603,1.2314507690776306,1.7276071604919254,1.4701638556999999
Mol1196,1.952298315,3,1.6039384107940662,1.562506984,1.6969351078467811,1.9499315140147213,1.782115365551534,1.8443004327200012
Mol1197,2.174365132,3,1.6039384107940662,1.562506984,1.7718192437032911,1.7242871006501104,1.6017445108818587,1.4131623880899997
Mol1198,1.37386787,2,1.613802241359929,1.564500197,1.3503197244534335,1.3859975957179578,1.398911571619652,1.6788999688599997
Mol1201,1.25947442,2,1.613802241359929,1.564500197,1.8111627949522506,2.2117068643594937,1.995762418289777,1.98432343581
Mol1202,0.802910489,2,1.613802241359929,1.564500197,1.4469054302343956,1.5704082435210198,1.1363318165165754,1.5332008110699993
Mol1204,1.83466862,3,1.6039384107940662,1.562506984,1.8786785063000315,1.8228661473525,2.0034869825045796,1.3682535237700002
Mol1205,1.403926565,3,1.6039384107940662,1.562506984,1.5664805084209605,1.2090314145177736,1.5863466075293695,1.4625287029799994
Mol1207,1.970039879,3,1.6039384107940662,1.562506984,1.735104755497868,1.5611083968686845,1.730539576592193,1.5599092503700007
Mol1208,1.6318596,2,1.613802241359929,1.564500197,1.5660717657491474,1.054227795680302,1.657997057506828,1.5503907225299998
Mol1209,1.283052343,4,1.6207589439737913,1.56944414,1.4140815104422604,1.559529650827156,1.3002880010517588,1.6803063025
Mol1213,2.273702525,3,1.6039384107940662,1.562506984,1.7471165475672321,1.8074849194025995,2.032572110698424,1.57375464322
Mol1216,2.361973237,1,1.6073212362991152,1.554695053,1.882912145901078,1.7235190111444176,2.0244705555246933,1.7239024380199997
Mol1218,1.164293359,1,1.6073212362991152,1.554695053,2.117959642641268,1.7530077589449313,2.0354206267727744,1.7246542269600007
Mol1219,1.811313546,4,1.6207589439737913,1.56944414,1.8002162103610562,1.8139539531725233,1.9413804017071035,1.92085893782
Mol1220,1.081671287,0,1.6038924168470172,1.554755591,1.8044338945758822,1.4687526968879128,1.6953797741159335,1.4672725042300003
Mol1221,2.417627779,1,1.6073212362991152,1.554695053,1.7783724278931587,1.7307053911908596,2.0418172965688437,1.6323614895999998
Mol1223,1.066586796,1,1.6073212362991152,1.554695053,1.4405027805768604,1.264321794502777,2.093516270270679,1.3669689990700005
Mol1224,1.863370451,4,1.6207589439737913,1.56944414,1.751275448910071,1.6187950974917213,1.8599027439528044,1.4413150971
Mol1225,2.15518416,1,1.6073212362991152,1.554695053,1.9916186108015377,1.6081752282767043,1.7188953178960529,1.5754281726100006
Mol1228,1.074926097,3,1.6039384107940662,1.562506984,1.426997048663324,1.4977301629984727,1.4496095923309236,1.6451966726799998
Mol1229,1.188647296,1,1.6073212362991152,1.554695053,1.425140045680156,1.4152895787952744,1.2808629305819375,1.4542872438900003
Mol1230,1.283007076,4,1.6207589439737913,1.56944414,1.6336500785195742,1.5379298120913947,1.541020860629533,1.7092193335699997
Mol1231,2.03213908,1,1.6073212362991152,1.554695053,1.2542397629359423,1.6401777459033609,1.178705810103362,1.6699833788800005
Mol1232,1.765415205,4,1.6207589439737913,1.56944414,1.7530212839021284,1.5391056397144514,1.746755528774938,1.6267154879800003
Mol1234,1.951230632,0,1.6038924168470172,1.554755591,1.6425387918683103,1.9054259442006831,1.7337157496644893,1.65388859423
Mol1237,2.092874971,2,1.613802241359929,1.564500197,1.7761600554919035,0.9527494873608646,1.6558830453131348,1.41276158255
Mol1238,0.764250875,0,1.6038924168470172,1.554755591,1.5994371097527629,1.2569290299035232,1.6633077535651382,1.7152858122199999
Mol1241,0.920175522,1,1.6073212362991152,1.554695053,1.3558446241739261,1.8869822729733685,1.2909247315342458,1.6844992374599987
Mol1242,1.247703282,2,1.613802241359929,1.564500197,1.7287768576061127,1.358393574913622,1.8804740054702527,1.5509640225999997
Mol1244,2.123371366,3,1.6039384107940662,1.562506984,1.7875005368071744,1.5302149355097088,1.9428528444025626,1.6197771910999998
Mol1247,2.518487618,3,1.6039384107940662,1.562506984,1.7206126820273662,1.9055367407104105,1.6097307119879765,1.6492663703000006
Mol1249,2.334294883,3,1.6039384107940662,1.562506984,1.8333423521611067,1.8464497272773035,1.5707019165248797,1.830558398779999
Mol1251,2.199618068,4,1.6207589439737913,1.56944414,1.7409063387227086,1.3396875878597412,1.8035951085900102,1.70949436647
Mol1252,1.616454508,2,1.613802241359929,1.564500197,1.929479768463457,2.542614907872292,1.6255042842984855,1.69519353349
Mol1254,2.567713162,4,1.6207589439737913,1.56944414,1.9765085086349297,1.9399293473867996,1.8589112113755568,1.7310991049399995
Mol1255,2.143629875,1,1.6073212362991152,1.554695053,1.6891918539215807,2.219323514222182,1.6522253917583312,2.012922906219999
Mol1256,2.058228573,4,1.6207589439737913,1.56944414,1.5664904756995146,1.342896073938035,1.3282035531750231,1.8053261046200004
Mol1258,2.09405865,0,1.6038924168470172,1.554755591,1.653863112986182,1.1527134896181561,1.6489131771795138,1.5775285560499999
Mol1259,1.436623741,3,1.6039384107940662,1.562506984,1.5387690757564703,1.6962172525897399,1.4755853744896377,1.5688703662699999
Mol1260,1.122576275,0,1.6038924168470172,1.554755591,1.585255584206702,1.3200512193659033,1.4808196624689458,1.3656081931400008
Mol1263,0.932930143,1,1.6073212362991152,1.554695053,1.6151314559041736,1.2911255532543608,1.417194638218613,1.2975121104299998
Mol1264,1.504076488,3,1.6039384107940662,1.562506984,1.678822461936973,1.4264660791109929,1.7063498802086228,1.7631853584199997
Mol1265,2.470672106,0,1.6038924168470172,1.554755591,1.953125508649479,2.019294932457533,2.1541599843578094,1.6885037527000009
Mol1266,2.619907912,0,1.6038924168470172,1.554755591,1.5881789059847198,1.8960887211896988,1.5949762121998186,1.6393834798399993
Mol1267,2.419345987,2,1.613802241359929,1.564500197,1.6825347504775228,1.5014886822304172,1.7180431596132433,1.776962556149999
Mol1268,1.311160273,0,1.6038924168470172,1.554755591,1.9101275645899054,2.4534746134765273,1.6772662341513223,1.6699793913300007
Mol1269,1.916343387,2,1.613802241359929,1.564500197,1.8658253380452936,1.4676016888690337,2.2075837867010635,1.5012248620500004
Mol1270,1.165184952,0,1.6038924168470172,1.554755591,1.589072014935568,1.2423110879120514,1.7203740780432795,1.393376299070001
Mol1272,1.115876664,0,1.6038924168470172,1.554755591,1.5192857170909546,1.3978944764789232,1.4723503892830334,1.4103498206500005
Mol1273,0.958611658,4,1.6207589439737913,1.56944414,1.7208027654227405,1.6524707178459366,1.671294481602918,1.2659707144399999
Mol1274,1.955408712,2,1.613802241359929,1.564500197,1.8614011598102718,1.818723254852997,2.009761806223789,1.6282896402600002
Mol1276,0.95927995,2,1.613802241359929,1.564500197,1.644505876083146,1.1343000769562117,1.7075366916499464,1.56256679738
Mol1277,2.900555555,0,1.6038924168470172,1.554755591,1.6622143235845224,1.7655565830745528,1.7309106960379514,1.7004029652800006
Mol1278,1.667069858,4,1.6207589439737913,1.56944414,1.5169598826494697,1.8142444418638277,1.4621765471915966,1.707888814279999
Mol1280,1.575834185,4,1.6207589439737913,1.56944414,1.3260647496755196,1.555850294934248,1.4046048151874098,1.6240720589999995
Mol1281,2.128396037,2,1.613802241359929,1.564500197,1.9347224465863135,1.5591742821880523,2.0382812771707175,1.608179500270001
Mol1282,2.031913164,2,1.613802241359929,1.564500197,1.5684647944364063,1.6279987276696506,1.4535230417078495,1.7027761442400007
Mol1283,1.273834318,4,1.6207589439737913,1.56944414,1.548569566236658,1.7972629724782985,1.6724633510854259,1.5918811841700002
Mol1284,0.796851749,4,1.6207589439737913,1.56944414,1.4657698843569684,1.8555639683991407,1.0822239461320313,1.6901304075999997
Mol1285,2.27956657,2,1.613802241359929,1.564500197,1.7016130379077241,1.8593346800761714,1.8957183246290155,2.01487479119
Mol1286,2.765215401,0,1.6038924168470172,1.554755591,1.804225516948613,2.126514266996069,1.4949586676020283,1.70074181171
Mol1287,0.688686724,0,1.6038924168470172,1.554755591,1.6413335317735092,1.941459560338925,1.678050480059896,1.56991739553
Mol1288,1.579360525,1,1.6073212362991152,1.554695053,1.7828327123474945,0.6962262803506376,1.5227867681871468,1.2974666518600002
Mol1292,1.301160264,1,1.6073212362991152,1.554695053,1.5291495592336362,1.2743866565840993,1.5013013012138976,1.30735914437
Mol1294,1.651054993,1,1.6073212362991152,1.554695053,1.538324842839555,1.8800688544050925,1.3644031089432451,1.71621697133
Mol1295,1.46265251,4,1.6207589439737913,1.56944414,1.5494984480312994,1.2569567431477924,1.490853394380038,1.5421501023500006
Mol1296,0.710202015,3,1.6039384107940662,1.562506984,1.7030740625919185,2.139343965426611,1.7503901522227747,1.7062585547899998
Mol1298,0.964118143,3,1.6039384107940662,1.562506984,1.3995240826202837,1.4622322191919128,1.3085859139134601,1.477215441579999
Mol1299,1.978769224,4,1.6207589439737913,1.56944414,1.5412281764509634,1.580405751243272,1.4224770771320476,1.5459833854399987
Mol1300,2.028611915,0,1.6038924168470172,1.554755591,1.5627197841203642,2.1641648554860993,1.499896260421639,1.6965792701100002
Mol1301,2.313316625,1,1.6073212362991152,1.554695053,1.8763168170736475,2.1093655129520674,2.0547190872391194,1.6863870820399995
Mol1302,1.375864714,0,1.6038924168470172,1.554755591,1.7213713789858356,1.403050005768747,1.7155742140775354,1.6619879994600004
Mol1303,2.48007884,2,1.613802241359929,1.564500197,1.7943946955184225,1.781744659437942,1.7403160410358733,1.8526825614200004
Mol1304,2.479295959,1,1.6073212362991152,1.554695053,1.6588736608369228,1.5744799518373624,1.7046669247011956,1.5673595296599998
Mol1305,1.36398783,3,1.6039384107940662,1.562506984,1.3662524045030329,1.655201979819247,1.5145666024162892,1.5734590684199998
Mol1306,0.874249823,3,1.6039384107940662,1.562506984,1.3215373949464961,1.4189140688207316,1.6127327894923684,1.7046079140300008
Mol1307,1.34964657,1,1.6073212362991152,1.554695053,1.6181785950559793,1.858527211256104,1.421467633380945,1.411214458089999
Mol1308,2.390396318,3,1.6039384107940662,1.562506984,1.9245616400448053,1.6776902246828127,1.891406217411101,1.68140919531
Mol1309,1.451939869,2,1.613802241359929,1.564500197,1.6231068235703818,1.6438880307367674,1.745045250913416,1.6071421201200005
Mol1310,1.966118257,3,1.6039384107940662,1.562506984,1.5952904955084288,2.164633882576192,1.6480339403149458,2.00384310948
Mol1311,2.368508161,4,1.6207589439737913,1.56944414,1.7850907881417966,1.8459864966337922,2.148730028059239,1.63399957962
Mol1312,1.141857223,4,1.6207589439737913,1.56944414,1.7153962993904428,1.4622938613253822,1.7363408277347643,1.41050585052
Mol1314,0.849235091,2,1.613802241359929,1.564500197,1.287437119078869,1.132618194723583,1.35001606800071,1.25254358254
Mol1315,1.850480817,2,1.613802241359929,1.564500197,1.4115062253072868,1.2820339691537603,1.6789223598833534,1.5900454637400006
Mol1316,2.104353935,3,1.6039384107940662,1.562506984,1.8478295115047254,1.9450143659351045,1.7583992892599463,1.6412576296600005
Mol1317,2.017467417,2,1.613802241359929,1.564500197,1.6979730529854267,1.5016904653759922,1.6609729931139785,1.6648616702499999
Mol1320,0.891035415,2,1.613802241359929,1.564500197,2.0276458513344173,2.2929724020974014,1.6972254569368344,1.6527304324300003
Mol1323,2.595662633,0,1.6038924168470172,1.554755591,1.3241616082382235,1.2971256813918817,1.301872114990542,1.3877340673599996
Mol1326,1.4954472,0,1.6038924168470172,1.554755591,1.7345348573821486,1.5188862360212572,1.7142487836764828,1.5556276766399997
Mol1329,1.167524092,0,1.6038924168470172,1.554755591,1.4721323977039331,1.8283755638165418,1.2667819235337099,1.5228247481400012
Mol1331,1.337559088,2,1.613802241359929,1.564500197,1.6670874507727143,1.6849097898618322,1.5983554824519095,1.7084366379800002
Mol1333,2.421791423,3,1.6039384107940662,1.562506984,1.9206463983594644,2.1973432315601613,1.8373428665314557,1.9056775124899994
Mol1334,1.599162287,1,1.6073212362991152,1.554695053,1.2627429754242823,1.2740132544487885,1.2398025925889882,1.5780083304500008
Mol1336,2.067691896,3,1.6039384107940662,1.562506984,1.5598818217845671,1.9472323270863081,1.5319623423476907,1.820573049500001
Mol1338,1.453914321,2,1.613802241359929,1.564500197,1.3973606533551453,1.3563269032055125,1.48195776515055,1.6283718354699992
Mol1342,1.526261718,2,1.613802241359929,1.564500197,1.064701977166237,1.7320420213187697,1.410958962394159,1.6588018826200013
Mol1343,1.861456745,0,1.6038924168470172,1.554755591,1.69350157044198,1.7416960811645124,1.7585381879304771,1.6817900023700003
Mol1344,2.426057211,4,1.6207589439737913,1.56944414,2.0263790902969734,2.1680921166050418,1.9184804839083562,1.5961503670700008
Mol1345,0.866582677,2,1.613802241359929,1.564500197,1.2513332529098307,1.184252486699691,1.390605054378335,1.4392480617699994
Mol1346,1.950433012,4,1.6207589439737913,1.56944414,1.7296664055928783,1.9326097263125315,2.2127564237730506,1.8740567174
Mol1347,2.983717827,3,1.6039384107940662,1.562506984,1.9799326949987506,2.3453684381185473,2.0684865005946014,1.6440585830099994
Mol1348,1.620500418,4,1.6207589439737913,1.56944414,1.6275545409803716,1.4012185829384047,1.707247355259894,1.4089953423500006
Mol1350,2.878301145,2,1.613802241359929,1.564500197,1.8257006411243069,2.3911396372445117,1.9569266879108633,1.69965883276
Mol1352,1.94849121,2,1.613802241359929,1.564500197,1.5162098744670125,1.1164667731346032,1.3864865585106643,1.5352049344500003
Mol1353,1.183298321,1,1.6073212362991152,1.554695053,1.5906764766766426,1.7659817201249945,1.5249347795872383,1.6742981411799993
Mol1354,1.041984501,1,1.6073212362991152,1.554695053,1.4959634422326258,1.4654888601101395,1.4516452705290408,1.5657167686600006
Mol1355,1.064570292,3,1.6039384107940662,1.562506984,1.6715720854307892,1.4765379581905187,1.7614432993459712,1.5829065194200005
Mol1357,1.956437379,1,1.6073212362991152,1.554695053,1.6923434246618487,1.6294871356598501,1.6617467986346295,1.4411628217000003
Mol1358,1.429461577,4,1.6207589439737913,1.56944414,1.6837629049334957,1.5583993125526663,1.5390976302822272,1.4021283595000005
Mol1360,1.426576319,0,1.6038924168470172,1.554755591,1.6351911861945354,1.3229918928118278,1.6107418499982546,1.7002477968900007
Mol1361,1.792013268,0,1.6038924168470172,1.554755591,1.4635681229899595,1.288622122892952,1.2672958105754852,1.3562021475300003
Mol1362,0.706973676,0,1.6038924168470172,1.554755591,1.2158185861571793,1.2299768559714246,1.1497174194637603,1.5126676209000005
Mol1363,1.835956773,1,1.6073212362991152,1.554695053,1.5819793557086217,1.5881886735824504,1.5216498207874787,1.3213308262300003
Mol1364,1.204092838,2,1.613802241359929,1.564500197,1.3865639842484776,1.2712913894863334,1.3066718239861101,1.4007471518500005
Mol1365,0.847202364,0,1.6038924168470172,1.554755591,1.5593877927179962,1.3779297527412737,1.4927774732517982,1.6740952762100003
Mol1366,1.733526273,1,1.6073212362991152,1.554695053,1.5227503256834978,1.8362482523656816,1.710704257524007,1.8832977852500001
Mol1367,1.332458659,3,1.6039384107940662,1.562506984,1.669141552364251,1.0814017194856593,1.6087993080138465,1.1963058734299998
Mol1368,1.121231455,2,1.613802241359929,1.564500197,1.515134021296593,1.7889968107776142,1.5934070150372628,1.6461584737799995
Mol1370,1.345059906,2,1.613802241359929,1.564500197,1.5784015843572996,1.692523234848134,1.5786858029332353,1.4834068130599996
Mol1371,1.063971007,1,1.6073212362991152,1.554695053,1.4333018017737338,1.1534803722927023,1.498304479355162,1.1664866466
Mol1373,0.720985744,3,1.6039384107940662,1.562506984,1.2939628812660597,1.025331337280175,1.0789869823308291,1.4020750314000006
Mol1375,1.988487609,2,1.613802241359929,1.564500197,1.5438687391670027,1.8870756467608993,1.5981523942639566,1.7326711886200008
Mol1377,0.941262909,1,1.6073212362991152,1.554695053,1.5389529600757872,1.6055517939496233,1.6870043509104582,1.5127448525300002
Mol1378,0.856003454,4,1.6207589439737913,1.56944414,1.2161459652448117,1.5436229154219352,1.0372174234720866,1.3154134284199994
Mol1382,0.965342836,0,1.6038924168470172,1.554755591,1.291127361368357,1.02615058154651,1.2345861997213794,1.3493353352800015
Mol1385,1.611500263,4,1.6207589439737913,1.56944414,1.5743034201348896,1.7535311437862307,1.475990744921111,1.68853969425
Mol1386,1.2999429,4,1.6207589439737913,1.56944414,1.4885773018446589,1.7571954858474816,1.5095904823399358,1.4563526531100002
Mol1387,2.357904369,0,1.6038924168470172,1.554755591,1.706649661095327,1.6096892200742574,1.7959100969244686,1.5428159636600003
Mol1388,2.223900713,3,1.6039384107940662,1.562506984,1.7719195456099905,1.8455063791334312,1.843771411851833,1.49808241216
Mol1389,1.190135521,2,1.613802241359929,1.564500197,1.4148749255997592,1.3073024596790552,1.590742660320669,1.6671909229300004
Mol1391,2.288186604,4,1.6207589439737913,1.56944414,1.543791281360379,1.786644498202365,1.3799782238416878,1.6311918086500001
Mol1393,2.174678956,4,1.6207589439737913,1.56944414,1.661112201235375,1.5188500350311298,1.8706794761874124,1.5310791714600012
Mol1395,1.341474094,0,1.6038924168470172,1.554755591,1.6933849758766129,1.908865731933187,1.8443613875341667,1.8138863122800004
Mol1396,1.746634199,4,1.6207589439737913,1.56944414,1.3929396321020282,1.4318215310277884,1.3134204618147185,1.2953844317200003
Mol1398,0.877486528,4,1.6207589439737913,1.56944414,1.5584393561112075,1.8258518145876717,1.3275603430920528,1.7326682877900004
Mol1400,1.66738757,3,1.6039384107940662,1.562506984,1.810453220203237,2.0330881241261847,1.9634086526790475,1.5205450775000002
Mol1401,1.985201858,4,1.6207589439737913,1.56944414,1.6578938656551345,1.5627292135159128,1.681188889495958,1.66119860525
Mol1402,1.847270275,3,1.6039384107940662,1.562506984,1.513259616922804,1.3886686377312591,1.5966482272317482,1.4391530688600005
Mol1403,1.007064656,1,1.6073212362991152,1.554695053,1.602313936993979,2.2936153139019773,1.6471010809733422,1.722460547920001
Mol1404,2.341915049,2,1.613802241359929,1.564500197,1.796063172632925,1.5482516882966721,2.0757604153763425,1.5559157681100004
Mol1407,1.834516073,2,1.613802241359929,1.564500197,1.7947211644300483,2.1606021267455673,1.4500432139285335,2.013131949930001
Mol1409,2.024419985,1,1.6073212362991152,1.554695053,1.7315672366097583,1.6909585987940035,1.9741161497875235,1.3338755105600006
Mol1410,1.221153322,2,1.613802241359929,1.564500197,1.3771153888699958,1.0600122953894995,1.2853072282741556,1.3380339310300005
Mol1411,1.454600977,1,1.6073212362991152,1.554695053,1.4612643423295666,1.1039121764590771,1.41969528281,1.30988179941
Mol1412,1.108192805,3,1.6039384107940662,1.562506984,1.560256986982787,1.6292457130192701,1.417141404504876,1.7708555930900007
Mol1413,1.553118092,4,1.6207589439737913,1.56944414,1.3648448152170356,1.4697042249713483,1.5291160492155453,1.7014526016999998
Mol1414,1.964019075,1,1.6073212362991152,1.554695053,1.9234571257739659,2.005301652729617,1.893567518348854,1.9848768619599992
Mol1415,2.48279929,4,1.6207589439737913,1.56944414,1.7693071617949732,1.1511422700865173,1.8903361473326823,1.4084372962599994
Mol1416,1.851252232,4,1.6207589439737913,1.56944414,1.5581448475422472,1.3058897814511872,1.752202696167415,1.64130407193
Mol1417,2.747507358,4,1.6207589439737913,1.56944414,1.667359393190512,2.009460329285984,1.875955929064313,1.8311044594100006
Mol1419,1.870626263,4,1.6207589439737913,1.56944414,1.6613987868347695,1.8757395992746102,1.8015143881029527,1.8212540883899997
Mol1420,1.915083102,0,1.6038924168470172,1.554755591,1.727565386287718,2.0397445605425837,1.606532781724135,1.670104581810001
Mol1421,1.945350394,4,1.6207589439737913,1.56944414,1.4396907738111335,1.4270501225906025,1.471824697384565,1.3520714795500004
Mol1422,2.057434063,2,1.613802241359929,1.564500197,1.5954735059130198,1.2395803620967591,1.6776187809001042,1.5561721149200007
Mol1423,1.030721129,1,1.6073212362991152,1.554695053,1.4319857511021454,0.9291737981693291,1.4258164538157356,1.3291694655800004
Mol1425,1.173696047,0,1.6038924168470172,1.554755591,1.5894895359935783,1.5984531446101418,1.557246770872362,1.6468665047800002
Mol1426,0.893428842,4,1.6207589439737913,1.56944414,1.5434199687372046,1.2780397025732932,1.4232469700327022,1.36457741663
Mol1427,2.711798796,1,1.6073212362991152,1.554695053,1.7072419232619114,2.228911710972276,1.50694994975393,1.7259634172999996
Mol1428,1.735023717,4,1.6207589439737913,1.56944414,1.6617071447327225,2.1022852042151094,1.7330054621369297,1.7545473896200006
Mol1430,1.890180609,3,1.6039384107940662,1.562506984,1.6453402678151208,1.6523805193535752,1.5561188564347084,1.5658256370799999
Mol1431,1.9259718,4,1.6207589439737913,1.56944414,1.4791739303811087,1.5813485193509131,1.438628285702559,1.6977991225899998
Mol1432,2.10850752,3,1.6039384107940662,1.562506984,1.6740375130161433,1.7347776973359808,1.5712654129494665,1.4274253167300006
Mol1434,1.552510041,1,1.6073212362991152,1.554695053,1.632702154602319,1.5134192678206577,1.647985209655443,1.3569360580200007
Mol1435,1.377615831,3,1.6039384107940662,1.562506984,1.5765730409450491,1.3055538077829643,1.5583400464473767,1.48618295022
Mol1438,1.945872163,4,1.6207589439737913,1.56944414,1.4541835448942286,1.421885171987439,1.4956425474609045,1.3997685858100002
Mol1439,1.430671559,0,1.6038924168470172,1.554755591,1.4196111308706083,2.039730095321885,1.5280913857505762,1.7199108087500001
Mol1440,1.212400703,2,1.613802241359929,1.564500197,1.5683057196859633,1.5054184393152499,1.405612959359522,1.311504197449999
Mol1441,1.257318513,4,1.6207589439737913,1.56944414,1.6470606739772808,1.836574081011458,1.720584518329496,1.6097797403900003
Mol1442,1.018034403,3,1.6039384107940662,1.562506984,1.5909815329993606,2.0057301464002526,1.6334102697623327,1.7252159403600005
Mol1444,1.493234921,1,1.6073212362991152,1.554695053,1.5827024644785819,1.709645227536983,1.5758138400606243,1.5299381859299996
Mol1446,1.269419538,0,1.6038924168470172,1.554755591,1.549774173689149,2.0305403701367357,1.4236160140723728,1.9902085642199998
Mol1448,1.692406235,2,1.613802241359929,1.564500197,1.881767946222553,2.048531033281753,1.860829856606887,1.7762346939899993
Mol1449,0.825361196,4,1.6207589439737913,1.56944414,1.5067356231163573,1.7536170066732204,1.3276477853439022,1.285405726860001
Mol1451,0.860697274,1,1.6073212362991152,1.554695053,1.4413541899859854,1.390360972598625,1.4365807893458618,1.2234129909800011
Mol1452,0.895864351,2,1.613802241359929,1.564500197,1.636251170959447,1.7142942145862312,1.6512453674827239,1.6255058406100003
Mol1453,2.408097439,3,1.6039384107940662,1.562506984,1.6651923554407568,2.1704010767575945,1.7370038626231932,1.7953571408399998
Mol1455,0.964306782,4,1.6207589439737913,1.56944414,1.6163177351952007,1.951857950313436,1.5208710845782565,1.84966105401
Mol1456,2.046417117,2,1.613802241359929,1.564500197,1.5051479410899187,1.3753822675549638,1.5270272532298739,1.4837811681599995
Mol1457,1.936523795,2,1.613802241359929,1.564500197,1.5770164100247366,2.2393726355835586,1.6032599946244672,1.63985341044
Mol1459,1.09805504,4,1.6207589439737913,1.56944414,1.4432377679388164,1.3523186128910725,1.5916909904550431,1.4564115565800002
Mol1460,0.962132469,1,1.6073212362991152,1.554695053,1.8936321648002448,1.24430014883164,1.6463732389887087,1.3733091670800002
Mol1461,1.28316549,4,1.6207589439737913,1.56944414,1.4007409795081442,1.283197804578233,1.3088733086844886,1.6141138439300002
Mol1462,0.695569227,3,1.6039384107940662,1.562506984,2.029918544548069,1.6648030186494873,1.7046099792764537,1.5834829042800005
Mol1463,1.165184952,2,1.613802241359929,1.564500197,1.9909903383529346,1.7091988510775098,2.340068496752136,1.8360534631699994
Mol1464,1.924899264,0,1.6038924168470172,1.554755591,1.4213122357439647,1.5208082639464615,1.5848754262903113,1.5871727185800009
Mol1466,1.775464809,3,1.6039384107940662,1.562506984,1.658903135411234,1.5765547340645272,1.6944374082860878,1.9505122371899986
Mol1467,2.968260608,0,1.6038924168470172,1.554755591,2.0170350999923747,2.0309829177592986,2.052640064101373,1.77843847847
Mol1468,1.95800453,4,1.6207589439737913,1.56944414,1.7505552717560908,1.9220269497356401,2.0977912100652003,1.7195368276499994
Mol1469,1.334534169,2,1.613802241359929,1.564500197,1.646159985040515,1.605542621711711,1.6165576227964187,1.4268345794900004
Mol1471,1.590016582,3,1.6039384107940662,1.562506984,1.6743865251586119,1.9599326704847728,1.6315022376091017,1.8072271285900003
Mol1474,1.794104471,2,1.613802241359929,1.564500197,1.6140953314315567,1.9726064023294045,1.630702351159616,1.75345520352
Mol1475,1.655032731,3,1.6039384107940662,1.562506984,1.7164513800574532,1.7912954159592438,1.67409009010256,1.4930993365999998
Mol1477,1.50370899,1,1.6073212362991152,1.554695053,2.0963903619690454,1.907722166933,2.3055122512327237,1.5338900542700002
Mol1479,1.173739714,2,1.613802241359929,1.564500197,1.6242509534889495,1.5660589001770666,1.7015942894924434,1.5918488122699994
Mol1480,1.518105775,2,1.613802241359929,1.564500197,1.4547093161275828,1.9561398391544125,1.3665893266654419,1.7260574640200002
Mol1481,0.767601068,2,1.613802241359929,1.564500197,1.3603886789279969,1.5617225330715718,1.4936227780614093,1.5142829401100002
Mol1482,1.005952287,1,1.6073212362991152,1.554695053,1.60719585668972,1.7051184986582781,1.6281469742592274,1.4101100578299997
Mol1483,1.396948687,1,1.6073212362991152,1.554695053,1.5670194397498707,1.218637622115612,1.6584924105851448,1.4214295027700001
Mol1486,2.303548104,2,1.613802241359929,1.564500197,1.412282719499924,1.6752537302988424,1.5837790557983202,1.619707692620001
Mol1488,1.122936373,2,1.613802241359929,1.564500197,1.9064082470688302,1.9386751001310476,2.0387574122638705,1.8072736559799991
Mol1490,1.319647288,1,1.6073212362991152,1.554695053,1.6137582561772994,2.1699017163668963,1.668185456159256,1.8286093422399994
Mol1492,2.314783332,1,1.6073212362991152,1.554695053,1.6197638601995112,1.742806104504845,1.5326271089781918,1.4983741287899994
Mol1493,1.120178938,1,1.6073212362991152,1.554695053,1.6626130483169888,2.110118724505971,1.459539042126441,1.6971678168700006
Mol1494,1.284543523,3,1.6039384107940662,1.562506984,1.4404558804266228,1.7734877568772571,1.566588796005914,1.6881920371600003
Mol1496,0.718335579,0,1.6038924168470172,1.554755591,1.4113113738288696,1.5019456899328756,1.469180654726962,1.81925449047
Mol1497,1.388633969,1,1.6073212362991152,1.554695053,1.626949101370842,1.2868383477108596,1.772353980636274,1.4320284268100003
Mol1498,1.532053339,0,1.6038924168470172,1.554755591,1.4800009833288623,2.001172613167328,1.5755988321815904,1.5638477491899996
Mol1499,2.220850463,1,1.6073212362991152,1.554695053,1.752631745061562,1.9939300040549601,1.5636784823570062,1.81323597851
Mol1500,0.845903839,4,1.6207589439737913,1.56944414,1.3043938691197847,1.5167331542088482,1.6515944847712825,1.6267553991100003
Mol1503,1.13001195,4,1.6207589439737913,1.56944414,1.6395516538564991,1.2187512451760862,1.2853677085908117,1.5222265804700001
Mol1504,1.883553558,4,1.6207589439737913,1.56944414,1.8962285826017762,1.9275561238643935,2.166808210859776,1.5912804099900004
Mol1505,2.831694486,4,1.6207589439737913,1.56944414,2.131938129014653,1.562549377075389,1.863987790281192,1.5569795098099999
Mol1506,2.20751319,0,1.6038924168470172,1.554755591,1.8488717670240287,1.8462170046174498,1.9671775846424822,1.7792980435200005
Mol1507,1.176178109,0,1.6038924168470172,1.554755591,1.523688752427294,1.550094967205552,1.5435582728752868,1.5178730639400002
Mol1508,0.990027899,0,1.6038924168470172,1.554755591,1.4945044724343692,1.014269945035686,1.4140600078971561,1.4075661870900007
Mol1510,1.876950671,2,1.613802241359929,1.564500197,1.6189237535107435,1.863544217760574,1.5860138535259247,1.7793197916200003
Mol1512,1.826541257,0,1.6038924168470172,1.554755591,1.4400786966622867,1.5451350933596997,1.6753577446018082,1.5773866398200003
Mol1514,1.152013,4,1.6207589439737913,1.56944414,1.6159138259726764,1.4141508990540348,1.6871343891014836,1.5088251295799997
Mol1515,1.269676358,4,1.6207589439737913,1.56944414,1.5629750548487475,1.2522057075484476,1.4119638344632515,1.3591604411000002
Mol1517,2.216862327,1,1.6073212362991152,1.554695053,1.6999502700811266,1.8164491898309227,1.5875247864563786,1.6543433499799993
Mol1518,1.646717325,4,1.6207589439737913,1.56944414,1.5867461309614461,0.6980804485507444,2.0320869227918417,1.4529892083099998
Mol1519,1.53058386,3,1.6039384107940662,1.562506984,1.7518986946122888,1.7758880872233065,1.7626991577872642,1.41112141928
Mol1521,2.512513633,0,1.6038924168470172,1.554755591,1.7338411946470897,1.6668587197976974,1.933435073694915,1.42659617081
Mol1522,1.748823493,4,1.6207589439737913,1.56944414,1.5939676956485977,1.0486025721230918,1.593555328793485,1.5880902170100004
Mol1523,1.00548081,1,1.6073212362991152,1.554695053,1.3542575780643276,1.7339904910495167,1.3140231962696303,1.6025201745700004
Mol1524,1.435939875,4,1.6207589439737913,1.56944414,1.3461597127543972,0.9082554294135535,1.2279440445600889,1.3554661039000004
Mol1525,1.380102655,0,1.6038924168470172,1.554755591,1.5898050852861898,1.819905718250928,1.637247868819202,1.4913302979
Mol1526,1.264274615,4,1.6207589439737913,1.56944414,1.6917137196297796,1.2170092723633086,1.6823896961818603,1.49202743188
Mol1527,1.910592392,2,1.613802241359929,1.564500197,1.874719323688674,2.0083704437717995,1.700943347608979,2.2536503323199972
Mol1529,1.081563321,3,1.6039384107940662,1.562506984,1.5412926044383701,1.5689636474331614,1.4758623765215162,1.4828139274700007
Mol1530,1.791360769,2,1.613802241359929,1.564500197,1.6879452799405268,1.676156288050646,1.5959530751098105,1.6067257678199995
Mol1531,1.079868335,4,1.6207589439737913,1.56944414,1.5091076944093733,1.435882909344487,1.4596818668392726,1.4743000547300003
Mol1532,2.338143609,4,1.6207589439737913,1.56944414,1.9351093295656632,2.3274324509897024,2.0185085612127485,2.0562286221400012
Mol1534,0.893095666,0,1.6038924168470172,1.554755591,1.5700985667718108,1.1120356380123062,1.4333228739604107,1.33460626904
Mol1535,1.814560548,0,1.6038924168470172,1.554755591,1.7897631218122758,1.9108769503954295,1.8402344322660833,1.6402870167300012
Mol1536,0.944482672,3,1.6039384107940662,1.562506984,1.3563734007892343,1.0868167658142607,1.4543156545694935,1.4666393769000003
Mol1538,1.091948191,3,1.6039384107940662,1.562506984,1.5351618178148854,1.465044720557084,1.791222831297421,1.7137008094200008
Mol1540,1.456487497,0,1.6038924168470172,1.554755591,1.6639999816568618,1.7531816589733245,1.6667717379983358,1.7552759523099999
Mol1541,1.056981037,0,1.6038924168470172,1.554755591,1.5600971628487017,1.0922361656518977,1.3822965619564693,1.3061692685800004
Mol1542,1.440121603,2,1.613802241359929,1.564500197,1.486875722297406,1.6102426330242912,1.3196118164017563,1.6395633726999999
Mol1543,2.047734236,0,1.6038924168470172,1.554755591,1.706204157854759,1.7307634987121827,1.6365900373625082,1.7677574211400005
Mol1544,0.678154038,3,1.6039384107940662,1.562506984,1.5860969946653647,1.1617096091197652,1.4529882346908372,1.4555992071799992
Mol1545,1.639685661,1,1.6073212362991152,1.554695053,1.5811209794420076,0.9474872585941205,1.635445042843633,1.3378935511600007
Mol1546,0.913548958,0,1.6038924168470172,1.554755591,1.6951652699668631,1.442646097849344,1.7281997496172639,1.3716546137200003
Mol1547,1.554864538,3,1.6039384107940662,1.562506984,1.48704463973976,1.4760540831834021,1.5914192867613042,1.47026352795
Mol1549,1.687493289,3,1.6039384107940662,1.562506984,1.6104418098378592,1.38380593140956,1.4512426683044461,1.7280976403399995
Mol1550,1.775828814,3,1.6039384107940662,1.562506984,1.530761577571185,1.3799961382777917,1.6368337835582323,1.4698770644899997
Mol1554,2.077560479,3,1.6039384107940662,1.562506984,1.8080342390149937,1.8128896386097928,1.9163690258523869,1.5528150020500002
Mol1555,1.64229631,0,1.6038924168470172,1.554755591,1.5751758767597575,1.8550150691224805,1.5597118699308117,1.6849983291100004
Mol1556,1.195124423,3,1.6039384107940662,1.562506984,1.4369094841301933,1.4519082887786845,1.4063158075830358,1.541237468110001
Mol1557,1.420137355,2,1.613802241359929,1.564500197,1.3576954936809815,1.51899541432046,1.3215593166081947,1.5357696490599995
Mol1558,2.085358376,4,1.6207589439737913,1.56944414,1.7248171809088753,1.5407663762479669,1.8318106301386559,1.6597321283699995
Mol1559,1.255730685,0,1.6038924168470172,1.554755591,1.5932549198773853,1.6001127178532002,1.5377287524276404,1.5940913274000004
Mol1560,1.893900404,3,1.6039384107940662,1.562506984,1.7904758405579064,1.6224536361001567,1.5072821568940429,1.7240259311800008
Mol1561,1.151001908,0,1.6038924168470172,1.554755591,1.5382464892924281,1.7716817180851558,1.7385687914227166,1.7049275057799997
Mol1563,1.05514889,0,1.6038924168470172,1.554755591,1.67006546506046,1.3667823825713317,1.612363915020766,1.27463508119
Mol1564,1.018284308,4,1.6207589439737913,1.56944414,1.6749418324635952,1.6883669310017388,1.47947652878641,1.8245940354999997
Mol1565,1.731274412,4,1.6207589439737913,1.56944414,1.4427908215564242,1.371740341600129,1.5734725643129364,1.6578216348499994
Mol1566,1.403566603,0,1.6038924168470172,1.554755591,1.6205611597485192,1.5236068468133264,1.6600512821966817,1.5808448763300005
Mol1567,2.092134408,0,1.6038924168470172,1.554755591,1.5680486303727876,1.1631772759784433,1.4630236908257839,1.4214482937400004
Mol1568,2.666785588,0,1.6038924168470172,1.554755591,1.740469211796512,2.197535696766586,1.9137788218179566,1.5945212555299997
Mol1569,1.315823458,2,1.613802241359929,1.564500197,1.782528816696502,1.7003888967696503,1.6909922973719793,1.4380477095299995
Mol1570,1.619166403,0,1.6038924168470172,1.554755591,1.6315525894578016,1.1337733217471455,1.6895703800543829,1.36439129665
Mol1571,2.845170003,3,1.6039384107940662,1.562506984,2.0307235483254615,1.6405581725120528,2.0398325163223836,1.6038110312699998
Mol1573,1.10561236,0,1.6038924168470172,1.554755591,1.4515981883378468,1.7127852015906275,1.5873592315524752,1.60408320011
Mol1574,1.986883651,0,1.6038924168470172,1.554755591,1.7017811571354013,1.383682324419551,1.6745316002329076,1.383390535730001
Mol1578,0.92251786,2,1.613802241359929,1.564500197,1.3998818458292437,1.7659322027643856,1.3615284259727776,1.4736492889700008
Mol1579,1.832221417,3,1.6039384107940662,1.562506984,1.6111818087038696,1.5857413896396595,1.6987352245597915,1.4846899680099996
Mol1583,2.532381056,1,1.6073212362991152,1.554695053,1.8383953872105854,1.4046264788451304,1.8941293238904038,1.7458826447599987
Mol1584,1.724922732,3,1.6039384107940662,1.562506984,1.5815719441705929,1.9616683277644094,1.6016668351148282,1.8606735543400015
Mol1585,1.469100046,4,1.6207589439737913,1.56944414,1.4762305608143687,1.613377342005354,1.5119637549463858,1.64211724722
Mol1587,1.145755624,0,1.6038924168470172,1.554755591,1.2436970359448127,1.2124026033952144,1.1649206280658384,1.4753448551200001
Mol1588,1.148787684,3,1.6039384107940662,1.562506984,1.450245156613599,1.2049448287833635,1.4013810749137812,1.47418412029
Mol1589,1.122903649,1,1.6073212362991152,1.554695053,1.642206895300611,1.644880464965203,1.677668462965717,1.5922316361199995
Mol1590,2.008306285,0,1.6038924168470172,1.554755591,1.2789764766431464,1.9692912700385148,1.5989147408298297,1.6112273964400003
Mol1591,1.25224605,1,1.6073212362991152,1.554695053,1.5900116425310673,1.9200194969676492,1.663672718341096,1.4160555656600002
Mol1594,1.084540532,2,1.613802241359929,1.564500197,1.2296579349688639,1.5883718773769502,1.0561708011081559,1.4787796354799994
Mol1595,1.056447458,3,1.6039384107940662,1.562506984,1.6381819171891192,1.6698979457654592,1.6844525440574778,1.64117564471
Mol1597,1.176264942,4,1.6207589439737913,1.56944414,1.7036623577259147,1.3419391913450915,1.7739930139364377,1.6335377155699995
Mol1598,1.52170021,0,1.6038924168470172,1.554755591,1.5496448052928407,2.133281286927779,1.7643412908883773,1.7758509505000004
Mol1599,1.105135338,3,1.6039384107940662,1.562506984,1.4302499968482365,1.681274710657069,1.3261605668080725,1.4029384338300008
Mol1600,1.125416198,4,1.6207589439737913,1.56944414,1.484177153197364,1.6042248038239624,1.4909514747921733,1.5589909691000006
Mol1601,1.700894004,4,1.6207589439737913,1.56944414,1.695688452612425,1.4953012734220776,1.7098769999165537,1.5679193529999997
Mol1602,1.545059585,2,1.613802241359929,1.564500197,1.8337757358871611,1.9466420693274142,1.902751450517628,2.1126884063399998
Mol1603,2.728081755,0,1.6038924168470172,1.554755591,1.6608705136798492,1.7789042408673092,1.5591390804333904,1.3918256295899991
Mol1604,1.477237051,1,1.6073212362991152,1.554695053,1.7437402123632202,1.745921732459227,1.5373938778144995,1.6244233587499988
Mol1605,1.409611931,3,1.6039384107940662,1.562506984,1.2613191247455704,1.2897970983713605,1.1570035739592817,1.3090611786499995
Mol1607,2.892379028,0,1.6038924168470172,1.554755591,1.941284712026745,2.018319413904208,2.1482184437075116,1.7646902544
Mol1610,0.970579306,0,1.6038924168470172,1.554755591,1.613031649965278,1.7691532803662788,1.368486490897155,1.60166688396
Mol1613,2.258919698,1,1.6073212362991152,1.554695053,1.6918138506197038,1.7341986580699524,1.5934837526154373,1.68639676545
Mol1614,2.356002898,3,1.6039384107940662,1.562506984,1.9141595351527312,1.5930472966016982,2.084814189632539,1.4160298165100005
Mol1616,0.838786145,1,1.6073212362991152,1.554695053,1.7622088285980437,1.6352680120122876,1.8883978471767129,1.50324824306
Mol1617,1.235149536,4,1.6207589439737913,1.56944414,1.56329895792151,1.6364730014826365,1.5855637991333598,1.5594372612100003
Mol1618,2.243283666,4,1.6207589439737913,1.56944414,1.9920172263132987,2.1203339585422802,1.916788541042562,1.9802565761600008
Mol1619,1.837158981,2,1.613802241359929,1.564500197,1.6159575439006608,1.26227328988476,1.5437504575830325,1.4222652870399997
Mol1621,2.17858274,0,1.6038924168470172,1.554755591,1.8393765958098245,2.6091395081562894,1.9110564125245915,1.7930559492499998
Mol1625,1.224351745,0,1.6038924168470172,1.554755591,1.6776358427763554,1.438448399397861,1.7277869056585629,1.6987218536899997
Mol1627,2.197440459,2,1.613802241359929,1.564500197,1.3209771912956474,0.7911890481639511,1.249002116940085,1.564681454260001
Mol1628,0.71858472,0,1.6038924168470172,1.554755591,1.6920443603707505,1.4769656207680657,1.7459308559922806,1.5756335106699992
Mol1629,1.99830294,0,1.6038924168470172,1.554755591,1.5000796819134903,1.9004142259826753,1.4973906804660513,1.6861404629100007
Mol1630,2.005386453,0,1.6038924168470172,1.554755591,1.7167192539423592,1.7517972129717,2.0445536966689737,1.5344909534199997
Mol1631,2.255783707,1,1.6073212362991152,1.554695053,1.5961514827818921,2.0632192912484575,1.6559999900228624,1.7868676853900005
Mol1633,1.550680762,4,1.6207589439737913,1.56944414,0.8012495966730446,0.8549870073594703,1.4769899473311126,1.347437473039999
Mol1635,0.951386095,2,1.613802241359929,1.564500197,1.482809356603967,1.4384741204925238,1.5074633743367527,1.4433875733100008
Mol1637,1.4925369,4,1.6207589439737913,1.56944414,2.51637531688378,1.5843630692450517,2.6556712228249935,1.61225848686
Mol1638,1.444934344,2,1.613802241359929,1.564500197,1.6836399966164082,2.031750417338589,1.9332726854628737,2.03035905988
Mol1639,1.759176625,2,1.613802241359929,1.564500197,1.6804690959072872,1.1830335015030893,1.6511936410355377,1.5283821715399994
Mol1641,1.466897264,1,1.6073212362991152,1.554695053,1.7597103418880506,1.5368239662944094,1.7044448468480429,1.3882800815099998
Mol1642,1.863310961,0,1.6038924168470172,1.554755591,1.3955426576353056,1.9136629003970156,1.5096932524063313,1.7057371219600008
Mol1643,2.021338175,3,1.6039384107940662,1.562506984,1.5027850998561691,1.6504838331069385,1.327293477205458,1.5987426954400001
Mol1644,1.966113561,1,1.6073212362991152,1.554695053,1.7759979751278319,1.1113018450146137,1.7228631577473337,1.71615287771
Mol1646,1.364794807,2,1.613802241359929,1.564500197,1.8270628387701104,0.9369376635723343,1.854745340844977,1.3033901715100003
Mol1647,0.798097932,0,1.6038924168470172,1.554755591,1.2773285262007108,1.267857426337232,1.03480870239868,1.5571546286700007
Mol1648,1.838042695,1,1.6073212362991152,1.554695053,1.6592552726797556,1.5616839091056665,1.5583757827759335,1.6810994904899994
Mol1649,1.420764137,4,1.6207589439737913,1.56944414,1.2348806502379186,1.5213479656544164,1.149841057526778,1.32143724425
Mol1650,0.754424789,1,1.6073212362991152,1.554695053,1.754469098587159,1.619985539792424,1.5353894094627305,1.3722995942100003
Mol1651,1.81624793,1,1.6073212362991152,1.554695053,1.4214683551693124,1.2589380606943108,1.0735191986959236,1.29601792662
Mol1652,1.137164145,2,1.613802241359929,1.564500197,1.5845059491859304,1.3549573311789762,1.6665270899814024,1.3636445806299997
Mol1653,1.730354228,0,1.6038924168470172,1.554755591,1.7023855767683398,2.160287753469259,1.6745183495705191,1.7047922672700002
Mol1654,1.482401889,2,1.613802241359929,1.564500197,1.5842459698203326,1.0483464610365787,1.373015924271429,1.2388553203300003
Mol1657,1.395134107,0,1.6038924168470172,1.554755591,2.075117506732651,1.5717740712554642,1.5366638575750138,1.61116583691
Mol1658,1.637629802,1,1.6073212362991152,1.554695053,1.7072079295312503,1.9001323983770613,1.7760475287119215,1.744765982850001
Mol1659,1.945399644,1,1.6073212362991152,1.554695053,1.5283309150765074,1.5699068833208034,1.7222652666602263,1.6819279958299995
Mol1660,2.102776615,3,1.6039384107940662,1.562506984,1.6354676992872654,1.766019351319033,1.5602890805568743,1.4956202504300002
Mol1661,2.293786696,3,1.6039384107940662,1.562506984,1.376838642495657,1.4015174043854883,1.3419274806639638,1.5483619987
Mol1662,1.975017998,1,1.6073212362991152,1.554695053,1.518386473278448,1.8205181476352765,1.4639631925619903,1.5597694071700008
Mol1663,0.979548375,0,1.6038924168470172,1.554755591,1.6339832097308706,1.5714006348552962,1.6839590121057313,1.54238473453
Mol1665,1.3238294,3,1.6039384107940662,1.562506984,1.387782628955945,1.2253248006261237,1.2504428516526847,1.5517911015299992
Mol1666,1.667537002,0,1.6038924168470172,1.554755591,1.5119648183107353,1.2027290957228776,1.5019820253411647,1.4386932369099992
Mol1667,1.935713784,0,1.6038924168470172,1.554755591,1.5984206915351138,2.1146923962749096,1.6959983802933096,1.9119010590600005
Mol1668,0.978134847,4,1.6207589439737913,1.56944414,1.0920775786034382,0.9156282914953054,1.0730646436648072,1.4900762889400008
Mol1669,2.272252482,4,1.6207589439737913,1.56944414,1.3943675258154364,1.2096950882869366,1.3327174852679473,1.4090376310300001
Mol1670,1.911674192,1,1.6073212362991152,1.554695053,1.653803226744456,1.9378191342389006,1.70158635562142,1.7002203572499994
Mol1671,1.636888907,2,1.613802241359929,1.564500197,1.485347967611859,1.2975979804830584,1.4188242261682527,1.4464302079199998
Mol1672,1.441396603,0,1.6038924168470172,1.554755591,1.5464893778747686,1.7305381094962795,1.546580025282091,1.6814988721100008
Mol1673,2.115007739,4,1.6207589439737913,1.56944414,1.565502179353231,1.6101048481745526,1.5193167372571148,1.505105000409999
Mol1674,1.530212509,3,1.6039384107940662,1.562506984,1.525348574803897,1.626563498066397,1.321423045426573,1.53507349224
Mol1675,1.201397124,2,1.613802241359929,1.564500197,1.4798064908863364,1.809555079712248,1.4984161927410637,1.7544864482699989
Mol1677,1.283640389,2,1.613802241359929,1.564500197,1.4895406966726137,1.1622451684997972,1.2898761073879361,1.600173824810001
Mol1678,1.75665132,0,1.6038924168470172,1.554755591,1.7276865250605506,1.6529237776132018,1.7384136804222956,1.5630577946100004
Mol1680,2.540827314,1,1.6073212362991152,1.554695053,1.8635175390399832,1.4148011447885136,1.9495819584694898,1.4358314131699992
Mol1681,2.062852629,1,1.6073212362991152,1.554695053,1.7452609502718814,1.378722859765452,1.8075898348507926,1.6916147500100005
Mol1684,1.087035665,3,1.6039384107940662,1.562506984,1.6506508715479324,1.268448276790257,1.6128046081495733,1.4895237012599996
Mol1685,2.093306091,0,1.6038924168470172,1.554755591,1.7054451009831013,1.8642827628006355,1.8848701815967006,1.52964067058
Mol1686,2.118400319,4,1.6207589439737913,1.56944414,1.9149369383815478,2.021498709867015,1.8103014599254459,1.61105386122
Mol1687,2.088564854,0,1.6038924168470172,1.554755591,1.5761509705862369,1.5015814002504642,1.5359223490746328,1.3782604800599996
Mol1690,1.616559529,0,1.6038924168470172,1.554755591,1.7830207966652292,1.5823442286452098,2.053482574709968,1.5862997516699997
Mol1693,1.467193589,1,1.6073212362991152,1.554695053,1.5409385285280357,1.5170829231195617,1.5828931297001079,1.34525614922
Mol1696,2.045835222,0,1.6038924168470172,1.554755591,1.7249214697876318,1.6073929951553474,1.7729369767543668,1.50518932826
Mol1697,1.910981724,1,1.6073212362991152,1.554695053,1.850964930972364,1.649830867655704,1.946309078113824,1.4306862511800003
Mol1700,1.609871757,0,1.6038924168470172,1.554755591,1.4846803136930145,1.3828321582979306,1.5279787115303978,1.6480400546700003
Mol1702,1.899962691,2,1.613802241359929,1.564500197,1.6127510138995576,1.399093777978183,1.5661491230862938,1.28889438239
Mol1705,1.543943942,0,1.6038924168470172,1.554755591,1.520545648187868,1.9302369099934937,1.5818338364296993,1.6151109566700002
Mol1706,1.834535144,1,1.6073212362991152,1.554695053,1.5951183691199313,2.04561432792168,1.7143826812640368,1.6495488807600003
Mol1710,1.375590463,2,1.613802241359929,1.564500197,1.5098647809374934,1.2259214211525,1.3139758619340256,1.3611178672700002
Mol1711,2.547455942,2,1.613802241359929,1.564500197,1.8621190132693977,2.4856677626153596,1.8248984376731783,1.9152162212700004
Mol1717,1.152746864,4,1.6207589439737913,1.56944414,1.5985659032170634,1.6978300193393034,1.5215817831477212,1.534827193419999
Mol1718,2.238856198,4,1.6207589439737913,1.56944414,1.5410395879133774,1.564545631840778,1.5862174140192513,1.64507599338
Mol1719,1.820700513,1,1.6073212362991152,1.554695053,1.5910797768332947,2.4165632107308355,1.3910871802481188,1.70803083836
Mol1720,1.389041983,2,1.613802241359929,1.564500197,1.6426185787964058,1.3639127714669688,1.8227242099552843,1.6360970321299997
Mol1721,1.396757118,2,1.613802241359929,1.564500197,1.3166426644560167,1.4707693041839476,1.506479374484793,1.42493321046
Mol1723,1.997189728,4,1.6207589439737913,1.56944414,1.5959243783411527,1.3415967420243553,1.800308332420883,1.5290535261600007
Mol1727,2.884894442,3,1.6039384107940662,1.562506984,2.0328160330810054,2.0499801959278248,2.6534579831513825,1.90391297673
Mol1728,2.26828538,2,1.613802241359929,1.564500197,1.6346470372335657,2.04320944159737,1.8037850832739122,1.6115440659600002
Mol1729,1.94826622,2,1.613802241359929,1.564500197,1.5043674879722189,1.4555229839448693,1.4654217137859498,1.5315942223999994
Mol1730,0.915241497,0,1.6038924168470172,1.554755591,1.3121573369845647,1.1750324082608685,1.1988916042361857,1.4925617413800003
Mol1731,1.738312727,1,1.6073212362991152,1.554695053,1.2499274094246058,1.2503026675707245,1.3182733492868743,1.2703306693600003
Mol1732,1.558852512,0,1.6038924168470172,1.554755591,1.7343313603102495,1.9963478461603987,1.745081040500508,1.6989298069299994
Mol1734,0.790144365,0,1.6038924168470172,1.554755591,1.3941321558493576,1.1685147549185688,1.4645483076442425,1.5262097625300002
Mol1736,1.281056105,3,1.6039384107940662,1.562506984,1.9109039462578026,1.680621004950876,2.11446042349005,1.5731130277700003
Mol1737,2.263505879,3,1.6039384107940662,1.562506984,1.5151399946042232,1.4499571133944336,1.4083459349940577,1.6125774051599995
Mol1738,0.693287157,2,1.613802241359929,1.564500197,1.5293292191945922,1.5451651950032719,1.5499264374997832,1.4537050769000002
Mol1739,1.889144768,2,1.613802241359929,1.564500197,1.791054310853044,1.7135916295227998,2.04007268464193,1.6053369224499996
Mol1740,2.018920918,2,1.613802241359929,1.564500197,1.9132441244091736,1.9613080442770807,2.0287039226760952,1.52121813038
Mol1741,1.204391332,1,1.6073212362991152,1.554695053,1.4775300696623723,1.3629881262911199,1.8707547454888658,1.4286137172100002
Mol1743,1.948222186,1,1.6073212362991152,1.554695053,1.8255332783591296,1.7763284299108966,2.049273984912741,1.4635574939300005
Mol1744,1.330271691,3,1.6039384107940662,1.562506984,1.5682581162098648,1.0468113917165764,1.478520873636438,1.37023761261
Mol1745,1.490969251,1,1.6073212362991152,1.554695053,1.6094949564777945,1.7480166778228092,1.5003097341326117,1.4711977893700003
Mol1746,1.167848799,1,1.6073212362991152,1.554695053,1.7636877300575753,1.962320503463699,1.830711483664154,1.6007339785600003
Mol1747,1.932843975,3,1.6039384107940662,1.562506984,1.3793492009979607,1.1082665836978436,1.353720890105133,1.41714581522
Mol1748,0.771146349,0,1.6038924168470172,1.554755591,1.48210504070079,1.0071922588172146,1.2997928234131475,1.2913326289900002
Mol1749,1.543235884,3,1.6039384107940662,1.562506984,1.6465934406626215,1.6561369203710372,1.6130592372610633,1.6566533384700006
Mol1750,1.315697514,1,1.6073212362991152,1.554695053,1.3941086699439533,1.6336949477630651,1.5607640170809198,1.5138728576000002
Mol1751,1.328032845,4,1.6207589439737913,1.56944414,1.7606554032806483,1.839491503830884,1.563900769594789,1.55568410437
Mol1753,1.206960729,1,1.6073212362991152,1.554695053,1.1801877130319982,1.3020666308402584,1.2929257703715973,1.4563340568899996
Mol1754,1.507410559,2,1.613802241359929,1.564500197,1.52604406058328,1.394591768339815,1.5998044811954433,1.7360724278099997
Mol1755,0.999478534,2,1.613802241359929,1.564500197,1.0199234574073803,1.1250116897797016,1.3220050298210557,1.3608280832599997
Mol1756,1.915637234,2,1.613802241359929,1.564500197,1.5625367257264229,1.5501001776427699,1.4060403470523775,1.4514614607399998
Mol1760,1.168114287,1,1.6073212362991152,1.554695053,1.7477069866810027,1.8104861993257058,1.8037939611116196,1.7041089763399997
Mol1761,1.673767142,1,1.6073212362991152,1.554695053,1.7477069866810027,1.452743309957171,1.8037939611116196,1.6240483960299996
Mol1762,1.821827836,4,1.6207589439737913,1.56944414,1.882793415435425,1.6567247550011754,1.8891498994746059,1.7137547218099993
Mol1763,2.136095621,2,1.613802241359929,1.564500197,1.5165819331597874,1.664291335512091,1.6307719063882786,1.5831392960300001
Mol1764,1.188984699,3,1.6039384107940662,1.562506984,1.5843265545763385,1.892432045305322,1.5882530842193179,1.7736435404
Mol1765,1.755813898,2,1.613802241359929,1.564500197,1.5732891477113096,2.172607803722072,1.369711681554538,1.6669234585099997
Mol1766,2.380354173,0,1.6038924168470172,1.554755591,1.7275625477798842,2.0726525655607584,1.775873688335158,1.8773103097700008
Mol1767,2.618841659,1,1.6073212362991152,1.554695053,1.920907841499921,1.6373627755608866,2.122973324955653,1.3360997488300006
Mol1768,2.808403425,2,1.613802241359929,1.564500197,2.040070066744094,2.1399821923224494,2.3360565913294544,1.9729540320000003
Mol1769,2.43650295,0,1.6038924168470172,1.554755591,1.561524877741128,2.0422665972918255,1.5961438116137896,2.0192056776799987
Mol1770,1.940097926,4,1.6207589439737913,1.56944414,1.6774386095119223,2.009020959193262,1.4514180660804517,2.3793992391199996
Mol1771,2.096193705,4,1.6207589439737913,1.56944414,1.7105778315765239,1.7130922235226,1.8271043329345718,2.34951278013
Mol1772,2.236272674,3,1.6039384107940662,1.562506984,1.6836186402325524,2.179750142342281,1.706779316615063,2.2155472392600006
Mol1773,1.662918302,1,1.6073212362991152,1.554695053,1.7269440216303014,2.0684223631357543,1.966812242003822,2.0910543754199993
Mol1774,3.047450887,1,1.6073212362991152,1.554695053,1.7995268051248798,2.1903461475689925,1.9762495915617742,1.7777130112900008
Mol1775,1.542613828,0,1.6038924168470172,1.554755591,1.4610570103411287,1.347713291525184,1.3234727227827512,1.3291813782699997
Mol1776,2.313700639,3,1.6039384107940662,1.562506984,1.6499540024605195,1.4260897551417688,1.6019897881717813,1.521929914250001
Mol1777,0.825815445,0,1.6038924168470172,1.554755591,1.3943464353902884,1.2295397801121415,1.5177140622842549,1.3128274015299999
Mol1778,1.32407658,1,1.6073212362991152,1.554695053,1.7179989810161131,1.5052665369775806,1.9324511449304802,1.3333081605200001
Mol1781,1.623693698,0,1.6038924168470172,1.554755591,1.5526093890664776,1.2095192061658941,1.6265594982100335,1.4850977206900005
Mol1782,1.464638559,3,1.6039384107940662,1.562506984,1.6656515759455672,1.3103247103738034,1.7170648870466316,1.3470722455800008
Mol1783,2.226452968,1,1.6073212362991152,1.554695053,1.5617845498193341,1.6743770344900177,1.7455141461437549,1.6743666845199991
Mol1784,1.43025248,4,1.6207589439737913,1.56944414,1.4669636237826564,1.1693082761814366,1.749349209430016,1.34646045825
Mol1785,2.31936635,1,1.6073212362991152,1.554695053,1.5883738386556951,1.9567132083233723,1.6305797436574465,1.53130233441
Mol1786,1.617535012,4,1.6207589439737913,1.56944414,1.7883037756073359,2.1059690226590213,1.7842118599792558,1.3587484657800002
Mol1787,2.092731169,2,1.613802241359929,1.564500197,2.217477651582114,1.504522784484849,1.8066687624850537,1.3659699595800001
Mol1788,1.355029856,0,1.6038924168470172,1.554755591,1.7062085740759836,1.4712553057615283,1.7628322630912614,1.2123436008199997
Mol1789,2.440759571,2,1.613802241359929,1.564500197,1.557693745954176,1.531706475576121,1.5205430026617561,1.4546305068299998
Mol1790,1.952898946,1,1.6073212362991152,1.554695053,1.479916327465716,1.890461335434047,1.3854089999159636,1.58196123126
Mol1794,1.785557602,4,1.6207589439737913,1.56944414,1.6383323365400517,2.1149308165668455,1.6403798725996672,1.5793407393199996
Mol1795,2.751297584,3,1.6039384107940662,1.562506984,1.7006796528722106,1.9539697147617237,1.8077976957934365,1.56959881473
Mol1796,2.035437744,1,1.6073212362991152,1.554695053,1.7574892899972303,1.3907495939103243,1.683150691288847,1.53337040799
Mol1798,1.720200663,4,1.6207589439737913,1.56944414,1.5401944253403432,1.6246065534343472,1.5060702972076305,1.4422849972000007
Mol1799,1.467045452,1,1.6073212362991152,1.554695053,1.8431864424991353,1.565330918838283,1.7917690445960373,1.6116078393400004
Mol1802,1.986337222,3,1.6039384107940662,1.562506984,1.5295289697400425,2.178377849120235,1.3948802845159394,1.7272093309700005
Mol1803,1.731991449,0,1.6038924168470172,1.554755591,1.6253467178920793,1.041163904273527,1.6567553973293427,1.3981019121000005
Mol1804,1.506816098,1,1.6073212362991152,1.554695053,1.7564972466623552,1.423533169363782,1.7816780480782857,1.7699867823
Mol1805,1.448226941,3,1.6039384107940662,1.562506984,1.4102690582536084,1.1252712158343732,1.693783623249399,1.5107855881200003
Mol1806,2.118876211,3,1.6039384107940662,1.562506984,1.6088320397179365,1.4329697284694594,1.6059782853263593,1.59779939131
Mol1807,1.861659842,1,1.6073212362991152,1.554695053,1.8642861685797278,1.5255598665564651,2.244737149266583,1.56103570733
Mol1810,1.918292513,0,1.6038924168470172,1.554755591,1.748060882169848,1.5509015871446494,1.695939589978118,1.47920420037
Mol1811,1.790981448,1,1.6073212362991152,1.554695053,1.4602281835515858,1.5340847460234885,1.4777288034353149,1.5669669514699998
Mol1812,1.652874598,0,1.6038924168470172,1.554755591,1.7775065377129713,1.7695975933946408,1.7303140961271475,1.5735289801999999
Mol1813,1.49497508,3,1.6039384107940662,1.562506984,1.4905478372943022,2.1660321978290407,1.3737423995886109,1.7389556019099992
Mol1814,1.399206301,3,1.6039384107940662,1.562506984,1.3524764350537366,1.2169850380292426,1.478764791163544,1.4408506192100003
Mol1818,2.284667557,3,1.6039384107940662,1.562506984,1.5217633563319772,1.9529301697372208,1.4289227093653936,1.7945218235800007
Mol1819,0.686993566,3,1.6039384107940662,1.562506984,1.6104082893660612,1.7836356094055212,1.797940802391426,1.6320980372799996
Mol1820,2.199173535,3,1.6039384107940662,1.562506984,1.661121296268706,1.5079044490723619,1.6419960101872249,1.4577615680499993
Mol1821,2.352111095,1,1.6073212362991152,1.554695053,2.068110253815653,1.8643037262050748,2.11998491355819,1.817148608629999
Mol1824,2.168724295,2,1.613802241359929,1.564500197,1.844496411111949,1.500828154090968,1.771225039549959,1.6554116788699997
Mol1825,1.02094106,1,1.6073212362991152,1.554695053,1.8902609071354188,1.1092838665634854,2.0123356591469297,1.4104688527600002
Mol1827,1.631960961,1,1.6073212362991152,1.554695053,2.0207414161418873,1.1673492344942031,1.3787387048341098,1.5371606492500005
Mol1828,1.16790781,1,1.6073212362991152,1.554695053,1.7047918325196019,1.3631609652924435,1.8345435773938417,1.6356202275600014
Mol1829,2.175897231,2,1.613802241359929,1.564500197,1.3546584968222324,1.1696586181378008,1.3879491182193417,1.52026467333
Mol1831,0.897791982,2,1.613802241359929,1.564500197,1.204464863169085,1.6025370647627373,1.1171875558953082,1.5399265775199995
Mol1833,1.714237525,1,1.6073212362991152,1.554695053,1.7167285824966778,1.8675498631852983,1.7533912676041765,1.7270412361000005
Mol1834,1.780252487,4,1.6207589439737913,1.56944414,1.6777989332140948,1.7802516751183792,1.6169614696549228,1.77312631662
Mol1835,0.903632516,4,1.6207589439737913,1.56944414,1.6228536580271713,1.5221826245492425,1.7828949607747038,1.3966085021599997
Mol1837,1.964066253,1,1.6073212362991152,1.554695053,1.4982002122262412,1.932775813558666,1.596857866776631,1.59092851096
Mol1838,1.206556044,3,1.6039384107940662,1.562506984,1.3148484892188947,1.1892438999366313,1.2414409555335333,1.59053335673
Mol1840,1.714111719,1,1.6073212362991152,1.554695053,1.5616387143802712,2.1180876272277827,1.51788525465521,1.4814915614599997
Mol1841,1.388225573,1,1.6073212362991152,1.554695053,1.491443541677854,1.5466423318398932,1.4259180752430214,1.4367186032200001
Mol1844,0.837651558,4,1.6207589439737913,1.56944414,1.633616829690192,1.6815365076697961,1.6042460933314777,1.5977916672999999
Mol1845,1.970769805,2,1.613802241359929,1.564500197,2.115056196568048,1.4676042159709994,2.026427945792758,1.6202137529199996
Mol1846,1.394609259,4,1.6207589439737913,1.56944414,2.024578381991915,1.365664310170914,2.3811666662932613,1.38482209837
Mol1849,2.194103441,0,1.6038924168470172,1.554755591,1.8160115783243025,1.3642174216894687,1.6740255597408096,1.55454934574
Mol1850,1.620677284,2,1.613802241359929,1.564500197,1.753409770381345,1.5740852577459432,1.7669180645777158,1.81633555597
Mol1851,2.704014027,3,1.6039384107940662,1.562506984,1.558291777825312,2.1260728486292577,1.8964759606979593,2.123146726639999
Mol1852,1.871082326,3,1.6039384107940662,1.562506984,1.7590579865248146,1.7355291391223577,1.7677392252385433,1.5721194847300006
Mol1853,1.413718765,3,1.6039384107940662,1.562506984,1.5418763491893122,1.6571559130539932,1.4520530444732356,1.4127735025500003
Mol1855,2.110606543,0,1.6038924168470172,1.554755591,1.5468042937231195,1.7746132615453747,1.5914262361037042,1.6352563848399995
Mol1856,0.94156112,0,1.6038924168470172,1.554755591,1.7269557564598452,2.2180069166210292,1.9819255072366493,1.79982896861
Mol1859,2.897040673,0,1.6038924168470172,1.554755591,1.542956045389099,1.8454349966490167,1.426788117658869,1.8184679975999996
Mol1860,1.738439646,0,1.6038924168470172,1.554755591,1.7155492127410816,2.302542368677685,1.42541037557745,1.8124296259800008
Mol1863,2.431194839,1,1.6073212362991152,1.554695053,1.8042264995477244,1.3579262017104023,2.073249284610947,1.872856330729999
Mol1865,1.888409783,3,1.6039384107940662,1.562506984,1.6522706377606973,1.4318360887394361,1.877284775918927,1.525291551360001
Mol1868,0.733357788,0,1.6038924168470172,1.554755591,1.5515594413151206,1.6603829298803117,1.4866002063422459,1.6401243186500007
Mol1869,1.000390689,2,1.613802241359929,1.564500197,1.6128883903250195,1.5412895301598875,1.5448393249941406,1.436179888880001
Mol1870,1.162026432,3,1.6039384107940662,1.562506984,1.1234738447328725,0.9337786687886919,1.2873078653731,1.2149828175600002
Mol1872,1.621280168,2,1.613802241359929,1.564500197,1.7419118560145457,1.3763278016375646,1.828144067916155,1.3941526012599996
Mol1873,0.823669813,4,1.6207589439737913,1.56944414,1.1572137513427982,1.036167291754705,0.964106811575558,1.02271049694
Mol1876,1.456214155,0,1.6038924168470172,1.554755591,1.577806881123184,1.2807230361858277,1.4793714604201733,1.5703423866400001
Mol1877,1.930658726,4,1.6207589439737913,1.56944414,1.6399245810283056,1.5966584810139612,1.6945338779551793,1.67039694528
Mol1879,0.878808932,2,1.613802241359929,1.564500197,1.3191919315504879,1.259725202458651,1.2112782659840802,1.5672191063600003
Mol1880,1.770623763,3,1.6039384107940662,1.562506984,1.7509983001036102,1.5939100232596548,1.3936129058420366,1.54284455492
Mol1881,2.45448356,3,1.6039384107940662,1.562506984,1.793237637100929,1.9919947501166175,1.8332030424698778,1.54159610921
Mol1882,0.808210973,3,1.6039384107940662,1.562506984,1.3209843195199777,1.5582331083081997,1.176565728157424,1.5745814011000006
Mol1883,1.285804764,4,1.6207589439737913,1.56944414,1.8146151414760097,1.7462256119813877,1.8714487687682517,1.68175676722
Mol1884,2.059067122,3,1.6039384107940662,1.562506984,1.6610865723159958,1.4989217957806071,1.798638884946067,1.5804828631399994
Mol1886,1.802889978,3,1.6039384107940662,1.562506984,1.6418161305070238,1.5921541593395647,1.6063404939632602,1.6534535803399992
Mol1887,1.782164352,1,1.6073212362991152,1.554695053,1.7216136331859209,1.724030177084365,1.6502702868686498,1.633194639229999
Mol1891,1.409696478,2,1.613802241359929,1.564500197,1.6234210595115146,1.485354991209978,1.6266943820247965,1.4666129773899999
Mol1894,1.379686152,1,1.6073212362991152,1.554695053,1.6258182366650338,1.3008860770598927,1.6907612059855137,1.4800475889999998
Mol1895,1.486472985,1,1.6073212362991152,1.554695053,1.4653321081626227,1.4378508312319564,1.1470231502634218,1.4688577244099996
Mol1898,1.661651806,1,1.6073212362991152,1.554695053,1.5069651127232948,0.9834903294507219,1.426833174084576,1.2600955083699996
Mol1900,2.743977516,2,1.613802241359929,1.564500197,2.0204674033824612,1.7370456139229016,2.088373878878638,1.8961811649199996
Mol1901,2.656293734,0,1.6038924168470172,1.554755591,1.8280023630980433,2.131458380895599,1.9957959887852632,1.5648829074799995
Mol1903,2.749824402,0,1.6038924168470172,1.554755591,2.0071899610487955,2.2751312077099377,1.929030413950642,1.8877040804599992
Mol1904,2.635314822,3,1.6039384107940662,1.562506984,1.6009643687366797,1.7663054216215275,2.03901909314134,1.67726673819
Mol1907,0.864392405,0,1.6038924168470172,1.554755591,1.542696670789631,1.8336526361378382,1.611489293467518,1.7826386081599999
Mol1908,1.721060047,1,1.6073212362991152,1.554695053,1.7022153042736647,1.375671386453741,1.7003001783245844,1.4821046518999998
Mol1909,0.71941416,3,1.6039384107940662,1.562506984,1.4628595323360911,1.0982453957025073,1.2594318285605268,1.4222714367999996
Mol1910,1.416840137,4,1.6207589439737913,1.56944414,1.5516681047935748,1.315079704696682,1.3396680671065264,1.462020739530001
Mol1911,1.245438634,0,1.6038924168470172,1.554755591,1.835522877626847,1.7192007728665208,1.7863332605785955,1.4289269642000002
Mol1912,2.696159732,2,1.613802241359929,1.564500197,1.8766599135834574,0.9209623834306084,1.7651443528770623,1.3712882951699998
Mol1915,1.985754205,4,1.6207589439737913,1.56944414,1.2181792980150956,1.1805237941016373,1.4704093369419429,1.414718821419999
Mol1916,2.099414736,3,1.6039384107940662,1.562506984,1.5221300381731504,1.8821027862691562,1.6710671816308382,1.7339169346900014
Mol1917,1.669707291,1,1.6073212362991152,1.554695053,1.3289684914012239,1.2732974128222763,1.0995754894752496,1.2894757746600005
Mol1918,1.493959675,0,1.6038924168470172,1.554755591,1.6308147478515058,2.172213365738327,1.4495559221809584,1.7233514278000002
Mol1919,1.619958968,1,1.6073212362991152,1.554695053,1.6185069896417894,1.6757926129166978,1.4122071062332364,1.6747256533399995
Mol1921,1.685392372,2,1.613802241359929,1.564500197,1.7533873546833365,1.7867469065876975,1.7941024531972465,1.5729175467600003
Mol1922,1.419377405,0,1.6038924168470172,1.554755591,1.5019108399047314,1.7977686491327962,1.585726862922688,1.7426309855700004
Mol1924,2.235629434,3,1.6039384107940662,1.562506984,1.5598012011654216,2.09725114138768,1.7131345273378937,1.96495058101
Mol1925,2.507289031,0,1.6038924168470172,1.554755591,1.1649823192078606,2.3100245091439384,1.9787650529305933,2.1322463150499993
Mol1926,1.097500252,1,1.6073212362991152,1.554695053,1.650492573509677,1.4743078215732124,1.797860886216603,1.5182362511000005
Mol1929,1.523226042,3,1.6039384107940662,1.562506984,1.5164065591671707,1.5310538948591716,1.5187756238640155,1.45962713398
Mol1930,1.129722109,2,1.613802241359929,1.564500197,1.5430440531013794,1.4599310368751937,1.721489954857531,1.5034479934800007
Mol1932,1.334534169,4,1.6207589439737913,1.56944414,1.7373889448449191,2.1233806519964062,1.7312574114910015,1.6368406990099993
Mol1936,1.298743943,1,1.6073212362991152,1.554695053,1.5842622688198225,1.915503030597209,1.635587986016549,1.6396909042399996
Mol1937,1.554755591,1,1.6073212362991152,1.554695053,1.4985856007579508,1.8643038743053988,1.8526622188099955,1.7426024211100013
Mol1939,1.261286665,4,1.6207589439737913,1.56944414,1.4861914637403877,1.274373347450708,1.3013579109891809,1.5664178202499996
Mol1942,1.510477984,4,1.6207589439737913,1.56944414,1.6298082915350383,1.847105906666364,1.7625360836712607,1.683758363820001
Mol1944,0.969741977,4,1.6207589439737913,1.56944414,1.3485190387074906,1.4810062476937569,1.470180366723587,1.5495839205199997
Mol1945,1.51263104,2,1.613802241359929,1.564500197,1.8138418374818217,1.1151202916035758,1.734265253463233,1.4350330660300008
Mol1948,0.905148002,3,1.6039384107940662,1.562506984,1.5112648175844066,0.8939641520664974,1.4758705486084858,1.3813684577399998
Mol1949,0.920801382,2,1.613802241359929,1.564500197,1.3626217057816843,1.2693644832831943,1.3736295597809507,1.4489541345999999
Mol1950,1.233046902,3,1.6039384107940662,1.562506984,1.486113474679684,0.6521171770473899,1.3248302223873913,1.1134591227599997
Mol1951,1.97966672,3,1.6039384107940662,1.562506984,1.6802913811050226,1.7150215632608015,1.7602218085568924,1.6484504982100008
Mol1952,1.212453961,3,1.6039384107940662,1.562506984,1.3382770052474098,1.176996829317198,1.2002684413277052,1.3848539529400004
Mol1953,1.124764984,0,1.6038924168470172,1.554755591,1.4632984762914656,1.5642474113054536,1.4212292267720914,1.4560146815399997
Mol1954,2.164974107,2,1.613802241359929,1.564500197,1.5706059458465438,1.6603205494953346,1.4597422792086454,1.66527690462
Mol1955,2.598512557,4,1.6207589439737913,1.56944414,1.593990851098942,2.651423619072509,1.4935627031943082,1.7156066521999995
Mol1956,1.21031852,0,1.6038924168470172,1.554755591,1.362031135762464,1.3179782196556329,1.3992275976976278,1.5482652161100003
Mol1957,2.360279033,3,1.6039384107940662,1.562506984,1.7879486932896138,2.2606008990192143,1.7841794130885382,2.1738531536700005
Mol1958,1.541891125,1,1.6073212362991152,1.554695053,1.358221114631578,1.791744996218556,1.209703837146045,1.78229317317
Mol1959,1.504457269,3,1.6039384107940662,1.562506984,1.4134500600917992,1.4075533511906593,1.254368335474225,1.5257678055700004
Mol1960,0.829175074,4,1.6207589439737913,1.56944414,1.5572593153013328,1.9577629448579152,1.584089442724904,1.7264528615400012
Mol1961,0.823343791,4,1.6207589439737913,1.56944414,1.3893612957444084,1.4669048137574574,1.252853262309917,1.5666552355299992
Mol1962,1.139942023,2,1.613802241359929,1.564500197,1.2448474000162153,1.1920366770465125,1.2007033097524884,1.4304045317000003
Mol1963,1.391552567,0,1.6038924168470172,1.554755591,1.398401828999587,1.7087650984883205,1.5288149357684744,1.5307699668299997
Mol1965,1.303044784,4,1.6207589439737913,1.56944414,1.4974075875971073,1.0873851002064425,1.3971148010594459,1.6631087251800003
Mol1967,2.033697114,1,1.6073212362991152,1.554695053,1.5798388095805633,2.1198520930367803,1.7169217494515587,1.66901210988
Mol1968,1.423032772,2,1.613802241359929,1.564500197,1.758966618335788,1.9231585382789431,1.7417564532654375,1.7535981925100002
Mol1969,1.810575247,2,1.613802241359929,1.564500197,1.4710651573635403,1.8899359252487722,1.3347399581039523,1.9659174958800014
Mol1971,0.949438801,3,1.6039384107940662,1.562506984,1.3709474490934164,1.193638785379159,1.2207613129709511,1.4056627230300003
Mol1972,1.875755579,0,1.6038924168470172,1.554755591,1.7639240935482152,1.7894160979113654,1.7853173925566606,1.8198916753900003
Mol1975,1.327318058,0,1.6038924168470172,1.554755591,1.573354687438789,1.1441127506782416,1.7640239547644898,1.3601254619400003
Mol1976,3.060029646,3,1.6039384107940662,1.562506984,1.7324907956934612,2.078305062805403,1.7634659228816814,1.7532361019799998
Mol1979,2.02619812,3,1.6039384107940662,1.562506984,1.8174290093136378,1.9352254924824197,1.896445605947627,1.7669972055699994
Mol1980,1.217957462,2,1.613802241359929,1.564500197,1.4635333094948306,1.0300306226964313,1.4763477454378733,1.2518816457100004
Mol1981,1.512324113,2,1.613802241359929,1.564500197,1.4097916831987043,1.3405234454142492,1.4050285594263847,1.6606370650699998
Mol1985,1.712683367,1,1.6073212362991152,1.554695053,1.5173542302478278,1.224142813979302,1.6220226968484042,1.4695527518000002
Mol1986,0.79190108,4,1.6207589439737913,1.56944414,1.6666870402756118,1.3911151973390403,1.6738955842550383,1.4289761594600001
Mol1988,2.014948742,4,1.6207589439737913,1.56944414,1.974122678061792,2.246929896687673,2.027741301596431,1.5995395979099996
Mol1989,0.756940236,2,1.613802241359929,1.564500197,1.531928134027734,1.4379684747753725,1.4804005158935707,1.8283602284600011
Mol1990,1.124112792,3,1.6039384107940662,1.562506984,1.4777436247033393,1.4551869583205361,1.1314684801360735,1.5216067516800007
Mol1991,2.272465891,3,1.6039384107940662,1.562506984,1.3026626664319376,1.3545814344520712,1.946488930157091,1.6060826580599998
Mol1993,1.8057998,0,1.6038924168470172,1.554755591,1.771005512579319,1.6073622837963837,2.072278893991811,1.34064367805
Mol1994,1.092194121,3,1.6039384107940662,1.562506984,1.6152423151540614,0.9842432974230962,1.5328584566636172,1.3316955298899997
Mol1995,2.146531122,3,1.6039384107940662,1.562506984,1.6854478143901375,1.4240749634272978,1.529674458589878,1.3965843532899995
Mol1997,1.097847077,4,1.6207589439737913,1.56944414,1.408989031351292,1.1596425058200492,1.4495197842098164,1.4956825042600002
Mol1998,0.931762888,2,1.613802241359929,1.564500197,1.3997576925064803,1.0648049438944396,1.2854962335084212,1.30512170188
Mol2003,1.110252917,4,1.6207589439737913,1.56944414,1.5775775509244665,1.239218857731144,1.3251006953513749,1.50758730621
Mol2004,1.685410295,2,1.613802241359929,1.564500197,1.5299077199744961,1.7774355055131936,1.7180984697259298,1.642436491659999
Mol2005,0.692670699,3,1.6039384107940662,1.562506984,1.574025434723736,1.3218121874066513,1.4089607393156556,1.23344532017
Mol2007,1.070222633,0,1.6038924168470172,1.554755591,1.5864708519306259,1.7854064520402857,1.471280106121894,1.7628265206699996
Mol2010,0.953276337,4,1.6207589439737913,1.56944414,1.1622309835094005,1.5456202157105698,1.2069998600957528,1.5839691193899983
Mol2012,2.044755286,1,1.6073212362991152,1.554695053,1.8887895383036137,1.8842409177008999,1.9102927503520855,1.8232138652800012
Mol2014,1.862137345,1,1.6073212362991152,1.554695053,1.3346711659425974,1.3570994220914994,1.289468475045656,1.4842085690900007
Mol2015,2.46652954,2,1.613802241359929,1.564500197,1.6030294307234432,2.132536395657363,1.6977868225660644,1.8234344286900004
Mol2017,2.011049993,4,1.6207589439737913,1.56944414,1.766354189136705,1.3701982014408245,1.5018496340468244,1.5690114208400003
Mol2018,0.983536082,1,1.6073212362991152,1.554695053,1.4744537145272099,1.6262115441027483,1.3371612952413046,1.6053892064700006
Mol2019,1.830165073,0,1.6038924168470172,1.554755591,1.6479590108191444,1.3118252319618149,1.4534142965013803,1.5815756773599998
Mol2020,1.352876834,3,1.6039384107940662,1.562506984,1.602116346828215,1.5700419508973773,2.0272390485386684,1.4109945175200003
Mol2021,1.371751107,2,1.613802241359929,1.564500197,1.4120425391129725,1.615692023076435,1.249969815220566,1.4907325945100007
Mol2025,0.778946728,0,1.6038924168470172,1.554755591,1.7897702557760984,1.105695147834155,1.68879865426614,1.34107650207
Mol2026,2.126686508,3,1.6039384107940662,1.562506984,1.5891699191564772,1.5957876383729903,1.4169513530216946,1.59376812372
Mol2027,2.809258634,1,1.6073212362991152,1.554695053,1.6216926843407315,1.7140192829651117,1.636635002476108,1.7569272149900008
Mol2028,1.142702246,3,1.6039384107940662,1.562506984,1.3975032087762687,1.3201625390463754,1.2192215419001102,1.4354290249299995
Mol2029,2.141380783,0,1.6038924168470172,1.554755591,1.6733178884927107,1.9342695440063775,1.8446998295385897,1.7182300768399998
Mol2032,1.504946355,0,1.6038924168470172,1.554755591,1.556966602930046,1.491250300493387,1.5609106469562863,1.3850208535700004
Mol2033,0.982904118,4,1.6207589439737913,1.56944414,1.7411818021458454,1.6599647255505743,1.7983346432419023,1.6727944576500005
Mol2034,1.036229544,2,1.613802241359929,1.564500197,1.3474759125853373,1.3468526852843443,1.3221624178427405,1.3775236068699994
Mol2035,1.819023787,0,1.6038924168470172,1.554755591,1.7988846783928145,1.7685953735275788,1.7966822350949423,1.60302178948
Mol2036,2.03616961,4,1.6207589439737913,1.56944414,1.4239882468949516,1.241831297278731,1.5795345770995106,1.5072598587500001
Mol2037,2.569262688,4,1.6207589439737913,1.56944414,1.5676287897574266,2.4155973221013722,1.6884821878870162,1.8868105165800007
Mol2038,1.597168449,4,1.6207589439737913,1.56944414,1.6956549670187255,1.6166751058650544,1.5124434107479638,1.5935442842100005
Mol2039,1.008046306,4,1.6207589439737913,1.56944414,1.3351664601834923,1.557063558177168,1.114163406880931,1.6674668110599986
Mol2040,1.559798935,0,1.6038924168470172,1.554755591,1.5508206178511468,1.572795739700813,1.6351726686354586,1.5512827030399998
Mol2042,1.488790358,2,1.613802241359929,1.564500197,1.854844826246334,1.7730303322403806,2.1763315518650064,1.8721573934199995
Mol2043,2.059608852,1,1.6073212362991152,1.554695053,1.450940186321948,1.2697263214901855,1.4219081999152527,1.4422191465900005
Mol2044,1.823089323,2,1.613802241359929,1.564500197,1.495520249800675,1.3085777372641925,1.3381922820926149,1.5854053266600008
Mol2045,1.991761966,0,1.6038924168470172,1.554755591,1.8277888914827793,1.8024924787485574,1.89433392846099,1.644387853739999
Mol2046,2.278454063,3,1.6039384107940662,1.562506984,1.5438998077035007,2.1045984187181372,1.5771918780124292,1.8582280160000002
Mol2048,1.990023455,4,1.6207589439737913,1.56944414,1.7927359422889366,1.2062856638923054,1.6391526388496058,1.44197192313
Mol2049,1.463370327,4,1.6207589439737913,1.56944414,1.4667580152690385,1.6240826705206686,1.4964118941318636,1.74382561464
Mol2051,1.123721006,3,1.6039384107940662,1.562506984,0.783199364761979,1.5909818901708144,1.3404676731050806,1.6402369730900006
Mol2053,0.870228279,1,1.6073212362991152,1.554695053,1.2549685872890755,1.5879746945087496,1.4237851493107037,1.4065588072500008
Mol2054,1.353800865,0,1.6038924168470172,1.554755591,1.5406365866440876,1.103492267238142,1.550965522229403,1.42144152424
Mol2059,1.647431874,2,1.613802241359929,1.564500197,1.577703136797,1.190932994718986,1.7555290451736902,1.5611387835700006
Mol2060,1.32255006,2,1.613802241359929,1.564500197,1.338185476442762,1.2159259448716448,1.8121539215994238,1.6296029026299998
Mol2064,0.770999205,3,1.6039384107940662,1.562506984,1.5133341526179966,1.0565503604720536,1.3981822560809842,1.5671111521600005
Mol2066,1.030963842,4,1.6207589439737913,1.56944414,1.3104972761595368,1.5779357723479566,1.5446897112901936,1.4811123500000003
Mol2067,1.607186857,0,1.6038924168470172,1.554755591,1.9698459225648262,1.777336901702471,2.0971887737294654,1.5642753745800002
Mol2068,1.678964281,2,1.613802241359929,1.564500197,1.5519793590409483,1.056369234419851,1.5736497312853777,1.5895791305200004
Mol2069,2.17634597,2,1.613802241359929,1.564500197,2.3918992473624208,1.5539147229907344,1.6511274938553995,1.6917383615699995
Mol2070,1.066661302,0,1.6038924168470172,1.554755591,1.438634822698788,1.1614535621051667,1.2813870313149993,1.4576849866600006
Mol2074,0.861952375,3,1.6039384107940662,1.562506984,1.4492804138816506,1.0901594814957951,1.342298772277835,1.3320998602299996
Mol2076,1.271562825,1,1.6073212362991152,1.554695053,1.5045469371227773,1.0283445050586688,1.6646646267286043,1.3713292399000003
Mol2077,0.892094603,1,1.6073212362991152,1.554695053,1.7219342786629381,1.3575163017664276,1.5013345697528715,1.3741400939199997
Mol2079,1.073168262,2,1.613802241359929,1.564500197,1.402367562995102,1.7315787653060208,1.3204789879037266,1.6617993107500004
Mol2080,1.438194141,0,1.6038924168470172,1.554755591,1.496540345840731,1.5324191466175723,1.6243281288735005,1.5770618588100007
Mol2083,1.867673685,3,1.6039384107940662,1.562506984,1.6610034839180297,1.9627674667002384,1.5663781541298525,1.7463231839000004
Mol2084,1.551815822,2,1.613802241359929,1.564500197,1.561615161594167,1.5865411422456068,1.5189078342700058,1.4356558567499997
Mol2085,1.380428335,0,1.6038924168470172,1.554755591,2.051345022075487,1.8525006357844513,1.7523494223172214,1.9526043758899994
Mol2086,1.521504202,2,1.613802241359929,1.564500197,1.8198737497884503,1.6846859058552621,2.2562405551329534,1.6349830530499998
Mol2087,2.247226718,0,1.6038924168470172,1.554755591,1.502620629363144,1.7726612274422386,1.4998113141920828,1.8152521791799996
Mol2088,1.338536173,0,1.6038924168470172,1.554755591,1.8334567901679497,2.0504099223382397,1.821639474847033,1.8846950109600002
Mol2090,1.09961159,0,1.6038924168470172,1.554755591,1.6743138640605477,1.388175963471879,1.5936940377734405,1.28758353548
Mol2094,1.633205779,2,1.613802241359929,1.564500197,1.5982070078813997,1.496444081709373,1.610509448868019,1.4762500092699995
Mol2095,1.123165371,2,1.613802241359929,1.564500197,1.3531815918735692,1.2395888964133794,1.444654209396917,1.3328714733800004
Mol2096,0.68690427,3,1.6039384107940662,1.562506984,1.2243310116695514,1.2772372643121386,1.0329406068813145,1.2626991974599995
Mol2097,1.212400703,3,1.6039384107940662,1.562506984,1.4949102113416413,1.8844197833066456,1.4329687764987191,1.7627518728299996
Mol2098,1.997316472,4,1.6207589439737913,1.56944414,1.5520046455869572,0.8070981892280944,1.5158754476823821,1.3522019862399994
Mol2099,1.707493529,4,1.6207589439737913,1.56944414,1.6225426292187486,1.6166744249082674,1.3913235755399886,1.5359622650700004
Mol2100,2.436576064,3,1.6039384107940662,1.562506984,1.9416277777302207,1.9678636601871342,2.0307670919866005,1.8678236940400006
Mol2101,1.301767669,3,1.6039384107940662,1.562506984,1.483560228858181,1.690042177375956,1.566375740930377,1.476795511860001
Mol2103,0.807196661,1,1.6073212362991152,1.554695053,1.381286422806557,1.1446778812049496,1.4030270470769937,1.3492834787499992
Mol2104,0.74390155,1,1.6073212362991152,1.554695053,1.5777517295668981,1.270234734338445,1.6368475932276008,1.208360662460001
Mol2106,1.226161523,2,1.613802241359929,1.564500197,1.7513900326475262,1.470238576541149,1.5295521043028677,1.7253982780600003
Mol2107,2.077575009,0,1.6038924168470172,1.554755591,1.7035747192728505,1.3837494328225488,1.605287675873218,1.5815082577100008
Mol2109,1.646403726,0,1.6038924168470172,1.554755591,1.4859947811856682,1.1748134915204178,1.2941341115849339,1.4373437459399998
Mol2110,1.432151214,1,1.6073212362991152,1.554695053,1.5825297487112011,2.0792158023106913,1.4829809523089463,1.7960851498000003
Mol2111,2.115364175,1,1.6073212362991152,1.554695053,1.7559217282705275,1.8170185939810475,1.811377009778048,1.6045574634500002
Mol2112,0.751587005,2,1.613802241359929,1.564500197,1.6260695485207077,0.9337038502621922,1.480636079327781,1.5644882335500003
Mol2113,2.1041353,4,1.6207589439737913,1.56944414,1.5428448091886924,2.595722212185944,1.495648891219945,1.7617732487600002
Mol2114,2.361629637,3,1.6039384107940662,1.562506984,1.5796074770940804,1.5818773048508046,1.3570065272415446,1.5333012916900006
Mol2115,1.80988279,3,1.6039384107940662,1.562506984,1.4363073227709289,1.432992581785792,1.4337621257223776,1.6456077033200005
Mol2116,1.201287854,4,1.6207589439737913,1.56944414,1.8431635277401797,0.9894450897810148,1.6324873729327305,1.4914827162700002
Mol2117,2.123841845,1,1.6073212362991152,1.554695053,1.6619140782278712,0.9209374926287637,1.814002569422853,1.49710450132
Mol2118,1.291146762,1,1.6073212362991152,1.554695053,1.9497820020354721,1.6288713426202608,1.7839895761162632,1.4652649342600004
Mol2119,1.564677898,2,1.613802241359929,1.564500197,1.6318881786183912,1.7330000734174202,1.64571503492988,1.44257640458
Mol2120,1.749094446,1,1.6073212362991152,1.554695053,1.87508569740822,1.6134740440174937,1.6246316176452418,1.52015222479
Mol2121,0.992420956,0,1.6038924168470172,1.554755591,1.4821879629863495,1.0412079702553263,1.3915348167311763,1.3764241329500007
Mol2122,2.01301428,1,1.6073212362991152,1.554695053,1.5124500591122096,1.4499082935608116,1.644014702838187,1.4440732761199997
Mol2123,1.256765838,2,1.613802241359929,1.564500197,1.3062833701247274,0.9994643792014855,1.2785053031620592,1.2146298708900007
Mol2125,1.710633471,0,1.6038924168470172,1.554755591,1.4933192915317473,2.5700023250659623,1.4192674559978427,1.6671285965100002
Mol2126,2.027512692,4,1.6207589439737913,1.56944414,1.4182188704902727,2.4264741977149713,1.4618815231297042,1.7939070117600011
Mol2129,1.892484179,1,1.6073212362991152,1.554695053,1.6824131312317296,1.975723427959383,1.399702687186309,1.5287864092399996
Mol2131,1.133858125,1,1.6073212362991152,1.554695053,1.4046176463832571,1.4075118011172547,1.5305554951452143,1.4497539262199999
Mol2133,2.282839546,3,1.6039384107940662,1.562506984,1.6335344418695208,2.2418145857418468,1.5844296110635083,1.6936973216299998
Mol2134,1.698213674,4,1.6207589439737913,1.56944414,1.4364800112089444,1.5551093219218763,1.3760100303866545,1.5452385381399996
Mol2136,1.38309693,3,1.6039384107940662,1.562506984,1.5468442616159521,1.528325588190401,1.4946685672838707,1.6781095083000008
Mol2138,1.521151165,0,1.6038924168470172,1.554755591,1.4425351179469672,1.4689145713480314,1.4707467966193994,1.5422227772700001
Mol2139,1.168644777,0,1.6038924168470172,1.554755591,1.6298657439343427,1.1088736233296395,2.0374713902624393,1.6093755902100002
Mol2142,2.0743629,1,1.6073212362991152,1.554695053,1.717968073253741,1.235110796340737,1.8956530304631294,1.3888717596099998
Mol2143,1.64823312,1,1.6073212362991152,1.554695053,1.4794727859546786,1.1947959922052003,1.5427958632694183,1.4456201920800007
Mol2145,1.342343711,1,1.6073212362991152,1.554695053,1.5665610343527754,1.4089405917928972,1.5729884087713402,1.4067028633700007
Mol2146,2.441157629,1,1.6073212362991152,1.554695053,1.6985353535437588,1.7210600925019164,2.0137440856893907,1.4885003663900007
Mol2148,1.207149453,0,1.6038924168470172,1.554755591,1.6081107294258092,1.5627126995928389,1.5428381465304688,1.5155946053600007
Mol2149,2.448098501,0,1.6038924168470172,1.554755591,1.780388057603938,1.1595922411663366,1.9597675585813483,1.5641682638399999
Mol2150,0.959613711,4,1.6207589439737913,1.56944414,1.6943796574553744,1.086033349238662,1.7182913922301173,1.3321053061999997
Mol2151,0.882809041,1,1.6073212362991152,1.554695053,1.795880289757072,1.537741196541818,1.8543271523071336,1.59807752051
Mol2152,1.777738475,4,1.6207589439737913,1.56944414,1.7678839317950135,1.7717415457898558,1.6796867565638047,1.7645833017900001
Mol2153,2.117606004,1,1.6073212362991152,1.554695053,1.743014129932114,1.4779023186699372,1.826838121642744,1.474974931740001
Mol2154,1.878084984,3,1.6039384107940662,1.562506984,1.5889602687079516,2.171378381172725,1.4324866379842558,1.6756436190299997
Mol2155,1.46386314,0,1.6038924168470172,1.554755591,1.491862968892717,1.7275033576331353,1.4595552565060177,1.5265582377999993
Mol2159,1.216746334,1,1.6073212362991152,1.554695053,1.5997592560125407,1.0465717463072124,1.8208740451684438,1.4406308620599992
Mol2162,1.064532861,3,1.6039384107940662,1.562506984,1.5441951377567986,1.3008301293648623,1.4577386168998792,1.2165593642399999
Mol2163,1.136815658,3,1.6039384107940662,1.562506984,1.422427526814918,1.3957774257783764,1.3692823656188886,1.25136372627
Mol2168,1.374730021,2,1.613802241359929,1.564500197,1.3924369817992328,1.2509117019136402,1.523554122495403,1.3865218919500009
Mol2169,2.39006211,0,1.6038924168470172,1.554755591,1.770281634399294,1.876566067426551,1.9125786660327353,1.817893016770001
Mol2170,2.613674835,0,1.6038924168470172,1.554755591,1.4229133861568124,1.9759688177051675,1.29982273681629,1.6287051486200008
Mol2171,1.203141719,0,1.6038924168470172,1.554755591,1.5924892790738323,1.8012649204280737,1.6072160019011752,1.575169489860001
Mol2172,2.515428729,3,1.6039384107940662,1.562506984,1.7049746965850925,1.677446087815807,1.622564642665993,1.6688407810899994
Mol2173,0.791409916,2,1.613802241359929,1.564500197,1.4136946600897142,1.1474015020969828,1.286960486732982,1.5445537434800007
Mol2174,2.117234827,0,1.6038924168470172,1.554755591,1.4216998065431379,0.5642443934146185,1.620246471611974,1.2982126172900004
Mol2175,2.10818942,3,1.6039384107940662,1.562506984,1.692187243056352,2.12143553147726,1.4535292596673608,1.9728902809400009
Mol2177,1.158573556,0,1.6038924168470172,1.554755591,1.550121746132509,1.7046314441092996,1.4792322790018795,1.51710762995
Mol2178,1.286209386,0,1.6038924168470172,1.554755591,1.3653047873055257,1.4478013932734835,1.3313313280083532,1.4178364794200002
Mol2179,1.624292412,1,1.6073212362991152,1.554695053,1.6506981418741347,1.7820713953667562,1.705521366016752,1.5595506873000007
Mol2180,0.837651558,1,1.6073212362991152,1.554695053,1.2755778190874478,1.0926385900551212,1.2477279807024337,1.1903713661
Mol2181,1.404337585,0,1.6038924168470172,1.554755591,1.1719103065243883,1.341992915424617,1.133421330668013,1.4993818848699993
Mol2182,1.543074235,2,1.613802241359929,1.564500197,1.5136900632401455,1.5924020403744519,1.2854552738144562,1.6084956976400009
Mol2183,2.12602745,4,1.6207589439737913,1.56944414,1.5285528128495878,2.2898940864997743,1.7392441836989763,1.6336995552099998
Mol2184,1.177276711,3,1.6039384107940662,1.562506984,1.6167486188350382,1.2934913681748572,1.6730284396738069,1.5910388267699997
Mol2186,1.217720768,4,1.6207589439737913,1.56944414,1.5216754227871463,1.2872668206364186,1.4416715743710231,1.3931363341
Mol2187,1.808946556,1,1.6073212362991152,1.554695053,1.5638481613420907,1.5918347015926546,1.7272316655670608,1.5520061431299996
Mol2188,1.572999317,3,1.6039384107940662,1.562506984,1.4368920842700246,1.4919552017936992,1.4356177644556412,1.5413567795500003
Mol2189,1.719588141,1,1.6073212362991152,1.554695053,1.424102812031342,1.4611757386896036,1.2229781713080181,1.35820287778
Mol2190,2.995822033,3,1.6039384107940662,1.562506984,1.8774643298444895,2.3133735488721903,2.030903852603363,1.8202473960899994
Mol2191,1.250639534,2,1.613802241359929,1.564500197,1.376507893846781,1.8304964564977801,1.6364394888567346,1.6675971941500003
Mol2194,1.981184137,2,1.613802241359929,1.564500197,1.7606208147889417,1.8456223853793283,1.9956962170426165,1.6747766877300005
Mol2196,1.176756667,0,1.6038924168470172,1.554755591,1.8136822779571533,1.5819117081206322,2.0659464982634983,1.48239198346
Mol2197,2.074893203,3,1.6039384107940662,1.562506984,1.607158433664763,1.7530584493833545,1.496884682140971,1.4856916242900002
Mol2198,2.220748592,0,1.6038924168470172,1.554755591,1.4779840995399858,1.8616096275083924,1.4552030373371172,1.8132230765200001
Mol2199,0.907411361,0,1.6038924168470172,1.554755591,1.3610567406989862,1.5320669962822335,1.121208371907646,1.4603721876900002
Mol2201,1.0548045,1,1.6073212362991152,1.554695053,1.8346550396287862,1.5602016352509747,1.5214526391316447,1.6098872366899997
Mol2204,1.057399817,2,1.613802241359929,1.564500197,1.7625062346173352,1.3740717417400454,1.8915514930963742,1.4674618043
Mol2205,1.80260271,1,1.6073212362991152,1.554695053,1.5041416941842967,1.7034163208934574,1.3413876468795392,1.516101479879999
Mol2206,1.83653931,1,1.6073212362991152,1.554695053,1.6711300817885193,1.1897825089640595,1.7533483927052216,1.5438934966900002
Mol2207,2.538235566,0,1.6038924168470172,1.554755591,1.8451180985189681,2.178549472341005,1.9166158788199306,1.8736148368499996
Mol2210,1.650773629,4,1.6207589439737913,1.56944414,1.7754487596934574,1.697109664220082,1.9956304408631498,1.4102966037800004
Mol2211,0.937517892,3,1.6039384107940662,1.562506984,1.726168916233131,1.7239839438210915,1.5649401472878273,1.7488447764199995
Mol2212,1.208548842,1,1.6073212362991152,1.554695053,1.5814891039634706,1.9174423310238846,1.8127939713552814,1.7063288604800004
Mol2213,0.753812784,3,1.6039384107940662,1.562506984,2.113253247905709,1.8439329255176453,1.9408255744777199,1.697907567370001
Mol2214,2.020547724,0,1.6038924168470172,1.554755591,1.503815864431584,1.4573823411332367,1.6062561695275728,1.64862191352
Mol2216,1.386659455,4,1.6207589439737913,1.56944414,1.6120232922369815,1.3095535964979448,1.5293814952207774,1.4590003627000008
Mol2217,2.08089333,0,1.6038924168470172,1.554755591,1.4471590415729936,2.1185679594115254,1.2836268786497549,1.5580123632799996
Mol2218,2.101265785,4,1.6207589439737913,1.56944414,1.560271044702776,1.510511035628316,1.3413333163025822,1.5294128992499998
Mol2220,1.387425423,1,1.6073212362991152,1.554695053,1.5141445900692718,1.7964555243137703,1.5656771896986055,1.4464752522499997
Mol2221,1.14245204,0,1.6038924168470172,1.554755591,1.700451183682976,1.376091468090028,1.6609283615022128,1.3609883450499998
Mol2223,1.416474079,0,1.6038924168470172,1.554755591,1.5350320753665243,1.2160989516880678,1.5927720218460488,1.4940595730999993
Mol2224,0.919025765,4,1.6207589439737913,1.56944414,1.593503641187449,0.9100988238516818,1.5827832754007856,1.2976338439200004
Mol2225,1.256332818,1,1.6073212362991152,1.554695053,1.6602541444853898,2.249690610069608,1.6722134422428658,1.8443357164299985
Mol2229,1.564879018,4,1.6207589439737913,1.56944414,1.661187428872773,1.1238214223022835,1.5998641912639673,1.5291655083700002
Mol2230,1.082928915,0,1.6038924168470172,1.554755591,1.3631513102729735,1.4191431735425801,1.1565006288229511,1.505066776240001
Mol2231,0.986278956,3,1.6039384107940662,1.562506984,1.2904256265599463,1.2214657362614998,1.0469276671396288,1.3898241250800007
Mol2232,1.520588327,2,1.613802241359929,1.564500197,1.7573632994425181,1.1177150760200965,1.893774904929015,1.46899532576
Mol2234,1.244103863,0,1.6038924168470172,1.554755591,1.5288301813991871,1.4430582017083113,1.614825393219679,1.50672654454
Mol2235,1.482273157,3,1.6039384107940662,1.562506984,1.7560105629350629,1.889325320940599,1.758446825275093,1.5513466623599996
Mol2236,0.787956123,4,1.6207589439737913,1.56944414,1.6914572938930057,0.6684616275760781,1.646296729738437,1.6497714796499998
Mol2237,0.705692697,0,1.6038924168470172,1.554755591,0.9318053913308019,1.4684882238651706,1.510567180698697,1.70286753255
Mol2238,1.964160594,1,1.6073212362991152,1.554695053,1.5131222294283326,1.6593240060685612,1.403637495293845,1.75702150114
Mol2239,1.960090068,2,1.613802241359929,1.564500197,1.6286495365958658,1.7233117417423025,1.4693234492172627,1.51786939063
Mol2240,1.503041253,4,1.6207589439737913,1.56944414,1.6840197778565233,1.708783077410457,1.78198539243027,1.5256034361600004
Mol2241,1.625353614,2,1.613802241359929,1.564500197,1.5696018233809343,1.6092605123862447,1.5161181462260396,1.5497591305999998
Mol2242,1.248708736,3,1.6039384107940662,1.562506984,1.6348833951774484,1.3934590188429463,1.4876303443789263,1.6266645425899997
Mol2243,1.397870516,4,1.6207589439737913,1.56944414,1.4940535964058008,1.0139932926150907,1.4075416071695526,1.247019167780001
Mol2244,2.163113648,0,1.6038924168470172,1.554755591,1.4321279973125125,2.1194717455280547,2.082436403402399,1.924134325019999
Mol2246,1.376704672,1,1.6073212362991152,1.554695053,1.6149924743975517,1.3935239376457047,1.7304441089773308,1.3006368123
Mol2247,2.145867381,4,1.6207589439737913,1.56944414,1.6262494832711272,1.5629381374118294,1.6895440819758516,1.5213475854999998
Mol2248,1.254403046,4,1.6207589439737913,1.56944414,1.523790857397226,1.2325680636524554,1.3201292735986772,1.4178798920799998
Mol2251,1.472258992,0,1.6038924168470172,1.554755591,1.2796992107437133,1.1632316865108783,1.2213245111749131,1.4055656877799998
Mol2252,1.292056605,2,1.613802241359929,1.564500197,1.5466340123131868,1.3236481971562672,1.5230256122310508,1.35001228469
Mol2254,0.888516461,1,1.6073212362991152,1.554695053,1.4993610561317796,1.3868525933628963,1.5142319633548025,1.3045570363999999
Mol2255,1.521974472,2,1.613802241359929,1.564500197,1.6490795781872516,1.6015453517633917,1.6018687488782843,1.8131743892899994
Mol2256,2.801293236,4,1.6207589439737913,1.56944414,1.9205215989505284,1.945310516349268,1.9342024268221698,1.9816861038600015
Mol2258,1.449447542,2,1.613802241359929,1.564500197,1.7637840343882407,1.858306159817014,1.6767056979685995,1.5041069183599993
Mol2259,1.720969231,2,1.613802241359929,1.564500197,1.363394961542794,1.6771810490463408,1.4011176072003468,1.4309063564500002
Mol2260,0.882011962,3,1.6039384107940662,1.562506984,1.3731965737825906,0.6562573814870674,1.2040736704584083,1.2718371224100007
Mol2263,0.804684515,4,1.6207589439737913,1.56944414,1.7417873808846083,2.092072956492241,1.738405354576947,1.7503553371900011
Mol2265,0.721398376,3,1.6039384107940662,1.562506984,1.439621981379349,1.2238853987594815,1.5011276414550443,1.4848466414300003
Mol2266,2.362331652,0,1.6038924168470172,1.554755591,1.6458849346760605,1.9419262622853024,1.808747598603139,1.8106895758199997
Mol2267,0.800854492,0,1.6038924168470172,1.554755591,1.7364600118334628,1.261061343189911,1.8216650194123307,1.3444334454499998
Mol2269,2.369189873,3,1.6039384107940662,1.562506984,1.4760066667873082,1.646405133725131,1.5498635992563472,1.7794067646300002
Mol2272,1.941302683,1,1.6073212362991152,1.554695053,1.4165768967090575,0.680922918811381,1.1091220621520437,1.3559588942199996
Mol2273,2.285411019,0,1.6038924168470172,1.554755591,1.43648285972748,1.5130105518857735,1.7177395412831502,1.46049190995
Mol2274,1.259522207,1,1.6073212362991152,1.554695053,1.524741165861832,2.0914335813945684,1.6834525845112978,1.68530368743
Mol2277,1.81973472,2,1.613802241359929,1.564500197,1.8597553719582975,1.4056136269091126,2.0605179172296637,1.4468941397300004
Mol2279,1.095901279,4,1.6207589439737913,1.56944414,2.061796261328519,1.986894278101168,1.8158602939128725,1.7535755427799995
Mol2282,2.210973615,4,1.6207589439737913,1.56944414,1.3622936050685144,1.183314471181741,0.9671119904751361,1.3711716409099994
Mol2283,1.530250939,0,1.6038924168470172,1.554755591,1.6110746764100454,1.6491377454815503,1.5709619065903353,1.3824303658200003
Mol2284,1.299093072,4,1.6207589439737913,1.56944414,1.334165896941191,1.4405356592839083,1.2157737171149,1.55745436709
Mol2285,0.858236335,0,1.6038924168470172,1.554755591,1.6188830635766225,1.5511250624736712,1.7346616515498072,1.52823893797
Mol2286,2.555778619,3,1.6039384107940662,1.562506984,1.8703553670794237,2.5443736138080197,2.2768945202135367,2.2852130628999996
Mol2287,0.97386645,2,1.613802241359929,1.564500197,1.6553111003906302,1.1715887213534317,1.6779383654734008,1.1954348220800006
Mol2288,3.128647043,1,1.6073212362991152,1.554695053,1.6985047133072269,2.018903689912884,1.8412273556413645,1.9194158666499999
Mol2289,1.321432717,4,1.6207589439737913,1.56944414,1.573147055938987,1.3518448207302596,1.7349275774084167,1.55274383976
Mol2290,1.422130026,2,1.613802241359929,1.564500197,1.5703067406668307,1.5150435455575737,1.421832477795373,1.5910673219600002
Mol2291,1.821592127,2,1.613802241359929,1.564500197,1.720873747117244,1.8837316329875469,1.7494861293544792,1.5343128724900006
Mol2293,1.179637952,4,1.6207589439737913,1.56944414,1.402799670982392,1.3404988926074766,1.2787837067570815,1.5603014500700005
Mol2294,1.96363202,0,1.6038924168470172,1.554755591,1.566767718379299,2.418325720344869,1.563481675862937,1.8768742233399993
Mol2295,1.272213037,4,1.6207589439737913,1.56944414,1.5126116765133255,1.6202744134518168,1.345518359144872,1.3730444750300008
Mol2297,2.036780553,4,1.6207589439737913,1.56944414,1.958962459068704,1.8200418507782703,2.032308246657889,1.5417154600099996
Mol2298,1.713767664,0,1.6038924168470172,1.554755591,1.5633643068376357,0.8354987306137927,1.4812019529146698,1.4357848142400005
Mol2300,1.515038878,0,1.6038924168470172,1.554755591,1.5531062550885504,2.0426804298368166,1.673951173956236,1.6248417810100002
Mol2301,1.92224264,2,1.613802241359929,1.564500197,1.542664629083321,1.3752365589949584,1.5698268618246964,1.4564107019299999
Mol2304,1.930623061,2,1.613802241359929,1.564500197,1.5752698734692607,1.674235938566424,1.6758440997208017,1.4836905474200006
Mol2306,1.260357642,3,1.6039384107940662,1.562506984,1.5579557964704067,1.2922024267546453,1.5653262811171036,1.45179997092
Mol2309,1.686126613,2,1.613802241359929,1.564500197,1.690006332406917,1.6788729564437288,1.814354730700158,1.42460608484
Mol2310,2.92364496,1,1.6073212362991152,1.554695053,1.51225825461025,1.585039942848734,1.4335082662716223,1.50287972499
Mol2311,0.963929422,0,1.6038924168470172,1.554755591,1.5459884034250209,1.9793318166920202,1.536116708070405,1.6883920740099998
Mol2312,0.685831275,4,1.6207589439737913,1.56944414,1.5304726836925613,1.2912024358855294,1.5393849524635377,1.64517270923
Mol2313,2.988805463,1,1.6073212362991152,1.554695053,1.7257459188229696,1.4968437794013374,1.7968772772425492,1.6430877791500007
Mol2314,1.346313847,2,1.613802241359929,1.564500197,1.468247065800016,0.86675166890605,1.357512065986915,1.4027810240499996
Mol2316,1.219663101,1,1.6073212362991152,1.554695053,1.4729409604203703,1.8242545339715779,1.201498080546976,1.55311971318
Mol2318,1.26131046,1,1.6073212362991152,1.554695053,1.3186389650126509,0.8521832569972032,1.5097129065259625,1.3964391008900001
Mol2320,1.640898636,0,1.6038924168470172,1.554755591,1.6630782003001756,0.9527944674367018,1.6410992144223073,1.34080378889
Mol2321,1.321494867,4,1.6207589439737913,1.56944414,1.5420542080288748,1.5155081965466715,1.4215612012241308,1.6450763211599997
Mol2322,1.71590311,3,1.6039384107940662,1.562506984,1.6633737867981273,1.651780275514798,1.9716297385144816,1.6185723313199996
Mol2323,1.323685147,1,1.6073212362991152,1.554695053,1.3363706914403606,0.9615910591947838,1.2456453778488874,1.2886639289600001
Mol2324,2.214263518,0,1.6038924168470172,1.554755591,1.4523087699726334,1.5962435020457844,1.6507686469286307,1.5618469663700003
Mol2326,1.762903529,0,1.6038924168470172,1.554755591,1.6447631080011527,1.176205738970142,1.5876492118016787,1.38057155744
Mol2328,0.797890483,2,1.613802241359929,1.564500197,1.8390510367256576,1.5371795041869016,1.6603954642940726,1.6956662178399995
Mol2329,0.818555779,0,1.6038924168470172,1.554755591,1.2167252130272046,1.5272734829596233,1.4621101710138544,1.6945850829799993
Mol2330,1.021520064,0,1.6038924168470172,1.554755591,1.3660517695399206,1.990677858993184,1.1087128888642417,1.6254862895999995
Mol2331,1.10503305,0,1.6038924168470172,1.554755591,1.773271723016339,1.5058705437016586,1.8194102887454076,1.6594983932300007
Mol2332,1.47444938,2,1.613802241359929,1.564500197,1.5277214028958805,1.9866118478071817,1.361520107592861,1.7684731252700001
Mol2334,2.10504328,4,1.6207589439737913,1.56944414,1.701382758838964,1.5982948207664973,1.514116387548758,1.5768416804299994
Mol2335,1.427112676,1,1.6073212362991152,1.554695053,1.7041436953374707,1.8736930491879202,1.410386183108646,1.7837640436399993
Mol2336,1.155062619,0,1.6038924168470172,1.554755591,1.527594620951136,1.4991121798237588,1.3950169143821087,1.5239287209700003
Mol2337,1.942677591,3,1.6039384107940662,1.562506984,1.5682147948388139,1.6441321693270257,1.2661916431888351,1.4163863639799998
Mol2339,1.663738607,3,1.6039384107940662,1.562506984,1.718507441632049,1.7111817822983435,1.8581216513071077,1.84027140941
Mol2342,0.961468555,0,1.6038924168470172,1.554755591,1.3667773791250946,1.2136473050097265,1.012847959990172,1.2997956678600002
Mol2343,1.137607271,2,1.613802241359929,1.564500197,1.5477535555861774,1.4893256428924504,1.4456593580828183,1.40048985672
Mol2344,1.346685415,0,1.6038924168470172,1.554755591,1.6131528200095924,1.6047107491012378,1.5405174482329218,1.6731089990799999
Mol2348,0.893539844,4,1.6207589439737913,1.56944414,1.1337896094627,1.014130220220465,1.305641175136187,1.3694219851400007
Mol2349,0.927934682,2,1.613802241359929,1.564500197,1.2834803879196401,1.4253893956381525,1.5118306144580294,1.5461873379499997
Mol2350,1.515582451,2,1.613802241359929,1.564500197,1.7119961337820735,1.0063541047926612,1.616179305502336,1.3747192962000006
Mol2351,1.346704962,2,1.613802241359929,1.564500197,1.5880812716588595,2.0358374968381794,1.4463591780883462,1.8951397795199996
Mol2354,1.334915948,4,1.6207589439737913,1.56944414,1.5939093911872073,1.945328277490404,1.8096934901789155,1.6897440663100003
Mol2355,2.02750454,2,1.613802241359929,1.564500197,1.5054475544393275,1.6090119939389065,1.2896103838008313,1.4881209807599998
Mol2356,1.427518566,2,1.613802241359929,1.564500197,1.4746327281747338,1.474335026306762,1.6872881242508808,1.6791003417400003
Mol2357,2.089389301,0,1.6038924168470172,1.554755591,1.7527240451528416,1.7071183723887637,1.5601126320974534,1.7740702349400008
Mol2361,2.08089333,2,1.613802241359929,1.564500197,2.03202732716036,1.6882852401026673,1.6764568411747702,1.5372108294700002
Mol2362,2.374271643,1,1.6073212362991152,1.554695053,1.4809241493851435,1.8186525726642757,1.7339147739603806,1.64637032385
Mol2364,1.455864635,4,1.6207589439737913,1.56944414,1.6938940463915328,2.2680061803187126,1.6758481989506067,1.7935802245200012
Mol2365,2.123531517,4,1.6207589439737913,1.56944414,1.5381039590550296,1.6337342206859673,1.5019274562290332,1.4636861595199995
Mol2369,1.572464987,2,1.613802241359929,1.564500197,1.539125902700878,1.7451330408103902,1.1623797529824058,1.809269229390001
Mol2370,2.651701439,0,1.6038924168470172,1.554755591,1.7326937935625457,1.6265554756605165,1.5859545956556604,1.6535230998600001
Mol2371,1.02881517,1,1.6073212362991152,1.554695053,1.5060791542618959,1.355025460213602,1.3631755756408186,1.5558076759999995
Mol2372,1.425469006,0,1.6038924168470172,1.554755591,1.7710386667235332,1.1272647774254876,1.8051133635579781,1.2894095863100004
Mol2373,0.82445127,2,1.613802241359929,1.564500197,1.3656518035259508,1.279643471616493,1.5107701744330788,1.5041077750800003
Mol2378,1.970035226,1,1.6073212362991152,1.554695053,1.5001881545564275,1.229194877318384,1.5470149481129227,1.3695371646599996
Mol2380,1.575441879,3,1.6039384107940662,1.562506984,1.3849239010418417,1.4304817398952077,1.2226956094455899,1.54987273249
Mol2381,1.641493941,0,1.6038924168470172,1.554755591,1.3434193148301183,1.3857091675551916,1.4306873949131833,1.5418688691200004
Mol2384,1.332155571,0,1.6038924168470172,1.554755591,1.6597879974470713,1.6289396278314119,1.9489151683869537,1.6865748664799998
Mol2387,0.931254406,4,1.6207589439737913,1.56944414,1.3215815083321474,0.9906410433117199,1.0137849351142862,1.3977763635199993
Mol2389,1.168556407,2,1.613802241359929,1.564500197,1.5803025124212364,1.7138487638162578,1.6723596156602307,1.4097357711000003
Mol2391,1.706700717,0,1.6038924168470172,1.554755591,1.4706035589704862,0.7740774895472664,1.5210349393504865,1.5288248612300008
Mol2393,1.562946788,4,1.6207589439737913,1.56944414,1.4980954019720076,1.5663217915307326,1.7905322536837287,1.6505863966599998
Mol2395,2.341284128,1,1.6073212362991152,1.554695053,1.7299777850444116,1.6466910598257671,1.9959335246811643,1.5665760053100013
Mol2397,1.69634765,2,1.613802241359929,1.564500197,1.3984182952630237,1.3168008046297832,1.6979574530493178,1.3960574562000003
Mol2398,1.430268606,3,1.6039384107940662,1.562506984,1.4092426166725718,1.3903678974802123,1.254984503979447,1.6179689863299997
Mol2400,1.575291786,0,1.6038924168470172,1.554755591,1.211747437293101,1.4220674463180443,1.2753615673863568,1.4008510718300002
Mol2401,0.723947976,0,1.6038924168470172,1.554755591,1.3971698102093555,1.5043296508147235,1.0933413234456903,1.5354839867300003
Mol2402,2.831560733,4,1.6207589439737913,1.56944414,1.575316874012924,2.131564192357513,1.4140226670714924,1.84314579543
Mol2403,1.424669336,3,1.6039384107940662,1.562506984,1.550987108731106,1.3717025994964227,1.3800772687487342,1.5746841067199993
Mol2404,1.434185534,3,1.6039384107940662,1.562506984,1.6161279601678047,1.6131982823415685,1.5893798872962797,1.3541229160400006
Mol2405,1.813207241,3,1.6039384107940662,1.562506984,1.4662457534279618,1.1621750631844636,1.8015772074844285,1.40253570917
Mol2406,2.170475875,1,1.6073212362991152,1.554695053,1.7715654853797587,1.9231683259674153,2.066489258603889,1.5189528226699998
Mol2407,0.951677437,4,1.6207589439737913,1.56944414,1.6134564942528378,2.381724881457764,1.495801161935399,1.7763894085599998
Mol2408,1.575845718,0,1.6038924168470172,1.554755591,1.4391400803615655,1.4705865153358295,1.3249450633859934,1.6407188439200002
Mol2409,1.433625845,3,1.6039384107940662,1.562506984,1.6668511892715825,1.9046748706131817,1.6409837236819271,1.7663546261200003
Mol2410,1.664068178,3,1.6039384107940662,1.562506984,1.7780935223610197,1.7230421564902039,1.950753396235587,1.5411858409699999
Mol2411,0.865932668,1,1.6073212362991152,1.554695053,1.533165124310158,1.1979920413351166,1.6175266210333854,1.2580769230300004
Mol2413,1.113575717,0,1.6038924168470172,1.554755591,1.4297496464813002,1.4046108859041644,1.448933529245025,1.4260436881
Mol2417,2.296162609,4,1.6207589439737913,1.56944414,1.6566890158286929,1.9123726628627589,1.7890669689368262,1.607035657130001
Mol2419,1.140696553,4,1.6207589439737913,1.56944414,1.59810171239501,1.4185807832506958,1.4941133141969793,1.3819535294200005
Mol2420,1.354223723,1,1.6073212362991152,1.554695053,1.4512330355370324,1.8211069843277208,1.349089068715204,1.5922326436399998
Mol2422,2.088671093,4,1.6207589439737913,1.56944414,1.8872064619546003,1.9350172403575043,1.8300923538327987,1.6382991882200013
Mol2425,0.898999271,4,1.6207589439737913,1.56944414,1.4374280278455736,1.087726767324743,0.9435039627073358,1.3361788867400002
Mol2427,1.049334336,2,1.613802241359929,1.564500197,1.3284528553063506,1.2217017860797867,1.1849808358305745,1.4468890413299997
Mol2429,2.626439946,3,1.6039384107940662,1.562506984,1.7943829152548405,2.4690552271560247,1.844355850394397,1.9979284455999997
Mol2431,1.585031864,4,1.6207589439737913,1.56944414,1.6801623592571409,1.092166465372323,1.7250994414120746,1.37727500638
Mol2433,0.709524356,2,1.613802241359929,1.564500197,1.6472734532426885,0.9909863584188409,1.6562119664254589,1.36391395423
Mol2434,1.60686484,4,1.6207589439737913,1.56944414,1.4595222525842757,1.2442634609932715,1.1642190632898717,1.6604260183599997
Mol2435,1.732361589,3,1.6039384107940662,1.562506984,1.750963646036131,1.3829109387734377,1.620142819017997,1.6232764001000002
Mol2436,1.907368359,4,1.6207589439737913,1.56944414,1.4953712490917634,1.7713482363695707,1.13177182856685,1.629021789410001
Mol2437,1.055836851,0,1.6038924168470172,1.554755591,1.2974108833089104,1.3296274547308415,1.0141573164257038,1.4338113330400004
Mol2438,1.533606848,3,1.6039384107940662,1.562506984,1.6030784843689847,1.714293866403355,1.5595168629654694,1.5421856856300007
Mol2440,2.477524961,2,1.613802241359929,1.564500197,1.412282719499924,1.6336728317363933,1.5837790557983202,1.4883010500700002
Mol2442,1.309012349,4,1.6207589439737913,1.56944414,1.7976297459439254,1.7732629698855242,1.6211086819152862,1.5818773186000008
Mol2443,1.136530324,3,1.6039384107940662,1.562506984,1.4781863739154137,1.6456710561339651,1.4468895332778766,1.7594196129199997
Mol2444,1.563836919,2,1.613802241359929,1.564500197,1.6011112116808623,1.6527953338508932,1.6002144300559913,1.6899204031700001
Mol2445,2.57133026,3,1.6039384107940662,1.562506984,1.799209334102107,2.083913929779233,1.9619288387341036,1.6602600636699998
Mol2446,1.732305283,4,1.6207589439737913,1.56944414,1.4939552338883986,2.4242494536529837,1.4518196969187227,1.9040532773199998
Mol2447,1.852620263,3,1.6039384107940662,1.562506984,1.6132241524014945,1.2697982627275626,1.3945448019436855,1.35895010454
Mol2448,1.139060079,2,1.613802241359929,1.564500197,1.4731665572778962,1.1636641585369625,1.3680196465769603,1.421418523939999
Mol2450,1.607111741,4,1.6207589439737913,1.56944414,1.4340340738901776,1.3729578120096533,1.3867805873518924,1.5016353402700011
Mol2452,0.737272177,2,1.613802241359929,1.564500197,1.5635875926783644,1.6329953511560547,1.360087046747088,1.70235278182
Mol2453,2.299204298,3,1.6039384107940662,1.562506984,1.5141447927881295,1.055690278681983,1.3318742026356956,1.4062857007099996
Mol2454,2.593232885,4,1.6207589439737913,1.56944414,1.6576564999184127,1.9987797138959955,1.5731984201770661,2.0277576472300005
Mol2456,1.293958886,3,1.6039384107940662,1.562506984,1.740475305385262,1.2597244622831962,1.7446887092253176,1.38592750381
Mol2458,1.220787776,2,1.613802241359929,1.564500197,1.3189030119905594,1.0918397168672063,1.2181613530063498,1.2613476104700003
Mol2459,1.178026788,2,1.613802241359929,1.564500197,1.2407433732783801,0.9829932329688996,1.622195491210634,1.5804846337599994
Mol2460,1.375407533,2,1.613802241359929,1.564500197,1.6549135520295675,1.751507272076069,1.5721486962980444,1.4780826670899996
Mol2461,2.092731169,3,1.6039384107940662,1.562506984,1.5006589121595437,1.3868455254972802,1.3549486606355508,1.4835438167
Mol2462,1.821080984,3,1.6039384107940662,1.562506984,1.6330851234193524,1.630357845993528,1.719517094345131,1.4125201475800007
Mol2463,1.808879124,1,1.6073212362991152,1.554695053,1.672604796013114,1.8006227657081766,1.8301212402475309,2.0032378528699994
Mol2464,1.27567983,3,1.6039384107940662,1.562506984,1.4745364119440947,1.2969735287762612,1.31199235190249,1.4140654559199999
Mol2465,1.923197374,2,1.613802241359929,1.564500197,1.5369756931109817,1.8672577945322595,1.3386830458907304,1.9353467007800003
Mol2466,1.240923479,4,1.6207589439737913,1.56944414,1.3964249239602726,2.2392063477052577,1.4204850139402794,1.7764929305300015
Mol2467,1.579577829,1,1.6073212362991152,1.554695053,1.648545170505538,1.378974713826052,1.4902659347472917,1.57990746388
Mol2469,1.915204543,2,1.613802241359929,1.564500197,1.7258307678514826,2.0754215122040236,1.7198289074694026,1.7404754362700006
Mol2470,1.66225716,4,1.6207589439737913,1.56944414,2.4168728301943188,1.503643419657291,1.6481430312790994,1.63791574073
Mol2471,1.850155922,2,1.613802241359929,1.564500197,1.5637500992034636,1.633088857019879,1.5640362523253697,1.4872479932400007
Mol2472,1.824197451,3,1.6039384107940662,1.562506984,1.4797794101987323,1.7787581211664278,1.5445220168479472,1.5156580408800002
Mol2473,1.995424577,2,1.613802241359929,1.564500197,1.5710556421929134,1.4288712231662728,1.4281365818042335,1.4847727488999996
Mol2474,1.105476121,0,1.6038924168470172,1.554755591,1.300744947276396,1.175090359443148,1.3888490674402778,1.4078576652400008
Mol2475,1.177478783,1,1.6073212362991152,1.554695053,1.5206622783383803,1.3350909820321533,1.3620257073051383,1.6602816917000005
Mol2476,1.994031049,3,1.6039384107940662,1.562506984,1.5649878674312396,0.8550699668645134,1.5491298414518184,1.3761115735200002
Mol2477,2.291806033,4,1.6207589439737913,1.56944414,1.792437473440721,2.3203948230252633,1.9998902104174203,1.9073257635100003
Mol2478,2.175874058,4,1.6207589439737913,1.56944414,1.6714597154809618,1.2748521865815494,1.646099589741621,1.4299854897100004
Mol2479,1.179810223,3,1.6039384107940662,1.562506984,1.8413074058674814,1.9145738242307688,1.5357543549748227,1.4991646105999998
Mol2481,2.106068448,0,1.6038924168470172,1.554755591,1.51860958362101,1.8038960755496694,1.4470458981076717,1.7142378379600007
Mol2482,0.954290762,4,1.6207589439737913,1.56944414,1.6677499944577743,1.1503768260849057,1.8412463869780353,1.3306547846400003
Mol2484,0.813180533,2,1.613802241359929,1.564500197,1.528183962892225,2.162244641993837,1.216423412616965,1.8678222387699994
Mol2485,0.890309217,4,1.6207589439737913,1.56944414,1.3530210620520922,1.9095219628773887,1.616801034875356,1.8164050460999999
Mol2488,2.718688487,1,1.6073212362991152,1.554695053,1.2640420416698603,0.9658424436304596,1.436165128696663,1.2365913341999994
Mol2489,1.094051656,3,1.6039384107940662,1.562506984,1.6680914729139997,1.9112886684410166,1.760328981401558,1.63981804914
Mol2491,1.615466064,4,1.6207589439737913,1.56944414,1.5042292210903343,2.3279852303250177,1.4722604795013823,1.9192842770700005
Mol2493,1.111464152,1,1.6073212362991152,1.554695053,1.5401126694682064,1.7321046174021766,1.4176673224046488,1.60499521824
Mol2494,1.355853636,4,1.6207589439737913,1.56944414,1.737388944844919,2.27039884654495,1.7312574114910015,1.4615500812499997
Mol2495,1.706350738,2,1.613802241359929,1.564500197,1.3465835448134569,1.9575664396235082,1.372094487912608,1.6334659373099996
Mol2496,2.548436101,3,1.6039384107940662,1.562506984,1.481967381563791,1.3615245456770224,1.8176440075914573,1.4713413098600001
Mol2497,1.312008008,1,1.6073212362991152,1.554695053,1.3903425796026825,1.1440801797462887,1.5078263682121524,1.3342696634499995
Mol2498,0.803457116,4,1.6207589439737913,1.56944414,1.4279511291240357,1.2170808824269828,1.4790067470016917,1.41612725071
Mol2499,2.280539674,0,1.6038924168470172,1.554755591,1.6001340467676564,1.4354884457270214,1.463191518609054,1.7574100930099998
Mol2500,1.295215124,0,1.6038924168470172,1.554755591,1.5566258259320507,1.9309495874792026,1.5763240278061135,1.6408009715999992
Mol2501,1.808447305,0,1.6038924168470172,1.554755591,1.6446830686012663,1.7550115384856833,1.6754120598636035,1.8497604287100007
Mol2502,1.869255194,2,1.613802241359929,1.564500197,1.217643711553158,1.3985904937165667,1.3377272834205522,1.47092024585
Mol2504,0.853576544,2,1.613802241359929,1.564500197,1.4945325149471338,1.2045217047831525,1.5144834699290999,1.2646082912900003
Mol2505,1.179925032,1,1.6073212362991152,1.554695053,1.6246940388370592,1.8103990860003523,1.4054312189869143,1.6806311342
Mol2506,0.983851719,3,1.6039384107940662,1.562506984,1.4336235933163664,1.233845557423019,1.2782220755045095,1.2969725980000002
Mol2507,1.358011032,3,1.6039384107940662,1.562506984,1.3018891760458782,1.754939977277321,1.2501628449574467,1.6063232027599996
Mol2508,1.083395108,0,1.6038924168470172,1.554755591,1.4532484480523282,1.238091972022715,1.1885781029641367,1.2679400004800014
Mol2509,0.887561041,0,1.6038924168470172,1.554755591,1.4443204246531416,0.9604140197298601,1.2385235751229546,1.28282237585
Mol2510,1.659688064,0,1.6038924168470172,1.554755591,1.5217515771511732,1.8219927369047255,1.4156700869763146,1.71433516587
Mol2512,1.764213506,1,1.6073212362991152,1.554695053,1.762021959411186,1.5184750221686925,1.8182157931834035,1.5902910830400003
Mol2513,1.746400644,4,1.6207589439737913,1.56944414,1.7209024369539805,1.9580525749404325,2.026313497055547,1.8450500735100002
Mol2516,1.461843544,2,1.613802241359929,1.564500197,1.5868116001017185,1.3977814248096674,1.6859027856989601,1.5991398804899994
Mol2517,2.056447458,4,1.6207589439737913,1.56944414,1.4969612817062927,2.3414766825226176,1.4804654508788055,1.9088479120800008
Mol2518,2.629072023,3,1.6039384107940662,1.562506984,1.7249442858137085,1.8233607750848222,1.7302431343952684,1.6891598172099995
Mol2519,1.390846827,3,1.6039384107940662,1.562506984,1.5921105377883285,1.9234164807769538,1.5392392236949768,1.4814347776300008
Mol2520,0.936815231,0,1.6038924168470172,1.554755591,1.3389846635993732,1.03373289255447,1.2835785264351072,1.3105581694299995
Mol2521,1.331690426,1,1.6073212362991152,1.554695053,1.3616898786714091,1.0672924236135186,1.2260514503857063,1.1763037380600003
Mol2522,2.118813449,1,1.6073212362991152,1.554695053,1.523502289967047,1.7581320666417781,1.60227524499737,1.3950784065800002
Mol2524,1.674833595,2,1.613802241359929,1.564500197,1.6314523334166953,2.044237644682015,1.5967020945111055,1.6484883607999998
Mol2525,1.195650622,2,1.613802241359929,1.564500197,1.6754977041062151,1.508506039786774,1.9290367285700107,1.572579843620001
Mol2526,0.946157395,3,1.6039384107940662,1.562506984,1.529455584260543,1.5785293534643543,1.3644587255897656,1.5591016744200001
Mol2527,1.567191108,3,1.6039384107940662,1.562506984,1.6855421811124591,1.7174539862401366,1.8897186093175051,1.60084039812
Mol2529,0.702775078,2,1.613802241359929,1.564500197,1.3118676413676296,1.9336948171751402,1.3635488279296266,1.517153520429999
Mol2532,0.866346423,3,1.6039384107940662,1.562506984,1.3319959501551766,1.0138690491899758,1.1811756672607812,1.57086305061
Mol2533,0.682415862,2,1.613802241359929,1.564500197,1.544900359230691,1.44240917965901,1.2364702059564596,1.4805259102000001
Mol2534,1.383582005,2,1.613802241359929,1.564500197,1.4075187325709666,1.8690739959777714,1.0098368460147684,1.7763303977199991
Mol2535,2.426867334,1,1.6073212362991152,1.554695053,1.7340801698472825,1.9188119108890551,1.5071452992060288,1.7321512985
Mol2536,2.149625496,2,1.613802241359929,1.564500197,1.6938297833104594,1.9130601645848149,1.698975347903004,1.5771425539100001
Mol2537,2.647509132,2,1.613802241359929,1.564500197,1.6391748458619109,1.730894027229617,1.6317416867450847,1.7318182142999998
Mol2538,1.995959697,3,1.6039384107940662,1.562506984,1.4085627218646661,1.9461110221753686,1.3325859573737608,1.4023870231500002
Mol2539,1.963367491,2,1.613802241359929,1.564500197,2.0366401189350123,1.8208037901875558,1.6440872836394818,1.784214655500002
Mol2540,2.042843173,4,1.6207589439737913,1.56944414,1.0689076573691205,1.5977228978735782,1.5515398593256464,1.5472558587099998
Mol2543,2.259651208,4,1.6207589439737913,1.56944414,1.5119786722282667,1.2147252428198265,1.5971388508481106,1.53809678799
Mol2545,2.429718375,3,1.6039384107940662,1.562506984,1.7307614038353663,2.0239552114311756,1.8446714836339382,1.9217188657900008
Mol2547,1.542177858,0,1.6038924168470172,1.554755591,1.6208516934857133,1.2717633920350204,1.6222726111802481,1.4450307212299998
Mol2548,1.261405627,1,1.6073212362991152,1.554695053,1.6784281058948438,1.3424284596375662,1.8925731858225217,1.3865799347099996
Mol2549,1.635182049,1,1.6073212362991152,1.554695053,1.2949359953128112,1.6338326710111466,1.14205483642322,1.3784890598300006
Mol2550,1.374455052,3,1.6039384107940662,1.562506984,1.7470305501739438,1.7033684048830424,1.8941713681025738,1.4782309269599998
Mol2551,1.124634624,3,1.6039384107940662,1.562506984,1.540546500800854,1.8175807960676207,1.370934180857826,1.766850747089999
Mol2552,2.778966957,1,1.6073212362991152,1.554695053,1.654782185551605,2.1962019697453137,1.9097152630522982,2.0385790993799997
Mol2553,2.053527879,1,1.6073212362991152,1.554695053,1.518244690734483,1.568268631356366,1.6104526588534898,1.5583542613499999
Mol2557,2.511300347,2,1.613802241359929,1.564500197,1.5320253372547354,2.14856794846506,1.6582317937254942,2.1966308332199995
Mol2558,2.118420158,1,1.6073212362991152,1.554695053,1.4879662600714891,1.3612572025570109,1.4668376036839823,1.4901895701300003
Mol2559,1.1766121,1,1.6073212362991152,1.554695053,1.340850280635379,1.2739879486039862,1.236209468239363,1.4546812353299998
Mol2561,1.762566038,2,1.613802241359929,1.564500197,1.5888713956533116,1.8762318916575413,1.5499679994225217,1.72791390018
Mol2562,1.999748036,2,1.613802241359929,1.564500197,1.7228945778371973,1.3799893511247574,1.758767251394882,1.5615351682799998
Mol2563,2.31529425,4,1.6207589439737913,1.56944414,1.4935655911873693,1.284424400108043,1.2980138860209818,1.30340923854
Mol2565,1.764728927,1,1.6073212362991152,1.554695053,1.708126351371537,1.3445436724668547,1.494702333569825,1.37981513534
Mol2567,1.205312653,1,1.6073212362991152,1.554695053,1.5470748787305715,1.847613467011971,1.4894998859627586,1.6883217730600004
Mol2568,1.950506026,2,1.613802241359929,1.564500197,1.9878897710130987,2.0231105382868946,1.7239823544909734,1.43492848931
Mol2569,1.526804344,4,1.6207589439737913,1.56944414,1.4936331878729938,1.7245088744573895,1.85297304716384,1.824494920440001
Mol2571,0.692053365,2,1.613802241359929,1.564500197,1.4922680234315195,1.5598103180740903,1.318427578790996,1.6167572999999995
Mol2572,1.466823151,0,1.6038924168470172,1.554755591,0.9396027444339817,1.8136177664483069,1.6689531669341653,1.7611037431600003
Mol2573,2.412445427,1,1.6073212362991152,1.554695053,1.5447558175539207,2.609586287380731,1.7199002993337058,2.3126191518399994
Mol2574,0.854973674,3,1.6039384107940662,1.562506984,1.2747480891286274,1.3815199695982536,1.0434020661409913,1.74976262775
Mol2579,1.291768324,3,1.6039384107940662,1.562506984,1.656706274553255,1.7169864389560883,1.6323238214286124,1.6767648092600007
Mol2580,0.765519543,3,1.6039384107940662,1.562506984,1.3753093674836687,1.8639177120396027,1.1901560995780285,1.6020820379399994
Mol2581,1.529468854,0,1.6038924168470172,1.554755591,1.5245477293707237,2.0120756617438884,1.4399371003468937,1.7819443434900004
Mol2583,1.275334393,2,1.613802241359929,1.564500197,1.8169285634316863,1.3812323632110588,1.7093289071968334,1.6199271294400004
Mol2584,1.611925012,0,1.6038924168470172,1.554755591,1.5897620692175471,1.4227567404009673,1.3779132410454815,1.5635279925799999
Mol2586,1.094296397,0,1.6038924168470172,1.554755591,1.355000327183538,1.4458695445024587,1.0787347309757518,1.4219938143500004
Mol2587,1.262759495,1,1.6073212362991152,1.554695053,1.4491157839635318,1.6843879097603085,1.3046395622343823,1.8666700968900005
Mol2589,0.860517677,1,1.6073212362991152,1.554695053,1.7386197735902096,1.5352339661314625,1.6225488872779315,1.6365289973499997
Mol2590,1.292743271,4,1.6207589439737913,1.56944414,1.3716817275348638,1.548811085196434,1.698678115867831,1.5469127163399998
Mol2591,1.552022986,1,1.6073212362991152,1.554695053,1.542501130325995,1.8466042953990758,1.6765851663091198,1.70326050243
Mol2594,2.402383484,3,1.6039384107940662,1.562506984,1.9047341685355197,1.8714169679361956,2.0153608595551593,1.5581927952000003
Mol2596,1.132803818,1,1.6073212362991152,1.554695053,1.3099588379633431,1.3730969539959947,1.2772775391696096,1.3605752549599996
Mol2597,2.024777015,3,1.6039384107940662,1.562506984,1.7787808250292654,1.5937369012280482,1.9112526898583246,1.6691441493199994
Mol2598,2.007939713,4,1.6207589439737913,1.56944414,1.7362884405440475,1.5359251647445187,1.787446991760296,1.4046964448000014
Mol2599,1.941317597,4,1.6207589439737913,1.56944414,1.8049470714891354,1.4562607789794528,2.0286317294447738,1.3186080429700007
Mol2600,1.882638362,3,1.6039384107940662,1.562506984,1.8933685535259843,1.284441557034266,2.2004891223624212,1.34581558919
Mol2601,1.380826057,4,1.6207589439737913,1.56944414,1.3202977923011798,1.0367557996751,1.4238151976271147,1.3637594715999994
Mol2602,2.159209144,3,1.6039384107940662,1.562506984,1.4545278384699678,0.8655015291085252,1.3636367558592122,1.2970962168100006
Mol2603,0.713742478,4,1.6207589439737913,1.56944414,1.2951406826681944,1.5282280148762484,1.2762165492990263,1.50351247033
Mol2605,2.600096893,2,1.613802241359929,1.564500197,1.780478917272474,2.3179059119532024,1.7390971815092344,2.027716119670001
Mol2606,1.221231613,1,1.6073212362991152,1.554695053,1.4488443543004719,0.9874085489039248,1.3127645889771435,1.144527694560001
Mol2607,1.096249383,4,1.6207589439737913,1.56944414,1.4332189269746767,1.3325864367680347,1.7516985870168265,1.397657666
Mol2609,1.789623012,3,1.6039384107940662,1.562506984,1.7643158524184126,1.680110419680687,1.8758100157817963,1.5644442427100003
Mol2612,0.870462432,4,1.6207589439737913,1.56944414,1.4474244538428127,0.9504701246896717,1.1336327231656913,1.1491236610099995
Mol2613,1.708803183,1,1.6073212362991152,1.554695053,1.857122530906632,1.7530124509299645,1.8490199498434479,1.5303403855000004
Mol2615,1.20054956,3,1.6039384107940662,1.562506984,1.5602761888887802,1.7571047577747272,1.5649489113873711,1.623138451570001
Mol2616,0.762078087,3,1.6039384107940662,1.562506984,1.7631322907568263,1.4667919763988246,1.881229631121738,1.6512149556300009
Mol2617,0.933942603,0,1.6038924168470172,1.554755591,1.5099029908171582,1.5619246637295419,1.608586054782914,1.5438711848500009
Mol2618,1.704502273,2,1.613802241359929,1.564500197,1.6549870708735286,1.8730660923406253,1.8803563288385403,1.9455507287100005
Mol2619,1.05219358,1,1.6073212362991152,1.554695053,1.6509914672734092,1.6466008669848655,1.7075549639774288,1.5831642388800002
Mol2620,1.539176502,3,1.6039384107940662,1.562506984,1.6378145126044235,1.674064328133548,1.5802480948604996,1.7084178607800007
Mol2624,2.374878432,0,1.6038924168470172,1.554755591,1.456586154117767,1.646303827405815,1.6042038696965548,1.6336139342900002
Mol2628,2.144642693,4,1.6207589439737913,1.56944414,1.9492328550155125,2.0628616365303514,2.037474231683673,1.5252294893600002
Mol2630,1.761431648,4,1.6207589439737913,1.56944414,1.5034608688228899,1.5897574870630873,1.4988307870467974,1.59223685328
Mol2631,2.266417514,1,1.6073212362991152,1.554695053,1.440020367616092,1.5103796949546446,1.7796387249287045,1.4110419186900005
Mol2632,2.081203239,0,1.6038924168470172,1.554755591,1.6447631080011527,1.125697094529995,1.5876492118016787,1.4183651862800002
Mol2633,1.711630102,0,1.6038924168470172,1.554755591,1.5396356374853721,2.104744655335282,1.7799886925068487,1.7107941335700008
Mol2636,1.018742096,0,1.6038924168470172,1.554755591,1.5586798563550455,1.4378594966600007,1.4932907179515802,1.4600820557000003
Mol2637,1.098297536,4,1.6207589439737913,1.56944414,1.5443131969090922,1.0849570891446385,1.4250005478335053,1.36182306493
Mol2639,1.100611753,2,1.613802241359929,1.564500197,1.5213598289852328,1.7131594266974202,1.3619823342622965,1.7661988043300005
Mol2641,0.954628378,4,1.6207589439737913,1.56944414,1.5469960505541862,2.3018348758290252,1.393333383439726,1.8837387950999993
Mol2642,1.02596091,1,1.6073212362991152,1.554695053,1.5256211401909208,1.534362109407108,1.5266699631563574,1.5892357198200002
Mol2645,1.265030198,3,1.6039384107940662,1.562506984,1.4542760694583081,2.03517408396485,1.595876903759094,1.5588359505100005
Mol2646,2.311514403,4,1.6207589439737913,1.56944414,1.8719098690418075,1.148746227189474,2.0584898953335564,1.9038853108499996
Mol2647,1.909775261,4,1.6207589439737913,1.56944414,1.7322784384254466,1.2808026829832486,1.4643047994222038,1.7041391311699998
Mol2648,2.05330514,2,1.613802241359929,1.564500197,1.631725976817425,1.8820023196178717,1.6736265779027975,1.7296137777200007
Mol2649,1.761950379,1,1.6073212362991152,1.554695053,1.698988645192361,0.810242827221844,1.8872328186863865,1.2735107905200003
Mol2651,1.505909329,0,1.6038924168470172,1.554755591,1.8346569490441393,1.271288538588188,2.2126081969776177,1.3081778394399997
Mol2652,0.941809473,2,1.613802241359929,1.564500197,1.3440150203978676,1.2859016460846995,1.384645563203232,1.3693241851800004
Mol2655,1.585990584,0,1.6038924168470172,1.554755591,1.4187878815140864,2.463491960217616,1.1910235411908707,1.5893550475700002
Mol2656,1.203576775,2,1.613802241359929,1.564500197,1.5352282030149138,1.7477984667711812,1.42561071317261,2.1046587795899994
Mol2657,1.270795253,3,1.6039384107940662,1.562506984,1.5588859589302124,1.3459762464360014,1.4839161953647493,1.3347703309099992
Mol2658,1.803341015,1,1.6073212362991152,1.554695053,1.6808742030631258,0.8355386611423015,1.7287283086539418,1.2752111596700002
Mol2659,1.098158983,3,1.6039384107940662,1.562506984,1.6342272843710153,1.502596063084121,1.4844577191365251,1.2668640403800004
Mol2660,2.006448927,4,1.6207589439737913,1.56944414,1.6083974590436148,2.360440792824181,1.6570096922627826,1.8801411846999998
Mol2661,2.512300084,2,1.613802241359929,1.564500197,1.6298983729754486,1.5742578405727605,1.6171309745271747,1.5390153935099995
Mol2664,1.752632239,2,1.613802241359929,1.564500197,1.4720791285339563,1.424166060440825,1.5682472754430987,1.5691677012600007
Mol2665,1.411888952,4,1.6207589439737913,1.56944414,1.6091416800224203,1.4710428637148794,1.7832109019761517,1.6098637374200002
Mol2668,2.708153952,0,1.6038924168470172,1.554755591,2.067573742698694,2.092488925057875,2.302337983898482,1.6759042474199994
Mol2670,0.935255282,1,1.6073212362991152,1.554695053,1.385054988735156,1.2418111197220387,1.2090202168168036,1.5714540072700018
Mol2671,1.237945677,3,1.6039384107940662,1.562506984,1.592956069358381,1.69554632959415,1.5639306800099897,1.4413228324300003
Mol2672,0.882068944,0,1.6038924168470172,1.554755591,1.4817224846458954,1.0786186719122062,1.3237341469809265,1.4707943185600003
Mol2673,1.906663602,1,1.6073212362991152,1.554695053,1.8768357618576756,1.235314701237015,1.884929563459754,1.335569236250001
Mol2674,1.938094228,1,1.6073212362991152,1.554695053,1.5373673624326014,1.5425954238856128,1.828286547250391,1.6182725284299995
Mol2675,2.892047273,3,1.6039384107940662,1.562506984,1.6569679938040913,2.0359375399690256,1.628529303045172,1.7390612204200004
Mol2676,2.270690479,3,1.6039384107940662,1.562506984,1.5107597931505359,1.7145525653265266,1.6003038509794585,1.52371008738
Mol2677,1.269723036,0,1.6038924168470172,1.554755591,1.5395441739825628,1.9200143243743744,1.3743719433708788,1.8343013188400006
Mol2678,1.782716219,0,1.6038924168470172,1.554755591,1.5730614001149839,1.2186877324839462,1.613608100256201,1.4116250090600004
Mol2679,1.25022477,2,1.613802241359929,1.564500197,1.4996544882009168,1.9029758472188916,1.6771353033304417,1.5764947744500004
Mol2680,2.219133758,4,1.6207589439737913,1.56944414,1.4236323726414526,2.1489988751504203,1.467715343787552,2.184928377060002
Mol2683,1.56944414,1,1.6073212362991152,1.554695053,1.6735920944041762,1.4702689666103148,1.60249946689709,1.6100495161000006
Mol2684,2.557246066,3,1.6039384107940662,1.562506984,1.5349788894018022,1.8916198268259878,1.8992579240898457,1.6392137158300002
Mol2685,1.974396541,2,1.613802241359929,1.564500197,1.6203677749062764,1.5110034812122333,1.6852227797295334,1.6146438572
Mol2687,1.034989216,1,1.6073212362991152,1.554695053,1.7641576848574567,1.5315239488115413,1.9766540278195988,1.4115553008300008
Mol2689,1.604539237,1,1.6073212362991152,1.554695053,1.4987790561687973,1.829326559306214,1.6330638208354753,1.7133320018999998
Mol2690,2.754670155,0,1.6038924168470172,1.554755591,1.780803574287029,2.047504741420206,1.849714216875949,1.7133541313099994
Mol2691,1.71613664,2,1.613802241359929,1.564500197,1.3550225339703845,1.7453167497766442,1.4054572900736348,1.55766358031
Mol2692,2.102111124,3,1.6039384107940662,1.562506984,1.7938333577610925,1.9454436677820781,1.7731360905039302,1.5639959409799993
Mol2693,1.031812271,2,1.613802241359929,1.564500197,1.3747744619391598,1.3255457715277952,1.4366959362491025,1.3216932567499997
Mol2694,1.878663952,3,1.6039384107940662,1.562506984,1.7295670286756328,1.9796011401934468,1.8054362210543258,1.6415146276699997
Mol2695,0.799340549,3,1.6039384107940662,1.562506984,1.5140421228210714,1.2369272777312719,1.3480078975915248,1.5927347924499993
Mol2697,1.789355046,2,1.613802241359929,1.564500197,1.572138539329016,1.4846890810474918,1.49808161555771,1.6118817291300003
Mol2699,1.826204424,4,1.6207589439737913,1.56944414,1.6595184711267434,1.5036984536030769,1.6490465449690468,1.3704560625100004
Mol2700,2.878485603,0,1.6038924168470172,1.554755591,1.6008913981064954,2.030921240027578,1.6396107562619147,1.7226679378800005
Mol2701,2.212595064,4,1.6207589439737913,1.56944414,1.8251911833985712,1.767990505107817,2.210429513296105,1.7035446233299996
Mol2702,0.933639113,2,1.613802241359929,1.564500197,1.3737266755820208,1.2247317383647023,1.2906121016303735,1.5324350703999996
Mol2703,2.309964529,2,1.613802241359929,1.564500197,1.496622897536373,1.2259676068269942,1.5928345633302075,1.734542870580001
Mol2705,0.881384657,2,1.613802241359929,1.564500197,2.116379357935153,1.6988376300619432,2.3350675813879054,1.5014085382200002
Mol2707,0.939443869,4,1.6207589439737913,1.56944414,1.7445008459416487,1.4601863434657503,1.9195561776985643,1.53189079038
Mol2708,2.293431064,2,1.613802241359929,1.564500197,1.5977096465236154,1.7946030891633131,1.6797936343691164,1.7161362081400007
Mol2709,2.623930185,1,1.6073212362991152,1.554695053,1.7708153045614077,2.417109951896912,1.9296692090214216,2.1170060425099995
Mol2710,1.503136707,2,1.613802241359929,1.564500197,1.627537710079427,1.007977698188688,1.5453864963903663,1.22866667315
Mol2712,2.56071162,1,1.6073212362991152,1.554695053,1.9277983813386275,2.1118244287983017,1.8088150107218126,1.874718098109999
Mol2713,1.088100635,4,1.6207589439737913,1.56944414,1.4351970396998328,2.047526940291762,1.3672277961092711,1.7776943936000003
Mol2714,1.060017543,0,1.6038924168470172,1.554755591,1.6039051980209882,1.6573561901138654,1.4874700860452483,1.55944737967
Mol2715,0.880356199,1,1.6073212362991152,1.554695053,1.4057094071298357,1.4574767227691683,1.6680817596452249,1.2505552075400004
Mol2716,2.512695067,2,1.613802241359929,1.564500197,1.7147017684376884,1.8718440092423556,1.6929707755473233,1.5900057710000002
Mol2717,1.134049543,0,1.6038924168470172,1.554755591,1.4787392413866267,1.380328345346441,1.45417680773683,1.3679152614099999
Mol2718,1.624776971,2,1.613802241359929,1.564500197,1.7946376777953066,1.3986603483305797,1.9136127604847584,1.5535814963399994
Mol2719,2.321213048,1,1.6073212362991152,1.554695053,2.103852833493281,1.9232119676791521,1.8475829776573676,1.5763762943300006
Mol2721,0.910571048,2,1.613802241359929,1.564500197,1.4624899989353362,1.5589101114422816,1.4211755419684473,1.5367041457900001
Mol2722,2.021040373,1,1.6073212362991152,1.554695053,1.7773850746836328,1.495330140809591,1.9611224948554034,1.4795520634699997
Mol2723,1.79805645,3,1.6039384107940662,1.562506984,1.5918935828410652,1.9984755275434014,1.6077096253160443,1.6921304072600005
Mol2724,1.944832928,0,1.6038924168470172,1.554755591,1.550734380489234,1.7983684468164842,1.5574711575272087,1.57517930141
Mol2725,1.880424839,3,1.6039384107940662,1.562506984,1.7561520332539513,1.3733877626031454,1.7411692512937091,1.6508199822400003
Mol2726,2.196236999,2,1.613802241359929,1.564500197,1.496347892664485,1.4410544147900657,1.6903061631115583,1.3886958438700001
Mol2727,1.230244499,1,1.6073212362991152,1.554695053,1.4538277735230367,1.304311911789649,1.0819263677181319,1.6934832472199997
Mol2728,1.726572367,2,1.613802241359929,1.564500197,1.5682124031840152,0.9158350698613934,1.7145216708785496,1.3470236484400004
Mol2729,1.266607954,2,1.613802241359929,1.564500197,1.6032974322792273,1.2524116238206846,1.3126604992775623,1.34064773618
Mol2730,2.207243784,0,1.6038924168470172,1.554755591,1.8397012887496047,1.5144484637706368,1.6932211413608462,1.5359755373800001
Mol2732,1.9625398,2,1.613802241359929,1.564500197,1.5925635563938787,1.9597513190948859,1.7310575600426068,1.8189552610900004
Mol2733,2.087260827,2,1.613802241359929,1.564500197,1.727494387804226,1.570548092809176,1.3656203328649203,1.6315004646500006
Mol2734,1.558612583,2,1.613802241359929,1.564500197,1.5990421054090456,2.030977287106654,1.5610409524536812,1.6939524936699994
Mol2735,0.808346036,2,1.613802241359929,1.564500197,1.497063978783317,0.8941647254148385,1.028240077960085,1.49117691508
Mol2736,1.547109837,4,1.6207589439737913,1.56944414,1.7430383301394514,1.7337121430028992,1.754481763548076,1.6034802942599986
Mol2738,0.945763923,4,1.6207589439737913,1.56944414,1.3735909130037949,1.2572187353009918,1.2831822151492214,1.4146019212700003
Mol2739,2.136247975,2,1.613802241359929,1.564500197,1.2687655627396723,1.1361067587313103,1.3828312826002078,1.3655859257100007
Mol2742,1.045635871,0,1.6038924168470172,1.554755591,1.5937019093326474,1.410553549445187,1.5713026084720512,1.5300004668900002
Mol2743,1.829522473,3,1.6039384107940662,1.562506984,1.4755975315384922,1.2249632329395739,1.3386095541685146,1.4222479487599995
Mol2744,1.417069656,2,1.613802241359929,1.564500197,2.043961140284642,1.5426208339431864,1.940181285557899,1.5684346845100001
Mol2745,2.081606511,0,1.6038924168470172,1.554755591,1.6778103785857854,1.719166641435304,1.7188736867462853,1.7243725471700009
Mol2746,2.426972962,0,1.6038924168470172,1.554755591,1.769877587263022,1.5734706013154849,1.5727979727392025,1.4977132340099988
Mol2747,2.345463913,2,1.613802241359929,1.564500197,1.6549634399418915,1.9281592947586808,1.724495805698133,1.6944043999399998
Mol2749,1.619886029,3,1.6039384107940662,1.562506984,1.5781350899101452,1.8873122549813304,1.596964748311773,1.717316955659999
Mol2751,1.232335277,3,1.6039384107940662,1.562506984,1.491265226364837,1.828935935772138,1.5194092311163507,1.6882407094399996
Mol2752,1.6098291,4,1.6207589439737913,1.56944414,1.3380638981937263,1.346666372137074,1.2558883007794528,1.6836809452499997
Mol2754,0.896415976,2,1.613802241359929,1.564500197,1.3694468269520277,1.146000628287103,1.2246432379507093,1.50941458531
Mol2755,1.300704153,1,1.6073212362991152,1.554695053,1.4907397866138612,1.9039018550050695,1.295208096570018,1.6424354960500005
Mol2756,1.542161534,4,1.6207589439737913,1.56944414,1.8098524780288594,1.336675185351928,1.6760177450196807,1.6614595742499998
Mol2757,1.742921423,3,1.6039384107940662,1.562506984,1.249102941728096,1.8435954108264534,1.585353605338513,1.7680881767300003
Mol2758,1.897385138,3,1.6039384107940662,1.562506984,1.8250976923671505,1.0306178752423198,1.7442301587302242,1.5527952126699995
Mol2763,1.328909405,2,1.613802241359929,1.564500197,1.6966420427856341,1.5931001024069589,1.6587495006856003,1.28309121351
Mol2764,2.246993158,2,1.613802241359929,1.564500197,1.5733680521089153,1.8302844255850466,1.4878792886430323,1.5790794032900006
Mol2766,1.1766121,4,1.6207589439737913,1.56944414,1.3072178079110255,1.3004179608812123,1.304277500392189,1.4841765134800005
Mol2767,1.063145637,3,1.6039384107940662,1.562506984,1.3919183247125666,1.451370922528283,1.3548378334769025,1.476248291210001
Mol2769,1.370142847,0,1.6038924168470172,1.554755591,1.4405046424735797,1.291926497368772,1.422012158606405,1.3799441234699998
Mol2771,1.539740839,0,1.6038924168470172,1.554755591,1.5422066913023025,1.0658730220135861,1.5489233325089895,1.5269838810600007
Mol2772,1.362821635,1,1.6073212362991152,1.554695053,1.7153985471528592,1.2002656080446916,1.8163436844397696,1.4145372855900007
Mol2774,1.312706146,2,1.613802241359929,1.564500197,1.6140977548578053,1.8258616644147971,1.5717967149754546,1.76059772603
Mol2776,1.125871467,1,1.6073212362991152,1.554695053,1.4615292495149916,1.304936879697452,1.5067237972324385,1.5522514436100001
Mol2778,1.008088936,2,1.613802241359929,1.564500197,1.1711819624525828,1.441865582813994,1.25897646179663,1.4754049297699994
Mol2780,1.257414559,4,1.6207589439737913,1.56944414,1.2037078849305587,1.3280787861410837,1.4072916279003282,1.3011789923800001
Mol2784,2.289894278,3,1.6039384107940662,1.562506984,1.0801064007220544,0.9137425973852801,1.6840537588084958,1.5919201614300003
Mol2785,2.515025612,0,1.6038924168470172,1.554755591,1.8899197744797531,1.5677010256955473,2.1503813362750845,1.7802764278000007
Mol2787,1.3962339,4,1.6207589439737913,1.56944414,1.7939112164023447,1.3752215137401282,1.6876337380511137,1.6654585650099991
Mol2788,3.372714293,2,1.613802241359929,1.564500197,2.1528365414570647,2.366511855119358,2.3160595122412384,1.8965994546399996
Mol2790,1.468243915,1,1.6073212362991152,1.554695053,1.6823509927110765,1.696143318052648,1.5375162070895916,1.5013568190799993
Mol2792,2.753451295,0,1.6038924168470172,1.554755591,1.711712661377932,1.7909231788346174,1.7739054296438115,1.9032750937199996
Mol2793,1.838364173,1,1.6073212362991152,1.554695053,1.3969106513888097,1.476560451118875,1.426850170481393,1.3891898308800006
Mol2794,1.876240941,2,1.613802241359929,1.564500197,1.4411291724532589,1.0911005028885261,1.3481538356117975,1.47882642705
Mol2795,1.257846502,0,1.6038924168470172,1.554755591,1.7010516234993385,1.2958548541750667,1.6954400300687125,1.5324614767
Mol2797,0.98583049,2,1.613802241359929,1.564500197,1.4966666004635991,1.4710757413337454,1.4505380152483485,1.5423126263900004
Mol2798,1.952101391,2,1.613802241359929,1.564500197,2.148219284744699,1.8961157732705423,2.1189976538596103,1.5789455302599997
Mol2799,1.000859761,2,1.613802241359929,1.564500197,1.9552340657505791,1.7742125620801377,1.8344095705804415,1.6533589976699998
Mol2800,0.778006461,4,1.6207589439737913,1.56944414,1.6748744603745414,1.3874008413726735,1.6696250181072039,1.8042947326199994
Mol2801,1.0309234,3,1.6039384107940662,1.562506984,1.2862956429439696,1.0666346534666098,1.5440789553288923,1.3062724100699998
Mol2803,2.288037986,4,1.6207589439737913,1.56944414,1.8947112275849576,1.6437234141112933,1.731171385338257,1.5831999450200007
Mol2804,2.993983883,2,1.613802241359929,1.564500197,1.8345274758796806,2.3798412547044423,1.761216308628097,1.7464858403700005
Mol2805,2.773559017,3,1.6039384107940662,1.562506984,1.831436521153099,1.7327139116039514,1.476960837484426,1.8864649424000006
Mol2806,2.597598687,4,1.6207589439737913,1.56944414,2.078214821137677,1.683365529008489,2.031731833204922,1.52769365285
Mol2808,1.634698895,0,1.6038924168470172,1.554755591,1.8385564888923438,1.5869001555143378,1.8663423736034221,1.4960911967799995
Mol2810,1.902948818,0,1.6038924168470172,1.554755591,1.7544212331289117,1.599543394723605,2.0342758783235273,1.5216077395199994
Mol2811,1.223158342,3,1.6039384107940662,1.562506984,1.437442822389103,1.2941215478306987,1.4768502749190753,1.4271926277299993
Mol2812,1.577376892,2,1.613802241359929,1.564500197,1.5886221305235813,1.8533381478551192,1.3786819682930502,1.6834976078599997
Mol2813,0.870345371,2,1.613802241359929,1.564500197,1.3992206470000002,1.4574899479838122,1.457782356736777,1.41646993069
Mol2815,1.11330815,1,1.6073212362991152,1.554695053,1.5509482437840614,1.8514926720563252,1.5413772728490955,1.4129693811899995
Mol2816,1.502481745,4,1.6207589439737913,1.56944414,1.3398230389839654,1.1409770853888777,1.3394254107157966,1.3731197959199997
Mol2817,1.069853021,1,1.6073212362991152,1.554695053,1.2825581549425662,1.1295633376187517,1.6066295451209889,1.3642149274500002
Mol2818,1.94610823,0,1.6038924168470172,1.554755591,1.481603269945247,1.0505548075111477,1.4332656485985265,1.4359968192600001
Mol2819,0.754883228,3,1.6039384107940662,1.562506984,1.4947115423122412,1.3344428393751042,1.2997697033756774,1.4326979995
Mol2820,0.80140371,0,1.6038924168470172,1.554755591,1.1896126542889345,1.7169574159952148,1.3792629919248225,1.5958018646000003
Mol2821,0.80140371,3,1.6039384107940662,1.562506984,1.8487081377803938,1.4111730646388037,1.7155376104013724,1.8034415516000006
Mol2822,1.377470174,1,1.6073212362991152,1.554695053,1.6817393032037886,1.6229363014972555,1.7941185425042199,1.5965469859899994
Mol2823,3.015502667,2,1.613802241359929,1.564500197,2.27194082545763,2.616151651452829,2.119994313391376,1.9502225180699997
Mol2824,1.269746373,1,1.6073212362991152,1.554695053,1.4860443086579271,1.5704216077913968,1.2609136386806286,1.7539627962399995
Mol2825,1.539402325,3,1.6039384107940662,1.562506984,1.6544043911642325,1.3254650262160548,1.6720506464164817,1.40699480397
Mol2826,0.91481898,0,1.6038924168470172,1.554755591,1.4047118763838673,0.9625447527979585,1.489222759097045,1.3497005610700001
Mol2827,2.040103683,2,1.613802241359929,1.564500197,1.7014349837811786,1.6094947995861457,1.629240798839474,1.4351898879499996
Mol2828,2.19269566,3,1.6039384107940662,1.562506984,1.3743831954976466,1.6451905080004479,1.4956597189543106,1.4850397131699997
Mol2833,1.827771877,2,1.613802241359929,1.564500197,2.072239560165576,1.310984285066641,1.7533138028009034,1.4350531412699998
Mol2834,2.550984956,2,1.613802241359929,1.564500197,1.4195942741506278,1.793535536495086,1.85941431776794,1.5234221833999992
Mol2836,1.817671121,2,1.613802241359929,1.564500197,1.5340435199412776,2.0996279785248406,1.5345817878349473,1.6828711566700003
Mol2837,2.688916129,2,1.613802241359929,1.564500197,1.3636229068789465,1.1495054180372761,1.9968368243524401,1.6541514892300007
Mol2838,1.912965621,0,1.6038924168470172,1.554755591,1.7484084701792195,1.0528275072448328,1.9098919920972344,1.4135087635399999
Mol2839,2.784436121,2,1.613802241359929,1.564500197,1.464417054552527,1.1503129111108217,1.386570746164724,1.4273929990900003
Mol2841,2.362198803,2,1.613802241359929,1.564500197,1.9717530380496446,1.9814543698955593,1.8227723624989631,1.7671433629500006
Mol2842,1.914642427,2,1.613802241359929,1.564500197,1.3249209920476868,1.6000007949165722,1.5220191523779503,1.54600818992
Mol2843,1.73254654,3,1.6039384107940662,1.562506984,1.4762727603089054,1.712185784383128,1.50289011901545,1.5452670147700003
Mol2844,1.94107891,1,1.6073212362991152,1.554695053,1.5863706641875168,2.0551696366701537,1.3834418507587367,1.8017667414800007
Mol2845,2.507164767,4,1.6207589439737913,1.56944414,2.0024877470871663,1.9483099427229413,2.1223593766184883,1.54719122207
Mol2847,1.445993182,0,1.6038924168470172,1.554755591,2.0356804124654317,2.189671062633023,1.793851798833591,1.5810805543300004
Mol2848,2.185986704,0,1.6038924168470172,1.554755591,1.5302976673798236,1.9601083317599457,1.6699456715215546,1.6753982716600013
Mol2849,1.621819973,4,1.6207589439737913,1.56944414,0.7268475584485765,0.6379137760710867,1.0968179608521134,1.35052247817
Mol2850,1.989605531,1,1.6073212362991152,1.554695053,1.3668373042016815,1.3076565481739986,1.348098178069886,1.6073380319200001
Mol2851,1.782028069,1,1.6073212362991152,1.554695053,1.4426602848085932,1.7069354786402866,1.6304802063653807,1.76303636174
Mol2852,0.880813592,2,1.613802241359929,1.564500197,1.6000482565496637,1.3469595771075602,1.585565440044937,1.5267781270599992
Mol2853,1.286748297,3,1.6039384107940662,1.562506984,1.2981140547603338,1.1723018758246002,1.2443085354260766,1.4976945096400005
Mol2855,0.927195258,1,1.6073212362991152,1.554695053,1.3141823513566497,1.0111150612249882,1.2297251644484954,1.3239800096099998
Mol2857,1.646266456,4,1.6207589439737913,1.56944414,1.7104707481548875,1.8712242609053242,1.6196092041851988,1.7151292433099996
Mol2859,0.807467376,0,1.6038924168470172,1.554755591,1.2058241897447504,1.1984308972890896,1.2088325249958911,1.4113347551800002
Mol2861,1.556953454,0,1.6038924168470172,1.554755591,1.492644002935149,1.102089365860034,1.3812815460736863,1.56159962952
Mol2863,2.113147531,0,1.6038924168470172,1.554755591,1.5198009935428929,1.8718785328329837,1.6736422622446696,1.84857548205
Mol2865,1.103974669,4,1.6207589439737913,1.56944414,1.4476365817747194,1.2119001796569133,1.543028342533262,1.5380299364000007
Mol2866,1.588831726,3,1.6039384107940662,1.562506984,1.6001874217216947,1.2069368207361204,1.4576988524743038,1.48880726629
Mol2868,0.943791199,2,1.613802241359929,1.564500197,1.9833344286258134,1.6627553453214665,1.8169615255092688,1.7978365669200003
Mol2869,1.466763852,4,1.6207589439737913,1.56944414,1.3843389170211482,1.5792725222579476,1.2706661208136127,1.5989739455099998
Mol2870,2.17829189,4,1.6207589439737913,1.56944414,1.737641396445497,1.6738135216739058,1.8292066960600255,1.7344008271200002
Mol2871,2.320241862,4,1.6207589439737913,1.56944414,1.8938421127481249,1.6642195796023889,1.9444468944094135,1.740867064239999
Mol2872,2.088741906,3,1.6039384107940662,1.562506984,1.7758671702081612,2.2759537927988522,2.024952751300977,1.9691075971900007
Mol2873,1.843151769,3,1.6039384107940662,1.562506984,1.619761701482162,1.3884536007257977,1.5452830032746607,1.4111917537099992
Mol2874,2.539561584,3,1.6039384107940662,1.562506984,1.7916211051002033,2.058894834362731,1.8454954341767396,1.6141412082099997
Mol2875,2.63502307,0,1.6038924168470172,1.554755591,1.7273548735286723,1.8741290104982418,1.7612065441572522,1.7924844482999995
Mol2876,2.405773101,2,1.613802241359929,1.564500197,1.8880464643610124,2.0036146893628457,2.114953669835769,2.101876108499999
Mol2877,1.745191942,2,1.613802241359929,1.564500197,1.367574072232451,1.4063687029208798,1.5215672068634758,1.50287696503
Mol2879,0.884625463,1,1.6073212362991152,1.554695053,1.4171964864527615,1.194731488986338,1.3550419068885626,1.70897513065
Mol2880,1.163936209,2,1.613802241359929,1.564500197,1.605684178803248,1.7544012658013508,1.606324114276006,1.4861055675600006
Mol2881,1.181872159,3,1.6039384107940662,1.562506984,1.3493483007980824,2.040653012018728,1.230242727337545,1.5106652504800002
Mol2882,1.146159056,3,1.6039384107940662,1.562506984,1.531469095654398,1.8143864034697794,1.6965845748328088,1.78306621031
Mol2883,1.017826038,1,1.6073212362991152,1.554695053,1.261462706592029,1.4784291452368223,1.3545700001110321,1.4217148560600004
Mol2884,1.313403163,1,1.6073212362991152,1.554695053,1.6117082603172137,1.723666182954407,1.783222679713008,1.76011369369
Mol2885,1.1700566,0,1.6038924168470172,1.554755591,1.5478794506538809,1.2134953157614488,1.7377053139221803,1.5223029564700001
Mol2886,1.167919843,3,1.6039384107940662,1.562506984,1.6298171471863396,1.5092232077812713,1.5060816075792196,1.4432708138500001
Mol2888,1.673030128,0,1.6038924168470172,1.554755591,1.314650610168885,1.0705184873147215,1.43781113682132,1.4265259466799998
Mol2889,0.881384657,2,1.613802241359929,1.564500197,1.7621046175780424,1.6223851483114022,1.5216149015812395,1.481841135779999
Mol2890,1.299834041,3,1.6039384107940662,1.562506984,1.4650418128729776,1.3359145598547977,1.5053210658946572,1.3915103943500002
Mol2891,1.545255324,3,1.6039384107940662,1.562506984,1.8209663743559725,1.4384885062838937,1.7446067985825922,1.6601648129399995
Mol2892,2.296645449,3,1.6039384107940662,1.562506984,2.109838557131023,1.798078405153415,2.0797955468730853,1.6230807311000004
Mol2895,1.32516661,1,1.6073212362991152,1.554695053,1.6133850365611573,2.3843611130716162,1.4945562583016254,2.1973154143599998
Mol2896,2.084754963,3,1.6039384107940662,1.562506984,1.6936200481465549,1.5769532447816017,1.7368106052572814,1.5209059036099994
Mol2897,1.597881585,4,1.6207589439737913,1.56944414,1.5796533179725647,1.3161345818175139,1.529859846813673,1.4367018200900008
Mol2900,2.319774171,0,1.6038924168470172,1.554755591,1.2926461017861337,1.1986773737660619,1.4206426805344585,1.5042999530100005
Mol2901,2.269490384,2,1.613802241359929,1.564500197,1.9689733266889722,2.4612672346496423,1.9151223362484695,2.0327366288800004
Mol2902,2.387151611,2,1.613802241359929,1.564500197,1.9644433261973029,2.3916006385531006,1.923036000054765,1.9629181025400007
Mol2903,2.744454933,4,1.6207589439737913,1.56944414,1.1667592326812972,2.1594392853411266,1.7756909052692373,2.00945481313
Mol2904,1.415357362,2,1.613802241359929,1.564500197,1.4872886740968647,1.30225309092754,1.3782836775848717,1.3993524990599997
Mol2905,2.270932586,2,1.613802241359929,1.564500197,2.0450983454694374,2.0318935895182992,2.3912985806993943,1.82488789633
Mol2906,1.006893708,1,1.6073212362991152,1.554695053,1.7153985471528592,1.5984419051190957,1.8163436844397696,1.6510153513599999
Mol2907,1.112403893,2,1.613802241359929,1.564500197,1.4173772630549166,1.1264131538944917,1.0767167846330543,1.6546509233500006
Mol2908,1.045127307,2,1.613802241359929,1.564500197,1.4374882888135585,0.8175733508190108,1.2485878399543027,1.2826601804599997
Mol2909,1.043244354,0,1.6038924168470172,1.554755591,1.3195256294512605,1.4328317977525136,1.2685589398062433,1.5165702607099991
Mol2910,1.136815658,1,1.6073212362991152,1.554695053,1.518479184361258,1.6482751501473056,1.344275211339701,1.5176396593
Mol2911,0.92417587,2,1.613802241359929,1.564500197,1.4078402566013497,0.7432693818713159,1.4271642111723009,1.2499711877000004
Mol2913,1.200689847,1,1.6073212362991152,1.554695053,1.9012394290331731,1.4439995831973236,1.8692919526893035,1.46218665172
Mol2915,2.339252634,4,1.6207589439737913,1.56944414,1.5985187197407915,2.687074614999773,1.665908216180961,1.8301103877300013
Mol2916,1.896845758,4,1.6207589439737913,1.56944414,1.5209516178542608,1.311637191804332,1.538145538329094,1.7293938793399994
Mol2917,2.275092424,4,1.6207589439737913,1.56944414,1.59597205167168,1.514405332641888,1.605250451190801,1.5627186562800006
Mol2922,1.087994255,2,1.613802241359929,1.564500197,1.5323453084946008,1.5475052396134124,1.4864316345146602,1.3359010777299998
Mol2924,1.488353265,1,1.6073212362991152,1.554695053,1.350359018108319,1.4276969576057215,1.5169212738549758,1.7856906925600022
Mol2925,1.080626487,0,1.6038924168470172,1.554755591,1.588733684806146,1.0140436233654377,1.5487045298196755,1.2962681467400001
Mol2926,1.409730293,2,1.613802241359929,1.564500197,1.9878897710130987,1.733633678366612,1.7239823544909734,1.45861069531
Mol2927,1.111564935,3,1.6039384107940662,1.562506984,1.4369509852729538,1.5939382492857268,1.5960951252167512,1.3837850423100009
Mol2928,1.341988169,3,1.6039384107940662,1.562506984,1.6715913870228196,1.7136007212272863,1.6807630826599746,1.5784076347299996
Mol2929,2.350095969,1,1.6073212362991152,1.554695053,1.7222816956515095,1.7805335349329297,1.7848071368965088,1.5209156259200005
Mol2930,1.137923512,2,1.613802241359929,1.564500197,1.4309223643541302,1.7434322442064143,1.1895245273173651,1.5461494263000009
Mol2931,1.569362203,0,1.6038924168470172,1.554755591,1.3702440943224288,1.4089457462086066,1.5628802741251868,1.4314194372800002
Mol2933,1.15703345,0,1.6038924168470172,1.554755591,1.3572734046691644,1.534715276337576,1.4504545170487402,1.47918073043
Mol2934,1.604334073,2,1.613802241359929,1.564500197,1.6332644683628774,1.7535635561680725,1.5566642717004853,1.4562939781500006
Mol2936,1.220918364,4,1.6207589439737913,1.56944414,1.1614804523413498,1.3586796734953634,1.4882573007960278,1.5318359892100006
Mol2937,1.725970509,2,1.613802241359929,1.564500197,1.8069853195526873,1.7461154998945387,1.7568697440899408,1.7117593235700002
Mol2938,0.881384657,0,1.6038924168470172,1.554755591,1.946140760746934,1.3668934508483221,1.565852529451717,1.3918149019899995
Mol2939,1.709074824,2,1.613802241359929,1.564500197,1.471885840875681,1.3035185320092455,1.7062909412852099,1.3975402102000003
Mol2942,1.52167408,0,1.6038924168470172,1.554755591,1.6037249283468205,1.5594715486297015,1.6307916784032355,1.4654572464499995
Mol2944,1.373573981,2,1.613802241359929,1.564500197,1.7392543015387183,1.591888866257006,1.9015588141345827,1.5562819704499997
Mol2945,2.354563633,1,1.6073212362991152,1.554695053,1.3951126168504882,1.5436011365831273,1.6213460699731166,1.5980325328300007
Mol2946,2.104937561,4,1.6207589439737913,1.56944414,2.517166314692925,1.914759602296014,2.1332665144718197,1.8697126399599975
Mol2947,1.553749564,3,1.6039384107940662,1.562506984,1.6616735216941008,1.276871472432091,1.6172305437854595,1.5913362259200001
Mol2948,1.353570042,4,1.6207589439737913,1.56944414,1.7220646722817772,1.7553070631097938,1.8298881332165147,1.6639504815399986
Mol2949,0.881384657,4,1.6207589439737913,1.56944414,2.142209929789841,2.4450834324721002,1.7414935244697938,1.69337928755
Mol2950,1.456684804,1,1.6073212362991152,1.554695053,1.182881357017632,0.8052510645396374,1.1530924863301488,1.29407979264
Mol2951,0.865222456,4,1.6207589439737913,1.56944414,1.5469742474949617,1.3588076587455913,1.4767571884797557,1.6490191198100004
Mol2952,0.880813592,2,1.613802241359929,1.564500197,1.798758547691133,1.1630786512717344,1.8857680240530834,1.2592994263
Mol2953,1.59216565,0,1.6038924168470172,1.554755591,1.6188171175984007,1.6153608765892211,1.685877547287668,1.7167419372299997
Mol2954,0.816638945,1,1.6073212362991152,1.554695053,1.5725130973322465,1.559870691785003,1.4311418495119779,1.6886658303600006
Mol2955,2.648072874,0,1.6038924168470172,1.554755591,1.7565397192836036,2.2495522247842095,1.8314001587444328,1.6841957702600008
Mol2956,1.854977534,2,1.613802241359929,1.564500197,1.9630327066760425,1.6062611943317309,1.829336851832704,1.6229981635100001
Mol2957,1.825101412,3,1.6039384107940662,1.562506984,1.8166312695857274,1.6381143210621878,1.8687580678883204,1.54582516366
Mol2960,0.978819387,3,1.6039384107940662,1.562506984,1.542968010217156,1.529802918391339,1.666998614071621,1.4725327489300006
Mol2961,1.411383978,4,1.6207589439737913,1.56944414,1.5548596705868774,1.6316736912692198,1.3655231406609771,1.6409331477600007
Mol2962,2.114844413,1,1.6073212362991152,1.554695053,1.5334364964171423,1.7744062357831503,1.6982123421317163,1.7263406334200004
Mol2963,2.507337646,0,1.6038924168470172,1.554755591,1.2903836623765854,1.2752643456391508,1.4306107937550738,1.4387989986700007
Mol2965,1.132163596,1,1.6073212362991152,1.554695053,1.5474857671946873,1.4754932178370723,1.7410924936357208,1.4300900040599993
Mol2966,1.109274738,1,1.6073212362991152,1.554695053,1.3996822754349658,1.3692554106258603,1.3798133549994946,1.5586768435399991
Mol2967,1.222091886,2,1.613802241359929,1.564500197,1.491034314455105,1.2935155587916853,1.3431699267071073,1.3368244995800003
Mol2969,1.532397627,0,1.6038924168470172,1.554755591,1.802956852682703,2.078880568755044,1.599275676675861,1.7337457249200006
Mol2970,0.702516697,2,1.613802241359929,1.564500197,1.255218526839923,1.676884289717545,1.3420519313706631,1.60857208096
Mol2973,1.678336247,4,1.6207589439737913,1.56944414,1.4949662580387744,2.0042358776142315,1.5259178040405528,1.9096619539999988
Mol2976,1.006893708,1,1.6073212362991152,1.554695053,1.3997454761198562,1.6494057910639839,1.3783396683657079,1.4513784003300005
Mol2977,1.13232374,4,1.6207589439737913,1.56944414,1.4538564703895753,1.208686291389081,1.0854330133255043,1.3694786586600005
Mol2978,2.296781425,2,1.613802241359929,1.564500197,1.5653388597043885,1.5279310416598921,1.6537112337396715,1.7304355724200005
Mol2979,2.35636436,4,1.6207589439737913,1.56944414,1.892171557982596,1.8193795294427144,2.0781155210930624,1.6959265145799998
Mol2980,1.673665876,0,1.6038924168470172,1.554755591,1.2685020392556425,1.2705678261404798,1.1715403922923877,1.657029202009999
Mol2982,2.641865592,0,1.6038924168470172,1.554755591,1.597762650430813,1.697632223195516,1.6813918378149426,1.7047151391200002
Mol2984,2.136016249,2,1.613802241359929,1.564500197,1.6519561719175382,2.114978986385874,1.5593632895771503,1.5728065473499995
Mol2985,2.308321055,0,1.6038924168470172,1.554755591,1.4989638603956923,1.8267608465696052,1.5327632863813323,1.5374908557199998
Mol2986,2.248341157,1,1.6073212362991152,1.554695053,2.1862674165568716,1.6074860319399722,1.8157860932975058,1.62239153996
Mol2987,1.88295691,4,1.6207589439737913,1.56944414,1.6546430174010514,1.65469552847778,1.9067248091779223,1.6798802559300012
Mol2988,1.500785173,1,1.6073212362991152,1.554695053,1.8002880811820383,1.8305162378863933,2.1558917746201196,1.538368648949999
Mol2989,2.241608732,4,1.6207589439737913,1.56944414,1.6276352865565686,2.1254155913449786,1.6614921514450236,1.79585122165
Mol2990,2.089809768,2,1.613802241359929,1.564500197,1.7577426783813073,1.4140565670048793,1.862913336755624,1.5209568910199993
Mol2992,1.7648722,1,1.6073212362991152,1.554695053,1.473629696997007,1.1282632828270698,1.4271454312035496,1.3507282090599995
Mol2993,1.958442761,4,1.6207589439737913,1.56944414,1.795976593863299,1.9683020155409268,2.193403845623178,1.77285674535
Mol2995,1.784759895,1,1.6073212362991152,1.554695053,1.690107654504968,1.1127833768319075,2.096724261950772,1.38054270576
Mol2998,1.770380657,1,1.6073212362991152,1.554695053,1.0980343577928575,1.004684571349198,1.3037135478325554,1.3956505888800004
Mol2999,2.087430008,1,1.6073212362991152,1.554695053,1.5328737676124022,1.4853713671860227,1.5810051196809647,1.65783163373
Mol3000,2.192057039,4,1.6207589439737913,1.56944414,1.615037426845379,2.1796540563916524,1.5484450532421667,1.7232017303700005
Mol3004,1.926254961,4,1.6207589439737913,1.56944414,1.6760107872700105,1.891446845827672,1.7500767581236685,1.7601789513100001
Mol3006,1.673849977,0,1.6038924168470172,1.554755591,1.6313900917546424,1.8529481366658702,1.5594548373627422,1.6007509377699998
Mol3007,0.881384657,2,1.613802241359929,1.564500197,1.732925100225429,1.3580022824382687,1.5763759714663013,1.54982809786
Mol3008,1.47424541,4,1.6207589439737913,1.56944414,1.6404405242934872,1.5730621349240845,1.804725903842401,1.5250764828499999
Mol3010,1.426625106,4,1.6207589439737913,1.56944414,1.1983661592064343,1.6249792510139303,1.400263092181153,1.6396551983299998
Mol3012,1.056828653,4,1.6207589439737913,1.56944414,1.5749901167978044,1.6347911306427412,1.4538443623146133,1.4087882127799995
Mol3013,1.8360328,1,1.6073212362991152,1.554695053,1.7108038796858671,1.4613699423782713,1.8428019396170428,1.52533208294
Mol3014,2.429332313,1,1.6073212362991152,1.554695053,1.7573754932637482,2.2375311835865586,1.5647727292820193,1.884532810869999
Mol3016,2.122406886,1,1.6073212362991152,1.554695053,1.4206484544900713,1.9187617204496896,1.545445275290499,1.5319833866500003
Mol3017,0.869173027,4,1.6207589439737913,1.56944414,2.3149027402599844,1.848113228545001,1.9116523519087616,1.6243677794500002
Mol3020,1.46169357,2,1.613802241359929,1.564500197,1.40316390312241,1.4235198238713744,1.302262746778251,1.5569349614400003
Mol3021,0.82445127,0,1.6038924168470172,1.554755591,1.4920076479593087,1.4732445144388966,1.4225756656514874,1.39705299057
Mol3022,2.318165633,0,1.6038924168470172,1.554755591,1.5493998671939073,1.615740477242622,1.426958112583685,1.8395590431500008
Mol3023,2.344101337,4,1.6207589439737913,1.56944414,2.0132375785543815,2.1617254724576176,1.8967937041239549,2.1444816852600006
Mol3025,2.13664448,2,1.613802241359929,1.564500197,1.750550784275718,2.416078884963846,1.9903189544148965,1.8178236542500001
Mol3027,1.87478902,0,1.6038924168470172,1.554755591,1.7011557485572473,1.406807064519448,1.7107837356907565,1.3474936285799992
Mol3028,1.968226032,1,1.6073212362991152,1.554695053,1.6466959829329153,1.8968146999633566,1.537127499587184,1.5408831670799998
Mol3032,1.046690221,4,1.6207589439737913,1.56944414,1.5342198010378312,2.0639554402211973,1.3737157563580944,1.6264181828
Mol3033,1.598757687,0,1.6038924168470172,1.554755591,1.4054351404112009,1.358454397244678,1.351401030127857,1.2666654297299995
Mol3034,1.938479696,2,1.613802241359929,1.564500197,1.6123808950735898,1.5960600877353586,1.6697924774535826,1.6679072633
Mol3036,1.961340398,4,1.6207589439737913,1.56944414,1.6324618450456752,1.874302318157918,1.7709709293305056,1.8428119079900005
Mol3038,2.408026158,1,1.6073212362991152,1.554695053,1.4701571134034992,1.7252334818327386,1.7957128758905052,1.4429996508300003
Mol3040,1.494224187,2,1.613802241359929,1.564500197,1.8076388081308978,2.528411600421678,1.8598127043756523,2.0118673258400004
Mol3042,2.211774429,1,1.6073212362991152,1.554695053,1.2158365639105246,1.7973271263272252,1.095905124343018,1.424065470880001
Mol3043,1.632771005,3,1.6039384107940662,1.562506984,1.3902378359984215,1.3033527006245553,1.2787060276425224,1.37159326201
Mol3044,1.548143692,1,1.6073212362991152,1.554695053,1.517452310212609,1.3334113143544974,1.5311601006425042,1.3401272146599998
Mol3045,0.691788524,2,1.613802241359929,1.564500197,1.4503349344497678,1.7310499546313687,1.5395893296707635,1.3979453723299997
Mol3046,2.11231001,0,1.6038924168470172,1.554755591,1.5933276946880854,1.6929523166683833,1.5595084080729793,1.6726406776199996
Mol3048,0.784331948,3,1.6039384107940662,1.562506984,2.0689240582443684,1.8894561341402878,2.0532896225424992,1.6082287467399996
Mol3049,1.41703964,3,1.6039384107940662,1.562506984,1.7937094011786319,1.4909139351193694,1.7692018270303822,1.5982808910600017
Mol3051,1.778230864,2,1.613802241359929,1.564500197,1.6956044079420687,1.9674869515941766,1.7214666649683084,1.8461222005399998
Mol3052,2.111622036,4,1.6207589439737913,1.56944414,1.70579536477043,1.5848069099186877,1.6594857864482788,1.6885879212099997
Mol3053,1.654898161,1,1.6073212362991152,1.554695053,1.51754259533846,1.6179773877059433,1.3523172300544224,1.4715934164300004
Mol3067,2.227421323,4,1.6207589439737913,1.56944414,1.5820508818744101,1.3983008941231099,1.513478204212123,1.5190246324000003
Mol3071,1.41385276,4,1.6207589439737913,1.56944414,1.0235430694290817,0.6826936598051799,1.2051645852732704,1.1942972452499998
Mol3072,2.115533963,1,1.6073212362991152,1.554695053,1.6743984361270314,2.404899042503476,1.8490029315214662,1.8205040546299998
Mol3077,1.206637011,3,1.6039384107940662,1.562506984,1.0824727858516259,1.1328331526137005,1.275229188882117,1.3082230443899994
Mol3079,1.323478988,1,1.6073212362991152,1.554695053,1.816728754869419,1.7877099492161586,1.6873282815197348,1.7356711675300003
Mol3091,1.243236538,2,1.613802241359929,1.564500197,1.4106083839121368,1.6728177588549056,1.5626738678047456,1.4999144701399996
Mol3093,2.602153355,4,1.6207589439737913,1.56944414,1.7130094595568877,1.8485846664493333,1.9866847095349938,1.6684168294700001
Mol3098,1.158814647,4,1.6207589439737913,1.56944414,1.8797424658316373,1.2614234586285222,1.8751741926087118,1.4128922173
Mol3099,2.408387533,2,1.613802241359929,1.564500197,1.9638559261095343,1.6595827324360442,1.9805135767355129,1.6942884508099987
Mol3100,1.661291977,3,1.6039384107940662,1.562506984,1.6274100944749157,1.215201041995479,1.7298645251676297,1.3070569280400006
Mol3101,1.247555947,2,1.613802241359929,1.564500197,1.0426281162365743,1.2648925869045642,1.1847186583422562,1.4046350867200001
Mol3104,1.104862518,4,1.6207589439737913,1.56944414,1.1041809391585737,1.020729402069952,1.198739725666246,1.2202525558100001
Mol3105,0.929827481,0,1.6038924168470172,1.554755591,1.1555967150974404,1.474315816183957,1.1603800742282326,1.4041050268899995
Mol3110,1.328705712,4,1.6207589439737913,1.56944414,1.0979060369221507,0.9488926529910442,1.141157095685716,1.2329540252200004
Mol3111,0.888010912,1,1.6073212362991152,1.554695053,1.5061637618646462,1.292842597279763,1.3998742180756656,1.2925029602000009
Mol3116,1.65965003,1,1.6073212362991152,1.554695053,1.6533031872912802,1.635295730599612,1.5356668188539127,1.4014744186
Mol3519,0.863798539,0,1.6038924168470172,1.554755591,1.2007485742019273,1.500130437836494,1.4908725741656348,1.4861067713799994
Mol3520,0.881384657,2,1.613802241359929,1.564500197,1.5562196465247224,1.4135989565596279,1.7726875366249775,1.4822062589699996
Mol3521,1.507059385,2,1.613802241359929,1.564500197,1.6261084547527203,1.6127581531156188,1.5331562882663152,1.4823832839699997
