ID,X,Y,canonical_smiles_rdkit,clogp,dummy_atom_count,fraction_csp3,fragment_count,hba,hbd,measurement_audit,molecular_weight,raw_filename,raw_identifier,raw_smiles,raw_target,rotatable_bonds,source,source_row_1based,structure_error,structure_status,tpsa,undefined_stereo_elements
CHEMBL2177601,Cc1c(C(=O)NC2C3CC4CC(C3)CC2C4)cnn1-c1ccc(C(=O)O)cc1,3.0,Cc1c(C(=O)NC2C3CC4CC(C3)CC2C4)cnn1-c1ccc(C(=O)O)cc1,3.4334200000000017,0,0.5,1,4,2,"{""number"": ""3.0"", ""relation"": ""="", ""status"": ""VALID""}",379.4600000000001,data/raw/tdc/clearance_hepatocyte_az.tab,CHEMBL2177601,Cc1c(C(=O)NC2C3CC4CC(C3)CC2C4)cnn1-c1ccc(C(=O)O)cc1,3.0,4,Clearance_Hepatocyte_AZ,1,,VALID,84.22,5
CHEMBL1956129,C[C@@](CCc1ccc(-c2ccc(Cl)cc2)cc1)(C(=O)NO)S(C)(=O)=O,3.0,C[C@@](CCc1ccc(-c2ccc(Cl)cc2)cc1)(C(=O)NO)S(C)(=O)=O,3.248300000000002,0,0.2777777777777778,1,4,2,"{""number"": ""3.0"", ""relation"": ""="", ""status"": ""VALID""}",381.8810000000001,data/raw/tdc/clearance_hepatocyte_az.tab,CHEMBL1956129,C[C@@](CCc1ccc(-c2ccc(Cl)cc2)cc1)(C(=O)NO)S(C)(=O)=O,3.0,6,Clearance_Hepatocyte_AZ,2,,VALID,83.47,0
CHEMBL2059859,Cc1ccc(-c2nc3ccccc3[nH]2)cc1NC(=O)c1ccc(OCc2ccccn2)cc1,10.23,Cc1ccc(-c2nc3ccccc3[nH]2)cc1NC(=O)c1ccc(OCc2ccccn2)cc1,5.764620000000004,0,0.07407407407407407,1,4,2,"{""number"": ""10.23"", ""relation"": ""="", ""status"": ""VALID""}",434.4990000000002,data/raw/tdc/clearance_hepatocyte_az.tab,CHEMBL2059859,Cc1ccc(-c2nc3ccccc3[nH]2)cc1NC(=O)c1ccc(OCc2ccccn2)cc1,10.23,6,Clearance_Hepatocyte_AZ,3,,VALID,79.9,0
CHEMBL898,O=C(O)c1cc(-c2ccc(F)cc2F)ccc1O,10.23,O=C(O)c1cc(-c2ccc(F)cc2F)ccc1O,3.035600000000001,0,0.0,1,2,2,"{""number"": ""10.23"", ""relation"": ""="", ""status"": ""VALID""}",250.19999999999996,data/raw/tdc/clearance_hepatocyte_az.tab,CHEMBL898,O=C(O)c1cc(-c2ccc(F)cc2F)ccc1O,10.23,2,Clearance_Hepatocyte_AZ,4,,VALID,57.53,0
CHEMBL1940832,O=CNc1cc([C@@H](O)CNCCc2ccc(NC[C@H](O)c3ccccc3)cc2)ccc1O,3.0,O=CNc1cc([C@@H](O)CNCCc2ccc(NC[C@H](O)c3ccccc3)cc2)ccc1O,2.9717000000000016,0,0.24,1,6,6,"{""number"": ""3.0"", ""relation"": ""="", ""status"": ""VALID""}",435.52400000000006,data/raw/tdc/clearance_hepatocyte_az.tab,CHEMBL1940832,O=CNc1cc([C@@H](O)CNCCc2ccc(NC[C@H](O)c3ccccc3)cc2)ccc1O,3.0,12,Clearance_Hepatocyte_AZ,5,,VALID,113.85000000000001,0
CHEMBL29609,Cc1cc(CCCOc2c(C)cc(-c3noc(C(F)(F)F)n3)cc2C)on1,13.49,Cc1cc(CCCOc2c(C)cc(-c3noc(C(F)(F)F)n3)cc2C)on1,4.680260000000004,0,0.3888888888888889,1,6,0,"{""number"": ""13.49"", ""relation"": ""="", ""status"": ""VALID""}",381.35400000000004,data/raw/tdc/clearance_hepatocyte_az.tab,CHEMBL29609,Cc1cc(CCCOc2c(C)cc(-c3noc(C(F)(F)F)n3)cc2C)on1,13.49,6,Clearance_Hepatocyte_AZ,6,,VALID,74.18,0
CHEMBL1486517,O=C(C1CCN(c2nnc(-n3cccc3)s2)CC1)N1CCN(Cc2ccc3c(c2)OCO3)CC1,50.12,O=C(C1CCN(c2nnc(-n3cccc3)s2)CC1)N1CCN(Cc2ccc3c(c2)OCO3)CC1,2.6183000000000005,0,0.4583333333333333,1,9,0,"{""number"": ""50.12"", ""relation"": ""="", ""status"": ""VALID""}",480.5940000000005,data/raw/tdc/clearance_hepatocyte_az.tab,CHEMBL1486517,O=C(C1CCN(c2nnc(-n3cccc3)s2)CC1)N1CCN(Cc2ccc3c(c2)OCO3)CC1,50.12,5,Clearance_Hepatocyte_AZ,7,,VALID,75.96000000000001,0
CHEMBL1829783,C[C@@H](c1ccc(-c2ccc(F)cc2F)cc1)N1CC[C@@](CCO)(c2ccc(F)cc2)OC1=O,64.57,C[C@@H](c1ccc(-c2ccc(F)cc2F)cc1)N1CC[C@@](CCO)(c2ccc(F)cc2)OC1=O,5.952100000000006,0,0.2692307692307692,1,3,1,"{""number"": ""64.57"", ""relation"": ""="", ""status"": ""VALID""}",455.4760000000002,data/raw/tdc/clearance_hepatocyte_az.tab,CHEMBL1829783,C[C@@H](c1ccc(-c2ccc(F)cc2F)cc1)N1CC[C@@](CCO)(c2ccc(F)cc2)OC1=O,64.57,6,Clearance_Hepatocyte_AZ,8,,VALID,49.77,0
CHEMBL1082723,C[C@H]1Cc2c([nH]c3cc(Cl)c(F)cc23)[C@@]2(N1)C(=O)Nc1ccc(Cl)cc12,8.71,C[C@H]1Cc2c([nH]c3cc(Cl)c(F)cc23)[C@@]2(N1)C(=O)Nc1ccc(Cl)cc12,4.343700000000003,0,0.21052631578947367,1,2,3,"{""number"": ""8.71"", ""relation"": ""="", ""status"": ""VALID""}",390.24500000000006,data/raw/tdc/clearance_hepatocyte_az.tab,CHEMBL1082723,C[C@H]1Cc2c([nH]c3cc(Cl)c(F)cc23)[C@@]2(N1)C(=O)Nc1ccc(Cl)cc12,8.71,0,Clearance_Hepatocyte_AZ,9,,VALID,56.92,0
CHEMBL1689109,O=C(O)COc1ccc(Cl)cc1CN1CCN(S(=O)(=O)c2ccccc2)CC1,3.0,O=C(O)COc1ccc(Cl)cc1CN1CCN(S(=O)(=O)c2ccccc2)CC1,2.3099000000000007,0,0.3157894736842105,1,5,1,"{""number"": ""3.0"", ""relation"": ""="", ""status"": ""VALID""}",424.9060000000001,data/raw/tdc/clearance_hepatocyte_az.tab,CHEMBL1689109,O=C(O)COc1ccc(Cl)cc1CN1CCN(S(=O)(=O)c2ccccc2)CC1,3.0,7,Clearance_Hepatocyte_AZ,10,,VALID,87.15,0
CHEMBL235789,O=C(NCC12CC3CC(CC(C3)C1)C2)c1cc(CN2CCNCC2)ccc1Cl,4.46,O=C(NCC12CC3CC(CC(C3)C1)C2)c1cc(CN2CCNCC2)ccc1Cl,3.6914000000000025,0,0.6956521739130435,1,3,2,"{""number"": ""4.46"", ""relation"": ""="", ""status"": ""VALID""}",401.9820000000001,data/raw/tdc/clearance_hepatocyte_az.tab,CHEMBL235789,O=C(NCC12CC3CC(CC(C3)C1)C2)c1cc(CN2CCNCC2)ccc1Cl,4.46,5,Clearance_Hepatocyte_AZ,11,,VALID,44.370000000000005,4
CHEMBL389792,CC(CO)(CO)Nc1nc(SCc2cccc(F)c2F)nc2nc(N)sc12,7.0,CC(CO)(CO)Nc1nc(SCc2cccc(F)c2F)nc2nc(N)sc12,2.3942,0,0.3125,1,9,4,"{""number"": ""7.0"", ""relation"": ""="", ""status"": ""VALID""}",413.47500000000014,data/raw/tdc/clearance_hepatocyte_az.tab,CHEMBL389792,CC(CO)(CO)Nc1nc(SCc2cccc(F)c2F)nc2nc(N)sc12,7.0,7,Clearance_Hepatocyte_AZ,12,,VALID,117.17999999999999,0
CHEMBL550902,O=C(O)c1cncc(-c2ccc(Cl)c(C(=O)NCC34CC5CC(CC(C5)C3)C4)c2)c1,7.0,O=C(O)c1cncc(-c2ccc(Cl)c(C(=O)NCC34CC5CC(CC(C5)C3)C4)c2)c1,5.046400000000005,0,0.4583333333333333,1,3,2,"{""number"": ""7.0"", ""relation"": ""="", ""status"": ""VALID""}",424.92800000000034,data/raw/tdc/clearance_hepatocyte_az.tab,CHEMBL550902,O=C(O)c1cncc(-c2ccc(Cl)c(C(=O)NCC34CC5CC(CC(C5)C3)C4)c2)c1,7.0,5,Clearance_Hepatocyte_AZ,13,,VALID,79.28999999999999,4
CHEMBL1934414,Cc1ccc(S(=O)(=O)Nc2c(C(=O)N[C@@H](C)C(C)(C)C)c(C)nn2C2CCCC2)cc1,8.0,Cc1ccc(S(=O)(=O)Nc2c(C(=O)N[C@@H](C)C(C)(C)C)c(C)nn2C2CCCC2)cc1,4.580240000000004,0,0.5652173913043478,1,5,2,"{""number"": ""8.0"", ""relation"": ""="", ""status"": ""VALID""}",446.6170000000003,data/raw/tdc/clearance_hepatocyte_az.tab,CHEMBL1934414,Cc1ccc(S(=O)(=O)Nc2c(C(=O)N[C@@H](C)C(C)(C)C)c(C)nn2C2CCCC2)cc1,8.0,6,Clearance_Hepatocyte_AZ,14,,VALID,93.09,0
CHEMBL284275,COc1ccc(Cc2c(N)n[nH]c2N)cc1,3.63,COc1ccc(Cc2c(N)n[nH]c2N)cc1,1.1734999999999998,0,0.18181818181818182,1,4,3,"{""number"": ""3.63"", ""relation"": ""="", ""status"": ""VALID""}",218.26,data/raw/tdc/clearance_hepatocyte_az.tab,CHEMBL284275,COc1ccc(Cc2c(N)n[nH]c2N)cc1,3.63,3,Clearance_Hepatocyte_AZ,15,,VALID,89.95,0
CHEMBL1778644,CCS(=O)(=O)c1ccc(-c2cc(Cl)ccc2OCC(=O)O)c(F)c1,4.24,CCS(=O)(=O)c1ccc(-c2cc(Cl)ccc2OCC(=O)O)c(F)c1,3.403100000000001,0,0.1875,1,4,1,"{""number"": ""4.24"", ""relation"": ""="", ""status"": ""VALID""}",372.8010000000001,data/raw/tdc/clearance_hepatocyte_az.tab,CHEMBL1778644,CCS(=O)(=O)c1ccc(-c2cc(Cl)ccc2OCC(=O)O)c(F)c1,4.24,6,Clearance_Hepatocyte_AZ,16,,VALID,80.67,0
CHEMBL1951444,N#Cc1ccc(-c2ccc(NC(=O)Nc3ccc(-c4ccnc5[nH]cnc45)cc3)cc2)cc1,67.61,N#Cc1ccc(-c2ccc(NC(=O)Nc3ccc(-c4ccnc5[nH]cnc45)cc3)cc2)cc1,5.807580000000003,0,0.0,1,4,3,"{""number"": ""67.61"", ""relation"": ""="", ""status"": ""VALID""}",430.47100000000006,data/raw/tdc/clearance_hepatocyte_az.tab,CHEMBL1951444,N#Cc1ccc(-c2ccc(NC(=O)Nc3ccc(-c4ccnc5[nH]cnc45)cc3)cc2)cc1,67.61,4,Clearance_Hepatocyte_AZ,17,,VALID,106.49,0
CHEMBL1916271,CCN(C(=O)c1cnn(-c2ccccc2)c1NS(=O)(=O)c1ccc(-c2cnco2)cc1)C1CCCCC1,35.0,CCN(C(=O)c1cnn(-c2ccccc2)c1NS(=O)(=O)c1ccc(-c2cnco2)cc1)C1CCCCC1,5.122900000000005,0,0.2962962962962963,1,7,1,"{""number"": ""35.0"", ""relation"": ""="", ""status"": ""VALID""}",519.6270000000003,data/raw/tdc/clearance_hepatocyte_az.tab,CHEMBL1916271,CCN(C(=O)c1cnn(-c2ccccc2)c1NS(=O)(=O)c1ccc(-c2cnco2)cc1)C1CCCCC1,35.0,8,Clearance_Hepatocyte_AZ,18,,VALID,110.33000000000001,0
CHEMBL403963,C(=C/c1nn[nH]n1)\c1ccccc1,3.0,C(=C/c1nn[nH]n1)\c1ccccc1,1.3700999999999999,0,0.0,1,3,1,"{""number"": ""3.0"", ""relation"": ""="", ""status"": ""VALID""}",172.191,data/raw/tdc/clearance_hepatocyte_az.tab,CHEMBL403963,C(=C/c1nn[nH]n1)\c1ccccc1,3.0,2,Clearance_Hepatocyte_AZ,19,,VALID,54.46,0
CHEMBL1689110,O=C(O)COc1ccc(C(F)(F)F)cc1CN1CCN(S(=O)(=O)c2ccccc2)CC1,3.0,O=C(O)COc1ccc(C(F)(F)F)cc1CN1CCN(S(=O)(=O)c2ccccc2)CC1,2.675300000000001,0,0.35,1,5,1,"{""number"": ""3.0"", ""relation"": ""="", ""status"": ""VALID""}",458.4580000000002,data/raw/tdc/clearance_hepatocyte_az.tab,CHEMBL1689110,O=C(O)COc1ccc(C(F)(F)F)cc1CN1CCN(S(=O)(=O)c2ccccc2)CC1,3.0,7,Clearance_Hepatocyte_AZ,20,,VALID,87.15,0
CHEMBL583042,Cc1cnc(Nc2ccc(F)cc2Cl)nc1-c1c[nH]c(C(=O)N[C@H](CO)c2cccc(Cl)c2)c1,8.51,Cc1cnc(Nc2ccc(F)cc2Cl)nc1-c1c[nH]c(C(=O)N[C@H](CO)c2cccc(Cl)c2)c1,5.4330200000000035,0,0.125,1,5,4,"{""number"": ""8.51"", ""relation"": ""="", ""status"": ""VALID""}",500.3610000000001,data/raw/tdc/clearance_hepatocyte_az.tab,CHEMBL583042,Cc1cnc(Nc2ccc(F)cc2Cl)nc1-c1c[nH]c(C(=O)N[C@H](CO)c2cccc(Cl)c2)c1,8.51,7,Clearance_Hepatocyte_AZ,21,,VALID,102.93,0
CHEMBL568,O=C1Nc2ccc(Cl)cc2C(c2ccccc2)=NC1O,8.51,O=C1Nc2ccc(Cl)cc2C(c2ccccc2)=NC1O,2.4479,0,0.06666666666666667,1,3,2,"{""number"": ""8.51"", ""relation"": ""="", ""status"": ""VALID""}",286.718,data/raw/tdc/clearance_hepatocyte_az.tab,CHEMBL568,O=C1Nc2ccc(Cl)cc2C(c2ccccc2)=NC1O,8.51,1,Clearance_Hepatocyte_AZ,22,,VALID,61.69,1
CHEMBL1689111,O=C(O)COc1ccc(Cl)cc1CN1CCN(S(=O)(=O)Cc2ccccc2)CC1,9.0,O=C(O)COc1ccc(Cl)cc1CN1CCN(S(=O)(=O)Cc2ccccc2)CC1,2.4510000000000005,0,0.35,1,5,1,"{""number"": ""9.0"", ""relation"": ""="", ""status"": ""VALID""}",438.93300000000016,data/raw/tdc/clearance_hepatocyte_az.tab,CHEMBL1689111,O=C(O)COc1ccc(Cl)cc1CN1CCN(S(=O)(=O)Cc2ccccc2)CC1,9.0,8,Clearance_Hepatocyte_AZ,23,,VALID,87.15,0
CHEMBL1020,Cc1ccc(C(=O)c2ccc(CC(=O)O)n2C)cc1,9.12,Cc1ccc(C(=O)c2ccc(CC(=O)O)n2C)cc1,2.1916200000000003,0,0.2,1,3,1,"{""number"": ""9.12"", ""relation"": ""="", ""status"": ""VALID""}",257.289,data/raw/tdc/clearance_hepatocyte_az.tab,CHEMBL1020,Cc1ccc(C(=O)c2ccc(CC(=O)O)n2C)cc1,9.12,4,Clearance_Hepatocyte_AZ,24,,VALID,59.300000000000004,0
CHEMBL242403,O=C(O)c1ccc(-n2nc(C(F)(F)F)cc2-c2ccc(C(F)(F)F)cc2)cc1,9.33,O=C(O)c1ccc(-n2nc(C(F)(F)F)cc2-c2ccc(C(F)(F)F)cc2)cc1,5.275100000000002,0,0.1111111111111111,1,3,1,"{""number"": ""9.33"", ""relation"": ""="", ""status"": ""VALID""}",400.278,data/raw/tdc/clearance_hepatocyte_az.tab,CHEMBL242403,O=C(O)c1ccc(-n2nc(C(F)(F)F)cc2-c2ccc(C(F)(F)F)cc2)cc1,9.33,3,Clearance_Hepatocyte_AZ,25,,VALID,55.12,0
CHEMBL855,Cc1ccc(/C(=C\CN2CCCC2)c2ccccn2)cc1,84.0,Cc1ccc(/C(=C\CN2CCCC2)c2ccccn2)cc1,3.917520000000003,0,0.3157894736842105,1,2,0,"{""number"": ""84.0"", ""relation"": ""="", ""status"": ""VALID""}",278.399,data/raw/tdc/clearance_hepatocyte_az.tab,CHEMBL855,Cc1ccc(/C(=C\CN2CCCC2)c2ccccn2)cc1,84.0,4,Clearance_Hepatocyte_AZ,26,,VALID,16.130000000000003,0
CHEMBL1852688,CCN1CCN(c2ccc(Nc3cc(N(C)C(=O)Nc4c(Cl)c(OC)cc(OC)c4Cl)ncn3)cc2)CC1,87.1,CCN1CCN(c2ccc(Nc3cc(N(C)C(=O)Nc4c(Cl)c(OC)cc(OC)c4Cl)ncn3)cc2)CC1,5.354400000000004,0,0.34615384615384615,1,8,2,"{""number"": ""87.1"", ""relation"": ""="", ""status"": ""VALID""}",560.4860000000001,data/raw/tdc/clearance_hepatocyte_az.tab,CHEMBL1852688,CCN1CCN(c2ccc(Nc3cc(N(C)C(=O)Nc4c(Cl)c(OC)cc(OC)c4Cl)ncn3)cc2)CC1,87.1,8,Clearance_Hepatocyte_AZ,27,,VALID,95.09,0
CHEMBL139,O=C(O)Cc1ccccc1Nc1c(Cl)cccc1Cl,87.1,O=C(O)Cc1ccccc1Nc1c(Cl)cccc1Cl,4.364100000000001,0,0.07142857142857142,1,2,2,"{""number"": ""87.1"", ""relation"": ""="", ""status"": ""VALID""}",296.153,data/raw/tdc/clearance_hepatocyte_az.tab,CHEMBL139,O=C(O)Cc1ccccc1Nc1c(Cl)cccc1Cl,87.1,4,Clearance_Hepatocyte_AZ,28,,VALID,49.33,0
CHEMBL109244,O=C(NCCCCCCNCCc1ccc(O)c2nc(O)sc12)Nc1ccccc1,98.0,O=C(NCCCCCCNCCc1ccc(O)c2nc(O)sc12)Nc1ccccc1,4.221700000000003,0,0.36363636363636365,1,6,5,"{""number"": ""98.0"", ""relation"": ""="", ""status"": ""VALID""}",428.5580000000001,data/raw/tdc/clearance_hepatocyte_az.tab,CHEMBL109244,O=C(NCCCCCCNCCc1ccc(O)c2nc(O)sc12)Nc1ccccc1,98.0,11,Clearance_Hepatocyte_AZ,29,,VALID,106.51,0
CHEMBL370492,CCc1nc2cc(O)ccc2c(Oc2ccc(/C=C/C(=O)O)cc2)c1-c1ccccc1,102.33,CCc1nc2cc(O)ccc2c(Oc2ccc(/C=C/C(=O)O)cc2)c1-c1ccccc1,6.059900000000006,0,0.07692307692307693,1,4,2,"{""number"": ""102.33"", ""relation"": ""="", ""status"": ""VALID""}",411.4570000000001,data/raw/tdc/clearance_hepatocyte_az.tab,CHEMBL370492,CCc1nc2cc(O)ccc2c(Oc2ccc(/C=C/C(=O)O)cc2)c1-c1ccccc1,102.33,6,Clearance_Hepatocyte_AZ,30,,VALID,79.65,0
CHEMBL421604,CS(=O)(=O)Nc1ccc(CCOCCCS(=O)(=O)CCNCCc2ccc(O)c3nc(O)sc23)cc1,105.0,CS(=O)(=O)Nc1ccc(CCOCCCS(=O)(=O)CCNCCc2ccc(O)c3nc(O)sc23)cc1,2.2753000000000014,0,0.43478260869565216,1,10,4,"{""number"": ""105.0"", ""relation"": ""="", ""status"": ""VALID""}",557.7160000000002,data/raw/tdc/clearance_hepatocyte_az.tab,CHEMBL421604,CS(=O)(=O)Nc1ccc(CCOCCCS(=O)(=O)CCNCCc2ccc(O)c3nc(O)sc23)cc1,105.0,15,Clearance_Hepatocyte_AZ,31,,VALID,154.92,0
CHEMBL479,CSc1ccc2c(c1)N(CCC1CCCCN1C)c1ccccc1S2,114.0,CSc1ccc2c(c1)N(CCC1CCCCN1C)c1ccccc1S2,5.885600000000005,0,0.42857142857142855,1,4,0,"{""number"": ""114.0"", ""relation"": ""="", ""status"": ""VALID""}",370.587,data/raw/tdc/clearance_hepatocyte_az.tab,CHEMBL479,CSc1ccc2c(c1)N(CCC1CCCCN1C)c1ccccc1S2,114.0,4,Clearance_Hepatocyte_AZ,32,,VALID,6.48,1
CHEMBL1987793,Cc1ccccc1-c1c(C(=O)O)n(CCCOc2cccc3ccccc23)c2ccccc12,123.03,Cc1ccccc1-c1c(C(=O)O)n(CCCOc2cccc3ccccc23)c2ccccc12,6.937220000000006,0,0.13793103448275862,1,3,1,"{""number"": ""123.03"", ""relation"": ""="", ""status"": ""VALID""}",435.5230000000001,data/raw/tdc/clearance_hepatocyte_az.tab,CHEMBL1987793,Cc1ccccc1-c1c(C(=O)O)n(CCCOc2cccc3ccccc23)c2ccccc12,123.03,7,Clearance_Hepatocyte_AZ,33,,VALID,51.459999999999994,0
CHEMBL1089517,COCCOc1nc(N)c2[nH]c(=O)n(Cc3cccc(CC(=O)OC)c3)c2n1,125.0,COCCOc1nc(N)c2[nH]c(=O)n(Cc3cccc(CC(=O)OC)c3)c2n1,0.4908000000000001,0,0.3333333333333333,1,9,2,"{""number"": ""125.0"", ""relation"": ""="", ""status"": ""VALID""}",387.3960000000002,data/raw/tdc/clearance_hepatocyte_az.tab,CHEMBL1089517,COCCOc1nc(N)c2[nH]c(=O)n(Cc3cccc(CC(=O)OC)c3)c2n1,125.0,8,Clearance_Hepatocyte_AZ,34,,VALID,134.35,0
CHEMBL1938680,O=C(Nc1ccc(N2CCNCC2)cc1)c1ccc(-c2ccc(Cl)cc2)o1,3.0,O=C(Nc1ccc(N2CCNCC2)cc1)c1ccc(-c2ccc(Cl)cc2)o1,4.2619000000000025,0,0.19047619047619047,1,4,2,"{""number"": ""3.0"", ""relation"": ""="", ""status"": ""VALID""}",381.86300000000006,data/raw/tdc/clearance_hepatocyte_az.tab,CHEMBL1938680,O=C(Nc1ccc(N2CCNCC2)cc1)c1ccc(-c2ccc(Cl)cc2)o1,3.0,4,Clearance_Hepatocyte_AZ,35,,VALID,57.510000000000005,0
CHEMBL2158792,Cc1cc(OC2CCN(CC3CCN([C@@](C)(Cc4ccc(F)cc4)C(=O)O)CC3)CC2)ccc1Cl,3.0,Cc1cc(OC2CCN(CC3CCN([C@@](C)(Cc4ccc(F)cc4)C(=O)O)CC3)CC2)ccc1Cl,5.4287200000000055,0,0.5357142857142857,1,4,1,"{""number"": ""3.0"", ""relation"": ""="", ""status"": ""VALID""}",503.0580000000002,data/raw/tdc/clearance_hepatocyte_az.tab,CHEMBL2158792,Cc1cc(OC2CCN(CC3CCN([C@@](C)(Cc4ccc(F)cc4)C(=O)O)CC3)CC2)ccc1Cl,3.0,8,Clearance_Hepatocyte_AZ,36,,VALID,53.010000000000005,0
CHEMBL2058529,O=C(O)CCc1ccc(OCc2cc(Cl)ccc2-c2ccccc2)cc1,13.8,O=C(O)CCc1ccc(OCc2cc(Cl)ccc2-c2ccccc2)cc1,5.603200000000005,0,0.13636363636363635,1,2,1,"{""number"": ""13.8"", ""relation"": ""="", ""status"": ""VALID""}",366.84400000000005,data/raw/tdc/clearance_hepatocyte_az.tab,CHEMBL2058529,O=C(O)CCc1ccc(OCc2cc(Cl)ccc2-c2ccccc2)cc1,13.8,7,Clearance_Hepatocyte_AZ,37,,VALID,46.53,0
CHEMBL1934271,CCC(CC)n1nc(C)c(C(=O)N[C@@H](C)C(C)(C)C)c1NS(=O)(=O)c1ccc(C)cc1,15.0,CCC(CC)n1nc(C)c(C(=O)N[C@@H](C)C(C)(C)C)c1NS(=O)(=O)c1ccc(C)cc1,4.826240000000005,0,0.5652173913043478,1,5,2,"{""number"": ""15.0"", ""relation"": ""="", ""status"": ""VALID""}",448.63300000000015,data/raw/tdc/clearance_hepatocyte_az.tab,CHEMBL1934271,CCC(CC)n1nc(C)c(C(=O)N[C@@H](C)C(C)(C)C)c1NS(=O)(=O)c1ccc(C)cc1,15.0,8,Clearance_Hepatocyte_AZ,38,,VALID,93.09,0
CHEMBL2088415,O=S(=O)(Nc1ccc(C(F)(F)F)cc1)c1ccc2sc(CO)nc2c1,15.49,O=S(=O)(Nc1ccc(C(F)(F)F)cc1)c1ccc2sc(CO)nc2c1,3.608200000000001,0,0.13333333333333333,1,5,2,"{""number"": ""15.49"", ""relation"": ""="", ""status"": ""VALID""}",388.3920000000001,data/raw/tdc/clearance_hepatocyte_az.tab,CHEMBL2088415,O=S(=O)(Nc1ccc(C(F)(F)F)cc1)c1ccc2sc(CO)nc2c1,15.49,4,Clearance_Hepatocyte_AZ,39,,VALID,79.29,0
CHEMBL1229592,C=CC(=O)Nc1cccc(Oc2nc(Nc3ccc(N4CCN(C)CC4)cc3OC)ncc2Cl)c1,3.31,C=CC(=O)Nc1cccc(Oc2nc(Nc3ccc(N4CCN(C)CC4)cc3OC)ncc2Cl)c1,4.550800000000003,0,0.24,1,8,2,"{""number"": ""3.31"", ""relation"": ""="", ""status"": ""VALID""}",494.9830000000003,data/raw/tdc/clearance_hepatocyte_az.tab,CHEMBL1229592,C=CC(=O)Nc1cccc(Oc2nc(Nc3ccc(N4CCN(C)CC4)cc3OC)ncc2Cl)c1,3.31,8,Clearance_Hepatocyte_AZ,40,,VALID,91.85,0
CHEMBL1017,CCCc1nc2c(C)cc(-c3nc4ccccc4n3C)cc2n1Cc1ccc(-c2ccccc2C(=O)O)cc1,3.98,CCCc1nc2c(C)cc(-c3nc4ccccc4n3C)cc2n1Cc1ccc(-c2ccccc2C(=O)O)cc1,7.2644200000000065,0,0.18181818181818182,1,5,1,"{""number"": ""3.98"", ""relation"": ""="", ""status"": ""VALID""}",514.6290000000004,data/raw/tdc/clearance_hepatocyte_az.tab,CHEMBL1017,CCCc1nc2c(C)cc(-c3nc4ccccc4n3C)cc2n1Cc1ccc(-c2ccccc2C(=O)O)cc1,3.98,7,Clearance_Hepatocyte_AZ,41,,VALID,72.94,0
CHEMBL1778628,N#Cc1cccc(-c2cc(C(F)(F)F)ccc2OCC(=O)O)c1,3.0,N#Cc1cccc(-c2cc(C(F)(F)F)ccc2OCC(=O)O)c1,3.707480000000002,0,0.125,1,3,1,"{""number"": ""3.0"", ""relation"": ""="", ""status"": ""VALID""}",321.254,data/raw/tdc/clearance_hepatocyte_az.tab,CHEMBL1778628,N#Cc1cccc(-c2cc(C(F)(F)F)ccc2OCC(=O)O)c1,3.0,4,Clearance_Hepatocyte_AZ,42,,VALID,70.32,0
CHEMBL191528,CCOc1ccc2ccc(=O)oc2c1,35.48,CCOc1ccc2ccc(=O)oc2c1,2.1917,0,0.18181818181818182,1,3,0,"{""number"": ""35.48"", ""relation"": ""="", ""status"": ""VALID""}",190.19799999999995,data/raw/tdc/clearance_hepatocyte_az.tab,CHEMBL191528,CCOc1ccc2ccc(=O)oc2c1,35.48,2,Clearance_Hepatocyte_AZ,43,,VALID,39.44,0
CHEMBL723,COc1ccccc1OCCNCC(O)COc1cccc2[nH]c3ccccc3c12,26.3,COc1ccccc1OCCNCC(O)COc1cccc2[nH]c3ccccc3c12,3.738000000000002,0,0.25,1,5,3,"{""number"": ""26.3"", ""relation"": ""="", ""status"": ""VALID""}",406.482,data/raw/tdc/clearance_hepatocyte_az.tab,CHEMBL723,COc1ccccc1OCCNCC(O)COc1cccc2[nH]c3ccccc3c12,26.3,10,Clearance_Hepatocyte_AZ,44,,VALID,75.74000000000001,1
CHEMBL521509,O=C(NC1CC1)c1cn(-c2cccc(C#Cc3cccnc3)c2)c2ncccc2c1=O,29.0,O=C(NC1CC1)c1cn(-c2cccc(C#Cc3cccnc3)c2)c2ncccc2c1=O,3.072700000000001,0,0.12,1,5,1,"{""number"": ""29.0"", ""relation"": ""="", ""status"": ""VALID""}",406.44500000000016,data/raw/tdc/clearance_hepatocyte_az.tab,CHEMBL521509,O=C(NC1CC1)c1cn(-c2cccc(C#Cc3cccnc3)c2)c2ncccc2c1=O,29.0,3,Clearance_Hepatocyte_AZ,45,,VALID,76.88,0
CHEMBL1645107,Nc1nc2ccc(-c3ccncc3)cc2s1,29.51,Nc1nc2ccc(-c3ccncc3)cc2s1,2.940500000000001,0,0.0,1,4,1,"{""number"": ""29.51"", ""relation"": ""="", ""status"": ""VALID""}",227.292,data/raw/tdc/clearance_hepatocyte_az.tab,CHEMBL1645107,Nc1nc2ccc(-c3ccncc3)cc2s1,29.51,1,Clearance_Hepatocyte_AZ,46,,VALID,51.8,0
CHEMBL271012,C[C@H](CO)Nc1nc(SCc2ccccc2F)nc2[nH]c(=O)sc12,30.12,C[C@H](CO)Nc1nc(SCc2ccccc2F)nc2[nH]c(=O)sc12,2.6037,0,0.26666666666666666,1,7,3,"{""number"": ""30.12"", ""relation"": ""="", ""status"": ""VALID""}",366.44300000000004,data/raw/tdc/clearance_hepatocyte_az.tab,CHEMBL271012,C[C@H](CO)Nc1nc(SCc2ccccc2F)nc2[nH]c(=O)sc12,30.12,6,Clearance_Hepatocyte_AZ,47,,VALID,90.9,0
CHEMBL77131,CCNC(=O)OC1CCN(c2nncc3cc(OC)c(OC)cc23)CC1,33.88,CCNC(=O)OC1CCN(c2nncc3cc(OC)c(OC)cc23)CC1,2.3619000000000003,0,0.5,1,7,1,"{""number"": ""33.88"", ""relation"": ""="", ""status"": ""VALID""}",360.41400000000016,data/raw/tdc/clearance_hepatocyte_az.tab,CHEMBL77131,CCNC(=O)OC1CCN(c2nncc3cc(OC)c(OC)cc23)CC1,33.88,5,Clearance_Hepatocyte_AZ,48,,VALID,85.81,0
CHEMBL1916546,COc1cc2c(ccc(=O)n2CCN2CCC(NCc3cc4c(cn3)OCCO4)CC2)cn1,35.48,COc1cc2c(ccc(=O)n2CCN2CCC(NCc3cc4c(cn3)OCCO4)CC2)cn1,1.8254999999999992,0,0.4583333333333333,1,9,1,"{""number"": ""35.48"", ""relation"": ""="", ""status"": ""VALID""}",451.5270000000003,data/raw/tdc/clearance_hepatocyte_az.tab,CHEMBL1916546,COc1cc2c(ccc(=O)n2CCN2CCC(NCc3cc4c(cn3)OCCO4)CC2)cn1,35.48,7,Clearance_Hepatocyte_AZ,49,,VALID,90.74000000000001,0
CHEMBL71,CN(C)CCCN1c2ccccc2Sc2ccc(Cl)cc21,14.45,CN(C)CCCN1c2ccccc2Sc2ccc(Cl)cc21,4.894400000000004,0,0.29411764705882354,1,3,0,"{""number"": ""14.45"", ""relation"": ""="", ""status"": ""VALID""}",318.8730000000001,data/raw/tdc/clearance_hepatocyte_az.tab,CHEMBL71,CN(C)CCCN1c2ccccc2Sc2ccc(Cl)cc21,14.45,4,Clearance_Hepatocyte_AZ,50,,VALID,6.48,0
CHEMBL866,COc1c(C)c2c(c(O)c1C/C=C(\C)CCC(=O)O)C(=O)OC2,14.79,COc1c(C)c2c(c(O)c1C/C=C(\C)CCC(=O)O)C(=O)OC2,2.73322,0,0.4117647058823529,1,5,2,"{""number"": ""14.79"", ""relation"": ""="", ""status"": ""VALID""}",320.341,data/raw/tdc/clearance_hepatocyte_az.tab,CHEMBL866,COc1c(C)c2c(c(O)c1C/C=C(\C)CCC(=O)O)C(=O)OC2,14.79,6,Clearance_Hepatocyte_AZ,51,,VALID,93.06000000000002,0
CHEMBL2147474,COc1cc(-n2cnc3cc(-c4ccc(Cl)cc4)sc3c2=O)ccc1OC[C@H](O)C1CC1,22.91,COc1cc(-n2cnc3cc(-c4ccc(Cl)cc4)sc3c2=O)ccc1OC[C@H](O)C1CC1,4.925900000000005,0,0.25,1,7,1,"{""number"": ""22.91"", ""relation"": ""="", ""status"": ""VALID""}",468.9620000000003,data/raw/tdc/clearance_hepatocyte_az.tab,CHEMBL2147474,COc1cc(-n2cnc3cc(-c4ccc(Cl)cc4)sc3c2=O)ccc1OC[C@H](O)C1CC1,22.91,7,Clearance_Hepatocyte_AZ,52,,VALID,73.58000000000001,0
CHEMBL1587607,O=C(Nc1ccccc1Cl)c1cc[nH]n1,150.0,O=C(Nc1ccccc1Cl)c1cc[nH]n1,2.3153999999999995,0,0.0,1,2,2,"{""number"": ""150.0"", ""relation"": ""="", ""status"": ""VALID""}",221.647,data/raw/tdc/clearance_hepatocyte_az.tab,CHEMBL1587607,O=C(Nc1ccccc1Cl)c1cc[nH]n1,150.0,2,Clearance_Hepatocyte_AZ,53,,VALID,57.78,0
CHEMBL2088413,Cc1ccc(CCNC(=O)c2ccc3sc(CO)nc3c2)cc1,150.0,Cc1ccc(CCNC(=O)c2ccc3sc(CO)nc3c2)cc1,3.0695200000000016,0,0.2222222222222222,1,4,2,"{""number"": ""150.0"", ""relation"": ""="", ""status"": ""VALID""}",326.42100000000005,data/raw/tdc/clearance_hepatocyte_az.tab,CHEMBL2088413,Cc1ccc(CCNC(=O)c2ccc3sc(CO)nc3c2)cc1,150.0,5,Clearance_Hepatocyte_AZ,54,,VALID,62.22,0
CHEMBL1956163,O=C1[C@H]2[C@H]3CC[C@H](C3)[C@H]2C(=O)N1[C@H]1CC[C@H](C(=O)Nc2cccc3cccnc23)CC1,150.0,O=C1[C@@H]2[C@@H]3CC[C@@H](C3)[C@@H]2C(=O)N1[C@H]1CC[C@H](C(=O)Nc2cccc3cccnc23)CC1,3.763200000000002,0,0.52,1,4,1,"{""number"": ""150.0"", ""relation"": ""="", ""status"": ""VALID""}",417.5090000000001,data/raw/tdc/clearance_hepatocyte_az.tab,CHEMBL1956163,O=C1[C@H]2[C@H]3CC[C@H](C3)[C@H]2C(=O)N1[C@H]1CC[C@H](C(=O)Nc2cccc3cccnc23)CC1,150.0,3,Clearance_Hepatocyte_AZ,55,,VALID,79.37,0
CHEMBL1198335,COc1cccc(Nc2nc(NCC3CCCO3)c3ccccc3n2)c1,150.0,COc1cccc(Nc2nc(NCC3CCCO3)c3ccccc3n2)c1,3.9729000000000028,0,0.3,1,6,2,"{""number"": ""150.0"", ""relation"": ""="", ""status"": ""VALID""}",350.422,data/raw/tdc/clearance_hepatocyte_az.tab,CHEMBL1198335,COc1cccc(Nc2nc(NCC3CCCO3)c3ccccc3n2)c1,150.0,6,Clearance_Hepatocyte_AZ,56,,VALID,68.3,1
CHEMBL2103846,CC(=O)[C@@]1(O)CC[C@H]2[C@@H]3CCC4=CC(=O)CCC4=C3[C@@H](c3ccc(N(C)C)cc3)C[C@@]21C,150.0,CC(=O)[C@@]1(O)CC[C@H]2[C@@H]3CCC4=CC(=O)CCC4=C3[C@@H](c3ccc(N(C)C)cc3)C[C@@]21C,4.972200000000005,0,0.5714285714285714,1,4,1,"{""number"": ""150.0"", ""relation"": ""="", ""status"": ""VALID""}",433.59200000000016,data/raw/tdc/clearance_hepatocyte_az.tab,CHEMBL2103846,CC(=O)[C@@]1(O)CC[C@H]2[C@@H]3CCC4=CC(=O)CCC4=C3[C@@H](c3ccc(N(C)C)cc3)C[C@@]21C,150.0,3,Clearance_Hepatocyte_AZ,57,,VALID,57.61,0
CHEMBL408,Cc1c(C)c2c(c(C)c1O)CCC(C)(COc1ccc(CC3SC(=O)NC3=O)cc1)O2,150.0,Cc1c(C)c2c(c(C)c1O)CCC(C)(COc1ccc(CC3SC(=O)NC3=O)cc1)O2,4.374260000000002,0,0.4166666666666667,1,6,2,"{""number"": ""150.0"", ""relation"": ""="", ""status"": ""VALID""}",441.54900000000015,data/raw/tdc/clearance_hepatocyte_az.tab,CHEMBL408,Cc1c(C)c2c(c(C)c1O)CCC(C)(COc1ccc(CC3SC(=O)NC3=O)cc1)O2,150.0,5,Clearance_Hepatocyte_AZ,58,,VALID,84.86,2
CHEMBL298019,CCOC(=O)c1ccc(OCCC2CCN(c3ccc(C)nn3)CC2)cc1,150.0,CCOC(=O)c1ccc(OCCC2CCN(c3ccc(C)nn3)CC2)cc1,3.6472200000000026,0,0.47619047619047616,1,6,0,"{""number"": ""150.0"", ""relation"": ""="", ""status"": ""VALID""}",369.4650000000001,data/raw/tdc/clearance_hepatocyte_az.tab,CHEMBL298019,CCOC(=O)c1ccc(OCCC2CCN(c3ccc(C)nn3)CC2)cc1,150.0,7,Clearance_Hepatocyte_AZ,59,,VALID,64.55000000000001,0
CHEMBL1529080,Cn1sc(=O)c2cc(S(=O)(=O)NC3CC3)ccc21,150.0,Cn1sc(=O)c2cc(S(=O)(=O)NC3CC3)ccc21,1.0406999999999997,0,0.36363636363636365,1,5,1,"{""number"": ""150.0"", ""relation"": ""="", ""status"": ""VALID""}",284.36199999999997,data/raw/tdc/clearance_hepatocyte_az.tab,CHEMBL1529080,Cn1sc(=O)c2cc(S(=O)(=O)NC3CC3)ccc21,150.0,3,Clearance_Hepatocyte_AZ,60,,VALID,68.17,0
CHEMBL1302675,CCn1c(SCC(=O)Nc2cc(C)on2)nnc1-c1ccccc1,150.0,CCn1c(SCC(=O)Nc2cc(C)on2)nnc1-c1ccccc1,2.9922200000000014,0,0.25,1,7,1,"{""number"": ""150.0"", ""relation"": ""="", ""status"": ""VALID""}",343.4120000000001,data/raw/tdc/clearance_hepatocyte_az.tab,CHEMBL1302675,CCn1c(SCC(=O)Nc2cc(C)on2)nnc1-c1ccccc1,150.0,6,Clearance_Hepatocyte_AZ,61,,VALID,85.84,0
CHEMBL2110579,CN(C)N(C)C(=O)[C@@]1(Cc2ccccc2)CCCN(C(=O)[C@@H](Cc2c[nH]c3ccccc23)NC(=O)C(C)(C)N)C1,8.91,CN(C)N(C)C(=O)[C@@]1(Cc2ccccc2)CCCN(C(=O)[C@@H](Cc2c[nH]c3ccccc23)NC(=O)C(C)(C)N)C1,2.7189999999999994,0,0.45161290322580644,1,5,3,"{""number"": ""8.91"", ""relation"": ""="", ""status"": ""VALID""}",546.7160000000001,data/raw/tdc/clearance_hepatocyte_az.tab,CHEMBL2110579,CN(C)N(C)C(=O)[C@@]1(Cc2ccccc2)CCCN(C(=O)[C@@H](Cc2c[nH]c3ccccc23)NC(=O)C(C)(C)N)C1,8.91,9,Clearance_Hepatocyte_AZ,62,,VALID,114.77,0
CHEMBL1934267,Cc1ccc(S(=O)(=O)Nc2c(C(=O)N[C@@H](C)C(C)(C)C)c(C)nn2C(C)C)cc1,10.0,Cc1ccc(S(=O)(=O)Nc2c(C(=O)N[C@@H](C)C(C)(C)C)c(C)nn2C(C)C)cc1,4.046040000000003,0,0.5238095238095238,1,5,2,"{""number"": ""10.0"", ""relation"": ""="", ""status"": ""VALID""}",420.5790000000002,data/raw/tdc/clearance_hepatocyte_az.tab,CHEMBL1934267,Cc1ccc(S(=O)(=O)Nc2c(C(=O)N[C@@H](C)C(C)(C)C)c(C)nn2C(C)C)cc1,10.0,6,Clearance_Hepatocyte_AZ,63,,VALID,93.09,0
CHEMBL1477,COCc1c(C(C)C)nc(C(C)C)c(/C=C/[C@@H](O)C[C@@H](O)CC(=O)O)c1-c1ccc(F)cc1,10.0,COCc1c(C(C)C)nc(C(C)C)c(/C=C/[C@@H](O)C[C@@H](O)CC(=O)O)c1-c1ccc(F)cc1,4.8807000000000045,0,0.46153846153846156,1,5,3,"{""number"": ""10.0"", ""relation"": ""="", ""status"": ""VALID""}",459.5580000000002,data/raw/tdc/clearance_hepatocyte_az.tab,CHEMBL1477,COCc1c(C(C)C)nc(C(C)C)c(/C=C/[C@@H](O)C[C@@H](O)CC(=O)O)c1-c1ccc(F)cc1,10.0,11,Clearance_Hepatocyte_AZ,64,,VALID,99.88000000000001,0
CHEMBL2336326,C[C@H]1COCCN1c1nc(N2CCOC[C@@H]2C)c2ccc(-c3cccc(C(=O)NCCO)c3)nc2n1,10.0,C[C@H]1COCCN1c1nc(N2CCOC[C@@H]2C)c2ccc(-c3cccc(C(=O)NCCO)c3)nc2n1,1.864099999999999,0,0.46153846153846156,1,9,2,"{""number"": ""10.0"", ""relation"": ""="", ""status"": ""VALID""}",492.5800000000002,data/raw/tdc/clearance_hepatocyte_az.tab,CHEMBL2336326,C[C@H]1COCCN1c1nc(N2CCOC[C@@H]2C)c2ccc(-c3cccc(C(=O)NCCO)c3)nc2n1,10.0,6,Clearance_Hepatocyte_AZ,65,,VALID,112.94,0
CHEMBL42,CN1CCN(C2=Nc3cc(Cl)ccc3Nc3ccccc32)CC1,150.0,CN1CCN(C2=Nc3cc(Cl)ccc3Nc3ccccc32)CC1,3.7227000000000023,0,0.2777777777777778,1,4,1,"{""number"": ""150.0"", ""relation"": ""="", ""status"": ""VALID""}",326.83100000000013,data/raw/tdc/clearance_hepatocyte_az.tab,CHEMBL42,CN1CCN(C2=Nc3cc(Cl)ccc3Nc3ccccc32)CC1,150.0,0,Clearance_Hepatocyte_AZ,66,,VALID,30.869999999999997,0
CHEMBL556667,O=C(Nc1cccc(Cl)c1)c1ccccn1,150.0,O=C(Nc1cccc(Cl)c1)c1ccccn1,2.987300000000001,0,0.0,1,2,1,"{""number"": ""150.0"", ""relation"": ""="", ""status"": ""VALID""}",232.67,data/raw/tdc/clearance_hepatocyte_az.tab,CHEMBL556667,O=C(Nc1cccc(Cl)c1)c1ccccn1,150.0,2,Clearance_Hepatocyte_AZ,67,,VALID,41.99,0
CHEMBL1526668,O=C(c1csc2c1CCCC2)N1CCCCC1,150.0,O=C(c1csc2c1CCCC2)N1CCCCC1,3.253000000000002,0,0.6428571428571429,1,2,0,"{""number"": ""150.0"", ""relation"": ""="", ""status"": ""VALID""}",249.3789999999999,data/raw/tdc/clearance_hepatocyte_az.tab,CHEMBL1526668,O=C(c1csc2c1CCCC2)N1CCCCC1,150.0,1,Clearance_Hepatocyte_AZ,68,,VALID,20.310000000000002,0
CHEMBL379350,CCN(CC)c1ccc2cc(C(C)=O)c(=O)oc2c1,150.0,CCN(CC)c1ccc2cc(C(C)=O)c(=O)oc2c1,2.841800000000001,0,0.3333333333333333,1,4,0,"{""number"": ""150.0"", ""relation"": ""="", ""status"": ""VALID""}",259.30499999999995,data/raw/tdc/clearance_hepatocyte_az.tab,CHEMBL379350,CCN(CC)c1ccc2cc(C(C)=O)c(=O)oc2c1,150.0,4,Clearance_Hepatocyte_AZ,69,,VALID,50.52,0
CHEMBL2171277,Cc1ccc(NC(=O)[C@H]2CCCN2S(=O)(=O)c2cccc3cccnc23)c(C)c1,150.0,Cc1ccc(NC(=O)[C@H]2CCCN2S(=O)(=O)c2cccc3cccnc23)c(C)c1,3.6434400000000027,0,0.2727272727272727,1,4,1,"{""number"": ""150.0"", ""relation"": ""="", ""status"": ""VALID""}",409.5110000000001,data/raw/tdc/clearance_hepatocyte_az.tab,CHEMBL2171277,Cc1ccc(NC(=O)[C@H]2CCCN2S(=O)(=O)c2cccc3cccnc23)c(C)c1,150.0,4,Clearance_Hepatocyte_AZ,70,,VALID,79.37,0
CHEMBL2348651,CNc1nc(C)c(-c2nc(Nc3cccc(N4CCCN(C(C)=O)CC4)c3)ncc2C#N)s1,150.0,CNc1nc(C)c(-c2nc(Nc3cccc(N4CCCN(C(C)=O)CC4)c3)ncc2C#N)s1,3.624100000000002,0,0.34782608695652173,1,9,2,"{""number"": ""150.0"", ""relation"": ""="", ""status"": ""VALID""}",462.58300000000025,data/raw/tdc/clearance_hepatocyte_az.tab,CHEMBL2348651,CNc1nc(C)c(-c2nc(Nc3cccc(N4CCCN(C(C)=O)CC4)c3)ncc2C#N)s1,150.0,5,Clearance_Hepatocyte_AZ,71,,VALID,110.07000000000002,0
CHEMBL1478592,Cc1c(C(=O)Nc2ccccc2)sc2ncnc(O)c12,150.0,Cc1c(C(=O)Nc2ccccc2)sc2ncnc(O)c12,2.9576200000000017,0,0.07142857142857142,1,5,2,"{""number"": ""150.0"", ""relation"": ""="", ""status"": ""VALID""}",285.32800000000003,data/raw/tdc/clearance_hepatocyte_az.tab,CHEMBL1478592,Cc1c(C(=O)Nc2ccccc2)sc2ncnc(O)c12,150.0,2,Clearance_Hepatocyte_AZ,72,,VALID,75.11,0
CHEMBL324875,Cc1ccc(CCOCCNS(=O)(=O)CCCNCCc2ccc(O)c3nc(O)sc23)cc1,150.0,Cc1ccc(CCOCCNS(=O)(=O)CCCNCCc2ccc(O)c3nc(O)sc23)cc1,2.716820000000002,0,0.43478260869565216,1,8,4,"{""number"": ""150.0"", ""relation"": ""="", ""status"": ""VALID""}",493.65100000000024,data/raw/tdc/clearance_hepatocyte_az.tab,CHEMBL324875,Cc1ccc(CCOCCNS(=O)(=O)CCCNCCc2ccc(O)c3nc(O)sc23)cc1,150.0,14,Clearance_Hepatocyte_AZ,73,,VALID,120.78,0
CHEMBL223713,CCc1cccc2c1N(C)Cc1cc3c(cc1-2)OCO3,150.0,CCc1cccc2c1N(C)Cc1cc3c(cc1-2)OCO3,3.5945000000000027,0,0.29411764705882354,1,3,0,"{""number"": ""150.0"", ""relation"": ""="", ""status"": ""VALID""}",267.328,data/raw/tdc/clearance_hepatocyte_az.tab,CHEMBL223713,CCc1cccc2c1N(C)Cc1cc3c(cc1-2)OCO3,150.0,1,Clearance_Hepatocyte_AZ,74,,VALID,21.700000000000003,0
CHEMBL1484,COC(=O)C1=C(C)NC(C)=C(C(=O)OCCN(C)Cc2ccccc2)C1c1cccc([N+](=O)[O-])c1,150.0,COC(=O)C1=C(C)NC(C)=C(C(=O)OCCN(C)Cc2ccccc2)C1c1cccc([N+](=O)[O-])c1,3.677800000000002,0,0.3076923076923077,1,8,1,"{""number"": ""150.0"", ""relation"": ""="", ""status"": ""VALID""}",479.5330000000002,data/raw/tdc/clearance_hepatocyte_az.tab,CHEMBL1484,COC(=O)C1=C(C)NC(C)=C(C(=O)OCCN(C)Cc2ccccc2)C1c1cccc([N+](=O)[O-])c1,150.0,9,Clearance_Hepatocyte_AZ,75,,VALID,111.00999999999999,1
CHEMBL1824041,N#Cc1ccc2c(c1)N(CCN1CCC(NCc3ccc4c(n3)NC(=O)CO4)CC1)C(=O)CO2,8.51,N#Cc1ccc2c(c1)N(CCN1CCC(NCc3ccc4c(n3)NC(=O)CO4)CC1)C(=O)CO2,1.2637799999999997,0,0.4166666666666667,1,8,2,"{""number"": ""8.51"", ""relation"": ""="", ""status"": ""VALID""}",462.5100000000003,data/raw/tdc/clearance_hepatocyte_az.tab,CHEMBL1824041,N#Cc1ccc2c(c1)N(CCN1CCC(NCc3ccc4c(n3)NC(=O)CO4)CC1)C(=O)CO2,8.51,6,Clearance_Hepatocyte_AZ,76,,VALID,119.82000000000001,0
CHEMBL235392,O=C(NCC12CC3CC(CC(C3)C1)C2)c1cc(CN2CC3CNCC(C2)O3)ccc1Cl,9.0,O=C(NCC12CC3CC(CC(C3)C1)C2)c1cc(CN2CC3CNCC(C2)O3)ccc1Cl,3.458800000000002,0,0.72,1,4,2,"{""number"": ""9.0"", ""relation"": ""="", ""status"": ""VALID""}",444.0190000000001,data/raw/tdc/clearance_hepatocyte_az.tab,CHEMBL235392,O=C(NCC12CC3CC(CC(C3)C1)C2)c1cc(CN2CC3CNCC(C2)O3)ccc1Cl,9.0,5,Clearance_Hepatocyte_AZ,77,,VALID,53.60000000000001,6
CHEMBL596008,Cc1ccc2[nH]c(C(=O)O)nc2c1,9.77,Cc1ccc2[nH]c(C(=O)O)nc2c1,1.5695199999999998,0,0.1111111111111111,1,2,2,"{""number"": ""9.77"", ""relation"": ""="", ""status"": ""VALID""}",176.175,data/raw/tdc/clearance_hepatocyte_az.tab,CHEMBL596008,Cc1ccc2[nH]c(C(=O)O)nc2c1,9.77,1,Clearance_Hepatocyte_AZ,78,,VALID,65.98,0
CHEMBL2169920,O=C1COc2c(CCNCCN(C(=O)CCNCCc3ccc(Cl)c(Cl)c3)C3CCCCC3)ccc(O)c2N1,22.0,O=C1COc2c(CCNCCN(C(=O)CCNCCc3ccc(Cl)c(Cl)c3)C3CCCCC3)ccc(O)c2N1,4.5457000000000045,0,0.5172413793103449,1,6,4,"{""number"": ""22.0"", ""relation"": ""="", ""status"": ""VALID""}",577.5530000000003,data/raw/tdc/clearance_hepatocyte_az.tab,CHEMBL2169920,O=C1COc2c(CCNCCN(C(=O)CCNCCc3ccc(Cl)c(Cl)c3)C3CCCCC3)ccc(O)c2N1,22.0,13,Clearance_Hepatocyte_AZ,79,,VALID,102.93,0
CHEMBL457,Cc1ccc(C)c(OCCCC(C)(C)C(=O)O)c1,66.07,Cc1ccc(C)c(OCCCC(C)(C)C(=O)O)c1,3.573240000000002,0,0.5333333333333333,1,2,1,"{""number"": ""66.07"", ""relation"": ""="", ""status"": ""VALID""}",250.33799999999997,data/raw/tdc/clearance_hepatocyte_az.tab,CHEMBL457,Cc1ccc(C)c(OCCCC(C)(C)C(=O)O)c1,66.07,6,Clearance_Hepatocyte_AZ,80,,VALID,46.53,0
CHEMBL1689112,O=C(O)COc1ccc(C(F)(F)F)cc1CN1CCN(C(=O)c2ccccc2)CC1,3.0,O=C(O)COc1ccc(C(F)(F)F)cc1CN1CCN(C(=O)c2ccccc2)CC1,3.126800000000002,0,0.3333333333333333,1,4,1,"{""number"": ""3.0"", ""relation"": ""="", ""status"": ""VALID""}",422.4030000000002,data/raw/tdc/clearance_hepatocyte_az.tab,CHEMBL1689112,O=C(O)COc1ccc(C(F)(F)F)cc1CN1CCN(C(=O)c2ccccc2)CC1,3.0,6,Clearance_Hepatocyte_AZ,81,,VALID,70.08000000000001,0
CHEMBL1082,CC1(C)S[C@@H]2[C@H](NC(=O)[C@H](N)c3ccc(O)cc3)C(=O)N2[C@H]1C(=O)O,3.0,CC1(C)S[C@@H]2[C@H](NC(=O)[C@H](N)c3ccc(O)cc3)C(=O)N2[C@H]1C(=O)O,0.023700000000000443,0,0.4375,1,6,4,"{""number"": ""3.0"", ""relation"": ""="", ""status"": ""VALID""}",365.4110000000001,data/raw/tdc/clearance_hepatocyte_az.tab,CHEMBL1082,CC1(C)S[C@@H]2[C@H](NC(=O)[C@H](N)c3ccc(O)cc3)C(=O)N2[C@H]1C(=O)O,3.0,4,Clearance_Hepatocyte_AZ,82,,VALID,132.96,0
CHEMBL1916287,Cc1nn(-c2ccc(F)cc2)c(NS(=O)(=O)c2cccnc2)c1C(=O)N[C@@H](C)C(C)(C)C,12.0,Cc1nn(-c2ccc(F)cc2)c(NS(=O)(=O)c2cccnc2)c1C(=O)N[C@@H](C)C(C)(C)C,3.6800200000000025,0,0.3181818181818182,1,6,2,"{""number"": ""12.0"", ""relation"": ""="", ""status"": ""VALID""}",459.5470000000002,data/raw/tdc/clearance_hepatocyte_az.tab,CHEMBL1916287,Cc1nn(-c2ccc(F)cc2)c(NS(=O)(=O)c2cccnc2)c1C(=O)N[C@@H](C)C(C)(C)C,12.0,6,Clearance_Hepatocyte_AZ,83,,VALID,105.97999999999999,0
CHEMBL1934267,Cc1ccc(S(=O)(=O)Nc2c(C(=O)N[C@@H](C)C(C)(C)C)c(C)nn2C(C)C)cc1,3.0,Cc1ccc(S(=O)(=O)Nc2c(C(=O)N[C@@H](C)C(C)(C)C)c(C)nn2C(C)C)cc1,4.046040000000003,0,0.5238095238095238,1,5,2,"{""number"": ""3.0"", ""relation"": ""="", ""status"": ""VALID""}",420.5790000000002,data/raw/tdc/clearance_hepatocyte_az.tab,CHEMBL1934267,Cc1ccc(S(=O)(=O)Nc2c(C(=O)N[C@@H](C)C(C)(C)C)c(C)nn2C(C)C)cc1,3.0,6,Clearance_Hepatocyte_AZ,84,,VALID,93.09,0
CHEMBL1944691,O=c1[nH]c2c(O)ccc([C@@H](O)CNCCc3cccc(CNCCc4ccccc4F)c3)c2s1,3.0,O=c1[nH]c2c(O)ccc([C@@H](O)CNCCc3cccc(CNCCc4ccccc4F)c3)c2s1,3.6323000000000016,0,0.2692307692307692,1,6,5,"{""number"": ""3.0"", ""relation"": ""="", ""status"": ""VALID""}",481.5930000000002,data/raw/tdc/clearance_hepatocyte_az.tab,CHEMBL1944691,O=c1[nH]c2c(O)ccc([C@@H](O)CNCCc3cccc(CNCCc4ccccc4F)c3)c2s1,3.0,11,Clearance_Hepatocyte_AZ,85,,VALID,97.38000000000001,0
CHEMBL565755,CCOc1ccc2nc(N)sc2c1,12.02,CCOc1ccc2nc(N)sc2c1,2.2771999999999997,0,0.2222222222222222,1,4,1,"{""number"": ""12.02"", ""relation"": ""="", ""status"": ""VALID""}",194.259,data/raw/tdc/clearance_hepatocyte_az.tab,CHEMBL565755,CCOc1ccc2nc(N)sc2c1,12.02,2,Clearance_Hepatocyte_AZ,86,,VALID,48.14,0
CHEMBL1144,CC[C@H](C)C(=O)O[C@H]1C[C@H](O)C=C2C=C[C@H](C)[C@H](CC[C@@H](O)C[C@@H](O)CC(=O)O)[C@H]21,3.0,CC[C@H](C)C(=O)O[C@H]1C[C@H](O)C=C2C=C[C@H](C)[C@H](CC[C@@H](O)C[C@@H](O)CC(=O)O)[C@H]21,2.4404000000000003,0,0.7391304347826086,1,6,4,"{""number"": ""3.0"", ""relation"": ""="", ""status"": ""VALID""}",424.5340000000002,data/raw/tdc/clearance_hepatocyte_az.tab,CHEMBL1144,CC[C@H](C)C(=O)O[C@H]1C[C@H](O)C=C2C=C[C@H](C)[C@H](CC[C@@H](O)C[C@@H](O)CC(=O)O)[C@H]21,3.0,10,Clearance_Hepatocyte_AZ,87,,VALID,124.29,0
CHEMBL1472189,COc1ccc(CC(=O)Nc2nc3ccccc3[nH]2)cc1,12.88,COc1ccc(CC(=O)Nc2nc3ccccc3[nH]2)cc1,2.752700000000001,0,0.125,1,3,2,"{""number"": ""12.88"", ""relation"": ""="", ""status"": ""VALID""}",281.315,data/raw/tdc/clearance_hepatocyte_az.tab,CHEMBL1472189,COc1ccc(CC(=O)Nc2nc3ccccc3[nH]2)cc1,12.88,4,Clearance_Hepatocyte_AZ,88,,VALID,67.00999999999999,0
CHEMBL406,CC1Cc2ccccc2N1NC(=O)c1ccc(Cl)c(S(N)(=O)=O)c1,13.18,CC1Cc2ccccc2N1NC(=O)c1ccc(Cl)c(S(N)(=O)=O)c1,2.0834,0,0.1875,1,4,2,"{""number"": ""13.18"", ""relation"": ""="", ""status"": ""VALID""}",365.84200000000004,data/raw/tdc/clearance_hepatocyte_az.tab,CHEMBL406,CC1Cc2ccccc2N1NC(=O)c1ccc(Cl)c(S(N)(=O)=O)c1,13.18,3,Clearance_Hepatocyte_AZ,89,,VALID,92.5,1
CHEMBL2325716,CS(=O)(=O)C1(c2cc(N3CCOCC3)nc(-c3cccc4[nH]ncc34)n2)CC1,3.0,CS(=O)(=O)C1(c2cc(N3CCOCC3)nc(-c3cccc4[nH]ncc34)n2)CC1,1.8901999999999994,0,0.42105263157894735,1,7,1,"{""number"": ""3.0"", ""relation"": ""="", ""status"": ""VALID""}",399.47600000000006,data/raw/tdc/clearance_hepatocyte_az.tab,CHEMBL2325716,CS(=O)(=O)C1(c2cc(N3CCOCC3)nc(-c3cccc4[nH]ncc34)n2)CC1,3.0,4,Clearance_Hepatocyte_AZ,90,,VALID,101.07,0
CHEMBL2158783,Cc1c(Cl)ccc(OC2CCN(CC3CCN([C@@H](Cc4ccc(F)cc4)C(=O)O)CC3)CC2)c1Cl,13.78,Cc1c(Cl)ccc(OC2CCN(CC3CCN([C@@H](Cc4ccc(F)cc4)C(=O)O)CC3)CC2)c1Cl,5.692020000000005,0,0.5185185185185185,1,4,1,"{""number"": ""13.78"", ""relation"": ""="", ""status"": ""VALID""}",523.4760000000003,data/raw/tdc/clearance_hepatocyte_az.tab,CHEMBL2158783,Cc1c(Cl)ccc(OC2CCN(CC3CCN([C@@H](Cc4ccc(F)cc4)C(=O)O)CC3)CC2)c1Cl,13.78,8,Clearance_Hepatocyte_AZ,91,,VALID,53.010000000000005,0
CHEMBL95,Nc1c2c(nc3ccccc13)CCCC2,13.8,Nc1c2c(nc3ccccc13)CCCC2,2.695800000000001,0,0.3076923076923077,1,2,1,"{""number"": ""13.8"", ""relation"": ""="", ""status"": ""VALID""}",198.26899999999992,data/raw/tdc/clearance_hepatocyte_az.tab,CHEMBL95,Nc1c2c(nc3ccccc13)CCCC2,13.8,0,Clearance_Hepatocyte_AZ,92,,VALID,38.91,0
CHEMBL605846,COc1ccc(CC(C)(C)NC[C@H](O)c2cc(O)cc3c2OCC(=O)N3)cc1,14.0,COc1ccc(CC(C)(C)NC[C@H](O)c2cc(O)cc3c2OCC(=O)N3)cc1,2.3760000000000003,0,0.38095238095238093,1,6,4,"{""number"": ""14.0"", ""relation"": ""="", ""status"": ""VALID""}",386.44800000000015,data/raw/tdc/clearance_hepatocyte_az.tab,CHEMBL605846,COc1ccc(CC(C)(C)NC[C@H](O)c2cc(O)cc3c2OCC(=O)N3)cc1,14.0,7,Clearance_Hepatocyte_AZ,93,,VALID,100.05000000000001,0
CHEMBL2062570,CC(=O)Nc1ccc2ccn(-c3cc(Nc4ccn(C)n4)n4ncc(C#N)c4n3)c2c1,42.66,CC(=O)Nc1ccc2ccn(-c3cc(Nc4ccn(C)n4)n4ncc(C#N)c4n3)c2c1,2.980380000000001,0,0.09523809523809523,1,9,2,"{""number"": ""42.66"", ""relation"": ""="", ""status"": ""VALID""}",411.42900000000014,data/raw/tdc/clearance_hepatocyte_az.tab,CHEMBL2062570,CC(=O)Nc1ccc2ccn(-c3cc(Nc4ccn(C)n4)n4ncc(C#N)c4n3)c2c1,42.66,4,Clearance_Hepatocyte_AZ,94,,VALID,117.86,0
CHEMBL787,CC(C)(O)c1ccccc1CC[C@@H](SCC1(CC(=O)O)CC1)c1cccc(/C=C/c2ccc3ccc(Cl)cc3n2)c1,43.65,CC(C)(O)c1ccccc1CC[C@@H](SCC1(CC(=O)O)CC1)c1cccc(/C=C/c2ccc3ccc(Cl)cc3n2)c1,8.948000000000002,0,0.3142857142857143,1,4,2,"{""number"": ""43.65"", ""relation"": ""="", ""status"": ""VALID""}",586.1970000000001,data/raw/tdc/clearance_hepatocyte_az.tab,CHEMBL787,CC(C)(O)c1ccccc1CC[C@@H](SCC1(CC(=O)O)CC1)c1cccc(/C=C/c2ccc3ccc(Cl)cc3n2)c1,43.65,12,Clearance_Hepatocyte_AZ,95,,VALID,70.42,0
CHEMBL1934270,Cc1ccc(S(=O)(=O)Nc2c(C(=O)N[C@@H](C)C(C)(C)C)c(C)nn2C(C)(C)C)cc1,53.0,Cc1ccc(S(=O)(=O)Nc2c(C(=O)N[C@@H](C)C(C)(C)C)c(C)nn2C(C)(C)C)cc1,4.220140000000004,0,0.5454545454545454,1,5,2,"{""number"": ""53.0"", ""relation"": ""="", ""status"": ""VALID""}",434.6060000000002,data/raw/tdc/clearance_hepatocyte_az.tab,CHEMBL1934270,Cc1ccc(S(=O)(=O)Nc2c(C(=O)N[C@@H](C)C(C)(C)C)c(C)nn2C(C)(C)C)cc1,53.0,5,Clearance_Hepatocyte_AZ,96,,VALID,93.09,0
CHEMBL2338020,CCc1[nH]c2nc(Sc3cnc4ccc[n+]([O-])c4c3)nc(N3C[C@H]4[C@H](N)[C@H]4C3)c2c1Cl,58.88,CCc1[nH]c2nc(Sc3cnc4ccc[n+]([O-])c4c3)nc(N3C[C@@H]4[C@@H](N)[C@@H]4C3)c2c1Cl,2.8998,0,0.3333333333333333,1,7,2,"{""number"": ""58.88"", ""relation"": ""="", ""status"": ""VALID""}",453.9590000000003,data/raw/tdc/clearance_hepatocyte_az.tab,CHEMBL2338020,CCc1[nH]c2nc(Sc3cnc4ccc[n+]([O-])c4c3)nc(N3C[C@H]4[C@H](N)[C@H]4C3)c2c1Cl,58.88,4,Clearance_Hepatocyte_AZ,97,,VALID,110.66,0
CHEMBL458997,CNC(=O)c1ccccc1Nc1nc(Nc2ccc(N3CCOCC3)cc2OC)ncc1Cl,16.22,CNC(=O)c1ccccc1Nc1nc(Nc2ccc(N3CCOCC3)cc2OC)ncc1Cl,3.8220000000000027,0,0.2608695652173913,1,8,3,"{""number"": ""16.22"", ""relation"": ""="", ""status"": ""VALID""}",468.9450000000003,data/raw/tdc/clearance_hepatocyte_az.tab,CHEMBL458997,CNC(=O)c1ccccc1Nc1nc(Nc2ccc(N3CCOCC3)cc2OC)ncc1Cl,16.22,7,Clearance_Hepatocyte_AZ,98,,VALID,100.64,0
CHEMBL1234354,COc1ccc(-c2cc3c(C)nc(N)nc3n([C@H]3CC[C@H](OCCO)CC3)c2=O)cn1,10.72,COc1ccc(-c2cc3c(C)nc(N)nc3n([C@H]3CC[C@H](OCCO)CC3)c2=O)cn1,2.2453200000000004,0,0.45454545454545453,1,9,2,"{""number"": ""10.72"", ""relation"": ""="", ""status"": ""VALID""}",425.48900000000026,data/raw/tdc/clearance_hepatocyte_az.tab,CHEMBL1234354,COc1ccc(-c2cc3c(C)nc(N)nc3n([C@H]3CC[C@H](OCCO)CC3)c2=O)cn1,10.72,6,Clearance_Hepatocyte_AZ,99,,VALID,125.38000000000001,0
CHEMBL280148,CN(C)CCNc1cc(-c2ccc(N3CCN(C)CC3)cc2)nc2ccccc12,3.0,CN(C)CCNc1cc(-c2ccc(N3CCN(C)CC3)cc2)nc2ccccc12,3.627100000000002,0,0.375,1,5,1,"{""number"": ""3.0"", ""relation"": ""="", ""status"": ""VALID""}",389.54700000000014,data/raw/tdc/clearance_hepatocyte_az.tab,CHEMBL280148,CN(C)CCNc1cc(-c2ccc(N3CCN(C)CC3)cc2)nc2ccccc12,3.0,6,Clearance_Hepatocyte_AZ,100,,VALID,34.64,0
CHEMBL960,Cc1oncc1C(=O)Nc1ccc(C(F)(F)F)cc1,3.0,Cc1oncc1C(=O)Nc1ccc(C(F)(F)F)cc1,3.2541200000000012,0,0.16666666666666666,1,3,1,"{""number"": ""3.0"", ""relation"": ""="", ""status"": ""VALID""}",270.21,data/raw/tdc/clearance_hepatocyte_az.tab,CHEMBL960,Cc1oncc1C(=O)Nc1ccc(C(F)(F)F)cc1,3.0,2,Clearance_Hepatocyte_AZ,101,,VALID,55.13,0
CHEMBL1809069,COc1cc(N2CCN(C(=O)CO)CC2)ccc1Nc1ncc(Cl)c(-c2cnc3ccccn23)n1,12.3,COc1cc(N2CCN(C(=O)CO)CC2)ccc1Nc1ncc(Cl)c(-c2cnc3ccccn23)n1,2.8378000000000005,0,0.25,1,9,2,"{""number"": ""12.3"", ""relation"": ""="", ""status"": ""VALID""}",493.95500000000015,data/raw/tdc/clearance_hepatocyte_az.tab,CHEMBL1809069,COc1cc(N2CCN(C(=O)CO)CC2)ccc1Nc1ncc(Cl)c(-c2cnc3ccccn23)n1,12.3,6,Clearance_Hepatocyte_AZ,102,,VALID,108.12,0
CHEMBL1917450,Cc1c(S(=O)(=O)c2ccc(Cl)cc2)c2c(NS(C)(=O)=O)cccc2n1CC(=O)O,3.0,Cc1c(S(=O)(=O)c2ccc(Cl)cc2)c2c(NS(C)(=O)=O)cccc2n1CC(=O)O,2.8920199999999996,0,0.16666666666666666,1,6,2,"{""number"": ""3.0"", ""relation"": ""="", ""status"": ""VALID""}",456.9290000000002,data/raw/tdc/clearance_hepatocyte_az.tab,CHEMBL1917450,Cc1c(S(=O)(=O)c2ccc(Cl)cc2)c2c(NS(C)(=O)=O)cccc2n1CC(=O)O,3.0,6,Clearance_Hepatocyte_AZ,103,,VALID,122.54,0
CHEMBL2158771,N#Cc1ccc(C[C@@H](C(=O)O)N2CCC(CN3CCC(Oc4ccc(Cl)c(Cl)c4)CC3)CC2)cc1,3.0,N#Cc1ccc(C[C@@H](C(=O)O)N2CCC(CN3CCC(Oc4ccc(Cl)c(Cl)c4)CC3)CC2)cc1,5.116180000000005,0,0.48148148148148145,1,5,1,"{""number"": ""3.0"", ""relation"": ""="", ""status"": ""VALID""}",516.4690000000003,data/raw/tdc/clearance_hepatocyte_az.tab,CHEMBL2158771,N#Cc1ccc(C[C@@H](C(=O)O)N2CCC(CN3CCC(Oc4ccc(Cl)c(Cl)c4)CC3)CC2)cc1,3.0,8,Clearance_Hepatocyte_AZ,104,,VALID,76.8,0
CHEMBL1917458,CCS(=O)(=O)c1ccc(Oc2c(C)n(CC(=O)O)c3ccc(C(F)(F)F)cc23)cc1,3.0,CCS(=O)(=O)c1ccc(Oc2c(C)n(CC(=O)O)c3ccc(C(F)(F)F)cc23)cc1,4.639020000000004,0,0.25,1,5,1,"{""number"": ""3.0"", ""relation"": ""="", ""status"": ""VALID""}",441.427,data/raw/tdc/clearance_hepatocyte_az.tab,CHEMBL1917458,CCS(=O)(=O)c1ccc(Oc2c(C)n(CC(=O)O)c3ccc(C(F)(F)F)cc23)cc1,3.0,6,Clearance_Hepatocyte_AZ,105,,VALID,85.60000000000001,0
CHEMBL1081917,Cc1cc(CN(CC(=O)Nc2ccc(Cl)cc2Cl)C2CCCCC2)ccc1OCC(=O)O,43.43,Cc1cc(CN(CC(=O)Nc2ccc(Cl)cc2Cl)C2CCCCC2)ccc1OCC(=O)O,5.538620000000005,0,0.4166666666666667,1,4,2,"{""number"": ""43.43"", ""relation"": ""="", ""status"": ""VALID""}",479.4040000000004,data/raw/tdc/clearance_hepatocyte_az.tab,CHEMBL1081917,Cc1cc(CN(CC(=O)Nc2ccc(Cl)cc2Cl)C2CCCCC2)ccc1OCC(=O)O,43.43,9,Clearance_Hepatocyte_AZ,106,,VALID,78.87,0
CHEMBL2105659,CCc1c(C(=O)C(N)=O)c2c(OCC(=O)OC)cccc2n1Cc1ccccc1,50.12,CCc1c(C(=O)C(N)=O)c2c(OCC(=O)OC)cccc2n1Cc1ccccc1,2.4718,0,0.22727272727272727,1,6,1,"{""number"": ""50.12"", ""relation"": ""="", ""status"": ""VALID""}",394.4270000000001,data/raw/tdc/clearance_hepatocyte_az.tab,CHEMBL2105659,CCc1c(C(=O)C(N)=O)c2c(OCC(=O)OC)cccc2n1Cc1ccccc1,50.12,8,Clearance_Hepatocyte_AZ,107,,VALID,100.62,0
CHEMBL2181928,C[C@@H]1CN(c2ccc3c(n2)NC(=O)CO3)[C@H](c2ccccc2)CO1,52.48,C[C@@H]1CN(c2ccc3c(n2)NC(=O)CO3)[C@H](c2ccccc2)CO1,2.3789000000000007,0,0.3333333333333333,1,5,1,"{""number"": ""52.48"", ""relation"": ""="", ""status"": ""VALID""}",325.36800000000005,data/raw/tdc/clearance_hepatocyte_az.tab,CHEMBL2181928,C[C@@H]1CN(c2ccc3c(n2)NC(=O)CO3)[C@H](c2ccccc2)CO1,52.48,2,Clearance_Hepatocyte_AZ,108,,VALID,63.69000000000001,0
CHEMBL2137046,CCC(=C(c1ccc(O)cc1)c1ccc(OCCN(C)C)cc1)c1ccccc1,56.23,CCC(=C(c1ccc(O)cc1)c1ccc(OCCN(C)C)cc1)c1ccccc1,5.701700000000005,0,0.23076923076923078,1,3,1,"{""number"": ""56.23"", ""relation"": ""="", ""status"": ""VALID""}",387.523,data/raw/tdc/clearance_hepatocyte_az.tab,CHEMBL2137046,CCC(=C(c1ccc(O)cc1)c1ccc(OCCN(C)C)cc1)c1ccccc1,56.23,8,Clearance_Hepatocyte_AZ,109,,VALID,32.7,1
CHEMBL1834184,CCC(=O)N[C@H]1CC[C@@H](C(=O)N(C)c2ccc(-c3nc4ccccc4o3)cc2)C1,4.57,CCC(=O)N[C@H]1CC[C@@H](C(=O)N(C)c2ccc(-c3nc4ccccc4o3)cc2)C1,4.152500000000003,0,0.34782608695652173,1,4,1,"{""number"": ""4.57"", ""relation"": ""="", ""status"": ""VALID""}",391.4710000000001,data/raw/tdc/clearance_hepatocyte_az.tab,CHEMBL1834184,CCC(=O)N[C@H]1CC[C@@H](C(=O)N(C)c2ccc(-c3nc4ccccc4o3)cc2)C1,4.57,5,Clearance_Hepatocyte_AZ,110,,VALID,75.44,0
CHEMBL2041980,CS(=O)(=O)c1ccc(-c2cnc(N)c(-c3ccc(C(F)(F)F)nc3)c2)cc1,4.79,CS(=O)(=O)c1ccc(-c2cnc(N)c(-c3ccc(C(F)(F)F)nc3)c2)cc1,3.815100000000002,0,0.1111111111111111,1,5,1,"{""number"": ""4.79"", ""relation"": ""="", ""status"": ""VALID""}",393.39000000000004,data/raw/tdc/clearance_hepatocyte_az.tab,CHEMBL2041980,CS(=O)(=O)c1ccc(-c2cnc(N)c(-c3ccc(C(F)(F)F)nc3)c2)cc1,4.79,3,Clearance_Hepatocyte_AZ,111,,VALID,85.94,0
CHEMBL1934418,Cc1ccc(S(=O)(=O)Nc2c(C(=O)N[C@@H](C)C(C)(C)C)c(C)nn2C2CCSCC2)cc1,5.0,Cc1ccc(S(=O)(=O)Nc2c(C(=O)N[C@@H](C)C(C)(C)C)c(C)nn2C2CCSCC2)cc1,4.533240000000004,0,0.5652173913043478,1,6,2,"{""number"": ""5.0"", ""relation"": ""="", ""status"": ""VALID""}",478.6840000000003,data/raw/tdc/clearance_hepatocyte_az.tab,CHEMBL1934418,Cc1ccc(S(=O)(=O)Nc2c(C(=O)N[C@@H](C)C(C)(C)C)c(C)nn2C2CCSCC2)cc1,5.0,6,Clearance_Hepatocyte_AZ,112,,VALID,93.09,0
CHEMBL380732,CC[C@H](CO)Nc1nc(SCc2cccc(F)c2F)nc2nc(N)sc12,5.16,CC[C@H](CO)Nc1nc(SCc2cccc(F)c2F)nc2nc(N)sc12,3.421800000000001,0,0.3125,1,8,3,"{""number"": ""5.16"", ""relation"": ""="", ""status"": ""VALID""}",397.4760000000001,data/raw/tdc/clearance_hepatocyte_az.tab,CHEMBL380732,CC[C@H](CO)Nc1nc(SCc2cccc(F)c2F)nc2nc(N)sc12,5.16,7,Clearance_Hepatocyte_AZ,113,,VALID,96.95,0
CHEMBL1934268,CCn1nc(C)c(C(=O)N[C@@H](C)C(C)(C)C)c1NS(=O)(=O)c1ccc(C)cc1,5.5,CCn1nc(C)c(C(=O)N[C@@H](C)C(C)(C)C)c1NS(=O)(=O)c1ccc(C)cc1,3.4850400000000024,0,0.5,1,5,2,"{""number"": ""5.5"", ""relation"": ""="", ""status"": ""VALID""}",406.55200000000013,data/raw/tdc/clearance_hepatocyte_az.tab,CHEMBL1934268,CCn1nc(C)c(C(=O)N[C@@H](C)C(C)(C)C)c1NS(=O)(=O)c1ccc(C)cc1,5.5,6,Clearance_Hepatocyte_AZ,114,,VALID,93.09,0
CHEMBL300138,Cn1cc(C2=C(c3cn(C4CCN(Cc5ccccn5)CC4)c4ccccc34)C(=O)NC2=O)c2ccccc21,6.0,Cn1cc(C2=C(c3cn(C4CCN(Cc5ccccn5)CC4)c4ccccc34)C(=O)NC2=O)c2ccccc21,4.932300000000004,0,0.21875,1,6,1,"{""number"": ""6.0"", ""relation"": ""="", ""status"": ""VALID""}",515.6170000000003,data/raw/tdc/clearance_hepatocyte_az.tab,CHEMBL300138,Cn1cc(C2=C(c3cn(C4CCN(Cc5ccccn5)CC4)c4ccccc34)C(=O)NC2=O)c2ccccc21,6.0,5,Clearance_Hepatocyte_AZ,115,,VALID,72.16,0
CHEMBL782,CCCCNC(=O)NS(=O)(=O)c1ccc(C)cc1,6.31,CCCCNC(=O)NS(=O)(=O)c1ccc(C)cc1,1.78302,0,0.4166666666666667,1,3,2,"{""number"": ""6.31"", ""relation"": ""="", ""status"": ""VALID""}",270.354,data/raw/tdc/clearance_hepatocyte_az.tab,CHEMBL782,CCCCNC(=O)NS(=O)(=O)c1ccc(C)cc1,6.31,5,Clearance_Hepatocyte_AZ,116,,VALID,75.27000000000001,0
CHEMBL1463345,C[C@]12CC[C@H]3[C@@H](C=CC4=CC(=O)CC[C@@]43C)[C@@H]1CC[C@@]21CCC(=O)O1,6.61,C[C@]12CCC(=O)C=C1C=C[C@@H]1[C@@H]2CC[C@@]2(C)[C@H]1CC[C@@]21CCC(=O)O1,4.370100000000003,0,0.7272727272727273,1,3,0,"{""number"": ""6.61"", ""relation"": ""="", ""status"": ""VALID""}",340.46300000000014,data/raw/tdc/clearance_hepatocyte_az.tab,CHEMBL1463345,C[C@]12CC[C@H]3[C@@H](C=CC4=CC(=O)CC[C@@]43C)[C@@H]1CC[C@@]21CCC(=O)O1,6.61,0,Clearance_Hepatocyte_AZ,117,,VALID,43.370000000000005,0
CHEMBL1229517,CCCS(=O)(=O)Nc1ccc(F)c(C(=O)c2c[nH]c3ncc(-c4ccc(Cl)cc4)cc23)c1F,6.61,CCCS(=O)(=O)Nc1ccc(F)c(C(=O)c2c[nH]c3ncc(-c4ccc(Cl)cc4)cc23)c1F,5.544200000000004,0,0.13043478260869565,1,4,2,"{""number"": ""6.61"", ""relation"": ""="", ""status"": ""VALID""}",489.9310000000001,data/raw/tdc/clearance_hepatocyte_az.tab,CHEMBL1229517,CCCS(=O)(=O)Nc1ccc(F)c(C(=O)c2c[nH]c3ncc(-c4ccc(Cl)cc4)cc23)c1F,6.61,7,Clearance_Hepatocyte_AZ,118,,VALID,91.92,0
CHEMBL2105717,COc1cc2nccc(Oc3ccc(NC(=O)C4(C(=O)Nc5ccc(F)cc5)CC4)cc3)c2cc1OC,3.16,COc1cc2nccc(Oc3ccc(NC(=O)C4(C(=O)Nc5ccc(F)cc5)CC4)cc3)c2cc1OC,5.5408000000000035,0,0.17857142857142858,1,6,2,"{""number"": ""3.16"", ""relation"": ""="", ""status"": ""VALID""}",501.51400000000024,data/raw/tdc/clearance_hepatocyte_az.tab,CHEMBL2105717,COc1cc2nccc(Oc3ccc(NC(=O)C4(C(=O)Nc5ccc(F)cc5)CC4)cc3)c2cc1OC,3.16,8,Clearance_Hepatocyte_AZ,119,,VALID,98.78000000000002,0
CHEMBL1800526,COc1ccnc(CCc2nc3cc(Br)cnc3[nH]2)c1,3.2,COc1ccnc(CCc2nc3cc(Br)cnc3[nH]2)c1,2.9092000000000002,0,0.21428571428571427,1,4,1,"{""number"": ""3.2"", ""relation"": ""="", ""status"": ""VALID""}",333.189,data/raw/tdc/clearance_hepatocyte_az.tab,CHEMBL1800526,COc1ccnc(CCc2nc3cc(Br)cnc3[nH]2)c1,3.2,4,Clearance_Hepatocyte_AZ,120,,VALID,63.690000000000005,0
CHEMBL2337977,CC(C)(C)NC(=O)NCCN1CC(NC(=O)c2cc(Cl)cc(Cl)c2)C1,3.31,CC(C)(C)NC(=O)NCCN1CC(NC(=O)c2cc(Cl)cc(Cl)c2)C1,2.5051000000000014,0,0.5294117647058824,1,3,3,"{""number"": ""3.31"", ""relation"": ""="", ""status"": ""VALID""}",387.31100000000015,data/raw/tdc/clearance_hepatocyte_az.tab,CHEMBL2337977,CC(C)(C)NC(=O)NCCN1CC(NC(=O)c2cc(Cl)cc(Cl)c2)C1,3.31,5,Clearance_Hepatocyte_AZ,121,,VALID,73.47,0
CHEMBL2035037,Cn1cnc2c(-c3ccc(C4(N)CCC4)cc3)c(-c3ccccc3)ccc21,3.31,Cn1cnc2c(-c3ccc(C4(N)CCC4)cc3)c(-c3ccccc3)ccc21,5.245200000000004,0,0.20833333333333334,1,3,1,"{""number"": ""3.31"", ""relation"": ""="", ""status"": ""VALID""}",353.469,data/raw/tdc/clearance_hepatocyte_az.tab,CHEMBL2035037,Cn1cnc2c(-c3ccc(C4(N)CCC4)cc3)c(-c3ccccc3)ccc21,3.31,3,Clearance_Hepatocyte_AZ,122,,VALID,43.84,0
CHEMBL2087361,C#Cc1cccc(Nc2ncnc3cc4c(cc23)OCCOCCOCCO4)c1,3.55,C#Cc1cccc(Nc2ncnc3cc4c(cc23)OCCOCCOCCO4)c1,3.1591000000000014,0,0.2727272727272727,1,7,1,"{""number"": ""3.55"", ""relation"": ""="", ""status"": ""VALID""}",391.4270000000003,data/raw/tdc/clearance_hepatocyte_az.tab,CHEMBL2087361,C#Cc1cccc(Nc2ncnc3cc4c(cc23)OCCOCCOCCO4)c1,3.55,2,Clearance_Hepatocyte_AZ,123,,VALID,74.73000000000002,0
CHEMBL1363,COc1ccc(C[C@@H](C)NC[C@H](O)c2ccc(O)c(NC=O)c2)cc1,3.91,COc1ccc(C[C@@H](C)NC[C@H](O)c2ccc(O)c(NC=O)c2)cc1,2.2233,0,0.3157894736842105,1,5,4,"{""number"": ""3.91"", ""relation"": ""="", ""status"": ""VALID""}",344.41100000000006,data/raw/tdc/clearance_hepatocyte_az.tab,CHEMBL1363,COc1ccc(C[C@@H](C)NC[C@H](O)c2ccc(O)c(NC=O)c2)cc1,3.91,9,Clearance_Hepatocyte_AZ,124,,VALID,90.82,0
CHEMBL960,Cc1oncc1C(=O)Nc1ccc(C(F)(F)F)cc1,23.99,Cc1oncc1C(=O)Nc1ccc(C(F)(F)F)cc1,3.2541200000000012,0,0.16666666666666666,1,3,1,"{""number"": ""23.99"", ""relation"": ""="", ""status"": ""VALID""}",270.21,data/raw/tdc/clearance_hepatocyte_az.tab,CHEMBL960,Cc1oncc1C(=O)Nc1ccc(C(F)(F)F)cc1,23.99,2,Clearance_Hepatocyte_AZ,125,,VALID,55.13,0
CHEMBL1800659,CCCCN(CCNCCc1ccc(O)c2[nH]c(=O)sc12)C(=O)CCOCCc1ccccc1,25.92,CCCCN(CCNCCc1ccc(O)c2[nH]c(=O)sc12)C(=O)CCOCCc1ccccc1,3.705400000000002,0,0.46153846153846156,1,6,3,"{""number"": ""25.92"", ""relation"": ""="", ""status"": ""VALID""}",485.6500000000003,data/raw/tdc/clearance_hepatocyte_az.tab,CHEMBL1800659,CCCCN(CCNCCc1ccc(O)c2[nH]c(=O)sc12)C(=O)CCOCCc1ccccc1,25.92,15,Clearance_Hepatocyte_AZ,126,,VALID,94.66000000000001,0
CHEMBL1916269,CCC(CC)NC(=O)c1cnn(C)c1NS(=O)(=O)c1ccc(C)cc1,27.0,CCC(CC)NC(=O)c1cnn(C)c1NS(=O)(=O)c1ccc(C)cc1,2.4477199999999995,0,0.4117647058823529,1,5,2,"{""number"": ""27.0"", ""relation"": ""="", ""status"": ""VALID""}",364.4710000000002,data/raw/tdc/clearance_hepatocyte_az.tab,CHEMBL1916269,CCC(CC)NC(=O)c1cnn(C)c1NS(=O)(=O)c1ccc(C)cc1,27.0,7,Clearance_Hepatocyte_AZ,127,,VALID,93.09,0
CHEMBL2031563,O=C(Nc1cccc(-c2nnn[nH]2)c1)c1cc(F)cc2[nH]cnc12,67.61,O=C(Nc1cccc(-c2nnn[nH]2)c1)c1cc(F)cc2[nH]cnc12,2.1343999999999994,0,0.0,1,5,3,"{""number"": ""67.61"", ""relation"": ""="", ""status"": ""VALID""}",323.291,data/raw/tdc/clearance_hepatocyte_az.tab,CHEMBL2031563,O=C(Nc1cccc(-c2nnn[nH]2)c1)c1cc(F)cc2[nH]cnc12,67.61,3,Clearance_Hepatocyte_AZ,128,,VALID,112.24,0
CHEMBL1483,CCCSc1ccc2nc(NC(=O)OC)[nH]c2c1,83.18,CCCSc1ccc2nc(NC(=O)OC)[nH]c2c1,3.2433000000000005,0,0.3333333333333333,1,4,2,"{""number"": ""83.18"", ""relation"": ""="", ""status"": ""VALID""}",265.33799999999997,data/raw/tdc/clearance_hepatocyte_az.tab,CHEMBL1483,CCCSc1ccc2nc(NC(=O)OC)[nH]c2c1,83.18,4,Clearance_Hepatocyte_AZ,129,,VALID,67.00999999999999,0
CHEMBL1807820,O=c1[nH]c2c(O)ccc([C@@H](O)CNCCCSCCOCCc3cccc4ccccc34)c2s1,85.0,O=c1[nH]c2c(O)ccc([C@@H](O)CNCCCSCCOCCc3cccc4ccccc34)c2s1,4.454000000000003,0,0.34615384615384615,1,7,4,"{""number"": ""85.0"", ""relation"": ""="", ""status"": ""VALID""}",498.6700000000003,data/raw/tdc/clearance_hepatocyte_az.tab,CHEMBL1807820,O=c1[nH]c2c(O)ccc([C@@H](O)CNCCCSCCOCCc3cccc4ccccc34)c2s1,85.0,13,Clearance_Hepatocyte_AZ,130,,VALID,94.58000000000001,0
CHEMBL1308362,Cc1ccc2cc(C)c3nnc(SCC(=O)N4CCN(C(=O)c5ccco5)CC4)n3c2c1,87.1,Cc1ccc2cc(C)c3nnc(SCC(=O)N4CCN(C(=O)c5ccco5)CC4)n3c2c1,3.1690400000000016,0,0.30434782608695654,1,7,0,"{""number"": ""87.1"", ""relation"": ""="", ""status"": ""VALID""}",449.5360000000003,data/raw/tdc/clearance_hepatocyte_az.tab,CHEMBL1308362,Cc1ccc2cc(C)c3nnc(SCC(=O)N4CCN(C(=O)c5ccco5)CC4)n3c2c1,87.1,4,Clearance_Hepatocyte_AZ,131,,VALID,83.95,0
CHEMBL1429296,COc1ccccc1CN1C(=O)c2ccccc2C1C(=O)NC1CCC(C)CC1,150.0,COc1ccccc1CN1C(=O)c2ccccc2C1C(=O)NC1CCC(C)CC1,4.087200000000003,0,0.4166666666666667,1,3,1,"{""number"": ""150.0"", ""relation"": ""="", ""status"": ""VALID""}",392.4990000000002,data/raw/tdc/clearance_hepatocyte_az.tab,CHEMBL1429296,COc1ccccc1CN1C(=O)c2ccccc2C1C(=O)NC1CCC(C)CC1,150.0,5,Clearance_Hepatocyte_AZ,132,,VALID,58.64,3
CHEMBL1916277,Cc1ccc(S(=O)(=O)Nc2c(C(=O)NC3CCCCC3C)c(C)nn2-c2ccccc2)cc1,17.0,Cc1ccc(S(=O)(=O)Nc2c(C(=O)NC3CCCCC3C)c(C)nn2-c2ccccc2)cc1,4.5984400000000045,0,0.36,1,5,2,"{""number"": ""17.0"", ""relation"": ""="", ""status"": ""VALID""}",466.6070000000002,data/raw/tdc/clearance_hepatocyte_az.tab,CHEMBL1916277,Cc1ccc(S(=O)(=O)Nc2c(C(=O)NC3CCCCC3C)c(C)nn2-c2ccccc2)cc1,17.0,6,Clearance_Hepatocyte_AZ,133,,VALID,93.09,2
CHEMBL217354,CC(C)c1ccccc1Cc1cc(C(=O)Nc2ccc(S(=O)(=O)c3ccccc3C(C)(C)C)cc2)c(O)c(O)c1O,3.0,CC(C)c1ccccc1Cc1cc(C(=O)Nc2ccc(S(=O)(=O)c3ccccc3C(C)(C)C)cc2)c(O)c(O)c1O,6.900200000000008,0,0.24242424242424243,1,6,4,"{""number"": ""3.0"", ""relation"": ""="", ""status"": ""VALID""}",573.7110000000004,data/raw/tdc/clearance_hepatocyte_az.tab,CHEMBL217354,CC(C)c1ccccc1Cc1cc(C(=O)Nc2ccc(S(=O)(=O)c3ccccc3C(C)(C)C)cc2)c(O)c(O)c1O,3.0,7,Clearance_Hepatocyte_AZ,134,,VALID,123.93,0
CHEMBL59356,C[C@H](C#Cc1ccc(Cc2ccc(F)cc2)s1)N(O)C(N)=O,3.0,C[C@H](C#Cc1ccc(Cc2ccc(F)cc2)s1)N(O)C(N)=O,2.9879,0,0.1875,1,3,2,"{""number"": ""3.0"", ""relation"": ""="", ""status"": ""VALID""}",318.37300000000005,data/raw/tdc/clearance_hepatocyte_az.tab,CHEMBL59356,C[C@H](C#Cc1ccc(Cc2ccc(F)cc2)s1)N(O)C(N)=O,3.0,3,Clearance_Hepatocyte_AZ,135,,VALID,66.56,0
CHEMBL2177390,CC(C)NC[C@@H](C(=O)N1CCN(c2ncnc3c2[C@H](C)C[C@H]3O)CC1)c1ccc(Cl)cc1,3.0,CC(C)NC[C@@H](C(=O)N1CCN(c2ncnc3c2[C@H](C)C[C@H]3O)CC1)c1ccc(Cl)cc1,3.1010000000000018,0,0.5416666666666666,1,6,2,"{""number"": ""3.0"", ""relation"": ""="", ""status"": ""VALID""}",458.0060000000002,data/raw/tdc/clearance_hepatocyte_az.tab,CHEMBL2177390,CC(C)NC[C@@H](C(=O)N1CCN(c2ncnc3c2[C@H](C)C[C@H]3O)CC1)c1ccc(Cl)cc1,3.0,6,Clearance_Hepatocyte_AZ,136,,VALID,81.59,0
CHEMBL258282,CN1CCN(CCOc2n[nH]c3ncnc(Nc4ccc(OCc5ccccn5)c(Cl)c4)c23)CC1,13.49,CN1CCN(CCOc2n[nH]c3ncnc(Nc4ccc(OCc5ccccn5)c(Cl)c4)c23)CC1,3.350100000000001,0,0.3333333333333333,1,9,2,"{""number"": ""13.49"", ""relation"": ""="", ""status"": ""VALID""}",494.98700000000025,data/raw/tdc/clearance_hepatocyte_az.tab,CHEMBL258282,CN1CCN(CCOc2n[nH]c3ncnc(Nc4ccc(OCc5ccccn5)c(Cl)c4)c23)CC1,13.49,9,Clearance_Hepatocyte_AZ,137,,VALID,104.32000000000001,0
CHEMBL1916270,CCC(CC)NC(=O)c1cnn(-c2ccccc2)c1NS(=O)(=O)c1ccc(-c2cnco2)cc1,52.0,CCC(CC)NC(=O)c1cnn(-c2ccccc2)c1NS(=O)(=O)c1ccc(-c2cnco2)cc1,4.246500000000003,0,0.20833333333333334,1,7,2,"{""number"": ""52.0"", ""relation"": ""="", ""status"": ""VALID""}",479.56200000000024,data/raw/tdc/clearance_hepatocyte_az.tab,CHEMBL1916270,CCC(CC)NC(=O)c1cnn(-c2ccccc2)c1NS(=O)(=O)c1ccc(-c2cnco2)cc1,52.0,9,Clearance_Hepatocyte_AZ,138,,VALID,119.12,0
CHEMBL1807823,O=c1[nH]c2c(O)ccc([C@@H](O)CNCCSCCCNCCc3ccccc3)c2s1,9.0,O=c1[nH]c2c(O)ccc([C@@H](O)CNCCSCCCNCCc3ccccc3)c2s1,2.873800000000001,0,0.4090909090909091,1,7,5,"{""number"": ""9.0"", ""relation"": ""="", ""status"": ""VALID""}",447.6260000000002,data/raw/tdc/clearance_hepatocyte_az.tab,CHEMBL1807823,O=c1[nH]c2c(O)ccc([C@@H](O)CNCCSCCCNCCc3ccccc3)c2s1,9.0,13,Clearance_Hepatocyte_AZ,139,,VALID,97.38000000000001,0
CHEMBL71,CN(C)CCCN1c2ccccc2Sc2ccc(Cl)cc21,150.0,CN(C)CCCN1c2ccccc2Sc2ccc(Cl)cc21,4.894400000000004,0,0.29411764705882354,1,3,0,"{""number"": ""150.0"", ""relation"": ""="", ""status"": ""VALID""}",318.8730000000001,data/raw/tdc/clearance_hepatocyte_az.tab,CHEMBL71,CN(C)CCCN1c2ccccc2Sc2ccc(Cl)cc21,150.0,4,Clearance_Hepatocyte_AZ,140,,VALID,6.48,0
CHEMBL589973,CCCCNC(=O)c1ccc(Oc2ccc(CC(=O)O)cc2OC)c(NS(=O)(=O)c2ccc(Cl)cc2Cl)c1,3.0,CCCCNC(=O)c1ccc(Oc2ccc(CC(=O)O)cc2OC)c(NS(=O)(=O)c2ccc(Cl)cc2Cl)c1,5.752100000000005,0,0.23076923076923078,1,6,3,"{""number"": ""3.0"", ""relation"": ""="", ""status"": ""VALID""}",581.4740000000002,data/raw/tdc/clearance_hepatocyte_az.tab,CHEMBL589973,CCCCNC(=O)c1ccc(Oc2ccc(CC(=O)O)cc2OC)c(NS(=O)(=O)c2ccc(Cl)cc2Cl)c1,3.0,12,Clearance_Hepatocyte_AZ,141,,VALID,131.03,0
CHEMBL1807872,O=c1[nH]c2c(O)ccc([C@@H](O)CNCCCOCCNCCc3cccc(Cl)c3)c2s1,3.0,O=c1[nH]c2c(O)ccc([C@@H](O)CNCCCOCCNCCc3cccc(Cl)c3)c2s1,2.810600000000001,0,0.4090909090909091,1,7,5,"{""number"": ""3.0"", ""relation"": ""="", ""status"": ""VALID""}",466.0030000000001,data/raw/tdc/clearance_hepatocyte_az.tab,CHEMBL1807872,O=c1[nH]c2c(O)ccc([C@@H](O)CNCCCOCCNCCc3cccc(Cl)c3)c2s1,3.0,13,Clearance_Hepatocyte_AZ,142,,VALID,106.61000000000001,0
CHEMBL402986,C[C@H](CO)Nc1nc(SCc2ccccc2)nc2[nH]c(=O)sc12,3.0,C[C@H](CO)Nc1nc(SCc2ccccc2)nc2[nH]c(=O)sc12,2.4646,0,0.26666666666666666,1,7,3,"{""number"": ""3.0"", ""relation"": ""="", ""status"": ""VALID""}",348.4530000000001,data/raw/tdc/clearance_hepatocyte_az.tab,CHEMBL402986,C[C@H](CO)Nc1nc(SCc2ccccc2)nc2[nH]c(=O)sc12,3.0,6,Clearance_Hepatocyte_AZ,143,,VALID,90.9,0
CHEMBL2030560,Nc1nc2ccc(C(=O)c3ccccc3)cc2[nH]1,3.0,Nc1nc2ccc(C(=O)c3ccccc3)cc2[nH]1,2.3761,0,0.0,1,3,2,"{""number"": ""3.0"", ""relation"": ""="", ""status"": ""VALID""}",237.262,data/raw/tdc/clearance_hepatocyte_az.tab,CHEMBL2030560,Nc1nc2ccc(C(=O)c3ccccc3)cc2[nH]1,3.0,2,Clearance_Hepatocyte_AZ,144,,VALID,71.77,0
CHEMBL1090090,NC(=O)c1ccc(N(C(N)=O)c2c(F)cccc2F)nc1-c1ccc(F)cc1F,3.0,NC(=O)c1ccc(N(C(N)=O)c2c(F)cccc2F)nc1-c1ccc(F)cc1F,3.620700000000001,0,0.0,1,3,2,"{""number"": ""3.0"", ""relation"": ""="", ""status"": ""VALID""}",404.32300000000004,data/raw/tdc/clearance_hepatocyte_az.tab,CHEMBL1090090,NC(=O)c1ccc(N(C(N)=O)c2c(F)cccc2F)nc1-c1ccc(F)cc1F,3.0,4,Clearance_Hepatocyte_AZ,145,,VALID,102.31000000000002,0
CHEMBL1364767,Cc1nn(C2CCCCC2)c(N)c1-c1ccccc1,13.8,Cc1nn(C2CCCCC2)c(N)c1-c1ccccc1,3.9459200000000028,0,0.4375,1,3,1,"{""number"": ""13.8"", ""relation"": ""="", ""status"": ""VALID""}",255.365,data/raw/tdc/clearance_hepatocyte_az.tab,CHEMBL1364767,Cc1nn(C2CCCCC2)c(N)c1-c1ccccc1,13.8,2,Clearance_Hepatocyte_AZ,146,,VALID,43.84,0
CHEMBL2147032,O=C1COC2(CCN(S(=O)(=O)c3ccc(-c4ccc5cccnc5c4)cc3)CC2)CN1C1CC1,89.13,O=C1COC2(CCN(S(=O)(=O)c3ccc(-c4ccc5cccnc5c4)cc3)CC2)CN1C1CC1,3.4463000000000017,0,0.38461538461538464,1,5,0,"{""number"": ""89.13"", ""relation"": ""="", ""status"": ""VALID""}",477.5860000000003,data/raw/tdc/clearance_hepatocyte_az.tab,CHEMBL2147032,O=C1COC2(CCN(S(=O)(=O)c3ccc(-c4ccc5cccnc5c4)cc3)CC2)CN1C1CC1,89.13,4,Clearance_Hepatocyte_AZ,147,,VALID,79.80999999999999,0
CHEMBL1963231,CC(C(=O)O[C@@H]1CC[N+](C)(C)C1)(c1ccccc1)C1CCCC1,119.0,CC(C(=O)O[C@@H]1CC[N+](C)(C)C1)(c1ccccc1)C1CCCC1,3.5264000000000024,0,0.65,1,2,0,"{""number"": ""119.0"", ""relation"": ""="", ""status"": ""VALID""}",316.4650000000002,data/raw/tdc/clearance_hepatocyte_az.tab,CHEMBL1963231,CC(C(=O)O[C@@H]1CC[N+](C)(C)C1)(c1ccccc1)C1CCCC1,119.0,4,Clearance_Hepatocyte_AZ,148,,VALID,26.3,1
CHEMBL2048873,N[C@@H]1CCCN(c2c(/C=C3\SC(=O)NC3=O)cccc2-c2ccncc2)C1,8.91,N[C@@H]1CCCN(c2c(/C=C3\SC(=O)NC3=O)cccc2-c2ccncc2)C1,3.0000000000000018,0,0.25,1,6,2,"{""number"": ""8.91"", ""relation"": ""="", ""status"": ""VALID""}",380.4730000000001,data/raw/tdc/clearance_hepatocyte_az.tab,CHEMBL2048873,N[C@@H]1CCCN(c2c(/C=C3\SC(=O)NC3=O)cccc2-c2ccncc2)C1,8.91,3,Clearance_Hepatocyte_AZ,149,,VALID,88.32000000000001,0
CHEMBL23,COc1ccc([C@@H]2Sc3ccccc3N(CCN(C)C)C(=O)[C@@H]2OC(C)=O)cc1,9.33,COc1ccc([C@@H]2Sc3ccccc3N(CCN(C)C)C(=O)[C@@H]2OC(C)=O)cc1,3.368500000000002,0,0.36363636363636365,1,6,0,"{""number"": ""9.33"", ""relation"": ""="", ""status"": ""VALID""}",414.52700000000016,data/raw/tdc/clearance_hepatocyte_az.tab,CHEMBL23,COc1ccc([C@@H]2Sc3ccccc3N(CCN(C)C)C(=O)[C@@H]2OC(C)=O)cc1,9.33,6,Clearance_Hepatocyte_AZ,150,,VALID,59.080000000000005,0
CHEMBL553,C#Cc1cccc(Nc2ncnc3cc(OCCOC)c(OCCOC)cc23)c1,9.77,C#Cc1cccc(Nc2ncnc3cc(OCCOC)c(OCCOC)cc23)c1,3.405100000000002,0,0.2727272727272727,1,7,1,"{""number"": ""9.77"", ""relation"": ""="", ""status"": ""VALID""}",393.4430000000002,data/raw/tdc/clearance_hepatocyte_az.tab,CHEMBL553,C#Cc1cccc(Nc2ncnc3cc(OCCOC)c(OCCOC)cc23)c1,9.77,10,Clearance_Hepatocyte_AZ,151,,VALID,74.73000000000002,0
CHEMBL257178,N#Cc1ccc2[nH]c(-c3ccc(F)cc3)c(CCCC(=O)NS(=O)(=O)C(F)(F)F)c2c1,9.8,N#Cc1ccc2[nH]c(-c3ccc(F)cc3)c(CCCC(=O)NS(=O)(=O)C(F)(F)F)c2c1,4.134180000000002,0,0.2,1,4,2,"{""number"": ""9.8"", ""relation"": ""="", ""status"": ""VALID""}",453.41700000000003,data/raw/tdc/clearance_hepatocyte_az.tab,CHEMBL257178,N#Cc1ccc2[nH]c(-c3ccc(F)cc3)c(CCCC(=O)NS(=O)(=O)C(F)(F)F)c2c1,9.8,6,Clearance_Hepatocyte_AZ,152,,VALID,102.82,0
CHEMBL103667,Cc1ccc(-n2nc(C(C)(C)C)cc2NC(=O)Nc2ccc(OCCN3CCOCC3)c3ccccc23)cc1,69.18,Cc1ccc(-n2nc(C(C)(C)C)cc2NC(=O)Nc2ccc(OCCN3CCOCC3)c3ccccc23)cc1,5.986420000000005,0,0.3548387096774194,1,6,2,"{""number"": ""69.18"", ""relation"": ""="", ""status"": ""VALID""}",527.6690000000006,data/raw/tdc/clearance_hepatocyte_az.tab,CHEMBL103667,Cc1ccc(-n2nc(C(C)(C)C)cc2NC(=O)Nc2ccc(OCCN3CCOCC3)c3ccccc23)cc1,69.18,7,Clearance_Hepatocyte_AZ,153,,VALID,80.65,0
CHEMBL1091137,CC/C(=C(/c1ccc(O)cc1)c1ccc(/C=C/C(=O)O)cc1)c1ccccc1,69.18,CC/C(=C(/c1ccc(O)cc1)c1ccc(/C=C/C(=O)O)cc1)c1ccccc1,5.859100000000005,0,0.08,1,2,2,"{""number"": ""69.18"", ""relation"": ""="", ""status"": ""VALID""}",370.44800000000004,data/raw/tdc/clearance_hepatocyte_az.tab,CHEMBL1091137,CC/C(=C(/c1ccc(O)cc1)c1ccc(/C=C/C(=O)O)cc1)c1ccccc1,69.18,6,Clearance_Hepatocyte_AZ,154,,VALID,57.53,0
CHEMBL379866,CC(C)c1nnc2ccc(-c3ocnc3-c3cc(F)ccc3F)cn12,3.0,CC(C)c1nnc2ccc(-c3ocnc3-c3cc(F)ccc3F)cn12,4.452900000000003,0,0.16666666666666666,1,5,0,"{""number"": ""3.0"", ""relation"": ""="", ""status"": ""VALID""}",340.333,data/raw/tdc/clearance_hepatocyte_az.tab,CHEMBL379866,CC(C)c1nnc2ccc(-c3ocnc3-c3cc(F)ccc3F)cn12,3.0,3,Clearance_Hepatocyte_AZ,155,,VALID,56.22,0
CHEMBL2031238,Cc1ccc(NC(=O)c2ccoc2)cc1-n1cnc2ccc(N3CCN(C)CC3)cc2c1=O,3.0,Cc1ccc(NC(=O)c2ccoc2)cc1-n1cnc2ccc(N3CCN(C)CC3)cc2c1=O,3.291220000000001,0,0.24,1,7,1,"{""number"": ""3.0"", ""relation"": ""="", ""status"": ""VALID""}",443.50700000000035,data/raw/tdc/clearance_hepatocyte_az.tab,CHEMBL2031238,Cc1ccc(NC(=O)c2ccoc2)cc1-n1cnc2ccc(N3CCN(C)CC3)cc2c1=O,3.0,4,Clearance_Hepatocyte_AZ,156,,VALID,83.61000000000001,0
CHEMBL137,Cc1ncc([N+](=O)[O-])n1CCO,3.0,Cc1ncc([N+](=O)[O-])n1CCO,0.09201999999999994,0,0.5,1,5,1,"{""number"": ""3.0"", ""relation"": ""="", ""status"": ""VALID""}",171.15599999999998,data/raw/tdc/clearance_hepatocyte_az.tab,CHEMBL137,Cc1ncc([N+](=O)[O-])n1CCO,3.0,3,Clearance_Hepatocyte_AZ,157,,VALID,81.19,0
CHEMBL1643349,CC1(C)C(=O)Nc2ccccc21,3.0,CC1(C)C(=O)Nc2ccccc21,1.9163,0,0.3,1,1,1,"{""number"": ""3.0"", ""relation"": ""="", ""status"": ""VALID""}",161.20399999999998,data/raw/tdc/clearance_hepatocyte_az.tab,CHEMBL1643349,CC1(C)C(=O)Nc2ccccc21,3.0,0,Clearance_Hepatocyte_AZ,158,,VALID,29.1,0
CHEMBL1397672,Cc1[nH]c2nc(NCc3cccc(Br)c3)nn2c(=O)c1Cc1ccccc1,3.0,Cc1[nH]c2nc(NCc3cccc(Br)c3)nn2c(=O)c1Cc1ccccc1,3.6914200000000026,0,0.15,1,5,2,"{""number"": ""3.0"", ""relation"": ""="", ""status"": ""VALID""}",424.3020000000002,data/raw/tdc/clearance_hepatocyte_az.tab,CHEMBL1397672,Cc1[nH]c2nc(NCc3cccc(Br)c3)nn2c(=O)c1Cc1ccccc1,3.0,5,Clearance_Hepatocyte_AZ,159,,VALID,75.08000000000001,0
CHEMBL2110732,COc1cc2ncnc(Nc3ccc(F)c(Cl)c3)c2cc1NC(=O)/C=C/CN1CCCCC1,3.0,COc1cc2ncnc(Nc3ccc(F)c(Cl)c3)c2cc1NC(=O)/C=C/CN1CCCCC1,5.1551000000000045,0,0.2916666666666667,1,6,2,"{""number"": ""3.0"", ""relation"": ""="", ""status"": ""VALID""}",469.9480000000004,data/raw/tdc/clearance_hepatocyte_az.tab,CHEMBL2110732,COc1cc2ncnc(Nc3ccc(F)c(Cl)c3)c2cc1NC(=O)/C=C/CN1CCCCC1,3.0,7,Clearance_Hepatocyte_AZ,160,,VALID,79.38000000000001,0
CHEMBL1807829,O=c1[nH]c2c(O)ccc([C@@H](O)CNCCSCCCNCCc3cccc(Cl)c3Cl)c2s1,3.0,O=c1[nH]c2c(O)ccc([C@@H](O)CNCCSCCCNCCc3cccc(Cl)c3Cl)c2s1,4.180600000000003,0,0.4090909090909091,1,7,5,"{""number"": ""3.0"", ""relation"": ""="", ""status"": ""VALID""}",516.5160000000002,data/raw/tdc/clearance_hepatocyte_az.tab,CHEMBL1807829,O=c1[nH]c2c(O)ccc([C@@H](O)CNCCSCCCNCCc3cccc(Cl)c3Cl)c2s1,3.0,13,Clearance_Hepatocyte_AZ,161,,VALID,97.38000000000001,0
CHEMBL46,Cc1nccn1CC1CCc2c(c3ccccc3n2C)C1=O,3.0,Cc1nccn1CC1CCc2c(c3ccccc3n2C)C1=O,3.1285200000000017,0,0.3333333333333333,1,4,0,"{""number"": ""3.0"", ""relation"": ""="", ""status"": ""VALID""}",293.37000000000006,data/raw/tdc/clearance_hepatocyte_az.tab,CHEMBL46,Cc1nccn1CC1CCc2c(c3ccccc3n2C)C1=O,3.0,2,Clearance_Hepatocyte_AZ,162,,VALID,39.82,1
CHEMBL2071097,N#CC1(NC(=O)[C@@H]2CCCC[C@H]2C(=O)N2CCN(c3nc4c(s3)COCC4)CC2)CC1,3.0,N#CC1(NC(=O)[C@@H]2CCCC[C@H]2C(=O)N2CCN(c3nc4c(s3)COCC4)CC2)CC1,1.8431799999999994,0,0.7272727272727273,1,7,1,"{""number"": ""3.0"", ""relation"": ""="", ""status"": ""VALID""}",443.5730000000003,data/raw/tdc/clearance_hepatocyte_az.tab,CHEMBL2071097,N#CC1(NC(=O)[C@@H]2CCCC[C@H]2C(=O)N2CCN(c3nc4c(s3)COCC4)CC2)CC1,3.0,4,Clearance_Hepatocyte_AZ,163,,VALID,98.56,0
CHEMBL2158785,Cc1c(OC2CCN(CC3CCN([C@@H](Cc4ccc(F)cc4)C(=O)O)CC3)CC2)ccc(C#N)c1Cl,3.0,Cc1c(OC2CCN(CC3CCN([C@@H](Cc4ccc(F)cc4)C(=O)O)CC3)CC2)ccc(C#N)c1Cl,4.910300000000005,0,0.5,1,5,1,"{""number"": ""3.0"", ""relation"": ""="", ""status"": ""VALID""}",514.0410000000003,data/raw/tdc/clearance_hepatocyte_az.tab,CHEMBL2158785,Cc1c(OC2CCN(CC3CCN([C@@H](Cc4ccc(F)cc4)C(=O)O)CC3)CC2)ccc(C#N)c1Cl,3.0,8,Clearance_Hepatocyte_AZ,164,,VALID,76.80000000000001,0
CHEMBL1944691,O=c1[nH]c2c(O)ccc([C@@H](O)CNCCc3cccc(CNCCc4ccccc4F)c3)c2s1,22.0,O=c1[nH]c2c(O)ccc([C@@H](O)CNCCc3cccc(CNCCc4ccccc4F)c3)c2s1,3.6323000000000016,0,0.2692307692307692,1,6,5,"{""number"": ""22.0"", ""relation"": ""="", ""status"": ""VALID""}",481.5930000000002,data/raw/tdc/clearance_hepatocyte_az.tab,CHEMBL1944691,O=c1[nH]c2c(O)ccc([C@@H](O)CNCCc3cccc(CNCCc4ccccc4F)c3)c2s1,22.0,11,Clearance_Hepatocyte_AZ,165,,VALID,97.38000000000001,0
CHEMBL787,CC(C)(O)c1ccccc1CC[C@@H](SCC1(CC(=O)O)CC1)c1cccc(/C=C/c2ccc3ccc(Cl)cc3n2)c1,14.0,CC(C)(O)c1ccccc1CC[C@@H](SCC1(CC(=O)O)CC1)c1cccc(/C=C/c2ccc3ccc(Cl)cc3n2)c1,8.948000000000002,0,0.3142857142857143,1,4,2,"{""number"": ""14.0"", ""relation"": ""="", ""status"": ""VALID""}",586.1970000000001,data/raw/tdc/clearance_hepatocyte_az.tab,CHEMBL787,CC(C)(O)c1ccccc1CC[C@@H](SCC1(CC(=O)O)CC1)c1cccc(/C=C/c2ccc3ccc(Cl)cc3n2)c1,14.0,12,Clearance_Hepatocyte_AZ,166,,VALID,70.42,0
CHEMBL495727,O=C(Nc1c[nH]nc1-c1nc2ccc(CN3CCOCC3)cc2[nH]1)NC1CC1,3.0,O=C(Nc1c[nH]nc1-c1nc2ccc(CN3CCOCC3)cc2[nH]1)NC1CC1,2.0690999999999997,0,0.42105263157894735,1,5,4,"{""number"": ""3.0"", ""relation"": ""="", ""status"": ""VALID""}",381.44000000000017,data/raw/tdc/clearance_hepatocyte_az.tab,CHEMBL495727,O=C(Nc1c[nH]nc1-c1nc2ccc(CN3CCOCC3)cc2[nH]1)NC1CC1,3.0,5,Clearance_Hepatocyte_AZ,167,,VALID,110.96000000000001,0
CHEMBL203567,Nc1c(C(=O)c2cccc(OC[C@@H](O)CO)c2)cnn1-c1ccc(F)cc1,3.0,Nc1c(C(=O)c2cccc(OC[C@@H](O)CO)c2)cnn1-c1ccc(F)cc1,1.5565999999999998,0,0.15789473684210525,1,7,3,"{""number"": ""3.0"", ""relation"": ""="", ""status"": ""VALID""}",371.368,data/raw/tdc/clearance_hepatocyte_az.tab,CHEMBL203567,Nc1c(C(=O)c2cccc(OC[C@@H](O)CO)c2)cnn1-c1ccc(F)cc1,3.0,7,Clearance_Hepatocyte_AZ,168,,VALID,110.60000000000002,0
CHEMBL1644,CC1=C(C(=O)O)N2C(=O)[C@@H](NC(=O)[C@H](N)c3ccc(O)cc3)[C@H]2SC1,3.0,CC1=C(C(=O)O)N2C(=O)[C@@H](NC(=O)[C@H](N)c3ccc(O)cc3)[C@H]2SC1,0.15050000000000108,0,0.3125,1,6,4,"{""number"": ""3.0"", ""relation"": ""="", ""status"": ""VALID""}",363.3950000000001,data/raw/tdc/clearance_hepatocyte_az.tab,CHEMBL1644,CC1=C(C(=O)O)N2C(=O)[C@@H](NC(=O)[C@H](N)c3ccc(O)cc3)[C@H]2SC1,3.0,4,Clearance_Hepatocyte_AZ,169,,VALID,132.96,0
CHEMBL2031467,CCNC(=O)c1ccc(C)c(-n2cnc3ccc(N4CCN(C)CC4)cc3c2=O)c1,3.0,CCNC(=O)c1ccc(C)c(-n2cnc3ccc(N4CCN(C)CC4)cc3c2=O)c1,2.19562,0,0.34782608695652173,1,6,1,"{""number"": ""3.0"", ""relation"": ""="", ""status"": ""VALID""}",405.50200000000024,data/raw/tdc/clearance_hepatocyte_az.tab,CHEMBL2031467,CCNC(=O)c1ccc(C)c(-n2cnc3ccc(N4CCN(C)CC4)cc3c2=O)c1,3.0,4,Clearance_Hepatocyte_AZ,170,,VALID,70.47,0
CHEMBL1090089,Cn1c(=O)c(Oc2ccc(F)cc2F)cc2cnc(NC(CCO)CCO)nc21,3.0,Cn1c(=O)c(Oc2ccc(F)cc2F)cc2cnc(NC(CCO)CCO)nc21,1.9442999999999997,0,0.3157894736842105,1,8,3,"{""number"": ""3.0"", ""relation"": ""="", ""status"": ""VALID""}",406.3890000000002,data/raw/tdc/clearance_hepatocyte_az.tab,CHEMBL1090089,Cn1c(=O)c(Oc2ccc(F)cc2F)cc2cnc(NC(CCO)CCO)nc21,3.0,8,Clearance_Hepatocyte_AZ,171,,VALID,109.50000000000001,0
CHEMBL1234354,COc1ccc(-c2cc3c(C)nc(N)nc3n([C@H]3CC[C@H](OCCO)CC3)c2=O)cn1,3.0,COc1ccc(-c2cc3c(C)nc(N)nc3n([C@H]3CC[C@H](OCCO)CC3)c2=O)cn1,2.2453200000000004,0,0.45454545454545453,1,9,2,"{""number"": ""3.0"", ""relation"": ""="", ""status"": ""VALID""}",425.48900000000026,data/raw/tdc/clearance_hepatocyte_az.tab,CHEMBL1234354,COc1ccc(-c2cc3c(C)nc(N)nc3n([C@H]3CC[C@H](OCCO)CC3)c2=O)cn1,3.0,6,Clearance_Hepatocyte_AZ,172,,VALID,125.38000000000001,0
CHEMBL1900528,C[N+]1(C)[C@H]2C[C@H](OC(=O)C(O)(c3cccs3)c3cccs3)C[C@@H]1[C@H]1O[C@@H]21,3.0,C[N+]1(C)[C@@H]2C[C@@H](OC(=O)C(O)(c3cccs3)c3cccs3)C[C@H]1[C@@H]1O[C@@H]12,2.3457,0,0.5263157894736842,1,6,1,"{""number"": ""3.0"", ""relation"": ""="", ""status"": ""VALID""}",392.5220000000001,data/raw/tdc/clearance_hepatocyte_az.tab,CHEMBL1900528,C[N+]1(C)[C@H]2C[C@H](OC(=O)C(O)(c3cccs3)c3cccs3)C[C@@H]1[C@H]1O[C@@H]21,3.0,4,Clearance_Hepatocyte_AZ,173,,VALID,59.06,0
CHEMBL2017459,CCN(C(=O)c1ccc(-c2ccc(Cl)cc2)o1)c1ccc(N2CCNCC2)cc1,3.0,CCN(C(=O)c1ccc(-c2ccc(Cl)cc2)o1)c1ccc(N2CCNCC2)cc1,4.676300000000004,0,0.2608695652173913,1,4,1,"{""number"": ""3.0"", ""relation"": ""="", ""status"": ""VALID""}",409.9170000000002,data/raw/tdc/clearance_hepatocyte_az.tab,CHEMBL2017459,CCN(C(=O)c1ccc(-c2ccc(Cl)cc2)o1)c1ccc(N2CCNCC2)cc1,3.0,5,Clearance_Hepatocyte_AZ,174,,VALID,48.720000000000006,0
CHEMBL2070947,CS(=O)(=O)c1ccc2nc(N3CCN(C(=O)[C@@H]4CCCC[C@H]4C(=O)NC4(C#N)CC4)CC3)sc2c1,3.0,CS(=O)(=O)c1ccc2nc(N3CCN(C(=O)[C@@H]4CCCC[C@H]4C(=O)NC4(C#N)CC4)CC3)sc2c1,2.3271800000000002,0,0.5833333333333334,1,8,1,"{""number"": ""3.0"", ""relation"": ""="", ""status"": ""VALID""}",515.6610000000005,data/raw/tdc/clearance_hepatocyte_az.tab,CHEMBL2070947,CS(=O)(=O)c1ccc2nc(N3CCN(C(=O)[C@@H]4CCCC[C@H]4C(=O)NC4(C#N)CC4)CC3)sc2c1,3.0,5,Clearance_Hepatocyte_AZ,175,,VALID,123.47,0
CHEMBL1852508,Cc1cc(-c2ccc(Cl)c(C(=O)NCC3(O)CCCCCC3)c2)nn1C[C@H](O)CN,3.0,Cc1cc(-c2ccc(Cl)c(C(=O)NCC3(O)CCCCCC3)c2)nn1C[C@H](O)CN,2.6466199999999995,0,0.5454545454545454,1,6,4,"{""number"": ""3.0"", ""relation"": ""="", ""status"": ""VALID""}",434.9680000000003,data/raw/tdc/clearance_hepatocyte_az.tab,CHEMBL1852508,Cc1cc(-c2ccc(Cl)c(C(=O)NCC3(O)CCCCCC3)c2)nn1C[C@H](O)CN,3.0,7,Clearance_Hepatocyte_AZ,176,,VALID,113.4,0
CHEMBL1761322,CCS(=O)(=O)CCCC12CCC(c3nnc(-c4ccccc4C(F)(F)F)n3C)(CC1)CC2,3.0,CCS(=O)(=O)CCCC12CCC(c3nnc(-c4ccccc4C(F)(F)F)n3C)(CC1)CC2,5.307800000000005,0,0.6521739130434783,1,5,0,"{""number"": ""3.0"", ""relation"": ""="", ""status"": ""VALID""}",469.5730000000002,data/raw/tdc/clearance_hepatocyte_az.tab,CHEMBL1761322,CCS(=O)(=O)CCCC12CCC(c3nnc(-c4ccccc4C(F)(F)F)n3C)(CC1)CC2,3.0,7,Clearance_Hepatocyte_AZ,177,,VALID,64.85,2
CHEMBL507674,CCN1CCN(C(=O)N[C@@H](C(=O)N[C@@H]2C(=O)N3C(C(=O)O)=C(CSc4nnnn4C)CS[C@H]23)c2ccc(O)cc2)C(=O)C1=O,3.0,CCN1CCN(C(=O)N[C@@H](C(=O)N[C@@H]2C(=O)N3C(C(=O)O)=C(CSc4nnnn4C)CS[C@H]23)c2ccc(O)cc2)C(=O)C1=O,-1.1119999999999965,0,0.4,1,13,4,"{""number"": ""3.0"", ""relation"": ""="", ""status"": ""VALID""}",645.6800000000003,data/raw/tdc/clearance_hepatocyte_az.tab,CHEMBL507674,CCN1CCN(C(=O)N[C@@H](C(=O)N[C@@H]2C(=O)N3C(C(=O)O)=C(CSc4nnnn4C)CS[C@H]23)c2ccc(O)cc2)C(=O)C1=O,3.0,9,Clearance_Hepatocyte_AZ,178,,VALID,220.25999999999996,0
CHEMBL914,CC(C)(C(=O)O)c1ccc(C(O)CCCN2CCC(C(O)(c3ccccc3)c3ccccc3)CC2)cc1,3.0,CC(C)(C(=O)O)c1ccc(C(O)CCCN2CCC(C(O)(c3ccccc3)c3ccccc3)CC2)cc1,5.510500000000006,0,0.40625,1,4,3,"{""number"": ""3.0"", ""relation"": ""="", ""status"": ""VALID""}",501.66700000000014,data/raw/tdc/clearance_hepatocyte_az.tab,CHEMBL914,CC(C)(C(=O)O)c1ccc(C(O)CCCN2CCC(C(O)(c3ccccc3)c3ccccc3)CC2)cc1,3.0,10,Clearance_Hepatocyte_AZ,179,,VALID,81.0,1
CHEMBL2057371,CC(C)(C)NS(=O)(=O)c1cncc(-c2ccc3nc(NC(=O)NCC(=O)N4CCCC4)nn3c2)c1,3.0,CC(C)(C)NS(=O)(=O)c1cncc(-c2ccc3nc(NC(=O)NCC(=O)N4CCCC4)nn3c2)c1,1.6119999999999997,0,0.4090909090909091,1,8,3,"{""number"": ""3.0"", ""relation"": ""="", ""status"": ""VALID""}",500.5850000000003,data/raw/tdc/clearance_hepatocyte_az.tab,CHEMBL2057371,CC(C)(C)NS(=O)(=O)c1cncc(-c2ccc3nc(NC(=O)NCC(=O)N4CCCC4)nn3c2)c1,3.0,6,Clearance_Hepatocyte_AZ,180,,VALID,150.69000000000003,0
CHEMBL1172,Clc1ccc2c(c1)CCc1cccnc1C2=C1CCNCC1,26.92,Clc1ccc2c(c1)CCc1cccnc1C2=C1CCNCC1,4.018900000000002,0,0.3157894736842105,1,2,1,"{""number"": ""26.92"", ""relation"": ""="", ""status"": ""VALID""}",310.8280000000001,data/raw/tdc/clearance_hepatocyte_az.tab,CHEMBL1172,Clc1ccc2c(c1)CCc1cccnc1C2=C1CCNCC1,26.92,0,Clearance_Hepatocyte_AZ,181,,VALID,24.92,0
CHEMBL1947157,O=c1[nH]c2c(O)ccc([C@@H](O)CNCCc3cccc(CNCCc4c(Cl)cccc4Cl)c3)c2s1,78.0,O=c1[nH]c2c(O)ccc([C@@H](O)CNCCc3cccc(CNCCc4c(Cl)cccc4Cl)c3)c2s1,4.800000000000003,0,0.2692307692307692,1,6,5,"{""number"": ""78.0"", ""relation"": ""="", ""status"": ""VALID""}",532.4930000000002,data/raw/tdc/clearance_hepatocyte_az.tab,CHEMBL1947157,O=c1[nH]c2c(O)ccc([C@@H](O)CNCCc3cccc(CNCCc4c(Cl)cccc4Cl)c3)c2s1,78.0,11,Clearance_Hepatocyte_AZ,182,,VALID,97.38000000000001,0
CHEMBL109980,CC(C)(N)C(=O)N[C@H](COCc1ccc(F)cc1F)C(=O)N1CCC2=NN(CC(F)(F)F)C(=O)[C@]2(Cc2ccccn2)C1,15.49,CC(C)(N)C(=O)N[C@H](COCc1ccc(F)cc1F)C(=O)N1CCC2=NN(CC(F)(F)F)C(=O)[C@]2(Cc2ccccn2)C1,2.3204000000000002,0,0.4642857142857143,1,7,2,"{""number"": ""15.49"", ""relation"": ""="", ""status"": ""VALID""}",610.5840000000001,data/raw/tdc/clearance_hepatocyte_az.tab,CHEMBL109980,CC(C)(N)C(=O)N[C@H](COCc1ccc(F)cc1F)C(=O)N1CCC2=NN(CC(F)(F)F)C(=O)[C@]2(Cc2ccccn2)C1,15.49,10,Clearance_Hepatocyte_AZ,183,,VALID,130.22000000000003,0
CHEMBL1683035,COc1cc2nnc(C(N)=O)c(Nc3ccc(F)cc3F)c2cc1N1CCN(C)CC1,16.0,COc1cc2nnc(C(N)=O)c(Nc3ccc(F)cc3F)c2cc1N1CCN(C)CC1,2.5109000000000004,0,0.2857142857142857,1,7,2,"{""number"": ""16.0"", ""relation"": ""="", ""status"": ""VALID""}",428.44300000000027,data/raw/tdc/clearance_hepatocyte_az.tab,CHEMBL1683035,COc1cc2nnc(C(N)=O)c(Nc3ccc(F)cc3F)c2cc1N1CCN(C)CC1,16.0,5,Clearance_Hepatocyte_AZ,184,,VALID,96.60999999999999,0
CHEMBL894,CC(NC(C)(C)C)C(=O)c1cccc(Cl)c1,16.98,CC(NC(C)(C)C)C(=O)c1cccc(Cl)c1,3.2993000000000023,0,0.46153846153846156,1,2,1,"{""number"": ""16.98"", ""relation"": ""="", ""status"": ""VALID""}",239.746,data/raw/tdc/clearance_hepatocyte_az.tab,CHEMBL894,CC(NC(C)(C)C)C(=O)c1cccc(Cl)c1,16.98,3,Clearance_Hepatocyte_AZ,185,,VALID,29.1,1
CHEMBL334167,Cn1sc(=O)c2cc(S(N)(=O)=O)ccc21,17.38,Cn1sc(=O)c2cc(S(N)(=O)=O)ccc21,0.24739999999999984,0,0.125,1,5,1,"{""number"": ""17.38"", ""relation"": ""="", ""status"": ""VALID""}",244.29699999999997,data/raw/tdc/clearance_hepatocyte_az.tab,CHEMBL334167,Cn1sc(=O)c2cc(S(N)(=O)=O)ccc21,17.38,1,Clearance_Hepatocyte_AZ,186,,VALID,82.16,0
CHEMBL2152252,CNC(=O)c1nc(-c2ccc(Cl)c(S(=O)(=O)Nc3cccc(F)c3F)c2)cnc1N,19.95,CNC(=O)c1nc(-c2ccc(Cl)c(S(=O)(=O)Nc3cccc(F)c3F)c2)cnc1N,2.8178,0,0.05555555555555555,1,6,3,"{""number"": ""19.95"", ""relation"": ""="", ""status"": ""VALID""}",453.8580000000001,data/raw/tdc/clearance_hepatocyte_az.tab,CHEMBL2152252,CNC(=O)c1nc(-c2ccc(Cl)c(S(=O)(=O)Nc3cccc(F)c3F)c2)cnc1N,19.95,5,Clearance_Hepatocyte_AZ,187,,VALID,127.07,0
CHEMBL1689133,C[C@H](Oc1ccc(Cl)cc1CN1CCN(C(=O)Cc2ccc(Cl)cc2)[C@@H](C)C1)C(=O)O,4.7,C[C@H](Oc1ccc(Cl)cc1CN1CCN(C(=O)Cc2ccc(Cl)cc2)[C@@H](C)C1)C(=O)O,4.120700000000002,0,0.391304347826087,1,4,1,"{""number"": ""4.7"", ""relation"": ""="", ""status"": ""VALID""}",465.3770000000001,data/raw/tdc/clearance_hepatocyte_az.tab,CHEMBL1689133,C[C@H](Oc1ccc(Cl)cc1CN1CCN(C(=O)Cc2ccc(Cl)cc2)[C@@H](C)C1)C(=O)O,4.7,7,Clearance_Hepatocyte_AZ,188,,VALID,70.08,0
CHEMBL406,CC1Cc2ccccc2N1NC(=O)c1ccc(Cl)c(S(N)(=O)=O)c1,4.9,CC1Cc2ccccc2N1NC(=O)c1ccc(Cl)c(S(N)(=O)=O)c1,2.0834,0,0.1875,1,4,2,"{""number"": ""4.9"", ""relation"": ""="", ""status"": ""VALID""}",365.84200000000004,data/raw/tdc/clearance_hepatocyte_az.tab,CHEMBL406,CC1Cc2ccccc2N1NC(=O)c1ccc(Cl)c(S(N)(=O)=O)c1,4.9,3,Clearance_Hepatocyte_AZ,189,,VALID,92.5,1
CHEMBL1078178,N#CCNC(=O)c1ccc(-c2ccnc(Nc3ccc(N4CCOCC4)cc3)n2)cc1,5.13,N#CCNC(=O)c1ccc(-c2ccnc(Nc3ccc(N4CCOCC4)cc3)n2)cc1,2.9771800000000015,0,0.21739130434782608,1,7,2,"{""number"": ""5.13"", ""relation"": ""="", ""status"": ""VALID""}",414.4690000000002,data/raw/tdc/clearance_hepatocyte_az.tab,CHEMBL1078178,N#CCNC(=O)c1ccc(-c2ccnc(Nc3ccc(N4CCOCC4)cc3)n2)cc1,5.13,6,Clearance_Hepatocyte_AZ,190,,VALID,103.17,0
CHEMBL454616,Cc1ccc(NC(=O)c2cccc(N(C)S(C)(=O)=O)c2)cc1NC(=O)c1ccc2ncccc2c1,72.44,Cc1ccc(NC(=O)c2cccc(N(C)S(C)(=O)=O)c2)cc1NC(=O)c1ccc2ncccc2c1,4.443620000000004,0,0.11538461538461539,1,5,2,"{""number"": ""72.44"", ""relation"": ""="", ""status"": ""VALID""}",488.56900000000024,data/raw/tdc/clearance_hepatocyte_az.tab,CHEMBL454616,Cc1ccc(NC(=O)c2cccc(N(C)S(C)(=O)=O)c2)cc1NC(=O)c1ccc2ncccc2c1,72.44,6,Clearance_Hepatocyte_AZ,191,,VALID,108.47000000000001,0
CHEMBL2088414,O=S(=O)(Nc1ccc2sc(CO)nc2c1)c1ccc(Br)cc1,24.55,O=S(=O)(Nc1ccc2sc(CO)nc2c1)c1ccc(Br)cc1,3.3519000000000014,0,0.07142857142857142,1,5,2,"{""number"": ""24.55"", ""relation"": ""="", ""status"": ""VALID""}",399.291,data/raw/tdc/clearance_hepatocyte_az.tab,CHEMBL2088414,O=S(=O)(Nc1ccc2sc(CO)nc2c1)c1ccc(Br)cc1,24.55,4,Clearance_Hepatocyte_AZ,192,,VALID,79.29,0
CHEMBL1630742,NCCCCCc1c[nH]c2ccc(F)cc12,74.13,NCCCCCc1c[nH]c2ccc(F)cc12,2.9785000000000013,0,0.38461538461538464,1,1,2,"{""number"": ""74.13"", ""relation"": ""="", ""status"": ""VALID""}",220.291,data/raw/tdc/clearance_hepatocyte_az.tab,CHEMBL1630742,NCCCCCc1c[nH]c2ccc(F)cc12,74.13,5,Clearance_Hepatocyte_AZ,193,,VALID,41.81,0
CHEMBL1363924,CCn1c(SCC(=O)Nc2cc(C)on2)nnc1-c1cccnc1,75.86,CCn1c(SCC(=O)Nc2cc(C)on2)nnc1-c1cccnc1,2.38722,0,0.26666666666666666,1,8,1,"{""number"": ""75.86"", ""relation"": ""="", ""status"": ""VALID""}",344.4000000000001,data/raw/tdc/clearance_hepatocyte_az.tab,CHEMBL1363924,CCn1c(SCC(=O)Nc2cc(C)on2)nnc1-c1cccnc1,75.86,6,Clearance_Hepatocyte_AZ,194,,VALID,98.73,0
CHEMBL1934416,COCC(C)n1nc(C)c(C(=O)N[C@@H](C)C(C)(C)C)c1NS(=O)(=O)c1ccc(C)cc1,3.0,COCC(C)n1nc(C)c(C(=O)N[C@@H](C)C(C)(C)C)c1NS(=O)(=O)c1ccc(C)cc1,3.6725400000000015,0,0.5454545454545454,1,6,2,"{""number"": ""3.0"", ""relation"": ""="", ""status"": ""VALID""}",450.6050000000002,data/raw/tdc/clearance_hepatocyte_az.tab,CHEMBL1934416,COCC(C)n1nc(C)c(C(=O)N[C@@H](C)C(C)(C)C)c1NS(=O)(=O)c1ccc(C)cc1,3.0,8,Clearance_Hepatocyte_AZ,195,,VALID,102.32,1
CHEMBL1689127,C[C@H]1CN(Cc2cc(Cl)ccc2OCC(=O)O)CCN1C(=O)Cc1ccc(F)cc1,3.0,C[C@H]1CN(Cc2cc(Cl)ccc2OCC(=O)O)CCN1C(=O)Cc1ccc(F)cc1,3.217900000000002,0,0.36363636363636365,1,4,1,"{""number"": ""3.0"", ""relation"": ""="", ""status"": ""VALID""}",434.8950000000002,data/raw/tdc/clearance_hepatocyte_az.tab,CHEMBL1689127,C[C@H]1CN(Cc2cc(Cl)ccc2OCC(=O)O)CCN1C(=O)Cc1ccc(F)cc1,3.0,7,Clearance_Hepatocyte_AZ,196,,VALID,70.08,0
CHEMBL78628,CN(CC(=O)O)NC(=O)C[C@H](N)C[C@@H](O)CN,3.0,CN(CC(=O)O)NC(=O)C[C@H](N)C[C@@H](O)CN,-2.5388999999999973,0,0.7777777777777778,1,6,5,"{""number"": ""3.0"", ""relation"": ""="", ""status"": ""VALID""}",248.28299999999996,data/raw/tdc/clearance_hepatocyte_az.tab,CHEMBL78628,CN(CC(=O)O)NC(=O)C[C@H](N)C[C@@H](O)CN,3.0,8,Clearance_Hepatocyte_AZ,197,,VALID,141.91000000000003,0
CHEMBL93484,CC1N=C(N)N=C(N)N1c1ccc(Cl)cc1,3.0,CC1N=C(N)N=C(N)N1c1ccc(Cl)cc1,1.1354000000000004,0,0.2,1,5,2,"{""number"": ""3.0"", ""relation"": ""="", ""status"": ""VALID""}",237.69400000000005,data/raw/tdc/clearance_hepatocyte_az.tab,CHEMBL93484,CC1N=C(N)N=C(N)N1c1ccc(Cl)cc1,3.0,1,Clearance_Hepatocyte_AZ,198,,VALID,79.99999999999999,1
CHEMBL2207654,O=C(NC[C@@H](O)CN1CCC(Oc2ccc(Cl)c(Cl)c2)CC1)c1c[nH]c(=O)c2cc(S(=O)(=O)N3CCC3)ccc12,3.0,O=C(NC[C@@H](O)CN1CCC(Oc2ccc(Cl)c(Cl)c2)CC1)c1c[nH]c(=O)c2cc(S(=O)(=O)N3CCC3)ccc12,2.8634000000000004,0,0.4074074074074074,1,7,3,"{""number"": ""3.0"", ""relation"": ""="", ""status"": ""VALID""}",609.532,data/raw/tdc/clearance_hepatocyte_az.tab,CHEMBL2207654,O=C(NC[C@@H](O)CN1CCC(Oc2ccc(Cl)c(Cl)c2)CC1)c1c[nH]c(=O)c2cc(S(=O)(=O)N3CCC3)ccc12,3.0,9,Clearance_Hepatocyte_AZ,199,,VALID,132.04,0
CHEMBL2158826,O=C(O)Cc1cccc(N2CCC(CN3CCC(Oc4ccc(Cl)c(Cl)c4)CC3)CC2)c1,3.0,O=C(O)Cc1cccc(N2CCC(CN3CCC(Oc4ccc(Cl)c(Cl)c4)CC3)CC2)c1,5.380300000000006,0,0.48,1,4,1,"{""number"": ""3.0"", ""relation"": ""="", ""status"": ""VALID""}",477.43200000000024,data/raw/tdc/clearance_hepatocyte_az.tab,CHEMBL2158826,O=C(O)Cc1cccc(N2CCC(CN3CCC(Oc4ccc(Cl)c(Cl)c4)CC3)CC2)c1,3.0,7,Clearance_Hepatocyte_AZ,200,,VALID,53.010000000000005,0
CHEMBL1829763,C[C@@H](c1ccc(-c2ccc(F)cc2F)cc1)N1CC[C@](CCO)(c2ccc(F)cc2)OC1=O,3.0,C[C@@H](c1ccc(-c2ccc(F)cc2F)cc1)N1CC[C@](CCO)(c2ccc(F)cc2)OC1=O,5.952100000000006,0,0.2692307692307692,1,3,1,"{""number"": ""3.0"", ""relation"": ""="", ""status"": ""VALID""}",455.4760000000002,data/raw/tdc/clearance_hepatocyte_az.tab,CHEMBL1829763,C[C@@H](c1ccc(-c2ccc(F)cc2F)cc1)N1CC[C@](CCO)(c2ccc(F)cc2)OC1=O,3.0,6,Clearance_Hepatocyte_AZ,201,,VALID,49.77,0
CHEMBL1922094,Cc1c(CN2CCN(C(=O)[C@H](C)O)CC2)sc2c(N3CCOCC3)nc(-c3cnc(N)nc3)nc12,3.0,Cc1c(CN2CCN(C(=O)[C@H](C)O)CC2)sc2c(N3CCOCC3)nc(-c3cnc(N)nc3)nc12,0.9005200000000009,0,0.5217391304347826,1,11,2,"{""number"": ""3.0"", ""relation"": ""="", ""status"": ""VALID""}",498.61300000000034,data/raw/tdc/clearance_hepatocyte_az.tab,CHEMBL1922094,Cc1c(CN2CCN(C(=O)[C@H](C)O)CC2)sc2c(N3CCOCC3)nc(-c3cnc(N)nc3)nc12,3.0,5,Clearance_Hepatocyte_AZ,202,,VALID,133.82999999999998,0
CHEMBL345937,CC1Sc2c(C(=O)O)c(=O)c3cc(F)c(N4CCNCC4)cc3n21,3.0,CC1Sc2c(C(=O)O)c(=O)c3cc(F)c(N4CCNCC4)cc3n21,1.8725999999999998,0,0.375,1,6,2,"{""number"": ""3.0"", ""relation"": ""="", ""status"": ""VALID""}",349.3870000000001,data/raw/tdc/clearance_hepatocyte_az.tab,CHEMBL345937,CC1Sc2c(C(=O)O)c(=O)c3cc(F)c(N4CCNCC4)cc3n21,3.0,2,Clearance_Hepatocyte_AZ,203,,VALID,74.57,1
CHEMBL1276946,Cc1c2c(=O)n(-c3ccccc3Cl)[nH]c2cc(=O)n1Cc1ccccn1,3.0,Cc1c2c(=O)n(-c3ccccc3Cl)[nH]c2cc(=O)n1Cc1ccccn1,2.885620000000001,0,0.10526315789473684,1,5,1,"{""number"": ""3.0"", ""relation"": ""="", ""status"": ""VALID""}",366.8080000000001,data/raw/tdc/clearance_hepatocyte_az.tab,CHEMBL1276946,Cc1c2c(=O)n(-c3ccccc3Cl)[nH]c2cc(=O)n1Cc1ccccn1,3.0,3,Clearance_Hepatocyte_AZ,204,,VALID,72.68,0
CHEMBL1689135,C[C@H]1CN(Cc2cc(Cl)ccc2CC(=O)O)CCN1C(=O)Cc1ccc(Cl)cc1,3.0,C[C@H]1CN(Cc2cc(Cl)ccc2CC(=O)O)CCN1C(=O)Cc1ccc(Cl)cc1,3.895900000000003,0,0.36363636363636365,1,3,1,"{""number"": ""3.0"", ""relation"": ""="", ""status"": ""VALID""}",435.3510000000001,data/raw/tdc/clearance_hepatocyte_az.tab,CHEMBL1689135,C[C@H]1CN(Cc2cc(Cl)ccc2CC(=O)O)CCN1C(=O)Cc1ccc(Cl)cc1,3.0,6,Clearance_Hepatocyte_AZ,205,,VALID,60.85000000000001,0
CHEMBL2158781,Cc1cc(F)ccc1OC1CCN(CC2CCN([C@@H](Cc3ccc(F)cc3)C(=O)O)CC2)CC1,3.0,Cc1cc(F)ccc1OC1CCN(CC2CCN([C@@H](Cc3ccc(F)cc3)C(=O)O)CC2)CC1,4.524320000000004,0,0.5185185185185185,1,4,1,"{""number"": ""3.0"", ""relation"": ""="", ""status"": ""VALID""}",472.57600000000025,data/raw/tdc/clearance_hepatocyte_az.tab,CHEMBL2158781,Cc1cc(F)ccc1OC1CCN(CC2CCN([C@@H](Cc3ccc(F)cc3)C(=O)O)CC2)CC1,3.0,8,Clearance_Hepatocyte_AZ,206,,VALID,53.010000000000005,0
CHEMBL2158780,Cc1cc(Cl)ccc1OC1CCN(CC2CCN([C@@H](Cc3ccc(F)cc3)C(=O)O)CC2)CC1,3.0,Cc1cc(Cl)ccc1OC1CCN(CC2CCN([C@@H](Cc3ccc(F)cc3)C(=O)O)CC2)CC1,5.038620000000004,0,0.5185185185185185,1,4,1,"{""number"": ""3.0"", ""relation"": ""="", ""status"": ""VALID""}",489.0310000000003,data/raw/tdc/clearance_hepatocyte_az.tab,CHEMBL2158780,Cc1cc(Cl)ccc1OC1CCN(CC2CCN([C@@H](Cc3ccc(F)cc3)C(=O)O)CC2)CC1,3.0,8,Clearance_Hepatocyte_AZ,207,,VALID,53.010000000000005,0
CHEMBL2158773,Cc1cccc(C[C@@H](C(=O)O)N2CCC(CN3CCC(Oc4ccc(Cl)c(Cl)c4)CC3)CC2)c1,3.0,Cc1cccc(C[C@@H](C(=O)O)N2CCC(CN3CCC(Oc4ccc(Cl)c(Cl)c4)CC3)CC2)c1,5.552920000000005,0,0.5185185185185185,1,4,1,"{""number"": ""3.0"", ""relation"": ""="", ""status"": ""VALID""}",505.48600000000033,data/raw/tdc/clearance_hepatocyte_az.tab,CHEMBL2158773,Cc1cccc(C[C@@H](C(=O)O)N2CCC(CN3CCC(Oc4ccc(Cl)c(Cl)c4)CC3)CC2)c1,3.0,8,Clearance_Hepatocyte_AZ,208,,VALID,53.010000000000005,0
CHEMBL1689126,C[C@H]1CN(Cc2cc(Cl)ccc2OCC(=O)O)CCN1C(=O)Cc1ccccc1,3.0,C[C@H]1CN(Cc2cc(Cl)ccc2OCC(=O)O)CCN1C(=O)Cc1ccccc1,3.078800000000002,0,0.36363636363636365,1,4,1,"{""number"": ""3.0"", ""relation"": ""="", ""status"": ""VALID""}",416.9050000000002,data/raw/tdc/clearance_hepatocyte_az.tab,CHEMBL1689126,C[C@H]1CN(Cc2cc(Cl)ccc2OCC(=O)O)CCN1C(=O)Cc1ccccc1,3.0,7,Clearance_Hepatocyte_AZ,209,,VALID,70.08,0
CHEMBL1916288,Cc1nn(-c2ccc(F)cc2)c(NS(=O)(=O)c2ccc(C#N)cc2)c1C(=O)N[C@@H](C)C(C)(C)C,3.0,Cc1nn(-c2ccc(F)cc2)c(NS(=O)(=O)c2ccc(C#N)cc2)c1C(=O)N[C@@H](C)C(C)(C)C,4.156700000000003,0,0.2916666666666667,1,6,2,"{""number"": ""3.0"", ""relation"": ""="", ""status"": ""VALID""}",483.56900000000024,data/raw/tdc/clearance_hepatocyte_az.tab,CHEMBL1916288,Cc1nn(-c2ccc(F)cc2)c(NS(=O)(=O)c2ccc(C#N)cc2)c1C(=O)N[C@@H](C)C(C)(C)C,3.0,6,Clearance_Hepatocyte_AZ,210,,VALID,116.88,0
CHEMBL1917456,Cc1c(Oc2ccc(Cl)cc2)c2c(NS(C)(=O)=O)cccc2n1CC(=O)O,3.0,Cc1c(Oc2ccc(Cl)cc2)c2c(NS(C)(=O)=O)cccc2n1CC(=O)O,3.8515200000000025,0,0.16666666666666666,1,5,2,"{""number"": ""3.0"", ""relation"": ""="", ""status"": ""VALID""}",408.86300000000017,data/raw/tdc/clearance_hepatocyte_az.tab,CHEMBL1917456,Cc1c(Oc2ccc(Cl)cc2)c2c(NS(C)(=O)=O)cccc2n1CC(=O)O,3.0,6,Clearance_Hepatocyte_AZ,211,,VALID,97.63000000000001,0
CHEMBL251074,CC(=O)C[C@@H](c1ccccc1)c1c(O)c2ccccc2oc1=O,3.0,CC(=O)C[C@@H](c1ccccc1)c1c(O)c2ccccc2oc1=O,3.609600000000003,0,0.15789473684210525,1,4,1,"{""number"": ""3.0"", ""relation"": ""="", ""status"": ""VALID""}",308.3330000000001,data/raw/tdc/clearance_hepatocyte_az.tab,CHEMBL251074,CC(=O)C[C@@H](c1ccccc1)c1c(O)c2ccccc2oc1=O,3.0,4,Clearance_Hepatocyte_AZ,212,,VALID,67.50999999999999,0
CHEMBL2216870,CC[C@H](Nc1ncnc2[nH]cnc12)c1nc2cccc(F)c2c(=O)n1-c1ccccc1,5.25,CC[C@H](Nc1ncnc2[nH]cnc12)c1nc2cccc(F)c2c(=O)n1-c1ccccc1,3.7543000000000015,0,0.13636363636363635,1,7,2,"{""number"": ""5.25"", ""relation"": ""="", ""status"": ""VALID""}",415.43200000000013,data/raw/tdc/clearance_hepatocyte_az.tab,CHEMBL2216870,CC[C@H](Nc1ncnc2[nH]cnc12)c1nc2cccc(F)c2c(=O)n1-c1ccccc1,5.25,5,Clearance_Hepatocyte_AZ,213,,VALID,101.38000000000002,0
CHEMBL360227,CCN(CC)CCN1C(=O)[C@@](O)(c2ccccc2Cl)c2c1cc(C(N)=O)cc2C(F)(F)F,11.48,CCN(CC)CCN1C(=O)[C@@](O)(c2ccccc2Cl)c2c1cc(C(N)=O)cc2C(F)(F)F,3.3820000000000014,0,0.36363636363636365,1,4,2,"{""number"": ""11.48"", ""relation"": ""="", ""status"": ""VALID""}",469.8910000000002,data/raw/tdc/clearance_hepatocyte_az.tab,CHEMBL360227,CCN(CC)CCN1C(=O)[C@@](O)(c2ccccc2Cl)c2c1cc(C(N)=O)cc2C(F)(F)F,11.48,7,Clearance_Hepatocyte_AZ,214,,VALID,86.87,0
CHEMBL2348642,CNc1nc(C)c(-c2nc(Nc3cccc(N4CCNCC4)c3)ncc2C#N)s1,12.3,CNc1nc(C)c(-c2nc(Nc3cccc(N4CCNCC4)c3)ncc2C#N)s1,2.975100000000001,0,0.3,1,9,3,"{""number"": ""12.3"", ""relation"": ""="", ""status"": ""VALID""}",406.5190000000001,data/raw/tdc/clearance_hepatocyte_az.tab,CHEMBL2348642,CNc1nc(C)c(-c2nc(Nc3cccc(N4CCNCC4)c3)ncc2C#N)s1,12.3,5,Clearance_Hepatocyte_AZ,215,,VALID,101.78999999999999,0
CHEMBL87543,CC(C)N1CCC(N(C(=O)Cc2ccccc2)c2ccc(Cl)cc2)CC1,28.18,CC(C)N1CCC(N(C(=O)Cc2ccccc2)c2ccc(Cl)cc2)CC1,4.788500000000004,0,0.4090909090909091,1,2,0,"{""number"": ""28.18"", ""relation"": ""="", ""status"": ""VALID""}",370.9240000000001,data/raw/tdc/clearance_hepatocyte_az.tab,CHEMBL87543,CC(C)N1CCC(N(C(=O)Cc2ccccc2)c2ccc(Cl)cc2)CC1,28.18,5,Clearance_Hepatocyte_AZ,216,,VALID,23.55,0
CHEMBL402728,Cc1nc(CSc2nc(N[C@H](C)CO)c3sc(=O)[nH]c3n2)cs1,3.3,Cc1nc(CSc2nc(N[C@H](C)CO)c3sc(=O)[nH]c3n2)cs1,2.22952,0,0.38461538461538464,1,9,3,"{""number"": ""3.3"", ""relation"": ""="", ""status"": ""VALID""}",369.49700000000007,data/raw/tdc/clearance_hepatocyte_az.tab,CHEMBL402728,Cc1nc(CSc2nc(N[C@H](C)CO)c3sc(=O)[nH]c3n2)cs1,3.3,6,Clearance_Hepatocyte_AZ,217,,VALID,103.79,0
CHEMBL2216830,C=CC(=O)Nc1cccc(CN2C(=O)N(c3c(Cl)c(OC)cc(OC)c3Cl)Cc3cnc(NCCCCN(CC)CC)nc32)c1,39.81,C=CC(=O)Nc1cccc(CN2C(=O)N(c3c(Cl)c(OC)cc(OC)c3Cl)Cc3cnc(NCCCCN(CC)CC)nc32)c1,6.6058000000000066,0,0.375,1,8,2,"{""number"": ""39.81"", ""relation"": ""="", ""status"": ""VALID""}",656.6149999999998,data/raw/tdc/clearance_hepatocyte_az.tab,CHEMBL2216830,C=CC(=O)Nc1cccc(CN2C(=O)N(c3c(Cl)c(OC)cc(OC)c3Cl)Cc3cnc(NCCCCN(CC)CC)nc32)c1,39.81,15,Clearance_Hepatocyte_AZ,218,,VALID,112.16000000000001,0
CHEMBL1956112,CN1CCC[C@H]1CCN1CCCc2cc(NC(=N)c3cccs3)ccc21,40.74,CN1CCC[C@H]1CCN1CCCc2cc(NC(=N)c3cccs3)ccc21,4.422470000000003,0,0.47619047619047616,1,4,2,"{""number"": ""40.74"", ""relation"": ""="", ""status"": ""VALID""}",368.55000000000007,data/raw/tdc/clearance_hepatocyte_az.tab,CHEMBL1956112,CN1CCC[C@H]1CCN1CCCc2cc(NC(=N)c3cccs3)ccc21,40.74,5,Clearance_Hepatocyte_AZ,219,,VALID,42.36,1
CHEMBL2164678,N#CC1(NC(=O)[C@@H]2CCCC[C@H]2C(=O)N2CCc3[nH]c4ccc(F)cc4c3C2)CC1,41.41,N#CC1(NC(=O)[C@@H]2CCCC[C@H]2C(=O)N2CCc3[nH]c4ccc(F)cc4c3C2)CC1,3.1704800000000013,0,0.5217391304347826,1,3,2,"{""number"": ""41.41"", ""relation"": ""="", ""status"": ""VALID""}",408.47700000000015,data/raw/tdc/clearance_hepatocyte_az.tab,CHEMBL2164678,N#CC1(NC(=O)[C@@H]2CCCC[C@H]2C(=O)N2CCc3[nH]c4ccc(F)cc4c3C2)CC1,41.41,3,Clearance_Hepatocyte_AZ,220,,VALID,88.99000000000001,0
CHEMBL2089383,C=CC(=O)Nc1ccc(OC)cc1,42.66,C=CC(=O)Nc1ccc(OC)cc1,1.8196999999999999,0,0.1,1,2,1,"{""number"": ""42.66"", ""relation"": ""="", ""status"": ""VALID""}",177.20299999999997,data/raw/tdc/clearance_hepatocyte_az.tab,CHEMBL2089383,C=CC(=O)Nc1ccc(OC)cc1,42.66,3,Clearance_Hepatocyte_AZ,221,,VALID,38.33,0
CHEMBL1800472,CN(CCNC[C@H](O)c1ccc(O)c2[nH]c(=O)sc12)C(=O)CCOCCc1ccccc1,43.0,CN(CCNC[C@H](O)c1ccc(O)c2[nH]c(=O)sc12)C(=O)CCOCCc1ccccc1,2.026,0,0.391304347826087,1,7,4,"{""number"": ""43.0"", ""relation"": ""="", ""status"": ""VALID""}",459.5680000000003,data/raw/tdc/clearance_hepatocyte_az.tab,CHEMBL1800472,CN(CCNC[C@H](O)c1ccc(O)c2[nH]c(=O)sc12)C(=O)CCOCCc1ccccc1,43.0,12,Clearance_Hepatocyte_AZ,222,,VALID,114.89,0
CHEMBL2031556,O=C(Nc1cccc(-c2nnn[nH]2)c1)c1cccc2[nH]cnc12,44.67,O=C(Nc1cccc(-c2nnn[nH]2)c1)c1cccc2[nH]cnc12,1.9952999999999996,0,0.0,1,5,3,"{""number"": ""44.67"", ""relation"": ""="", ""status"": ""VALID""}",305.301,data/raw/tdc/clearance_hepatocyte_az.tab,CHEMBL2031556,O=C(Nc1cccc(-c2nnn[nH]2)c1)c1cccc2[nH]cnc12,44.67,3,Clearance_Hepatocyte_AZ,223,,VALID,112.24,0
CHEMBL1201391,CCC(C)(C)C(=O)O[C@H]1C[C@@H](C)C=C2C=C[C@H](C)[C@H](CC[C@@H](O)C[C@@H](O)CC(=O)O)[C@H]21,46.28,CCC(C)(C)C(=O)O[C@H]1C[C@@H](C)C=C2C=C[C@H](C)[C@H](CC[C@@H](O)C[C@@H](O)CC(=O)O)[C@H]21,4.105700000000003,0,0.76,1,5,3,"{""number"": ""46.28"", ""relation"": ""="", ""status"": ""VALID""}",436.5890000000002,data/raw/tdc/clearance_hepatocyte_az.tab,CHEMBL1201391,CCC(C)(C)C(=O)O[C@H]1C[C@@H](C)C=C2C=C[C@H](C)[C@H](CC[C@@H](O)C[C@@H](O)CC(=O)O)[C@H]21,46.28,10,Clearance_Hepatocyte_AZ,224,,VALID,104.06000000000002,0
CHEMBL1502752,Nc1c(-c2ccccc2)nc(Cl)nc1-c1ccccc1,46.77,Nc1c(-c2ccccc2)nc(Cl)nc1-c1ccccc1,4.0462000000000025,0,0.0,1,3,1,"{""number"": ""46.77"", ""relation"": ""="", ""status"": ""VALID""}",281.746,data/raw/tdc/clearance_hepatocyte_az.tab,CHEMBL1502752,Nc1c(-c2ccccc2)nc(Cl)nc1-c1ccccc1,46.77,2,Clearance_Hepatocyte_AZ,225,,VALID,51.8,0
CHEMBL2179283,CCCC(C)(C)C[C@H](c1ccc(C(=O)O)c(Oc2cccc(Cl)c2)c1)N1CCC[C@H](n2cc(C)c(=O)[nH]c2=O)C1,52.48,CCCC(C)(C)C[C@H](c1ccc(C(=O)O)c(Oc2cccc(Cl)c2)c1)N1CCC[C@H](n2cc(C)c(=O)[nH]c2=O)C1,6.583520000000007,0,0.45161290322580644,1,6,2,"{""number"": ""52.48"", ""relation"": ""="", ""status"": ""VALID""}",568.1140000000003,data/raw/tdc/clearance_hepatocyte_az.tab,CHEMBL2179283,CCCC(C)(C)C[C@H](c1ccc(C(=O)O)c(Oc2cccc(Cl)c2)c1)N1CCC[C@H](n2cc(C)c(=O)[nH]c2=O)C1,52.48,10,Clearance_Hepatocyte_AZ,226,,VALID,104.63,0
CHEMBL571,CC(C(=O)O)c1cccc(C(=O)c2ccccc2)c1,53.7,CC(C(=O)O)c1cccc(C(=O)c2ccccc2)c1,3.1057000000000015,0,0.125,1,2,1,"{""number"": ""53.7"", ""relation"": ""="", ""status"": ""VALID""}",254.285,data/raw/tdc/clearance_hepatocyte_az.tab,CHEMBL571,CC(C(=O)O)c1cccc(C(=O)c2ccccc2)c1,53.7,4,Clearance_Hepatocyte_AZ,227,,VALID,54.37,1
CHEMBL1734492,NC(=O)NC(=O)C(Nc1ccc2c(c1)CCC2)c1ccccc1,54.95,NC(=O)NC(=O)C(Nc1ccc2c(c1)CCC2)c1ccccc1,2.5234000000000005,0,0.2222222222222222,1,3,3,"{""number"": ""54.95"", ""relation"": ""="", ""status"": ""VALID""}",309.36899999999997,data/raw/tdc/clearance_hepatocyte_az.tab,CHEMBL1734492,NC(=O)NC(=O)C(Nc1ccc2c(c1)CCC2)c1ccccc1,54.95,4,Clearance_Hepatocyte_AZ,228,,VALID,84.22,1
CHEMBL391379,Clc1ccc(COc2ccc(Br)cc2CN2CCOCC2)cc1,54.95,Clc1ccc(COc2ccc(Br)cc2CN2CCOCC2)cc1,4.513700000000004,0,0.3333333333333333,1,3,0,"{""number"": ""54.95"", ""relation"": ""="", ""status"": ""VALID""}",396.7120000000003,data/raw/tdc/clearance_hepatocyte_az.tab,CHEMBL391379,Clc1ccc(COc2ccc(Br)cc2CN2CCOCC2)cc1,54.95,5,Clearance_Hepatocyte_AZ,229,,VALID,21.700000000000003,0
CHEMBL1916083,CNC(=O)c1cnn(-c2ccccc2)c1NS(=O)(=O)c1ccc(C)cc1,64.0,CNC(=O)c1cnn(-c2ccccc2)c1NS(=O)(=O)c1ccc(C)cc1,2.34112,0,0.1111111111111111,1,5,2,"{""number"": ""64.0"", ""relation"": ""="", ""status"": ""VALID""}",370.4340000000002,data/raw/tdc/clearance_hepatocyte_az.tab,CHEMBL1916083,CNC(=O)c1cnn(-c2ccccc2)c1NS(=O)(=O)c1ccc(C)cc1,64.0,5,Clearance_Hepatocyte_AZ,230,,VALID,93.09,0
CHEMBL77131,CCNC(=O)OC1CCN(c2nncc3cc(OC)c(OC)cc23)CC1,64.57,CCNC(=O)OC1CCN(c2nncc3cc(OC)c(OC)cc23)CC1,2.3619000000000003,0,0.5,1,7,1,"{""number"": ""64.57"", ""relation"": ""="", ""status"": ""VALID""}",360.41400000000016,data/raw/tdc/clearance_hepatocyte_az.tab,CHEMBL77131,CCNC(=O)OC1CCN(c2nncc3cc(OC)c(OC)cc23)CC1,64.57,5,Clearance_Hepatocyte_AZ,231,,VALID,85.81,0
CHEMBL62136,O=S(=O)(c1ccccc1)N(CC(F)(F)F)c1ccc(C(O)(C(F)(F)F)C(F)(F)F)cc1,14.13,O=S(=O)(c1ccccc1)N(CC(F)(F)F)c1ccc(C(O)(C(F)(F)F)C(F)(F)F)cc1,4.756400000000003,0,0.29411764705882354,1,3,1,"{""number"": ""14.13"", ""relation"": ""="", ""status"": ""VALID""}",481.33599999999996,data/raw/tdc/clearance_hepatocyte_az.tab,CHEMBL62136,O=S(=O)(c1ccccc1)N(CC(F)(F)F)c1ccc(C(O)(C(F)(F)F)C(F)(F)F)cc1,14.13,5,Clearance_Hepatocyte_AZ,232,,VALID,57.61,0
CHEMBL38182,N#Cc1ccc(NC(=O)Nc2ccccc2Br)c2nn[nH]c12,69.0,N#Cc1ccc(NC(=O)Nc2ccccc2Br)c2nn[nH]c12,3.2360800000000003,0,0.0,1,4,3,"{""number"": ""69.0"", ""relation"": ""="", ""status"": ""VALID""}",357.17100000000005,data/raw/tdc/clearance_hepatocyte_az.tab,CHEMBL38182,N#Cc1ccc(NC(=O)Nc2ccccc2Br)c2nn[nH]c12,69.0,2,Clearance_Hepatocyte_AZ,233,,VALID,106.49000000000001,0
CHEMBL2181753,CCN(Cc1cc(C(F)(F)F)ccc1-c1cc(CC(=O)O)ccc1OC)C(=O)NCc1ccccc1,25.12,CCN(Cc1cc(C(F)(F)F)ccc1-c1cc(CC(=O)O)ccc1OC)C(=O)NCc1ccccc1,5.739800000000004,0,0.25925925925925924,1,3,2,"{""number"": ""25.12"", ""relation"": ""="", ""status"": ""VALID""}",500.5170000000002,data/raw/tdc/clearance_hepatocyte_az.tab,CHEMBL2181753,CCN(Cc1cc(C(F)(F)F)ccc1-c1cc(CC(=O)O)ccc1OC)C(=O)NCc1ccccc1,25.12,9,Clearance_Hepatocyte_AZ,234,,VALID,78.87,0
CHEMBL551813,CN(C)c1nc(Cc2ccc(NC(=O)c3ccc(C(F)(F)F)cc3)cc2)nc(N(C)C)c1CC(=O)O,4.47,CN(C)c1nc(Cc2ccc(NC(=O)c3ccc(C(F)(F)F)cc3)cc2)nc(N(C)C)c1CC(=O)O,4.097600000000003,0,0.28,1,6,2,"{""number"": ""4.47"", ""relation"": ""="", ""status"": ""VALID""}",501.5090000000002,data/raw/tdc/clearance_hepatocyte_az.tab,CHEMBL551813,CN(C)c1nc(Cc2ccc(NC(=O)c3ccc(C(F)(F)F)cc3)cc2)nc(N(C)C)c1CC(=O)O,4.47,8,Clearance_Hepatocyte_AZ,235,,VALID,98.66000000000001,0
CHEMBL473,CN(CCOc1ccc(NS(C)(=O)=O)cc1)CCc1ccc(NS(C)(=O)=O)cc1,4.68,CN(CCOc1ccc(NS(C)(=O)=O)cc1)CCc1ccc(NS(C)(=O)=O)cc1,1.9828999999999997,0,0.3684210526315789,1,6,2,"{""number"": ""4.68"", ""relation"": ""="", ""status"": ""VALID""}",441.57500000000016,data/raw/tdc/clearance_hepatocyte_az.tab,CHEMBL473,CN(CCOc1ccc(NS(C)(=O)=O)cc1)CCc1ccc(NS(C)(=O)=O)cc1,4.68,11,Clearance_Hepatocyte_AZ,236,,VALID,104.81,0
CHEMBL576981,C[C@@H](O)[C@H]1C(=O)N2C(C(=O)O)=C(SC3CN(C4=NCCS4)C3)[C@H](C)[C@H]12,4.79,C[C@@H](O)[C@H]1C(=O)N2C(C(=O)O)=C(SC3CN(C4=NCCS4)C3)[C@H](C)[C@H]12,0.6602999999999999,0,0.6875,1,7,2,"{""number"": ""4.79"", ""relation"": ""="", ""status"": ""VALID""}",383.4950000000002,data/raw/tdc/clearance_hepatocyte_az.tab,CHEMBL576981,C[C@@H](O)[C@H]1C(=O)N2C(C(=O)O)=C(SC3CN(C4=NCCS4)C3)[C@H](C)[C@H]12,4.79,4,Clearance_Hepatocyte_AZ,237,,VALID,93.44,0
CHEMBL1939560,C[C@H](c1nc2ncccc2c(=O)n1-c1ccc(Cl)cc1)N(CC1CCS(=O)(=O)CC1)C(=O)Cc1ccc(C(F)(F)F)c(F)c1,5.13,C[C@H](c1nc2ncccc2c(=O)n1-c1ccc(Cl)cc1)N(CC1CCS(=O)(=O)CC1)C(=O)Cc1ccc(C(F)(F)F)c(F)c1,5.5491000000000055,0,0.3333333333333333,1,7,0,"{""number"": ""5.13"", ""relation"": ""="", ""status"": ""VALID""}",651.0820000000006,data/raw/tdc/clearance_hepatocyte_az.tab,CHEMBL1939560,C[C@H](c1nc2ncccc2c(=O)n1-c1ccc(Cl)cc1)N(CC1CCS(=O)(=O)CC1)C(=O)Cc1ccc(C(F)(F)F)c(F)c1,5.13,7,Clearance_Hepatocyte_AZ,238,,VALID,102.22999999999999,0
CHEMBL2,COc1cc2nc(N3CCN(C(=O)c4ccco4)CC3)nc(N)c2cc1OC,5.37,COc1cc2nc(N3CCN(C(=O)c4ccco4)CC3)nc(N)c2cc1OC,1.7845999999999997,0,0.3157894736842105,1,8,1,"{""number"": ""5.37"", ""relation"": ""="", ""status"": ""VALID""}",383.40800000000024,data/raw/tdc/clearance_hepatocyte_az.tab,CHEMBL2,COc1cc2nc(N3CCN(C(=O)c4ccco4)CC3)nc(N)c2cc1OC,5.37,4,Clearance_Hepatocyte_AZ,239,,VALID,106.95,0
CHEMBL1088752,Cc1c(F)cc(C(=O)NC2CC2)cc1-c1ccc(C(=O)NCC(C)(C)C)cn1,6.31,Cc1c(F)cc(C(=O)NC2CC2)cc1-c1ccc(C(=O)NCC(C)(C)C)cn1,3.864220000000002,0,0.4090909090909091,1,3,2,"{""number"": ""6.31"", ""relation"": ""="", ""status"": ""VALID""}",383.4670000000001,data/raw/tdc/clearance_hepatocyte_az.tab,CHEMBL1088752,Cc1c(F)cc(C(=O)NC2CC2)cc1-c1ccc(C(=O)NCC(C)(C)C)cn1,6.31,5,Clearance_Hepatocyte_AZ,240,,VALID,71.09,0
CHEMBL1231206,Cc1ccc(-c2ccc3c(ccc4sc5c(c43)NC[C@@H](C)NC5=O)n2)cn1,6.92,Cc1ccc(-c2ccc3c(ccc4sc5c(c43)NC[C@@H](C)NC5=O)n2)cn1,4.363720000000003,0,0.19047619047619047,1,5,2,"{""number"": ""6.92"", ""relation"": ""="", ""status"": ""VALID""}",374.4690000000001,data/raw/tdc/clearance_hepatocyte_az.tab,CHEMBL1231206,Cc1ccc(-c2ccc3c(ccc4sc5c(c43)NC[C@@H](C)NC5=O)n2)cn1,6.92,1,Clearance_Hepatocyte_AZ,241,,VALID,66.91,0
CHEMBL115,CC(C)(C)NC(=O)[C@@H]1CN(Cc2cccnc2)CCN1C[C@@H](O)C[C@@H](Cc1ccccc1)C(=O)N[C@H]1c2ccccc2C[C@H]1O,10.23,CC(C)(C)NC(=O)[C@@H]1CN(Cc2cccnc2)CCN1C[C@@H](O)C[C@@H](Cc1ccccc1)C(=O)N[C@H]1c2ccccc2C[C@H]1O,2.8669000000000016,0,0.4722222222222222,1,7,4,"{""number"": ""10.23"", ""relation"": ""="", ""status"": ""VALID""}",613.8030000000003,data/raw/tdc/clearance_hepatocyte_az.tab,CHEMBL115,CC(C)(C)NC(=O)[C@@H]1CN(Cc2cccnc2)CCN1C[C@@H](O)C[C@@H](Cc1ccccc1)C(=O)N[C@H]1c2ccccc2C[C@H]1O,10.23,11,Clearance_Hepatocyte_AZ,242,,VALID,118.03000000000002,0
CHEMBL2364624,O=C(O)C[C@H]1CC[C@H](c2ccc(-c3ccc(Nc4ccc(C(F)(F)F)nc4)cn3)cc2)CC1,11.48,O=C(O)C[C@H]1CC[C@H](c2ccc(-c3ccc(Nc4ccc(C(F)(F)F)nc4)cn3)cc2)CC1,6.654500000000005,0,0.32,1,4,2,"{""number"": ""11.48"", ""relation"": ""="", ""status"": ""VALID""}",455.48000000000013,data/raw/tdc/clearance_hepatocyte_az.tab,CHEMBL2364624,O=C(O)C[C@H]1CC[C@H](c2ccc(-c3ccc(Nc4ccc(C(F)(F)F)nc4)cn3)cc2)CC1,11.48,6,Clearance_Hepatocyte_AZ,243,,VALID,75.11,0
CHEMBL594671,CC(C)[C@H](C(=O)Nc1nccs1)c1ccc(Cl)cc1,12.02,CC(C)[C@H](C(=O)Nc1nccs1)c1ccc(Cl)cc1,4.174800000000003,0,0.2857142857142857,1,3,1,"{""number"": ""12.02"", ""relation"": ""="", ""status"": ""VALID""}",294.807,data/raw/tdc/clearance_hepatocyte_az.tab,CHEMBL594671,CC(C)[C@H](C(=O)Nc1nccs1)c1ccc(Cl)cc1,12.02,4,Clearance_Hepatocyte_AZ,244,,VALID,41.99,0
CHEMBL1934419,Cc1ccc(S(=O)(=O)Nc2c(C(=O)N[C@@H](C)C(C)(C)C)c(C)nn2C2CCS(=O)(=O)CC2)cc1,4.0,Cc1ccc(S(=O)(=O)Nc2c(C(=O)N[C@@H](C)C(C)(C)C)c(C)nn2C2CCS(=O)(=O)CC2)cc1,3.2148400000000015,0,0.5652173913043478,1,7,2,"{""number"": ""4.0"", ""relation"": ""="", ""status"": ""VALID""}",510.68200000000036,data/raw/tdc/clearance_hepatocyte_az.tab,CHEMBL1934419,Cc1ccc(S(=O)(=O)Nc2c(C(=O)N[C@@H](C)C(C)(C)C)c(C)nn2C2CCS(=O)(=O)CC2)cc1,4.0,6,Clearance_Hepatocyte_AZ,245,,VALID,127.22999999999999,0
CHEMBL1689126,C[C@H]1CN(Cc2cc(Cl)ccc2OCC(=O)O)CCN1C(=O)Cc1ccccc1,4.0,C[C@H]1CN(Cc2cc(Cl)ccc2OCC(=O)O)CCN1C(=O)Cc1ccccc1,3.078800000000002,0,0.36363636363636365,1,4,1,"{""number"": ""4.0"", ""relation"": ""="", ""status"": ""VALID""}",416.9050000000002,data/raw/tdc/clearance_hepatocyte_az.tab,CHEMBL1689126,C[C@H]1CN(Cc2cc(Cl)ccc2OCC(=O)O)CCN1C(=O)Cc1ccccc1,4.0,7,Clearance_Hepatocyte_AZ,246,,VALID,70.08,0
CHEMBL580,O=C1Nc2ccc(Cl)cc2C(c2ccccc2Cl)=NC1O,4.57,O=C1Nc2ccc(Cl)cc2C(c2ccccc2Cl)=NC1O,3.1013000000000015,0,0.06666666666666667,1,3,2,"{""number"": ""4.57"", ""relation"": ""="", ""status"": ""VALID""}",321.163,data/raw/tdc/clearance_hepatocyte_az.tab,CHEMBL580,O=C1Nc2ccc(Cl)cc2C(c2ccccc2Cl)=NC1O,4.57,1,Clearance_Hepatocyte_AZ,247,,VALID,61.69,1
CHEMBL2181927,CCOc1ncc(C)c2c1[C@H](c1ccc(C#N)cc1OC)C(C(N)=O)=C(C)N2,4.68,CCOc1ncc(C)c2c1[C@H](c1ccc(C#N)cc1OC)C(C(N)=O)=C(C)N2,2.9856999999999996,0,0.2857142857142857,1,6,2,"{""number"": ""4.68"", ""relation"": ""="", ""status"": ""VALID""}",378.4320000000002,data/raw/tdc/clearance_hepatocyte_az.tab,CHEMBL2181927,CCOc1ncc(C)c2c1[C@H](c1ccc(C#N)cc1OC)C(C(N)=O)=C(C)N2,4.68,5,Clearance_Hepatocyte_AZ,248,,VALID,110.25999999999999,0
CHEMBL1809058,COc1cc(N2CC3CNCC(C2)O3)ccc1Nc1ncc(Cl)c(-c2cnc3ccccn23)n1,13.8,COc1cc(N2CC3CNCC(C2)O3)ccc1Nc1ncc(Cl)c(-c2cnc3ccccn23)n1,3.373900000000001,0,0.2916666666666667,1,9,2,"{""number"": ""13.8"", ""relation"": ""="", ""status"": ""VALID""}",477.95600000000013,data/raw/tdc/clearance_hepatocyte_az.tab,CHEMBL1809058,COc1cc(N2CC3CNCC(C2)O3)ccc1Nc1ncc(Cl)c(-c2cnc3ccccn23)n1,13.8,5,Clearance_Hepatocyte_AZ,249,,VALID,88.84,2
CHEMBL2170985,Nc1ncnc2c1ncn2[C@@H]1O[C@H](CSCCCNC(=O)NCc2ccccc2)[C@@H](O)[C@H]1O,14.45,Nc1ncnc2c1ncn2[C@@H]1O[C@H](CSCCCNC(=O)NCc2ccccc2)[C@@H](O)[C@H]1O,0.6503999999999988,0,0.42857142857142855,1,10,5,"{""number"": ""14.45"", ""relation"": ""="", ""status"": ""VALID""}",473.55900000000014,data/raw/tdc/clearance_hepatocyte_az.tab,CHEMBL2170985,Nc1ncnc2c1ncn2[C@@H]1O[C@H](CSCCCNC(=O)NCc2ccccc2)[C@@H](O)[C@H]1O,14.45,9,Clearance_Hepatocyte_AZ,250,,VALID,160.44,0
CHEMBL1669164,O=C(CN1CCOCC1)Nc1ccc(-c2cccc3c(=O)cc(N4CCOCC4)oc23)cc1OCCN1CCCC1,5.5,O=C(CN1CCOCC1)Nc1ccc(-c2cccc3c(=O)cc(N4CCOCC4)oc23)cc1OCCN1CCCC1,3.041900000000002,0,0.4838709677419355,1,9,1,"{""number"": ""5.5"", ""relation"": ""="", ""status"": ""VALID""}",562.6670000000003,data/raw/tdc/clearance_hepatocyte_az.tab,CHEMBL1669164,O=C(CN1CCOCC1)Nc1ccc(-c2cccc3c(=O)cc(N4CCOCC4)oc23)cc1OCCN1CCCC1,5.5,9,Clearance_Hepatocyte_AZ,251,,VALID,96.72,0
CHEMBL217943,O=C(NCc1ccccc1)c1ccc2cccnc2c1O,22.77,O=C(NCc1ccccc1)c1ccc2cccnc2c1O,2.8704000000000014,0,0.058823529411764705,1,3,2,"{""number"": ""22.77"", ""relation"": ""="", ""status"": ""VALID""}",278.31100000000004,data/raw/tdc/clearance_hepatocyte_az.tab,CHEMBL217943,O=C(NCc1ccccc1)c1ccc2cccnc2c1O,22.77,3,Clearance_Hepatocyte_AZ,252,,VALID,62.22,0
CHEMBL1703518,CCN(CC)S(=O)(=O)c1ccc(-c2nnc(SCC(=O)N3CCc4ccccc43)o2)cc1,150.0,CCN(CC)S(=O)(=O)c1ccc(-c2nnc(SCC(=O)N3CCc4ccccc43)o2)cc1,3.448500000000003,0,0.3181818181818182,1,7,0,"{""number"": ""150.0"", ""relation"": ""="", ""status"": ""VALID""}",472.59200000000027,data/raw/tdc/clearance_hepatocyte_az.tab,CHEMBL1703518,CCN(CC)S(=O)(=O)c1ccc(-c2nnc(SCC(=O)N3CCc4ccccc43)o2)cc1,150.0,8,Clearance_Hepatocyte_AZ,253,,VALID,96.61,0
CHEMBL900,Cc1ccccc1C(OCCN(C)C)c1ccccc1,150.0,Cc1ccccc1C(OCCN(C)C)c1ccccc1,3.662620000000003,0,0.3333333333333333,1,2,0,"{""number"": ""150.0"", ""relation"": ""="", ""status"": ""VALID""}",269.388,data/raw/tdc/clearance_hepatocyte_az.tab,CHEMBL900,Cc1ccccc1C(OCCN(C)C)c1ccccc1,150.0,6,Clearance_Hepatocyte_AZ,254,,VALID,12.47,1
CHEMBL480208,CC1(C)[C@@H]2CC[C@@]1(CS(=O)(=O)N1CCN(c3ccc(C#N)cn3)CC1)C(=O)C2,150.0,CC1(C)[C@@H]2CC[C@@]1(CS(=O)(=O)N1CCN(c3ccc(C#N)cn3)CC1)C(=O)C2,1.8004799999999999,0,0.65,1,6,0,"{""number"": ""150.0"", ""relation"": ""="", ""status"": ""VALID""}",402.5200000000002,data/raw/tdc/clearance_hepatocyte_az.tab,CHEMBL480208,CC1(C)[C@@H]2CC[C@@]1(CS(=O)(=O)N1CCN(c3ccc(C#N)cn3)CC1)C(=O)C2,150.0,4,Clearance_Hepatocyte_AZ,255,,VALID,94.37,0
CHEMBL1412343,Cc1ccccc1NC(=O)CCS(=O)(=O)c1ccc(Br)s1,150.0,Cc1ccccc1NC(=O)CCS(=O)(=O)c1ccc(Br)s1,3.621520000000002,0,0.21428571428571427,1,4,1,"{""number"": ""150.0"", ""relation"": ""="", ""status"": ""VALID""}",388.308,data/raw/tdc/clearance_hepatocyte_az.tab,CHEMBL1412343,Cc1ccccc1NC(=O)CCS(=O)(=O)c1ccc(Br)s1,150.0,5,Clearance_Hepatocyte_AZ,256,,VALID,63.24,0
CHEMBL1221681,O=c1[nH]c2c(O)ccc([C@@H](O)CN[C@H]3CCC[C@@H]3OCc3ccccc3)c2s1,108.0,O=c1[nH]c2c(O)ccc([C@@H](O)CN[C@H]3CCC[C@@H]3OCc3ccccc3)c2s1,3.0561000000000016,0,0.38095238095238093,1,6,4,"{""number"": ""108.0"", ""relation"": ""="", ""status"": ""VALID""}",400.5000000000001,data/raw/tdc/clearance_hepatocyte_az.tab,CHEMBL1221681,O=c1[nH]c2c(O)ccc([C@@H](O)CN[C@H]3CCC[C@@H]3OCc3ccccc3)c2s1,108.0,7,Clearance_Hepatocyte_AZ,257,,VALID,94.58000000000001,0
CHEMBL1922055,C[C@@](C(=O)O[C@H]1C[N+]2(Cc3cc(-c4ccccc4)on3)CCC1CC2)(c1ccccc1)N1CCCCC1,110.0,C[C@@](C(=O)O[C@H]1C[N+]2(Cc3cc(-c4ccccc4)on3)CCC1CC2)(c1ccccc1)N1CCCCC1,5.395100000000006,0,0.4838709677419355,1,5,0,"{""number"": ""110.0"", ""relation"": ""="", ""status"": ""VALID""}",500.6630000000005,data/raw/tdc/clearance_hepatocyte_az.tab,CHEMBL1922055,C[C@@](C(=O)O[C@H]1C[N+]2(Cc3cc(-c4ccccc4)on3)CCC1CC2)(c1ccccc1)N1CCCCC1,110.0,7,Clearance_Hepatocyte_AZ,258,,VALID,55.57,2
CHEMBL2179279,CCC(C)(C)C[C@H](c1ccc(C(=O)O)c(Oc2cccc(Cl)c2)c1)N1CCC[C@H](n2cc(C)c(=O)[nH]c2=O)C1,117.49,CCC(C)(C)C[C@H](c1ccc(C(=O)O)c(Oc2cccc(Cl)c2)c1)N1CCC[C@H](n2cc(C)c(=O)[nH]c2=O)C1,6.193420000000006,0,0.43333333333333335,1,6,2,"{""number"": ""117.49"", ""relation"": ""="", ""status"": ""VALID""}",554.0870000000002,data/raw/tdc/clearance_hepatocyte_az.tab,CHEMBL2179279,CCC(C)(C)C[C@H](c1ccc(C(=O)O)c(Oc2cccc(Cl)c2)c1)N1CCC[C@H](n2cc(C)c(=O)[nH]c2=O)C1,117.49,9,Clearance_Hepatocyte_AZ,259,,VALID,104.63,0
CHEMBL1778639,CCS(=O)(=O)c1ccc(-c2cc(C(F)(F)F)ccc2OCC(=O)O)c(C)c1,3.0,CCS(=O)(=O)c1ccc(-c2cc(C(F)(F)F)ccc2OCC(=O)O)c(C)c1,3.937820000000002,0,0.2777777777777778,1,4,1,"{""number"": ""3.0"", ""relation"": ""="", ""status"": ""VALID""}",402.39000000000016,data/raw/tdc/clearance_hepatocyte_az.tab,CHEMBL1778639,CCS(=O)(=O)c1ccc(-c2cc(C(F)(F)F)ccc2OCC(=O)O)c(C)c1,3.0,6,Clearance_Hepatocyte_AZ,260,,VALID,80.67,0
CHEMBL1689111,O=C(O)COc1ccc(Cl)cc1CN1CCN(S(=O)(=O)Cc2ccccc2)CC1,3.0,O=C(O)COc1ccc(Cl)cc1CN1CCN(S(=O)(=O)Cc2ccccc2)CC1,2.4510000000000005,0,0.35,1,5,1,"{""number"": ""3.0"", ""relation"": ""="", ""status"": ""VALID""}",438.93300000000016,data/raw/tdc/clearance_hepatocyte_az.tab,CHEMBL1689111,O=C(O)COc1ccc(Cl)cc1CN1CCN(S(=O)(=O)Cc2ccccc2)CC1,3.0,8,Clearance_Hepatocyte_AZ,261,,VALID,87.15,0
CHEMBL2086472,C=CC(=O)Nc1ccc(F)cc1,3.0,C=CC(=O)Nc1ccc(F)cc1,1.9502,0,0.0,1,1,1,"{""number"": ""3.0"", ""relation"": ""="", ""status"": ""VALID""}",165.16699999999997,data/raw/tdc/clearance_hepatocyte_az.tab,CHEMBL2086472,C=CC(=O)Nc1ccc(F)cc1,3.0,2,Clearance_Hepatocyte_AZ,262,,VALID,29.1,0
CHEMBL2178579,O=C(Nc1ccc(Cl)c(S(=O)(=O)N2CCNCC2)c1O)Nc1cccc(F)c1Cl,3.0,O=C(Nc1ccc(Cl)c(S(=O)(=O)N2CCNCC2)c1O)Nc1cccc(F)c1Cl,3.0760000000000005,0,0.23529411764705882,1,5,4,"{""number"": ""3.0"", ""relation"": ""="", ""status"": ""VALID""}",463.3180000000001,data/raw/tdc/clearance_hepatocyte_az.tab,CHEMBL2178579,O=C(Nc1ccc(Cl)c(S(=O)(=O)N2CCNCC2)c1O)Nc1cccc(F)c1Cl,3.0,4,Clearance_Hepatocyte_AZ,263,,VALID,110.77000000000001,0
CHEMBL1807821,O=c1[nH]c2c(O)ccc([C@@H](O)CNCCCOCCOCCc3ccccc3)c2s1,3.0,O=c1[nH]c2c(O)ccc([C@@H](O)CNCCCOCCOCCc3ccccc3)c2s1,2.5842,0,0.4090909090909091,1,7,4,"{""number"": ""3.0"", ""relation"": ""="", ""status"": ""VALID""}",432.54200000000014,data/raw/tdc/clearance_hepatocyte_az.tab,CHEMBL1807821,O=c1[nH]c2c(O)ccc([C@@H](O)CNCCCOCCOCCc3ccccc3)c2s1,3.0,13,Clearance_Hepatocyte_AZ,264,,VALID,103.81000000000002,0
CHEMBL1790041,CNC(=C[N+](=O)[O-])NCCSCc1ccc(CN(C)C)o1,3.0,CNC(=C[N+](=O)[O-])NCCSCc1ccc(CN(C)C)o1,1.4589999999999999,0,0.5384615384615384,1,7,2,"{""number"": ""3.0"", ""relation"": ""="", ""status"": ""VALID""}",314.411,data/raw/tdc/clearance_hepatocyte_az.tab,CHEMBL1790041,CNC(=C[N+](=O)[O-])NCCSCc1ccc(CN(C)C)o1,3.0,10,Clearance_Hepatocyte_AZ,265,,VALID,83.58,1
CHEMBL19236,COc1nc(C)nc(Cl)c1NC1=NCCN1,3.0,COc1nc(C)nc(Cl)c1NC1=NCCN1,0.8181199999999997,0,0.4444444444444444,1,6,2,"{""number"": ""3.0"", ""relation"": ""="", ""status"": ""VALID""}",241.68200000000002,data/raw/tdc/clearance_hepatocyte_az.tab,CHEMBL19236,COc1nc(C)nc(Cl)c1NC1=NCCN1,3.0,2,Clearance_Hepatocyte_AZ,266,,VALID,71.43,0
CHEMBL1201212,COc1ccc(OC)c(C(O)CNC(=O)CN)c1,3.0,COc1ccc(OC)c(C(O)CNC(=O)CN)c1,-0.18789999999999946,0,0.4166666666666667,1,5,3,"{""number"": ""3.0"", ""relation"": ""="", ""status"": ""VALID""}",254.28599999999997,data/raw/tdc/clearance_hepatocyte_az.tab,CHEMBL1201212,COc1ccc(OC)c(C(O)CNC(=O)CN)c1,3.0,6,Clearance_Hepatocyte_AZ,267,,VALID,93.80999999999999,1
CHEMBL2070951,N#CC1(NC(=O)[C@@H]2CCCC[C@H]2C(=O)N2CCN(c3nc4cnccc4s3)CC2)CC1,3.0,N#CC1(NC(=O)[C@@H]2CCCC[C@H]2C(=O)N2CCN(c3nc4cnccc4s3)CC2)CC1,2.3186800000000005,0,0.5909090909090909,1,7,1,"{""number"": ""3.0"", ""relation"": ""="", ""status"": ""VALID""}",438.5570000000002,data/raw/tdc/clearance_hepatocyte_az.tab,CHEMBL2070951,N#CC1(NC(=O)[C@@H]2CCCC[C@H]2C(=O)N2CCN(c3nc4cnccc4s3)CC2)CC1,3.0,4,Clearance_Hepatocyte_AZ,268,,VALID,102.22,0
CHEMBL403,CC1(C)[C@H](C(=O)O)N2C(=O)C[C@H]2S1(=O)=O,3.0,CC1(C)[C@H](C(=O)O)N2C(=O)C[C@H]2S1(=O)=O,-0.794999999999999,0,0.75,1,4,1,"{""number"": ""3.0"", ""relation"": ""="", ""status"": ""VALID""}",233.24499999999998,data/raw/tdc/clearance_hepatocyte_az.tab,CHEMBL403,CC1(C)[C@H](C(=O)O)N2C(=O)C[C@H]2S1(=O)=O,3.0,1,Clearance_Hepatocyte_AZ,269,,VALID,91.75,0
CHEMBL235789,O=C(NCC12CC3CC(CC(C3)C1)C2)c1cc(CN2CCNCC2)ccc1Cl,4.0,O=C(NCC12CC3CC(CC(C3)C1)C2)c1cc(CN2CCNCC2)ccc1Cl,3.6914000000000025,0,0.6956521739130435,1,3,2,"{""number"": ""4.0"", ""relation"": ""="", ""status"": ""VALID""}",401.9820000000001,data/raw/tdc/clearance_hepatocyte_az.tab,CHEMBL235789,O=C(NCC12CC3CC(CC(C3)C1)C2)c1cc(CN2CCNCC2)ccc1Cl,4.0,5,Clearance_Hepatocyte_AZ,270,,VALID,44.370000000000005,4
CHEMBL2018964,COc1cccc2c1c(NS(=O)(=O)c1ccc(Cl)s1)nn2Cc1cccc(CNC(C)=O)c1,150.0,COc1cccc2c1c(NS(=O)(=O)c1ccc(Cl)s1)nn2Cc1cccc(CNC(C)=O)c1,4.245000000000003,0,0.18181818181818182,1,7,2,"{""number"": ""150.0"", ""relation"": ""="", ""status"": ""VALID""}",505.0210000000002,data/raw/tdc/clearance_hepatocyte_az.tab,CHEMBL2018964,COc1cccc2c1c(NS(=O)(=O)c1ccc(Cl)s1)nn2Cc1cccc(CNC(C)=O)c1,150.0,8,Clearance_Hepatocyte_AZ,271,,VALID,102.32,0
CHEMBL1080002,CCOc1ccc2nc3ccc(=O)cc-3oc2c1,150.0,CCOc1ccc2nc3ccc(=O)cc-3oc2c1,2.6915000000000004,0,0.14285714285714285,1,4,0,"{""number"": ""150.0"", ""relation"": ""="", ""status"": ""VALID""}",241.24599999999998,data/raw/tdc/clearance_hepatocyte_az.tab,CHEMBL1080002,CCOc1ccc2nc3ccc(=O)cc-3oc2c1,150.0,2,Clearance_Hepatocyte_AZ,272,,VALID,52.33,0
CHEMBL1213085,Cc1ccccc1-n1c(Cn2nc(-c3ccc(O)c(F)c3)c3c(N)ncnc32)nc2cccc(C)c2c1=O,39.81,Cc1ccccc1-n1c(Cn2nc(-c3ccc(O)c(F)c3)c3c(N)ncnc32)nc2cccc(C)c2c1=O,4.284440000000003,0,0.10714285714285714,1,9,2,"{""number"": ""39.81"", ""relation"": ""="", ""status"": ""VALID""}",507.5290000000003,data/raw/tdc/clearance_hepatocyte_az.tab,CHEMBL1213085,Cc1ccccc1-n1c(Cn2nc(-c3ccc(O)c(F)c3)c3c(N)ncnc32)nc2cccc(C)c2c1=O,39.81,4,Clearance_Hepatocyte_AZ,273,,VALID,124.74000000000001,0
CHEMBL1082152,Cn1cc(C2=C(c3cccc(NCC(O)CO)c3)C(=O)NC2=O)c2cc(F)ccc21,41.0,Cn1cc(C2=C(c3cccc(NCC(O)CO)c3)C(=O)NC2=O)c2cc(F)ccc21,1.6496999999999997,0,0.18181818181818182,1,6,4,"{""number"": ""41.0"", ""relation"": ""="", ""status"": ""VALID""}",409.41700000000014,data/raw/tdc/clearance_hepatocyte_az.tab,CHEMBL1082152,Cn1cc(C2=C(c3cccc(NCC(O)CO)c3)C(=O)NC2=O)c2cc(F)ccc21,41.0,6,Clearance_Hepatocyte_AZ,274,,VALID,103.59,1
CHEMBL53366,Cc1nccn1CCC(C(N)=O)(c1ccccc1)c1ccccc1,46.0,Cc1nccn1CCC(C(N)=O)(c1ccccc1)c1ccccc1,3.0532200000000014,0,0.2,1,3,1,"{""number"": ""46.0"", ""relation"": ""="", ""status"": ""VALID""}",319.408,data/raw/tdc/clearance_hepatocyte_az.tab,CHEMBL53366,Cc1nccn1CCC(C(N)=O)(c1ccccc1)c1ccccc1,46.0,6,Clearance_Hepatocyte_AZ,275,,VALID,60.910000000000004,0
CHEMBL416,COc1c2occc2cc2ccc(=O)oc12,52.0,COc1c2occc2cc2ccc(=O)oc12,2.5478000000000005,0,0.08333333333333333,1,4,0,"{""number"": ""52.0"", ""relation"": ""="", ""status"": ""VALID""}",216.19199999999995,data/raw/tdc/clearance_hepatocyte_az.tab,CHEMBL416,COc1c2occc2cc2ccc(=O)oc12,52.0,1,Clearance_Hepatocyte_AZ,276,,VALID,52.58,0
CHEMBL1934266,CCC(CC)NC(=O)c1c(C)nn(C(C)C)c1NS(=O)(=O)c1ccc(C)cc1,59.87,CCC(CC)NC(=O)c1c(C)nn(C(C)C)c1NS(=O)(=O)c1ccc(C)cc1,3.8000400000000027,0,0.5,1,5,2,"{""number"": ""59.87"", ""relation"": ""="", ""status"": ""VALID""}",406.55200000000013,data/raw/tdc/clearance_hepatocyte_az.tab,CHEMBL1934266,CCC(CC)NC(=O)c1c(C)nn(C(C)C)c1NS(=O)(=O)c1ccc(C)cc1,59.87,8,Clearance_Hepatocyte_AZ,277,,VALID,93.09,0
CHEMBL272705,C[C@H](CO)Nc1nc(SCc2ccco2)nc2[nH]c(=O)sc12,61.0,C[C@H](CO)Nc1nc(SCc2ccco2)nc2[nH]c(=O)sc12,2.0576,0,0.3076923076923077,1,8,3,"{""number"": ""61.0"", ""relation"": ""="", ""status"": ""VALID""}",338.41400000000004,data/raw/tdc/clearance_hepatocyte_az.tab,CHEMBL272705,C[C@H](CO)Nc1nc(SCc2ccco2)nc2[nH]c(=O)sc12,61.0,6,Clearance_Hepatocyte_AZ,278,,VALID,104.03999999999999,0
CHEMBL70972,CC1=C(C)C(=O)C(C(CCCCCC(=O)O)c2ccccc2)=C(C)C1=O,85.0,CC1=C(C)C(=O)C(C(CCCCCC(=O)O)c2ccccc2)=C(C)C1=O,4.610000000000003,0,0.4090909090909091,1,3,1,"{""number"": ""85.0"", ""relation"": ""="", ""status"": ""VALID""}",354.446,data/raw/tdc/clearance_hepatocyte_az.tab,CHEMBL70972,CC1=C(C)C(=O)C(C(CCCCCC(=O)O)c2ccccc2)=C(C)C1=O,85.0,8,Clearance_Hepatocyte_AZ,279,,VALID,71.44,1
CHEMBL1689137,C[C@H]1CN(Cc2cc(Cl)ccc2CC(=O)O)CCN1S(=O)(=O)Cc1ccccc1,9.0,C[C@H]1CN(Cc2cc(Cl)ccc2CC(=O)O)CCN1S(=O)(=O)Cc1ccccc1,3.0032000000000023,0,0.38095238095238093,1,4,1,"{""number"": ""9.0"", ""relation"": ""="", ""status"": ""VALID""}",436.9610000000001,data/raw/tdc/clearance_hepatocyte_az.tab,CHEMBL1689137,C[C@H]1CN(Cc2cc(Cl)ccc2CC(=O)O)CCN1S(=O)(=O)Cc1ccccc1,9.0,7,Clearance_Hepatocyte_AZ,280,,VALID,77.92000000000002,0
CHEMBL223402,O=C(Nc1ccccc1F)N[C@H]1N=C(c2ccccc2)c2ccccc2NC1=O,9.12,O=C(Nc1ccccc1F)N[C@H]1N=C(c2ccccc2)c2ccccc2NC1=O,3.7630000000000017,0,0.045454545454545456,1,3,3,"{""number"": ""9.12"", ""relation"": ""="", ""status"": ""VALID""}",388.4020000000001,data/raw/tdc/clearance_hepatocyte_az.tab,CHEMBL223402,O=C(Nc1ccccc1F)N[C@H]1N=C(c2ccccc2)c2ccccc2NC1=O,9.12,3,Clearance_Hepatocyte_AZ,281,,VALID,82.59,0
CHEMBL2086478,C=CC(=O)Nc1ccc(C)cc1,87.1,C=CC(=O)Nc1ccc(C)cc1,2.1195199999999996,0,0.1,1,1,1,"{""number"": ""87.1"", ""relation"": ""="", ""status"": ""VALID""}",161.20399999999998,data/raw/tdc/clearance_hepatocyte_az.tab,CHEMBL2086478,C=CC(=O)Nc1ccc(C)cc1,87.1,2,Clearance_Hepatocyte_AZ,282,,VALID,29.1,0
CHEMBL2086477,C=CC(=O)Nc1ccccc1,32.36,C=CC(=O)Nc1ccccc1,1.8111,0,0.0,1,1,1,"{""number"": ""32.36"", ""relation"": ""="", ""status"": ""VALID""}",147.177,data/raw/tdc/clearance_hepatocyte_az.tab,CHEMBL2086477,C=CC(=O)Nc1ccccc1,32.36,2,Clearance_Hepatocyte_AZ,283,,VALID,29.1,0
CHEMBL1201335,C[N+]1(C)CCC(OC(=O)C(O)(c2ccccc2)C2CCCC2)C1,91.0,C[N+]1(C)CCC(OC(=O)C(O)(c2ccccc2)C2CCCC2)C1,2.4562999999999997,0,0.631578947368421,1,3,1,"{""number"": ""91.0"", ""relation"": ""="", ""status"": ""VALID""}",318.43700000000024,data/raw/tdc/clearance_hepatocyte_az.tab,CHEMBL1201335,C[N+]1(C)CCC(OC(=O)C(O)(c2ccccc2)C2CCCC2)C1,91.0,4,Clearance_Hepatocyte_AZ,284,,VALID,46.53,2
CHEMBL1800659,CCCCN(CCNCCc1ccc(O)c2[nH]c(=O)sc12)C(=O)CCOCCc1ccccc1,150.0,CCCCN(CCNCCc1ccc(O)c2[nH]c(=O)sc12)C(=O)CCOCCc1ccccc1,3.705400000000002,0,0.46153846153846156,1,6,3,"{""number"": ""150.0"", ""relation"": ""="", ""status"": ""VALID""}",485.6500000000003,data/raw/tdc/clearance_hepatocyte_az.tab,CHEMBL1800659,CCCCN(CCNCCc1ccc(O)c2[nH]c(=O)sc12)C(=O)CCOCCc1ccccc1,150.0,15,Clearance_Hepatocyte_AZ,285,,VALID,94.66000000000001,0
CHEMBL2017291,COc1cc2c(cc1-c1c(C)noc1C)ncc1[nH]c(=O)n([C@H](C)c3ccccn3)c12,3.24,COc1cc2c(cc1-c1c(C)noc1C)ncc1[nH]c(=O)n([C@H](C)c3ccccn3)c12,4.162540000000002,0,0.21739130434782608,1,7,1,"{""number"": ""3.24"", ""relation"": ""="", ""status"": ""VALID""}",415.45300000000015,data/raw/tdc/clearance_hepatocyte_az.tab,CHEMBL2017291,COc1cc2c(cc1-c1c(C)noc1C)ncc1[nH]c(=O)n([C@H](C)c3ccccn3)c12,3.24,4,Clearance_Hepatocyte_AZ,286,,VALID,98.83,0
CHEMBL244131,Cc1ccc(-c2cc(C(F)(F)F)nn2-c2ccc(CC(=O)O)cc2)cc1,4.79,Cc1ccc(-c2cc(C(F)(F)F)nn2-c2ccc(CC(=O)O)cc2)cc1,4.4936200000000035,0,0.15789473684210525,1,3,1,"{""number"": ""4.79"", ""relation"": ""="", ""status"": ""VALID""}",360.3350000000001,data/raw/tdc/clearance_hepatocyte_az.tab,CHEMBL244131,Cc1ccc(-c2cc(C(F)(F)F)nn2-c2ccc(CC(=O)O)cc2)cc1,4.79,4,Clearance_Hepatocyte_AZ,287,,VALID,55.120000000000005,0
CHEMBL1916289,Cc1nn(-c2ccc(F)cc2)c(NS(=O)(=O)c2ccc(C(F)(F)F)cc2)c1C(=O)N[C@@H](C)C(C)(C)C,5.01,Cc1nn(-c2ccc(F)cc2)c(NS(=O)(=O)c2ccc(C(F)(F)F)cc2)c1C(=O)N[C@@H](C)C(C)(C)C,5.303820000000005,0,0.3333333333333333,1,5,2,"{""number"": ""5.01"", ""relation"": ""="", ""status"": ""VALID""}",526.5560000000002,data/raw/tdc/clearance_hepatocyte_az.tab,CHEMBL1916289,Cc1nn(-c2ccc(F)cc2)c(NS(=O)(=O)c2ccc(C(F)(F)F)cc2)c1C(=O)N[C@@H](C)C(C)(C)C,5.01,6,Clearance_Hepatocyte_AZ,288,,VALID,93.09,0
CHEMBL1431736,CC(NC(=O)c1cc(O)nc2ccccc12)c1ccccc1,5.25,CC(NC(=O)c1cc(O)nc2ccccc12)c1ccccc1,3.431400000000002,0,0.1111111111111111,1,3,2,"{""number"": ""5.25"", ""relation"": ""="", ""status"": ""VALID""}",292.33799999999997,data/raw/tdc/clearance_hepatocyte_az.tab,CHEMBL1431736,CC(NC(=O)c1cc(O)nc2ccccc12)c1ccccc1,5.25,3,Clearance_Hepatocyte_AZ,289,,VALID,62.22,1
CHEMBL1916260,CCC(CC)NC(=O)c1cnn(-c2ccccc2)c1NS(=O)(=O)C1CCCC1,5.29,CCC(CC)NC(=O)c1cnn(-c2ccccc2)c1NS(=O)(=O)C1CCCC1,3.4750000000000014,0,0.5,1,5,2,"{""number"": ""5.29"", ""relation"": ""="", ""status"": ""VALID""}",404.5360000000003,data/raw/tdc/clearance_hepatocyte_az.tab,CHEMBL1916260,CCC(CC)NC(=O)c1cnn(-c2ccccc2)c1NS(=O)(=O)C1CCCC1,5.29,8,Clearance_Hepatocyte_AZ,290,,VALID,93.09,0
CHEMBL232846,C[C@H](CO)Nc1nc(SCc2ccccc2F)nc2nc(N)sc12,5.75,C[C@H](CO)Nc1nc(SCc2ccccc2F)nc2nc(N)sc12,2.8926,0,0.26666666666666666,1,8,3,"{""number"": ""5.75"", ""relation"": ""="", ""status"": ""VALID""}",365.45900000000006,data/raw/tdc/clearance_hepatocyte_az.tab,CHEMBL232846,C[C@H](CO)Nc1nc(SCc2ccccc2F)nc2nc(N)sc12,5.75,6,Clearance_Hepatocyte_AZ,291,,VALID,96.95,0
CHEMBL500,CC(C)NCC(O)COc1cccc2[nH]ccc12,150.0,CC(C)NCC(O)COc1cccc2[nH]ccc12,1.9055999999999995,0,0.42857142857142855,1,3,3,"{""number"": ""150.0"", ""relation"": ""="", ""status"": ""VALID""}",248.32600000000002,data/raw/tdc/clearance_hepatocyte_az.tab,CHEMBL500,CC(C)NCC(O)COc1cccc2[nH]ccc12,150.0,6,Clearance_Hepatocyte_AZ,292,,VALID,57.279999999999994,1
CHEMBL1300857,Cc1[nH]c2ccc(-c3nnc(SCC(=O)N4CCCc5ccccc54)o3)cc2c1C,150.0,Cc1[nH]c2ccc(-c3nnc(SCC(=O)N4CCCc5ccccc54)o3)cc2c1C,4.906240000000004,0,0.2608695652173913,1,5,1,"{""number"": ""150.0"", ""relation"": ""="", ""status"": ""VALID""}",418.5220000000002,data/raw/tdc/clearance_hepatocyte_az.tab,CHEMBL1300857,Cc1[nH]c2ccc(-c3nnc(SCC(=O)N4CCCc5ccccc54)o3)cc2c1C,150.0,4,Clearance_Hepatocyte_AZ,293,,VALID,75.02000000000001,0
CHEMBL2035033,NC1(c2ccc(-c3c(-c4ccccc4)ccn4ccnc34)cc2)CCC1,150.0,NC1(c2ccc(-c3c(-c4ccccc4)ccn4ccnc34)cc2)CCC1,5.006200000000002,0,0.17391304347826086,1,3,1,"{""number"": ""150.0"", ""relation"": ""="", ""status"": ""VALID""}",339.4420000000002,data/raw/tdc/clearance_hepatocyte_az.tab,CHEMBL2035033,NC1(c2ccc(-c3c(-c4ccccc4)ccn4ccnc34)cc2)CCC1,150.0,3,Clearance_Hepatocyte_AZ,294,,VALID,43.32,0
CHEMBL1405150,CCC(=O)NC(c1cccs1)c1cc(Cl)c2cccnc2c1O,150.0,CCC(=O)NC(c1cccs1)c1cc(Cl)c2cccnc2c1O,4.270900000000004,0,0.17647058823529413,1,4,2,"{""number"": ""150.0"", ""relation"": ""="", ""status"": ""VALID""}",346.83900000000006,data/raw/tdc/clearance_hepatocyte_az.tab,CHEMBL1405150,CCC(=O)NC(c1cccs1)c1cc(Cl)c2cccnc2c1O,150.0,4,Clearance_Hepatocyte_AZ,295,,VALID,62.22,1
CHEMBL2179284,Cc1cn([C@H]2CCCN([C@H](CC3CCCCC3)c3ccc(C(=O)O)c(Oc4cccc(Cl)c4)c3)C2)c(=O)[nH]c1=O,42.66,Cc1cn([C@H]2CCCN([C@H](CC3CCCCC3)c3ccc(C(=O)O)c(Oc4cccc(Cl)c4)c3)C2)c(=O)[nH]c1=O,6.337520000000007,0,0.45161290322580644,1,6,2,"{""number"": ""42.66"", ""relation"": ""="", ""status"": ""VALID""}",566.0980000000002,data/raw/tdc/clearance_hepatocyte_az.tab,CHEMBL2179284,Cc1cn([C@H]2CCCN([C@H](CC3CCCCC3)c3ccc(C(=O)O)c(Oc4cccc(Cl)c4)c3)C2)c(=O)[nH]c1=O,42.66,8,Clearance_Hepatocyte_AZ,296,,VALID,104.63,0
CHEMBL1188966,CN(C)c1nc(NC[C@H]2CC[C@H](CNS(=O)(=O)c3ccc(Br)cc3OC(F)(F)F)CC2)nc2ccccc12,50.12,CN(C)c1nc(NC[C@H]2CC[C@H](CNS(=O)(=O)c3ccc(Br)cc3OC(F)(F)F)CC2)nc2ccccc12,5.5537000000000045,0,0.44,1,7,2,"{""number"": ""50.12"", ""relation"": ""="", ""status"": ""VALID""}",616.5039999999999,data/raw/tdc/clearance_hepatocyte_az.tab,CHEMBL1188966,CN(C)c1nc(NC[C@H]2CC[C@H](CNS(=O)(=O)c3ccc(Br)cc3OC(F)(F)F)CC2)nc2ccccc12,50.12,9,Clearance_Hepatocyte_AZ,297,,VALID,96.45000000000002,0
CHEMBL1743245,Cc1ccccc1/N=N/c1ccc(NC(=O)c2ccnn2C)c(C)c1,51.0,Cc1ccccc1/N=N/c1ccc(NC(=O)c2ccnn2C)c(C)c1,4.704640000000004,0,0.15789473684210525,1,5,1,"{""number"": ""51.0"", ""relation"": ""="", ""status"": ""VALID""}",333.3950000000001,data/raw/tdc/clearance_hepatocyte_az.tab,CHEMBL1743245,Cc1ccccc1/N=N/c1ccc(NC(=O)c2ccnn2C)c(C)c1,51.0,4,Clearance_Hepatocyte_AZ,298,,VALID,71.64000000000001,0
CHEMBL2098096,Cc1cc(OCC(=O)NCc2ccccc2)c2cc(Br)ccc2n1,51.29,Cc1cc(OCC(=O)NCc2ccccc2)c2cc(Br)ccc2n1,4.0009200000000025,0,0.15789473684210525,1,3,1,"{""number"": ""51.29"", ""relation"": ""="", ""status"": ""VALID""}",385.2610000000001,data/raw/tdc/clearance_hepatocyte_az.tab,CHEMBL2098096,Cc1cc(OCC(=O)NCc2ccccc2)c2cc(Br)ccc2n1,51.29,5,Clearance_Hepatocyte_AZ,299,,VALID,51.22,0
CHEMBL1229592,C=CC(=O)Nc1cccc(Oc2nc(Nc3ccc(N4CCN(C)CC4)cc3OC)ncc2Cl)c1,79.43,C=CC(=O)Nc1cccc(Oc2nc(Nc3ccc(N4CCN(C)CC4)cc3OC)ncc2Cl)c1,4.550800000000003,0,0.24,1,8,2,"{""number"": ""79.43"", ""relation"": ""="", ""status"": ""VALID""}",494.9830000000003,data/raw/tdc/clearance_hepatocyte_az.tab,CHEMBL1229592,C=CC(=O)Nc1cccc(Oc2nc(Nc3ccc(N4CCN(C)CC4)cc3OC)ncc2Cl)c1,79.43,8,Clearance_Hepatocyte_AZ,300,,VALID,91.85,0
CHEMBL2331751,Cc1cn([C@H]2CCCN(S(=O)(=O)c3ccc(O)c(Oc4cccc(Br)c4)c3)C2)c(=O)[nH]c1=O,38.02,Cc1cn([C@H]2CCCN(S(=O)(=O)c3ccc(O)c(Oc4cccc(Br)c4)c3)C2)c(=O)[nH]c1=O,3.131220000000001,0,0.2727272727272727,1,7,2,"{""number"": ""38.02"", ""relation"": ""="", ""status"": ""VALID""}",536.4040000000002,data/raw/tdc/clearance_hepatocyte_az.tab,CHEMBL2331751,Cc1cn([C@H]2CCCN(S(=O)(=O)c3ccc(O)c(Oc4cccc(Br)c4)c3)C2)c(=O)[nH]c1=O,38.02,5,Clearance_Hepatocyte_AZ,301,,VALID,121.69999999999999,0
CHEMBL141157,C#CC[C@@H](C(=O)N[C@H](/C=C/C(=O)OCC)C[C@@H]1CCNC1=O)n1cccc(NC(=O)c2cc(C)on2)c1=O,38.02,C#CC[C@@H](C(=O)N[C@H](/C=C/C(=O)OCC)C[C@@H]1CCNC1=O)n1cccc(NC(=O)c2cc(C)on2)c1=O,1.091720000000001,0,0.38461538461538464,1,9,3,"{""number"": ""38.02"", ""relation"": ""="", ""status"": ""VALID""}",523.5460000000002,data/raw/tdc/clearance_hepatocyte_az.tab,CHEMBL141157,C#CC[C@@H](C(=O)N[C@H](/C=C/C(=O)OCC)C[C@@H]1CCNC1=O)n1cccc(NC(=O)c2cc(C)on2)c1=O,38.02,11,Clearance_Hepatocyte_AZ,302,,VALID,161.63,0
CHEMBL1080786,N#C[C@]1(NC(=O)[C@@H](N)Cc2cccs2)C[C@H]1c1ccccc1,136.0,N#C[C@]1(NC(=O)[C@@H](N)Cc2cccs2)C[C@H]1c1ccccc1,2.18398,0,0.29411764705882354,1,4,2,"{""number"": ""136.0"", ""relation"": ""="", ""status"": ""VALID""}",311.41,data/raw/tdc/clearance_hepatocyte_az.tab,CHEMBL1080786,N#C[C@]1(NC(=O)[C@@H](N)Cc2cccs2)C[C@H]1c1ccccc1,136.0,5,Clearance_Hepatocyte_AZ,303,,VALID,78.91,0
CHEMBL2011934,COc1ccc(-c2nc3c(NCCCN(C)C(=O)C4CCC4)c(Br)cnc3[nH]2)cc1,138.04,COc1ccc(-c2nc3c(NCCCN(C)C(=O)C4CCC4)c(Br)cnc3[nH]2)cc1,4.456500000000004,0,0.4090909090909091,1,5,2,"{""number"": ""138.04"", ""relation"": ""="", ""status"": ""VALID""}",472.3870000000001,data/raw/tdc/clearance_hepatocyte_az.tab,CHEMBL2011934,COc1ccc(-c2nc3c(NCCCN(C)C(=O)C4CCC4)c(Br)cnc3[nH]2)cc1,138.04,8,Clearance_Hepatocyte_AZ,304,,VALID,83.13999999999999,0
CHEMBL1945883,O=C(Nc1ccccc1)c1ccc2cccc(O)c2n1,139.0,O=C(Nc1ccccc1)c1ccc2cccc(O)c2n1,3.1927000000000016,0,0.0,1,3,2,"{""number"": ""139.0"", ""relation"": ""="", ""status"": ""VALID""}",264.284,data/raw/tdc/clearance_hepatocyte_az.tab,CHEMBL1945883,O=C(Nc1ccccc1)c1ccc2cccc(O)c2n1,139.0,2,Clearance_Hepatocyte_AZ,305,,VALID,62.22,0
CHEMBL1789274,CNCC[C@@H](Oc1cc(OC)ccc1C#N)c1ccccc1,142.0,CNCC[C@@H](Oc1cc(OC)ccc1C#N)c1ccccc1,3.2964800000000016,0,0.2777777777777778,1,4,1,"{""number"": ""142.0"", ""relation"": ""="", ""status"": ""VALID""}",296.37,data/raw/tdc/clearance_hepatocyte_az.tab,CHEMBL1789274,CNCC[C@@H](Oc1cc(OC)ccc1C#N)c1ccccc1,142.0,7,Clearance_Hepatocyte_AZ,306,,VALID,54.28,0
CHEMBL505,CN(C)CCC(c1ccc(Cl)cc1)c1ccccn1,23.0,CN(C)CCC(c1ccc(Cl)cc1)c1ccccn1,3.8186000000000027,0,0.3125,1,2,0,"{""number"": ""23.0"", ""relation"": ""="", ""status"": ""VALID""}",274.795,data/raw/tdc/clearance_hepatocyte_az.tab,CHEMBL505,CN(C)CCC(c1ccc(Cl)cc1)c1ccccn1,23.0,5,Clearance_Hepatocyte_AZ,307,,VALID,16.130000000000003,1
CHEMBL1090941,CCCCCCCC(=O)N[C@@H](CCN)C(=O)N[C@H](C(=O)N[C@@H](C)C(=O)N[C@H]1CCNC(=O)[C@H]([C@@H](C)O)NC(=O)[C@H](CCN)NC(=O)[C@H](CCN)NC(=O)[C@H](CC(C)C)NC(=O)[C@@H](Cc2ccccc2)NC(=O)[C@H](CCN)NC1=O)[C@@H](C)O,3.0,CCCCCCCC(=O)N[C@@H](CCN)C(=O)N[C@H](C(=O)N[C@@H](C)C(=O)N[C@H]1CCNC(=O)[C@H]([C@@H](C)O)NC(=O)[C@H](CCN)NC(=O)[C@H](CCN)NC(=O)[C@H](CC(C)C)NC(=O)[C@@H](Cc2ccccc2)NC(=O)[C@H](CCN)NC1=O)[C@@H](C)O,-4.819700000000015,0,0.6851851851851852,1,17,17,"{""number"": ""3.0"", ""relation"": ""="", ""status"": ""VALID""}",1160.4299999999998,data/raw/tdc/clearance_hepatocyte_az.tab,CHEMBL1090941,CCCCCCCC(=O)N[C@@H](CCN)C(=O)N[C@H](C(=O)N[C@@H](C)C(=O)N[C@H]1CCNC(=O)[C@H]([C@@H](C)O)NC(=O)[C@H](CCN)NC(=O)[C@H](CCN)NC(=O)[C@H](CC(C)C)NC(=O)[C@@H](Cc2ccccc2)NC(=O)[C@H](CCN)NC1=O)[C@@H](C)O,3.0,27,Clearance_Hepatocyte_AZ,308,,VALID,464.6399999999998,0
CHEMBL1091291,CCCCCCCC(=O)N[C@@H](CCN)C(=O)N[C@H](C(=O)N[C@@H](CCN)C(=O)N[C@H]1CCNC(=O)[C@H](C)NC(=O)[C@H](CCN)NC(=O)[C@H](CCN)NC(=O)[C@H](CC(C)C)NC(=O)[C@@H](Cc2ccccc2)NC(=O)[C@H](CCN)NC1=O)[C@@H](C)O,3.0,CCCCCCCC(=O)N[C@@H](CCN)C(=O)N[C@H](C(=O)N[C@@H](CCN)C(=O)N[C@H]1CCNC(=O)[C@H](C)NC(=O)[C@H](CCN)NC(=O)[C@H](CCN)NC(=O)[C@H](CC(C)C)NC(=O)[C@@H](Cc2ccccc2)NC(=O)[C@H](CCN)NC1=O)[C@@H](C)O,-4.851700000000003,0,0.6851851851851852,1,17,17,"{""number"": ""3.0"", ""relation"": ""="", ""status"": ""VALID""}",1159.446,data/raw/tdc/clearance_hepatocyte_az.tab,CHEMBL1091291,CCCCCCCC(=O)N[C@@H](CCN)C(=O)N[C@H](C(=O)N[C@@H](CCN)C(=O)N[C@H]1CCNC(=O)[C@H](C)NC(=O)[C@H](CCN)NC(=O)[C@H](CCN)NC(=O)[C@H](CC(C)C)NC(=O)[C@@H](Cc2ccccc2)NC(=O)[C@H](CCN)NC1=O)[C@@H](C)O,3.0,28,Clearance_Hepatocyte_AZ,309,,VALID,470.42999999999984,0
CHEMBL1689119,C[C@H]1CN(Cc2cc(Cl)ccc2OCC(=O)O)CCN1S(=O)(=O)c1ccccc1,3.0,C[C@H]1CN(Cc2cc(Cl)ccc2OCC(=O)O)CCN1S(=O)(=O)c1ccccc1,2.6984000000000012,0,0.35,1,5,1,"{""number"": ""3.0"", ""relation"": ""="", ""status"": ""VALID""}",438.93300000000016,data/raw/tdc/clearance_hepatocyte_az.tab,CHEMBL1689119,C[C@H]1CN(Cc2cc(Cl)ccc2OCC(=O)O)CCN1S(=O)(=O)c1ccccc1,3.0,7,Clearance_Hepatocyte_AZ,310,,VALID,87.15,0
CHEMBL443,Cc1cc(NS(=O)(=O)c2ccc(N)cc2)no1,3.0,Cc1cc(NS(=O)(=O)c2ccc(N)cc2)no1,1.3660199999999998,0,0.1,1,5,2,"{""number"": ""3.0"", ""relation"": ""="", ""status"": ""VALID""}",253.28300000000002,data/raw/tdc/clearance_hepatocyte_az.tab,CHEMBL443,Cc1cc(NS(=O)(=O)c2ccc(N)cc2)no1,3.0,3,Clearance_Hepatocyte_AZ,311,,VALID,98.22,0
CHEMBL1016,CCOc1nc2cccc(C(=O)O)c2n1Cc1ccc(-c2ccccc2-c2nnn[nH]2)cc1,3.0,CCOc1nc2cccc(C(=O)O)c2n1Cc1ccc(-c2ccccc2-c2nnn[nH]2)cc1,4.028600000000002,0,0.125,1,7,2,"{""number"": ""3.0"", ""relation"": ""="", ""status"": ""VALID""}",440.4630000000001,data/raw/tdc/clearance_hepatocyte_az.tab,CHEMBL1016,CCOc1nc2cccc(C(=O)O)c2n1Cc1ccc(-c2ccccc2-c2nnn[nH]2)cc1,3.0,7,Clearance_Hepatocyte_AZ,312,,VALID,118.81,0
CHEMBL1807827,O=c1[nH]c2c(O)ccc([C@@H](O)CNCCSCCCNCCc3cccc(Cl)c3)c2s1,3.0,O=c1[nH]c2c(O)ccc([C@@H](O)CNCCSCCCNCCc3cccc(Cl)c3)c2s1,3.5272000000000014,0,0.4090909090909091,1,7,5,"{""number"": ""3.0"", ""relation"": ""="", ""status"": ""VALID""}",482.0710000000002,data/raw/tdc/clearance_hepatocyte_az.tab,CHEMBL1807827,O=c1[nH]c2c(O)ccc([C@@H](O)CNCCSCCCNCCc3cccc(Cl)c3)c2s1,3.0,13,Clearance_Hepatocyte_AZ,313,,VALID,97.38000000000001,0
CHEMBL1945033,O=c1[nH]c2c(O)ccc([C@@H](O)CNCCc3cccc(CNCCc4ccccn4)c3)c2s1,3.0,O=c1[nH]c2c(O)ccc([C@@H](O)CNCCc3cccc(CNCCc4ccccn4)c3)c2s1,2.888200000000001,0,0.28,1,7,5,"{""number"": ""3.0"", ""relation"": ""="", ""status"": ""VALID""}",464.5910000000002,data/raw/tdc/clearance_hepatocyte_az.tab,CHEMBL1945033,O=c1[nH]c2c(O)ccc([C@@H](O)CNCCc3cccc(CNCCc4ccccn4)c3)c2s1,3.0,11,Clearance_Hepatocyte_AZ,314,,VALID,110.27000000000001,0
CHEMBL1256967,CC1(C)[C@H](NC(=O)/C(=N\OCc2cc(=O)c(O)cn2O)c2csc(N)n2)C(=O)N1OS(=O)(=O)O,3.0,CC1(C)[C@H](NC(=O)/C(=N\OCc2cc(=O)c(O)cn2O)c2csc(N)n2)C(=O)N1OS(=O)(=O)O,-1.4091999999999985,0,0.3125,1,14,5,"{""number"": ""3.0"", ""relation"": ""="", ""status"": ""VALID""}",518.4860000000002,data/raw/tdc/clearance_hepatocyte_az.tab,CHEMBL1256967,CC1(C)[C@H](NC(=O)/C(=N\OCc2cc(=O)c(O)cn2O)c2csc(N)n2)C(=O)N1OS(=O)(=O)O,3.0,8,Clearance_Hepatocyte_AZ,315,,VALID,235.96999999999997,0
CHEMBL2216859,CC(C)N1CCN(Cc2cnc(-c3cc(-c4cccc5[nH]ccc45)cc4[nH]ncc34)o2)CC1,3.0,CC(C)N1CCN(Cc2cnc(-c3cc(-c4cccc5[nH]ccc45)cc4[nH]ncc34)o2)CC1,4.892200000000003,0,0.3076923076923077,1,5,2,"{""number"": ""3.0"", ""relation"": ""="", ""status"": ""VALID""}",440.5510000000002,data/raw/tdc/clearance_hepatocyte_az.tab,CHEMBL2216859,CC(C)N1CCN(Cc2cnc(-c3cc(-c4cccc5[nH]ccc45)cc4[nH]ncc34)o2)CC1,3.0,5,Clearance_Hepatocyte_AZ,316,,VALID,76.97999999999999,0
CHEMBL2035025,NC1(c2ccc(-c3ncc4nccn4c3-c3ccccc3)cc2)CCC1,3.0,NC1(c2ccc(-c3ncc4nccn4c3-c3ccccc3)cc2)CCC1,4.401200000000003,0,0.18181818181818182,1,4,1,"{""number"": ""3.0"", ""relation"": ""="", ""status"": ""VALID""}",340.4300000000002,data/raw/tdc/clearance_hepatocyte_az.tab,CHEMBL2035025,NC1(c2ccc(-c3ncc4nccn4c3-c3ccccc3)cc2)CCC1,3.0,3,Clearance_Hepatocyte_AZ,317,,VALID,56.209999999999994,0
CHEMBL359864,Oc1nc2ccccc2n1C1CCN(Cc2ccc(-c3nc4ccccc4cc3-c3ccccc3)cc2)CC1,3.0,Oc1nc2ccccc2n1C1CCN(Cc2ccc(-c3nc4ccccc4cc3-c3ccccc3)cc2)CC1,7.461200000000007,0,0.17647058823529413,1,5,1,"{""number"": ""3.0"", ""relation"": ""="", ""status"": ""VALID""}",510.6410000000002,data/raw/tdc/clearance_hepatocyte_az.tab,CHEMBL359864,Oc1nc2ccccc2n1C1CCN(Cc2ccc(-c3nc4ccccc4cc3-c3ccccc3)cc2)CC1,3.0,5,Clearance_Hepatocyte_AZ,318,,VALID,54.18000000000001,0
CHEMBL8,O=C(O)c1cn(C2CC2)c2cc(N3CCNCC3)c(F)cc2c1=O,4.17,O=C(O)c1cn(C2CC2)c2cc(N3CCNCC3)c(F)cc2c1=O,1.5833,0,0.4117647058823529,1,5,2,"{""number"": ""4.17"", ""relation"": ""="", ""status"": ""VALID""}",331.34700000000004,data/raw/tdc/clearance_hepatocyte_az.tab,CHEMBL8,O=C(O)c1cn(C2CC2)c2cc(N3CCNCC3)c(F)cc2c1=O,4.17,3,Clearance_Hepatocyte_AZ,319,,VALID,74.57,0
CHEMBL1073,Cc1cnc(C(=O)NCCc2ccc(S(=O)(=O)NC(=O)NC3CCCCC3)cc2)cn1,4.27,Cc1cnc(C(=O)NCCc2ccc(S(=O)(=O)NC(=O)NC3CCCCC3)cc2)cn1,2.0781199999999993,0,0.42857142857142855,1,6,3,"{""number"": ""4.27"", ""relation"": ""="", ""status"": ""VALID""}",445.54500000000024,data/raw/tdc/clearance_hepatocyte_az.tab,CHEMBL1073,Cc1cnc(C(=O)NCCc2ccc(S(=O)(=O)NC(=O)NC3CCCCC3)cc2)cn1,4.27,7,Clearance_Hepatocyte_AZ,320,,VALID,130.14999999999998,0
CHEMBL266195,C=CCc1ccccc1OCC(O)CNC(C)C,150.0,C=CCc1ccccc1OCC(O)CNC(C)C,2.1528,0,0.4666666666666667,1,3,2,"{""number"": ""150.0"", ""relation"": ""="", ""status"": ""VALID""}",249.35399999999996,data/raw/tdc/clearance_hepatocyte_az.tab,CHEMBL266195,C=CCc1ccccc1OCC(O)CNC(C)C,150.0,8,Clearance_Hepatocyte_AZ,321,,VALID,41.49,1
CHEMBL2107486,C[C@@H](O)[C@H]1C(=O)N2C(C(=O)OCOC(=O)C(C)(C)C)=C(SC3CN(C4=NCCS4)C3)[C@H](C)[C@H]12,150.0,C[C@@H](O)[C@H]1C(=O)N2C(C(=O)OCOC(=O)C(C)(C)C)=C(SC3CN(C4=NCCS4)C3)[C@H](C)[C@H]12,1.6656999999999995,0,0.7272727272727273,1,10,1,"{""number"": ""150.0"", ""relation"": ""="", ""status"": ""VALID""}",497.63900000000024,data/raw/tdc/clearance_hepatocyte_az.tab,CHEMBL2107486,C[C@@H](O)[C@H]1C(=O)N2C(C(=O)OCOC(=O)C(C)(C)C)=C(SC3CN(C4=NCCS4)C3)[C@H](C)[C@H]12,150.0,6,Clearance_Hepatocyte_AZ,322,,VALID,108.74000000000001,0
CHEMBL2035021,NC1(c2ccc(-c3nc4ccccn4c3-c3ccccc3)cc2)CCC1,150.0,NC1(c2ccc(-c3nc4ccccn4c3-c3ccccc3)cc2)CCC1,5.006200000000003,0,0.17391304347826086,1,3,1,"{""number"": ""150.0"", ""relation"": ""="", ""status"": ""VALID""}",339.4420000000002,data/raw/tdc/clearance_hepatocyte_az.tab,CHEMBL2035021,NC1(c2ccc(-c3nc4ccccn4c3-c3ccccc3)cc2)CCC1,150.0,3,Clearance_Hepatocyte_AZ,323,,VALID,43.31999999999999,0
CHEMBL1921942,C[C@@](C(=O)O[C@H]1C[N+]2(CC(=O)Nc3ccccc3)CCC1CC2)(c1ccccc1)N1CCCCC1,64.0,C[C@@](C(=O)O[C@H]1C[N+]2(CC(=O)Nc3ccccc3)CCC1CC2)(c1ccccc1)N1CCCCC1,4.178600000000003,0,0.5172413793103449,1,4,1,"{""number"": ""64.0"", ""relation"": ""="", ""status"": ""VALID""}",476.6410000000005,data/raw/tdc/clearance_hepatocyte_az.tab,CHEMBL1921942,C[C@@](C(=O)O[C@H]1C[N+]2(CC(=O)Nc3ccccc3)CCC1CC2)(c1ccccc1)N1CCCCC1,64.0,7,Clearance_Hepatocyte_AZ,324,,VALID,58.64000000000001,2
CHEMBL1091678,CC(=O)N[C@@H](CCN)C(=O)N[C@H](C(=O)N[C@@H](CCN)C(=O)N[C@H]1CCNC(=O)[C@H]([C@@H](C)O)NC(=O)[C@H](CCN)NC(=O)[C@H](CCN)NC(=O)[C@H](CC(C)C)NC(=O)[C@@H](Cc2ccccc2)NC(=O)[C@H](CCN)NC1=O)[C@@H](C)O,3.0,CC(=O)N[C@@H](CCN)C(=O)N[C@H](C(=O)N[C@@H](CCN)C(=O)N[C@H]1CCNC(=O)[C@H]([C@@H](C)O)NC(=O)[C@H](CCN)NC(=O)[C@H](CCN)NC(=O)[C@H](CC(C)C)NC(=O)[C@@H](Cc2ccccc2)NC(=O)[C@H](CCN)NC1=O)[C@@H](C)O,-7.8314,0,0.6530612244897959,1,18,18,"{""number"": ""3.0"", ""relation"": ""="", ""status"": ""VALID""}",1105.3099999999993,data/raw/tdc/clearance_hepatocyte_az.tab,CHEMBL1091678,CC(=O)N[C@@H](CCN)C(=O)N[C@H](C(=O)N[C@@H](CCN)C(=O)N[C@H]1CCNC(=O)[C@H]([C@@H](C)O)NC(=O)[C@H](CCN)NC(=O)[C@H](CCN)NC(=O)[C@H](CC(C)C)NC(=O)[C@@H](Cc2ccccc2)NC(=O)[C@H](CCN)NC1=O)[C@@H](C)O,3.0,23,Clearance_Hepatocyte_AZ,325,,VALID,490.6599999999998,0
CHEMBL2018969,COc1cccc2c1c(NS(=O)(=O)c1ccc(Cl)s1)nn2Cc1cccc(CNC(=O)C(C)(C)O)c1,40.0,COc1cccc2c1c(NS(=O)(=O)c1ccc(Cl)s1)nn2Cc1cccc(CNC(=O)C(C)(C)O)c1,3.996000000000002,0,0.25,1,8,3,"{""number"": ""40.0"", ""relation"": ""="", ""status"": ""VALID""}",549.0740000000003,data/raw/tdc/clearance_hepatocyte_az.tab,CHEMBL2018969,COc1cccc2c1c(NS(=O)(=O)c1ccc(Cl)s1)nn2Cc1cccc(CNC(=O)C(C)(C)O)c1,40.0,9,Clearance_Hepatocyte_AZ,326,,VALID,122.55,0
CHEMBL1916082,CCC(CC)NC(=O)c1cnn(-c2ccccc2)c1NS(=O)(=O)c1ccc(C)cc1,47.91,CCC(CC)NC(=O)c1cnn(-c2ccccc2)c1NS(=O)(=O)c1ccc(C)cc1,3.8999200000000025,0,0.2727272727272727,1,5,2,"{""number"": ""47.91"", ""relation"": ""="", ""status"": ""VALID""}",426.5420000000002,data/raw/tdc/clearance_hepatocyte_az.tab,CHEMBL1916082,CCC(CC)NC(=O)c1cnn(-c2ccccc2)c1NS(=O)(=O)c1ccc(C)cc1,47.91,8,Clearance_Hepatocyte_AZ,327,,VALID,93.09,0
CHEMBL2147569,C[C@]12Cc3cnn(-c4ccc(F)cc4)c3C=C1CC[C@@]2(O)CCc1ccc(F)cc1C(N)=O,52.48,C[C@]12Cc3cnn(-c4ccc(F)cc4)c3C=C1CC[C@@]2(O)CCc1ccc(F)cc1C(N)=O,4.352900000000003,0,0.3076923076923077,1,4,2,"{""number"": ""52.48"", ""relation"": ""="", ""status"": ""VALID""}",449.5010000000002,data/raw/tdc/clearance_hepatocyte_az.tab,CHEMBL2147569,C[C@]12Cc3cnn(-c4ccc(F)cc4)c3C=C1CC[C@@]2(O)CCc1ccc(F)cc1C(N)=O,52.48,5,Clearance_Hepatocyte_AZ,328,,VALID,81.13999999999999,0
CHEMBL1089518,CCCCOc1nc(N)c2[nH]c(=O)n(Cc3cccc(CC(=O)O)c3)c2n1,3.0,CCCCOc1nc(N)c2[nH]c(=O)n(Cc3cccc(CC(=O)O)c3)c2n1,1.5560999999999994,0,0.3333333333333333,1,7,3,"{""number"": ""3.0"", ""relation"": ""="", ""status"": ""VALID""}",371.39700000000016,data/raw/tdc/clearance_hepatocyte_az.tab,CHEMBL1089518,CCCCOc1nc(N)c2[nH]c(=O)n(Cc3cccc(CC(=O)O)c3)c2n1,3.0,8,Clearance_Hepatocyte_AZ,329,,VALID,136.12,0
CHEMBL551170,O=C(NCC12CC3CC(CC(C3)C1)C2)c1cc(-n2ncc(=O)[nH]c2=O)ccc1Cl,15.3,O=C(NCC12CC3CC(CC(C3)C1)C2)c1cc(-n2ncc(=O)[nH]c2=O)ccc1Cl,2.5203999999999995,0,0.5238095238095238,1,5,2,"{""number"": ""15.3"", ""relation"": ""="", ""status"": ""VALID""}",414.89300000000003,data/raw/tdc/clearance_hepatocyte_az.tab,CHEMBL551170,O=C(NCC12CC3CC(CC(C3)C1)C2)c1cc(-n2ncc(=O)[nH]c2=O)ccc1Cl,15.3,4,Clearance_Hepatocyte_AZ,330,,VALID,96.85,4
CHEMBL551170,O=C(NCC12CC3CC(CC(C3)C1)C2)c1cc(-n2ncc(=O)[nH]c2=O)ccc1Cl,37.0,O=C(NCC12CC3CC(CC(C3)C1)C2)c1cc(-n2ncc(=O)[nH]c2=O)ccc1Cl,2.5203999999999995,0,0.5238095238095238,1,5,2,"{""number"": ""37.0"", ""relation"": ""="", ""status"": ""VALID""}",414.89300000000003,data/raw/tdc/clearance_hepatocyte_az.tab,CHEMBL551170,O=C(NCC12CC3CC(CC(C3)C1)C2)c1cc(-n2ncc(=O)[nH]c2=O)ccc1Cl,37.0,4,Clearance_Hepatocyte_AZ,331,,VALID,96.85,4
CHEMBL1689115,O=C(O)COc1ccc(Cl)cc1CN1CCCN(S(=O)(=O)Cc2ccccc2)CC1,18.0,O=C(O)COc1ccc(Cl)cc1CN1CCCN(S(=O)(=O)Cc2ccccc2)CC1,2.8411000000000017,0,0.38095238095238093,1,5,1,"{""number"": ""18.0"", ""relation"": ""="", ""status"": ""VALID""}",452.96000000000015,data/raw/tdc/clearance_hepatocyte_az.tab,CHEMBL1689115,O=C(O)COc1ccc(Cl)cc1CN1CCCN(S(=O)(=O)Cc2ccccc2)CC1,18.0,8,Clearance_Hepatocyte_AZ,332,,VALID,87.15,0
CHEMBL1096435,CS(=O)(=O)c1ccc([C@@H](CC2CCCC2)C(=O)Nc2nccs2)cc1,20.89,CS(=O)(=O)c1ccc([C@@H](CC2CCCC2)C(=O)Nc2nccs2)cc1,3.8492000000000024,0,0.4444444444444444,1,5,1,"{""number"": ""20.89"", ""relation"": ""="", ""status"": ""VALID""}",378.51899999999995,data/raw/tdc/clearance_hepatocyte_az.tab,CHEMBL1096435,CS(=O)(=O)c1ccc([C@@H](CC2CCCC2)C(=O)Nc2nccs2)cc1,20.89,6,Clearance_Hepatocyte_AZ,333,,VALID,76.13,0
CHEMBL2062583,CC(=O)Nc1ccc2c(c1)c(-c1cc(NC3CC3)n3ncc(C#N)c3n1)cn2CCCO,12.3,CC(=O)Nc1ccc2c(c1)c(-c1cc(NC3CC3)n3ncc(C#N)c3n1)cn2CCCO,3.1377800000000016,0,0.30434782608695654,1,8,3,"{""number"": ""12.3"", ""relation"": ""="", ""status"": ""VALID""}",429.4840000000002,data/raw/tdc/clearance_hepatocyte_az.tab,CHEMBL2062583,CC(=O)Nc1ccc2c(c1)c(-c1cc(NC3CC3)n3ncc(C#N)c3n1)cn2CCCO,12.3,7,Clearance_Hepatocyte_AZ,334,,VALID,120.27,0
CHEMBL1689129,C[C@H]1CN(Cc2cc(Cl)ccc2OCC(=O)O)CCN1C(=O)Cc1ccccc1Cl,13.0,C[C@H]1CN(Cc2cc(Cl)ccc2OCC(=O)O)CCN1C(=O)Cc1ccccc1Cl,3.7322000000000024,0,0.36363636363636365,1,4,1,"{""number"": ""13.0"", ""relation"": ""="", ""status"": ""VALID""}",451.35000000000025,data/raw/tdc/clearance_hepatocyte_az.tab,CHEMBL1689129,C[C@H]1CN(Cc2cc(Cl)ccc2OCC(=O)O)CCN1C(=O)Cc1ccccc1Cl,13.0,7,Clearance_Hepatocyte_AZ,335,,VALID,70.08,0
CHEMBL1669155,CC1(COc2cc(-c3cccc4c(=O)cc(N5CCOCC5)oc34)ccc2NC(=O)CN2CCOCC2)COC1,95.5,CC1(COc2cc(-c3cccc4c(=O)cc(N5CCOCC5)oc34)ccc2NC(=O)CN2CCOCC2)COC1,2.9826000000000006,0,0.4666666666666667,1,9,1,"{""number"": ""95.5"", ""relation"": ""="", ""status"": ""VALID""}",549.6240000000004,data/raw/tdc/clearance_hepatocyte_az.tab,CHEMBL1669155,CC1(COc2cc(-c3cccc4c(=O)cc(N5CCOCC5)oc34)ccc2NC(=O)CN2CCOCC2)COC1,95.5,8,Clearance_Hepatocyte_AZ,336,,VALID,102.71,0
CHEMBL2338400,CC(C)(C)NC(=O)NCCN1CCN(CC(=O)NC23CC4CC(CC(C4)C2)C3)CC1,33.88,CC(C)(C)NC(=O)NCCN1CCN(CC(=O)NC23CC4CC(CC(C4)C2)C3)CC1,1.7867000000000013,0,0.9130434782608695,1,4,3,"{""number"": ""33.88"", ""relation"": ""="", ""status"": ""VALID""}",419.6140000000003,data/raw/tdc/clearance_hepatocyte_az.tab,CHEMBL2338400,CC(C)(C)NC(=O)NCCN1CCN(CC(=O)NC23CC4CC(CC(C4)C2)C3)CC1,33.88,6,Clearance_Hepatocyte_AZ,337,,VALID,76.71000000000001,4
CHEMBL469727,COCc1ccoc1C(=O)N(c1ccc(OC)cc1OC)C(C(=O)NC[C@@H](C)O)c1ccccc1F,34.5,COCc1ccoc1C(=O)N(c1ccc(OC)cc1OC)C(C(=O)NC[C@@H](C)O)c1ccccc1F,3.4674000000000023,0,0.3076923076923077,1,7,2,"{""number"": ""34.5"", ""relation"": ""="", ""status"": ""VALID""}",500.5230000000002,data/raw/tdc/clearance_hepatocyte_az.tab,CHEMBL469727,COCc1ccoc1C(=O)N(c1ccc(OC)cc1OC)C(C(=O)NC[C@@H](C)O)c1ccccc1F,34.5,11,Clearance_Hepatocyte_AZ,338,,VALID,110.47000000000001,1
CHEMBL2070938,N#CC1(NC(=O)[C@@H]2CCCC[C@H]2C(=O)N2CCN(c3nccs3)CC2)CC1,36.31,N#CC1(NC(=O)[C@@H]2CCCC[C@H]2C(=O)N2CCN(c3nccs3)CC2)CC1,1.7704799999999996,0,0.6842105263157895,1,6,1,"{""number"": ""36.31"", ""relation"": ""="", ""status"": ""VALID""}",387.5090000000001,data/raw/tdc/clearance_hepatocyte_az.tab,CHEMBL2070938,N#CC1(NC(=O)[C@@H]2CCCC[C@H]2C(=O)N2CCN(c3nccs3)CC2)CC1,36.31,4,Clearance_Hepatocyte_AZ,339,,VALID,89.33,0
CHEMBL1072,CCCCNc1cc(C(=O)O)cc(S(N)(=O)=O)c1Oc1ccccc1,144.54,CCCCNc1cc(C(=O)O)cc(S(N)(=O)=O)c1Oc1ccccc1,3.036500000000001,0,0.23529411764705882,1,5,3,"{""number"": ""144.54"", ""relation"": ""="", ""status"": ""VALID""}",364.42300000000006,data/raw/tdc/clearance_hepatocyte_az.tab,CHEMBL1072,CCCCNc1cc(C(=O)O)cc(S(N)(=O)=O)c1Oc1ccccc1,144.54,8,Clearance_Hepatocyte_AZ,340,,VALID,118.71999999999998,0
CHEMBL2023489,COc1ccc2c(Oc3ccc(CC(=O)Nc4cn(C)nc4C)c(OC)c3)ccnc2c1,23.44,COc1ccc2c(Oc3ccc(CC(=O)Nc4cn(C)nc4C)c(OC)c3)ccnc2c1,4.267420000000002,0,0.20833333333333334,1,7,1,"{""number"": ""23.44"", ""relation"": ""="", ""status"": ""VALID""}",432.4800000000002,data/raw/tdc/clearance_hepatocyte_az.tab,CHEMBL2023489,COc1ccc2c(Oc3ccc(CC(=O)Nc4cn(C)nc4C)c(OC)c3)ccnc2c1,23.44,7,Clearance_Hepatocyte_AZ,341,,VALID,87.5,0
CHEMBL565755,CCOc1ccc2nc(N)sc2c1,74.13,CCOc1ccc2nc(N)sc2c1,2.2771999999999997,0,0.2222222222222222,1,4,1,"{""number"": ""74.13"", ""relation"": ""="", ""status"": ""VALID""}",194.259,data/raw/tdc/clearance_hepatocyte_az.tab,CHEMBL565755,CCOc1ccc2nc(N)sc2c1,74.13,2,Clearance_Hepatocyte_AZ,342,,VALID,48.14,0
CHEMBL377957,COc1ccc(C)c(Nc2ncc3ccn(-c4ccccn4)c3n2)c1,83.18,COc1ccc(C)c(Nc2ncc3ccn(-c4ccccn4)c3n2)c1,3.876120000000002,0,0.10526315789473684,1,6,1,"{""number"": ""83.18"", ""relation"": ""="", ""status"": ""VALID""}",331.3790000000001,data/raw/tdc/clearance_hepatocyte_az.tab,CHEMBL377957,COc1ccc(C)c(Nc2ncc3ccn(-c4ccccn4)c3n2)c1,83.18,4,Clearance_Hepatocyte_AZ,343,,VALID,64.86,0
CHEMBL2031561,O=C(Nc1cccc(-c2nnn[nH]2)c1)c1cc(O)cc(C(F)(F)F)c1,29.51,O=C(Nc1cccc(-c2nnn[nH]2)c1)c1cc(O)cc(C(F)(F)F)c1,2.843400000000001,0,0.06666666666666667,1,5,3,"{""number"": ""29.51"", ""relation"": ""="", ""status"": ""VALID""}",349.272,data/raw/tdc/clearance_hepatocyte_az.tab,CHEMBL2031561,O=C(Nc1cccc(-c2nnn[nH]2)c1)c1cc(O)cc(C(F)(F)F)c1,29.51,3,Clearance_Hepatocyte_AZ,344,,VALID,103.79,0
CHEMBL1934413,Cc1ccc(S(=O)(=O)Nc2c(C(=O)N[C@@H](C)C(C)(C)C)c(C)nn2C2CCC2)cc1,17.0,Cc1ccc(S(=O)(=O)Nc2c(C(=O)N[C@@H](C)C(C)(C)C)c(C)nn2C2CCC2)cc1,4.190140000000003,0,0.5454545454545454,1,5,2,"{""number"": ""17.0"", ""relation"": ""="", ""status"": ""VALID""}",432.59000000000026,data/raw/tdc/clearance_hepatocyte_az.tab,CHEMBL1934413,Cc1ccc(S(=O)(=O)Nc2c(C(=O)N[C@@H](C)C(C)(C)C)c(C)nn2C2CCC2)cc1,17.0,6,Clearance_Hepatocyte_AZ,345,,VALID,93.09,0
CHEMBL2361207,COc1ccc(C#Cc2ccc([C@@H]3[C@H](CO)N4CCCCN(C(=O)Nc5cccc(F)c5)C[C@@H]34)cc2)cc1,18.2,COc1ccc(C#Cc2ccc([C@@H]3[C@H](CO)N4CCCCN(C(=O)Nc5cccc(F)c5)C[C@@H]34)cc2)cc1,4.690700000000004,0,0.3225806451612903,1,4,2,"{""number"": ""18.2"", ""relation"": ""="", ""status"": ""VALID""}",513.6130000000003,data/raw/tdc/clearance_hepatocyte_az.tab,CHEMBL2361207,COc1ccc(C#Cc2ccc([C@@H]3[C@H](CO)N4CCCCN(C(=O)Nc5cccc(F)c5)C[C@@H]34)cc2)cc1,18.2,4,Clearance_Hepatocyte_AZ,346,,VALID,65.04,0
CHEMBL1738840,COc1ccnc(CCc2nc3cccnc3[nH]2)c1,18.89,COc1ccnc(CCc2nc3cccnc3[nH]2)c1,2.1467,0,0.21428571428571427,1,4,1,"{""number"": ""18.89"", ""relation"": ""="", ""status"": ""VALID""}",254.29300000000003,data/raw/tdc/clearance_hepatocyte_az.tab,CHEMBL1738840,COc1ccnc(CCc2nc3cccnc3[nH]2)c1,18.89,4,Clearance_Hepatocyte_AZ,347,,VALID,63.690000000000005,0
CHEMBL1624302,Nc1nc(-c2ccc(Cl)c(Cl)c2)c(-c2ccncc2)s1,19.05,Nc1nc(-c2ccc(Cl)c(Cl)c2)c(-c2ccncc2)s1,4.761100000000002,0,0.0,1,4,1,"{""number"": ""19.05"", ""relation"": ""="", ""status"": ""VALID""}",322.21999999999997,data/raw/tdc/clearance_hepatocyte_az.tab,CHEMBL1624302,Nc1nc(-c2ccc(Cl)c(Cl)c2)c(-c2ccncc2)s1,19.05,2,Clearance_Hepatocyte_AZ,348,,VALID,51.8,0
CHEMBL257830,N#Cc1ccc2[nH]c(-c3ccc(F)cc3)c(CCCC(=O)NS(N)(=O)=O)c2c1,19.6,N#Cc1ccc2[nH]c(-c3ccc(F)cc3)c(CCCC(=O)NS(N)(=O)=O)c2c1,2.488079999999999,0,0.15789473684210525,1,4,3,"{""number"": ""19.6"", ""relation"": ""="", ""status"": ""VALID""}",400.43500000000006,data/raw/tdc/clearance_hepatocyte_az.tab,CHEMBL257830,N#Cc1ccc2[nH]c(-c3ccc(F)cc3)c(CCCC(=O)NS(N)(=O)=O)c2c1,19.6,6,Clearance_Hepatocyte_AZ,349,,VALID,128.83999999999997,0
CHEMBL570015,COc1cccc(Nc2c(C(N)=O)cnc3c(C)cc(S(=O)(=O)c4cccc(C(=O)N(C)C)c4)cc23)c1,20.05,COc1cccc(Nc2c(C(N)=O)cnc3c(C)cc(S(=O)(=O)c4cccc(C(=O)N(C)C)c4)cc23)c1,3.9289200000000033,0,0.14814814814814814,1,7,2,"{""number"": ""20.05"", ""relation"": ""="", ""status"": ""VALID""}",518.5950000000003,data/raw/tdc/clearance_hepatocyte_az.tab,CHEMBL570015,COc1cccc(Nc2c(C(N)=O)cnc3c(C)cc(S(=O)(=O)c4cccc(C(=O)N(C)C)c4)cc23)c1,20.05,7,Clearance_Hepatocyte_AZ,350,,VALID,131.69,0
CHEMBL1204759,Cc1nn(-c2ccccc2)c(NC(=O)NS(=O)(=O)c2ccc(Cl)cc2)c1C#N,3.0,Cc1nn(-c2ccccc2)c(NC(=O)NS(=O)(=O)c2ccc(Cl)cc2)c1C#N,3.2162000000000006,0,0.05555555555555555,1,6,2,"{""number"": ""3.0"", ""relation"": ""="", ""status"": ""VALID""}",415.86200000000014,data/raw/tdc/clearance_hepatocyte_az.tab,CHEMBL1204759,Cc1nn(-c2ccccc2)c(NC(=O)NS(=O)(=O)c2ccc(Cl)cc2)c1C#N,3.0,4,Clearance_Hepatocyte_AZ,351,,VALID,116.88,0
CHEMBL1689128,C[C@H]1CN(Cc2cc(Cl)ccc2OCC(=O)O)CCN1C(=O)Cc1ccc(Cl)cc1,3.0,C[C@H]1CN(Cc2cc(Cl)ccc2OCC(=O)O)CCN1C(=O)Cc1ccc(Cl)cc1,3.7322000000000024,0,0.36363636363636365,1,4,1,"{""number"": ""3.0"", ""relation"": ""="", ""status"": ""VALID""}",451.35000000000025,data/raw/tdc/clearance_hepatocyte_az.tab,CHEMBL1689128,C[C@H]1CN(Cc2cc(Cl)ccc2OCC(=O)O)CCN1C(=O)Cc1ccc(Cl)cc1,3.0,7,Clearance_Hepatocyte_AZ,352,,VALID,70.08,0
CHEMBL12,CN1C(=O)CN=C(c2ccccc2)c2cc(Cl)ccc21,6.17,CN1C(=O)CN=C(c2ccccc2)c2cc(Cl)ccc21,3.153800000000002,0,0.125,1,2,0,"{""number"": ""6.17"", ""relation"": ""="", ""status"": ""VALID""}",284.74600000000004,data/raw/tdc/clearance_hepatocyte_az.tab,CHEMBL12,CN1C(=O)CN=C(c2ccccc2)c2cc(Cl)ccc21,6.17,1,Clearance_Hepatocyte_AZ,353,,VALID,32.67,0
CHEMBL1290184,Cc1cccc(CN2CCC3(CC2)CCN(C(=O)c2ccccc2)CC3)c1,10.2,Cc1cccc(CN2CCC3(CC2)CCN(C(=O)c2ccccc2)CC3)c1,4.513420000000004,0,0.4583333333333333,1,2,0,"{""number"": ""10.2"", ""relation"": ""="", ""status"": ""VALID""}",362.51700000000005,data/raw/tdc/clearance_hepatocyte_az.tab,CHEMBL1290184,Cc1cccc(CN2CCC3(CC2)CCN(C(=O)c2ccccc2)CC3)c1,10.2,3,Clearance_Hepatocyte_AZ,354,,VALID,23.55,0
CHEMBL2158793,Cc1cc(F)ccc1OC1CCN(CC2CCN([C@@](C)(Cc3ccc(F)cc3)C(=O)O)CC2)CC1,10.63,Cc1cc(F)ccc1OC1CCN(CC2CCN([C@@](C)(Cc3ccc(F)cc3)C(=O)O)CC2)CC1,4.914420000000004,0,0.5357142857142857,1,4,1,"{""number"": ""10.63"", ""relation"": ""="", ""status"": ""VALID""}",486.6030000000003,data/raw/tdc/clearance_hepatocyte_az.tab,CHEMBL2158793,Cc1cc(F)ccc1OC1CCN(CC2CCN([C@@](C)(Cc3ccc(F)cc3)C(=O)O)CC2)CC1,10.63,8,Clearance_Hepatocyte_AZ,355,,VALID,53.010000000000005,0
CHEMBL633,CCCCc1oc2ccccc2c1C(=O)c1cc(I)c(OCCN(CC)CC)c(I)c1,11.0,CCCCc1oc2ccccc2c1C(=O)c1cc(I)c(OCCN(CC)CC)c(I)c1,6.936200000000007,0,0.4,1,4,0,"{""number"": ""11.0"", ""relation"": ""="", ""status"": ""VALID""}",645.3190000000002,data/raw/tdc/clearance_hepatocyte_az.tab,CHEMBL633,CCCCc1oc2ccccc2c1C(=O)c1cc(I)c(OCCN(CC)CC)c(I)c1,11.0,11,Clearance_Hepatocyte_AZ,356,,VALID,42.68,0
CHEMBL1683934,O=C(Nc1ccccc1-c1ccccc1)OC1CCN(CCCCCCCCCNC[C@H](O)c2ccc(O)c3[nH]c(=O)ccc23)CC1,25.33,O=C(Nc1ccccc1-c1ccccc1)OC1CCN(CCCCCCCCCNC[C@H](O)c2ccc(O)c3[nH]c(=O)ccc23)CC1,6.967500000000008,0,0.42105263157894735,1,7,5,"{""number"": ""25.33"", ""relation"": ""="", ""status"": ""VALID""}",640.8250000000003,data/raw/tdc/clearance_hepatocyte_az.tab,CHEMBL1683934,O=C(Nc1ccccc1-c1ccccc1)OC1CCN(CCCCCCCCCNC[C@H](O)c2ccc(O)c3[nH]c(=O)ccc23)CC1,25.33,16,Clearance_Hepatocyte_AZ,357,,VALID,126.91999999999999,0
CHEMBL1852688,CCN1CCN(c2ccc(Nc3cc(N(C)C(=O)Nc4c(Cl)c(OC)cc(OC)c4Cl)ncn3)cc2)CC1,28.84,CCN1CCN(c2ccc(Nc3cc(N(C)C(=O)Nc4c(Cl)c(OC)cc(OC)c4Cl)ncn3)cc2)CC1,5.354400000000004,0,0.34615384615384615,1,8,2,"{""number"": ""28.84"", ""relation"": ""="", ""status"": ""VALID""}",560.4860000000001,data/raw/tdc/clearance_hepatocyte_az.tab,CHEMBL1852688,CCN1CCN(c2ccc(Nc3cc(N(C)C(=O)Nc4c(Cl)c(OC)cc(OC)c4Cl)ncn3)cc2)CC1,28.84,8,Clearance_Hepatocyte_AZ,358,,VALID,95.09,0
CHEMBL1669154,O=C(CN1CCOCC1)Nc1ccc(-c2cccc3c(=O)cc(N4CCOCC4)oc23)cc1OCC1CC1,95.5,O=C(CN1CCOCC1)Nc1ccc(-c2cccc3c(=O)cc(N4CCOCC4)oc23)cc1OCC1CC1,3.3561000000000023,0,0.4482758620689655,1,8,1,"{""number"": ""95.5"", ""relation"": ""="", ""status"": ""VALID""}",519.5980000000004,data/raw/tdc/clearance_hepatocyte_az.tab,CHEMBL1669154,O=C(CN1CCOCC1)Nc1ccc(-c2cccc3c(=O)cc(N4CCOCC4)oc23)cc1OCC1CC1,95.5,8,Clearance_Hepatocyte_AZ,359,,VALID,93.48,0
CHEMBL1917426,Cc1c(Sc2ccc(Cl)cc2)c2cc(F)ccc2n1CC(=O)O,34.0,Cc1c(Sc2ccc(Cl)cc2)c2cc(F)ccc2n1CC(=O)O,4.978020000000002,0,0.11764705882352941,1,3,1,"{""number"": ""34.0"", ""relation"": ""="", ""status"": ""VALID""}",349.8140000000001,data/raw/tdc/clearance_hepatocyte_az.tab,CHEMBL1917426,Cc1c(Sc2ccc(Cl)cc2)c2cc(F)ccc2n1CC(=O)O,34.0,4,Clearance_Hepatocyte_AZ,360,,VALID,42.230000000000004,0
CHEMBL14762,CC[C@H](CO)Nc1nc(NCc2ccccc2)c2ncn(C(C)C)c2n1,107.15,CC[C@H](CO)Nc1nc(NCc2ccccc2)c2ncn(C(C)C)c2n1,3.2021000000000015,0,0.42105263157894735,1,7,3,"{""number"": ""107.15"", ""relation"": ""="", ""status"": ""VALID""}",354.4580000000001,data/raw/tdc/clearance_hepatocyte_az.tab,CHEMBL14762,CC[C@H](CO)Nc1nc(NCc2ccccc2)c2ncn(C(C)C)c2n1,107.15,8,Clearance_Hepatocyte_AZ,361,,VALID,87.89,0
CHEMBL267144,CC(C)[C@H]1C(=O)N[C@H](CO)Cc2ccccc2N1C,144.54,CC(C)[C@H]1C(=O)N[C@H](CO)Cc2ccccc2N1C,1.1805999999999994,0,0.5333333333333333,1,3,2,"{""number"": ""144.54"", ""relation"": ""="", ""status"": ""VALID""}",262.353,data/raw/tdc/clearance_hepatocyte_az.tab,CHEMBL267144,CC(C)[C@H]1C(=O)N[C@H](CO)Cc2ccccc2N1C,144.54,2,Clearance_Hepatocyte_AZ,362,,VALID,52.57,0
CHEMBL288470,Cc1c(N(C)C)c(=O)n(-c2ccccc2)n1C,3.47,Cc1c(N(C)C)c(=O)n(-c2ccccc2)n1C,1.55042,0,0.3076923076923077,1,4,0,"{""number"": ""3.47"", ""relation"": ""="", ""status"": ""VALID""}",231.29900000000004,data/raw/tdc/clearance_hepatocyte_az.tab,CHEMBL288470,Cc1c(N(C)C)c(=O)n(-c2ccccc2)n1C,3.47,2,Clearance_Hepatocyte_AZ,363,,VALID,30.17,0
CHEMBL244936,Cc1nc2ccc(-c3ccc(Cl)cc3)cc2c(=O)n1C[C@H]1CCCN(C(C)C)C1,3.8,Cc1nc2ccc(-c3ccc(Cl)cc3)cc2c(=O)n1C[C@H]1CCCN(C(C)C)C1,5.145720000000005,0,0.4166666666666667,1,4,0,"{""number"": ""3.8"", ""relation"": ""="", ""status"": ""VALID""}",409.96100000000024,data/raw/tdc/clearance_hepatocyte_az.tab,CHEMBL244936,Cc1nc2ccc(-c3ccc(Cl)cc3)cc2c(=O)n1C[C@H]1CCCN(C(C)C)C1,3.8,4,Clearance_Hepatocyte_AZ,364,,VALID,38.13,0
CHEMBL1770475,CSCCC(NC(=O)c1ccccc1)c1nc2ccccc2n1Cc1ccc(C#N)cc1,150.0,CSCCC(NC(=O)c1ccccc1)c1nc2ccccc2n1Cc1ccc(C#N)cc1,5.180480000000005,0,0.19230769230769232,1,5,1,"{""number"": ""150.0"", ""relation"": ""="", ""status"": ""VALID""}",440.5720000000002,data/raw/tdc/clearance_hepatocyte_az.tab,CHEMBL1770475,CSCCC(NC(=O)c1ccccc1)c1nc2ccccc2n1Cc1ccc(C#N)cc1,150.0,8,Clearance_Hepatocyte_AZ,365,,VALID,70.71000000000001,1
CHEMBL31815,C=CC(=O)Nc1ccc2ncnc(Nc3cccc(C)c3)c2c1,150.0,C=CC(=O)Nc1ccc2ncnc(Nc3cccc(C)c3)c2c1,3.8063200000000013,0,0.05555555555555555,1,4,2,"{""number"": ""150.0"", ""relation"": ""="", ""status"": ""VALID""}",304.35300000000007,data/raw/tdc/clearance_hepatocyte_az.tab,CHEMBL31815,C=CC(=O)Nc1ccc2ncnc(Nc3cccc(C)c3)c2c1,150.0,4,Clearance_Hepatocyte_AZ,366,,VALID,66.91,0
CHEMBL17357,NCCc1ccc(O)c2nc(O)sc12,150.0,NCCc1ccc(O)c2nc(O)sc12,1.2086999999999997,0,0.2222222222222222,1,5,3,"{""number"": ""150.0"", ""relation"": ""="", ""status"": ""VALID""}",210.25799999999995,data/raw/tdc/clearance_hepatocyte_az.tab,CHEMBL17357,NCCc1ccc(O)c2nc(O)sc12,150.0,2,Clearance_Hepatocyte_AZ,367,,VALID,79.37,0
CHEMBL111732,CN(CCc1ccc(O)c2nc(O)sc12)CCN(C)C(=O)CCOCCc1ccccc1,150.0,CN(CCc1ccc(O)c2nc(O)sc12)CCN(C)C(=O)CCOCCc1ccccc1,3.289600000000002,0,0.4166666666666667,1,7,2,"{""number"": ""150.0"", ""relation"": ""="", ""status"": ""VALID""}",457.5960000000003,data/raw/tdc/clearance_hepatocyte_az.tab,CHEMBL111732,CN(CCc1ccc(O)c2nc(O)sc12)CCN(C)C(=O)CCOCCc1ccccc1,150.0,12,Clearance_Hepatocyte_AZ,368,,VALID,86.13000000000001,0
CHEMBL1486510,CCOC(=O)c1c(C)n(Cc2ccco2)c2ccc(O)cc12,150.0,CCOC(=O)c1c(C)n(Cc2ccco2)c2ccc(O)cc12,3.473320000000002,0,0.23529411764705882,1,5,1,"{""number"": ""150.0"", ""relation"": ""="", ""status"": ""VALID""}",299.326,data/raw/tdc/clearance_hepatocyte_az.tab,CHEMBL1486510,CCOC(=O)c1c(C)n(Cc2ccco2)c2ccc(O)cc12,150.0,4,Clearance_Hepatocyte_AZ,369,,VALID,64.60000000000001,0
CHEMBL1425658,c1csc(Cn2nnnc2CN2CCN(c3nc4ccccc4s3)CC2)c1,150.0,c1csc(Cn2nnnc2CN2CCN(c3nc4ccccc4s3)CC2)c1,2.7148000000000003,0,0.3333333333333333,1,9,0,"{""number"": ""150.0"", ""relation"": ""="", ""status"": ""VALID""}",397.53300000000013,data/raw/tdc/clearance_hepatocyte_az.tab,CHEMBL1425658,c1csc(Cn2nnnc2CN2CCN(c3nc4ccccc4s3)CC2)c1,150.0,5,Clearance_Hepatocyte_AZ,370,,VALID,62.970000000000006,0
CHEMBL272551,O=S(=O)(c1ccccc1)N1CCN(Cc2ccccc2)CC1,150.0,O=S(=O)(c1ccccc1)N1CCN(Cc2ccccc2)CC1,2.1931000000000003,0,0.29411764705882354,1,3,0,"{""number"": ""150.0"", ""relation"": ""="", ""status"": ""VALID""}",316.42600000000004,data/raw/tdc/clearance_hepatocyte_az.tab,CHEMBL272551,O=S(=O)(c1ccccc1)N1CCN(Cc2ccccc2)CC1,150.0,4,Clearance_Hepatocyte_AZ,371,,VALID,40.620000000000005,0
CHEMBL1829876,CN(CC(=O)N(Cc1ccc(C2CCCCC2)cc1)c1ccc(C(=O)O)c(O)c1)S(=O)(=O)c1c(F)c(F)c(F)c(F)c1F,74.13,CN(CC(=O)N(Cc1ccc(C2CCCCC2)cc1)c1ccc(C(=O)O)c(O)c1)S(=O)(=O)c1c(F)c(F)c(F)c(F)c1F,5.687500000000005,0,0.3103448275862069,1,5,2,"{""number"": ""74.13"", ""relation"": ""="", ""status"": ""VALID""}",626.6000000000003,data/raw/tdc/clearance_hepatocyte_az.tab,CHEMBL1829876,CN(CC(=O)N(Cc1ccc(C2CCCCC2)cc1)c1ccc(C(=O)O)c(O)c1)S(=O)(=O)c1c(F)c(F)c(F)c(F)c1F,74.13,9,Clearance_Hepatocyte_AZ,372,,VALID,115.22,0
CHEMBL1427959,O=C(Nc1nc2ccccc2s1)c1ccccc1,77.62,O=C(Nc1nc2ccccc2s1)c1ccccc1,3.5486000000000013,0,0.0,1,3,1,"{""number"": ""77.62"", ""relation"": ""="", ""status"": ""VALID""}",254.31400000000002,data/raw/tdc/clearance_hepatocyte_az.tab,CHEMBL1427959,O=C(Nc1nc2ccccc2s1)c1ccccc1,77.62,2,Clearance_Hepatocyte_AZ,373,,VALID,41.99,0
CHEMBL1916086,Cc1ccc(S(=O)(=O)Nc2c(C(=O)NCc3ccccc3)cnn2-c2ccccc2)cc1,40.0,Cc1ccc(S(=O)(=O)Nc2c(C(=O)NCc3ccccc3)cnn2-c2ccccc2)cc1,3.911520000000003,0,0.08333333333333333,1,5,2,"{""number"": ""40.0"", ""relation"": ""="", ""status"": ""VALID""}",446.5320000000001,data/raw/tdc/clearance_hepatocyte_az.tab,CHEMBL1916086,Cc1ccc(S(=O)(=O)Nc2c(C(=O)NCc3ccccc3)cnn2-c2ccccc2)cc1,40.0,7,Clearance_Hepatocyte_AZ,374,,VALID,93.09,0
CHEMBL339053,O=C(N[C@H](Cc1ccc(Cl)cc1)C(=O)N1CCC(Cn2cncn2)(C2CCCCC2)CC1)[C@H]1Cc2ccccc2CN1,40.74,O=C(N[C@H](Cc1ccc(Cl)cc1)C(=O)N1CCC(Cn2cncn2)(C2CCCCC2)CC1)[C@H]1Cc2ccccc2CN1,4.562600000000004,0,0.5151515151515151,1,6,2,"{""number"": ""40.74"", ""relation"": ""="", ""status"": ""VALID""}",589.1840000000004,data/raw/tdc/clearance_hepatocyte_az.tab,CHEMBL339053,O=C(N[C@H](Cc1ccc(Cl)cc1)C(=O)N1CCC(Cn2cncn2)(C2CCCCC2)CC1)[C@H]1Cc2ccccc2CN1,40.74,8,Clearance_Hepatocyte_AZ,375,,VALID,92.15,0
CHEMBL103667,Cc1ccc(-n2nc(C(C)(C)C)cc2NC(=O)Nc2ccc(OCCN3CCOCC3)c3ccccc23)cc1,42.66,Cc1ccc(-n2nc(C(C)(C)C)cc2NC(=O)Nc2ccc(OCCN3CCOCC3)c3ccccc23)cc1,5.986420000000005,0,0.3548387096774194,1,6,2,"{""number"": ""42.66"", ""relation"": ""="", ""status"": ""VALID""}",527.6690000000006,data/raw/tdc/clearance_hepatocyte_az.tab,CHEMBL103667,Cc1ccc(-n2nc(C(C)(C)C)cc2NC(=O)Nc2ccc(OCCN3CCOCC3)c3ccccc23)cc1,42.66,7,Clearance_Hepatocyte_AZ,376,,VALID,80.65,0
CHEMBL436826,CCOc1ccc(-n2c([C@@H](C)N(Cc3cccnc3)C(=O)Cc3ccc(C(F)(F)F)cc3)nc3ccccc3c2=O)cc1,43.36,CCOc1ccc(-n2c([C@@H](C)N(Cc3cccnc3)C(=O)Cc3ccc(C(F)(F)F)cc3)nc3ccccc3c2=O)cc1,6.530700000000007,0,0.21212121212121213,1,6,0,"{""number"": ""43.36"", ""relation"": ""="", ""status"": ""VALID""}",586.6140000000001,data/raw/tdc/clearance_hepatocyte_az.tab,CHEMBL436826,CCOc1ccc(-n2c([C@@H](C)N(Cc3cccnc3)C(=O)Cc3ccc(C(F)(F)F)cc3)nc3ccccc3c2=O)cc1,43.36,9,Clearance_Hepatocyte_AZ,377,,VALID,77.32,0
CHEMBL1934426,Cc1nn(C2CCOCC2)c(NS(=O)(=O)c2ccc(C3CC3)cc2)c1C(=O)N[C@@H](C)C(C)(C)C,3.0,Cc1nn(C2CCOCC2)c(NS(=O)(=O)c2ccc(C3CC3)cc2)c1C(=O)N[C@@H](C)C(C)(C)C,4.385620000000004,0,0.6,1,6,2,"{""number"": ""3.0"", ""relation"": ""="", ""status"": ""VALID""}",488.6540000000003,data/raw/tdc/clearance_hepatocyte_az.tab,CHEMBL1934426,Cc1nn(C2CCOCC2)c(NS(=O)(=O)c2ccc(C3CC3)cc2)c1C(=O)N[C@@H](C)C(C)(C)C,3.0,7,Clearance_Hepatocyte_AZ,378,,VALID,102.32,0
CHEMBL1614705,O=C(CO)N1CCC(c2[nH]nc(-c3ccc(Cl)cc3F)c2-c2ccncn2)CC1,3.0,O=C(CO)N1CCC(c2[nH]nc(-c3ccc(Cl)cc3F)c2-c2ccncn2)CC1,3.0245000000000015,0,0.3,1,5,2,"{""number"": ""3.0"", ""relation"": ""="", ""status"": ""VALID""}",415.85600000000017,data/raw/tdc/clearance_hepatocyte_az.tab,CHEMBL1614705,O=C(CO)N1CCC(c2[nH]nc(-c3ccc(Cl)cc3F)c2-c2ccncn2)CC1,3.0,4,Clearance_Hepatocyte_AZ,379,,VALID,95.0,0
CHEMBL1531981,Cc1oc(-c2ccccc2)cc1C(=O)Nc1cccc(C(=O)O)c1,66.07,Cc1oc(-c2ccccc2)cc1C(=O)Nc1cccc(C(=O)O)c1,4.205520000000003,0,0.05263157894736842,1,3,2,"{""number"": ""66.07"", ""relation"": ""="", ""status"": ""VALID""}",321.33200000000005,data/raw/tdc/clearance_hepatocyte_az.tab,CHEMBL1531981,Cc1oc(-c2ccccc2)cc1C(=O)Nc1cccc(C(=O)O)c1,66.07,4,Clearance_Hepatocyte_AZ,380,,VALID,79.54,0
CHEMBL440405,CS(=O)(=O)NC(=O)CCCc1c(-c2ccc(F)cc2)[nH]c2ccc(C#N)cc12,14.3,CS(=O)(=O)NC(=O)CCCc1c(-c2ccc(F)cc2)[nH]c2ccc(C#N)cc12,3.244180000000002,0,0.2,1,4,2,"{""number"": ""14.3"", ""relation"": ""="", ""status"": ""VALID""}",399.44700000000006,data/raw/tdc/clearance_hepatocyte_az.tab,CHEMBL440405,CS(=O)(=O)NC(=O)CCCc1c(-c2ccc(F)cc2)[nH]c2ccc(C#N)cc12,14.3,6,Clearance_Hepatocyte_AZ,381,,VALID,102.82,0
CHEMBL408194,COC1=CC(c2cc3ccccc3[nH]2)=N/C1=C\c1[nH]c(C)cc1C,22.39,COC1=CC(c2cc3ccccc3[nH]2)=N/C1=C\c1[nH]c(C)cc1C,4.486940000000003,0,0.15,1,2,2,"{""number"": ""22.39"", ""relation"": ""="", ""status"": ""VALID""}",317.3920000000001,data/raw/tdc/clearance_hepatocyte_az.tab,CHEMBL408194,COC1=CC(c2cc3ccccc3[nH]2)=N/C1=C\c1[nH]c(C)cc1C,22.39,3,Clearance_Hepatocyte_AZ,382,,VALID,53.169999999999995,0
CHEMBL2216859,CC(C)N1CCN(Cc2cnc(-c3cc(-c4cccc5[nH]ccc45)cc4[nH]ncc34)o2)CC1,15.14,CC(C)N1CCN(Cc2cnc(-c3cc(-c4cccc5[nH]ccc45)cc4[nH]ncc34)o2)CC1,4.892200000000003,0,0.3076923076923077,1,5,2,"{""number"": ""15.14"", ""relation"": ""="", ""status"": ""VALID""}",440.5510000000002,data/raw/tdc/clearance_hepatocyte_az.tab,CHEMBL2216859,CC(C)N1CCN(Cc2cnc(-c3cc(-c4cccc5[nH]ccc45)cc4[nH]ncc34)o2)CC1,15.14,5,Clearance_Hepatocyte_AZ,383,,VALID,76.97999999999999,0
CHEMBL1209915,COc1ccc(C2CC(c3ccc(Br)cc3)=NN2C(C)=O)cc1,16.6,COc1ccc(C2CC(c3ccc(Br)cc3)=NN2C(C)=O)cc1,4.155300000000004,0,0.2222222222222222,1,3,0,"{""number"": ""16.6"", ""relation"": ""="", ""status"": ""VALID""}",373.25000000000006,data/raw/tdc/clearance_hepatocyte_az.tab,CHEMBL1209915,COc1ccc(C2CC(c3ccc(Br)cc3)=NN2C(C)=O)cc1,16.6,3,Clearance_Hepatocyte_AZ,384,,VALID,41.9,1
CHEMBL241970,Cc1ccc(-c2cc(C(F)(F)F)nn2-c2ccc(S(C)(=O)=O)cc2)cc1,17.38,Cc1ccc(-c2cc(C(F)(F)F)nn2-c2ccc(S(C)(=O)=O)cc2)cc1,4.270020000000003,0,0.16666666666666666,1,4,0,"{""number"": ""17.38"", ""relation"": ""="", ""status"": ""VALID""}",380.3910000000001,data/raw/tdc/clearance_hepatocyte_az.tab,CHEMBL241970,Cc1ccc(-c2cc(C(F)(F)F)nn2-c2ccc(S(C)(=O)=O)cc2)cc1,17.38,3,Clearance_Hepatocyte_AZ,385,,VALID,51.96,0
CHEMBL1934269,Cc1ccc(S(=O)(=O)Nc2c(C(=O)N[C@@H](C)C(C)(C)C)c(C)nn2CC(F)(F)F)cc1,18.0,Cc1ccc(S(=O)(=O)Nc2c(C(=O)N[C@@H](C)C(C)(C)C)c(C)nn2CC(F)(F)F)cc1,4.027440000000004,0,0.5,1,5,2,"{""number"": ""18.0"", ""relation"": ""="", ""status"": ""VALID""}",460.52200000000016,data/raw/tdc/clearance_hepatocyte_az.tab,CHEMBL1934269,Cc1ccc(S(=O)(=O)Nc2c(C(=O)N[C@@H](C)C(C)(C)C)c(C)nn2CC(F)(F)F)cc1,18.0,6,Clearance_Hepatocyte_AZ,386,,VALID,93.09,0
CHEMBL522460,Cc1ccccc1CN1CCC(N2CCC(n3c(=O)[nH]c4ccccc43)CC2)CC1,19.0,Cc1ccccc1CN1CCC(N2CCC(n3c(=O)[nH]c4ccccc43)CC2)CC1,3.9395200000000026,0,0.48,1,4,1,"{""number"": ""19.0"", ""relation"": ""="", ""status"": ""VALID""}",404.5580000000002,data/raw/tdc/clearance_hepatocyte_az.tab,CHEMBL522460,Cc1ccccc1CN1CCC(N2CCC(n3c(=O)[nH]c4ccccc43)CC2)CC1,19.0,4,Clearance_Hepatocyte_AZ,387,,VALID,44.269999999999996,0
CHEMBL1770476,CCOc1ccc2oc(C(=O)NC(CCSC)c3nc4cnccc4[nH]3)c(C)c2c1,21.0,CCOc1ccc2oc(C(=O)NC(CCSC)c3nc4cnccc4[nH]3)c(C)c2c1,4.635420000000003,0,0.3181818181818182,1,6,2,"{""number"": ""21.0"", ""relation"": ""="", ""status"": ""VALID""}",424.5260000000001,data/raw/tdc/clearance_hepatocyte_az.tab,CHEMBL1770476,CCOc1ccc2oc(C(=O)NC(CCSC)c3nc4cnccc4[nH]3)c(C)c2c1,21.0,8,Clearance_Hepatocyte_AZ,388,,VALID,93.03999999999999,1
CHEMBL75435,C[C@H](C(=O)O)c1cccc(C(=O)c2ccccc2)c1,21.0,C[C@H](C(=O)O)c1cccc(C(=O)c2ccccc2)c1,3.1057000000000015,0,0.125,1,2,1,"{""number"": ""21.0"", ""relation"": ""="", ""status"": ""VALID""}",254.285,data/raw/tdc/clearance_hepatocyte_az.tab,CHEMBL75435,C[C@H](C(=O)O)c1cccc(C(=O)c2ccccc2)c1,21.0,4,Clearance_Hepatocyte_AZ,389,,VALID,54.37,0
CHEMBL372052,C[C@@H](C(=O)O)c1cccc(C(=O)c2ccccc2)c1,21.3,C[C@@H](C(=O)O)c1cccc(C(=O)c2ccccc2)c1,3.1057000000000015,0,0.125,1,2,1,"{""number"": ""21.3"", ""relation"": ""="", ""status"": ""VALID""}",254.285,data/raw/tdc/clearance_hepatocyte_az.tab,CHEMBL372052,C[C@@H](C(=O)O)c1cccc(C(=O)c2ccccc2)c1,21.3,4,Clearance_Hepatocyte_AZ,390,,VALID,54.37,0
CHEMBL551765,O=C(NCC1CCCCCC1)c1cc(-c2cccnc2N2CCC(C(=O)O)CC2)ccc1Cl,15.0,O=C(NCC1CCCCCC1)c1cc(-c2cccnc2N2CCC(C(=O)O)CC2)ccc1Cl,5.403200000000005,0,0.5,1,4,2,"{""number"": ""15.0"", ""relation"": ""="", ""status"": ""VALID""}",470.01300000000026,data/raw/tdc/clearance_hepatocyte_az.tab,CHEMBL551765,O=C(NCC1CCCCCC1)c1cc(-c2cccnc2N2CCC(C(=O)O)CC2)ccc1Cl,15.0,6,Clearance_Hepatocyte_AZ,391,,VALID,82.53,0
CHEMBL2035032,NC1(c2ccc(-c3c(-c4ccccc4)ccc4ccnn34)cc2)CCC1,10.23,NC1(c2ccc(-c3c(-c4ccccc4)ccc4ccnn34)cc2)CCC1,5.006200000000002,0,0.17391304347826086,1,3,1,"{""number"": ""10.23"", ""relation"": ""="", ""status"": ""VALID""}",339.4420000000002,data/raw/tdc/clearance_hepatocyte_az.tab,CHEMBL2035032,NC1(c2ccc(-c3c(-c4ccccc4)ccc4ccnn34)cc2)CCC1,10.23,3,Clearance_Hepatocyte_AZ,392,,VALID,43.31999999999999,0
CHEMBL1818218,CC(C)CNc1nc(N2CCN(CC3CCCOC3)CC2)ncc1C(=O)NCc1ccccc1,89.13,CC(C)CNc1nc(N2CCN(CC3CCCOC3)CC2)ncc1C(=O)NCc1ccccc1,3.0231000000000012,0,0.5769230769230769,1,7,2,"{""number"": ""89.13"", ""relation"": ""="", ""status"": ""VALID""}",466.6300000000002,data/raw/tdc/clearance_hepatocyte_az.tab,CHEMBL1818218,CC(C)CNc1nc(N2CCN(CC3CCCOC3)CC2)ncc1C(=O)NCc1ccccc1,89.13,9,Clearance_Hepatocyte_AZ,393,,VALID,82.62,1
CHEMBL2089383,C=CC(=O)Nc1ccc(OC)cc1,10.72,C=CC(=O)Nc1ccc(OC)cc1,1.8196999999999999,0,0.1,1,2,1,"{""number"": ""10.72"", ""relation"": ""="", ""status"": ""VALID""}",177.20299999999997,data/raw/tdc/clearance_hepatocyte_az.tab,CHEMBL2089383,C=CC(=O)Nc1ccc(OC)cc1,10.72,3,Clearance_Hepatocyte_AZ,394,,VALID,38.33,0
CHEMBL554,CS(=O)(=O)CCNCc1ccc(-c2ccc3ncnc(Nc4ccc(OCc5cccc(F)c5)c(Cl)c4)c3c2)o1,91.2,CS(=O)(=O)CCNCc1ccc(-c2ccc3ncnc(Nc4ccc(OCc5cccc(F)c5)c(Cl)c4)c3c2)o1,6.139100000000005,0,0.1724137931034483,1,8,2,"{""number"": ""91.2"", ""relation"": ""="", ""status"": ""VALID""}",581.0690000000002,data/raw/tdc/clearance_hepatocyte_az.tab,CHEMBL554,CS(=O)(=O)CCNCc1ccc(-c2ccc3ncnc(Nc4ccc(OCc5cccc(F)c5)c(Cl)c4)c3c2)o1,91.2,11,Clearance_Hepatocyte_AZ,395,,VALID,106.35000000000001,0
CHEMBL2152523,c1ccc([C@H]([C@@H](c2ccccc2)N2CCCCC2)N2CCCCC2)cc1,12.02,c1ccc([C@H]([C@@H](c2ccccc2)N2CCCCC2)N2CCCCC2)cc1,5.440800000000005,0,0.5,1,2,0,"{""number"": ""12.02"", ""relation"": ""="", ""status"": ""VALID""}",348.5340000000001,data/raw/tdc/clearance_hepatocyte_az.tab,CHEMBL2152523,c1ccc([C@H]([C@@H](c2ccccc2)N2CCCCC2)N2CCCCC2)cc1,12.02,5,Clearance_Hepatocyte_AZ,396,,VALID,6.48,0
CHEMBL1981917,NC1=Nc2ccccc2Sc2cccc(F)c21,13.18,NC1=Nc2ccccc2Sc2cccc(F)c21,3.327300000000001,0,0.0,1,3,1,"{""number"": ""13.18"", ""relation"": ""="", ""status"": ""VALID""}",244.29399999999995,data/raw/tdc/clearance_hepatocyte_az.tab,CHEMBL1981917,NC1=Nc2ccccc2Sc2cccc(F)c21,13.18,0,Clearance_Hepatocyte_AZ,397,,VALID,38.379999999999995,0
CHEMBL631,CCCNCC(O)COc1ccccc1C(=O)CCc1ccccc1,38.02,CCCNCC(O)COc1ccccc1C(=O)CCc1ccccc1,3.2414000000000023,0,0.38095238095238093,1,4,2,"{""number"": ""38.02"", ""relation"": ""="", ""status"": ""VALID""}",341.4510000000001,data/raw/tdc/clearance_hepatocyte_az.tab,CHEMBL631,CCCNCC(O)COc1ccccc1C(=O)CCc1ccccc1,38.02,11,Clearance_Hepatocyte_AZ,398,,VALID,58.559999999999995,1
CHEMBL2179282,CCC(C)(CC)C[C@H](c1ccc(C(=O)O)c(Oc2cccc(Br)c2)c1)N1CCC[C@H](n2cc(C)c(=O)[nH]c2=O)C1,69.18,CCC(C)(CC)C[C@H](c1ccc(C(=O)O)c(Oc2cccc(Br)c2)c1)N1CCC[C@H](n2cc(C)c(=O)[nH]c2=O)C1,6.692620000000007,0,0.45161290322580644,1,6,2,"{""number"": ""69.18"", ""relation"": ""="", ""status"": ""VALID""}",612.565,data/raw/tdc/clearance_hepatocyte_az.tab,CHEMBL2179282,CCC(C)(CC)C[C@H](c1ccc(C(=O)O)c(Oc2cccc(Br)c2)c1)N1CCC[C@H](n2cc(C)c(=O)[nH]c2=O)C1,69.18,10,Clearance_Hepatocyte_AZ,399,,VALID,104.63,0
CHEMBL210887,O=C(Nc1nc2ccccc2n1CCCO)c1cccc([N+](=O)[O-])c1,85.11,O=C(Nc1nc2ccccc2n1CCCO)c1cccc([N+](=O)[O-])c1,2.5792,0,0.17647058823529413,1,6,2,"{""number"": ""85.11"", ""relation"": ""="", ""status"": ""VALID""}",340.33900000000006,data/raw/tdc/clearance_hepatocyte_az.tab,CHEMBL210887,O=C(Nc1nc2ccccc2n1CCCO)c1cccc([N+](=O)[O-])c1,85.11,6,Clearance_Hepatocyte_AZ,400,,VALID,110.29000000000002,0
CHEMBL1596896,Cc1cccc(NC(=O)Nc2cccc3ccccc23)c1,91.2,Cc1cccc(NC(=O)Nc2cccc3ccccc23)c1,4.792220000000003,0,0.05555555555555555,1,1,2,"{""number"": ""91.2"", ""relation"": ""="", ""status"": ""VALID""}",276.33900000000006,data/raw/tdc/clearance_hepatocyte_az.tab,CHEMBL1596896,Cc1cccc(NC(=O)Nc2cccc3ccccc23)c1,91.2,2,Clearance_Hepatocyte_AZ,401,,VALID,41.13,0
CHEMBL2170994,Nc1ncnc2c1ncn2[C@@H]1O[C@H](CSCCCNC(=O)Nc2ccc(Cl)cc2)[C@@H](O)[C@H]1O,93.33,Nc1ncnc2c1ncn2[C@@H]1O[C@H](CSCCCNC(=O)Nc2ccc(Cl)cc2)[C@@H](O)[C@H]1O,1.6260999999999994,0,0.4,1,10,5,"{""number"": ""93.33"", ""relation"": ""="", ""status"": ""VALID""}",493.9770000000001,data/raw/tdc/clearance_hepatocyte_az.tab,CHEMBL2170994,Nc1ncnc2c1ncn2[C@@H]1O[C@H](CSCCCNC(=O)Nc2ccc(Cl)cc2)[C@@H](O)[C@H]1O,93.33,8,Clearance_Hepatocyte_AZ,402,,VALID,160.44,0
CHEMBL2181926,CCOC(=O)C1=C(C)NC(C)=C(C(C)=O)[C@H]1c1cccc2c(=O)cc(C)oc12,104.71,CCOC(=O)C1=C(C)NC(C)=C(C(C)=O)[C@H]1c1cccc2c(=O)cc(C)oc12,3.4883200000000025,0,0.3181818181818182,1,6,1,"{""number"": ""104.71"", ""relation"": ""="", ""status"": ""VALID""}",381.42800000000017,data/raw/tdc/clearance_hepatocyte_az.tab,CHEMBL2181926,CCOC(=O)C1=C(C)NC(C)=C(C(C)=O)[C@H]1c1cccc2c(=O)cc(C)oc12,104.71,4,Clearance_Hepatocyte_AZ,403,,VALID,85.61,0
CHEMBL2151325,CCOc1cc(Nc2nc3c(cc2F)ncn3[C@@H](CO)c2ccc(F)cn2)n[nH]1,30.2,CCOc1cc(Nc2nc3c(cc2F)ncn3[C@@H](CO)c2ccc(F)cn2)n[nH]1,2.5515999999999996,0,0.2222222222222222,1,8,3,"{""number"": ""30.2"", ""relation"": ""="", ""status"": ""VALID""}",401.37700000000007,data/raw/tdc/clearance_hepatocyte_az.tab,CHEMBL2151325,CCOc1cc(Nc2nc3c(cc2F)ncn3[C@@H](CO)c2ccc(F)cn2)n[nH]1,30.2,7,Clearance_Hepatocyte_AZ,404,,VALID,113.77000000000001,0
CHEMBL2018964,COc1cccc2c1c(NS(=O)(=O)c1ccc(Cl)s1)nn2Cc1cccc(CNC(C)=O)c1,13.0,COc1cccc2c1c(NS(=O)(=O)c1ccc(Cl)s1)nn2Cc1cccc(CNC(C)=O)c1,4.245000000000003,0,0.18181818181818182,1,7,2,"{""number"": ""13.0"", ""relation"": ""="", ""status"": ""VALID""}",505.0210000000002,data/raw/tdc/clearance_hepatocyte_az.tab,CHEMBL2018964,COc1cccc2c1c(NS(=O)(=O)c1ccc(Cl)s1)nn2Cc1cccc(CNC(C)=O)c1,13.0,8,Clearance_Hepatocyte_AZ,405,,VALID,102.32,0
CHEMBL115,CC(C)(C)NC(=O)[C@@H]1CN(Cc2cccnc2)CCN1C[C@@H](O)C[C@@H](Cc1ccccc1)C(=O)N[C@H]1c2ccccc2C[C@H]1O,53.7,CC(C)(C)NC(=O)[C@@H]1CN(Cc2cccnc2)CCN1C[C@@H](O)C[C@@H](Cc1ccccc1)C(=O)N[C@H]1c2ccccc2C[C@H]1O,2.8669000000000016,0,0.4722222222222222,1,7,4,"{""number"": ""53.7"", ""relation"": ""="", ""status"": ""VALID""}",613.8030000000003,data/raw/tdc/clearance_hepatocyte_az.tab,CHEMBL115,CC(C)(C)NC(=O)[C@@H]1CN(Cc2cccnc2)CCN1C[C@@H](O)C[C@@H](Cc1ccccc1)C(=O)N[C@H]1c2ccccc2C[C@H]1O,53.7,11,Clearance_Hepatocyte_AZ,406,,VALID,118.03000000000002,0
CHEMBL550175,C[C@@H]1CN(c2ccc(F)cc2C(F)(F)F)CCN1S(=O)(=O)c1ccc(C(N)=O)cc1Cl,63.1,C[C@@H]1CN(c2ccc(F)cc2C(F)(F)F)CCN1S(=O)(=O)c1ccc(C(N)=O)cc1Cl,3.4962000000000018,0,0.3157894736842105,1,4,1,"{""number"": ""63.1"", ""relation"": ""="", ""status"": ""VALID""}",479.88300000000015,data/raw/tdc/clearance_hepatocyte_az.tab,CHEMBL550175,C[C@@H]1CN(c2ccc(F)cc2C(F)(F)F)CCN1S(=O)(=O)c1ccc(C(N)=O)cc1Cl,63.1,4,Clearance_Hepatocyte_AZ,407,,VALID,83.71000000000001,0
CHEMBL2158778,O=C(O)[C@H](Cc1ccc(F)cc1)N1CCC(CN2CCC(Oc3ccc(Cl)cc3)CC2)CC1,3.0,O=C(O)[C@H](Cc1ccc(F)cc1)N1CCC(CN2CCC(Oc3ccc(Cl)cc3)CC2)CC1,4.730200000000005,0,0.5,1,4,1,"{""number"": ""3.0"", ""relation"": ""="", ""status"": ""VALID""}",475.00400000000036,data/raw/tdc/clearance_hepatocyte_az.tab,CHEMBL2158778,O=C(O)[C@H](Cc1ccc(F)cc1)N1CCC(CN2CCC(Oc3ccc(Cl)cc3)CC2)CC1,3.0,8,Clearance_Hepatocyte_AZ,408,,VALID,53.010000000000005,0
CHEMBL898,O=C(O)c1cc(-c2ccc(F)cc2F)ccc1O,6.31,O=C(O)c1cc(-c2ccc(F)cc2F)ccc1O,3.035600000000001,0,0.0,1,2,2,"{""number"": ""6.31"", ""relation"": ""="", ""status"": ""VALID""}",250.19999999999996,data/raw/tdc/clearance_hepatocyte_az.tab,CHEMBL898,O=C(O)c1cc(-c2ccc(F)cc2F)ccc1O,6.31,2,Clearance_Hepatocyte_AZ,409,,VALID,57.53,0
CHEMBL2070950,N#CC1(NC(=O)[C@@H]2CCCC[C@H]2C(=O)N2CCN(c3nc4ccncc4s3)CC2)CC1,6.61,N#CC1(NC(=O)[C@@H]2CCCC[C@H]2C(=O)N2CCN(c3nc4ccncc4s3)CC2)CC1,2.3186799999999996,0,0.5909090909090909,1,7,1,"{""number"": ""6.61"", ""relation"": ""="", ""status"": ""VALID""}",438.5570000000002,data/raw/tdc/clearance_hepatocyte_az.tab,CHEMBL2070950,N#CC1(NC(=O)[C@@H]2CCCC[C@H]2C(=O)N2CCN(c3nc4ccncc4s3)CC2)CC1,6.61,4,Clearance_Hepatocyte_AZ,410,,VALID,102.22,0
CHEMBL1272,CCOc1cc(CC(=O)N[C@@H](CC(C)C)c2ccccc2N2CCCCC2)ccc1C(=O)O,29.51,CCOc1cc(CC(=O)N[C@@H](CC(C)C)c2ccccc2N2CCCCC2)ccc1C(=O)O,5.219900000000005,0,0.48148148148148145,1,4,2,"{""number"": ""29.51"", ""relation"": ""="", ""status"": ""VALID""}",452.5950000000003,data/raw/tdc/clearance_hepatocyte_az.tab,CHEMBL1272,CCOc1cc(CC(=O)N[C@@H](CC(C)C)c2ccccc2N2CCCCC2)ccc1C(=O)O,29.51,10,Clearance_Hepatocyte_AZ,411,,VALID,78.87,0
CHEMBL398338,CC(C)(C)c1ccc2c(c1)CC[C@H]2NC(=O)Nc1cccc2[nH]ncc12,20.42,CC(C)(C)c1ccc2c(c1)CC[C@H]2NC(=O)Nc1cccc2[nH]ncc12,4.669400000000003,0,0.3333333333333333,1,2,3,"{""number"": ""20.42"", ""relation"": ""="", ""status"": ""VALID""}",348.45000000000005,data/raw/tdc/clearance_hepatocyte_az.tab,CHEMBL398338,CC(C)(C)c1ccc2c(c1)CC[C@H]2NC(=O)Nc1cccc2[nH]ncc12,20.42,2,Clearance_Hepatocyte_AZ,412,,VALID,69.81,0
CHEMBL2169908,Cc1noc2cc(N3CCN(C(=O)[C@@H]4CCCC[C@H]4C(=O)NC4(C#N)CC4)[C@H](C)C3)ccc12,30.2,Cc1noc2cc(N3CCN(C(=O)[C@@H]4CCCC[C@H]4C(=O)NC4(C#N)CC4)[C@H](C)C3)ccc12,3.152100000000001,0,0.6,1,6,1,"{""number"": ""30.2"", ""relation"": ""="", ""status"": ""VALID""}",449.55500000000023,data/raw/tdc/clearance_hepatocyte_az.tab,CHEMBL2169908,Cc1noc2cc(N3CCN(C(=O)[C@@H]4CCCC[C@H]4C(=O)NC4(C#N)CC4)[C@H](C)C3)ccc12,30.2,4,Clearance_Hepatocyte_AZ,413,,VALID,102.47,0
CHEMBL511444,CN[C@@H](C)C(=O)N[C@H](C(=O)N1CC[C@H]2CC[C@H](NC(=O)c3cccc4ccccc34)[C@H]21)C(C)(C)C,12.02,CN[C@@H](C)C(=O)N[C@H](C(=O)N1CC[C@H]2CC[C@H](NC(=O)c3cccc4ccccc34)[C@H]21)C(C)(C)C,3.087900000000002,0,0.5357142857142857,1,4,3,"{""number"": ""12.02"", ""relation"": ""="", ""status"": ""VALID""}",478.6370000000002,data/raw/tdc/clearance_hepatocyte_az.tab,CHEMBL511444,CN[C@@H](C)C(=O)N[C@H](C(=O)N1CC[C@H]2CC[C@H](NC(=O)c3cccc4ccccc34)[C@H]21)C(C)(C)C,12.02,6,Clearance_Hepatocyte_AZ,414,,VALID,90.53999999999999,0
CHEMBL1164033,CN(C)CCOc1cc(NS(=O)(=O)c2c(Cl)cc(C(F)(F)F)cc2Cl)ccc1Cl,12.88,CN(C)CCOc1cc(NS(=O)(=O)c2c(Cl)cc(C(F)(F)F)cc2Cl)ccc1Cl,5.406800000000003,0,0.29411764705882354,1,4,1,"{""number"": ""12.88"", ""relation"": ""="", ""status"": ""VALID""}",491.7460000000001,data/raw/tdc/clearance_hepatocyte_az.tab,CHEMBL1164033,CN(C)CCOc1cc(NS(=O)(=O)c2c(Cl)cc(C(F)(F)F)cc2Cl)ccc1Cl,12.88,7,Clearance_Hepatocyte_AZ,415,,VALID,58.64,0
CHEMBL1086310,CC(C)c1ccc(NC(=O)Cn2cnc3c2c(=O)n(C)c(=O)n3C)cc1,16.6,CC(C)c1ccc(NC(=O)Cn2cnc3c2c(=O)n(C)c(=O)n3C)cc1,1.1957999999999995,0,0.3333333333333333,1,7,1,"{""number"": ""16.6"", ""relation"": ""="", ""status"": ""VALID""}",355.3980000000001,data/raw/tdc/clearance_hepatocyte_az.tab,CHEMBL1086310,CC(C)c1ccc(NC(=O)Cn2cnc3c2c(=O)n(C)c(=O)n3C)cc1,16.6,4,Clearance_Hepatocyte_AZ,416,,VALID,90.92000000000002,0
CHEMBL2158051,CN[C@@H](C)C(=O)N[C@H]1CN(C(=O)CC(C)C)CC[C@H]2CC[C@@H](C(=O)NC(c3ccccc3)c3ccccc3)N2C1=O,16.98,CN[C@@H](C)C(=O)N[C@H]1CN(C(=O)CC(C)C)CC[C@H]2CC[C@@H](C(=O)NC(c3ccccc3)c3ccccc3)N2C1=O,2.622900000000003,0,0.5,1,5,3,"{""number"": ""16.98"", ""relation"": ""="", ""status"": ""VALID""}",561.7270000000001,data/raw/tdc/clearance_hepatocyte_az.tab,CHEMBL2158051,CN[C@@H](C)C(=O)N[C@H]1CN(C(=O)CC(C)C)CC[C@H]2CC[C@@H](C(=O)NC(c3ccccc3)c3ccccc3)N2C1=O,16.98,9,Clearance_Hepatocyte_AZ,417,,VALID,110.85,0
CHEMBL1091644,C[C@]1(O)C[C@@H](c2nc(-c3ccc4ccc(-c5ccccc5)nc4c3)c3c(N)nccn32)C1,16.98,C[C@]1(O)C[C@@H](c2nc(-c3ccc4ccc(-c5ccccc5)nc4c3)c3c(N)nccn32)C1,4.822100000000004,0,0.19230769230769232,1,6,2,"{""number"": ""16.98"", ""relation"": ""="", ""status"": ""VALID""}",421.5040000000002,data/raw/tdc/clearance_hepatocyte_az.tab,CHEMBL1091644,C[C@]1(O)C[C@@H](c2nc(-c3ccc4ccc(-c5ccccc5)nc4c3)c3c(N)nccn32)C1,16.98,3,Clearance_Hepatocyte_AZ,418,,VALID,89.33,0
CHEMBL2177110,CCCSc1c(C(=O)NC2CCCCC2)cnn1-c1cccc(C(=O)O)c1,16.98,CCCSc1c(C(=O)NC2CCCCC2)cnn1-c1cccc(C(=O)O)c1,4.135100000000003,0,0.45,1,5,2,"{""number"": ""16.98"", ""relation"": ""="", ""status"": ""VALID""}",387.50500000000005,data/raw/tdc/clearance_hepatocyte_az.tab,CHEMBL2177110,CCCSc1c(C(=O)NC2CCCCC2)cnn1-c1cccc(C(=O)O)c1,16.98,7,Clearance_Hepatocyte_AZ,419,,VALID,84.22,0
CHEMBL285831,NS(=O)(=O)c1ccc(-n2nc(C(F)(F)F)cc2-c2ccc(C(F)(F)F)cc2)cc1,18.2,NS(=O)(=O)c1ccc(-n2nc(C(F)(F)F)cc2-c2ccc(C(F)(F)F)cc2)cc1,4.224300000000002,0,0.11764705882352941,1,4,1,"{""number"": ""18.2"", ""relation"": ""="", ""status"": ""VALID""}",435.34900000000005,data/raw/tdc/clearance_hepatocyte_az.tab,CHEMBL285831,NS(=O)(=O)c1ccc(-n2nc(C(F)(F)F)cc2-c2ccc(C(F)(F)F)cc2)cc1,18.2,3,Clearance_Hepatocyte_AZ,420,,VALID,77.98,0
CHEMBL1916533,COc1ccc2ncc(F)c(CCN3CCC(NCc4ccc5c(n4)NC(=O)CO5)CC3)c2n1,39.81,COc1ccc2ncc(F)c(CCN3CCC(NCc4ccc5c(n4)NC(=O)CO5)CC3)c2n1,2.3001000000000005,0,0.4166666666666667,1,8,2,"{""number"": ""39.81"", ""relation"": ""="", ""status"": ""VALID""}",466.5170000000003,data/raw/tdc/clearance_hepatocyte_az.tab,CHEMBL1916533,COc1ccc2ncc(F)c(CCN3CCC(NCc4ccc5c(n4)NC(=O)CO5)CC3)c2n1,39.81,7,Clearance_Hepatocyte_AZ,421,,VALID,101.5,0
CHEMBL402501,C[C@H](Cc1cccc(CC(=O)NC23CC4CC(CC(C4)C2)C3)c1)NC[C@H](O)c1ccc(O)c(CO)c1,43.0,C[C@H](Cc1cccc(CC(=O)NC23CC4CC(CC(C4)C2)C3)c1)NC[C@H](O)c1ccc(O)c(CO)c1,3.766200000000002,0,0.5666666666666667,1,5,5,"{""number"": ""43.0"", ""relation"": ""="", ""status"": ""VALID""}",492.66000000000025,data/raw/tdc/clearance_hepatocyte_az.tab,CHEMBL402501,C[C@H](Cc1cccc(CC(=O)NC23CC4CC(CC(C4)C2)C3)c1)NC[C@H](O)c1ccc(O)c(CO)c1,43.0,10,Clearance_Hepatocyte_AZ,422,,VALID,101.82000000000001,4
CHEMBL1463345,C[C@]12CC[C@H]3[C@@H](C=CC4=CC(=O)CC[C@@]43C)[C@@H]1CC[C@@]21CCC(=O)O1,45.71,C[C@]12CCC(=O)C=C1C=C[C@@H]1[C@@H]2CC[C@@]2(C)[C@H]1CC[C@@]21CCC(=O)O1,4.370100000000003,0,0.7272727272727273,1,3,0,"{""number"": ""45.71"", ""relation"": ""="", ""status"": ""VALID""}",340.46300000000014,data/raw/tdc/clearance_hepatocyte_az.tab,CHEMBL1463345,C[C@]12CC[C@H]3[C@@H](C=CC4=CC(=O)CC[C@@]43C)[C@@H]1CC[C@@]21CCC(=O)O1,45.71,0,Clearance_Hepatocyte_AZ,423,,VALID,43.370000000000005,0
CHEMBL672,CC(C)OC(=O)C(C)(C)Oc1ccc(C(=O)c2ccc(Cl)cc2)cc1,54.0,CC(C)OC(=O)C(C)(C)Oc1ccc(C(=O)c2ccc(Cl)cc2)cc1,4.680000000000004,0,0.3,1,4,0,"{""number"": ""54.0"", ""relation"": ""="", ""status"": ""VALID""}",360.837,data/raw/tdc/clearance_hepatocyte_az.tab,CHEMBL672,CC(C)OC(=O)C(C)(C)Oc1ccc(C(=O)c2ccc(Cl)cc2)cc1,54.0,6,Clearance_Hepatocyte_AZ,424,,VALID,52.6,0
CHEMBL1560,C[C@H](CS)C(=O)N1CCC[C@H]1C(=O)O,57.11,C[C@H](CS)C(=O)N1CCC[C@H]1C(=O)O,0.6279000000000001,0,0.7777777777777778,1,3,2,"{""number"": ""57.11"", ""relation"": ""="", ""status"": ""VALID""}",217.28999999999996,data/raw/tdc/clearance_hepatocyte_az.tab,CHEMBL1560,C[C@H](CS)C(=O)N1CCC[C@H]1C(=O)O,57.11,3,Clearance_Hepatocyte_AZ,425,,VALID,57.61,0
CHEMBL2153439,Cc1cccc(-c2ccc(CNC(=O)CCCc3ccc4cccnc4n3)cc2)c1,60.26,Cc1cccc(-c2ccc(CNC(=O)CCCc3ccc4cccnc4n3)cc2)c1,5.244320000000004,0,0.19230769230769232,1,3,1,"{""number"": ""60.26"", ""relation"": ""="", ""status"": ""VALID""}",395.50600000000003,data/raw/tdc/clearance_hepatocyte_az.tab,CHEMBL2153439,Cc1cccc(-c2ccc(CNC(=O)CCCc3ccc4cccnc4n3)cc2)c1,60.26,7,Clearance_Hepatocyte_AZ,426,,VALID,54.88,0
CHEMBL1921946,C[C@@](C(=O)O[C@H]1C[N+]2(CC(=O)Nc3ccccn3)CCC1CC2)(c1ccccc1)N1CCCCC1,64.0,C[C@@](C(=O)O[C@H]1C[N+]2(CC(=O)Nc3ccccn3)CCC1CC2)(c1ccccc1)N1CCCCC1,3.5736000000000017,0,0.5357142857142857,1,5,1,"{""number"": ""64.0"", ""relation"": ""="", ""status"": ""VALID""}",477.6290000000005,data/raw/tdc/clearance_hepatocyte_az.tab,CHEMBL1921946,C[C@@](C(=O)O[C@H]1C[N+]2(CC(=O)Nc3ccccn3)CCC1CC2)(c1ccccc1)N1CCCCC1,64.0,7,Clearance_Hepatocyte_AZ,427,,VALID,71.53,2
CHEMBL1934415,Cc1ccc(S(=O)(=O)Nc2c(C(=O)N[C@@H](C)C(C)(C)C)c(C)nn2C2CCCCC2)cc1,8.0,Cc1ccc(S(=O)(=O)Nc2c(C(=O)N[C@@H](C)C(C)(C)C)c(C)nn2C2CCCCC2)cc1,4.970340000000005,0,0.5833333333333334,1,5,2,"{""number"": ""8.0"", ""relation"": ""="", ""status"": ""VALID""}",460.64400000000035,data/raw/tdc/clearance_hepatocyte_az.tab,CHEMBL1934415,Cc1ccc(S(=O)(=O)Nc2c(C(=O)N[C@@H](C)C(C)(C)C)c(C)nn2C2CCCCC2)cc1,8.0,6,Clearance_Hepatocyte_AZ,428,,VALID,93.09,0
CHEMBL1917433,Cc1c(Sc2ccc(Cl)cc2)c2c(NS(C)(=O)=O)cccc2n1CC(=O)O,4.76,Cc1c(Sc2ccc(Cl)cc2)c2c(NS(C)(=O)=O)cccc2n1CC(=O)O,4.210420000000003,0,0.16666666666666666,1,5,2,"{""number"": ""4.76"", ""relation"": ""="", ""status"": ""VALID""}",424.9310000000002,data/raw/tdc/clearance_hepatocyte_az.tab,CHEMBL1917433,Cc1c(Sc2ccc(Cl)cc2)c2c(NS(C)(=O)=O)cccc2n1CC(=O)O,4.76,6,Clearance_Hepatocyte_AZ,429,,VALID,88.4,0
CHEMBL1829174,Cc1cc(OCCCS(C)(=O)=O)cc(C)c1-c1cccc(COc2ccc3c(c2)OC[C@H]3CC(=O)O)c1,5.25,Cc1cc(OCCCS(C)(=O)=O)cc(C)c1-c1cccc(COc2ccc3c(c2)OC[C@H]3CC(=O)O)c1,5.313640000000005,0,0.3448275862068966,1,6,1,"{""number"": ""5.25"", ""relation"": ""="", ""status"": ""VALID""}",524.6350000000003,data/raw/tdc/clearance_hepatocyte_az.tab,CHEMBL1829174,Cc1cc(OCCCS(C)(=O)=O)cc(C)c1-c1cccc(COc2ccc3c(c2)OC[C@H]3CC(=O)O)c1,5.25,11,Clearance_Hepatocyte_AZ,430,,VALID,99.13000000000001,0
CHEMBL1684984,CS(=O)(=O)N1CCc2c(-c3cnc(N)nc3)nc(N3CCOCC3)nc21,5.37,CS(=O)(=O)N1CCc2c(-c3cnc(N)nc3)nc(N3CCOCC3)nc21,-0.3254999999999997,0,0.4666666666666667,1,9,1,"{""number"": ""5.37"", ""relation"": ""="", ""status"": ""VALID""}",377.4300000000003,data/raw/tdc/clearance_hepatocyte_az.tab,CHEMBL1684984,CS(=O)(=O)N1CCc2c(-c3cnc(N)nc3)nc(N3CCOCC3)nc21,5.37,3,Clearance_Hepatocyte_AZ,431,,VALID,127.43,0
CHEMBL2325014,Nc1[nH]ncc1-c1cc(Cl)ccc1Oc1cc(F)c(S(=O)(=O)Nc2cscn2)cc1Cl,5.62,Nc1[nH]ncc1-c1cc(Cl)ccc1Oc1cc(F)c(S(=O)(=O)Nc2cscn2)cc1Cl,5.154400000000002,0,0.0,1,7,3,"{""number"": ""5.62"", ""relation"": ""="", ""status"": ""VALID""}",500.36400000000015,data/raw/tdc/clearance_hepatocyte_az.tab,CHEMBL2325014,Nc1[nH]ncc1-c1cc(Cl)ccc1Oc1cc(F)c(S(=O)(=O)Nc2cscn2)cc1Cl,5.62,6,Clearance_Hepatocyte_AZ,432,,VALID,122.99,0
CHEMBL1256967,CC1(C)[C@H](NC(=O)/C(=N\OCc2cc(=O)c(O)cn2O)c2csc(N)n2)C(=O)N1OS(=O)(=O)O,11.48,CC1(C)[C@H](NC(=O)/C(=N\OCc2cc(=O)c(O)cn2O)c2csc(N)n2)C(=O)N1OS(=O)(=O)O,-1.4091999999999985,0,0.3125,1,14,5,"{""number"": ""11.48"", ""relation"": ""="", ""status"": ""VALID""}",518.4860000000002,data/raw/tdc/clearance_hepatocyte_az.tab,CHEMBL1256967,CC1(C)[C@H](NC(=O)/C(=N\OCc2cc(=O)c(O)cn2O)c2csc(N)n2)C(=O)N1OS(=O)(=O)O,11.48,8,Clearance_Hepatocyte_AZ,433,,VALID,235.96999999999997,0
CHEMBL583042,Cc1cnc(Nc2ccc(F)cc2Cl)nc1-c1c[nH]c(C(=O)N[C@H](CO)c2cccc(Cl)c2)c1,12.88,Cc1cnc(Nc2ccc(F)cc2Cl)nc1-c1c[nH]c(C(=O)N[C@H](CO)c2cccc(Cl)c2)c1,5.4330200000000035,0,0.125,1,5,4,"{""number"": ""12.88"", ""relation"": ""="", ""status"": ""VALID""}",500.3610000000001,data/raw/tdc/clearance_hepatocyte_az.tab,CHEMBL583042,Cc1cnc(Nc2ccc(F)cc2Cl)nc1-c1c[nH]c(C(=O)N[C@H](CO)c2cccc(Cl)c2)c1,12.88,7,Clearance_Hepatocyte_AZ,434,,VALID,102.93,0
CHEMBL1807829,O=c1[nH]c2c(O)ccc([C@@H](O)CNCCSCCCNCCc3cccc(Cl)c3Cl)c2s1,19.44,O=c1[nH]c2c(O)ccc([C@@H](O)CNCCSCCCNCCc3cccc(Cl)c3Cl)c2s1,4.180600000000003,0,0.4090909090909091,1,7,5,"{""number"": ""19.44"", ""relation"": ""="", ""status"": ""VALID""}",516.5160000000002,data/raw/tdc/clearance_hepatocyte_az.tab,CHEMBL1807829,O=c1[nH]c2c(O)ccc([C@@H](O)CNCCSCCCNCCc3cccc(Cl)c3Cl)c2s1,19.44,13,Clearance_Hepatocyte_AZ,435,,VALID,97.38000000000001,0
CHEMBL1829174,Cc1cc(OCCCS(C)(=O)=O)cc(C)c1-c1cccc(COc2ccc3c(c2)OC[C@H]3CC(=O)O)c1,10.0,Cc1cc(OCCCS(C)(=O)=O)cc(C)c1-c1cccc(COc2ccc3c(c2)OC[C@H]3CC(=O)O)c1,5.313640000000005,0,0.3448275862068966,1,6,1,"{""number"": ""10.0"", ""relation"": ""="", ""status"": ""VALID""}",524.6350000000003,data/raw/tdc/clearance_hepatocyte_az.tab,CHEMBL1829174,Cc1cc(OCCCS(C)(=O)=O)cc(C)c1-c1cccc(COc2ccc3c(c2)OC[C@H]3CC(=O)O)c1,10.0,11,Clearance_Hepatocyte_AZ,436,,VALID,99.13000000000001,0
CHEMBL513412,COc1ccc(N(C(=O)c2occc2C)C(C(=O)NC[C@@H](C)O)c2ccccc2F)c(OC)c1,87.0,COc1ccc(N(C(=O)c2occc2C)C(C(=O)NC[C@@H](C)O)c2ccccc2F)c(OC)c1,3.6294200000000023,0,0.28,1,6,2,"{""number"": ""87.0"", ""relation"": ""="", ""status"": ""VALID""}",470.4970000000002,data/raw/tdc/clearance_hepatocyte_az.tab,CHEMBL513412,COc1ccc(N(C(=O)c2occc2C)C(C(=O)NC[C@@H](C)O)c2ccccc2F)c(OC)c1,87.0,9,Clearance_Hepatocyte_AZ,437,,VALID,101.24000000000001,1
CHEMBL551707,O=C(NCC12CC3CC(CC(C3)C1)C2)c1c(Cl)ccc2nc(N3CCC[C@H](NCCc4nnn[nH]4)C3)ccc12,13.0,O=C(NCC12CC3CC(CC(C3)C1)C2)c1c(Cl)ccc2nc(N3CCC[C@H](NCCc4nnn[nH]4)C3)ccc12,4.148600000000002,0,0.6206896551724138,1,7,3,"{""number"": ""13.0"", ""relation"": ""="", ""status"": ""VALID""}",549.1230000000003,data/raw/tdc/clearance_hepatocyte_az.tab,CHEMBL551707,O=C(NCC12CC3CC(CC(C3)C1)C2)c1c(Cl)ccc2nc(N3CCC[C@H](NCCc4nnn[nH]4)C3)ccc12,13.0,8,Clearance_Hepatocyte_AZ,438,,VALID,111.72,4
CHEMBL1766779,CS(=O)(=O)c1ccc(-c2cnc(N)c(C(=O)Nc3ccccc3)n2)cc1,19.05,CS(=O)(=O)c1ccc(-c2cnc(N)c(C(=O)Nc3ccccc3)n2)cc1,2.3816000000000006,0,0.05555555555555555,1,6,2,"{""number"": ""19.05"", ""relation"": ""="", ""status"": ""VALID""}",368.41800000000006,data/raw/tdc/clearance_hepatocyte_az.tab,CHEMBL1766779,CS(=O)(=O)c1ccc(-c2cnc(N)c(C(=O)Nc3ccccc3)n2)cc1,19.05,4,Clearance_Hepatocyte_AZ,439,,VALID,115.04,0
CHEMBL2017259,N#Cc1ccc(C(=O)Nc2ccc(-n3ccnc3)nc2)cc1,20.42,N#Cc1ccc(C(=O)Nc2ccc(-n3ccnc3)nc2)cc1,2.39128,0,0.0,1,5,1,"{""number"": ""20.42"", ""relation"": ""="", ""status"": ""VALID""}",289.298,data/raw/tdc/clearance_hepatocyte_az.tab,CHEMBL2017259,N#Cc1ccc(C(=O)Nc2ccc(-n3ccnc3)nc2)cc1,20.42,3,Clearance_Hepatocyte_AZ,440,,VALID,83.60000000000001,0
CHEMBL1916272,CCC(CC)NC(=O)c1c(C)nn(-c2ccccc2)c1NS(=O)(=O)c1ccc(C)cc1,13.49,CCC(CC)NC(=O)c1c(C)nn(-c2ccccc2)c1NS(=O)(=O)c1ccc(C)cc1,4.208340000000003,0,0.30434782608695654,1,5,2,"{""number"": ""13.49"", ""relation"": ""="", ""status"": ""VALID""}",440.5690000000002,data/raw/tdc/clearance_hepatocyte_az.tab,CHEMBL1916272,CCC(CC)NC(=O)c1c(C)nn(-c2ccccc2)c1NS(=O)(=O)c1ccc(C)cc1,13.49,8,Clearance_Hepatocyte_AZ,441,,VALID,93.09,0
CHEMBL464552,CNC(=O)c1c(F)cccc1Nc1nc(Nc2cc3c(cc2OC)CCN3C(=O)CN(C)C)nc2[nH]ccc12,21.88,CNC(=O)c1c(F)cccc1Nc1nc(Nc2cc3c(cc2OC)CCN3C(=O)CN(C)C)nc2[nH]ccc12,3.403100000000001,0,0.25925925925925924,1,8,4,"{""number"": ""21.88"", ""relation"": ""="", ""status"": ""VALID""}",532.5800000000004,data/raw/tdc/clearance_hepatocyte_az.tab,CHEMBL464552,CNC(=O)c1c(F)cccc1Nc1nc(Nc2cc3c(cc2OC)CCN3C(=O)CN(C)C)nc2[nH]ccc12,21.88,8,Clearance_Hepatocyte_AZ,442,,VALID,127.50999999999999,0
CHEMBL2220442,CC(C)n1c(/C=C/C(O)CC(O)CC(=O)O)c(-c2ccc(F)cc2)c2ccccc21,3.0,CC(C)n1c(/C=C/C(O)CC(O)CC(=O)O)c(-c2ccc(F)cc2)c2ccccc21,4.628100000000003,0,0.2916666666666667,1,4,3,"{""number"": ""3.0"", ""relation"": ""="", ""status"": ""VALID""}",411.473,data/raw/tdc/clearance_hepatocyte_az.tab,CHEMBL2220442,CC(C)n1c(/C=C/C(O)CC(O)CC(=O)O)c(-c2ccc(F)cc2)c2ccccc21,3.0,8,Clearance_Hepatocyte_AZ,443,,VALID,82.69,2
CHEMBL1421,Cc1nc(Nc2ncc(C(=O)Nc3c(C)cccc3Cl)s2)cc(N2CCN(CCO)CC2)n1,28.18,Cc1nc(Nc2ncc(C(=O)Nc3c(C)cccc3Cl)s2)cc(N2CCN(CCO)CC2)n1,3.3135400000000015,0,0.36363636363636365,1,9,3,"{""number"": ""28.18"", ""relation"": ""="", ""status"": ""VALID""}",488.01700000000034,data/raw/tdc/clearance_hepatocyte_az.tab,CHEMBL1421,Cc1nc(Nc2ncc(C(=O)Nc3c(C)cccc3Cl)s2)cc(N2CCN(CCO)CC2)n1,28.18,7,Clearance_Hepatocyte_AZ,444,,VALID,106.50999999999999,0
CHEMBL408,Cc1c(C)c2c(c(C)c1O)CCC(C)(COc1ccc(CC3SC(=O)NC3=O)cc1)O2,28.18,Cc1c(C)c2c(c(C)c1O)CCC(C)(COc1ccc(CC3SC(=O)NC3=O)cc1)O2,4.374260000000002,0,0.4166666666666667,1,6,2,"{""number"": ""28.18"", ""relation"": ""="", ""status"": ""VALID""}",441.54900000000015,data/raw/tdc/clearance_hepatocyte_az.tab,CHEMBL408,Cc1c(C)c2c(c(C)c1O)CCC(C)(COc1ccc(CC3SC(=O)NC3=O)cc1)O2,28.18,5,Clearance_Hepatocyte_AZ,445,,VALID,84.86,2
CHEMBL1209914,CC(=O)N1N=C(c2ccc(Br)cc2)CC1c1ccc(C)cc1,30.9,CC(=O)N1N=C(c2ccc(Br)cc2)CC1c1ccc(C)cc1,4.4551200000000035,0,0.2222222222222222,1,2,0,"{""number"": ""30.9"", ""relation"": ""="", ""status"": ""VALID""}",357.25100000000003,data/raw/tdc/clearance_hepatocyte_az.tab,CHEMBL1209914,CC(=O)N1N=C(c2ccc(Br)cc2)CC1c1ccc(C)cc1,30.9,2,Clearance_Hepatocyte_AZ,446,,VALID,32.67,1
CHEMBL1762530,Cc1ccc(CO)cc1N(C)c1ccnc(Nc2cc(N3CCOCC3)cc(N3CCOCC3)c2)n1,31.62,Cc1ccc(CO)cc1N(C)c1ccnc(Nc2cc(N3CCOCC3)cc(N3CCOCC3)c2)n1,3.4620200000000017,0,0.4074074074074074,1,9,2,"{""number"": ""31.62"", ""relation"": ""="", ""status"": ""VALID""}",490.60800000000046,data/raw/tdc/clearance_hepatocyte_az.tab,CHEMBL1762530,Cc1ccc(CO)cc1N(C)c1ccnc(Nc2cc(N3CCOCC3)cc(N3CCOCC3)c2)n1,31.62,7,Clearance_Hepatocyte_AZ,447,,VALID,86.22,0
CHEMBL655,Cc1ncc2n1-c1ccc(Cl)cc1C(c1ccccc1F)=NC2,32.36,Cc1ncc2n1-c1ccc(Cl)cc1C(c1ccccc1F)=NC2,4.324220000000002,0,0.1111111111111111,1,3,0,"{""number"": ""32.36"", ""relation"": ""="", ""status"": ""VALID""}",325.77400000000006,data/raw/tdc/clearance_hepatocyte_az.tab,CHEMBL655,Cc1ncc2n1-c1ccc(Cl)cc1C(c1ccccc1F)=NC2,32.36,1,Clearance_Hepatocyte_AZ,448,,VALID,30.18,0
CHEMBL1416617,Cc1nn(-c2ccccc2)c(N)c1-c1ccccc1,32.36,Cc1nn(-c2ccccc2)c(N)c1-c1ccccc1,3.429920000000001,0,0.0625,1,3,1,"{""number"": ""32.36"", ""relation"": ""="", ""status"": ""VALID""}",249.31699999999998,data/raw/tdc/clearance_hepatocyte_az.tab,CHEMBL1416617,Cc1nn(-c2ccccc2)c(N)c1-c1ccccc1,32.36,2,Clearance_Hepatocyte_AZ,449,,VALID,43.84,0
CHEMBL1868114,COCCNc1nc(NCc2ccccc2F)c2sccc2n1,147.91,COCCNc1nc(NCc2ccccc2F)c2sccc2n1,3.5008000000000017,0,0.25,1,6,2,"{""number"": ""147.91"", ""relation"": ""="", ""status"": ""VALID""}",332.404,data/raw/tdc/clearance_hepatocyte_az.tab,CHEMBL1868114,COCCNc1nc(NCc2ccccc2F)c2sccc2n1,147.91,7,Clearance_Hepatocyte_AZ,450,,VALID,59.07,0
CHEMBL1645496,O=c1cc(-c2cccnc2)[nH]c2cc(C(O)c3ccccc3)ccc12,46.0,O=c1cc(-c2cccnc2)[nH]c2cc(C(O)c3ccccc3)ccc12,3.671800000000002,0,0.047619047619047616,1,3,2,"{""number"": ""46.0"", ""relation"": ""="", ""status"": ""VALID""}",328.37100000000004,data/raw/tdc/clearance_hepatocyte_az.tab,CHEMBL1645496,O=c1cc(-c2cccnc2)[nH]c2cc(C(O)c3ccccc3)ccc12,46.0,3,Clearance_Hepatocyte_AZ,451,,VALID,65.98,1
CHEMBL2178393,Nc1nnc(CCSCCc2nnc(NC(=O)Cc3ccccc3)s2)s1,72.44,Nc1nnc(CCSCCc2nnc(NC(=O)Cc3ccccc3)s2)s1,2.6713999999999993,0,0.3125,1,9,2,"{""number"": ""72.44"", ""relation"": ""="", ""status"": ""VALID""}",406.56200000000007,data/raw/tdc/clearance_hepatocyte_az.tab,CHEMBL2178393,Nc1nnc(CCSCCc2nnc(NC(=O)Cc3ccccc3)s2)s1,72.44,9,Clearance_Hepatocyte_AZ,452,,VALID,106.68,0
CHEMBL1921939,C[C@@](C(=O)O[C@H]1C[N+]2(CCOCCc3ccccc3)CCC1CC2)(c1ccccc1)N1CCCCC1,77.0,C[C@@](C(=O)O[C@H]1C[N+]2(CCOCCc3ccccc3)CCC1CC2)(c1ccccc1)N1CCCCC1,4.799200000000004,0,0.5806451612903226,1,4,0,"{""number"": ""77.0"", ""relation"": ""="", ""status"": ""VALID""}",491.6960000000004,data/raw/tdc/clearance_hepatocyte_az.tab,CHEMBL1921939,C[C@@](C(=O)O[C@H]1C[N+]2(CCOCCc3ccccc3)CCC1CC2)(c1ccccc1)N1CCCCC1,77.0,10,Clearance_Hepatocyte_AZ,453,,VALID,38.77,2
CHEMBL339053,O=C(N[C@H](Cc1ccc(Cl)cc1)C(=O)N1CCC(Cn2cncn2)(C2CCCCC2)CC1)[C@H]1Cc2ccccc2CN1,27.54,O=C(N[C@H](Cc1ccc(Cl)cc1)C(=O)N1CCC(Cn2cncn2)(C2CCCCC2)CC1)[C@H]1Cc2ccccc2CN1,4.562600000000004,0,0.5151515151515151,1,6,2,"{""number"": ""27.54"", ""relation"": ""="", ""status"": ""VALID""}",589.1840000000004,data/raw/tdc/clearance_hepatocyte_az.tab,CHEMBL339053,O=C(N[C@H](Cc1ccc(Cl)cc1)C(=O)N1CCC(Cn2cncn2)(C2CCCCC2)CC1)[C@H]1Cc2ccccc2CN1,27.54,8,Clearance_Hepatocyte_AZ,454,,VALID,92.15,0
CHEMBL1371,O=c1[nH]c2cc(Cl)ccc2o1,10.96,O=c1[nH]c2cc(Cl)ccc2o1,1.7745,0,0.0,1,2,1,"{""number"": ""10.96"", ""relation"": ""="", ""status"": ""VALID""}",169.56699999999998,data/raw/tdc/clearance_hepatocyte_az.tab,CHEMBL1371,O=c1[nH]c2cc(Cl)ccc2o1,10.96,0,Clearance_Hepatocyte_AZ,455,,VALID,46.0,0
CHEMBL1084102,O=C(O)CC[C@@H](Cc1ccc(OCc2ccccc2)cc1)NC(=O)CCCCCCc1ccccc1,17.38,O=C(O)CC[C@@H](Cc1ccc(OCc2ccccc2)cc1)NC(=O)CCCCCCc1ccccc1,6.350900000000006,0,0.3548387096774194,1,3,2,"{""number"": ""17.38"", ""relation"": ""="", ""status"": ""VALID""}",487.6400000000003,data/raw/tdc/clearance_hepatocyte_az.tab,CHEMBL1084102,O=C(O)CC[C@@H](Cc1ccc(OCc2ccccc2)cc1)NC(=O)CCCCCCc1ccccc1,17.38,16,Clearance_Hepatocyte_AZ,456,,VALID,75.63,0
CHEMBL443684,CC1(C)CCC(c2ccc(Cl)cc2)=C(CN2CCN(c3ccc(C(=O)NS(=O)(=O)c4ccc(N[C@H](CCN5CCOCC5)CSc5ccccc5)c(S(=O)(=O)C(F)(F)F)c4)cc3)CC2)C1,9.77,CC1(C)CCC(c2ccc(Cl)cc2)=C(CN2CCN(c3ccc(C(=O)NS(=O)(=O)c4ccc(N[C@H](CCN5CCOCC5)CSc5ccccc5)c(S(=O)(=O)C(F)(F)F)c4)cc3)CC2)C1,8.833200000000007,0,0.425531914893617,1,11,2,"{""number"": ""9.77"", ""relation"": ""="", ""status"": ""VALID""}",974.6339999999997,data/raw/tdc/clearance_hepatocyte_az.tab,CHEMBL443684,CC1(C)CCC(c2ccc(Cl)cc2)=C(CN2CCN(c3ccc(C(=O)NS(=O)(=O)c4ccc(N[C@H](CCN5CCOCC5)CSc5ccccc5)c(S(=O)(=O)C(F)(F)F)c4)cc3)CC2)C1,9.77,16,Clearance_Hepatocyte_AZ,457,,VALID,128.35999999999999,0
CHEMBL1934417,COCCC(C)n1nc(C)c(C(=O)N[C@@H](C)C(C)(C)C)c1NS(=O)(=O)c1ccc(C)cc1,9.9,COCCC(C)n1nc(C)c(C(=O)N[C@@H](C)C(C)(C)C)c1NS(=O)(=O)c1ccc(C)cc1,4.062640000000003,0,0.5652173913043478,1,6,2,"{""number"": ""9.9"", ""relation"": ""="", ""status"": ""VALID""}",464.6320000000002,data/raw/tdc/clearance_hepatocyte_az.tab,CHEMBL1934417,COCCC(C)n1nc(C)c(C(=O)N[C@@H](C)C(C)(C)C)c1NS(=O)(=O)c1ccc(C)cc1,9.9,9,Clearance_Hepatocyte_AZ,458,,VALID,102.32,1
CHEMBL2216902,CC(C)c1nc2ccccc2n1-c1nc(N2CCOCC2)c2nc(OC3CN(C4CCS(=O)(=O)CC4)C3)n(C)c2n1,10.0,CC(C)c1nc2ccccc2n1-c1nc(N2CCOCC2)c2nc(OC3CN(C4CCS(=O)(=O)CC4)C3)n(C)c2n1,2.3024000000000004,0,0.5714285714285714,1,12,0,"{""number"": ""10.0"", ""relation"": ""="", ""status"": ""VALID""}",580.7150000000001,data/raw/tdc/clearance_hepatocyte_az.tab,CHEMBL2216902,CC(C)c1nc2ccccc2n1-c1nc(N2CCOCC2)c2nc(OC3CN(C4CCS(=O)(=O)CC4)C3)n(C)c2n1,10.0,6,Clearance_Hepatocyte_AZ,459,,VALID,120.50000000000001,0
CHEMBL1689124,CCC[C@H]1CN(Cc2cc(Cl)ccc2OCC(=O)O)CCN1S(=O)(=O)c1ccccc1,10.0,CCC[C@H]1CN(Cc2cc(Cl)ccc2OCC(=O)O)CCN1S(=O)(=O)c1ccccc1,3.478600000000002,0,0.4090909090909091,1,5,1,"{""number"": ""10.0"", ""relation"": ""="", ""status"": ""VALID""}",466.9870000000002,data/raw/tdc/clearance_hepatocyte_az.tab,CHEMBL1689124,CCC[C@H]1CN(Cc2cc(Cl)ccc2OCC(=O)O)CCN1S(=O)(=O)c1ccccc1,10.0,9,Clearance_Hepatocyte_AZ,460,,VALID,87.15,0
CHEMBL422648,Cc1oc(=O)oc1CN1CCN(c2cc3c(cc2F)c(=O)c(C(=O)O)c2n3C(C)S2)CC1,69.18,Cc1oc(=O)oc1CN1CCN(c2cc3c(cc2F)c(=O)c(C(=O)O)c2n3C(C)S2)CC1,2.639820000000001,0,0.38095238095238093,1,9,1,"{""number"": ""69.18"", ""relation"": ""="", ""status"": ""VALID""}",461.47100000000023,data/raw/tdc/clearance_hepatocyte_az.tab,CHEMBL422648,Cc1oc(=O)oc1CN1CCN(c2cc3c(cc2F)c(=O)c(C(=O)O)c2n3C(C)S2)CC1,69.18,4,Clearance_Hepatocyte_AZ,461,,VALID,109.13,1
CHEMBL1294,C=C[C@H]1CN2CC[C@H]1C[C@@H]2[C@@H](O)c1ccnc2ccc(OC)cc12,72.44,C=C[C@H]1CN2CC[C@H]1C[C@@H]2[C@@H](O)c1ccnc2ccc(OC)cc12,3.1732000000000014,0,0.45,1,4,1,"{""number"": ""72.44"", ""relation"": ""="", ""status"": ""VALID""}",324.4240000000001,data/raw/tdc/clearance_hepatocyte_az.tab,CHEMBL1294,C=C[C@H]1CN2CC[C@H]1C[C@@H]2[C@@H](O)c1ccnc2ccc(OC)cc12,72.44,4,Clearance_Hepatocyte_AZ,462,,VALID,45.59,1
CHEMBL894,CC(NC(C)(C)C)C(=O)c1cccc(Cl)c1,72.44,CC(NC(C)(C)C)C(=O)c1cccc(Cl)c1,3.2993000000000023,0,0.46153846153846156,1,2,1,"{""number"": ""72.44"", ""relation"": ""="", ""status"": ""VALID""}",239.746,data/raw/tdc/clearance_hepatocyte_az.tab,CHEMBL894,CC(NC(C)(C)C)C(=O)c1cccc(Cl)c1,72.44,3,Clearance_Hepatocyte_AZ,463,,VALID,29.1,1
CHEMBL217899,CCc1nn(C2CCCC2)c2c1CCn1c(-c3cccs3)nnc1-2,73.0,CCc1nn(C2CCCC2)c2c1CCn1c(-c3cccs3)nnc1-2,4.1037000000000035,0,0.5,1,6,0,"{""number"": ""73.0"", ""relation"": ""="", ""status"": ""VALID""}",339.46799999999996,data/raw/tdc/clearance_hepatocyte_az.tab,CHEMBL217899,CCc1nn(C2CCCC2)c2c1CCn1c(-c3cccs3)nnc1-2,73.0,3,Clearance_Hepatocyte_AZ,464,,VALID,48.53,0
CHEMBL1921917,C[C@@](C(=O)O[C@H]1C[N+]2(CCCc3ccncc3)CCC1CC2)(c1ccccc1)N1CCCCC1,82.0,C[C@@](C(=O)O[C@H]1C[N+]2(CCCc3ccncc3)CCC1CC2)(c1ccccc1)N1CCCCC1,4.567700000000005,0,0.5862068965517241,1,4,0,"{""number"": ""82.0"", ""relation"": ""="", ""status"": ""VALID""}",462.6580000000004,data/raw/tdc/clearance_hepatocyte_az.tab,CHEMBL1921917,C[C@@](C(=O)O[C@H]1C[N+]2(CCCc3ccncc3)CCC1CC2)(c1ccccc1)N1CCCCC1,82.0,8,Clearance_Hepatocyte_AZ,465,,VALID,42.43,2
CHEMBL1489611,Cc1cc(C)cc(-c2nnc(SCC(=O)N3CCN(C(=O)c4ccco4)CC3)o2)c1,89.13,Cc1cc(C)cc(-c2nnc(SCC(=O)N3CCN(C(=O)c4ccco4)CC3)o2)c1,3.0231400000000015,0,0.3333333333333333,1,7,0,"{""number"": ""89.13"", ""relation"": ""="", ""status"": ""VALID""}",426.4980000000002,data/raw/tdc/clearance_hepatocyte_az.tab,CHEMBL1489611,Cc1cc(C)cc(-c2nnc(SCC(=O)N3CCN(C(=O)c4ccco4)CC3)o2)c1,89.13,5,Clearance_Hepatocyte_AZ,466,,VALID,92.68,0
CHEMBL212521,CC[C@H](N)C(=O)N[C@H](C#N)Cc1ccc(-c2ccccc2)cc1,91.0,CC[C@H](N)C(=O)N[C@H](C#N)Cc1ccc(-c2ccccc2)cc1,2.6417800000000016,0,0.2631578947368421,1,3,2,"{""number"": ""91.0"", ""relation"": ""="", ""status"": ""VALID""}",307.397,data/raw/tdc/clearance_hepatocyte_az.tab,CHEMBL212521,CC[C@H](N)C(=O)N[C@H](C#N)Cc1ccc(-c2ccccc2)cc1,91.0,6,Clearance_Hepatocyte_AZ,467,,VALID,78.91,0
CHEMBL1945035,O=c1[nH]c2c(O)ccc([C@@H](O)CNCCc3ccccc3CNCCc3ccccc3F)c2s1,107.0,O=c1[nH]c2c(O)ccc([C@@H](O)CNCCc3ccccc3CNCCc3ccccc3F)c2s1,3.6323000000000016,0,0.2692307692307692,1,6,5,"{""number"": ""107.0"", ""relation"": ""="", ""status"": ""VALID""}",481.5930000000002,data/raw/tdc/clearance_hepatocyte_az.tab,CHEMBL1945035,O=c1[nH]c2c(O)ccc([C@@H](O)CNCCc3ccccc3CNCCc3ccccc3F)c2s1,107.0,11,Clearance_Hepatocyte_AZ,468,,VALID,97.38000000000001,0
CHEMBL33899,CC/C(=C(\c1ccccc1)c1ccc(/C=C/C(=O)O)cc1)c1ccccc1,107.15,CC/C(=C(\c1ccccc1)c1ccc(/C=C/C(=O)O)cc1)c1ccccc1,6.1535000000000055,0,0.08,1,1,1,"{""number"": ""107.15"", ""relation"": ""="", ""status"": ""VALID""}",354.449,data/raw/tdc/clearance_hepatocyte_az.tab,CHEMBL33899,CC/C(=C(\c1ccccc1)c1ccc(/C=C/C(=O)O)cc1)c1ccccc1,107.15,6,Clearance_Hepatocyte_AZ,469,,VALID,37.3,0
CHEMBL1201016,COCC1=C(C(=O)OC(C)OC(=O)OC(C)C)N2C(=O)[C@@H](NC(=O)/C(=N\OC)c3csc(N)n3)[C@H]2SC1,114.82,COCC1=C(C(=O)OC(C)OC(=O)OC(C)C)N2C(=O)[C@@H](NC(=O)/C(=N\OC)c3csc(N)n3)[C@H]2SC1,0.8270000000000015,0,0.5238095238095238,1,14,2,"{""number"": ""114.82"", ""relation"": ""="", ""status"": ""VALID""}",557.6070000000001,data/raw/tdc/clearance_hepatocyte_az.tab,CHEMBL1201016,COCC1=C(C(=O)OC(C)OC(=O)OC(C)C)N2C(=O)[C@@H](NC(=O)/C(=N\OC)c3csc(N)n3)[C@H]2SC1,114.82,10,Clearance_Hepatocyte_AZ,470,,VALID,180.96999999999997,1
CHEMBL655,Cc1ncc2n1-c1ccc(Cl)cc1C(c1ccccc1F)=NC2,121.0,Cc1ncc2n1-c1ccc(Cl)cc1C(c1ccccc1F)=NC2,4.324220000000002,0,0.1111111111111111,1,3,0,"{""number"": ""121.0"", ""relation"": ""="", ""status"": ""VALID""}",325.77400000000006,data/raw/tdc/clearance_hepatocyte_az.tab,CHEMBL655,Cc1ncc2n1-c1ccc(Cl)cc1C(c1ccccc1F)=NC2,121.0,1,Clearance_Hepatocyte_AZ,471,,VALID,30.18,0
CHEMBL51628,O=c1ccc2ccc(O)cc2o1,123.03,O=c1ccc2ccc(O)cc2o1,1.4986,0,0.0,1,3,1,"{""number"": ""123.03"", ""relation"": ""="", ""status"": ""VALID""}",162.14399999999998,data/raw/tdc/clearance_hepatocyte_az.tab,CHEMBL51628,O=c1ccc2ccc(O)cc2o1,123.03,0,Clearance_Hepatocyte_AZ,472,,VALID,50.44,0
CHEMBL399539,COC(=O)C1=C(C)NC(C)=C(C(=O)OC(C)C)[C@@H]1c1cccc2nonc12,125.89,COC(=O)C1=C(C)NC(C)=C(C(=O)OC(C)C)[C@@H]1c1cccc2nonc12,2.5822000000000003,0,0.3684210526315789,1,8,1,"{""number"": ""125.89"", ""relation"": ""="", ""status"": ""VALID""}",371.3930000000001,data/raw/tdc/clearance_hepatocyte_az.tab,CHEMBL399539,COC(=O)C1=C(C)NC(C)=C(C(=O)OC(C)C)[C@@H]1c1cccc2nonc12,125.89,4,Clearance_Hepatocyte_AZ,473,,VALID,103.55,0
CHEMBL1773254,O=C(O)CCc1ccc(OCc2cccc(Br)c2)cc1,128.82,O=C(O)CCc1ccc(OCc2cccc(Br)c2)cc1,4.045300000000003,0,0.1875,1,2,1,"{""number"": ""128.82"", ""relation"": ""="", ""status"": ""VALID""}",335.197,data/raw/tdc/clearance_hepatocyte_az.tab,CHEMBL1773254,O=C(O)CCc1ccc(OCc2cccc(Br)c2)cc1,128.82,6,Clearance_Hepatocyte_AZ,474,,VALID,46.53,0
CHEMBL1904754,Cc1nc2ncnn2c(O)c1CCOC(=O)c1ccccc1F,129.0,Cc1nc2ncnn2c(O)c1CCOC(=O)c1ccccc1F,1.67692,0,0.2,1,7,1,"{""number"": ""129.0"", ""relation"": ""="", ""status"": ""VALID""}",316.292,data/raw/tdc/clearance_hepatocyte_az.tab,CHEMBL1904754,Cc1nc2ncnn2c(O)c1CCOC(=O)c1ccccc1F,129.0,4,Clearance_Hepatocyte_AZ,475,,VALID,89.61000000000001,0
CHEMBL1800656,CCN(CCNCCc1ccc(O)c2[nH]c(=O)sc12)C(=O)CCOCCc1ccccc1,135.0,CCN(CCNCCc1ccc(O)c2[nH]c(=O)sc12)C(=O)CCOCCc1ccccc1,2.925200000000001,0,0.4166666666666667,1,6,3,"{""number"": ""135.0"", ""relation"": ""="", ""status"": ""VALID""}",457.59600000000034,data/raw/tdc/clearance_hepatocyte_az.tab,CHEMBL1800656,CCN(CCNCCc1ccc(O)c2[nH]c(=O)sc12)C(=O)CCOCCc1ccccc1,135.0,13,Clearance_Hepatocyte_AZ,476,,VALID,94.66000000000001,0
CHEMBL60066,O=C(Nc1ccc(F)cc1)c1ccc(Cl)[n+]([O-])c1,149.0,O=C(Nc1ccc(F)cc1)c1ccc(Cl)[n+]([O-])c1,2.3648,0,0.0,1,2,1,"{""number"": ""149.0"", ""relation"": ""="", ""status"": ""VALID""}",266.659,data/raw/tdc/clearance_hepatocyte_az.tab,CHEMBL60066,O=C(Nc1ccc(F)cc1)c1ccc(Cl)[n+]([O-])c1,149.0,2,Clearance_Hepatocyte_AZ,477,,VALID,56.040000000000006,0
CHEMBL1809045,COc1cc(C2CCN(C(C)=O)CC2)ccc1Nc1ncc(Cl)c(-c2cnc3ccccn23)n1,23.99,COc1cc(C2CCN(C(C)=O)CC2)ccc1Nc1ncc(Cl)c(-c2cnc3ccccn23)n1,4.922800000000004,0,0.28,1,7,1,"{""number"": ""23.99"", ""relation"": ""="", ""status"": ""VALID""}",476.9680000000002,data/raw/tdc/clearance_hepatocyte_az.tab,CHEMBL1809045,COc1cc(C2CCN(C(C)=O)CC2)ccc1Nc1ncc(Cl)c(-c2cnc3ccccn23)n1,23.99,5,Clearance_Hepatocyte_AZ,478,,VALID,84.64999999999999,0
CHEMBL2326624,COc1cccc2c1c(NS(=O)(=O)c1ccc(Cl)s1)nn2Cc1cccc(CNC(=O)[C@@H]2COCCN2)c1,26.0,COc1cccc2c1c(NS(=O)(=O)c1ccc(Cl)s1)nn2Cc1cccc(CNC(=O)[C@@H]2COCCN2)c1,3.2135000000000016,0,0.28,1,9,3,"{""number"": ""26.0"", ""relation"": ""="", ""status"": ""VALID""}",576.1,data/raw/tdc/clearance_hepatocyte_az.tab,CHEMBL2326624,COc1cccc2c1c(NS(=O)(=O)c1ccc(Cl)s1)nn2Cc1cccc(CNC(=O)[C@@H]2COCCN2)c1,26.0,9,Clearance_Hepatocyte_AZ,479,,VALID,123.58,0
CHEMBL1944694,COc1ccccc1CCNCc1ccc(CCNC[C@H](O)c2ccc(O)c3[nH]c(=O)sc23)cc1,29.0,COc1ccccc1CCNCc1ccc(CCNC[C@H](O)c2ccc(O)c3[nH]c(=O)sc23)cc1,3.501800000000002,0,0.2962962962962963,1,7,5,"{""number"": ""29.0"", ""relation"": ""="", ""status"": ""VALID""}",493.62900000000013,data/raw/tdc/clearance_hepatocyte_az.tab,CHEMBL1944694,COc1ccccc1CCNCc1ccc(CCNC[C@H](O)c2ccc(O)c3[nH]c(=O)sc23)cc1,29.0,12,Clearance_Hepatocyte_AZ,480,,VALID,106.60999999999999,0
CHEMBL1669157,O=C(CN1CCOCC1)Nc1ccc(-c2cccc3c(=O)cc(N4CCOCC4)oc23)cc1O,18.62,O=C(CN1CCOCC1)Nc1ccc(-c2cccc3c(=O)cc(N4CCOCC4)oc23)cc1O,2.2729000000000004,0,0.36,1,8,2,"{""number"": ""18.62"", ""relation"": ""="", ""status"": ""VALID""}",465.50600000000037,data/raw/tdc/clearance_hepatocyte_az.tab,CHEMBL1669157,O=C(CN1CCOCC1)Nc1ccc(-c2cccc3c(=O)cc(N4CCOCC4)oc23)cc1O,18.62,5,Clearance_Hepatocyte_AZ,481,,VALID,104.48,0
CHEMBL2089280,Cc1ccc(-c2cccc([S@]3(=O)=NC(=O)[C@H](C)N3)c2)cc1,19.5,Cc1ccc(-c2cccc([S@]3(=O)=NC(=O)[C@H](C)N3)c2)cc1,2.9222200000000003,0,0.1875,1,2,1,"{""number"": ""19.5"", ""relation"": ""="", ""status"": ""VALID""}",300.383,data/raw/tdc/clearance_hepatocyte_az.tab,CHEMBL2089280,Cc1ccc(-c2cccc([S@]3(=O)=NC(=O)[C@H](C)N3)c2)cc1,19.5,2,Clearance_Hepatocyte_AZ,482,,VALID,58.53,0
CHEMBL1916273,Cc1ccc(S(=O)(=O)Nc2c(C(=O)NC(C)C)c(C)nn2-c2ccccc2)cc1,51.0,Cc1ccc(S(=O)(=O)Nc2c(C(=O)NC(C)C)c(C)nn2-c2ccccc2)cc1,3.4281400000000026,0,0.23809523809523808,1,5,2,"{""number"": ""51.0"", ""relation"": ""="", ""status"": ""VALID""}",412.5150000000001,data/raw/tdc/clearance_hepatocyte_az.tab,CHEMBL1916273,Cc1ccc(S(=O)(=O)Nc2c(C(=O)NC(C)C)c(C)nn2-c2ccccc2)cc1,51.0,6,Clearance_Hepatocyte_AZ,483,,VALID,93.09,0
CHEMBL469728,COc1ccc(N(C(=O)c2occc2Cl)C(C(=O)NC[C@@H](C)O)c2ccccc2F)c(OC)c1,59.0,COc1ccc(N(C(=O)c2occc2Cl)C(C(=O)NC[C@@H](C)O)c2ccccc2F)c(OC)c1,3.974400000000003,0,0.25,1,6,2,"{""number"": ""59.0"", ""relation"": ""="", ""status"": ""VALID""}",490.9150000000002,data/raw/tdc/clearance_hepatocyte_az.tab,CHEMBL469728,COc1ccc(N(C(=O)c2occc2Cl)C(C(=O)NC[C@@H](C)O)c2ccccc2F)c(OC)c1,59.0,9,Clearance_Hepatocyte_AZ,484,,VALID,101.24000000000001,1
CHEMBL1921923,C[C@@](C(=O)O[C@H]1C[N+]2(CCCc3cncnc3)CCC1CC2)(c1ccccc1)N1CCCCC1,66.0,C[C@@](C(=O)O[C@H]1C[N+]2(CCCc3cncnc3)CCC1CC2)(c1ccccc1)N1CCCCC1,3.9627000000000026,0,0.6071428571428571,1,5,0,"{""number"": ""66.0"", ""relation"": ""="", ""status"": ""VALID""}",463.6460000000004,data/raw/tdc/clearance_hepatocyte_az.tab,CHEMBL1921923,C[C@@](C(=O)O[C@H]1C[N+]2(CCCc3cncnc3)CCC1CC2)(c1ccccc1)N1CCCCC1,66.0,8,Clearance_Hepatocyte_AZ,485,,VALID,55.32,2
CHEMBL9967,CN1CCN(CC(=O)N2c3ccccc3C(=O)Nc3cccnc32)CC1,6.76,CN1CCN(CC(=O)N2c3ccccc3C(=O)Nc3cccnc32)CC1,1.5593999999999992,0,0.3157894736842105,1,5,1,"{""number"": ""6.76"", ""relation"": ""="", ""status"": ""VALID""}",351.41000000000014,data/raw/tdc/clearance_hepatocyte_az.tab,CHEMBL9967,CN1CCN(CC(=O)N2c3ccccc3C(=O)Nc3cccnc32)CC1,6.76,2,Clearance_Hepatocyte_AZ,486,,VALID,68.78,0
CHEMBL33,C[C@H]1COc2c(N3CCN(C)CC3)c(F)cc3c(=O)c(C(=O)O)cn1c23,3.0,C[C@H]1COc2c(N3CCN(C)CC3)c(F)cc3c(=O)c(C(=O)O)cn1c23,1.5439999999999998,0,0.4444444444444444,1,6,1,"{""number"": ""3.0"", ""relation"": ""="", ""status"": ""VALID""}",361.37300000000005,data/raw/tdc/clearance_hepatocyte_az.tab,CHEMBL33,C[C@H]1COc2c(N3CCN(C)CC3)c(F)cc3c(=O)c(C(=O)O)cn1c23,3.0,2,Clearance_Hepatocyte_AZ,487,,VALID,75.00999999999999,0
CHEMBL1807826,O=c1[nH]c2c(O)ccc([C@@H](O)CNCCSCCCNCCc3cccc(C(F)(F)F)c3)c2s1,6.0,O=c1[nH]c2c(O)ccc([C@@H](O)CNCCSCCCNCCc3cccc(C(F)(F)F)c3)c2s1,3.8926000000000025,0,0.43478260869565216,1,7,5,"{""number"": ""6.0"", ""relation"": ""="", ""status"": ""VALID""}",515.6230000000002,data/raw/tdc/clearance_hepatocyte_az.tab,CHEMBL1807826,O=c1[nH]c2c(O)ccc([C@@H](O)CNCCSCCCNCCc3cccc(C(F)(F)F)c3)c2s1,6.0,13,Clearance_Hepatocyte_AZ,488,,VALID,97.38000000000001,0
CHEMBL1645135,C[C@H](NC(=O)c1cccc2c1N(Cc1ccc(Cl)cc1)CC2)c1ccc(C(=O)O)cc1,13.18,C[C@H](NC(=O)c1cccc2c1N(Cc1ccc(Cl)cc1)CC2)c1ccc(C(=O)O)cc1,5.091900000000004,0,0.2,1,3,2,"{""number"": ""13.18"", ""relation"": ""="", ""status"": ""VALID""}",434.9230000000002,data/raw/tdc/clearance_hepatocyte_az.tab,CHEMBL1645135,C[C@H](NC(=O)c1cccc2c1N(Cc1ccc(Cl)cc1)CC2)c1ccc(C(=O)O)cc1,13.18,6,Clearance_Hepatocyte_AZ,489,,VALID,69.64,0
CHEMBL370657,Cn1c(-c2ccccc2C(F)(F)F)nnc1C12CCC(c3noc(-c4ccc(F)cc4)n3)(CC1)CC2,7.94,Cn1c(-c2ccccc2C(F)(F)F)nnc1C12CCC(c3noc(-c4ccc(F)cc4)n3)(CC1)CC2,6.2336000000000045,0,0.38461538461538464,1,6,0,"{""number"": ""7.94"", ""relation"": ""="", ""status"": ""VALID""}",497.49600000000027,data/raw/tdc/clearance_hepatocyte_az.tab,CHEMBL370657,Cn1c(-c2ccccc2C(F)(F)F)nnc1C12CCC(c3noc(-c4ccc(F)cc4)n3)(CC1)CC2,7.94,4,Clearance_Hepatocyte_AZ,490,,VALID,69.63,2
CHEMBL108,NC(=O)N1c2ccccc2C=Cc2ccccc21,19.95,NC(=O)N1c2ccccc2C=Cc2ccccc21,3.3872000000000018,0,0.0,1,1,1,"{""number"": ""19.95"", ""relation"": ""="", ""status"": ""VALID""}",236.274,data/raw/tdc/clearance_hepatocyte_az.tab,CHEMBL108,NC(=O)N1c2ccccc2C=Cc2ccccc21,19.95,0,Clearance_Hepatocyte_AZ,491,,VALID,46.330000000000005,0
CHEMBL1809057,COc1cc(C(CO)CO)ccc1Nc1ncc(Cl)c(-c2cnc3ccccn23)n1,19.95,COc1cc(C(CO)CO)ccc1Nc1ncc(Cl)c(-c2cnc3ccccn23)n1,3.2651000000000003,0,0.19047619047619047,1,8,3,"{""number"": ""19.95"", ""relation"": ""="", ""status"": ""VALID""}",425.87600000000015,data/raw/tdc/clearance_hepatocyte_az.tab,CHEMBL1809057,COc1cc(C(CO)CO)ccc1Nc1ncc(Cl)c(-c2cnc3ccccn23)n1,19.95,7,Clearance_Hepatocyte_AZ,492,,VALID,104.8,0
CHEMBL168634,Cc1ccc(S(=O)(=O)N2N=Cc3ccccc3B2O)cc1,6.17,Cc1ccc(S(=O)(=O)N2N=Cc3ccccc3B2O)cc1,0.72092,0,0.07142857142857142,1,4,1,"{""number"": ""6.17"", ""relation"": ""="", ""status"": ""VALID""}",300.148,data/raw/tdc/clearance_hepatocyte_az.tab,CHEMBL168634,Cc1ccc(S(=O)(=O)N2N=Cc3ccccc3B2O)cc1,6.17,2,Clearance_Hepatocyte_AZ,493,,VALID,69.97,0
CHEMBL2153435,CCNC(=O)C[C@H]1N=C(c2ccc(Cl)cc2)c2cc(OC)ccc2-n2c(C)nnc21,6.31,CCNC(=O)C[C@H]1N=C(c2ccc(Cl)cc2)c2cc(OC)ccc2-n2c(C)nnc21,3.6560200000000025,0,0.2727272727272727,1,6,1,"{""number"": ""6.31"", ""relation"": ""="", ""status"": ""VALID""}",423.90400000000017,data/raw/tdc/clearance_hepatocyte_az.tab,CHEMBL2153435,CCNC(=O)C[C@H]1N=C(c2ccc(Cl)cc2)c2cc(OC)ccc2-n2c(C)nnc21,6.31,5,Clearance_Hepatocyte_AZ,494,,VALID,81.39999999999999,0
CHEMBL642,CCCC(=O)Nc1ccc(OCC(O)CNC(C)C)c(C(C)=O)c1,6.92,CCCC(=O)Nc1ccc(OCC(O)CNC(C)C)c(C(C)=O)c1,2.3655,0,0.5555555555555556,1,5,3,"{""number"": ""6.92"", ""relation"": ""="", ""status"": ""VALID""}",336.4320000000001,data/raw/tdc/clearance_hepatocyte_az.tab,CHEMBL642,CCCC(=O)Nc1ccc(OCC(O)CNC(C)C)c(C(C)=O)c1,6.92,10,Clearance_Hepatocyte_AZ,495,,VALID,87.66,1
CHEMBL1689122,CC1CN(S(=O)(=O)c2ccccc2)CCN1Cc1cc(Cl)ccc1OCC(=O)O,7.0,CC1CN(S(=O)(=O)c2ccccc2)CCN1Cc1cc(Cl)ccc1OCC(=O)O,2.6984000000000012,0,0.35,1,5,1,"{""number"": ""7.0"", ""relation"": ""="", ""status"": ""VALID""}",438.93300000000016,data/raw/tdc/clearance_hepatocyte_az.tab,CHEMBL1689122,CC1CN(S(=O)(=O)c2ccccc2)CCN1Cc1cc(Cl)ccc1OCC(=O)O,7.0,7,Clearance_Hepatocyte_AZ,496,,VALID,87.15000000000002,1
CHEMBL1779512,COC[C@@H](O)Cn1c(=O)cnn(-c2ccc(Cl)c(C(=O)NCC3(O)CCCCCC3)c2)c1=O,8.0,COC[C@@H](O)Cn1c(=O)cnn(-c2ccc(Cl)c(C(=O)NCC3(O)CCCCCC3)c2)c1=O,0.8699999999999988,0,0.5454545454545454,1,9,3,"{""number"": ""8.0"", ""relation"": ""="", ""status"": ""VALID""}",480.94900000000047,data/raw/tdc/clearance_hepatocyte_az.tab,CHEMBL1779512,COC[C@@H](O)Cn1c(=O)cnn(-c2ccc(Cl)c(C(=O)NCC3(O)CCCCCC3)c2)c1=O,8.0,8,Clearance_Hepatocyte_AZ,497,,VALID,135.68,0
CHEMBL2088413,Cc1ccc(CCNC(=O)c2ccc3sc(CO)nc3c2)cc1,42.66,Cc1ccc(CCNC(=O)c2ccc3sc(CO)nc3c2)cc1,3.0695200000000016,0,0.2222222222222222,1,4,2,"{""number"": ""42.66"", ""relation"": ""="", ""status"": ""VALID""}",326.42100000000005,data/raw/tdc/clearance_hepatocyte_az.tab,CHEMBL2088413,Cc1ccc(CCNC(=O)c2ccc3sc(CO)nc3c2)cc1,42.66,5,Clearance_Hepatocyte_AZ,498,,VALID,62.22,0
CHEMBL403313,CN(C)S(=O)(=O)NC(=O)CCCc1c(-c2ccc(F)cc2)[nH]c2ccc(C#N)cc12,44.0,CN(C)S(=O)(=O)NC(=O)CCCc1c(-c2ccc(F)cc2)[nH]c2ccc(C#N)cc12,3.090980000000001,0,0.23809523809523808,1,4,2,"{""number"": ""44.0"", ""relation"": ""="", ""status"": ""VALID""}",428.4890000000001,data/raw/tdc/clearance_hepatocyte_az.tab,CHEMBL403313,CN(C)S(=O)(=O)NC(=O)CCCc1c(-c2ccc(F)cc2)[nH]c2ccc(C#N)cc12,44.0,7,Clearance_Hepatocyte_AZ,499,,VALID,106.06,0
CHEMBL413,CO[C@H]1C[C@@H]2CC[C@@H](C)[C@@](O)(O2)C(=O)C(=O)N2CCCC[C@H]2C(=O)O[C@H]([C@H](C)C[C@@H]2CC[C@@H](O)[C@H](OC)C2)CC(=O)[C@H](C)/C=C(\C)[C@@H](O)[C@@H](OC)C(=O)[C@H](C)C[C@H](C)/C=C/C=C/C=C/1C,50.12,CO[C@H]1C[C@@H]2CC[C@@H](C)[C@@](O)(O2)C(=O)C(=O)N2CCCC[C@H]2C(=O)O[C@H]([C@H](C)C[C@@H]2CC[C@@H](O)[C@H](OC)C2)CC(=O)[C@H](C)/C=C(\C)[C@@H](O)[C@@H](OC)C(=O)[C@H](C)C[C@H](C)/C=C/C=C/C=C/1C,6.180600000000006,0,0.7450980392156863,1,13,3,"{""number"": ""50.12"", ""relation"": ""="", ""status"": ""VALID""}",914.187,data/raw/tdc/clearance_hepatocyte_az.tab,CHEMBL413,CO[C@H]1C[C@@H]2CC[C@@H](C)[C@@](O)(O2)C(=O)C(=O)N2CCCC[C@H]2C(=O)O[C@H]([C@H](C)C[C@@H]2CC[C@@H](O)[C@H](OC)C2)CC(=O)[C@H](C)/C=C(\C)[C@@H](O)[C@@H](OC)C(=O)[C@H](C)C[C@H](C)/C=C/C=C/C=C/1C,50.12,6,Clearance_Hepatocyte_AZ,500,,VALID,195.42999999999995,0
CHEMBL1738764,Cc1ccc(CO)cc1N(c1ccnc(Nc2cc(N3CCOCC3)cc(S(C)(=O)=O)c2)n1)C(C)C,53.7,Cc1ccc(CO)cc1N(c1ccnc(Nc2cc(N3CCOCC3)cc(S(C)(=O)=O)c2)n1)C(C)C,3.807520000000003,0,0.38461538461538464,1,9,2,"{""number"": ""53.7"", ""relation"": ""="", ""status"": ""VALID""}",511.64800000000037,data/raw/tdc/clearance_hepatocyte_az.tab,CHEMBL1738764,Cc1ccc(CO)cc1N(c1ccnc(Nc2cc(N3CCOCC3)cc(S(C)(=O)=O)c2)n1)C(C)C,53.7,8,Clearance_Hepatocyte_AZ,501,,VALID,107.89,0
CHEMBL1916261,CCC(CC)NC(=O)c1nnn(-c2ccccc2)c1NS(=O)(=O)c1ccc(C)cc1,56.0,CCC(CC)NC(=O)c1nnn(-c2ccccc2)c1NS(=O)(=O)c1ccc(C)cc1,3.294920000000001,0,0.2857142857142857,1,6,2,"{""number"": ""56.0"", ""relation"": ""="", ""status"": ""VALID""}",427.53000000000014,data/raw/tdc/clearance_hepatocyte_az.tab,CHEMBL1916261,CCC(CC)NC(=O)c1nnn(-c2ccccc2)c1NS(=O)(=O)c1ccc(C)cc1,56.0,8,Clearance_Hepatocyte_AZ,502,,VALID,105.97999999999999,0
CHEMBL833,Clc1ccccc1CN1CCc2sccc2C1,56.23,Clc1ccccc1CN1CCc2sccc2C1,3.959800000000002,0,0.2857142857142857,1,2,0,"{""number"": ""56.23"", ""relation"": ""="", ""status"": ""VALID""}",263.793,data/raw/tdc/clearance_hepatocyte_az.tab,CHEMBL833,Clc1ccccc1CN1CCc2sccc2C1,56.23,2,Clearance_Hepatocyte_AZ,503,,VALID,3.24,0
CHEMBL1921931,C[C@@](C(=O)O[C@H]1C[N+]2(CCOc3ccc(Cl)cc3)CCC1CC2)(c1ccccc1)N1CCCCC1,60.0,C[C@@](C(=O)O[C@H]1C[N+]2(CCOc3ccc(Cl)cc3)CCC1CC2)(c1ccccc1)N1CCCCC1,5.272300000000005,0,0.5517241379310345,1,4,0,"{""number"": ""60.0"", ""relation"": ""="", ""status"": ""VALID""}",498.08700000000044,data/raw/tdc/clearance_hepatocyte_az.tab,CHEMBL1921931,C[C@@](C(=O)O[C@H]1C[N+]2(CCOc3ccc(Cl)cc3)CCC1CC2)(c1ccccc1)N1CCCCC1,60.0,8,Clearance_Hepatocyte_AZ,504,,VALID,38.77,2
CHEMBL81945,Nc1ccc2c(c1)Cc1cc(N)ccc1-2,61.66,Nc1ccc2c(c1)Cc1cc(N)ccc1-2,2.4222,0,0.07692307692307693,1,2,2,"{""number"": ""61.66"", ""relation"": ""="", ""status"": ""VALID""}",196.25300000000001,data/raw/tdc/clearance_hepatocyte_az.tab,CHEMBL81945,Nc1ccc2c(c1)Cc1cc(N)ccc1-2,61.66,0,Clearance_Hepatocyte_AZ,505,,VALID,52.04,0
CHEMBL2326623,COc1cccc2c1c(NS(=O)(=O)c1ccc(Cl)s1)nn2Cc1cccc(CNC(=O)[C@H]2COCCN2)c1,16.0,COc1cccc2c1c(NS(=O)(=O)c1ccc(Cl)s1)nn2Cc1cccc(CNC(=O)[C@H]2COCCN2)c1,3.2135000000000016,0,0.28,1,9,3,"{""number"": ""16.0"", ""relation"": ""="", ""status"": ""VALID""}",576.1,data/raw/tdc/clearance_hepatocyte_az.tab,CHEMBL2326623,COc1cccc2c1c(NS(=O)(=O)c1ccc(Cl)s1)nn2Cc1cccc(CNC(=O)[C@H]2COCCN2)c1,16.0,9,Clearance_Hepatocyte_AZ,506,,VALID,123.58,0
CHEMBL1831130,COc1ccc2nc(C)cc(N3CC(CNC(=O)C4CC4)OC3=O)c2c1,19.5,COc1ccc2nc(C)cc(N3CC(CNC(=O)C4CC4)OC3=O)c2c1,2.403220000000001,0,0.42105263157894735,1,5,1,"{""number"": ""19.5"", ""relation"": ""="", ""status"": ""VALID""}",355.3940000000002,data/raw/tdc/clearance_hepatocyte_az.tab,CHEMBL1831130,COc1ccc2nc(C)cc(N3CC(CNC(=O)C4CC4)OC3=O)c2c1,19.5,5,Clearance_Hepatocyte_AZ,507,,VALID,80.75999999999999,1
CHEMBL1945037,O=c1[nH]c2c(O)ccc([C@@H](O)CNCCc3cccc(CNCCCc4ccccc4)c3)c2s1,19.0,O=c1[nH]c2c(O)ccc([C@@H](O)CNCCc3cccc(CNCCCc4ccccc4)c3)c2s1,3.883300000000002,0,0.2962962962962963,1,6,5,"{""number"": ""19.0"", ""relation"": ""="", ""status"": ""VALID""}",477.6300000000002,data/raw/tdc/clearance_hepatocyte_az.tab,CHEMBL1945037,O=c1[nH]c2c(O)ccc([C@@H](O)CNCCc3cccc(CNCCCc4ccccc4)c3)c2s1,19.0,12,Clearance_Hepatocyte_AZ,508,,VALID,97.38000000000001,0
CHEMBL2312185,CNc1nc(C)c(-c2nc(Nc3cccc(N4CCCNCC4)c3)ncc2C#N)s1,19.5,CNc1nc(C)c(-c2nc(Nc3cccc(N4CCCNCC4)c3)ncc2C#N)s1,3.3652000000000015,0,0.3333333333333333,1,9,3,"{""number"": ""19.5"", ""relation"": ""="", ""status"": ""VALID""}",420.54600000000016,data/raw/tdc/clearance_hepatocyte_az.tab,CHEMBL2312185,CNc1nc(C)c(-c2nc(Nc3cccc(N4CCCNCC4)c3)ncc2C#N)s1,19.5,5,Clearance_Hepatocyte_AZ,509,,VALID,101.78999999999999,0
CHEMBL1077827,CCOc1ccc(-n2c([C@@H](C)N(CC3CCN(C)CC3)C(=O)Cc3ccc(F)c(C(F)(F)F)c3)nc3ncccc3c2=O)cc1,19.95,CCOc1ccc(-n2c([C@@H](C)N(CC3CCN(C)CC3)C(=O)Cc3ccc(F)c(C(F)(F)F)c3)nc3ncccc3c2=O)cc1,5.811400000000005,0,0.3939393939393939,1,7,0,"{""number"": ""19.95"", ""relation"": ""="", ""status"": ""VALID""}",625.6670000000001,data/raw/tdc/clearance_hepatocyte_az.tab,CHEMBL1077827,CCOc1ccc(-n2c([C@@H](C)N(CC3CCN(C)CC3)C(=O)Cc3ccc(F)c(C(F)(F)F)c3)nc3ncccc3c2=O)cc1,19.95,9,Clearance_Hepatocyte_AZ,510,,VALID,80.56,0
CHEMBL1950864,CN[C@@H](C)C(=O)N[C@H](C(=O)N[C@H]1C[C@@H]2CC[C@H]1N(CCc1ccccc1)C2)C1CCCCC1,19.95,CN[C@@H](C)C(=O)N[C@H](C(=O)N[C@H]1C[C@@H]2CC[C@H]1N(CCc1ccccc1)C2)C1CCCCC1,2.8712000000000026,0,0.7037037037037037,1,4,3,"{""number"": ""19.95"", ""relation"": ""="", ""status"": ""VALID""}",454.6590000000004,data/raw/tdc/clearance_hepatocyte_az.tab,CHEMBL1950864,CN[C@@H](C)C(=O)N[C@H](C(=O)N[C@H]1C[C@@H]2CC[C@H]1N(CCc1ccccc1)C2)C1CCCCC1,19.95,9,Clearance_Hepatocyte_AZ,511,,VALID,73.47,0
CHEMBL1483,CCCSc1ccc2nc(NC(=O)OC)[nH]c2c1,12.59,CCCSc1ccc2nc(NC(=O)OC)[nH]c2c1,3.2433000000000005,0,0.3333333333333333,1,4,2,"{""number"": ""12.59"", ""relation"": ""="", ""status"": ""VALID""}",265.33799999999997,data/raw/tdc/clearance_hepatocyte_az.tab,CHEMBL1483,CCCSc1ccc2nc(NC(=O)OC)[nH]c2c1,12.59,4,Clearance_Hepatocyte_AZ,512,,VALID,67.00999999999999,0
CHEMBL473,CN(CCOc1ccc(NS(C)(=O)=O)cc1)CCc1ccc(NS(C)(=O)=O)cc1,13.18,CN(CCOc1ccc(NS(C)(=O)=O)cc1)CCc1ccc(NS(C)(=O)=O)cc1,1.9828999999999997,0,0.3684210526315789,1,6,2,"{""number"": ""13.18"", ""relation"": ""="", ""status"": ""VALID""}",441.57500000000016,data/raw/tdc/clearance_hepatocyte_az.tab,CHEMBL473,CN(CCOc1ccc(NS(C)(=O)=O)cc1)CCc1ccc(NS(C)(=O)=O)cc1,13.18,11,Clearance_Hepatocyte_AZ,513,,VALID,104.81,0
CHEMBL257025,C[C@H](CO)Nc1nc(SCc2cccc(F)c2F)nc2[nH]ncc12,17.78,C[C@H](CO)Nc1nc(SCc2cccc(F)c2F)nc2[nH]ncc12,2.716100000000001,0,0.26666666666666666,1,6,3,"{""number"": ""17.78"", ""relation"": ""="", ""status"": ""VALID""}",351.382,data/raw/tdc/clearance_hepatocyte_az.tab,CHEMBL257025,C[C@H](CO)Nc1nc(SCc2cccc(F)c2F)nc2[nH]ncc12,17.78,6,Clearance_Hepatocyte_AZ,514,,VALID,86.72,0
CHEMBL205078,O=C(Nc1cc(-c2ccnc(Nc3ccc(F)cc3)c2)ccn1)C1CCOCC1,14.79,O=C(Nc1cc(-c2ccnc(Nc3ccc(F)cc3)c2)ccn1)C1CCOCC1,4.391400000000003,0,0.22727272727272727,1,5,2,"{""number"": ""14.79"", ""relation"": ""="", ""status"": ""VALID""}",392.4340000000002,data/raw/tdc/clearance_hepatocyte_az.tab,CHEMBL205078,O=C(Nc1cc(-c2ccnc(Nc3ccc(F)cc3)c2)ccn1)C1CCOCC1,14.79,5,Clearance_Hepatocyte_AZ,515,,VALID,76.14,0
CHEMBL259081,O=c1nc(NCc2ccccc2)sn1Cc1ccccc1,19.95,O=c1nc(NCc2ccccc2)sn1Cc1ccccc1,2.965200000000001,0,0.125,1,5,1,"{""number"": ""19.95"", ""relation"": ""="", ""status"": ""VALID""}",297.383,data/raw/tdc/clearance_hepatocyte_az.tab,CHEMBL259081,O=c1nc(NCc2ccccc2)sn1Cc1ccccc1,19.95,5,Clearance_Hepatocyte_AZ,516,,VALID,46.92,0
CHEMBL1164729,Cc1nc(-c2ccc(OCC(C)C)c(C#N)c2)sc1C(=O)O,12.73,Cc1nc(-c2ccc(OCC(C)C)c(C#N)c2)sc1C(=O)O,3.723200000000002,0,0.3125,1,5,1,"{""number"": ""12.73"", ""relation"": ""="", ""status"": ""VALID""}",316.382,data/raw/tdc/clearance_hepatocyte_az.tab,CHEMBL1164729,Cc1nc(-c2ccc(OCC(C)C)c(C#N)c2)sc1C(=O)O,12.73,5,Clearance_Hepatocyte_AZ,517,,VALID,83.21,0
CHEMBL1082724,C[C@@H]1Cc2c([nH]c3cc(Cl)c(F)cc23)[C@]2(N1)C(=O)Nc1ccc(Cl)cc12,7.24,C[C@@H]1Cc2c([nH]c3cc(Cl)c(F)cc23)[C@]2(N1)C(=O)Nc1ccc(Cl)cc12,4.343700000000003,0,0.21052631578947367,1,2,3,"{""number"": ""7.24"", ""relation"": ""="", ""status"": ""VALID""}",390.24500000000006,data/raw/tdc/clearance_hepatocyte_az.tab,CHEMBL1082724,C[C@@H]1Cc2c([nH]c3cc(Cl)c(F)cc23)[C@]2(N1)C(=O)Nc1ccc(Cl)cc12,7.24,0,Clearance_Hepatocyte_AZ,518,,VALID,56.92,0
CHEMBL128,CNS(=O)(=O)Cc1ccc2[nH]cc(CCN(C)C)c2c1,8.0,CNS(=O)(=O)Cc1ccc2[nH]cc(CCN(C)C)c2c1,1.3211999999999997,0,0.42857142857142855,1,3,2,"{""number"": ""8.0"", ""relation"": ""="", ""status"": ""VALID""}",295.408,data/raw/tdc/clearance_hepatocyte_az.tab,CHEMBL128,CNS(=O)(=O)Cc1ccc2[nH]cc(CCN(C)C)c2c1,8.0,6,Clearance_Hepatocyte_AZ,519,,VALID,65.2,0
CHEMBL459353,COc1ccc(N(C(=O)c2occc2CO)C(C(=O)NC[C@@H](C)O)c2ccccc2F)c(OC)c1,8.0,COc1ccc(N(C(=O)c2occc2CO)C(C(=O)NC[C@@H](C)O)c2ccccc2F)c(OC)c1,2.813300000000001,0,0.28,1,7,3,"{""number"": ""8.0"", ""relation"": ""="", ""status"": ""VALID""}",486.4960000000002,data/raw/tdc/clearance_hepatocyte_az.tab,CHEMBL459353,COc1ccc(N(C(=O)c2occc2CO)C(C(=O)NC[C@@H](C)O)c2ccccc2F)c(OC)c1,8.0,10,Clearance_Hepatocyte_AZ,520,,VALID,121.47,1
CHEMBL1922056,C[C@@](C(=O)O[C@H]1C[N+]2(Cc3nc(-c4ccccc4)no3)CCC1CC2)(c1ccccc1)N1CCCCC1,55.0,C[C@@](C(=O)O[C@H]1C[N+]2(Cc3nc(-c4ccccc4)no3)CCC1CC2)(c1ccccc1)N1CCCCC1,4.790100000000005,0,0.5,1,6,0,"{""number"": ""55.0"", ""relation"": ""="", ""status"": ""VALID""}",501.6510000000005,data/raw/tdc/clearance_hepatocyte_az.tab,CHEMBL1922056,C[C@@](C(=O)O[C@H]1C[N+]2(Cc3nc(-c4ccccc4)no3)CCC1CC2)(c1ccccc1)N1CCCCC1,55.0,7,Clearance_Hepatocyte_AZ,521,,VALID,68.46,2
CHEMBL267744,O=C(O)COc1ccc(C(=O)c2cccs2)c(Cl)c1Cl,61.0,O=C(O)COc1ccc(C(=O)c2cccs2)c(Cl)c1Cl,3.7493000000000016,0,0.07692307692307693,1,4,1,"{""number"": ""61.0"", ""relation"": ""="", ""status"": ""VALID""}",331.17600000000004,data/raw/tdc/clearance_hepatocyte_az.tab,CHEMBL267744,O=C(O)COc1ccc(C(=O)c2cccs2)c(Cl)c1Cl,61.0,5,Clearance_Hepatocyte_AZ,522,,VALID,63.6,0
CHEMBL496929,O=C(Nc1ccc(CCO)cc1)c1cc2cc(Cl)ccc2[nH]1,63.1,O=C(Nc1ccc(CCO)cc1)c1cc2cc(Cl)ccc2[nH]1,3.6084000000000014,0,0.11764705882352941,1,2,3,"{""number"": ""63.1"", ""relation"": ""="", ""status"": ""VALID""}",314.772,data/raw/tdc/clearance_hepatocyte_az.tab,CHEMBL496929,O=C(Nc1ccc(CCO)cc1)c1cc2cc(Cl)ccc2[nH]1,63.1,4,Clearance_Hepatocyte_AZ,523,,VALID,65.12,0
CHEMBL191528,CCOc1ccc2ccc(=O)oc2c1,64.57,CCOc1ccc2ccc(=O)oc2c1,2.1917,0,0.18181818181818182,1,3,0,"{""number"": ""64.57"", ""relation"": ""="", ""status"": ""VALID""}",190.19799999999995,data/raw/tdc/clearance_hepatocyte_az.tab,CHEMBL191528,CCOc1ccc2ccc(=O)oc2c1,64.57,2,Clearance_Hepatocyte_AZ,524,,VALID,39.44,0
CHEMBL1921925,C[C@@](C(=O)O[C@H]1C[N+]2(CCCc3cc4ccccc4s3)CCC1CC2)(c1ccccc1)N1CCCCC1,65.0,C[C@@](C(=O)O[C@H]1C[N+]2(CCCc3cc4ccccc4s3)CCC1CC2)(c1ccccc1)N1CCCCC1,6.387400000000007,0,0.53125,1,4,0,"{""number"": ""65.0"", ""relation"": ""="", ""status"": ""VALID""}",517.7590000000004,data/raw/tdc/clearance_hepatocyte_az.tab,CHEMBL1921925,C[C@@](C(=O)O[C@H]1C[N+]2(CCCc3cc4ccccc4s3)CCC1CC2)(c1ccccc1)N1CCCCC1,65.0,8,Clearance_Hepatocyte_AZ,525,,VALID,29.54,2
CHEMBL254370,CC[C@@H](Nc1c(Nc2cccc(C(=O)N(C)C)c2O)c(=O)c1=O)c1ccccc1,65.0,CC[C@@H](Nc1c(Nc2cccc(C(=O)N(C)C)c2O)c(=O)c1=O)c1ccccc1,2.9968000000000012,0,0.22727272727272727,1,6,3,"{""number"": ""65.0"", ""relation"": ""="", ""status"": ""VALID""}",393.4430000000001,data/raw/tdc/clearance_hepatocyte_az.tab,CHEMBL254370,CC[C@@H](Nc1c(Nc2cccc(C(=O)N(C)C)c2O)c(=O)c1=O)c1ccccc1,65.0,7,Clearance_Hepatocyte_AZ,526,,VALID,98.73999999999998,0
CHEMBL1921926,C[C@@](C(=O)O[C@H]1C[N+]2(CCCc3ccc4ncsc4c3)CCC1CC2)(c1ccccc1)N1CCCCC1,66.0,C[C@@](C(=O)O[C@H]1C[N+]2(CCCc3ccc4ncsc4c3)CCC1CC2)(c1ccccc1)N1CCCCC1,5.782400000000006,0,0.5483870967741935,1,5,0,"{""number"": ""66.0"", ""relation"": ""="", ""status"": ""VALID""}",518.7470000000004,data/raw/tdc/clearance_hepatocyte_az.tab,CHEMBL1921926,C[C@@](C(=O)O[C@H]1C[N+]2(CCCc3ccc4ncsc4c3)CCC1CC2)(c1ccccc1)N1CCCCC1,66.0,8,Clearance_Hepatocyte_AZ,527,,VALID,42.43,2
CHEMBL361546,O=c1c2sccc2n(CC2COc3ccccc3O2)c(=O)n1O,14.79,O=c1c2sccc2n(CC2COc3ccccc3O2)c(=O)n1O,1.3019999999999998,0,0.2,1,8,1,"{""number"": ""14.79"", ""relation"": ""="", ""status"": ""VALID""}",332.33700000000005,data/raw/tdc/clearance_hepatocyte_az.tab,CHEMBL361546,O=c1c2sccc2n(CC2COc3ccccc3O2)c(=O)n1O,14.79,2,Clearance_Hepatocyte_AZ,528,,VALID,82.69,1
CHEMBL415506,CCOC(=O)c1c(-c2ccccc2)nc2ccc(C)cn12,125.89,CCOC(=O)c1c(-c2ccccc2)nc2ccc(C)cn12,3.4864200000000025,0,0.17647058823529413,1,4,0,"{""number"": ""125.89"", ""relation"": ""="", ""status"": ""VALID""}",280.327,data/raw/tdc/clearance_hepatocyte_az.tab,CHEMBL415506,CCOC(=O)c1c(-c2ccccc2)nc2ccc(C)cn12,125.89,3,Clearance_Hepatocyte_AZ,529,,VALID,43.599999999999994,0
CHEMBL1800658,CC(C)N(CCNCCc1ccc(O)c2[nH]c(=O)sc12)C(=O)CCOCCc1ccccc1,99.0,CC(C)N(CCNCCc1ccc(O)c2[nH]c(=O)sc12)C(=O)CCOCCc1ccccc1,3.3137000000000016,0,0.44,1,6,3,"{""number"": ""99.0"", ""relation"": ""="", ""status"": ""VALID""}",471.62300000000033,data/raw/tdc/clearance_hepatocyte_az.tab,CHEMBL1800658,CC(C)N(CCNCCc1ccc(O)c2[nH]c(=O)sc12)C(=O)CCOCCc1ccccc1,99.0,13,Clearance_Hepatocyte_AZ,530,,VALID,94.66000000000001,0
CHEMBL1458025,Cc1sc2ncnc(SCC(=O)N3CCN(C(=O)c4ccco4)CC3)c2c1C,102.33,Cc1sc2ncnc(SCC(=O)N3CCN(C(=O)c4ccco4)CC3)c2c1C,2.9778400000000014,0,0.3684210526315789,1,7,0,"{""number"": ""102.33"", ""relation"": ""="", ""status"": ""VALID""}",416.5280000000002,data/raw/tdc/clearance_hepatocyte_az.tab,CHEMBL1458025,Cc1sc2ncnc(SCC(=O)N3CCN(C(=O)c4ccco4)CC3)c2c1C,102.33,4,Clearance_Hepatocyte_AZ,531,,VALID,79.54,0
CHEMBL2331843,CCc1[nH]c2nc(Sc3cnc4ccc[n+]([O-])c4c3)nc(N3CC[C@@H](N)C3)c2c1Cl,112.2,CCc1[nH]c2nc(Sc3cnc4ccc[n+]([O-])c4c3)nc(N3CC[C@@H](N)C3)c2c1Cl,3.0439000000000007,0,0.3,1,7,2,"{""number"": ""112.2"", ""relation"": ""="", ""status"": ""VALID""}",441.9480000000003,data/raw/tdc/clearance_hepatocyte_az.tab,CHEMBL2331843,CCc1[nH]c2nc(Sc3cnc4ccc[n+]([O-])c4c3)nc(N3CC[C@@H](N)C3)c2c1Cl,112.2,4,Clearance_Hepatocyte_AZ,532,,VALID,110.66,0
CHEMBL1916532,COc1ccc2ncc(F)c(CCN3CCC(NCc4cc5c(cn4)OCCO5)CC3)c2n1,138.04,COc1ccc2ncc(F)c(CCN3CCC(NCc4cc5c(cn4)OCCO5)CC3)c2n1,2.740400000000001,0,0.4583333333333333,1,8,1,"{""number"": ""138.04"", ""relation"": ""="", ""status"": ""VALID""}",453.5180000000003,data/raw/tdc/clearance_hepatocyte_az.tab,CHEMBL1916532,COc1ccc2ncc(F)c(CCN3CCC(NCc4cc5c(cn4)OCCO5)CC3)c2n1,138.04,7,Clearance_Hepatocyte_AZ,533,,VALID,81.63000000000001,0
CHEMBL602745,CS(=O)(=O)N1CC[C@H](N(Cc2ccccc2Cl)c2ccc(C#N)c(Cl)c2)C1,72.44,CS(=O)(=O)N1CC[C@H](N(Cc2ccccc2Cl)c2ccc(C#N)c(Cl)c2)C1,3.905580000000003,0,0.3157894736842105,1,4,0,"{""number"": ""72.44"", ""relation"": ""="", ""status"": ""VALID""}",424.3530000000002,data/raw/tdc/clearance_hepatocyte_az.tab,CHEMBL602745,CS(=O)(=O)N1CC[C@H](N(Cc2ccccc2Cl)c2ccc(C#N)c(Cl)c2)C1,72.44,5,Clearance_Hepatocyte_AZ,534,,VALID,64.41,0
CHEMBL82663,O=S(=O)(CCCOCCc1ccccc1)CCNCCc1ccc(O)c2nc(O)sc12,91.0,O=S(=O)(CCCOCCc1ccccc1)CCNCCc1ccc(O)c2nc(O)sc12,2.9038000000000013,0,0.4090909090909091,1,8,3,"{""number"": ""91.0"", ""relation"": ""="", ""status"": ""VALID""}",464.6090000000002,data/raw/tdc/clearance_hepatocyte_az.tab,CHEMBL82663,O=S(=O)(CCCOCCc1ccccc1)CCNCCc1ccc(O)c2nc(O)sc12,91.0,13,Clearance_Hepatocyte_AZ,535,,VALID,108.75000000000001,0
CHEMBL174107,CSc1ccc(N2C(N)=NC(N)=NC2(C)C)cc1,70.79,CSc1ccc(N2C(N)=NC(N)=NC2(C)C)cc1,1.5939999999999999,0,0.3333333333333333,1,6,2,"{""number"": ""70.79"", ""relation"": ""="", ""status"": ""VALID""}",263.36999999999995,data/raw/tdc/clearance_hepatocyte_az.tab,CHEMBL174107,CSc1ccc(N2C(N)=NC(N)=NC2(C)C)cc1,70.79,2,Clearance_Hepatocyte_AZ,536,,VALID,80.0,0
CHEMBL1609158,CCCC(=O)Nc1ccc(Cl)c(-c2nc3ncccc3o2)c1,81.0,CCCC(=O)Nc1ccc(Cl)c(-c2nc3ncccc3o2)c1,4.281800000000002,0,0.1875,1,4,1,"{""number"": ""81.0"", ""relation"": ""="", ""status"": ""VALID""}",315.76000000000005,data/raw/tdc/clearance_hepatocyte_az.tab,CHEMBL1609158,CCCC(=O)Nc1ccc(Cl)c(-c2nc3ncccc3o2)c1,81.0,4,Clearance_Hepatocyte_AZ,537,,VALID,68.02000000000001,0
CHEMBL57531,Nc1ncc2cc(-c3c(Br)cccc3Br)c(N)nc2n1,120.23,Nc1ncc2cc(-c3c(Br)cccc3Br)c(N)nc2n1,3.3811999999999998,0,0.0,1,5,2,"{""number"": ""120.23"", ""relation"": ""="", ""status"": ""VALID""}",395.0580000000001,data/raw/tdc/clearance_hepatocyte_az.tab,CHEMBL57531,Nc1ncc2cc(-c3c(Br)cccc3Br)c(N)nc2n1,120.23,1,Clearance_Hepatocyte_AZ,538,,VALID,90.71,0
CHEMBL1938400,CC(C)(C)c1cc(NC(=O)NCc2ccccc2Sc2ccc3nnc(-c4ccccc4SCCO)n3c2)n(-c2ccc(O)c(Cl)c2)n1,70.79,CC(C)(C)c1cc(NC(=O)NCc2ccccc2Sc2ccc3nnc(-c4ccccc4SCCO)n3c2)n(-c2ccc(O)c(Cl)c2)n1,7.795800000000009,0,0.2,1,10,4,"{""number"": ""70.79"", ""relation"": ""="", ""status"": ""VALID""}",700.2900000000001,data/raw/tdc/clearance_hepatocyte_az.tab,CHEMBL1938400,CC(C)(C)c1cc(NC(=O)NCc2ccccc2Sc2ccc3nnc(-c4ccccc4SCCO)n3c2)n(-c2ccc(O)c(Cl)c2)n1,70.79,10,Clearance_Hepatocyte_AZ,539,,VALID,129.6,0
CHEMBL1688458,O=C(O)CCc1ccc(OCc2cccc(Oc3ccccc3)c2)cc1,97.72,O=C(O)CCc1ccc(OCc2cccc(Oc3ccccc3)c2)cc1,5.0751000000000035,0,0.13636363636363635,1,3,1,"{""number"": ""97.72"", ""relation"": ""="", ""status"": ""VALID""}",348.398,data/raw/tdc/clearance_hepatocyte_az.tab,CHEMBL1688458,O=C(O)CCc1ccc(OCc2cccc(Oc3ccccc3)c2)cc1,97.72,8,Clearance_Hepatocyte_AZ,540,,VALID,55.760000000000005,0
CHEMBL323776,CN(CCNCCc1ccc(O)c2nc(O)sc12)C(=O)CCOCCc1ccccc1,140.0,CN(CCNCCc1ccc(O)c2nc(O)sc12)C(=O)CCOCCc1ccccc1,2.947400000000001,0,0.391304347826087,1,7,3,"{""number"": ""140.0"", ""relation"": ""="", ""status"": ""VALID""}",443.5690000000003,data/raw/tdc/clearance_hepatocyte_az.tab,CHEMBL323776,CN(CCNCCc1ccc(O)c2nc(O)sc12)C(=O)CCOCCc1ccccc1,140.0,12,Clearance_Hepatocyte_AZ,541,,VALID,94.92,0
CHEMBL2035017,NC1(c2ccc(-c3nc4ccccc4cc3-c3ccccc3)cc2)CCC1,147.91,NC1(c2ccc(-c3nc4ccccc4cc3-c3ccccc3)cc2)CCC1,5.906700000000004,0,0.16,1,2,1,"{""number"": ""147.91"", ""relation"": ""="", ""status"": ""VALID""}",350.46500000000015,data/raw/tdc/clearance_hepatocyte_az.tab,CHEMBL2035017,NC1(c2ccc(-c3nc4ccccc4cc3-c3ccccc3)cc2)CCC1,147.91,3,Clearance_Hepatocyte_AZ,542,,VALID,38.91,0
CHEMBL318021,CC(CCc1cccc(OCc2ccc3ccccc3n2)c1)CC(=O)O,104.71,CC(CCc1cccc(OCc2ccc3ccccc3n2)c1)CC(=O)O,4.857200000000004,0,0.2727272727272727,1,3,1,"{""number"": ""104.71"", ""relation"": ""="", ""status"": ""VALID""}",349.4300000000001,data/raw/tdc/clearance_hepatocyte_az.tab,CHEMBL318021,CC(CCc1cccc(OCc2ccc3ccccc3n2)c1)CC(=O)O,104.71,8,Clearance_Hepatocyte_AZ,543,,VALID,59.42,1
CHEMBL1669170,O=C(CN1CCOCC1)Nc1ccc(-c2cccc3c(=O)cc(N4CCOCC4)oc23)cc1-c1ccccc1,123.03,O=C(CN1CCOCC1)Nc1ccc(-c2cccc3c(=O)cc(N4CCOCC4)oc23)cc1-c1ccccc1,4.234300000000004,0,0.2903225806451613,1,7,1,"{""number"": ""123.03"", ""relation"": ""="", ""status"": ""VALID""}",525.6050000000005,data/raw/tdc/clearance_hepatocyte_az.tab,CHEMBL1669170,O=C(CN1CCOCC1)Nc1ccc(-c2cccc3c(=O)cc(N4CCOCC4)oc23)cc1-c1ccccc1,123.03,6,Clearance_Hepatocyte_AZ,544,,VALID,84.25,0
CHEMBL1171837,Cc1ccc(C(=O)Nc2ccc(CN3CCN(C)CC3)c(C(F)(F)F)c2)cc1C#Cc1cnc2cccnn12,3.0,Cc1ccc(C(=O)Nc2ccc(CN3CCN(C)CC3)c(C(F)(F)F)c2)cc1C#Cc1cnc2cccnn12,4.456020000000003,0,0.27586206896551724,1,6,1,"{""number"": ""3.0"", ""relation"": ""="", ""status"": ""VALID""}",532.5700000000002,data/raw/tdc/clearance_hepatocyte_az.tab,CHEMBL1171837,Cc1ccc(C(=O)Nc2ccc(CN3CCN(C)CC3)c(C(F)(F)F)c2)cc1C#Cc1cnc2cccnn12,3.0,4,Clearance_Hepatocyte_AZ,545,,VALID,65.77000000000001,0
CHEMBL1078685,N#Cc1cc(-c2n[nH]c(-c3ccncc3)n2)ccn1,3.0,N#Cc1cc(-c2n[nH]c(-c3ccncc3)n2)ccn1,1.8003799999999996,0,0.0,1,5,1,"{""number"": ""3.0"", ""relation"": ""="", ""status"": ""VALID""}",248.24900000000005,data/raw/tdc/clearance_hepatocyte_az.tab,CHEMBL1078685,N#Cc1cc(-c2n[nH]c(-c3ccncc3)n2)ccn1,3.0,2,Clearance_Hepatocyte_AZ,546,,VALID,91.14,0
CHEMBL1090940,CCCCCCCC(=O)N[C@@H](CCN)C(=O)N[C@@H](C)C(=O)N[C@@H](CCN)C(=O)N[C@H]1CCNC(=O)[C@H]([C@@H](C)O)NC(=O)[C@H](CCN)NC(=O)[C@H](CCN)NC(=O)[C@H](CC(C)C)NC(=O)[C@@H](Cc2ccccc2)NC(=O)[C@H](CCN)NC1=O,3.0,CCCCCCCC(=O)N[C@@H](CCN)C(=O)N[C@@H](C)C(=O)N[C@@H](CCN)C(=O)N[C@H]1CCNC(=O)[C@H]([C@@H](C)O)NC(=O)[C@H](CCN)NC(=O)[C@H](CCN)NC(=O)[C@H](CC(C)C)NC(=O)[C@@H](Cc2ccccc2)NC(=O)[C@H](CCN)NC1=O,-4.851700000000009,0,0.6851851851851852,1,17,17,"{""number"": ""3.0"", ""relation"": ""="", ""status"": ""VALID""}",1159.446,data/raw/tdc/clearance_hepatocyte_az.tab,CHEMBL1090940,CCCCCCCC(=O)N[C@@H](CCN)C(=O)N[C@@H](C)C(=O)N[C@@H](CCN)C(=O)N[C@H]1CCNC(=O)[C@H]([C@@H](C)O)NC(=O)[C@H](CCN)NC(=O)[C@H](CCN)NC(=O)[C@H](CC(C)C)NC(=O)[C@@H](Cc2ccccc2)NC(=O)[C@H](CCN)NC1=O,3.0,28,Clearance_Hepatocyte_AZ,547,,VALID,470.4299999999998,0
CHEMBL552512,O=C(CC1CCCCCC1)Nc1cccc2c(=O)n([C@H]3CCNC3)ccc12,3.0,O=C(CC1CCCCCC1)Nc1cccc2c(=O)n([C@H]3CCNC3)ccc12,3.834900000000003,0,0.5454545454545454,1,4,2,"{""number"": ""3.0"", ""relation"": ""="", ""status"": ""VALID""}",367.49300000000017,data/raw/tdc/clearance_hepatocyte_az.tab,CHEMBL552512,O=C(CC1CCCCCC1)Nc1cccc2c(=O)n([C@H]3CCNC3)ccc12,3.0,4,Clearance_Hepatocyte_AZ,548,,VALID,63.13,0
CHEMBL564607,O=C(O)c1ccc(-c2ccc(Cl)c(C(=O)NCC34CC5CC(CC(C5)C3)C4)c2)cc1,3.0,O=C(O)c1ccc(-c2ccc(Cl)c(C(=O)NCC34CC5CC(CC(C5)C3)C4)c2)cc1,5.651400000000005,0,0.44,1,2,2,"{""number"": ""3.0"", ""relation"": ""="", ""status"": ""VALID""}",423.9400000000003,data/raw/tdc/clearance_hepatocyte_az.tab,CHEMBL564607,O=C(O)c1ccc(-c2ccc(Cl)c(C(=O)NCC34CC5CC(CC(C5)C3)C4)c2)cc1,3.0,5,Clearance_Hepatocyte_AZ,549,,VALID,66.39999999999999,4
CHEMBL1945298,O=c1[nH]c2c(O)ccc([C@@H](O)CNCCOc3cccc(CNCCc4ccccc4F)c3)c2s1,23.0,O=c1[nH]c2c(O)ccc([C@@H](O)CNCCOc3cccc(CNCCc4ccccc4F)c3)c2s1,3.4686000000000012,0,0.2692307692307692,1,7,5,"{""number"": ""23.0"", ""relation"": ""="", ""status"": ""VALID""}",497.5920000000002,data/raw/tdc/clearance_hepatocyte_az.tab,CHEMBL1945298,O=c1[nH]c2c(O)ccc([C@@H](O)CNCCOc3cccc(CNCCc4ccccc4F)c3)c2s1,23.0,12,Clearance_Hepatocyte_AZ,550,,VALID,106.61000000000001,0
CHEMBL2158790,Cc1c(OC2CCN(CC3CCN([C@@](C)(Cc4ccc(F)cc4)C(=O)O)CC3)CC2)ccc(Cl)c1Cl,3.0,Cc1c(OC2CCN(CC3CCN([C@@](C)(Cc4ccc(F)cc4)C(=O)O)CC3)CC2)ccc(Cl)c1Cl,6.082120000000007,0,0.5357142857142857,1,4,1,"{""number"": ""3.0"", ""relation"": ""="", ""status"": ""VALID""}",537.5030000000003,data/raw/tdc/clearance_hepatocyte_az.tab,CHEMBL2158790,Cc1c(OC2CCN(CC3CCN([C@@](C)(Cc4ccc(F)cc4)C(=O)O)CC3)CC2)ccc(Cl)c1Cl,3.0,8,Clearance_Hepatocyte_AZ,551,,VALID,53.010000000000005,0
CHEMBL1672,COCC1=C(C(=O)O)N2C(=O)[C@@H](NC(=O)/C(=N\OC)c3csc(N)n3)[C@H]2SC1,3.0,COCC1=C(C(=O)O)N2C(=O)[C@@H](NC(=O)/C(=N\OC)c3csc(N)n3)[C@H]2SC1,-0.539199999999999,0,0.4,1,10,3,"{""number"": ""3.0"", ""relation"": ""="", ""status"": ""VALID""}",427.4640000000001,data/raw/tdc/clearance_hepatocyte_az.tab,CHEMBL1672,COCC1=C(C(=O)O)N2C(=O)[C@@H](NC(=O)/C(=N\OC)c3csc(N)n3)[C@H]2SC1,3.0,7,Clearance_Hepatocyte_AZ,552,,VALID,156.44,0
CHEMBL578194,C[C@H](Nc1nc(Nc2cc(C3CC3)[nH]n2)cnc1C#N)c1ccc(F)cn1,3.0,C[C@H](Nc1nc(Nc2cc(C3CC3)[nH]n2)cnc1C#N)c1ccc(F)cn1,3.399580000000001,0,0.2777777777777778,1,7,3,"{""number"": ""3.0"", ""relation"": ""="", ""status"": ""VALID""}",364.38800000000003,data/raw/tdc/clearance_hepatocyte_az.tab,CHEMBL578194,C[C@H](Nc1nc(Nc2cc(C3CC3)[nH]n2)cnc1C#N)c1ccc(F)cn1,3.0,6,Clearance_Hepatocyte_AZ,553,,VALID,115.2,0
CHEMBL1526762,Cc1cc(C)nc(SCC(N)=O)n1,3.0,Cc1cc(C)nc(SCC(N)=O)n1,0.67084,0,0.375,1,4,1,"{""number"": ""3.0"", ""relation"": ""="", ""status"": ""VALID""}",197.26299999999998,data/raw/tdc/clearance_hepatocyte_az.tab,CHEMBL1526762,Cc1cc(C)nc(SCC(N)=O)n1,3.0,3,Clearance_Hepatocyte_AZ,554,,VALID,68.87,0
CHEMBL1823817,COC[C@H](O)Cn1c(=O)cnn(-c2ccc(Cl)c(C(=O)NCC3(O)CCCCCC3)c2)c1=O,5.0,COC[C@H](O)Cn1c(=O)cnn(-c2ccc(Cl)c(C(=O)NCC3(O)CCCCCC3)c2)c1=O,0.8699999999999988,0,0.5454545454545454,1,9,3,"{""number"": ""5.0"", ""relation"": ""="", ""status"": ""VALID""}",480.94900000000047,data/raw/tdc/clearance_hepatocyte_az.tab,CHEMBL1823817,COC[C@H](O)Cn1c(=O)cnn(-c2ccc(Cl)c(C(=O)NCC3(O)CCCCCC3)c2)c1=O,5.0,8,Clearance_Hepatocyte_AZ,555,,VALID,135.68,0
CHEMBL1773082,Cc1cc(Nc2nc(N[C@@H](C)c3ccc(F)cn3)c(C#N)cc2Cl)n[nH]1,6.17,Cc1cc(Nc2nc(N[C@@H](C)c3ccc(F)cn3)c(C#N)cc2Cl)n[nH]1,4.089000000000002,0,0.17647058823529413,1,6,3,"{""number"": ""6.17"", ""relation"": ""="", ""status"": ""VALID""}",371.8070000000001,data/raw/tdc/clearance_hepatocyte_az.tab,CHEMBL1773082,Cc1cc(Nc2nc(N[C@@H](C)c3ccc(F)cn3)c(C#N)cc2Cl)n[nH]1,6.17,5,Clearance_Hepatocyte_AZ,556,,VALID,102.31,0
CHEMBL956,CC(C(=O)O)c1ccc(C(=O)c2cccs2)cc1,9.77,CC(C(=O)O)c1ccc(C(=O)c2cccs2)cc1,3.167200000000001,0,0.14285714285714285,1,3,1,"{""number"": ""9.77"", ""relation"": ""="", ""status"": ""VALID""}",260.31399999999996,data/raw/tdc/clearance_hepatocyte_az.tab,CHEMBL956,CC(C(=O)O)c1ccc(C(=O)c2cccs2)cc1,9.77,4,Clearance_Hepatocyte_AZ,557,,VALID,54.37,1
CHEMBL2098332,Cc1cc(OCC(=O)Nc2ccccc2)c2cc(Br)ccc2n1,150.0,Cc1cc(OCC(=O)Nc2ccccc2)c2cc(Br)ccc2n1,4.323220000000003,0,0.1111111111111111,1,3,1,"{""number"": ""150.0"", ""relation"": ""="", ""status"": ""VALID""}",371.23400000000004,data/raw/tdc/clearance_hepatocyte_az.tab,CHEMBL2098332,Cc1cc(OCC(=O)Nc2ccccc2)c2cc(Br)ccc2n1,150.0,4,Clearance_Hepatocyte_AZ,558,,VALID,51.22,0
CHEMBL143305,Cc1cc(CCCOc2c(Cl)cc(C3=NCCO3)cc2Cl)on1,150.0,Cc1cc(CCCOc2c(Cl)cc(C3=NCCO3)cc2Cl)on1,4.078220000000003,0,0.375,1,5,0,"{""number"": ""150.0"", ""relation"": ""="", ""status"": ""VALID""}",355.22100000000006,data/raw/tdc/clearance_hepatocyte_az.tab,CHEMBL143305,Cc1cc(CCCOc2c(Cl)cc(C3=NCCO3)cc2Cl)on1,150.0,6,Clearance_Hepatocyte_AZ,559,,VALID,56.85,0
CHEMBL5,CCn1cc(C(=O)O)c(=O)c2ccc(C)nc21,3.46,CCn1cc(C(=O)O)c(=O)c2ccc(C)nc21,1.4230200000000002,0,0.25,1,4,1,"{""number"": ""3.46"", ""relation"": ""="", ""status"": ""VALID""}",232.23899999999998,data/raw/tdc/clearance_hepatocyte_az.tab,CHEMBL5,CCn1cc(C(=O)O)c(=O)c2ccc(C)nc21,3.46,2,Clearance_Hepatocyte_AZ,560,,VALID,72.19,0
CHEMBL451,CNC1=Nc2ccc(Cl)cc2C(c2ccccc2)=[N+]([O-])C1,3.89,CNC1=Nc2ccc(Cl)cc2C(c2ccccc2)=[N+]([O-])C1,2.950700000000001,0,0.125,1,3,1,"{""number"": ""3.89"", ""relation"": ""="", ""status"": ""VALID""}",299.761,data/raw/tdc/clearance_hepatocyte_az.tab,CHEMBL451,CNC1=Nc2ccc(Cl)cc2C(c2ccccc2)=[N+]([O-])C1,3.89,1,Clearance_Hepatocyte_AZ,561,,VALID,50.459999999999994,0
CHEMBL1089773,CN1CCN(c2ccc(-c3cnc4cccc(-c5cc(F)c(CN6CCOCC6)c(F)c5)c4n3)cc2)CC1,14.45,CN1CCN(c2ccc(-c3cnc4cccc(-c5cc(F)c(CN6CCOCC6)c(F)c5)c4n3)cc2)CC1,4.826000000000004,0,0.3333333333333333,1,6,0,"{""number"": ""14.45"", ""relation"": ""="", ""status"": ""VALID""}",515.6080000000003,data/raw/tdc/clearance_hepatocyte_az.tab,CHEMBL1089773,CN1CCN(c2ccc(-c3cnc4cccc(-c5cc(F)c(CN6CCOCC6)c(F)c5)c4n3)cc2)CC1,14.45,5,Clearance_Hepatocyte_AZ,562,,VALID,44.730000000000004,0
CHEMBL2035033,NC1(c2ccc(-c3c(-c4ccccc4)ccn4ccnc34)cc2)CCC1,9.12,NC1(c2ccc(-c3c(-c4ccccc4)ccn4ccnc34)cc2)CCC1,5.006200000000002,0,0.17391304347826086,1,3,1,"{""number"": ""9.12"", ""relation"": ""="", ""status"": ""VALID""}",339.4420000000002,data/raw/tdc/clearance_hepatocyte_az.tab,CHEMBL2035033,NC1(c2ccc(-c3c(-c4ccccc4)ccn4ccnc34)cc2)CCC1,9.12,3,Clearance_Hepatocyte_AZ,563,,VALID,43.32,0
CHEMBL98406,Nc1nc2ccc(F)cc2s1,5.75,Nc1nc2ccc(F)cc2s1,2.0176,0,0.0,1,3,1,"{""number"": ""5.75"", ""relation"": ""="", ""status"": ""VALID""}",168.19599999999997,data/raw/tdc/clearance_hepatocyte_az.tab,CHEMBL98406,Nc1nc2ccc(F)cc2s1,5.75,0,Clearance_Hepatocyte_AZ,564,,VALID,38.91,0
CHEMBL1951575,CC(C)(C)NC(=O)c1ccc(Oc2cc(F)c(CC(=O)O)cc2Cl)c(NS(=O)(=O)c2ccc(C3CC3)cc2Cl)c1,6.0,CC(C)(C)NC(=O)c1ccc(Oc2cc(F)c(CC(=O)O)cc2Cl)c(NS(=O)(=O)c2ccc(C3CC3)cc2Cl)c1,6.758400000000004,0,0.2857142857142857,1,5,3,"{""number"": ""6.0"", ""relation"": ""="", ""status"": ""VALID""}",609.503,data/raw/tdc/clearance_hepatocyte_az.tab,CHEMBL1951575,CC(C)(C)NC(=O)c1ccc(Oc2cc(F)c(CC(=O)O)cc2Cl)c(NS(=O)(=O)c2ccc(C3CC3)cc2Cl)c1,6.0,9,Clearance_Hepatocyte_AZ,565,,VALID,121.79999999999998,0
CHEMBL190243,C[C@@H](C(=O)NCCN1CCCC1)c1ccc(OS(=O)(=O)C(F)(F)F)cc1,6.0,C[C@@H](C(=O)NCCN1CCCC1)c1ccc(OS(=O)(=O)C(F)(F)F)cc1,2.2305,0,0.5625,1,5,1,"{""number"": ""6.0"", ""relation"": ""="", ""status"": ""VALID""}",394.415,data/raw/tdc/clearance_hepatocyte_az.tab,CHEMBL190243,C[C@@H](C(=O)NCCN1CCCC1)c1ccc(OS(=O)(=O)C(F)(F)F)cc1,6.0,7,Clearance_Hepatocyte_AZ,566,,VALID,75.71000000000001,0
CHEMBL1865796,Cc1ccccc1Nc1nc(N)nc(C)c1Br,150.0,Cc1ccccc1Nc1nc(N)nc(C)c1Br,3.1817400000000005,0,0.16666666666666666,1,4,2,"{""number"": ""150.0"", ""relation"": ""="", ""status"": ""VALID""}",293.168,data/raw/tdc/clearance_hepatocyte_az.tab,CHEMBL1865796,Cc1ccccc1Nc1nc(N)nc(C)c1Br,150.0,2,Clearance_Hepatocyte_AZ,567,,VALID,63.83,0
CHEMBL1536083,CCOC(=O)CN(c1ccccc1C)S(=O)(=O)c1ccc(Cl)cc1,150.0,CCOC(=O)CN(c1ccccc1C)S(=O)(=O)c1ccc(Cl)cc1,3.4068200000000024,0,0.23529411764705882,1,4,0,"{""number"": ""150.0"", ""relation"": ""="", ""status"": ""VALID""}",367.85400000000004,data/raw/tdc/clearance_hepatocyte_az.tab,CHEMBL1536083,CCOC(=O)CN(c1ccccc1C)S(=O)(=O)c1ccc(Cl)cc1,150.0,6,Clearance_Hepatocyte_AZ,568,,VALID,63.68,0
CHEMBL1213118,CN1CCN(c2nc3ccccc3cc2Cn2nc(-c3ccc4nc(N)sc4c3)c3c(N)ncnc32)CC1,81.0,CN1CCN(c2nc3ccccc3cc2Cn2nc(-c3ccc4nc(N)sc4c3)c3c(N)ncnc32)CC1,3.6157000000000012,0,0.2222222222222222,1,11,2,"{""number"": ""81.0"", ""relation"": ""="", ""status"": ""VALID""}",522.6420000000003,data/raw/tdc/clearance_hepatocyte_az.tab,CHEMBL1213118,CN1CCN(c2nc3ccccc3cc2Cn2nc(-c3ccc4nc(N)sc4c3)c3c(N)ncnc32)CC1,81.0,4,Clearance_Hepatocyte_AZ,569,,VALID,127.89999999999999,0
CHEMBL560219,O=C(Cc1ccc(Cl)c(C(F)(F)F)c1)Nc1cccc2c(=O)n(CCO)ccc12,11.0,O=C(Cc1ccc(Cl)c(C(F)(F)F)c1)Nc1cccc2c(=O)n(CCO)ccc12,3.8472000000000026,0,0.2,1,4,2,"{""number"": ""11.0"", ""relation"": ""="", ""status"": ""VALID""}",424.80600000000015,data/raw/tdc/clearance_hepatocyte_az.tab,CHEMBL560219,O=C(Cc1ccc(Cl)c(C(F)(F)F)c1)Nc1cccc2c(=O)n(CCO)ccc12,11.0,5,Clearance_Hepatocyte_AZ,570,,VALID,71.33,0
CHEMBL2349335,CC(C)C[C@H](CO)Nc1nc(SCc2ccccc2)nc2nc(N)sc12,20.42,CC(C)C[C@H](CO)Nc1nc(SCc2ccccc2)nc2nc(N)sc12,3.779700000000002,0,0.3888888888888889,1,8,3,"{""number"": ""20.42"", ""relation"": ""="", ""status"": ""VALID""}",389.5500000000001,data/raw/tdc/clearance_hepatocyte_az.tab,CHEMBL2349335,CC(C)C[C@H](CO)Nc1nc(SCc2ccccc2)nc2nc(N)sc12,20.42,8,Clearance_Hepatocyte_AZ,571,,VALID,96.95,0
CHEMBL1770477,CCOc1ccc2oc(C(=O)NC(CCSC)c3nc4ncccc4[nH]3)c(C)c2c1,46.0,CCOc1ccc2oc(C(=O)NC(CCSC)c3nc4ncccc4[nH]3)c(C)c2c1,4.635420000000003,0,0.3181818181818182,1,6,2,"{""number"": ""46.0"", ""relation"": ""="", ""status"": ""VALID""}",424.5260000000001,data/raw/tdc/clearance_hepatocyte_az.tab,CHEMBL1770477,CCOc1ccc2oc(C(=O)NC(CCSC)c3nc4ncccc4[nH]3)c(C)c2c1,46.0,8,Clearance_Hepatocyte_AZ,572,,VALID,93.03999999999999,1
CHEMBL1346,NC(=O)C(c1ccccc1)(c1ccccc1)[C@@H]1CCN(CCc2ccc3c(c2)CCO3)C1,50.96,NC(=O)C(c1ccccc1)(c1ccccc1)[C@@H]1CCN(CCc2ccc3c(c2)CCO3)C1,3.957500000000003,0,0.32142857142857145,1,3,1,"{""number"": ""50.96"", ""relation"": ""="", ""status"": ""VALID""}",426.5600000000003,data/raw/tdc/clearance_hepatocyte_az.tab,CHEMBL1346,NC(=O)C(c1ccccc1)(c1ccccc1)[C@@H]1CCN(CCc2ccc3c(c2)CCO3)C1,50.96,7,Clearance_Hepatocyte_AZ,573,,VALID,55.56,0
CHEMBL512504,N#Cc1c(O)c2c(-c3ccc(-c4ccccc4O)cc3)csc2[nH]c1=O,52.48,N#Cc1c(O)c2c(-c3ccc(-c4ccccc4O)cc3)csc2[nH]c1=O,4.206480000000001,0,0.0,1,5,3,"{""number"": ""52.48"", ""relation"": ""="", ""status"": ""VALID""}",360.39400000000006,data/raw/tdc/clearance_hepatocyte_az.tab,CHEMBL512504,N#Cc1c(O)c2c(-c3ccc(-c4ccccc4O)cc3)csc2[nH]c1=O,52.48,2,Clearance_Hepatocyte_AZ,574,,VALID,97.10999999999999,0
CHEMBL1532611,Nc1ccc(OCCc2ccccc2)cc1,150.0,Nc1ccc(OCCc2ccccc2)cc1,2.8903000000000016,0,0.14285714285714285,1,2,1,"{""number"": ""150.0"", ""relation"": ""="", ""status"": ""VALID""}",213.28000000000006,data/raw/tdc/clearance_hepatocyte_az.tab,CHEMBL1532611,Nc1ccc(OCCc2ccccc2)cc1,150.0,4,Clearance_Hepatocyte_AZ,575,,VALID,35.25,0
CHEMBL2312113,COc1cc(O)c(C(CC(=O)N2CC(C)CC(C)C2)c2ccc3c(c2)OCO3)c(OC)c1,150.0,COc1cc(O)c(C(CC(=O)N2CC(C)CC(C)C2)c2ccc3c(c2)OCO3)c(OC)c1,4.164600000000004,0,0.48,1,6,1,"{""number"": ""150.0"", ""relation"": ""="", ""status"": ""VALID""}",441.5240000000002,data/raw/tdc/clearance_hepatocyte_az.tab,CHEMBL2312113,COc1cc(O)c(C(CC(=O)N2CC(C)CC(C)C2)c2ccc3c(c2)OCO3)c(OC)c1,150.0,6,Clearance_Hepatocyte_AZ,576,,VALID,77.46000000000001,3
CHEMBL1773254,O=C(O)CCc1ccc(OCc2cccc(Br)c2)cc1,150.0,O=C(O)CCc1ccc(OCc2cccc(Br)c2)cc1,4.045300000000003,0,0.1875,1,2,1,"{""number"": ""150.0"", ""relation"": ""="", ""status"": ""VALID""}",335.197,data/raw/tdc/clearance_hepatocyte_az.tab,CHEMBL1773254,O=C(O)CCc1ccc(OCc2cccc(Br)c2)cc1,150.0,6,Clearance_Hepatocyte_AZ,577,,VALID,46.53,0
CHEMBL190,Cn1c(=O)c2nc[nH]c2n(C)c1=O,5.75,Cn1c(=O)c2nc[nH]c2n(C)c1=O,-1.0397000000000005,0,0.2857142857142857,1,5,1,"{""number"": ""5.75"", ""relation"": ""="", ""status"": ""VALID""}",180.16699999999997,data/raw/tdc/clearance_hepatocyte_az.tab,CHEMBL190,Cn1c(=O)c2nc[nH]c2n(C)c1=O,5.75,0,Clearance_Hepatocyte_AZ,578,,VALID,72.68,0
CHEMBL2177621,CSc1c(C(=O)NC2C3CC4CC(C3)CC2C4)cnn1-c1ccc(C(=O)O)cc1,12.3,CSc1c(C(=O)NC2C3CC4CC(C3)CC2C4)cnn1-c1ccc(C(=O)O)cc1,3.8469000000000024,0,0.5,1,5,2,"{""number"": ""12.3"", ""relation"": ""="", ""status"": ""VALID""}",411.52700000000004,data/raw/tdc/clearance_hepatocyte_az.tab,CHEMBL2177621,CSc1c(C(=O)NC2C3CC4CC(C3)CC2C4)cnn1-c1ccc(C(=O)O)cc1,12.3,5,Clearance_Hepatocyte_AZ,579,,VALID,84.22,5
CHEMBL304087,COc1cc(NC(=O)Nc2cccc(CNC(=O)O[C@H]3CCOC3)c2)ccc1-c1cnco1,13.0,COc1cc(NC(=O)Nc2cccc(CNC(=O)O[C@H]3CCOC3)c2)ccc1-c1cnco1,4.009300000000002,0,0.2608695652173913,1,7,3,"{""number"": ""13.0"", ""relation"": ""="", ""status"": ""VALID""}",452.46700000000027,data/raw/tdc/clearance_hepatocyte_az.tab,CHEMBL304087,COc1cc(NC(=O)Nc2cccc(CNC(=O)O[C@H]3CCOC3)c2)ccc1-c1cnco1,13.0,7,Clearance_Hepatocyte_AZ,580,,VALID,123.95000000000002,0
CHEMBL2349321,CC(C)C[C@H](CO)Nc1nc(SCc2ccccc2)nc2[nH]c(=O)sc12,13.49,CC(C)C[C@H](CO)Nc1nc(SCc2ccccc2)nc2[nH]c(=O)sc12,3.490800000000001,0,0.3888888888888889,1,7,3,"{""number"": ""13.49"", ""relation"": ""="", ""status"": ""VALID""}",390.5340000000001,data/raw/tdc/clearance_hepatocyte_az.tab,CHEMBL2349321,CC(C)C[C@H](CO)Nc1nc(SCc2ccccc2)nc2[nH]c(=O)sc12,13.49,8,Clearance_Hepatocyte_AZ,581,,VALID,90.9,0
CHEMBL370492,CCc1nc2cc(O)ccc2c(Oc2ccc(/C=C/C(=O)O)cc2)c1-c1ccccc1,38.9,CCc1nc2cc(O)ccc2c(Oc2ccc(/C=C/C(=O)O)cc2)c1-c1ccccc1,6.059900000000006,0,0.07692307692307693,1,4,2,"{""number"": ""38.9"", ""relation"": ""="", ""status"": ""VALID""}",411.4570000000001,data/raw/tdc/clearance_hepatocyte_az.tab,CHEMBL370492,CCc1nc2cc(O)ccc2c(Oc2ccc(/C=C/C(=O)O)cc2)c1-c1ccccc1,38.9,6,Clearance_Hepatocyte_AZ,582,,VALID,79.65,0
CHEMBL1944690,O=c1[nH]c2c(O)ccc([C@@H](O)CNCCc3cccc(CNCCc4ccccc4Cl)c3)c2s1,42.0,O=c1[nH]c2c(O)ccc([C@@H](O)CNCCc3cccc(CNCCc4ccccc4Cl)c3)c2s1,4.146600000000003,0,0.2692307692307692,1,6,5,"{""number"": ""42.0"", ""relation"": ""="", ""status"": ""VALID""}",498.0480000000002,data/raw/tdc/clearance_hepatocyte_az.tab,CHEMBL1944690,O=c1[nH]c2c(O)ccc([C@@H](O)CNCCc3cccc(CNCCc4ccccc4Cl)c3)c2s1,42.0,11,Clearance_Hepatocyte_AZ,583,,VALID,97.38000000000001,0
CHEMBL1091289,CCCCCCCC(=O)N[C@@H](CCN)C(=O)N[C@H](C(=O)N[C@@H](CCN)C(=O)N[C@H]1CCNC(=O)[C@H]([C@@H](C)O)NC(=O)[C@H](C)NC(=O)[C@H](CCN)NC(=O)[C@H](CC(C)C)NC(=O)[C@@H](Cc2ccccc2)NC(=O)[C@H](CCN)NC1=O)[C@@H](C)O,3.0,CCCCCCCC(=O)N[C@@H](CCN)C(=O)N[C@H](C(=O)N[C@@H](CCN)C(=O)N[C@H]1CCNC(=O)[C@H]([C@@H](C)O)NC(=O)[C@H](C)NC(=O)[C@H](CCN)NC(=O)[C@H](CC(C)C)NC(=O)[C@@H](Cc2ccccc2)NC(=O)[C@H](CCN)NC1=O)[C@@H](C)O,-4.819700000000019,0,0.6851851851851852,1,17,17,"{""number"": ""3.0"", ""relation"": ""="", ""status"": ""VALID""}",1160.43,data/raw/tdc/clearance_hepatocyte_az.tab,CHEMBL1091289,CCCCCCCC(=O)N[C@@H](CCN)C(=O)N[C@H](C(=O)N[C@@H](CCN)C(=O)N[C@H]1CCNC(=O)[C@H]([C@@H](C)O)NC(=O)[C@H](C)NC(=O)[C@H](CCN)NC(=O)[C@H](CC(C)C)NC(=O)[C@@H](Cc2ccccc2)NC(=O)[C@H](CCN)NC1=O)[C@@H](C)O,3.0,27,Clearance_Hepatocyte_AZ,584,,VALID,464.6399999999998,0
CHEMBL1689133,C[C@H](Oc1ccc(Cl)cc1CN1CCN(C(=O)Cc2ccc(Cl)cc2)[C@@H](C)C1)C(=O)O,3.0,C[C@H](Oc1ccc(Cl)cc1CN1CCN(C(=O)Cc2ccc(Cl)cc2)[C@@H](C)C1)C(=O)O,4.120700000000002,0,0.391304347826087,1,4,1,"{""number"": ""3.0"", ""relation"": ""="", ""status"": ""VALID""}",465.3770000000001,data/raw/tdc/clearance_hepatocyte_az.tab,CHEMBL1689133,C[C@H](Oc1ccc(Cl)cc1CN1CCN(C(=O)Cc2ccc(Cl)cc2)[C@@H](C)C1)C(=O)O,3.0,7,Clearance_Hepatocyte_AZ,585,,VALID,70.08,0
CHEMBL2163360,N#CC1(NC(=O)[C@@H]2CCCC[C@H]2C(=O)N2CCc3[nH]c4ncccc4c3C2)CC1,3.0,N#CC1(NC(=O)[C@@H]2CCCC[C@H]2C(=O)N2CCc3[nH]c4ncccc4c3C2)CC1,2.42638,0,0.5454545454545454,1,4,2,"{""number"": ""3.0"", ""relation"": ""="", ""status"": ""VALID""}",391.47500000000014,data/raw/tdc/clearance_hepatocyte_az.tab,CHEMBL2163360,N#CC1(NC(=O)[C@@H]2CCCC[C@H]2C(=O)N2CCc3[nH]c4ncccc4c3C2)CC1,3.0,3,Clearance_Hepatocyte_AZ,586,,VALID,101.88000000000001,0
CHEMBL312421,CC(C)C[C@H](N)C(=O)NC[C@H](O)C[C@@H](N)CC(=O)NN(C)CC(=O)O,3.0,CC(C)C[C@H](N)C(=O)NC[C@H](O)C[C@@H](N)CC(=O)NN(C)CC(=O)O,-2.007999999999994,0,0.8,1,7,6,"{""number"": ""3.0"", ""relation"": ""="", ""status"": ""VALID""}",361.4430000000001,data/raw/tdc/clearance_hepatocyte_az.tab,CHEMBL312421,CC(C)C[C@H](N)C(=O)NC[C@H](O)C[C@@H](N)CC(=O)NN(C)CC(=O)O,3.0,12,Clearance_Hepatocyte_AZ,587,,VALID,171.01,0
CHEMBL1778644,CCS(=O)(=O)c1ccc(-c2cc(Cl)ccc2OCC(=O)O)c(F)c1,3.0,CCS(=O)(=O)c1ccc(-c2cc(Cl)ccc2OCC(=O)O)c(F)c1,3.403100000000001,0,0.1875,1,4,1,"{""number"": ""3.0"", ""relation"": ""="", ""status"": ""VALID""}",372.8010000000001,data/raw/tdc/clearance_hepatocyte_az.tab,CHEMBL1778644,CCS(=O)(=O)c1ccc(-c2cc(Cl)ccc2OCC(=O)O)c(F)c1,3.0,6,Clearance_Hepatocyte_AZ,588,,VALID,80.67,0
CHEMBL1779512,COC[C@@H](O)Cn1c(=O)cnn(-c2ccc(Cl)c(C(=O)NCC3(O)CCCCCC3)c2)c1=O,3.0,COC[C@@H](O)Cn1c(=O)cnn(-c2ccc(Cl)c(C(=O)NCC3(O)CCCCCC3)c2)c1=O,0.8699999999999988,0,0.5454545454545454,1,9,3,"{""number"": ""3.0"", ""relation"": ""="", ""status"": ""VALID""}",480.94900000000047,data/raw/tdc/clearance_hepatocyte_az.tab,CHEMBL1779512,COC[C@@H](O)Cn1c(=O)cnn(-c2ccc(Cl)c(C(=O)NCC3(O)CCCCCC3)c2)c1=O,3.0,8,Clearance_Hepatocyte_AZ,589,,VALID,135.68,0
CHEMBL1232461,CCNC(=O)C[C@@H]1N=C(c2ccc(Cl)cc2)c2cc(OC)ccc2-n2c(C)nnc21,3.0,CCNC(=O)C[C@@H]1N=C(c2ccc(Cl)cc2)c2cc(OC)ccc2-n2c(C)nnc21,3.6560200000000025,0,0.2727272727272727,1,6,1,"{""number"": ""3.0"", ""relation"": ""="", ""status"": ""VALID""}",423.90400000000017,data/raw/tdc/clearance_hepatocyte_az.tab,CHEMBL1232461,CCNC(=O)C[C@@H]1N=C(c2ccc(Cl)cc2)c2cc(OC)ccc2-n2c(C)nnc21,3.0,5,Clearance_Hepatocyte_AZ,590,,VALID,81.39999999999999,0
CHEMBL57895,CCC1(C2=NCCN2)Cc2ccccc2O1,3.0,CCC1(C2=NCCN2)Cc2ccccc2O1,1.772,0,0.46153846153846156,1,3,1,"{""number"": ""3.0"", ""relation"": ""="", ""status"": ""VALID""}",216.28400000000002,data/raw/tdc/clearance_hepatocyte_az.tab,CHEMBL57895,CCC1(C2=NCCN2)Cc2ccccc2O1,3.0,2,Clearance_Hepatocyte_AZ,591,,VALID,33.620000000000005,1
CHEMBL2035035,NC1(c2ccc(-c3c(-c4ccccc4)ccn4ncnc34)cc2)CCC1,3.0,NC1(c2ccc(-c3c(-c4ccccc4)ccn4ncnc34)cc2)CCC1,4.401200000000003,0,0.18181818181818182,1,4,1,"{""number"": ""3.0"", ""relation"": ""="", ""status"": ""VALID""}",340.4300000000002,data/raw/tdc/clearance_hepatocyte_az.tab,CHEMBL2035035,NC1(c2ccc(-c3c(-c4ccccc4)ccn4ncnc34)cc2)CCC1,3.0,3,Clearance_Hepatocyte_AZ,592,,VALID,56.21,0
CHEMBL19490,Cc1cc(CC(=O)O)n(C)c1C(=O)c1ccc(Cl)cc1,3.0,Cc1cc(CC(=O)O)n(C)c1C(=O)c1ccc(Cl)cc1,2.8450200000000017,0,0.2,1,3,1,"{""number"": ""3.0"", ""relation"": ""="", ""status"": ""VALID""}",291.73400000000004,data/raw/tdc/clearance_hepatocyte_az.tab,CHEMBL19490,Cc1cc(CC(=O)O)n(C)c1C(=O)c1ccc(Cl)cc1,3.0,4,Clearance_Hepatocyte_AZ,593,,VALID,59.3,0
CHEMBL1498024,N#Cc1ccccc1CSc1nc(O)cc(O)n1,3.0,N#Cc1ccccc1CSc1nc(O)cc(O)n1,2.0517800000000004,0,0.08333333333333333,1,6,2,"{""number"": ""3.0"", ""relation"": ""="", ""status"": ""VALID""}",259.28999999999996,data/raw/tdc/clearance_hepatocyte_az.tab,CHEMBL1498024,N#Cc1ccccc1CSc1nc(O)cc(O)n1,3.0,3,Clearance_Hepatocyte_AZ,594,,VALID,90.03,0
CHEMBL113,Cn1c(=O)c2c(ncn2C)n(C)c1=O,3.0,Cn1c(=O)c2c(ncn2C)n(C)c1=O,-1.0293,0,0.375,1,6,0,"{""number"": ""3.0"", ""relation"": ""="", ""status"": ""VALID""}",194.194,data/raw/tdc/clearance_hepatocyte_az.tab,CHEMBL113,Cn1c(=O)c2c(ncn2C)n(C)c1=O,3.0,0,Clearance_Hepatocyte_AZ,595,,VALID,61.82,0
CHEMBL403313,CN(C)S(=O)(=O)NC(=O)CCCc1c(-c2ccc(F)cc2)[nH]c2ccc(C#N)cc12,3.0,CN(C)S(=O)(=O)NC(=O)CCCc1c(-c2ccc(F)cc2)[nH]c2ccc(C#N)cc12,3.090980000000001,0,0.23809523809523808,1,4,2,"{""number"": ""3.0"", ""relation"": ""="", ""status"": ""VALID""}",428.4890000000001,data/raw/tdc/clearance_hepatocyte_az.tab,CHEMBL403313,CN(C)S(=O)(=O)NC(=O)CCCc1c(-c2ccc(F)cc2)[nH]c2ccc(C#N)cc12,3.0,7,Clearance_Hepatocyte_AZ,596,,VALID,106.06,0
CHEMBL173706,CC(C)(C)NCC(O)COc1nsnc1N1CCOCC1,150.0,CC(C)(C)NCC(O)COc1nsnc1N1CCOCC1,0.5024999999999997,0,0.8461538461538461,1,8,2,"{""number"": ""150.0"", ""relation"": ""="", ""status"": ""VALID""}",316.4270000000002,data/raw/tdc/clearance_hepatocyte_az.tab,CHEMBL173706,CC(C)(C)NCC(O)COc1nsnc1N1CCOCC1,150.0,6,Clearance_Hepatocyte_AZ,597,,VALID,79.74,1
CHEMBL1956334,CC(=O)c1ncccc1NC(=O)[C@H]1CC[C@H](N2C(=O)[C@H]3[C@H]4CC[C@H](C4)[C@H]3C2=O)CC1,150.0,CC(=O)c1ncccc1NC(=O)[C@H]1CC[C@H](N2C(=O)[C@@H]3[C@@H]4CC[C@@H](C4)[C@@H]3C2=O)CC1,2.8126000000000015,0,0.6086956521739131,1,5,1,"{""number"": ""150.0"", ""relation"": ""="", ""status"": ""VALID""}",409.4860000000003,data/raw/tdc/clearance_hepatocyte_az.tab,CHEMBL1956334,CC(=O)c1ncccc1NC(=O)[C@H]1CC[C@H](N2C(=O)[C@H]3[C@H]4CC[C@H](C4)[C@H]3C2=O)CC1,150.0,4,Clearance_Hepatocyte_AZ,598,,VALID,96.44,0
CHEMBL1789178,CNCC[C@@H](Oc1cc(Cl)ccc1C#N)c1ccccc1,150.0,CNCC[C@@H](Oc1cc(Cl)ccc1C#N)c1ccccc1,3.9412800000000026,0,0.23529411764705882,1,3,1,"{""number"": ""150.0"", ""relation"": ""="", ""status"": ""VALID""}",300.789,data/raw/tdc/clearance_hepatocyte_az.tab,CHEMBL1789178,CNCC[C@@H](Oc1cc(Cl)ccc1C#N)c1ccccc1,150.0,6,Clearance_Hepatocyte_AZ,599,,VALID,45.05,0
CHEMBL2035019,NC1(c2ccc(-c3nn4ccnc4cc3-c3ccccc3)cc2)CCC1,150.0,NC1(c2ccc(-c3nn4ccnc4cc3-c3ccccc3)cc2)CCC1,4.401200000000003,0,0.18181818181818182,1,4,1,"{""number"": ""150.0"", ""relation"": ""="", ""status"": ""VALID""}",340.4300000000002,data/raw/tdc/clearance_hepatocyte_az.tab,CHEMBL2035019,NC1(c2ccc(-c3nn4ccnc4cc3-c3ccccc3)cc2)CCC1,150.0,3,Clearance_Hepatocyte_AZ,600,,VALID,56.209999999999994,0
CHEMBL84,CC[C@@]1(O)C(=O)OCc2c1cc1n(c2=O)Cc2cc3c(CN(C)C)c(O)ccc3nc2-1,3.24,CC[C@@]1(O)C(=O)OCc2c1cc1n(c2=O)Cc2cc3c(CN(C)C)c(O)ccc3nc2-1,1.8468000000000002,0,0.34782608695652173,1,8,2,"{""number"": ""3.24"", ""relation"": ""="", ""status"": ""VALID""}",421.4530000000002,data/raw/tdc/clearance_hepatocyte_az.tab,CHEMBL84,CC[C@@]1(O)C(=O)OCc2c1cc1n(c2=O)Cc2cc3c(CN(C)C)c(O)ccc3nc2-1,3.24,3,Clearance_Hepatocyte_AZ,601,,VALID,104.89,0
CHEMBL296035,CCc1cccc2cc(C(O)CNC(C)(C)C)oc12,150.0,CCc1cccc2cc(C(O)CNC(C)(C)C)oc12,3.4167000000000014,0,0.5,1,3,2,"{""number"": ""150.0"", ""relation"": ""="", ""status"": ""VALID""}",261.36499999999995,data/raw/tdc/clearance_hepatocyte_az.tab,CHEMBL296035,CCc1cccc2cc(C(O)CNC(C)(C)C)oc12,150.0,4,Clearance_Hepatocyte_AZ,602,,VALID,45.4,1
CHEMBL1783119,COc1ccc(C(=O)NCc2cn(-c3cc(C)nc4ccc(OC)cc34)nn2)cc1,13.8,COc1ccc(C(=O)NCc2cn(-c3cc(C)nc4ccc(OC)cc34)nn2)cc1,3.0711200000000014,0,0.18181818181818182,1,7,1,"{""number"": ""13.8"", ""relation"": ""="", ""status"": ""VALID""}",403.4420000000001,data/raw/tdc/clearance_hepatocyte_az.tab,CHEMBL1783119,COc1ccc(C(=O)NCc2cn(-c3cc(C)nc4ccc(OC)cc34)nn2)cc1,13.8,6,Clearance_Hepatocyte_AZ,603,,VALID,91.16,0
CHEMBL394859,O=C([C@@H]1CCCN1)N1CCN(c2nc(NCc3ccc(Cl)cc3Cl)c3cccnc3n2)CC1,6.0,O=C([C@@H]1CCCN1)N1CCN(c2nc(NCc3ccc(Cl)cc3Cl)c3cccnc3n2)CC1,3.3443000000000014,0,0.391304347826087,1,7,2,"{""number"": ""6.0"", ""relation"": ""="", ""status"": ""VALID""}",486.40700000000027,data/raw/tdc/clearance_hepatocyte_az.tab,CHEMBL394859,O=C([C@@H]1CCCN1)N1CCN(c2nc(NCc3ccc(Cl)cc3Cl)c3cccnc3n2)CC1,6.0,5,Clearance_Hepatocyte_AZ,604,,VALID,86.28000000000002,0
CHEMBL1916263,CCC(CC)NC(=O)c1cn(-c2ccccc2)nc1NS(=O)(=O)c1ccc(C)cc1,7.0,CCC(CC)NC(=O)c1cn(-c2ccccc2)nc1NS(=O)(=O)c1ccc(C)cc1,3.8999200000000025,0,0.2727272727272727,1,5,2,"{""number"": ""7.0"", ""relation"": ""="", ""status"": ""VALID""}",426.5420000000002,data/raw/tdc/clearance_hepatocyte_az.tab,CHEMBL1916263,CCC(CC)NC(=O)c1cn(-c2ccccc2)nc1NS(=O)(=O)c1ccc(C)cc1,7.0,8,Clearance_Hepatocyte_AZ,605,,VALID,93.09,0
CHEMBL1834184,CCC(=O)N[C@H]1CC[C@@H](C(=O)N(C)c2ccc(-c3nc4ccccc4o3)cc2)C1,7.59,CCC(=O)N[C@H]1CC[C@@H](C(=O)N(C)c2ccc(-c3nc4ccccc4o3)cc2)C1,4.152500000000003,0,0.34782608695652173,1,4,1,"{""number"": ""7.59"", ""relation"": ""="", ""status"": ""VALID""}",391.4710000000001,data/raw/tdc/clearance_hepatocyte_az.tab,CHEMBL1834184,CCC(=O)N[C@H]1CC[C@@H](C(=O)N(C)c2ccc(-c3nc4ccccc4o3)cc2)C1,7.59,5,Clearance_Hepatocyte_AZ,606,,VALID,75.44,0
CHEMBL2035019,NC1(c2ccc(-c3nn4ccnc4cc3-c3ccccc3)cc2)CCC1,7.76,NC1(c2ccc(-c3nn4ccnc4cc3-c3ccccc3)cc2)CCC1,4.401200000000003,0,0.18181818181818182,1,4,1,"{""number"": ""7.76"", ""relation"": ""="", ""status"": ""VALID""}",340.4300000000002,data/raw/tdc/clearance_hepatocyte_az.tab,CHEMBL2035019,NC1(c2ccc(-c3nn4ccnc4cc3-c3ccccc3)cc2)CCC1,7.76,3,Clearance_Hepatocyte_AZ,607,,VALID,56.209999999999994,0
CHEMBL196707,Cc1c(CC(=O)O)c2cc(F)ccc2n1S(=O)(=O)c1ccc(S(C)(=O)=O)cc1,7.9,Cc1c(CC(=O)O)c2cc(F)ccc2n1S(=O)(=O)c1ccc(S(C)(=O)=O)cc1,2.356420000000001,0,0.16666666666666666,1,6,1,"{""number"": ""7.9"", ""relation"": ""="", ""status"": ""VALID""}",425.4590000000001,data/raw/tdc/clearance_hepatocyte_az.tab,CHEMBL196707,Cc1c(CC(=O)O)c2cc(F)ccc2n1S(=O)(=O)c1ccc(S(C)(=O)=O)cc1,7.9,5,Clearance_Hepatocyte_AZ,608,,VALID,110.50999999999999,0
CHEMBL1778636,N#Cc1cccc(-c2cc(Cl)ccc2OCC(=O)O)c1,5.0,N#Cc1cccc(-c2cc(Cl)ccc2OCC(=O)O)c1,3.342080000000002,0,0.06666666666666667,1,3,1,"{""number"": ""5.0"", ""relation"": ""="", ""status"": ""VALID""}",287.70199999999994,data/raw/tdc/clearance_hepatocyte_az.tab,CHEMBL1778636,N#Cc1cccc(-c2cc(Cl)ccc2OCC(=O)O)c1,5.0,4,Clearance_Hepatocyte_AZ,609,,VALID,70.32,0
CHEMBL2111112,COc1ccc(CCO[C@@H]2CCCC[C@H]2N2CC[C@@H](O)C2)cc1OC,6.46,COc1ccc(CCO[C@@H]2CCCC[C@H]2N2CC[C@@H](O)C2)cc1OC,2.6407000000000007,0,0.7,1,5,1,"{""number"": ""6.46"", ""relation"": ""="", ""status"": ""VALID""}",349.47100000000006,data/raw/tdc/clearance_hepatocyte_az.tab,CHEMBL2111112,COc1ccc(CCO[C@@H]2CCCC[C@H]2N2CC[C@@H](O)C2)cc1OC,6.46,7,Clearance_Hepatocyte_AZ,610,,VALID,51.16000000000001,0
CHEMBL481,CCc1c2c(nc3ccc(OC(=O)N4CCC(N5CCCCC5)CC4)cc13)-c1cc3c(c(=O)n1C2)COC(=O)[C@]3(O)CC,3.0,CCc1c2c(nc3ccc(OC(=O)N4CCC(N5CCCCC5)CC4)cc13)-c1cc3c(c(=O)n1C2)COC(=O)[C@]3(O)CC,4.0911000000000035,0,0.5151515151515151,1,9,1,"{""number"": ""3.0"", ""relation"": ""="", ""status"": ""VALID""}",586.6890000000004,data/raw/tdc/clearance_hepatocyte_az.tab,CHEMBL481,CCc1c2c(nc3ccc(OC(=O)N4CCC(N5CCCCC5)CC4)cc13)-c1cc3c(c(=O)n1C2)COC(=O)[C@]3(O)CC,3.0,4,Clearance_Hepatocyte_AZ,611,,VALID,114.2,0
CHEMBL1231533,O=C1NC(=O)/C(=C/c2ccc3c(c2)OC(F)(F)O3)S1,4.17,O=C1NC(=O)/C(=C/c2ccc3c(c2)OC(F)(F)O3)S1,2.332,0,0.09090909090909091,1,5,1,"{""number"": ""4.17"", ""relation"": ""="", ""status"": ""VALID""}",285.2269999999999,data/raw/tdc/clearance_hepatocyte_az.tab,CHEMBL1231533,O=C1NC(=O)/C(=C/c2ccc3c(c2)OC(F)(F)O3)S1,4.17,1,Clearance_Hepatocyte_AZ,612,,VALID,64.63000000000001,0
CHEMBL2035022,NC(=O)c1ccn2c(-c3ccccc3)c(-c3ccc(C4(N)CCC4)cc3)nc2c1,3.72,NC(=O)c1ccn2c(-c3ccccc3)c(-c3ccc(C4(N)CCC4)cc3)nc2c1,4.105100000000003,0,0.16666666666666666,1,4,2,"{""number"": ""3.72"", ""relation"": ""="", ""status"": ""VALID""}",382.4670000000002,data/raw/tdc/clearance_hepatocyte_az.tab,CHEMBL2035022,NC(=O)c1ccn2c(-c3ccccc3)c(-c3ccc(C4(N)CCC4)cc3)nc2c1,3.72,4,Clearance_Hepatocyte_AZ,613,,VALID,86.41,0
CHEMBL426823,CCOc1nc2ccc(OCCC3CCN(c4ccc(C)nn4)CC3)cc2o1,4.0,CCOc1nc2ccc(OCCC3CCN(c4ccc(C)nn4)CC3)cc2o1,4.010420000000003,0,0.47619047619047616,1,7,0,"{""number"": ""4.0"", ""relation"": ""="", ""status"": ""VALID""}",382.4640000000001,data/raw/tdc/clearance_hepatocyte_az.tab,CHEMBL426823,CCOc1nc2ccc(OCCC3CCN(c4ccc(C)nn4)CC3)cc2o1,4.0,7,Clearance_Hepatocyte_AZ,614,,VALID,73.51,0
CHEMBL361812,O=C(O)CCn1c2c(c3ccccc31)C[C@H](NS(=O)(=O)c1ccc(F)cc1)CC2,3.81,O=C(O)CCn1c2c(c3ccccc31)C[C@H](NS(=O)(=O)c1ccc(F)cc1)CC2,3.0909000000000013,0,0.2857142857142857,1,4,2,"{""number"": ""3.81"", ""relation"": ""="", ""status"": ""VALID""}",416.4740000000002,data/raw/tdc/clearance_hepatocyte_az.tab,CHEMBL361812,O=C(O)CCn1c2c(c3ccccc31)C[C@H](NS(=O)(=O)c1ccc(F)cc1)CC2,3.81,6,Clearance_Hepatocyte_AZ,615,,VALID,88.4,0
CHEMBL169901,N=C(N)N1CCc2ccccc2C1,3.98,N=C(N)N1CCc2ccccc2C1,0.9381699999999995,0,0.3,1,1,2,"{""number"": ""3.98"", ""relation"": ""="", ""status"": ""VALID""}",175.23499999999999,data/raw/tdc/clearance_hepatocyte_az.tab,CHEMBL169901,N=C(N)N1CCc2ccccc2C1,3.98,0,Clearance_Hepatocyte_AZ,616,,VALID,53.11000000000001,1
CHEMBL1778639,CCS(=O)(=O)c1ccc(-c2cc(C(F)(F)F)ccc2OCC(=O)O)c(C)c1,4.0,CCS(=O)(=O)c1ccc(-c2cc(C(F)(F)F)ccc2OCC(=O)O)c(C)c1,3.937820000000002,0,0.2777777777777778,1,4,1,"{""number"": ""4.0"", ""relation"": ""="", ""status"": ""VALID""}",402.39000000000016,data/raw/tdc/clearance_hepatocyte_az.tab,CHEMBL1778639,CCS(=O)(=O)c1ccc(-c2cc(C(F)(F)F)ccc2OCC(=O)O)c(C)c1,4.0,6,Clearance_Hepatocyte_AZ,617,,VALID,80.67,0
CHEMBL1399574,CCOc1ccc(NC(=O)CCc2c(C)nc3nc(C)nn3c2C)cc1,4.17,CCOc1ccc(NC(=O)CCc2c(C)nc3nc(C)nn3c2C)cc1,3.019560000000001,0,0.3684210526315789,1,6,1,"{""number"": ""4.17"", ""relation"": ""="", ""status"": ""VALID""}",353.42600000000004,data/raw/tdc/clearance_hepatocyte_az.tab,CHEMBL1399574,CCOc1ccc(NC(=O)CCc2c(C)nc3nc(C)nn3c2C)cc1,4.17,6,Clearance_Hepatocyte_AZ,618,,VALID,81.41,0
CHEMBL131087,Clc1ccc(Cn2c(-c3nn[nH]n3)cc3ccccc32)cc1Cl,12.88,Clc1ccc(Cn2c(-c3nn[nH]n3)cc3ccccc32)cc1Cl,4.176500000000002,0,0.0625,1,4,1,"{""number"": ""12.88"", ""relation"": ""="", ""status"": ""VALID""}",344.20500000000004,data/raw/tdc/clearance_hepatocyte_az.tab,CHEMBL131087,Clc1ccc(Cn2c(-c3nn[nH]n3)cc3ccccc32)cc1Cl,12.88,3,Clearance_Hepatocyte_AZ,619,,VALID,59.39,0
CHEMBL1423878,Oc1ncnc2c1c(-c1ccccc1)cn2-c1ccc(Br)cc1,52.48,Oc1ncnc2c1c(-c1ccccc1)cn2-c1ccc(Br)cc1,4.555600000000002,0,0.0,1,4,1,"{""number"": ""52.48"", ""relation"": ""="", ""status"": ""VALID""}",366.2180000000001,data/raw/tdc/clearance_hepatocyte_az.tab,CHEMBL1423878,Oc1ncnc2c1c(-c1ccccc1)cn2-c1ccc(Br)cc1,52.48,2,Clearance_Hepatocyte_AZ,620,,VALID,50.940000000000005,0
CHEMBL360227,CCN(CC)CCN1C(=O)[C@@](O)(c2ccccc2Cl)c2c1cc(C(N)=O)cc2C(F)(F)F,56.23,CCN(CC)CCN1C(=O)[C@@](O)(c2ccccc2Cl)c2c1cc(C(N)=O)cc2C(F)(F)F,3.3820000000000014,0,0.36363636363636365,1,4,2,"{""number"": ""56.23"", ""relation"": ""="", ""status"": ""VALID""}",469.8910000000002,data/raw/tdc/clearance_hepatocyte_az.tab,CHEMBL360227,CCN(CC)CCN1C(=O)[C@@](O)(c2ccccc2Cl)c2c1cc(C(N)=O)cc2C(F)(F)F,56.23,7,Clearance_Hepatocyte_AZ,621,,VALID,86.87,0
CHEMBL1427959,O=C(Nc1nc2ccccc2s1)c1ccccc1,64.57,O=C(Nc1nc2ccccc2s1)c1ccccc1,3.5486000000000013,0,0.0,1,3,1,"{""number"": ""64.57"", ""relation"": ""="", ""status"": ""VALID""}",254.31400000000002,data/raw/tdc/clearance_hepatocyte_az.tab,CHEMBL1427959,O=C(Nc1nc2ccccc2s1)c1ccccc1,64.57,2,Clearance_Hepatocyte_AZ,622,,VALID,41.99,0
CHEMBL1299863,CCc1c(C)nc(SCC(=O)Nc2nc(-c3ccc(OC)cc3)cs2)nc1O,66.07,CCc1c(C)nc(SCC(=O)Nc2nc(-c3ccc(OC)cc3)cs2)nc1O,3.915920000000003,0,0.2631578947368421,1,8,2,"{""number"": ""66.07"", ""relation"": ""="", ""status"": ""VALID""}",416.5280000000001,data/raw/tdc/clearance_hepatocyte_az.tab,CHEMBL1299863,CCc1c(C)nc(SCC(=O)Nc2nc(-c3ccc(OC)cc3)cs2)nc1O,66.07,7,Clearance_Hepatocyte_AZ,623,,VALID,97.23,0
CHEMBL1916085,Cc1ccc(S(=O)(=O)Nc2c(C(=O)N(C)C3CCCCC3)cnn2-c2ccccc2)cc1,48.44,Cc1ccc(S(=O)(=O)Nc2c(C(=O)N(C)C3CCCCC3)cnn2-c2ccccc2)cc1,4.386220000000004,0,0.3333333333333333,1,5,1,"{""number"": ""48.44"", ""relation"": ""="", ""status"": ""VALID""}",452.5800000000002,data/raw/tdc/clearance_hepatocyte_az.tab,CHEMBL1916085,Cc1ccc(S(=O)(=O)Nc2c(C(=O)N(C)C3CCCCC3)cnn2-c2ccccc2)cc1,48.44,6,Clearance_Hepatocyte_AZ,624,,VALID,84.30000000000001,0
CHEMBL1600648,Cc1nc2ncnn2c(O)c1CCOC(=O)c1c(F)cccc1F,64.34,Cc1nc2ncnn2c(O)c1CCOC(=O)c1c(F)cccc1F,1.81602,0,0.2,1,7,1,"{""number"": ""64.34"", ""relation"": ""="", ""status"": ""VALID""}",334.282,data/raw/tdc/clearance_hepatocyte_az.tab,CHEMBL1600648,Cc1nc2ncnn2c(O)c1CCOC(=O)c1c(F)cccc1F,64.34,4,Clearance_Hepatocyte_AZ,625,,VALID,89.61000000000001,0
CHEMBL2326864,CC(=O)Nc1nc(CCc2ccc(NC(=N)N)cc2)cs1,12.88,CC(=O)Nc1nc(CCc2ccc(NC(=N)N)cc2)cs1,2.1920699999999993,0,0.21428571428571427,1,4,4,"{""number"": ""12.88"", ""relation"": ""="", ""status"": ""VALID""}",303.391,data/raw/tdc/clearance_hepatocyte_az.tab,CHEMBL2326864,CC(=O)Nc1nc(CCc2ccc(NC(=N)N)cc2)cs1,12.88,5,Clearance_Hepatocyte_AZ,626,,VALID,103.89,1
CHEMBL245196,Cc1ccc(-c2cc(-c3ccccc3)nn2-c2ccc(S(N)(=O)=O)cc2)cc1,13.49,Cc1ccc(-c2cc(-c3ccccc3)nn2-c2ccc(S(N)(=O)=O)cc2)cc1,4.1621200000000025,0,0.045454545454545456,1,4,1,"{""number"": ""13.49"", ""relation"": ""="", ""status"": ""VALID""}",389.48000000000013,data/raw/tdc/clearance_hepatocyte_az.tab,CHEMBL245196,Cc1ccc(-c2cc(-c3ccccc3)nn2-c2ccc(S(N)(=O)=O)cc2)cc1,13.49,4,Clearance_Hepatocyte_AZ,627,,VALID,77.98,0
CHEMBL2181926,CCOC(=O)C1=C(C)NC(C)=C(C(C)=O)[C@H]1c1cccc2c(=O)cc(C)oc12,45.71,CCOC(=O)C1=C(C)NC(C)=C(C(C)=O)[C@H]1c1cccc2c(=O)cc(C)oc12,3.4883200000000025,0,0.3181818181818182,1,6,1,"{""number"": ""45.71"", ""relation"": ""="", ""status"": ""VALID""}",381.42800000000017,data/raw/tdc/clearance_hepatocyte_az.tab,CHEMBL2181926,CCOC(=O)C1=C(C)NC(C)=C(C(C)=O)[C@H]1c1cccc2c(=O)cc(C)oc12,45.71,4,Clearance_Hepatocyte_AZ,628,,VALID,85.61,0
CHEMBL1575409,COc1ccc(CNC(=O)CSc2nc3cccnc3s2)cc1,60.26,COc1ccc(CNC(=O)CSc2nc3cccnc3s2)cc1,3.1084000000000005,0,0.1875,1,6,1,"{""number"": ""60.26"", ""relation"": ""="", ""status"": ""VALID""}",345.449,data/raw/tdc/clearance_hepatocyte_az.tab,CHEMBL1575409,COc1ccc(CNC(=O)CSc2nc3cccnc3s2)cc1,60.26,6,Clearance_Hepatocyte_AZ,629,,VALID,64.11,0
CHEMBL335744,CC(C)C(=O)Nc1nc(-c2ccccn2)cc2ccccc12,61.66,CC(C)C(=O)Nc1nc(-c2ccccn2)cc2ccccc12,3.891300000000002,0,0.16666666666666666,1,3,1,"{""number"": ""61.66"", ""relation"": ""="", ""status"": ""VALID""}",291.35400000000004,data/raw/tdc/clearance_hepatocyte_az.tab,CHEMBL335744,CC(C)C(=O)Nc1nc(-c2ccccn2)cc2ccccc12,61.66,3,Clearance_Hepatocyte_AZ,630,,VALID,54.88,0
CHEMBL2137199,OC(c1ccc(-c2ccc(CN3CCN(Cc4ccncc4)CC3)cc2)c(F)c1)(C(F)(F)F)C(F)(F)F,12.3,OC(c1ccc(-c2ccc(CN3CCN(Cc4ccncc4)CC3)cc2)c(F)c1)(C(F)(F)F)C(F)(F)F,5.517700000000004,0,0.34615384615384615,1,4,1,"{""number"": ""12.3"", ""relation"": ""="", ""status"": ""VALID""}",527.484,data/raw/tdc/clearance_hepatocyte_az.tab,CHEMBL2137199,OC(c1ccc(-c2ccc(CN3CCN(Cc4ccncc4)CC3)cc2)c(F)c1)(C(F)(F)F)C(F)(F)F,12.3,6,Clearance_Hepatocyte_AZ,631,,VALID,39.6,0
CHEMBL1669163,COCCOc1cc(-c2cccc3c(=O)cc(N4CCOCC4)oc23)ccc1NC(=O)CN1CCOCC1,43.65,COCCOc1cc(-c2cccc3c(=O)cc(N4CCOCC4)oc23)ccc1NC(=O)CN1CCOCC1,2.592500000000001,0,0.42857142857142855,1,9,1,"{""number"": ""43.65"", ""relation"": ""="", ""status"": ""VALID""}",523.5860000000005,data/raw/tdc/clearance_hepatocyte_az.tab,CHEMBL1669163,COCCOc1cc(-c2cccc3c(=O)cc(N4CCOCC4)oc23)ccc1NC(=O)CN1CCOCC1,43.65,9,Clearance_Hepatocyte_AZ,632,,VALID,102.71000000000001,0
CHEMBL254328,C[C@]12CC[C@H]3[C@@H](CC=C4C[C@@H](O)CC[C@@]43C)[C@@H]1CC=C2c1cccnc1,54.95,C[C@]12CC[C@H](O)CC1=CC[C@@H]1[C@@H]2CC[C@]2(C)C(c3cccnc3)=CC[C@@H]12,5.398600000000005,0,0.625,1,2,1,"{""number"": ""54.95"", ""relation"": ""="", ""status"": ""VALID""}",349.51800000000003,data/raw/tdc/clearance_hepatocyte_az.tab,CHEMBL254328,C[C@]12CC[C@H]3[C@@H](CC=C4C[C@@H](O)CC[C@@]43C)[C@@H]1CC=C2c1cccnc1,54.95,1,Clearance_Hepatocyte_AZ,633,,VALID,33.120000000000005,0
CHEMBL1916264,CCC(CC)NC(=O)c1cnn(-c2ccccc2Cl)c1NS(=O)(=O)c1ccc(C)cc1,56.0,CCC(CC)NC(=O)c1cnn(-c2ccccc2Cl)c1NS(=O)(=O)c1ccc(C)cc1,4.553320000000004,0,0.2727272727272727,1,5,2,"{""number"": ""56.0"", ""relation"": ""="", ""status"": ""VALID""}",460.9870000000002,data/raw/tdc/clearance_hepatocyte_az.tab,CHEMBL1916264,CCC(CC)NC(=O)c1cnn(-c2ccccc2Cl)c1NS(=O)(=O)c1ccc(C)cc1,56.0,8,Clearance_Hepatocyte_AZ,634,,VALID,93.09,0
CHEMBL1448843,O=C(CSc1ccccc1)N1CCN(C(=O)c2ccco2)CC1,64.57,O=C(CSc1ccccc1)N1CCN(C(=O)c2ccco2)CC1,2.3563,0,0.29411764705882354,1,4,0,"{""number"": ""64.57"", ""relation"": ""="", ""status"": ""VALID""}",330.40900000000005,data/raw/tdc/clearance_hepatocyte_az.tab,CHEMBL1448843,O=C(CSc1ccccc1)N1CCN(C(=O)c2ccco2)CC1,64.57,4,Clearance_Hepatocyte_AZ,635,,VALID,53.760000000000005,0
CHEMBL75474,C[C@]12CCC3C(CC=C4C[C@@H](O)CC[C@@]43C)C1CC=C2n1cnc2ccccc21,34.67,C[C@]12CC[C@H](O)CC1=CCC1C2CC[C@]2(C)C(n3cnc4ccccc43)=CCC12,5.810800000000006,0,0.5769230769230769,1,3,1,"{""number"": ""34.67"", ""relation"": ""="", ""status"": ""VALID""}",388.55500000000006,data/raw/tdc/clearance_hepatocyte_az.tab,CHEMBL75474,C[C@]12CCC3C(CC=C4C[C@@H](O)CC[C@@]43C)C1CC=C2n1cnc2ccccc21,34.67,1,Clearance_Hepatocyte_AZ,636,,VALID,38.05,3
CHEMBL956,CC(C(=O)O)c1ccc(C(=O)c2cccs2)cc1,16.0,CC(C(=O)O)c1ccc(C(=O)c2cccs2)cc1,3.167200000000001,0,0.14285714285714285,1,3,1,"{""number"": ""16.0"", ""relation"": ""="", ""status"": ""VALID""}",260.31399999999996,data/raw/tdc/clearance_hepatocyte_az.tab,CHEMBL956,CC(C(=O)O)c1ccc(C(=O)c2cccs2)cc1,16.0,4,Clearance_Hepatocyte_AZ,637,,VALID,54.37,1
CHEMBL38043,COc1ccc(/C=C2\NC(=O)NC2=O)cc1,39.81,COc1ccc(/C=C2\NC(=O)NC2=O)cc1,0.8755000000000001,0,0.09090909090909091,1,3,2,"{""number"": ""39.81"", ""relation"": ""="", ""status"": ""VALID""}",218.212,data/raw/tdc/clearance_hepatocyte_az.tab,CHEMBL38043,COc1ccc(/C=C2\NC(=O)NC2=O)cc1,39.81,2,Clearance_Hepatocyte_AZ,638,,VALID,67.43,0
CHEMBL277474,Cc1cc(=O)n(-c2ccccc2)n1C,3.0,Cc1cc(=O)n(-c2ccccc2)n1C,1.4844199999999999,0,0.18181818181818182,1,3,0,"{""number"": ""3.0"", ""relation"": ""="", ""status"": ""VALID""}",188.23000000000002,data/raw/tdc/clearance_hepatocyte_az.tab,CHEMBL277474,Cc1cc(=O)n(-c2ccccc2)n1C,3.0,1,Clearance_Hepatocyte_AZ,639,,VALID,26.93,0
CHEMBL171951,CCCS(=O)(=O)N1N=Cc2cc(Cl)ccc2B1O,3.0,CCCS(=O)(=O)N1N=Cc2cc(Cl)ccc2B1O,0.4168000000000001,0,0.3,1,4,1,"{""number"": ""3.0"", ""relation"": ""="", ""status"": ""VALID""}",286.54900000000004,data/raw/tdc/clearance_hepatocyte_az.tab,CHEMBL171951,CCCS(=O)(=O)N1N=Cc2cc(Cl)ccc2B1O,3.0,3,Clearance_Hepatocyte_AZ,640,,VALID,69.97,0
CHEMBL2314383,CC(C)c1ccc(Sc2cnc(O)c(C(=O)NCc3ccccc3)c2)cc1,30.9,CC(C)c1ccc(Sc2cnc(O)c(C(=O)NCc3ccccc3)c2)cc1,4.991800000000004,0,0.18181818181818182,1,4,2,"{""number"": ""30.9"", ""relation"": ""="", ""status"": ""VALID""}",378.49700000000007,data/raw/tdc/clearance_hepatocyte_az.tab,CHEMBL2314383,CC(C)c1ccc(Sc2cnc(O)c(C(=O)NCc3ccccc3)c2)cc1,30.9,6,Clearance_Hepatocyte_AZ,641,,VALID,62.220000000000006,0
CHEMBL1090630,CCCCCCCC(=O)N[C@@H](C)C(=O)N[C@H](C(=O)N[C@@H](CCN)C(=O)N[C@H]1CCNC(=O)[C@H]([C@@H](C)O)NC(=O)[C@H](CCN)NC(=O)[C@H](CCN)NC(=O)[C@H](CC(C)C)NC(=O)[C@@H](Cc2ccccc2)NC(=O)[C@H](CCN)NC1=O)[C@@H](C)O,3.0,CCCCCCCC(=O)N[C@@H](C)C(=O)N[C@H](C(=O)N[C@@H](CCN)C(=O)N[C@H]1CCNC(=O)[C@H]([C@@H](C)O)NC(=O)[C@H](CCN)NC(=O)[C@H](CCN)NC(=O)[C@H](CC(C)C)NC(=O)[C@@H](Cc2ccccc2)NC(=O)[C@H](CCN)NC1=O)[C@@H](C)O,-4.819700000000015,0,0.6851851851851852,1,17,17,"{""number"": ""3.0"", ""relation"": ""="", ""status"": ""VALID""}",1160.4299999999998,data/raw/tdc/clearance_hepatocyte_az.tab,CHEMBL1090630,CCCCCCCC(=O)N[C@@H](C)C(=O)N[C@H](C(=O)N[C@@H](CCN)C(=O)N[C@H]1CCNC(=O)[C@H]([C@@H](C)O)NC(=O)[C@H](CCN)NC(=O)[C@H](CCN)NC(=O)[C@H](CC(C)C)NC(=O)[C@@H](Cc2ccccc2)NC(=O)[C@H](CCN)NC1=O)[C@@H](C)O,3.0,27,Clearance_Hepatocyte_AZ,642,,VALID,464.6399999999998,0
CHEMBL1076,COc1ccc(OC)c(C(O)CN)c1,3.0,COc1ccc(OC)c(C(O)CN)c1,0.6959,0,0.4,1,4,2,"{""number"": ""3.0"", ""relation"": ""="", ""status"": ""VALID""}",197.23399999999998,data/raw/tdc/clearance_hepatocyte_az.tab,CHEMBL1076,COc1ccc(OC)c(C(O)CN)c1,3.0,4,Clearance_Hepatocyte_AZ,643,,VALID,64.71,1
CHEMBL1945031,Cc1cccc2c(CCNCc3cccc(CCNC[C@H](O)c4ccc(O)c5[nH]c(=O)sc45)c3)c[nH]c12,24.0,Cc1cccc2c(CCNCc3cccc(CCNC[C@H](O)c4ccc(O)c5[nH]c(=O)sc45)c3)c[nH]c12,4.282920000000002,0,0.27586206896551724,1,6,6,"{""number"": ""24.0"", ""relation"": ""="", ""status"": ""VALID""}",516.6670000000001,data/raw/tdc/clearance_hepatocyte_az.tab,CHEMBL1945031,Cc1cccc2c(CCNCc3cccc(CCNC[C@H](O)c4ccc(O)c5[nH]c(=O)sc45)c3)c[nH]c12,24.0,11,Clearance_Hepatocyte_AZ,644,,VALID,113.16999999999999,0
CHEMBL1173055,CNCc1ccc(-c2[nH]c3cc(F)cc4c3c2CCNC4=O)cc1,12.02,CNCc1ccc(-c2[nH]c3cc(F)cc4c3c2CCNC4=O)cc1,2.979300000000001,0,0.21052631578947367,1,2,3,"{""number"": ""12.02"", ""relation"": ""="", ""status"": ""VALID""}",323.371,data/raw/tdc/clearance_hepatocyte_az.tab,CHEMBL1173055,CNCc1ccc(-c2[nH]c3cc(F)cc4c3c2CCNC4=O)cc1,12.02,3,Clearance_Hepatocyte_AZ,645,,VALID,56.92,0
CHEMBL1916288,Cc1nn(-c2ccc(F)cc2)c(NS(=O)(=O)c2ccc(C#N)cc2)c1C(=O)N[C@@H](C)C(C)(C)C,6.0,Cc1nn(-c2ccc(F)cc2)c(NS(=O)(=O)c2ccc(C#N)cc2)c1C(=O)N[C@@H](C)C(C)(C)C,4.156700000000003,0,0.2916666666666667,1,6,2,"{""number"": ""6.0"", ""relation"": ""="", ""status"": ""VALID""}",483.56900000000024,data/raw/tdc/clearance_hepatocyte_az.tab,CHEMBL1916288,Cc1nn(-c2ccc(F)cc2)c(NS(=O)(=O)c2ccc(C#N)cc2)c1C(=O)N[C@@H](C)C(C)(C)C,6.0,6,Clearance_Hepatocyte_AZ,646,,VALID,116.88,0
CHEMBL196945,O=C(O)C1(c2ccc(-c3ccc(Cl)c(Cl)c3)c(F)c2)CC1,38.9,O=C(O)C1(c2ccc(-c3ccc(Cl)c(Cl)c3)c(F)c2)CC1,4.915700000000002,0,0.1875,1,1,1,"{""number"": ""38.9"", ""relation"": ""="", ""status"": ""VALID""}",325.1660000000001,data/raw/tdc/clearance_hepatocyte_az.tab,CHEMBL196945,O=C(O)C1(c2ccc(-c3ccc(Cl)c(Cl)c3)c(F)c2)CC1,38.9,3,Clearance_Hepatocyte_AZ,647,,VALID,37.3,0
CHEMBL82663,O=S(=O)(CCCOCCc1ccccc1)CCNCCc1ccc(O)c2nc(O)sc12,42.5,O=S(=O)(CCCOCCc1ccccc1)CCNCCc1ccc(O)c2nc(O)sc12,2.9038000000000013,0,0.4090909090909091,1,8,3,"{""number"": ""42.5"", ""relation"": ""="", ""status"": ""VALID""}",464.6090000000002,data/raw/tdc/clearance_hepatocyte_az.tab,CHEMBL82663,O=S(=O)(CCCOCCc1ccccc1)CCNCCc1ccc(O)c2nc(O)sc12,42.5,13,Clearance_Hepatocyte_AZ,648,,VALID,108.75000000000001,0
CHEMBL1213085,Cc1ccccc1-n1c(Cn2nc(-c3ccc(O)c(F)c3)c3c(N)ncnc32)nc2cccc(C)c2c1=O,44.67,Cc1ccccc1-n1c(Cn2nc(-c3ccc(O)c(F)c3)c3c(N)ncnc32)nc2cccc(C)c2c1=O,4.284440000000003,0,0.10714285714285714,1,9,2,"{""number"": ""44.67"", ""relation"": ""="", ""status"": ""VALID""}",507.5290000000003,data/raw/tdc/clearance_hepatocyte_az.tab,CHEMBL1213085,Cc1ccccc1-n1c(Cn2nc(-c3ccc(O)c(F)c3)c3c(N)ncnc32)nc2cccc(C)c2c1=O,44.67,4,Clearance_Hepatocyte_AZ,649,,VALID,124.74000000000001,0
CHEMBL2347404,Fc1cccc(COc2ccc(Nc3ncnc4ccc(-c5cccc(N6CCOCC6)c5)cc34)cc2Cl)c1,44.67,Fc1cccc(COc2ccc(Nc3ncnc4ccc(-c5cccc(N6CCOCC6)c5)cc34)cc2Cl)c1,7.248500000000005,0,0.16129032258064516,1,6,1,"{""number"": ""44.67"", ""relation"": ""="", ""status"": ""VALID""}",541.0260000000004,data/raw/tdc/clearance_hepatocyte_az.tab,CHEMBL2347404,Fc1cccc(COc2ccc(Nc3ncnc4ccc(-c5cccc(N6CCOCC6)c5)cc34)cc2Cl)c1,44.67,7,Clearance_Hepatocyte_AZ,650,,VALID,59.510000000000005,0
CHEMBL1669158,CCOc1cc(-c2cccc3c(=O)cc(N4CCOCC4)oc23)ccc1NC(=O)CN1CCOCC1,51.29,CCOc1cc(-c2cccc3c(=O)cc(N4CCOCC4)oc23)ccc1NC(=O)CN1CCOCC1,2.966000000000001,0,0.4074074074074074,1,8,1,"{""number"": ""51.29"", ""relation"": ""="", ""status"": ""VALID""}",493.5600000000004,data/raw/tdc/clearance_hepatocyte_az.tab,CHEMBL1669158,CCOc1cc(-c2cccc3c(=O)cc(N4CCOCC4)oc23)ccc1NC(=O)CN1CCOCC1,51.29,7,Clearance_Hepatocyte_AZ,651,,VALID,93.47999999999999,0
CHEMBL1807821,O=c1[nH]c2c(O)ccc([C@@H](O)CNCCCOCCOCCc3ccccc3)c2s1,58.0,O=c1[nH]c2c(O)ccc([C@@H](O)CNCCCOCCOCCc3ccccc3)c2s1,2.5842,0,0.4090909090909091,1,7,4,"{""number"": ""58.0"", ""relation"": ""="", ""status"": ""VALID""}",432.54200000000014,data/raw/tdc/clearance_hepatocyte_az.tab,CHEMBL1807821,O=c1[nH]c2c(O)ccc([C@@H](O)CNCCCOCCOCCc3ccccc3)c2s1,58.0,13,Clearance_Hepatocyte_AZ,652,,VALID,103.81000000000002,0
CHEMBL42,CN1CCN(C2=Nc3cc(Cl)ccc3Nc3ccccc32)CC1,6.76,CN1CCN(C2=Nc3cc(Cl)ccc3Nc3ccccc32)CC1,3.7227000000000023,0,0.2777777777777778,1,4,1,"{""number"": ""6.76"", ""relation"": ""="", ""status"": ""VALID""}",326.83100000000013,data/raw/tdc/clearance_hepatocyte_az.tab,CHEMBL42,CN1CCN(C2=Nc3cc(Cl)ccc3Nc3ccccc32)CC1,6.76,0,Clearance_Hepatocyte_AZ,653,,VALID,30.869999999999997,0
CHEMBL2361579,Cc1cc2cc(C)c3nnc(SCC(=O)N4CCN(C(=O)c5ccco5)CC4)n3c2cc1C,57.54,Cc1cc2cc(C)c3nnc(SCC(=O)N4CCN(C(=O)c5ccco5)CC4)n3c2cc1C,3.4774600000000024,0,0.3333333333333333,1,7,0,"{""number"": ""57.54"", ""relation"": ""="", ""status"": ""VALID""}",463.5630000000003,data/raw/tdc/clearance_hepatocyte_az.tab,CHEMBL2361579,Cc1cc2cc(C)c3nnc(SCC(=O)N4CCN(C(=O)c5ccco5)CC4)n3c2cc1C,57.54,4,Clearance_Hepatocyte_AZ,654,,VALID,83.95,0
CHEMBL562698,O=C(NCC12CC3CC(CC(C3)C1)C2)c1ccnc(N2CCNCC2)c1Cl,7.2,O=C(NCC12CC3CC(CC(C3)C1)C2)c1ccnc(N2CCNCC2)c1Cl,3.0908000000000015,0,0.7142857142857143,1,4,2,"{""number"": ""7.2"", ""relation"": ""="", ""status"": ""VALID""}",388.9430000000002,data/raw/tdc/clearance_hepatocyte_az.tab,CHEMBL562698,O=C(NCC12CC3CC(CC(C3)C1)C2)c1ccnc(N2CCNCC2)c1Cl,7.2,4,Clearance_Hepatocyte_AZ,655,,VALID,57.260000000000005,4
CHEMBL585640,CCn1c(SCC(=O)Nc2cccc(C)c2)nnc1-c1ccccc1,150.0,CCn1c(SCC(=O)Nc2cccc(C)c2)nnc1-c1ccccc1,4.004220000000003,0,0.21052631578947367,1,5,1,"{""number"": ""150.0"", ""relation"": ""="", ""status"": ""VALID""}",352.4630000000001,data/raw/tdc/clearance_hepatocyte_az.tab,CHEMBL585640,CCn1c(SCC(=O)Nc2cccc(C)c2)nnc1-c1ccccc1,150.0,6,Clearance_Hepatocyte_AZ,656,,VALID,59.81,0
CHEMBL1945041,O=c1[nH]c2c(O)ccc([C@@H](O)CNCCc3cccc(CNCc4ccccc4Cl)c3)c2s1,60.0,O=c1[nH]c2c(O)ccc([C@@H](O)CNCCc3cccc(CNCc4ccccc4Cl)c3)c2s1,4.1041000000000025,0,0.24,1,6,5,"{""number"": ""60.0"", ""relation"": ""="", ""status"": ""VALID""}",484.02100000000013,data/raw/tdc/clearance_hepatocyte_az.tab,CHEMBL1945041,O=c1[nH]c2c(O)ccc([C@@H](O)CNCCc3cccc(CNCc4ccccc4Cl)c3)c2s1,60.0,10,Clearance_Hepatocyte_AZ,657,,VALID,97.38000000000001,0
CHEMBL1921936,C[C@@](C(=O)O[C@H]1C[N+]2(CCCOc3ccc(F)cc3)CCC1CC2)(c1ccccc1)N1CCCCC1,66.0,C[C@@](C(=O)O[C@H]1C[N+]2(CCCOc3ccc(F)cc3)CCC1CC2)(c1ccccc1)N1CCCCC1,5.148100000000005,0,0.5666666666666667,1,4,0,"{""number"": ""66.0"", ""relation"": ""="", ""status"": ""VALID""}",495.65900000000045,data/raw/tdc/clearance_hepatocyte_az.tab,CHEMBL1921936,C[C@@](C(=O)O[C@H]1C[N+]2(CCCOc3ccc(F)cc3)CCC1CC2)(c1ccccc1)N1CCCCC1,66.0,9,Clearance_Hepatocyte_AZ,658,,VALID,38.77,2
CHEMBL1916276,Cc1ccc(S(=O)(=O)Nc2c(C(=O)NC3CCCCC3C)cnn2-c2ccccc2)cc1,5.0,Cc1ccc(S(=O)(=O)Nc2c(C(=O)NC3CCCCC3C)cnn2-c2ccccc2)cc1,4.290020000000004,0,0.3333333333333333,1,5,2,"{""number"": ""5.0"", ""relation"": ""="", ""status"": ""VALID""}",452.58000000000015,data/raw/tdc/clearance_hepatocyte_az.tab,CHEMBL1916276,Cc1ccc(S(=O)(=O)Nc2c(C(=O)NC3CCCCC3C)cnn2-c2ccccc2)cc1,5.0,6,Clearance_Hepatocyte_AZ,659,,VALID,93.09,2
CHEMBL2070946,N#Cc1cnc(N2CCN(C(=O)[C@@H]3CCCC[C@H]3C(=O)NC3(C#N)CC3)CC2)s1,5.25,N#Cc1cnc(N2CCN(C(=O)[C@@H]3CCCC[C@H]3C(=O)NC3(C#N)CC3)CC2)s1,1.6421599999999998,0,0.65,1,7,1,"{""number"": ""5.25"", ""relation"": ""="", ""status"": ""VALID""}",412.5190000000002,data/raw/tdc/clearance_hepatocyte_az.tab,CHEMBL2070946,N#Cc1cnc(N2CCN(C(=O)[C@@H]3CCCC[C@H]3C(=O)NC3(C#N)CC3)CC2)s1,5.25,4,Clearance_Hepatocyte_AZ,660,,VALID,113.12,0
CHEMBL72,CNCCCN1c2ccccc2CCc2ccccc21,6.92,CNCCCN1c2ccccc2CCc2ccccc21,3.5328000000000026,0,0.3333333333333333,1,2,1,"{""number"": ""6.92"", ""relation"": ""="", ""status"": ""VALID""}",266.388,data/raw/tdc/clearance_hepatocyte_az.tab,CHEMBL72,CNCCCN1c2ccccc2CCc2ccccc21,6.92,4,Clearance_Hepatocyte_AZ,661,,VALID,15.27,0
CHEMBL1939560,C[C@H](c1nc2ncccc2c(=O)n1-c1ccc(Cl)cc1)N(CC1CCS(=O)(=O)CC1)C(=O)Cc1ccc(C(F)(F)F)c(F)c1,7.08,C[C@H](c1nc2ncccc2c(=O)n1-c1ccc(Cl)cc1)N(CC1CCS(=O)(=O)CC1)C(=O)Cc1ccc(C(F)(F)F)c(F)c1,5.5491000000000055,0,0.3333333333333333,1,7,0,"{""number"": ""7.08"", ""relation"": ""="", ""status"": ""VALID""}",651.0820000000006,data/raw/tdc/clearance_hepatocyte_az.tab,CHEMBL1939560,C[C@H](c1nc2ncccc2c(=O)n1-c1ccc(Cl)cc1)N(CC1CCS(=O)(=O)CC1)C(=O)Cc1ccc(C(F)(F)F)c(F)c1,7.08,7,Clearance_Hepatocyte_AZ,662,,VALID,102.22999999999999,0
CHEMBL250961,Cc1ccc(F)cc1S(=O)(=O)N[C@@H]1CCN(Cc2ccc(-c3ccccc3)cc2)C1,150.0,Cc1ccc(F)cc1S(=O)(=O)N[C@@H]1CCN(Cc2ccc(-c3ccccc3)cc2)C1,4.353920000000004,0,0.25,1,3,1,"{""number"": ""150.0"", ""relation"": ""="", ""status"": ""VALID""}",424.54100000000017,data/raw/tdc/clearance_hepatocyte_az.tab,CHEMBL250961,Cc1ccc(F)cc1S(=O)(=O)N[C@@H]1CCN(Cc2ccc(-c3ccccc3)cc2)C1,150.0,6,Clearance_Hepatocyte_AZ,663,,VALID,49.410000000000004,0
CHEMBL2324355,Cc1nocc1C(=O)Nc1ccc(-c2ccccc2OC(F)(F)F)c(N)n1,74.13,Cc1nocc1C(=O)Nc1ccc(-c2ccccc2OC(F)(F)F)c(N)n1,3.7781200000000013,0,0.11764705882352941,1,6,2,"{""number"": ""74.13"", ""relation"": ""="", ""status"": ""VALID""}",378.31000000000006,data/raw/tdc/clearance_hepatocyte_az.tab,CHEMBL2324355,Cc1nocc1C(=O)Nc1ccc(-c2ccccc2OC(F)(F)F)c(N)n1,74.13,4,Clearance_Hepatocyte_AZ,664,,VALID,103.27,0
CHEMBL782,CCCCNC(=O)NS(=O)(=O)c1ccc(C)cc1,6.61,CCCCNC(=O)NS(=O)(=O)c1ccc(C)cc1,1.78302,0,0.4166666666666667,1,3,2,"{""number"": ""6.61"", ""relation"": ""="", ""status"": ""VALID""}",270.354,data/raw/tdc/clearance_hepatocyte_az.tab,CHEMBL782,CCCCNC(=O)NS(=O)(=O)c1ccc(C)cc1,6.61,5,Clearance_Hepatocyte_AZ,665,,VALID,75.27000000000001,0
CHEMBL1783112,COc1ccc2nc(C)cc(-n3cc(CNC(C)=O)nn3)c2c1,6.76,COc1ccc2nc(C)cc(-n3cc(CNC(C)=O)nn3)c2c1,1.7686199999999999,0,0.25,1,6,1,"{""number"": ""6.76"", ""relation"": ""="", ""status"": ""VALID""}",311.345,data/raw/tdc/clearance_hepatocyte_az.tab,CHEMBL1783112,COc1ccc2nc(C)cc(-n3cc(CNC(C)=O)nn3)c2c1,6.76,4,Clearance_Hepatocyte_AZ,666,,VALID,81.92999999999999,0
CHEMBL1164729,Cc1nc(-c2ccc(OCC(C)C)c(C#N)c2)sc1C(=O)O,7.0,Cc1nc(-c2ccc(OCC(C)C)c(C#N)c2)sc1C(=O)O,3.723200000000002,0,0.3125,1,5,1,"{""number"": ""7.0"", ""relation"": ""="", ""status"": ""VALID""}",316.382,data/raw/tdc/clearance_hepatocyte_az.tab,CHEMBL1164729,Cc1nc(-c2ccc(OCC(C)C)c(C#N)c2)sc1C(=O)O,7.0,5,Clearance_Hepatocyte_AZ,667,,VALID,83.21,0
CHEMBL1194325,O=C(O[C@H]1C[N+]2(CCCOc3ccccc3)CCC1CC2)C(O)(c1cccs1)c1cccs1,64.0,O=C(O[C@H]1C[N+]2(CCCOc3ccccc3)CCC1CC2)C(O)(c1cccs1)c1cccs1,4.666800000000005,0,0.4230769230769231,1,6,1,"{""number"": ""64.0"", ""relation"": ""="", ""status"": ""VALID""}",484.66300000000024,data/raw/tdc/clearance_hepatocyte_az.tab,CHEMBL1194325,O=C(O[C@H]1C[N+]2(CCCOc3ccccc3)CCC1CC2)C(O)(c1cccs1)c1cccs1,64.0,9,Clearance_Hepatocyte_AZ,668,,VALID,55.760000000000005,2
CHEMBL413,CO[C@H]1C[C@@H]2CC[C@@H](C)[C@@](O)(O2)C(=O)C(=O)N2CCCC[C@H]2C(=O)O[C@H]([C@H](C)C[C@@H]2CC[C@@H](O)[C@H](OC)C2)CC(=O)[C@H](C)/C=C(\C)[C@@H](O)[C@@H](OC)C(=O)[C@H](C)C[C@H](C)/C=C/C=C/C=C/1C,150.0,CO[C@H]1C[C@@H]2CC[C@@H](C)[C@@](O)(O2)C(=O)C(=O)N2CCCC[C@H]2C(=O)O[C@H]([C@H](C)C[C@@H]2CC[C@@H](O)[C@H](OC)C2)CC(=O)[C@H](C)/C=C(\C)[C@@H](O)[C@@H](OC)C(=O)[C@H](C)C[C@H](C)/C=C/C=C/C=C/1C,6.180600000000006,0,0.7450980392156863,1,13,3,"{""number"": ""150.0"", ""relation"": ""="", ""status"": ""VALID""}",914.187,data/raw/tdc/clearance_hepatocyte_az.tab,CHEMBL413,CO[C@H]1C[C@@H]2CC[C@@H](C)[C@@](O)(O2)C(=O)C(=O)N2CCCC[C@H]2C(=O)O[C@H]([C@H](C)C[C@@H]2CC[C@@H](O)[C@H](OC)C2)CC(=O)[C@H](C)/C=C(\C)[C@@H](O)[C@@H](OC)C(=O)[C@H](C)C[C@H](C)/C=C/C=C/C=C/1C,150.0,6,Clearance_Hepatocyte_AZ,669,,VALID,195.42999999999995,0
CHEMBL193240,O=C(Nc1c(Cl)cncc1Cl)c1ccc(OC(F)F)c(OCC2CC2)c1,150.0,O=C(Nc1c(Cl)cncc1Cl)c1ccc(OC(F)F)c(OCC2CC2)c1,5.030900000000003,0,0.29411764705882354,1,4,1,"{""number"": ""150.0"", ""relation"": ""="", ""status"": ""VALID""}",403.21200000000016,data/raw/tdc/clearance_hepatocyte_az.tab,CHEMBL193240,O=C(Nc1c(Cl)cncc1Cl)c1ccc(OC(F)F)c(OCC2CC2)c1,150.0,7,Clearance_Hepatocyte_AZ,670,,VALID,60.45,0
CHEMBL1575409,COc1ccc(CNC(=O)CSc2nc3cccnc3s2)cc1,150.0,COc1ccc(CNC(=O)CSc2nc3cccnc3s2)cc1,3.1084000000000005,0,0.1875,1,6,1,"{""number"": ""150.0"", ""relation"": ""="", ""status"": ""VALID""}",345.449,data/raw/tdc/clearance_hepatocyte_az.tab,CHEMBL1575409,COc1ccc(CNC(=O)CSc2nc3cccnc3s2)cc1,150.0,6,Clearance_Hepatocyte_AZ,671,,VALID,64.11,0
CHEMBL2335890,COCCN(C)c1ccc(Nc2ncc3cc(-c4ccncc4)ccc3n2)cc1,40.74,COCCN(C)c1ccc(Nc2ncc3cc(-c4ccncc4)ccc3n2)cc1,4.518000000000003,0,0.17391304347826086,1,6,1,"{""number"": ""40.74"", ""relation"": ""="", ""status"": ""VALID""}",385.47100000000006,data/raw/tdc/clearance_hepatocyte_az.tab,CHEMBL2335890,COCCN(C)c1ccc(Nc2ncc3cc(-c4ccncc4)ccc3n2)cc1,40.74,7,Clearance_Hepatocyte_AZ,672,,VALID,63.17,0
CHEMBL1922054,Cc1ccc2nc(C[N+]34CCC(CC3)[C@@H](OC(=O)[C@](C)(c3ccccc3)N3CCCCC3)C4)oc2c1,150.0,Cc1ccc2nc(C[N+]34CCC(CC3)[C@@H](OC(=O)[C@](C)(c3ccccc3)N3CCCCC3)C4)oc2c1,5.189720000000006,0,0.5333333333333333,1,5,0,"{""number"": ""150.0"", ""relation"": ""="", ""status"": ""VALID""}",488.6520000000004,data/raw/tdc/clearance_hepatocyte_az.tab,CHEMBL1922054,Cc1ccc2nc(C[N+]34CCC(CC3)[C@@H](OC(=O)[C@](C)(c3ccccc3)N3CCCCC3)C4)oc2c1,150.0,6,Clearance_Hepatocyte_AZ,673,,VALID,55.57,2
CHEMBL1367530,Cc1ccc(-c2nnc(SCC(=O)N3CCN(c4ccccc4)CC3)o2)cc1,150.0,Cc1ccc(-c2nnc(SCC(=O)N3CCN(c4ccccc4)CC3)o2)cc1,3.485920000000002,0,0.2857142857142857,1,6,0,"{""number"": ""150.0"", ""relation"": ""="", ""status"": ""VALID""}",394.5000000000001,data/raw/tdc/clearance_hepatocyte_az.tab,CHEMBL1367530,Cc1ccc(-c2nnc(SCC(=O)N3CCN(c4ccccc4)CC3)o2)cc1,150.0,5,Clearance_Hepatocyte_AZ,674,,VALID,62.470000000000006,0
CHEMBL1322390,COc1ccc2nc(NC(=O)CCc3ccc(OC)c(OC)c3)sc2c1,150.0,COc1ccc2nc(NC(=O)CCc3ccc(OC)c(OC)c3)sc2c1,3.8934000000000024,0,0.2631578947368421,1,6,1,"{""number"": ""150.0"", ""relation"": ""="", ""status"": ""VALID""}",372.4460000000001,data/raw/tdc/clearance_hepatocyte_az.tab,CHEMBL1322390,COc1ccc2nc(NC(=O)CCc3ccc(OC)c(OC)c3)sc2c1,150.0,7,Clearance_Hepatocyte_AZ,675,,VALID,69.68,0
CHEMBL1916542,COc1ccc2ncc(=O)n(CCN3CCC(NCc4cc5c(cn4)OCCO5)CC3)c2c1,150.0,COc1ccc2ncc(=O)n(CCN3CCC(NCc4cc5c(cn4)OCCO5)CC3)c2c1,1.8254999999999992,0,0.4583333333333333,1,9,1,"{""number"": ""150.0"", ""relation"": ""="", ""status"": ""VALID""}",451.5270000000003,data/raw/tdc/clearance_hepatocyte_az.tab,CHEMBL1916542,COc1ccc2ncc(=O)n(CCN3CCC(NCc4cc5c(cn4)OCCO5)CC3)c2c1,150.0,7,Clearance_Hepatocyte_AZ,676,,VALID,90.74000000000001,0
CHEMBL492234,COC(=O)c1ccc(C)c(NS(=O)(=O)c2ccc3c(c2)c(=O)sn3C)c1,150.0,COC(=O)c1ccc(C)c(NS(=O)(=O)c2ccc3c(c2)c(=O)sn3C)c1,2.49582,0,0.17647058823529413,1,7,1,"{""number"": ""150.0"", ""relation"": ""="", ""status"": ""VALID""}",392.45800000000014,data/raw/tdc/clearance_hepatocyte_az.tab,CHEMBL492234,COC(=O)c1ccc(C)c(NS(=O)(=O)c2ccc3c(c2)c(=O)sn3C)c1,150.0,4,Clearance_Hepatocyte_AZ,677,,VALID,94.47,0
CHEMBL1688458,O=C(O)CCc1ccc(OCc2cccc(Oc3ccccc3)c2)cc1,150.0,O=C(O)CCc1ccc(OCc2cccc(Oc3ccccc3)c2)cc1,5.0751000000000035,0,0.13636363636363635,1,3,1,"{""number"": ""150.0"", ""relation"": ""="", ""status"": ""VALID""}",348.398,data/raw/tdc/clearance_hepatocyte_az.tab,CHEMBL1688458,O=C(O)CCc1ccc(OCc2cccc(Oc3ccccc3)c2)cc1,150.0,8,Clearance_Hepatocyte_AZ,678,,VALID,55.760000000000005,0
CHEMBL650,C[C@H]1C[C@H]2[C@@H]3CC[C@](O)(C(=O)CO)[C@@]3(C)C[C@H](O)[C@@H]2[C@@]2(C)C=CC(=O)C=C12,9.12,C[C@H]1C[C@@H]2[C@H]([C@@H](O)C[C@@]3(C)[C@H]2CC[C@]3(O)C(=O)CO)[C@@]2(C)C=CC(=O)C=C12,1.8036,0,0.7272727272727273,1,5,3,"{""number"": ""9.12"", ""relation"": ""="", ""status"": ""VALID""}",374.4770000000001,data/raw/tdc/clearance_hepatocyte_az.tab,CHEMBL650,C[C@H]1C[C@H]2[C@@H]3CC[C@](O)(C(=O)CO)[C@@]3(C)C[C@H](O)[C@@H]2[C@@]2(C)C=CC(=O)C=C12,9.12,2,Clearance_Hepatocyte_AZ,679,,VALID,94.83000000000001,0
CHEMBL203059,O=C(Nc1cc(-c2ccnc(Nc3ccccc3)c2)ccn1)C1CCOCC1,150.0,O=C(Nc1cc(-c2ccnc(Nc3ccccc3)c2)ccn1)C1CCOCC1,4.252300000000003,0,0.22727272727272727,1,5,2,"{""number"": ""150.0"", ""relation"": ""="", ""status"": ""VALID""}",374.4440000000002,data/raw/tdc/clearance_hepatocyte_az.tab,CHEMBL203059,O=C(Nc1cc(-c2ccnc(Nc3ccccc3)c2)ccn1)C1CCOCC1,150.0,5,Clearance_Hepatocyte_AZ,680,,VALID,76.14,0
CHEMBL1874317,N#CCC(CNc1ncc(C(F)(F)F)cc1Cl)OC(=O)c1c(F)cccc1F,150.0,N#CCC(CNc1ncc(C(F)(F)F)cc1Cl)OC(=O)c1c(F)cccc1F,4.583180000000002,0,0.23529411764705882,1,5,1,"{""number"": ""150.0"", ""relation"": ""="", ""status"": ""VALID""}",419.7370000000001,data/raw/tdc/clearance_hepatocyte_az.tab,CHEMBL1874317,N#CCC(CNc1ncc(C(F)(F)F)cc1Cl)OC(=O)c1c(F)cccc1F,150.0,6,Clearance_Hepatocyte_AZ,681,,VALID,75.00999999999999,1
CHEMBL1669160,CC(C)COc1cc(-c2cccc3c(=O)cc(N4CCOCC4)oc23)ccc1NC(=O)CN1CCOCC1,150.0,CC(C)COc1cc(-c2cccc3c(=O)cc(N4CCOCC4)oc23)ccc1NC(=O)CN1CCOCC1,3.602100000000002,0,0.4482758620689655,1,8,1,"{""number"": ""150.0"", ""relation"": ""="", ""status"": ""VALID""}",521.6140000000004,data/raw/tdc/clearance_hepatocyte_az.tab,CHEMBL1669160,CC(C)COc1cc(-c2cccc3c(=O)cc(N4CCOCC4)oc23)ccc1NC(=O)CN1CCOCC1,150.0,8,Clearance_Hepatocyte_AZ,682,,VALID,93.47999999999999,0
CHEMBL1539037,COc1ccc(NC(=O)CCc2c(C)nc3nc(C)nn3c2C)cc1,3.09,COc1ccc(NC(=O)CCc2c(C)nc3nc(C)nn3c2C)cc1,2.629460000000001,0,0.3333333333333333,1,6,1,"{""number"": ""3.09"", ""relation"": ""="", ""status"": ""VALID""}",339.399,data/raw/tdc/clearance_hepatocyte_az.tab,CHEMBL1539037,COc1ccc(NC(=O)CCc2c(C)nc3nc(C)nn3c2C)cc1,3.09,5,Clearance_Hepatocyte_AZ,683,,VALID,81.41,0
CHEMBL2158828,O=C(O)COc1ccccc1N1CCC(CN2CCC(Oc3ccc(Cl)c(Cl)c3)CC2)CC1,3.0,O=C(O)COc1ccccc1N1CCC(CN2CCC(Oc3ccc(Cl)c(Cl)c3)CC2)CC1,5.216600000000006,0,0.48,1,5,1,"{""number"": ""3.0"", ""relation"": ""="", ""status"": ""VALID""}",493.43100000000027,data/raw/tdc/clearance_hepatocyte_az.tab,CHEMBL2158828,O=C(O)COc1ccccc1N1CCC(CN2CCC(Oc3ccc(Cl)c(Cl)c3)CC2)CC1,3.0,8,Clearance_Hepatocyte_AZ,684,,VALID,62.24000000000001,0
CHEMBL91428,COc1cc2ncnc(Nc3cc4ccccc4cn3)c2cc1OC,3.0,COc1cc2ncnc(Nc3cc4ccccc4cn3)c2cc1OC,3.9388000000000023,0,0.10526315789473684,1,6,1,"{""number"": ""3.0"", ""relation"": ""="", ""status"": ""VALID""}",332.3630000000001,data/raw/tdc/clearance_hepatocyte_az.tab,CHEMBL91428,COc1cc2ncnc(Nc3cc4ccccc4cn3)c2cc1OC,3.0,4,Clearance_Hepatocyte_AZ,685,,VALID,69.16000000000001,0
CHEMBL1917459,CCS(=O)(=O)Nc1cccc2c1c(Oc1ccc(Cl)cc1)c(C)n2CC(=O)O,3.0,CCS(=O)(=O)Nc1cccc2c1c(Oc1ccc(Cl)cc1)c(C)n2CC(=O)O,4.241620000000004,0,0.21052631578947367,1,5,2,"{""number"": ""3.0"", ""relation"": ""="", ""status"": ""VALID""}",422.89000000000016,data/raw/tdc/clearance_hepatocyte_az.tab,CHEMBL1917459,CCS(=O)(=O)Nc1cccc2c1c(Oc1ccc(Cl)cc1)c(C)n2CC(=O)O,3.0,7,Clearance_Hepatocyte_AZ,686,,VALID,97.63000000000001,0
CHEMBL2018969,COc1cccc2c1c(NS(=O)(=O)c1ccc(Cl)s1)nn2Cc1cccc(CNC(=O)C(C)(C)O)c1,25.0,COc1cccc2c1c(NS(=O)(=O)c1ccc(Cl)s1)nn2Cc1cccc(CNC(=O)C(C)(C)O)c1,3.996000000000002,0,0.25,1,8,3,"{""number"": ""25.0"", ""relation"": ""="", ""status"": ""VALID""}",549.0740000000003,data/raw/tdc/clearance_hepatocyte_az.tab,CHEMBL2018969,COc1cccc2c1c(NS(=O)(=O)c1ccc(Cl)s1)nn2Cc1cccc(CNC(=O)C(C)(C)O)c1,25.0,9,Clearance_Hepatocyte_AZ,687,,VALID,122.55,0
CHEMBL1090488,C[C@H]1CN(C(=O)[C@@H]2CN(C(C)(C)C)C[C@H]2c2ccc(F)cc2F)C[C@@H](C)[C@]1(O)c1ccccc1,25.12,C[C@@H]1CN(C(=O)[C@@H]2CN(C(C)(C)C)C[C@H]2c2ccc(F)cc2F)C[C@H](C)[C@@]1(O)c1ccccc1,4.780900000000005,0,0.5357142857142857,1,3,1,"{""number"": ""25.12"", ""relation"": ""="", ""status"": ""VALID""}",470.60400000000016,data/raw/tdc/clearance_hepatocyte_az.tab,CHEMBL1090488,C[C@H]1CN(C(=O)[C@@H]2CN(C(C)(C)C)C[C@H]2c2ccc(F)cc2F)C[C@@H](C)[C@]1(O)c1ccccc1,25.12,3,Clearance_Hepatocyte_AZ,688,,VALID,43.78,0
CHEMBL24850,O=C(O)c1cc2cc(OCc3ccccc3)ccc2[nH]1,25.7,O=C(O)c1cc2cc(OCc3ccccc3)ccc2[nH]1,3.445100000000002,0,0.0625,1,2,2,"{""number"": ""25.7"", ""relation"": ""="", ""status"": ""VALID""}",267.284,data/raw/tdc/clearance_hepatocyte_az.tab,CHEMBL24850,O=C(O)c1cc2cc(OCc3ccccc3)ccc2[nH]1,25.7,4,Clearance_Hepatocyte_AZ,689,,VALID,62.32,0
CHEMBL256963,Clc1ccc2ncc(-c3cccc(NC4CNC4)n3)n2c1,19.05,Clc1ccc2ncc(-c3cccc(NC4CNC4)n3)n2c1,2.4334000000000007,0,0.2,1,5,2,"{""number"": ""19.05"", ""relation"": ""="", ""status"": ""VALID""}",299.76500000000004,data/raw/tdc/clearance_hepatocyte_az.tab,CHEMBL256963,Clc1ccc2ncc(-c3cccc(NC4CNC4)n3)n2c1,19.05,3,Clearance_Hepatocyte_AZ,690,,VALID,54.25,0
CHEMBL2035031,NC1(c2ccc(-c3ncc4cccnc4c3-c3ccccc3)cc2)CCC1,19.5,NC1(c2ccc(-c3ncc4cccnc4c3-c3ccccc3)cc2)CCC1,5.301700000000003,0,0.16666666666666666,1,3,1,"{""number"": ""19.5"", ""relation"": ""="", ""status"": ""VALID""}",351.45300000000015,data/raw/tdc/clearance_hepatocyte_az.tab,CHEMBL2035031,NC1(c2ccc(-c3ncc4cccnc4c3-c3ccccc3)cc2)CCC1,19.5,3,Clearance_Hepatocyte_AZ,691,,VALID,51.8,0
CHEMBL1643199,Cc1cc(CN2CCc3ccccc3C2C(=O)Nc2ccc(Cl)cc2Cl)ccc1OCC(=O)O,20.0,Cc1cc(CN2CCc3ccccc3C2C(=O)Nc2ccc(Cl)cc2Cl)ccc1OCC(=O)O,5.503320000000005,0,0.23076923076923078,1,4,2,"{""number"": ""20.0"", ""relation"": ""="", ""status"": ""VALID""}",499.3940000000003,data/raw/tdc/clearance_hepatocyte_az.tab,CHEMBL1643199,Cc1cc(CN2CCc3ccccc3C2C(=O)Nc2ccc(Cl)cc2Cl)ccc1OCC(=O)O,20.0,7,Clearance_Hepatocyte_AZ,692,,VALID,78.87,1
CHEMBL2062571,CC(=O)Nc1ccc2ccn(-c3cc(NC4COC4)n4ncc(C#N)c4n3)c2c1,21.88,CC(=O)Nc1ccc2ccn(-c3cc(NC4COC4)n4ncc(C#N)c4n3)c2c1,2.31398,0,0.2,1,8,2,"{""number"": ""21.88"", ""relation"": ""="", ""status"": ""VALID""}",387.40300000000013,data/raw/tdc/clearance_hepatocyte_az.tab,CHEMBL2062571,CC(=O)Nc1ccc2ccn(-c3cc(NC4COC4)n4ncc(C#N)c4n3)c2c1,21.88,4,Clearance_Hepatocyte_AZ,693,,VALID,109.27,0
CHEMBL594684,Cc1cc(NS(=O)(=O)c2ccc(Cl)cc2)no1,8.51,Cc1cc(NS(=O)(=O)c2ccc(Cl)cc2)no1,2.43722,0,0.1,1,4,1,"{""number"": ""8.51"", ""relation"": ""="", ""status"": ""VALID""}",272.713,data/raw/tdc/clearance_hepatocyte_az.tab,CHEMBL594684,Cc1cc(NS(=O)(=O)c2ccc(Cl)cc2)no1,8.51,3,Clearance_Hepatocyte_AZ,694,,VALID,72.2,0
CHEMBL101,CCCCC1C(=O)N(c2ccccc2)N(c2ccccc2)C1=O,8.71,CCCCC1C(=O)N(c2ccccc2)N(c2ccccc2)C1=O,3.7878000000000025,0,0.2631578947368421,1,2,0,"{""number"": ""8.71"", ""relation"": ""="", ""status"": ""VALID""}",308.3810000000001,data/raw/tdc/clearance_hepatocyte_az.tab,CHEMBL101,CCCCC1C(=O)N(c2ccccc2)N(c2ccccc2)C1=O,8.71,5,Clearance_Hepatocyte_AZ,695,,VALID,40.620000000000005,0
CHEMBL521809,O=C(c1cccc(Cc2n[nH]c(=O)c3ccccc23)c1)N1CCN(c2ncccn2)CC1,100.0,O=C(c1cccc(Cc2n[nH]c(=O)c3ccccc23)c1)N1CCN(c2ncccn2)CC1,2.2663,0,0.20833333333333334,1,6,1,"{""number"": ""100.0"", ""relation"": ""="", ""status"": ""VALID""}",426.48000000000025,data/raw/tdc/clearance_hepatocyte_az.tab,CHEMBL521809,O=C(c1cccc(Cc2n[nH]c(=O)c3ccccc23)c1)N1CCN(c2ncccn2)CC1,100.0,4,Clearance_Hepatocyte_AZ,696,,VALID,95.08,0
CHEMBL1473,CCC(=O)O[C@]1(C(=O)SCF)[C@H](C)C[C@H]2[C@@H]3C[C@H](F)C4=CC(=O)C=C[C@]4(C)[C@@]3(F)[C@@H](O)C[C@@]21C,107.15,CCC(=O)O[C@]1(C(=O)SCF)[C@H](C)C[C@H]2[C@@H]3C[C@H](F)C4=CC(=O)C=C[C@]4(C)[C@@]3(F)[C@@H](O)C[C@@]21C,4.430000000000004,0,0.72,1,6,1,"{""number"": ""107.15"", ""relation"": ""="", ""status"": ""VALID""}",500.57900000000024,data/raw/tdc/clearance_hepatocyte_az.tab,CHEMBL1473,CCC(=O)O[C@]1(C(=O)SCF)[C@H](C)C[C@H]2[C@@H]3C[C@H](F)C4=CC(=O)C=C[C@]4(C)[C@@]3(F)[C@@H](O)C[C@@]21C,107.15,4,Clearance_Hepatocyte_AZ,697,,VALID,80.67,0
CHEMBL361546,O=c1c2sccc2n(CC2COc3ccccc3O2)c(=O)n1O,134.9,O=c1c2sccc2n(CC2COc3ccccc3O2)c(=O)n1O,1.3019999999999998,0,0.2,1,8,1,"{""number"": ""134.9"", ""relation"": ""="", ""status"": ""VALID""}",332.33700000000005,data/raw/tdc/clearance_hepatocyte_az.tab,CHEMBL361546,O=c1c2sccc2n(CC2COc3ccccc3O2)c(=O)n1O,134.9,2,Clearance_Hepatocyte_AZ,698,,VALID,82.69,1
CHEMBL1351332,O=C(NCc1ccccc1)c1cc(-c2ccco2)on1,138.04,O=C(NCc1ccccc1)c1cc(-c2ccco2)on1,2.864600000000001,0,0.06666666666666667,1,4,1,"{""number"": ""138.04"", ""relation"": ""="", ""status"": ""VALID""}",268.272,data/raw/tdc/clearance_hepatocyte_az.tab,CHEMBL1351332,O=C(NCc1ccccc1)c1cc(-c2ccco2)on1,138.04,4,Clearance_Hepatocyte_AZ,699,,VALID,68.27000000000001,0
CHEMBL1519272,O=C(NS(=O)(=O)c1ccccc1Cl)c1ccc[nH]1,3.31,O=C(NS(=O)(=O)c1ccccc1Cl)c1ccc[nH]1,1.7868,0,0.0,1,3,2,"{""number"": ""3.31"", ""relation"": ""="", ""status"": ""VALID""}",284.724,data/raw/tdc/clearance_hepatocyte_az.tab,CHEMBL1519272,O=C(NS(=O)(=O)c1ccccc1Cl)c1ccc[nH]1,3.31,3,Clearance_Hepatocyte_AZ,700,,VALID,79.03,0
CHEMBL1214,CC1(C)S[C@@H]2[C@H](NC(=O)C(C(=O)O)c3ccccc3)C(=O)N2[C@H]1C(=O)O,3.39,CC1(C)S[C@@H]2[C@H](NC(=O)C(C(=O)O)c3ccccc3)C(=O)N2[C@H]1C(=O)O,0.4864999999999999,0,0.4117647058823529,1,5,3,"{""number"": ""3.39"", ""relation"": ""="", ""status"": ""VALID""}",378.4060000000001,data/raw/tdc/clearance_hepatocyte_az.tab,CHEMBL1214,CC1(C)S[C@@H]2[C@H](NC(=O)C(C(=O)O)c3ccccc3)C(=O)N2[C@H]1C(=O)O,3.39,5,Clearance_Hepatocyte_AZ,701,,VALID,124.01,1
CHEMBL2057372,CC(C)(C)NS(=O)(=O)c1cncc(-c2ccc3nc(NC(=O)NCC(=O)N4CCOCC4)nn3c2)c1,3.39,CC(C)(C)NS(=O)(=O)c1cncc(-c2ccc3nc(NC(=O)NCC(=O)N4CCOCC4)nn3c2)c1,0.8484000000000012,0,0.4090909090909091,1,9,3,"{""number"": ""3.39"", ""relation"": ""="", ""status"": ""VALID""}",516.5840000000004,data/raw/tdc/clearance_hepatocyte_az.tab,CHEMBL2057372,CC(C)(C)NS(=O)(=O)c1cncc(-c2ccc3nc(NC(=O)NCC(=O)N4CCOCC4)nn3c2)c1,3.39,6,Clearance_Hepatocyte_AZ,702,,VALID,159.92,0
CHEMBL251073,CC(=O)C[C@H](c1ccccc1)c1c(O)c2ccccc2oc1=O,3.47,CC(=O)C[C@H](c1ccccc1)c1c(O)c2ccccc2oc1=O,3.609600000000003,0,0.15789473684210525,1,4,1,"{""number"": ""3.47"", ""relation"": ""="", ""status"": ""VALID""}",308.3330000000001,data/raw/tdc/clearance_hepatocyte_az.tab,CHEMBL251073,CC(=O)C[C@H](c1ccccc1)c1c(O)c2ccccc2oc1=O,3.47,4,Clearance_Hepatocyte_AZ,703,,VALID,67.50999999999999,0
CHEMBL1829763,C[C@@H](c1ccc(-c2ccc(F)cc2F)cc1)N1CC[C@](CCO)(c2ccc(F)cc2)OC1=O,3.72,C[C@@H](c1ccc(-c2ccc(F)cc2F)cc1)N1CC[C@](CCO)(c2ccc(F)cc2)OC1=O,5.952100000000006,0,0.2692307692307692,1,3,1,"{""number"": ""3.72"", ""relation"": ""="", ""status"": ""VALID""}",455.4760000000002,data/raw/tdc/clearance_hepatocyte_az.tab,CHEMBL1829763,C[C@@H](c1ccc(-c2ccc(F)cc2F)cc1)N1CC[C@](CCO)(c2ccc(F)cc2)OC1=O,3.72,6,Clearance_Hepatocyte_AZ,704,,VALID,49.77,0
CHEMBL2336322,COc1ccc(-c2ccc3c(N4CCOC[C@@H]4C)nc(N4CCOC[C@@H]4C)nc3n2)cc1C(=O)N(C)C,4.27,COc1ccc(-c2ccc3c(N4CCOC[C@@H]4C)nc(N4CCOC[C@@H]4C)nc3n2)cc1C(=O)N(C)C,2.852400000000001,0,0.48148148148148145,1,9,0,"{""number"": ""4.27"", ""relation"": ""="", ""status"": ""VALID""}",506.6070000000003,data/raw/tdc/clearance_hepatocyte_az.tab,CHEMBL2336322,COc1ccc(-c2ccc3c(N4CCOC[C@@H]4C)nc(N4CCOC[C@@H]4C)nc3n2)cc1C(=O)N(C)C,4.27,5,Clearance_Hepatocyte_AZ,705,,VALID,93.14999999999999,0
CHEMBL2017291,COc1cc2c(cc1-c1c(C)noc1C)ncc1[nH]c(=O)n([C@H](C)c3ccccn3)c12,3.39,COc1cc2c(cc1-c1c(C)noc1C)ncc1[nH]c(=O)n([C@H](C)c3ccccn3)c12,4.162540000000002,0,0.21739130434782608,1,7,1,"{""number"": ""3.39"", ""relation"": ""="", ""status"": ""VALID""}",415.45300000000015,data/raw/tdc/clearance_hepatocyte_az.tab,CHEMBL2017291,COc1cc2c(cc1-c1c(C)noc1C)ncc1[nH]c(=O)n([C@H](C)c3ccccn3)c12,3.39,4,Clearance_Hepatocyte_AZ,706,,VALID,98.83,0
CHEMBL1013,N[C@@H](C(=O)N[C@@H]1C(=O)N2C(C(=O)O)=C(Cl)CC[C@H]12)c1ccccc1,3.0,N[C@@H](C(=O)N[C@@H]1C(=O)N2C(C(=O)O)=C(Cl)CC[C@H]12)c1ccccc1,0.7108000000000003,0,0.3125,1,4,3,"{""number"": ""3.0"", ""relation"": ""="", ""status"": ""VALID""}",349.77400000000006,data/raw/tdc/clearance_hepatocyte_az.tab,CHEMBL1013,N[C@@H](C(=O)N[C@@H]1C(=O)N2C(C(=O)O)=C(Cl)CC[C@H]12)c1ccccc1,3.0,4,Clearance_Hepatocyte_AZ,707,,VALID,112.73,0
CHEMBL294099,O=c1cc(-c2ccc(Br)cc2)oc2ccccc12,3.0,O=c1cc(-c2ccc(Br)cc2)oc2ccccc12,4.222500000000002,0,0.0,1,2,0,"{""number"": ""3.0"", ""relation"": ""="", ""status"": ""VALID""}",301.139,data/raw/tdc/clearance_hepatocyte_az.tab,CHEMBL294099,O=c1cc(-c2ccc(Br)cc2)oc2ccccc12,3.0,1,Clearance_Hepatocyte_AZ,708,,VALID,30.21,0
CHEMBL2058631,CC1CNC(Nc2c(Cl)cccc2Cl)=N1,3.0,CC1CNC(Nc2c(Cl)cccc2Cl)=N1,2.753000000000001,0,0.3,1,3,2,"{""number"": ""3.0"", ""relation"": ""="", ""status"": ""VALID""}",244.125,data/raw/tdc/clearance_hepatocyte_az.tab,CHEMBL2058631,CC1CNC(Nc2c(Cl)cccc2Cl)=N1,3.0,1,Clearance_Hepatocyte_AZ,709,,VALID,36.42,1
CHEMBL1934422,Cc1ccc(S(=O)(=O)Nc2c(C(=O)N[C@@H](C)C(C)(C)C)c(C)nn2C2CCOCC2)cc1,3.0,Cc1ccc(S(=O)(=O)Nc2c(C(=O)N[C@@H](C)C(C)(C)C)c(C)nn2C2CCOCC2)cc1,3.816640000000003,0,0.5652173913043478,1,6,2,"{""number"": ""3.0"", ""relation"": ""="", ""status"": ""VALID""}",462.6160000000003,data/raw/tdc/clearance_hepatocyte_az.tab,CHEMBL1934422,Cc1ccc(S(=O)(=O)Nc2c(C(=O)N[C@@H](C)C(C)(C)C)c(C)nn2C2CCOCC2)cc1,3.0,6,Clearance_Hepatocyte_AZ,710,,VALID,102.32000000000001,0
CHEMBL2062774,CCOc1noc2cc(OCCC3CCN(c4ccc(C)nn4)CC3)ccc12,8.13,CCOc1noc2cc(OCCC3CCN(c4ccc(C)nn4)CC3)ccc12,4.010420000000003,0,0.47619047619047616,1,7,0,"{""number"": ""8.13"", ""relation"": ""="", ""status"": ""VALID""}",382.4640000000001,data/raw/tdc/clearance_hepatocyte_az.tab,CHEMBL2062774,CCOc1noc2cc(OCCC3CCN(c4ccc(C)nn4)CC3)ccc12,8.13,7,Clearance_Hepatocyte_AZ,711,,VALID,73.51000000000002,0
CHEMBL2172000,Cc1nn(C)c2cc(N3CCN(C(=O)[C@@H]4CCCC[C@H]4C(=O)NC4(C#N)CC4)[C@H](C)C3)ccc12,8.13,Cc1nn(C)c2cc(N3CCN(C(=O)[C@@H]4CCCC[C@H]4C(=O)NC4(C#N)CC4)[C@H](C)C3)ccc12,2.8976000000000006,0,0.6153846153846154,1,6,1,"{""number"": ""8.13"", ""relation"": ""="", ""status"": ""VALID""}",462.59800000000024,data/raw/tdc/clearance_hepatocyte_az.tab,CHEMBL2172000,Cc1nn(C)c2cc(N3CCN(C(=O)[C@@H]4CCCC[C@H]4C(=O)NC4(C#N)CC4)[C@H](C)C3)ccc12,8.13,4,Clearance_Hepatocyte_AZ,712,,VALID,94.25999999999999,0
CHEMBL17157,CC(C)(C)c1ccc(C(O)CCCN2CCC(C(O)(c3ccccc3)c3ccccc3)CC2)cc1,87.1,CC(C)(C)c1ccc(C(O)CCCN2CCC(C(O)(c3ccccc3)c3ccccc3)CC2)cc1,6.445800000000008,0,0.4375,1,3,2,"{""number"": ""87.1"", ""relation"": ""="", ""status"": ""VALID""}",471.6850000000001,data/raw/tdc/clearance_hepatocyte_az.tab,CHEMBL17157,CC(C)(C)c1ccc(C(O)CCCN2CCC(C(O)(c3ccccc3)c3ccccc3)CC2)cc1,87.1,8,Clearance_Hepatocyte_AZ,713,,VALID,43.7,1
CHEMBL2331749,Cc1cn([C@H]2CCCN(S(=O)(=O)c3ccc(O)c(Oc4ccc(Cl)cc4)c3)C2)c(=O)[nH]c1=O,89.13,Cc1cn([C@H]2CCCN(S(=O)(=O)c3ccc(O)c(Oc4ccc(Cl)cc4)c3)C2)c(=O)[nH]c1=O,3.022120000000001,0,0.2727272727272727,1,7,2,"{""number"": ""89.13"", ""relation"": ""="", ""status"": ""VALID""}",491.9530000000002,data/raw/tdc/clearance_hepatocyte_az.tab,CHEMBL2331749,Cc1cn([C@H]2CCCN(S(=O)(=O)c3ccc(O)c(Oc4ccc(Cl)cc4)c3)C2)c(=O)[nH]c1=O,89.13,5,Clearance_Hepatocyte_AZ,714,,VALID,121.69999999999999,0
CHEMBL1689135,C[C@H]1CN(Cc2cc(Cl)ccc2CC(=O)O)CCN1C(=O)Cc1ccc(Cl)cc1,13.5,C[C@H]1CN(Cc2cc(Cl)ccc2CC(=O)O)CCN1C(=O)Cc1ccc(Cl)cc1,3.895900000000003,0,0.36363636363636365,1,3,1,"{""number"": ""13.5"", ""relation"": ""="", ""status"": ""VALID""}",435.3510000000001,data/raw/tdc/clearance_hepatocyte_az.tab,CHEMBL1689135,C[C@H]1CN(Cc2cc(Cl)ccc2CC(=O)O)CCN1C(=O)Cc1ccc(Cl)cc1,13.5,6,Clearance_Hepatocyte_AZ,715,,VALID,60.85000000000001,0
CHEMBL564885,O=C(NCC12CC3CC(CC(C3)C1)C2)c1ccnc(NCC2CCNCC2)c1Cl,4.0,O=C(NCC12CC3CC(CC(C3)C1)C2)c1ccnc(NCC2CCNCC2)c1Cl,4.0927000000000024,0,0.7391304347826086,1,4,3,"{""number"": ""4.0"", ""relation"": ""="", ""status"": ""VALID""}",416.9970000000002,data/raw/tdc/clearance_hepatocyte_az.tab,CHEMBL564885,O=C(NCC12CC3CC(CC(C3)C1)C2)c1ccnc(NCC2CCNCC2)c1Cl,4.0,6,Clearance_Hepatocyte_AZ,716,,VALID,66.05,4
CHEMBL1689116,O=C(O)COc1ccc(Cl)cc1CN1CCC(S(=O)(=O)c2ccccc2)CC1,3.0,O=C(O)COc1ccc(Cl)cc1CN1CCC(S(=O)(=O)c2ccccc2)CC1,3.2417000000000025,0,0.35,1,5,1,"{""number"": ""3.0"", ""relation"": ""="", ""status"": ""VALID""}",423.9180000000001,data/raw/tdc/clearance_hepatocyte_az.tab,CHEMBL1689116,O=C(O)COc1ccc(Cl)cc1CN1CCC(S(=O)(=O)c2ccccc2)CC1,3.0,7,Clearance_Hepatocyte_AZ,717,,VALID,83.91,0
CHEMBL1916289,Cc1nn(-c2ccc(F)cc2)c(NS(=O)(=O)c2ccc(C(F)(F)F)cc2)c1C(=O)N[C@@H](C)C(C)(C)C,3.0,Cc1nn(-c2ccc(F)cc2)c(NS(=O)(=O)c2ccc(C(F)(F)F)cc2)c1C(=O)N[C@@H](C)C(C)(C)C,5.303820000000005,0,0.3333333333333333,1,5,2,"{""number"": ""3.0"", ""relation"": ""="", ""status"": ""VALID""}",526.5560000000002,data/raw/tdc/clearance_hepatocyte_az.tab,CHEMBL1916289,Cc1nn(-c2ccc(F)cc2)c(NS(=O)(=O)c2ccc(C(F)(F)F)cc2)c1C(=O)N[C@@H](C)C(C)(C)C,3.0,6,Clearance_Hepatocyte_AZ,718,,VALID,93.09,0
CHEMBL1069,CCCCC(=O)N(Cc1ccc(-c2ccccc2-c2nnn[nH]2)cc1)[C@H](C(=O)O)C(C)C,3.0,CCCCC(=O)N(Cc1ccc(-c2ccccc2-c2nnn[nH]2)cc1)[C@H](C(=O)O)C(C)C,4.161700000000002,0,0.375,1,5,2,"{""number"": ""3.0"", ""relation"": ""="", ""status"": ""VALID""}",435.52800000000013,data/raw/tdc/clearance_hepatocyte_az.tab,CHEMBL1069,CCCCC(=O)N(Cc1ccc(-c2ccccc2-c2nnn[nH]2)cc1)[C@H](C(=O)O)C(C)C,3.0,10,Clearance_Hepatocyte_AZ,719,,VALID,112.07000000000001,0
CHEMBL1481,CCC1=C(C)CN(C(=O)NCCc2ccc(S(=O)(=O)NC(=O)N[C@H]3CC[C@H](C)CC3)cc2)C1=O,23.2,CCC1=C(C)CN(C(=O)NCCc2ccc(S(=O)(=O)NC(=O)N[C@H]3CC[C@H](C)CC3)cc2)C1=O,3.0740000000000016,0,0.5416666666666666,1,5,3,"{""number"": ""23.2"", ""relation"": ""="", ""status"": ""VALID""}",490.6260000000003,data/raw/tdc/clearance_hepatocyte_az.tab,CHEMBL1481,CCC1=C(C)CN(C(=O)NCCc2ccc(S(=O)(=O)NC(=O)N[C@H]3CC[C@H](C)CC3)cc2)C1=O,23.2,7,Clearance_Hepatocyte_AZ,720,,VALID,124.68,0
CHEMBL570015,COc1cccc(Nc2c(C(N)=O)cnc3c(C)cc(S(=O)(=O)c4cccc(C(=O)N(C)C)c4)cc23)c1,130.0,COc1cccc(Nc2c(C(N)=O)cnc3c(C)cc(S(=O)(=O)c4cccc(C(=O)N(C)C)c4)cc23)c1,3.9289200000000033,0,0.14814814814814814,1,7,2,"{""number"": ""130.0"", ""relation"": ""="", ""status"": ""VALID""}",518.5950000000003,data/raw/tdc/clearance_hepatocyte_az.tab,CHEMBL570015,COc1cccc(Nc2c(C(N)=O)cnc3c(C)cc(S(=O)(=O)c4cccc(C(=O)N(C)C)c4)cc23)c1,130.0,7,Clearance_Hepatocyte_AZ,721,,VALID,131.69,0
CHEMBL1734492,NC(=O)NC(=O)C(Nc1ccc2c(c1)CCC2)c1ccccc1,13.8,NC(=O)NC(=O)C(Nc1ccc2c(c1)CCC2)c1ccccc1,2.5234000000000005,0,0.2222222222222222,1,3,3,"{""number"": ""13.8"", ""relation"": ""="", ""status"": ""VALID""}",309.36899999999997,data/raw/tdc/clearance_hepatocyte_az.tab,CHEMBL1734492,NC(=O)NC(=O)C(Nc1ccc2c(c1)CCC2)c1ccccc1,13.8,4,Clearance_Hepatocyte_AZ,722,,VALID,84.22,1
CHEMBL551984,N#Cc1cccc(NCC(=O)Nc2c(Cl)ccc3nc(N4CC[C@@H](O)C4)ccc23)c1,8.0,N#Cc1cccc(NCC(=O)Nc2c(Cl)ccc3nc(N4CC[C@@H](O)C4)ccc23)c1,3.3814800000000016,0,0.22727272727272727,1,6,3,"{""number"": ""8.0"", ""relation"": ""="", ""status"": ""VALID""}",421.8880000000002,data/raw/tdc/clearance_hepatocyte_az.tab,CHEMBL551984,N#Cc1cccc(NCC(=O)Nc2c(Cl)ccc3nc(N4CC[C@@H](O)C4)ccc23)c1,8.0,5,Clearance_Hepatocyte_AZ,723,,VALID,101.28,0
CHEMBL1770297,CCOc1ccc2oc(C(=O)NC(CCSC)c3nc4ccccc4[nH]3)c(C)c2c1,27.0,CCOc1ccc2oc(C(=O)NC(CCSC)c3nc4ccccc4[nH]3)c(C)c2c1,5.240420000000004,0,0.30434782608695654,1,5,2,"{""number"": ""27.0"", ""relation"": ""="", ""status"": ""VALID""}",423.5380000000001,data/raw/tdc/clearance_hepatocyte_az.tab,CHEMBL1770297,CCOc1ccc2oc(C(=O)NC(CCSC)c3nc4ccccc4[nH]3)c(C)c2c1,27.0,8,Clearance_Hepatocyte_AZ,724,,VALID,80.15,1
CHEMBL550436,C[C@H](CO)n1ccc2c(NC(=O)Cc3ccc(Cl)c(C(F)(F)F)c3)cccc2c1=O,29.0,C[C@H](CO)n1ccc2c(NC(=O)Cc3ccc(Cl)c(C(F)(F)F)c3)cccc2c1=O,4.4082000000000034,0,0.23809523809523808,1,4,2,"{""number"": ""29.0"", ""relation"": ""="", ""status"": ""VALID""}",438.8330000000001,data/raw/tdc/clearance_hepatocyte_az.tab,CHEMBL550436,C[C@H](CO)n1ccc2c(NC(=O)Cc3ccc(Cl)c(C(F)(F)F)c3)cccc2c1=O,29.0,5,Clearance_Hepatocyte_AZ,725,,VALID,71.33,0
CHEMBL661,Cc1nnc2n1-c1ccc(Cl)cc1C(c1ccccc1)=NC2,42.66,Cc1nnc2n1-c1ccc(Cl)cc1C(c1ccccc1)=NC2,3.5801200000000017,0,0.11764705882352941,1,4,0,"{""number"": ""42.66"", ""relation"": ""="", ""status"": ""VALID""}",308.77200000000005,data/raw/tdc/clearance_hepatocyte_az.tab,CHEMBL661,Cc1nnc2n1-c1ccc(Cl)cc1C(c1ccccc1)=NC2,42.66,1,Clearance_Hepatocyte_AZ,726,,VALID,43.07,0
CHEMBL364714,C[C@@H](C(N)=O)c1ccc(OS(=O)(=O)C(F)(F)F)cc1,3.0,C[C@@H](C(N)=O)c1ccc(OS(=O)(=O)C(F)(F)F)cc1,1.5038,0,0.3,1,4,1,"{""number"": ""3.0"", ""relation"": ""="", ""status"": ""VALID""}",297.25399999999996,data/raw/tdc/clearance_hepatocyte_az.tab,CHEMBL364714,C[C@@H](C(N)=O)c1ccc(OS(=O)(=O)C(F)(F)F)cc1,3.0,4,Clearance_Hepatocyte_AZ,727,,VALID,86.46000000000001,0
CHEMBL1214827,CC(C)c1cc(C(=O)N2Cc3ccc(CN4CCN(C)CC4)cc3C2)c(O)cc1O,23.44,CC(C)c1cc(C(=O)N2Cc3ccc(CN4CCN(C)CC4)cc3C2)c(O)cc1O,3.1246000000000023,0,0.4583333333333333,1,5,2,"{""number"": ""23.44"", ""relation"": ""="", ""status"": ""VALID""}",409.5300000000002,data/raw/tdc/clearance_hepatocyte_az.tab,CHEMBL1214827,CC(C)c1cc(C(=O)N2Cc3ccc(CN4CCN(C)CC4)cc3C2)c(O)cc1O,23.44,4,Clearance_Hepatocyte_AZ,728,,VALID,67.25000000000001,0
CHEMBL1857945,CN(C)CCNc1cc(-c2ccccc2)nc2cc(-c3ccc(F)cc3)nn12,23.99,CN(C)CCNc1cc(-c2ccccc2)nc2cc(-c3ccc(F)cc3)nn12,4.175900000000002,0,0.18181818181818182,1,5,1,"{""number"": ""23.99"", ""relation"": ""="", ""status"": ""VALID""}",375.4510000000001,data/raw/tdc/clearance_hepatocyte_az.tab,CHEMBL1857945,CN(C)CCNc1cc(-c2ccccc2)nc2cc(-c3ccc(F)cc3)nn12,23.99,6,Clearance_Hepatocyte_AZ,729,,VALID,45.459999999999994,0
CHEMBL2070137,CCS(=O)(=O)c1ccc2[nH]c(-c3cccc(-c4ccccc4)c3)nc2c1,24.55,CCS(=O)(=O)c1ccc2[nH]c(-c3cccc(-c4ccccc4)c3)nc2c1,4.690500000000004,0,0.09523809523809523,1,3,1,"{""number"": ""24.55"", ""relation"": ""="", ""status"": ""VALID""}",362.45400000000006,data/raw/tdc/clearance_hepatocyte_az.tab,CHEMBL2070137,CCS(=O)(=O)c1ccc2[nH]c(-c3cccc(-c4ccccc4)c3)nc2c1,24.55,4,Clearance_Hepatocyte_AZ,730,,VALID,62.82,0
CHEMBL1957840,O=c1cc(N2CCOCC2)nc2n(Cc3cccc(Cl)c3Cl)ccn12,24.55,O=c1cc(N2CCOCC2)nc2n(Cc3cccc(Cl)c3Cl)ccn12,2.6877000000000004,0,0.29411764705882354,1,6,0,"{""number"": ""24.55"", ""relation"": ""="", ""status"": ""VALID""}",379.2470000000001,data/raw/tdc/clearance_hepatocyte_az.tab,CHEMBL1957840,O=c1cc(N2CCOCC2)nc2n(Cc3cccc(Cl)c3Cl)ccn12,24.55,3,Clearance_Hepatocyte_AZ,731,,VALID,51.77000000000001,0
CHEMBL397983,CCOc1ccc(-n2c([C@@H](C)N(Cc3cccnc3)C(=O)Cc3ccc(OC(F)(F)F)cc3)nc3ncccc3c2=O)cc1,20.0,CCOc1ccc(-n2c([C@@H](C)N(Cc3cccnc3)C(=O)Cc3ccc(OC(F)(F)F)cc3)nc3ncccc3c2=O)cc1,5.8055000000000065,0,0.21875,1,8,0,"{""number"": ""20.0"", ""relation"": ""="", ""status"": ""VALID""}",603.6010000000002,data/raw/tdc/clearance_hepatocyte_az.tab,CHEMBL397983,CCOc1ccc(-n2c([C@@H](C)N(Cc3cccnc3)C(=O)Cc3ccc(OC(F)(F)F)cc3)nc3ncccc3c2=O)cc1,20.0,10,Clearance_Hepatocyte_AZ,732,,VALID,99.44,0
CHEMBL1940652,COc1ccncc1-c1ccccc1CN(C(=O)c1ccc(-c2ccc(C#N)cc2)o1)c1ccc(N2CCNCC2)cc1,25.7,COc1ccncc1-c1ccccc1CN(C(=O)c1ccc(-c2ccc(C#N)cc2)o1)c1ccc(N2CCNCC2)cc1,6.145480000000007,0,0.17142857142857143,1,7,1,"{""number"": ""25.7"", ""relation"": ""="", ""status"": ""VALID""}",569.6650000000002,data/raw/tdc/clearance_hepatocyte_az.tab,CHEMBL1940652,COc1ccncc1-c1ccccc1CN(C(=O)c1ccc(-c2ccc(C#N)cc2)o1)c1ccc(N2CCNCC2)cc1,25.7,8,Clearance_Hepatocyte_AZ,733,,VALID,94.63,0
CHEMBL118,Cc1ccc(-c2cc(C(F)(F)F)nn2-c2ccc(S(N)(=O)=O)cc2)cc1,25.7,Cc1ccc(-c2cc(C(F)(F)F)nn2-c2ccc(S(N)(=O)=O)cc2)cc1,3.5139200000000006,0,0.11764705882352941,1,4,1,"{""number"": ""25.7"", ""relation"": ""="", ""status"": ""VALID""}",381.3790000000001,data/raw/tdc/clearance_hepatocyte_az.tab,CHEMBL118,Cc1ccc(-c2cc(C(F)(F)F)nn2-c2ccc(S(N)(=O)=O)cc2)cc1,25.7,3,Clearance_Hepatocyte_AZ,734,,VALID,77.98,0
CHEMBL1389370,CCN(CC)CCNc1ncnc2c1sc1nc(N3CCOCC3)c3c(c12)CCCC3,26.3,CCN(CC)CCNc1ncnc2c1sc1nc(N3CCOCC3)c3c(c12)CCCC3,3.7086000000000023,0,0.6086956521739131,1,8,1,"{""number"": ""26.3"", ""relation"": ""="", ""status"": ""VALID""}",440.6170000000005,data/raw/tdc/clearance_hepatocyte_az.tab,CHEMBL1389370,CCN(CC)CCNc1ncnc2c1sc1nc(N3CCOCC3)c3c(c12)CCCC3,26.3,7,Clearance_Hepatocyte_AZ,735,,VALID,66.41,0
CHEMBL6966,COc1ccc(CCN(C)CCCC(C#N)(c2ccc(OC)c(OC)c2)C(C)C)cc1OC,26.3,COc1ccc(CCN(C)CCCC(C#N)(c2ccc(OC)c(OC)c2)C(C)C)cc1OC,5.093080000000005,0,0.5185185185185185,1,6,0,"{""number"": ""26.3"", ""relation"": ""="", ""status"": ""VALID""}",454.6110000000002,data/raw/tdc/clearance_hepatocyte_az.tab,CHEMBL6966,COc1ccc(CCN(C)CCCC(C#N)(c2ccc(OC)c(OC)c2)C(C)C)cc1OC,26.3,13,Clearance_Hepatocyte_AZ,736,,VALID,63.95,1
CHEMBL2181927,CCOc1ncc(C)c2c1[C@H](c1ccc(C#N)cc1OC)C(C(N)=O)=C(C)N2,26.92,CCOc1ncc(C)c2c1[C@H](c1ccc(C#N)cc1OC)C(C(N)=O)=C(C)N2,2.9856999999999996,0,0.2857142857142857,1,6,2,"{""number"": ""26.92"", ""relation"": ""="", ""status"": ""VALID""}",378.4320000000002,data/raw/tdc/clearance_hepatocyte_az.tab,CHEMBL2181927,CCOc1ncc(C)c2c1[C@H](c1ccc(C#N)cc1OC)C(C(N)=O)=C(C)N2,26.92,5,Clearance_Hepatocyte_AZ,737,,VALID,110.25999999999999,0
CHEMBL1276308,CC#C[C@]1(O)CC[C@H]2[C@@H]3CCC4=CC(=O)CCC4=C3[C@@H](c3ccc(N(C)C)cc3)C[C@@]21C,26.92,CC#C[C@]1(O)CC[C@H]2[C@@H]3CCC4=CC(=O)CCC4=C3[C@@H](c3ccc(N(C)C)cc3)C[C@@]21C,5.406500000000006,0,0.5517241379310345,1,3,1,"{""number"": ""26.92"", ""relation"": ""="", ""status"": ""VALID""}",429.6040000000001,data/raw/tdc/clearance_hepatocyte_az.tab,CHEMBL1276308,CC#C[C@]1(O)CC[C@H]2[C@@H]3CCC4=CC(=O)CCC4=C3[C@@H](c3ccc(N(C)C)cc3)C[C@@]21C,26.92,2,Clearance_Hepatocyte_AZ,738,,VALID,40.54,0
CHEMBL1916278,Cc1ccc(S(=O)(=O)Nc2c(C(=O)NC3CCOCC3)c(C)nn2-c2ccccc2)cc1,14.0,Cc1ccc(S(=O)(=O)Nc2c(C(=O)NC3CCOCC3)c(C)nn2-c2ccccc2)cc1,3.1987400000000017,0,0.30434782608695654,1,6,2,"{""number"": ""14.0"", ""relation"": ""="", ""status"": ""VALID""}",454.5520000000002,data/raw/tdc/clearance_hepatocyte_az.tab,CHEMBL1916278,Cc1ccc(S(=O)(=O)Nc2c(C(=O)NC3CCOCC3)c(C)nn2-c2ccccc2)cc1,14.0,6,Clearance_Hepatocyte_AZ,739,,VALID,102.32,0
CHEMBL1944692,O=c1[nH]c2c(O)ccc([C@@H](O)CNCCc3ccc(CNCCc4ccccc4F)cc3)c2s1,14.0,O=c1[nH]c2c(O)ccc([C@@H](O)CNCCc3ccc(CNCCc4ccccc4F)cc3)c2s1,3.6323000000000016,0,0.2692307692307692,1,6,5,"{""number"": ""14.0"", ""relation"": ""="", ""status"": ""VALID""}",481.5930000000002,data/raw/tdc/clearance_hepatocyte_az.tab,CHEMBL1944692,O=c1[nH]c2c(O)ccc([C@@H](O)CNCCc3ccc(CNCCc4ccccc4F)cc3)c2s1,14.0,11,Clearance_Hepatocyte_AZ,740,,VALID,97.38000000000001,0
CHEMBL359864,Oc1nc2ccccc2n1C1CCN(Cc2ccc(-c3nc4ccccc4cc3-c3ccccc3)cc2)CC1,35.48,Oc1nc2ccccc2n1C1CCN(Cc2ccc(-c3nc4ccccc4cc3-c3ccccc3)cc2)CC1,7.461200000000007,0,0.17647058823529413,1,5,1,"{""number"": ""35.48"", ""relation"": ""="", ""status"": ""VALID""}",510.6410000000002,data/raw/tdc/clearance_hepatocyte_az.tab,CHEMBL359864,Oc1nc2ccccc2n1C1CCN(Cc2ccc(-c3nc4ccccc4cc3-c3ccccc3)cc2)CC1,35.48,5,Clearance_Hepatocyte_AZ,741,,VALID,54.18000000000001,0
CHEMBL551360,O=C(CC12CC3CC(CC(C3)C1)C2)Nc1cccc2c(=O)n(C(CO)CO)ccc12,19.0,O=C(CC12CC3CC(CC(C3)C1)C2)Nc1cccc2c(=O)n(C(CO)CO)ccc12,3.0722000000000014,0,0.5833333333333334,1,5,3,"{""number"": ""19.0"", ""relation"": ""="", ""status"": ""VALID""}",410.5140000000002,data/raw/tdc/clearance_hepatocyte_az.tab,CHEMBL551360,O=C(CC12CC3CC(CC(C3)C1)C2)Nc1cccc2c(=O)n(C(CO)CO)ccc12,19.0,6,Clearance_Hepatocyte_AZ,742,,VALID,91.56,4
CHEMBL1232461,CCNC(=O)C[C@@H]1N=C(c2ccc(Cl)cc2)c2cc(OC)ccc2-n2c(C)nnc21,10.23,CCNC(=O)C[C@@H]1N=C(c2ccc(Cl)cc2)c2cc(OC)ccc2-n2c(C)nnc21,3.6560200000000025,0,0.2727272727272727,1,6,1,"{""number"": ""10.23"", ""relation"": ""="", ""status"": ""VALID""}",423.90400000000017,data/raw/tdc/clearance_hepatocyte_az.tab,CHEMBL1232461,CCNC(=O)C[C@@H]1N=C(c2ccc(Cl)cc2)c2cc(OC)ccc2-n2c(C)nnc21,10.23,5,Clearance_Hepatocyte_AZ,743,,VALID,81.39999999999999,0
CHEMBL389792,CC(CO)(CO)Nc1nc(SCc2cccc(F)c2F)nc2nc(N)sc12,4.92,CC(CO)(CO)Nc1nc(SCc2cccc(F)c2F)nc2nc(N)sc12,2.3942,0,0.3125,1,9,4,"{""number"": ""4.92"", ""relation"": ""="", ""status"": ""VALID""}",413.47500000000014,data/raw/tdc/clearance_hepatocyte_az.tab,CHEMBL389792,CC(CO)(CO)Nc1nc(SCc2cccc(F)c2F)nc2nc(N)sc12,4.92,7,Clearance_Hepatocyte_AZ,744,,VALID,117.17999999999999,0
CHEMBL2035040,NC(=O)c1cnc(-c2ccc(C3(N)CCC3)cc2)c(-c2ccccc2)c1,5.13,NC(=O)c1cnc(-c2ccc(C3(N)CCC3)cc2)c(-c2ccccc2)c1,3.852400000000003,0,0.18181818181818182,1,3,2,"{""number"": ""5.13"", ""relation"": ""="", ""status"": ""VALID""}",343.43,data/raw/tdc/clearance_hepatocyte_az.tab,CHEMBL2035040,NC(=O)c1cnc(-c2ccc(C3(N)CCC3)cc2)c(-c2ccccc2)c1,5.13,4,Clearance_Hepatocyte_AZ,745,,VALID,82.0,0
CHEMBL2031221,Cc1ccc(NC(=O)c2cccc(N3CCOCC3)c2)cc1-n1cnc2ccc(N3CCN(C)CC3)cc2c1=O,6.0,Cc1ccc(NC(=O)c2cccc(N3CCOCC3)c2)cc1-n1cnc2ccc(N3CCN(C)CC3)cc2c1=O,3.5348200000000025,0,0.3225806451612903,1,8,1,"{""number"": ""6.0"", ""relation"": ""="", ""status"": ""VALID""}",538.6520000000004,data/raw/tdc/clearance_hepatocyte_az.tab,CHEMBL2031221,Cc1ccc(NC(=O)c2cccc(N3CCOCC3)c2)cc1-n1cnc2ccc(N3CCN(C)CC3)cc2c1=O,6.0,5,Clearance_Hepatocyte_AZ,746,,VALID,82.94,0
CHEMBL2151326,COc1cc(Nc2nc3c(cc2F)ncn3[C@@H](CO)c2ccc(F)cn2)n[nH]1,27.54,COc1cc(Nc2nc3c(cc2F)ncn3[C@@H](CO)c2ccc(F)cn2)n[nH]1,2.1614999999999993,0,0.17647058823529413,1,8,3,"{""number"": ""27.54"", ""relation"": ""="", ""status"": ""VALID""}",387.35,data/raw/tdc/clearance_hepatocyte_az.tab,CHEMBL2151326,COc1cc(Nc2nc3c(cc2F)ncn3[C@@H](CO)c2ccc(F)cn2)n[nH]1,27.54,6,Clearance_Hepatocyte_AZ,747,,VALID,113.77000000000001,0
CHEMBL518924,NCCCCN(Cc1nc2ccccc2[nH]1)[C@H]1CCCc2cccnc21,30.51,NCCCCN(Cc1nc2ccccc2[nH]1)[C@H]1CCCc2cccnc21,3.5764000000000022,0,0.42857142857142855,1,4,2,"{""number"": ""30.51"", ""relation"": ""="", ""status"": ""VALID""}",349.4820000000002,data/raw/tdc/clearance_hepatocyte_az.tab,CHEMBL518924,NCCCCN(Cc1nc2ccccc2[nH]1)[C@H]1CCCc2cccnc21,30.51,7,Clearance_Hepatocyte_AZ,748,,VALID,70.83,0
CHEMBL2153581,O=C(CCCc1ccc2cccnc2n1)NCc1cc(-c2ccc(F)c(C(F)(F)F)c2)no1,19.95,O=C(CCCc1ccc2cccnc2n1)NCc1cc(-c2ccc(F)c(C(F)(F)F)c2)no1,5.081800000000004,0,0.21739130434782608,1,5,1,"{""number"": ""19.95"", ""relation"": ""="", ""status"": ""VALID""}",458.41500000000013,data/raw/tdc/clearance_hepatocyte_az.tab,CHEMBL2153581,O=C(CCCc1ccc2cccnc2n1)NCc1cc(-c2ccc(F)c(C(F)(F)F)c2)no1,19.95,7,Clearance_Hepatocyte_AZ,749,,VALID,80.91000000000001,0
CHEMBL1916275,Cc1ccc(S(=O)(=O)Nc2c(C(=O)N(C)C3CCCCC3)c(C)nn2-c2ccccc2)cc1,21.0,Cc1ccc(S(=O)(=O)Nc2c(C(=O)N(C)C3CCCCC3)c(C)nn2-c2ccccc2)cc1,4.694640000000005,0,0.36,1,5,1,"{""number"": ""21.0"", ""relation"": ""="", ""status"": ""VALID""}",466.60700000000026,data/raw/tdc/clearance_hepatocyte_az.tab,CHEMBL1916275,Cc1ccc(S(=O)(=O)Nc2c(C(=O)N(C)C3CCCCC3)c(C)nn2-c2ccccc2)cc1,21.0,6,Clearance_Hepatocyte_AZ,750,,VALID,84.30000000000001,0
CHEMBL2349316,CC(C)C[C@H](CO)Nc1nc(S[C@@H](C)c2ccccc2F)nc2nc(N)sc12,30.9,CC(C)C[C@H](CO)Nc1nc(S[C@@H](C)c2ccccc2F)nc2nc(N)sc12,4.479800000000004,0,0.42105263157894735,1,8,3,"{""number"": ""30.9"", ""relation"": ""="", ""status"": ""VALID""}",421.5670000000001,data/raw/tdc/clearance_hepatocyte_az.tab,CHEMBL2349316,CC(C)C[C@H](CO)Nc1nc(S[C@@H](C)c2ccccc2F)nc2nc(N)sc12,30.9,8,Clearance_Hepatocyte_AZ,751,,VALID,96.95,0
CHEMBL2349318,CCC[C@H](CO)Nc1nc(S[C@@H](C)c2cccc(C#N)c2)nc2[nH]c(=O)sc12,22.39,CCC[C@H](CO)Nc1nc(S[C@@H](C)c2cccc(C#N)c2)nc2[nH]c(=O)sc12,3.677480000000002,0,0.3684210526315789,1,8,3,"{""number"": ""22.39"", ""relation"": ""="", ""status"": ""VALID""}",415.54400000000015,data/raw/tdc/clearance_hepatocyte_az.tab,CHEMBL2349318,CCC[C@H](CO)Nc1nc(S[C@@H](C)c2cccc(C#N)c2)nc2[nH]c(=O)sc12,22.39,8,Clearance_Hepatocyte_AZ,752,,VALID,114.69,0
CHEMBL256668,C[C@H](CO)Nc1nc(SCc2cccc(F)c2F)nc2[nH]c(=O)cnc12,23.22,C[C@H](CO)Nc1nc(SCc2cccc(F)c2F)nc2[nH]c(=O)cnc12,2.0763,0,0.25,1,7,3,"{""number"": ""23.22"", ""relation"": ""="", ""status"": ""VALID""}",379.39200000000005,data/raw/tdc/clearance_hepatocyte_az.tab,CHEMBL256668,C[C@H](CO)Nc1nc(SCc2cccc(F)c2F)nc2[nH]c(=O)cnc12,23.22,6,Clearance_Hepatocyte_AZ,753,,VALID,103.79,0
CHEMBL2170992,CC(C)c1ccc(NC(=O)NCCCSC[C@H]2O[C@@H](n3cnc4c(N)ncnc43)[C@H](O)[C@@H]2O)cc1,109.65,CC(C)c1ccc(NC(=O)NCCCSC[C@H]2O[C@@H](n3cnc4c(N)ncnc43)[C@H](O)[C@@H]2O)cc1,2.096099999999999,0,0.4782608695652174,1,10,5,"{""number"": ""109.65"", ""relation"": ""="", ""status"": ""VALID""}",501.6130000000001,data/raw/tdc/clearance_hepatocyte_az.tab,CHEMBL2170992,CC(C)c1ccc(NC(=O)NCCCSC[C@H]2O[C@@H](n3cnc4c(N)ncnc43)[C@H](O)[C@@H]2O)cc1,109.65,9,Clearance_Hepatocyte_AZ,754,,VALID,160.44,0
CHEMBL574059,Cn1c(=O)c(-c2c(Cl)cccc2Cl)cc2cnc(Nc3ccc(F)cc3)nc21,6.17,Cn1c(=O)c(-c2c(Cl)cccc2Cl)cc2cnc(Nc3ccc(F)cc3)nc21,5.185000000000002,0,0.05,1,5,1,"{""number"": ""6.17"", ""relation"": ""="", ""status"": ""VALID""}",415.2550000000001,data/raw/tdc/clearance_hepatocyte_az.tab,CHEMBL574059,Cn1c(=O)c(-c2c(Cl)cccc2Cl)cc2cnc(Nc3ccc(F)cc3)nc21,6.17,3,Clearance_Hepatocyte_AZ,755,,VALID,59.81,0
CHEMBL1020,Cc1ccc(C(=O)c2ccc(CC(=O)O)n2C)cc1,7.33,Cc1ccc(C(=O)c2ccc(CC(=O)O)n2C)cc1,2.1916200000000003,0,0.2,1,3,1,"{""number"": ""7.33"", ""relation"": ""="", ""status"": ""VALID""}",257.289,data/raw/tdc/clearance_hepatocyte_az.tab,CHEMBL1020,Cc1ccc(C(=O)c2ccc(CC(=O)O)n2C)cc1,7.33,4,Clearance_Hepatocyte_AZ,756,,VALID,59.300000000000004,0
CHEMBL1213118,CN1CCN(c2nc3ccccc3cc2Cn2nc(-c3ccc4nc(N)sc4c3)c3c(N)ncnc32)CC1,7.59,CN1CCN(c2nc3ccccc3cc2Cn2nc(-c3ccc4nc(N)sc4c3)c3c(N)ncnc32)CC1,3.6157000000000012,0,0.2222222222222222,1,11,2,"{""number"": ""7.59"", ""relation"": ""="", ""status"": ""VALID""}",522.6420000000003,data/raw/tdc/clearance_hepatocyte_az.tab,CHEMBL1213118,CN1CCN(c2nc3ccccc3cc2Cn2nc(-c3ccc4nc(N)sc4c3)c3c(N)ncnc32)CC1,7.59,4,Clearance_Hepatocyte_AZ,757,,VALID,127.89999999999999,0
CHEMBL168899,O=C1Nc2ccccc2B(O)N1c1ccccc1,7.94,O=C1Nc2ccccc2B(O)N1c1ccccc1,1.4262,0,0.0,1,2,2,"{""number"": ""7.94"", ""relation"": ""="", ""status"": ""VALID""}",238.055,data/raw/tdc/clearance_hepatocyte_az.tab,CHEMBL168899,O=C1Nc2ccccc2B(O)N1c1ccccc1,7.94,1,Clearance_Hepatocyte_AZ,758,,VALID,52.57,0
CHEMBL2000014,NC1=Nc2ccccc2Sc2ccccc21,7.94,NC1=Nc2ccccc2Sc2ccccc21,3.188200000000001,0,0.0,1,3,1,"{""number"": ""7.94"", ""relation"": ""="", ""status"": ""VALID""}",226.30399999999997,data/raw/tdc/clearance_hepatocyte_az.tab,CHEMBL2000014,NC1=Nc2ccccc2Sc2ccccc21,7.94,0,Clearance_Hepatocyte_AZ,759,,VALID,38.379999999999995,0
CHEMBL1144,CC[C@H](C)C(=O)O[C@H]1C[C@H](O)C=C2C=C[C@H](C)[C@H](CC[C@@H](O)C[C@@H](O)CC(=O)O)[C@H]21,26.98,CC[C@H](C)C(=O)O[C@H]1C[C@H](O)C=C2C=C[C@H](C)[C@H](CC[C@@H](O)C[C@@H](O)CC(=O)O)[C@H]21,2.4404000000000003,0,0.7391304347826086,1,6,4,"{""number"": ""26.98"", ""relation"": ""="", ""status"": ""VALID""}",424.5340000000002,data/raw/tdc/clearance_hepatocyte_az.tab,CHEMBL1144,CC[C@H](C)C(=O)O[C@H]1C[C@H](O)C=C2C=C[C@H](C)[C@H](CC[C@@H](O)C[C@@H](O)CC(=O)O)[C@H]21,26.98,10,Clearance_Hepatocyte_AZ,760,,VALID,124.29,0
CHEMBL2031562,Nc1cc(C(=O)Nc2cccc(-c3nnn[nH]3)c2)cc(C(F)(F)F)c1,23.44,Nc1cc(C(=O)Nc2cccc(-c3nnn[nH]3)c2)cc(C(F)(F)F)c1,2.7200000000000006,0,0.06666666666666667,1,5,3,"{""number"": ""23.44"", ""relation"": ""="", ""status"": ""VALID""}",348.28800000000007,data/raw/tdc/clearance_hepatocyte_az.tab,CHEMBL2031562,Nc1cc(C(=O)Nc2cccc(-c3nnn[nH]3)c2)cc(C(F)(F)F)c1,23.44,3,Clearance_Hepatocyte_AZ,761,,VALID,109.58000000000001,0
CHEMBL223228,O=C1Nc2ccc(Cl)cc2[C@@](C#CC2CC2)(C(F)(F)F)O1,8.51,O=C1Nc2ccc(Cl)cc2[C@@](C#CC2CC2)(C(F)(F)F)O1,4.073100000000001,0,0.35714285714285715,1,2,1,"{""number"": ""8.51"", ""relation"": ""="", ""status"": ""VALID""}",315.67799999999994,data/raw/tdc/clearance_hepatocyte_az.tab,CHEMBL223228,O=C1Nc2ccc(Cl)cc2[C@@](C#CC2CC2)(C(F)(F)F)O1,8.51,0,Clearance_Hepatocyte_AZ,762,,VALID,38.33,0
CHEMBL2087361,C#Cc1cccc(Nc2ncnc3cc4c(cc23)OCCOCCOCCO4)c1,21.88,C#Cc1cccc(Nc2ncnc3cc4c(cc23)OCCOCCOCCO4)c1,3.1591000000000014,0,0.2727272727272727,1,7,1,"{""number"": ""21.88"", ""relation"": ""="", ""status"": ""VALID""}",391.4270000000003,data/raw/tdc/clearance_hepatocyte_az.tab,CHEMBL2087361,C#Cc1cccc(Nc2ncnc3cc4c(cc23)OCCOCCOCCO4)c1,21.88,2,Clearance_Hepatocyte_AZ,763,,VALID,74.73000000000002,0
CHEMBL2036958,CC1(CCCc2cc(=O)oc3[nH]c(=O)[nH]c(=O)c23)CC1,3.0,CC1(CCCc2cc(=O)oc3[nH]c(=O)[nH]c(=O)c23)CC1,1.2924,0,0.5,1,4,2,"{""number"": ""3.0"", ""relation"": ""="", ""status"": ""VALID""}",276.2920000000001,data/raw/tdc/clearance_hepatocyte_az.tab,CHEMBL2036958,CC1(CCCc2cc(=O)oc3[nH]c(=O)[nH]c(=O)c23)CC1,3.0,4,Clearance_Hepatocyte_AZ,764,,VALID,95.93,0
CHEMBL2035024,NC1(c2ccc(-c3ncc4cccn4c3-c3ccccc3)cc2)CCC1,3.0,NC1(c2ccc(-c3ncc4cccn4c3-c3ccccc3)cc2)CCC1,5.006200000000003,0,0.17391304347826086,1,3,1,"{""number"": ""3.0"", ""relation"": ""="", ""status"": ""VALID""}",339.4420000000002,data/raw/tdc/clearance_hepatocyte_az.tab,CHEMBL2035024,NC1(c2ccc(-c3ncc4cccn4c3-c3ccccc3)cc2)CCC1,3.0,3,Clearance_Hepatocyte_AZ,765,,VALID,43.31999999999999,0
CHEMBL2171999,Cc1nn(C)c2ccc(N3CCN(C(=O)[C@@H]4CCCC[C@H]4C(=O)NC4(C#N)CC4)[C@H](C)C3)cc12,3.0,Cc1nn(C)c2ccc(N3CCN(C(=O)[C@@H]4CCCC[C@H]4C(=O)NC4(C#N)CC4)[C@H](C)C3)cc12,2.8976000000000006,0,0.6153846153846154,1,6,1,"{""number"": ""3.0"", ""relation"": ""="", ""status"": ""VALID""}",462.5980000000003,data/raw/tdc/clearance_hepatocyte_az.tab,CHEMBL2171999,Cc1nn(C)c2ccc(N3CCN(C(=O)[C@@H]4CCCC[C@H]4C(=O)NC4(C#N)CC4)[C@H](C)C3)cc12,3.0,4,Clearance_Hepatocyte_AZ,766,,VALID,94.25999999999999,0
CHEMBL196707,Cc1c(CC(=O)O)c2cc(F)ccc2n1S(=O)(=O)c1ccc(S(C)(=O)=O)cc1,3.0,Cc1c(CC(=O)O)c2cc(F)ccc2n1S(=O)(=O)c1ccc(S(C)(=O)=O)cc1,2.356420000000001,0,0.16666666666666666,1,6,1,"{""number"": ""3.0"", ""relation"": ""="", ""status"": ""VALID""}",425.4590000000001,data/raw/tdc/clearance_hepatocyte_az.tab,CHEMBL196707,Cc1c(CC(=O)O)c2cc(F)ccc2n1S(=O)(=O)c1ccc(S(C)(=O)=O)cc1,3.0,5,Clearance_Hepatocyte_AZ,767,,VALID,110.50999999999999,0
CHEMBL377957,COc1ccc(C)c(Nc2ncc3ccn(-c4ccccn4)c3n2)c1,102.33,COc1ccc(C)c(Nc2ncc3ccn(-c4ccccn4)c3n2)c1,3.876120000000002,0,0.10526315789473684,1,6,1,"{""number"": ""102.33"", ""relation"": ""="", ""status"": ""VALID""}",331.3790000000001,data/raw/tdc/clearance_hepatocyte_az.tab,CHEMBL377957,COc1ccc(C)c(Nc2ncc3ccn(-c4ccccn4)c3n2)c1,102.33,4,Clearance_Hepatocyte_AZ,768,,VALID,64.86,0
CHEMBL165790,CC(C)Oc1ccc2c(=O)c(-c3ccccc3)coc2c1,109.65,CC(C)Oc1ccc2c(=O)c(-c3ccccc3)coc2c1,4.247200000000003,0,0.16666666666666666,1,3,0,"{""number"": ""109.65"", ""relation"": ""="", ""status"": ""VALID""}",280.32300000000004,data/raw/tdc/clearance_hepatocyte_az.tab,CHEMBL165790,CC(C)Oc1ccc2c(=O)c(-c3ccccc3)coc2c1,109.65,3,Clearance_Hepatocyte_AZ,769,,VALID,39.44,0
CHEMBL1924049,C[C@@](C(=O)O[C@H]1C[N+]2(CCc3ccccc3F)CCC1CC2)(c1ccccc1)N1CCCCC1,130.0,C[C@@](C(=O)O[C@H]1C[N+]2(CCc3ccccc3F)CCC1CC2)(c1ccccc1)N1CCCCC1,4.921700000000005,0,0.5517241379310345,1,3,0,"{""number"": ""130.0"", ""relation"": ""="", ""status"": ""VALID""}",465.6330000000004,data/raw/tdc/clearance_hepatocyte_az.tab,CHEMBL1924049,C[C@@](C(=O)O[C@H]1C[N+]2(CCc3ccccc3F)CCC1CC2)(c1ccccc1)N1CCCCC1,130.0,7,Clearance_Hepatocyte_AZ,770,,VALID,29.54,2
CHEMBL1771,COC(=O)[C@H](c1ccccc1Cl)N1CCc2sccc2C1,137.0,COC(=O)[C@H](c1ccccc1Cl)N1CCc2sccc2C1,3.6739000000000024,0,0.3125,1,4,0,"{""number"": ""137.0"", ""relation"": ""="", ""status"": ""VALID""}",321.829,data/raw/tdc/clearance_hepatocyte_az.tab,CHEMBL1771,COC(=O)[C@H](c1ccccc1Cl)N1CCc2sccc2C1,137.0,3,Clearance_Hepatocyte_AZ,771,,VALID,29.54,0
CHEMBL108546,Oc1nc2c(O)ccc(CCNCCCOCCOCCc3ccccc3)c2s1,144.0,Oc1nc2c(O)ccc(CCNCCCOCCOCCc3ccccc3)c2s1,3.505600000000003,0,0.4090909090909091,1,7,3,"{""number"": ""144.0"", ""relation"": ""="", ""status"": ""VALID""}",416.54300000000006,data/raw/tdc/clearance_hepatocyte_az.tab,CHEMBL108546,Oc1nc2c(O)ccc(CCNCCCOCCOCCc3ccccc3)c2s1,144.0,13,Clearance_Hepatocyte_AZ,772,,VALID,83.84000000000002,0
CHEMBL560993,Cc1c(Cc2ccc3ccccc3n2)c2cc(F)ccc2n1CC(=O)O,4.04,Cc1c(Cc2ccc3ccccc3n2)c2cc(F)ccc2n1CC(=O)O,4.312420000000003,0,0.14285714285714285,1,3,1,"{""number"": ""4.04"", ""relation"": ""="", ""status"": ""VALID""}",348.3770000000001,data/raw/tdc/clearance_hepatocyte_az.tab,CHEMBL560993,Cc1c(Cc2ccc3ccccc3n2)c2cc(F)ccc2n1CC(=O)O,4.04,4,Clearance_Hepatocyte_AZ,773,,VALID,55.120000000000005,0
CHEMBL2158829,O=C(O)COc1cccc(N2CCC(CN3CCC(Oc4ccc(Cl)c(Cl)c4)CC3)CC2)c1,3.0,O=C(O)COc1cccc(N2CCC(CN3CCC(Oc4ccc(Cl)c(Cl)c4)CC3)CC2)c1,5.216600000000006,0,0.48,1,5,1,"{""number"": ""3.0"", ""relation"": ""="", ""status"": ""VALID""}",493.43100000000027,data/raw/tdc/clearance_hepatocyte_az.tab,CHEMBL2158829,O=C(O)COc1cccc(N2CCC(CN3CCC(Oc4ccc(Cl)c(Cl)c4)CC3)CC2)c1,3.0,8,Clearance_Hepatocyte_AZ,774,,VALID,62.24000000000001,0
CHEMBL2179278,Cc1cn([C@H]2CCCN([C@@H](CC(C)(C)C)c3ccc(C(=O)O)c(Oc4cccc(Br)c4)c3)C2)c(=O)[nH]c1=O,3.0,Cc1cn([C@H]2CCCN([C@@H](CC(C)(C)C)c3ccc(C(=O)O)c(Oc4cccc(Br)c4)c3)C2)c(=O)[nH]c1=O,5.912420000000006,0,0.41379310344827586,1,6,2,"{""number"": ""3.0"", ""relation"": ""="", ""status"": ""VALID""}",584.5110000000002,data/raw/tdc/clearance_hepatocyte_az.tab,CHEMBL2179278,Cc1cn([C@H]2CCCN([C@@H](CC(C)(C)C)c3ccc(C(=O)O)c(Oc4cccc(Br)c4)c3)C2)c(=O)[nH]c1=O,3.0,7,Clearance_Hepatocyte_AZ,775,,VALID,104.63,0
CHEMBL189475,C[C@@H](C(=O)NS(C)(=O)=O)c1ccc(OS(=O)(=O)C(F)(F)F)cc1,3.0,C[C@@H](C(=O)NS(C)(=O)=O)c1ccc(OS(=O)(=O)C(F)(F)F)cc1,1.0943000000000003,0,0.36363636363636365,1,6,1,"{""number"": ""3.0"", ""relation"": ""="", ""status"": ""VALID""}",375.346,data/raw/tdc/clearance_hepatocyte_az.tab,CHEMBL189475,C[C@@H](C(=O)NS(C)(=O)=O)c1ccc(OS(=O)(=O)C(F)(F)F)cc1,3.0,5,Clearance_Hepatocyte_AZ,776,,VALID,106.60999999999999,0
CHEMBL1807823,O=c1[nH]c2c(O)ccc([C@@H](O)CNCCSCCCNCCc3ccccc3)c2s1,3.0,O=c1[nH]c2c(O)ccc([C@@H](O)CNCCSCCCNCCc3ccccc3)c2s1,2.873800000000001,0,0.4090909090909091,1,7,5,"{""number"": ""3.0"", ""relation"": ""="", ""status"": ""VALID""}",447.6260000000002,data/raw/tdc/clearance_hepatocyte_az.tab,CHEMBL1807823,O=c1[nH]c2c(O)ccc([C@@H](O)CNCCSCCCNCCc3ccccc3)c2s1,3.0,13,Clearance_Hepatocyte_AZ,777,,VALID,97.38000000000001,0
CHEMBL2172001,Cc1nnc(C)c2cc(N3CCN(C(=O)[C@@H]4CCCC[C@H]4C(=O)NC4(C#N)CC4)[C@H](C)C3)ccc12,3.0,Cc1nnc(C)c2cc(N3CCN(C(=O)[C@@H]4CCCC[C@H]4C(=O)NC4(C#N)CC4)[C@H](C)C3)ccc12,3.262520000000002,0,0.5925925925925926,1,6,1,"{""number"": ""3.0"", ""relation"": ""="", ""status"": ""VALID""}",474.60900000000026,data/raw/tdc/clearance_hepatocyte_az.tab,CHEMBL2172001,Cc1nnc(C)c2cc(N3CCN(C(=O)[C@@H]4CCCC[C@H]4C(=O)NC4(C#N)CC4)[C@H](C)C3)ccc12,3.0,4,Clearance_Hepatocyte_AZ,778,,VALID,102.22,0
CHEMBL2158839,O=C(O)[C@H](Cc1ccccc1F)N1CCC(CN2CCC(Oc3ccc(Cl)c(Cl)c3)CC2)CC1,3.0,O=C(O)[C@H](Cc1ccccc1F)N1CCC(CN2CCC(Oc3ccc(Cl)c(Cl)c3)CC2)CC1,5.383600000000006,0,0.5,1,4,1,"{""number"": ""3.0"", ""relation"": ""="", ""status"": ""VALID""}",509.4490000000004,data/raw/tdc/clearance_hepatocyte_az.tab,CHEMBL2158839,O=C(O)[C@H](Cc1ccccc1F)N1CCC(CN2CCC(Oc3ccc(Cl)c(Cl)c3)CC2)CC1,3.0,8,Clearance_Hepatocyte_AZ,779,,VALID,53.010000000000005,0
CHEMBL1807818,O=c1[nH]c2c(O)ccc([C@@H](O)CNCCCSCCOCCc3ccccc3)c2s1,113.0,O=c1[nH]c2c(O)ccc([C@@H](O)CNCCCSCCOCCc3ccccc3)c2s1,3.3008000000000015,0,0.4090909090909091,1,7,4,"{""number"": ""113.0"", ""relation"": ""="", ""status"": ""VALID""}",448.61000000000024,data/raw/tdc/clearance_hepatocyte_az.tab,CHEMBL1807818,O=c1[nH]c2c(O)ccc([C@@H](O)CNCCCSCCOCCc3ccccc3)c2s1,113.0,13,Clearance_Hepatocyte_AZ,780,,VALID,94.58000000000001,0
CHEMBL379787,O=C(Nc1nc2ccccc2n1CCN1CCOCC1)c1cccc([N+](=O)[O-])c1,150.0,O=C(Nc1nc2ccccc2n1CCN1CCOCC1)c1cccc([N+](=O)[O-])c1,2.529000000000001,0,0.3,1,7,1,"{""number"": ""150.0"", ""relation"": ""="", ""status"": ""VALID""}",395.41900000000015,data/raw/tdc/clearance_hepatocyte_az.tab,CHEMBL379787,O=C(Nc1nc2ccccc2n1CCN1CCOCC1)c1cccc([N+](=O)[O-])c1,150.0,6,Clearance_Hepatocyte_AZ,781,,VALID,102.53,0
CHEMBL130,O=C(N[C@H](CO)[C@H](O)c1ccc([N+](=O)[O-])cc1)C(Cl)Cl,69.18,O=C(N[C@H](CO)[C@H](O)c1ccc([N+](=O)[O-])cc1)C(Cl)Cl,0.9089999999999998,0,0.36363636363636365,1,5,3,"{""number"": ""69.18"", ""relation"": ""="", ""status"": ""VALID""}",323.13199999999995,data/raw/tdc/clearance_hepatocyte_az.tab,CHEMBL130,O=C(N[C@H](CO)[C@H](O)c1ccc([N+](=O)[O-])cc1)C(Cl)Cl,69.18,6,Clearance_Hepatocyte_AZ,782,,VALID,112.70000000000002,0
CHEMBL1573309,CCN(CC)CCn1c2ccccc2c2cnc(N)c(C#N)c21,77.0,CCN(CC)CCn1c2ccccc2c2cnc(N)c(C#N)c21,2.9851800000000006,0,0.3333333333333333,1,5,1,"{""number"": ""77.0"", ""relation"": ""="", ""status"": ""VALID""}",307.4010000000001,data/raw/tdc/clearance_hepatocyte_az.tab,CHEMBL1573309,CCN(CC)CCn1c2ccccc2c2cnc(N)c(C#N)c21,77.0,5,Clearance_Hepatocyte_AZ,783,,VALID,70.87,0
CHEMBL1800657,CCCN(CCNCCc1ccc(O)c2[nH]c(=O)sc12)C(=O)CCOCCc1ccccc1,107.0,CCCN(CCNCCc1ccc(O)c2[nH]c(=O)sc12)C(=O)CCOCCc1ccccc1,3.3153000000000015,0,0.44,1,6,3,"{""number"": ""107.0"", ""relation"": ""="", ""status"": ""VALID""}",471.62300000000033,data/raw/tdc/clearance_hepatocyte_az.tab,CHEMBL1800657,CCCN(CCNCCc1ccc(O)c2[nH]c(=O)sc12)C(=O)CCOCCc1ccccc1,107.0,14,Clearance_Hepatocyte_AZ,784,,VALID,94.66000000000001,0
CHEMBL562551,COc1cc(NC(=O)c2ccccn2)ccc1Cl,150.0,COc1cc(NC(=O)c2ccccn2)ccc1Cl,2.9959000000000007,0,0.07692307692307693,1,3,1,"{""number"": ""150.0"", ""relation"": ""="", ""status"": ""VALID""}",262.696,data/raw/tdc/clearance_hepatocyte_az.tab,CHEMBL562551,COc1cc(NC(=O)c2ccccn2)ccc1Cl,150.0,3,Clearance_Hepatocyte_AZ,785,,VALID,51.22,0
CHEMBL114,CC(C)(C)NC(=O)[C@@H]1C[C@@H]2CCCC[C@@H]2CN1C[C@@H](O)[C@H](Cc1ccccc1)NC(=O)[C@H](CC(N)=O)NC(=O)c1ccc2ccccc2n1,150.0,CC(C)(C)NC(=O)[C@@H]1C[C@@H]2CCCC[C@@H]2CN1C[C@@H](O)[C@H](Cc1ccccc1)NC(=O)[C@H](CC(N)=O)NC(=O)c1ccc2ccccc2n1,3.092400000000003,0,0.5,1,7,5,"{""number"": ""150.0"", ""relation"": ""="", ""status"": ""VALID""}",670.855,data/raw/tdc/clearance_hepatocyte_az.tab,CHEMBL114,CC(C)(C)NC(=O)[C@@H]1C[C@@H]2CCCC[C@@H]2CN1C[C@@H](O)[C@H](Cc1ccccc1)NC(=O)[C@H](CC(N)=O)NC(=O)c1ccc2ccccc2n1,150.0,12,Clearance_Hepatocyte_AZ,786,,VALID,166.75,0
CHEMBL1917433,Cc1c(Sc2ccc(Cl)cc2)c2c(NS(C)(=O)=O)cccc2n1CC(=O)O,5.0,Cc1c(Sc2ccc(Cl)cc2)c2c(NS(C)(=O)=O)cccc2n1CC(=O)O,4.210420000000003,0,0.16666666666666666,1,5,2,"{""number"": ""5.0"", ""relation"": ""="", ""status"": ""VALID""}",424.9310000000002,data/raw/tdc/clearance_hepatocyte_az.tab,CHEMBL1917433,Cc1c(Sc2ccc(Cl)cc2)c2c(NS(C)(=O)=O)cccc2n1CC(=O)O,5.0,6,Clearance_Hepatocyte_AZ,787,,VALID,88.4,0
CHEMBL361812,O=C(O)CCn1c2c(c3ccccc31)C[C@H](NS(=O)(=O)c1ccc(F)cc1)CC2,6.0,O=C(O)CCn1c2c(c3ccccc31)C[C@H](NS(=O)(=O)c1ccc(F)cc1)CC2,3.0909000000000013,0,0.2857142857142857,1,4,2,"{""number"": ""6.0"", ""relation"": ""="", ""status"": ""VALID""}",416.4740000000002,data/raw/tdc/clearance_hepatocyte_az.tab,CHEMBL361812,O=C(O)CCn1c2c(c3ccccc31)C[C@H](NS(=O)(=O)c1ccc(F)cc1)CC2,6.0,6,Clearance_Hepatocyte_AZ,788,,VALID,88.4,0
CHEMBL2172000,Cc1nn(C)c2cc(N3CCN(C(=O)[C@@H]4CCCC[C@H]4C(=O)NC4(C#N)CC4)[C@H](C)C3)ccc12,7.41,Cc1nn(C)c2cc(N3CCN(C(=O)[C@@H]4CCCC[C@H]4C(=O)NC4(C#N)CC4)[C@H](C)C3)ccc12,2.8976000000000006,0,0.6153846153846154,1,6,1,"{""number"": ""7.41"", ""relation"": ""="", ""status"": ""VALID""}",462.59800000000024,data/raw/tdc/clearance_hepatocyte_az.tab,CHEMBL2172000,Cc1nn(C)c2cc(N3CCN(C(=O)[C@@H]4CCCC[C@H]4C(=O)NC4(C#N)CC4)[C@H](C)C3)ccc12,7.41,4,Clearance_Hepatocyte_AZ,789,,VALID,94.25999999999999,0
CHEMBL1201753,O=C(O)C[C@H](O)C[C@H](O)/C=C/c1c(C2CC2)nc2ccccc2c1-c1ccc(F)cc1,7.11,O=C(O)C[C@H](O)C[C@H](O)/C=C/c1c(C2CC2)nc2ccccc2c1-c1ccc(F)cc1,4.518100000000003,0,0.28,1,4,3,"{""number"": ""7.11"", ""relation"": ""="", ""status"": ""VALID""}",421.4680000000001,data/raw/tdc/clearance_hepatocyte_az.tab,CHEMBL1201753,O=C(O)C[C@H](O)C[C@H](O)/C=C/c1c(C2CC2)nc2ccccc2c1-c1ccc(F)cc1,7.11,8,Clearance_Hepatocyte_AZ,790,,VALID,90.65,0
CHEMBL2036958,CC1(CCCc2cc(=O)oc3[nH]c(=O)[nH]c(=O)c23)CC1,42.66,CC1(CCCc2cc(=O)oc3[nH]c(=O)[nH]c(=O)c23)CC1,1.2924,0,0.5,1,4,2,"{""number"": ""42.66"", ""relation"": ""="", ""status"": ""VALID""}",276.2920000000001,data/raw/tdc/clearance_hepatocyte_az.tab,CHEMBL2036958,CC1(CCCc2cc(=O)oc3[nH]c(=O)[nH]c(=O)c23)CC1,42.66,4,Clearance_Hepatocyte_AZ,791,,VALID,95.93,0
CHEMBL645,CC(C)NCC(O)COc1ccc(COCCOC(C)C)cc1,25.12,CC(C)NCC(O)COc1ccc(COCCOC(C)C)cc1,2.3659,0,0.6666666666666666,1,5,2,"{""number"": ""25.12"", ""relation"": ""="", ""status"": ""VALID""}",325.449,data/raw/tdc/clearance_hepatocyte_az.tab,CHEMBL645,CC(C)NCC(O)COc1ccc(COCCOC(C)C)cc1,25.12,12,Clearance_Hepatocyte_AZ,792,,VALID,59.95,1
CHEMBL114,CC(C)(C)NC(=O)[C@@H]1C[C@@H]2CCCC[C@@H]2CN1C[C@@H](O)[C@H](Cc1ccccc1)NC(=O)[C@H](CC(N)=O)NC(=O)c1ccc2ccccc2n1,25.7,CC(C)(C)NC(=O)[C@@H]1C[C@@H]2CCCC[C@@H]2CN1C[C@@H](O)[C@H](Cc1ccccc1)NC(=O)[C@H](CC(N)=O)NC(=O)c1ccc2ccccc2n1,3.092400000000003,0,0.5,1,7,5,"{""number"": ""25.7"", ""relation"": ""="", ""status"": ""VALID""}",670.855,data/raw/tdc/clearance_hepatocyte_az.tab,CHEMBL114,CC(C)(C)NC(=O)[C@@H]1C[C@@H]2CCCC[C@@H]2CN1C[C@@H](O)[C@H](Cc1ccccc1)NC(=O)[C@H](CC(N)=O)NC(=O)c1ccc2ccccc2n1,25.7,12,Clearance_Hepatocyte_AZ,793,,VALID,166.75,0
CHEMBL1800526,COc1ccnc(CCc2nc3cc(Br)cnc3[nH]2)c1,29.0,COc1ccnc(CCc2nc3cc(Br)cnc3[nH]2)c1,2.9092000000000002,0,0.21428571428571427,1,4,1,"{""number"": ""29.0"", ""relation"": ""="", ""status"": ""VALID""}",333.189,data/raw/tdc/clearance_hepatocyte_az.tab,CHEMBL1800526,COc1ccnc(CCc2nc3cc(Br)cnc3[nH]2)c1,29.0,4,Clearance_Hepatocyte_AZ,794,,VALID,63.690000000000005,0
CHEMBL51,O=C(c1ccc(F)cc1)C1CCN(CCn2c(=O)[nH]c3ccccc3c2=O)CC1,30.2,O=C(c1ccc(F)cc1)C1CCN(CCn2c(=O)[nH]c3ccccc3c2=O)CC1,2.423800000000001,0,0.3181818181818182,1,5,1,"{""number"": ""30.2"", ""relation"": ""="", ""status"": ""VALID""}",395.43400000000014,data/raw/tdc/clearance_hepatocyte_az.tab,CHEMBL51,O=C(c1ccc(F)cc1)C1CCN(CCn2c(=O)[nH]c3ccccc3c2=O)CC1,30.2,5,Clearance_Hepatocyte_AZ,795,,VALID,75.17,0
CHEMBL560219,O=C(Cc1ccc(Cl)c(C(F)(F)F)c1)Nc1cccc2c(=O)n(CCO)ccc12,32.0,O=C(Cc1ccc(Cl)c(C(F)(F)F)c1)Nc1cccc2c(=O)n(CCO)ccc12,3.8472000000000026,0,0.2,1,4,2,"{""number"": ""32.0"", ""relation"": ""="", ""status"": ""VALID""}",424.80600000000015,data/raw/tdc/clearance_hepatocyte_az.tab,CHEMBL560219,O=C(Cc1ccc(Cl)c(C(F)(F)F)c1)Nc1cccc2c(=O)n(CCO)ccc12,32.0,5,Clearance_Hepatocyte_AZ,796,,VALID,71.33,0
CHEMBL1213082,Cc1ccccc1-n1c(Cn2cnc3c(N)ncnc32)nc2cccc(C)c2c1=O,10.96,Cc1ccccc1-n1c(Cn2cnc3c(N)ncnc32)nc2cccc(C)c2c1=O,2.7727400000000006,0,0.13636363636363635,1,8,1,"{""number"": ""10.96"", ""relation"": ""="", ""status"": ""VALID""}",397.4420000000002,data/raw/tdc/clearance_hepatocyte_az.tab,CHEMBL1213082,Cc1ccccc1-n1c(Cn2cnc3c(N)ncnc32)nc2cccc(C)c2c1=O,10.96,3,Clearance_Hepatocyte_AZ,797,,VALID,104.50999999999999,0
CHEMBL1807870,O=c1[nH]c2c(O)ccc([C@@H](O)CNCCCSCCNCCc3ccccc3Cl)c2s1,12.0,O=c1[nH]c2c(O)ccc([C@@H](O)CNCCCSCCNCCc3ccccc3Cl)c2s1,3.5272000000000014,0,0.4090909090909091,1,7,5,"{""number"": ""12.0"", ""relation"": ""="", ""status"": ""VALID""}",482.0710000000002,data/raw/tdc/clearance_hepatocyte_az.tab,CHEMBL1807870,O=c1[nH]c2c(O)ccc([C@@H](O)CNCCCSCCNCCc3ccccc3Cl)c2s1,12.0,13,Clearance_Hepatocyte_AZ,798,,VALID,97.38000000000001,0
CHEMBL1645494,CNC(=O)Cc1ccc2c(=O)cc(-c3cccnc3)[nH]c2c1,3.0,CNC(=O)Cc1ccc2c(=O)cc(-c3cccnc3)[nH]c2c1,1.8785999999999994,0,0.11764705882352941,1,3,2,"{""number"": ""3.0"", ""relation"": ""="", ""status"": ""VALID""}",293.326,data/raw/tdc/clearance_hepatocyte_az.tab,CHEMBL1645494,CNC(=O)Cc1ccc2c(=O)cc(-c3cccnc3)[nH]c2c1,3.0,3,Clearance_Hepatocyte_AZ,799,,VALID,74.85,0
CHEMBL203125,O=CN(O)CCCP(=O)(O)O,3.0,O=CN(O)CCCP(=O)(O)O,-0.5982000000000002,0,0.75,1,3,3,"{""number"": ""3.0"", ""relation"": ""="", ""status"": ""VALID""}",183.10000000000002,data/raw/tdc/clearance_hepatocyte_az.tab,CHEMBL203125,O=CN(O)CCCP(=O)(O)O,3.0,5,Clearance_Hepatocyte_AZ,800,,VALID,98.07000000000001,0
CHEMBL402501,C[C@H](Cc1cccc(CC(=O)NC23CC4CC(CC(C4)C2)C3)c1)NC[C@H](O)c1ccc(O)c(CO)c1,21.9,C[C@H](Cc1cccc(CC(=O)NC23CC4CC(CC(C4)C2)C3)c1)NC[C@H](O)c1ccc(O)c(CO)c1,3.766200000000002,0,0.5666666666666667,1,5,5,"{""number"": ""21.9"", ""relation"": ""="", ""status"": ""VALID""}",492.66000000000025,data/raw/tdc/clearance_hepatocyte_az.tab,CHEMBL402501,C[C@H](Cc1cccc(CC(=O)NC23CC4CC(CC(C4)C2)C3)c1)NC[C@H](O)c1ccc(O)c(CO)c1,21.9,10,Clearance_Hepatocyte_AZ,801,,VALID,101.82000000000001,4
CHEMBL1290353,CCC(NC(=O)Nc1cc(Cl)ccc1Cl)(C(F)(F)F)C(F)(F)F,22.91,CCC(NC(=O)Nc1cc(Cl)ccc1Cl)(C(F)(F)F)C(F)(F)F,5.388300000000001,0,0.4166666666666667,1,1,2,"{""number"": ""22.91"", ""relation"": ""="", ""status"": ""VALID""}",383.11899999999997,data/raw/tdc/clearance_hepatocyte_az.tab,CHEMBL1290353,CCC(NC(=O)Nc1cc(Cl)ccc1Cl)(C(F)(F)F)C(F)(F)F,22.91,3,Clearance_Hepatocyte_AZ,802,,VALID,41.13,0
CHEMBL435859,OB1c2ccccc2N=C(S)N1c1cccnc1,3.0,OB1c2ccccc2N=C(S)N1c1cccnc1,1.2066000000000001,0,0.0,1,4,2,"{""number"": ""3.0"", ""relation"": ""="", ""status"": ""VALID""}",255.11100000000002,data/raw/tdc/clearance_hepatocyte_az.tab,CHEMBL435859,OB1c2ccccc2N=C(S)N1c1cccnc1,3.0,1,Clearance_Hepatocyte_AZ,803,,VALID,48.720000000000006,0
CHEMBL580,O=C1Nc2ccc(Cl)cc2C(c2ccccc2Cl)=NC1O,17.38,O=C1Nc2ccc(Cl)cc2C(c2ccccc2Cl)=NC1O,3.1013000000000015,0,0.06666666666666667,1,3,2,"{""number"": ""17.38"", ""relation"": ""="", ""status"": ""VALID""}",321.163,data/raw/tdc/clearance_hepatocyte_az.tab,CHEMBL580,O=C1Nc2ccc(Cl)cc2C(c2ccccc2Cl)=NC1O,17.38,1,Clearance_Hepatocyte_AZ,804,,VALID,61.69,1
CHEMBL1934421,Cc1ccc(S(=O)(=O)Nc2c(C(=O)N[C@@H](C)C(C)(C)C)c(C)nn2C2CCN(CC(F)(F)F)CC2)cc1,3.0,Cc1ccc(S(=O)(=O)Nc2c(C(=O)N[C@@H](C)C(C)(C)C)c(C)nn2C2CCN(CC(F)(F)F)CC2)cc1,4.664340000000005,0,0.6,1,6,2,"{""number"": ""3.0"", ""relation"": ""="", ""status"": ""VALID""}",543.6560000000003,data/raw/tdc/clearance_hepatocyte_az.tab,CHEMBL1934421,Cc1ccc(S(=O)(=O)Nc2c(C(=O)N[C@@H](C)C(C)(C)C)c(C)nn2C2CCN(CC(F)(F)F)CC2)cc1,3.0,7,Clearance_Hepatocyte_AZ,805,,VALID,96.33,0
CHEMBL1934423,Cc1ccc(S(=O)(=O)Nc2c(C(=O)N[C@@H](C)C(C)(C)C)c(C)nn2C2CCOC2)cc1,3.0,Cc1ccc(S(=O)(=O)Nc2c(C(=O)N[C@@H](C)C(C)(C)C)c(C)nn2C2CCOC2)cc1,3.426540000000002,0,0.5454545454545454,1,6,2,"{""number"": ""3.0"", ""relation"": ""="", ""status"": ""VALID""}",448.5890000000003,data/raw/tdc/clearance_hepatocyte_az.tab,CHEMBL1934423,Cc1ccc(S(=O)(=O)Nc2c(C(=O)N[C@@H](C)C(C)(C)C)c(C)nn2C2CCOC2)cc1,3.0,6,Clearance_Hepatocyte_AZ,806,,VALID,102.32000000000001,1
CHEMBL2158779,O=C(O)[C@H](Cc1ccc(F)cc1)N1CCC(CN2CCC(Oc3ccc(Cl)cc3Cl)CC2)CC1,3.0,O=C(O)[C@H](Cc1ccc(F)cc1)N1CCC(CN2CCC(Oc3ccc(Cl)cc3Cl)CC2)CC1,5.383600000000006,0,0.5,1,4,1,"{""number"": ""3.0"", ""relation"": ""="", ""status"": ""VALID""}",509.4490000000004,data/raw/tdc/clearance_hepatocyte_az.tab,CHEMBL2158779,O=C(O)[C@H](Cc1ccc(F)cc1)N1CCC(CN2CCC(Oc3ccc(Cl)cc3Cl)CC2)CC1,3.0,8,Clearance_Hepatocyte_AZ,807,,VALID,53.010000000000005,0
CHEMBL450470,COc1ccc(N(C(C)=O)C(C(=O)NC2CCCC2)c2ccccc2F)c(OC)c1,150.0,COc1ccc(N(C(C)=O)C(C(=O)NC2CCCC2)c2ccccc2F)c(OC)c1,3.9959000000000033,0,0.391304347826087,1,4,1,"{""number"": ""150.0"", ""relation"": ""="", ""status"": ""VALID""}",414.47700000000015,data/raw/tdc/clearance_hepatocyte_az.tab,CHEMBL450470,COc1ccc(N(C(C)=O)C(C(=O)NC2CCCC2)c2ccccc2F)c(OC)c1,150.0,7,Clearance_Hepatocyte_AZ,808,,VALID,67.87,1
CHEMBL2141746,CCCNC(=O)CSc1ccc(S(=O)(=O)N2CCCC2)cn1,54.95,CCCNC(=O)CSc1ccc(S(=O)(=O)N2CCCC2)cn1,1.4844,0,0.5714285714285714,1,5,1,"{""number"": ""54.95"", ""relation"": ""="", ""status"": ""VALID""}",343.47400000000016,data/raw/tdc/clearance_hepatocyte_az.tab,CHEMBL2141746,CCCNC(=O)CSc1ccc(S(=O)(=O)N2CCCC2)cn1,54.95,7,Clearance_Hepatocyte_AZ,809,,VALID,79.37,0
CHEMBL49,O=C1CC2(CCCC2)CC(=O)N1CCCCN1CCN(c2ncccn2)CC1,38.9,O=C1CC2(CCCC2)CC(=O)N1CCCCN1CCN(c2ncccn2)CC1,2.0881999999999996,0,0.7142857142857143,1,6,0,"{""number"": ""38.9"", ""relation"": ""="", ""status"": ""VALID""}",385.5120000000001,data/raw/tdc/clearance_hepatocyte_az.tab,CHEMBL49,O=C1CC2(CCCC2)CC(=O)N1CCCCN1CCN(c2ncccn2)CC1,38.9,6,Clearance_Hepatocyte_AZ,810,,VALID,69.64000000000001,0
CHEMBL2178579,O=C(Nc1ccc(Cl)c(S(=O)(=O)N2CCNCC2)c1O)Nc1cccc(F)c1Cl,41.35,O=C(Nc1ccc(Cl)c(S(=O)(=O)N2CCNCC2)c1O)Nc1cccc(F)c1Cl,3.0760000000000005,0,0.23529411764705882,1,5,4,"{""number"": ""41.35"", ""relation"": ""="", ""status"": ""VALID""}",463.3180000000001,data/raw/tdc/clearance_hepatocyte_az.tab,CHEMBL2178579,O=C(Nc1ccc(Cl)c(S(=O)(=O)N2CCNCC2)c1O)Nc1cccc(F)c1Cl,41.35,4,Clearance_Hepatocyte_AZ,811,,VALID,110.77000000000001,0
CHEMBL2179277,Cc1cn([C@H]2CCCN([C@H](CC(C)(C)C)c3ccc(C(=O)O)c(Oc4cccc(Br)c4)c3)C2)c(=O)[nH]c1=O,48.98,Cc1cn([C@H]2CCCN([C@H](CC(C)(C)C)c3ccc(C(=O)O)c(Oc4cccc(Br)c4)c3)C2)c(=O)[nH]c1=O,5.912420000000006,0,0.41379310344827586,1,6,2,"{""number"": ""48.98"", ""relation"": ""="", ""status"": ""VALID""}",584.5110000000002,data/raw/tdc/clearance_hepatocyte_az.tab,CHEMBL2179277,Cc1cn([C@H]2CCCN([C@H](CC(C)(C)C)c3ccc(C(=O)O)c(Oc4cccc(Br)c4)c3)C2)c(=O)[nH]c1=O,48.98,7,Clearance_Hepatocyte_AZ,812,,VALID,104.63,0
CHEMBL2207669,N#Cc1ccc(OC2CCN(C[C@H](O)CNC(=O)c3c[nH]c(=O)c4ccccc34)CC2)cc1Cl,3.0,N#Cc1ccc(OC2CCN(C[C@H](O)CNC(=O)c3c[nH]c(=O)c4ccccc34)CC2)cc1Cl,2.6872800000000003,0,0.32,1,6,3,"{""number"": ""3.0"", ""relation"": ""="", ""status"": ""VALID""}",480.9520000000002,data/raw/tdc/clearance_hepatocyte_az.tab,CHEMBL2207669,N#Cc1ccc(OC2CCN(C[C@H](O)CNC(=O)c3c[nH]c(=O)c4ccccc34)CC2)cc1Cl,3.0,7,Clearance_Hepatocyte_AZ,813,,VALID,118.44999999999999,0
CHEMBL454616,Cc1ccc(NC(=O)c2cccc(N(C)S(C)(=O)=O)c2)cc1NC(=O)c1ccc2ncccc2c1,3.0,Cc1ccc(NC(=O)c2cccc(N(C)S(C)(=O)=O)c2)cc1NC(=O)c1ccc2ncccc2c1,4.443620000000004,0,0.11538461538461539,1,5,2,"{""number"": ""3.0"", ""relation"": ""="", ""status"": ""VALID""}",488.56900000000024,data/raw/tdc/clearance_hepatocyte_az.tab,CHEMBL454616,Cc1ccc(NC(=O)c2cccc(N(C)S(C)(=O)=O)c2)cc1NC(=O)c1ccc2ncccc2c1,3.0,6,Clearance_Hepatocyte_AZ,814,,VALID,108.47000000000001,0
CHEMBL1322893,COc1ccccc1-c1csc(-n2ncc(C#N)c2N)n1,54.95,COc1ccccc1-c1csc(-n2ncc(C#N)c2N)n1,2.4582799999999994,0,0.07142857142857142,1,7,1,"{""number"": ""54.95"", ""relation"": ""="", ""status"": ""VALID""}",297.343,data/raw/tdc/clearance_hepatocyte_az.tab,CHEMBL1322893,COc1ccccc1-c1csc(-n2ncc(C#N)c2N)n1,54.95,3,Clearance_Hepatocyte_AZ,815,,VALID,89.75,0
CHEMBL2105717,COc1cc2nccc(Oc3ccc(NC(=O)C4(C(=O)Nc5ccc(F)cc5)CC4)cc3)c2cc1OC,6.76,COc1cc2nccc(Oc3ccc(NC(=O)C4(C(=O)Nc5ccc(F)cc5)CC4)cc3)c2cc1OC,5.5408000000000035,0,0.17857142857142858,1,6,2,"{""number"": ""6.76"", ""relation"": ""="", ""status"": ""VALID""}",501.51400000000024,data/raw/tdc/clearance_hepatocyte_az.tab,CHEMBL2105717,COc1cc2nccc(Oc3ccc(NC(=O)C4(C(=O)Nc5ccc(F)cc5)CC4)cc3)c2cc1OC,6.76,8,Clearance_Hepatocyte_AZ,816,,VALID,98.78000000000002,0
CHEMBL1921913,C[C@@](C(=O)O[C@H]1C[N+]2(CCc3c[nH]c4ccccc34)CCC1CC2)(c1ccccc1)N1CCCCC1,53.0,C[C@@](C(=O)O[C@H]1C[N+]2(CCc3c[nH]c4ccccc34)CCC1CC2)(c1ccccc1)N1CCCCC1,5.263900000000005,0,0.5161290322580645,1,3,1,"{""number"": ""53.0"", ""relation"": ""="", ""status"": ""VALID""}",486.6800000000005,data/raw/tdc/clearance_hepatocyte_az.tab,CHEMBL1921913,C[C@@](C(=O)O[C@H]1C[N+]2(CCc3c[nH]c4ccccc34)CCC1CC2)(c1ccccc1)N1CCCCC1,53.0,7,Clearance_Hepatocyte_AZ,817,,VALID,45.330000000000005,2
CHEMBL1091137,CC/C(=C(/c1ccc(O)cc1)c1ccc(/C=C/C(=O)O)cc1)c1ccccc1,54.95,CC/C(=C(/c1ccc(O)cc1)c1ccc(/C=C/C(=O)O)cc1)c1ccccc1,5.859100000000005,0,0.08,1,2,2,"{""number"": ""54.95"", ""relation"": ""="", ""status"": ""VALID""}",370.44800000000004,data/raw/tdc/clearance_hepatocyte_az.tab,CHEMBL1091137,CC/C(=C(/c1ccc(O)cc1)c1ccc(/C=C/C(=O)O)cc1)c1ccccc1,54.95,6,Clearance_Hepatocyte_AZ,818,,VALID,57.53,0
CHEMBL556680,O=C(CC12CC3CC(CC(C3)C1)C2)Nc1cccc2c(=O)n(C[C@H]3CCCN3)ccc12,43.0,O=C(CC12CC3CC(CC(C3)C1)C2)Nc1cccc2c(=O)n(C[C@H]3CCCN3)ccc12,4.298500000000003,0,0.6153846153846154,1,4,2,"{""number"": ""43.0"", ""relation"": ""="", ""status"": ""VALID""}",419.56900000000024,data/raw/tdc/clearance_hepatocyte_az.tab,CHEMBL556680,O=C(CC12CC3CC(CC(C3)C1)C2)Nc1cccc2c(=O)n(C[C@H]3CCCN3)ccc12,43.0,5,Clearance_Hepatocyte_AZ,819,,VALID,63.13,4
CHEMBL559968,O=C(NCCc1ccccc1Cl)c1cc(-n2ncc(=O)[nH]c2=O)ccc1Cl,8.0,O=C(NCCc1ccccc1Cl)c1cc(-n2ncc(=O)[nH]c2=O)ccc1Cl,2.2001,0,0.1111111111111111,1,5,2,"{""number"": ""8.0"", ""relation"": ""="", ""status"": ""VALID""}",405.2410000000001,data/raw/tdc/clearance_hepatocyte_az.tab,CHEMBL559968,O=C(NCCc1ccccc1Cl)c1cc(-n2ncc(=O)[nH]c2=O)ccc1Cl,8.0,5,Clearance_Hepatocyte_AZ,820,,VALID,96.85,0
CHEMBL1294,C=C[C@H]1CN2CC[C@H]1C[C@@H]2[C@@H](O)c1ccnc2ccc(OC)cc12,6.17,C=C[C@H]1CN2CC[C@H]1C[C@@H]2[C@@H](O)c1ccnc2ccc(OC)cc12,3.1732000000000014,0,0.45,1,4,1,"{""number"": ""6.17"", ""relation"": ""="", ""status"": ""VALID""}",324.4240000000001,data/raw/tdc/clearance_hepatocyte_az.tab,CHEMBL1294,C=C[C@H]1CN2CC[C@H]1C[C@@H]2[C@@H](O)c1ccnc2ccc(OC)cc12,6.17,4,Clearance_Hepatocyte_AZ,821,,VALID,45.59,1
CHEMBL1071,O=C(O)CCc1nc(-c2ccccc2)c(-c2ccccc2)o1,6.46,O=C(O)CCc1nc(-c2ccccc2)c(-c2ccccc2)o1,4.025800000000003,0,0.1111111111111111,1,3,1,"{""number"": ""6.46"", ""relation"": ""="", ""status"": ""VALID""}",293.32200000000006,data/raw/tdc/clearance_hepatocyte_az.tab,CHEMBL1071,O=C(O)CCc1nc(-c2ccccc2)c(-c2ccccc2)o1,6.46,5,Clearance_Hepatocyte_AZ,822,,VALID,63.33,0
CHEMBL1962788,O=c1c2c3n(c(=O)cc2[nH]n1-c1ccccc1Cl)CCCN(Cc1ccccc1)C3,3.0,O=c1c2c3n(c(=O)cc2[nH]n1-c1ccccc1Cl)CCCN(Cc1ccccc1)C3,3.5398000000000023,0,0.21739130434782608,1,5,1,"{""number"": ""3.0"", ""relation"": ""="", ""status"": ""VALID""}",420.9000000000003,data/raw/tdc/clearance_hepatocyte_az.tab,CHEMBL1962788,O=c1c2c3n(c(=O)cc2[nH]n1-c1ccccc1Cl)CCCN(Cc1ccccc1)C3,3.0,3,Clearance_Hepatocyte_AZ,823,,VALID,63.03,0
CHEMBL477,Nc1ncnc2c1ncn2[C@@H]1O[C@H](CO)[C@@H](O)[C@H]1O,3.0,Nc1ncnc2c1ncn2[C@@H]1O[C@H](CO)[C@@H](O)[C@H]1O,-1.9800000000000006,0,0.5,1,9,4,"{""number"": ""3.0"", ""relation"": ""="", ""status"": ""VALID""}",267.245,data/raw/tdc/clearance_hepatocyte_az.tab,CHEMBL477,Nc1ncnc2c1ncn2[C@@H]1O[C@H](CO)[C@@H](O)[C@H]1O,3.0,2,Clearance_Hepatocyte_AZ,824,,VALID,139.54000000000002,0
CHEMBL2035040,NC(=O)c1cnc(-c2ccc(C3(N)CCC3)cc2)c(-c2ccccc2)c1,3.0,NC(=O)c1cnc(-c2ccc(C3(N)CCC3)cc2)c(-c2ccccc2)c1,3.852400000000003,0,0.18181818181818182,1,3,2,"{""number"": ""3.0"", ""relation"": ""="", ""status"": ""VALID""}",343.43,data/raw/tdc/clearance_hepatocyte_az.tab,CHEMBL2035040,NC(=O)c1cnc(-c2ccc(C3(N)CCC3)cc2)c(-c2ccccc2)c1,3.0,4,Clearance_Hepatocyte_AZ,825,,VALID,82.0,0
CHEMBL1684984,CS(=O)(=O)N1CCc2c(-c3cnc(N)nc3)nc(N3CCOCC3)nc21,3.0,CS(=O)(=O)N1CCc2c(-c3cnc(N)nc3)nc(N3CCOCC3)nc21,-0.3254999999999997,0,0.4666666666666667,1,9,1,"{""number"": ""3.0"", ""relation"": ""="", ""status"": ""VALID""}",377.4300000000003,data/raw/tdc/clearance_hepatocyte_az.tab,CHEMBL1684984,CS(=O)(=O)N1CCc2c(-c3cnc(N)nc3)nc(N3CCOCC3)nc21,3.0,3,Clearance_Hepatocyte_AZ,826,,VALID,127.43,0
CHEMBL2364624,O=C(O)C[C@H]1CC[C@H](c2ccc(-c3ccc(Nc4ccc(C(F)(F)F)nc4)cn3)cc2)CC1,3.0,O=C(O)C[C@H]1CC[C@H](c2ccc(-c3ccc(Nc4ccc(C(F)(F)F)nc4)cn3)cc2)CC1,6.654500000000005,0,0.32,1,4,2,"{""number"": ""3.0"", ""relation"": ""="", ""status"": ""VALID""}",455.48000000000013,data/raw/tdc/clearance_hepatocyte_az.tab,CHEMBL2364624,O=C(O)C[C@H]1CC[C@H](c2ccc(-c3ccc(Nc4ccc(C(F)(F)F)nc4)cn3)cc2)CC1,3.0,6,Clearance_Hepatocyte_AZ,827,,VALID,75.11,0
CHEMBL1916272,CCC(CC)NC(=O)c1c(C)nn(-c2ccccc2)c1NS(=O)(=O)c1ccc(C)cc1,3.0,CCC(CC)NC(=O)c1c(C)nn(-c2ccccc2)c1NS(=O)(=O)c1ccc(C)cc1,4.208340000000003,0,0.30434782608695654,1,5,2,"{""number"": ""3.0"", ""relation"": ""="", ""status"": ""VALID""}",440.5690000000002,data/raw/tdc/clearance_hepatocyte_az.tab,CHEMBL1916272,CCC(CC)NC(=O)c1c(C)nn(-c2ccccc2)c1NS(=O)(=O)c1ccc(C)cc1,3.0,8,Clearance_Hepatocyte_AZ,828,,VALID,93.09,0
CHEMBL571,CC(C(=O)O)c1cccc(C(=O)c2ccccc2)c1,3.0,CC(C(=O)O)c1cccc(C(=O)c2ccccc2)c1,3.1057000000000015,0,0.125,1,2,1,"{""number"": ""3.0"", ""relation"": ""="", ""status"": ""VALID""}",254.285,data/raw/tdc/clearance_hepatocyte_az.tab,CHEMBL571,CC(C(=O)O)c1cccc(C(=O)c2ccccc2)c1,3.0,4,Clearance_Hepatocyte_AZ,829,,VALID,54.37,1
CHEMBL2141746,CCCNC(=O)CSc1ccc(S(=O)(=O)N2CCCC2)cn1,3.0,CCCNC(=O)CSc1ccc(S(=O)(=O)N2CCCC2)cn1,1.4844,0,0.5714285714285714,1,5,1,"{""number"": ""3.0"", ""relation"": ""="", ""status"": ""VALID""}",343.47400000000016,data/raw/tdc/clearance_hepatocyte_az.tab,CHEMBL2141746,CCCNC(=O)CSc1ccc(S(=O)(=O)N2CCCC2)cn1,3.0,7,Clearance_Hepatocyte_AZ,830,,VALID,79.37,0
CHEMBL1669162,NC(=O)COc1cc(-c2cccc3c(=O)cc(N4CCOCC4)oc23)ccc1NC(=O)CN1CCOCC1,3.0,NC(=O)COc1cc(-c2cccc3c(=O)cc(N4CCOCC4)oc23)ccc1NC(=O)CN1CCOCC1,1.4313999999999998,0,0.37037037037037035,1,9,2,"{""number"": ""3.0"", ""relation"": ""="", ""status"": ""VALID""}",522.5580000000004,data/raw/tdc/clearance_hepatocyte_az.tab,CHEMBL1669162,NC(=O)COc1cc(-c2cccc3c(=O)cc(N4CCOCC4)oc23)ccc1NC(=O)CN1CCOCC1,3.0,8,Clearance_Hepatocyte_AZ,831,,VALID,136.57000000000002,0
CHEMBL346886,Cc1cccc2c(O)nc(-c3ccc(C(F)(F)F)cc3)nc12,45.71,Cc1cccc2c(O)nc(-c3ccc(C(F)(F)F)cc3)nc12,4.329620000000002,0,0.125,1,3,1,"{""number"": ""45.71"", ""relation"": ""="", ""status"": ""VALID""}",304.271,data/raw/tdc/clearance_hepatocyte_az.tab,CHEMBL346886,Cc1cccc2c(O)nc(-c3ccc(C(F)(F)F)cc3)nc12,45.71,1,Clearance_Hepatocyte_AZ,832,,VALID,46.010000000000005,0
CHEMBL1269858,CN(c1ccnc(Nc2cc(N3CCOCC3)cc(N3CCOCC3)c2)n1)c1cccc2[nH]ncc12,51.29,CN(c1ccnc(Nc2cc(N3CCOCC3)cc(N3CCOCC3)c2)n1)c1cccc2[nH]ncc12,3.537600000000002,0,0.34615384615384615,1,9,2,"{""number"": ""51.29"", ""relation"": ""="", ""status"": ""VALID""}",486.58000000000027,data/raw/tdc/clearance_hepatocyte_az.tab,CHEMBL1269858,CN(c1ccnc(Nc2cc(N3CCOCC3)cc(N3CCOCC3)c2)n1)c1cccc2[nH]ncc12,51.29,6,Clearance_Hepatocyte_AZ,833,,VALID,94.67,0
CHEMBL511058,COc1ccccc1SC[C@@H](C)CN[C@@H]1COc2ccccc2SC1,51.29,COc1ccccc1SC[C@@H](C)CN[C@@H]1COc2ccccc2SC1,4.5663000000000045,0,0.4,1,5,1,"{""number"": ""51.29"", ""relation"": ""="", ""status"": ""VALID""}",375.5590000000001,data/raw/tdc/clearance_hepatocyte_az.tab,CHEMBL511058,COc1ccccc1SC[C@@H](C)CN[C@@H]1COc2ccccc2SC1,51.29,7,Clearance_Hepatocyte_AZ,834,,VALID,30.49,0
CHEMBL13280,CN1C(=O)CN=C(c2ccccc2F)c2cc([N+](=O)[O-])ccc21,5.01,CN1C(=O)CN=C(c2ccccc2F)c2cc([N+](=O)[O-])ccc21,2.5477000000000007,0,0.125,1,4,0,"{""number"": ""5.01"", ""relation"": ""="", ""status"": ""VALID""}",313.28800000000007,data/raw/tdc/clearance_hepatocyte_az.tab,CHEMBL13280,CN1C(=O)CN=C(c2ccccc2F)c2cc([N+](=O)[O-])ccc21,5.01,2,Clearance_Hepatocyte_AZ,835,,VALID,75.81,0
CHEMBL212689,CCN(C(=O)Cc1ccc(S(C)(=O)=O)cc1)C1CCN(CC[C@H](c2ccc(S(C)(=O)=O)cc2)c2cc(F)cc(F)c2)CC1,5.79,CCN(C(=O)Cc1ccc(S(C)(=O)=O)cc1)C1CCN(CC[C@H](c2ccc(S(C)(=O)=O)cc2)c2cc(F)cc(F)c2)CC1,4.8494000000000055,0,0.40625,1,6,0,"{""number"": ""5.79"", ""relation"": ""="", ""status"": ""VALID""}",632.7950000000003,data/raw/tdc/clearance_hepatocyte_az.tab,CHEMBL212689,CCN(C(=O)Cc1ccc(S(C)(=O)=O)cc1)C1CCN(CC[C@H](c2ccc(S(C)(=O)=O)cc2)c2cc(F)cc(F)c2)CC1,5.79,11,Clearance_Hepatocyte_AZ,836,,VALID,91.83000000000001,0
CHEMBL1835918,Cc1ccc(N2CC(COc3ccc(-c4noc(C)n4)cc3)C2)nn1,26.41,Cc1ccc(N2CC(COc3ccc(-c4noc(C)n4)cc3)C2)nn1,2.65864,0,0.3333333333333333,1,7,0,"{""number"": ""26.41"", ""relation"": ""="", ""status"": ""VALID""}",337.38300000000004,data/raw/tdc/clearance_hepatocyte_az.tab,CHEMBL1835918,Cc1ccc(N2CC(COc3ccc(-c4noc(C)n4)cc3)C2)nn1,26.41,5,Clearance_Hepatocyte_AZ,837,,VALID,77.17,0
CHEMBL272705,C[C@H](CO)Nc1nc(SCc2ccco2)nc2[nH]c(=O)sc12,27.3,C[C@H](CO)Nc1nc(SCc2ccco2)nc2[nH]c(=O)sc12,2.0576,0,0.3076923076923077,1,8,3,"{""number"": ""27.3"", ""relation"": ""="", ""status"": ""VALID""}",338.41400000000004,data/raw/tdc/clearance_hepatocyte_az.tab,CHEMBL272705,C[C@H](CO)Nc1nc(SCc2ccco2)nc2[nH]c(=O)sc12,27.3,6,Clearance_Hepatocyte_AZ,838,,VALID,104.03999999999999,0
CHEMBL1944693,COc1ccccc1CCNCc1cccc(CCNC[C@H](O)c2ccc(O)c3[nH]c(=O)sc23)c1,29.0,COc1ccccc1CCNCc1cccc(CCNC[C@H](O)c2ccc(O)c3[nH]c(=O)sc23)c1,3.501800000000001,0,0.2962962962962963,1,7,5,"{""number"": ""29.0"", ""relation"": ""="", ""status"": ""VALID""}",493.62900000000013,data/raw/tdc/clearance_hepatocyte_az.tab,CHEMBL1944693,COc1ccccc1CCNCc1cccc(CCNC[C@H](O)c2ccc(O)c3[nH]c(=O)sc23)c1,29.0,12,Clearance_Hepatocyte_AZ,839,,VALID,106.60999999999999,0
CHEMBL1947153,O=c1[nH]c2c(O)ccc([C@@H](O)CNCCc3cccc(CN4CCC(c5ccccc5)CC4)c3)c2s1,29.0,O=c1[nH]c2c(O)ccc([C@@H](O)CNCCc3cccc(CN4CCC(c5ccccc5)CC4)c3)c2s1,4.540500000000004,0,0.3448275862068966,1,6,4,"{""number"": ""29.0"", ""relation"": ""="", ""status"": ""VALID""}",503.6680000000003,data/raw/tdc/clearance_hepatocyte_az.tab,CHEMBL1947153,O=c1[nH]c2c(O)ccc([C@@H](O)CNCCc3cccc(CN4CCC(c5ccccc5)CC4)c3)c2s1,29.0,9,Clearance_Hepatocyte_AZ,840,,VALID,88.59,0
CHEMBL213100,COc1ccc(N(C(=O)Oc2c(C)cccc2C)c2ccnc(Nc3ccc(N4CCN(C)CC4)cc3)n2)c(OC)c1,35.48,COc1ccc(N(C(=O)Oc2c(C)cccc2C)c2ccnc(Nc3ccc(N4CCN(C)CC4)cc3)n2)c(OC)c1,5.943140000000007,0,0.28125,1,9,1,"{""number"": ""35.48"", ""relation"": ""="", ""status"": ""VALID""}",568.6780000000002,data/raw/tdc/clearance_hepatocyte_az.tab,CHEMBL213100,COc1ccc(N(C(=O)Oc2c(C)cccc2C)c2ccnc(Nc3ccc(N4CCN(C)CC4)cc3)n2)c(OC)c1,35.48,8,Clearance_Hepatocyte_AZ,841,,VALID,92.28999999999999,0
CHEMBL1309980,N=c1c(S(=O)(=O)c2ccc(Cl)cc2)cc2c(=O)n3ccccc3nc2n1C1CCCC1,35.48,N=c1c(S(=O)(=O)c2ccc(Cl)cc2)cc2c(=O)n3ccccc3nc2n1C1CCCC1,3.7299700000000025,0,0.22727272727272727,1,7,1,"{""number"": ""35.48"", ""relation"": ""="", ""status"": ""VALID""}",454.93900000000025,data/raw/tdc/clearance_hepatocyte_az.tab,CHEMBL1309980,N=c1c(S(=O)(=O)c2ccc(Cl)cc2)cc2c(=O)n3ccccc3nc2n1C1CCCC1,35.48,3,Clearance_Hepatocyte_AZ,842,,VALID,97.28999999999999,1
CHEMBL1830707,c1ccc(Nc2nc3c(s2)CCCc2n[nH]cc2-3)nc1,36.31,c1ccc(Nc2nc3c(s2)CCCc2n[nH]cc2-3)nc1,3.1605000000000008,0,0.21428571428571427,1,5,2,"{""number"": ""36.31"", ""relation"": ""="", ""status"": ""VALID""}",283.36,data/raw/tdc/clearance_hepatocyte_az.tab,CHEMBL1830707,c1ccc(Nc2nc3c(s2)CCCc2n[nH]cc2-3)nc1,36.31,2,Clearance_Hepatocyte_AZ,843,,VALID,66.49000000000001,0
CHEMBL1916267,CCC(CC)NC(=O)c1cnn(Cc2ccccc2)c1NS(=O)(=O)c1ccc(C)cc1,12.0,CCC(CC)NC(=O)c1cnn(Cc2ccccc2)c1NS(=O)(=O)c1ccc(C)cc1,3.9590200000000024,0,0.30434782608695654,1,5,2,"{""number"": ""12.0"", ""relation"": ""="", ""status"": ""VALID""}",440.5690000000002,data/raw/tdc/clearance_hepatocyte_az.tab,CHEMBL1916267,CCC(CC)NC(=O)c1cnn(Cc2ccccc2)c1NS(=O)(=O)c1ccc(C)cc1,12.0,9,Clearance_Hepatocyte_AZ,844,,VALID,93.09,0
CHEMBL564737,O=C(NCC1(O)CCCCCC1)c1cc(-c2ccccc2C(=O)O)ccc1Cl,12.5,O=C(NCC1(O)CCCCCC1)c1cc(-c2ccccc2C(=O)O)ccc1Cl,4.520300000000003,0,0.36363636363636365,1,3,3,"{""number"": ""12.5"", ""relation"": ""="", ""status"": ""VALID""}",401.8900000000001,data/raw/tdc/clearance_hepatocyte_az.tab,CHEMBL564737,O=C(NCC1(O)CCCCCC1)c1cc(-c2ccccc2C(=O)O)ccc1Cl,12.5,5,Clearance_Hepatocyte_AZ,845,,VALID,86.63000000000001,0
CHEMBL296035,CCc1cccc2cc(C(O)CNC(C)(C)C)oc12,8.71,CCc1cccc2cc(C(O)CNC(C)(C)C)oc12,3.4167000000000014,0,0.5,1,3,2,"{""number"": ""8.71"", ""relation"": ""="", ""status"": ""VALID""}",261.36499999999995,data/raw/tdc/clearance_hepatocyte_az.tab,CHEMBL296035,CCc1cccc2cc(C(O)CNC(C)(C)C)oc12,8.71,4,Clearance_Hepatocyte_AZ,846,,VALID,45.4,1
CHEMBL2147032,O=C1COC2(CCN(S(=O)(=O)c3ccc(-c4ccc5cccnc5c4)cc3)CC2)CN1C1CC1,9.12,O=C1COC2(CCN(S(=O)(=O)c3ccc(-c4ccc5cccnc5c4)cc3)CC2)CN1C1CC1,3.4463000000000017,0,0.38461538461538464,1,5,0,"{""number"": ""9.12"", ""relation"": ""="", ""status"": ""VALID""}",477.5860000000003,data/raw/tdc/clearance_hepatocyte_az.tab,CHEMBL2147032,O=C1COC2(CCN(S(=O)(=O)c3ccc(-c4ccc5cccnc5c4)cc3)CC2)CN1C1CC1,9.12,4,Clearance_Hepatocyte_AZ,847,,VALID,79.80999999999999,0
CHEMBL2169908,Cc1noc2cc(N3CCN(C(=O)[C@@H]4CCCC[C@H]4C(=O)NC4(C#N)CC4)[C@H](C)C3)ccc12,9.33,Cc1noc2cc(N3CCN(C(=O)[C@@H]4CCCC[C@H]4C(=O)NC4(C#N)CC4)[C@H](C)C3)ccc12,3.152100000000001,0,0.6,1,6,1,"{""number"": ""9.33"", ""relation"": ""="", ""status"": ""VALID""}",449.55500000000023,data/raw/tdc/clearance_hepatocyte_az.tab,CHEMBL2169908,Cc1noc2cc(N3CCN(C(=O)[C@@H]4CCCC[C@H]4C(=O)NC4(C#N)CC4)[C@H](C)C3)ccc12,9.33,4,Clearance_Hepatocyte_AZ,848,,VALID,102.47,0
CHEMBL376408,CN(C)CC[C@H](CSc1ccccc1)Nc1ccc(S(=O)(=O)NC(=O)c2ccc(N3CCN(Cc4ccccc4-c4ccc(Cl)cc4)CC3)cc2)cc1[N+](=O)[O-],9.55,CN(C)CC[C@H](CSc1ccccc1)Nc1ccc(S(=O)(=O)NC(=O)c2ccc(N3CCN(Cc4ccccc4-c4ccc(Cl)cc4)CC3)cc2)cc1[N+](=O)[O-],7.880600000000009,0,0.2619047619047619,1,10,2,"{""number"": ""9.55"", ""relation"": ""="", ""status"": ""VALID""}",813.4460000000001,data/raw/tdc/clearance_hepatocyte_az.tab,CHEMBL376408,CN(C)CC[C@H](CSc1ccccc1)Nc1ccc(S(=O)(=O)NC(=O)c2ccc(N3CCN(Cc4ccccc4-c4ccc(Cl)cc4)CC3)cc2)cc1[N+](=O)[O-],9.55,16,Clearance_Hepatocyte_AZ,849,,VALID,128.13,0
CHEMBL278390,O=C(O)c1cc2ccccc2[nH]1,10.96,O=C(O)c1cc2ccccc2[nH]1,1.8660999999999999,0,0.0,1,1,2,"{""number"": ""10.96"", ""relation"": ""="", ""status"": ""VALID""}",161.16,data/raw/tdc/clearance_hepatocyte_az.tab,CHEMBL278390,O=C(O)c1cc2ccccc2[nH]1,10.96,1,Clearance_Hepatocyte_AZ,850,,VALID,53.089999999999996,0
CHEMBL1916274,Cc1ccc(S(=O)(=O)Nc2c(C(=O)NC3CCCCC3)c(C)nn2-c2ccccc2)cc1,12.0,Cc1ccc(S(=O)(=O)Nc2c(C(=O)NC3CCCCC3)c(C)nn2-c2ccccc2)cc1,4.352440000000004,0,0.3333333333333333,1,5,2,"{""number"": ""12.0"", ""relation"": ""="", ""status"": ""VALID""}",452.5800000000002,data/raw/tdc/clearance_hepatocyte_az.tab,CHEMBL1916274,Cc1ccc(S(=O)(=O)Nc2c(C(=O)NC3CCCCC3)c(C)nn2-c2ccccc2)cc1,12.0,6,Clearance_Hepatocyte_AZ,851,,VALID,93.09,0
CHEMBL2,COc1cc2nc(N3CCN(C(=O)c4ccco4)CC3)nc(N)c2cc1OC,12.02,COc1cc2nc(N3CCN(C(=O)c4ccco4)CC3)nc(N)c2cc1OC,1.7845999999999997,0,0.3157894736842105,1,8,1,"{""number"": ""12.02"", ""relation"": ""="", ""status"": ""VALID""}",383.40800000000024,data/raw/tdc/clearance_hepatocyte_az.tab,CHEMBL2,COc1cc2nc(N3CCN(C(=O)c4ccco4)CC3)nc(N)c2cc1OC,12.02,4,Clearance_Hepatocyte_AZ,852,,VALID,106.95,0
CHEMBL2180612,COC(=O)C1=C(C)NC2=C(C(=O)CC(C)(C)C2)C1c1ccc(-c2ccc(C(F)(F)F)cc2)cc1,12.3,COC(=O)C1=C(C)NC2=C(C(=O)CC(C)(C)C2)C1c1ccc(-c2ccc(C(F)(F)F)cc2)cc1,6.149400000000005,0,0.3333333333333333,1,4,1,"{""number"": ""12.3"", ""relation"": ""="", ""status"": ""VALID""}",469.5030000000001,data/raw/tdc/clearance_hepatocyte_az.tab,CHEMBL2180612,COC(=O)C1=C(C)NC2=C(C(=O)CC(C)(C)C2)C1c1ccc(-c2ccc(C(F)(F)F)cc2)cc1,12.3,3,Clearance_Hepatocyte_AZ,853,,VALID,55.4,1
CHEMBL2147475,COc1cc(-n2cnc3cc(-c4ccc(Cl)cc4)sc3c2=O)ccc1OC[C@H](OP(=O)(O)O)C1CC1,12.3,COc1cc(-n2cnc3cc(-c4ccc(Cl)cc4)sc3c2=O)ccc1OC[C@H](OP(=O)(O)O)C1CC1,5.042900000000005,0,0.25,1,8,2,"{""number"": ""12.3"", ""relation"": ""="", ""status"": ""VALID""}",548.9410000000001,data/raw/tdc/clearance_hepatocyte_az.tab,CHEMBL2147475,COc1cc(-n2cnc3cc(-c4ccc(Cl)cc4)sc3c2=O)ccc1OC[C@H](OP(=O)(O)O)C1CC1,12.3,9,Clearance_Hepatocyte_AZ,854,,VALID,120.11000000000001,0
CHEMBL1945289,COc1ccc(CNCc2cccc(CCNC[C@H](O)c3ccc(O)c4[nH]c(=O)sc34)c2)cc1,13.0,COc1ccc(CNCc2cccc(CCNC[C@H](O)c3ccc(O)c4[nH]c(=O)sc34)c2)cc1,3.4593000000000016,0,0.2692307692307692,1,7,5,"{""number"": ""13.0"", ""relation"": ""="", ""status"": ""VALID""}",479.60200000000015,data/raw/tdc/clearance_hepatocyte_az.tab,CHEMBL1945289,COc1ccc(CNCc2cccc(CCNC[C@H](O)c3ccc(O)c4[nH]c(=O)sc34)c2)cc1,13.0,11,Clearance_Hepatocyte_AZ,855,,VALID,106.60999999999999,0
CHEMBL511115,COc1ccc([C@]2(C#N)CC[C@@H](C(=O)O)CC2)cc1OC1CCCC1,28.0,COc1ccc([C@]2(C#N)CC[C@@H](C(=O)O)CC2)cc1OC1CCCC1,4.052780000000003,0,0.6,1,4,1,"{""number"": ""28.0"", ""relation"": ""="", ""status"": ""VALID""}",343.4230000000002,data/raw/tdc/clearance_hepatocyte_az.tab,CHEMBL511115,COc1ccc([C@]2(C#N)CC[C@@H](C(=O)O)CC2)cc1OC1CCCC1,28.0,5,Clearance_Hepatocyte_AZ,856,,VALID,79.55,0
CHEMBL2179281,CCCCC[C@H](c1ccc(C(=O)O)c(Oc2cccc(Br)c2)c1)N1CCC[C@H](n2cc(C)c(=O)[nH]c2=O)C1,30.2,CCCCC[C@H](c1ccc(C(=O)O)c(Oc2cccc(Br)c2)c1)N1CCC[C@H](n2cc(C)c(=O)[nH]c2=O)C1,6.056520000000006,0,0.41379310344827586,1,6,2,"{""number"": ""30.2"", ""relation"": ""="", ""status"": ""VALID""}",584.5110000000001,data/raw/tdc/clearance_hepatocyte_az.tab,CHEMBL2179281,CCCCC[C@H](c1ccc(C(=O)O)c(Oc2cccc(Br)c2)c1)N1CCC[C@H](n2cc(C)c(=O)[nH]c2=O)C1,30.2,10,Clearance_Hepatocyte_AZ,857,,VALID,104.63,0
CHEMBL551813,CN(C)c1nc(Cc2ccc(NC(=O)c3ccc(C(F)(F)F)cc3)cc2)nc(N(C)C)c1CC(=O)O,18.62,CN(C)c1nc(Cc2ccc(NC(=O)c3ccc(C(F)(F)F)cc3)cc2)nc(N(C)C)c1CC(=O)O,4.097600000000003,0,0.28,1,6,2,"{""number"": ""18.62"", ""relation"": ""="", ""status"": ""VALID""}",501.5090000000002,data/raw/tdc/clearance_hepatocyte_az.tab,CHEMBL551813,CN(C)c1nc(Cc2ccc(NC(=O)c3ccc(C(F)(F)F)cc3)cc2)nc(N(C)C)c1CC(=O)O,18.62,8,Clearance_Hepatocyte_AZ,858,,VALID,98.66000000000001,0
CHEMBL2086478,C=CC(=O)Nc1ccc(C)cc1,21.38,C=CC(=O)Nc1ccc(C)cc1,2.1195199999999996,0,0.1,1,1,1,"{""number"": ""21.38"", ""relation"": ""="", ""status"": ""VALID""}",161.20399999999998,data/raw/tdc/clearance_hepatocyte_az.tab,CHEMBL2086478,C=CC(=O)Nc1ccc(C)cc1,21.38,2,Clearance_Hepatocyte_AZ,859,,VALID,29.1,0
CHEMBL2132954,O=C1NC(=O)C(=CC=Cc2ccccc2)S1,10.47,O=C1NC(=O)C(=CC=Cc2ccccc2)S1,2.566700000000001,0,0.0,1,3,1,"{""number"": ""10.47"", ""relation"": ""="", ""status"": ""VALID""}",231.276,data/raw/tdc/clearance_hepatocyte_az.tab,CHEMBL2132954,O=C1NC(=O)C(=CC=Cc2ccccc2)S1,10.47,2,Clearance_Hepatocyte_AZ,860,,VALID,46.17,2
CHEMBL1689130,C[C@H]1CN(Cc2cc(Cl)ccc2OCC(=O)O)CCN1C(=O)Cc1cccc(Cl)c1,12.0,C[C@H]1CN(Cc2cc(Cl)ccc2OCC(=O)O)CCN1C(=O)Cc1cccc(Cl)c1,3.7322000000000024,0,0.36363636363636365,1,4,1,"{""number"": ""12.0"", ""relation"": ""="", ""status"": ""VALID""}",451.35000000000025,data/raw/tdc/clearance_hepatocyte_az.tab,CHEMBL1689130,C[C@H]1CN(Cc2cc(Cl)ccc2OCC(=O)O)CCN1C(=O)Cc1cccc(Cl)c1,12.0,7,Clearance_Hepatocyte_AZ,861,,VALID,70.08,0
CHEMBL2326623,COc1cccc2c1c(NS(=O)(=O)c1ccc(Cl)s1)nn2Cc1cccc(CNC(=O)[C@H]2COCCN2)c1,28.0,COc1cccc2c1c(NS(=O)(=O)c1ccc(Cl)s1)nn2Cc1cccc(CNC(=O)[C@H]2COCCN2)c1,3.2135000000000016,0,0.28,1,9,3,"{""number"": ""28.0"", ""relation"": ""="", ""status"": ""VALID""}",576.1,data/raw/tdc/clearance_hepatocyte_az.tab,CHEMBL2326623,COc1cccc2c1c(NS(=O)(=O)c1ccc(Cl)s1)nn2Cc1cccc(CNC(=O)[C@H]2COCCN2)c1,28.0,9,Clearance_Hepatocyte_AZ,862,,VALID,123.58,0
CHEMBL1465276,O=C(C1CCN(c2nnc(-n3cccc3)s2)CC1)N1CCc2ccccc2C1,46.77,O=C(C1CCN(c2nnc(-n3cccc3)s2)CC1)N1CCc2ccccc2C1,3.1301000000000014,0,0.38095238095238093,1,6,0,"{""number"": ""46.77"", ""relation"": ""="", ""status"": ""VALID""}",393.5160000000003,data/raw/tdc/clearance_hepatocyte_az.tab,CHEMBL1465276,O=C(C1CCN(c2nnc(-n3cccc3)s2)CC1)N1CCc2ccccc2C1,46.77,3,Clearance_Hepatocyte_AZ,863,,VALID,54.260000000000005,0
CHEMBL2103876,Cc1ccc2c(NC[C@](O)(CC(C)(C)c3cc(F)cc4c3OCC4)C(F)(F)F)cccc2n1,50.12,Cc1ccc2c(NC[C@](O)(CC(C)(C)c3cc(F)cc4c3OCC4)C(F)(F)F)cccc2n1,5.690420000000004,0,0.4,1,4,2,"{""number"": ""50.12"", ""relation"": ""="", ""status"": ""VALID""}",462.4870000000002,data/raw/tdc/clearance_hepatocyte_az.tab,CHEMBL2103876,Cc1ccc2c(NC[C@](O)(CC(C)(C)c3cc(F)cc4c3OCC4)C(F)(F)F)cccc2n1,50.12,6,Clearance_Hepatocyte_AZ,864,,VALID,54.379999999999995,0
CHEMBL267894,CCC1(CCC(C)C)C(=O)N=C(O)NC1=O,11.75,CCC1(CCC(C)C)C(=O)N=C(O)NC1=O,1.3894,0,0.7272727272727273,1,2,2,"{""number"": ""11.75"", ""relation"": ""="", ""status"": ""VALID""}",226.27599999999998,data/raw/tdc/clearance_hepatocyte_az.tab,CHEMBL267894,CCC1(CCC(C)C)C(=O)N=C(O)NC1=O,11.75,4,Clearance_Hepatocyte_AZ,865,,VALID,78.75999999999999,1
CHEMBL266195,C=CCc1ccccc1OCC(O)CNC(C)C,13.18,C=CCc1ccccc1OCC(O)CNC(C)C,2.1528,0,0.4666666666666667,1,3,2,"{""number"": ""13.18"", ""relation"": ""="", ""status"": ""VALID""}",249.35399999999996,data/raw/tdc/clearance_hepatocyte_az.tab,CHEMBL266195,C=CCc1ccccc1OCC(O)CNC(C)C,13.18,8,Clearance_Hepatocyte_AZ,866,,VALID,41.49,1
CHEMBL1201753,O=C(O)C[C@H](O)C[C@H](O)/C=C/c1c(C2CC2)nc2ccccc2c1-c1ccc(F)cc1,14.5,O=C(O)C[C@H](O)C[C@H](O)/C=C/c1c(C2CC2)nc2ccccc2c1-c1ccc(F)cc1,4.518100000000003,0,0.28,1,4,3,"{""number"": ""14.5"", ""relation"": ""="", ""status"": ""VALID""}",421.4680000000001,data/raw/tdc/clearance_hepatocyte_az.tab,CHEMBL1201753,O=C(O)C[C@H](O)C[C@H](O)/C=C/c1c(C2CC2)nc2ccccc2c1-c1ccc(F)cc1,14.5,8,Clearance_Hepatocyte_AZ,867,,VALID,90.65,0
CHEMBL369533,CCN(CC)CCN1C(=O)C(O)(c2ccccc2Cl)c2c1cc(C(N)=O)cc2C(F)(F)F,15.14,CCN(CC)CCN1C(=O)C(O)(c2ccccc2Cl)c2c1cc(C(N)=O)cc2C(F)(F)F,3.3820000000000014,0,0.36363636363636365,1,4,2,"{""number"": ""15.14"", ""relation"": ""="", ""status"": ""VALID""}",469.8910000000002,data/raw/tdc/clearance_hepatocyte_az.tab,CHEMBL369533,CCN(CC)CCN1C(=O)C(O)(c2ccccc2Cl)c2c1cc(C(N)=O)cc2C(F)(F)F,15.14,7,Clearance_Hepatocyte_AZ,868,,VALID,86.87,1
CHEMBL976,O=C(C1CCCCC1)N1CC(=O)N2CCc3ccccc3C2C1,17.38,O=C(C1CCCCC1)N1CC(=O)N2CCc3ccccc3C2C1,2.5349000000000004,0,0.5789473684210527,1,2,0,"{""number"": ""17.38"", ""relation"": ""="", ""status"": ""VALID""}",312.41300000000007,data/raw/tdc/clearance_hepatocyte_az.tab,CHEMBL976,O=C(C1CCCCC1)N1CC(=O)N2CCc3ccccc3C2C1,17.38,1,Clearance_Hepatocyte_AZ,869,,VALID,40.620000000000005,1
CHEMBL1916279,Cc1ccc(S(=O)(=O)Nc2c(C(=O)NCC(C)(C)C)c(C)nn2-c2ccccc2)cc1,18.0,Cc1ccc(S(=O)(=O)Nc2c(C(=O)NCC(C)(C)C)c(C)nn2-c2ccccc2)cc1,4.065840000000003,0,0.30434782608695654,1,5,2,"{""number"": ""18.0"", ""relation"": ""="", ""status"": ""VALID""}",440.56900000000013,data/raw/tdc/clearance_hepatocyte_az.tab,CHEMBL1916279,Cc1ccc(S(=O)(=O)Nc2c(C(=O)NCC(C)(C)C)c(C)nn2-c2ccccc2)cc1,18.0,6,Clearance_Hepatocyte_AZ,870,,VALID,93.09,0
CHEMBL569184,COc1ccc(CCN2C(=O)N(NS(C)(=O)=O)C[C@@H]2c2ccc(OC)cc2)cc1,19.05,COc1ccc(CCN2C(=O)N(NS(C)(=O)=O)C[C@@H]2c2ccc(OC)cc2)cc1,2.1894,0,0.35,1,5,1,"{""number"": ""19.05"", ""relation"": ""="", ""status"": ""VALID""}",419.5030000000002,data/raw/tdc/clearance_hepatocyte_az.tab,CHEMBL569184,COc1ccc(CCN2C(=O)N(NS(C)(=O)=O)C[C@@H]2c2ccc(OC)cc2)cc1,19.05,8,Clearance_Hepatocyte_AZ,871,,VALID,88.18,0
CHEMBL402986,C[C@H](CO)Nc1nc(SCc2ccccc2)nc2[nH]c(=O)sc12,19.45,C[C@H](CO)Nc1nc(SCc2ccccc2)nc2[nH]c(=O)sc12,2.4646,0,0.26666666666666666,1,7,3,"{""number"": ""19.45"", ""relation"": ""="", ""status"": ""VALID""}",348.4530000000001,data/raw/tdc/clearance_hepatocyte_az.tab,CHEMBL402986,C[C@H](CO)Nc1nc(SCc2ccccc2)nc2[nH]c(=O)sc12,19.45,6,Clearance_Hepatocyte_AZ,872,,VALID,90.9,0
CHEMBL2331750,Cc1cc(Oc2cc(S(=O)(=O)N3CCC[C@H](n4cc(C)c(=O)[nH]c4=O)C3)ccc2O)ccc1Cl,20.42,Cc1cc(Oc2cc(S(=O)(=O)N3CCC[C@H](n4cc(C)c(=O)[nH]c4=O)C3)ccc2O)ccc1Cl,3.330540000000002,0,0.30434782608695654,1,7,2,"{""number"": ""20.42"", ""relation"": ""="", ""status"": ""VALID""}",505.98000000000025,data/raw/tdc/clearance_hepatocyte_az.tab,CHEMBL2331750,Cc1cc(Oc2cc(S(=O)(=O)N3CCC[C@H](n4cc(C)c(=O)[nH]c4=O)C3)ccc2O)ccc1Cl,20.42,5,Clearance_Hepatocyte_AZ,873,,VALID,121.7,0
CHEMBL2158827,O=C(O)Cc1ccc(N2CCC(CN3CCC(Oc4ccc(Cl)c(Cl)c4)CC3)CC2)cc1,9.0,O=C(O)Cc1ccc(N2CCC(CN3CCC(Oc4ccc(Cl)c(Cl)c4)CC3)CC2)cc1,5.380300000000005,0,0.48,1,4,1,"{""number"": ""9.0"", ""relation"": ""="", ""status"": ""VALID""}",477.43200000000024,data/raw/tdc/clearance_hepatocyte_az.tab,CHEMBL2158827,O=C(O)Cc1ccc(N2CCC(CN3CCC(Oc4ccc(Cl)c(Cl)c4)CC3)CC2)cc1,9.0,7,Clearance_Hepatocyte_AZ,874,,VALID,53.010000000000005,0
CHEMBL1916271,CCN(C(=O)c1cnn(-c2ccccc2)c1NS(=O)(=O)c1ccc(-c2cnco2)cc1)C1CCCCC1,9.5,CCN(C(=O)c1cnn(-c2ccccc2)c1NS(=O)(=O)c1ccc(-c2cnco2)cc1)C1CCCCC1,5.122900000000005,0,0.2962962962962963,1,7,1,"{""number"": ""9.5"", ""relation"": ""="", ""status"": ""VALID""}",519.6270000000003,data/raw/tdc/clearance_hepatocyte_az.tab,CHEMBL1916271,CCN(C(=O)c1cnn(-c2ccccc2)c1NS(=O)(=O)c1ccc(-c2cnco2)cc1)C1CCCCC1,9.5,8,Clearance_Hepatocyte_AZ,875,,VALID,110.33000000000001,0
CHEMBL2147474,COc1cc(-n2cnc3cc(-c4ccc(Cl)cc4)sc3c2=O)ccc1OC[C@H](O)C1CC1,9.77,COc1cc(-n2cnc3cc(-c4ccc(Cl)cc4)sc3c2=O)ccc1OC[C@H](O)C1CC1,4.925900000000005,0,0.25,1,7,1,"{""number"": ""9.77"", ""relation"": ""="", ""status"": ""VALID""}",468.9620000000003,data/raw/tdc/clearance_hepatocyte_az.tab,CHEMBL2147474,COc1cc(-n2cnc3cc(-c4ccc(Cl)cc4)sc3c2=O)ccc1OC[C@H](O)C1CC1,9.77,7,Clearance_Hepatocyte_AZ,876,,VALID,73.58000000000001,0
CHEMBL1823817,COC[C@H](O)Cn1c(=O)cnn(-c2ccc(Cl)c(C(=O)NCC3(O)CCCCCC3)c2)c1=O,3.0,COC[C@H](O)Cn1c(=O)cnn(-c2ccc(Cl)c(C(=O)NCC3(O)CCCCCC3)c2)c1=O,0.8699999999999988,0,0.5454545454545454,1,9,3,"{""number"": ""3.0"", ""relation"": ""="", ""status"": ""VALID""}",480.94900000000047,data/raw/tdc/clearance_hepatocyte_az.tab,CHEMBL1823817,COC[C@H](O)Cn1c(=O)cnn(-c2ccc(Cl)c(C(=O)NCC3(O)CCCCCC3)c2)c1=O,3.0,8,Clearance_Hepatocyte_AZ,877,,VALID,135.68,0
CHEMBL406852,COc1nc(N)nc2c1ncn2[C@@H]1O[C@H](CO)[C@@H](O)[C@H]1O,10.47,COc1nc(N)nc2c1ncn2[C@@H]1O[C@H](CO)[C@@H](O)[C@H]1O,-1.9713999999999994,0,0.5454545454545454,1,10,4,"{""number"": ""10.47"", ""relation"": ""="", ""status"": ""VALID""}",297.271,data/raw/tdc/clearance_hepatocyte_az.tab,CHEMBL406852,COc1nc(N)nc2c1ncn2[C@@H]1O[C@H](CO)[C@@H](O)[C@H]1O,10.47,3,Clearance_Hepatocyte_AZ,878,,VALID,148.76999999999998,0
CHEMBL1477,COCc1c(C(C)C)nc(C(C)C)c(/C=C/[C@@H](O)C[C@@H](O)CC(=O)O)c1-c1ccc(F)cc1,10.72,COCc1c(C(C)C)nc(C(C)C)c(/C=C/[C@@H](O)C[C@@H](O)CC(=O)O)c1-c1ccc(F)cc1,4.8807000000000045,0,0.46153846153846156,1,5,3,"{""number"": ""10.72"", ""relation"": ""="", ""status"": ""VALID""}",459.5580000000002,data/raw/tdc/clearance_hepatocyte_az.tab,CHEMBL1477,COCc1c(C(C)C)nc(C(C)C)c(/C=C/[C@@H](O)C[C@@H](O)CC(=O)O)c1-c1ccc(F)cc1,10.72,11,Clearance_Hepatocyte_AZ,879,,VALID,99.88000000000001,0
CHEMBL112,CC(=O)Nc1ccc(O)cc1,10.8,CC(=O)Nc1ccc(O)cc1,1.3505999999999998,0,0.125,1,2,2,"{""number"": ""10.8"", ""relation"": ""="", ""status"": ""VALID""}",151.165,data/raw/tdc/clearance_hepatocyte_az.tab,CHEMBL112,CC(=O)Nc1ccc(O)cc1,10.8,1,Clearance_Hepatocyte_AZ,880,,VALID,49.33,0
CHEMBL35,NS(=O)(=O)c1cc(C(=O)O)c(NCc2ccco2)cc1Cl,3.0,NS(=O)(=O)c1cc(C(=O)O)c(NCc2ccco2)cc1Cl,1.8907,0,0.08333333333333333,1,5,3,"{""number"": ""3.0"", ""relation"": ""="", ""status"": ""VALID""}",330.749,data/raw/tdc/clearance_hepatocyte_az.tab,CHEMBL35,NS(=O)(=O)c1cc(C(=O)O)c(NCc2ccco2)cc1Cl,3.0,5,Clearance_Hepatocyte_AZ,881,,VALID,122.63000000000001,0
CHEMBL1444,N#Cc1ccc(C(c2ccc(C#N)cc2)n2cncn2)cc1,3.0,N#Cc1ccc(C(c2ccc(C#N)cc2)n2cncn2)cc1,2.65916,0,0.058823529411764705,1,5,0,"{""number"": ""3.0"", ""relation"": ""="", ""status"": ""VALID""}",285.31,data/raw/tdc/clearance_hepatocyte_az.tab,CHEMBL1444,N#Cc1ccc(C(c2ccc(C#N)cc2)n2cncn2)cc1,3.0,3,Clearance_Hepatocyte_AZ,882,,VALID,78.29,0
CHEMBL1766793,CC(C)S(=O)(=O)c1ccc(-c2cnc(N)c(C(=O)Nc3ccccc3)n2)cc1,20.89,CC(C)S(=O)(=O)c1ccc(-c2cnc(N)c(C(=O)Nc3ccccc3)n2)cc1,3.1602000000000015,0,0.15,1,6,2,"{""number"": ""20.89"", ""relation"": ""="", ""status"": ""VALID""}",396.47200000000004,data/raw/tdc/clearance_hepatocyte_az.tab,CHEMBL1766793,CC(C)S(=O)(=O)c1ccc(-c2cnc(N)c(C(=O)Nc3ccccc3)n2)cc1,20.89,5,Clearance_Hepatocyte_AZ,883,,VALID,115.04,0
CHEMBL1204759,Cc1nn(-c2ccccc2)c(NC(=O)NS(=O)(=O)c2ccc(Cl)cc2)c1C#N,21.47,Cc1nn(-c2ccccc2)c(NC(=O)NS(=O)(=O)c2ccc(Cl)cc2)c1C#N,3.2162000000000006,0,0.05555555555555555,1,6,2,"{""number"": ""21.47"", ""relation"": ""="", ""status"": ""VALID""}",415.86200000000014,data/raw/tdc/clearance_hepatocyte_az.tab,CHEMBL1204759,Cc1nn(-c2ccccc2)c(NC(=O)NS(=O)(=O)c2ccc(Cl)cc2)c1C#N,21.47,4,Clearance_Hepatocyte_AZ,884,,VALID,116.88,0
CHEMBL2011441,COc1nc(Br)cnc1NS(=O)(=O)c1ccc(Cl)s1,3.0,COc1nc(Br)cnc1NS(=O)(=O)c1ccc(Cl)s1,2.7634000000000007,0,0.1111111111111111,1,6,1,"{""number"": ""3.0"", ""relation"": ""="", ""status"": ""VALID""}",384.6640000000001,data/raw/tdc/clearance_hepatocyte_az.tab,CHEMBL2011441,COc1nc(Br)cnc1NS(=O)(=O)c1ccc(Cl)s1,3.0,4,Clearance_Hepatocyte_AZ,885,,VALID,81.18,0
CHEMBL945,N=C(N)NC(=O)c1nc(Cl)c(N)nc1N,3.0,N=C(N)NC(=O)c1nc(Cl)c(N)nc1N,-1.0823299999999998,0,0.0,1,6,5,"{""number"": ""3.0"", ""relation"": ""="", ""status"": ""VALID""}",229.63099999999997,data/raw/tdc/clearance_hepatocyte_az.tab,CHEMBL945,N=C(N)NC(=O)c1nc(Cl)c(N)nc1N,3.0,1,Clearance_Hepatocyte_AZ,886,,VALID,156.79,1
CHEMBL1934420,Cc1ccc(S(=O)(=O)Nc2c(C(=O)N[C@@H](C)C(C)(C)C)c(C)nn2C2CCN(C)CC2)cc1,3.0,Cc1ccc(S(=O)(=O)Nc2c(C(=O)N[C@@H](C)C(C)(C)C)c(C)nn2C2CCN(C)CC2)cc1,3.7318400000000027,0,0.5833333333333334,1,6,2,"{""number"": ""3.0"", ""relation"": ""="", ""status"": ""VALID""}",475.65900000000033,data/raw/tdc/clearance_hepatocyte_az.tab,CHEMBL1934420,Cc1ccc(S(=O)(=O)Nc2c(C(=O)N[C@@H](C)C(C)(C)C)c(C)nn2C2CCN(C)CC2)cc1,3.0,6,Clearance_Hepatocyte_AZ,887,,VALID,96.33,0
CHEMBL957,COc1ccccc1Oc1c(NS(=O)(=O)c2ccc(C(C)(C)C)cc2)nc(-c2ncccn2)nc1OCCO,4.79,COc1ccccc1Oc1c(NS(=O)(=O)c2ccc(C(C)(C)C)cc2)nc(-c2ncccn2)nc1OCCO,4.203900000000004,0,0.25925925925925924,1,10,2,"{""number"": ""4.79"", ""relation"": ""="", ""status"": ""VALID""}",551.6250000000002,data/raw/tdc/clearance_hepatocyte_az.tab,CHEMBL957,COc1ccccc1Oc1c(NS(=O)(=O)c2ccc(C(C)(C)C)cc2)nc(-c2ncccn2)nc1OCCO,4.79,10,Clearance_Hepatocyte_AZ,888,,VALID,145.65,0
CHEMBL1241982,COc1ccc2nc(C)cc(-n3cc(CN4CCN(C(C)=O)CC4)nn3)c2c1,5.13,COc1ccc2nc(C)cc(-n3cc(CN4CCN(C(C)=O)CC4)nn3)c2c1,1.7966199999999997,0,0.4,1,7,0,"{""number"": ""5.13"", ""relation"": ""="", ""status"": ""VALID""}",380.45200000000017,data/raw/tdc/clearance_hepatocyte_az.tab,CHEMBL1241982,COc1ccc2nc(C)cc(-n3cc(CN4CCN(C(C)=O)CC4)nn3)c2c1,5.13,4,Clearance_Hepatocyte_AZ,889,,VALID,76.38,0
CHEMBL2219422,Cn1ncc(Cl)c1-c1cc(C(=O)N[C@H](CN)Cc2cccc(F)c2)sc1Cl,7.08,Cn1ncc(Cl)c1-c1cc(C(=O)N[C@H](CN)Cc2cccc(F)c2)sc1Cl,3.894300000000002,0,0.2222222222222222,1,5,2,"{""number"": ""7.08"", ""relation"": ""="", ""status"": ""VALID""}",427.3320000000001,data/raw/tdc/clearance_hepatocyte_az.tab,CHEMBL2219422,Cn1ncc(Cl)c1-c1cc(C(=O)N[C@H](CN)Cc2cccc(F)c2)sc1Cl,7.08,6,Clearance_Hepatocyte_AZ,890,,VALID,72.94,0
CHEMBL1583280,O=C(O)C1CSC(c2ccccc2Cl)N1C(=O)c1ccc(Cl)cc1,15.49,O=C(O)C1CSC(c2ccccc2Cl)N1C(=O)c1ccc(Cl)cc1,4.334400000000003,0,0.17647058823529413,1,3,1,"{""number"": ""15.49"", ""relation"": ""="", ""status"": ""VALID""}",382.26800000000014,data/raw/tdc/clearance_hepatocyte_az.tab,CHEMBL1583280,O=C(O)C1CSC(c2ccccc2Cl)N1C(=O)c1ccc(Cl)cc1,15.49,3,Clearance_Hepatocyte_AZ,891,,VALID,57.61,2
CHEMBL2017974,Nc1cc(C(F)(F)F)c(-c2cc(N3CCOCC3)nc(N3CCOCC3)n2)cn1,15.85,Nc1cc(C(F)(F)F)c(-c2cc(N3CCOCC3)nc(N3CCOCC3)n2)cn1,1.8128000000000002,0,0.5,1,8,1,"{""number"": ""15.85"", ""relation"": ""="", ""status"": ""VALID""}",410.4000000000002,data/raw/tdc/clearance_hepatocyte_az.tab,CHEMBL2017974,Nc1cc(C(F)(F)F)c(-c2cc(N3CCOCC3)nc(N3CCOCC3)n2)cn1,15.85,3,Clearance_Hepatocyte_AZ,892,,VALID,89.63,0
CHEMBL1689134,C[C@H]1CN(Cc2cc(Cl)ccc2OC(C)(C)C(=O)O)CCN1S(=O)(=O)c1ccccc1,17.0,C[C@H]1CN(Cc2cc(Cl)ccc2OC(C)(C)C(=O)O)CCN1S(=O)(=O)c1ccccc1,3.477000000000002,0,0.4090909090909091,1,5,1,"{""number"": ""17.0"", ""relation"": ""="", ""status"": ""VALID""}",466.9870000000002,data/raw/tdc/clearance_hepatocyte_az.tab,CHEMBL1689134,C[C@H]1CN(Cc2cc(Cl)ccc2OC(C)(C)C(=O)O)CCN1S(=O)(=O)c1ccccc1,17.0,7,Clearance_Hepatocyte_AZ,893,,VALID,87.15,0
CHEMBL397237,C[C@H](CO)Nc1nc(SCc2cccc(F)c2F)nc2nc(N)sc12,17.16,C[C@H](CO)Nc1nc(SCc2cccc(F)c2F)nc2nc(N)sc12,3.0317000000000007,0,0.26666666666666666,1,8,3,"{""number"": ""17.16"", ""relation"": ""="", ""status"": ""VALID""}",383.44900000000007,data/raw/tdc/clearance_hepatocyte_az.tab,CHEMBL397237,C[C@H](CO)Nc1nc(SCc2cccc(F)c2F)nc2nc(N)sc12,17.16,6,Clearance_Hepatocyte_AZ,894,,VALID,96.95,0
CHEMBL1916280,CCC(C)NC(=O)c1c(C)nn(-c2ccccc2)c1NS(=O)(=O)c1ccc(C)cc1,17.32,CCC(C)NC(=O)c1c(C)nn(-c2ccccc2)c1NS(=O)(=O)c1ccc(C)cc1,3.818240000000003,0,0.2727272727272727,1,5,2,"{""number"": ""17.32"", ""relation"": ""="", ""status"": ""VALID""}",426.54200000000014,data/raw/tdc/clearance_hepatocyte_az.tab,CHEMBL1916280,CCC(C)NC(=O)c1c(C)nn(-c2ccccc2)c1NS(=O)(=O)c1ccc(C)cc1,17.32,7,Clearance_Hepatocyte_AZ,895,,VALID,93.09,1
CHEMBL1622829,Cc1cc(C)nc(Nc2cccc(C(F)(F)F)c2)n1,36.31,Cc1cc(C)nc(Nc2cccc(C(F)(F)F)c2)n1,3.8558400000000024,0,0.23076923076923078,1,3,1,"{""number"": ""36.31"", ""relation"": ""="", ""status"": ""VALID""}",267.25399999999996,data/raw/tdc/clearance_hepatocyte_az.tab,CHEMBL1622829,Cc1cc(C)nc(Nc2cccc(C(F)(F)F)c2)n1,36.31,2,Clearance_Hepatocyte_AZ,896,,VALID,37.81,0
CHEMBL1464,CC(=O)CC(c1ccccc1)c1c(O)c2ccccc2oc1=O,3.0,CC(=O)CC(c1ccccc1)c1c(O)c2ccccc2oc1=O,3.609600000000003,0,0.15789473684210525,1,4,1,"{""number"": ""3.0"", ""relation"": ""="", ""status"": ""VALID""}",308.3330000000001,data/raw/tdc/clearance_hepatocyte_az.tab,CHEMBL1464,CC(=O)CC(c1ccccc1)c1c(O)c2ccccc2oc1=O,3.0,4,Clearance_Hepatocyte_AZ,897,,VALID,67.50999999999999,1
CHEMBL2177162,Nc1ncc(-c2ccc(S(=O)(=O)N3CCCC3)cc2)nc1C(=O)Nc1cccnc1,3.0,Nc1ncc(-c2ccc(S(=O)(=O)N3CCCC3)cc2)nc1C(=O)Nc1cccnc1,2.1576000000000004,0,0.2,1,7,2,"{""number"": ""3.0"", ""relation"": ""="", ""status"": ""VALID""}",424.48600000000005,data/raw/tdc/clearance_hepatocyte_az.tab,CHEMBL2177162,Nc1ncc(-c2ccc(S(=O)(=O)N3CCCC3)cc2)nc1C(=O)Nc1cccnc1,3.0,5,Clearance_Hepatocyte_AZ,898,,VALID,131.17000000000002,0
CHEMBL2035017,NC1(c2ccc(-c3nc4ccccc4cc3-c3ccccc3)cc2)CCC1,13.49,NC1(c2ccc(-c3nc4ccccc4cc3-c3ccccc3)cc2)CCC1,5.906700000000004,0,0.16,1,2,1,"{""number"": ""13.49"", ""relation"": ""="", ""status"": ""VALID""}",350.46500000000015,data/raw/tdc/clearance_hepatocyte_az.tab,CHEMBL2035017,NC1(c2ccc(-c3nc4ccccc4cc3-c3ccccc3)cc2)CCC1,13.49,3,Clearance_Hepatocyte_AZ,899,,VALID,38.91,0
CHEMBL837,CCc1c2c(nc3ccc(O)cc13)-c1cc3c(c(=O)n1C2)COC(=O)[C@]3(O)CC,23.99,CCc1c2c(nc3ccc(O)cc13)-c1cc3c(c(=O)n1C2)COC(=O)[C@]3(O)CC,2.3476,0,0.3181818181818182,1,7,2,"{""number"": ""23.99"", ""relation"": ""="", ""status"": ""VALID""}",392.41100000000023,data/raw/tdc/clearance_hepatocyte_az.tab,CHEMBL837,CCc1c2c(nc3ccc(O)cc13)-c1cc3c(c(=O)n1C2)COC(=O)[C@]3(O)CC,23.99,2,Clearance_Hepatocyte_AZ,900,,VALID,101.65000000000002,0
CHEMBL222989,O=C(O)CN1C(=O)C(=O)c2ccccc21,26.92,O=C(O)CN1C(=O)C(=O)c2ccccc21,0.3004999999999995,0,0.1,1,3,1,"{""number"": ""26.92"", ""relation"": ""="", ""status"": ""VALID""}",205.169,data/raw/tdc/clearance_hepatocyte_az.tab,CHEMBL222989,O=C(O)CN1C(=O)C(=O)c2ccccc21,26.92,2,Clearance_Hepatocyte_AZ,901,,VALID,74.68,0
CHEMBL1945034,O=c1[nH]c2c(O)ccc([C@@H](O)CNCCc3ccc(CNCCc4ccccn4)cc3)c2s1,3.0,O=c1[nH]c2c(O)ccc([C@@H](O)CNCCc3ccc(CNCCc4ccccn4)cc3)c2s1,2.8882000000000003,0,0.28,1,7,5,"{""number"": ""3.0"", ""relation"": ""="", ""status"": ""VALID""}",464.5910000000002,data/raw/tdc/clearance_hepatocyte_az.tab,CHEMBL1945034,O=c1[nH]c2c(O)ccc([C@@H](O)CNCCc3ccc(CNCCc4ccccn4)cc3)c2s1,3.0,11,Clearance_Hepatocyte_AZ,902,,VALID,110.27000000000001,0
CHEMBL1088751,CNC(=O)c1ccc(C)c(-n2c(C)cc(OCc3ccc(F)cc3F)c(Br)c2=O)c1,3.0,CNC(=O)c1ccc(C)c(-n2c(C)cc(OCc3ccc(F)cc3F)c(Br)c2=O)c1,4.433640000000004,0,0.18181818181818182,1,4,1,"{""number"": ""3.0"", ""relation"": ""="", ""status"": ""VALID""}",477.30500000000006,data/raw/tdc/clearance_hepatocyte_az.tab,CHEMBL1088751,CNC(=O)c1ccc(C)c(-n2c(C)cc(OCc3ccc(F)cc3F)c(Br)c2=O)c1,3.0,5,Clearance_Hepatocyte_AZ,903,,VALID,60.330000000000005,0
CHEMBL1800528,COc1ccnc(CCc2nc3c(C)ccnc3[nH]2)c1,3.0,COc1ccnc(CCc2nc3c(C)ccnc3[nH]2)c1,2.45512,0,0.26666666666666666,1,4,1,"{""number"": ""3.0"", ""relation"": ""="", ""status"": ""VALID""}",268.32,data/raw/tdc/clearance_hepatocyte_az.tab,CHEMBL1800528,COc1ccnc(CCc2nc3c(C)ccnc3[nH]2)c1,3.0,4,Clearance_Hepatocyte_AZ,904,,VALID,63.690000000000005,0
CHEMBL1689117,O=C(O)COc1ccc(Cl)cc1CN1CCN(S(=O)(=O)c2ccc(F)cc2)CC1,3.0,O=C(O)COc1ccc(Cl)cc1CN1CCN(S(=O)(=O)c2ccc(F)cc2)CC1,2.4490000000000007,0,0.3157894736842105,1,5,1,"{""number"": ""3.0"", ""relation"": ""="", ""status"": ""VALID""}",442.89600000000013,data/raw/tdc/clearance_hepatocyte_az.tab,CHEMBL1689117,O=C(O)COc1ccc(Cl)cc1CN1CCN(S(=O)(=O)c2ccc(F)cc2)CC1,3.0,7,Clearance_Hepatocyte_AZ,905,,VALID,87.15,0
CHEMBL2170989,Nc1ncnc2c1ncn2[C@@H]1O[C@H](CSCCCNC(=O)Nc2ccccc2)[C@@H](O)[C@H]1O,28.18,Nc1ncnc2c1ncn2[C@@H]1O[C@H](CSCCCNC(=O)Nc2ccccc2)[C@@H](O)[C@H]1O,0.9726999999999992,0,0.4,1,10,5,"{""number"": ""28.18"", ""relation"": ""="", ""status"": ""VALID""}",459.5320000000001,data/raw/tdc/clearance_hepatocyte_az.tab,CHEMBL2170989,Nc1ncnc2c1ncn2[C@@H]1O[C@H](CSCCCNC(=O)Nc2ccccc2)[C@@H](O)[C@H]1O,28.18,8,Clearance_Hepatocyte_AZ,906,,VALID,160.44,0
CHEMBL256668,C[C@H](CO)Nc1nc(SCc2cccc(F)c2F)nc2[nH]c(=O)cnc12,42.0,C[C@H](CO)Nc1nc(SCc2cccc(F)c2F)nc2[nH]c(=O)cnc12,2.0763,0,0.25,1,7,3,"{""number"": ""42.0"", ""relation"": ""="", ""status"": ""VALID""}",379.39200000000005,data/raw/tdc/clearance_hepatocyte_az.tab,CHEMBL256668,C[C@H](CO)Nc1nc(SCc2cccc(F)c2F)nc2[nH]c(=O)cnc12,42.0,6,Clearance_Hepatocyte_AZ,907,,VALID,103.79,0
CHEMBL17157,CC(C)(C)c1ccc(C(O)CCCN2CCC(C(O)(c3ccccc3)c3ccccc3)CC2)cc1,34.67,CC(C)(C)c1ccc(C(O)CCCN2CCC(C(O)(c3ccccc3)c3ccccc3)CC2)cc1,6.445800000000008,0,0.4375,1,3,2,"{""number"": ""34.67"", ""relation"": ""="", ""status"": ""VALID""}",471.6850000000001,data/raw/tdc/clearance_hepatocyte_az.tab,CHEMBL17157,CC(C)(C)c1ccc(C(O)CCCN2CCC(C(O)(c3ccccc3)c3ccccc3)CC2)cc1,34.67,8,Clearance_Hepatocyte_AZ,908,,VALID,43.7,1
CHEMBL111775,O=C(CCOCCc1ccccc1)NCCNCCc1ccc(O)c2nc(O)sc12,71.99,O=C(CCOCCc1ccccc1)NCCNCCc1ccc(O)c2nc(O)sc12,2.605200000000001,0,0.36363636363636365,1,7,4,"{""number"": ""71.99"", ""relation"": ""="", ""status"": ""VALID""}",429.5420000000002,data/raw/tdc/clearance_hepatocyte_az.tab,CHEMBL111775,O=C(CCOCCc1ccccc1)NCCNCCc1ccc(O)c2nc(O)sc12,71.99,12,Clearance_Hepatocyte_AZ,909,,VALID,103.71000000000001,0
CHEMBL1537460,COc1ccccc1C(=O)Nc1ccc(Cc2ccncc2)cc1,103.2,COc1ccccc1C(=O)Nc1ccc(Cc2ccncc2)cc1,3.933300000000002,0,0.1,1,3,1,"{""number"": ""103.2"", ""relation"": ""="", ""status"": ""VALID""}",318.376,data/raw/tdc/clearance_hepatocyte_az.tab,CHEMBL1537460,COc1ccccc1C(=O)Nc1ccc(Cc2ccncc2)cc1,103.2,5,Clearance_Hepatocyte_AZ,910,,VALID,51.22,0
CHEMBL445,CNCCC=C1c2ccccc2CCc2ccccc21,144.0,CNCCC=C1c2ccccc2CCc2ccccc21,3.826400000000003,0,0.2631578947368421,1,1,1,"{""number"": ""144.0"", ""relation"": ""="", ""status"": ""VALID""}",263.38399999999996,data/raw/tdc/clearance_hepatocyte_az.tab,CHEMBL445,CNCCC=C1c2ccccc2CCc2ccccc21,144.0,3,Clearance_Hepatocyte_AZ,911,,VALID,12.03,0
CHEMBL1689120,C[C@@H]1CN(Cc2cc(Cl)ccc2OCC(=O)O)CCN1S(=O)(=O)c1ccccc1,7.48,C[C@@H]1CN(Cc2cc(Cl)ccc2OCC(=O)O)CCN1S(=O)(=O)c1ccccc1,2.6984000000000012,0,0.35,1,5,1,"{""number"": ""7.48"", ""relation"": ""="", ""status"": ""VALID""}",438.93300000000016,data/raw/tdc/clearance_hepatocyte_az.tab,CHEMBL1689120,C[C@@H]1CN(Cc2cc(Cl)ccc2OCC(=O)O)CCN1S(=O)(=O)c1ccccc1,7.48,7,Clearance_Hepatocyte_AZ,912,,VALID,87.15,0
CHEMBL2110732,COc1cc2ncnc(Nc3ccc(F)c(Cl)c3)c2cc1NC(=O)/C=C/CN1CCCCC1,9.77,COc1cc2ncnc(Nc3ccc(F)c(Cl)c3)c2cc1NC(=O)/C=C/CN1CCCCC1,5.1551000000000045,0,0.2916666666666667,1,6,2,"{""number"": ""9.77"", ""relation"": ""="", ""status"": ""VALID""}",469.9480000000004,data/raw/tdc/clearance_hepatocyte_az.tab,CHEMBL2110732,COc1cc2ncnc(Nc3ccc(F)c(Cl)c3)c2cc1NC(=O)/C=C/CN1CCCCC1,9.77,7,Clearance_Hepatocyte_AZ,913,,VALID,79.38000000000001,0
CHEMBL1194325,O=C(O[C@H]1C[N+]2(CCCOc3ccccc3)CCC1CC2)C(O)(c1cccs1)c1cccs1,79.99,O=C(O[C@H]1C[N+]2(CCCOc3ccccc3)CCC1CC2)C(O)(c1cccs1)c1cccs1,4.666800000000005,0,0.4230769230769231,1,6,1,"{""number"": ""79.99"", ""relation"": ""="", ""status"": ""VALID""}",484.66300000000024,data/raw/tdc/clearance_hepatocyte_az.tab,CHEMBL1194325,O=C(O[C@H]1C[N+]2(CCCOc3ccccc3)CCC1CC2)C(O)(c1cccs1)c1cccs1,79.99,9,Clearance_Hepatocyte_AZ,914,,VALID,55.760000000000005,2
CHEMBL1947155,C[C@@H](NCc1ccccc1-c1ccc(CCNC[C@H](O)c2ccc(O)c3[nH]c(=O)sc23)cc1)c1ccccc1,108.0,C[C@@H](NCc1ccccc1-c1ccc(CCNC[C@H](O)c2ccc(O)c3[nH]c(=O)sc23)cc1)c1ccccc1,5.678700000000006,0,0.21875,1,6,5,"{""number"": ""108.0"", ""relation"": ""="", ""status"": ""VALID""}",539.7010000000001,data/raw/tdc/clearance_hepatocyte_az.tab,CHEMBL1947155,C[C@@H](NCc1ccccc1-c1ccc(CCNC[C@H](O)c2ccc(O)c3[nH]c(=O)sc23)cc1)c1ccccc1,108.0,11,Clearance_Hepatocyte_AZ,915,,VALID,97.38,0
CHEMBL112,CC(=O)Nc1ccc(O)cc1,6.31,CC(=O)Nc1ccc(O)cc1,1.3505999999999998,0,0.125,1,2,2,"{""number"": ""6.31"", ""relation"": ""="", ""status"": ""VALID""}",151.165,data/raw/tdc/clearance_hepatocyte_az.tab,CHEMBL112,CC(=O)Nc1ccc(O)cc1,6.31,1,Clearance_Hepatocyte_AZ,916,,VALID,49.33,0
CHEMBL1345333,c1ccc(Nc2[nH]nnc2-c2ccccc2)cc1,111.0,c1ccc(Nc2[nH]nnc2-c2ccccc2)cc1,3.215300000000001,0,0.0,1,3,2,"{""number"": ""111.0"", ""relation"": ""="", ""status"": ""VALID""}",236.27800000000005,data/raw/tdc/clearance_hepatocyte_az.tab,CHEMBL1345333,c1ccc(Nc2[nH]nnc2-c2ccccc2)cc1,111.0,3,Clearance_Hepatocyte_AZ,917,,VALID,53.6,0
CHEMBL2107366,Cc1cccc([C@H](C)c2c[nH]c(=S)[nH]2)c1C,25.7,Cc1cccc([C@H](C)c2c[nH]c(=S)[nH]2)c1C,3.840930000000002,0,0.3076923076923077,1,1,2,"{""number"": ""25.7"", ""relation"": ""="", ""status"": ""VALID""}",232.35200000000003,data/raw/tdc/clearance_hepatocyte_az.tab,CHEMBL2107366,Cc1cccc([C@H](C)c2c[nH]c(=S)[nH]2)c1C,25.7,2,Clearance_Hepatocyte_AZ,918,,VALID,31.58,0
CHEMBL1921919,Cc1cc(CCC[N+]23CCC(CC2)[C@@H](OC(=O)[C@](C)(c2ccccc2)N2CCCCC2)C3)ccn1,36.08,Cc1cc(CCC[N+]23CCC(CC2)[C@@H](OC(=O)[C@](C)(c2ccccc2)N2CCCCC2)C3)ccn1,4.876120000000005,0,0.6,1,4,0,"{""number"": ""36.08"", ""relation"": ""="", ""status"": ""VALID""}",476.68500000000034,data/raw/tdc/clearance_hepatocyte_az.tab,CHEMBL1921919,Cc1cc(CCC[N+]23CCC(CC2)[C@@H](OC(=O)[C@](C)(c2ccccc2)N2CCCCC2)C3)ccn1,36.08,8,Clearance_Hepatocyte_AZ,919,,VALID,42.43,2
CHEMBL397230,Cc1ccc(-c2cc(C(F)(F)F)nn2-c2ccc([S+](C)[O-])cc2)cc1,14.79,Cc1ccc(-c2cc(C(F)(F)F)nn2-c2ccc([S+](C)[O-])cc2)cc1,4.603920000000003,0,0.16666666666666666,1,3,0,"{""number"": ""14.79"", ""relation"": ""="", ""status"": ""VALID""}",364.39200000000005,data/raw/tdc/clearance_hepatocyte_az.tab,CHEMBL397230,Cc1ccc(-c2cc(C(F)(F)F)nn2-c2ccc([S+](C)[O-])cc2)cc1,14.79,3,Clearance_Hepatocyte_AZ,920,,VALID,40.879999999999995,1
CHEMBL376488,COc1nc2ccc(Br)cc2cc1[C@@H](c1ccccc1)[C@@](O)(CCN(C)C)c1cccc2ccccc12,14.13,COc1nc2ccc(Br)cc2cc1[C@@H](c1ccccc1)[C@@](O)(CCN(C)C)c1cccc2ccccc12,7.1305000000000085,0,0.21875,1,4,1,"{""number"": ""14.13"", ""relation"": ""="", ""status"": ""VALID""}",555.5160000000003,data/raw/tdc/clearance_hepatocyte_az.tab,CHEMBL376488,COc1nc2ccc(Br)cc2cc1[C@@H](c1ccccc1)[C@@](O)(CCN(C)C)c1cccc2ccccc12,14.13,8,Clearance_Hepatocyte_AZ,921,,VALID,45.59,0
CHEMBL1241590,CS(=O)(=O)c1ccc([C@@H](O)[C@@H](CF)NC(=O)C(Cl)Cl)cc1,69.18,CS(=O)(=O)c1ccc([C@@H](O)[C@@H](CF)NC(=O)C(Cl)Cl)cc1,1.3815,0,0.4166666666666667,1,4,2,"{""number"": ""69.18"", ""relation"": ""="", ""status"": ""VALID""}",358.21799999999996,data/raw/tdc/clearance_hepatocyte_az.tab,CHEMBL1241590,CS(=O)(=O)c1ccc([C@@H](O)[C@@H](CF)NC(=O)C(Cl)Cl)cc1,69.18,6,Clearance_Hepatocyte_AZ,922,,VALID,83.47,0
CHEMBL1770298,Cc1ccc(C(NC(=O)c2ccccc2O)C(=O)Nc2c(C)cccc2C)s1,70.0,Cc1ccc(C(NC(=O)c2ccccc2O)C(=O)Nc2c(C)cccc2C)s1,4.488760000000004,0,0.18181818181818182,1,4,3,"{""number"": ""70.0"", ""relation"": ""="", ""status"": ""VALID""}",394.49600000000015,data/raw/tdc/clearance_hepatocyte_az.tab,CHEMBL1770298,Cc1ccc(C(NC(=O)c2ccccc2O)C(=O)Nc2c(C)cccc2C)s1,70.0,5,Clearance_Hepatocyte_AZ,923,,VALID,78.43,1
CHEMBL139,O=C(O)Cc1ccccc1Nc1c(Cl)cccc1Cl,80.0,O=C(O)Cc1ccccc1Nc1c(Cl)cccc1Cl,4.364100000000001,0,0.07142857142857142,1,2,2,"{""number"": ""80.0"", ""relation"": ""="", ""status"": ""VALID""}",296.153,data/raw/tdc/clearance_hepatocyte_az.tab,CHEMBL139,O=C(O)Cc1ccccc1Nc1c(Cl)cccc1Cl,80.0,4,Clearance_Hepatocyte_AZ,924,,VALID,49.33,0
CHEMBL2170837,CCn1c(C)c(C(=O)O)c(-c2cccc(N3CCN(c4ccc(NS(=O)(=O)c5ccc(N[C@H](CCN6CCC(O)CC6)CSc6ccccc6)c(S(=O)(=O)C(F)(F)F)c5)cc4)CC3)c2)c1-c1ccc(Cl)cc1,17.38,CCn1c(C)c(C(=O)O)c(-c2cccc(N3CCN(c4ccc(NS(=O)(=O)c5ccc(N[C@H](CCN6CCC(O)CC6)CSc6ccccc6)c(S(=O)(=O)C(F)(F)F)c5)cc4)CC3)c2)c1-c1ccc(Cl)cc1,10.342519999999995,0,0.3269230769230769,1,12,4,"{""number"": ""17.38"", ""relation"": ""="", ""status"": ""VALID""}",1065.703,data/raw/tdc/clearance_hepatocyte_az.tab,CHEMBL2170837,CCn1c(C)c(C(=O)O)c(-c2cccc(N3CCN(c4ccc(NS(=O)(=O)c5ccc(N[C@H](CCN6CCC(O)CC6)CSc6ccccc6)c(S(=O)(=O)C(F)(F)F)c5)cc4)CC3)c2)c1-c1ccc(Cl)cc1,17.38,18,Clearance_Hepatocyte_AZ,925,,VALID,164.51999999999998,0
CHEMBL1499,C[C@]12CC(=O)[C@H]3[C@@H](CCC4=CC(=O)CC[C@@]43C)[C@@H]1CC[C@]2(O)C(=O)CO,17.38,C[C@]12CCC(=O)C=C1CC[C@@H]1[C@@H]2C(=O)C[C@@]2(C)[C@H]1CC[C@]2(O)C(=O)CO,1.9898000000000002,0,0.7619047619047619,1,5,2,"{""number"": ""17.38"", ""relation"": ""="", ""status"": ""VALID""}",360.45000000000016,data/raw/tdc/clearance_hepatocyte_az.tab,CHEMBL1499,C[C@]12CC(=O)[C@H]3[C@@H](CCC4=CC(=O)CC[C@@]43C)[C@@H]1CC[C@]2(O)C(=O)CO,17.38,2,Clearance_Hepatocyte_AZ,926,,VALID,91.67,0
CHEMBL112273,Nc1ccc2c(-c3ccncc3)c(-c3ccc(F)cc3)[nH]c2n1,117.49,Nc1ccc2c(-c3ccncc3)c(-c3ccc(F)cc3)[nH]c2n1,4.013200000000002,0,0.0,1,3,2,"{""number"": ""117.49"", ""relation"": ""="", ""status"": ""VALID""}",304.328,data/raw/tdc/clearance_hepatocyte_az.tab,CHEMBL112273,Nc1ccc2c(-c3ccncc3)c(-c3ccc(F)cc3)[nH]c2n1,117.49,2,Clearance_Hepatocyte_AZ,927,,VALID,67.59,0
CHEMBL183630,Cc1ccc(NC(=O)c2cccc(N3CCOCC3)c2)cc1NC(=O)c1ccc(OCc2cscn2)cc1,20.0,Cc1ccc(NC(=O)c2cccc(N3CCOCC3)c2)cc1NC(=O)c1ccc(OCc2cscn2)cc1,5.371720000000004,0,0.20689655172413793,1,7,2,"{""number"": ""20.0"", ""relation"": ""="", ""status"": ""VALID""}",528.6340000000002,data/raw/tdc/clearance_hepatocyte_az.tab,CHEMBL183630,Cc1ccc(NC(=O)c2cccc(N3CCOCC3)c2)cc1NC(=O)c1ccc(OCc2cscn2)cc1,20.0,8,Clearance_Hepatocyte_AZ,928,,VALID,92.79000000000002,0
CHEMBL553,C#Cc1cccc(Nc2ncnc3cc(OCCOC)c(OCCOC)cc23)c1,7.41,C#Cc1cccc(Nc2ncnc3cc(OCCOC)c(OCCOC)cc23)c1,3.405100000000002,0,0.2727272727272727,1,7,1,"{""number"": ""7.41"", ""relation"": ""="", ""status"": ""VALID""}",393.4430000000002,data/raw/tdc/clearance_hepatocyte_az.tab,CHEMBL553,C#Cc1cccc(Nc2ncnc3cc(OCCOC)c(OCCOC)cc23)c1,7.41,10,Clearance_Hepatocyte_AZ,929,,VALID,74.73000000000002,0
CHEMBL500,CC(C)NCC(O)COc1cccc2[nH]ccc12,7.59,CC(C)NCC(O)COc1cccc2[nH]ccc12,1.9055999999999995,0,0.42857142857142855,1,3,3,"{""number"": ""7.59"", ""relation"": ""="", ""status"": ""VALID""}",248.32600000000002,data/raw/tdc/clearance_hepatocyte_az.tab,CHEMBL500,CC(C)NCC(O)COc1cccc2[nH]ccc12,7.59,6,Clearance_Hepatocyte_AZ,930,,VALID,57.279999999999994,1
CHEMBL1807825,CCOc1ccc(CCNCCCSCCNC[C@H](O)c2ccc(O)c3[nH]c(=O)sc23)cc1,8.0,CCOc1ccc(CCNCCCSCCNC[C@H](O)c2ccc(O)c3[nH]c(=O)sc23)cc1,3.272500000000001,0,0.4583333333333333,1,8,5,"{""number"": ""8.0"", ""relation"": ""="", ""status"": ""VALID""}",491.67900000000014,data/raw/tdc/clearance_hepatocyte_az.tab,CHEMBL1807825,CCOc1ccc(CCNCCCSCCNC[C@H](O)c2ccc(O)c3[nH]c(=O)sc23)cc1,8.0,15,Clearance_Hepatocyte_AZ,931,,VALID,106.60999999999999,0
CHEMBL1549615,COc1cc2cc(-c3ccc(O)cc3O)nc(C)c2cc1OC,150.0,COc1cc2cc(-c3ccc(O)cc3O)nc(C)c2cc1OC,3.638620000000002,0,0.16666666666666666,1,5,2,"{""number"": ""150.0"", ""relation"": ""="", ""status"": ""VALID""}",311.33700000000005,data/raw/tdc/clearance_hepatocyte_az.tab,CHEMBL1549615,COc1cc2cc(-c3ccc(O)cc3O)nc(C)c2cc1OC,150.0,3,Clearance_Hepatocyte_AZ,932,,VALID,71.81,0
CHEMBL106309,O=C(O)CCCCCCc1ccc(Cc2ccc3ccccc3n2)cc1,150.0,O=C(O)CCCCCCc1ccc(Cc2ccc3ccccc3n2)cc1,5.403200000000004,0,0.30434782608695654,1,2,1,"{""number"": ""150.0"", ""relation"": ""="", ""status"": ""VALID""}",347.458,data/raw/tdc/clearance_hepatocyte_az.tab,CHEMBL106309,O=C(O)CCCCCCc1ccc(Cc2ccc3ccccc3n2)cc1,150.0,9,Clearance_Hepatocyte_AZ,933,,VALID,50.19,0
CHEMBL1439884,CCCCn1c(SCC(=O)Nc2cc(C)on2)nnc1-c1ccco1,150.0,CCCCn1c(SCC(=O)Nc2cc(C)on2)nnc1-c1ccco1,3.365420000000001,0,0.375,1,8,1,"{""number"": ""150.0"", ""relation"": ""="", ""status"": ""VALID""}",361.4270000000001,data/raw/tdc/clearance_hepatocyte_az.tab,CHEMBL1439884,CCCCn1c(SCC(=O)Nc2cc(C)on2)nnc1-c1ccco1,150.0,8,Clearance_Hepatocyte_AZ,934,,VALID,98.98,0
CHEMBL2152917,CO[C@H]1CC[C@]2(CC1)Cc1ccc(OCC(C)C)cc1C21N=C(C)C(N)=N1,7.24,CO[C@H]1CC[C@]2(CC1)Cc1ccc(OCC(C)C)cc1C21N=C(C)C(N)=N1,3.8374000000000024,0,0.6363636363636364,1,5,1,"{""number"": ""7.24"", ""relation"": ""="", ""status"": ""VALID""}",369.5090000000001,data/raw/tdc/clearance_hepatocyte_az.tab,CHEMBL2152917,CO[C@H]1CC[C@]2(CC1)Cc1ccc(OCC(C)C)cc1C21N=C(C)C(N)=N1,7.24,4,Clearance_Hepatocyte_AZ,935,,VALID,69.2,1
CHEMBL397229,Cc1ccc(-c2cc(C(F)(F)F)nn2-c2ccc(C(=O)O)cc2)cc1,10.72,Cc1ccc(-c2cc(C(F)(F)F)nn2-c2ccc(C(=O)O)cc2)cc1,4.564720000000003,0,0.1111111111111111,1,3,1,"{""number"": ""10.72"", ""relation"": ""="", ""status"": ""VALID""}",346.30800000000005,data/raw/tdc/clearance_hepatocyte_az.tab,CHEMBL397229,Cc1ccc(-c2cc(C(F)(F)F)nn2-c2ccc(C(=O)O)cc2)cc1,10.72,3,Clearance_Hepatocyte_AZ,936,,VALID,55.120000000000005,0
CHEMBL399539,COC(=O)C1=C(C)NC(C)=C(C(=O)OC(C)C)[C@@H]1c1cccc2nonc12,150.0,COC(=O)C1=C(C)NC(C)=C(C(=O)OC(C)C)[C@@H]1c1cccc2nonc12,2.5822000000000003,0,0.3684210526315789,1,8,1,"{""number"": ""150.0"", ""relation"": ""="", ""status"": ""VALID""}",371.3930000000001,data/raw/tdc/clearance_hepatocyte_az.tab,CHEMBL399539,COC(=O)C1=C(C)NC(C)=C(C(=O)OC(C)C)[C@@H]1c1cccc2nonc12,150.0,4,Clearance_Hepatocyte_AZ,937,,VALID,103.55,0
CHEMBL11,CN(C)CCCN1c2ccccc2CCc2ccccc21,5.62,CN(C)CCCN1c2ccccc2CCc2ccccc21,3.8750000000000027,0,0.3684210526315789,1,2,0,"{""number"": ""5.62"", ""relation"": ""="", ""status"": ""VALID""}",280.415,data/raw/tdc/clearance_hepatocyte_az.tab,CHEMBL11,CN(C)CCCN1c2ccccc2CCc2ccccc21,5.62,4,Clearance_Hepatocyte_AZ,938,,VALID,6.48,0
CHEMBL141157,C#CC[C@@H](C(=O)N[C@H](/C=C/C(=O)OCC)C[C@@H]1CCNC1=O)n1cccc(NC(=O)c2cc(C)on2)c1=O,150.0,C#CC[C@@H](C(=O)N[C@H](/C=C/C(=O)OCC)C[C@@H]1CCNC1=O)n1cccc(NC(=O)c2cc(C)on2)c1=O,1.091720000000001,0,0.38461538461538464,1,9,3,"{""number"": ""150.0"", ""relation"": ""="", ""status"": ""VALID""}",523.5460000000002,data/raw/tdc/clearance_hepatocyte_az.tab,CHEMBL141157,C#CC[C@@H](C(=O)N[C@H](/C=C/C(=O)OCC)C[C@@H]1CCNC1=O)n1cccc(NC(=O)c2cc(C)on2)c1=O,150.0,11,Clearance_Hepatocyte_AZ,939,,VALID,161.63,0
CHEMBL457,Cc1ccc(C)c(OCCCC(C)(C)C(=O)O)c1,150.0,Cc1ccc(C)c(OCCCC(C)(C)C(=O)O)c1,3.573240000000002,0,0.5333333333333333,1,2,1,"{""number"": ""150.0"", ""relation"": ""="", ""status"": ""VALID""}",250.33799999999997,data/raw/tdc/clearance_hepatocyte_az.tab,CHEMBL457,Cc1ccc(C)c(OCCCC(C)(C)C(=O)O)c1,150.0,6,Clearance_Hepatocyte_AZ,940,,VALID,46.53,0
CHEMBL650,C[C@H]1C[C@H]2[C@@H]3CC[C@](O)(C(=O)CO)[C@@]3(C)C[C@H](O)[C@@H]2[C@@]2(C)C=CC(=O)C=C12,150.0,C[C@H]1C[C@@H]2[C@H]([C@@H](O)C[C@@]3(C)[C@H]2CC[C@]3(O)C(=O)CO)[C@@]2(C)C=CC(=O)C=C12,1.8036,0,0.7272727272727273,1,5,3,"{""number"": ""150.0"", ""relation"": ""="", ""status"": ""VALID""}",374.4770000000001,data/raw/tdc/clearance_hepatocyte_az.tab,CHEMBL650,C[C@H]1C[C@H]2[C@@H]3CC[C@](O)(C(=O)CO)[C@@]3(C)C[C@H](O)[C@@H]2[C@@]2(C)C=CC(=O)C=C12,150.0,2,Clearance_Hepatocyte_AZ,941,,VALID,94.83000000000001,0
CHEMBL1610669,CC(C)CCOc1ccc(N)cc1,150.0,CC(C)CCOc1ccc(N)cc1,2.6937000000000006,0,0.45454545454545453,1,2,1,"{""number"": ""150.0"", ""relation"": ""="", ""status"": ""VALID""}",179.26299999999998,data/raw/tdc/clearance_hepatocyte_az.tab,CHEMBL1610669,CC(C)CCOc1ccc(N)cc1,150.0,4,Clearance_Hepatocyte_AZ,942,,VALID,35.25,0
CHEMBL453,Cc1noc(NS(=O)(=O)c2ccc(N)cc2)c1C,3.0,Cc1noc(NS(=O)(=O)c2ccc(N)cc2)c1C,1.67444,0,0.18181818181818182,1,5,2,"{""number"": ""3.0"", ""relation"": ""="", ""status"": ""VALID""}",267.31,data/raw/tdc/clearance_hepatocyte_az.tab,CHEMBL453,Cc1noc(NS(=O)(=O)c2ccc(N)cc2)c1C,3.0,3,Clearance_Hepatocyte_AZ,943,,VALID,98.22,0
CHEMBL1290183,O=C(c1ccccc1)N1CCC2(CCN(Cc3cccc(Cl)c3)CC2)CC1,3.0,O=C(c1ccccc1)N1CCC2(CCN(Cc3cccc(Cl)c3)CC2)CC1,4.858400000000005,0,0.43478260869565216,1,2,0,"{""number"": ""3.0"", ""relation"": ""="", ""status"": ""VALID""}",382.9350000000002,data/raw/tdc/clearance_hepatocyte_az.tab,CHEMBL1290183,O=C(c1ccccc1)N1CCC2(CCN(Cc3cccc(Cl)c3)CC2)CC1,3.0,3,Clearance_Hepatocyte_AZ,944,,VALID,23.550000000000004,0
CHEMBL560423,O=C(NCC1(O)CCCCCC1)c1cc(-n2ncc(=O)[nH]c2=O)ccc1Cl,3.0,O=C(NCC1(O)CCCCCC1)c1cc(-n2ncc(=O)[nH]c2=O)ccc1Cl,1.3892999999999993,0,0.4444444444444444,1,6,3,"{""number"": ""3.0"", ""relation"": ""="", ""status"": ""VALID""}",392.8430000000001,data/raw/tdc/clearance_hepatocyte_az.tab,CHEMBL560423,O=C(NCC1(O)CCCCCC1)c1cc(-n2ncc(=O)[nH]c2=O)ccc1Cl,3.0,4,Clearance_Hepatocyte_AZ,945,,VALID,117.07999999999998,0
CHEMBL552513,O=C(Cc1ccc(F)c(C(F)(F)F)c1)Nc1cccc2c(=O)n([C@@H]3CNC[C@H]3O)ccc12,3.0,O=C(Cc1ccc(F)c(C(F)(F)F)c1)Nc1cccc2c(=O)n([C@@H]3CNC[C@H]3O)ccc12,2.8458000000000006,0,0.2727272727272727,1,5,3,"{""number"": ""3.0"", ""relation"": ""="", ""status"": ""VALID""}",449.40400000000017,data/raw/tdc/clearance_hepatocyte_az.tab,CHEMBL552513,O=C(Cc1ccc(F)c(C(F)(F)F)c1)Nc1cccc2c(=O)n([C@@H]3CNC[C@H]3O)ccc12,3.0,4,Clearance_Hepatocyte_AZ,946,,VALID,83.36,0
CHEMBL1257599,CNc1ncnc2c(CNc3cc(NC(=O)c4ccc5c(c4)OCCO5)ccc3C)cccc12,41.69,CNc1ncnc2c(CNc3cc(NC(=O)c4ccc5c(c4)OCCO5)ccc3C)cccc12,4.615520000000004,0,0.19230769230769232,1,7,3,"{""number"": ""41.69"", ""relation"": ""="", ""status"": ""VALID""}",455.51800000000026,data/raw/tdc/clearance_hepatocyte_az.tab,CHEMBL1257599,CNc1ncnc2c(CNc3cc(NC(=O)c4ccc5c(c4)OCCO5)ccc3C)cccc12,41.69,6,Clearance_Hepatocyte_AZ,947,,VALID,97.4,0
CHEMBL1957266,Cc1sc2c(c1C)C(c1ccc(Cl)cc1)=N[C@@H](CC(=O)OC(C)(C)C)c1nnc(C)n1-2,16.6,Cc1sc2c(c1C)C(c1ccc(Cl)cc1)=N[C@@H](CC(=O)OC(C)(C)C)c1nnc(C)n1-2,5.531360000000006,0,0.391304347826087,1,7,0,"{""number"": ""16.6"", ""relation"": ""="", ""status"": ""VALID""}",456.9990000000003,data/raw/tdc/clearance_hepatocyte_az.tab,CHEMBL1957266,Cc1sc2c(c1C)C(c1ccc(Cl)cc1)=N[C@@H](CC(=O)OC(C)(C)C)c1nnc(C)n1-2,16.6,3,Clearance_Hepatocyte_AZ,948,,VALID,69.37,0
CHEMBL2181753,CCN(Cc1cc(C(F)(F)F)ccc1-c1cc(CC(=O)O)ccc1OC)C(=O)NCc1ccccc1,18.2,CCN(Cc1cc(C(F)(F)F)ccc1-c1cc(CC(=O)O)ccc1OC)C(=O)NCc1ccccc1,5.739800000000004,0,0.25925925925925924,1,3,2,"{""number"": ""18.2"", ""relation"": ""="", ""status"": ""VALID""}",500.5170000000002,data/raw/tdc/clearance_hepatocyte_az.tab,CHEMBL2181753,CCN(Cc1cc(C(F)(F)F)ccc1-c1cc(CC(=O)O)ccc1OC)C(=O)NCc1ccccc1,18.2,9,Clearance_Hepatocyte_AZ,949,,VALID,78.87,0
CHEMBL2059909,CC(C)(C)NS(=O)(=O)c1cncc(-c2ccc3nc(N)nn3c2)c1,20.0,CC(C)(C)NS(=O)(=O)c1cncc(-c2ccc3nc(N)nn3c2)c1,1.4502999999999995,0,0.26666666666666666,1,7,2,"{""number"": ""20.0"", ""relation"": ""="", ""status"": ""VALID""}",346.41600000000005,data/raw/tdc/clearance_hepatocyte_az.tab,CHEMBL2059909,CC(C)(C)NS(=O)(=O)c1cncc(-c2ccc3nc(N)nn3c2)c1,20.0,3,Clearance_Hepatocyte_AZ,950,,VALID,115.27,0
CHEMBL1782167,Cc1ccc(C(=O)NC2CC2)cc1-c1ccc(C(=O)NCC2CC2)nc1,21.0,Cc1ccc(C(=O)NC2CC2)cc1-c1ccc(C(=O)NCC2CC2)nc1,3.0890200000000014,0,0.38095238095238093,1,3,2,"{""number"": ""21.0"", ""relation"": ""="", ""status"": ""VALID""}",349.4340000000001,data/raw/tdc/clearance_hepatocyte_az.tab,CHEMBL1782167,Cc1ccc(C(=O)NC2CC2)cc1-c1ccc(C(=O)NCC2CC2)nc1,21.0,6,Clearance_Hepatocyte_AZ,951,,VALID,71.09,0
CHEMBL1628691,Clc1cccc(-n2nnnc2NCc2ccccc2Oc2ccccn2)c1Cl,150.0,Clc1cccc(-n2nnnc2NCc2ccccc2Oc2ccccn2)c1Cl,4.768500000000002,0,0.05263157894736842,1,7,1,"{""number"": ""150.0"", ""relation"": ""="", ""status"": ""VALID""}",413.26800000000014,data/raw/tdc/clearance_hepatocyte_az.tab,CHEMBL1628691,Clc1cccc(-n2nnnc2NCc2ccccc2Oc2ccccn2)c1Cl,150.0,6,Clearance_Hepatocyte_AZ,952,,VALID,77.75,0
CHEMBL240317,O=C(c1ccccc1)N1CCN(Cc2ccccc2)CC1,150.0,O=C(c1ccccc1)N1CCN(Cc2ccccc2)CC1,2.6446000000000014,0,0.2777777777777778,1,2,0,"{""number"": ""150.0"", ""relation"": ""="", ""status"": ""VALID""}",280.37100000000004,data/raw/tdc/clearance_hepatocyte_az.tab,CHEMBL240317,O=C(c1ccccc1)N1CCN(Cc2ccccc2)CC1,150.0,3,Clearance_Hepatocyte_AZ,953,,VALID,23.550000000000004,0
CHEMBL2035029,NC1(c2ccc(-c3ncc4cnccc4c3-c3ccccc3)cc2)CCC1,150.0,NC1(c2ccc(-c3ncc4cnccc4c3-c3ccccc3)cc2)CCC1,5.301700000000003,0,0.16666666666666666,1,3,1,"{""number"": ""150.0"", ""relation"": ""="", ""status"": ""VALID""}",351.45300000000015,data/raw/tdc/clearance_hepatocyte_az.tab,CHEMBL2035029,NC1(c2ccc(-c3ncc4cnccc4c3-c3ccccc3)cc2)CCC1,150.0,3,Clearance_Hepatocyte_AZ,954,,VALID,51.8,0
CHEMBL2035025,NC1(c2ccc(-c3ncc4nccn4c3-c3ccccc3)cc2)CCC1,16.22,NC1(c2ccc(-c3ncc4nccn4c3-c3ccccc3)cc2)CCC1,4.401200000000003,0,0.18181818181818182,1,4,1,"{""number"": ""16.22"", ""relation"": ""="", ""status"": ""VALID""}",340.4300000000002,data/raw/tdc/clearance_hepatocyte_az.tab,CHEMBL2035025,NC1(c2ccc(-c3ncc4nccn4c3-c3ccccc3)cc2)CCC1,16.22,3,Clearance_Hepatocyte_AZ,955,,VALID,56.209999999999994,0
CHEMBL320714,Oc1nc2c(O)ccc(CCNCCCCCCOCCc3ccccc3)c2s1,88.0,Oc1nc2c(O)ccc(CCNCCCCCCOCCc3ccccc3)c2s1,4.659300000000004,0,0.43478260869565216,1,6,3,"{""number"": ""88.0"", ""relation"": ""="", ""status"": ""VALID""}",414.5710000000001,data/raw/tdc/clearance_hepatocyte_az.tab,CHEMBL320714,Oc1nc2c(O)ccc(CCNCCCCCCOCCc3ccccc3)c2s1,88.0,13,Clearance_Hepatocyte_AZ,956,,VALID,74.61000000000001,0
CHEMBL841,CN(C)C(=O)C(CCN1CCC(O)(c2ccc(Cl)cc2)CC1)(c1ccccc1)c1ccccc1,91.2,CN(C)C(=O)C(CCN1CCC(O)(c2ccc(Cl)cc2)CC1)(c1ccccc1)c1ccccc1,5.088000000000005,0,0.3448275862068966,1,3,1,"{""number"": ""91.2"", ""relation"": ""="", ""status"": ""VALID""}",477.0480000000002,data/raw/tdc/clearance_hepatocyte_az.tab,CHEMBL841,CN(C)C(=O)C(CCN1CCC(O)(c2ccc(Cl)cc2)CC1)(c1ccccc1)c1ccccc1,91.2,7,Clearance_Hepatocyte_AZ,957,,VALID,43.78,0
CHEMBL1916284,Cc1ccc(S(=O)(=O)Nc2c(C(=O)N[C@@H](C)C(C)(C)C)c(C(F)(F)F)nn2-c2ccccc2)cc1,18.84,Cc1ccc(S(=O)(=O)Nc2c(C(=O)N[C@@H](C)C(C)(C)C)c(C(F)(F)F)nn2-c2ccccc2)cc1,5.164720000000004,0,0.3333333333333333,1,5,2,"{""number"": ""18.84"", ""relation"": ""="", ""status"": ""VALID""}",508.56600000000014,data/raw/tdc/clearance_hepatocyte_az.tab,CHEMBL1916284,Cc1ccc(S(=O)(=O)Nc2c(C(=O)N[C@@H](C)C(C)(C)C)c(C(F)(F)F)nn2-c2ccccc2)cc1,18.84,6,Clearance_Hepatocyte_AZ,958,,VALID,93.09,0
CHEMBL232846,C[C@H](CO)Nc1nc(SCc2ccccc2F)nc2nc(N)sc12,19.0,C[C@H](CO)Nc1nc(SCc2ccccc2F)nc2nc(N)sc12,2.8926,0,0.26666666666666666,1,8,3,"{""number"": ""19.0"", ""relation"": ""="", ""status"": ""VALID""}",365.45900000000006,data/raw/tdc/clearance_hepatocyte_az.tab,CHEMBL232846,C[C@H](CO)Nc1nc(SCc2ccccc2F)nc2nc(N)sc12,19.0,6,Clearance_Hepatocyte_AZ,959,,VALID,96.95,0
CHEMBL1689125,C[C@H]1CN(Cc2cc(Cl)ccc2OCC(=O)O)C[C@@H](C)N1C(=O)Cc1ccccc1,20.0,C[C@@H]1CN(Cc2cc(Cl)ccc2OCC(=O)O)C[C@H](C)N1C(=O)Cc1ccccc1,3.4673000000000025,0,0.391304347826087,1,4,1,"{""number"": ""20.0"", ""relation"": ""="", ""status"": ""VALID""}",430.9320000000002,data/raw/tdc/clearance_hepatocyte_az.tab,CHEMBL1689125,C[C@H]1CN(Cc2cc(Cl)ccc2OCC(=O)O)C[C@@H](C)N1C(=O)Cc1ccccc1,20.0,7,Clearance_Hepatocyte_AZ,960,,VALID,70.08,0
CHEMBL1921944,C[C@@](C(=O)O[C@H]1C[N+]2(CC(=O)Nc3cccc(F)c3)CCC1CC2)(c1ccccc1)N1CCCCC1,67.0,C[C@@](C(=O)O[C@H]1C[N+]2(CC(=O)Nc3cccc(F)c3)CCC1CC2)(c1ccccc1)N1CCCCC1,4.317700000000004,0,0.5172413793103449,1,4,1,"{""number"": ""67.0"", ""relation"": ""="", ""status"": ""VALID""}",494.6310000000005,data/raw/tdc/clearance_hepatocyte_az.tab,CHEMBL1921944,C[C@@](C(=O)O[C@H]1C[N+]2(CC(=O)Nc3cccc(F)c3)CCC1CC2)(c1ccccc1)N1CCCCC1,67.0,7,Clearance_Hepatocyte_AZ,961,,VALID,58.64000000000001,2
CHEMBL110861,Oc1nc2c(O)ccc(CCNCCOCCCOCCc3ccccc3)c2s1,150.0,Oc1nc2c(O)ccc(CCNCCOCCCOCCc3ccccc3)c2s1,3.505600000000003,0,0.4090909090909091,1,7,3,"{""number"": ""150.0"", ""relation"": ""="", ""status"": ""VALID""}",416.54300000000006,data/raw/tdc/clearance_hepatocyte_az.tab,CHEMBL110861,Oc1nc2c(O)ccc(CCNCCOCCCOCCc3ccccc3)c2s1,150.0,13,Clearance_Hepatocyte_AZ,962,,VALID,83.84000000000002,0
CHEMBL472658,O=C(c1ccc(O)cc1O)N1CCCC1,150.0,O=C(c1ccc(O)cc1O)N1CCCC1,1.3337999999999999,0,0.36363636363636365,1,3,2,"{""number"": ""150.0"", ""relation"": ""="", ""status"": ""VALID""}",207.22899999999993,data/raw/tdc/clearance_hepatocyte_az.tab,CHEMBL472658,O=C(c1ccc(O)cc1O)N1CCCC1,150.0,1,Clearance_Hepatocyte_AZ,963,,VALID,60.77,0
CHEMBL1644374,c1ccc(Oc2nccc3ccccc23)cc1,150.0,c1ccc(Oc2nccc3ccccc23)cc1,4.027100000000002,0,0.0,1,2,0,"{""number"": ""150.0"", ""relation"": ""="", ""status"": ""VALID""}",221.25900000000001,data/raw/tdc/clearance_hepatocyte_az.tab,CHEMBL1644374,c1ccc(Oc2nccc3ccccc23)cc1,150.0,2,Clearance_Hepatocyte_AZ,964,,VALID,22.12,0
CHEMBL1473,CCC(=O)O[C@]1(C(=O)SCF)[C@H](C)C[C@H]2[C@@H]3C[C@H](F)C4=CC(=O)C=C[C@]4(C)[C@@]3(F)[C@@H](O)C[C@@]21C,150.0,CCC(=O)O[C@]1(C(=O)SCF)[C@H](C)C[C@H]2[C@@H]3C[C@H](F)C4=CC(=O)C=C[C@]4(C)[C@@]3(F)[C@@H](O)C[C@@]21C,4.430000000000004,0,0.72,1,6,1,"{""number"": ""150.0"", ""relation"": ""="", ""status"": ""VALID""}",500.57900000000024,data/raw/tdc/clearance_hepatocyte_az.tab,CHEMBL1473,CCC(=O)O[C@]1(C(=O)SCF)[C@H](C)C[C@H]2[C@@H]3C[C@H](F)C4=CC(=O)C=C[C@]4(C)[C@@]3(F)[C@@H](O)C[C@@]21C,150.0,4,Clearance_Hepatocyte_AZ,965,,VALID,80.67,0
CHEMBL2089276,Cc1ccc(-c2cccc(-c3nn[nH]n3)c2)cc1,52.48,Cc1ccc(-c2cccc(-c3nn[nH]n3)c2)cc1,2.8421200000000004,0,0.07142857142857142,1,3,1,"{""number"": ""52.48"", ""relation"": ""="", ""status"": ""VALID""}",236.27800000000002,data/raw/tdc/clearance_hepatocyte_az.tab,CHEMBL2089276,Cc1ccc(-c2cccc(-c3nn[nH]n3)c2)cc1,52.48,2,Clearance_Hepatocyte_AZ,966,,VALID,54.46,0
CHEMBL2216839,C[C@H]1CN(Cc2nnc(-c3cc(-c4cccc5[nH]ccc45)cc4[nH]ncc34)o2)C[C@@H](C)O1,54.95,C[C@@H]1CN(Cc2nnc(-c3cc(-c4cccc5[nH]ccc45)cc4[nH]ncc34)o2)C[C@H](C)O1,4.370400000000003,0,0.2916666666666667,1,6,2,"{""number"": ""54.95"", ""relation"": ""="", ""status"": ""VALID""}",428.4960000000002,data/raw/tdc/clearance_hepatocyte_az.tab,CHEMBL2216839,C[C@H]1CN(Cc2nnc(-c3cc(-c4cccc5[nH]ccc45)cc4[nH]ncc34)o2)C[C@@H](C)O1,54.95,4,Clearance_Hepatocyte_AZ,967,,VALID,95.86000000000001,0
CHEMBL560241,Cc1cc(-c2ccc(Cl)c(C(=O)NCC3(O)CCCCCC3)c2)n[nH]1,57.0,Cc1cc(-c2ccc(Cl)c(C(=O)NCC3(O)CCCCCC3)c2)n[nH]1,3.853620000000002,0,0.47368421052631576,1,3,3,"{""number"": ""57.0"", ""relation"": ""="", ""status"": ""VALID""}",361.87300000000016,data/raw/tdc/clearance_hepatocyte_az.tab,CHEMBL560241,Cc1cc(-c2ccc(Cl)c(C(=O)NCC3(O)CCCCCC3)c2)n[nH]1,57.0,4,Clearance_Hepatocyte_AZ,968,,VALID,78.00999999999999,0
CHEMBL1984039,Cc1nn(C)c(C)c1-c1cccc2c(CCCOc3cccc4ccccc34)c(C(=O)O)[nH]c12,61.66,Cc1nn(C)c(C)c1-c1cccc2c(CCCOc3cccc4ccccc34)c(C(=O)O)[nH]c12,6.048240000000005,0,0.21428571428571427,1,4,2,"{""number"": ""61.66"", ""relation"": ""="", ""status"": ""VALID""}",453.5420000000001,data/raw/tdc/clearance_hepatocyte_az.tab,CHEMBL1984039,Cc1nn(C)c(C)c1-c1cccc2c(CCCOc3cccc4ccccc34)c(C(=O)O)[nH]c12,61.66,7,Clearance_Hepatocyte_AZ,969,,VALID,80.14000000000001,0
CHEMBL1916283,Cc1ccc(S(=O)(=O)Nc2c(C(=O)N[C@H](C)C(C)(C)C)c(C)nn2-c2ccccc2)cc1,8.0,Cc1ccc(S(=O)(=O)Nc2c(C(=O)N[C@H](C)C(C)(C)C)c(C)nn2-c2ccccc2)cc1,4.454340000000004,0,0.3333333333333333,1,5,2,"{""number"": ""8.0"", ""relation"": ""="", ""status"": ""VALID""}",454.5960000000002,data/raw/tdc/clearance_hepatocyte_az.tab,CHEMBL1916283,Cc1ccc(S(=O)(=O)Nc2c(C(=O)N[C@H](C)C(C)(C)C)c(C)nn2-c2ccccc2)cc1,8.0,6,Clearance_Hepatocyte_AZ,970,,VALID,93.09,0
CHEMBL380947,CC(C)(CO)Nc1nc(SCc2cccc(F)c2F)nc2nc(N)sc12,5.88,CC(C)(CO)Nc1nc(SCc2cccc(F)c2F)nc2nc(N)sc12,3.421800000000001,0,0.3125,1,8,3,"{""number"": ""5.88"", ""relation"": ""="", ""status"": ""VALID""}",397.4760000000001,data/raw/tdc/clearance_hepatocyte_az.tab,CHEMBL380947,CC(C)(CO)Nc1nc(SCc2cccc(F)c2F)nc2nc(N)sc12,5.88,6,Clearance_Hepatocyte_AZ,971,,VALID,96.95,0
CHEMBL397237,C[C@H](CO)Nc1nc(SCc2cccc(F)c2F)nc2nc(N)sc12,7.59,C[C@H](CO)Nc1nc(SCc2cccc(F)c2F)nc2nc(N)sc12,3.0317000000000007,0,0.26666666666666666,1,8,3,"{""number"": ""7.59"", ""relation"": ""="", ""status"": ""VALID""}",383.44900000000007,data/raw/tdc/clearance_hepatocyte_az.tab,CHEMBL397237,C[C@H](CO)Nc1nc(SCc2cccc(F)c2F)nc2nc(N)sc12,7.59,6,Clearance_Hepatocyte_AZ,972,,VALID,96.95,0
CHEMBL277474,Cc1cc(=O)n(-c2ccccc2)n1C,4.47,Cc1cc(=O)n(-c2ccccc2)n1C,1.4844199999999999,0,0.18181818181818182,1,3,0,"{""number"": ""4.47"", ""relation"": ""="", ""status"": ""VALID""}",188.23000000000002,data/raw/tdc/clearance_hepatocyte_az.tab,CHEMBL277474,Cc1cc(=O)n(-c2ccccc2)n1C,4.47,1,Clearance_Hepatocyte_AZ,973,,VALID,26.93,0
CHEMBL1235773,COc1ccc2ncc(C#N)c(CCN3CCC(NCc4cc5c(cn4)OCS5)CC3)c2c1,72.44,COc1ccc2ncc(C#N)c(CCN3CCC(NCc4cc5c(cn4)OCS5)CC3)c2c1,3.7487800000000027,0,0.4,1,8,1,"{""number"": ""72.44"", ""relation"": ""="", ""status"": ""VALID""}",461.5910000000003,data/raw/tdc/clearance_hepatocyte_az.tab,CHEMBL1235773,COc1ccc2ncc(C#N)c(CCN3CCC(NCc4cc5c(cn4)OCS5)CC3)c2c1,72.44,7,Clearance_Hepatocyte_AZ,974,,VALID,83.3,0
CHEMBL833,Clc1ccccc1CN1CCc2sccc2C1,150.0,Clc1ccccc1CN1CCc2sccc2C1,3.959800000000002,0,0.2857142857142857,1,2,0,"{""number"": ""150.0"", ""relation"": ""="", ""status"": ""VALID""}",263.793,data/raw/tdc/clearance_hepatocyte_az.tab,CHEMBL833,Clc1ccccc1CN1CCc2sccc2C1,150.0,2,Clearance_Hepatocyte_AZ,975,,VALID,3.24,0
CHEMBL2097971,COc1ccc2nc(C)cc(OCC(=O)Nc3ccccc3OC)c2c1,150.0,COc1ccc2nc(C)cc(OCC(=O)Nc3ccccc3OC)c2c1,3.5779200000000024,0,0.2,1,5,1,"{""number"": ""150.0"", ""relation"": ""="", ""status"": ""VALID""}",352.3900000000001,data/raw/tdc/clearance_hepatocyte_az.tab,CHEMBL2097971,COc1ccc2nc(C)cc(OCC(=O)Nc3ccccc3OC)c2c1,150.0,6,Clearance_Hepatocyte_AZ,976,,VALID,69.68,0
CHEMBL2048865,N[C@@H]1CCCN(c2ccccc2/C=C2\SC(=O)NC2=O)C1,5.13,N[C@@H]1CCCN(c2ccccc2/C=C2\SC(=O)NC2=O)C1,1.9380000000000002,0,0.3333333333333333,1,5,2,"{""number"": ""5.13"", ""relation"": ""="", ""status"": ""VALID""}",303.38700000000006,data/raw/tdc/clearance_hepatocyte_az.tab,CHEMBL2048865,N[C@@H]1CCCN(c2ccccc2/C=C2\SC(=O)NC2=O)C1,5.13,2,Clearance_Hepatocyte_AZ,977,,VALID,75.43,0
CHEMBL2179275,Cc1cn([C@H]2CCCN([C@H](CC(C)C)c3ccc(C(=O)O)c(Oc4cccc(Cl)c4)c3)C2)c(=O)[nH]c1=O,9.12,Cc1cn([C@H]2CCCN([C@H](CC(C)C)c3ccc(C(=O)O)c(Oc4cccc(Cl)c4)c3)C2)c(=O)[nH]c1=O,5.413220000000004,0,0.39285714285714285,1,6,2,"{""number"": ""9.12"", ""relation"": ""="", ""status"": ""VALID""}",526.0330000000002,data/raw/tdc/clearance_hepatocyte_az.tab,CHEMBL2179275,Cc1cn([C@H]2CCCN([C@H](CC(C)C)c3ccc(C(=O)O)c(Oc4cccc(Cl)c4)c3)C2)c(=O)[nH]c1=O,9.12,8,Clearance_Hepatocyte_AZ,978,,VALID,104.63,0
CHEMBL1605684,CC(=O)c1cn(Cc2ccccc2)c(=O)n(Cc2ccc(F)cc2)c1=O,150.0,CC(=O)c1cn(Cc2ccccc2)c(=O)n(Cc2ccc(F)cc2)c1=O,2.4483000000000006,0,0.15,1,5,0,"{""number"": ""150.0"", ""relation"": ""="", ""status"": ""VALID""}",352.36500000000007,data/raw/tdc/clearance_hepatocyte_az.tab,CHEMBL1605684,CC(=O)c1cn(Cc2ccccc2)c(=O)n(Cc2ccc(F)cc2)c1=O,150.0,5,Clearance_Hepatocyte_AZ,979,,VALID,61.07,0
CHEMBL2348645,CNc1nc(C)c(-c2nc(Nc3cccc(N4CCCCC4)c3)ncc2C#N)s1,150.0,CNc1nc(C)c(-c2nc(Nc3cccc(N4CCCCC4)c3)ncc2C#N)s1,4.555800000000004,0,0.3333333333333333,1,8,2,"{""number"": ""150.0"", ""relation"": ""="", ""status"": ""VALID""}",405.5310000000002,data/raw/tdc/clearance_hepatocyte_az.tab,CHEMBL2348645,CNc1nc(C)c(-c2nc(Nc3cccc(N4CCCCC4)c3)ncc2C#N)s1,150.0,5,Clearance_Hepatocyte_AZ,980,,VALID,89.75999999999999,0
CHEMBL2323231,O=C(CSc1nc2c(c(=O)n1-c1ccccc1)SCC2)Nc1ccc(-c2ccccc2)cn1,150.0,O=C(CSc1nc2c(c(=O)n1-c1ccccc1)SCC2)Nc1ccc(-c2ccccc2)cn1,4.673500000000003,0,0.12,1,7,1,"{""number"": ""150.0"", ""relation"": ""="", ""status"": ""VALID""}",472.5950000000002,data/raw/tdc/clearance_hepatocyte_az.tab,CHEMBL2323231,O=C(CSc1nc2c(c(=O)n1-c1ccccc1)SCC2)Nc1ccc(-c2ccccc2)cn1,150.0,6,Clearance_Hepatocyte_AZ,981,,VALID,76.88,0
CHEMBL12610,CN(C)CCCOc1nn(Cc2ccccc2)c2ccccc12,150.0,CN(C)CCCOc1nn(Cc2ccccc2)c2ccccc12,3.4151000000000016,0,0.3157894736842105,1,4,0,"{""number"": ""150.0"", ""relation"": ""="", ""status"": ""VALID""}",309.413,data/raw/tdc/clearance_hepatocyte_az.tab,CHEMBL12610,CN(C)CCCOc1nn(Cc2ccccc2)c2ccccc12,150.0,7,Clearance_Hepatocyte_AZ,982,,VALID,30.29,0
CHEMBL511782,COc1ccc(N(C(=O)c2ccccc2)C(C(=O)NC[C@@H](C)O)c2ccccc2F)c(OC)c1,150.0,COc1ccc(N(C(=O)c2ccccc2)C(C(=O)NC[C@@H](C)O)c2ccccc2F)c(OC)c1,3.7280000000000024,0,0.23076923076923078,1,5,2,"{""number"": ""150.0"", ""relation"": ""="", ""status"": ""VALID""}",466.50900000000024,data/raw/tdc/clearance_hepatocyte_az.tab,CHEMBL511782,COc1ccc(N(C(=O)c2ccccc2)C(C(=O)NC[C@@H](C)O)c2ccccc2F)c(OC)c1,150.0,9,Clearance_Hepatocyte_AZ,983,,VALID,88.10000000000001,1
CHEMBL569185,COc1ccc(CCN2C(=O)N(NS(C)(=O)=O)C[C@H]2c2ccc(OC)cc2)cc1,21.88,COc1ccc(CCN2C(=O)N(NS(C)(=O)=O)C[C@H]2c2ccc(OC)cc2)cc1,2.1894,0,0.35,1,5,1,"{""number"": ""21.88"", ""relation"": ""="", ""status"": ""VALID""}",419.5030000000002,data/raw/tdc/clearance_hepatocyte_az.tab,CHEMBL569185,COc1ccc(CCN2C(=O)N(NS(C)(=O)=O)C[C@H]2c2ccc(OC)cc2)cc1,21.88,8,Clearance_Hepatocyte_AZ,984,,VALID,88.18,0
CHEMBL2089277,N#Cc1cccc(-c2cccc(C(=O)O)c2)c1,8.13,N#Cc1cccc(-c2cccc(C(=O)O)c2)c1,2.9234800000000005,0,0.0,1,2,1,"{""number"": ""8.13"", ""relation"": ""="", ""status"": ""VALID""}",223.23099999999997,data/raw/tdc/clearance_hepatocyte_az.tab,CHEMBL2089277,N#Cc1cccc(-c2cccc(C(=O)O)c2)c1,8.13,2,Clearance_Hepatocyte_AZ,985,,VALID,61.09,0
CHEMBL1922660,CCOc1ccc(-c2ccc(Cn3c(CC(C)(C)C(=O)O)c(SC(C)(C)C)c4cc(OCc5ccc(C)cn5)ccc43)cc2)cn1,6.92,CCOc1ccc(-c2ccc(Cn3c(CC(C)(C)C(=O)O)c(SC(C)(C)C)c4cc(OCc5ccc(C)cn5)ccc43)cc2)cn1,8.976620000000002,0,0.34210526315789475,1,7,1,"{""number"": ""6.92"", ""relation"": ""="", ""status"": ""VALID""}",637.8460000000001,data/raw/tdc/clearance_hepatocyte_az.tab,CHEMBL1922660,CCOc1ccc(-c2ccc(Cn3c(CC(C)(C)C(=O)O)c(SC(C)(C)C)c4cc(OCc5ccc(C)cn5)ccc43)cc2)cn1,6.92,12,Clearance_Hepatocyte_AZ,986,,VALID,86.47,0
CHEMBL560993,Cc1c(Cc2ccc3ccccc3n2)c2cc(F)ccc2n1CC(=O)O,10.0,Cc1c(Cc2ccc3ccccc3n2)c2cc(F)ccc2n1CC(=O)O,4.312420000000003,0,0.14285714285714285,1,3,1,"{""number"": ""10.0"", ""relation"": ""="", ""status"": ""VALID""}",348.3770000000001,data/raw/tdc/clearance_hepatocyte_az.tab,CHEMBL560993,Cc1c(Cc2ccc3ccccc3n2)c2cc(F)ccc2n1CC(=O)O,10.0,4,Clearance_Hepatocyte_AZ,987,,VALID,55.120000000000005,0
CHEMBL72,CNCCCN1c2ccccc2CCc2ccccc21,150.0,CNCCCN1c2ccccc2CCc2ccccc21,3.5328000000000026,0,0.3333333333333333,1,2,1,"{""number"": ""150.0"", ""relation"": ""="", ""status"": ""VALID""}",266.388,data/raw/tdc/clearance_hepatocyte_az.tab,CHEMBL72,CNCCCN1c2ccccc2CCc2ccccc21,150.0,4,Clearance_Hepatocyte_AZ,988,,VALID,15.27,0
CHEMBL2164850,O=C(Nc1cc(-c2ccncc2)c[nH]c1=O)[C@H](Cc1ccccc1)NC1(c2ccccn2)CC1,150.0,O=C(Nc1cc(-c2ccncc2)c[nH]c1=O)[C@H](Cc1ccccc1)NC1(c2ccccn2)CC1,3.6606000000000023,0,0.18518518518518517,1,5,3,"{""number"": ""150.0"", ""relation"": ""="", ""status"": ""VALID""}",451.53000000000014,data/raw/tdc/clearance_hepatocyte_az.tab,CHEMBL2164850,O=C(Nc1cc(-c2ccncc2)c[nH]c1=O)[C@H](Cc1ccccc1)NC1(c2ccccn2)CC1,150.0,8,Clearance_Hepatocyte_AZ,989,,VALID,99.77,0
CHEMBL1801962,COc1ccccc1C(=O)/C=C/c1ccccc1C(F)(F)F,150.0,COc1ccccc1C(=O)/C=C/c1ccccc1C(F)(F)F,4.610100000000002,0,0.11764705882352941,1,2,0,"{""number"": ""150.0"", ""relation"": ""="", ""status"": ""VALID""}",306.28299999999996,data/raw/tdc/clearance_hepatocyte_az.tab,CHEMBL1801962,COc1ccccc1C(=O)/C=C/c1ccccc1C(F)(F)F,150.0,4,Clearance_Hepatocyte_AZ,990,,VALID,26.3,0
CHEMBL472455,COc1ccc(N(C(=O)c2ccco2)C(C(=O)NC2CCCC2)c2ccccc2F)c(OC)c1,150.0,COc1ccc(N(C(=O)c2ccco2)C(C(=O)NC2CCCC2)c2ccccc2F)c(OC)c1,4.882800000000004,0,0.3076923076923077,1,5,1,"{""number"": ""150.0"", ""relation"": ""="", ""status"": ""VALID""}",466.5090000000003,data/raw/tdc/clearance_hepatocyte_az.tab,CHEMBL472455,COc1ccc(N(C(=O)c2ccco2)C(C(=O)NC2CCCC2)c2ccccc2F)c(OC)c1,150.0,8,Clearance_Hepatocyte_AZ,991,,VALID,81.01,1
CHEMBL46740,Cc1c(-c2ccc(O)cc2)n(Cc2ccc(OCCN3CCCCCC3)cc2)c2ccc(O)cc12,35.48,Cc1c(-c2ccc(O)cc2)n(Cc2ccc(OCCN3CCCCCC3)cc2)c2ccc(O)cc12,6.331020000000006,0,0.3333333333333333,1,5,2,"{""number"": ""35.48"", ""relation"": ""="", ""status"": ""VALID""}",470.6130000000003,data/raw/tdc/clearance_hepatocyte_az.tab,CHEMBL46740,Cc1c(-c2ccc(O)cc2)n(Cc2ccc(OCCN3CCCCCC3)cc2)c2ccc(O)cc12,35.48,7,Clearance_Hepatocyte_AZ,992,,VALID,57.86,0
CHEMBL1672434,C[C@H]1C[C@@H](NS(=O)(=O)c2cc(Br)ccc2Br)CN1C#N,39.0,C[C@H]1C[C@@H](NS(=O)(=O)c2cc(Br)ccc2Br)CN1C#N,2.4337800000000005,0,0.4166666666666667,1,4,1,"{""number"": ""39.0"", ""relation"": ""="", ""status"": ""VALID""}",423.13000000000005,data/raw/tdc/clearance_hepatocyte_az.tab,CHEMBL1672434,C[C@H]1C[C@@H](NS(=O)(=O)c2cc(Br)ccc2Br)CN1C#N,39.0,3,Clearance_Hepatocyte_AZ,993,,VALID,73.2,0
CHEMBL2158793,Cc1cc(F)ccc1OC1CCN(CC2CCN([C@@](C)(Cc3ccc(F)cc3)C(=O)O)CC2)CC1,3.0,Cc1cc(F)ccc1OC1CCN(CC2CCN([C@@](C)(Cc3ccc(F)cc3)C(=O)O)CC2)CC1,4.914420000000004,0,0.5357142857142857,1,4,1,"{""number"": ""3.0"", ""relation"": ""="", ""status"": ""VALID""}",486.6030000000003,data/raw/tdc/clearance_hepatocyte_az.tab,CHEMBL2158793,Cc1cc(F)ccc1OC1CCN(CC2CCN([C@@](C)(Cc3ccc(F)cc3)C(=O)O)CC2)CC1,3.0,8,Clearance_Hepatocyte_AZ,994,,VALID,53.010000000000005,0
CHEMBL2017974,Nc1cc(C(F)(F)F)c(-c2cc(N3CCOCC3)nc(N3CCOCC3)n2)cn1,3.0,Nc1cc(C(F)(F)F)c(-c2cc(N3CCOCC3)nc(N3CCOCC3)n2)cn1,1.8128000000000002,0,0.5,1,8,1,"{""number"": ""3.0"", ""relation"": ""="", ""status"": ""VALID""}",410.4000000000002,data/raw/tdc/clearance_hepatocyte_az.tab,CHEMBL2017974,Nc1cc(C(F)(F)F)c(-c2cc(N3CCOCC3)nc(N3CCOCC3)n2)cn1,3.0,3,Clearance_Hepatocyte_AZ,995,,VALID,89.63,0
CHEMBL2172005,COc1ccc(N2CCN(C(=O)[C@@H]3CCCC[C@H]3C(=O)NC3(C#N)CC3)[C@H](C)C2)cc1OC,3.0,COc1ccc(N2CCN(C(=O)[C@@H]3CCCC[C@H]3C(=O)NC3(C#N)CC3)[C@H](C)C2)cc1OC,2.7196800000000003,0,0.64,1,6,1,"{""number"": ""3.0"", ""relation"": ""="", ""status"": ""VALID""}",454.57100000000025,data/raw/tdc/clearance_hepatocyte_az.tab,CHEMBL2172005,COc1ccc(N2CCN(C(=O)[C@@H]3CCCC[C@H]3C(=O)NC3(C#N)CC3)[C@H](C)C2)cc1OC,3.0,6,Clearance_Hepatocyte_AZ,996,,VALID,94.9,0
CHEMBL552512,O=C(CC1CCCCCC1)Nc1cccc2c(=O)n([C@H]3CCNC3)ccc12,3.4,O=C(CC1CCCCCC1)Nc1cccc2c(=O)n([C@H]3CCNC3)ccc12,3.834900000000003,0,0.5454545454545454,1,4,2,"{""number"": ""3.4"", ""relation"": ""="", ""status"": ""VALID""}",367.49300000000017,data/raw/tdc/clearance_hepatocyte_az.tab,CHEMBL552512,O=C(CC1CCCCCC1)Nc1cccc2c(=O)n([C@H]3CCNC3)ccc12,3.4,4,Clearance_Hepatocyte_AZ,997,,VALID,63.13,0
CHEMBL1088752,Cc1c(F)cc(C(=O)NC2CC2)cc1-c1ccc(C(=O)NCC(C)(C)C)cn1,3.8,Cc1c(F)cc(C(=O)NC2CC2)cc1-c1ccc(C(=O)NCC(C)(C)C)cn1,3.864220000000002,0,0.4090909090909091,1,3,2,"{""number"": ""3.8"", ""relation"": ""="", ""status"": ""VALID""}",383.4670000000001,data/raw/tdc/clearance_hepatocyte_az.tab,CHEMBL1088752,Cc1c(F)cc(C(=O)NC2CC2)cc1-c1ccc(C(=O)NCC(C)(C)C)cn1,3.8,5,Clearance_Hepatocyte_AZ,998,,VALID,71.09,0
CHEMBL2158782,Cc1cc(OC2CCN(CC3CCN([C@@H](Cc4ccc(F)cc4)C(=O)O)CC3)CC2)ccc1Cl,3.87,Cc1cc(OC2CCN(CC3CCN([C@@H](Cc4ccc(F)cc4)C(=O)O)CC3)CC2)ccc1Cl,5.038620000000004,0,0.5185185185185185,1,4,1,"{""number"": ""3.87"", ""relation"": ""="", ""status"": ""VALID""}",489.0310000000003,data/raw/tdc/clearance_hepatocyte_az.tab,CHEMBL2158782,Cc1cc(OC2CCN(CC3CCN([C@@H](Cc4ccc(F)cc4)C(=O)O)CC3)CC2)ccc1Cl,3.87,8,Clearance_Hepatocyte_AZ,999,,VALID,53.010000000000005,0
CHEMBL1689123,CC[C@H]1CN(Cc2cc(Cl)ccc2OCC(=O)O)CCN1S(=O)(=O)c1ccccc1,4.0,CC[C@H]1CN(Cc2cc(Cl)ccc2OCC(=O)O)CCN1S(=O)(=O)c1ccccc1,3.0885000000000016,0,0.38095238095238093,1,5,1,"{""number"": ""4.0"", ""relation"": ""="", ""status"": ""VALID""}",452.96000000000015,data/raw/tdc/clearance_hepatocyte_az.tab,CHEMBL1689123,CC[C@H]1CN(Cc2cc(Cl)ccc2OCC(=O)O)CCN1S(=O)(=O)c1ccccc1,4.0,8,Clearance_Hepatocyte_AZ,1000,,VALID,87.15,0
CHEMBL3144574,O=c1c2ccccc2[nH]n1Cc1c[nH]c2ccccc12,4.37,O=c1c2ccccc2[nH]n1Cc1c[nH]c2ccccc12,2.8592000000000004,0,0.0625,1,2,2,"{""number"": ""4.37"", ""relation"": ""="", ""status"": ""VALID""}",263.3,data/raw/tdc/clearance_hepatocyte_az.tab,CHEMBL3144574,O=c1c2ccccc2[nH]n1Cc1c[nH]c2ccccc12,4.37,2,Clearance_Hepatocyte_AZ,1001,,VALID,53.58,0
CHEMBL2179269,Cc1cn([C@H]2CCCN([C@H](C)c3ccc(C(=O)O)c(Oc4cccc(Cl)c4)c3)C2)c(=O)[nH]c1=O,3.39,Cc1cn([C@H]2CCCN([C@H](C)c3ccc(C(=O)O)c(Oc4cccc(Cl)c4)c3)C2)c(=O)[nH]c1=O,4.387020000000003,0,0.32,1,6,2,"{""number"": ""3.39"", ""relation"": ""="", ""status"": ""VALID""}",483.9520000000002,data/raw/tdc/clearance_hepatocyte_az.tab,CHEMBL2179269,Cc1cn([C@H]2CCCN([C@H](C)c3ccc(C(=O)O)c(Oc4cccc(Cl)c4)c3)C2)c(=O)[nH]c1=O,3.39,6,Clearance_Hepatocyte_AZ,1002,,VALID,104.63,0
CHEMBL452,O=C1CN=C(c2ccccc2Cl)c2cc([N+](=O)[O-])ccc2N1,3.72,O=C1CN=C(c2ccccc2Cl)c2cc([N+](=O)[O-])ccc2N1,3.037700000000001,0,0.06666666666666667,1,4,1,"{""number"": ""3.72"", ""relation"": ""="", ""status"": ""VALID""}",315.716,data/raw/tdc/clearance_hepatocyte_az.tab,CHEMBL452,O=C1CN=C(c2ccccc2Cl)c2cc([N+](=O)[O-])ccc2N1,3.72,2,Clearance_Hepatocyte_AZ,1003,,VALID,84.6,0
CHEMBL661,Cc1nnc2n1-c1ccc(Cl)cc1C(c1ccccc1)=NC2,3.98,Cc1nnc2n1-c1ccc(Cl)cc1C(c1ccccc1)=NC2,3.5801200000000017,0,0.11764705882352941,1,4,0,"{""number"": ""3.98"", ""relation"": ""="", ""status"": ""VALID""}",308.77200000000005,data/raw/tdc/clearance_hepatocyte_az.tab,CHEMBL661,Cc1nnc2n1-c1ccc(Cl)cc1C(c1ccccc1)=NC2,3.98,1,Clearance_Hepatocyte_AZ,1004,,VALID,43.07,0
CHEMBL1689137,C[C@H]1CN(Cc2cc(Cl)ccc2CC(=O)O)CCN1S(=O)(=O)Cc1ccccc1,8.7,C[C@H]1CN(Cc2cc(Cl)ccc2CC(=O)O)CCN1S(=O)(=O)Cc1ccccc1,3.0032000000000023,0,0.38095238095238093,1,4,1,"{""number"": ""8.7"", ""relation"": ""="", ""status"": ""VALID""}",436.9610000000001,data/raw/tdc/clearance_hepatocyte_az.tab,CHEMBL1689137,C[C@H]1CN(Cc2cc(Cl)ccc2CC(=O)O)CCN1S(=O)(=O)Cc1ccccc1,8.7,7,Clearance_Hepatocyte_AZ,1005,,VALID,77.92000000000002,0
CHEMBL1381233,O=C(Nc1ccncc1)c1cccc2ccccc12,25.12,O=C(Nc1ccncc1)c1cccc2ccccc12,3.4871000000000016,0,0.0,1,2,1,"{""number"": ""25.12"", ""relation"": ""="", ""status"": ""VALID""}",248.285,data/raw/tdc/clearance_hepatocyte_az.tab,CHEMBL1381233,O=C(Nc1ccncc1)c1cccc2ccccc12,25.12,2,Clearance_Hepatocyte_AZ,1006,,VALID,41.99,0
CHEMBL108922,CCO/N=C/c1ccc(OCCC2CCN(c3ccc(C)nn3)CC2)cc1,26.0,CCO/N=C/c1ccc(OCCC2CCN(c3ccc(C)nn3)CC2)cc1,3.840920000000003,0,0.47619047619047616,1,6,0,"{""number"": ""26.0"", ""relation"": ""="", ""status"": ""VALID""}",368.48100000000005,data/raw/tdc/clearance_hepatocyte_az.tab,CHEMBL108922,CCO/N=C/c1ccc(OCCC2CCN(c3ccc(C)nn3)CC2)cc1,26.0,8,Clearance_Hepatocyte_AZ,1007,,VALID,59.84,0
CHEMBL334167,Cn1sc(=O)c2cc(S(N)(=O)=O)ccc21,27.54,Cn1sc(=O)c2cc(S(N)(=O)=O)ccc21,0.24739999999999984,0,0.125,1,5,1,"{""number"": ""27.54"", ""relation"": ""="", ""status"": ""VALID""}",244.29699999999997,data/raw/tdc/clearance_hepatocyte_az.tab,CHEMBL334167,Cn1sc(=O)c2cc(S(N)(=O)=O)ccc21,27.54,1,Clearance_Hepatocyte_AZ,1008,,VALID,82.16,0
CHEMBL81,O=C(c1ccc(OCCN2CCCCC2)cc1)c1c(-c2ccc(O)cc2)sc2cc(O)ccc12,30.0,O=C(c1ccc(OCCN2CCCCC2)cc1)c1c(-c2ccc(O)cc2)sc2cc(O)ccc12,6.075200000000007,0,0.25,1,6,2,"{""number"": ""30.0"", ""relation"": ""="", ""status"": ""VALID""}",473.5940000000001,data/raw/tdc/clearance_hepatocyte_az.tab,CHEMBL81,O=C(c1ccc(OCCN2CCCCC2)cc1)c1c(-c2ccc(O)cc2)sc2cc(O)ccc12,30.0,7,Clearance_Hepatocyte_AZ,1009,,VALID,70.0,0
CHEMBL384467,C[C@@H]1C[C@H]2[C@@H]3CCC4=CC(=O)C=C[C@]4(C)[C@@]3(F)[C@@H](O)C[C@]2(C)[C@@]1(O)C(=O)CO,31.0,C[C@@H]1C[C@H]2[C@@H]3CCC4=CC(=O)C=C[C@]4(C)[C@@]3(F)[C@@H](O)C[C@]2(C)[C@@]1(O)C(=O)CO,1.8957000000000002,0,0.7272727272727273,1,5,3,"{""number"": ""31.0"", ""relation"": ""="", ""status"": ""VALID""}",392.4670000000002,data/raw/tdc/clearance_hepatocyte_az.tab,CHEMBL384467,C[C@@H]1C[C@H]2[C@@H]3CCC4=CC(=O)C=C[C@]4(C)[C@@]3(F)[C@@H](O)C[C@]2(C)[C@@]1(O)C(=O)CO,31.0,2,Clearance_Hepatocyte_AZ,1010,,VALID,94.83,0
CHEMBL1340633,COc1cc(-c2ccc(Nc3ccccc3C(=O)O)c(OC)c2)ccc1Nc1ccccc1C(=O)O,31.62,COc1cc(-c2ccc(Nc3ccccc3C(=O)O)c(OC)c2)ccc1Nc1ccccc1C(=O)O,6.254400000000004,0,0.07142857142857142,1,6,4,"{""number"": ""31.62"", ""relation"": ""="", ""status"": ""VALID""}",484.5080000000002,data/raw/tdc/clearance_hepatocyte_az.tab,CHEMBL1340633,COc1cc(-c2ccc(Nc3ccccc3C(=O)O)c(OC)c2)ccc1Nc1ccccc1C(=O)O,31.62,9,Clearance_Hepatocyte_AZ,1011,,VALID,117.12000000000002,0
CHEMBL1094168,CS(=O)(=O)c1ccc([C@H](CC2CCCC2)C(=O)Nc2nccs2)cc1,35.48,CS(=O)(=O)c1ccc([C@H](CC2CCCC2)C(=O)Nc2nccs2)cc1,3.8492000000000024,0,0.4444444444444444,1,5,1,"{""number"": ""35.48"", ""relation"": ""="", ""status"": ""VALID""}",378.51899999999995,data/raw/tdc/clearance_hepatocyte_az.tab,CHEMBL1094168,CS(=O)(=O)c1ccc([C@H](CC2CCCC2)C(=O)Nc2nccs2)cc1,35.48,6,Clearance_Hepatocyte_AZ,1012,,VALID,76.13,0
CHEMBL2334144,Cc1c(Cl)cccc1S(=O)(=O)N1CCC[C@H](C(=O)NC2CCCCC2)C1,18.62,Cc1c(Cl)cccc1S(=O)(=O)N1CCC[C@H](C(=O)NC2CCCCC2)C1,3.498020000000002,0,0.631578947368421,1,3,1,"{""number"": ""18.62"", ""relation"": ""="", ""status"": ""VALID""}",398.95600000000024,data/raw/tdc/clearance_hepatocyte_az.tab,CHEMBL2334144,Cc1c(Cl)cccc1S(=O)(=O)N1CCC[C@H](C(=O)NC2CCCCC2)C1,18.62,4,Clearance_Hepatocyte_AZ,1013,,VALID,66.48,0
CHEMBL2179285,Cc1cn([C@H]2CCCN([C@H](CC3CCOCC3)c3ccc(C(=O)O)c(Oc4cccc(Cl)c4)c3)C2)c(=O)[nH]c1=O,19.05,Cc1cn([C@H]2CCCN([C@H](CC3CCOCC3)c3ccc(C(=O)O)c(Oc4cccc(Cl)c4)c3)C2)c(=O)[nH]c1=O,5.183820000000004,0,0.43333333333333335,1,7,2,"{""number"": ""19.05"", ""relation"": ""="", ""status"": ""VALID""}",568.0700000000002,data/raw/tdc/clearance_hepatocyte_az.tab,CHEMBL2179285,Cc1cn([C@H]2CCCN([C@H](CC3CCOCC3)c3ccc(C(=O)O)c(Oc4cccc(Cl)c4)c3)C2)c(=O)[nH]c1=O,19.05,8,Clearance_Hepatocyte_AZ,1014,,VALID,113.85999999999999,0
CHEMBL243001,Cc1nc2ccc(Oc3ccc(F)cc3)cc2c(=O)n1C[C@H]1CCCN(C(C)C)C1,10.47,Cc1nc2ccc(Oc3ccc(F)cc3)cc2c(=O)n1C[C@H]1CCCN(C(C)C)C1,4.756720000000004,0,0.4166666666666667,1,5,0,"{""number"": ""10.47"", ""relation"": ""="", ""status"": ""VALID""}",409.5050000000002,data/raw/tdc/clearance_hepatocyte_az.tab,CHEMBL243001,Cc1nc2ccc(Oc3ccc(F)cc3)cc2c(=O)n1C[C@H]1CCCN(C(C)C)C1,10.47,5,Clearance_Hepatocyte_AZ,1015,,VALID,47.36,0
CHEMBL1669156,COc1cc(-c2cccc3c(=O)cc(N4CCOCC4)oc23)ccc1NC(=O)CN1CCOCC1,27.54,COc1cc(-c2cccc3c(=O)cc(N4CCOCC4)oc23)ccc1NC(=O)CN1CCOCC1,2.5759000000000007,0,0.38461538461538464,1,8,1,"{""number"": ""27.54"", ""relation"": ""="", ""status"": ""VALID""}",479.53300000000036,data/raw/tdc/clearance_hepatocyte_az.tab,CHEMBL1669156,COc1cc(-c2cccc3c(=O)cc(N4CCOCC4)oc23)ccc1NC(=O)CN1CCOCC1,27.54,6,Clearance_Hepatocyte_AZ,1016,,VALID,93.47999999999999,0
CHEMBL1945291,COc1ccccc1CN(C)Cc1cccc(CCNC[C@H](O)c2ccc(O)c3[nH]c(=O)sc23)c1,33.0,COc1ccccc1CN(C)Cc1cccc(CCNC[C@H](O)c2ccc(O)c3[nH]c(=O)sc23)c1,3.8015000000000017,0,0.2962962962962963,1,7,4,"{""number"": ""33.0"", ""relation"": ""="", ""status"": ""VALID""}",493.62900000000013,data/raw/tdc/clearance_hepatocyte_az.tab,CHEMBL1945291,COc1ccccc1CN(C)Cc1cccc(CCNC[C@H](O)c2ccc(O)c3[nH]c(=O)sc23)c1,33.0,11,Clearance_Hepatocyte_AZ,1017,,VALID,97.82,0
CHEMBL513370,COc1ccc(N(C(=O)c2ccoc2Cl)C(C(=O)NC[C@@H](C)O)c2ccccc2F)c(OC)c1,33.0,COc1ccc(N(C(=O)c2ccoc2Cl)C(C(=O)NC[C@@H](C)O)c2ccccc2F)c(OC)c1,3.974400000000003,0,0.25,1,6,2,"{""number"": ""33.0"", ""relation"": ""="", ""status"": ""VALID""}",490.9150000000002,data/raw/tdc/clearance_hepatocyte_az.tab,CHEMBL513370,COc1ccc(N(C(=O)c2ccoc2Cl)C(C(=O)NC[C@@H](C)O)c2ccccc2F)c(OC)c1,33.0,9,Clearance_Hepatocyte_AZ,1018,,VALID,101.24000000000001,1
CHEMBL2169919,CC(C)N(CCCNC(=O)Nc1ccc(C(C)(C)C)cc1)C[C@H]1O[C@@H](n2ccc3c(N)ncnc32)[C@H](O)[C@@H]1O,33.88,CC(C)N(CCCNC(=O)Nc1ccc(C(C)(C)C)cc1)C[C@H]1O[C@@H](n2ccc3c(N)ncnc32)[C@H](O)[C@@H]1O,2.8524000000000007,0,0.5357142857142857,1,9,5,"{""number"": ""33.88"", ""relation"": ""="", ""status"": ""VALID""}",539.6810000000004,data/raw/tdc/clearance_hepatocyte_az.tab,CHEMBL2169919,CC(C)N(CCCNC(=O)Nc1ccc(C(C)(C)C)cc1)C[C@H]1O[C@@H](n2ccc3c(N)ncnc32)[C@H](O)[C@@H]1O,33.88,9,Clearance_Hepatocyte_AZ,1019,,VALID,150.79,0
CHEMBL481230,COc1cc2c(Nc3ccc(F)c(Cl)c3)c(C(N)=O)cnc2cc1OCCN(C)CCO,12.59,COc1cc2c(Nc3ccc(F)c(Cl)c3)c(C(N)=O)cnc2cc1OCCN(C)CCO,3.1813000000000025,0,0.2727272727272727,1,7,3,"{""number"": ""12.59"", ""relation"": ""="", ""status"": ""VALID""}",462.90900000000033,data/raw/tdc/clearance_hepatocyte_az.tab,CHEMBL481230,COc1cc2c(Nc3ccc(F)c(Cl)c3)c(C(N)=O)cnc2cc1OCCN(C)CCO,12.59,10,Clearance_Hepatocyte_AZ,1020,,VALID,109.94,0
CHEMBL1809071,COc1cc(N2CCN(C(=O)[C@@H](C)O)CC2)ccc1Nc1ncc(Cl)c(-c2cnc3ccccn23)n1,12.59,COc1cc(N2CCN(C(=O)[C@@H](C)O)CC2)ccc1Nc1ncc(Cl)c(-c2cnc3ccccn23)n1,3.226300000000001,0,0.28,1,9,2,"{""number"": ""12.59"", ""relation"": ""="", ""status"": ""VALID""}",507.9820000000002,data/raw/tdc/clearance_hepatocyte_az.tab,CHEMBL1809071,COc1cc(N2CCN(C(=O)[C@@H](C)O)CC2)ccc1Nc1ncc(Cl)c(-c2cnc3ccccn23)n1,12.59,6,Clearance_Hepatocyte_AZ,1021,,VALID,108.12,0
CHEMBL1922048,C[C@@](C(=O)O[C@H]1C[N+]2(CC(=O)Nc3ccncn3)CCC1CC2)(c1ccccc1)N1CCCCC1,39.0,C[C@@](C(=O)O[C@H]1C[N+]2(CC(=O)Nc3ccncn3)CCC1CC2)(c1ccccc1)N1CCCCC1,2.9686000000000003,0,0.5555555555555556,1,6,1,"{""number"": ""39.0"", ""relation"": ""="", ""status"": ""VALID""}",478.6170000000005,data/raw/tdc/clearance_hepatocyte_az.tab,CHEMBL1922048,C[C@@](C(=O)O[C@H]1C[N+]2(CC(=O)Nc3ccncn3)CCC1CC2)(c1ccccc1)N1CCCCC1,39.0,7,Clearance_Hepatocyte_AZ,1022,,VALID,84.42,2
CHEMBL20210,CCOC(=O)/C=C/[C@H](C[C@@H]1CCNC1=O)NC(=O)[C@@H](CC(=O)[C@@H](NC(=O)c1cc(C)on1)C(C)C)Cc1ccc(F)cc1,40.74,CCOC(=O)/C=C/[C@H](C[C@@H]1CCNC1=O)NC(=O)[C@@H](CC(=O)[C@@H](NC(=O)c1cc(C)on1)C(C)C)Cc1ccc(F)cc1,2.8249200000000014,0,0.4838709677419355,1,8,3,"{""number"": ""40.74"", ""relation"": ""="", ""status"": ""VALID""}",598.6720000000004,data/raw/tdc/clearance_hepatocyte_az.tab,CHEMBL20210,CCOC(=O)/C=C/[C@H](C[C@@H]1CCNC1=O)NC(=O)[C@@H](CC(=O)[C@@H](NC(=O)c1cc(C)on1)C(C)C)Cc1ccc(F)cc1,40.74,15,Clearance_Hepatocyte_AZ,1023,,VALID,156.7,0
CHEMBL1289545,Cc1nc(C(=O)N2CCOC3(CCN(Cc4ccc(Cl)cc4)CC3)C2)cs1,47.0,Cc1nc(C(=O)N2CCOC3(CCN(Cc4ccc(Cl)cc4)CC3)C2)cs1,3.6121200000000027,0,0.5,1,5,0,"{""number"": ""47.0"", ""relation"": ""="", ""status"": ""VALID""}",405.95100000000014,data/raw/tdc/clearance_hepatocyte_az.tab,CHEMBL1289545,Cc1nc(C(=O)N2CCOC3(CCN(Cc4ccc(Cl)cc4)CC3)C2)cs1,47.0,3,Clearance_Hepatocyte_AZ,1024,,VALID,45.67000000000001,0
CHEMBL1645495,O=c1cc(-c2cccnc2)[nH]c2cc(Cc3ccccc3)ccc12,50.0,O=c1cc(-c2cccnc2)[nH]c2cc(Cc3ccccc3)ccc12,4.180900000000002,0,0.047619047619047616,1,2,1,"{""number"": ""50.0"", ""relation"": ""="", ""status"": ""VALID""}",312.372,data/raw/tdc/clearance_hepatocyte_az.tab,CHEMBL1645495,O=c1cc(-c2cccnc2)[nH]c2cc(Cc3ccccc3)ccc12,50.0,3,Clearance_Hepatocyte_AZ,1025,,VALID,45.75,0
CHEMBL190,Cn1c(=O)c2nc[nH]c2n(C)c1=O,3.0,Cn1c(=O)c2nc[nH]c2n(C)c1=O,-1.0397000000000005,0,0.2857142857142857,1,5,1,"{""number"": ""3.0"", ""relation"": ""="", ""status"": ""VALID""}",180.16699999999997,data/raw/tdc/clearance_hepatocyte_az.tab,CHEMBL190,Cn1c(=O)c2nc[nH]c2n(C)c1=O,3.0,0,Clearance_Hepatocyte_AZ,1026,,VALID,72.68,0
CHEMBL572,O=C1CN(/N=C/c2ccc([N+](=O)[O-])o2)C(=O)N1,3.0,O=C1CN(/N=C/c2ccc([N+](=O)[O-])o2)C(=O)N1,0.07349999999999995,0,0.125,1,6,1,"{""number"": ""3.0"", ""relation"": ""="", ""status"": ""VALID""}",238.15899999999996,data/raw/tdc/clearance_hepatocyte_az.tab,CHEMBL572,O=C1CN(/N=C/c2ccc([N+](=O)[O-])o2)C(=O)N1,3.0,3,Clearance_Hepatocyte_AZ,1027,,VALID,118.05000000000001,0
CHEMBL12610,CN(C)CCCOc1nn(Cc2ccccc2)c2ccccc12,7.76,CN(C)CCCOc1nn(Cc2ccccc2)c2ccccc12,3.4151000000000016,0,0.3157894736842105,1,4,0,"{""number"": ""7.76"", ""relation"": ""="", ""status"": ""VALID""}",309.413,data/raw/tdc/clearance_hepatocyte_az.tab,CHEMBL12610,CN(C)CCCOc1nn(Cc2ccccc2)c2ccccc12,7.76,7,Clearance_Hepatocyte_AZ,1028,,VALID,30.29,0
CHEMBL1513,CCCCC1=NC2(CCCC2)C(=O)N1Cc1ccc(-c2ccccc2-c2nn[nH]n2)cc1,9.01,CCCCC1=NC2(CCCC2)C(=O)N1Cc1ccc(-c2ccccc2-c2nn[nH]n2)cc1,4.777400000000004,0,0.4,1,5,1,"{""number"": ""9.01"", ""relation"": ""="", ""status"": ""VALID""}",428.5400000000001,data/raw/tdc/clearance_hepatocyte_az.tab,CHEMBL1513,CCCCC1=NC2(CCCC2)C(=O)N1Cc1ccc(-c2ccccc2-c2nn[nH]n2)cc1,9.01,7,Clearance_Hepatocyte_AZ,1029,,VALID,87.13000000000001,0
CHEMBL51,O=C(c1ccc(F)cc1)C1CCN(CCn2c(=O)[nH]c3ccccc3c2=O)CC1,24.55,O=C(c1ccc(F)cc1)C1CCN(CCn2c(=O)[nH]c3ccccc3c2=O)CC1,2.423800000000001,0,0.3181818181818182,1,5,1,"{""number"": ""24.55"", ""relation"": ""="", ""status"": ""VALID""}",395.43400000000014,data/raw/tdc/clearance_hepatocyte_az.tab,CHEMBL51,O=C(c1ccc(F)cc1)C1CCN(CCn2c(=O)[nH]c3ccccc3c2=O)CC1,24.55,5,Clearance_Hepatocyte_AZ,1030,,VALID,75.17,0
CHEMBL192,CCCc1nn(C)c2c(=O)[nH]c(-c3cc(S(=O)(=O)N4CCN(C)CC4)ccc3OCC)nc12,16.6,CCCc1nn(C)c2c(=O)[nH]c(-c3cc(S(=O)(=O)N4CCN(C)CC4)ccc3OCC)nc12,1.6109,0,0.5,1,8,1,"{""number"": ""16.6"", ""relation"": ""="", ""status"": ""VALID""}",474.5870000000004,data/raw/tdc/clearance_hepatocyte_az.tab,CHEMBL192,CCCc1nn(C)c2c(=O)[nH]c(-c3cc(S(=O)(=O)N4CCN(C)CC4)ccc3OCC)nc12,16.6,7,Clearance_Hepatocyte_AZ,1031,,VALID,113.41999999999999,0
CHEMBL1645392,Cc1noc(C)c1-c1ccc(CNS(=O)(=O)c2c(C)noc2C)cc1,19.05,Cc1noc(C)c1-c1ccc(CNS(=O)(=O)c2c(C)noc2C)cc1,3.041780000000001,0,0.29411764705882354,1,6,1,"{""number"": ""19.05"", ""relation"": ""="", ""status"": ""VALID""}",361.4230000000001,data/raw/tdc/clearance_hepatocyte_az.tab,CHEMBL1645392,Cc1noc(C)c1-c1ccc(CNS(=O)(=O)c2c(C)noc2C)cc1,19.05,5,Clearance_Hepatocyte_AZ,1032,,VALID,98.23,0
CHEMBL1213082,Cc1ccccc1-n1c(Cn2cnc3c(N)ncnc32)nc2cccc(C)c2c1=O,23.99,Cc1ccccc1-n1c(Cn2cnc3c(N)ncnc32)nc2cccc(C)c2c1=O,2.7727400000000006,0,0.13636363636363635,1,8,1,"{""number"": ""23.99"", ""relation"": ""="", ""status"": ""VALID""}",397.4420000000002,data/raw/tdc/clearance_hepatocyte_az.tab,CHEMBL1213082,Cc1ccccc1-n1c(Cn2cnc3c(N)ncnc32)nc2cccc(C)c2c1=O,23.99,3,Clearance_Hepatocyte_AZ,1033,,VALID,104.50999999999999,0
CHEMBL1807820,O=c1[nH]c2c(O)ccc([C@@H](O)CNCCCSCCOCCc3cccc4ccccc34)c2s1,14.78,O=c1[nH]c2c(O)ccc([C@@H](O)CNCCCSCCOCCc3cccc4ccccc34)c2s1,4.454000000000003,0,0.34615384615384615,1,7,4,"{""number"": ""14.78"", ""relation"": ""="", ""status"": ""VALID""}",498.6700000000003,data/raw/tdc/clearance_hepatocyte_az.tab,CHEMBL1807820,O=c1[nH]c2c(O)ccc([C@@H](O)CNCCCSCCOCCc3cccc4ccccc34)c2s1,14.78,13,Clearance_Hepatocyte_AZ,1034,,VALID,94.58000000000001,0
CHEMBL1916286,Cc1nn(-c2ccccc2)c(NS(=O)(=O)C2CCCCC2)c1C(=O)N[C@@H](C)C(C)(C)C,15.0,Cc1nn(-c2ccccc2)c(NS(=O)(=O)C2CCCCC2)c1C(=O)N[C@@H](C)C(C)(C)C,4.419520000000004,0,0.5652173913043478,1,5,2,"{""number"": ""15.0"", ""relation"": ""="", ""status"": ""VALID""}",446.6170000000003,data/raw/tdc/clearance_hepatocyte_az.tab,CHEMBL1916286,Cc1nn(-c2ccccc2)c(NS(=O)(=O)C2CCCCC2)c1C(=O)N[C@@H](C)C(C)(C)C,15.0,6,Clearance_Hepatocyte_AZ,1035,,VALID,93.09,0
CHEMBL1829173,CC#C[C@@H](CC(=O)O)c1ccc(OCc2cccc(-c3ccc(C(F)(F)F)cc3)c2)cc1,15.49,CC#C[C@@H](CC(=O)O)c1ccc(OCc2cccc(-c3ccc(C(F)(F)F)cc3)c2)cc1,6.533000000000005,0,0.19230769230769232,1,2,1,"{""number"": ""15.49"", ""relation"": ""="", ""status"": ""VALID""}",438.44500000000005,data/raw/tdc/clearance_hepatocyte_az.tab,CHEMBL1829173,CC#C[C@@H](CC(=O)O)c1ccc(OCc2cccc(-c3ccc(C(F)(F)F)cc3)c2)cc1,15.49,7,Clearance_Hepatocyte_AZ,1036,,VALID,46.53,0
CHEMBL1924034,CN(C)C(C)(C(=O)OC1CC[N+](C)(C)CC1)c1ccccc1,16.0,CN(C)C(C)(C(=O)OC1CC[N+](C)(C)CC1)c1ccccc1,2.2454,0,0.6111111111111112,1,3,0,"{""number"": ""16.0"", ""relation"": ""="", ""status"": ""VALID""}",305.44199999999995,data/raw/tdc/clearance_hepatocyte_az.tab,CHEMBL1924034,CN(C)C(C)(C(=O)OC1CC[N+](C)(C)CC1)c1ccccc1,16.0,4,Clearance_Hepatocyte_AZ,1037,,VALID,29.540000000000003,1
CHEMBL202626,O=C(Nc1ccccc1F)NC1N=C(c2ccccc2)c2ccccc2NC1=O,16.22,O=C(Nc1ccccc1F)NC1N=C(c2ccccc2)c2ccccc2NC1=O,3.7630000000000017,0,0.045454545454545456,1,3,3,"{""number"": ""16.22"", ""relation"": ""="", ""status"": ""VALID""}",388.4020000000001,data/raw/tdc/clearance_hepatocyte_az.tab,CHEMBL202626,O=C(Nc1ccccc1F)NC1N=C(c2ccccc2)c2ccccc2NC1=O,16.22,3,Clearance_Hepatocyte_AZ,1038,,VALID,82.59,1
CHEMBL46740,Cc1c(-c2ccc(O)cc2)n(Cc2ccc(OCCN3CCCCCC3)cc2)c2ccc(O)cc12,17.78,Cc1c(-c2ccc(O)cc2)n(Cc2ccc(OCCN3CCCCCC3)cc2)c2ccc(O)cc12,6.331020000000006,0,0.3333333333333333,1,5,2,"{""number"": ""17.78"", ""relation"": ""="", ""status"": ""VALID""}",470.6130000000003,data/raw/tdc/clearance_hepatocyte_az.tab,CHEMBL46740,Cc1c(-c2ccc(O)cc2)n(Cc2ccc(OCCN3CCCCCC3)cc2)c2ccc(O)cc12,17.78,7,Clearance_Hepatocyte_AZ,1039,,VALID,57.86,0
CHEMBL1681882,CCNC(=O)c1cnc(N2CCN(C3CCN(Cc4ccc(Cl)cc4F)CC3)[C@@H](CC)C2)c(Cl)c1,38.0,CCNC(=O)c1cnc(N2CCN(C3CCN(Cc4ccc(Cl)cc4F)CC3)[C@@H](CC)C2)c(Cl)c1,4.842400000000005,0,0.5384615384615384,1,5,1,"{""number"": ""38.0"", ""relation"": ""="", ""status"": ""VALID""}",522.4960000000002,data/raw/tdc/clearance_hepatocyte_az.tab,CHEMBL1681882,CCNC(=O)c1cnc(N2CCN(C3CCN(Cc4ccc(Cl)cc4F)CC3)[C@@H](CC)C2)c(Cl)c1,38.0,7,Clearance_Hepatocyte_AZ,1040,,VALID,51.71000000000001,0
CHEMBL403225,C[C@H](CO)Nc1nc(SCc2cccc(Cl)c2F)nc2[nH]c(=O)sc12,17.0,C[C@H](CO)Nc1nc(SCc2cccc(Cl)c2F)nc2[nH]c(=O)sc12,3.257100000000001,0,0.26666666666666666,1,7,3,"{""number"": ""17.0"", ""relation"": ""="", ""status"": ""VALID""}",400.8880000000001,data/raw/tdc/clearance_hepatocyte_az.tab,CHEMBL403225,C[C@H](CO)Nc1nc(SCc2cccc(Cl)c2F)nc2[nH]c(=O)sc12,17.0,6,Clearance_Hepatocyte_AZ,1041,,VALID,90.9,0
CHEMBL2031559,O=C(Nc1cccc(-c2nnn[nH]2)c1)c1cc(C(F)(F)F)cc2[nH]cnc12,17.38,O=C(Nc1cccc(-c2nnn[nH]2)c1)c1cc(C(F)(F)F)cc2[nH]cnc12,3.0141,0,0.0625,1,5,3,"{""number"": ""17.38"", ""relation"": ""="", ""status"": ""VALID""}",373.298,data/raw/tdc/clearance_hepatocyte_az.tab,CHEMBL2031559,O=C(Nc1cccc(-c2nnn[nH]2)c1)c1cc(C(F)(F)F)cc2[nH]cnc12,17.38,3,Clearance_Hepatocyte_AZ,1042,,VALID,112.24,0
CHEMBL2216870,CC[C@H](Nc1ncnc2[nH]cnc12)c1nc2cccc(F)c2c(=O)n1-c1ccccc1,19.5,CC[C@H](Nc1ncnc2[nH]cnc12)c1nc2cccc(F)c2c(=O)n1-c1ccccc1,3.7543000000000015,0,0.13636363636363635,1,7,2,"{""number"": ""19.5"", ""relation"": ""="", ""status"": ""VALID""}",415.43200000000013,data/raw/tdc/clearance_hepatocyte_az.tab,CHEMBL2216870,CC[C@H](Nc1ncnc2[nH]cnc12)c1nc2cccc(F)c2c(=O)n1-c1ccccc1,19.5,5,Clearance_Hepatocyte_AZ,1043,,VALID,101.38000000000002,0
CHEMBL1950720,CN[C@@H](C)C(=O)N[C@H](C(=O)N1CC[C@H]2CCN(CCc3ccccc3)C[C@H]21)C1CCCCC1,10.47,CN[C@@H](C)C(=O)N[C@H](C(=O)N1CC[C@H]2CCN(CCc3ccccc3)C[C@H]21)C1CCCCC1,2.8249000000000013,0,0.7037037037037037,1,4,2,"{""number"": ""10.47"", ""relation"": ""="", ""status"": ""VALID""}",454.6590000000003,data/raw/tdc/clearance_hepatocyte_az.tab,CHEMBL1950720,CN[C@@H](C)C(=O)N[C@H](C(=O)N1CC[C@H]2CCN(CCc3ccccc3)C[C@H]21)C1CCCCC1,10.47,8,Clearance_Hepatocyte_AZ,1044,,VALID,64.68,0
CHEMBL1513,CCCCC1=NC2(CCCC2)C(=O)N1Cc1ccc(-c2ccccc2-c2nn[nH]n2)cc1,10.47,CCCCC1=NC2(CCCC2)C(=O)N1Cc1ccc(-c2ccccc2-c2nn[nH]n2)cc1,4.777400000000004,0,0.4,1,5,1,"{""number"": ""10.47"", ""relation"": ""="", ""status"": ""VALID""}",428.5400000000001,data/raw/tdc/clearance_hepatocyte_az.tab,CHEMBL1513,CCCCC1=NC2(CCCC2)C(=O)N1Cc1ccc(-c2ccccc2-c2nn[nH]n2)cc1,10.47,7,Clearance_Hepatocyte_AZ,1045,,VALID,87.13000000000001,0
CHEMBL1761870,C[C@H]1CN(C(=O)N[C@H](Cc2ccc(F)cc2)C(=O)N2CCC(C(=O)NC(C)(C)C)(C3CCCCC3)CC2)C[C@@H](C)N1,10.72,C[C@@H]1CN(C(=O)N[C@H](Cc2ccc(F)cc2)C(=O)N2CCC(C(=O)NC(C)(C)C)(C3CCCCC3)CC2)C[C@H](C)N1,4.232400000000002,0,0.71875,1,4,3,"{""number"": ""10.72"", ""relation"": ""="", ""status"": ""VALID""}",571.7820000000004,data/raw/tdc/clearance_hepatocyte_az.tab,CHEMBL1761870,C[C@H]1CN(C(=O)N[C@H](Cc2ccc(F)cc2)C(=O)N2CCC(C(=O)NC(C)(C)C)(C3CCCCC3)CC2)C[C@@H](C)N1,10.72,6,Clearance_Hepatocyte_AZ,1046,,VALID,93.78,0
CHEMBL2058529,O=C(O)CCc1ccc(OCc2cc(Cl)ccc2-c2ccccc2)cc1,21.38,O=C(O)CCc1ccc(OCc2cc(Cl)ccc2-c2ccccc2)cc1,5.603200000000005,0,0.13636363636363635,1,2,1,"{""number"": ""21.38"", ""relation"": ""="", ""status"": ""VALID""}",366.84400000000005,data/raw/tdc/clearance_hepatocyte_az.tab,CHEMBL2058529,O=C(O)CCc1ccc(OCc2cc(Cl)ccc2-c2ccccc2)cc1,21.38,7,Clearance_Hepatocyte_AZ,1047,,VALID,46.53,0
CHEMBL193544,CN1CCC(Oc2cccc3ncnc(Nc4ccc(OCc5ccccn5)c(Cl)c4)c23)CC1,11.0,CN1CCC(Oc2cccc3ncnc(Nc4ccc(OCc5ccccn5)c(Cl)c4)c23)CC1,5.473800000000005,0,0.2692307692307692,1,7,1,"{""number"": ""11.0"", ""relation"": ""="", ""status"": ""VALID""}",475.9800000000003,data/raw/tdc/clearance_hepatocyte_az.tab,CHEMBL193544,CN1CCC(Oc2cccc3ncnc(Nc4ccc(OCc5ccccn5)c(Cl)c4)c23)CC1,11.0,7,Clearance_Hepatocyte_AZ,1048,,VALID,72.4,0
CHEMBL2086472,C=CC(=O)Nc1ccc(F)cc1,38.02,C=CC(=O)Nc1ccc(F)cc1,1.9502,0,0.0,1,1,1,"{""number"": ""38.02"", ""relation"": ""="", ""status"": ""VALID""}",165.16699999999997,data/raw/tdc/clearance_hepatocyte_az.tab,CHEMBL2086472,C=CC(=O)Nc1ccc(F)cc1,38.02,2,Clearance_Hepatocyte_AZ,1049,,VALID,29.1,0
CHEMBL93,CC(c1cc2ccccc2s1)N(O)C(N)=O,7.76,CC(c1cc2ccccc2s1)N(O)C(N)=O,2.7321999999999997,0,0.18181818181818182,1,3,2,"{""number"": ""7.76"", ""relation"": ""="", ""status"": ""VALID""}",236.29599999999996,data/raw/tdc/clearance_hepatocyte_az.tab,CHEMBL93,CC(c1cc2ccccc2s1)N(O)C(N)=O,7.76,2,Clearance_Hepatocyte_AZ,1050,,VALID,66.56,1
CHEMBL2180273,CCOC(=O)C1=C(C)NC2=C(C(=O)CC(C)(C)C2)C1c1ccc(-c2ccccc2)cc1,117.49,CCOC(=O)C1=C(C)NC2=C(C(=O)CC(C)(C)C2)C1c1ccc(-c2ccccc2)cc1,5.520700000000005,0,0.3333333333333333,1,4,1,"{""number"": ""117.49"", ""relation"": ""="", ""status"": ""VALID""}",415.5330000000001,data/raw/tdc/clearance_hepatocyte_az.tab,CHEMBL2180273,CCOC(=O)C1=C(C)NC2=C(C(=O)CC(C)(C)C2)C1c1ccc(-c2ccccc2)cc1,117.49,4,Clearance_Hepatocyte_AZ,1051,,VALID,55.4,1
CHEMBL2046990,Nc1ccc(-c2ccccc2Cl)cc1,123.03,Nc1ccc(-c2ccccc2Cl)cc1,3.5892000000000017,0,0.0,1,1,1,"{""number"": ""123.03"", ""relation"": ""="", ""status"": ""VALID""}",203.672,data/raw/tdc/clearance_hepatocyte_az.tab,CHEMBL2046990,Nc1ccc(-c2ccccc2Cl)cc1,123.03,1,Clearance_Hepatocyte_AZ,1052,,VALID,26.02,0
CHEMBL1963462,C[C@@](C(=O)OC1CC[N+](C)(C)CC1)(c1ccccc1)C1CCCC1,128.0,C[C@@](C(=O)OC1CC[N+](C)(C)CC1)(c1ccccc1)C1CCCC1,3.9165000000000028,0,0.6666666666666666,1,2,0,"{""number"": ""128.0"", ""relation"": ""="", ""status"": ""VALID""}",330.4920000000002,data/raw/tdc/clearance_hepatocyte_az.tab,CHEMBL1963462,C[C@@](C(=O)OC1CC[N+](C)(C)CC1)(c1ccccc1)C1CCCC1,128.0,4,Clearance_Hepatocyte_AZ,1053,,VALID,26.3,0
CHEMBL1900528,C[N+]1(C)[C@H]2C[C@H](OC(=O)C(O)(c3cccs3)c3cccs3)C[C@@H]1[C@H]1O[C@@H]21,135.0,C[N+]1(C)[C@@H]2C[C@@H](OC(=O)C(O)(c3cccs3)c3cccs3)C[C@H]1[C@@H]1O[C@@H]12,2.3457,0,0.5263157894736842,1,6,1,"{""number"": ""135.0"", ""relation"": ""="", ""status"": ""VALID""}",392.5220000000001,data/raw/tdc/clearance_hepatocyte_az.tab,CHEMBL1900528,C[N+]1(C)[C@H]2C[C@H](OC(=O)C(O)(c3cccs3)c3cccs3)C[C@@H]1[C@H]1O[C@@H]21,135.0,4,Clearance_Hepatocyte_AZ,1054,,VALID,59.06,0
CHEMBL2335901,C[C@@H](NC(=O)C1CCNCC1)c1ccc(Nc2ncc3cc(-c4ccncc4)ccc3n2)cc1,3.0,C[C@@H](NC(=O)C1CCNCC1)c1ccc(Nc2ncc3cc(-c4ccncc4)ccc3n2)cc1,4.612200000000002,0,0.25925925925925924,1,6,3,"{""number"": ""3.0"", ""relation"": ""="", ""status"": ""VALID""}",452.5620000000001,data/raw/tdc/clearance_hepatocyte_az.tab,CHEMBL2335901,C[C@@H](NC(=O)C1CCNCC1)c1ccc(Nc2ncc3cc(-c4ccncc4)ccc3n2)cc1,3.0,6,Clearance_Hepatocyte_AZ,1055,,VALID,91.83000000000001,0
CHEMBL2018953,O=C([C@H]1CCCCN1)N1CCN(c2nc(NCc3ccc(Cl)cc3Cl)c3cccnc3n2)CC1,9.88,O=C([C@H]1CCCCN1)N1CCN(c2nc(NCc3ccc(Cl)cc3Cl)c3cccnc3n2)CC1,3.7344000000000017,0,0.4166666666666667,1,7,2,"{""number"": ""9.88"", ""relation"": ""="", ""status"": ""VALID""}",500.4340000000002,data/raw/tdc/clearance_hepatocyte_az.tab,CHEMBL2018953,O=C([C@H]1CCCCN1)N1CCN(c2nc(NCc3ccc(Cl)cc3Cl)c3cccnc3n2)CC1,9.88,5,Clearance_Hepatocyte_AZ,1056,,VALID,86.28000000000002,0
CHEMBL1916266,CCC(CC)NC(=O)c1cnn(-c2ccccn2)c1NS(=O)(=O)c1ccc(C)cc1,9.95,CCC(CC)NC(=O)c1cnn(-c2ccccn2)c1NS(=O)(=O)c1ccc(C)cc1,3.294920000000001,0,0.2857142857142857,1,6,2,"{""number"": ""9.95"", ""relation"": ""="", ""status"": ""VALID""}",427.5300000000002,data/raw/tdc/clearance_hepatocyte_az.tab,CHEMBL1916266,CCC(CC)NC(=O)c1cnn(-c2ccccn2)c1NS(=O)(=O)c1ccc(C)cc1,9.95,8,Clearance_Hepatocyte_AZ,1057,,VALID,105.97999999999999,0
CHEMBL1945033,O=c1[nH]c2c(O)ccc([C@@H](O)CNCCc3cccc(CNCCc4ccccn4)c3)c2s1,10.0,O=c1[nH]c2c(O)ccc([C@@H](O)CNCCc3cccc(CNCCc4ccccn4)c3)c2s1,2.888200000000001,0,0.28,1,7,5,"{""number"": ""10.0"", ""relation"": ""="", ""status"": ""VALID""}",464.5910000000002,data/raw/tdc/clearance_hepatocyte_az.tab,CHEMBL1945033,O=c1[nH]c2c(O)ccc([C@@H](O)CNCCc3cccc(CNCCc4ccccn4)c3)c2s1,10.0,11,Clearance_Hepatocyte_AZ,1058,,VALID,110.27000000000001,0
CHEMBL2349334,CC[C@H](CO)Nc1nc(SCc2ccccc2)nc2[nH]c(=O)sc12,10.0,CC[C@H](CO)Nc1nc(SCc2ccccc2)nc2[nH]c(=O)sc12,2.854700000000001,0,0.3125,1,7,3,"{""number"": ""10.0"", ""relation"": ""="", ""status"": ""VALID""}",362.4800000000001,data/raw/tdc/clearance_hepatocyte_az.tab,CHEMBL2349334,CC[C@H](CO)Nc1nc(SCc2ccccc2)nc2[nH]c(=O)sc12,10.0,7,Clearance_Hepatocyte_AZ,1059,,VALID,90.9,0
CHEMBL2164377,O=C(NCc1ccc(OC(F)(F)F)cc1)C1c2ccccc2C(=O)N1CC1CC(F)(F)C1,10.0,O=C(NCc1ccc(OC(F)(F)F)cc1)C1c2ccccc2C(=O)N1CC1CC(F)(F)C1,4.443800000000003,0,0.36363636363636365,1,3,1,"{""number"": ""10.0"", ""relation"": ""="", ""status"": ""VALID""}",454.3950000000002,data/raw/tdc/clearance_hepatocyte_az.tab,CHEMBL2164377,O=C(NCc1ccc(OC(F)(F)F)cc1)C1c2ccccc2C(=O)N1CC1CC(F)(F)C1,10.0,6,Clearance_Hepatocyte_AZ,1060,,VALID,58.64,1
CHEMBL210730,O=C(Nc1nc2ccccc2[nH]1)c1ccccc1,150.0,O=C(Nc1nc2ccccc2[nH]1)c1ccccc1,2.815200000000001,0,0.0,1,2,2,"{""number"": ""150.0"", ""relation"": ""="", ""status"": ""VALID""}",237.26200000000003,data/raw/tdc/clearance_hepatocyte_az.tab,CHEMBL210730,O=C(Nc1nc2ccccc2[nH]1)c1ccccc1,150.0,2,Clearance_Hepatocyte_AZ,1061,,VALID,57.78,0
CHEMBL20210,CCOC(=O)/C=C/[C@H](C[C@@H]1CCNC1=O)NC(=O)[C@@H](CC(=O)[C@@H](NC(=O)c1cc(C)on1)C(C)C)Cc1ccc(F)cc1,150.0,CCOC(=O)/C=C/[C@H](C[C@@H]1CCNC1=O)NC(=O)[C@@H](CC(=O)[C@@H](NC(=O)c1cc(C)on1)C(C)C)Cc1ccc(F)cc1,2.8249200000000014,0,0.4838709677419355,1,8,3,"{""number"": ""150.0"", ""relation"": ""="", ""status"": ""VALID""}",598.6720000000004,data/raw/tdc/clearance_hepatocyte_az.tab,CHEMBL20210,CCOC(=O)/C=C/[C@H](C[C@@H]1CCNC1=O)NC(=O)[C@@H](CC(=O)[C@@H](NC(=O)c1cc(C)on1)C(C)C)Cc1ccc(F)cc1,150.0,15,Clearance_Hepatocyte_AZ,1062,,VALID,156.7,0
CHEMBL2171278,Cc1ccc(NC(=O)[C@@H]2CCCN2S(=O)(=O)c2cccc3cccnc23)c(C)c1,150.0,Cc1ccc(NC(=O)[C@@H]2CCCN2S(=O)(=O)c2cccc3cccnc23)c(C)c1,3.6434400000000027,0,0.2727272727272727,1,4,1,"{""number"": ""150.0"", ""relation"": ""="", ""status"": ""VALID""}",409.5110000000001,data/raw/tdc/clearance_hepatocyte_az.tab,CHEMBL2171278,Cc1ccc(NC(=O)[C@@H]2CCCN2S(=O)(=O)c2cccc3cccnc23)c(C)c1,150.0,4,Clearance_Hepatocyte_AZ,1063,,VALID,79.37,0
CHEMBL1359777,Cc1cc(C(=O)Cn2cc(C(F)(F)F)ccc2=O)c(C)n1Cc1ccccc1,150.0,Cc1cc(C(=O)Cn2cc(C(F)(F)F)ccc2=O)c(C)n1Cc1ccccc1,4.216640000000003,0,0.23809523809523808,1,4,0,"{""number"": ""150.0"", ""relation"": ""="", ""status"": ""VALID""}",388.3890000000001,data/raw/tdc/clearance_hepatocyte_az.tab,CHEMBL1359777,Cc1cc(C(=O)Cn2cc(C(F)(F)F)ccc2=O)c(C)n1Cc1ccccc1,150.0,5,Clearance_Hepatocyte_AZ,1064,,VALID,44.0,0
CHEMBL153064,CC(=O)c1cc2ccc(O)cc2oc1=O,150.0,CC(=O)c1cc2ccc(O)cc2oc1=O,1.7011999999999998,0,0.09090909090909091,1,4,1,"{""number"": ""150.0"", ""relation"": ""="", ""status"": ""VALID""}",204.18099999999995,data/raw/tdc/clearance_hepatocyte_az.tab,CHEMBL153064,CC(=O)c1cc2ccc(O)cc2oc1=O,150.0,1,Clearance_Hepatocyte_AZ,1065,,VALID,67.50999999999999,0
CHEMBL2139925,CCc1nc2ccc(C(=O)NCc3ccc4c(c3)OCO4)cn2c1N(C)Cc1cccs1,150.0,CCc1nc2ccc(C(=O)NCc3ccc4c(c3)OCO4)cn2c1N(C)Cc1cccs1,4.253300000000003,0,0.25,1,7,1,"{""number"": ""150.0"", ""relation"": ""="", ""status"": ""VALID""}",448.5480000000002,data/raw/tdc/clearance_hepatocyte_az.tab,CHEMBL2139925,CCc1nc2ccc(C(=O)NCc3ccc4c(c3)OCO4)cn2c1N(C)Cc1cccs1,150.0,7,Clearance_Hepatocyte_AZ,1066,,VALID,68.1,0
CHEMBL471412,COc1ccc(N(C(=O)c2ccccc2)C(C(=O)NC2CCCC2)c2ccccc2F)c(OC)c1,150.0,COc1ccc(N(C(=O)c2ccccc2)C(C(=O)NC2CCCC2)c2ccccc2F)c(OC)c1,5.289800000000005,0,0.2857142857142857,1,4,1,"{""number"": ""150.0"", ""relation"": ""="", ""status"": ""VALID""}",476.54800000000034,data/raw/tdc/clearance_hepatocyte_az.tab,CHEMBL471412,COc1ccc(N(C(=O)c2ccccc2)C(C(=O)NC2CCCC2)c2ccccc2F)c(OC)c1,150.0,8,Clearance_Hepatocyte_AZ,1067,,VALID,67.87,1
CHEMBL135626,CC,150.0,CC,1.0262,0,1.0,1,0,0,"{""number"": ""150.0"", ""relation"": ""="", ""status"": ""VALID""}",30.07,data/raw/tdc/clearance_hepatocyte_az.tab,CHEMBL135626,CC,150.0,0,Clearance_Hepatocyte_AZ,1068,,VALID,0.0,0
CHEMBL575448,C[C@@]1(C(=O)Nc2ccc(F)nc2)CCCN1c1nc(Nc2cc(C3CC3)n[nH]2)c2cccn2n1,70.79,C[C@@]1(C(=O)Nc2ccc(F)nc2)CCCN1c1nc(Nc2cc(C3CC3)n[nH]2)c2cccn2n1,3.605100000000001,0,0.34782608695652173,1,8,3,"{""number"": ""70.79"", ""relation"": ""="", ""status"": ""VALID""}",461.5050000000001,data/raw/tdc/clearance_hepatocyte_az.tab,CHEMBL575448,C[C@@]1(C(=O)Nc2ccc(F)nc2)CCCN1c1nc(Nc2cc(C3CC3)n[nH]2)c2cccn2n1,70.79,6,Clearance_Hepatocyte_AZ,1069,,VALID,116.13000000000001,0
CHEMBL1669159,CC(C)Oc1cc(-c2cccc3c(=O)cc(N4CCOCC4)oc23)ccc1NC(=O)CN1CCOCC1,87.1,CC(C)Oc1cc(-c2cccc3c(=O)cc(N4CCOCC4)oc23)ccc1NC(=O)CN1CCOCC1,3.3545000000000016,0,0.42857142857142855,1,8,1,"{""number"": ""87.1"", ""relation"": ""="", ""status"": ""VALID""}",507.58700000000044,data/raw/tdc/clearance_hepatocyte_az.tab,CHEMBL1669159,CC(C)Oc1cc(-c2cccc3c(=O)cc(N4CCOCC4)oc23)ccc1NC(=O)CN1CCOCC1,87.1,7,Clearance_Hepatocyte_AZ,1070,,VALID,93.47999999999999,0
CHEMBL322479,CC(C)(CCCCCOCCc1ccccc1)NCCc1ccc(O)c2nc(O)sc12,93.03,CC(C)(CCCCCOCCc1ccccc1)NCCc1ccc(O)c2nc(O)sc12,5.437900000000008,0,0.48,1,6,3,"{""number"": ""93.03"", ""relation"": ""="", ""status"": ""VALID""}",442.6250000000002,data/raw/tdc/clearance_hepatocyte_az.tab,CHEMBL322479,CC(C)(CCCCCOCCc1ccccc1)NCCc1ccc(O)c2nc(O)sc12,93.03,13,Clearance_Hepatocyte_AZ,1071,,VALID,74.61,0
CHEMBL2059910,CNC(=O)Nc1nc2ccc(-c3cncc(S(=O)(=O)NC(C)(C)C)c3)cn2n1,3.0,CNC(=O)Nc1nc2ccc(-c3cncc(S(=O)(=O)NC(C)(C)C)c3)cn2n1,1.6193999999999995,0,0.29411764705882354,1,7,3,"{""number"": ""3.0"", ""relation"": ""="", ""status"": ""VALID""}",403.46800000000013,data/raw/tdc/clearance_hepatocyte_az.tab,CHEMBL2059910,CNC(=O)Nc1nc2ccc(-c3cncc(S(=O)(=O)NC(C)(C)C)c3)cn2n1,3.0,4,Clearance_Hepatocyte_AZ,1072,,VALID,130.38,0
CHEMBL2158825,O=C(O)Cc1ccccc1N1CCC(CN2CCC(Oc3ccc(Cl)c(Cl)c3)CC2)CC1,3.0,O=C(O)Cc1ccccc1N1CCC(CN2CCC(Oc3ccc(Cl)c(Cl)c3)CC2)CC1,5.380300000000005,0,0.48,1,4,1,"{""number"": ""3.0"", ""relation"": ""="", ""status"": ""VALID""}",477.43200000000024,data/raw/tdc/clearance_hepatocyte_az.tab,CHEMBL2158825,O=C(O)Cc1ccccc1N1CCC(CN2CCC(Oc3ccc(Cl)c(Cl)c3)CC2)CC1,3.0,7,Clearance_Hepatocyte_AZ,1073,,VALID,53.010000000000005,0
CHEMBL1807822,O=c1[nH]c2c(O)ccc([C@@H](O)CNCCCOCCOCCc3cccc4ccccc34)c2s1,118.0,O=c1[nH]c2c(O)ccc([C@@H](O)CNCCCOCCOCCc3cccc4ccccc34)c2s1,3.737400000000002,0,0.34615384615384615,1,7,4,"{""number"": ""118.0"", ""relation"": ""="", ""status"": ""VALID""}",482.6020000000002,data/raw/tdc/clearance_hepatocyte_az.tab,CHEMBL1807822,O=c1[nH]c2c(O)ccc([C@@H](O)CNCCCOCCOCCc3cccc4ccccc34)c2s1,118.0,13,Clearance_Hepatocyte_AZ,1074,,VALID,103.81000000000002,0
CHEMBL464081,CC1(C)[C@@H]2CC[C@@]1(CS(=O)(=O)N1CCN(c3ccc(C(F)(F)F)cn3)CC1)C(=O)C2,141.0,CC1(C)[C@@H]2CC[C@@]1(CS(=O)(=O)N1CCN(c3ccc(C(F)(F)F)cn3)CC1)C(=O)C2,2.9476000000000013,0,0.7,1,5,0,"{""number"": ""141.0"", ""relation"": ""="", ""status"": ""VALID""}",445.5070000000002,data/raw/tdc/clearance_hepatocyte_az.tab,CHEMBL464081,CC1(C)[C@@H]2CC[C@@]1(CS(=O)(=O)N1CCN(c3ccc(C(F)(F)F)cn3)CC1)C(=O)C2,141.0,4,Clearance_Hepatocyte_AZ,1075,,VALID,70.58000000000001,0
CHEMBL2179276,Cc1cn([C@H]2CCCN([C@@H](CC(C)C)c3ccc(C(=O)O)c(Oc4cccc(Cl)c4)c3)C2)c(=O)[nH]c1=O,9.55,Cc1cn([C@H]2CCCN([C@@H](CC(C)C)c3ccc(C(=O)O)c(Oc4cccc(Cl)c4)c3)C2)c(=O)[nH]c1=O,5.413220000000004,0,0.39285714285714285,1,6,2,"{""number"": ""9.55"", ""relation"": ""="", ""status"": ""VALID""}",526.0330000000002,data/raw/tdc/clearance_hepatocyte_az.tab,CHEMBL2179276,Cc1cn([C@H]2CCCN([C@@H](CC(C)C)c3ccc(C(=O)O)c(Oc4cccc(Cl)c4)c3)C2)c(=O)[nH]c1=O,9.55,8,Clearance_Hepatocyte_AZ,1076,,VALID,104.63,0
CHEMBL193,COC(=O)C1=C(C)NC(C)=C(C(=O)OC)C1c1ccccc1[N+](=O)[O-],150.0,COC(=O)C1=C(C)NC(C)=C(C(=O)OC)C1c1ccccc1[N+](=O)[O-],2.1756,0,0.29411764705882354,1,7,1,"{""number"": ""150.0"", ""relation"": ""="", ""status"": ""VALID""}",346.33900000000006,data/raw/tdc/clearance_hepatocyte_az.tab,CHEMBL193,COC(=O)C1=C(C)NC(C)=C(C(=O)OC)C1c1ccccc1[N+](=O)[O-],150.0,4,Clearance_Hepatocyte_AZ,1077,,VALID,107.77000000000001,0
CHEMBL11,CN(C)CCCN1c2ccccc2CCc2ccccc21,150.0,CN(C)CCCN1c2ccccc2CCc2ccccc21,3.8750000000000027,0,0.3684210526315789,1,2,0,"{""number"": ""150.0"", ""relation"": ""="", ""status"": ""VALID""}",280.415,data/raw/tdc/clearance_hepatocyte_az.tab,CHEMBL11,CN(C)CCCN1c2ccccc2CCc2ccccc21,150.0,4,Clearance_Hepatocyte_AZ,1078,,VALID,6.48,0
CHEMBL110999,CN(CCCOCCOCCc1ccccc1)CCc1ccc(O)c2nc(O)sc12,150.0,CN(CCCOCCOCCc1ccccc1)CCc1ccc(O)c2nc(O)sc12,3.8478000000000043,0,0.43478260869565216,1,7,2,"{""number"": ""150.0"", ""relation"": ""="", ""status"": ""VALID""}",430.57000000000016,data/raw/tdc/clearance_hepatocyte_az.tab,CHEMBL110999,CN(CCCOCCOCCc1ccccc1)CCc1ccc(O)c2nc(O)sc12,150.0,13,Clearance_Hepatocyte_AZ,1079,,VALID,75.05000000000001,0
CHEMBL2103840,CCc1cnn2c(NCc3ccc[n+]([O-])c3)cc(N3CCCC[C@H]3CCO)nc12,150.0,CCc1cnn2c(NCc3ccc[n+]([O-])c3)cc(N3CCCC[C@H]3CCO)nc12,2.2785000000000006,0,0.47619047619047616,1,7,2,"{""number"": ""150.0"", ""relation"": ""="", ""status"": ""VALID""}",396.4950000000003,data/raw/tdc/clearance_hepatocyte_az.tab,CHEMBL2103840,CCc1cnn2c(NCc3ccc[n+]([O-])c3)cc(N3CCCC[C@H]3CCO)nc12,150.0,7,Clearance_Hepatocyte_AZ,1080,,VALID,92.63,0
CHEMBL1975242,O=C(Nc1nc2c(=O)[nH]cnc2s1)c1ccccc1,150.0,O=C(Nc1nc2c(=O)[nH]cnc2s1)c1ccccc1,1.6318999999999997,0,0.0,1,5,2,"{""number"": ""150.0"", ""relation"": ""="", ""status"": ""VALID""}",272.28900000000004,data/raw/tdc/clearance_hepatocyte_az.tab,CHEMBL1975242,O=C(Nc1nc2c(=O)[nH]cnc2s1)c1ccccc1,150.0,2,Clearance_Hepatocyte_AZ,1081,,VALID,87.74,0
CHEMBL1770471,CSCCC(NC(=O)c1sccc1Cl)c1nc2ccccc2[nH]1,150.0,CSCCC(NC(=O)c1sccc1Cl)c1nc2ccccc2[nH]1,4.502000000000003,0,0.25,1,4,2,"{""number"": ""150.0"", ""relation"": ""="", ""status"": ""VALID""}",365.91100000000006,data/raw/tdc/clearance_hepatocyte_az.tab,CHEMBL1770471,CSCCC(NC(=O)c1sccc1Cl)c1nc2ccccc2[nH]1,150.0,6,Clearance_Hepatocyte_AZ,1082,,VALID,57.78,1
CHEMBL271023,[O-][S+](c1ccccc1)c1ccc2nnnn2n1,150.0,[O-][S+](c1ccccc1)c1ccc2nnnn2n1,0.6859999999999999,0,0.0,1,6,0,"{""number"": ""150.0"", ""relation"": ""="", ""status"": ""VALID""}",245.267,data/raw/tdc/clearance_hepatocyte_az.tab,CHEMBL271023,[O-][S+](c1ccccc1)c1ccc2nnnn2n1,150.0,2,Clearance_Hepatocyte_AZ,1083,,VALID,79.03,1
CHEMBL1807817,O=c1[nH]c2c(O)ccc([C@@H](O)CNCCSCCCOCCc3ccccc3)c2s1,150.0,O=c1[nH]c2c(O)ccc([C@@H](O)CNCCSCCCOCCc3ccccc3)c2s1,3.3008000000000015,0,0.4090909090909091,1,7,4,"{""number"": ""150.0"", ""relation"": ""="", ""status"": ""VALID""}",448.61000000000024,data/raw/tdc/clearance_hepatocyte_az.tab,CHEMBL1807817,O=c1[nH]c2c(O)ccc([C@@H](O)CNCCSCCCOCCc3ccccc3)c2s1,150.0,13,Clearance_Hepatocyte_AZ,1084,,VALID,94.58000000000001,0
CHEMBL51478,COc1ccnc(CSc2nc3ccccc3[nH]2)c1,150.0,COc1ccnc(CSc2nc3ccccc3[nH]2)c1,3.258800000000001,0,0.14285714285714285,1,4,1,"{""number"": ""150.0"", ""relation"": ""="", ""status"": ""VALID""}",271.34499999999997,data/raw/tdc/clearance_hepatocyte_az.tab,CHEMBL51478,COc1ccnc(CSc2nc3ccccc3[nH]2)c1,150.0,4,Clearance_Hepatocyte_AZ,1085,,VALID,50.800000000000004,0
CHEMBL205078,O=C(Nc1cc(-c2ccnc(Nc3ccc(F)cc3)c2)ccn1)C1CCOCC1,150.0,O=C(Nc1cc(-c2ccnc(Nc3ccc(F)cc3)c2)ccn1)C1CCOCC1,4.391400000000003,0,0.22727272727272727,1,5,2,"{""number"": ""150.0"", ""relation"": ""="", ""status"": ""VALID""}",392.4340000000002,data/raw/tdc/clearance_hepatocyte_az.tab,CHEMBL205078,O=C(Nc1cc(-c2ccnc(Nc3ccc(F)cc3)c2)ccn1)C1CCOCC1,150.0,5,Clearance_Hepatocyte_AZ,1086,,VALID,76.14,0
CHEMBL1455229,O=C(NCc1cccnc1)c1cc(-c2ccco2)on1,150.0,O=C(NCc1cccnc1)c1cc(-c2ccco2)on1,2.2596000000000007,0,0.07142857142857142,1,5,1,"{""number"": ""150.0"", ""relation"": ""="", ""status"": ""VALID""}",269.26,data/raw/tdc/clearance_hepatocyte_az.tab,CHEMBL1455229,O=C(NCc1cccnc1)c1cc(-c2ccco2)on1,150.0,4,Clearance_Hepatocyte_AZ,1087,,VALID,81.16000000000001,0
CHEMBL336718,COc1ccc(-c2nc(O)c3ccccc3n2)cc1,150.0,COc1ccc(-c2nc(O)c3ccccc3n2)cc1,3.011000000000001,0,0.06666666666666667,1,4,1,"{""number"": ""150.0"", ""relation"": ""="", ""status"": ""VALID""}",252.27300000000002,data/raw/tdc/clearance_hepatocyte_az.tab,CHEMBL336718,COc1ccc(-c2nc(O)c3ccccc3n2)cc1,150.0,2,Clearance_Hepatocyte_AZ,1088,,VALID,55.24,0
CHEMBL437765,CO[C@H]1/C=C/O[C@@]2(C)Oc3c(C)c(O)c4c(O)c(cc(O)c4c3C2=O)NC(=O)/C(C)=C\C=C\[C@H](C)[C@H](O)[C@@H](C)[C@@H](O)[C@@H](C)[C@H](OC(C)=O)[C@@H]1C,3.0,CO[C@H]1/C=C/O[C@@]2(C)Oc3c(C)c(O)c4c(O)c(cc(O)c4c3C2=O)NC(=O)/C(C)=C\C=C\[C@H](C)[C@H](O)[C@@H](C)[C@@H](O)[C@@H](C)[C@H](OC(C)=O)[C@@H]1C,4.754120000000005,0,0.4864864864864865,1,12,6,"{""number"": ""3.0"", ""relation"": ""="", ""status"": ""VALID""}",697.7780000000002,data/raw/tdc/clearance_hepatocyte_az.tab,CHEMBL437765,CO[C@H]1/C=C/O[C@@]2(C)Oc3c(C)c(O)c4c(O)c(cc(O)c4c3C2=O)NC(=O)/C(C)=C\C=C\[C@H](C)[C@H](O)[C@@H](C)[C@@H](O)[C@@H](C)[C@H](OC(C)=O)[C@@H]1C,3.0,2,Clearance_Hepatocyte_AZ,1089,,VALID,201.30999999999997,0
CHEMBL1689136,C[C@H]1CN(Cc2cc(Cl)ccc2CCC(=O)O)CCN1C(=O)Cc1ccccc1,3.0,C[C@H]1CN(Cc2cc(Cl)ccc2CCC(=O)O)CCN1C(=O)Cc1ccccc1,3.6326000000000027,0,0.391304347826087,1,3,1,"{""number"": ""3.0"", ""relation"": ""="", ""status"": ""VALID""}",414.93300000000016,data/raw/tdc/clearance_hepatocyte_az.tab,CHEMBL1689136,C[C@H]1CN(Cc2cc(Cl)ccc2CCC(=O)O)CCN1C(=O)Cc1ccccc1,3.0,7,Clearance_Hepatocyte_AZ,1090,,VALID,60.85000000000001,0
CHEMBL2158774,Cc1ccc(C[C@@H](C(=O)O)N2CCC(CN3CCC(Oc4ccc(Cl)c(Cl)c4)CC3)CC2)cc1,3.0,Cc1ccc(C[C@@H](C(=O)O)N2CCC(CN3CCC(Oc4ccc(Cl)c(Cl)c4)CC3)CC2)cc1,5.552920000000006,0,0.5185185185185185,1,4,1,"{""number"": ""3.0"", ""relation"": ""="", ""status"": ""VALID""}",505.48600000000033,data/raw/tdc/clearance_hepatocyte_az.tab,CHEMBL2158774,Cc1ccc(C[C@@H](C(=O)O)N2CCC(CN3CCC(Oc4ccc(Cl)c(Cl)c4)CC3)CC2)cc1,3.0,8,Clearance_Hepatocyte_AZ,1091,,VALID,53.010000000000005,0
CHEMBL1669161,C=CCOc1cc(-c2cccc3c(=O)cc(N4CCOCC4)oc23)ccc1NC(=O)CN1CCOCC1,83.18,C=CCOc1cc(-c2cccc3c(=O)cc(N4CCOCC4)oc23)ccc1NC(=O)CN1CCOCC1,3.132100000000001,0,0.35714285714285715,1,8,1,"{""number"": ""83.18"", ""relation"": ""="", ""status"": ""VALID""}",505.5710000000004,data/raw/tdc/clearance_hepatocyte_az.tab,CHEMBL1669161,C=CCOc1cc(-c2cccc3c(=O)cc(N4CCOCC4)oc23)ccc1NC(=O)CN1CCOCC1,83.18,8,Clearance_Hepatocyte_AZ,1092,,VALID,93.47999999999999,0
CHEMBL2137199,OC(c1ccc(-c2ccc(CN3CCN(Cc4ccncc4)CC3)cc2)c(F)c1)(C(F)(F)F)C(F)(F)F,8.71,OC(c1ccc(-c2ccc(CN3CCN(Cc4ccncc4)CC3)cc2)c(F)c1)(C(F)(F)F)C(F)(F)F,5.517700000000004,0,0.34615384615384615,1,4,1,"{""number"": ""8.71"", ""relation"": ""="", ""status"": ""VALID""}",527.484,data/raw/tdc/clearance_hepatocyte_az.tab,CHEMBL2137199,OC(c1ccc(-c2ccc(CN3CCN(Cc4ccncc4)CC3)cc2)c(F)c1)(C(F)(F)F)C(F)(F)F,8.71,6,Clearance_Hepatocyte_AZ,1093,,VALID,39.6,0
CHEMBL1770469,CSCCC(NC(=O)c1cnccn1)c1nc2ccccc2[nH]1,74.0,CSCCC(NC(=O)c1cnccn1)c1nc2ccccc2[nH]1,2.5770999999999997,0,0.25,1,5,2,"{""number"": ""74.0"", ""relation"": ""="", ""status"": ""VALID""}",327.413,data/raw/tdc/clearance_hepatocyte_az.tab,CHEMBL1770469,CSCCC(NC(=O)c1cnccn1)c1nc2ccccc2[nH]1,74.0,6,Clearance_Hepatocyte_AZ,1094,,VALID,83.56,1
CHEMBL2331752,Cc1cn([C@H]2CCCN(S(=O)(=O)c3ccc(O)c(Oc4cc(F)cc(Cl)c4)c3)C2)c(=O)[nH]c1=O,74.13,Cc1cn([C@H]2CCCN(S(=O)(=O)c3ccc(O)c(Oc4cc(F)cc(Cl)c4)c3)C2)c(=O)[nH]c1=O,3.161220000000002,0,0.2727272727272727,1,7,2,"{""number"": ""74.13"", ""relation"": ""="", ""status"": ""VALID""}",509.9430000000002,data/raw/tdc/clearance_hepatocyte_az.tab,CHEMBL2331752,Cc1cn([C@H]2CCCN(S(=O)(=O)c3ccc(O)c(Oc4cc(F)cc(Cl)c4)c3)C2)c(=O)[nH]c1=O,74.13,5,Clearance_Hepatocyte_AZ,1095,,VALID,121.69999999999999,0
CHEMBL216981,CC[C@@H](Nc1c(Nc2cccc(C(=O)N(C)C)c2O)c(=O)c1=O)c1ccc(C)o1,75.93,CC[C@@H](Nc1c(Nc2cccc(C(=O)N(C)C)c2O)c(=O)c1=O)c1ccc(C)o1,2.898220000000001,0,0.2857142857142857,1,7,3,"{""number"": ""75.93"", ""relation"": ""="", ""status"": ""VALID""}",397.43100000000015,data/raw/tdc/clearance_hepatocyte_az.tab,CHEMBL216981,CC[C@@H](Nc1c(Nc2cccc(C(=O)N(C)C)c2O)c(=O)c1=O)c1ccc(C)o1,75.93,7,Clearance_Hepatocyte_AZ,1096,,VALID,111.87999999999998,0
CHEMBL1924047,C[C@@](C(=O)O[C@H]1C[N+]2(CCc3ccccc3)CCC1CC2)(c1ccccc1)N1CCCCC1,76.0,C[C@@](C(=O)O[C@H]1C[N+]2(CCc3ccccc3)CCC1CC2)(c1ccccc1)N1CCCCC1,4.782600000000005,0,0.5517241379310345,1,3,0,"{""number"": ""76.0"", ""relation"": ""="", ""status"": ""VALID""}",447.64300000000037,data/raw/tdc/clearance_hepatocyte_az.tab,CHEMBL1924047,C[C@@](C(=O)O[C@H]1C[N+]2(CCc3ccccc3)CCC1CC2)(c1ccccc1)N1CCCCC1,76.0,7,Clearance_Hepatocyte_AZ,1097,,VALID,29.54,2
CHEMBL652,O=C(NCC1CCCCN1)c1cc(OCC(F)(F)F)ccc1OCC(F)(F)F,3.0,O=C(NCC1CCCCN1)c1cc(OCC(F)(F)F)ccc1OCC(F)(F)F,3.4407000000000014,0,0.5882352941176471,1,4,2,"{""number"": ""3.0"", ""relation"": ""="", ""status"": ""VALID""}",414.34600000000006,data/raw/tdc/clearance_hepatocyte_az.tab,CHEMBL652,O=C(NCC1CCCCN1)c1cc(OCC(F)(F)F)ccc1OCC(F)(F)F,3.0,7,Clearance_Hepatocyte_AZ,1098,,VALID,59.59,1
CHEMBL423,CC(C)NCC(O)COc1ccc(CCOCC2CC2)cc1,3.0,CC(C)NCC(O)COc1ccc(CCOCC2CC2)cc1,2.3933999999999997,0,0.6666666666666666,1,4,2,"{""number"": ""3.0"", ""relation"": ""="", ""status"": ""VALID""}",307.434,data/raw/tdc/clearance_hepatocyte_az.tab,CHEMBL423,CC(C)NCC(O)COc1ccc(CCOCC2CC2)cc1,3.0,11,Clearance_Hepatocyte_AZ,1099,,VALID,50.72,1
CHEMBL1917443,Cc1ccc2c(c1)c(Sc1ccc(S(C)(=O)=O)cc1)c(C)n2CC(=O)O,3.0,Cc1ccc2c(c1)c(Sc1ccc(S(C)(=O)=O)cc1)c(C)n2CC(=O)O,3.897440000000003,0,0.21052631578947367,1,5,1,"{""number"": ""3.0"", ""relation"": ""="", ""status"": ""VALID""}",389.49800000000016,data/raw/tdc/clearance_hepatocyte_az.tab,CHEMBL1917443,Cc1ccc2c(c1)c(Sc1ccc(S(C)(=O)=O)cc1)c(C)n2CC(=O)O,3.0,5,Clearance_Hepatocyte_AZ,1100,,VALID,76.37,0
CHEMBL1470412,Cc1cc(NC(=O)Nc2cccc3ccccc23)no1,95.5,Cc1cc(NC(=O)Nc2cccc3ccccc23)no1,3.7802200000000017,0,0.06666666666666667,1,3,2,"{""number"": ""95.5"", ""relation"": ""="", ""status"": ""VALID""}",267.28800000000007,data/raw/tdc/clearance_hepatocyte_az.tab,CHEMBL1470412,Cc1cc(NC(=O)Nc2cccc3ccccc23)no1,95.5,2,Clearance_Hepatocyte_AZ,1101,,VALID,67.16,0
CHEMBL2086477,C=CC(=O)Nc1ccccc1,30.9,C=CC(=O)Nc1ccccc1,1.8111,0,0.0,1,1,1,"{""number"": ""30.9"", ""relation"": ""="", ""status"": ""VALID""}",147.177,data/raw/tdc/clearance_hepatocyte_az.tab,CHEMBL2086477,C=CC(=O)Nc1ccccc1,30.9,2,Clearance_Hepatocyte_AZ,1102,,VALID,29.1,0
CHEMBL1309788,Cc1ccc(-n2c(C)cc(/C=C3\SC(=O)NC3=O)c2C)cc1,17.78,Cc1ccc(-n2c(C)cc(/C=C3\SC(=O)NC3=O)c2C)cc1,3.726460000000002,0,0.17647058823529413,1,4,1,"{""number"": ""17.78"", ""relation"": ""="", ""status"": ""VALID""}",312.39400000000006,data/raw/tdc/clearance_hepatocyte_az.tab,CHEMBL1309788,Cc1ccc(-n2c(C)cc(/C=C3\SC(=O)NC3=O)c2C)cc1,17.78,2,Clearance_Hepatocyte_AZ,1103,,VALID,51.1,0
CHEMBL345083,CC1CCC2C(C)C(=O)OC3OC4(C)CCC1C32OO4,18.2,CC1CCC2C(C)C(=O)OC3OC4(C)CCC1C32OO4,2.3949000000000007,0,0.9333333333333333,1,5,0,"{""number"": ""18.2"", ""relation"": ""="", ""status"": ""VALID""}",282.33599999999996,data/raw/tdc/clearance_hepatocyte_az.tab,CHEMBL345083,CC1CCC2C(C)C(=O)OC3OC4(C)CCC1C32OO4,18.2,0,Clearance_Hepatocyte_AZ,1104,,VALID,53.99000000000001,7
CHEMBL1738797,CCc1cc2c(cc1N1CCC(N3CCOCC3)CC1)C(C)(C)c1[nH]c3cc(C#N)ccc3c1C2=O,5.01,CCc1cc2c(cc1N1CCC(N3CCOCC3)CC1)C(C)(C)c1[nH]c3cc(C#N)ccc3c1C2=O,4.773280000000004,0,0.4666666666666667,1,5,1,"{""number"": ""5.01"", ""relation"": ""="", ""status"": ""VALID""}",482.62800000000027,data/raw/tdc/clearance_hepatocyte_az.tab,CHEMBL1738797,CCc1cc2c(cc1N1CCC(N3CCOCC3)CC1)C(C)(C)c1[nH]c3cc(C#N)ccc3c1C2=O,5.01,3,Clearance_Hepatocyte_AZ,1105,,VALID,72.36,0
CHEMBL1807827,O=c1[nH]c2c(O)ccc([C@@H](O)CNCCSCCCNCCc3cccc(Cl)c3)c2s1,7.0,O=c1[nH]c2c(O)ccc([C@@H](O)CNCCSCCCNCCc3cccc(Cl)c3)c2s1,3.5272000000000014,0,0.4090909090909091,1,7,5,"{""number"": ""7.0"", ""relation"": ""="", ""status"": ""VALID""}",482.0710000000002,data/raw/tdc/clearance_hepatocyte_az.tab,CHEMBL1807827,O=c1[nH]c2c(O)ccc([C@@H](O)CNCCSCCCNCCc3cccc(Cl)c3)c2s1,7.0,13,Clearance_Hepatocyte_AZ,1106,,VALID,97.38000000000001,0
CHEMBL1916281,Cc1ccc(S(=O)(=O)Nc2c(C(=O)NC(C)C(C)(C)C)c(C)nn2-c2ccccc2)cc1,7.0,Cc1ccc(S(=O)(=O)Nc2c(C(=O)NC(C)C(C)(C)C)c(C)nn2-c2ccccc2)cc1,4.454340000000004,0,0.3333333333333333,1,5,2,"{""number"": ""7.0"", ""relation"": ""="", ""status"": ""VALID""}",454.5960000000002,data/raw/tdc/clearance_hepatocyte_az.tab,CHEMBL1916281,Cc1ccc(S(=O)(=O)Nc2c(C(=O)NC(C)C(C)(C)C)c(C)nn2-c2ccccc2)cc1,7.0,6,Clearance_Hepatocyte_AZ,1107,,VALID,93.09,1
CHEMBL178737,O=C1NC(=O)C(c2cnc3ccccn23)=C1c1cn2c3c(cccc13)CN(C(=O)N1CCOCC1)CC2,38.0,O=C1NC(=O)C(c2cnc3ccccn23)=C1c1cn2c3c(cccc13)CN(C(=O)N1CCOCC1)CC2,2.1239999999999997,0,0.25925925925925924,1,7,1,"{""number"": ""38.0"", ""relation"": ""="", ""status"": ""VALID""}",496.5270000000005,data/raw/tdc/clearance_hepatocyte_az.tab,CHEMBL178737,O=C1NC(=O)C(c2cnc3ccccn23)=C1c1cn2c3c(cccc13)CN(C(=O)N1CCOCC1)CC2,38.0,2,Clearance_Hepatocyte_AZ,1108,,VALID,101.18,0
CHEMBL260091,C[C@@H](O)[C@H](NC(=O)c1ccc(C#Cc2ccc(CN3CCOCC3)cc2)cc1)C(=O)NO,38.9,C[C@@H](O)[C@H](NC(=O)c1ccc(C#Cc2ccc(CN3CCOCC3)cc2)cc1)C(=O)NO,0.9032000000000002,0,0.3333333333333333,1,6,4,"{""number"": ""38.9"", ""relation"": ""="", ""status"": ""VALID""}",437.4960000000002,data/raw/tdc/clearance_hepatocyte_az.tab,CHEMBL260091,C[C@@H](O)[C@H](NC(=O)c1ccc(C#Cc2ccc(CN3CCOCC3)cc2)cc1)C(=O)NO,38.9,6,Clearance_Hepatocyte_AZ,1109,,VALID,111.13000000000001,0
CHEMBL521851,CS(=O)(=O)N1CCN(Cc2cc3nc(-c4cccc5[nH]ncc45)nc(N4CCOCC4)c3s2)CC1,33.11,CS(=O)(=O)N1CCN(Cc2cc3nc(-c4cccc5[nH]ncc45)nc(N4CCOCC4)c3s2)CC1,2.1483999999999996,0,0.43478260869565216,1,9,1,"{""number"": ""33.11"", ""relation"": ""="", ""status"": ""VALID""}",513.6490000000003,data/raw/tdc/clearance_hepatocyte_az.tab,CHEMBL521851,CS(=O)(=O)N1CCN(Cc2cc3nc(-c4cccc5[nH]ncc45)nc(N4CCOCC4)c3s2)CC1,33.11,5,Clearance_Hepatocyte_AZ,1110,,VALID,107.55000000000001,0
CHEMBL173706,CC(C)(C)NCC(O)COc1nsnc1N1CCOCC1,4.57,CC(C)(C)NCC(O)COc1nsnc1N1CCOCC1,0.5024999999999997,0,0.8461538461538461,1,8,2,"{""number"": ""4.57"", ""relation"": ""="", ""status"": ""VALID""}",316.4270000000002,data/raw/tdc/clearance_hepatocyte_az.tab,CHEMBL173706,CC(C)(C)NCC(O)COc1nsnc1N1CCOCC1,4.57,6,Clearance_Hepatocyte_AZ,1111,,VALID,79.74,1
CHEMBL2016681,CC(C)(C)S(=O)(=O)N[C@H]1CC[C@H](C(=O)Nc2ccc(C(F)(F)F)cn2)CC1,5.75,CC(C)(C)S(=O)(=O)N[C@H]1CC[C@H](C(=O)Nc2ccc(C(F)(F)F)cn2)CC1,3.3156000000000017,0,0.6470588235294118,1,4,2,"{""number"": ""5.75"", ""relation"": ""="", ""status"": ""VALID""}",407.4580000000001,data/raw/tdc/clearance_hepatocyte_az.tab,CHEMBL2016681,CC(C)(C)S(=O)(=O)N[C@H]1CC[C@H](C(=O)Nc2ccc(C(F)(F)F)cn2)CC1,5.75,4,Clearance_Hepatocyte_AZ,1112,,VALID,88.16,0
CHEMBL1916282,Cc1ccc(S(=O)(=O)Nc2c(C(=O)N[C@@H](C)C(C)(C)C)c(C)nn2-c2ccccc2)cc1,6.99,Cc1ccc(S(=O)(=O)Nc2c(C(=O)N[C@@H](C)C(C)(C)C)c(C)nn2-c2ccccc2)cc1,4.454340000000004,0,0.3333333333333333,1,5,2,"{""number"": ""6.99"", ""relation"": ""="", ""status"": ""VALID""}",454.5960000000002,data/raw/tdc/clearance_hepatocyte_az.tab,CHEMBL1916282,Cc1ccc(S(=O)(=O)Nc2c(C(=O)N[C@@H](C)C(C)(C)C)c(C)nn2-c2ccccc2)cc1,6.99,6,Clearance_Hepatocyte_AZ,1113,,VALID,93.09,0
CHEMBL1783287,COc1ncccc1-c1cccc2c(N)c3c(nc12)CN(C1CCC1)C3=O,4.88,COc1ncccc1-c1cccc2c(N)c3c(nc12)CN(C1CCC1)C3=O,3.395900000000002,0,0.2857142857142857,1,5,1,"{""number"": ""4.88"", ""relation"": ""="", ""status"": ""VALID""}",360.4170000000002,data/raw/tdc/clearance_hepatocyte_az.tab,CHEMBL1783287,COc1ncccc1-c1cccc2c(N)c3c(nc12)CN(C1CCC1)C3=O,4.88,3,Clearance_Hepatocyte_AZ,1114,,VALID,81.34,0
CHEMBL1346,NC(=O)C(c1ccccc1)(c1ccccc1)[C@@H]1CCN(CCc2ccc3c(c2)CCO3)C1,5.05,NC(=O)C(c1ccccc1)(c1ccccc1)[C@@H]1CCN(CCc2ccc3c(c2)CCO3)C1,3.957500000000003,0,0.32142857142857145,1,3,1,"{""number"": ""5.05"", ""relation"": ""="", ""status"": ""VALID""}",426.5600000000003,data/raw/tdc/clearance_hepatocyte_az.tab,CHEMBL1346,NC(=O)C(c1ccccc1)(c1ccccc1)[C@@H]1CCN(CCc2ccc3c(c2)CCO3)C1,5.05,7,Clearance_Hepatocyte_AZ,1115,,VALID,55.56,0
CHEMBL1835918,Cc1ccc(N2CC(COc3ccc(-c4noc(C)n4)cc3)C2)nn1,6.0,Cc1ccc(N2CC(COc3ccc(-c4noc(C)n4)cc3)C2)nn1,2.65864,0,0.3333333333333333,1,7,0,"{""number"": ""6.0"", ""relation"": ""="", ""status"": ""VALID""}",337.38300000000004,data/raw/tdc/clearance_hepatocyte_az.tab,CHEMBL1835918,Cc1ccc(N2CC(COc3ccc(-c4noc(C)n4)cc3)C2)nn1,6.0,5,Clearance_Hepatocyte_AZ,1116,,VALID,77.17,0
CHEMBL1951032,COc1c(Nc2ccc(S(C)(=O)=O)nc2C)ncnc1OC1CCN(C(=O)OC(C)C)CC1,6.31,COc1c(Nc2ccc(S(C)(=O)=O)nc2C)ncnc1OC1CCN(C(=O)OC(C)C)CC1,2.7239200000000015,0,0.5238095238095238,1,10,1,"{""number"": ""6.31"", ""relation"": ""="", ""status"": ""VALID""}",479.5590000000003,data/raw/tdc/clearance_hepatocyte_az.tab,CHEMBL1951032,COc1c(Nc2ccc(S(C)(=O)=O)nc2C)ncnc1OC1CCN(C(=O)OC(C)C)CC1,6.31,7,Clearance_Hepatocyte_AZ,1117,,VALID,132.83999999999997,0
CHEMBL2337981,CC(C)(C)NC(=O)NCCN1CCC(CO)(CNC(=O)c2cc(Cl)cc(Cl)c2)CC1,7.08,CC(C)(C)NC(=O)NCCN1CCC(CO)(CNC(=O)c2cc(Cl)cc(Cl)c2)CC1,2.8954000000000013,0,0.6190476190476191,1,4,4,"{""number"": ""7.08"", ""relation"": ""="", ""status"": ""VALID""}",459.4180000000001,data/raw/tdc/clearance_hepatocyte_az.tab,CHEMBL2337981,CC(C)(C)NC(=O)NCCN1CCC(CO)(CNC(=O)c2cc(Cl)cc(Cl)c2)CC1,7.08,7,Clearance_Hepatocyte_AZ,1118,,VALID,93.70000000000002,0
CHEMBL260091,C[C@@H](O)[C@H](NC(=O)c1ccc(C#Cc2ccc(CN3CCOCC3)cc2)cc1)C(=O)NO,15.14,C[C@@H](O)[C@H](NC(=O)c1ccc(C#Cc2ccc(CN3CCOCC3)cc2)cc1)C(=O)NO,0.9032000000000002,0,0.3333333333333333,1,6,4,"{""number"": ""15.14"", ""relation"": ""="", ""status"": ""VALID""}",437.4960000000002,data/raw/tdc/clearance_hepatocyte_az.tab,CHEMBL260091,C[C@@H](O)[C@H](NC(=O)c1ccc(C#Cc2ccc(CN3CCOCC3)cc2)cc1)C(=O)NO,15.14,6,Clearance_Hepatocyte_AZ,1119,,VALID,111.13000000000001,0
CHEMBL1868126,COc1cccc2sc(NC(=O)c3ccccc3)nc12,16.0,COc1cccc2sc(NC(=O)c3ccccc3)nc12,3.5572000000000017,0,0.06666666666666667,1,4,1,"{""number"": ""16.0"", ""relation"": ""="", ""status"": ""VALID""}",284.34000000000003,data/raw/tdc/clearance_hepatocyte_az.tab,CHEMBL1868126,COc1cccc2sc(NC(=O)c3ccccc3)nc12,16.0,3,Clearance_Hepatocyte_AZ,1120,,VALID,51.22,0
CHEMBL1963249,C[C@@H]1CN[C@@H](C2CC2)C(=O)N(C)[C@H](C)C(=O)N[C@H](Cc2ccc(F)cc2)C(=O)NCCCc2ccccc2O1,26.92,C[C@@H]1CN[C@@H](C2CC2)C(=O)N(C)[C@H](C)C(=O)N[C@H](Cc2ccc(F)cc2)C(=O)NCCCc2ccccc2O1,2.5980000000000025,0,0.5,1,5,3,"{""number"": ""26.92"", ""relation"": ""="", ""status"": ""VALID""}",538.6640000000003,data/raw/tdc/clearance_hepatocyte_az.tab,CHEMBL1963249,C[C@@H]1CN[C@@H](C2CC2)C(=O)N(C)[C@H](C)C(=O)N[C@H](Cc2ccc(F)cc2)C(=O)NCCCc2ccccc2O1,26.92,3,Clearance_Hepatocyte_AZ,1121,,VALID,99.77000000000001,0
CHEMBL100979,Cc1nc2ccccn2c1-c1ccnc(N)n1,21.38,Cc1nc2ccccn2c1-c1ccnc(N)n1,1.6819199999999996,0,0.08333333333333333,1,5,1,"{""number"": ""21.38"", ""relation"": ""="", ""status"": ""VALID""}",225.25499999999997,data/raw/tdc/clearance_hepatocyte_az.tab,CHEMBL100979,Cc1nc2ccccn2c1-c1ccnc(N)n1,21.38,1,Clearance_Hepatocyte_AZ,1122,,VALID,69.1,0
CHEMBL1929039,Cc1cc(F)ccc1-n1nc(C(F)(F)F)cc1-c1ccc2c(c1)NC(=O)CO2,10.72,Cc1cc(F)ccc1-n1nc(C(F)(F)F)cc1-c1ccc2c(c1)NC(=O)CO2,4.336520000000003,0,0.15789473684210525,1,4,1,"{""number"": ""10.72"", ""relation"": ""="", ""status"": ""VALID""}",391.3240000000001,data/raw/tdc/clearance_hepatocyte_az.tab,CHEMBL1929039,Cc1cc(F)ccc1-n1nc(C(F)(F)F)cc1-c1ccc2c(c1)NC(=O)CO2,10.72,2,Clearance_Hepatocyte_AZ,1123,,VALID,56.150000000000006,0
CHEMBL217899,CCc1nn(C2CCCC2)c2c1CCn1c(-c3cccs3)nnc1-2,6.0,CCc1nn(C2CCCC2)c2c1CCn1c(-c3cccs3)nnc1-2,4.1037000000000035,0,0.5,1,6,0,"{""number"": ""6.0"", ""relation"": ""="", ""status"": ""VALID""}",339.46799999999996,data/raw/tdc/clearance_hepatocyte_az.tab,CHEMBL217899,CCc1nn(C2CCCC2)c2c1CCn1c(-c3cccs3)nnc1-2,6.0,3,Clearance_Hepatocyte_AZ,1124,,VALID,48.53,0
CHEMBL578194,C[C@H](Nc1nc(Nc2cc(C3CC3)[nH]n2)cnc1C#N)c1ccc(F)cn1,7.94,C[C@H](Nc1nc(Nc2cc(C3CC3)[nH]n2)cnc1C#N)c1ccc(F)cn1,3.399580000000001,0,0.2777777777777778,1,7,3,"{""number"": ""7.94"", ""relation"": ""="", ""status"": ""VALID""}",364.38800000000003,data/raw/tdc/clearance_hepatocyte_az.tab,CHEMBL578194,C[C@H](Nc1nc(Nc2cc(C3CC3)[nH]n2)cnc1C#N)c1ccc(F)cn1,7.94,6,Clearance_Hepatocyte_AZ,1125,,VALID,115.2,0
CHEMBL550637,Cc1ccc(C(=O)N2CC3CNCC(C2)O3)cc1NC(=O)CC12CC3CC(CC(C3)C1)C2,16.25,Cc1ccc(C(=O)N2CC3CNCC(C2)O3)cc1NC(=O)CC12CC3CC(CC(C3)C1)C2,3.3528200000000012,0,0.6923076923076923,1,4,2,"{""number"": ""16.25"", ""relation"": ""="", ""status"": ""VALID""}",437.58400000000034,data/raw/tdc/clearance_hepatocyte_az.tab,CHEMBL550637,Cc1ccc(C(=O)N2CC3CNCC(C2)O3)cc1NC(=O)CC12CC3CC(CC(C3)C1)C2,16.25,4,Clearance_Hepatocyte_AZ,1126,,VALID,70.67000000000002,6
CHEMBL1689114,O=C(O)COc1ccc(Cl)cc1CN1CCCN(S(=O)(=O)c2ccccc2)CC1,5.0,O=C(O)COc1ccc(Cl)cc1CN1CCCN(S(=O)(=O)c2ccccc2)CC1,2.700000000000001,0,0.35,1,5,1,"{""number"": ""5.0"", ""relation"": ""="", ""status"": ""VALID""}",438.9330000000001,data/raw/tdc/clearance_hepatocyte_az.tab,CHEMBL1689114,O=C(O)COc1ccc(Cl)cc1CN1CCCN(S(=O)(=O)c2ccccc2)CC1,5.0,7,Clearance_Hepatocyte_AZ,1127,,VALID,87.15,0
CHEMBL54,O=C(CCCN1CCC(O)(c2ccc(Cl)cc2)CC1)c1ccc(F)cc1,14.24,O=C(CCCN1CCC(O)(c2ccc(Cl)cc2)CC1)c1ccc(F)cc1,4.425600000000004,0,0.38095238095238093,1,3,1,"{""number"": ""14.24"", ""relation"": ""="", ""status"": ""VALID""}",375.87100000000015,data/raw/tdc/clearance_hepatocyte_az.tab,CHEMBL54,O=C(CCCN1CCC(O)(c2ccc(Cl)cc2)CC1)c1ccc(F)cc1,14.24,6,Clearance_Hepatocyte_AZ,1128,,VALID,40.540000000000006,0
CHEMBL646,Cc1nnc2n1-c1ccc(Cl)cc1C(c1ccccc1Cl)=NC2,150.0,Cc1nnc2n1-c1ccc(Cl)cc1C(c1ccccc1Cl)=NC2,4.233520000000002,0,0.11764705882352941,1,4,0,"{""number"": ""150.0"", ""relation"": ""="", ""status"": ""VALID""}",343.21700000000004,data/raw/tdc/clearance_hepatocyte_az.tab,CHEMBL646,Cc1nnc2n1-c1ccc(Cl)cc1C(c1ccccc1Cl)=NC2,150.0,1,Clearance_Hepatocyte_AZ,1129,,VALID,43.07,0
CHEMBL1171837,Cc1ccc(C(=O)Nc2ccc(CN3CCN(C)CC3)c(C(F)(F)F)c2)cc1C#Cc1cnc2cccnn12,4.68,Cc1ccc(C(=O)Nc2ccc(CN3CCN(C)CC3)c(C(F)(F)F)c2)cc1C#Cc1cnc2cccnn12,4.456020000000003,0,0.27586206896551724,1,6,1,"{""number"": ""4.68"", ""relation"": ""="", ""status"": ""VALID""}",532.5700000000002,data/raw/tdc/clearance_hepatocyte_az.tab,CHEMBL1171837,Cc1ccc(C(=O)Nc2ccc(CN3CCN(C)CC3)c(C(F)(F)F)c2)cc1C#Cc1cnc2cccnn12,4.68,4,Clearance_Hepatocyte_AZ,1130,,VALID,65.77000000000001,0
CHEMBL1468936,CCOC(=O)c1c(-c2ccccc2)nc2cc(C)ccn12,147.91,CCOC(=O)c1c(-c2ccccc2)nc2cc(C)ccn12,3.4864200000000016,0,0.17647058823529413,1,4,0,"{""number"": ""147.91"", ""relation"": ""="", ""status"": ""VALID""}",280.327,data/raw/tdc/clearance_hepatocyte_az.tab,CHEMBL1468936,CCOC(=O)c1c(-c2ccccc2)nc2cc(C)ccn12,147.91,3,Clearance_Hepatocyte_AZ,1131,,VALID,43.599999999999994,0
CHEMBL1916285,Cc1nn(-c2ccccc2)c(NS(=O)(=O)c2cccc(CN3CCOCC3)c2)c1C(=O)N[C@@H](C)C(C)(C)C,10.0,Cc1nn(-c2ccccc2)c(NS(=O)(=O)c2cccc(CN3CCOCC3)c2)c1C(=O)N[C@@H](C)C(C)(C)C,3.9781200000000023,0,0.42857142857142855,1,7,2,"{""number"": ""10.0"", ""relation"": ""="", ""status"": ""VALID""}",539.7020000000003,data/raw/tdc/clearance_hepatocyte_az.tab,CHEMBL1916285,Cc1nn(-c2ccccc2)c(NS(=O)(=O)c2cccc(CN3CCOCC3)c2)c1C(=O)N[C@@H](C)C(C)(C)C,10.0,8,Clearance_Hepatocyte_AZ,1132,,VALID,105.56,0
CHEMBL1938400,CC(C)(C)c1cc(NC(=O)NCc2ccccc2Sc2ccc3nnc(-c4ccccc4SCCO)n3c2)n(-c2ccc(O)c(Cl)c2)n1,25.12,CC(C)(C)c1cc(NC(=O)NCc2ccccc2Sc2ccc3nnc(-c4ccccc4SCCO)n3c2)n(-c2ccc(O)c(Cl)c2)n1,7.795800000000009,0,0.2,1,10,4,"{""number"": ""25.12"", ""relation"": ""="", ""status"": ""VALID""}",700.2900000000001,data/raw/tdc/clearance_hepatocyte_az.tab,CHEMBL1938400,CC(C)(C)c1cc(NC(=O)NCc2ccccc2Sc2ccc3nnc(-c4ccccc4SCCO)n3c2)n(-c2ccc(O)c(Cl)c2)n1,25.12,10,Clearance_Hepatocyte_AZ,1133,,VALID,129.6,0
CHEMBL2171169,CC(C)N(CCCNC(=O)Nc1ccc(C(C)(C)C)cc1)C[C@H]1O[C@@H](n2cnc3c(N)ncnc32)[C@H](O)[C@@H]1O,26.92,CC(C)N(CCCNC(=O)Nc1ccc(C(C)(C)C)cc1)C[C@H]1O[C@@H](n2cnc3c(N)ncnc32)[C@H](O)[C@@H]1O,2.2473999999999994,0,0.5555555555555556,1,10,5,"{""number"": ""26.92"", ""relation"": ""="", ""status"": ""VALID""}",540.6690000000003,data/raw/tdc/clearance_hepatocyte_az.tab,CHEMBL2171169,CC(C)N(CCCNC(=O)Nc1ccc(C(C)(C)C)cc1)C[C@H]1O[C@@H](n2cnc3c(N)ncnc32)[C@H](O)[C@@H]1O,26.92,9,Clearance_Hepatocyte_AZ,1134,,VALID,163.68,0
CHEMBL1891338,COc1cccc(CNc2nc(NC(C)C)nc3ccsc23)c1OC,150.0,COc1cccc(CNc2nc(NC(C)C)nc3ccsc23)c1OC,4.140900000000002,0,0.3333333333333333,1,7,2,"{""number"": ""150.0"", ""relation"": ""="", ""status"": ""VALID""}",358.4670000000001,data/raw/tdc/clearance_hepatocyte_az.tab,CHEMBL1891338,COc1cccc(CNc2nc(NC(C)C)nc3ccsc23)c1OC,150.0,7,Clearance_Hepatocyte_AZ,1135,,VALID,68.3,0
CHEMBL2147033,O=C1COC2(CCN(S(=O)(=O)c3ccc(-c4ccc5cnccc5c4)cc3)CC2)CN1C1CC1,150.0,O=C1COC2(CCN(S(=O)(=O)c3ccc(-c4ccc5cnccc5c4)cc3)CC2)CN1C1CC1,3.4463000000000017,0,0.38461538461538464,1,5,0,"{""number"": ""150.0"", ""relation"": ""="", ""status"": ""VALID""}",477.5860000000003,data/raw/tdc/clearance_hepatocyte_az.tab,CHEMBL2147033,O=C1COC2(CCN(S(=O)(=O)c3ccc(-c4ccc5cnccc5c4)cc3)CC2)CN1C1CC1,150.0,4,Clearance_Hepatocyte_AZ,1136,,VALID,79.80999999999999,0
CHEMBL1458496,O=C(c1cccc(Cl)c1Cl)N1CCN(c2ccccn2)CC1,150.0,O=C(c1cccc(Cl)c1Cl)N1CCN(c2ccccn2)CC1,3.350800000000002,0,0.25,1,3,0,"{""number"": ""150.0"", ""relation"": ""="", ""status"": ""VALID""}",336.2220000000001,data/raw/tdc/clearance_hepatocyte_az.tab,CHEMBL1458496,O=C(c1cccc(Cl)c1Cl)N1CCN(c2ccccn2)CC1,150.0,2,Clearance_Hepatocyte_AZ,1137,,VALID,36.440000000000005,0
CHEMBL1201182,CO[C@H]1C[C@@H]2CC[C@@H](C)[C@@](O)(O2)C(=O)C(=O)N2CCCC[C@H]2C(=O)O[C@H]([C@H](C)C[C@@H]2CC[C@@H](OC(=O)C(C)(CO)CO)[C@H](OC)C2)CC(=O)[C@H](C)/C=C(\C)[C@@H](O)[C@@H](OC)C(=O)[C@H](C)C[C@H](C)/C=C/C=C/C=C/1C,150.0,CO[C@H]1C[C@@H]2CC[C@@H](C)[C@@](O)(O2)C(=O)C(=O)N2CCCC[C@H]2C(=O)O[C@H]([C@H](C)C[C@@H]2CC[C@@H](OC(=O)C(C)(CO)CO)[C@H](OC)C2)CC(=O)[C@H](C)/C=C(\C)[C@@H](O)[C@@H](OC)C(=O)[C@H](C)C[C@H](C)/C=C/C=C/C=C/1C,5.722400000000009,0,0.75,1,16,4,"{""number"": ""150.0"", ""relation"": ""="", ""status"": ""VALID""}",1030.3029999999999,data/raw/tdc/clearance_hepatocyte_az.tab,CHEMBL1201182,CO[C@H]1C[C@@H]2CC[C@@H](C)[C@@](O)(O2)C(=O)C(=O)N2CCCC[C@H]2C(=O)O[C@H]([C@H](C)C[C@@H]2CC[C@@H](OC(=O)C(C)(CO)CO)[C@H](OC)C2)CC(=O)[C@H](C)/C=C(\C)[C@@H](O)[C@@H](OC)C(=O)[C@H](C)C[C@H](C)/C=C/C=C/C=C/1C,150.0,10,Clearance_Hepatocyte_AZ,1138,,VALID,241.95999999999992,0
CHEMBL38380,O=S(=O)(c1cccc2cnccc12)N1CCCNCC1,150.0,O=S(=O)(c1cccc2cnccc12)N1CCCNCC1,1.2187999999999999,0,0.35714285714285715,1,4,1,"{""number"": ""150.0"", ""relation"": ""="", ""status"": ""VALID""}",291.37600000000003,data/raw/tdc/clearance_hepatocyte_az.tab,CHEMBL38380,O=S(=O)(c1cccc2cnccc12)N1CCCNCC1,150.0,2,Clearance_Hepatocyte_AZ,1139,,VALID,62.300000000000004,0
CHEMBL386630,C[C@]12CC[C@H]3[C@@H](CCC4=CC(=O)CC[C@@]43C)[C@@H]1CC[C@@H]2O,150.0,C[C@]12CC[C@H]3[C@@H](CCC4=CC(=O)CC[C@@]43C)[C@@H]1CC[C@@H]2O,3.879200000000003,0,0.8421052631578947,1,2,1,"{""number"": ""150.0"", ""relation"": ""="", ""status"": ""VALID""}",288.431,data/raw/tdc/clearance_hepatocyte_az.tab,CHEMBL386630,C[C@]12CC[C@H]3[C@@H](CCC4=CC(=O)CC[C@@]43C)[C@@H]1CC[C@@H]2O,150.0,0,Clearance_Hepatocyte_AZ,1140,,VALID,37.3,0
CHEMBL2165066,N#Cc1ccc2ccc(=O)n(CCN3CC[C@@H](NCc4ccc5c(n4)NC(=O)CO5)[C@@H](F)C3)c2c1,16.6,N#Cc1ccc2ccc(=O)n(CCN3CC[C@@H](NCc4ccc5c(n4)NC(=O)CO5)[C@@H](F)C3)c2c1,1.8012799999999989,0,0.36,1,8,2,"{""number"": ""16.6"", ""relation"": ""="", ""status"": ""VALID""}",476.5120000000002,data/raw/tdc/clearance_hepatocyte_az.tab,CHEMBL2165066,N#Cc1ccc2ccc(=O)n(CCN3CC[C@@H](NCc4ccc5c(n4)NC(=O)CO5)[C@@H](F)C3)c2c1,16.6,6,Clearance_Hepatocyte_AZ,1141,,VALID,112.28000000000002,0
CHEMBL1916282,Cc1ccc(S(=O)(=O)Nc2c(C(=O)N[C@@H](C)C(C)(C)C)c(C)nn2-c2ccccc2)cc1,12.15,Cc1ccc(S(=O)(=O)Nc2c(C(=O)N[C@@H](C)C(C)(C)C)c(C)nn2-c2ccccc2)cc1,4.454340000000004,0,0.3333333333333333,1,5,2,"{""number"": ""12.15"", ""relation"": ""="", ""status"": ""VALID""}",454.5960000000002,data/raw/tdc/clearance_hepatocyte_az.tab,CHEMBL1916282,Cc1ccc(S(=O)(=O)Nc2c(C(=O)N[C@@H](C)C(C)(C)C)c(C)nn2-c2ccccc2)cc1,12.15,6,Clearance_Hepatocyte_AZ,1142,,VALID,93.09,0
CHEMBL475534,CCOC(=O)C1=C(C)NC(C)=C(C(=O)OC)C1c1cccc([N+](=O)[O-])c1,75.0,CCOC(=O)C1=C(C)NC(C)=C(C(=O)OC)C1c1cccc([N+](=O)[O-])c1,2.5657000000000005,0,0.3333333333333333,1,7,1,"{""number"": ""75.0"", ""relation"": ""="", ""status"": ""VALID""}",360.36600000000004,data/raw/tdc/clearance_hepatocyte_az.tab,CHEMBL475534,CCOC(=O)C1=C(C)NC(C)=C(C(=O)OC)C1c1cccc([N+](=O)[O-])c1,75.0,5,Clearance_Hepatocyte_AZ,1143,,VALID,107.77000000000001,1
CHEMBL1460615,O=S1(=O)CC(O)C(N2CCC(c3ccccc3)CC2)C1,75.86,O=S1(=O)CC(O)C(N2CCC(c3ccccc3)CC2)C1,1.0238999999999994,0,0.6,1,4,1,"{""number"": ""75.86"", ""relation"": ""="", ""status"": ""VALID""}",295.4040000000001,data/raw/tdc/clearance_hepatocyte_az.tab,CHEMBL1460615,O=S1(=O)CC(O)C(N2CCC(c3ccccc3)CC2)C1,75.86,2,Clearance_Hepatocyte_AZ,1144,,VALID,57.61000000000001,2
CHEMBL1263,OCc1cc(C(O)CNCCCCCCOCCCCc2ccccc2)ccc1O,85.0,OCc1cc(C(O)CNCCCCCCOCCCCc2ccccc2)ccc1O,4.107400000000005,0,0.52,1,5,4,"{""number"": ""85.0"", ""relation"": ""="", ""status"": ""VALID""}",415.57400000000007,data/raw/tdc/clearance_hepatocyte_az.tab,CHEMBL1263,OCc1cc(C(O)CNCCCCCCOCCCCc2ccccc2)ccc1O,85.0,16,Clearance_Hepatocyte_AZ,1145,,VALID,81.95,1
CHEMBL259850,COc1ccc(CNC(=O)Nc2ncc([N+](=O)[O-])s2)cc1,91.0,COc1ccc(CNC(=O)Nc2ncc([N+](=O)[O-])s2)cc1,2.3815999999999997,0,0.16666666666666666,1,6,2,"{""number"": ""91.0"", ""relation"": ""="", ""status"": ""VALID""}",308.319,data/raw/tdc/clearance_hepatocyte_az.tab,CHEMBL259850,COc1ccc(CNC(=O)Nc2ncc([N+](=O)[O-])s2)cc1,91.0,5,Clearance_Hepatocyte_AZ,1146,,VALID,106.39000000000001,0
CHEMBL1405928,c1ccc(CSc2nc3cccnc3[nH]2)cc1,91.0,c1ccc(CSc2nc3cccnc3[nH]2)cc1,3.2502000000000004,0,0.07692307692307693,1,3,1,"{""number"": ""91.0"", ""relation"": ""="", ""status"": ""VALID""}",241.31900000000005,data/raw/tdc/clearance_hepatocyte_az.tab,CHEMBL1405928,c1ccc(CSc2nc3cccnc3[nH]2)cc1,91.0,3,Clearance_Hepatocyte_AZ,1147,,VALID,41.57,0
CHEMBL1924046,CC(C)=CCC[N+]12CCC(CC1)[C@@H](OC(=O)[C@](C)(c1ccccc1)N1CCCCC1)C2,101.0,CC(C)=CCC[N+]12CCC(CC1)[C@@H](OC(=O)[C@](C)(c1ccccc1)N1CCCCC1)C2,4.896200000000005,0,0.6666666666666666,1,3,0,"{""number"": ""101.0"", ""relation"": ""="", ""status"": ""VALID""}",425.6370000000003,data/raw/tdc/clearance_hepatocyte_az.tab,CHEMBL1924046,CC(C)=CCC[N+]12CCC(CC1)[C@@H](OC(=O)[C@](C)(c1ccccc1)N1CCCCC1)C2,101.0,7,Clearance_Hepatocyte_AZ,1148,,VALID,29.54,2
CHEMBL2071614,CC(C)(O)c1ccc(Nc2nc3ccc(C#N)cc3[nH]2)cc1,4.79,CC(C)(O)c1ccc(Nc2nc3ccc(C#N)cc3[nH]2)cc1,3.4055800000000014,0,0.17647058823529413,1,4,3,"{""number"": ""4.79"", ""relation"": ""="", ""status"": ""VALID""}",292.342,data/raw/tdc/clearance_hepatocyte_az.tab,CHEMBL2071614,CC(C)(O)c1ccc(Nc2nc3ccc(C#N)cc3[nH]2)cc1,4.79,3,Clearance_Hepatocyte_AZ,1149,,VALID,84.72999999999999,0
CHEMBL2057371,CC(C)(C)NS(=O)(=O)c1cncc(-c2ccc3nc(NC(=O)NCC(=O)N4CCCC4)nn3c2)c1,4.79,CC(C)(C)NS(=O)(=O)c1cncc(-c2ccc3nc(NC(=O)NCC(=O)N4CCCC4)nn3c2)c1,1.6119999999999997,0,0.4090909090909091,1,8,3,"{""number"": ""4.79"", ""relation"": ""="", ""status"": ""VALID""}",500.5850000000003,data/raw/tdc/clearance_hepatocyte_az.tab,CHEMBL2057371,CC(C)(C)NS(=O)(=O)c1cncc(-c2ccc3nc(NC(=O)NCC(=O)N4CCCC4)nn3c2)c1,4.79,6,Clearance_Hepatocyte_AZ,1150,,VALID,150.69000000000003,0
CHEMBL1947157,O=c1[nH]c2c(O)ccc([C@@H](O)CNCCc3cccc(CNCCc4c(Cl)cccc4Cl)c3)c2s1,5.17,O=c1[nH]c2c(O)ccc([C@@H](O)CNCCc3cccc(CNCCc4c(Cl)cccc4Cl)c3)c2s1,4.800000000000003,0,0.2692307692307692,1,6,5,"{""number"": ""5.17"", ""relation"": ""="", ""status"": ""VALID""}",532.4930000000002,data/raw/tdc/clearance_hepatocyte_az.tab,CHEMBL1947157,O=c1[nH]c2c(O)ccc([C@@H](O)CNCCc3cccc(CNCCc4c(Cl)cccc4Cl)c3)c2s1,5.17,11,Clearance_Hepatocyte_AZ,1151,,VALID,97.38000000000001,0
CHEMBL62136,O=S(=O)(c1ccccc1)N(CC(F)(F)F)c1ccc(C(O)(C(F)(F)F)C(F)(F)F)cc1,5.37,O=S(=O)(c1ccccc1)N(CC(F)(F)F)c1ccc(C(O)(C(F)(F)F)C(F)(F)F)cc1,4.756400000000003,0,0.29411764705882354,1,3,1,"{""number"": ""5.37"", ""relation"": ""="", ""status"": ""VALID""}",481.33599999999996,data/raw/tdc/clearance_hepatocyte_az.tab,CHEMBL62136,O=S(=O)(c1ccccc1)N(CC(F)(F)F)c1ccc(C(O)(C(F)(F)F)C(F)(F)F)cc1,5.37,5,Clearance_Hepatocyte_AZ,1152,,VALID,57.61,0
CHEMBL1077896,CCCN1CCCC[C@H]1C(=O)Nc1c(C)cccc1C,15.49,CCCN1CCCC[C@H]1C(=O)Nc1c(C)cccc1C,3.5064400000000013,0,0.5882352941176471,1,2,1,"{""number"": ""15.49"", ""relation"": ""="", ""status"": ""VALID""}",274.408,data/raw/tdc/clearance_hepatocyte_az.tab,CHEMBL1077896,CCCN1CCCC[C@H]1C(=O)Nc1c(C)cccc1C,15.49,4,Clearance_Hepatocyte_AZ,1153,,VALID,32.34,0
CHEMBL203059,O=C(Nc1cc(-c2ccnc(Nc3ccccc3)c2)ccn1)C1CCOCC1,16.22,O=C(Nc1cc(-c2ccnc(Nc3ccccc3)c2)ccn1)C1CCOCC1,4.252300000000003,0,0.22727272727272727,1,5,2,"{""number"": ""16.22"", ""relation"": ""="", ""status"": ""VALID""}",374.4440000000002,data/raw/tdc/clearance_hepatocyte_az.tab,CHEMBL203059,O=C(Nc1cc(-c2ccnc(Nc3ccccc3)c2)ccn1)C1CCOCC1,16.22,5,Clearance_Hepatocyte_AZ,1154,,VALID,76.14,0
CHEMBL2035021,NC1(c2ccc(-c3nc4ccccn4c3-c3ccccc3)cc2)CCC1,18.2,NC1(c2ccc(-c3nc4ccccn4c3-c3ccccc3)cc2)CCC1,5.006200000000003,0,0.17391304347826086,1,3,1,"{""number"": ""18.2"", ""relation"": ""="", ""status"": ""VALID""}",339.4420000000002,data/raw/tdc/clearance_hepatocyte_az.tab,CHEMBL2035021,NC1(c2ccc(-c3nc4ccccn4c3-c3ccccc3)cc2)CCC1,18.2,3,Clearance_Hepatocyte_AZ,1155,,VALID,43.31999999999999,0
CHEMBL2172001,Cc1nnc(C)c2cc(N3CCN(C(=O)[C@@H]4CCCC[C@H]4C(=O)NC4(C#N)CC4)[C@H](C)C3)ccc12,11.48,Cc1nnc(C)c2cc(N3CCN(C(=O)[C@@H]4CCCC[C@H]4C(=O)NC4(C#N)CC4)[C@H](C)C3)ccc12,3.262520000000002,0,0.5925925925925926,1,6,1,"{""number"": ""11.48"", ""relation"": ""="", ""status"": ""VALID""}",474.60900000000026,data/raw/tdc/clearance_hepatocyte_az.tab,CHEMBL2172001,Cc1nnc(C)c2cc(N3CCN(C(=O)[C@@H]4CCCC[C@H]4C(=O)NC4(C#N)CC4)[C@H](C)C3)ccc12,11.48,4,Clearance_Hepatocyte_AZ,1156,,VALID,102.22,0
CHEMBL423,CC(C)NCC(O)COc1ccc(CCOCC2CC2)cc1,12.0,CC(C)NCC(O)COc1ccc(CCOCC2CC2)cc1,2.3933999999999997,0,0.6666666666666666,1,4,2,"{""number"": ""12.0"", ""relation"": ""="", ""status"": ""VALID""}",307.434,data/raw/tdc/clearance_hepatocyte_az.tab,CHEMBL423,CC(C)NCC(O)COc1ccc(CCOCC2CC2)cc1,12.0,11,Clearance_Hepatocyte_AZ,1157,,VALID,50.72,1
CHEMBL193,COC(=O)C1=C(C)NC(C)=C(C(=O)OC)C1c1ccccc1[N+](=O)[O-],22.39,COC(=O)C1=C(C)NC(C)=C(C(=O)OC)C1c1ccccc1[N+](=O)[O-],2.1756,0,0.29411764705882354,1,7,1,"{""number"": ""22.39"", ""relation"": ""="", ""status"": ""VALID""}",346.33900000000006,data/raw/tdc/clearance_hepatocyte_az.tab,CHEMBL193,COC(=O)C1=C(C)NC(C)=C(C(=O)OC)C1c1ccccc1[N+](=O)[O-],22.39,4,Clearance_Hepatocyte_AZ,1158,,VALID,107.77000000000001,0
CHEMBL23,COc1ccc([C@@H]2Sc3ccccc3N(CCN(C)C)C(=O)[C@@H]2OC(C)=O)cc1,150.0,COc1ccc([C@@H]2Sc3ccccc3N(CCN(C)C)C(=O)[C@@H]2OC(C)=O)cc1,3.368500000000002,0,0.36363636363636365,1,6,0,"{""number"": ""150.0"", ""relation"": ""="", ""status"": ""VALID""}",414.52700000000016,data/raw/tdc/clearance_hepatocyte_az.tab,CHEMBL23,COc1ccc([C@@H]2Sc3ccccc3N(CCN(C)C)C(=O)[C@@H]2OC(C)=O)cc1,150.0,6,Clearance_Hepatocyte_AZ,1159,,VALID,59.080000000000005,0
CHEMBL1916084,Cc1ccc(S(=O)(=O)Nc2c(C(=O)NC3CCCCC3)cnn2-c2ccccc2)cc1,27.0,Cc1ccc(S(=O)(=O)Nc2c(C(=O)NC3CCCCC3)cnn2-c2ccccc2)cc1,4.044020000000003,0,0.30434782608695654,1,5,2,"{""number"": ""27.0"", ""relation"": ""="", ""status"": ""VALID""}",438.55300000000017,data/raw/tdc/clearance_hepatocyte_az.tab,CHEMBL1916084,Cc1ccc(S(=O)(=O)Nc2c(C(=O)NC3CCCCC3)cnn2-c2ccccc2)cc1,27.0,6,Clearance_Hepatocyte_AZ,1160,,VALID,93.09,0
CHEMBL271012,C[C@H](CO)Nc1nc(SCc2ccccc2F)nc2[nH]c(=O)sc12,28.0,C[C@H](CO)Nc1nc(SCc2ccccc2F)nc2[nH]c(=O)sc12,2.6037,0,0.26666666666666666,1,7,3,"{""number"": ""28.0"", ""relation"": ""="", ""status"": ""VALID""}",366.44300000000004,data/raw/tdc/clearance_hepatocyte_az.tab,CHEMBL271012,C[C@H](CO)Nc1nc(SCc2ccccc2F)nc2[nH]c(=O)sc12,28.0,6,Clearance_Hepatocyte_AZ,1161,,VALID,90.9,0
CHEMBL1929039,Cc1cc(F)ccc1-n1nc(C(F)(F)F)cc1-c1ccc2c(c1)NC(=O)CO2,28.18,Cc1cc(F)ccc1-n1nc(C(F)(F)F)cc1-c1ccc2c(c1)NC(=O)CO2,4.336520000000003,0,0.15789473684210525,1,4,1,"{""number"": ""28.18"", ""relation"": ""="", ""status"": ""VALID""}",391.3240000000001,data/raw/tdc/clearance_hepatocyte_az.tab,CHEMBL1929039,Cc1cc(F)ccc1-n1nc(C(F)(F)F)cc1-c1ccc2c(c1)NC(=O)CO2,28.18,2,Clearance_Hepatocyte_AZ,1162,,VALID,56.150000000000006,0
CHEMBL2062774,CCOc1noc2cc(OCCC3CCN(c4ccc(C)nn4)CC3)ccc12,29.51,CCOc1noc2cc(OCCC3CCN(c4ccc(C)nn4)CC3)ccc12,4.010420000000003,0,0.47619047619047616,1,7,0,"{""number"": ""29.51"", ""relation"": ""="", ""status"": ""VALID""}",382.4640000000001,data/raw/tdc/clearance_hepatocyte_az.tab,CHEMBL2062774,CCOc1noc2cc(OCCC3CCN(c4ccc(C)nn4)CC3)ccc12,29.51,7,Clearance_Hepatocyte_AZ,1163,,VALID,73.51000000000002,0
CHEMBL1643200,Cc1cc(CN2Cc3ccccc3C[C@H]2C(=O)Nc2ccc(Cl)cc2Cl)ccc1OCC(=O)O,31.0,Cc1cc(CN2Cc3ccccc3C[C@H]2C(=O)Nc2ccc(Cl)cc2Cl)ccc1OCC(=O)O,5.3308200000000046,0,0.23076923076923078,1,4,2,"{""number"": ""31.0"", ""relation"": ""="", ""status"": ""VALID""}",499.3940000000003,data/raw/tdc/clearance_hepatocyte_az.tab,CHEMBL1643200,Cc1cc(CN2Cc3ccccc3C[C@H]2C(=O)Nc2ccc(Cl)cc2Cl)ccc1OCC(=O)O,31.0,7,Clearance_Hepatocyte_AZ,1164,,VALID,78.87,0
CHEMBL682,CCN(CC)Cc1cc(Nc2ccnc3cc(Cl)ccc23)ccc1O,32.36,CCN(CC)Cc1cc(Nc2ccnc3cc(Cl)ccc23)ccc1O,5.179200000000004,0,0.25,1,4,2,"{""number"": ""32.36"", ""relation"": ""="", ""status"": ""VALID""}",355.8690000000001,data/raw/tdc/clearance_hepatocyte_az.tab,CHEMBL682,CCN(CC)Cc1cc(Nc2ccnc3cc(Cl)ccc23)ccc1O,32.36,6,Clearance_Hepatocyte_AZ,1165,,VALID,48.39,0
CHEMBL2179280,CCC(CC)C[C@H](c1ccc(C(=O)O)c(Oc2cccc(Cl)c2)c1)N1CCC[C@H](n2cc(C)c(=O)[nH]c2=O)C1,36.31,CCC(CC)C[C@H](c1ccc(C(=O)O)c(Oc2cccc(Cl)c2)c1)N1CCC[C@H](n2cc(C)c(=O)[nH]c2=O)C1,6.193420000000006,0,0.43333333333333335,1,6,2,"{""number"": ""36.31"", ""relation"": ""="", ""status"": ""VALID""}",554.0870000000002,data/raw/tdc/clearance_hepatocyte_az.tab,CHEMBL2179280,CCC(CC)C[C@H](c1ccc(C(=O)O)c(Oc2cccc(Cl)c2)c1)N1CCC[C@H](n2cc(C)c(=O)[nH]c2=O)C1,36.31,10,Clearance_Hepatocyte_AZ,1166,,VALID,104.63,0
CHEMBL1924032,CC(C(=O)OC1CC[N+](C)(C)CC1)(c1ccccc1)N1CCC(F)(F)CC1,38.0,CC(C(=O)OC1CC[N+](C)(C)CC1)(c1ccccc1)N1CCC(F)(F)CC1,3.414900000000002,0,0.6666666666666666,1,3,0,"{""number"": ""38.0"", ""relation"": ""="", ""status"": ""VALID""}",381.4870000000002,data/raw/tdc/clearance_hepatocyte_az.tab,CHEMBL1924032,CC(C(=O)OC1CC[N+](C)(C)CC1)(c1ccccc1)N1CCC(F)(F)CC1,38.0,4,Clearance_Hepatocyte_AZ,1167,,VALID,29.54,1
CHEMBL2070950,N#CC1(NC(=O)[C@@H]2CCCC[C@H]2C(=O)N2CCN(c3nc4ccncc4s3)CC2)CC1,4.9,N#CC1(NC(=O)[C@@H]2CCCC[C@H]2C(=O)N2CCN(c3nc4ccncc4s3)CC2)CC1,2.3186799999999996,0,0.5909090909090909,1,7,1,"{""number"": ""4.9"", ""relation"": ""="", ""status"": ""VALID""}",438.5570000000002,data/raw/tdc/clearance_hepatocyte_az.tab,CHEMBL2070950,N#CC1(NC(=O)[C@@H]2CCCC[C@H]2C(=O)N2CCN(c3nc4ccncc4s3)CC2)CC1,4.9,4,Clearance_Hepatocyte_AZ,1168,,VALID,102.22,0
CHEMBL2057372,CC(C)(C)NS(=O)(=O)c1cncc(-c2ccc3nc(NC(=O)NCC(=O)N4CCOCC4)nn3c2)c1,5.0,CC(C)(C)NS(=O)(=O)c1cncc(-c2ccc3nc(NC(=O)NCC(=O)N4CCOCC4)nn3c2)c1,0.8484000000000012,0,0.4090909090909091,1,9,3,"{""number"": ""5.0"", ""relation"": ""="", ""status"": ""VALID""}",516.5840000000004,data/raw/tdc/clearance_hepatocyte_az.tab,CHEMBL2057372,CC(C)(C)NS(=O)(=O)c1cncc(-c2ccc3nc(NC(=O)NCC(=O)N4CCOCC4)nn3c2)c1,5.0,6,Clearance_Hepatocyte_AZ,1169,,VALID,159.92,0
CHEMBL108,NC(=O)N1c2ccccc2C=Cc2ccccc21,5.25,NC(=O)N1c2ccccc2C=Cc2ccccc21,3.3872000000000018,0,0.0,1,1,1,"{""number"": ""5.25"", ""relation"": ""="", ""status"": ""VALID""}",236.274,data/raw/tdc/clearance_hepatocyte_az.tab,CHEMBL108,NC(=O)N1c2ccccc2C=Cc2ccccc21,5.25,0,Clearance_Hepatocyte_AZ,1170,,VALID,46.330000000000005,0
CHEMBL1164184,O=C(Nc1ncc(F)s1)C(CC1CCOCC1)c1ccc(S(=O)(=O)C2CC2)cc1,5.5,O=C(Nc1ncc(F)s1)C(CC1CCOCC1)c1ccc(S(=O)(=O)C2CC2)cc1,3.7573000000000025,0,0.5,1,6,1,"{""number"": ""5.5"", ""relation"": ""="", ""status"": ""VALID""}",438.54600000000016,data/raw/tdc/clearance_hepatocyte_az.tab,CHEMBL1164184,O=C(Nc1ncc(F)s1)C(CC1CCOCC1)c1ccc(S(=O)(=O)C2CC2)cc1,5.5,7,Clearance_Hepatocyte_AZ,1171,,VALID,85.35999999999999,1
CHEMBL2336319,COc1ccc(-c2ccc3c(N4CCOC[C@@H]4C)nc(N4CCOC[C@@H]4C)nc3n2)cc1C(C)O,38.02,COc1ccc(-c2ccc3c(N4CCOC[C@@H]4C)nc(N4CCOC[C@@H]4C)nc3n2)cc1C(C)O,3.203900000000002,0,0.5,1,9,1,"{""number"": ""38.02"", ""relation"": ""="", ""status"": ""VALID""}",479.58100000000024,data/raw/tdc/clearance_hepatocyte_az.tab,CHEMBL2336319,COc1ccc(-c2ccc3c(N4CCOC[C@@H]4C)nc(N4CCOC[C@@H]4C)nc3n2)cc1C(C)O,38.02,5,Clearance_Hepatocyte_AZ,1172,,VALID,93.07000000000001,1
CHEMBL1896341,Cc1ccc(CNC(=O)C2CCCN2S(=O)(=O)c2ccc(F)cc2)cc1,150.0,Cc1ccc(CNC(=O)C2CCCN2S(=O)(=O)c2ccc(F)cc2)cc1,2.603620000000001,0,0.3157894736842105,1,3,1,"{""number"": ""150.0"", ""relation"": ""="", ""status"": ""VALID""}",376.45300000000003,data/raw/tdc/clearance_hepatocyte_az.tab,CHEMBL1896341,Cc1ccc(CNC(=O)C2CCCN2S(=O)(=O)c2ccc(F)cc2)cc1,150.0,5,Clearance_Hepatocyte_AZ,1173,,VALID,66.48,1
CHEMBL2070942,CC(C)(C)c1csc(N2CCN(C(=O)[C@@H]3CCCC[C@H]3C(=O)NC3(C#N)CC3)CC2)n1,150.0,CC(C)(C)c1csc(N2CCN(C(=O)[C@@H]3CCCC[C@H]3C(=O)NC3(C#N)CC3)CC2)n1,3.0679800000000013,0,0.7391304347826086,1,6,1,"{""number"": ""150.0"", ""relation"": ""="", ""status"": ""VALID""}",443.6170000000003,data/raw/tdc/clearance_hepatocyte_az.tab,CHEMBL2070942,CC(C)(C)c1csc(N2CCN(C(=O)[C@@H]3CCCC[C@H]3C(=O)NC3(C#N)CC3)CC2)n1,150.0,4,Clearance_Hepatocyte_AZ,1174,,VALID,89.33,0
CHEMBL1800660,CCCCN(CCNC[C@H](O)c1ccc(O)c2[nH]c(=O)sc12)C(=O)CCOCCc1ccccc1,150.0,CCCCN(CCNC[C@H](O)c1ccc(O)c2[nH]c(=O)sc12)C(=O)CCOCCc1ccccc1,3.1963000000000017,0,0.46153846153846156,1,7,4,"{""number"": ""150.0"", ""relation"": ""="", ""status"": ""VALID""}",501.6490000000004,data/raw/tdc/clearance_hepatocyte_az.tab,CHEMBL1800660,CCCCN(CCNC[C@H](O)c1ccc(O)c2[nH]c(=O)sc12)C(=O)CCOCCc1ccccc1,150.0,15,Clearance_Hepatocyte_AZ,1175,,VALID,114.89,0
CHEMBL561771,COc1cccc(NC(=O)c2cccc(Cc3c(C)nn(CCO)c3-c3ccccc3)c2)c1,150.0,COc1cccc(NC(=O)c2cccc(Cc3c(C)nn(CCO)c3-c3ccccc3)c2)c1,4.702520000000003,0,0.18518518518518517,1,5,2,"{""number"": ""150.0"", ""relation"": ""="", ""status"": ""VALID""}",441.5310000000001,data/raw/tdc/clearance_hepatocyte_az.tab,CHEMBL561771,COc1cccc(NC(=O)c2cccc(Cc3c(C)nn(CCO)c3-c3ccccc3)c2)c1,150.0,8,Clearance_Hepatocyte_AZ,1176,,VALID,76.38,0
CHEMBL2336324,C[C@H]1COCCN1c1nc(N2CCOC[C@@H]2C)c2ccc(-c3ccc4nc[nH]c(=O)c4c3)nc2n1,150.0,C[C@H]1COCCN1c1nc(N2CCOC[C@@H]2C)c2ccc(-c3ccc4nc[nH]c(=O)c4c3)nc2n1,2.3785,0,0.4,1,9,1,"{""number"": ""150.0"", ""relation"": ""="", ""status"": ""VALID""}",473.53700000000015,data/raw/tdc/clearance_hepatocyte_az.tab,CHEMBL2336324,C[C@H]1COCCN1c1nc(N2CCOC[C@@H]2C)c2ccc(-c3ccc4nc[nH]c(=O)c4c3)nc2n1,150.0,3,Clearance_Hepatocyte_AZ,1177,,VALID,109.35999999999999,0
CHEMBL31815,C=CC(=O)Nc1ccc2ncnc(Nc3cccc(C)c3)c2c1,15.49,C=CC(=O)Nc1ccc2ncnc(Nc3cccc(C)c3)c2c1,3.8063200000000013,0,0.05555555555555555,1,4,2,"{""number"": ""15.49"", ""relation"": ""="", ""status"": ""VALID""}",304.35300000000007,data/raw/tdc/clearance_hepatocyte_az.tab,CHEMBL31815,C=CC(=O)Nc1ccc2ncnc(Nc3cccc(C)c3)c2c1,15.49,4,Clearance_Hepatocyte_AZ,1178,,VALID,66.91,0
CHEMBL714,CC(C)(C)NCC(O)c1ccc(O)c(CO)c1,12.0,CC(C)(C)NCC(O)c1ccc(O)c(CO)c1,1.3059999999999998,0,0.5384615384615384,1,4,4,"{""number"": ""12.0"", ""relation"": ""="", ""status"": ""VALID""}",239.315,data/raw/tdc/clearance_hepatocyte_az.tab,CHEMBL714,CC(C)(C)NCC(O)c1ccc(O)c(CO)c1,12.0,4,Clearance_Hepatocyte_AZ,1179,,VALID,72.72,1
CHEMBL2153595,FC(F)(F)Oc1ccc(-c2nnc(CCCCc3ccc4cccnc4n3)o2)cc1Cl,24.55,FC(F)(F)Oc1ccc(-c2nnc(CCCCc3ccc4cccnc4n3)o2)cc1Cl,5.797200000000004,0,0.23809523809523808,1,6,0,"{""number"": ""24.55"", ""relation"": ""="", ""status"": ""VALID""}",448.8320000000001,data/raw/tdc/clearance_hepatocyte_az.tab,CHEMBL2153595,FC(F)(F)Oc1ccc(-c2nnc(CCCCc3ccc4cccnc4n3)o2)cc1Cl,24.55,7,Clearance_Hepatocyte_AZ,1180,,VALID,73.93,0
CHEMBL255536,COc1ccc(CC(=O)NC(N/C(=N/C#N)Nc2ccccc2C)C(C)(C)C)cc1OC,26.0,COc1ccc(CC(=O)NC(N/C(=N/C#N)Nc2ccccc2C)C(C)(C)C)cc1OC,3.581900000000002,0,0.375,1,5,3,"{""number"": ""26.0"", ""relation"": ""="", ""status"": ""VALID""}",437.54400000000027,data/raw/tdc/clearance_hepatocyte_az.tab,CHEMBL255536,COc1ccc(CC(=O)NC(N/C(=N/C#N)Nc2ccccc2C)C(C)(C)C)cc1OC,26.0,7,Clearance_Hepatocyte_AZ,1181,,VALID,107.77,1
CHEMBL16073,CCOc1ccc(NC(C)=O)cc1,26.92,CCOc1ccc(NC(C)=O)cc1,2.0437,0,0.3,1,2,1,"{""number"": ""26.92"", ""relation"": ""="", ""status"": ""VALID""}",179.219,data/raw/tdc/clearance_hepatocyte_az.tab,CHEMBL16073,CCOc1ccc(NC(C)=O)cc1,26.92,3,Clearance_Hepatocyte_AZ,1182,,VALID,38.33,0
CHEMBL272842,O=C(O)[C@H](Cc1ccccc1)N1CCC(CN2CCC(Oc3ccc(CO)c(Cl)c3)CC2)CC1,28.0,O=C(O)[C@H](Cc1ccccc1)N1CCC(CN2CCC(Oc3ccc(CO)c(Cl)c3)CC2)CC1,4.083400000000004,0,0.5185185185185185,1,5,2,"{""number"": ""28.0"", ""relation"": ""="", ""status"": ""VALID""}",487.0400000000003,data/raw/tdc/clearance_hepatocyte_az.tab,CHEMBL272842,O=C(O)[C@H](Cc1ccccc1)N1CCC(CN2CCC(Oc3ccc(CO)c(Cl)c3)CC2)CC1,28.0,9,Clearance_Hepatocyte_AZ,1183,,VALID,73.24000000000001,0
CHEMBL244521,CC(C)c1nc2ccc(-c3ccc(F)cc3)cc2c(=O)n1C[C@H]1CCCN(C(C)C)C1,29.51,CC(C)c1nc2ccc(-c3ccc(F)cc3)cc2c(=O)n1C[C@H]1CCCN(C(C)C)C1,5.446400000000006,0,0.46153846153846156,1,4,0,"{""number"": ""29.51"", ""relation"": ""="", ""status"": ""VALID""}",421.5600000000003,data/raw/tdc/clearance_hepatocyte_az.tab,CHEMBL244521,CC(C)c1nc2ccc(-c3ccc(F)cc3)cc2c(=O)n1C[C@H]1CCCN(C(C)C)C1,29.51,5,Clearance_Hepatocyte_AZ,1184,,VALID,38.13,0
CHEMBL1088913,NCCCCN(Cc1nc2ccccc2[nH]1)C1CCCc2cccnc21,30.72,NCCCCN(Cc1nc2ccccc2[nH]1)C1CCCc2cccnc21,3.5764000000000022,0,0.42857142857142855,1,4,2,"{""number"": ""30.72"", ""relation"": ""="", ""status"": ""VALID""}",349.4820000000002,data/raw/tdc/clearance_hepatocyte_az.tab,CHEMBL1088913,NCCCCN(Cc1nc2ccccc2[nH]1)C1CCCc2cccnc21,30.72,7,Clearance_Hepatocyte_AZ,1185,,VALID,70.83,1
CHEMBL1240967,CC(C)(Cc1cccc(CC(=O)NCc2cccc(-c3ccc(O)cc3)c2)c1)NC[C@H](O)c1ccc(O)c(NS(C)(=O)=O)c1,37.0,CC(C)(Cc1cccc(CC(=O)NCc2cccc(-c3ccc(O)cc3)c2)c1)NC[C@H](O)c1ccc(O)c(NS(C)(=O)=O)c1,4.6395000000000035,0,0.2647058823529412,1,7,6,"{""number"": ""37.0"", ""relation"": ""="", ""status"": ""VALID""}",617.7680000000003,data/raw/tdc/clearance_hepatocyte_az.tab,CHEMBL1240967,CC(C)(Cc1cccc(CC(=O)NCc2cccc(-c3ccc(O)cc3)c2)c1)NC[C@H](O)c1ccc(O)c(NS(C)(=O)=O)c1,37.0,13,Clearance_Hepatocyte_AZ,1186,,VALID,147.99,0
CHEMBL6966,COc1ccc(CCN(C)CCCC(C#N)(c2ccc(OC)c(OC)c2)C(C)C)cc1OC,104.71,COc1ccc(CCN(C)CCCC(C#N)(c2ccc(OC)c(OC)c2)C(C)C)cc1OC,5.093080000000005,0,0.5185185185185185,1,6,0,"{""number"": ""104.71"", ""relation"": ""="", ""status"": ""VALID""}",454.6110000000002,data/raw/tdc/clearance_hepatocyte_az.tab,CHEMBL6966,COc1ccc(CCN(C)CCCC(C#N)(c2ccc(OC)c(OC)c2)C(C)C)cc1OC,104.71,13,Clearance_Hepatocyte_AZ,1187,,VALID,63.95,1
CHEMBL412142,Cc1c[nH]c(-c2cnc(NCCNc3ccc(C#N)cn3)nc2-c2ccc(Cl)cc2Cl)n1,108.0,Cc1c[nH]c(-c2cnc(NCCNc3ccc(C#N)cn3)nc2-c2ccc(Cl)cc2Cl)n1,4.939600000000002,0,0.13636363636363635,1,7,3,"{""number"": ""108.0"", ""relation"": ""="", ""status"": ""VALID""}",465.3480000000001,data/raw/tdc/clearance_hepatocyte_az.tab,CHEMBL412142,Cc1c[nH]c(-c2cnc(NCCNc3ccc(C#N)cn3)nc2-c2ccc(Cl)cc2Cl)n1,108.0,7,Clearance_Hepatocyte_AZ,1188,,VALID,115.2,0
CHEMBL2098183,COc1ccc2nc(C)cc(OCC(=O)NCc3ccccc3)c2c1,120.23,COc1ccc2nc(C)cc(OCC(=O)NCc3ccccc3)c2c1,3.247020000000002,0,0.2,1,4,1,"{""number"": ""120.23"", ""relation"": ""="", ""status"": ""VALID""}",336.391,data/raw/tdc/clearance_hepatocyte_az.tab,CHEMBL2098183,COc1ccc2nc(C)cc(OCC(=O)NCc3ccccc3)c2c1,120.23,6,Clearance_Hepatocyte_AZ,1189,,VALID,60.45,0
CHEMBL1608462,Cc1cc(C)c(CNC(=O)c2cc(C3CC3)nc3c2cnn3C(C)C)c(O)n1,128.82,Cc1cc(C)c(CNC(=O)c2cc(C3CC3)nc3c2cnn3C(C)C)c(O)n1,3.5370400000000024,0,0.42857142857142855,1,6,2,"{""number"": ""128.82"", ""relation"": ""="", ""status"": ""VALID""}",379.46400000000006,data/raw/tdc/clearance_hepatocyte_az.tab,CHEMBL1608462,Cc1cc(C)c(CNC(=O)c2cc(C3CC3)nc3c2cnn3C(C)C)c(O)n1,128.82,5,Clearance_Hepatocyte_AZ,1190,,VALID,92.93,0
CHEMBL2323239,O=C(CSc1nc2c(c(=O)n1-c1ccccc1)SCC2)Nc1ncc(-c2ccccc2)s1,128.82,O=C(CSc1nc2c(c(=O)n1-c1ccccc1)SCC2)Nc1ncc(-c2ccccc2)s1,4.735000000000003,0,0.13043478260869565,1,8,1,"{""number"": ""128.82"", ""relation"": ""="", ""status"": ""VALID""}",478.6240000000002,data/raw/tdc/clearance_hepatocyte_az.tab,CHEMBL2323239,O=C(CSc1nc2c(c(=O)n1-c1ccccc1)SCC2)Nc1ncc(-c2ccccc2)s1,128.82,6,Clearance_Hepatocyte_AZ,1191,,VALID,76.88,0
CHEMBL1290284,COc1cc(C(=O)OCCCCNC(=N)N)cc(OC)c1O,138.04,COc1cc(C(=O)OCCCCNC(=N)N)cc(OC)c1O,0.8294699999999999,0,0.42857142857142855,1,6,4,"{""number"": ""138.04"", ""relation"": ""="", ""status"": ""VALID""}",311.338,data/raw/tdc/clearance_hepatocyte_az.tab,CHEMBL1290284,COc1cc(C(=O)OCCCCNC(=N)N)cc(OC)c1O,138.04,8,Clearance_Hepatocyte_AZ,1192,,VALID,126.89,1
CHEMBL1490317,Cc1cc(C)nc(SCC(=O)Nc2cc(C)on2)n1,141.25,Cc1cc(C)nc(SCC(=O)Nc2cc(C)on2)n1,2.12066,0,0.3333333333333333,1,6,1,"{""number"": ""141.25"", ""relation"": ""="", ""status"": ""VALID""}",278.337,data/raw/tdc/clearance_hepatocyte_az.tab,CHEMBL1490317,Cc1cc(C)nc(SCC(=O)Nc2cc(C)on2)n1,141.25,4,Clearance_Hepatocyte_AZ,1193,,VALID,80.91000000000001,0
CHEMBL1890087,CC(C)Nc1nc(NCc2ccccc2)c2sccc2n1,144.54,CC(C)Nc1nc(NCc2ccccc2)c2sccc2n1,4.123700000000002,0,0.25,1,5,2,"{""number"": ""144.54"", ""relation"": ""="", ""status"": ""VALID""}",298.4150000000001,data/raw/tdc/clearance_hepatocyte_az.tab,CHEMBL1890087,CC(C)Nc1nc(NCc2ccccc2)c2sccc2n1,144.54,5,Clearance_Hepatocyte_AZ,1194,,VALID,49.84,0
CHEMBL841,CN(C)C(=O)C(CCN1CCC(O)(c2ccc(Cl)cc2)CC1)(c1ccccc1)c1ccccc1,13.8,CN(C)C(=O)C(CCN1CCC(O)(c2ccc(Cl)cc2)CC1)(c1ccccc1)c1ccccc1,5.088000000000005,0,0.3448275862068966,1,3,1,"{""number"": ""13.8"", ""relation"": ""="", ""status"": ""VALID""}",477.0480000000002,data/raw/tdc/clearance_hepatocyte_az.tab,CHEMBL841,CN(C)C(=O)C(CCN1CCC(O)(c2ccc(Cl)cc2)CC1)(c1ccccc1)c1ccccc1,13.8,7,Clearance_Hepatocyte_AZ,1195,,VALID,43.78,0
CHEMBL472,COc1ccc(Cl)cc1C(=O)NCCc1ccc(S(=O)(=O)NC(=O)NC2CCCCC2)cc1,14.45,COc1ccc(Cl)cc1C(=O)NCCc1ccc(S(=O)(=O)NC(=O)NC2CCCCC2)cc1,3.641700000000003,0,0.391304347826087,1,5,3,"{""number"": ""14.45"", ""relation"": ""="", ""status"": ""VALID""}",494.0130000000003,data/raw/tdc/clearance_hepatocyte_az.tab,CHEMBL472,COc1ccc(Cl)cc1C(=O)NCCc1ccc(S(=O)(=O)NC(=O)NC2CCCCC2)cc1,14.45,8,Clearance_Hepatocyte_AZ,1196,,VALID,113.6,0
CHEMBL192,CCCc1nn(C)c2c(=O)[nH]c(-c3cc(S(=O)(=O)N4CCN(C)CC4)ccc3OCC)nc12,150.0,CCCc1nn(C)c2c(=O)[nH]c(-c3cc(S(=O)(=O)N4CCN(C)CC4)ccc3OCC)nc12,1.6109,0,0.5,1,8,1,"{""number"": ""150.0"", ""relation"": ""="", ""status"": ""VALID""}",474.5870000000004,data/raw/tdc/clearance_hepatocyte_az.tab,CHEMBL192,CCCc1nn(C)c2c(=O)[nH]c(-c3cc(S(=O)(=O)N4CCN(C)CC4)ccc3OCC)nc12,150.0,7,Clearance_Hepatocyte_AZ,1197,,VALID,113.41999999999999,0
CHEMBL1789155,N#Cc1ccc(Cl)cc1S[C@H](CCN)c1ccccc1,150.0,N#Cc1ccc(Cl)cc1S[C@H](CCN)c1ccccc1,4.393880000000003,0,0.1875,1,3,1,"{""number"": ""150.0"", ""relation"": ""="", ""status"": ""VALID""}",302.83,data/raw/tdc/clearance_hepatocyte_az.tab,CHEMBL1789155,N#Cc1ccc(Cl)cc1S[C@H](CCN)c1ccccc1,150.0,5,Clearance_Hepatocyte_AZ,1198,,VALID,49.81,0
CHEMBL103482,CCOC(=O)c1cnc2c(N)cccc2c1O,150.0,CCOC(=O)c1cnc2c(N)cccc2c1O,1.6993,0,0.16666666666666666,1,5,2,"{""number"": ""150.0"", ""relation"": ""="", ""status"": ""VALID""}",232.239,data/raw/tdc/clearance_hepatocyte_az.tab,CHEMBL103482,CCOC(=O)c1cnc2c(N)cccc2c1O,150.0,2,Clearance_Hepatocyte_AZ,1199,,VALID,85.44,0
CHEMBL2069623,Nc1ncnc2c1c(COc1cccc(Cl)c1)nn2C1CCOCC1,150.0,Nc1ncnc2c1c(COc1cccc(Cl)c1)nn2C1CCOCC1,2.992400000000001,0,0.35294117647058826,1,7,1,"{""number"": ""150.0"", ""relation"": ""="", ""status"": ""VALID""}",359.8170000000002,data/raw/tdc/clearance_hepatocyte_az.tab,CHEMBL2069623,Nc1ncnc2c1c(COc1cccc(Cl)c1)nn2C1CCOCC1,150.0,4,Clearance_Hepatocyte_AZ,1200,,VALID,88.08,0
CHEMBL1534781,COc1cnc(-c2ccccn2)nc1N(C)c1ccccc1,150.0,COc1cnc(-c2ccccn2)nc1N(C)c1ccccc1,3.315100000000002,0,0.11764705882352941,1,5,0,"{""number"": ""150.0"", ""relation"": ""="", ""status"": ""VALID""}",292.342,data/raw/tdc/clearance_hepatocyte_az.tab,CHEMBL1534781,COc1cnc(-c2ccccn2)nc1N(C)c1ccccc1,150.0,4,Clearance_Hepatocyte_AZ,1201,,VALID,51.14000000000001,0
CHEMBL495383,O=C(Nc1cccc(CCO)c1)c1cc2cc(Cl)ccc2[nH]1,150.0,O=C(Nc1cccc(CCO)c1)c1cc2cc(Cl)ccc2[nH]1,3.6084000000000014,0,0.11764705882352941,1,2,3,"{""number"": ""150.0"", ""relation"": ""="", ""status"": ""VALID""}",314.772,data/raw/tdc/clearance_hepatocyte_az.tab,CHEMBL495383,O=C(Nc1cccc(CCO)c1)c1cc2cc(Cl)ccc2[nH]1,150.0,4,Clearance_Hepatocyte_AZ,1202,,VALID,65.12,0
CHEMBL13817,CC(C)(N)C(=O)N[C@H](COCc1ccccc1)C(=O)N1CCC2(CC1)CN(S(C)(=O)=O)c1ccccc12,14.45,CC(C)(N)C(=O)N[C@H](COCc1ccccc1)C(=O)N1CCC2(CC1)CN(S(C)(=O)=O)c1ccccc12,1.7653000000000019,0,0.48148148148148145,1,6,2,"{""number"": ""14.45"", ""relation"": ""="", ""status"": ""VALID""}",528.6750000000004,data/raw/tdc/clearance_hepatocyte_az.tab,CHEMBL13817,CC(C)(N)C(=O)N[C@H](COCc1ccccc1)C(=O)N1CCC2(CC1)CN(S(C)(=O)=O)c1ccccc12,14.45,8,Clearance_Hepatocyte_AZ,1203,,VALID,122.03999999999999,0
CHEMBL426658,Clc1cccc(-c2cnc3ccc(NC4CCOCC4)nn23)c1,14.79,Clc1cccc(-c2cnc3ccc(NC4CCOCC4)nn23)c1,3.640600000000002,0,0.29411764705882354,1,5,1,"{""number"": ""14.79"", ""relation"": ""="", ""status"": ""VALID""}",328.80300000000005,data/raw/tdc/clearance_hepatocyte_az.tab,CHEMBL426658,Clc1cccc(-c2cnc3ccc(NC4CCOCC4)nn23)c1,14.79,3,Clearance_Hepatocyte_AZ,1204,,VALID,51.45,0
CHEMBL521096,CCOc1cc2ncc(C(N)=O)c(Nc3ccc(C)cc3F)c2cc1N1CCN(C)CC1,12.0,CCOc1cc2ncc(C(N)=O)c(Nc3ccc(C)cc3F)c2cc1N1CCN(C)CC1,3.675320000000003,0,0.3333333333333333,1,6,2,"{""number"": ""12.0"", ""relation"": ""="", ""status"": ""VALID""}",437.51900000000023,data/raw/tdc/clearance_hepatocyte_az.tab,CHEMBL521096,CCOc1cc2ncc(C(N)=O)c(Nc3ccc(C)cc3F)c2cc1N1CCN(C)CC1,12.0,6,Clearance_Hepatocyte_AZ,1205,,VALID,83.72,0
CHEMBL622,CCc1cccc2c3c([nH]c12)C(CC)(CC(=O)O)OCC3,12.88,CCc1cccc2c3c([nH]c12)C(CC)(CC(=O)O)OCC3,3.383000000000002,0,0.47058823529411764,1,2,2,"{""number"": ""12.88"", ""relation"": ""="", ""status"": ""VALID""}",287.35900000000004,data/raw/tdc/clearance_hepatocyte_az.tab,CHEMBL622,CCc1cccc2c3c([nH]c12)C(CC)(CC(=O)O)OCC3,12.88,4,Clearance_Hepatocyte_AZ,1206,,VALID,62.32000000000001,1
CHEMBL2021706,CCC[C@@H](CNC(=O)c1nc(Cl)c(N)nc1N)[N+](C)(C)CCCc1ccc(OC)cc1,23.99,CCC[C@@H](CNC(=O)c1nc(Cl)c(N)nc1N)[N+](C)(C)CCCc1ccc(OC)cc1,2.910700000000002,0,0.5,1,6,3,"{""number"": ""23.99"", ""relation"": ""="", ""status"": ""VALID""}",450.0070000000003,data/raw/tdc/clearance_hepatocyte_az.tab,CHEMBL2021706,CCC[C@@H](CNC(=O)c1nc(Cl)c(N)nc1N)[N+](C)(C)CCCc1ccc(OC)cc1,23.99,11,Clearance_Hepatocyte_AZ,1207,,VALID,116.15,0
CHEMBL1643194,Cc1cc(CN2Cc3ccccc3C2C(=O)Nc2ccc(Cl)cc2Cl)ccc1OCC(=O)O,15.0,Cc1cc(CN2Cc3ccccc3C2C(=O)Nc2ccc(Cl)cc2Cl)ccc1OCC(=O)O,5.4608200000000044,0,0.2,1,4,2,"{""number"": ""15.0"", ""relation"": ""="", ""status"": ""VALID""}",485.36700000000025,data/raw/tdc/clearance_hepatocyte_az.tab,CHEMBL1643194,Cc1cc(CN2Cc3ccccc3C2C(=O)Nc2ccc(Cl)cc2Cl)ccc1OCC(=O)O,15.0,7,Clearance_Hepatocyte_AZ,1208,,VALID,78.87,1
CHEMBL2207669,N#Cc1ccc(OC2CCN(C[C@H](O)CNC(=O)c3c[nH]c(=O)c4ccccc34)CC2)cc1Cl,15.0,N#Cc1ccc(OC2CCN(C[C@H](O)CNC(=O)c3c[nH]c(=O)c4ccccc34)CC2)cc1Cl,2.6872800000000003,0,0.32,1,6,3,"{""number"": ""15.0"", ""relation"": ""="", ""status"": ""VALID""}",480.9520000000002,data/raw/tdc/clearance_hepatocyte_az.tab,CHEMBL2207669,N#Cc1ccc(OC2CCN(C[C@H](O)CNC(=O)c3c[nH]c(=O)c4ccccc34)CC2)cc1Cl,15.0,7,Clearance_Hepatocyte_AZ,1209,,VALID,118.44999999999999,0
CHEMBL2326624,COc1cccc2c1c(NS(=O)(=O)c1ccc(Cl)s1)nn2Cc1cccc(CNC(=O)[C@@H]2COCCN2)c1,20.0,COc1cccc2c1c(NS(=O)(=O)c1ccc(Cl)s1)nn2Cc1cccc(CNC(=O)[C@@H]2COCCN2)c1,3.2135000000000016,0,0.28,1,9,3,"{""number"": ""20.0"", ""relation"": ""="", ""status"": ""VALID""}",576.1,data/raw/tdc/clearance_hepatocyte_az.tab,CHEMBL2326624,COc1cccc2c1c(NS(=O)(=O)c1ccc(Cl)s1)nn2Cc1cccc(CNC(=O)[C@@H]2COCCN2)c1,20.0,9,Clearance_Hepatocyte_AZ,1210,,VALID,123.58,0
CHEMBL2152915,CO[C@H]1CC[C@]2(CC1)Cc1ccc(-c3cc(Cl)cc(C#N)c3)cc1C21N=C(C)C(N)=N1,12.59,CO[C@H]1CC[C@]2(CC1)Cc1ccc(-c3cc(Cl)cc(C#N)c3)cc1C21N=C(C)C(N)=N1,4.994680000000006,0,0.4,1,5,1,"{""number"": ""12.59"", ""relation"": ""="", ""status"": ""VALID""}",432.9550000000002,data/raw/tdc/clearance_hepatocyte_az.tab,CHEMBL2152915,CO[C@H]1CC[C@]2(CC1)Cc1ccc(-c3cc(Cl)cc(C#N)c3)cc1C21N=C(C)C(N)=N1,12.59,2,Clearance_Hepatocyte_AZ,1211,,VALID,83.75999999999999,1
CHEMBL2018954,COc1ccc(COc2nc(Br)cnc2NS(=O)(=O)c2ccc(C)cc2)cc1OCCN(C)C,31.0,COc1ccc(COc2nc(Br)cnc2NS(=O)(=O)c2ccc(C)cc2)cc1OCCN(C)C,3.8763200000000033,0,0.30434782608695654,1,8,1,"{""number"": ""31.0"", ""relation"": ""="", ""status"": ""VALID""}",551.4630000000002,data/raw/tdc/clearance_hepatocyte_az.tab,CHEMBL2018954,COc1ccc(COc2nc(Br)cnc2NS(=O)(=O)c2ccc(C)cc2)cc1OCCN(C)C,31.0,11,Clearance_Hepatocyte_AZ,1212,,VALID,102.88,0
CHEMBL403225,C[C@H](CO)Nc1nc(SCc2cccc(Cl)c2F)nc2[nH]c(=O)sc12,19.91,C[C@H](CO)Nc1nc(SCc2cccc(Cl)c2F)nc2[nH]c(=O)sc12,3.257100000000001,0,0.26666666666666666,1,7,3,"{""number"": ""19.91"", ""relation"": ""="", ""status"": ""VALID""}",400.8880000000001,data/raw/tdc/clearance_hepatocyte_az.tab,CHEMBL403225,C[C@H](CO)Nc1nc(SCc2cccc(Cl)c2F)nc2[nH]c(=O)sc12,19.91,6,Clearance_Hepatocyte_AZ,1213,,VALID,90.9,0
