ID,X,Y,canonical_smiles_rdkit,clogp,dummy_atom_count,fraction_csp3,fragment_count,hba,hbd,measurement_audit,molecular_weight,raw_filename,raw_identifier,raw_smiles,raw_target,rotatable_bonds,source,source_row_1based,structure_error,structure_status,tpsa,undefined_stereo_elements
CHEMBL203059,O=C(Nc1cc(-c2ccnc(Nc3ccccc3)c2)ccn1)C1CCOCC1,12.59,O=C(Nc1cc(-c2ccnc(Nc3ccccc3)c2)ccn1)C1CCOCC1,4.252300000000003,0,0.22727272727272727,1,5,2,"{""number"": ""12.59"", ""relation"": ""="", ""status"": ""VALID""}",374.4440000000002,data/raw/tdc/clearance_microsome_az.tab,CHEMBL203059,O=C(Nc1cc(-c2ccnc(Nc3ccccc3)c2)ccn1)C1CCOCC1,12.59,5,Clearance_Microsome_AZ,1,,VALID,76.14,0
CHEMBL1900528,C[N+]1(C)[C@H]2C[C@H](OC(=O)C(O)(c3cccs3)c3cccs3)C[C@@H]1[C@H]1O[C@@H]21,3.0,C[N+]1(C)[C@@H]2C[C@@H](OC(=O)C(O)(c3cccs3)c3cccs3)C[C@H]1[C@@H]1O[C@@H]12,2.3457,0,0.5263157894736842,1,6,1,"{""number"": ""3.0"", ""relation"": ""="", ""status"": ""VALID""}",392.5220000000001,data/raw/tdc/clearance_microsome_az.tab,CHEMBL1900528,C[N+]1(C)[C@H]2C[C@H](OC(=O)C(O)(c3cccs3)c3cccs3)C[C@@H]1[C@H]1O[C@@H]21,3.0,4,Clearance_Microsome_AZ,2,,VALID,59.06,0
CHEMBL1689128,C[C@H]1CN(Cc2cc(Cl)ccc2OCC(=O)O)CCN1C(=O)Cc1ccc(Cl)cc1,3.0,C[C@H]1CN(Cc2cc(Cl)ccc2OCC(=O)O)CCN1C(=O)Cc1ccc(Cl)cc1,3.7322000000000024,0,0.36363636363636365,1,4,1,"{""number"": ""3.0"", ""relation"": ""="", ""status"": ""VALID""}",451.35000000000025,data/raw/tdc/clearance_microsome_az.tab,CHEMBL1689128,C[C@H]1CN(Cc2cc(Cl)ccc2OCC(=O)O)CCN1C(=O)Cc1ccc(Cl)cc1,3.0,7,Clearance_Microsome_AZ,3,,VALID,70.08,0
CHEMBL1917432,Cc1c(Sc2ccc(Cl)cc2)c2c(S(C)(=O)=O)cccc2n1CC(=O)O,3.0,Cc1c(Sc2ccc(Cl)cc2)c2c(S(C)(=O)=O)cccc2n1CC(=O)O,4.242420000000003,0,0.16666666666666666,1,5,1,"{""number"": ""3.0"", ""relation"": ""="", ""status"": ""VALID""}",409.91600000000017,data/raw/tdc/clearance_microsome_az.tab,CHEMBL1917432,Cc1c(Sc2ccc(Cl)cc2)c2c(S(C)(=O)=O)cccc2n1CC(=O)O,3.0,5,Clearance_Microsome_AZ,4,,VALID,76.37,0
CHEMBL1782167,Cc1ccc(C(=O)NC2CC2)cc1-c1ccc(C(=O)NCC2CC2)nc1,3.0,Cc1ccc(C(=O)NC2CC2)cc1-c1ccc(C(=O)NCC2CC2)nc1,3.0890200000000014,0,0.38095238095238093,1,3,2,"{""number"": ""3.0"", ""relation"": ""="", ""status"": ""VALID""}",349.4340000000001,data/raw/tdc/clearance_microsome_az.tab,CHEMBL1782167,Cc1ccc(C(=O)NC2CC2)cc1-c1ccc(C(=O)NCC2CC2)nc1,3.0,6,Clearance_Microsome_AZ,5,,VALID,71.09,0
CHEMBL1947157,O=c1[nH]c2c(O)ccc([C@@H](O)CNCCc3cccc(CNCCc4c(Cl)cccc4Cl)c3)c2s1,63.0,O=c1[nH]c2c(O)ccc([C@@H](O)CNCCc3cccc(CNCCc4c(Cl)cccc4Cl)c3)c2s1,4.800000000000003,0,0.2692307692307692,1,6,5,"{""number"": ""63.0"", ""relation"": ""="", ""status"": ""VALID""}",532.4930000000002,data/raw/tdc/clearance_microsome_az.tab,CHEMBL1947157,O=c1[nH]c2c(O)ccc([C@@H](O)CNCCc3cccc(CNCCc4c(Cl)cccc4Cl)c3)c2s1,63.0,11,Clearance_Microsome_AZ,6,,VALID,97.38000000000001,0
CHEMBL2347404,Fc1cccc(COc2ccc(Nc3ncnc4ccc(-c5cccc(N6CCOCC6)c5)cc34)cc2Cl)c1,63.1,Fc1cccc(COc2ccc(Nc3ncnc4ccc(-c5cccc(N6CCOCC6)c5)cc34)cc2Cl)c1,7.248500000000005,0,0.16129032258064516,1,6,1,"{""number"": ""63.1"", ""relation"": ""="", ""status"": ""VALID""}",541.0260000000004,data/raw/tdc/clearance_microsome_az.tab,CHEMBL2347404,Fc1cccc(COc2ccc(Nc3ncnc4ccc(-c5cccc(N6CCOCC6)c5)cc34)cc2Cl)c1,63.1,7,Clearance_Microsome_AZ,7,,VALID,59.510000000000005,0
CHEMBL2031559,O=C(Nc1cccc(-c2nnn[nH]2)c1)c1cc(C(F)(F)F)cc2[nH]cnc12,4.47,O=C(Nc1cccc(-c2nnn[nH]2)c1)c1cc(C(F)(F)F)cc2[nH]cnc12,3.0141,0,0.0625,1,5,3,"{""number"": ""4.47"", ""relation"": ""="", ""status"": ""VALID""}",373.298,data/raw/tdc/clearance_microsome_az.tab,CHEMBL2031559,O=C(Nc1cccc(-c2nnn[nH]2)c1)c1cc(C(F)(F)F)cc2[nH]cnc12,4.47,3,Clearance_Microsome_AZ,8,,VALID,112.24,0
CHEMBL214350,Cc1ccc2c(c1)c(-c1ccnc3c(C(F)(F)F)cccc13)c(C)n2CC(=O)O,5.6,Cc1ccc2c(c1)c(-c1ccnc3c(C(F)(F)F)cccc13)c(C)n2CC(=O)O,5.5767400000000045,0,0.18181818181818182,1,3,1,"{""number"": ""5.6"", ""relation"": ""="", ""status"": ""VALID""}",398.3840000000001,data/raw/tdc/clearance_microsome_az.tab,CHEMBL214350,Cc1ccc2c(c1)c(-c1ccnc3c(C(F)(F)F)cccc13)c(C)n2CC(=O)O,5.6,3,Clearance_Microsome_AZ,9,,VALID,55.120000000000005,0
CHEMBL12,CN1C(=O)CN=C(c2ccccc2)c2cc(Cl)ccc21,5.75,CN1C(=O)CN=C(c2ccccc2)c2cc(Cl)ccc21,3.153800000000002,0,0.125,1,2,0,"{""number"": ""5.75"", ""relation"": ""="", ""status"": ""VALID""}",284.74600000000004,data/raw/tdc/clearance_microsome_az.tab,CHEMBL12,CN1C(=O)CN=C(c2ccccc2)c2cc(Cl)ccc21,5.75,1,Clearance_Microsome_AZ,10,,VALID,32.67,0
CHEMBL401158,CCCCNc1nc(SCCC)nc2c1nnn2[C@@H]1C[C@H](CO)[C@@H](O)[C@H]1O,6.0,CCCCNc1nc(SCCC)nc2c1nnn2[C@@H]1C[C@H](CO)[C@@H](O)[C@H]1O,1.2104999999999992,0,0.7647058823529411,1,10,4,"{""number"": ""6.0"", ""relation"": ""="", ""status"": ""VALID""}",396.51700000000005,data/raw/tdc/clearance_microsome_az.tab,CHEMBL401158,CCCCNc1nc(SCCC)nc2c1nnn2[C@@H]1C[C@H](CO)[C@@H](O)[C@H]1O,6.0,9,Clearance_Microsome_AZ,11,,VALID,129.21,0
CHEMBL2207656,O=C(NC[C@@H](O)CN1CCC(Oc2ccc(Cl)c(Cl)c2)CC1)c1c[nH]c(=O)c2c(F)cccc12,6.0,O=C(NC[C@@H](O)CN1CCC(Oc2ccc(Cl)c(Cl)c2)CC1)c1c[nH]c(=O)c2c(F)cccc12,3.608100000000001,0,0.3333333333333333,1,5,3,"{""number"": ""6.0"", ""relation"": ""="", ""status"": ""VALID""}",508.3770000000003,data/raw/tdc/clearance_microsome_az.tab,CHEMBL2207656,O=C(NC[C@@H](O)CN1CCC(Oc2ccc(Cl)c(Cl)c2)CC1)c1c[nH]c(=O)c2c(F)cccc12,6.0,7,Clearance_Microsome_AZ,12,,VALID,94.66,0
CHEMBL205078,O=C(Nc1cc(-c2ccnc(Nc3ccc(F)cc3)c2)ccn1)C1CCOCC1,6.03,O=C(Nc1cc(-c2ccnc(Nc3ccc(F)cc3)c2)ccn1)C1CCOCC1,4.391400000000003,0,0.22727272727272727,1,5,2,"{""number"": ""6.03"", ""relation"": ""="", ""status"": ""VALID""}",392.4340000000002,data/raw/tdc/clearance_microsome_az.tab,CHEMBL205078,O=C(Nc1cc(-c2ccnc(Nc3ccc(F)cc3)c2)ccn1)C1CCOCC1,6.03,5,Clearance_Microsome_AZ,13,,VALID,76.14,0
CHEMBL2070938,N#CC1(NC(=O)[C@@H]2CCCC[C@H]2C(=O)N2CCN(c3nccs3)CC2)CC1,6.92,N#CC1(NC(=O)[C@@H]2CCCC[C@H]2C(=O)N2CCN(c3nccs3)CC2)CC1,1.7704799999999996,0,0.6842105263157895,1,6,1,"{""number"": ""6.92"", ""relation"": ""="", ""status"": ""VALID""}",387.5090000000001,data/raw/tdc/clearance_microsome_az.tab,CHEMBL2070938,N#CC1(NC(=O)[C@@H]2CCCC[C@H]2C(=O)N2CCN(c3nccs3)CC2)CC1,6.92,4,Clearance_Microsome_AZ,14,,VALID,89.33,0
CHEMBL184012,Cc1ccc(NC(=O)c2ccnc(N3CCOCC3)c2)cc1NC(=O)c1ccc(OCc2ccccn2)cc1,7.0,Cc1ccc(NC(=O)c2ccnc(N3CCOCC3)c2)cc1NC(=O)c1ccc(OCc2ccccn2)cc1,4.705220000000004,0,0.2,1,7,2,"{""number"": ""7.0"", ""relation"": ""="", ""status"": ""VALID""}",523.5930000000003,data/raw/tdc/clearance_microsome_az.tab,CHEMBL184012,Cc1ccc(NC(=O)c2ccnc(N3CCOCC3)c2)cc1NC(=O)c1ccc(OCc2ccccn2)cc1,7.0,8,Clearance_Microsome_AZ,15,,VALID,105.68,0
CHEMBL1783112,COc1ccc2nc(C)cc(-n3cc(CNC(C)=O)nn3)c2c1,7.08,COc1ccc2nc(C)cc(-n3cc(CNC(C)=O)nn3)c2c1,1.7686199999999999,0,0.25,1,6,1,"{""number"": ""7.08"", ""relation"": ""="", ""status"": ""VALID""}",311.345,data/raw/tdc/clearance_microsome_az.tab,CHEMBL1783112,COc1ccc2nc(C)cc(-n3cc(CNC(C)=O)nn3)c2c1,7.08,4,Clearance_Microsome_AZ,16,,VALID,81.92999999999999,0
CHEMBL1256967,CC1(C)[C@H](NC(=O)/C(=N\OCc2cc(=O)c(O)cn2O)c2csc(N)n2)C(=O)N1OS(=O)(=O)O,7.94,CC1(C)[C@H](NC(=O)/C(=N\OCc2cc(=O)c(O)cn2O)c2csc(N)n2)C(=O)N1OS(=O)(=O)O,-1.4091999999999985,0,0.3125,1,14,5,"{""number"": ""7.94"", ""relation"": ""="", ""status"": ""VALID""}",518.4860000000002,data/raw/tdc/clearance_microsome_az.tab,CHEMBL1256967,CC1(C)[C@H](NC(=O)/C(=N\OCc2cc(=O)c(O)cn2O)c2csc(N)n2)C(=O)N1OS(=O)(=O)O,7.94,8,Clearance_Microsome_AZ,17,,VALID,235.96999999999997,0
CHEMBL93484,CC1N=C(N)N=C(N)N1c1ccc(Cl)cc1,3.31,CC1N=C(N)N=C(N)N1c1ccc(Cl)cc1,1.1354000000000004,0,0.2,1,5,2,"{""number"": ""3.31"", ""relation"": ""="", ""status"": ""VALID""}",237.69400000000005,data/raw/tdc/clearance_microsome_az.tab,CHEMBL93484,CC1N=C(N)N=C(N)N1c1ccc(Cl)cc1,3.31,1,Clearance_Microsome_AZ,18,,VALID,79.99999999999999,1
CHEMBL402986,C[C@H](CO)Nc1nc(SCc2ccccc2)nc2[nH]c(=O)sc12,4.0,C[C@H](CO)Nc1nc(SCc2ccccc2)nc2[nH]c(=O)sc12,2.4646,0,0.26666666666666666,1,7,3,"{""number"": ""4.0"", ""relation"": ""="", ""status"": ""VALID""}",348.4530000000001,data/raw/tdc/clearance_microsome_az.tab,CHEMBL402986,C[C@H](CO)Nc1nc(SCc2ccccc2)nc2[nH]c(=O)sc12,4.0,6,Clearance_Microsome_AZ,19,,VALID,90.9,0
CHEMBL2031233,Cc1ccc(NC(=O)C2CC2)cc1-n1cnc2ccc(N3CCN(C)CC3)cc2c1=O,4.0,Cc1ccc(NC(=O)C2CC2)cc1-n1cnc2ccc(N3CCN(C)CC3)cc2c1=O,2.7944200000000006,0,0.375,1,6,1,"{""number"": ""4.0"", ""relation"": ""="", ""status"": ""VALID""}",417.5130000000003,data/raw/tdc/clearance_microsome_az.tab,CHEMBL2031233,Cc1ccc(NC(=O)C2CC2)cc1-n1cnc2ccc(N3CCN(C)CC3)cc2c1=O,4.0,4,Clearance_Microsome_AZ,20,,VALID,70.47,0
CHEMBL5,CCn1cc(C(=O)O)c(=O)c2ccc(C)nc21,4.0,CCn1cc(C(=O)O)c(=O)c2ccc(C)nc21,1.4230200000000002,0,0.25,1,4,1,"{""number"": ""4.0"", ""relation"": ""="", ""status"": ""VALID""}",232.23899999999998,data/raw/tdc/clearance_microsome_az.tab,CHEMBL5,CCn1cc(C(=O)O)c(=O)c2ccc(C)nc21,4.0,2,Clearance_Microsome_AZ,21,,VALID,72.19,0
CHEMBL1766779,CS(=O)(=O)c1ccc(-c2cnc(N)c(C(=O)Nc3ccccc3)n2)cc1,4.17,CS(=O)(=O)c1ccc(-c2cnc(N)c(C(=O)Nc3ccccc3)n2)cc1,2.3816000000000006,0,0.05555555555555555,1,6,2,"{""number"": ""4.17"", ""relation"": ""="", ""status"": ""VALID""}",368.41800000000006,data/raw/tdc/clearance_microsome_az.tab,CHEMBL1766779,CS(=O)(=O)c1ccc(-c2cnc(N)c(C(=O)Nc3ccccc3)n2)cc1,4.17,4,Clearance_Microsome_AZ,22,,VALID,115.04,0
CHEMBL1290284,COc1cc(C(=O)OCCCCNC(=N)N)cc(OC)c1O,3.0,COc1cc(C(=O)OCCCCNC(=N)N)cc(OC)c1O,0.8294699999999999,0,0.42857142857142855,1,6,4,"{""number"": ""3.0"", ""relation"": ""="", ""status"": ""VALID""}",311.338,data/raw/tdc/clearance_microsome_az.tab,CHEMBL1290284,COc1cc(C(=O)OCCCCNC(=N)N)cc(OC)c1O,3.0,8,Clearance_Microsome_AZ,23,,VALID,126.89,1
CHEMBL60066,O=C(Nc1ccc(F)cc1)c1ccc(Cl)[n+]([O-])c1,3.0,O=C(Nc1ccc(F)cc1)c1ccc(Cl)[n+]([O-])c1,2.3648,0,0.0,1,2,1,"{""number"": ""3.0"", ""relation"": ""="", ""status"": ""VALID""}",266.659,data/raw/tdc/clearance_microsome_az.tab,CHEMBL60066,O=C(Nc1ccc(F)cc1)c1ccc(Cl)[n+]([O-])c1,3.0,2,Clearance_Microsome_AZ,24,,VALID,56.040000000000006,0
CHEMBL1092926,Fc1cc(-c2cccc3ncc(-c4cnn(C5CCNCC5)c4)nc23)cc(F)c1CN1CCOCC1,3.0,Fc1cc(-c2cccc3ncc(-c4cnn(C5CCNCC5)c4)nc23)cc(F)c1CN1CCOCC1,4.1952000000000025,0,0.37037037037037035,1,7,1,"{""number"": ""3.0"", ""relation"": ""="", ""status"": ""VALID""}",490.55800000000033,data/raw/tdc/clearance_microsome_az.tab,CHEMBL1092926,Fc1cc(-c2cccc3ncc(-c4cnn(C5CCNCC5)c4)nc23)cc(F)c1CN1CCOCC1,3.0,5,Clearance_Microsome_AZ,25,,VALID,68.10000000000001,0
CHEMBL1917449,CC(=O)Nc1cccc2c1c(S(=O)(=O)c1ccc(Cl)cc1)c(C)n2CC(=O)O,3.0,CC(=O)Nc1cccc2c1c(S(=O)(=O)c1ccc(Cl)cc1)c(C)n2CC(=O)O,3.4789200000000013,0,0.15789473684210525,1,5,2,"{""number"": ""3.0"", ""relation"": ""="", ""status"": ""VALID""}",420.8740000000002,data/raw/tdc/clearance_microsome_az.tab,CHEMBL1917449,CC(=O)Nc1cccc2c1c(S(=O)(=O)c1ccc(Cl)cc1)c(C)n2CC(=O)O,3.0,5,Clearance_Microsome_AZ,26,,VALID,105.47000000000001,0
CHEMBL1921944,C[C@@](C(=O)O[C@H]1C[N+]2(CC(=O)Nc3cccc(F)c3)CCC1CC2)(c1ccccc1)N1CCCCC1,34.0,C[C@@](C(=O)O[C@H]1C[N+]2(CC(=O)Nc3cccc(F)c3)CCC1CC2)(c1ccccc1)N1CCCCC1,4.317700000000004,0,0.5172413793103449,1,4,1,"{""number"": ""34.0"", ""relation"": ""="", ""status"": ""VALID""}",494.6310000000005,data/raw/tdc/clearance_microsome_az.tab,CHEMBL1921944,C[C@@](C(=O)O[C@H]1C[N+]2(CC(=O)Nc3cccc(F)c3)CCC1CC2)(c1ccccc1)N1CCCCC1,34.0,7,Clearance_Microsome_AZ,27,,VALID,58.64000000000001,2
CHEMBL1921946,C[C@@](C(=O)O[C@H]1C[N+]2(CC(=O)Nc3ccccn3)CCC1CC2)(c1ccccc1)N1CCCCC1,66.0,C[C@@](C(=O)O[C@H]1C[N+]2(CC(=O)Nc3ccccn3)CCC1CC2)(c1ccccc1)N1CCCCC1,3.5736000000000017,0,0.5357142857142857,1,5,1,"{""number"": ""66.0"", ""relation"": ""="", ""status"": ""VALID""}",477.6290000000005,data/raw/tdc/clearance_microsome_az.tab,CHEMBL1921946,C[C@@](C(=O)O[C@H]1C[N+]2(CC(=O)Nc3ccccn3)CCC1CC2)(c1ccccc1)N1CCCCC1,66.0,7,Clearance_Microsome_AZ,28,,VALID,71.53,2
CHEMBL2158840,O=C(O)[C@H](Cc1cccc(F)c1)N1CCC(CN2CCC(Oc3ccc(Cl)c(Cl)c3)CC2)CC1,8.0,O=C(O)[C@H](Cc1cccc(F)c1)N1CCC(CN2CCC(Oc3ccc(Cl)c(Cl)c3)CC2)CC1,5.383600000000006,0,0.5,1,4,1,"{""number"": ""8.0"", ""relation"": ""="", ""status"": ""VALID""}",509.4490000000004,data/raw/tdc/clearance_microsome_az.tab,CHEMBL2158840,O=C(O)[C@H](Cc1cccc(F)c1)N1CCC(CN2CCC(Oc3ccc(Cl)c(Cl)c3)CC2)CC1,8.0,8,Clearance_Microsome_AZ,29,,VALID,53.010000000000005,0
CHEMBL272705,C[C@H](CO)Nc1nc(SCc2ccco2)nc2[nH]c(=O)sc12,8.28,C[C@H](CO)Nc1nc(SCc2ccco2)nc2[nH]c(=O)sc12,2.0576,0,0.3076923076923077,1,8,3,"{""number"": ""8.28"", ""relation"": ""="", ""status"": ""VALID""}",338.41400000000004,data/raw/tdc/clearance_microsome_az.tab,CHEMBL272705,C[C@H](CO)Nc1nc(SCc2ccco2)nc2[nH]c(=O)sc12,8.28,6,Clearance_Microsome_AZ,30,,VALID,104.03999999999999,0
CHEMBL2220442,CC(C)n1c(/C=C/C(O)CC(O)CC(=O)O)c(-c2ccc(F)cc2)c2ccccc21,8.33,CC(C)n1c(/C=C/C(O)CC(O)CC(=O)O)c(-c2ccc(F)cc2)c2ccccc21,4.628100000000003,0,0.2916666666666667,1,4,3,"{""number"": ""8.33"", ""relation"": ""="", ""status"": ""VALID""}",411.473,data/raw/tdc/clearance_microsome_az.tab,CHEMBL2220442,CC(C)n1c(/C=C/C(O)CC(O)CC(=O)O)c(-c2ccc(F)cc2)c2ccccc21,8.33,8,Clearance_Microsome_AZ,31,,VALID,82.69,2
CHEMBL1689123,CC[C@H]1CN(Cc2cc(Cl)ccc2OCC(=O)O)CCN1S(=O)(=O)c1ccccc1,9.0,CC[C@H]1CN(Cc2cc(Cl)ccc2OCC(=O)O)CCN1S(=O)(=O)c1ccccc1,3.0885000000000016,0,0.38095238095238093,1,5,1,"{""number"": ""9.0"", ""relation"": ""="", ""status"": ""VALID""}",452.96000000000015,data/raw/tdc/clearance_microsome_az.tab,CHEMBL1689123,CC[C@H]1CN(Cc2cc(Cl)ccc2OCC(=O)O)CCN1S(=O)(=O)c1ccccc1,9.0,8,Clearance_Microsome_AZ,32,,VALID,87.15,0
CHEMBL86276,Nc1nc(-c2ccccc2)nn1Cc1ccccc1,9.0,Nc1nc(-c2ccccc2)nn1Cc1ccccc1,2.5756000000000006,0,0.06666666666666667,1,4,1,"{""number"": ""9.0"", ""relation"": ""="", ""status"": ""VALID""}",250.30499999999998,data/raw/tdc/clearance_microsome_az.tab,CHEMBL86276,Nc1nc(-c2ccccc2)nn1Cc1ccccc1,9.0,3,Clearance_Microsome_AZ,33,,VALID,56.73,0
CHEMBL1778642,CS(=O)(=O)c1ccc(-c2cc(Cl)ccc2OCC(=O)O)c(Cl)c1,10.0,CS(=O)(=O)c1ccc(-c2cc(Cl)ccc2OCC(=O)O)c(Cl)c1,3.527300000000002,0,0.13333333333333333,1,4,1,"{""number"": ""10.0"", ""relation"": ""="", ""status"": ""VALID""}",375.22900000000016,data/raw/tdc/clearance_microsome_az.tab,CHEMBL1778642,CS(=O)(=O)c1ccc(-c2cc(Cl)ccc2OCC(=O)O)c(Cl)c1,10.0,5,Clearance_Microsome_AZ,34,,VALID,80.67,0
CHEMBL495383,O=C(Nc1cccc(CCO)c1)c1cc2cc(Cl)ccc2[nH]1,10.0,O=C(Nc1cccc(CCO)c1)c1cc2cc(Cl)ccc2[nH]1,3.6084000000000014,0,0.11764705882352941,1,2,3,"{""number"": ""10.0"", ""relation"": ""="", ""status"": ""VALID""}",314.772,data/raw/tdc/clearance_microsome_az.tab,CHEMBL495383,O=C(Nc1cccc(CCO)c1)c1cc2cc(Cl)ccc2[nH]1,10.0,4,Clearance_Microsome_AZ,35,,VALID,65.12,0
CHEMBL180155,C=CCN(C(=O)Cc1ccc(S(C)(=O)=O)cc1)C1CCN(CCC(c2ccccc2)c2ccccc2)CC1,10.0,C=CCN(C(=O)Cc1ccc(S(C)(=O)=O)cc1)C1CCN(CCC(c2ccccc2)c2ccccc2)CC1,5.333800000000006,0,0.34375,1,4,0,"{""number"": ""10.0"", ""relation"": ""="", ""status"": ""VALID""}",530.7340000000002,data/raw/tdc/clearance_microsome_az.tab,CHEMBL180155,C=CCN(C(=O)Cc1ccc(S(C)(=O)=O)cc1)C1CCN(CCC(c2ccccc2)c2ccccc2)CC1,10.0,11,Clearance_Microsome_AZ,36,,VALID,57.690000000000005,0
CHEMBL1213118,CN1CCN(c2nc3ccccc3cc2Cn2nc(-c3ccc4nc(N)sc4c3)c3c(N)ncnc32)CC1,72.0,CN1CCN(c2nc3ccccc3cc2Cn2nc(-c3ccc4nc(N)sc4c3)c3c(N)ncnc32)CC1,3.6157000000000012,0,0.2222222222222222,1,11,2,"{""number"": ""72.0"", ""relation"": ""="", ""status"": ""VALID""}",522.6420000000003,data/raw/tdc/clearance_microsome_az.tab,CHEMBL1213118,CN1CCN(c2nc3ccccc3cc2Cn2nc(-c3ccc4nc(N)sc4c3)c3c(N)ncnc32)CC1,72.0,4,Clearance_Microsome_AZ,37,,VALID,127.89999999999999,0
CHEMBL1868126,COc1cccc2sc(NC(=O)c3ccccc3)nc12,74.0,COc1cccc2sc(NC(=O)c3ccccc3)nc12,3.5572000000000017,0,0.06666666666666667,1,4,1,"{""number"": ""74.0"", ""relation"": ""="", ""status"": ""VALID""}",284.34000000000003,data/raw/tdc/clearance_microsome_az.tab,CHEMBL1868126,COc1cccc2sc(NC(=O)c3ccccc3)nc12,74.0,3,Clearance_Microsome_AZ,38,,VALID,51.22,0
CHEMBL275224,c1ccc2c(c1)[nH]c1cnccc12,89.0,c1ccc2c(c1)[nH]c1cnccc12,2.7161,0,0.0,1,1,1,"{""number"": ""89.0"", ""relation"": ""="", ""status"": ""VALID""}",168.19899999999998,data/raw/tdc/clearance_microsome_az.tab,CHEMBL275224,c1ccc2c(c1)[nH]c1cnccc12,89.0,0,Clearance_Microsome_AZ,39,,VALID,28.68,0
CHEMBL1916085,Cc1ccc(S(=O)(=O)Nc2c(C(=O)N(C)C3CCCCC3)cnn2-c2ccccc2)cc1,94.0,Cc1ccc(S(=O)(=O)Nc2c(C(=O)N(C)C3CCCCC3)cnn2-c2ccccc2)cc1,4.386220000000004,0,0.3333333333333333,1,5,1,"{""number"": ""94.0"", ""relation"": ""="", ""status"": ""VALID""}",452.5800000000002,data/raw/tdc/clearance_microsome_az.tab,CHEMBL1916085,Cc1ccc(S(=O)(=O)Nc2c(C(=O)N(C)C3CCCCC3)cnn2-c2ccccc2)cc1,94.0,6,Clearance_Microsome_AZ,40,,VALID,84.30000000000001,0
CHEMBL1536083,CCOC(=O)CN(c1ccccc1C)S(=O)(=O)c1ccc(Cl)cc1,94.0,CCOC(=O)CN(c1ccccc1C)S(=O)(=O)c1ccc(Cl)cc1,3.4068200000000024,0,0.23529411764705882,1,4,0,"{""number"": ""94.0"", ""relation"": ""="", ""status"": ""VALID""}",367.85400000000004,data/raw/tdc/clearance_microsome_az.tab,CHEMBL1536083,CCOC(=O)CN(c1ccccc1C)S(=O)(=O)c1ccc(Cl)cc1,94.0,6,Clearance_Microsome_AZ,41,,VALID,63.68,0
CHEMBL1921931,C[C@@](C(=O)O[C@H]1C[N+]2(CCOc3ccc(Cl)cc3)CCC1CC2)(c1ccccc1)N1CCCCC1,100.0,C[C@@](C(=O)O[C@H]1C[N+]2(CCOc3ccc(Cl)cc3)CCC1CC2)(c1ccccc1)N1CCCCC1,5.272300000000005,0,0.5517241379310345,1,4,0,"{""number"": ""100.0"", ""relation"": ""="", ""status"": ""VALID""}",498.08700000000044,data/raw/tdc/clearance_microsome_az.tab,CHEMBL1921931,C[C@@](C(=O)O[C@H]1C[N+]2(CCOc3ccc(Cl)cc3)CCC1CC2)(c1ccccc1)N1CCCCC1,100.0,8,Clearance_Microsome_AZ,42,,VALID,38.77,2
CHEMBL20210,CCOC(=O)/C=C/[C@H](C[C@@H]1CCNC1=O)NC(=O)[C@@H](CC(=O)[C@@H](NC(=O)c1cc(C)on1)C(C)C)Cc1ccc(F)cc1,104.71,CCOC(=O)/C=C/[C@H](C[C@@H]1CCNC1=O)NC(=O)[C@@H](CC(=O)[C@@H](NC(=O)c1cc(C)on1)C(C)C)Cc1ccc(F)cc1,2.8249200000000014,0,0.4838709677419355,1,8,3,"{""number"": ""104.71"", ""relation"": ""="", ""status"": ""VALID""}",598.6720000000004,data/raw/tdc/clearance_microsome_az.tab,CHEMBL20210,CCOC(=O)/C=C/[C@H](C[C@@H]1CCNC1=O)NC(=O)[C@@H](CC(=O)[C@@H](NC(=O)c1cc(C)on1)C(C)C)Cc1ccc(F)cc1,104.71,15,Clearance_Microsome_AZ,43,,VALID,156.7,0
CHEMBL595134,N#CC1=C2C(=NC1=O)c1cccc3c(N4CCSCC4)ccc2c13,114.82,N#CC1=C2C(=NC1=O)c1cccc3c(N4CCSCC4)ccc2c13,3.0130800000000013,0,0.21052631578947367,1,4,0,"{""number"": ""114.82"", ""relation"": ""="", ""status"": ""VALID""}",331.4000000000001,data/raw/tdc/clearance_microsome_az.tab,CHEMBL595134,N#CC1=C2C(=NC1=O)c1cccc3c(N4CCSCC4)ccc2c13,114.82,1,Clearance_Microsome_AZ,44,,VALID,56.46,0
CHEMBL314034,CSc1nc(-c2ccccc2)nn1Cc1ccccc1,116.0,CSc1nc(-c2ccccc2)nn1Cc1ccccc1,3.715300000000002,0,0.125,1,4,0,"{""number"": ""116.0"", ""relation"": ""="", ""status"": ""VALID""}",281.384,data/raw/tdc/clearance_microsome_az.tab,CHEMBL314034,CSc1nc(-c2ccccc2)nn1Cc1ccccc1,116.0,4,Clearance_Microsome_AZ,45,,VALID,30.71,0
CHEMBL379350,CCN(CC)c1ccc2cc(C(C)=O)c(=O)oc2c1,120.23,CCN(CC)c1ccc2cc(C(C)=O)c(=O)oc2c1,2.841800000000001,0,0.3333333333333333,1,4,0,"{""number"": ""120.23"", ""relation"": ""="", ""status"": ""VALID""}",259.30499999999995,data/raw/tdc/clearance_microsome_az.tab,CHEMBL379350,CCN(CC)c1ccc2cc(C(C)=O)c(=O)oc2c1,120.23,4,Clearance_Microsome_AZ,46,,VALID,50.52,0
CHEMBL2098332,Cc1cc(OCC(=O)Nc2ccccc2)c2cc(Br)ccc2n1,123.03,Cc1cc(OCC(=O)Nc2ccccc2)c2cc(Br)ccc2n1,4.323220000000003,0,0.1111111111111111,1,3,1,"{""number"": ""123.03"", ""relation"": ""="", ""status"": ""VALID""}",371.23400000000004,data/raw/tdc/clearance_microsome_az.tab,CHEMBL2098332,Cc1cc(OCC(=O)Nc2ccccc2)c2cc(Br)ccc2n1,123.03,4,Clearance_Microsome_AZ,47,,VALID,51.22,0
CHEMBL2170992,CC(C)c1ccc(NC(=O)NCCCSC[C@H]2O[C@@H](n3cnc4c(N)ncnc43)[C@H](O)[C@@H]2O)cc1,125.89,CC(C)c1ccc(NC(=O)NCCCSC[C@H]2O[C@@H](n3cnc4c(N)ncnc43)[C@H](O)[C@@H]2O)cc1,2.096099999999999,0,0.4782608695652174,1,10,5,"{""number"": ""125.89"", ""relation"": ""="", ""status"": ""VALID""}",501.6130000000001,data/raw/tdc/clearance_microsome_az.tab,CHEMBL2170992,CC(C)c1ccc(NC(=O)NCCCSC[C@H]2O[C@@H](n3cnc4c(N)ncnc43)[C@H](O)[C@@H]2O)cc1,125.89,9,Clearance_Microsome_AZ,48,,VALID,160.44,0
CHEMBL6966,COc1ccc(CCN(C)CCCC(C#N)(c2ccc(OC)c(OC)c2)C(C)C)cc1OC,127.7,COc1ccc(CCN(C)CCCC(C#N)(c2ccc(OC)c(OC)c2)C(C)C)cc1OC,5.093080000000005,0,0.5185185185185185,1,6,0,"{""number"": ""127.7"", ""relation"": ""="", ""status"": ""VALID""}",454.6110000000002,data/raw/tdc/clearance_microsome_az.tab,CHEMBL6966,COc1ccc(CCN(C)CCCC(C#N)(c2ccc(OC)c(OC)c2)C(C)C)cc1OC,127.7,13,Clearance_Microsome_AZ,49,,VALID,63.95,1
CHEMBL1587607,O=C(Nc1ccccc1Cl)c1cc[nH]n1,138.04,O=C(Nc1ccccc1Cl)c1cc[nH]n1,2.3153999999999995,0,0.0,1,2,2,"{""number"": ""138.04"", ""relation"": ""="", ""status"": ""VALID""}",221.647,data/raw/tdc/clearance_microsome_az.tab,CHEMBL1587607,O=C(Nc1ccccc1Cl)c1cc[nH]n1,138.04,2,Clearance_Microsome_AZ,50,,VALID,57.78,0
CHEMBL2171021,Cc1c(Cl)ccc(OC2CCN(C3CCN(C(=O)c4cccc(S(C)(=O)=O)c4)CC3)CC2)c1Cl,13.5,Cc1c(Cl)ccc(OC2CCN(C3CCN(C(=O)c4cccc(S(C)(=O)=O)c4)CC3)CC2)c1Cl,4.8533200000000045,0,0.48,1,5,0,"{""number"": ""13.5"", ""relation"": ""="", ""status"": ""VALID""}",525.4980000000003,data/raw/tdc/clearance_microsome_az.tab,CHEMBL2171021,Cc1c(Cl)ccc(OC2CCN(C3CCN(C(=O)c4cccc(S(C)(=O)=O)c4)CC3)CC2)c1Cl,13.5,5,Clearance_Microsome_AZ,51,,VALID,66.92,0
CHEMBL1518,CCCc1cc(=O)[nH]c(=S)[nH]1,3.0,CCCc1cc(=O)[nH]c(=S)[nH]1,1.38499,0,0.42857142857142855,1,2,2,"{""number"": ""3.0"", ""relation"": ""="", ""status"": ""VALID""}",170.237,data/raw/tdc/clearance_microsome_az.tab,CHEMBL1518,CCCc1cc(=O)[nH]c(=S)[nH]1,3.0,2,Clearance_Microsome_AZ,52,,VALID,48.65,0
CHEMBL24646,COc1ccc(-c2nc3cc(C4=NNC(=O)CC4C)ccc3[nH]2)cc1,14.0,COc1ccc(-c2nc3cc(C4=NNC(=O)CC4C)ccc3[nH]2)cc1,3.098600000000001,0,0.21052631578947367,1,4,2,"{""number"": ""14.0"", ""relation"": ""="", ""status"": ""VALID""}",334.379,data/raw/tdc/clearance_microsome_az.tab,CHEMBL24646,COc1ccc(-c2nc3cc(C4=NNC(=O)CC4C)ccc3[nH]2)cc1,14.0,3,Clearance_Microsome_AZ,53,,VALID,79.37,1
CHEMBL2158774,Cc1ccc(C[C@@H](C(=O)O)N2CCC(CN3CCC(Oc4ccc(Cl)c(Cl)c4)CC3)CC2)cc1,14.0,Cc1ccc(C[C@@H](C(=O)O)N2CCC(CN3CCC(Oc4ccc(Cl)c(Cl)c4)CC3)CC2)cc1,5.552920000000006,0,0.5185185185185185,1,4,1,"{""number"": ""14.0"", ""relation"": ""="", ""status"": ""VALID""}",505.48600000000033,data/raw/tdc/clearance_microsome_az.tab,CHEMBL2158774,Cc1ccc(C[C@@H](C(=O)O)N2CCC(CN3CCC(Oc4ccc(Cl)c(Cl)c4)CC3)CC2)cc1,14.0,8,Clearance_Microsome_AZ,54,,VALID,53.010000000000005,0
CHEMBL1916280,CCC(C)NC(=O)c1c(C)nn(-c2ccccc2)c1NS(=O)(=O)c1ccc(C)cc1,15.67,CCC(C)NC(=O)c1c(C)nn(-c2ccccc2)c1NS(=O)(=O)c1ccc(C)cc1,3.818240000000003,0,0.2727272727272727,1,5,2,"{""number"": ""15.67"", ""relation"": ""="", ""status"": ""VALID""}",426.54200000000014,data/raw/tdc/clearance_microsome_az.tab,CHEMBL1916280,CCC(C)NC(=O)c1c(C)nn(-c2ccccc2)c1NS(=O)(=O)c1ccc(C)cc1,15.67,7,Clearance_Microsome_AZ,55,,VALID,93.09,1
CHEMBL1672434,C[C@H]1C[C@@H](NS(=O)(=O)c2cc(Br)ccc2Br)CN1C#N,16.0,C[C@H]1C[C@@H](NS(=O)(=O)c2cc(Br)ccc2Br)CN1C#N,2.4337800000000005,0,0.4166666666666667,1,4,1,"{""number"": ""16.0"", ""relation"": ""="", ""status"": ""VALID""}",423.13000000000005,data/raw/tdc/clearance_microsome_az.tab,CHEMBL1672434,C[C@H]1C[C@@H](NS(=O)(=O)c2cc(Br)ccc2Br)CN1C#N,16.0,3,Clearance_Microsome_AZ,56,,VALID,73.2,0
CHEMBL393717,O=C(NCC12CC3CC(CC(C3)C1)C2)c1cc(N2CCNCC2)ccc1Cl,11.0,O=C(NCC12CC3CC(CC(C3)C1)C2)c1cc(N2CCNCC2)ccc1Cl,3.695800000000002,0,0.6818181818181818,1,3,2,"{""number"": ""11.0"", ""relation"": ""="", ""status"": ""VALID""}",387.95500000000015,data/raw/tdc/clearance_microsome_az.tab,CHEMBL393717,O=C(NCC12CC3CC(CC(C3)C1)C2)c1cc(N2CCNCC2)ccc1Cl,11.0,4,Clearance_Microsome_AZ,57,,VALID,44.370000000000005,4
CHEMBL383322,CCOCc1nc2c(N)nc3ccccc3c2n1CC(C)(C)O,3.0,CCOCc1nc2c(N)nc3ccccc3c2n1CC(C)(C)O,2.4741000000000013,0,0.4117647058823529,1,6,2,"{""number"": ""3.0"", ""relation"": ""="", ""status"": ""VALID""}",314.38900000000007,data/raw/tdc/clearance_microsome_az.tab,CHEMBL383322,CCOCc1nc2c(N)nc3ccccc3c2n1CC(C)(C)O,3.0,5,Clearance_Microsome_AZ,58,,VALID,86.19000000000001,0
CHEMBL1778644,CCS(=O)(=O)c1ccc(-c2cc(Cl)ccc2OCC(=O)O)c(F)c1,3.0,CCS(=O)(=O)c1ccc(-c2cc(Cl)ccc2OCC(=O)O)c(F)c1,3.403100000000001,0,0.1875,1,4,1,"{""number"": ""3.0"", ""relation"": ""="", ""status"": ""VALID""}",372.8010000000001,data/raw/tdc/clearance_microsome_az.tab,CHEMBL1778644,CCS(=O)(=O)c1ccc(-c2cc(Cl)ccc2OCC(=O)O)c(F)c1,3.0,6,Clearance_Microsome_AZ,59,,VALID,80.67,0
CHEMBL1789224,CNCC[C@@H](Oc1cc(C(F)(F)F)ccc1C#N)c1ccccc1,3.0,CNCC[C@@H](Oc1cc(C(F)(F)F)ccc1C#N)c1ccccc1,4.306680000000003,0,0.2777777777777778,1,3,1,"{""number"": ""3.0"", ""relation"": ""="", ""status"": ""VALID""}",334.341,data/raw/tdc/clearance_microsome_az.tab,CHEMBL1789224,CNCC[C@@H](Oc1cc(C(F)(F)F)ccc1C#N)c1ccccc1,3.0,6,Clearance_Microsome_AZ,60,,VALID,45.05,0
CHEMBL2171023,O=C(O)c1ccccc1C(=O)N1CCC(N2CCC(Oc3ccc(Cl)c(Cl)c3)CC2)CC1,3.0,O=C(O)c1ccccc1C(=O)N1CCC(N2CCC(Oc3ccc(Cl)c(Cl)c3)CC2)CC1,4.839600000000005,0,0.4166666666666667,1,4,1,"{""number"": ""3.0"", ""relation"": ""="", ""status"": ""VALID""}",477.38800000000026,data/raw/tdc/clearance_microsome_az.tab,CHEMBL2171023,O=C(O)c1ccccc1C(=O)N1CCC(N2CCC(Oc3ccc(Cl)c(Cl)c3)CC2)CC1,3.0,5,Clearance_Microsome_AZ,61,,VALID,70.08,0
CHEMBL1778647,CCS(=O)(=O)c1ccc(-c2cc(Cl)ccc2OCC(=O)O)c(C(F)(F)F)c1,4.0,CCS(=O)(=O)c1ccc(-c2cc(Cl)ccc2OCC(=O)O)c(C(F)(F)F)c1,4.282800000000003,0,0.23529411764705882,1,4,1,"{""number"": ""4.0"", ""relation"": ""="", ""status"": ""VALID""}",422.8080000000001,data/raw/tdc/clearance_microsome_az.tab,CHEMBL1778647,CCS(=O)(=O)c1ccc(-c2cc(Cl)ccc2OCC(=O)O)c(C(F)(F)F)c1,4.0,6,Clearance_Microsome_AZ,62,,VALID,80.67,0
CHEMBL60088,N=C(N)c1cc2c(I)cccc2s1,4.0,N=C(N)c1cc2c(I)cccc2s1,2.789970000000001,0,0.0,1,2,2,"{""number"": ""4.0"", ""relation"": ""="", ""status"": ""VALID""}",302.14000000000004,data/raw/tdc/clearance_microsome_az.tab,CHEMBL60088,N=C(N)c1cc2c(I)cccc2s1,4.0,1,Clearance_Microsome_AZ,63,,VALID,49.870000000000005,1
CHEMBL2171022,O=C(O)COc1cccc(C(=O)N2CCC(N3CCC(Oc4ccc(Cl)c(Cl)c4)CC3)CC2)c1,3.0,O=C(O)COc1cccc(C(=O)N2CCC(N3CCC(Oc4ccc(Cl)c(Cl)c4)CC3)CC2)c1,4.6048000000000044,0,0.44,1,5,1,"{""number"": ""3.0"", ""relation"": ""="", ""status"": ""VALID""}",507.4140000000003,data/raw/tdc/clearance_microsome_az.tab,CHEMBL2171022,O=C(O)COc1cccc(C(=O)N2CCC(N3CCC(Oc4ccc(Cl)c(Cl)c4)CC3)CC2)c1,3.0,7,Clearance_Microsome_AZ,64,,VALID,79.31,0
CHEMBL1778645,CCS(=O)(=O)c1ccc(-c2cc(Cl)ccc2OCC(=O)O)c(C)c1,3.0,CCS(=O)(=O)c1ccc(-c2cc(Cl)ccc2OCC(=O)O)c(C)c1,3.572420000000002,0,0.23529411764705882,1,4,1,"{""number"": ""3.0"", ""relation"": ""="", ""status"": ""VALID""}",368.83800000000014,data/raw/tdc/clearance_microsome_az.tab,CHEMBL1778645,CCS(=O)(=O)c1ccc(-c2cc(Cl)ccc2OCC(=O)O)c(C)c1,3.0,6,Clearance_Microsome_AZ,65,,VALID,80.67,0
CHEMBL2031236,Cc1ccc(NC(=O)c2cscn2)cc1-n1cnc2ccc(N3CCN(C)CC3)cc2c1=O,3.0,Cc1ccc(NC(=O)c2cscn2)cc1-n1cnc2ccc(N3CCN(C)CC3)cc2c1=O,3.154720000000001,0,0.25,1,8,1,"{""number"": ""3.0"", ""relation"": ""="", ""status"": ""VALID""}",460.5630000000004,data/raw/tdc/clearance_microsome_az.tab,CHEMBL2031236,Cc1ccc(NC(=O)c2cscn2)cc1-n1cnc2ccc(N3CCN(C)CC3)cc2c1=O,3.0,4,Clearance_Microsome_AZ,66,,VALID,83.36000000000001,0
CHEMBL1917459,CCS(=O)(=O)Nc1cccc2c1c(Oc1ccc(Cl)cc1)c(C)n2CC(=O)O,3.0,CCS(=O)(=O)Nc1cccc2c1c(Oc1ccc(Cl)cc1)c(C)n2CC(=O)O,4.241620000000004,0,0.21052631578947367,1,5,2,"{""number"": ""3.0"", ""relation"": ""="", ""status"": ""VALID""}",422.89000000000016,data/raw/tdc/clearance_microsome_az.tab,CHEMBL1917459,CCS(=O)(=O)Nc1cccc2c1c(Oc1ccc(Cl)cc1)c(C)n2CC(=O)O,3.0,7,Clearance_Microsome_AZ,67,,VALID,97.63000000000001,0
CHEMBL1777822,Cc1ccc(C#N)cc1-c1cc(C(F)(F)F)ccc1OCC(=O)O,3.0,Cc1ccc(C#N)cc1-c1cc(C(F)(F)F)ccc1OCC(=O)O,4.015900000000002,0,0.17647058823529413,1,3,1,"{""number"": ""3.0"", ""relation"": ""="", ""status"": ""VALID""}",335.2810000000001,data/raw/tdc/clearance_microsome_az.tab,CHEMBL1777822,Cc1ccc(C#N)cc1-c1cc(C(F)(F)F)ccc1OCC(=O)O,3.0,4,Clearance_Microsome_AZ,68,,VALID,70.32,0
CHEMBL1689136,C[C@H]1CN(Cc2cc(Cl)ccc2CCC(=O)O)CCN1C(=O)Cc1ccccc1,3.0,C[C@H]1CN(Cc2cc(Cl)ccc2CCC(=O)O)CCN1C(=O)Cc1ccccc1,3.6326000000000027,0,0.391304347826087,1,3,1,"{""number"": ""3.0"", ""relation"": ""="", ""status"": ""VALID""}",414.93300000000016,data/raw/tdc/clearance_microsome_az.tab,CHEMBL1689136,C[C@H]1CN(Cc2cc(Cl)ccc2CCC(=O)O)CCN1C(=O)Cc1ccccc1,3.0,7,Clearance_Microsome_AZ,69,,VALID,60.85000000000001,0
CHEMBL91428,COc1cc2ncnc(Nc3cc4ccccc4cn3)c2cc1OC,30.9,COc1cc2ncnc(Nc3cc4ccccc4cn3)c2cc1OC,3.9388000000000023,0,0.10526315789473684,1,6,1,"{""number"": ""30.9"", ""relation"": ""="", ""status"": ""VALID""}",332.3630000000001,data/raw/tdc/clearance_microsome_az.tab,CHEMBL91428,COc1cc2ncnc(Nc3cc4ccccc4cn3)c2cc1OC,30.9,4,Clearance_Microsome_AZ,70,,VALID,69.16000000000001,0
CHEMBL564885,O=C(NCC12CC3CC(CC(C3)C1)C2)c1ccnc(NCC2CCNCC2)c1Cl,68.0,O=C(NCC12CC3CC(CC(C3)C1)C2)c1ccnc(NCC2CCNCC2)c1Cl,4.0927000000000024,0,0.7391304347826086,1,4,3,"{""number"": ""68.0"", ""relation"": ""="", ""status"": ""VALID""}",416.9970000000002,data/raw/tdc/clearance_microsome_az.tab,CHEMBL564885,O=C(NCC12CC3CC(CC(C3)C1)C2)c1ccnc(NCC2CCNCC2)c1Cl,68.0,6,Clearance_Microsome_AZ,71,,VALID,66.05,4
CHEMBL1800526,COc1ccnc(CCc2nc3cc(Br)cnc3[nH]2)c1,23.5,COc1ccnc(CCc2nc3cc(Br)cnc3[nH]2)c1,2.9092000000000002,0,0.21428571428571427,1,4,1,"{""number"": ""23.5"", ""relation"": ""="", ""status"": ""VALID""}",333.189,data/raw/tdc/clearance_microsome_az.tab,CHEMBL1800526,COc1ccnc(CCc2nc3cc(Br)cnc3[nH]2)c1,23.5,4,Clearance_Microsome_AZ,72,,VALID,63.690000000000005,0
CHEMBL559078,CCCCC(CC)CNC(=O)c1cc(-n2ncc(=O)[nH]c2=O)ccc1Cl,24.0,CCCCC(CC)CNC(=O)c1cc(-n2ncc(=O)[nH]c2=O)ccc1Cl,2.5203999999999995,0,0.4444444444444444,1,5,2,"{""number"": ""24.0"", ""relation"": ""="", ""status"": ""VALID""}",378.8600000000001,data/raw/tdc/clearance_microsome_az.tab,CHEMBL559078,CCCCC(CC)CNC(=O)c1cc(-n2ncc(=O)[nH]c2=O)ccc1Cl,24.0,8,Clearance_Microsome_AZ,73,,VALID,96.85,1
CHEMBL551765,O=C(NCC1CCCCCC1)c1cc(-c2cccnc2N2CCC(C(=O)O)CC2)ccc1Cl,24.0,O=C(NCC1CCCCCC1)c1cc(-c2cccnc2N2CCC(C(=O)O)CC2)ccc1Cl,5.403200000000005,0,0.5,1,4,2,"{""number"": ""24.0"", ""relation"": ""="", ""status"": ""VALID""}",470.01300000000026,data/raw/tdc/clearance_microsome_az.tab,CHEMBL551765,O=C(NCC1CCCCCC1)c1cc(-c2cccnc2N2CCC(C(=O)O)CC2)ccc1Cl,24.0,6,Clearance_Microsome_AZ,74,,VALID,82.53,0
CHEMBL1789274,CNCC[C@@H](Oc1cc(OC)ccc1C#N)c1ccccc1,26.0,CNCC[C@@H](Oc1cc(OC)ccc1C#N)c1ccccc1,3.2964800000000016,0,0.2777777777777778,1,4,1,"{""number"": ""26.0"", ""relation"": ""="", ""status"": ""VALID""}",296.37,data/raw/tdc/clearance_microsome_az.tab,CHEMBL1789274,CNCC[C@@H](Oc1cc(OC)ccc1C#N)c1ccccc1,26.0,7,Clearance_Microsome_AZ,75,,VALID,54.28,0
CHEMBL1734492,NC(=O)NC(=O)C(Nc1ccc2c(c1)CCC2)c1ccccc1,27.54,NC(=O)NC(=O)C(Nc1ccc2c(c1)CCC2)c1ccccc1,2.5234000000000005,0,0.2222222222222222,1,3,3,"{""number"": ""27.54"", ""relation"": ""="", ""status"": ""VALID""}",309.36899999999997,data/raw/tdc/clearance_microsome_az.tab,CHEMBL1734492,NC(=O)NC(=O)C(Nc1ccc2c(c1)CCC2)c1ccccc1,27.54,4,Clearance_Microsome_AZ,76,,VALID,84.22,1
CHEMBL1096435,CS(=O)(=O)c1ccc([C@@H](CC2CCCC2)C(=O)Nc2nccs2)cc1,29.51,CS(=O)(=O)c1ccc([C@@H](CC2CCCC2)C(=O)Nc2nccs2)cc1,3.8492000000000024,0,0.4444444444444444,1,5,1,"{""number"": ""29.51"", ""relation"": ""="", ""status"": ""VALID""}",378.51899999999995,data/raw/tdc/clearance_microsome_az.tab,CHEMBL1096435,CS(=O)(=O)c1ccc([C@@H](CC2CCCC2)C(=O)Nc2nccs2)cc1,29.51,6,Clearance_Microsome_AZ,77,,VALID,76.13,0
CHEMBL1091137,CC/C(=C(/c1ccc(O)cc1)c1ccc(/C=C/C(=O)O)cc1)c1ccccc1,33.88,CC/C(=C(/c1ccc(O)cc1)c1ccc(/C=C/C(=O)O)cc1)c1ccccc1,5.859100000000005,0,0.08,1,2,2,"{""number"": ""33.88"", ""relation"": ""="", ""status"": ""VALID""}",370.44800000000004,data/raw/tdc/clearance_microsome_az.tab,CHEMBL1091137,CC/C(=C(/c1ccc(O)cc1)c1ccc(/C=C/C(=O)O)cc1)c1ccccc1,33.88,6,Clearance_Microsome_AZ,78,,VALID,57.53,0
CHEMBL1094250,Cc1cc2c(C(=O)NC[C@H](C)c3ccccc3)c(O)c(O)cc2c(O)c1-c1c(C)cc2c(C(=O)NC[C@H](C)c3ccccc3)c(O)c(O)cc2c1O,34.67,Cc1cc2c(C(=O)NC[C@H](C)c3ccccc3)c(O)c(O)cc2c(O)c1-c1c(C)cc2c(C(=O)NC[C@H](C)c3ccccc3)c(O)c(O)cc2c1O,7.577440000000009,0,0.19047619047619047,1,8,8,"{""number"": ""34.67"", ""relation"": ""="", ""status"": ""VALID""}",700.7880000000005,data/raw/tdc/clearance_microsome_az.tab,CHEMBL1094250,Cc1cc2c(C(=O)NC[C@H](C)c3ccccc3)c(O)c(O)cc2c(O)c1-c1c(C)cc2c(C(=O)NC[C@H](C)c3ccccc3)c(O)c(O)cc2c1O,34.67,9,Clearance_Microsome_AZ,79,,VALID,179.57999999999998,0
CHEMBL2216859,CC(C)N1CCN(Cc2cnc(-c3cc(-c4cccc5[nH]ccc45)cc4[nH]ncc34)o2)CC1,35.48,CC(C)N1CCN(Cc2cnc(-c3cc(-c4cccc5[nH]ccc45)cc4[nH]ncc34)o2)CC1,4.892200000000003,0,0.3076923076923077,1,5,2,"{""number"": ""35.48"", ""relation"": ""="", ""status"": ""VALID""}",440.5510000000002,data/raw/tdc/clearance_microsome_az.tab,CHEMBL2216859,CC(C)N1CCN(Cc2cnc(-c3cc(-c4cccc5[nH]ccc45)cc4[nH]ncc34)o2)CC1,35.48,5,Clearance_Microsome_AZ,80,,VALID,76.97999999999999,0
CHEMBL1299757,Nc1nc(-c2ccccn2)nc(N)c1Cc1ccc(Cl)cc1Cl,37.15,Nc1nc(-c2ccccn2)nc(N)c1Cc1ccc(Cl)cc1Cl,3.600600000000002,0,0.0625,1,5,2,"{""number"": ""37.15"", ""relation"": ""="", ""status"": ""VALID""}",346.221,data/raw/tdc/clearance_microsome_az.tab,CHEMBL1299757,Nc1nc(-c2ccccn2)nc(N)c1Cc1ccc(Cl)cc1Cl,37.15,3,Clearance_Microsome_AZ,81,,VALID,90.71,0
CHEMBL1916086,Cc1ccc(S(=O)(=O)Nc2c(C(=O)NCc3ccccc3)cnn2-c2ccccc2)cc1,150.0,Cc1ccc(S(=O)(=O)Nc2c(C(=O)NCc3ccccc3)cnn2-c2ccccc2)cc1,3.911520000000003,0,0.08333333333333333,1,5,2,"{""number"": ""150.0"", ""relation"": ""="", ""status"": ""VALID""}",446.5320000000001,data/raw/tdc/clearance_microsome_az.tab,CHEMBL1916086,Cc1ccc(S(=O)(=O)Nc2c(C(=O)NCc3ccccc3)cnn2-c2ccccc2)cc1,150.0,7,Clearance_Microsome_AZ,82,,VALID,93.09,0
CHEMBL1938400,CC(C)(C)c1cc(NC(=O)NCc2ccccc2Sc2ccc3nnc(-c4ccccc4SCCO)n3c2)n(-c2ccc(O)c(Cl)c2)n1,150.0,CC(C)(C)c1cc(NC(=O)NCc2ccccc2Sc2ccc3nnc(-c4ccccc4SCCO)n3c2)n(-c2ccc(O)c(Cl)c2)n1,7.795800000000009,0,0.2,1,10,4,"{""number"": ""150.0"", ""relation"": ""="", ""status"": ""VALID""}",700.2900000000001,data/raw/tdc/clearance_microsome_az.tab,CHEMBL1938400,CC(C)(C)c1cc(NC(=O)NCc2ccccc2Sc2ccc3nnc(-c4ccccc4SCCO)n3c2)n(-c2ccc(O)c(Cl)c2)n1,150.0,10,Clearance_Microsome_AZ,83,,VALID,129.6,0
CHEMBL1922055,C[C@@](C(=O)O[C@H]1C[N+]2(Cc3cc(-c4ccccc4)on3)CCC1CC2)(c1ccccc1)N1CCCCC1,150.0,C[C@@](C(=O)O[C@H]1C[N+]2(Cc3cc(-c4ccccc4)on3)CCC1CC2)(c1ccccc1)N1CCCCC1,5.395100000000006,0,0.4838709677419355,1,5,0,"{""number"": ""150.0"", ""relation"": ""="", ""status"": ""VALID""}",500.6630000000005,data/raw/tdc/clearance_microsome_az.tab,CHEMBL1922055,C[C@@](C(=O)O[C@H]1C[N+]2(Cc3cc(-c4ccccc4)on3)CCC1CC2)(c1ccccc1)N1CCCCC1,150.0,7,Clearance_Microsome_AZ,84,,VALID,55.57,2
CHEMBL383669,CC(C)Cn1c(=O)n(C)c(=O)c2c(C(=O)N3CCCC3)c(Cc3ccccc3C(F)(F)F)sc21,150.0,CC(C)Cn1c(=O)n(C)c(=O)c2c(C(=O)N3CCCC3)c(Cc3ccccc3C(F)(F)F)sc21,4.263300000000004,0,0.4583333333333333,1,6,0,"{""number"": ""150.0"", ""relation"": ""="", ""status"": ""VALID""}",493.55100000000016,data/raw/tdc/clearance_microsome_az.tab,CHEMBL383669,CC(C)Cn1c(=O)n(C)c(=O)c2c(C(=O)N3CCCC3)c(Cc3ccccc3C(F)(F)F)sc21,150.0,5,Clearance_Microsome_AZ,85,,VALID,64.31,0
CHEMBL1874317,N#CCC(CNc1ncc(C(F)(F)F)cc1Cl)OC(=O)c1c(F)cccc1F,150.0,N#CCC(CNc1ncc(C(F)(F)F)cc1Cl)OC(=O)c1c(F)cccc1F,4.583180000000002,0,0.23529411764705882,1,5,1,"{""number"": ""150.0"", ""relation"": ""="", ""status"": ""VALID""}",419.7370000000001,data/raw/tdc/clearance_microsome_az.tab,CHEMBL1874317,N#CCC(CNc1ncc(C(F)(F)F)cc1Cl)OC(=O)c1c(F)cccc1F,150.0,6,Clearance_Microsome_AZ,86,,VALID,75.00999999999999,1
CHEMBL1573309,CCN(CC)CCn1c2ccccc2c2cnc(N)c(C#N)c21,71.0,CCN(CC)CCn1c2ccccc2c2cnc(N)c(C#N)c21,2.9851800000000006,0,0.3333333333333333,1,5,1,"{""number"": ""71.0"", ""relation"": ""="", ""status"": ""VALID""}",307.4010000000001,data/raw/tdc/clearance_microsome_az.tab,CHEMBL1573309,CCN(CC)CCn1c2ccccc2c2cnc(N)c(C#N)c21,71.0,5,Clearance_Microsome_AZ,87,,VALID,70.87,0
CHEMBL2171013,Cc1ccc(S(=O)(=O)N(C)C(=O)N2CCC(N3CCC(Oc4ccc(Cl)c(Cl)c4)CC3)CC2)cc1,10.0,Cc1ccc(S(=O)(=O)N(C)C(=O)N2CCC(N3CCC(Oc4ccc(Cl)c(Cl)c4)CC3)CC2)cc1,5.050120000000005,0,0.48,1,5,0,"{""number"": ""10.0"", ""relation"": ""="", ""status"": ""VALID""}",540.5130000000003,data/raw/tdc/clearance_microsome_az.tab,CHEMBL2171013,Cc1ccc(S(=O)(=O)N(C)C(=O)N2CCC(N3CCC(Oc4ccc(Cl)c(Cl)c4)CC3)CC2)cc1,10.0,5,Clearance_Microsome_AZ,88,,VALID,70.16000000000001,0
CHEMBL1916289,Cc1nn(-c2ccc(F)cc2)c(NS(=O)(=O)c2ccc(C(F)(F)F)cc2)c1C(=O)N[C@@H](C)C(C)(C)C,10.0,Cc1nn(-c2ccc(F)cc2)c(NS(=O)(=O)c2ccc(C(F)(F)F)cc2)c1C(=O)N[C@@H](C)C(C)(C)C,5.303820000000005,0,0.3333333333333333,1,5,2,"{""number"": ""10.0"", ""relation"": ""="", ""status"": ""VALID""}",526.5560000000002,data/raw/tdc/clearance_microsome_az.tab,CHEMBL1916289,Cc1nn(-c2ccc(F)cc2)c(NS(=O)(=O)c2ccc(C(F)(F)F)cc2)c1C(=O)N[C@@H](C)C(C)(C)C,10.0,6,Clearance_Microsome_AZ,89,,VALID,93.09,0
CHEMBL1865796,Cc1ccccc1Nc1nc(N)nc(C)c1Br,150.0,Cc1ccccc1Nc1nc(N)nc(C)c1Br,3.1817400000000005,0,0.16666666666666666,1,4,2,"{""number"": ""150.0"", ""relation"": ""="", ""status"": ""VALID""}",293.168,data/raw/tdc/clearance_microsome_az.tab,CHEMBL1865796,Cc1ccccc1Nc1nc(N)nc(C)c1Br,150.0,2,Clearance_Microsome_AZ,90,,VALID,63.83,0
CHEMBL521809,O=C(c1cccc(Cc2n[nH]c(=O)c3ccccc23)c1)N1CCN(c2ncccn2)CC1,150.0,O=C(c1cccc(Cc2n[nH]c(=O)c3ccccc23)c1)N1CCN(c2ncccn2)CC1,2.2663,0,0.20833333333333334,1,6,1,"{""number"": ""150.0"", ""relation"": ""="", ""status"": ""VALID""}",426.48000000000025,data/raw/tdc/clearance_microsome_az.tab,CHEMBL521809,O=C(c1cccc(Cc2n[nH]c(=O)c3ccccc23)c1)N1CCN(c2ncccn2)CC1,150.0,4,Clearance_Microsome_AZ,91,,VALID,95.08,0
CHEMBL1807824,CCc1ccc(CCNCCCSCCNC[C@H](O)c2ccc(O)c3[nH]c(=O)sc23)cc1,68.0,CCc1ccc(CCNCCCSCCNC[C@H](O)c2ccc(O)c3[nH]c(=O)sc23)cc1,3.4362000000000013,0,0.4583333333333333,1,7,5,"{""number"": ""68.0"", ""relation"": ""="", ""status"": ""VALID""}",475.6800000000001,data/raw/tdc/clearance_microsome_az.tab,CHEMBL1807824,CCc1ccc(CCNCCCSCCNC[C@H](O)c2ccc(O)c3[nH]c(=O)sc23)cc1,68.0,14,Clearance_Microsome_AZ,92,,VALID,97.38,0
CHEMBL2171014,Cc1c(Cl)ccc(OC2CCN(C3CCN(C(=O)NS(=O)(=O)c4ccc(N(C)C)cc4)CC3)CC2)c1Cl,9.0,Cc1c(Cl)ccc(OC2CCN(C3CCN(C(=O)NS(=O)(=O)c4ccc(N(C)C)cc4)CC3)CC2)c1Cl,4.773920000000004,0,0.5,1,6,1,"{""number"": ""9.0"", ""relation"": ""="", ""status"": ""VALID""}",569.5550000000002,data/raw/tdc/clearance_microsome_az.tab,CHEMBL2171014,Cc1c(Cl)ccc(OC2CCN(C3CCN(C(=O)NS(=O)(=O)c4ccc(N(C)C)cc4)CC3)CC2)c1Cl,9.0,6,Clearance_Microsome_AZ,93,,VALID,82.19,0
CHEMBL2164678,N#CC1(NC(=O)[C@@H]2CCCC[C@H]2C(=O)N2CCc3[nH]c4ccc(F)cc4c3C2)CC1,12.5,N#CC1(NC(=O)[C@@H]2CCCC[C@H]2C(=O)N2CCc3[nH]c4ccc(F)cc4c3C2)CC1,3.1704800000000013,0,0.5217391304347826,1,3,2,"{""number"": ""12.5"", ""relation"": ""="", ""status"": ""VALID""}",408.47700000000015,data/raw/tdc/clearance_microsome_az.tab,CHEMBL2164678,N#CC1(NC(=O)[C@@H]2CCCC[C@H]2C(=O)N2CCc3[nH]c4ccc(F)cc4c3C2)CC1,12.5,3,Clearance_Microsome_AZ,94,,VALID,88.99000000000001,0
CHEMBL1916273,Cc1ccc(S(=O)(=O)Nc2c(C(=O)NC(C)C)c(C)nn2-c2ccccc2)cc1,12.0,Cc1ccc(S(=O)(=O)Nc2c(C(=O)NC(C)C)c(C)nn2-c2ccccc2)cc1,3.4281400000000026,0,0.23809523809523808,1,5,2,"{""number"": ""12.0"", ""relation"": ""="", ""status"": ""VALID""}",412.5150000000001,data/raw/tdc/clearance_microsome_az.tab,CHEMBL1916273,Cc1ccc(S(=O)(=O)Nc2c(C(=O)NC(C)C)c(C)nn2-c2ccccc2)cc1,12.0,6,Clearance_Microsome_AZ,95,,VALID,93.09,0
CHEMBL560219,O=C(Cc1ccc(Cl)c(C(F)(F)F)c1)Nc1cccc2c(=O)n(CCO)ccc12,3.0,O=C(Cc1ccc(Cl)c(C(F)(F)F)c1)Nc1cccc2c(=O)n(CCO)ccc12,3.8472000000000026,0,0.2,1,4,2,"{""number"": ""3.0"", ""relation"": ""="", ""status"": ""VALID""}",424.80600000000015,data/raw/tdc/clearance_microsome_az.tab,CHEMBL560219,O=C(Cc1ccc(Cl)c(C(F)(F)F)c1)Nc1cccc2c(=O)n(CCO)ccc12,3.0,5,Clearance_Microsome_AZ,96,,VALID,71.33,0
CHEMBL1204759,Cc1nn(-c2ccccc2)c(NC(=O)NS(=O)(=O)c2ccc(Cl)cc2)c1C#N,3.0,Cc1nn(-c2ccccc2)c(NC(=O)NS(=O)(=O)c2ccc(Cl)cc2)c1C#N,3.2162000000000006,0,0.05555555555555555,1,6,2,"{""number"": ""3.0"", ""relation"": ""="", ""status"": ""VALID""}",415.86200000000014,data/raw/tdc/clearance_microsome_az.tab,CHEMBL1204759,Cc1nn(-c2ccccc2)c(NC(=O)NS(=O)(=O)c2ccc(Cl)cc2)c1C#N,3.0,4,Clearance_Microsome_AZ,97,,VALID,116.88,0
CHEMBL272551,O=S(=O)(c1ccccc1)N1CCN(Cc2ccccc2)CC1,64.0,O=S(=O)(c1ccccc1)N1CCN(Cc2ccccc2)CC1,2.1931000000000003,0,0.29411764705882354,1,3,0,"{""number"": ""64.0"", ""relation"": ""="", ""status"": ""VALID""}",316.42600000000004,data/raw/tdc/clearance_microsome_az.tab,CHEMBL272551,O=S(=O)(c1ccccc1)N1CCN(Cc2ccccc2)CC1,64.0,4,Clearance_Microsome_AZ,98,,VALID,40.620000000000005,0
CHEMBL1783119,COc1ccc(C(=O)NCc2cn(-c3cc(C)nc4ccc(OC)cc34)nn2)cc1,64.57,COc1ccc(C(=O)NCc2cn(-c3cc(C)nc4ccc(OC)cc34)nn2)cc1,3.0711200000000014,0,0.18181818181818182,1,7,1,"{""number"": ""64.57"", ""relation"": ""="", ""status"": ""VALID""}",403.4420000000001,data/raw/tdc/clearance_microsome_az.tab,CHEMBL1783119,COc1ccc(C(=O)NCc2cn(-c3cc(C)nc4ccc(OC)cc34)nn2)cc1,64.57,6,Clearance_Microsome_AZ,99,,VALID,91.16,0
CHEMBL196707,Cc1c(CC(=O)O)c2cc(F)ccc2n1S(=O)(=O)c1ccc(S(C)(=O)=O)cc1,5.0,Cc1c(CC(=O)O)c2cc(F)ccc2n1S(=O)(=O)c1ccc(S(C)(=O)=O)cc1,2.356420000000001,0,0.16666666666666666,1,6,1,"{""number"": ""5.0"", ""relation"": ""="", ""status"": ""VALID""}",425.4590000000001,data/raw/tdc/clearance_microsome_az.tab,CHEMBL196707,Cc1c(CC(=O)O)c2cc(F)ccc2n1S(=O)(=O)c1ccc(S(C)(=O)=O)cc1,5.0,5,Clearance_Microsome_AZ,100,,VALID,110.50999999999999,0
CHEMBL1290183,O=C(c1ccccc1)N1CCC2(CCN(Cc3cccc(Cl)c3)CC2)CC1,5.0,O=C(c1ccccc1)N1CCC2(CCN(Cc3cccc(Cl)c3)CC2)CC1,4.858400000000005,0,0.43478260869565216,1,2,0,"{""number"": ""5.0"", ""relation"": ""="", ""status"": ""VALID""}",382.9350000000002,data/raw/tdc/clearance_microsome_az.tab,CHEMBL1290183,O=C(c1ccccc1)N1CCC2(CCN(Cc3cccc(Cl)c3)CC2)CC1,5.0,3,Clearance_Microsome_AZ,101,,VALID,23.550000000000004,0
CHEMBL1916288,Cc1nn(-c2ccc(F)cc2)c(NS(=O)(=O)c2ccc(C#N)cc2)c1C(=O)N[C@@H](C)C(C)(C)C,5.0,Cc1nn(-c2ccc(F)cc2)c(NS(=O)(=O)c2ccc(C#N)cc2)c1C(=O)N[C@@H](C)C(C)(C)C,4.156700000000003,0,0.2916666666666667,1,6,2,"{""number"": ""5.0"", ""relation"": ""="", ""status"": ""VALID""}",483.56900000000024,data/raw/tdc/clearance_microsome_az.tab,CHEMBL1916288,Cc1nn(-c2ccc(F)cc2)c(NS(=O)(=O)c2ccc(C#N)cc2)c1C(=O)N[C@@H](C)C(C)(C)C,5.0,6,Clearance_Microsome_AZ,102,,VALID,116.88,0
CHEMBL1464,CC(=O)CC(c1ccccc1)c1c(O)c2ccccc2oc1=O,5.25,CC(=O)CC(c1ccccc1)c1c(O)c2ccccc2oc1=O,3.609600000000003,0,0.15789473684210525,1,4,1,"{""number"": ""5.25"", ""relation"": ""="", ""status"": ""VALID""}",308.3330000000001,data/raw/tdc/clearance_microsome_az.tab,CHEMBL1464,CC(=O)CC(c1ccccc1)c1c(O)c2ccccc2oc1=O,5.25,4,Clearance_Microsome_AZ,103,,VALID,67.50999999999999,1
CHEMBL106309,O=C(O)CCCCCCc1ccc(Cc2ccc3ccccc3n2)cc1,5.37,O=C(O)CCCCCCc1ccc(Cc2ccc3ccccc3n2)cc1,5.403200000000004,0,0.30434782608695654,1,2,1,"{""number"": ""5.37"", ""relation"": ""="", ""status"": ""VALID""}",347.458,data/raw/tdc/clearance_microsome_az.tab,CHEMBL106309,O=C(O)CCCCCCc1ccc(Cc2ccc3ccccc3n2)cc1,5.37,9,Clearance_Microsome_AZ,104,,VALID,50.19,0
CHEMBL1173055,CNCc1ccc(-c2[nH]c3cc(F)cc4c3c2CCNC4=O)cc1,5.5,CNCc1ccc(-c2[nH]c3cc(F)cc4c3c2CCNC4=O)cc1,2.979300000000001,0,0.21052631578947367,1,2,3,"{""number"": ""5.5"", ""relation"": ""="", ""status"": ""VALID""}",323.371,data/raw/tdc/clearance_microsome_az.tab,CHEMBL1173055,CNCc1ccc(-c2[nH]c3cc(F)cc4c3c2CCNC4=O)cc1,5.5,3,Clearance_Microsome_AZ,105,,VALID,56.92,0
CHEMBL1829174,Cc1cc(OCCCS(C)(=O)=O)cc(C)c1-c1cccc(COc2ccc3c(c2)OC[C@H]3CC(=O)O)c1,5.5,Cc1cc(OCCCS(C)(=O)=O)cc(C)c1-c1cccc(COc2ccc3c(c2)OC[C@H]3CC(=O)O)c1,5.313640000000005,0,0.3448275862068966,1,6,1,"{""number"": ""5.5"", ""relation"": ""="", ""status"": ""VALID""}",524.6350000000003,data/raw/tdc/clearance_microsome_az.tab,CHEMBL1829174,Cc1cc(OCCCS(C)(=O)=O)cc(C)c1-c1cccc(COc2ccc3c(c2)OC[C@H]3CC(=O)O)c1,5.5,11,Clearance_Microsome_AZ,106,,VALID,99.13000000000001,0
CHEMBL2171043,O=C(NS(=O)(=O)c1cccc(Cl)c1)N1CCC(N2CCC(Oc3ccc(Cl)c(Cl)c3)CC2)CC1,6.0,O=C(NS(=O)(=O)c1cccc(Cl)c1)N1CCC(N2CCC(Oc3ccc(Cl)c(Cl)c3)CC2)CC1,5.0529000000000055,0,0.43478260869565216,1,5,1,"{""number"": ""6.0"", ""relation"": ""="", ""status"": ""VALID""}",546.9040000000001,data/raw/tdc/clearance_microsome_az.tab,CHEMBL2171043,O=C(NS(=O)(=O)c1cccc(Cl)c1)N1CCC(N2CCC(Oc3ccc(Cl)c(Cl)c3)CC2)CC1,6.0,5,Clearance_Microsome_AZ,107,,VALID,78.95,0
CHEMBL382435,CCN(C(=O)Cc1ccc(S(C)(=O)=O)cc1)C1CCN(CC[C@H](c2ccc(S(C)(=O)=O)cc2)c2cc(F)cc(Cl)c2)CC1,6.5,CCN(C(=O)Cc1ccc(S(C)(=O)=O)cc1)C1CCN(CC[C@H](c2ccc(S(C)(=O)=O)cc2)c2cc(F)cc(Cl)c2)CC1,5.363700000000006,0,0.40625,1,6,0,"{""number"": ""6.5"", ""relation"": ""="", ""status"": ""VALID""}",649.2500000000002,data/raw/tdc/clearance_microsome_az.tab,CHEMBL382435,CCN(C(=O)Cc1ccc(S(C)(=O)=O)cc1)C1CCN(CC[C@H](c2ccc(S(C)(=O)=O)cc2)c2cc(F)cc(Cl)c2)CC1,6.5,11,Clearance_Microsome_AZ,108,,VALID,91.83000000000001,0
CHEMBL2163360,N#CC1(NC(=O)[C@@H]2CCCC[C@H]2C(=O)N2CCc3[nH]c4ncccc4c3C2)CC1,7.0,N#CC1(NC(=O)[C@@H]2CCCC[C@H]2C(=O)N2CCc3[nH]c4ncccc4c3C2)CC1,2.42638,0,0.5454545454545454,1,4,2,"{""number"": ""7.0"", ""relation"": ""="", ""status"": ""VALID""}",391.47500000000014,data/raw/tdc/clearance_microsome_az.tab,CHEMBL2163360,N#CC1(NC(=O)[C@@H]2CCCC[C@H]2C(=O)N2CCc3[nH]c4ncccc4c3C2)CC1,7.0,3,Clearance_Microsome_AZ,109,,VALID,101.88000000000001,0
CHEMBL1363924,CCn1c(SCC(=O)Nc2cc(C)on2)nnc1-c1cccnc1,7.76,CCn1c(SCC(=O)Nc2cc(C)on2)nnc1-c1cccnc1,2.38722,0,0.26666666666666666,1,8,1,"{""number"": ""7.76"", ""relation"": ""="", ""status"": ""VALID""}",344.4000000000001,data/raw/tdc/clearance_microsome_az.tab,CHEMBL1363924,CCn1c(SCC(=O)Nc2cc(C)on2)nnc1-c1cccnc1,7.76,6,Clearance_Microsome_AZ,110,,VALID,98.73,0
CHEMBL1916274,Cc1ccc(S(=O)(=O)Nc2c(C(=O)NC3CCCCC3)c(C)nn2-c2ccccc2)cc1,38.0,Cc1ccc(S(=O)(=O)Nc2c(C(=O)NC3CCCCC3)c(C)nn2-c2ccccc2)cc1,4.352440000000004,0,0.3333333333333333,1,5,2,"{""number"": ""38.0"", ""relation"": ""="", ""status"": ""VALID""}",452.5800000000002,data/raw/tdc/clearance_microsome_az.tab,CHEMBL1916274,Cc1ccc(S(=O)(=O)Nc2c(C(=O)NC3CCCCC3)c(C)nn2-c2ccccc2)cc1,38.0,6,Clearance_Microsome_AZ,111,,VALID,93.09,0
CHEMBL54,O=C(CCCN1CCC(O)(c2ccc(Cl)cc2)CC1)c1ccc(F)cc1,8.0,O=C(CCCN1CCC(O)(c2ccc(Cl)cc2)CC1)c1ccc(F)cc1,4.425600000000004,0,0.38095238095238093,1,3,1,"{""number"": ""8.0"", ""relation"": ""="", ""status"": ""VALID""}",375.87100000000015,data/raw/tdc/clearance_microsome_az.tab,CHEMBL54,O=C(CCCN1CCC(O)(c2ccc(Cl)cc2)CC1)c1ccc(F)cc1,8.0,6,Clearance_Microsome_AZ,112,,VALID,40.540000000000006,0
CHEMBL552513,O=C(Cc1ccc(F)c(C(F)(F)F)c1)Nc1cccc2c(=O)n([C@@H]3CNC[C@H]3O)ccc12,8.0,O=C(Cc1ccc(F)c(C(F)(F)F)c1)Nc1cccc2c(=O)n([C@@H]3CNC[C@H]3O)ccc12,2.8458000000000006,0,0.2727272727272727,1,5,3,"{""number"": ""8.0"", ""relation"": ""="", ""status"": ""VALID""}",449.40400000000017,data/raw/tdc/clearance_microsome_az.tab,CHEMBL552513,O=C(Cc1ccc(F)c(C(F)(F)F)c1)Nc1cccc2c(=O)n([C@@H]3CNC[C@H]3O)ccc12,8.0,4,Clearance_Microsome_AZ,113,,VALID,83.36,0
CHEMBL1917427,Cc1c(F)ccc2c1c(Sc1ccc(Cl)cc1)c(C)n2CC(=O)O,3.0,Cc1c(F)ccc2c1c(Sc1ccc(Cl)cc1)c(C)n2CC(=O)O,5.286440000000003,0,0.16666666666666666,1,3,1,"{""number"": ""3.0"", ""relation"": ""="", ""status"": ""VALID""}",363.8410000000001,data/raw/tdc/clearance_microsome_az.tab,CHEMBL1917427,Cc1c(F)ccc2c1c(Sc1ccc(Cl)cc1)c(C)n2CC(=O)O,3.0,4,Clearance_Microsome_AZ,114,,VALID,42.230000000000004,0
CHEMBL244936,Cc1nc2ccc(-c3ccc(Cl)cc3)cc2c(=O)n1C[C@H]1CCCN(C(C)C)C1,3.0,Cc1nc2ccc(-c3ccc(Cl)cc3)cc2c(=O)n1C[C@H]1CCCN(C(C)C)C1,5.145720000000005,0,0.4166666666666667,1,4,0,"{""number"": ""3.0"", ""relation"": ""="", ""status"": ""VALID""}",409.96100000000024,data/raw/tdc/clearance_microsome_az.tab,CHEMBL244936,Cc1nc2ccc(-c3ccc(Cl)cc3)cc2c(=O)n1C[C@H]1CCCN(C(C)C)C1,3.0,4,Clearance_Microsome_AZ,115,,VALID,38.13,0
CHEMBL244184,Cc1cnc(Oc2ccc(-n3ccnc3)cc2)nc1Oc1ccc2c(c1)OCO2,3.0,Cc1cnc(Oc2ccc(-n3ccnc3)cc2)nc1Oc1ccc2c(c1)OCO2,4.284020000000003,0,0.09523809523809523,1,8,0,"{""number"": ""3.0"", ""relation"": ""="", ""status"": ""VALID""}",388.3830000000002,data/raw/tdc/clearance_microsome_az.tab,CHEMBL244184,Cc1cnc(Oc2ccc(-n3ccnc3)cc2)nc1Oc1ccc2c(c1)OCO2,3.0,5,Clearance_Microsome_AZ,116,,VALID,80.52000000000001,0
CHEMBL309339,O=C(NO)c1ccccc1O,3.0,O=C(NO)c1ccccc1O,0.5112000000000003,0,0.0,1,3,3,"{""number"": ""3.0"", ""relation"": ""="", ""status"": ""VALID""}",153.13699999999997,data/raw/tdc/clearance_microsome_az.tab,CHEMBL309339,O=C(NO)c1ccccc1O,3.0,1,Clearance_Microsome_AZ,117,,VALID,69.56,0
CHEMBL1208,CCn1nc(C(=O)O)c(=O)c2cc3c(cc21)OCO3,3.0,CCn1nc(C(=O)O)c(=O)c2cc3c(cc21)OCO3,0.8432999999999997,0,0.25,1,6,1,"{""number"": ""3.0"", ""relation"": ""="", ""status"": ""VALID""}",262.22099999999995,data/raw/tdc/clearance_microsome_az.tab,CHEMBL1208,CCn1nc(C(=O)O)c(=O)c2cc3c(cc21)OCO3,3.0,2,Clearance_Microsome_AZ,118,,VALID,90.65,0
CHEMBL2335901,C[C@@H](NC(=O)C1CCNCC1)c1ccc(Nc2ncc3cc(-c4ccncc4)ccc3n2)cc1,4.17,C[C@@H](NC(=O)C1CCNCC1)c1ccc(Nc2ncc3cc(-c4ccncc4)ccc3n2)cc1,4.612200000000002,0,0.25925925925925924,1,6,3,"{""number"": ""4.17"", ""relation"": ""="", ""status"": ""VALID""}",452.5620000000001,data/raw/tdc/clearance_microsome_az.tab,CHEMBL2335901,C[C@@H](NC(=O)C1CCNCC1)c1ccc(Nc2ncc3cc(-c4ccncc4)ccc3n2)cc1,4.17,6,Clearance_Microsome_AZ,119,,VALID,91.83000000000001,0
CHEMBL2059909,CC(C)(C)NS(=O)(=O)c1cncc(-c2ccc3nc(N)nn3c2)c1,3.0,CC(C)(C)NS(=O)(=O)c1cncc(-c2ccc3nc(N)nn3c2)c1,1.4502999999999995,0,0.26666666666666666,1,7,2,"{""number"": ""3.0"", ""relation"": ""="", ""status"": ""VALID""}",346.41600000000005,data/raw/tdc/clearance_microsome_az.tab,CHEMBL2059909,CC(C)(C)NS(=O)(=O)c1cncc(-c2ccc3nc(N)nn3c2)c1,3.0,3,Clearance_Microsome_AZ,120,,VALID,115.27,0
CHEMBL2171050,Cc1ccc(S(=O)(=O)NC(=O)N2CCC(N3CCC(Oc4ccc(F)c(F)c4)CC3)CC2)cc1,3.0,Cc1ccc(S(=O)(=O)NC(=O)N2CCC(N3CCC(Oc4ccc(F)c(F)c4)CC3)CC2)cc1,3.6793200000000024,0,0.4583333333333333,1,5,1,"{""number"": ""3.0"", ""relation"": ""="", ""status"": ""VALID""}",493.5760000000003,data/raw/tdc/clearance_microsome_az.tab,CHEMBL2171050,Cc1ccc(S(=O)(=O)NC(=O)N2CCC(N3CCC(Oc4ccc(F)c(F)c4)CC3)CC2)cc1,3.0,5,Clearance_Microsome_AZ,121,,VALID,78.95,0
CHEMBL1043,Nc1ccc(S(=O)(=O)c2ccc(N)cc2)cc1,3.0,Nc1ccc(S(=O)(=O)c2ccc(N)cc2)cc1,1.6838000000000002,0,0.0,1,4,2,"{""number"": ""3.0"", ""relation"": ""="", ""status"": ""VALID""}",248.30700000000002,data/raw/tdc/clearance_microsome_az.tab,CHEMBL1043,Nc1ccc(S(=O)(=O)c2ccc(N)cc2)cc1,3.0,2,Clearance_Microsome_AZ,122,,VALID,86.18,0
CHEMBL1917444,COc1ccc(Sc2c(C)n(CC(=O)O)c3ccc(C)cc23)cc1,3.0,COc1ccc(Sc2c(C)n(CC(=O)O)c3ccc(C)cc23)cc1,4.502540000000002,0,0.21052631578947367,1,4,1,"{""number"": ""3.0"", ""relation"": ""="", ""status"": ""VALID""}",341.4320000000001,data/raw/tdc/clearance_microsome_az.tab,CHEMBL1917444,COc1ccc(Sc2c(C)n(CC(=O)O)c3ccc(C)cc23)cc1,3.0,5,Clearance_Microsome_AZ,123,,VALID,51.46,0
CHEMBL1689137,C[C@H]1CN(Cc2cc(Cl)ccc2CC(=O)O)CCN1S(=O)(=O)Cc1ccccc1,3.0,C[C@H]1CN(Cc2cc(Cl)ccc2CC(=O)O)CCN1S(=O)(=O)Cc1ccccc1,3.0032000000000023,0,0.38095238095238093,1,4,1,"{""number"": ""3.0"", ""relation"": ""="", ""status"": ""VALID""}",436.9610000000001,data/raw/tdc/clearance_microsome_az.tab,CHEMBL1689137,C[C@H]1CN(Cc2cc(Cl)ccc2CC(=O)O)CCN1S(=O)(=O)Cc1ccccc1,3.0,7,Clearance_Microsome_AZ,124,,VALID,77.92000000000002,0
CHEMBL2171215,O=C(NS(=O)(=O)Cc1ccccc1)N1CCC(N2CCC(Oc3ccc(Cl)c(Cl)c3)CC2)CC1,3.0,O=C(NS(=O)(=O)Cc1ccccc1)N1CCC(N2CCC(Oc3ccc(Cl)c(Cl)c3)CC2)CC1,4.540600000000004,0,0.4583333333333333,1,5,1,"{""number"": ""3.0"", ""relation"": ""="", ""status"": ""VALID""}",526.4860000000003,data/raw/tdc/clearance_microsome_az.tab,CHEMBL2171215,O=C(NS(=O)(=O)Cc1ccccc1)N1CCC(N2CCC(Oc3ccc(Cl)c(Cl)c3)CC2)CC1,3.0,6,Clearance_Microsome_AZ,125,,VALID,78.95,0
CHEMBL2158816,O=C(O)C(c1ccccc1)N1CCCC(CN2CCC(Oc3ccc(Cl)c(Cl)c3)CC2)C1,3.0,O=C(O)C(c1ccccc1)N1CCCC(CN2CCC(Oc3ccc(Cl)c(Cl)c3)CC2)C1,5.374500000000006,0,0.48,1,4,1,"{""number"": ""3.0"", ""relation"": ""="", ""status"": ""VALID""}",477.43200000000024,data/raw/tdc/clearance_microsome_az.tab,CHEMBL2158816,O=C(O)C(c1ccccc1)N1CCCC(CN2CCC(Oc3ccc(Cl)c(Cl)c3)CC2)C1,3.0,7,Clearance_Microsome_AZ,126,,VALID,53.010000000000005,2
CHEMBL578288,N#CN=C(N)c1sc(Nc2ccccc2)nc1N,3.0,N#CN=C(N)c1sc(Nc2ccccc2)nc1N,1.65528,0,0.0,1,6,3,"{""number"": ""3.0"", ""relation"": ""="", ""status"": ""VALID""}",258.31000000000006,data/raw/tdc/clearance_microsome_az.tab,CHEMBL578288,N#CN=C(N)c1sc(Nc2ccccc2)nc1N,3.0,3,Clearance_Microsome_AZ,127,,VALID,113.11,1
CHEMBL2171039,O=C(NS(=O)(=O)c1ccccc1Cl)N1CCC(N2CCC(Oc3ccc(Cl)c(Cl)c3)CC2)CC1,3.0,O=C(NS(=O)(=O)c1ccccc1Cl)N1CCC(N2CCC(Oc3ccc(Cl)c(Cl)c3)CC2)CC1,5.0529000000000055,0,0.43478260869565216,1,5,1,"{""number"": ""3.0"", ""relation"": ""="", ""status"": ""VALID""}",546.9040000000001,data/raw/tdc/clearance_microsome_az.tab,CHEMBL2171039,O=C(NS(=O)(=O)c1ccccc1Cl)N1CCC(N2CCC(Oc3ccc(Cl)c(Cl)c3)CC2)CC1,3.0,5,Clearance_Microsome_AZ,128,,VALID,78.95,0
CHEMBL1778635,N#Cc1ccc(F)c(-c2cc(C(F)(F)F)ccc2OCC(=O)O)c1,3.0,N#Cc1ccc(F)c(-c2cc(C(F)(F)F)ccc2OCC(=O)O)c1,3.846580000000001,0,0.125,1,3,1,"{""number"": ""3.0"", ""relation"": ""="", ""status"": ""VALID""}",339.2440000000001,data/raw/tdc/clearance_microsome_az.tab,CHEMBL1778635,N#Cc1ccc(F)c(-c2cc(C(F)(F)F)ccc2OCC(=O)O)c1,3.0,4,Clearance_Microsome_AZ,129,,VALID,70.32,0
CHEMBL402728,Cc1nc(CSc2nc(N[C@H](C)CO)c3sc(=O)[nH]c3n2)cs1,3.0,Cc1nc(CSc2nc(N[C@H](C)CO)c3sc(=O)[nH]c3n2)cs1,2.22952,0,0.38461538461538464,1,9,3,"{""number"": ""3.0"", ""relation"": ""="", ""status"": ""VALID""}",369.49700000000007,data/raw/tdc/clearance_microsome_az.tab,CHEMBL402728,Cc1nc(CSc2nc(N[C@H](C)CO)c3sc(=O)[nH]c3n2)cs1,3.0,6,Clearance_Microsome_AZ,130,,VALID,103.79,0
CHEMBL1975242,O=C(Nc1nc2c(=O)[nH]cnc2s1)c1ccccc1,3.0,O=C(Nc1nc2c(=O)[nH]cnc2s1)c1ccccc1,1.6318999999999997,0,0.0,1,5,2,"{""number"": ""3.0"", ""relation"": ""="", ""status"": ""VALID""}",272.28900000000004,data/raw/tdc/clearance_microsome_az.tab,CHEMBL1975242,O=C(Nc1nc2c(=O)[nH]cnc2s1)c1ccccc1,3.0,2,Clearance_Microsome_AZ,131,,VALID,87.74,0
CHEMBL1917435,CNC(=O)c1cccc2c1c(Sc1ccc(Cl)cc1)c(C)n2CC(=O)O,3.0,CNC(=O)c1cccc2c1c(Sc1ccc(Cl)cc1)c(C)n2CC(=O)O,4.198520000000003,0,0.15789473684210525,1,4,2,"{""number"": ""3.0"", ""relation"": ""="", ""status"": ""VALID""}",388.87600000000015,data/raw/tdc/clearance_microsome_az.tab,CHEMBL1917435,CNC(=O)c1cccc2c1c(Sc1ccc(Cl)cc1)c(C)n2CC(=O)O,3.0,5,Clearance_Microsome_AZ,132,,VALID,71.33,0
CHEMBL153370,CC(C)C[C@H](NC(=O)N1CCOCC1)C(=O)NCC#N,3.0,CC(C)C[C@H](NC(=O)N1CCOCC1)C(=O)NCC#N,0.08268000000000125,0,0.7692307692307693,1,4,2,"{""number"": ""3.0"", ""relation"": ""="", ""status"": ""VALID""}",282.344,data/raw/tdc/clearance_microsome_az.tab,CHEMBL153370,CC(C)C[C@H](NC(=O)N1CCOCC1)C(=O)NCC#N,3.0,5,Clearance_Microsome_AZ,133,,VALID,94.46000000000001,0
CHEMBL1789148,CCC(CCNC)Oc1cc(Cl)ccc1C#N,3.0,CCC(CCNC)Oc1cc(Cl)ccc1C#N,2.978580000000001,0,0.46153846153846156,1,3,1,"{""number"": ""3.0"", ""relation"": ""="", ""status"": ""VALID""}",252.745,data/raw/tdc/clearance_microsome_az.tab,CHEMBL1789148,CCC(CCNC)Oc1cc(Cl)ccc1C#N,3.0,6,Clearance_Microsome_AZ,134,,VALID,45.05,1
CHEMBL1689122,CC1CN(S(=O)(=O)c2ccccc2)CCN1Cc1cc(Cl)ccc1OCC(=O)O,3.0,CC1CN(S(=O)(=O)c2ccccc2)CCN1Cc1cc(Cl)ccc1OCC(=O)O,2.6984000000000012,0,0.35,1,5,1,"{""number"": ""3.0"", ""relation"": ""="", ""status"": ""VALID""}",438.93300000000016,data/raw/tdc/clearance_microsome_az.tab,CHEMBL1689122,CC1CN(S(=O)(=O)c2ccccc2)CCN1Cc1cc(Cl)ccc1OCC(=O)O,3.0,7,Clearance_Microsome_AZ,135,,VALID,87.15000000000002,1
CHEMBL1916272,CCC(CC)NC(=O)c1c(C)nn(-c2ccccc2)c1NS(=O)(=O)c1ccc(C)cc1,23.6,CCC(CC)NC(=O)c1c(C)nn(-c2ccccc2)c1NS(=O)(=O)c1ccc(C)cc1,4.208340000000003,0,0.30434782608695654,1,5,2,"{""number"": ""23.6"", ""relation"": ""="", ""status"": ""VALID""}",440.5690000000002,data/raw/tdc/clearance_microsome_az.tab,CHEMBL1916272,CCC(CC)NC(=O)c1c(C)nn(-c2ccccc2)c1NS(=O)(=O)c1ccc(C)cc1,23.6,8,Clearance_Microsome_AZ,136,,VALID,93.09,0
CHEMBL2107366,Cc1cccc([C@H](C)c2c[nH]c(=S)[nH]2)c1C,24.55,Cc1cccc([C@H](C)c2c[nH]c(=S)[nH]2)c1C,3.840930000000002,0,0.3076923076923077,1,1,2,"{""number"": ""24.55"", ""relation"": ""="", ""status"": ""VALID""}",232.35200000000003,data/raw/tdc/clearance_microsome_az.tab,CHEMBL2107366,Cc1cccc([C@H](C)c2c[nH]c(=S)[nH]2)c1C,24.55,2,Clearance_Microsome_AZ,137,,VALID,31.58,0
CHEMBL1944694,COc1ccccc1CCNCc1ccc(CCNC[C@H](O)c2ccc(O)c3[nH]c(=O)sc23)cc1,25.0,COc1ccccc1CCNCc1ccc(CCNC[C@H](O)c2ccc(O)c3[nH]c(=O)sc23)cc1,3.501800000000002,0,0.2962962962962963,1,7,5,"{""number"": ""25.0"", ""relation"": ""="", ""status"": ""VALID""}",493.62900000000013,data/raw/tdc/clearance_microsome_az.tab,CHEMBL1944694,COc1ccccc1CCNCc1ccc(CCNC[C@H](O)c2ccc(O)c3[nH]c(=O)sc23)cc1,25.0,12,Clearance_Microsome_AZ,138,,VALID,106.60999999999999,0
CHEMBL1221681,O=c1[nH]c2c(O)ccc([C@@H](O)CN[C@H]3CCC[C@@H]3OCc3ccccc3)c2s1,26.0,O=c1[nH]c2c(O)ccc([C@@H](O)CN[C@H]3CCC[C@@H]3OCc3ccccc3)c2s1,3.0561000000000016,0,0.38095238095238093,1,6,4,"{""number"": ""26.0"", ""relation"": ""="", ""status"": ""VALID""}",400.5000000000001,data/raw/tdc/clearance_microsome_az.tab,CHEMBL1221681,O=c1[nH]c2c(O)ccc([C@@H](O)CN[C@H]3CCC[C@@H]3OCc3ccccc3)c2s1,26.0,7,Clearance_Microsome_AZ,139,,VALID,94.58000000000001,0
CHEMBL1683035,COc1cc2nnc(C(N)=O)c(Nc3ccc(F)cc3F)c2cc1N1CCN(C)CC1,33.0,COc1cc2nnc(C(N)=O)c(Nc3ccc(F)cc3F)c2cc1N1CCN(C)CC1,2.5109000000000004,0,0.2857142857142857,1,7,2,"{""number"": ""33.0"", ""relation"": ""="", ""status"": ""VALID""}",428.44300000000027,data/raw/tdc/clearance_microsome_az.tab,CHEMBL1683035,COc1cc2nnc(C(N)=O)c(Nc3ccc(F)cc3F)c2cc1N1CCN(C)CC1,33.0,5,Clearance_Microsome_AZ,140,,VALID,96.60999999999999,0
CHEMBL108922,CCO/N=C/c1ccc(OCCC2CCN(c3ccc(C)nn3)CC2)cc1,15.0,CCO/N=C/c1ccc(OCCC2CCN(c3ccc(C)nn3)CC2)cc1,3.840920000000003,0,0.47619047619047616,1,6,0,"{""number"": ""15.0"", ""relation"": ""="", ""status"": ""VALID""}",368.48100000000005,data/raw/tdc/clearance_microsome_az.tab,CHEMBL108922,CCO/N=C/c1ccc(OCCC2CCN(c3ccc(C)nn3)CC2)cc1,15.0,8,Clearance_Microsome_AZ,141,,VALID,59.84,0
CHEMBL1458025,Cc1sc2ncnc(SCC(=O)N3CCN(C(=O)c4ccco4)CC3)c2c1C,77.62,Cc1sc2ncnc(SCC(=O)N3CCN(C(=O)c4ccco4)CC3)c2c1C,2.9778400000000014,0,0.3684210526315789,1,7,0,"{""number"": ""77.62"", ""relation"": ""="", ""status"": ""VALID""}",416.5280000000002,data/raw/tdc/clearance_microsome_az.tab,CHEMBL1458025,Cc1sc2ncnc(SCC(=O)N3CCN(C(=O)c4ccco4)CC3)c2c1C,77.62,4,Clearance_Microsome_AZ,142,,VALID,79.54,0
CHEMBL1689120,C[C@@H]1CN(Cc2cc(Cl)ccc2OCC(=O)O)CCN1S(=O)(=O)c1ccccc1,8.0,C[C@@H]1CN(Cc2cc(Cl)ccc2OCC(=O)O)CCN1S(=O)(=O)c1ccccc1,2.6984000000000012,0,0.35,1,5,1,"{""number"": ""8.0"", ""relation"": ""="", ""status"": ""VALID""}",438.93300000000016,data/raw/tdc/clearance_microsome_az.tab,CHEMBL1689120,C[C@@H]1CN(Cc2cc(Cl)ccc2OCC(=O)O)CCN1S(=O)(=O)c1ccccc1,8.0,7,Clearance_Microsome_AZ,143,,VALID,87.15,0
CHEMBL1778623,CCN(CC)S(=O)(=O)c1ccc(-c2cc(C(F)(F)F)ccc2OCC(=O)O)cc1,9.0,CCN(CC)S(=O)(=O)c1ccc(-c2cc(C(F)(F)F)ccc2OCC(=O)O)cc1,3.8663000000000025,0,0.3157894736842105,1,4,1,"{""number"": ""9.0"", ""relation"": ""="", ""status"": ""VALID""}",431.43200000000013,data/raw/tdc/clearance_microsome_az.tab,CHEMBL1778623,CCN(CC)S(=O)(=O)c1ccc(-c2cc(C(F)(F)F)ccc2OCC(=O)O)cc1,9.0,8,Clearance_Microsome_AZ,144,,VALID,83.91,0
CHEMBL1917422,Cc1c(Sc2ccc(Cl)cc2)c2cc(Cl)ccc2n1Cc1nnn[nH]1,11.0,Cc1c(Sc2ccc(Cl)cc2)c2cc(Cl)ccc2n1Cc1nnn[nH]1,4.969120000000003,0,0.11764705882352941,1,5,1,"{""number"": ""11.0"", ""relation"": ""="", ""status"": ""VALID""}",390.2990000000001,data/raw/tdc/clearance_microsome_az.tab,CHEMBL1917422,Cc1c(Sc2ccc(Cl)cc2)c2cc(Cl)ccc2n1Cc1nnn[nH]1,11.0,4,Clearance_Microsome_AZ,145,,VALID,59.39,0
CHEMBL20921,Nc1ccc2nc(SCC(=O)NC3CCN(Cc4ccc(Cl)c(Cl)c4)CC3)sc2c1,59.0,Nc1ccc2nc(SCC(=O)NC3CCN(Cc4ccc(Cl)c(Cl)c4)CC3)sc2c1,5.058200000000004,0,0.3333333333333333,1,6,2,"{""number"": ""59.0"", ""relation"": ""="", ""status"": ""VALID""}",481.4740000000002,data/raw/tdc/clearance_microsome_az.tab,CHEMBL20921,Nc1ccc2nc(SCC(=O)NC3CCN(Cc4ccc(Cl)c(Cl)c4)CC3)sc2c1,59.0,6,Clearance_Microsome_AZ,146,,VALID,71.24999999999999,0
CHEMBL2207280,O=C(NC[C@@H](O)CN1CCC(Oc2ccc(Cl)c(Cl)c2)CC1)c1c[nH]c(=O)c2ccc(F)cc12,8.0,O=C(NC[C@@H](O)CN1CCC(Oc2ccc(Cl)c(Cl)c2)CC1)c1c[nH]c(=O)c2ccc(F)cc12,3.608100000000001,0,0.3333333333333333,1,5,3,"{""number"": ""8.0"", ""relation"": ""="", ""status"": ""VALID""}",508.3770000000003,data/raw/tdc/clearance_microsome_az.tab,CHEMBL2207280,O=C(NC[C@@H](O)CN1CCC(Oc2ccc(Cl)c(Cl)c2)CC1)c1c[nH]c(=O)c2ccc(F)cc12,8.0,7,Clearance_Microsome_AZ,147,,VALID,94.66,0
CHEMBL2332935,CC(=O)Nc1ccc(O)cc1OC[C@@H](O)CN1CCC2(CC1)Cc1cc(Cl)ccc1O2,8.0,CC(=O)Nc1ccc(O)cc1OC[C@@H](O)CN1CCC2(CC1)Cc1cc(Cl)ccc1O2,3.213400000000002,0,0.43478260869565216,1,6,3,"{""number"": ""8.0"", ""relation"": ""="", ""status"": ""VALID""}",446.9310000000002,data/raw/tdc/clearance_microsome_az.tab,CHEMBL2332935,CC(=O)Nc1ccc(O)cc1OC[C@@H](O)CN1CCC2(CC1)Cc1cc(Cl)ccc1O2,8.0,6,Clearance_Microsome_AZ,148,,VALID,91.26,0
CHEMBL1778617,O=C(O)COc1ccc(-c2nccs2)cc1-c1ccccc1,9.0,O=C(O)COc1ccc(-c2nccs2)cc1-c1ccccc1,3.940500000000002,0,0.058823529411764705,1,4,1,"{""number"": ""9.0"", ""relation"": ""="", ""status"": ""VALID""}",311.362,data/raw/tdc/clearance_microsome_az.tab,CHEMBL1778617,O=C(O)COc1ccc(-c2nccs2)cc1-c1ccccc1,9.0,5,Clearance_Microsome_AZ,149,,VALID,59.42,0
CHEMBL1945037,O=c1[nH]c2c(O)ccc([C@@H](O)CNCCc3cccc(CNCCCc4ccccc4)c3)c2s1,9.0,O=c1[nH]c2c(O)ccc([C@@H](O)CNCCc3cccc(CNCCCc4ccccc4)c3)c2s1,3.883300000000002,0,0.2962962962962963,1,6,5,"{""number"": ""9.0"", ""relation"": ""="", ""status"": ""VALID""}",477.6300000000002,data/raw/tdc/clearance_microsome_az.tab,CHEMBL1945037,O=c1[nH]c2c(O)ccc([C@@H](O)CNCCc3cccc(CNCCCc4ccccc4)c3)c2s1,9.0,12,Clearance_Microsome_AZ,150,,VALID,97.38000000000001,0
CHEMBL1922660,CCOc1ccc(-c2ccc(Cn3c(CC(C)(C)C(=O)O)c(SC(C)(C)C)c4cc(OCc5ccc(C)cn5)ccc43)cc2)cn1,9.77,CCOc1ccc(-c2ccc(Cn3c(CC(C)(C)C(=O)O)c(SC(C)(C)C)c4cc(OCc5ccc(C)cn5)ccc43)cc2)cn1,8.976620000000002,0,0.34210526315789475,1,7,1,"{""number"": ""9.77"", ""relation"": ""="", ""status"": ""VALID""}",637.8460000000001,data/raw/tdc/clearance_microsome_az.tab,CHEMBL1922660,CCOc1ccc(-c2ccc(Cn3c(CC(C)(C)C(=O)O)c(SC(C)(C)C)c4cc(OCc5ccc(C)cn5)ccc43)cc2)cn1,9.77,12,Clearance_Microsome_AZ,151,,VALID,86.47,0
CHEMBL2170989,Nc1ncnc2c1ncn2[C@@H]1O[C@H](CSCCCNC(=O)Nc2ccccc2)[C@@H](O)[C@H]1O,9.77,Nc1ncnc2c1ncn2[C@@H]1O[C@H](CSCCCNC(=O)Nc2ccccc2)[C@@H](O)[C@H]1O,0.9726999999999992,0,0.4,1,10,5,"{""number"": ""9.77"", ""relation"": ""="", ""status"": ""VALID""}",459.5320000000001,data/raw/tdc/clearance_microsome_az.tab,CHEMBL2170989,Nc1ncnc2c1ncn2[C@@H]1O[C@H](CSCCCNC(=O)Nc2ccccc2)[C@@H](O)[C@H]1O,9.77,8,Clearance_Microsome_AZ,152,,VALID,160.44,0
CHEMBL563784,O=C(NCC12CC3CC(CC(C3)C1)C2)c1cc(N2CCNCC2)ncc1Cl,10.0,O=C(NCC12CC3CC(CC(C3)C1)C2)c1cc(N2CCNCC2)ncc1Cl,3.0908000000000015,0,0.7142857142857143,1,4,2,"{""number"": ""10.0"", ""relation"": ""="", ""status"": ""VALID""}",388.9430000000001,data/raw/tdc/clearance_microsome_az.tab,CHEMBL563784,O=C(NCC12CC3CC(CC(C3)C1)C2)c1cc(N2CCNCC2)ncc1Cl,10.0,4,Clearance_Microsome_AZ,153,,VALID,57.260000000000005,4
CHEMBL2207667,NC(=O)c1c(OC2CCN(C[C@H](O)CNC(=O)c3c[nH]c(=O)c4ccccc34)CC2)ccc(Cl)c1Cl,10.0,NC(=O)c1c(OC2CCN(C[C@H](O)CNC(=O)c3c[nH]c(=O)c4ccccc34)CC2)ccc(Cl)c1Cl,2.5679000000000016,0,0.32,1,6,4,"{""number"": ""10.0"", ""relation"": ""="", ""status"": ""VALID""}",533.4120000000003,data/raw/tdc/clearance_microsome_az.tab,CHEMBL2207667,NC(=O)c1c(OC2CCN(C[C@H](O)CNC(=O)c3c[nH]c(=O)c4ccccc34)CC2)ccc(Cl)c1Cl,10.0,8,Clearance_Microsome_AZ,154,,VALID,137.75,0
CHEMBL2011440,COc1nc(Cl)c(Cl)nc1NS(=O)(=O)c1ccc(Cl)s1,10.0,COc1nc(Cl)c(Cl)nc1NS(=O)(=O)c1ccc(Cl)s1,3.3077000000000005,0,0.1111111111111111,1,6,1,"{""number"": ""10.0"", ""relation"": ""="", ""status"": ""VALID""}",374.65800000000013,data/raw/tdc/clearance_microsome_az.tab,CHEMBL2011440,COc1nc(Cl)c(Cl)nc1NS(=O)(=O)c1ccc(Cl)s1,10.0,4,Clearance_Microsome_AZ,155,,VALID,81.18,0
CHEMBL1201335,C[N+]1(C)CCC(OC(=O)C(O)(c2ccccc2)C2CCCC2)C1,3.0,C[N+]1(C)CCC(OC(=O)C(O)(c2ccccc2)C2CCCC2)C1,2.4562999999999997,0,0.631578947368421,1,3,1,"{""number"": ""3.0"", ""relation"": ""="", ""status"": ""VALID""}",318.43700000000024,data/raw/tdc/clearance_microsome_az.tab,CHEMBL1201335,C[N+]1(C)CCC(OC(=O)C(O)(c2ccccc2)C2CCCC2)C1,3.0,4,Clearance_Microsome_AZ,156,,VALID,46.53,2
CHEMBL361812,O=C(O)CCn1c2c(c3ccccc31)C[C@H](NS(=O)(=O)c1ccc(F)cc1)CC2,3.0,O=C(O)CCn1c2c(c3ccccc31)C[C@H](NS(=O)(=O)c1ccc(F)cc1)CC2,3.0909000000000013,0,0.2857142857142857,1,4,2,"{""number"": ""3.0"", ""relation"": ""="", ""status"": ""VALID""}",416.4740000000002,data/raw/tdc/clearance_microsome_az.tab,CHEMBL361812,O=C(O)CCn1c2c(c3ccccc31)C[C@H](NS(=O)(=O)c1ccc(F)cc1)CC2,3.0,6,Clearance_Microsome_AZ,157,,VALID,88.4,0
CHEMBL1916260,CCC(CC)NC(=O)c1cnn(-c2ccccc2)c1NS(=O)(=O)C1CCCC1,3.0,CCC(CC)NC(=O)c1cnn(-c2ccccc2)c1NS(=O)(=O)C1CCCC1,3.4750000000000014,0,0.5,1,5,2,"{""number"": ""3.0"", ""relation"": ""="", ""status"": ""VALID""}",404.5360000000003,data/raw/tdc/clearance_microsome_az.tab,CHEMBL1916260,CCC(CC)NC(=O)c1cnn(-c2ccccc2)c1NS(=O)(=O)C1CCCC1,3.0,8,Clearance_Microsome_AZ,158,,VALID,93.09,0
CHEMBL1778636,N#Cc1cccc(-c2cc(Cl)ccc2OCC(=O)O)c1,3.0,N#Cc1cccc(-c2cc(Cl)ccc2OCC(=O)O)c1,3.342080000000002,0,0.06666666666666667,1,3,1,"{""number"": ""3.0"", ""relation"": ""="", ""status"": ""VALID""}",287.70199999999994,data/raw/tdc/clearance_microsome_az.tab,CHEMBL1778636,N#Cc1cccc(-c2cc(Cl)ccc2OCC(=O)O)c1,3.0,4,Clearance_Microsome_AZ,159,,VALID,70.32,0
CHEMBL1778638,CCS(=O)(=O)c1ccc(-c2cc(C(F)(F)F)ccc2OCC(=O)O)c(Cl)c1,3.0,CCS(=O)(=O)c1ccc(-c2cc(C(F)(F)F)ccc2OCC(=O)O)c(Cl)c1,4.282800000000003,0,0.23529411764705882,1,4,1,"{""number"": ""3.0"", ""relation"": ""="", ""status"": ""VALID""}",422.8080000000001,data/raw/tdc/clearance_microsome_az.tab,CHEMBL1778638,CCS(=O)(=O)c1ccc(-c2cc(C(F)(F)F)ccc2OCC(=O)O)c(Cl)c1,3.0,6,Clearance_Microsome_AZ,160,,VALID,80.67,0
CHEMBL1852508,Cc1cc(-c2ccc(Cl)c(C(=O)NCC3(O)CCCCCC3)c2)nn1C[C@H](O)CN,3.0,Cc1cc(-c2ccc(Cl)c(C(=O)NCC3(O)CCCCCC3)c2)nn1C[C@H](O)CN,2.6466199999999995,0,0.5454545454545454,1,6,4,"{""number"": ""3.0"", ""relation"": ""="", ""status"": ""VALID""}",434.9680000000003,data/raw/tdc/clearance_microsome_az.tab,CHEMBL1852508,Cc1cc(-c2ccc(Cl)c(C(=O)NCC3(O)CCCCCC3)c2)nn1C[C@H](O)CN,3.0,7,Clearance_Microsome_AZ,161,,VALID,113.4,0
CHEMBL550436,C[C@H](CO)n1ccc2c(NC(=O)Cc3ccc(Cl)c(C(F)(F)F)c3)cccc2c1=O,3.0,C[C@H](CO)n1ccc2c(NC(=O)Cc3ccc(Cl)c(C(F)(F)F)c3)cccc2c1=O,4.4082000000000034,0,0.23809523809523808,1,4,2,"{""number"": ""3.0"", ""relation"": ""="", ""status"": ""VALID""}",438.8330000000001,data/raw/tdc/clearance_microsome_az.tab,CHEMBL550436,C[C@H](CO)n1ccc2c(NC(=O)Cc3ccc(Cl)c(C(F)(F)F)c3)cccc2c1=O,3.0,5,Clearance_Microsome_AZ,162,,VALID,71.33,0
CHEMBL1455229,O=C(NCc1cccnc1)c1cc(-c2ccco2)on1,13.8,O=C(NCc1cccnc1)c1cc(-c2ccco2)on1,2.2596000000000007,0,0.07142857142857142,1,5,1,"{""number"": ""13.8"", ""relation"": ""="", ""status"": ""VALID""}",269.26,data/raw/tdc/clearance_microsome_az.tab,CHEMBL1455229,O=C(NCc1cccnc1)c1cc(-c2ccco2)on1,13.8,4,Clearance_Microsome_AZ,163,,VALID,81.16000000000001,0
CHEMBL1945298,O=c1[nH]c2c(O)ccc([C@@H](O)CNCCOc3cccc(CNCCc4ccccc4F)c3)c2s1,14.0,O=c1[nH]c2c(O)ccc([C@@H](O)CNCCOc3cccc(CNCCc4ccccc4F)c3)c2s1,3.4686000000000012,0,0.2692307692307692,1,7,5,"{""number"": ""14.0"", ""relation"": ""="", ""status"": ""VALID""}",497.5920000000002,data/raw/tdc/clearance_microsome_az.tab,CHEMBL1945298,O=c1[nH]c2c(O)ccc([C@@H](O)CNCCOc3cccc(CNCCc4ccccc4F)c3)c2s1,14.0,12,Clearance_Microsome_AZ,164,,VALID,106.61000000000001,0
CHEMBL51478,COc1ccnc(CSc2nc3ccccc3[nH]2)c1,86.0,COc1ccnc(CSc2nc3ccccc3[nH]2)c1,3.258800000000001,0,0.14285714285714285,1,4,1,"{""number"": ""86.0"", ""relation"": ""="", ""status"": ""VALID""}",271.34499999999997,data/raw/tdc/clearance_microsome_az.tab,CHEMBL51478,COc1ccnc(CSc2nc3ccccc3[nH]2)c1,86.0,4,Clearance_Microsome_AZ,165,,VALID,50.800000000000004,0
CHEMBL2171169,CC(C)N(CCCNC(=O)Nc1ccc(C(C)(C)C)cc1)C[C@H]1O[C@@H](n2cnc3c(N)ncnc32)[C@H](O)[C@@H]1O,112.2,CC(C)N(CCCNC(=O)Nc1ccc(C(C)(C)C)cc1)C[C@H]1O[C@@H](n2cnc3c(N)ncnc32)[C@H](O)[C@@H]1O,2.2473999999999994,0,0.5555555555555556,1,10,5,"{""number"": ""112.2"", ""relation"": ""="", ""status"": ""VALID""}",540.6690000000003,data/raw/tdc/clearance_microsome_az.tab,CHEMBL2171169,CC(C)N(CCCNC(=O)Nc1ccc(C(C)(C)C)cc1)C[C@H]1O[C@@H](n2cnc3c(N)ncnc32)[C@H](O)[C@@H]1O,112.2,9,Clearance_Microsome_AZ,166,,VALID,163.68,0
CHEMBL2208431,O=C(NC[C@@H](O)CN1CCC(Oc2ccc(Cl)c(Cl)c2)CC1)c1n[nH]c(=O)c2ccccc12,3.0,O=C(NC[C@@H](O)CN1CCC(Oc2ccc(Cl)c(Cl)c2)CC1)c1n[nH]c(=O)c2ccccc12,2.864,0,0.34782608695652173,1,6,3,"{""number"": ""3.0"", ""relation"": ""="", ""status"": ""VALID""}",491.3750000000003,data/raw/tdc/clearance_microsome_az.tab,CHEMBL2208431,O=C(NC[C@@H](O)CN1CCC(Oc2ccc(Cl)c(Cl)c2)CC1)c1n[nH]c(=O)c2ccccc12,3.0,7,Clearance_Microsome_AZ,167,,VALID,107.54999999999998,0
CHEMBL1917448,COc1cccc(S(=O)(=O)c2c(C)n(CC(=O)O)c3ccc(C)cc23)c1,3.0,COc1cccc(S(=O)(=O)c2c(C)n(CC(=O)O)c3ccc(C)cc23)c1,3.184140000000001,0,0.21052631578947367,1,5,1,"{""number"": ""3.0"", ""relation"": ""="", ""status"": ""VALID""}",373.43000000000006,data/raw/tdc/clearance_microsome_az.tab,CHEMBL1917448,COc1cccc(S(=O)(=O)c2c(C)n(CC(=O)O)c3ccc(C)cc23)c1,3.0,5,Clearance_Microsome_AZ,168,,VALID,85.60000000000001,0
CHEMBL1789187,N#Cc1ccc(C(F)(F)F)nc1O[C@H](CCN)c1ccno1,3.0,N#Cc1ccc(C(F)(F)F)nc1O[C@H](CCN)c1ccno1,2.42898,0,0.3076923076923077,1,6,1,"{""number"": ""3.0"", ""relation"": ""="", ""status"": ""VALID""}",312.25100000000003,data/raw/tdc/clearance_microsome_az.tab,CHEMBL1789187,N#Cc1ccc(C(F)(F)F)nc1O[C@H](CCN)c1ccno1,3.0,5,Clearance_Microsome_AZ,169,,VALID,97.96,0
CHEMBL114500,COc1ccnc(NC2CCN(C(=O)c3ccc(C#N)cc3)CC2)c1,3.0,COc1ccnc(NC2CCN(C(=O)c3ccc(C#N)cc3)CC2)c1,2.678580000000001,0,0.3157894736842105,1,5,1,"{""number"": ""3.0"", ""relation"": ""="", ""status"": ""VALID""}",336.39500000000004,data/raw/tdc/clearance_microsome_az.tab,CHEMBL114500,COc1ccnc(NC2CCN(C(=O)c3ccc(C#N)cc3)CC2)c1,3.0,4,Clearance_Microsome_AZ,170,,VALID,78.25,0
CHEMBL1807825,CCOc1ccc(CCNCCCSCCNC[C@H](O)c2ccc(O)c3[nH]c(=O)sc23)cc1,75.0,CCOc1ccc(CCNCCCSCCNC[C@H](O)c2ccc(O)c3[nH]c(=O)sc23)cc1,3.272500000000001,0,0.4583333333333333,1,8,5,"{""number"": ""75.0"", ""relation"": ""="", ""status"": ""VALID""}",491.67900000000014,data/raw/tdc/clearance_microsome_az.tab,CHEMBL1807825,CCOc1ccc(CCNCCCSCCNC[C@H](O)c2ccc(O)c3[nH]c(=O)sc23)cc1,75.0,15,Clearance_Microsome_AZ,171,,VALID,106.60999999999999,0
CHEMBL551984,N#Cc1cccc(NCC(=O)Nc2c(Cl)ccc3nc(N4CC[C@@H](O)C4)ccc23)c1,30.0,N#Cc1cccc(NCC(=O)Nc2c(Cl)ccc3nc(N4CC[C@@H](O)C4)ccc23)c1,3.3814800000000016,0,0.22727272727272727,1,6,3,"{""number"": ""30.0"", ""relation"": ""="", ""status"": ""VALID""}",421.8880000000002,data/raw/tdc/clearance_microsome_az.tab,CHEMBL551984,N#Cc1cccc(NCC(=O)Nc2c(Cl)ccc3nc(N4CC[C@@H](O)C4)ccc23)c1,30.0,5,Clearance_Microsome_AZ,172,,VALID,101.28,0
CHEMBL2070137,CCS(=O)(=O)c1ccc2[nH]c(-c3cccc(-c4ccccc4)c3)nc2c1,14.45,CCS(=O)(=O)c1ccc2[nH]c(-c3cccc(-c4ccccc4)c3)nc2c1,4.690500000000004,0,0.09523809523809523,1,3,1,"{""number"": ""14.45"", ""relation"": ""="", ""status"": ""VALID""}",362.45400000000006,data/raw/tdc/clearance_microsome_az.tab,CHEMBL2070137,CCS(=O)(=O)c1ccc2[nH]c(-c3cccc(-c4ccccc4)c3)nc2c1,14.45,4,Clearance_Microsome_AZ,173,,VALID,62.82,0
CHEMBL2152523,c1ccc([C@H]([C@@H](c2ccccc2)N2CCCCC2)N2CCCCC2)cc1,13.8,c1ccc([C@H]([C@@H](c2ccccc2)N2CCCCC2)N2CCCCC2)cc1,5.440800000000005,0,0.5,1,2,0,"{""number"": ""13.8"", ""relation"": ""="", ""status"": ""VALID""}",348.5340000000001,data/raw/tdc/clearance_microsome_az.tab,CHEMBL2152523,c1ccc([C@H]([C@@H](c2ccccc2)N2CCCCC2)N2CCCCC2)cc1,13.8,5,Clearance_Microsome_AZ,174,,VALID,6.48,0
CHEMBL1829763,C[C@@H](c1ccc(-c2ccc(F)cc2F)cc1)N1CC[C@](CCO)(c2ccc(F)cc2)OC1=O,14.13,C[C@@H](c1ccc(-c2ccc(F)cc2F)cc1)N1CC[C@](CCO)(c2ccc(F)cc2)OC1=O,5.952100000000006,0,0.2692307692307692,1,3,1,"{""number"": ""14.13"", ""relation"": ""="", ""status"": ""VALID""}",455.4760000000002,data/raw/tdc/clearance_microsome_az.tab,CHEMBL1829763,C[C@@H](c1ccc(-c2ccc(F)cc2F)cc1)N1CC[C@](CCO)(c2ccc(F)cc2)OC1=O,14.13,6,Clearance_Microsome_AZ,175,,VALID,49.77,0
CHEMBL384962,Cc1ccc2c(c1)c(-c1ccnc3ccc(C(F)(F)F)cc13)c(C)n2CC(=O)O,23.0,Cc1ccc2c(c1)c(-c1ccnc3ccc(C(F)(F)F)cc13)c(C)n2CC(=O)O,5.5767400000000045,0,0.18181818181818182,1,3,1,"{""number"": ""23.0"", ""relation"": ""="", ""status"": ""VALID""}",398.3840000000002,data/raw/tdc/clearance_microsome_az.tab,CHEMBL384962,Cc1ccc2c(c1)c(-c1ccnc3ccc(C(F)(F)F)cc13)c(C)n2CC(=O)O,23.0,3,Clearance_Microsome_AZ,176,,VALID,55.120000000000005,0
CHEMBL185658,CC(=O)Nc1ccc(CNc2[nH]nc3cccc(Oc4ccc(S(C)(=O)=O)cc4)c23)cc1,75.0,CC(=O)Nc1ccc(CNc2[nH]nc3cccc(Oc4ccc(S(C)(=O)=O)cc4)c23)cc1,4.329200000000003,0,0.13043478260869565,1,6,3,"{""number"": ""75.0"", ""relation"": ""="", ""status"": ""VALID""}",450.5200000000002,data/raw/tdc/clearance_microsome_az.tab,CHEMBL185658,CC(=O)Nc1ccc(CNc2[nH]nc3cccc(Oc4ccc(S(C)(=O)=O)cc4)c23)cc1,75.0,7,Clearance_Microsome_AZ,177,,VALID,113.18,0
CHEMBL119385,O=c1ncn2nc(Sc3ccc(F)cc3F)ccc2c1-c1c(Cl)cccc1Cl,3.0,O=c1ncn2nc(Sc3ccc(F)cc3F)ccc2c1-c1c(Cl)cccc1Cl,5.492700000000003,0,0.0,1,5,0,"{""number"": ""3.0"", ""relation"": ""="", ""status"": ""VALID""}",436.2700000000001,data/raw/tdc/clearance_microsome_az.tab,CHEMBL119385,O=c1ncn2nc(Sc3ccc(F)cc3F)ccc2c1-c1c(Cl)cccc1Cl,3.0,3,Clearance_Microsome_AZ,178,,VALID,47.260000000000005,0
CHEMBL1000,O=C(O)COCCN1CCN(C(c2ccccc2)c2ccc(Cl)cc2)CC1,3.0,O=C(O)COCCN1CCN(C(c2ccccc2)c2ccc(Cl)cc2)CC1,3.148200000000002,0,0.38095238095238093,1,4,1,"{""number"": ""3.0"", ""relation"": ""="", ""status"": ""VALID""}",388.8950000000002,data/raw/tdc/clearance_microsome_az.tab,CHEMBL1000,O=C(O)COCCN1CCN(C(c2ccccc2)c2ccc(Cl)cc2)CC1,3.0,8,Clearance_Microsome_AZ,179,,VALID,53.010000000000005,1
CHEMBL2158835,O=C(O)[C@H](Cc1ccccc1)N1CCC(CN2CCC(Oc3ccc(Cl)c(Cl)c3)CC2)CC1,3.0,O=C(O)[C@H](Cc1ccccc1)N1CCC(CN2CCC(Oc3ccc(Cl)c(Cl)c3)CC2)CC1,5.244500000000006,0,0.5,1,4,1,"{""number"": ""3.0"", ""relation"": ""="", ""status"": ""VALID""}",491.4590000000003,data/raw/tdc/clearance_microsome_az.tab,CHEMBL2158835,O=C(O)[C@H](Cc1ccccc1)N1CCC(CN2CCC(Oc3ccc(Cl)c(Cl)c3)CC2)CC1,3.0,8,Clearance_Microsome_AZ,180,,VALID,53.010000000000005,0
CHEMBL652,O=C(NCC1CCCCN1)c1cc(OCC(F)(F)F)ccc1OCC(F)(F)F,3.0,O=C(NCC1CCCCN1)c1cc(OCC(F)(F)F)ccc1OCC(F)(F)F,3.4407000000000014,0,0.5882352941176471,1,4,2,"{""number"": ""3.0"", ""relation"": ""="", ""status"": ""VALID""}",414.34600000000006,data/raw/tdc/clearance_microsome_az.tab,CHEMBL652,O=C(NCC1CCCCN1)c1cc(OCC(F)(F)F)ccc1OCC(F)(F)F,3.0,7,Clearance_Microsome_AZ,181,,VALID,59.59,1
CHEMBL1807872,O=c1[nH]c2c(O)ccc([C@@H](O)CNCCCOCCNCCc3cccc(Cl)c3)c2s1,3.0,O=c1[nH]c2c(O)ccc([C@@H](O)CNCCCOCCNCCc3cccc(Cl)c3)c2s1,2.810600000000001,0,0.4090909090909091,1,7,5,"{""number"": ""3.0"", ""relation"": ""="", ""status"": ""VALID""}",466.0030000000001,data/raw/tdc/clearance_microsome_az.tab,CHEMBL1807872,O=c1[nH]c2c(O)ccc([C@@H](O)CNCCCOCCNCCc3cccc(Cl)c3)c2s1,3.0,13,Clearance_Microsome_AZ,182,,VALID,106.61000000000001,0
CHEMBL1778639,CCS(=O)(=O)c1ccc(-c2cc(C(F)(F)F)ccc2OCC(=O)O)c(C)c1,3.0,CCS(=O)(=O)c1ccc(-c2cc(C(F)(F)F)ccc2OCC(=O)O)c(C)c1,3.937820000000002,0,0.2777777777777778,1,4,1,"{""number"": ""3.0"", ""relation"": ""="", ""status"": ""VALID""}",402.39000000000016,data/raw/tdc/clearance_microsome_az.tab,CHEMBL1778639,CCS(=O)(=O)c1ccc(-c2cc(C(F)(F)F)ccc2OCC(=O)O)c(C)c1,3.0,6,Clearance_Microsome_AZ,183,,VALID,80.67,0
CHEMBL551813,CN(C)c1nc(Cc2ccc(NC(=O)c3ccc(C(F)(F)F)cc3)cc2)nc(N(C)C)c1CC(=O)O,3.0,CN(C)c1nc(Cc2ccc(NC(=O)c3ccc(C(F)(F)F)cc3)cc2)nc(N(C)C)c1CC(=O)O,4.097600000000003,0,0.28,1,6,2,"{""number"": ""3.0"", ""relation"": ""="", ""status"": ""VALID""}",501.5090000000002,data/raw/tdc/clearance_microsome_az.tab,CHEMBL551813,CN(C)c1nc(Cc2ccc(NC(=O)c3ccc(C(F)(F)F)cc3)cc2)nc(N(C)C)c1CC(=O)O,3.0,8,Clearance_Microsome_AZ,184,,VALID,98.66000000000001,0
CHEMBL560993,Cc1c(Cc2ccc3ccccc3n2)c2cc(F)ccc2n1CC(=O)O,3.0,Cc1c(Cc2ccc3ccccc3n2)c2cc(F)ccc2n1CC(=O)O,4.312420000000003,0,0.14285714285714285,1,3,1,"{""number"": ""3.0"", ""relation"": ""="", ""status"": ""VALID""}",348.3770000000001,data/raw/tdc/clearance_microsome_az.tab,CHEMBL560993,Cc1c(Cc2ccc3ccccc3n2)c2cc(F)ccc2n1CC(=O)O,3.0,4,Clearance_Microsome_AZ,185,,VALID,55.120000000000005,0
CHEMBL512504,N#Cc1c(O)c2c(-c3ccc(-c4ccccc4O)cc3)csc2[nH]c1=O,3.0,N#Cc1c(O)c2c(-c3ccc(-c4ccccc4O)cc3)csc2[nH]c1=O,4.206480000000001,0,0.0,1,5,3,"{""number"": ""3.0"", ""relation"": ""="", ""status"": ""VALID""}",360.39400000000006,data/raw/tdc/clearance_microsome_az.tab,CHEMBL512504,N#Cc1c(O)c2c(-c3ccc(-c4ccccc4O)cc3)csc2[nH]c1=O,3.0,2,Clearance_Microsome_AZ,186,,VALID,97.10999999999999,0
CHEMBL206229,CC(C)Cn1c(=O)n(C)c(=O)c2c(SC(C)C)c(Cc3ccccc3C(F)(F)F)sc21,6.67,CC(C)Cn1c(=O)n(C)c(=O)c2c(SC(C)C)c(Cc3ccccc3C(F)(F)F)sc21,5.527800000000005,0,0.45454545454545453,1,6,0,"{""number"": ""6.67"", ""relation"": ""="", ""status"": ""VALID""}",470.5820000000001,data/raw/tdc/clearance_microsome_az.tab,CHEMBL206229,CC(C)Cn1c(=O)n(C)c(=O)c2c(SC(C)C)c(Cc3ccccc3C(F)(F)F)sc21,6.67,6,Clearance_Microsome_AZ,187,,VALID,44.0,0
CHEMBL1448843,O=C(CSc1ccccc1)N1CCN(C(=O)c2ccco2)CC1,12.3,O=C(CSc1ccccc1)N1CCN(C(=O)c2ccco2)CC1,2.3563,0,0.29411764705882354,1,4,0,"{""number"": ""12.3"", ""relation"": ""="", ""status"": ""VALID""}",330.40900000000005,data/raw/tdc/clearance_microsome_az.tab,CHEMBL1448843,O=C(CSc1ccccc1)N1CCN(C(=O)c2ccco2)CC1,12.3,4,Clearance_Microsome_AZ,188,,VALID,53.760000000000005,0
CHEMBL568904,Cc1ccc2c(N)c(C(N)=O)sc2n1,13.0,Cc1ccc2c(N)c(C(N)=O)sc2n1,1.28582,0,0.1111111111111111,1,4,2,"{""number"": ""13.0"", ""relation"": ""="", ""status"": ""VALID""}",207.258,data/raw/tdc/clearance_microsome_az.tab,CHEMBL568904,Cc1ccc2c(N)c(C(N)=O)sc2n1,13.0,1,Clearance_Microsome_AZ,189,,VALID,82.0,0
CHEMBL1947153,O=c1[nH]c2c(O)ccc([C@@H](O)CNCCc3cccc(CN4CCC(c5ccccc5)CC4)c3)c2s1,27.0,O=c1[nH]c2c(O)ccc([C@@H](O)CNCCc3cccc(CN4CCC(c5ccccc5)CC4)c3)c2s1,4.540500000000004,0,0.3448275862068966,1,6,4,"{""number"": ""27.0"", ""relation"": ""="", ""status"": ""VALID""}",503.6680000000003,data/raw/tdc/clearance_microsome_az.tab,CHEMBL1947153,O=c1[nH]c2c(O)ccc([C@@H](O)CNCCc3cccc(CN4CCC(c5ccccc5)CC4)c3)c2s1,27.0,9,Clearance_Microsome_AZ,190,,VALID,88.59,0
CHEMBL2312185,CNc1nc(C)c(-c2nc(Nc3cccc(N4CCCNCC4)c3)ncc2C#N)s1,27.54,CNc1nc(C)c(-c2nc(Nc3cccc(N4CCCNCC4)c3)ncc2C#N)s1,3.3652000000000015,0,0.3333333333333333,1,9,3,"{""number"": ""27.54"", ""relation"": ""="", ""status"": ""VALID""}",420.54600000000016,data/raw/tdc/clearance_microsome_az.tab,CHEMBL2312185,CNc1nc(C)c(-c2nc(Nc3cccc(N4CCCNCC4)c3)ncc2C#N)s1,27.54,5,Clearance_Microsome_AZ,191,,VALID,101.78999999999999,0
CHEMBL1807818,O=c1[nH]c2c(O)ccc([C@@H](O)CNCCCSCCOCCc3ccccc3)c2s1,33.0,O=c1[nH]c2c(O)ccc([C@@H](O)CNCCCSCCOCCc3ccccc3)c2s1,3.3008000000000015,0,0.4090909090909091,1,7,4,"{""number"": ""33.0"", ""relation"": ""="", ""status"": ""VALID""}",448.61000000000024,data/raw/tdc/clearance_microsome_az.tab,CHEMBL1807818,O=c1[nH]c2c(O)ccc([C@@H](O)CNCCCSCCOCCc3ccccc3)c2s1,33.0,13,Clearance_Microsome_AZ,192,,VALID,94.58000000000001,0
CHEMBL423,CC(C)NCC(O)COc1ccc(CCOCC2CC2)cc1,3.0,CC(C)NCC(O)COc1ccc(CCOCC2CC2)cc1,2.3933999999999997,0,0.6666666666666666,1,4,2,"{""number"": ""3.0"", ""relation"": ""="", ""status"": ""VALID""}",307.434,data/raw/tdc/clearance_microsome_az.tab,CHEMBL423,CC(C)NCC(O)COc1ccc(CCOCC2CC2)cc1,3.0,11,Clearance_Microsome_AZ,193,,VALID,50.72,1
CHEMBL2023265,O=C(O)CSCC(=O)Nc1nc(-c2ccc(F)cc2)cs1,3.0,O=C(O)CSCC(=O)Nc1nc(-c2ccc(F)cc2)cs1,2.7055000000000007,0,0.15384615384615385,1,5,2,"{""number"": ""3.0"", ""relation"": ""="", ""status"": ""VALID""}",326.374,data/raw/tdc/clearance_microsome_az.tab,CHEMBL2023265,O=C(O)CSCC(=O)Nc1nc(-c2ccc(F)cc2)cs1,3.0,6,Clearance_Microsome_AZ,194,,VALID,79.28999999999999,0
CHEMBL295467,CNCCC(Oc1ccccc1OC)c1ccccc1,3.0,CNCCC(Oc1ccccc1OC)c1ccccc1,3.424800000000002,0,0.29411764705882354,1,3,1,"{""number"": ""3.0"", ""relation"": ""="", ""status"": ""VALID""}",271.35999999999996,data/raw/tdc/clearance_microsome_az.tab,CHEMBL295467,CNCCC(Oc1ccccc1OC)c1ccccc1,3.0,7,Clearance_Microsome_AZ,195,,VALID,30.49,1
CHEMBL1689133,C[C@H](Oc1ccc(Cl)cc1CN1CCN(C(=O)Cc2ccc(Cl)cc2)[C@@H](C)C1)C(=O)O,3.0,C[C@H](Oc1ccc(Cl)cc1CN1CCN(C(=O)Cc2ccc(Cl)cc2)[C@@H](C)C1)C(=O)O,4.120700000000002,0,0.391304347826087,1,4,1,"{""number"": ""3.0"", ""relation"": ""="", ""status"": ""VALID""}",465.3770000000001,data/raw/tdc/clearance_microsome_az.tab,CHEMBL1689133,C[C@H](Oc1ccc(Cl)cc1CN1CCN(C(=O)Cc2ccc(Cl)cc2)[C@@H](C)C1)C(=O)O,3.0,7,Clearance_Microsome_AZ,196,,VALID,70.08,0
CHEMBL2181808,Cc1c(CC(=O)O)c2cc(F)ccc2n1Cc1nc2ccccc2s1,3.0,Cc1c(CC(=O)O)c2cc(F)ccc2n1Cc1nc2ccccc2s1,4.373920000000003,0,0.15789473684210525,1,4,1,"{""number"": ""3.0"", ""relation"": ""="", ""status"": ""VALID""}",354.406,data/raw/tdc/clearance_microsome_az.tab,CHEMBL2181808,Cc1c(CC(=O)O)c2cc(F)ccc2n1Cc1nc2ccccc2s1,3.0,4,Clearance_Microsome_AZ,197,,VALID,55.12,0
CHEMBL1917443,Cc1ccc2c(c1)c(Sc1ccc(S(C)(=O)=O)cc1)c(C)n2CC(=O)O,3.0,Cc1ccc2c(c1)c(Sc1ccc(S(C)(=O)=O)cc1)c(C)n2CC(=O)O,3.897440000000003,0,0.21052631578947367,1,5,1,"{""number"": ""3.0"", ""relation"": ""="", ""status"": ""VALID""}",389.49800000000016,data/raw/tdc/clearance_microsome_az.tab,CHEMBL1917443,Cc1ccc2c(c1)c(Sc1ccc(S(C)(=O)=O)cc1)c(C)n2CC(=O)O,3.0,5,Clearance_Microsome_AZ,198,,VALID,76.37,0
CHEMBL2031237,Cc1ccc(NC(=O)c2cncs2)cc1-n1cnc2ccc(N3CCN(C)CC3)cc2c1=O,3.0,Cc1ccc(NC(=O)c2cncs2)cc1-n1cnc2ccc(N3CCN(C)CC3)cc2c1=O,3.154720000000001,0,0.25,1,8,1,"{""number"": ""3.0"", ""relation"": ""="", ""status"": ""VALID""}",460.5630000000004,data/raw/tdc/clearance_microsome_az.tab,CHEMBL2031237,Cc1ccc(NC(=O)c2cncs2)cc1-n1cnc2ccc(N3CCN(C)CC3)cc2c1=O,3.0,4,Clearance_Microsome_AZ,199,,VALID,83.36000000000001,0
CHEMBL1689125,C[C@H]1CN(Cc2cc(Cl)ccc2OCC(=O)O)C[C@@H](C)N1C(=O)Cc1ccccc1,3.0,C[C@@H]1CN(Cc2cc(Cl)ccc2OCC(=O)O)C[C@H](C)N1C(=O)Cc1ccccc1,3.4673000000000025,0,0.391304347826087,1,4,1,"{""number"": ""3.0"", ""relation"": ""="", ""status"": ""VALID""}",430.9320000000002,data/raw/tdc/clearance_microsome_az.tab,CHEMBL1689125,C[C@H]1CN(Cc2cc(Cl)ccc2OCC(=O)O)C[C@@H](C)N1C(=O)Cc1ccccc1,3.0,7,Clearance_Microsome_AZ,200,,VALID,70.08,0
CHEMBL272842,O=C(O)[C@H](Cc1ccccc1)N1CCC(CN2CCC(Oc3ccc(CO)c(Cl)c3)CC2)CC1,3.0,O=C(O)[C@H](Cc1ccccc1)N1CCC(CN2CCC(Oc3ccc(CO)c(Cl)c3)CC2)CC1,4.083400000000004,0,0.5185185185185185,1,5,2,"{""number"": ""3.0"", ""relation"": ""="", ""status"": ""VALID""}",487.0400000000003,data/raw/tdc/clearance_microsome_az.tab,CHEMBL272842,O=C(O)[C@H](Cc1ccccc1)N1CCC(CN2CCC(Oc3ccc(CO)c(Cl)c3)CC2)CC1,3.0,9,Clearance_Microsome_AZ,201,,VALID,73.24000000000001,0
CHEMBL373351,CCc1nc2c(N)nc3ccccc3c2n1CC(C)(C)O,3.0,CCc1nc2c(N)nc3ccccc3c2n1CC(C)(C)O,2.5000000000000013,0,0.375,1,5,2,"{""number"": ""3.0"", ""relation"": ""="", ""status"": ""VALID""}",284.363,data/raw/tdc/clearance_microsome_az.tab,CHEMBL373351,CCc1nc2c(N)nc3ccccc3c2n1CC(C)(C)O,3.0,3,Clearance_Microsome_AZ,202,,VALID,76.96,0
CHEMBL272282,Cn1c(=N)n(CC(=O)c2ccc(Cl)cc2)c2ccccc21,3.0,Cn1c(=N)n(CC(=O)c2ccc(Cl)cc2)c2ccccc21,2.9955700000000016,0,0.125,1,4,1,"{""number"": ""3.0"", ""relation"": ""="", ""status"": ""VALID""}",299.761,data/raw/tdc/clearance_microsome_az.tab,CHEMBL272282,Cn1c(=N)n(CC(=O)c2ccc(Cl)cc2)c2ccccc21,3.0,3,Clearance_Microsome_AZ,203,,VALID,50.78,1
CHEMBL132227,CC(=O)NCc1cccc(C(=O)O)c1,38.9,CC(=O)NCc1cccc(C(=O)O)c1,1.0209000000000001,0,0.2,1,2,2,"{""number"": ""38.9"", ""relation"": ""="", ""status"": ""VALID""}",193.20199999999997,data/raw/tdc/clearance_microsome_az.tab,CHEMBL132227,CC(=O)NCc1cccc(C(=O)O)c1,38.9,3,Clearance_Microsome_AZ,204,,VALID,66.4,0
CHEMBL1359777,Cc1cc(C(=O)Cn2cc(C(F)(F)F)ccc2=O)c(C)n1Cc1ccccc1,40.74,Cc1cc(C(=O)Cn2cc(C(F)(F)F)ccc2=O)c(C)n1Cc1ccccc1,4.216640000000003,0,0.23809523809523808,1,4,0,"{""number"": ""40.74"", ""relation"": ""="", ""status"": ""VALID""}",388.3890000000001,data/raw/tdc/clearance_microsome_az.tab,CHEMBL1359777,Cc1cc(C(=O)Cn2cc(C(F)(F)F)ccc2=O)c(C)n1Cc1ccccc1,40.74,5,Clearance_Microsome_AZ,205,,VALID,44.0,0
CHEMBL23,COc1ccc([C@@H]2Sc3ccccc3N(CCN(C)C)C(=O)[C@@H]2OC(C)=O)cc1,43.65,COc1ccc([C@@H]2Sc3ccccc3N(CCN(C)C)C(=O)[C@@H]2OC(C)=O)cc1,3.368500000000002,0,0.36363636363636365,1,6,0,"{""number"": ""43.65"", ""relation"": ""="", ""status"": ""VALID""}",414.52700000000016,data/raw/tdc/clearance_microsome_az.tab,CHEMBL23,COc1ccc([C@@H]2Sc3ccccc3N(CCN(C)C)C(=O)[C@@H]2OC(C)=O)cc1,43.65,6,Clearance_Microsome_AZ,206,,VALID,59.080000000000005,0
CHEMBL2207654,O=C(NC[C@@H](O)CN1CCC(Oc2ccc(Cl)c(Cl)c2)CC1)c1c[nH]c(=O)c2cc(S(=O)(=O)N3CCC3)ccc12,48.0,O=C(NC[C@@H](O)CN1CCC(Oc2ccc(Cl)c(Cl)c2)CC1)c1c[nH]c(=O)c2cc(S(=O)(=O)N3CCC3)ccc12,2.8634000000000004,0,0.4074074074074074,1,7,3,"{""number"": ""48.0"", ""relation"": ""="", ""status"": ""VALID""}",609.532,data/raw/tdc/clearance_microsome_az.tab,CHEMBL2207654,O=C(NC[C@@H](O)CN1CCC(Oc2ccc(Cl)c(Cl)c2)CC1)c1c[nH]c(=O)c2cc(S(=O)(=O)N3CCC3)ccc12,48.0,9,Clearance_Microsome_AZ,207,,VALID,132.04,0
CHEMBL513370,COc1ccc(N(C(=O)c2ccoc2Cl)C(C(=O)NC[C@@H](C)O)c2ccccc2F)c(OC)c1,48.0,COc1ccc(N(C(=O)c2ccoc2Cl)C(C(=O)NC[C@@H](C)O)c2ccccc2F)c(OC)c1,3.974400000000003,0,0.25,1,6,2,"{""number"": ""48.0"", ""relation"": ""="", ""status"": ""VALID""}",490.9150000000002,data/raw/tdc/clearance_microsome_az.tab,CHEMBL513370,COc1ccc(N(C(=O)c2ccoc2Cl)C(C(=O)NC[C@@H](C)O)c2ccccc2F)c(OC)c1,48.0,9,Clearance_Microsome_AZ,208,,VALID,101.24000000000001,1
CHEMBL1940652,COc1ccncc1-c1ccccc1CN(C(=O)c1ccc(-c2ccc(C#N)cc2)o1)c1ccc(N2CCNCC2)cc1,54.95,COc1ccncc1-c1ccccc1CN(C(=O)c1ccc(-c2ccc(C#N)cc2)o1)c1ccc(N2CCNCC2)cc1,6.145480000000007,0,0.17142857142857143,1,7,1,"{""number"": ""54.95"", ""relation"": ""="", ""status"": ""VALID""}",569.6650000000002,data/raw/tdc/clearance_microsome_az.tab,CHEMBL1940652,COc1ccncc1-c1ccccc1CN(C(=O)c1ccc(-c2ccc(C#N)cc2)o1)c1ccc(N2CCNCC2)cc1,54.95,8,Clearance_Microsome_AZ,209,,VALID,94.63,0
CHEMBL1800658,CC(C)N(CCNCCc1ccc(O)c2[nH]c(=O)sc12)C(=O)CCOCCc1ccccc1,60.0,CC(C)N(CCNCCc1ccc(O)c2[nH]c(=O)sc12)C(=O)CCOCCc1ccccc1,3.3137000000000016,0,0.44,1,6,3,"{""number"": ""60.0"", ""relation"": ""="", ""status"": ""VALID""}",471.62300000000033,data/raw/tdc/clearance_microsome_az.tab,CHEMBL1800658,CC(C)N(CCNCCc1ccc(O)c2[nH]c(=O)sc12)C(=O)CCOCCc1ccccc1,60.0,13,Clearance_Microsome_AZ,210,,VALID,94.66000000000001,0
CHEMBL1770471,CSCCC(NC(=O)c1sccc1Cl)c1nc2ccccc2[nH]1,63.0,CSCCC(NC(=O)c1sccc1Cl)c1nc2ccccc2[nH]1,4.502000000000003,0,0.25,1,4,2,"{""number"": ""63.0"", ""relation"": ""="", ""status"": ""VALID""}",365.91100000000006,data/raw/tdc/clearance_microsome_az.tab,CHEMBL1770471,CSCCC(NC(=O)c1sccc1Cl)c1nc2ccccc2[nH]1,63.0,6,Clearance_Microsome_AZ,211,,VALID,57.78,1
CHEMBL197714,CCN(C(=O)Cc1ccc(S(C)(=O)=O)cc1)C1CCN(CCC(c2ccccc2)c2ccc(C)cc2)CC1,66.0,CCN(C(=O)Cc1ccc(S(C)(=O)=O)cc1)C1CCN(CCC(c2ccccc2)c2ccc(C)cc2)CC1,5.476120000000006,0,0.40625,1,4,0,"{""number"": ""66.0"", ""relation"": ""="", ""status"": ""VALID""}",532.7500000000002,data/raw/tdc/clearance_microsome_az.tab,CHEMBL197714,CCN(C(=O)Cc1ccc(S(C)(=O)=O)cc1)C1CCN(CCC(c2ccccc2)c2ccc(C)cc2)CC1,66.0,10,Clearance_Microsome_AZ,212,,VALID,57.690000000000005,1
CHEMBL139,O=C(O)Cc1ccccc1Nc1c(Cl)cccc1Cl,66.5,O=C(O)Cc1ccccc1Nc1c(Cl)cccc1Cl,4.364100000000001,0,0.07142857142857142,1,2,2,"{""number"": ""66.5"", ""relation"": ""="", ""status"": ""VALID""}",296.153,data/raw/tdc/clearance_microsome_az.tab,CHEMBL139,O=C(O)Cc1ccccc1Nc1c(Cl)cccc1Cl,66.5,4,Clearance_Microsome_AZ,213,,VALID,49.33,0
CHEMBL1934418,Cc1ccc(S(=O)(=O)Nc2c(C(=O)N[C@@H](C)C(C)(C)C)c(C)nn2C2CCSCC2)cc1,25.0,Cc1ccc(S(=O)(=O)Nc2c(C(=O)N[C@@H](C)C(C)(C)C)c(C)nn2C2CCSCC2)cc1,4.533240000000004,0,0.5652173913043478,1,6,2,"{""number"": ""25.0"", ""relation"": ""="", ""status"": ""VALID""}",478.6840000000003,data/raw/tdc/clearance_microsome_az.tab,CHEMBL1934418,Cc1ccc(S(=O)(=O)Nc2c(C(=O)N[C@@H](C)C(C)(C)C)c(C)nn2C2CCSCC2)cc1,25.0,6,Clearance_Microsome_AZ,214,,VALID,93.09,0
CHEMBL2335890,COCCN(C)c1ccc(Nc2ncc3cc(-c4ccncc4)ccc3n2)cc1,75.86,COCCN(C)c1ccc(Nc2ncc3cc(-c4ccncc4)ccc3n2)cc1,4.518000000000003,0,0.17391304347826086,1,6,1,"{""number"": ""75.86"", ""relation"": ""="", ""status"": ""VALID""}",385.47100000000006,data/raw/tdc/clearance_microsome_az.tab,CHEMBL2335890,COCCN(C)c1ccc(Nc2ncc3cc(-c4ccncc4)ccc3n2)cc1,75.86,7,Clearance_Microsome_AZ,215,,VALID,63.17,0
CHEMBL2057372,CC(C)(C)NS(=O)(=O)c1cncc(-c2ccc3nc(NC(=O)NCC(=O)N4CCOCC4)nn3c2)c1,5.0,CC(C)(C)NS(=O)(=O)c1cncc(-c2ccc3nc(NC(=O)NCC(=O)N4CCOCC4)nn3c2)c1,0.8484000000000012,0,0.4090909090909091,1,9,3,"{""number"": ""5.0"", ""relation"": ""="", ""status"": ""VALID""}",516.5840000000004,data/raw/tdc/clearance_microsome_az.tab,CHEMBL2057372,CC(C)(C)NS(=O)(=O)c1cncc(-c2ccc3nc(NC(=O)NCC(=O)N4CCOCC4)nn3c2)c1,5.0,6,Clearance_Microsome_AZ,216,,VALID,159.92,0
CHEMBL1766793,CC(C)S(=O)(=O)c1ccc(-c2cnc(N)c(C(=O)Nc3ccccc3)n2)cc1,10.0,CC(C)S(=O)(=O)c1ccc(-c2cnc(N)c(C(=O)Nc3ccccc3)n2)cc1,3.1602000000000015,0,0.15,1,6,2,"{""number"": ""10.0"", ""relation"": ""="", ""status"": ""VALID""}",396.47200000000004,data/raw/tdc/clearance_microsome_az.tab,CHEMBL1766793,CC(C)S(=O)(=O)c1ccc(-c2cnc(N)c(C(=O)Nc3ccccc3)n2)cc1,10.0,5,Clearance_Microsome_AZ,217,,VALID,115.04,0
CHEMBL2031241,Cc1ccc(C(=O)Nc2nccs2)cc1-n1cnc2ccc(N3CCN(C)CC3)cc2c1=O,7.0,Cc1ccc(C(=O)Nc2nccs2)cc1-n1cnc2ccc(N3CCN(C)CC3)cc2c1=O,3.154720000000001,0,0.25,1,8,1,"{""number"": ""7.0"", ""relation"": ""="", ""status"": ""VALID""}",460.5630000000004,data/raw/tdc/clearance_microsome_az.tab,CHEMBL2031241,Cc1ccc(C(=O)Nc2nccs2)cc1-n1cnc2ccc(N3CCN(C)CC3)cc2c1=O,7.0,4,Clearance_Microsome_AZ,218,,VALID,83.36000000000001,0
CHEMBL380936,Nc1nc(NCc2ccccc2)nc2c1nc(O)n2Cc1ccccc1,11.0,Nc1nc(NCc2ccccc2)nc2c1nc(O)n2Cc1ccccc1,2.7745000000000006,0,0.10526315789473684,1,7,3,"{""number"": ""11.0"", ""relation"": ""="", ""status"": ""VALID""}",346.39400000000006,data/raw/tdc/clearance_microsome_az.tab,CHEMBL380936,Nc1nc(NCc2ccccc2)nc2c1nc(O)n2Cc1ccccc1,11.0,5,Clearance_Microsome_AZ,219,,VALID,101.88,0
CHEMBL370492,CCc1nc2cc(O)ccc2c(Oc2ccc(/C=C/C(=O)O)cc2)c1-c1ccccc1,11.22,CCc1nc2cc(O)ccc2c(Oc2ccc(/C=C/C(=O)O)cc2)c1-c1ccccc1,6.059900000000006,0,0.07692307692307693,1,4,2,"{""number"": ""11.22"", ""relation"": ""="", ""status"": ""VALID""}",411.4570000000001,data/raw/tdc/clearance_microsome_az.tab,CHEMBL370492,CCc1nc2cc(O)ccc2c(Oc2ccc(/C=C/C(=O)O)cc2)c1-c1ccccc1,11.22,6,Clearance_Microsome_AZ,220,,VALID,79.65,0
CHEMBL174107,CSc1ccc(N2C(N)=NC(N)=NC2(C)C)cc1,11.48,CSc1ccc(N2C(N)=NC(N)=NC2(C)C)cc1,1.5939999999999999,0,0.3333333333333333,1,6,2,"{""number"": ""11.48"", ""relation"": ""="", ""status"": ""VALID""}",263.36999999999995,data/raw/tdc/clearance_microsome_az.tab,CHEMBL174107,CSc1ccc(N2C(N)=NC(N)=NC2(C)C)cc1,11.48,2,Clearance_Microsome_AZ,221,,VALID,80.0,0
CHEMBL1778625,COc1ccc(-c2cc(C(F)(F)F)ccc2OCC(=O)O)cc1,12.0,COc1ccc(-c2cc(C(F)(F)F)ccc2OCC(=O)O)cc1,3.844400000000003,0,0.1875,1,3,1,"{""number"": ""12.0"", ""relation"": ""="", ""status"": ""VALID""}",326.27,data/raw/tdc/clearance_microsome_az.tab,CHEMBL1778625,COc1ccc(-c2cc(C(F)(F)F)ccc2OCC(=O)O)cc1,12.0,5,Clearance_Microsome_AZ,222,,VALID,55.760000000000005,0
CHEMBL2171015,O=C(NS(=O)(=O)N1CCC(N2CCC(Oc3ccc(Cl)c(Cl)c3)CC2)CC1)c1ccccc1,12.0,O=C(NS(=O)(=O)N1CCC(N2CCC(Oc3ccc(Cl)c(Cl)c3)CC2)CC1)c1ccccc1,3.975800000000003,0,0.43478260869565216,1,5,1,"{""number"": ""12.0"", ""relation"": ""="", ""status"": ""VALID""}",512.4590000000003,data/raw/tdc/clearance_microsome_az.tab,CHEMBL2171015,O=C(NS(=O)(=O)N1CCC(N2CCC(Oc3ccc(Cl)c(Cl)c3)CC2)CC1)c1ccccc1,12.0,6,Clearance_Microsome_AZ,223,,VALID,78.95,0
CHEMBL211866,CCN(C(=O)Cc1ccc(S(C)(=O)=O)cc1)C1CCN(CC[C@@H](c2ccccc2)c2ccc(S(C)(=O)=O)cc2)CC1,4.0,CCN(C(=O)Cc1ccc(S(C)(=O)=O)cc1)C1CCN(CC[C@@H](c2ccccc2)c2ccc(S(C)(=O)=O)cc2)CC1,4.571200000000005,0,0.40625,1,6,0,"{""number"": ""4.0"", ""relation"": ""="", ""status"": ""VALID""}",596.8150000000002,data/raw/tdc/clearance_microsome_az.tab,CHEMBL211866,CCN(C(=O)Cc1ccc(S(C)(=O)=O)cc1)C1CCN(CC[C@@H](c2ccccc2)c2ccc(S(C)(=O)=O)cc2)CC1,4.0,11,Clearance_Microsome_AZ,224,,VALID,91.83000000000001,0
CHEMBL1916261,CCC(CC)NC(=O)c1nnn(-c2ccccc2)c1NS(=O)(=O)c1ccc(C)cc1,35.0,CCC(CC)NC(=O)c1nnn(-c2ccccc2)c1NS(=O)(=O)c1ccc(C)cc1,3.294920000000001,0,0.2857142857142857,1,6,2,"{""number"": ""35.0"", ""relation"": ""="", ""status"": ""VALID""}",427.53000000000014,data/raw/tdc/clearance_microsome_az.tab,CHEMBL1916261,CCC(CC)NC(=O)c1nnn(-c2ccccc2)c1NS(=O)(=O)c1ccc(C)cc1,35.0,8,Clearance_Microsome_AZ,225,,VALID,105.97999999999999,0
CHEMBL1807822,O=c1[nH]c2c(O)ccc([C@@H](O)CNCCCOCCOCCc3cccc4ccccc34)c2s1,35.0,O=c1[nH]c2c(O)ccc([C@@H](O)CNCCCOCCOCCc3cccc4ccccc34)c2s1,3.737400000000002,0,0.34615384615384615,1,7,4,"{""number"": ""35.0"", ""relation"": ""="", ""status"": ""VALID""}",482.6020000000002,data/raw/tdc/clearance_microsome_az.tab,CHEMBL1807822,O=c1[nH]c2c(O)ccc([C@@H](O)CNCCCOCCOCCc3cccc4ccccc34)c2s1,35.0,13,Clearance_Microsome_AZ,226,,VALID,103.81000000000002,0
CHEMBL111402,Oc1nc2c(O)ccc(CCNCCCSCCOCCc3cccc4ccccc34)c2s1,36.0,Oc1nc2c(O)ccc(CCNCCCSCCOCCc3cccc4ccccc34)c2s1,5.375400000000005,0,0.34615384615384615,1,7,3,"{""number"": ""36.0"", ""relation"": ""="", ""status"": ""VALID""}",482.6710000000002,data/raw/tdc/clearance_microsome_az.tab,CHEMBL111402,Oc1nc2c(O)ccc(CCNCCCSCCOCCc3cccc4ccccc34)c2s1,36.0,13,Clearance_Microsome_AZ,227,,VALID,74.61000000000001,0
CHEMBL128,CNS(=O)(=O)Cc1ccc2[nH]cc(CCN(C)C)c2c1,3.0,CNS(=O)(=O)Cc1ccc2[nH]cc(CCN(C)C)c2c1,1.3211999999999997,0,0.42857142857142855,1,3,2,"{""number"": ""3.0"", ""relation"": ""="", ""status"": ""VALID""}",295.408,data/raw/tdc/clearance_microsome_az.tab,CHEMBL128,CNS(=O)(=O)Cc1ccc2[nH]cc(CCN(C)C)c2c1,3.0,6,Clearance_Microsome_AZ,228,,VALID,65.2,0
CHEMBL1016,CCOc1nc2cccc(C(=O)O)c2n1Cc1ccc(-c2ccccc2-c2nnn[nH]2)cc1,3.0,CCOc1nc2cccc(C(=O)O)c2n1Cc1ccc(-c2ccccc2-c2nnn[nH]2)cc1,4.028600000000002,0,0.125,1,7,2,"{""number"": ""3.0"", ""relation"": ""="", ""status"": ""VALID""}",440.4630000000001,data/raw/tdc/clearance_microsome_az.tab,CHEMBL1016,CCOc1nc2cccc(C(=O)O)c2n1Cc1ccc(-c2ccccc2-c2nnn[nH]2)cc1,3.0,7,Clearance_Microsome_AZ,229,,VALID,118.81,0
CHEMBL2326864,CC(=O)Nc1nc(CCc2ccc(NC(=N)N)cc2)cs1,3.98,CC(=O)Nc1nc(CCc2ccc(NC(=N)N)cc2)cs1,2.1920699999999993,0,0.21428571428571427,1,4,4,"{""number"": ""3.98"", ""relation"": ""="", ""status"": ""VALID""}",303.391,data/raw/tdc/clearance_microsome_az.tab,CHEMBL2326864,CC(=O)Nc1nc(CCc2ccc(NC(=N)N)cc2)cs1,3.98,5,Clearance_Microsome_AZ,230,,VALID,103.89,1
CHEMBL1276946,Cc1c2c(=O)n(-c3ccccc3Cl)[nH]c2cc(=O)n1Cc1ccccn1,3.0,Cc1c2c(=O)n(-c3ccccc3Cl)[nH]c2cc(=O)n1Cc1ccccn1,2.885620000000001,0,0.10526315789473684,1,5,1,"{""number"": ""3.0"", ""relation"": ""="", ""status"": ""VALID""}",366.8080000000001,data/raw/tdc/clearance_microsome_az.tab,CHEMBL1276946,Cc1c2c(=O)n(-c3ccccc3Cl)[nH]c2cc(=O)n1Cc1ccccn1,3.0,3,Clearance_Microsome_AZ,231,,VALID,72.68,0
CHEMBL1689116,O=C(O)COc1ccc(Cl)cc1CN1CCC(S(=O)(=O)c2ccccc2)CC1,3.0,O=C(O)COc1ccc(Cl)cc1CN1CCC(S(=O)(=O)c2ccccc2)CC1,3.2417000000000025,0,0.35,1,5,1,"{""number"": ""3.0"", ""relation"": ""="", ""status"": ""VALID""}",423.9180000000001,data/raw/tdc/clearance_microsome_az.tab,CHEMBL1689116,O=C(O)COc1ccc(Cl)cc1CN1CCC(S(=O)(=O)c2ccccc2)CC1,3.0,7,Clearance_Microsome_AZ,232,,VALID,83.91,0
CHEMBL2171044,N#Cc1cccc(S(=O)(=O)NC(=O)N2CCC(N3CCC(Oc4ccc(Cl)c(Cl)c4)CC3)CC2)c1,3.0,N#Cc1cccc(S(=O)(=O)NC(=O)N2CCC(N3CCC(Oc4ccc(Cl)c(Cl)c4)CC3)CC2)c1,4.271180000000004,0,0.4166666666666667,1,6,1,"{""number"": ""3.0"", ""relation"": ""="", ""status"": ""VALID""}",537.4690000000003,data/raw/tdc/clearance_microsome_az.tab,CHEMBL2171044,N#Cc1cccc(S(=O)(=O)NC(=O)N2CCC(N3CCC(Oc4ccc(Cl)c(Cl)c4)CC3)CC2)c1,3.0,5,Clearance_Microsome_AZ,233,,VALID,102.74,0
CHEMBL2207282,NS(=O)(=O)c1ccc2c(C(=O)NC[C@@H](O)CN3CCC(Oc4ccc(Cl)c(Cl)c4)CC3)c[nH]c(=O)c2c1,3.0,NS(=O)(=O)c1ccc2c(C(=O)NC[C@@H](O)CN3CCC(Oc4ccc(Cl)c(Cl)c4)CC3)c[nH]c(=O)c2c1,2.1164000000000005,0,0.3333333333333333,1,7,4,"{""number"": ""3.0"", ""relation"": ""="", ""status"": ""VALID""}",569.4670000000002,data/raw/tdc/clearance_microsome_az.tab,CHEMBL2207282,NS(=O)(=O)c1ccc2c(C(=O)NC[C@@H](O)CN3CCC(Oc4ccc(Cl)c(Cl)c4)CC3)c[nH]c(=O)c2c1,3.0,8,Clearance_Microsome_AZ,234,,VALID,154.82,0
CHEMBL1459588,CCCCCOc1ccc(C(=O)NC(C(=O)O)C(C)C)cc1,5.5,CCCCCOc1ccc(C(=O)NC(C(=O)O)C(C)C)cc1,3.0946000000000016,0,0.5294117647058824,1,3,2,"{""number"": ""5.5"", ""relation"": ""="", ""status"": ""VALID""}",307.39000000000004,data/raw/tdc/clearance_microsome_az.tab,CHEMBL1459588,CCCCCOc1ccc(C(=O)NC(C(=O)O)C(C)C)cc1,5.5,9,Clearance_Microsome_AZ,235,,VALID,75.63,1
CHEMBL335744,CC(C)C(=O)Nc1nc(-c2ccccn2)cc2ccccc12,104.71,CC(C)C(=O)Nc1nc(-c2ccccn2)cc2ccccc12,3.891300000000002,0,0.16666666666666666,1,3,1,"{""number"": ""104.71"", ""relation"": ""="", ""status"": ""VALID""}",291.35400000000004,data/raw/tdc/clearance_microsome_az.tab,CHEMBL335744,CC(C)C(=O)Nc1nc(-c2ccccn2)cc2ccccc12,104.71,3,Clearance_Microsome_AZ,236,,VALID,54.88,0
CHEMBL1891338,COc1cccc(CNc2nc(NC(C)C)nc3ccsc23)c1OC,112.2,COc1cccc(CNc2nc(NC(C)C)nc3ccsc23)c1OC,4.140900000000002,0,0.3333333333333333,1,7,2,"{""number"": ""112.2"", ""relation"": ""="", ""status"": ""VALID""}",358.4670000000001,data/raw/tdc/clearance_microsome_az.tab,CHEMBL1891338,COc1cccc(CNc2nc(NC(C)C)nc3ccsc23)c1OC,112.2,7,Clearance_Microsome_AZ,237,,VALID,68.3,0
CHEMBL1526668,O=C(c1csc2c1CCCC2)N1CCCCC1,117.49,O=C(c1csc2c1CCCC2)N1CCCCC1,3.253000000000002,0,0.6428571428571429,1,2,0,"{""number"": ""117.49"", ""relation"": ""="", ""status"": ""VALID""}",249.3789999999999,data/raw/tdc/clearance_microsome_az.tab,CHEMBL1526668,O=C(c1csc2c1CCCC2)N1CCCCC1,117.49,1,Clearance_Microsome_AZ,238,,VALID,20.310000000000002,0
CHEMBL1916284,Cc1ccc(S(=O)(=O)Nc2c(C(=O)N[C@@H](C)C(C)(C)C)c(C(F)(F)F)nn2-c2ccccc2)cc1,120.0,Cc1ccc(S(=O)(=O)Nc2c(C(=O)N[C@@H](C)C(C)(C)C)c(C(F)(F)F)nn2-c2ccccc2)cc1,5.164720000000004,0,0.3333333333333333,1,5,2,"{""number"": ""120.0"", ""relation"": ""="", ""status"": ""VALID""}",508.56600000000014,data/raw/tdc/clearance_microsome_az.tab,CHEMBL1916284,Cc1ccc(S(=O)(=O)Nc2c(C(=O)N[C@@H](C)C(C)(C)C)c(C(F)(F)F)nn2-c2ccccc2)cc1,120.0,6,Clearance_Microsome_AZ,239,,VALID,93.09,0
CHEMBL413065,CCc1nc2c(N)nc3ccccc3c2n1CC(C)C,3.0,CCc1nc2c(N)nc3ccccc3c2n1CC(C)C,3.385100000000002,0,0.375,1,4,1,"{""number"": ""3.0"", ""relation"": ""="", ""status"": ""VALID""}",268.36400000000003,data/raw/tdc/clearance_microsome_az.tab,CHEMBL413065,CCc1nc2c(N)nc3ccccc3c2n1CC(C)C,3.0,3,Clearance_Microsome_AZ,240,,VALID,56.73,0
CHEMBL214304,Cc1ccc2c(c1)c(-c1ccnc3cc(C(F)(F)F)ccc13)c(C)n2CC(=O)O,3.0,Cc1ccc2c(c1)c(-c1ccnc3cc(C(F)(F)F)ccc13)c(C)n2CC(=O)O,5.5767400000000045,0,0.18181818181818182,1,3,1,"{""number"": ""3.0"", ""relation"": ""="", ""status"": ""VALID""}",398.3840000000002,data/raw/tdc/clearance_microsome_az.tab,CHEMBL214304,Cc1ccc2c(c1)c(-c1ccnc3cc(C(F)(F)F)ccc13)c(C)n2CC(=O)O,3.0,3,Clearance_Microsome_AZ,241,,VALID,55.120000000000005,0
CHEMBL370387,Nc1nc2nc(SCc3cccc(F)c3F)nc(O)c2s1,3.0,Nc1nc2nc(SCc3cccc(F)c3F)nc(O)c2s1,2.9446000000000008,0,0.08333333333333333,1,7,2,"{""number"": ""3.0"", ""relation"": ""="", ""status"": ""VALID""}",326.35300000000007,data/raw/tdc/clearance_microsome_az.tab,CHEMBL370387,Nc1nc2nc(SCc3cccc(F)c3F)nc(O)c2s1,3.0,3,Clearance_Microsome_AZ,242,,VALID,84.92,0
CHEMBL1083637,CCc1nc2c(N)nc3ccccc3c2n1Cc1ccccc1,3.0,CCc1nc2c(N)nc3ccccc3c2n1Cc1ccccc1,3.777400000000002,0,0.15789473684210525,1,4,1,"{""number"": ""3.0"", ""relation"": ""="", ""status"": ""VALID""}",302.38100000000003,data/raw/tdc/clearance_microsome_az.tab,CHEMBL1083637,CCc1nc2c(N)nc3ccccc3c2n1Cc1ccccc1,3.0,3,Clearance_Microsome_AZ,243,,VALID,56.73,0
CHEMBL505,CN(C)CCC(c1ccc(Cl)cc1)c1ccccn1,3.0,CN(C)CCC(c1ccc(Cl)cc1)c1ccccn1,3.8186000000000027,0,0.3125,1,2,0,"{""number"": ""3.0"", ""relation"": ""="", ""status"": ""VALID""}",274.795,data/raw/tdc/clearance_microsome_az.tab,CHEMBL505,CN(C)CCC(c1ccc(Cl)cc1)c1ccccn1,3.0,5,Clearance_Microsome_AZ,244,,VALID,16.130000000000003,1
CHEMBL1644331,c1ccc(Sc2ccc3ccccc3n2)cc1,61.0,c1ccc(Sc2ccc3ccccc3n2)cc1,4.386000000000003,0,0.0,1,2,0,"{""number"": ""61.0"", ""relation"": ""="", ""status"": ""VALID""}",237.327,data/raw/tdc/clearance_microsome_az.tab,CHEMBL1644331,c1ccc(Sc2ccc3ccccc3n2)cc1,61.0,2,Clearance_Microsome_AZ,245,,VALID,12.89,0
CHEMBL193,COC(=O)C1=C(C)NC(C)=C(C(=O)OC)C1c1ccccc1[N+](=O)[O-],150.0,COC(=O)C1=C(C)NC(C)=C(C(=O)OC)C1c1ccccc1[N+](=O)[O-],2.1756,0,0.29411764705882354,1,7,1,"{""number"": ""150.0"", ""relation"": ""="", ""status"": ""VALID""}",346.33900000000006,data/raw/tdc/clearance_microsome_az.tab,CHEMBL193,COC(=O)C1=C(C)NC(C)=C(C(=O)OC)C1c1ccccc1[N+](=O)[O-],150.0,4,Clearance_Microsome_AZ,246,,VALID,107.77000000000001,0
CHEMBL1771,COC(=O)[C@H](c1ccccc1Cl)N1CCc2sccc2C1,150.0,COC(=O)[C@H](c1ccccc1Cl)N1CCc2sccc2C1,3.6739000000000024,0,0.3125,1,4,0,"{""number"": ""150.0"", ""relation"": ""="", ""status"": ""VALID""}",321.829,data/raw/tdc/clearance_microsome_az.tab,CHEMBL1771,COC(=O)[C@H](c1ccccc1Cl)N1CCc2sccc2C1,150.0,3,Clearance_Microsome_AZ,247,,VALID,29.54,0
CHEMBL2180273,CCOC(=O)C1=C(C)NC2=C(C(=O)CC(C)(C)C2)C1c1ccc(-c2ccccc2)cc1,150.0,CCOC(=O)C1=C(C)NC2=C(C(=O)CC(C)(C)C2)C1c1ccc(-c2ccccc2)cc1,5.520700000000005,0,0.3333333333333333,1,4,1,"{""number"": ""150.0"", ""relation"": ""="", ""status"": ""VALID""}",415.5330000000001,data/raw/tdc/clearance_microsome_az.tab,CHEMBL2180273,CCOC(=O)C1=C(C)NC2=C(C(=O)CC(C)(C)C2)C1c1ccc(-c2ccccc2)cc1,150.0,4,Clearance_Microsome_AZ,248,,VALID,55.4,1
CHEMBL1644374,c1ccc(Oc2nccc3ccccc23)cc1,150.0,c1ccc(Oc2nccc3ccccc23)cc1,4.027100000000002,0,0.0,1,2,0,"{""number"": ""150.0"", ""relation"": ""="", ""status"": ""VALID""}",221.25900000000001,data/raw/tdc/clearance_microsome_az.tab,CHEMBL1644374,c1ccc(Oc2nccc3ccccc23)cc1,150.0,2,Clearance_Microsome_AZ,249,,VALID,22.12,0
CHEMBL1080786,N#C[C@]1(NC(=O)[C@@H](N)Cc2cccs2)C[C@H]1c1ccccc1,41.0,N#C[C@]1(NC(=O)[C@@H](N)Cc2cccs2)C[C@H]1c1ccccc1,2.18398,0,0.29411764705882354,1,4,2,"{""number"": ""41.0"", ""relation"": ""="", ""status"": ""VALID""}",311.41,data/raw/tdc/clearance_microsome_az.tab,CHEMBL1080786,N#C[C@]1(NC(=O)[C@@H](N)Cc2cccs2)C[C@H]1c1ccccc1,41.0,5,Clearance_Microsome_AZ,250,,VALID,78.91,0
CHEMBL2018969,COc1cccc2c1c(NS(=O)(=O)c1ccc(Cl)s1)nn2Cc1cccc(CNC(=O)C(C)(C)O)c1,50.0,COc1cccc2c1c(NS(=O)(=O)c1ccc(Cl)s1)nn2Cc1cccc(CNC(=O)C(C)(C)O)c1,3.996000000000002,0,0.25,1,8,3,"{""number"": ""50.0"", ""relation"": ""="", ""status"": ""VALID""}",549.0740000000003,data/raw/tdc/clearance_microsome_az.tab,CHEMBL2018969,COc1cccc2c1c(NS(=O)(=O)c1ccc(Cl)s1)nn2Cc1cccc(CNC(=O)C(C)(C)O)c1,50.0,9,Clearance_Microsome_AZ,251,,VALID,122.55,0
CHEMBL1800656,CCN(CCNCCc1ccc(O)c2[nH]c(=O)sc12)C(=O)CCOCCc1ccccc1,82.0,CCN(CCNCCc1ccc(O)c2[nH]c(=O)sc12)C(=O)CCOCCc1ccccc1,2.925200000000001,0,0.4166666666666667,1,6,3,"{""number"": ""82.0"", ""relation"": ""="", ""status"": ""VALID""}",457.59600000000034,data/raw/tdc/clearance_microsome_az.tab,CHEMBL1800656,CCN(CCNCCc1ccc(O)c2[nH]c(=O)sc12)C(=O)CCOCCc1ccccc1,82.0,13,Clearance_Microsome_AZ,252,,VALID,94.66000000000001,0
CHEMBL551170,O=C(NCC12CC3CC(CC(C3)C1)C2)c1cc(-n2ncc(=O)[nH]c2=O)ccc1Cl,83.83,O=C(NCC12CC3CC(CC(C3)C1)C2)c1cc(-n2ncc(=O)[nH]c2=O)ccc1Cl,2.5203999999999995,0,0.5238095238095238,1,5,2,"{""number"": ""83.83"", ""relation"": ""="", ""status"": ""VALID""}",414.89300000000003,data/raw/tdc/clearance_microsome_az.tab,CHEMBL551170,O=C(NCC12CC3CC(CC(C3)C1)C2)c1cc(-n2ncc(=O)[nH]c2=O)ccc1Cl,83.83,4,Clearance_Microsome_AZ,253,,VALID,96.85,4
CHEMBL341087,CC1CN(C(=O)c2cc3ccccc3[nH]2)CCN1,8.0,CC1CN(C(=O)c2cc3ccccc3[nH]2)CCN1,1.6018,0,0.35714285714285715,1,2,2,"{""number"": ""8.0"", ""relation"": ""="", ""status"": ""VALID""}",243.31,data/raw/tdc/clearance_microsome_az.tab,CHEMBL341087,CC1CN(C(=O)c2cc3ccccc3[nH]2)CCN1,8.0,1,Clearance_Microsome_AZ,254,,VALID,48.13,1
CHEMBL2208435,O=C(NC[C@@H](O)CN1CCC(Oc2ccc(Cl)c(Cl)c2)CC1)c1cnnc2ccccc12,8.0,O=C(NC[C@@H](O)CN1CCC(Oc2ccc(Cl)c(Cl)c2)CC1)c1cnnc2ccccc12,3.5707000000000013,0,0.34782608695652173,1,6,2,"{""number"": ""8.0"", ""relation"": ""="", ""status"": ""VALID""}",475.37600000000026,data/raw/tdc/clearance_microsome_az.tab,CHEMBL2208435,O=C(NC[C@@H](O)CN1CCC(Oc2ccc(Cl)c(Cl)c2)CC1)c1cnnc2ccccc12,8.0,7,Clearance_Microsome_AZ,255,,VALID,87.58,0
CHEMBL380005,CCN(C(=O)Cc1ccc(S(C)(=O)=O)cc1)C1CCN(CC[C@@H](c2ccc(F)cc2)c2ccc(S(C)(=O)=O)cc2)CC1,8.5,CCN(C(=O)Cc1ccc(S(C)(=O)=O)cc1)C1CCN(CC[C@@H](c2ccc(F)cc2)c2ccc(S(C)(=O)=O)cc2)CC1,4.710300000000005,0,0.40625,1,6,0,"{""number"": ""8.5"", ""relation"": ""="", ""status"": ""VALID""}",614.8050000000002,data/raw/tdc/clearance_microsome_az.tab,CHEMBL380005,CCN(C(=O)Cc1ccc(S(C)(=O)=O)cc1)C1CCN(CC[C@@H](c2ccc(F)cc2)c2ccc(S(C)(=O)=O)cc2)CC1,8.5,11,Clearance_Microsome_AZ,256,,VALID,91.83000000000001,0
CHEMBL2048873,N[C@@H]1CCCN(c2c(/C=C3\SC(=O)NC3=O)cccc2-c2ccncc2)C1,8.51,N[C@@H]1CCCN(c2c(/C=C3\SC(=O)NC3=O)cccc2-c2ccncc2)C1,3.0000000000000018,0,0.25,1,6,2,"{""number"": ""8.51"", ""relation"": ""="", ""status"": ""VALID""}",380.4730000000001,data/raw/tdc/clearance_microsome_az.tab,CHEMBL2048873,N[C@@H]1CCCN(c2c(/C=C3\SC(=O)NC3=O)cccc2-c2ccncc2)C1,8.51,3,Clearance_Microsome_AZ,257,,VALID,88.32000000000001,0
CHEMBL49,O=C1CC2(CCCC2)CC(=O)N1CCCCN1CCN(c2ncccn2)CC1,116.0,O=C1CC2(CCCC2)CC(=O)N1CCCCN1CCN(c2ncccn2)CC1,2.0881999999999996,0,0.7142857142857143,1,6,0,"{""number"": ""116.0"", ""relation"": ""="", ""status"": ""VALID""}",385.5120000000001,data/raw/tdc/clearance_microsome_az.tab,CHEMBL49,O=C1CC2(CCCC2)CC(=O)N1CCCCN1CCN(c2ncccn2)CC1,116.0,6,Clearance_Microsome_AZ,258,,VALID,69.64000000000001,0
CHEMBL642,CCCC(=O)Nc1ccc(OCC(O)CNC(C)C)c(C(C)=O)c1,3.0,CCCC(=O)Nc1ccc(OCC(O)CNC(C)C)c(C(C)=O)c1,2.3655,0,0.5555555555555556,1,5,3,"{""number"": ""3.0"", ""relation"": ""="", ""status"": ""VALID""}",336.4320000000001,data/raw/tdc/clearance_microsome_az.tab,CHEMBL642,CCCC(=O)Nc1ccc(OCC(O)CNC(C)C)c(C(C)=O)c1,3.0,10,Clearance_Microsome_AZ,259,,VALID,87.66,1
CHEMBL216981,CC[C@@H](Nc1c(Nc2cccc(C(=O)N(C)C)c2O)c(=O)c1=O)c1ccc(C)o1,3.0,CC[C@@H](Nc1c(Nc2cccc(C(=O)N(C)C)c2O)c(=O)c1=O)c1ccc(C)o1,2.898220000000001,0,0.2857142857142857,1,7,3,"{""number"": ""3.0"", ""relation"": ""="", ""status"": ""VALID""}",397.43100000000015,data/raw/tdc/clearance_microsome_az.tab,CHEMBL216981,CC[C@@H](Nc1c(Nc2cccc(C(=O)N(C)C)c2O)c(=O)c1=O)c1ccc(C)o1,3.0,7,Clearance_Microsome_AZ,260,,VALID,111.87999999999998,0
CHEMBL2158792,Cc1cc(OC2CCN(CC3CCN([C@@](C)(Cc4ccc(F)cc4)C(=O)O)CC3)CC2)ccc1Cl,3.0,Cc1cc(OC2CCN(CC3CCN([C@@](C)(Cc4ccc(F)cc4)C(=O)O)CC3)CC2)ccc1Cl,5.4287200000000055,0,0.5357142857142857,1,4,1,"{""number"": ""3.0"", ""relation"": ""="", ""status"": ""VALID""}",503.0580000000002,data/raw/tdc/clearance_microsome_az.tab,CHEMBL2158792,Cc1cc(OC2CCN(CC3CCN([C@@](C)(Cc4ccc(F)cc4)C(=O)O)CC3)CC2)ccc1Cl,3.0,8,Clearance_Microsome_AZ,261,,VALID,53.010000000000005,0
CHEMBL1778646,CCS(=O)(=O)c1ccc(-c2cc(Cl)ccc2OCC(=O)O)c(Cl)c1,3.0,CCS(=O)(=O)c1ccc(-c2cc(Cl)ccc2OCC(=O)O)c(Cl)c1,3.9174000000000024,0,0.1875,1,4,1,"{""number"": ""3.0"", ""relation"": ""="", ""status"": ""VALID""}",389.2560000000001,data/raw/tdc/clearance_microsome_az.tab,CHEMBL1778646,CCS(=O)(=O)c1ccc(-c2cc(Cl)ccc2OCC(=O)O)c(Cl)c1,3.0,6,Clearance_Microsome_AZ,262,,VALID,80.67,0
CHEMBL2158783,Cc1c(Cl)ccc(OC2CCN(CC3CCN([C@@H](Cc4ccc(F)cc4)C(=O)O)CC3)CC2)c1Cl,3.0,Cc1c(Cl)ccc(OC2CCN(CC3CCN([C@@H](Cc4ccc(F)cc4)C(=O)O)CC3)CC2)c1Cl,5.692020000000005,0,0.5185185185185185,1,4,1,"{""number"": ""3.0"", ""relation"": ""="", ""status"": ""VALID""}",523.4760000000003,data/raw/tdc/clearance_microsome_az.tab,CHEMBL2158783,Cc1c(Cl)ccc(OC2CCN(CC3CCN([C@@H](Cc4ccc(F)cc4)C(=O)O)CC3)CC2)c1Cl,3.0,8,Clearance_Microsome_AZ,263,,VALID,53.010000000000005,0
CHEMBL2324355,Cc1nocc1C(=O)Nc1ccc(-c2ccccc2OC(F)(F)F)c(N)n1,3.0,Cc1nocc1C(=O)Nc1ccc(-c2ccccc2OC(F)(F)F)c(N)n1,3.7781200000000013,0,0.11764705882352941,1,6,2,"{""number"": ""3.0"", ""relation"": ""="", ""status"": ""VALID""}",378.31000000000006,data/raw/tdc/clearance_microsome_az.tab,CHEMBL2324355,Cc1nocc1C(=O)Nc1ccc(-c2ccccc2OC(F)(F)F)c(N)n1,3.0,4,Clearance_Microsome_AZ,264,,VALID,103.27,0
CHEMBL192307,CCCCc1nc2c(N)nc3ccccc3c2n1CC(C)C,3.0,CCCCc1nc2c(N)nc3ccccc3c2n1CC(C)C,4.165300000000003,0,0.4444444444444444,1,4,1,"{""number"": ""3.0"", ""relation"": ""="", ""status"": ""VALID""}",296.41800000000006,data/raw/tdc/clearance_microsome_az.tab,CHEMBL192307,CCCCc1nc2c(N)nc3ccccc3c2n1CC(C)C,3.0,5,Clearance_Microsome_AZ,265,,VALID,56.73,0
CHEMBL198497,CCN(C(=O)Cc1ccc(S(C)(=O)=O)cc1)C1CCN(CCC(c2ccccc2)c2ccc(NC(C)=O)cc2)CC1,3.0,CCN(C(=O)Cc1ccc(S(C)(=O)=O)cc1)C1CCN(CCC(c2ccccc2)c2ccc(NC(C)=O)cc2)CC1,5.1261000000000045,0,0.3939393939393939,1,5,1,"{""number"": ""3.0"", ""relation"": ""="", ""status"": ""VALID""}",575.7750000000002,data/raw/tdc/clearance_microsome_az.tab,CHEMBL198497,CCN(C(=O)Cc1ccc(S(C)(=O)=O)cc1)C1CCN(CCC(c2ccccc2)c2ccc(NC(C)=O)cc2)CC1,3.0,11,Clearance_Microsome_AZ,266,,VALID,86.78999999999999,1
CHEMBL15770,CC1=C(CC(=O)O)c2cc(F)ccc2/C1=C\c1ccc([S+](C)[O-])cc1,3.0,CC1=C(CC(=O)O)c2cc(F)ccc2/C1=C\c1ccc([S+](C)[O-])cc1,4.365500000000003,0,0.15,1,2,1,"{""number"": ""3.0"", ""relation"": ""="", ""status"": ""VALID""}",356.41800000000006,data/raw/tdc/clearance_microsome_az.tab,CHEMBL15770,CC1=C(CC(=O)O)c2cc(F)ccc2/C1=C\c1ccc([S+](C)[O-])cc1,3.0,4,Clearance_Microsome_AZ,267,,VALID,60.36,1
CHEMBL53366,Cc1nccn1CCC(C(N)=O)(c1ccccc1)c1ccccc1,3.0,Cc1nccn1CCC(C(N)=O)(c1ccccc1)c1ccccc1,3.0532200000000014,0,0.2,1,3,1,"{""number"": ""3.0"", ""relation"": ""="", ""status"": ""VALID""}",319.408,data/raw/tdc/clearance_microsome_az.tab,CHEMBL53366,Cc1nccn1CCC(C(N)=O)(c1ccccc1)c1ccccc1,3.0,6,Clearance_Microsome_AZ,268,,VALID,60.910000000000004,0
CHEMBL2158778,O=C(O)[C@H](Cc1ccc(F)cc1)N1CCC(CN2CCC(Oc3ccc(Cl)cc3)CC2)CC1,3.0,O=C(O)[C@H](Cc1ccc(F)cc1)N1CCC(CN2CCC(Oc3ccc(Cl)cc3)CC2)CC1,4.730200000000005,0,0.5,1,4,1,"{""number"": ""3.0"", ""relation"": ""="", ""status"": ""VALID""}",475.00400000000036,data/raw/tdc/clearance_microsome_az.tab,CHEMBL2158778,O=C(O)[C@H](Cc1ccc(F)cc1)N1CCC(CN2CCC(Oc3ccc(Cl)cc3)CC2)CC1,3.0,8,Clearance_Microsome_AZ,269,,VALID,53.010000000000005,0
CHEMBL390674,Cc1cc(Oc2ccc3c(c2)OCO3)nc(Oc2ccc(-n3ccnc3)cc2)n1,3.0,Cc1cc(Oc2ccc3c(c2)OCO3)nc(Oc2ccc(-n3ccnc3)cc2)n1,4.284020000000004,0,0.09523809523809523,1,8,0,"{""number"": ""3.0"", ""relation"": ""="", ""status"": ""VALID""}",388.38300000000004,data/raw/tdc/clearance_microsome_az.tab,CHEMBL390674,Cc1cc(Oc2ccc3c(c2)OCO3)nc(Oc2ccc(-n3ccnc3)cc2)n1,3.0,5,Clearance_Microsome_AZ,270,,VALID,80.52,0
CHEMBL1778643,CCc1ccc(OCC(=O)O)c(-c2ccc(S(C)(=O)=O)cc2)c1,3.0,CCc1ccc(OCC(=O)O)c(-c2ccc(S(C)(=O)=O)cc2)c1,2.7829000000000015,0,0.23529411764705882,1,4,1,"{""number"": ""3.0"", ""relation"": ""="", ""status"": ""VALID""}",334.3930000000001,data/raw/tdc/clearance_microsome_az.tab,CHEMBL1778643,CCc1ccc(OCC(=O)O)c(-c2ccc(S(C)(=O)=O)cc2)c1,3.0,6,Clearance_Microsome_AZ,271,,VALID,80.67,0
CHEMBL2031235,Cc1ccc(NC(=O)c2ccno2)cc1-n1cnc2ccc(N3CCN(C)CC3)cc2c1=O,3.0,Cc1ccc(NC(=O)c2ccno2)cc1-n1cnc2ccc(N3CCN(C)CC3)cc2c1=O,2.6862200000000005,0,0.25,1,8,1,"{""number"": ""3.0"", ""relation"": ""="", ""status"": ""VALID""}",444.49500000000035,data/raw/tdc/clearance_microsome_az.tab,CHEMBL2031235,Cc1ccc(NC(=O)c2ccno2)cc1-n1cnc2ccc(N3CCN(C)CC3)cc2c1=O,3.0,4,Clearance_Microsome_AZ,272,,VALID,96.5,0
CHEMBL1689111,O=C(O)COc1ccc(Cl)cc1CN1CCN(S(=O)(=O)Cc2ccccc2)CC1,5.0,O=C(O)COc1ccc(Cl)cc1CN1CCN(S(=O)(=O)Cc2ccccc2)CC1,2.4510000000000005,0,0.35,1,5,1,"{""number"": ""5.0"", ""relation"": ""="", ""status"": ""VALID""}",438.93300000000016,data/raw/tdc/clearance_microsome_az.tab,CHEMBL1689111,O=C(O)COc1ccc(Cl)cc1CN1CCN(S(=O)(=O)Cc2ccccc2)CC1,5.0,8,Clearance_Microsome_AZ,273,,VALID,87.15,0
CHEMBL2057371,CC(C)(C)NS(=O)(=O)c1cncc(-c2ccc3nc(NC(=O)NCC(=O)N4CCCC4)nn3c2)c1,5.0,CC(C)(C)NS(=O)(=O)c1cncc(-c2ccc3nc(NC(=O)NCC(=O)N4CCCC4)nn3c2)c1,1.6119999999999997,0,0.4090909090909091,1,8,3,"{""number"": ""5.0"", ""relation"": ""="", ""status"": ""VALID""}",500.5850000000003,data/raw/tdc/clearance_microsome_az.tab,CHEMBL2057371,CC(C)(C)NS(=O)(=O)c1cncc(-c2ccc3nc(NC(=O)NCC(=O)N4CCCC4)nn3c2)c1,5.0,6,Clearance_Microsome_AZ,274,,VALID,150.69000000000003,0
CHEMBL1917461,Cc1ccc2c(n1)c(Sc1ccc(Cl)cc1)c(C)n2CC(=O)O,5.0,Cc1ccc2c(n1)c(Sc1ccc(Cl)cc1)c(C)n2CC(=O)O,4.542340000000003,0,0.17647058823529413,1,4,1,"{""number"": ""5.0"", ""relation"": ""="", ""status"": ""VALID""}",346.83900000000017,data/raw/tdc/clearance_microsome_az.tab,CHEMBL1917461,Cc1ccc2c(n1)c(Sc1ccc(Cl)cc1)c(C)n2CC(=O)O,5.0,4,Clearance_Microsome_AZ,275,,VALID,55.120000000000005,0
CHEMBL168899,O=C1Nc2ccccc2B(O)N1c1ccccc1,5.13,O=C1Nc2ccccc2B(O)N1c1ccccc1,1.4262,0,0.0,1,2,2,"{""number"": ""5.13"", ""relation"": ""="", ""status"": ""VALID""}",238.055,data/raw/tdc/clearance_microsome_az.tab,CHEMBL168899,O=C1Nc2ccccc2B(O)N1c1ccccc1,5.13,1,Clearance_Microsome_AZ,276,,VALID,52.57,0
CHEMBL256668,C[C@H](CO)Nc1nc(SCc2cccc(F)c2F)nc2[nH]c(=O)cnc12,6.18,C[C@H](CO)Nc1nc(SCc2cccc(F)c2F)nc2[nH]c(=O)cnc12,2.0763,0,0.25,1,7,3,"{""number"": ""6.18"", ""relation"": ""="", ""status"": ""VALID""}",379.39200000000005,data/raw/tdc/clearance_microsome_az.tab,CHEMBL256668,C[C@H](CO)Nc1nc(SCc2cccc(F)c2F)nc2[nH]c(=O)cnc12,6.18,6,Clearance_Microsome_AZ,277,,VALID,103.79,0
CHEMBL1088752,Cc1c(F)cc(C(=O)NC2CC2)cc1-c1ccc(C(=O)NCC(C)(C)C)cn1,6.92,Cc1c(F)cc(C(=O)NC2CC2)cc1-c1ccc(C(=O)NCC(C)(C)C)cn1,3.864220000000002,0,0.4090909090909091,1,3,2,"{""number"": ""6.92"", ""relation"": ""="", ""status"": ""VALID""}",383.4670000000001,data/raw/tdc/clearance_microsome_az.tab,CHEMBL1088752,Cc1c(F)cc(C(=O)NC2CC2)cc1-c1ccc(C(=O)NCC(C)(C)C)cn1,6.92,5,Clearance_Microsome_AZ,278,,VALID,71.09,0
CHEMBL223713,CCc1cccc2c1N(C)Cc1cc3c(cc1-2)OCO3,44.67,CCc1cccc2c1N(C)Cc1cc3c(cc1-2)OCO3,3.5945000000000027,0,0.29411764705882354,1,3,0,"{""number"": ""44.67"", ""relation"": ""="", ""status"": ""VALID""}",267.328,data/raw/tdc/clearance_microsome_az.tab,CHEMBL223713,CCc1cccc2c1N(C)Cc1cc3c(cc1-2)OCO3,44.67,1,Clearance_Microsome_AZ,279,,VALID,21.700000000000003,0
CHEMBL1927039,N#Cc1ccc(Nc2nccc(NC3CC3)n2)cc1,45.0,N#Cc1ccc(Nc2nccc(NC3CC3)n2)cc1,2.6661800000000007,0,0.21428571428571427,1,5,2,"{""number"": ""45.0"", ""relation"": ""="", ""status"": ""VALID""}",251.293,data/raw/tdc/clearance_microsome_az.tab,CHEMBL1927039,N#Cc1ccc(Nc2nccc(NC3CC3)n2)cc1,45.0,4,Clearance_Microsome_AZ,280,,VALID,73.63,0
CHEMBL322479,CC(C)(CCCCCOCCc1ccccc1)NCCc1ccc(O)c2nc(O)sc12,48.67,CC(C)(CCCCCOCCc1ccccc1)NCCc1ccc(O)c2nc(O)sc12,5.437900000000008,0,0.48,1,6,3,"{""number"": ""48.67"", ""relation"": ""="", ""status"": ""VALID""}",442.6250000000002,data/raw/tdc/clearance_microsome_az.tab,CHEMBL322479,CC(C)(CCCCCOCCc1ccccc1)NCCc1ccc(O)c2nc(O)sc12,48.67,13,Clearance_Microsome_AZ,281,,VALID,74.61,0
CHEMBL1423878,Oc1ncnc2c1c(-c1ccccc1)cn2-c1ccc(Br)cc1,60.26,Oc1ncnc2c1c(-c1ccccc1)cn2-c1ccc(Br)cc1,4.555600000000002,0,0.0,1,4,1,"{""number"": ""60.26"", ""relation"": ""="", ""status"": ""VALID""}",366.2180000000001,data/raw/tdc/clearance_microsome_az.tab,CHEMBL1423878,Oc1ncnc2c1c(-c1ccccc1)cn2-c1ccc(Br)cc1,60.26,2,Clearance_Microsome_AZ,282,,VALID,50.940000000000005,0
CHEMBL549620,O=C(CC12CC3CC(CC(C3)C1)C2)Nc1c(Cl)ccc2nc(CN3CCN(CCO)CC3)ccc12,79.5,O=C(CC12CC3CC(CC(C3)C1)C2)Nc1c(Cl)ccc2nc(CN3CCN(CCO)CC3)ccc12,4.5431000000000035,0,0.6428571428571429,1,5,2,"{""number"": ""79.5"", ""relation"": ""="", ""status"": ""VALID""}",497.08300000000037,data/raw/tdc/clearance_microsome_az.tab,CHEMBL549620,O=C(CC12CC3CC(CC(C3)C1)C2)Nc1c(Cl)ccc2nc(CN3CCN(CCO)CC3)ccc12,79.5,7,Clearance_Microsome_AZ,283,,VALID,68.7,4
CHEMBL574059,Cn1c(=O)c(-c2c(Cl)cccc2Cl)cc2cnc(Nc3ccc(F)cc3)nc21,131.83,Cn1c(=O)c(-c2c(Cl)cccc2Cl)cc2cnc(Nc3ccc(F)cc3)nc21,5.185000000000002,0,0.05,1,5,1,"{""number"": ""131.83"", ""relation"": ""="", ""status"": ""VALID""}",415.2550000000001,data/raw/tdc/clearance_microsome_az.tab,CHEMBL574059,Cn1c(=O)c(-c2c(Cl)cccc2Cl)cc2cnc(Nc3ccc(F)cc3)nc21,131.83,3,Clearance_Microsome_AZ,284,,VALID,59.81,0
CHEMBL2171033,O=C(NS(=O)(=O)c1ccccc1)N1CCC(N2CCC(Oc3ccc(Cl)c(Cl)c3)CC2)CC1,3.0,O=C(NS(=O)(=O)c1ccccc1)N1CCC(N2CCC(Oc3ccc(Cl)c(Cl)c3)CC2)CC1,4.399500000000004,0,0.43478260869565216,1,5,1,"{""number"": ""3.0"", ""relation"": ""="", ""status"": ""VALID""}",512.4590000000004,data/raw/tdc/clearance_microsome_az.tab,CHEMBL2171033,O=C(NS(=O)(=O)c1ccccc1)N1CCC(N2CCC(Oc3ccc(Cl)c(Cl)c3)CC2)CC1,3.0,5,Clearance_Microsome_AZ,285,,VALID,78.95,0
CHEMBL2171046,Cc1ccc(S(=O)(=O)NC(=O)N2CCC(N3CCC(Oc4ccc(Cl)cc4Cl)CC3)CC2)cc1,3.0,Cc1ccc(S(=O)(=O)NC(=O)N2CCC(N3CCC(Oc4ccc(Cl)cc4Cl)CC3)CC2)cc1,4.707920000000004,0,0.4583333333333333,1,5,1,"{""number"": ""3.0"", ""relation"": ""="", ""status"": ""VALID""}",526.4860000000003,data/raw/tdc/clearance_microsome_az.tab,CHEMBL2171046,Cc1ccc(S(=O)(=O)NC(=O)N2CCC(N3CCC(Oc4ccc(Cl)cc4Cl)CC3)CC2)cc1,3.0,5,Clearance_Microsome_AZ,286,,VALID,78.95,0
CHEMBL2158817,O=C(O)C(c1ccccc1)N1CCO[C@@H](CN2CCC(Oc3ccc(Cl)c(Cl)c3)CC2)C1,3.0,O=C(O)C(c1ccccc1)N1CCO[C@@H](CN2CCC(Oc3ccc(Cl)c(Cl)c3)CC2)C1,4.363300000000003,0,0.4583333333333333,1,5,1,"{""number"": ""3.0"", ""relation"": ""="", ""status"": ""VALID""}",479.4040000000002,data/raw/tdc/clearance_microsome_az.tab,CHEMBL2158817,O=C(O)C(c1ccccc1)N1CCO[C@@H](CN2CCC(Oc3ccc(Cl)c(Cl)c3)CC2)C1,3.0,7,Clearance_Microsome_AZ,287,,VALID,62.239999999999995,1
CHEMBL2107729,O=C(Nc1ccc(S(=O)(=O)N2CCOCC2)cc1)c1cc(Cl)ccc1NS(=O)(=O)c1ccc(Cl)s1,3.0,O=C(Nc1ccc(S(=O)(=O)N2CCOCC2)cc1)c1cc(Cl)ccc1NS(=O)(=O)c1ccc(Cl)s1,4.1289000000000025,0,0.19047619047619047,1,7,2,"{""number"": ""3.0"", ""relation"": ""="", ""status"": ""VALID""}",576.5050000000001,data/raw/tdc/clearance_microsome_az.tab,CHEMBL2107729,O=C(Nc1ccc(S(=O)(=O)N2CCOCC2)cc1)c1cc(Cl)ccc1NS(=O)(=O)c1ccc(Cl)s1,3.0,7,Clearance_Microsome_AZ,288,,VALID,121.88,0
CHEMBL1934417,COCCC(C)n1nc(C)c(C(=O)N[C@@H](C)C(C)(C)C)c1NS(=O)(=O)c1ccc(C)cc1,3.9,COCCC(C)n1nc(C)c(C(=O)N[C@@H](C)C(C)(C)C)c1NS(=O)(=O)c1ccc(C)cc1,4.062640000000003,0,0.5652173913043478,1,6,2,"{""number"": ""3.9"", ""relation"": ""="", ""status"": ""VALID""}",464.6320000000002,data/raw/tdc/clearance_microsome_az.tab,CHEMBL1934417,COCCC(C)n1nc(C)c(C(=O)N[C@@H](C)C(C)(C)C)c1NS(=O)(=O)c1ccc(C)cc1,3.9,9,Clearance_Microsome_AZ,289,,VALID,102.32,1
CHEMBL2158834,O=C(O)c1cccnc1N1CCC(CN2CCC(Oc3ccc(Cl)c(Cl)c3)CC2)CC1,4.0,O=C(O)c1cccnc1N1CCC(CN2CCC(Oc3ccc(Cl)c(Cl)c3)CC2)CC1,4.846400000000005,0,0.4782608695652174,1,5,1,"{""number"": ""4.0"", ""relation"": ""="", ""status"": ""VALID""}",464.39300000000026,data/raw/tdc/clearance_microsome_az.tab,CHEMBL2158834,O=C(O)c1cccnc1N1CCC(CN2CCC(Oc3ccc(Cl)c(Cl)c3)CC2)CC1,4.0,6,Clearance_Microsome_AZ,290,,VALID,65.9,0
CHEMBL1458496,O=C(c1cccc(Cl)c1Cl)N1CCN(c2ccccn2)CC1,150.0,O=C(c1cccc(Cl)c1Cl)N1CCN(c2ccccn2)CC1,3.350800000000002,0,0.25,1,3,0,"{""number"": ""150.0"", ""relation"": ""="", ""status"": ""VALID""}",336.2220000000001,data/raw/tdc/clearance_microsome_az.tab,CHEMBL1458496,O=C(c1cccc(Cl)c1Cl)N1CCN(c2ccccn2)CC1,150.0,2,Clearance_Microsome_AZ,291,,VALID,36.440000000000005,0
CHEMBL472455,COc1ccc(N(C(=O)c2ccco2)C(C(=O)NC2CCCC2)c2ccccc2F)c(OC)c1,150.0,COc1ccc(N(C(=O)c2ccco2)C(C(=O)NC2CCCC2)c2ccccc2F)c(OC)c1,4.882800000000004,0,0.3076923076923077,1,5,1,"{""number"": ""150.0"", ""relation"": ""="", ""status"": ""VALID""}",466.5090000000003,data/raw/tdc/clearance_microsome_az.tab,CHEMBL472455,COc1ccc(N(C(=O)c2ccco2)C(C(=O)NC2CCCC2)c2ccccc2F)c(OC)c1,150.0,8,Clearance_Microsome_AZ,292,,VALID,81.01,1
CHEMBL1486510,CCOC(=O)c1c(C)n(Cc2ccco2)c2ccc(O)cc12,150.0,CCOC(=O)c1c(C)n(Cc2ccco2)c2ccc(O)cc12,3.473320000000002,0,0.23529411764705882,1,5,1,"{""number"": ""150.0"", ""relation"": ""="", ""status"": ""VALID""}",299.326,data/raw/tdc/clearance_microsome_az.tab,CHEMBL1486510,CCOC(=O)c1c(C)n(Cc2ccco2)c2ccc(O)cc12,150.0,4,Clearance_Microsome_AZ,293,,VALID,64.60000000000001,0
CHEMBL424451,COc1ccc(C)c(NC(=O)CC23CC4CC(CC(C4)C2)C3)c1,150.0,COc1ccc(C)c(NC(=O)CC23CC4CC(CC(C4)C2)C3)c1,4.548620000000004,0,0.65,1,2,1,"{""number"": ""150.0"", ""relation"": ""="", ""status"": ""VALID""}",313.4410000000001,data/raw/tdc/clearance_microsome_az.tab,CHEMBL424451,COc1ccc(C)c(NC(=O)CC23CC4CC(CC(C4)C2)C3)c1,150.0,4,Clearance_Microsome_AZ,294,,VALID,38.33,4
CHEMBL585640,CCn1c(SCC(=O)Nc2cccc(C)c2)nnc1-c1ccccc1,150.0,CCn1c(SCC(=O)Nc2cccc(C)c2)nnc1-c1ccccc1,4.004220000000003,0,0.21052631578947367,1,5,1,"{""number"": ""150.0"", ""relation"": ""="", ""status"": ""VALID""}",352.4630000000001,data/raw/tdc/clearance_microsome_az.tab,CHEMBL585640,CCn1c(SCC(=O)Nc2cccc(C)c2)nnc1-c1ccccc1,150.0,6,Clearance_Microsome_AZ,295,,VALID,59.81,0
CHEMBL2153435,CCNC(=O)C[C@H]1N=C(c2ccc(Cl)cc2)c2cc(OC)ccc2-n2c(C)nnc21,11.48,CCNC(=O)C[C@H]1N=C(c2ccc(Cl)cc2)c2cc(OC)ccc2-n2c(C)nnc21,3.6560200000000025,0,0.2727272727272727,1,6,1,"{""number"": ""11.48"", ""relation"": ""="", ""status"": ""VALID""}",423.90400000000017,data/raw/tdc/clearance_microsome_az.tab,CHEMBL2153435,CCNC(=O)C[C@H]1N=C(c2ccc(Cl)cc2)c2cc(OC)ccc2-n2c(C)nnc21,11.48,5,Clearance_Microsome_AZ,296,,VALID,81.39999999999999,0
CHEMBL1094168,CS(=O)(=O)c1ccc([C@H](CC2CCCC2)C(=O)Nc2nccs2)cc1,43.65,CS(=O)(=O)c1ccc([C@H](CC2CCCC2)C(=O)Nc2nccs2)cc1,3.8492000000000024,0,0.4444444444444444,1,5,1,"{""number"": ""43.65"", ""relation"": ""="", ""status"": ""VALID""}",378.51899999999995,data/raw/tdc/clearance_microsome_az.tab,CHEMBL1094168,CS(=O)(=O)c1ccc([C@H](CC2CCCC2)C(=O)Nc2nccs2)cc1,43.65,6,Clearance_Microsome_AZ,297,,VALID,76.13,0
CHEMBL479,CSc1ccc2c(c1)N(CCC1CCCCN1C)c1ccccc1S2,50.0,CSc1ccc2c(c1)N(CCC1CCCCN1C)c1ccccc1S2,5.885600000000005,0,0.42857142857142855,1,4,0,"{""number"": ""50.0"", ""relation"": ""="", ""status"": ""VALID""}",370.587,data/raw/tdc/clearance_microsome_az.tab,CHEMBL479,CSc1ccc2c(c1)N(CCC1CCCCN1C)c1ccccc1S2,50.0,4,Clearance_Microsome_AZ,298,,VALID,6.48,1
CHEMBL100979,Cc1nc2ccccn2c1-c1ccnc(N)n1,50.12,Cc1nc2ccccn2c1-c1ccnc(N)n1,1.6819199999999996,0,0.08333333333333333,1,5,1,"{""number"": ""50.12"", ""relation"": ""="", ""status"": ""VALID""}",225.25499999999997,data/raw/tdc/clearance_microsome_az.tab,CHEMBL100979,Cc1nc2ccccn2c1-c1ccnc(N)n1,50.12,1,Clearance_Microsome_AZ,299,,VALID,69.1,0
CHEMBL379787,O=C(Nc1nc2ccccc2n1CCN1CCOCC1)c1cccc([N+](=O)[O-])c1,56.23,O=C(Nc1nc2ccccc2n1CCN1CCOCC1)c1cccc([N+](=O)[O-])c1,2.529000000000001,0,0.3,1,7,1,"{""number"": ""56.23"", ""relation"": ""="", ""status"": ""VALID""}",395.41900000000015,data/raw/tdc/clearance_microsome_az.tab,CHEMBL379787,O=C(Nc1nc2ccccc2n1CCN1CCOCC1)c1cccc([N+](=O)[O-])c1,56.23,6,Clearance_Microsome_AZ,300,,VALID,102.53,0
CHEMBL1529362,Nc1nnc(-c2ccccc2)s1,3.0,Nc1nnc(-c2ccccc2)s1,1.7872999999999999,0,0.0,1,4,1,"{""number"": ""3.0"", ""relation"": ""="", ""status"": ""VALID""}",177.232,data/raw/tdc/clearance_microsome_az.tab,CHEMBL1529362,Nc1nnc(-c2ccccc2)s1,3.0,1,Clearance_Microsome_AZ,301,,VALID,51.8,0
CHEMBL2011441,COc1nc(Br)cnc1NS(=O)(=O)c1ccc(Cl)s1,3.0,COc1nc(Br)cnc1NS(=O)(=O)c1ccc(Cl)s1,2.7634000000000007,0,0.1111111111111111,1,6,1,"{""number"": ""3.0"", ""relation"": ""="", ""status"": ""VALID""}",384.6640000000001,data/raw/tdc/clearance_microsome_az.tab,CHEMBL2011441,COc1nc(Br)cnc1NS(=O)(=O)c1ccc(Cl)s1,3.0,4,Clearance_Microsome_AZ,302,,VALID,81.18,0
CHEMBL2158790,Cc1c(OC2CCN(CC3CCN([C@@](C)(Cc4ccc(F)cc4)C(=O)O)CC3)CC2)ccc(Cl)c1Cl,3.0,Cc1c(OC2CCN(CC3CCN([C@@](C)(Cc4ccc(F)cc4)C(=O)O)CC3)CC2)ccc(Cl)c1Cl,6.082120000000007,0,0.5357142857142857,1,4,1,"{""number"": ""3.0"", ""relation"": ""="", ""status"": ""VALID""}",537.5030000000003,data/raw/tdc/clearance_microsome_az.tab,CHEMBL2158790,Cc1c(OC2CCN(CC3CCN([C@@](C)(Cc4ccc(F)cc4)C(=O)O)CC3)CC2)ccc(Cl)c1Cl,3.0,8,Clearance_Microsome_AZ,303,,VALID,53.010000000000005,0
CHEMBL1201753,O=C(O)C[C@H](O)C[C@H](O)/C=C/c1c(C2CC2)nc2ccccc2c1-c1ccc(F)cc1,3.0,O=C(O)C[C@H](O)C[C@H](O)/C=C/c1c(C2CC2)nc2ccccc2c1-c1ccc(F)cc1,4.518100000000003,0,0.28,1,4,3,"{""number"": ""3.0"", ""relation"": ""="", ""status"": ""VALID""}",421.4680000000001,data/raw/tdc/clearance_microsome_az.tab,CHEMBL1201753,O=C(O)C[C@H](O)C[C@H](O)/C=C/c1c(C2CC2)nc2ccccc2c1-c1ccc(F)cc1,3.0,8,Clearance_Microsome_AZ,304,,VALID,90.65,0
CHEMBL945,N=C(N)NC(=O)c1nc(Cl)c(N)nc1N,3.0,N=C(N)NC(=O)c1nc(Cl)c(N)nc1N,-1.0823299999999998,0,0.0,1,6,5,"{""number"": ""3.0"", ""relation"": ""="", ""status"": ""VALID""}",229.63099999999997,data/raw/tdc/clearance_microsome_az.tab,CHEMBL945,N=C(N)NC(=O)c1nc(Cl)c(N)nc1N,3.0,1,Clearance_Microsome_AZ,305,,VALID,156.79,1
CHEMBL1924034,CN(C)C(C)(C(=O)OC1CC[N+](C)(C)CC1)c1ccccc1,3.0,CN(C)C(C)(C(=O)OC1CC[N+](C)(C)CC1)c1ccccc1,2.2454,0,0.6111111111111112,1,3,0,"{""number"": ""3.0"", ""relation"": ""="", ""status"": ""VALID""}",305.44199999999995,data/raw/tdc/clearance_microsome_az.tab,CHEMBL1924034,CN(C)C(C)(C(=O)OC1CC[N+](C)(C)CC1)c1ccccc1,3.0,4,Clearance_Microsome_AZ,306,,VALID,29.540000000000003,1
CHEMBL1934419,Cc1ccc(S(=O)(=O)Nc2c(C(=O)N[C@@H](C)C(C)(C)C)c(C)nn2C2CCS(=O)(=O)CC2)cc1,3.0,Cc1ccc(S(=O)(=O)Nc2c(C(=O)N[C@@H](C)C(C)(C)C)c(C)nn2C2CCS(=O)(=O)CC2)cc1,3.2148400000000015,0,0.5652173913043478,1,7,2,"{""number"": ""3.0"", ""relation"": ""="", ""status"": ""VALID""}",510.68200000000036,data/raw/tdc/clearance_microsome_az.tab,CHEMBL1934419,Cc1ccc(S(=O)(=O)Nc2c(C(=O)N[C@@H](C)C(C)(C)C)c(C)nn2C2CCS(=O)(=O)CC2)cc1,3.0,6,Clearance_Microsome_AZ,307,,VALID,127.22999999999999,0
CHEMBL445,CNCCC=C1c2ccccc2CCc2ccccc21,3.0,CNCCC=C1c2ccccc2CCc2ccccc21,3.826400000000003,0,0.2631578947368421,1,1,1,"{""number"": ""3.0"", ""relation"": ""="", ""status"": ""VALID""}",263.38399999999996,data/raw/tdc/clearance_microsome_az.tab,CHEMBL445,CNCCC=C1c2ccccc2CCc2ccccc21,3.0,3,Clearance_Microsome_AZ,308,,VALID,12.03,0
CHEMBL551707,O=C(NCC12CC3CC(CC(C3)C1)C2)c1c(Cl)ccc2nc(N3CCC[C@H](NCCc4nnn[nH]4)C3)ccc12,15.0,O=C(NCC12CC3CC(CC(C3)C1)C2)c1c(Cl)ccc2nc(N3CCC[C@H](NCCc4nnn[nH]4)C3)ccc12,4.148600000000002,0,0.6206896551724138,1,7,3,"{""number"": ""15.0"", ""relation"": ""="", ""status"": ""VALID""}",549.1230000000003,data/raw/tdc/clearance_microsome_az.tab,CHEMBL551707,O=C(NCC12CC3CC(CC(C3)C1)C2)c1c(Cl)ccc2nc(N3CCC[C@H](NCCc4nnn[nH]4)C3)ccc12,15.0,8,Clearance_Microsome_AZ,309,,VALID,111.72,4
CHEMBL1939414,Nc1nc(Nc2cccc(Br)c2)c2nc[nH]c2n1,16.0,Nc1nc(Nc2cccc(Br)c2)c2nc[nH]c2n1,2.4411999999999994,0,0.0,1,5,3,"{""number"": ""16.0"", ""relation"": ""="", ""status"": ""VALID""}",305.13899999999995,data/raw/tdc/clearance_microsome_az.tab,CHEMBL1939414,Nc1nc(Nc2cccc(Br)c2)c2nc[nH]c2n1,16.0,2,Clearance_Microsome_AZ,310,,VALID,92.51,0
CHEMBL1934270,Cc1ccc(S(=O)(=O)Nc2c(C(=O)N[C@@H](C)C(C)(C)C)c(C)nn2C(C)(C)C)cc1,37.0,Cc1ccc(S(=O)(=O)Nc2c(C(=O)N[C@@H](C)C(C)(C)C)c(C)nn2C(C)(C)C)cc1,4.220140000000004,0,0.5454545454545454,1,5,2,"{""number"": ""37.0"", ""relation"": ""="", ""status"": ""VALID""}",434.6060000000002,data/raw/tdc/clearance_microsome_az.tab,CHEMBL1934270,Cc1ccc(S(=O)(=O)Nc2c(C(=O)N[C@@H](C)C(C)(C)C)c(C)nn2C(C)(C)C)cc1,37.0,5,Clearance_Microsome_AZ,311,,VALID,93.09,0
CHEMBL1091644,C[C@]1(O)C[C@@H](c2nc(-c3ccc4ccc(-c5ccccc5)nc4c3)c3c(N)nccn32)C1,17.38,C[C@]1(O)C[C@@H](c2nc(-c3ccc4ccc(-c5ccccc5)nc4c3)c3c(N)nccn32)C1,4.822100000000004,0,0.19230769230769232,1,6,2,"{""number"": ""17.38"", ""relation"": ""="", ""status"": ""VALID""}",421.5040000000002,data/raw/tdc/clearance_microsome_az.tab,CHEMBL1091644,C[C@]1(O)C[C@@H](c2nc(-c3ccc4ccc(-c5ccccc5)nc4c3)c3c(N)nccn32)C1,17.38,3,Clearance_Microsome_AZ,312,,VALID,89.33,0
CHEMBL2070950,N#CC1(NC(=O)[C@@H]2CCCC[C@H]2C(=O)N2CCN(c3nc4ccncc4s3)CC2)CC1,17.78,N#CC1(NC(=O)[C@@H]2CCCC[C@H]2C(=O)N2CCN(c3nc4ccncc4s3)CC2)CC1,2.3186799999999996,0,0.5909090909090909,1,7,1,"{""number"": ""17.78"", ""relation"": ""="", ""status"": ""VALID""}",438.5570000000002,data/raw/tdc/clearance_microsome_az.tab,CHEMBL2070950,N#CC1(NC(=O)[C@@H]2CCCC[C@H]2C(=O)N2CCN(c3nc4ccncc4s3)CC2)CC1,17.78,4,Clearance_Microsome_AZ,313,,VALID,102.22,0
CHEMBL103355,Cc1ccc(F)c(Nc2ccnc(Nc3ccc(S(N)(=O)=O)cc3)n2)c1,18.0,Cc1ccc(F)c(Nc2ccnc(Nc3ccc(S(N)(=O)=O)cc3)n2)c1,3.05872,0,0.058823529411764705,1,6,3,"{""number"": ""18.0"", ""relation"": ""="", ""status"": ""VALID""}",373.4130000000001,data/raw/tdc/clearance_microsome_az.tab,CHEMBL103355,Cc1ccc(F)c(Nc2ccnc(Nc3ccc(S(N)(=O)=O)cc3)n2)c1,18.0,5,Clearance_Microsome_AZ,314,,VALID,109.99999999999999,0
CHEMBL1086310,CC(C)c1ccc(NC(=O)Cn2cnc3c2c(=O)n(C)c(=O)n3C)cc1,18.2,CC(C)c1ccc(NC(=O)Cn2cnc3c2c(=O)n(C)c(=O)n3C)cc1,1.1957999999999995,0,0.3333333333333333,1,7,1,"{""number"": ""18.2"", ""relation"": ""="", ""status"": ""VALID""}",355.3980000000001,data/raw/tdc/clearance_microsome_az.tab,CHEMBL1086310,CC(C)c1ccc(NC(=O)Cn2cnc3c2c(=O)n(C)c(=O)n3C)cc1,18.2,4,Clearance_Microsome_AZ,315,,VALID,90.92000000000002,0
CHEMBL1807826,O=c1[nH]c2c(O)ccc([C@@H](O)CNCCSCCCNCCc3cccc(C(F)(F)F)c3)c2s1,13.0,O=c1[nH]c2c(O)ccc([C@@H](O)CNCCSCCCNCCc3cccc(C(F)(F)F)c3)c2s1,3.8926000000000025,0,0.43478260869565216,1,7,5,"{""number"": ""13.0"", ""relation"": ""="", ""status"": ""VALID""}",515.6230000000002,data/raw/tdc/clearance_microsome_az.tab,CHEMBL1807826,O=c1[nH]c2c(O)ccc([C@@H](O)CNCCSCCCNCCc3cccc(C(F)(F)F)c3)c2s1,13.0,13,Clearance_Microsome_AZ,316,,VALID,97.38000000000001,0
CHEMBL244183,c1cn(-c2ccc(Oc3cc(Oc4ccc5c(c4)OCO5)ncn3)cc2)cn1,13.0,c1cn(-c2ccc(Oc3cc(Oc4ccc5c(c4)OCO5)ncn3)cc2)cn1,3.9756000000000036,0,0.05,1,8,0,"{""number"": ""13.0"", ""relation"": ""="", ""status"": ""VALID""}",374.35600000000005,data/raw/tdc/clearance_microsome_az.tab,CHEMBL244183,c1cn(-c2ccc(Oc3cc(Oc4ccc5c(c4)OCO5)ncn3)cc2)cn1,13.0,5,Clearance_Microsome_AZ,317,,VALID,80.52000000000001,0
CHEMBL564366,Cc1ccc2nc(CCNCCCO)ccc2c1NC(=O)CC12CC3CC(CC(C3)C1)C2,33.0,Cc1ccc2nc(CCNCCCO)ccc2c1NC(=O)CC12CC3CC(CC(C3)C1)C2,4.602720000000003,0,0.6296296296296297,1,4,3,"{""number"": ""33.0"", ""relation"": ""="", ""status"": ""VALID""}",435.61200000000036,data/raw/tdc/clearance_microsome_az.tab,CHEMBL564366,Cc1ccc2nc(CCNCCCO)ccc2c1NC(=O)CC12CC3CC(CC(C3)C1)C2,33.0,9,Clearance_Microsome_AZ,318,,VALID,74.25,4
CHEMBL1818218,CC(C)CNc1nc(N2CCN(CC3CCCOC3)CC2)ncc1C(=O)NCc1ccccc1,95.5,CC(C)CNc1nc(N2CCN(CC3CCCOC3)CC2)ncc1C(=O)NCc1ccccc1,3.0231000000000012,0,0.5769230769230769,1,7,2,"{""number"": ""95.5"", ""relation"": ""="", ""status"": ""VALID""}",466.6300000000002,data/raw/tdc/clearance_microsome_az.tab,CHEMBL1818218,CC(C)CNc1nc(N2CCN(CC3CCCOC3)CC2)ncc1C(=O)NCc1ccccc1,95.5,9,Clearance_Microsome_AZ,319,,VALID,82.62,1
CHEMBL82663,O=S(=O)(CCCOCCc1ccccc1)CCNCCc1ccc(O)c2nc(O)sc12,111.0,O=S(=O)(CCCOCCc1ccccc1)CCNCCc1ccc(O)c2nc(O)sc12,2.9038000000000013,0,0.4090909090909091,1,8,3,"{""number"": ""111.0"", ""relation"": ""="", ""status"": ""VALID""}",464.6090000000002,data/raw/tdc/clearance_microsome_az.tab,CHEMBL82663,O=S(=O)(CCCOCCc1ccccc1)CCNCCc1ccc(O)c2nc(O)sc12,111.0,13,Clearance_Microsome_AZ,320,,VALID,108.75000000000001,0
CHEMBL304087,COc1cc(NC(=O)Nc2cccc(CNC(=O)O[C@H]3CCOC3)c2)ccc1-c1cnco1,120.0,COc1cc(NC(=O)Nc2cccc(CNC(=O)O[C@H]3CCOC3)c2)ccc1-c1cnco1,4.009300000000002,0,0.2608695652173913,1,7,3,"{""number"": ""120.0"", ""relation"": ""="", ""status"": ""VALID""}",452.46700000000027,data/raw/tdc/clearance_microsome_az.tab,CHEMBL304087,COc1cc(NC(=O)Nc2cccc(CNC(=O)O[C@H]3CCOC3)c2)ccc1-c1cnco1,120.0,7,Clearance_Microsome_AZ,321,,VALID,123.95000000000002,0
CHEMBL2097971,COc1ccc2nc(C)cc(OCC(=O)Nc3ccccc3OC)c2c1,138.04,COc1ccc2nc(C)cc(OCC(=O)Nc3ccccc3OC)c2c1,3.5779200000000024,0,0.2,1,5,1,"{""number"": ""138.04"", ""relation"": ""="", ""status"": ""VALID""}",352.3900000000001,data/raw/tdc/clearance_microsome_az.tab,CHEMBL2097971,COc1ccc2nc(C)cc(OCC(=O)Nc3ccccc3OC)c2c1,138.04,6,Clearance_Microsome_AZ,322,,VALID,69.68,0
CHEMBL187857,CSc1nccc(Nc2cc(NC(=O)c3cc(F)cc(N4CCOCC4)c3)ccc2C)n1,83.0,CSc1nccc(Nc2cc(NC(=O)c3cc(F)cc(N4CCOCC4)c3)ccc2C)n1,4.478520000000003,0,0.2608695652173913,1,7,2,"{""number"": ""83.0"", ""relation"": ""="", ""status"": ""VALID""}",453.5430000000003,data/raw/tdc/clearance_microsome_az.tab,CHEMBL187857,CSc1nccc(Nc2cc(NC(=O)c3cc(F)cc(N4CCOCC4)c3)ccc2C)n1,83.0,6,Clearance_Microsome_AZ,323,,VALID,79.38000000000001,0
CHEMBL1082152,Cn1cc(C2=C(c3cccc(NCC(O)CO)c3)C(=O)NC2=O)c2cc(F)ccc21,29.0,Cn1cc(C2=C(c3cccc(NCC(O)CO)c3)C(=O)NC2=O)c2cc(F)ccc21,1.6496999999999997,0,0.18181818181818182,1,6,4,"{""number"": ""29.0"", ""relation"": ""="", ""status"": ""VALID""}",409.41700000000014,data/raw/tdc/clearance_microsome_az.tab,CHEMBL1082152,Cn1cc(C2=C(c3cccc(NCC(O)CO)c3)C(=O)NC2=O)c2cc(F)ccc21,29.0,6,Clearance_Microsome_AZ,324,,VALID,103.59,1
CHEMBL1929039,Cc1cc(F)ccc1-n1nc(C(F)(F)F)cc1-c1ccc2c(c1)NC(=O)CO2,14.45,Cc1cc(F)ccc1-n1nc(C(F)(F)F)cc1-c1ccc2c(c1)NC(=O)CO2,4.336520000000003,0,0.15789473684210525,1,4,1,"{""number"": ""14.45"", ""relation"": ""="", ""status"": ""VALID""}",391.3240000000001,data/raw/tdc/clearance_microsome_az.tab,CHEMBL1929039,Cc1cc(F)ccc1-n1nc(C(F)(F)F)cc1-c1ccc2c(c1)NC(=O)CO2,14.45,2,Clearance_Microsome_AZ,325,,VALID,56.150000000000006,0
CHEMBL1934269,Cc1ccc(S(=O)(=O)Nc2c(C(=O)N[C@@H](C)C(C)(C)C)c(C)nn2CC(F)(F)F)cc1,17.0,Cc1ccc(S(=O)(=O)Nc2c(C(=O)N[C@@H](C)C(C)(C)C)c(C)nn2CC(F)(F)F)cc1,4.027440000000004,0,0.5,1,5,2,"{""number"": ""17.0"", ""relation"": ""="", ""status"": ""VALID""}",460.52200000000016,data/raw/tdc/clearance_microsome_az.tab,CHEMBL1934269,Cc1ccc(S(=O)(=O)Nc2c(C(=O)N[C@@H](C)C(C)(C)C)c(C)nn2CC(F)(F)F)cc1,17.0,6,Clearance_Microsome_AZ,326,,VALID,93.09,0
CHEMBL1951918,CCN(C(=O)Cc1ccc(S(C)(=O)=O)cc1)C1CCN(CC[C@@H](c2cccc(C(F)(F)F)c2)C2CCN(S(C)(=O)=O)CC2)CC1,17.33,CCN(C(=O)Cc1ccc(S(C)(=O)=O)cc1)C1CCN(CC[C@@H](c2cccc(C(F)(F)F)c2)C2CCN(S(C)(=O)=O)CC2)CC1,4.8098000000000045,0,0.59375,1,6,0,"{""number"": ""17.33"", ""relation"": ""="", ""status"": ""VALID""}",671.848,data/raw/tdc/clearance_microsome_az.tab,CHEMBL1951918,CCN(C(=O)Cc1ccc(S(C)(=O)=O)cc1)C1CCN(CC[C@@H](c2cccc(C(F)(F)F)c2)C2CCN(S(C)(=O)=O)CC2)CC1,17.33,11,Clearance_Microsome_AZ,327,,VALID,95.07,0
CHEMBL1201391,CCC(C)(C)C(=O)O[C@H]1C[C@@H](C)C=C2C=C[C@H](C)[C@H](CC[C@@H](O)C[C@@H](O)CC(=O)O)[C@H]21,17.5,CCC(C)(C)C(=O)O[C@H]1C[C@@H](C)C=C2C=C[C@H](C)[C@H](CC[C@@H](O)C[C@@H](O)CC(=O)O)[C@H]21,4.105700000000003,0,0.76,1,5,3,"{""number"": ""17.5"", ""relation"": ""="", ""status"": ""VALID""}",436.5890000000002,data/raw/tdc/clearance_microsome_az.tab,CHEMBL1201391,CCC(C)(C)C(=O)O[C@H]1C[C@@H](C)C=C2C=C[C@H](C)[C@H](CC[C@@H](O)C[C@@H](O)CC(=O)O)[C@H]21,17.5,10,Clearance_Microsome_AZ,328,,VALID,104.06000000000002,0
CHEMBL1951032,COc1c(Nc2ccc(S(C)(=O)=O)nc2C)ncnc1OC1CCN(C(=O)OC(C)C)CC1,19.95,COc1c(Nc2ccc(S(C)(=O)=O)nc2C)ncnc1OC1CCN(C(=O)OC(C)C)CC1,2.7239200000000015,0,0.5238095238095238,1,10,1,"{""number"": ""19.95"", ""relation"": ""="", ""status"": ""VALID""}",479.5590000000003,data/raw/tdc/clearance_microsome_az.tab,CHEMBL1951032,COc1c(Nc2ccc(S(C)(=O)=O)nc2C)ncnc1OC1CCN(C(=O)OC(C)C)CC1,19.95,7,Clearance_Microsome_AZ,329,,VALID,132.83999999999997,0
CHEMBL1951902,CCN(C(=O)Cc1ccc(S(C)(=O)=O)cc1)C1CCN(CCC(c2ccccc2)N2CCC(C(C)=O)CC2)CC1,21.0,CCN(C(=O)Cc1ccc(S(C)(=O)=O)cc1)C1CCN(CCC(c2ccccc2)N2CCC(C(C)=O)CC2)CC1,4.377900000000004,0,0.5625,1,6,0,"{""number"": ""21.0"", ""relation"": ""="", ""status"": ""VALID""}",567.7960000000002,data/raw/tdc/clearance_microsome_az.tab,CHEMBL1951902,CCN(C(=O)Cc1ccc(S(C)(=O)=O)cc1)C1CCN(CCC(c2ccccc2)N2CCC(C(C)=O)CC2)CC1,21.0,11,Clearance_Microsome_AZ,330,,VALID,78.0,1
CHEMBL1789186,N#Cc1cc(F)c(Cl)cc1O[C@H](CCN)c1ccccc1,3.0,N#Cc1cc(F)c(Cl)cc1O[C@H](CCN)c1ccccc1,3.8196800000000017,0,0.1875,1,3,1,"{""number"": ""3.0"", ""relation"": ""="", ""status"": ""VALID""}",304.752,data/raw/tdc/clearance_microsome_az.tab,CHEMBL1789186,N#Cc1cc(F)c(Cl)cc1O[C@H](CCN)c1ccccc1,3.0,5,Clearance_Microsome_AZ,331,,VALID,59.03999999999999,0
CHEMBL2171034,O=C(NS(=O)(=O)c1ccc(F)cc1)N1CCC(N2CCC(Oc3ccc(Cl)c(Cl)c3)CC2)CC1,11.0,O=C(NS(=O)(=O)c1ccc(F)cc1)N1CCC(N2CCC(Oc3ccc(Cl)c(Cl)c3)CC2)CC1,4.538600000000004,0,0.43478260869565216,1,5,1,"{""number"": ""11.0"", ""relation"": ""="", ""status"": ""VALID""}",530.4490000000002,data/raw/tdc/clearance_microsome_az.tab,CHEMBL2171034,O=C(NS(=O)(=O)c1ccc(F)cc1)N1CCC(N2CCC(Oc3ccc(Cl)c(Cl)c3)CC2)CC1,11.0,5,Clearance_Microsome_AZ,332,,VALID,78.95,0
CHEMBL894,CC(NC(C)(C)C)C(=O)c1cccc(Cl)c1,12.02,CC(NC(C)(C)C)C(=O)c1cccc(Cl)c1,3.2993000000000023,0,0.46153846153846156,1,2,1,"{""number"": ""12.02"", ""relation"": ""="", ""status"": ""VALID""}",239.746,data/raw/tdc/clearance_microsome_az.tab,CHEMBL894,CC(NC(C)(C)C)C(=O)c1cccc(Cl)c1,12.02,3,Clearance_Microsome_AZ,333,,VALID,29.1,1
CHEMBL153064,CC(=O)c1cc2ccc(O)cc2oc1=O,28.18,CC(=O)c1cc2ccc(O)cc2oc1=O,1.7011999999999998,0,0.09090909090909091,1,4,1,"{""number"": ""28.18"", ""relation"": ""="", ""status"": ""VALID""}",204.18099999999995,data/raw/tdc/clearance_microsome_az.tab,CHEMBL153064,CC(=O)c1cc2ccc(O)cc2oc1=O,28.18,1,Clearance_Microsome_AZ,334,,VALID,67.50999999999999,0
CHEMBL33899,CC/C(=C(\c1ccccc1)c1ccc(/C=C/C(=O)O)cc1)c1ccccc1,31.62,CC/C(=C(\c1ccccc1)c1ccc(/C=C/C(=O)O)cc1)c1ccccc1,6.1535000000000055,0,0.08,1,1,1,"{""number"": ""31.62"", ""relation"": ""="", ""status"": ""VALID""}",354.449,data/raw/tdc/clearance_microsome_az.tab,CHEMBL33899,CC/C(=C(\c1ccccc1)c1ccc(/C=C/C(=O)O)cc1)c1ccccc1,31.62,6,Clearance_Microsome_AZ,335,,VALID,37.3,0
CHEMBL1924049,C[C@@](C(=O)O[C@H]1C[N+]2(CCc3ccccc3F)CCC1CC2)(c1ccccc1)N1CCCCC1,88.0,C[C@@](C(=O)O[C@H]1C[N+]2(CCc3ccccc3F)CCC1CC2)(c1ccccc1)N1CCCCC1,4.921700000000005,0,0.5517241379310345,1,3,0,"{""number"": ""88.0"", ""relation"": ""="", ""status"": ""VALID""}",465.6330000000004,data/raw/tdc/clearance_microsome_az.tab,CHEMBL1924049,C[C@@](C(=O)O[C@H]1C[N+]2(CCc3ccccc3F)CCC1CC2)(c1ccccc1)N1CCCCC1,88.0,7,Clearance_Microsome_AZ,336,,VALID,29.54,2
CHEMBL2171041,CN(C)c1ccccc1S(=O)(=O)NC(=O)N1CCC(N2CCC(Oc3ccc(Cl)c(Cl)c3)CC2)CC1,33.0,CN(C)c1ccccc1S(=O)(=O)NC(=O)N1CCC(N2CCC(Oc3ccc(Cl)c(Cl)c3)CC2)CC1,4.465500000000004,0,0.48,1,6,1,"{""number"": ""33.0"", ""relation"": ""="", ""status"": ""VALID""}",555.528,data/raw/tdc/clearance_microsome_az.tab,CHEMBL2171041,CN(C)c1ccccc1S(=O)(=O)NC(=O)N1CCC(N2CCC(Oc3ccc(Cl)c(Cl)c3)CC2)CC1,33.0,6,Clearance_Microsome_AZ,337,,VALID,82.19,0
CHEMBL17157,CC(C)(C)c1ccc(C(O)CCCN2CCC(C(O)(c3ccccc3)c3ccccc3)CC2)cc1,95.5,CC(C)(C)c1ccc(C(O)CCCN2CCC(C(O)(c3ccccc3)c3ccccc3)CC2)cc1,6.445800000000008,0,0.4375,1,3,2,"{""number"": ""95.5"", ""relation"": ""="", ""status"": ""VALID""}",471.6850000000001,data/raw/tdc/clearance_microsome_az.tab,CHEMBL17157,CC(C)(C)c1ccc(C(O)CCCN2CCC(C(O)(c3ccccc3)c3ccccc3)CC2)cc1,95.5,8,Clearance_Microsome_AZ,338,,VALID,43.7,1
CHEMBL1963462,C[C@@](C(=O)OC1CC[N+](C)(C)CC1)(c1ccccc1)C1CCCC1,35.0,C[C@@](C(=O)OC1CC[N+](C)(C)CC1)(c1ccccc1)C1CCCC1,3.9165000000000028,0,0.6666666666666666,1,2,0,"{""number"": ""35.0"", ""relation"": ""="", ""status"": ""VALID""}",330.4920000000002,data/raw/tdc/clearance_microsome_az.tab,CHEMBL1963462,C[C@@](C(=O)OC1CC[N+](C)(C)CC1)(c1ccccc1)C1CCCC1,35.0,4,Clearance_Microsome_AZ,339,,VALID,26.3,0
CHEMBL369274,CCCN(CCC)CCc1ccc(O)c(NC(C)=O)c1,36.0,CCCN(CCC)CCc1ccc(O)c(NC(C)=O)c1,3.0151000000000012,0,0.5625,1,3,2,"{""number"": ""36.0"", ""relation"": ""="", ""status"": ""VALID""}",278.396,data/raw/tdc/clearance_microsome_az.tab,CHEMBL369274,CCCN(CCC)CCc1ccc(O)c(NC(C)=O)c1,36.0,8,Clearance_Microsome_AZ,340,,VALID,52.57,0
CHEMBL1800659,CCCCN(CCNCCc1ccc(O)c2[nH]c(=O)sc12)C(=O)CCOCCc1ccccc1,141.0,CCCCN(CCNCCc1ccc(O)c2[nH]c(=O)sc12)C(=O)CCOCCc1ccccc1,3.705400000000002,0,0.46153846153846156,1,6,3,"{""number"": ""141.0"", ""relation"": ""="", ""status"": ""VALID""}",485.6500000000003,data/raw/tdc/clearance_microsome_az.tab,CHEMBL1800659,CCCCN(CCNCCc1ccc(O)c2[nH]c(=O)sc12)C(=O)CCOCCc1ccccc1,141.0,15,Clearance_Microsome_AZ,341,,VALID,94.66000000000001,0
CHEMBL1526762,Cc1cc(C)nc(SCC(N)=O)n1,3.0,Cc1cc(C)nc(SCC(N)=O)n1,0.67084,0,0.375,1,4,1,"{""number"": ""3.0"", ""relation"": ""="", ""status"": ""VALID""}",197.26299999999998,data/raw/tdc/clearance_microsome_az.tab,CHEMBL1526762,Cc1cc(C)nc(SCC(N)=O)n1,3.0,3,Clearance_Microsome_AZ,342,,VALID,68.87,0
CHEMBL1800528,COc1ccnc(CCc2nc3c(C)ccnc3[nH]2)c1,3.0,COc1ccnc(CCc2nc3c(C)ccnc3[nH]2)c1,2.45512,0,0.26666666666666666,1,4,1,"{""number"": ""3.0"", ""relation"": ""="", ""status"": ""VALID""}",268.32,data/raw/tdc/clearance_microsome_az.tab,CHEMBL1800528,COc1ccnc(CCc2nc3c(C)ccnc3[nH]2)c1,3.0,4,Clearance_Microsome_AZ,343,,VALID,63.690000000000005,0
CHEMBL364714,C[C@@H](C(N)=O)c1ccc(OS(=O)(=O)C(F)(F)F)cc1,3.0,C[C@@H](C(N)=O)c1ccc(OS(=O)(=O)C(F)(F)F)cc1,1.5038,0,0.3,1,4,1,"{""number"": ""3.0"", ""relation"": ""="", ""status"": ""VALID""}",297.25399999999996,data/raw/tdc/clearance_microsome_az.tab,CHEMBL364714,C[C@@H](C(N)=O)c1ccc(OS(=O)(=O)C(F)(F)F)cc1,3.0,4,Clearance_Microsome_AZ,344,,VALID,86.46000000000001,0
CHEMBL1778621,CS(=O)(=O)c1ccc(-c2cc(C(F)(F)F)ccc2OCC(=O)O)cc1,3.0,CS(=O)(=O)c1ccc(-c2cc(C(F)(F)F)ccc2OCC(=O)O)cc1,3.239300000000001,0,0.1875,1,4,1,"{""number"": ""3.0"", ""relation"": ""="", ""status"": ""VALID""}",374.3360000000001,data/raw/tdc/clearance_microsome_az.tab,CHEMBL1778621,CS(=O)(=O)c1ccc(-c2cc(C(F)(F)F)ccc2OCC(=O)O)cc1,3.0,5,Clearance_Microsome_AZ,345,,VALID,80.67,0
CHEMBL2325503,CS(=O)(=O)c1ccc(-c2nnc(/C=C/c3nnc(-c4ccc(C#N)cc4)o3)n2-c2ccccc2Cl)nc1,3.0,CS(=O)(=O)c1ccc(-c2nnc(/C=C/c3nnc(-c4ccc(C#N)cc4)o3)n2-c2ccccc2Cl)nc1,4.478280000000003,0,0.04,1,10,0,"{""number"": ""3.0"", ""relation"": ""="", ""status"": ""VALID""}",529.9690000000002,data/raw/tdc/clearance_microsome_az.tab,CHEMBL2325503,CS(=O)(=O)c1ccc(-c2nnc(/C=C/c3nnc(-c4ccc(C#N)cc4)o3)n2-c2ccccc2Cl)nc1,3.0,6,Clearance_Microsome_AZ,346,,VALID,140.45,0
CHEMBL2171040,COc1ccccc1S(=O)(=O)NC(=O)N1CCC(N2CCC(Oc3ccc(Cl)c(Cl)c3)CC2)CC1,3.0,COc1ccccc1S(=O)(=O)NC(=O)N1CCC(N2CCC(Oc3ccc(Cl)c(Cl)c3)CC2)CC1,4.408100000000004,0,0.4583333333333333,1,6,1,"{""number"": ""3.0"", ""relation"": ""="", ""status"": ""VALID""}",542.485,data/raw/tdc/clearance_microsome_az.tab,CHEMBL2171040,COc1ccccc1S(=O)(=O)NC(=O)N1CCC(N2CCC(Oc3ccc(Cl)c(Cl)c3)CC2)CC1,3.0,6,Clearance_Microsome_AZ,347,,VALID,88.17999999999999,0
CHEMBL1645494,CNC(=O)Cc1ccc2c(=O)cc(-c3cccnc3)[nH]c2c1,3.0,CNC(=O)Cc1ccc2c(=O)cc(-c3cccnc3)[nH]c2c1,1.8785999999999994,0,0.11764705882352941,1,3,2,"{""number"": ""3.0"", ""relation"": ""="", ""status"": ""VALID""}",293.326,data/raw/tdc/clearance_microsome_az.tab,CHEMBL1645494,CNC(=O)Cc1ccc2c(=O)cc(-c3cccnc3)[nH]c2c1,3.0,3,Clearance_Microsome_AZ,348,,VALID,74.85,0
CHEMBL2207283,Cc1c(Cl)ccc(OC2CCN(C[C@H](O)CNC(=O)c3c[nH]c(=O)c4ccc(S(C)(=O)=O)cc34)CC2)c1Cl,3.0,Cc1c(Cl)ccc(OC2CCN(C[C@H](O)CNC(=O)c3c[nH]c(=O)c4ccc(S(C)(=O)=O)cc34)CC2)c1Cl,3.1809200000000013,0,0.38461538461538464,1,7,3,"{""number"": ""3.0"", ""relation"": ""="", ""status"": ""VALID""}",582.5060000000001,data/raw/tdc/clearance_microsome_az.tab,CHEMBL2207283,Cc1c(Cl)ccc(OC2CCN(C[C@H](O)CNC(=O)c3c[nH]c(=O)c4ccc(S(C)(=O)=O)cc34)CC2)c1Cl,3.0,8,Clearance_Microsome_AZ,349,,VALID,128.79999999999998,0
CHEMBL1917438,Cc1c(Sc2ccc(Cl)cc2)c2c(-c3ccccc3)cccc2n1CC(=O)O,3.0,Cc1c(Sc2ccc(Cl)cc2)c2c(-c3ccccc3)cccc2n1CC(=O)O,6.505920000000005,0,0.08695652173913043,1,3,1,"{""number"": ""3.0"", ""relation"": ""="", ""status"": ""VALID""}",407.92200000000014,data/raw/tdc/clearance_microsome_az.tab,CHEMBL1917438,Cc1c(Sc2ccc(Cl)cc2)c2c(-c3ccccc3)cccc2n1CC(=O)O,3.0,5,Clearance_Microsome_AZ,350,,VALID,42.230000000000004,0
CHEMBL1164729,Cc1nc(-c2ccc(OCC(C)C)c(C#N)c2)sc1C(=O)O,3.0,Cc1nc(-c2ccc(OCC(C)C)c(C#N)c2)sc1C(=O)O,3.723200000000002,0,0.3125,1,5,1,"{""number"": ""3.0"", ""relation"": ""="", ""status"": ""VALID""}",316.382,data/raw/tdc/clearance_microsome_az.tab,CHEMBL1164729,Cc1nc(-c2ccc(OCC(C)C)c(C#N)c2)sc1C(=O)O,3.0,5,Clearance_Microsome_AZ,351,,VALID,83.21,0
CHEMBL213854,Cc1ccc2c(c1)c(-c1ccnc3c(F)cccc13)c(C)n2CC(=O)O,3.0,Cc1ccc2c(c1)c(-c1ccnc3c(F)cccc13)c(C)n2CC(=O)O,4.697040000000003,0,0.14285714285714285,1,3,1,"{""number"": ""3.0"", ""relation"": ""="", ""status"": ""VALID""}",348.3770000000001,data/raw/tdc/clearance_microsome_az.tab,CHEMBL213854,Cc1ccc2c(c1)c(-c1ccnc3c(F)cccc13)c(C)n2CC(=O)O,3.0,3,Clearance_Microsome_AZ,352,,VALID,55.120000000000005,0
CHEMBL257167,NC(=O)Nc1sc(-c2ccc(F)cc2)cc1C(N)=O,3.0,NC(=O)Nc1sc(-c2ccc(F)cc2)cc1C(N)=O,2.1437,0,0.0,1,3,3,"{""number"": ""3.0"", ""relation"": ""="", ""status"": ""VALID""}",279.29600000000005,data/raw/tdc/clearance_microsome_az.tab,CHEMBL257167,NC(=O)Nc1sc(-c2ccc(F)cc2)cc1C(N)=O,3.0,3,Clearance_Microsome_AZ,353,,VALID,98.21000000000001,0
CHEMBL1778633,Cc1cc(N(C)S(C)(=O)=O)ccc1-c1cc(C(F)(F)F)ccc1OCC(=O)O,3.0,Cc1cc(N(C)S(C)(=O)=O)ccc1-c1cc(C(F)(F)F)ccc1OCC(=O)O,3.540020000000002,0,0.2777777777777778,1,4,1,"{""number"": ""3.0"", ""relation"": ""="", ""status"": ""VALID""}",417.40500000000014,data/raw/tdc/clearance_microsome_az.tab,CHEMBL1778633,Cc1cc(N(C)S(C)(=O)=O)ccc1-c1cc(C(F)(F)F)ccc1OCC(=O)O,3.0,6,Clearance_Microsome_AZ,354,,VALID,83.91,0
CHEMBL2158779,O=C(O)[C@H](Cc1ccc(F)cc1)N1CCC(CN2CCC(Oc3ccc(Cl)cc3Cl)CC2)CC1,3.0,O=C(O)[C@H](Cc1ccc(F)cc1)N1CCC(CN2CCC(Oc3ccc(Cl)cc3Cl)CC2)CC1,5.383600000000006,0,0.5,1,4,1,"{""number"": ""3.0"", ""relation"": ""="", ""status"": ""VALID""}",509.4490000000004,data/raw/tdc/clearance_microsome_az.tab,CHEMBL2158779,O=C(O)[C@H](Cc1ccc(F)cc1)N1CCC(CN2CCC(Oc3ccc(Cl)cc3Cl)CC2)CC1,3.0,8,Clearance_Microsome_AZ,355,,VALID,53.010000000000005,0
CHEMBL594684,Cc1cc(NS(=O)(=O)c2ccc(Cl)cc2)no1,3.0,Cc1cc(NS(=O)(=O)c2ccc(Cl)cc2)no1,2.43722,0,0.1,1,4,1,"{""number"": ""3.0"", ""relation"": ""="", ""status"": ""VALID""}",272.713,data/raw/tdc/clearance_microsome_az.tab,CHEMBL594684,Cc1cc(NS(=O)(=O)c2ccc(Cl)cc2)no1,3.0,3,Clearance_Microsome_AZ,356,,VALID,72.2,0
CHEMBL1519272,O=C(NS(=O)(=O)c1ccccc1Cl)c1ccc[nH]1,3.0,O=C(NS(=O)(=O)c1ccccc1Cl)c1ccc[nH]1,1.7868,0,0.0,1,3,2,"{""number"": ""3.0"", ""relation"": ""="", ""status"": ""VALID""}",284.724,data/raw/tdc/clearance_microsome_az.tab,CHEMBL1519272,O=C(NS(=O)(=O)c1ccccc1Cl)c1ccc[nH]1,3.0,3,Clearance_Microsome_AZ,357,,VALID,79.03,0
CHEMBL1738764,Cc1ccc(CO)cc1N(c1ccnc(Nc2cc(N3CCOCC3)cc(S(C)(=O)=O)c2)n1)C(C)C,150.0,Cc1ccc(CO)cc1N(c1ccnc(Nc2cc(N3CCOCC3)cc(S(C)(=O)=O)c2)n1)C(C)C,3.807520000000003,0,0.38461538461538464,1,9,2,"{""number"": ""150.0"", ""relation"": ""="", ""status"": ""VALID""}",511.64800000000037,data/raw/tdc/clearance_microsome_az.tab,CHEMBL1738764,Cc1ccc(CO)cc1N(c1ccnc(Nc2cc(N3CCOCC3)cc(S(C)(=O)=O)c2)n1)C(C)C,150.0,8,Clearance_Microsome_AZ,358,,VALID,107.89,0
CHEMBL2098183,COc1ccc2nc(C)cc(OCC(=O)NCc3ccccc3)c2c1,150.0,COc1ccc2nc(C)cc(OCC(=O)NCc3ccccc3)c2c1,3.247020000000002,0,0.2,1,4,1,"{""number"": ""150.0"", ""relation"": ""="", ""status"": ""VALID""}",336.391,data/raw/tdc/clearance_microsome_az.tab,CHEMBL2098183,COc1ccc2nc(C)cc(OCC(=O)NCc3ccccc3)c2c1,150.0,6,Clearance_Microsome_AZ,359,,VALID,60.45,0
CHEMBL271023,[O-][S+](c1ccccc1)c1ccc2nnnn2n1,150.0,[O-][S+](c1ccccc1)c1ccc2nnnn2n1,0.6859999999999999,0,0.0,1,6,0,"{""number"": ""150.0"", ""relation"": ""="", ""status"": ""VALID""}",245.267,data/raw/tdc/clearance_microsome_az.tab,CHEMBL271023,[O-][S+](c1ccccc1)c1ccc2nnnn2n1,150.0,2,Clearance_Microsome_AZ,360,,VALID,79.03,1
CHEMBL1297,CC(C(=O)O)c1cccc(Oc2ccccc2)c1,10.23,CC(C(=O)O)c1cccc(Oc2ccccc2)c1,3.6670000000000016,0,0.13333333333333333,1,2,1,"{""number"": ""10.23"", ""relation"": ""="", ""status"": ""VALID""}",242.274,data/raw/tdc/clearance_microsome_az.tab,CHEMBL1297,CC(C(=O)O)c1cccc(Oc2ccccc2)c1,10.23,4,Clearance_Microsome_AZ,361,,VALID,46.53,1
CHEMBL70972,CC1=C(C)C(=O)C(C(CCCCCC(=O)O)c2ccccc2)=C(C)C1=O,3.0,CC1=C(C)C(=O)C(C(CCCCCC(=O)O)c2ccccc2)=C(C)C1=O,4.610000000000003,0,0.4090909090909091,1,3,1,"{""number"": ""3.0"", ""relation"": ""="", ""status"": ""VALID""}",354.446,data/raw/tdc/clearance_microsome_az.tab,CHEMBL70972,CC1=C(C)C(=O)C(C(CCCCCC(=O)O)c2ccccc2)=C(C)C1=O,3.0,8,Clearance_Microsome_AZ,362,,VALID,71.44,1
CHEMBL452273,COCCNCc1ccc(-c2cc(C(N)=O)c(NC(N)=O)s2)cc1,3.0,COCCNCc1ccc(-c2cc(C(N)=O)c(NC(N)=O)s2)cc1,1.7405999999999995,0,0.25,1,5,4,"{""number"": ""3.0"", ""relation"": ""="", ""status"": ""VALID""}",348.42800000000005,data/raw/tdc/clearance_microsome_az.tab,CHEMBL452273,COCCNCc1ccc(-c2cc(C(N)=O)c(NC(N)=O)s2)cc1,3.0,8,Clearance_Microsome_AZ,363,,VALID,119.47,0
CHEMBL1144,CC[C@H](C)C(=O)O[C@H]1C[C@H](O)C=C2C=C[C@H](C)[C@H](CC[C@@H](O)C[C@@H](O)CC(=O)O)[C@H]21,3.0,CC[C@H](C)C(=O)O[C@H]1C[C@H](O)C=C2C=C[C@H](C)[C@H](CC[C@@H](O)C[C@@H](O)CC(=O)O)[C@H]21,2.4404000000000003,0,0.7391304347826086,1,6,4,"{""number"": ""3.0"", ""relation"": ""="", ""status"": ""VALID""}",424.5340000000002,data/raw/tdc/clearance_microsome_az.tab,CHEMBL1144,CC[C@H](C)C(=O)O[C@H]1C[C@H](O)C=C2C=C[C@H](C)[C@H](CC[C@@H](O)C[C@@H](O)CC(=O)O)[C@H]21,3.0,10,Clearance_Microsome_AZ,364,,VALID,124.29,0
CHEMBL560423,O=C(NCC1(O)CCCCCC1)c1cc(-n2ncc(=O)[nH]c2=O)ccc1Cl,3.0,O=C(NCC1(O)CCCCCC1)c1cc(-n2ncc(=O)[nH]c2=O)ccc1Cl,1.3892999999999993,0,0.4444444444444444,1,6,3,"{""number"": ""3.0"", ""relation"": ""="", ""status"": ""VALID""}",392.8430000000001,data/raw/tdc/clearance_microsome_az.tab,CHEMBL560423,O=C(NCC1(O)CCCCCC1)c1cc(-n2ncc(=O)[nH]c2=O)ccc1Cl,3.0,4,Clearance_Microsome_AZ,365,,VALID,117.07999999999998,0
CHEMBL1689127,C[C@H]1CN(Cc2cc(Cl)ccc2OCC(=O)O)CCN1C(=O)Cc1ccc(F)cc1,3.0,C[C@H]1CN(Cc2cc(Cl)ccc2OCC(=O)O)CCN1C(=O)Cc1ccc(F)cc1,3.217900000000002,0,0.36363636363636365,1,4,1,"{""number"": ""3.0"", ""relation"": ""="", ""status"": ""VALID""}",434.8950000000002,data/raw/tdc/clearance_microsome_az.tab,CHEMBL1689127,C[C@H]1CN(Cc2cc(Cl)ccc2OCC(=O)O)CCN1C(=O)Cc1ccc(F)cc1,3.0,7,Clearance_Microsome_AZ,366,,VALID,70.08,0
CHEMBL210730,O=C(Nc1nc2ccccc2[nH]1)c1ccccc1,64.0,O=C(Nc1nc2ccccc2[nH]1)c1ccccc1,2.815200000000001,0,0.0,1,2,2,"{""number"": ""64.0"", ""relation"": ""="", ""status"": ""VALID""}",237.26200000000003,data/raw/tdc/clearance_microsome_az.tab,CHEMBL210730,O=C(Nc1nc2ccccc2[nH]1)c1ccccc1,64.0,2,Clearance_Microsome_AZ,367,,VALID,57.78,0
CHEMBL1299863,CCc1c(C)nc(SCC(=O)Nc2nc(-c3ccc(OC)cc3)cs2)nc1O,66.07,CCc1c(C)nc(SCC(=O)Nc2nc(-c3ccc(OC)cc3)cs2)nc1O,3.915920000000003,0,0.2631578947368421,1,8,2,"{""number"": ""66.07"", ""relation"": ""="", ""status"": ""VALID""}",416.5280000000001,data/raw/tdc/clearance_microsome_az.tab,CHEMBL1299863,CCc1c(C)nc(SCC(=O)Nc2nc(-c3ccc(OC)cc3)cs2)nc1O,66.07,7,Clearance_Microsome_AZ,368,,VALID,97.23,0
CHEMBL329785,Nc1nc2ccccc2s1,17.78,Nc1nc2ccccc2s1,1.8784999999999998,0,0.0,1,3,1,"{""number"": ""17.78"", ""relation"": ""="", ""status"": ""VALID""}",150.20599999999996,data/raw/tdc/clearance_microsome_az.tab,CHEMBL329785,Nc1nc2ccccc2s1,17.78,0,Clearance_Microsome_AZ,369,,VALID,38.91,0
CHEMBL201799,CCCCCSc1nc(O)c2sc(N)nc2n1,18.0,CCCCCSc1nc(O)c2sc(N)nc2n1,2.656400000000001,0,0.5,1,7,2,"{""number"": ""18.0"", ""relation"": ""="", ""status"": ""VALID""}",270.38300000000004,data/raw/tdc/clearance_microsome_az.tab,CHEMBL201799,CCCCCSc1nc(O)c2sc(N)nc2n1,18.0,5,Clearance_Microsome_AZ,370,,VALID,84.92,0
CHEMBL1420171,Cc1ccc2c(c1)c(Sc1ccccc1)c(CC(=O)O)n2C,3.0,Cc1ccc2c(c1)c(Sc1ccccc1)c(CC(=O)O)n2C,4.265020000000003,0,0.16666666666666666,1,3,1,"{""number"": ""3.0"", ""relation"": ""="", ""status"": ""VALID""}",311.40600000000006,data/raw/tdc/clearance_microsome_az.tab,CHEMBL1420171,Cc1ccc2c(c1)c(Sc1ccccc1)c(CC(=O)O)n2C,3.0,4,Clearance_Microsome_AZ,371,,VALID,42.23,0
CHEMBL1072,CCCCNc1cc(C(=O)O)cc(S(N)(=O)=O)c1Oc1ccccc1,4.0,CCCCNc1cc(C(=O)O)cc(S(N)(=O)=O)c1Oc1ccccc1,3.036500000000001,0,0.23529411764705882,1,5,3,"{""number"": ""4.0"", ""relation"": ""="", ""status"": ""VALID""}",364.42300000000006,data/raw/tdc/clearance_microsome_az.tab,CHEMBL1072,CCCCNc1cc(C(=O)O)cc(S(N)(=O)=O)c1Oc1ccccc1,4.0,8,Clearance_Microsome_AZ,372,,VALID,118.71999999999998,0
CHEMBL564535,CN(C)C[C@H](O)Cc1ccc(Cl)c(C(=O)NCC23CC4CC(CC(C4)C2)C3)c1,11.0,CN(C)C[C@H](O)Cc1ccc(Cl)c(C(=O)NCC23CC4CC(CC(C4)C2)C3)c1,3.7512000000000025,0,0.6956521739130435,1,3,2,"{""number"": ""11.0"", ""relation"": ""="", ""status"": ""VALID""}",404.9820000000003,data/raw/tdc/clearance_microsome_az.tab,CHEMBL564535,CN(C)C[C@H](O)Cc1ccc(Cl)c(C(=O)NCC23CC4CC(CC(C4)C2)C3)c1,11.0,7,Clearance_Microsome_AZ,373,,VALID,52.57,4
CHEMBL98345,O=C(NO)c1ccc(NS(=O)(=O)c2ccccc2)cc1,12.0,O=C(NO)c1ccc(NS(=O)(=O)c2ccccc2)cc1,1.6064000000000005,0,0.0,1,4,3,"{""number"": ""12.0"", ""relation"": ""="", ""status"": ""VALID""}",292.316,data/raw/tdc/clearance_microsome_az.tab,CHEMBL98345,O=C(NO)c1ccc(NS(=O)(=O)c2ccccc2)cc1,12.0,4,Clearance_Microsome_AZ,374,,VALID,95.5,0
CHEMBL1209915,COc1ccc(C2CC(c3ccc(Br)cc3)=NN2C(C)=O)cc1,12.3,COc1ccc(C2CC(c3ccc(Br)cc3)=NN2C(C)=O)cc1,4.155300000000004,0,0.2222222222222222,1,3,0,"{""number"": ""12.3"", ""relation"": ""="", ""status"": ""VALID""}",373.25000000000006,data/raw/tdc/clearance_microsome_az.tab,CHEMBL1209915,COc1ccc(C2CC(c3ccc(Br)cc3)=NN2C(C)=O)cc1,12.3,3,Clearance_Microsome_AZ,375,,VALID,41.9,1
CHEMBL2141746,CCCNC(=O)CSc1ccc(S(=O)(=O)N2CCCC2)cn1,12.59,CCCNC(=O)CSc1ccc(S(=O)(=O)N2CCCC2)cn1,1.4844,0,0.5714285714285714,1,5,1,"{""number"": ""12.59"", ""relation"": ""="", ""status"": ""VALID""}",343.47400000000016,data/raw/tdc/clearance_microsome_az.tab,CHEMBL2141746,CCCNC(=O)CSc1ccc(S(=O)(=O)N2CCCC2)cn1,12.59,7,Clearance_Microsome_AZ,376,,VALID,79.37,0
CHEMBL1916269,CCC(CC)NC(=O)c1cnn(C)c1NS(=O)(=O)c1ccc(C)cc1,13.0,CCC(CC)NC(=O)c1cnn(C)c1NS(=O)(=O)c1ccc(C)cc1,2.4477199999999995,0,0.4117647058823529,1,5,2,"{""number"": ""13.0"", ""relation"": ""="", ""status"": ""VALID""}",364.4710000000002,data/raw/tdc/clearance_microsome_az.tab,CHEMBL1916269,CCC(CC)NC(=O)c1cnn(C)c1NS(=O)(=O)c1ccc(C)cc1,13.0,7,Clearance_Microsome_AZ,377,,VALID,93.09,0
CHEMBL243978,c1cn(-c2ccc(Oc3nccc(Oc4ccc5c(c4)OCO5)n3)cc2)cn1,13.0,c1cn(-c2ccc(Oc3nccc(Oc4ccc5c(c4)OCO5)n3)cc2)cn1,3.9756000000000027,0,0.05,1,8,0,"{""number"": ""13.0"", ""relation"": ""="", ""status"": ""VALID""}",374.35600000000005,data/raw/tdc/clearance_microsome_az.tab,CHEMBL243978,c1cn(-c2ccc(Oc3nccc(Oc4ccc5c(c4)OCO5)n3)cc2)cn1,13.0,5,Clearance_Microsome_AZ,378,,VALID,80.52000000000001,0
CHEMBL2169920,O=C1COc2c(CCNCCN(C(=O)CCNCCc3ccc(Cl)c(Cl)c3)C3CCCCC3)ccc(O)c2N1,38.0,O=C1COc2c(CCNCCN(C(=O)CCNCCc3ccc(Cl)c(Cl)c3)C3CCCCC3)ccc(O)c2N1,4.5457000000000045,0,0.5172413793103449,1,6,4,"{""number"": ""38.0"", ""relation"": ""="", ""status"": ""VALID""}",577.5530000000003,data/raw/tdc/clearance_microsome_az.tab,CHEMBL2169920,O=C1COc2c(CCNCCN(C(=O)CCNCCc3ccc(Cl)c(Cl)c3)C3CCCCC3)ccc(O)c2N1,38.0,13,Clearance_Microsome_AZ,379,,VALID,102.93,0
CHEMBL365123,Cc1cn(Cc2ccccc2)c(=O)[nH]c1=O,20.0,Cc1cn(Cc2ccccc2)c(=O)[nH]c1=O,0.8933199999999999,0,0.16666666666666666,1,3,1,"{""number"": ""20.0"", ""relation"": ""="", ""status"": ""VALID""}",216.23999999999998,data/raw/tdc/clearance_microsome_az.tab,CHEMBL365123,Cc1cn(Cc2ccccc2)c(=O)[nH]c1=O,20.0,2,Clearance_Microsome_AZ,380,,VALID,54.86,0
CHEMBL787,CC(C)(O)c1ccccc1CC[C@@H](SCC1(CC(=O)O)CC1)c1cccc(/C=C/c2ccc3ccc(Cl)cc3n2)c1,30.0,CC(C)(O)c1ccccc1CC[C@@H](SCC1(CC(=O)O)CC1)c1cccc(/C=C/c2ccc3ccc(Cl)cc3n2)c1,8.948000000000002,0,0.3142857142857143,1,4,2,"{""number"": ""30.0"", ""relation"": ""="", ""status"": ""VALID""}",586.1970000000001,data/raw/tdc/clearance_microsome_az.tab,CHEMBL787,CC(C)(O)c1ccccc1CC[C@@H](SCC1(CC(=O)O)CC1)c1cccc(/C=C/c2ccc3ccc(Cl)cc3n2)c1,30.0,12,Clearance_Microsome_AZ,381,,VALID,70.42,0
CHEMBL1824832,CCOc1ccc(Oc2ccc(S(=O)(=O)NC(=O)c3cccc(-c4ccc(Cl)c(Cl)c4)c3)cc2)cc1,11.48,CCOc1ccc(Oc2ccc(S(=O)(=O)NC(=O)c3cccc(-c4ccc(Cl)c(Cl)c4)c3)cc2)cc1,6.970100000000005,0,0.07407407407407407,1,5,1,"{""number"": ""11.48"", ""relation"": ""="", ""status"": ""VALID""}",542.4400000000002,data/raw/tdc/clearance_microsome_az.tab,CHEMBL1824832,CCOc1ccc(Oc2ccc(S(=O)(=O)NC(=O)c3cccc(-c4ccc(Cl)c(Cl)c4)c3)cc2)cc1,11.48,8,Clearance_Microsome_AZ,382,,VALID,81.69999999999999,0
CHEMBL271703,C[C@H](CO)Nc1nc(SCc2cccc(F)c2F)nc2nc(N)cnc12,12.0,C[C@H](CO)Nc1nc(SCc2cccc(F)c2F)nc2nc(N)cnc12,2.3651999999999997,0,0.25,1,8,3,"{""number"": ""12.0"", ""relation"": ""="", ""status"": ""VALID""}",378.4080000000001,data/raw/tdc/clearance_microsome_az.tab,CHEMBL271703,C[C@H](CO)Nc1nc(SCc2cccc(F)c2F)nc2nc(N)cnc12,12.0,6,Clearance_Microsome_AZ,383,,VALID,109.84,0
CHEMBL1463345,C[C@]12CC[C@H]3[C@@H](C=CC4=CC(=O)CC[C@@]43C)[C@@H]1CC[C@@]21CCC(=O)O1,14.45,C[C@]12CCC(=O)C=C1C=C[C@@H]1[C@@H]2CC[C@@]2(C)[C@H]1CC[C@@]21CCC(=O)O1,4.370100000000003,0,0.7272727272727273,1,3,0,"{""number"": ""14.45"", ""relation"": ""="", ""status"": ""VALID""}",340.46300000000014,data/raw/tdc/clearance_microsome_az.tab,CHEMBL1463345,C[C@]12CC[C@H]3[C@@H](C=CC4=CC(=O)CC[C@@]43C)[C@@H]1CC[C@@]21CCC(=O)O1,14.45,0,Clearance_Microsome_AZ,384,,VALID,43.370000000000005,0
CHEMBL211175,CCN(C(=O)Cc1ccc(S(C)(=O)=O)cc1)C1CCN(CC[C@H](c2ccc(S(C)(=O)=O)cc2)c2cc(F)c(F)c(F)c2)CC1,18.0,CCN(C(=O)Cc1ccc(S(C)(=O)=O)cc1)C1CCN(CC[C@H](c2ccc(S(C)(=O)=O)cc2)c2cc(F)c(F)c(F)c2)CC1,4.9885000000000055,0,0.40625,1,6,0,"{""number"": ""18.0"", ""relation"": ""="", ""status"": ""VALID""}",650.7850000000003,data/raw/tdc/clearance_microsome_az.tab,CHEMBL211175,CCN(C(=O)Cc1ccc(S(C)(=O)=O)cc1)C1CCN(CC[C@H](c2ccc(S(C)(=O)=O)cc2)c2cc(F)c(F)c(F)c2)CC1,18.0,11,Clearance_Microsome_AZ,385,,VALID,91.83000000000001,0
CHEMBL1532611,Nc1ccc(OCCc2ccccc2)cc1,57.54,Nc1ccc(OCCc2ccccc2)cc1,2.8903000000000016,0,0.14285714285714285,1,2,1,"{""number"": ""57.54"", ""relation"": ""="", ""status"": ""VALID""}",213.28000000000006,data/raw/tdc/clearance_microsome_az.tab,CHEMBL1532611,Nc1ccc(OCCc2ccccc2)cc1,57.54,4,Clearance_Microsome_AZ,386,,VALID,35.25,0
CHEMBL1921942,C[C@@](C(=O)O[C@H]1C[N+]2(CC(=O)Nc3ccccc3)CCC1CC2)(c1ccccc1)N1CCCCC1,62.0,C[C@@](C(=O)O[C@H]1C[N+]2(CC(=O)Nc3ccccc3)CCC1CC2)(c1ccccc1)N1CCCCC1,4.178600000000003,0,0.5172413793103449,1,4,1,"{""number"": ""62.0"", ""relation"": ""="", ""status"": ""VALID""}",476.6410000000005,data/raw/tdc/clearance_microsome_az.tab,CHEMBL1921942,C[C@@](C(=O)O[C@H]1C[N+]2(CC(=O)Nc3ccccc3)CCC1CC2)(c1ccccc1)N1CCCCC1,62.0,7,Clearance_Microsome_AZ,387,,VALID,58.64000000000001,2
CHEMBL1945289,COc1ccc(CNCc2cccc(CCNC[C@H](O)c3ccc(O)c4[nH]c(=O)sc34)c2)cc1,62.0,COc1ccc(CNCc2cccc(CCNC[C@H](O)c3ccc(O)c4[nH]c(=O)sc34)c2)cc1,3.4593000000000016,0,0.2692307692307692,1,7,5,"{""number"": ""62.0"", ""relation"": ""="", ""status"": ""VALID""}",479.60200000000015,data/raw/tdc/clearance_microsome_az.tab,CHEMBL1945289,COc1ccc(CNCc2cccc(CCNC[C@H](O)c3ccc(O)c4[nH]c(=O)sc34)c2)cc1,62.0,11,Clearance_Microsome_AZ,388,,VALID,106.60999999999999,0
CHEMBL1489611,Cc1cc(C)cc(-c2nnc(SCC(=O)N3CCN(C(=O)c4ccco4)CC3)o2)c1,67.61,Cc1cc(C)cc(-c2nnc(SCC(=O)N3CCN(C(=O)c4ccco4)CC3)o2)c1,3.0231400000000015,0,0.3333333333333333,1,7,0,"{""number"": ""67.61"", ""relation"": ""="", ""status"": ""VALID""}",426.4980000000002,data/raw/tdc/clearance_microsome_az.tab,CHEMBL1489611,Cc1cc(C)cc(-c2nnc(SCC(=O)N3CCN(C(=O)c4ccco4)CC3)o2)c1,67.61,5,Clearance_Microsome_AZ,389,,VALID,92.68,0
CHEMBL2017291,COc1cc2c(cc1-c1c(C)noc1C)ncc1[nH]c(=O)n([C@H](C)c3ccccn3)c12,7.59,COc1cc2c(cc1-c1c(C)noc1C)ncc1[nH]c(=O)n([C@H](C)c3ccccn3)c12,4.162540000000002,0,0.21739130434782608,1,7,1,"{""number"": ""7.59"", ""relation"": ""="", ""status"": ""VALID""}",415.45300000000015,data/raw/tdc/clearance_microsome_az.tab,CHEMBL2017291,COc1cc2c(cc1-c1c(C)noc1C)ncc1[nH]c(=O)n([C@H](C)c3ccccn3)c12,7.59,4,Clearance_Microsome_AZ,390,,VALID,98.83,0
CHEMBL1537460,COc1ccccc1C(=O)Nc1ccc(Cc2ccncc2)cc1,7.0,COc1ccccc1C(=O)Nc1ccc(Cc2ccncc2)cc1,3.933300000000002,0,0.1,1,3,1,"{""number"": ""7.0"", ""relation"": ""="", ""status"": ""VALID""}",318.376,data/raw/tdc/clearance_microsome_az.tab,CHEMBL1537460,COc1ccccc1C(=O)Nc1ccc(Cc2ccncc2)cc1,7.0,5,Clearance_Microsome_AZ,391,,VALID,51.22,0
CHEMBL580,O=C1Nc2ccc(Cl)cc2C(c2ccccc2Cl)=NC1O,7.94,O=C1Nc2ccc(Cl)cc2C(c2ccccc2Cl)=NC1O,3.1013000000000015,0,0.06666666666666667,1,3,2,"{""number"": ""7.94"", ""relation"": ""="", ""status"": ""VALID""}",321.163,data/raw/tdc/clearance_microsome_az.tab,CHEMBL580,O=C1Nc2ccc(Cl)cc2C(c2ccccc2Cl)=NC1O,7.94,1,Clearance_Microsome_AZ,392,,VALID,61.69,1
CHEMBL1927707,O=C(CCc1ccccc1O)Nc1ccccc1,30.0,O=C(CCc1ccccc1O)Nc1ccccc1,2.9635000000000007,0,0.13333333333333333,1,2,2,"{""number"": ""30.0"", ""relation"": ""="", ""status"": ""VALID""}",241.29000000000002,data/raw/tdc/clearance_microsome_az.tab,CHEMBL1927707,O=C(CCc1ccccc1O)Nc1ccccc1,30.0,4,Clearance_Microsome_AZ,393,,VALID,49.33,0
CHEMBL359806,COc1ccc(OC)c(CNc2[nH]nc3cccc(Oc4ccccc4)c23)c1,11.0,COc1ccc(OC)c(CNc2[nH]nc3cccc(Oc4ccccc4)c23)c1,4.984500000000003,0,0.13636363636363635,1,5,2,"{""number"": ""11.0"", ""relation"": ""="", ""status"": ""VALID""}",375.4280000000001,data/raw/tdc/clearance_microsome_az.tab,CHEMBL359806,COc1ccc(OC)c(CNc2[nH]nc3cccc(Oc4ccccc4)c23)c1,11.0,7,Clearance_Microsome_AZ,394,,VALID,68.4,0
CHEMBL2062774,CCOc1noc2cc(OCCC3CCN(c4ccc(C)nn4)CC3)ccc12,30.2,CCOc1noc2cc(OCCC3CCN(c4ccc(C)nn4)CC3)ccc12,4.010420000000003,0,0.47619047619047616,1,7,0,"{""number"": ""30.2"", ""relation"": ""="", ""status"": ""VALID""}",382.4640000000001,data/raw/tdc/clearance_microsome_az.tab,CHEMBL2062774,CCOc1noc2cc(OCCC3CCN(c4ccc(C)nn4)CC3)ccc12,30.2,7,Clearance_Microsome_AZ,395,,VALID,73.51000000000002,0
CHEMBL2158829,O=C(O)COc1cccc(N2CCC(CN3CCC(Oc4ccc(Cl)c(Cl)c4)CC3)CC2)c1,12.0,O=C(O)COc1cccc(N2CCC(CN3CCC(Oc4ccc(Cl)c(Cl)c4)CC3)CC2)c1,5.216600000000006,0,0.48,1,5,1,"{""number"": ""12.0"", ""relation"": ""="", ""status"": ""VALID""}",493.43100000000027,data/raw/tdc/clearance_microsome_az.tab,CHEMBL2158829,O=C(O)COc1cccc(N2CCC(CN3CCC(Oc4ccc(Cl)c(Cl)c4)CC3)CC2)c1,12.0,8,Clearance_Microsome_AZ,396,,VALID,62.24000000000001,0
CHEMBL1739708,COc1ccc(-c2nc(N)s[n+]2-c2ccccc2)cc1,19.0,COc1ccc(-c2nc(N)s[n+]2-c2ccccc2)cc1,2.677600000000001,0,0.06666666666666667,1,4,1,"{""number"": ""19.0"", ""relation"": ""="", ""status"": ""VALID""}",284.36400000000003,data/raw/tdc/clearance_microsome_az.tab,CHEMBL1739708,COc1ccc(-c2nc(N)s[n+]2-c2ccccc2)cc1,19.0,3,Clearance_Microsome_AZ,397,,VALID,52.02,0
CHEMBL551360,O=C(CC12CC3CC(CC(C3)C1)C2)Nc1cccc2c(=O)n(C(CO)CO)ccc12,42.0,O=C(CC12CC3CC(CC(C3)C1)C2)Nc1cccc2c(=O)n(C(CO)CO)ccc12,3.0722000000000014,0,0.5833333333333334,1,5,3,"{""number"": ""42.0"", ""relation"": ""="", ""status"": ""VALID""}",410.5140000000002,data/raw/tdc/clearance_microsome_az.tab,CHEMBL551360,O=C(CC12CC3CC(CC(C3)C1)C2)Nc1cccc2c(=O)n(C(CO)CO)ccc12,42.0,6,Clearance_Microsome_AZ,398,,VALID,91.56,4
CHEMBL406852,COc1nc(N)nc2c1ncn2[C@@H]1O[C@H](CO)[C@@H](O)[C@H]1O,42.66,COc1nc(N)nc2c1ncn2[C@@H]1O[C@H](CO)[C@@H](O)[C@H]1O,-1.9713999999999994,0,0.5454545454545454,1,10,4,"{""number"": ""42.66"", ""relation"": ""="", ""status"": ""VALID""}",297.271,data/raw/tdc/clearance_microsome_az.tab,CHEMBL406852,COc1nc(N)nc2c1ncn2[C@@H]1O[C@H](CO)[C@@H](O)[C@H]1O,42.66,3,Clearance_Microsome_AZ,399,,VALID,148.76999999999998,0
CHEMBL1945290,CCOc1ccccc1CNCc1cccc(CCNC[C@H](O)c2ccc(O)c3[nH]c(=O)sc23)c1,44.0,CCOc1ccccc1CNCc1cccc(CCNC[C@H](O)c2ccc(O)c3[nH]c(=O)sc23)c1,3.849400000000002,0,0.2962962962962963,1,7,5,"{""number"": ""44.0"", ""relation"": ""="", ""status"": ""VALID""}",493.62900000000013,data/raw/tdc/clearance_microsome_az.tab,CHEMBL1945290,CCOc1ccccc1CNCc1cccc(CCNC[C@H](O)c2ccc(O)c3[nH]c(=O)sc23)c1,44.0,12,Clearance_Microsome_AZ,400,,VALID,106.60999999999999,0
CHEMBL841,CN(C)C(=O)C(CCN1CCC(O)(c2ccc(Cl)cc2)CC1)(c1ccccc1)c1ccccc1,45.71,CN(C)C(=O)C(CCN1CCC(O)(c2ccc(Cl)cc2)CC1)(c1ccccc1)c1ccccc1,5.088000000000005,0,0.3448275862068966,1,3,1,"{""number"": ""45.71"", ""relation"": ""="", ""status"": ""VALID""}",477.0480000000002,data/raw/tdc/clearance_microsome_az.tab,CHEMBL841,CN(C)C(=O)C(CCN1CCC(O)(c2ccc(Cl)cc2)CC1)(c1ccccc1)c1ccccc1,45.71,7,Clearance_Microsome_AZ,401,,VALID,43.78,0
CHEMBL1916082,CCC(CC)NC(=O)c1cnn(-c2ccccc2)c1NS(=O)(=O)c1ccc(C)cc1,54.5,CCC(CC)NC(=O)c1cnn(-c2ccccc2)c1NS(=O)(=O)c1ccc(C)cc1,3.8999200000000025,0,0.2727272727272727,1,5,2,"{""number"": ""54.5"", ""relation"": ""="", ""status"": ""VALID""}",426.5420000000002,data/raw/tdc/clearance_microsome_az.tab,CHEMBL1916082,CCC(CC)NC(=O)c1cnn(-c2ccccc2)c1NS(=O)(=O)c1ccc(C)cc1,54.5,8,Clearance_Microsome_AZ,402,,VALID,93.09,0
CHEMBL1916277,Cc1ccc(S(=O)(=O)Nc2c(C(=O)NC3CCCCC3C)c(C)nn2-c2ccccc2)cc1,58.0,Cc1ccc(S(=O)(=O)Nc2c(C(=O)NC3CCCCC3C)c(C)nn2-c2ccccc2)cc1,4.5984400000000045,0,0.36,1,5,2,"{""number"": ""58.0"", ""relation"": ""="", ""status"": ""VALID""}",466.6070000000002,data/raw/tdc/clearance_microsome_az.tab,CHEMBL1916277,Cc1ccc(S(=O)(=O)Nc2c(C(=O)NC3CCCCC3C)c(C)nn2-c2ccccc2)cc1,58.0,6,Clearance_Microsome_AZ,403,,VALID,93.09,2
CHEMBL2181753,CCN(Cc1cc(C(F)(F)F)ccc1-c1cc(CC(=O)O)ccc1OC)C(=O)NCc1ccccc1,67.61,CCN(Cc1cc(C(F)(F)F)ccc1-c1cc(CC(=O)O)ccc1OC)C(=O)NCc1ccccc1,5.739800000000004,0,0.25925925925925924,1,3,2,"{""number"": ""67.61"", ""relation"": ""="", ""status"": ""VALID""}",500.5170000000002,data/raw/tdc/clearance_microsome_az.tab,CHEMBL2181753,CCN(Cc1cc(C(F)(F)F)ccc1-c1cc(CC(=O)O)ccc1OC)C(=O)NCc1ccccc1,67.61,9,Clearance_Microsome_AZ,404,,VALID,78.87,0
CHEMBL1689112,O=C(O)COc1ccc(C(F)(F)F)cc1CN1CCN(C(=O)c2ccccc2)CC1,4.7,O=C(O)COc1ccc(C(F)(F)F)cc1CN1CCN(C(=O)c2ccccc2)CC1,3.126800000000002,0,0.3333333333333333,1,4,1,"{""number"": ""4.7"", ""relation"": ""="", ""status"": ""VALID""}",422.4030000000002,data/raw/tdc/clearance_microsome_az.tab,CHEMBL1689112,O=C(O)COc1ccc(C(F)(F)F)cc1CN1CCN(C(=O)c2ccccc2)CC1,4.7,6,Clearance_Microsome_AZ,405,,VALID,70.08000000000001,0
CHEMBL193240,O=C(Nc1c(Cl)cncc1Cl)c1ccc(OC(F)F)c(OCC2CC2)c1,5.0,O=C(Nc1c(Cl)cncc1Cl)c1ccc(OC(F)F)c(OCC2CC2)c1,5.030900000000003,0,0.29411764705882354,1,4,1,"{""number"": ""5.0"", ""relation"": ""="", ""status"": ""VALID""}",403.21200000000016,data/raw/tdc/clearance_microsome_az.tab,CHEMBL193240,O=C(Nc1c(Cl)cncc1Cl)c1ccc(OC(F)F)c(OCC2CC2)c1,5.0,7,Clearance_Microsome_AZ,406,,VALID,60.45,0
CHEMBL1934420,Cc1ccc(S(=O)(=O)Nc2c(C(=O)N[C@@H](C)C(C)(C)C)c(C)nn2C2CCN(C)CC2)cc1,5.0,Cc1ccc(S(=O)(=O)Nc2c(C(=O)N[C@@H](C)C(C)(C)C)c(C)nn2C2CCN(C)CC2)cc1,3.7318400000000027,0,0.5833333333333334,1,6,2,"{""number"": ""5.0"", ""relation"": ""="", ""status"": ""VALID""}",475.65900000000033,data/raw/tdc/clearance_microsome_az.tab,CHEMBL1934420,Cc1ccc(S(=O)(=O)Nc2c(C(=O)N[C@@H](C)C(C)(C)C)c(C)nn2C2CCN(C)CC2)cc1,5.0,6,Clearance_Microsome_AZ,407,,VALID,96.33,0
CHEMBL1078685,N#Cc1cc(-c2n[nH]c(-c3ccncc3)n2)ccn1,5.0,N#Cc1cc(-c2n[nH]c(-c3ccncc3)n2)ccn1,1.8003799999999996,0,0.0,1,5,1,"{""number"": ""5.0"", ""relation"": ""="", ""status"": ""VALID""}",248.24900000000005,data/raw/tdc/clearance_microsome_az.tab,CHEMBL1078685,N#Cc1cc(-c2n[nH]c(-c3ccncc3)n2)ccn1,5.0,2,Clearance_Microsome_AZ,408,,VALID,91.14,0
CHEMBL1163803,CCN(C(=O)NCc1c(F)cccc1F)C1CCN(CCC(c2ccccc2)c2ccccc2)CC1,6.0,CCN(C(=O)NCc1c(F)cccc1F)C1CCN(CCC(c2ccccc2)c2ccccc2)CC1,6.182900000000006,0,0.36666666666666664,1,2,1,"{""number"": ""6.0"", ""relation"": ""="", ""status"": ""VALID""}",491.62600000000026,data/raw/tdc/clearance_microsome_az.tab,CHEMBL1163803,CCN(C(=O)NCc1c(F)cccc1F)C1CCN(CCC(c2ccccc2)c2ccccc2)CC1,6.0,9,Clearance_Microsome_AZ,409,,VALID,35.580000000000005,0
CHEMBL2041980,CS(=O)(=O)c1ccc(-c2cnc(N)c(-c3ccc(C(F)(F)F)nc3)c2)cc1,6.17,CS(=O)(=O)c1ccc(-c2cnc(N)c(-c3ccc(C(F)(F)F)nc3)c2)cc1,3.815100000000002,0,0.1111111111111111,1,5,1,"{""number"": ""6.17"", ""relation"": ""="", ""status"": ""VALID""}",393.39000000000004,data/raw/tdc/clearance_microsome_az.tab,CHEMBL2041980,CS(=O)(=O)c1ccc(-c2cnc(N)c(-c3ccc(C(F)(F)F)nc3)c2)cc1,6.17,3,Clearance_Microsome_AZ,410,,VALID,85.94,0
CHEMBL318021,CC(CCc1cccc(OCc2ccc3ccccc3n2)c1)CC(=O)O,6.17,CC(CCc1cccc(OCc2ccc3ccccc3n2)c1)CC(=O)O,4.857200000000004,0,0.2727272727272727,1,3,1,"{""number"": ""6.17"", ""relation"": ""="", ""status"": ""VALID""}",349.4300000000001,data/raw/tdc/clearance_microsome_az.tab,CHEMBL318021,CC(CCc1cccc(OCc2ccc3ccccc3n2)c1)CC(=O)O,6.17,8,Clearance_Microsome_AZ,411,,VALID,59.42,1
CHEMBL1962788,O=c1c2c3n(c(=O)cc2[nH]n1-c1ccccc1Cl)CCCN(Cc1ccccc1)C3,32.36,O=c1c2c3n(c(=O)cc2[nH]n1-c1ccccc1Cl)CCCN(Cc1ccccc1)C3,3.5398000000000023,0,0.21739130434782608,1,5,1,"{""number"": ""32.36"", ""relation"": ""="", ""status"": ""VALID""}",420.9000000000003,data/raw/tdc/clearance_microsome_az.tab,CHEMBL1962788,O=c1c2c3n(c(=O)cc2[nH]n1-c1ccccc1Cl)CCCN(Cc1ccccc1)C3,32.36,3,Clearance_Microsome_AZ,412,,VALID,63.03,0
CHEMBL1164184,O=C(Nc1ncc(F)s1)C(CC1CCOCC1)c1ccc(S(=O)(=O)C2CC2)cc1,33.11,O=C(Nc1ncc(F)s1)C(CC1CCOCC1)c1ccc(S(=O)(=O)C2CC2)cc1,3.7573000000000025,0,0.5,1,6,1,"{""number"": ""33.11"", ""relation"": ""="", ""status"": ""VALID""}",438.54600000000016,data/raw/tdc/clearance_microsome_az.tab,CHEMBL1164184,O=C(Nc1ncc(F)s1)C(CC1CCOCC1)c1ccc(S(=O)(=O)C2CC2)cc1,33.11,7,Clearance_Microsome_AZ,413,,VALID,85.35999999999999,1
CHEMBL1800472,CN(CCNC[C@H](O)c1ccc(O)c2[nH]c(=O)sc12)C(=O)CCOCCc1ccccc1,35.0,CN(CCNC[C@H](O)c1ccc(O)c2[nH]c(=O)sc12)C(=O)CCOCCc1ccccc1,2.026,0,0.391304347826087,1,7,4,"{""number"": ""35.0"", ""relation"": ""="", ""status"": ""VALID""}",459.5680000000003,data/raw/tdc/clearance_microsome_az.tab,CHEMBL1800472,CN(CCNC[C@H](O)c1ccc(O)c2[nH]c(=O)sc12)C(=O)CCOCCc1ccccc1,35.0,12,Clearance_Microsome_AZ,414,,VALID,114.89,0
CHEMBL2031225,COc1cccc(C(=O)Nc2ccc(C)c(-n3cnc4ccc(N5CCN(C)CC5)cc4c3=O)c2)c1,16.0,COc1cccc(C(=O)Nc2ccc(C)c(-n3cnc4ccc(N5CCN(C)CC5)cc4c3=O)c2)c1,3.7068200000000022,0,0.25,1,7,1,"{""number"": ""16.0"", ""relation"": ""="", ""status"": ""VALID""}",483.57200000000034,data/raw/tdc/clearance_microsome_az.tab,CHEMBL2031225,COc1cccc(C(=O)Nc2ccc(C)c(-n3cnc4ccc(N5CCN(C)CC5)cc4c3=O)c2)c1,16.0,5,Clearance_Microsome_AZ,415,,VALID,79.7,0
CHEMBL1608462,Cc1cc(C)c(CNC(=O)c2cc(C3CC3)nc3c2cnn3C(C)C)c(O)n1,97.72,Cc1cc(C)c(CNC(=O)c2cc(C3CC3)nc3c2cnn3C(C)C)c(O)n1,3.5370400000000024,0,0.42857142857142855,1,6,2,"{""number"": ""97.72"", ""relation"": ""="", ""status"": ""VALID""}",379.46400000000006,data/raw/tdc/clearance_microsome_az.tab,CHEMBL1608462,Cc1cc(C)c(CNC(=O)c2cc(C3CC3)nc3c2cnn3C(C)C)c(O)n1,97.72,5,Clearance_Microsome_AZ,416,,VALID,92.93,0
CHEMBL2207661,O=C(NC[C@@H](O)CN1CCC(Oc2ccc(Cl)c(Cl)c2)CC1)c1c[nH]nc1C1CC1,9.0,O=C(NC[C@@H](O)CN1CCC(Oc2ccc(Cl)c(Cl)c2)CC1)c1c[nH]nc1C1CC1,3.2280000000000006,0,0.5238095238095238,1,5,3,"{""number"": ""9.0"", ""relation"": ""="", ""status"": ""VALID""}",453.3700000000003,data/raw/tdc/clearance_microsome_az.tab,CHEMBL2207661,O=C(NC[C@@H](O)CN1CCC(Oc2ccc(Cl)c(Cl)c2)CC1)c1c[nH]nc1C1CC1,9.0,8,Clearance_Microsome_AZ,417,,VALID,90.48,0
CHEMBL1956112,CN1CCC[C@H]1CCN1CCCc2cc(NC(=N)c3cccs3)ccc21,9.33,CN1CCC[C@H]1CCN1CCCc2cc(NC(=N)c3cccs3)ccc21,4.422470000000003,0,0.47619047619047616,1,4,2,"{""number"": ""9.33"", ""relation"": ""="", ""status"": ""VALID""}",368.55000000000007,data/raw/tdc/clearance_microsome_az.tab,CHEMBL1956112,CN1CCC[C@H]1CCN1CCCc2cc(NC(=N)c3cccs3)ccc21,9.33,5,Clearance_Microsome_AZ,418,,VALID,42.36,1
CHEMBL323776,CN(CCNCCc1ccc(O)c2nc(O)sc12)C(=O)CCOCCc1ccccc1,35.0,CN(CCNCCc1ccc(O)c2nc(O)sc12)C(=O)CCOCCc1ccccc1,2.947400000000001,0,0.391304347826087,1,7,3,"{""number"": ""35.0"", ""relation"": ""="", ""status"": ""VALID""}",443.5690000000003,data/raw/tdc/clearance_microsome_az.tab,CHEMBL323776,CN(CCNCCc1ccc(O)c2nc(O)sc12)C(=O)CCOCCc1ccccc1,35.0,12,Clearance_Microsome_AZ,419,,VALID,94.92,0
CHEMBL1945044,COc1cccc(CNCc2cccc(CCNC[C@H](O)c3ccc(O)c4[nH]c(=O)sc34)c2)c1,35.0,COc1cccc(CNCc2cccc(CCNC[C@H](O)c3ccc(O)c4[nH]c(=O)sc34)c2)c1,3.4593000000000007,0,0.2692307692307692,1,7,5,"{""number"": ""35.0"", ""relation"": ""="", ""status"": ""VALID""}",479.60200000000015,data/raw/tdc/clearance_microsome_az.tab,CHEMBL1945044,COc1cccc(CNCc2cccc(CCNC[C@H](O)c3ccc(O)c4[nH]c(=O)sc34)c2)c1,35.0,11,Clearance_Microsome_AZ,420,,VALID,106.60999999999999,0
CHEMBL833,Clc1ccccc1CN1CCc2sccc2C1,35.0,Clc1ccccc1CN1CCc2sccc2C1,3.959800000000002,0,0.2857142857142857,1,2,0,"{""number"": ""35.0"", ""relation"": ""="", ""status"": ""VALID""}",263.793,data/raw/tdc/clearance_microsome_az.tab,CHEMBL833,Clc1ccccc1CN1CCc2sccc2C1,35.0,2,Clearance_Microsome_AZ,421,,VALID,3.24,0
CHEMBL2181928,C[C@@H]1CN(c2ccc3c(n2)NC(=O)CO3)[C@H](c2ccccc2)CO1,11.75,C[C@@H]1CN(c2ccc3c(n2)NC(=O)CO3)[C@H](c2ccccc2)CO1,2.3789000000000007,0,0.3333333333333333,1,5,1,"{""number"": ""11.75"", ""relation"": ""="", ""status"": ""VALID""}",325.36800000000005,data/raw/tdc/clearance_microsome_az.tab,CHEMBL2181928,C[C@@H]1CN(c2ccc3c(n2)NC(=O)CO3)[C@H](c2ccccc2)CO1,11.75,2,Clearance_Microsome_AZ,422,,VALID,63.69000000000001,0
CHEMBL129982,Nc1ccc(Cl)c(C(=O)NCC23CC4CC(CC(C4)C2)C3)c1,19.0,Nc1ccc(Cl)c(C(=O)NCC23CC4CC(CC(C4)C2)C3)c1,3.868400000000003,0,0.6111111111111112,1,2,2,"{""number"": ""19.0"", ""relation"": ""="", ""status"": ""VALID""}",318.8480000000001,data/raw/tdc/clearance_microsome_az.tab,CHEMBL129982,Nc1ccc(Cl)c(C(=O)NCC23CC4CC(CC(C4)C2)C3)c1,19.0,3,Clearance_Microsome_AZ,423,,VALID,55.120000000000005,4
CHEMBL360106,CCN(C(=O)Cc1ccc([N+](=O)[O-])cc1)C1CCN(CCC(c2ccccc2)c2ccccc2)CC1,13.0,CCN(C(=O)Cc1ccc([N+](=O)[O-])cc1)C1CCN(CCC(c2ccccc2)c2ccccc2)CC1,5.672400000000006,0,0.36666666666666664,1,4,0,"{""number"": ""13.0"", ""relation"": ""="", ""status"": ""VALID""}",485.6280000000002,data/raw/tdc/clearance_microsome_az.tab,CHEMBL360106,CCN(C(=O)Cc1ccc([N+](=O)[O-])cc1)C1CCN(CCC(c2ccccc2)c2ccccc2)CC1,13.0,10,Clearance_Microsome_AZ,424,,VALID,66.69,0
CHEMBL2170994,Nc1ncnc2c1ncn2[C@@H]1O[C@H](CSCCCNC(=O)Nc2ccc(Cl)cc2)[C@@H](O)[C@H]1O,21.38,Nc1ncnc2c1ncn2[C@@H]1O[C@H](CSCCCNC(=O)Nc2ccc(Cl)cc2)[C@@H](O)[C@H]1O,1.6260999999999994,0,0.4,1,10,5,"{""number"": ""21.38"", ""relation"": ""="", ""status"": ""VALID""}",493.9770000000001,data/raw/tdc/clearance_microsome_az.tab,CHEMBL2170994,Nc1ncnc2c1ncn2[C@@H]1O[C@H](CSCCCNC(=O)Nc2ccc(Cl)cc2)[C@@H](O)[C@H]1O,21.38,8,Clearance_Microsome_AZ,425,,VALID,160.44,0
CHEMBL1924032,CC(C(=O)OC1CC[N+](C)(C)CC1)(c1ccccc1)N1CCC(F)(F)CC1,41.0,CC(C(=O)OC1CC[N+](C)(C)CC1)(c1ccccc1)N1CCC(F)(F)CC1,3.414900000000002,0,0.6666666666666666,1,3,0,"{""number"": ""41.0"", ""relation"": ""="", ""status"": ""VALID""}",381.4870000000002,data/raw/tdc/clearance_microsome_az.tab,CHEMBL1924032,CC(C(=O)OC1CC[N+](C)(C)CC1)(c1ccccc1)N1CCC(F)(F)CC1,41.0,4,Clearance_Microsome_AZ,426,,VALID,29.54,1
CHEMBL1596896,Cc1cccc(NC(=O)Nc2cccc3ccccc23)c1,70.79,Cc1cccc(NC(=O)Nc2cccc3ccccc23)c1,4.792220000000003,0,0.05555555555555555,1,1,2,"{""number"": ""70.79"", ""relation"": ""="", ""status"": ""VALID""}",276.33900000000006,data/raw/tdc/clearance_microsome_az.tab,CHEMBL1596896,Cc1cccc(NC(=O)Nc2cccc3ccccc23)c1,70.79,2,Clearance_Microsome_AZ,427,,VALID,41.13,0
CHEMBL1921925,C[C@@](C(=O)O[C@H]1C[N+]2(CCCc3cc4ccccc4s3)CCC1CC2)(c1ccccc1)N1CCCCC1,72.0,C[C@@](C(=O)O[C@H]1C[N+]2(CCCc3cc4ccccc4s3)CCC1CC2)(c1ccccc1)N1CCCCC1,6.387400000000007,0,0.53125,1,4,0,"{""number"": ""72.0"", ""relation"": ""="", ""status"": ""VALID""}",517.7590000000004,data/raw/tdc/clearance_microsome_az.tab,CHEMBL1921925,C[C@@](C(=O)O[C@H]1C[N+]2(CCCc3cc4ccccc4s3)CCC1CC2)(c1ccccc1)N1CCCCC1,72.0,8,Clearance_Microsome_AZ,428,,VALID,29.54,2
CHEMBL1302675,CCn1c(SCC(=O)Nc2cc(C)on2)nnc1-c1ccccc1,32.36,CCn1c(SCC(=O)Nc2cc(C)on2)nnc1-c1ccccc1,2.9922200000000014,0,0.25,1,7,1,"{""number"": ""32.36"", ""relation"": ""="", ""status"": ""VALID""}",343.4120000000001,data/raw/tdc/clearance_microsome_az.tab,CHEMBL1302675,CCn1c(SCC(=O)Nc2cc(C)on2)nnc1-c1ccccc1,32.36,6,Clearance_Microsome_AZ,429,,VALID,85.84,0
CHEMBL1807871,O=c1[nH]c2c(O)ccc([C@@H](O)CNCCCSCCNCCc3cccc(Cl)c3Cl)c2s1,35.0,O=c1[nH]c2c(O)ccc([C@@H](O)CNCCCSCCNCCc3cccc(Cl)c3Cl)c2s1,4.180600000000003,0,0.4090909090909091,1,7,5,"{""number"": ""35.0"", ""relation"": ""="", ""status"": ""VALID""}",516.5160000000002,data/raw/tdc/clearance_microsome_az.tab,CHEMBL1807871,O=c1[nH]c2c(O)ccc([C@@H](O)CNCCCSCCNCCc3cccc(Cl)c3Cl)c2s1,35.0,13,Clearance_Microsome_AZ,430,,VALID,97.38000000000001,0
CHEMBL2346975,CC(=O)N1CCN(CCOc2ccc(C3(O)CCN(c4ccc5nnc(C(F)(F)F)n5n4)CC3)cc2)CC1,89.13,CC(=O)N1CCN(CCOc2ccc(C3(O)CCN(c4ccc5nnc(C(F)(F)F)n5n4)CC3)cc2)CC1,2.1739999999999995,0,0.52,1,9,1,"{""number"": ""89.13"", ""relation"": ""="", ""status"": ""VALID""}",533.5550000000001,data/raw/tdc/clearance_microsome_az.tab,CHEMBL2346975,CC(=O)N1CCN(CCOc2ccc(C3(O)CCN(c4ccc5nnc(C(F)(F)F)n5n4)CC3)cc2)CC1,89.13,6,Clearance_Microsome_AZ,431,,VALID,99.33000000000001,0
CHEMBL469728,COc1ccc(N(C(=O)c2occc2Cl)C(C(=O)NC[C@@H](C)O)c2ccccc2F)c(OC)c1,145.0,COc1ccc(N(C(=O)c2occc2Cl)C(C(=O)NC[C@@H](C)O)c2ccccc2F)c(OC)c1,3.974400000000003,0,0.25,1,6,2,"{""number"": ""145.0"", ""relation"": ""="", ""status"": ""VALID""}",490.9150000000002,data/raw/tdc/clearance_microsome_az.tab,CHEMBL469728,COc1ccc(N(C(=O)c2occc2Cl)C(C(=O)NC[C@@H](C)O)c2ccccc2F)c(OC)c1,145.0,9,Clearance_Microsome_AZ,432,,VALID,101.24000000000001,1
CHEMBL518924,NCCCCN(Cc1nc2ccccc2[nH]1)[C@H]1CCCc2cccnc21,46.0,NCCCCN(Cc1nc2ccccc2[nH]1)[C@H]1CCCc2cccnc21,3.5764000000000022,0,0.42857142857142855,1,4,2,"{""number"": ""46.0"", ""relation"": ""="", ""status"": ""VALID""}",349.4820000000002,data/raw/tdc/clearance_microsome_az.tab,CHEMBL518924,NCCCCN(Cc1nc2ccccc2[nH]1)[C@H]1CCCc2cccnc21,46.0,7,Clearance_Microsome_AZ,433,,VALID,70.83,0
CHEMBL855,Cc1ccc(/C(=C\CN2CCCC2)c2ccccn2)cc1,8.0,Cc1ccc(/C(=C\CN2CCCC2)c2ccccn2)cc1,3.917520000000003,0,0.3157894736842105,1,2,0,"{""number"": ""8.0"", ""relation"": ""="", ""status"": ""VALID""}",278.399,data/raw/tdc/clearance_microsome_az.tab,CHEMBL855,Cc1ccc(/C(=C\CN2CCCC2)c2ccccn2)cc1,8.0,4,Clearance_Microsome_AZ,434,,VALID,16.130000000000003,0
CHEMBL1945035,O=c1[nH]c2c(O)ccc([C@@H](O)CNCCc3ccccc3CNCCc3ccccc3F)c2s1,27.5,O=c1[nH]c2c(O)ccc([C@@H](O)CNCCc3ccccc3CNCCc3ccccc3F)c2s1,3.6323000000000016,0,0.2692307692307692,1,6,5,"{""number"": ""27.5"", ""relation"": ""="", ""status"": ""VALID""}",481.5930000000002,data/raw/tdc/clearance_microsome_az.tab,CHEMBL1945035,O=c1[nH]c2c(O)ccc([C@@H](O)CNCCc3ccccc3CNCCc3ccccc3F)c2s1,27.5,11,Clearance_Microsome_AZ,435,,VALID,97.38000000000001,0
CHEMBL1770297,CCOc1ccc2oc(C(=O)NC(CCSC)c3nc4ccccc4[nH]3)c(C)c2c1,37.0,CCOc1ccc2oc(C(=O)NC(CCSC)c3nc4ccccc4[nH]3)c(C)c2c1,5.240420000000004,0,0.30434782608695654,1,5,2,"{""number"": ""37.0"", ""relation"": ""="", ""status"": ""VALID""}",423.5380000000001,data/raw/tdc/clearance_microsome_az.tab,CHEMBL1770297,CCOc1ccc2oc(C(=O)NC(CCSC)c3nc4ccccc4[nH]3)c(C)c2c1,37.0,8,Clearance_Microsome_AZ,436,,VALID,80.15,1
CHEMBL379082,CCN(C(=O)Cc1ccc(S(C)(=O)=O)cc1)C1CCN(CC[C@H](c2ccc(S(C)(=O)=O)cc2)c2cccc(Cl)c2)CC1,12.0,CCN(C(=O)Cc1ccc(S(C)(=O)=O)cc1)C1CCN(CC[C@H](c2ccc(S(C)(=O)=O)cc2)c2cccc(Cl)c2)CC1,5.224600000000006,0,0.40625,1,6,0,"{""number"": ""12.0"", ""relation"": ""="", ""status"": ""VALID""}",631.2600000000002,data/raw/tdc/clearance_microsome_az.tab,CHEMBL379082,CCN(C(=O)Cc1ccc(S(C)(=O)=O)cc1)C1CCN(CC[C@H](c2ccc(S(C)(=O)=O)cc2)c2cccc(Cl)c2)CC1,12.0,11,Clearance_Microsome_AZ,437,,VALID,91.83000000000001,0
CHEMBL2021706,CCC[C@@H](CNC(=O)c1nc(Cl)c(N)nc1N)[N+](C)(C)CCCc1ccc(OC)cc1,87.1,CCC[C@@H](CNC(=O)c1nc(Cl)c(N)nc1N)[N+](C)(C)CCCc1ccc(OC)cc1,2.910700000000002,0,0.5,1,6,3,"{""number"": ""87.1"", ""relation"": ""="", ""status"": ""VALID""}",450.0070000000003,data/raw/tdc/clearance_microsome_az.tab,CHEMBL2021706,CCC[C@@H](CNC(=O)c1nc(Cl)c(N)nc1N)[N+](C)(C)CCCc1ccc(OC)cc1,87.1,11,Clearance_Microsome_AZ,438,,VALID,116.15,0
CHEMBL2147569,C[C@]12Cc3cnn(-c4ccc(F)cc4)c3C=C1CC[C@@]2(O)CCc1ccc(F)cc1C(N)=O,104.71,C[C@]12Cc3cnn(-c4ccc(F)cc4)c3C=C1CC[C@@]2(O)CCc1ccc(F)cc1C(N)=O,4.352900000000003,0,0.3076923076923077,1,4,2,"{""number"": ""104.71"", ""relation"": ""="", ""status"": ""VALID""}",449.5010000000002,data/raw/tdc/clearance_microsome_az.tab,CHEMBL2147569,C[C@]12Cc3cnn(-c4ccc(F)cc4)c3C=C1CC[C@@]2(O)CCc1ccc(F)cc1C(N)=O,104.71,5,Clearance_Microsome_AZ,439,,VALID,81.13999999999999,0
CHEMBL210887,O=C(Nc1nc2ccccc2n1CCCO)c1cccc([N+](=O)[O-])c1,112.2,O=C(Nc1nc2ccccc2n1CCCO)c1cccc([N+](=O)[O-])c1,2.5792,0,0.17647058823529413,1,6,2,"{""number"": ""112.2"", ""relation"": ""="", ""status"": ""VALID""}",340.33900000000006,data/raw/tdc/clearance_microsome_az.tab,CHEMBL210887,O=C(Nc1nc2ccccc2n1CCCO)c1cccc([N+](=O)[O-])c1,112.2,6,Clearance_Microsome_AZ,440,,VALID,110.29000000000002,0
CHEMBL2098096,Cc1cc(OCC(=O)NCc2ccccc2)c2cc(Br)ccc2n1,125.89,Cc1cc(OCC(=O)NCc2ccccc2)c2cc(Br)ccc2n1,4.0009200000000025,0,0.15789473684210525,1,3,1,"{""number"": ""125.89"", ""relation"": ""="", ""status"": ""VALID""}",385.2610000000001,data/raw/tdc/clearance_microsome_az.tab,CHEMBL2098096,Cc1cc(OCC(=O)NCc2ccccc2)c2cc(Br)ccc2n1,125.89,5,Clearance_Microsome_AZ,441,,VALID,51.22,0
CHEMBL402501,C[C@H](Cc1cccc(CC(=O)NC23CC4CC(CC(C4)C2)C3)c1)NC[C@H](O)c1ccc(O)c(CO)c1,129.0,C[C@H](Cc1cccc(CC(=O)NC23CC4CC(CC(C4)C2)C3)c1)NC[C@H](O)c1ccc(O)c(CO)c1,3.766200000000002,0,0.5666666666666667,1,5,5,"{""number"": ""129.0"", ""relation"": ""="", ""status"": ""VALID""}",492.66000000000025,data/raw/tdc/clearance_microsome_az.tab,CHEMBL402501,C[C@H](Cc1cccc(CC(=O)NC23CC4CC(CC(C4)C2)C3)c1)NC[C@H](O)c1ccc(O)c(CO)c1,129.0,10,Clearance_Microsome_AZ,442,,VALID,101.82000000000001,4
CHEMBL192,CCCc1nn(C)c2c(=O)[nH]c(-c3cc(S(=O)(=O)N4CCN(C)CC4)ccc3OCC)nc12,131.83,CCCc1nn(C)c2c(=O)[nH]c(-c3cc(S(=O)(=O)N4CCN(C)CC4)ccc3OCC)nc12,1.6109,0,0.5,1,8,1,"{""number"": ""131.83"", ""relation"": ""="", ""status"": ""VALID""}",474.5870000000004,data/raw/tdc/clearance_microsome_az.tab,CHEMBL192,CCCc1nn(C)c2c(=O)[nH]c(-c3cc(S(=O)(=O)N4CCN(C)CC4)ccc3OCC)nc12,131.83,7,Clearance_Microsome_AZ,443,,VALID,113.41999999999999,0
CHEMBL561771,COc1cccc(NC(=O)c2cccc(Cc3c(C)nn(CCO)c3-c3ccccc3)c2)c1,146.0,COc1cccc(NC(=O)c2cccc(Cc3c(C)nn(CCO)c3-c3ccccc3)c2)c1,4.702520000000003,0,0.18518518518518517,1,5,2,"{""number"": ""146.0"", ""relation"": ""="", ""status"": ""VALID""}",441.5310000000001,data/raw/tdc/clearance_microsome_az.tab,CHEMBL561771,COc1cccc(NC(=O)c2cccc(Cc3c(C)nn(CCO)c3-c3ccccc3)c2)c1,146.0,8,Clearance_Microsome_AZ,444,,VALID,76.38,0
CHEMBL521096,CCOc1cc2ncc(C(N)=O)c(Nc3ccc(C)cc3F)c2cc1N1CCN(C)CC1,26.0,CCOc1cc2ncc(C(N)=O)c(Nc3ccc(C)cc3F)c2cc1N1CCN(C)CC1,3.675320000000003,0,0.3333333333333333,1,6,2,"{""number"": ""26.0"", ""relation"": ""="", ""status"": ""VALID""}",437.51900000000023,data/raw/tdc/clearance_microsome_az.tab,CHEMBL521096,CCOc1cc2ncc(C(N)=O)c(Nc3ccc(C)cc3F)c2cc1N1CCN(C)CC1,26.0,6,Clearance_Microsome_AZ,445,,VALID,83.72,0
CHEMBL1916270,CCC(CC)NC(=O)c1cnn(-c2ccccc2)c1NS(=O)(=O)c1ccc(-c2cnco2)cc1,27.0,CCC(CC)NC(=O)c1cnn(-c2ccccc2)c1NS(=O)(=O)c1ccc(-c2cnco2)cc1,4.246500000000003,0,0.20833333333333334,1,7,2,"{""number"": ""27.0"", ""relation"": ""="", ""status"": ""VALID""}",479.56200000000024,data/raw/tdc/clearance_microsome_az.tab,CHEMBL1916270,CCC(CC)NC(=O)c1cnn(-c2ccccc2)c1NS(=O)(=O)c1ccc(-c2cnco2)cc1,27.0,9,Clearance_Microsome_AZ,446,,VALID,119.12,0
CHEMBL1951908,CCN(C(=O)Cc1ccc(S(C)(=O)=O)cc1)C1CCN(CC[C@@H](c2ccccc2)C2CCN(S(=O)(=O)C(F)(F)F)CC2)CC1,27.5,CCN(C(=O)Cc1ccc(S(C)(=O)=O)cc1)C1CCN(CC[C@@H](c2ccccc2)C2CCN(S(=O)(=O)C(F)(F)F)CC2)CC1,4.6810000000000045,0,0.5806451612903226,1,6,0,"{""number"": ""27.5"", ""relation"": ""="", ""status"": ""VALID""}",657.8210000000001,data/raw/tdc/clearance_microsome_az.tab,CHEMBL1951908,CCN(C(=O)Cc1ccc(S(C)(=O)=O)cc1)C1CCN(CC[C@@H](c2ccccc2)C2CCN(S(=O)(=O)C(F)(F)F)CC2)CC1,27.5,11,Clearance_Microsome_AZ,447,,VALID,95.07,0
CHEMBL213100,COc1ccc(N(C(=O)Oc2c(C)cccc2C)c2ccnc(Nc3ccc(N4CCN(C)CC4)cc3)n2)c(OC)c1,27.54,COc1ccc(N(C(=O)Oc2c(C)cccc2C)c2ccnc(Nc3ccc(N4CCN(C)CC4)cc3)n2)c(OC)c1,5.943140000000007,0,0.28125,1,9,1,"{""number"": ""27.54"", ""relation"": ""="", ""status"": ""VALID""}",568.6780000000002,data/raw/tdc/clearance_microsome_az.tab,CHEMBL213100,COc1ccc(N(C(=O)Oc2c(C)cccc2C)c2ccnc(Nc3ccc(N4CCN(C)CC4)cc3)n2)c(OC)c1,27.54,8,Clearance_Microsome_AZ,448,,VALID,92.28999999999999,0
CHEMBL320714,Oc1nc2c(O)ccc(CCNCCCCCCOCCc3ccccc3)c2s1,29.0,Oc1nc2c(O)ccc(CCNCCCCCCOCCc3ccccc3)c2s1,4.659300000000004,0,0.43478260869565216,1,6,3,"{""number"": ""29.0"", ""relation"": ""="", ""status"": ""VALID""}",414.5710000000001,data/raw/tdc/clearance_microsome_az.tab,CHEMBL320714,Oc1nc2c(O)ccc(CCNCCCCCCOCCc3ccccc3)c2s1,29.0,13,Clearance_Microsome_AZ,449,,VALID,74.61000000000001,0
CHEMBL1289545,Cc1nc(C(=O)N2CCOC3(CCN(Cc4ccc(Cl)cc4)CC3)C2)cs1,11.0,Cc1nc(C(=O)N2CCOC3(CCN(Cc4ccc(Cl)cc4)CC3)C2)cs1,3.6121200000000027,0,0.5,1,5,0,"{""number"": ""11.0"", ""relation"": ""="", ""status"": ""VALID""}",405.95100000000014,data/raw/tdc/clearance_microsome_az.tab,CHEMBL1289545,Cc1nc(C(=O)N2CCOC3(CCN(Cc4ccc(Cl)cc4)CC3)C2)cs1,11.0,3,Clearance_Microsome_AZ,450,,VALID,45.67000000000001,0
CHEMBL1945031,Cc1cccc2c(CCNCc3cccc(CCNC[C@H](O)c4ccc(O)c5[nH]c(=O)sc45)c3)c[nH]c12,16.0,Cc1cccc2c(CCNCc3cccc(CCNC[C@H](O)c4ccc(O)c5[nH]c(=O)sc45)c3)c[nH]c12,4.282920000000002,0,0.27586206896551724,1,6,6,"{""number"": ""16.0"", ""relation"": ""="", ""status"": ""VALID""}",516.6670000000001,data/raw/tdc/clearance_microsome_az.tab,CHEMBL1945031,Cc1cccc2c(CCNCc3cccc(CCNC[C@H](O)c4ccc(O)c5[nH]c(=O)sc45)c3)c[nH]c12,16.0,11,Clearance_Microsome_AZ,451,,VALID,113.16999999999999,0
CHEMBL11,CN(C)CCCN1c2ccccc2CCc2ccccc21,13.49,CN(C)CCCN1c2ccccc2CCc2ccccc21,3.8750000000000027,0,0.3684210526315789,1,2,0,"{""number"": ""13.49"", ""relation"": ""="", ""status"": ""VALID""}",280.415,data/raw/tdc/clearance_microsome_az.tab,CHEMBL11,CN(C)CCCN1c2ccccc2CCc2ccccc21,13.49,4,Clearance_Microsome_AZ,452,,VALID,6.48,0
CHEMBL2325697,C[C@@H]1COCCN1c1cc(C2(S(C)(=O)=O)CC2)nc(-c2cccc3[nH]ccc23)n1,7.41,C[C@@H]1COCCN1c1cc(C2(S(C)(=O)=O)CC2)nc(-c2cccc3[nH]ccc23)n1,2.883700000000001,0,0.42857142857142855,1,6,1,"{""number"": ""7.41"", ""relation"": ""="", ""status"": ""VALID""}",412.5150000000001,data/raw/tdc/clearance_microsome_az.tab,CHEMBL2325697,C[C@@H]1COCCN1c1cc(C2(S(C)(=O)=O)CC2)nc(-c2cccc3[nH]ccc23)n1,7.41,4,Clearance_Microsome_AZ,453,,VALID,88.17999999999999,0
CHEMBL2158769,N#Cc1ccccc1C[C@@H](C(=O)O)N1CCC(CN2CCC(Oc3ccc(Cl)c(Cl)c3)CC2)CC1,6.0,N#Cc1ccccc1C[C@@H](C(=O)O)N1CCC(CN2CCC(Oc3ccc(Cl)c(Cl)c3)CC2)CC1,5.116180000000004,0,0.48148148148148145,1,5,1,"{""number"": ""6.0"", ""relation"": ""="", ""status"": ""VALID""}",516.4690000000003,data/raw/tdc/clearance_microsome_az.tab,CHEMBL2158769,N#Cc1ccccc1C[C@@H](C(=O)O)N1CCC(CN2CCC(Oc3ccc(Cl)c(Cl)c3)CC2)CC1,6.0,8,Clearance_Microsome_AZ,454,,VALID,76.8,0
CHEMBL491758,Fc1cnc(Nc2ccccc2)nc1Nc1ccccc1,7.0,Fc1cnc(Nc2ccccc2)nc1Nc1ccccc1,4.102900000000002,0,0.0,1,4,2,"{""number"": ""7.0"", ""relation"": ""="", ""status"": ""VALID""}",280.30600000000004,data/raw/tdc/clearance_microsome_az.tab,CHEMBL491758,Fc1cnc(Nc2ccccc2)nc1Nc1ccccc1,7.0,4,Clearance_Microsome_AZ,455,,VALID,49.84,0
CHEMBL1689129,C[C@H]1CN(Cc2cc(Cl)ccc2OCC(=O)O)CCN1C(=O)Cc1ccccc1Cl,7.0,C[C@H]1CN(Cc2cc(Cl)ccc2OCC(=O)O)CCN1C(=O)Cc1ccccc1Cl,3.7322000000000024,0,0.36363636363636365,1,4,1,"{""number"": ""7.0"", ""relation"": ""="", ""status"": ""VALID""}",451.35000000000025,data/raw/tdc/clearance_microsome_az.tab,CHEMBL1689129,C[C@H]1CN(Cc2cc(Cl)ccc2OCC(=O)O)CCN1C(=O)Cc1ccccc1Cl,7.0,7,Clearance_Microsome_AZ,456,,VALID,70.08,0
CHEMBL1950720,CN[C@@H](C)C(=O)N[C@H](C(=O)N1CC[C@H]2CCN(CCc3ccccc3)C[C@H]21)C1CCCCC1,21.38,CN[C@@H](C)C(=O)N[C@H](C(=O)N1CC[C@H]2CCN(CCc3ccccc3)C[C@H]21)C1CCCCC1,2.8249000000000013,0,0.7037037037037037,1,4,2,"{""number"": ""21.38"", ""relation"": ""="", ""status"": ""VALID""}",454.6590000000003,data/raw/tdc/clearance_microsome_az.tab,CHEMBL1950720,CN[C@@H](C)C(=O)N[C@H](C(=O)N1CC[C@H]2CCN(CCc3ccccc3)C[C@H]21)C1CCCCC1,21.38,8,Clearance_Microsome_AZ,457,,VALID,64.68,0
CHEMBL416,COc1c2occc2cc2ccc(=O)oc12,6.0,COc1c2occc2cc2ccc(=O)oc12,2.5478000000000005,0,0.08333333333333333,1,4,0,"{""number"": ""6.0"", ""relation"": ""="", ""status"": ""VALID""}",216.19199999999995,data/raw/tdc/clearance_microsome_az.tab,CHEMBL416,COc1c2occc2cc2ccc(=O)oc12,6.0,1,Clearance_Microsome_AZ,458,,VALID,52.58,0
CHEMBL108,NC(=O)N1c2ccccc2C=Cc2ccccc21,7.0,NC(=O)N1c2ccccc2C=Cc2ccccc21,3.3872000000000018,0,0.0,1,1,1,"{""number"": ""7.0"", ""relation"": ""="", ""status"": ""VALID""}",236.274,data/raw/tdc/clearance_microsome_az.tab,CHEMBL108,NC(=O)N1c2ccccc2C=Cc2ccccc21,7.0,0,Clearance_Microsome_AZ,459,,VALID,46.330000000000005,0
CHEMBL1645105,COc1ccc(-c2ccc3nc(N)sc3c2)cn1,7.76,COc1ccc(-c2ccc3nc(N)sc3c2)cn1,2.9491000000000005,0,0.07692307692307693,1,5,1,"{""number"": ""7.76"", ""relation"": ""="", ""status"": ""VALID""}",257.318,data/raw/tdc/clearance_microsome_az.tab,CHEMBL1645105,COc1ccc(-c2ccc3nc(N)sc3c2)cn1,7.76,2,Clearance_Microsome_AZ,460,,VALID,61.03,0
CHEMBL2335881,COCCNCc1ccc(Nc2ncc3cc(-c4ccncc4)ccc3n2)cc1,42.66,COCCNCc1ccc(Nc2ncc3cc(-c4ccncc4)ccc3n2)cc1,4.171400000000002,0,0.17391304347826086,1,6,2,"{""number"": ""42.66"", ""relation"": ""="", ""status"": ""VALID""}",385.47100000000006,data/raw/tdc/clearance_microsome_az.tab,CHEMBL2335881,COCCNCc1ccc(Nc2ncc3cc(-c4ccncc4)ccc3n2)cc1,42.66,8,Clearance_Microsome_AZ,461,,VALID,71.96000000000001,0
CHEMBL190747,COc1ccc(OC)c(CNC(=O)c2cccnc2Oc2ccccc2)c1,43.5,COc1ccc(OC)c(CNC(=O)c2cccnc2Oc2ccccc2)c1,3.821100000000002,0,0.14285714285714285,1,5,1,"{""number"": ""43.5"", ""relation"": ""="", ""status"": ""VALID""}",364.40100000000007,data/raw/tdc/clearance_microsome_az.tab,CHEMBL190747,COc1ccc(OC)c(CNC(=O)c2cccnc2Oc2ccccc2)c1,43.5,7,Clearance_Microsome_AZ,462,,VALID,69.68,0
CHEMBL2361207,COc1ccc(C#Cc2ccc([C@@H]3[C@H](CO)N4CCCCN(C(=O)Nc5cccc(F)c5)C[C@@H]34)cc2)cc1,50.12,COc1ccc(C#Cc2ccc([C@@H]3[C@H](CO)N4CCCCN(C(=O)Nc5cccc(F)c5)C[C@@H]34)cc2)cc1,4.690700000000004,0,0.3225806451612903,1,4,2,"{""number"": ""50.12"", ""relation"": ""="", ""status"": ""VALID""}",513.6130000000003,data/raw/tdc/clearance_microsome_az.tab,CHEMBL2361207,COc1ccc(C#Cc2ccc([C@@H]3[C@H](CO)N4CCCCN(C(=O)Nc5cccc(F)c5)C[C@@H]34)cc2)cc1,50.12,4,Clearance_Microsome_AZ,463,,VALID,65.04,0
CHEMBL2164850,O=C(Nc1cc(-c2ccncc2)c[nH]c1=O)[C@H](Cc1ccccc1)NC1(c2ccccn2)CC1,19.05,O=C(Nc1cc(-c2ccncc2)c[nH]c1=O)[C@H](Cc1ccccc1)NC1(c2ccccn2)CC1,3.6606000000000023,0,0.18518518518518517,1,5,3,"{""number"": ""19.05"", ""relation"": ""="", ""status"": ""VALID""}",451.53000000000014,data/raw/tdc/clearance_microsome_az.tab,CHEMBL2164850,O=C(Nc1cc(-c2ccncc2)c[nH]c1=O)[C@H](Cc1ccccc1)NC1(c2ccccn2)CC1,19.05,8,Clearance_Microsome_AZ,464,,VALID,99.77,0
CHEMBL1683934,O=C(Nc1ccccc1-c1ccccc1)OC1CCN(CCCCCCCCCNC[C@H](O)c2ccc(O)c3[nH]c(=O)ccc23)CC1,19.5,O=C(Nc1ccccc1-c1ccccc1)OC1CCN(CCCCCCCCCNC[C@H](O)c2ccc(O)c3[nH]c(=O)ccc23)CC1,6.967500000000008,0,0.42105263157894735,1,7,5,"{""number"": ""19.5"", ""relation"": ""="", ""status"": ""VALID""}",640.8250000000003,data/raw/tdc/clearance_microsome_az.tab,CHEMBL1683934,O=C(Nc1ccccc1-c1ccccc1)OC1CCN(CCCCCCCCCNC[C@H](O)c2ccc(O)c3[nH]c(=O)ccc23)CC1,19.5,16,Clearance_Microsome_AZ,465,,VALID,126.91999999999999,0
CHEMBL244521,CC(C)c1nc2ccc(-c3ccc(F)cc3)cc2c(=O)n1C[C@H]1CCCN(C(C)C)C1,12.88,CC(C)c1nc2ccc(-c3ccc(F)cc3)cc2c(=O)n1C[C@H]1CCCN(C(C)C)C1,5.446400000000006,0,0.46153846153846156,1,4,0,"{""number"": ""12.88"", ""relation"": ""="", ""status"": ""VALID""}",421.5600000000003,data/raw/tdc/clearance_microsome_az.tab,CHEMBL244521,CC(C)c1nc2ccc(-c3ccc(F)cc3)cc2c(=O)n1C[C@H]1CCCN(C(C)C)C1,12.88,5,Clearance_Microsome_AZ,466,,VALID,38.13,0
CHEMBL2207655,CC1(O)CN(S(=O)(=O)c2ccc3c(C(=O)NC[C@@H](O)CN4CCC(Oc5ccc(Cl)c(Cl)c5)CC4)c[nH]c(=O)c3c2)C1,18.33,CC1(O)CN(S(=O)(=O)c2ccc3c(C(=O)NC[C@@H](O)CN4CCC(Oc5ccc(Cl)c(Cl)c5)CC4)c[nH]c(=O)c3c2)C1,2.2243000000000004,0,0.42857142857142855,1,8,4,"{""number"": ""18.33"", ""relation"": ""="", ""status"": ""VALID""}",639.558,data/raw/tdc/clearance_microsome_az.tab,CHEMBL2207655,CC1(O)CN(S(=O)(=O)c2ccc3c(C(=O)NC[C@@H](O)CN4CCC(Oc5ccc(Cl)c(Cl)c5)CC4)c[nH]c(=O)c3c2)C1,18.33,9,Clearance_Microsome_AZ,467,,VALID,152.27,0
CHEMBL556680,O=C(CC12CC3CC(CC(C3)C1)C2)Nc1cccc2c(=O)n(C[C@H]3CCCN3)ccc12,15.0,O=C(CC12CC3CC(CC(C3)C1)C2)Nc1cccc2c(=O)n(C[C@H]3CCCN3)ccc12,4.298500000000003,0,0.6153846153846154,1,4,2,"{""number"": ""15.0"", ""relation"": ""="", ""status"": ""VALID""}",419.56900000000024,data/raw/tdc/clearance_microsome_az.tab,CHEMBL556680,O=C(CC12CC3CC(CC(C3)C1)C2)Nc1cccc2c(=O)n(C[C@H]3CCCN3)ccc12,15.0,5,Clearance_Microsome_AZ,468,,VALID,63.13,4
CHEMBL957,COc1ccccc1Oc1c(NS(=O)(=O)c2ccc(C(C)(C)C)cc2)nc(-c2ncccn2)nc1OCCO,15.14,COc1ccccc1Oc1c(NS(=O)(=O)c2ccc(C(C)(C)C)cc2)nc(-c2ncccn2)nc1OCCO,4.203900000000004,0,0.25925925925925924,1,10,2,"{""number"": ""15.14"", ""relation"": ""="", ""status"": ""VALID""}",551.6250000000002,data/raw/tdc/clearance_microsome_az.tab,CHEMBL957,COc1ccccc1Oc1c(NS(=O)(=O)c2ccc(C(C)(C)C)cc2)nc(-c2ncccn2)nc1OCCO,15.14,10,Clearance_Microsome_AZ,469,,VALID,145.65,0
CHEMBL1231533,O=C1NC(=O)/C(=C/c2ccc3c(c2)OC(F)(F)O3)S1,19.5,O=C1NC(=O)/C(=C/c2ccc3c(c2)OC(F)(F)O3)S1,2.332,0,0.09090909090909091,1,5,1,"{""number"": ""19.5"", ""relation"": ""="", ""status"": ""VALID""}",285.2269999999999,data/raw/tdc/clearance_microsome_az.tab,CHEMBL1231533,O=C1NC(=O)/C(=C/c2ccc3c(c2)OC(F)(F)O3)S1,19.5,1,Clearance_Microsome_AZ,470,,VALID,64.63000000000001,0
CHEMBL395340,CC[C@H](CO)Nc1nc(SCc2cccc(F)c2F)nc2nc(NC(C)C)sc12,42.0,CC[C@H](CO)Nc1nc(SCc2cccc(F)c2F)nc2nc(NC(C)C)sc12,4.659900000000003,0,0.42105263157894735,1,8,3,"{""number"": ""42.0"", ""relation"": ""="", ""status"": ""VALID""}",439.55700000000013,data/raw/tdc/clearance_microsome_az.tab,CHEMBL395340,CC[C@H](CO)Nc1nc(SCc2cccc(F)c2F)nc2nc(NC(C)C)sc12,42.0,9,Clearance_Microsome_AZ,471,,VALID,82.96000000000001,0
CHEMBL1922056,C[C@@](C(=O)O[C@H]1C[N+]2(Cc3nc(-c4ccccc4)no3)CCC1CC2)(c1ccccc1)N1CCCCC1,53.0,C[C@@](C(=O)O[C@H]1C[N+]2(Cc3nc(-c4ccccc4)no3)CCC1CC2)(c1ccccc1)N1CCCCC1,4.790100000000005,0,0.5,1,6,0,"{""number"": ""53.0"", ""relation"": ""="", ""status"": ""VALID""}",501.6510000000005,data/raw/tdc/clearance_microsome_az.tab,CHEMBL1922056,C[C@@](C(=O)O[C@H]1C[N+]2(Cc3nc(-c4ccccc4)no3)CCC1CC2)(c1ccccc1)N1CCCCC1,53.0,7,Clearance_Microsome_AZ,472,,VALID,68.46,2
CHEMBL361431,CCCN1CCC(Oc2nccc(Nc3cc(NC(=O)c4cccc(N5CCOCC5)c4)ccc3C)n2)CC1,54.0,CCCN1CCC(Oc2nccc(Nc3cc(NC(=O)c4cccc(N5CCOCC5)c4)ccc3C)n2)CC1,4.870720000000005,0,0.43333333333333335,1,8,2,"{""number"": ""54.0"", ""relation"": ""="", ""status"": ""VALID""}",530.6730000000002,data/raw/tdc/clearance_microsome_az.tab,CHEMBL361431,CCCN1CCC(Oc2nccc(Nc3cc(NC(=O)c4cccc(N5CCOCC5)c4)ccc3C)n2)CC1,54.0,9,Clearance_Microsome_AZ,473,,VALID,91.85000000000001,0
CHEMBL1924046,CC(C)=CCC[N+]12CCC(CC1)[C@@H](OC(=O)[C@](C)(c1ccccc1)N1CCCCC1)C2,56.0,CC(C)=CCC[N+]12CCC(CC1)[C@@H](OC(=O)[C@](C)(c1ccccc1)N1CCCCC1)C2,4.896200000000005,0,0.6666666666666666,1,3,0,"{""number"": ""56.0"", ""relation"": ""="", ""status"": ""VALID""}",425.6370000000003,data/raw/tdc/clearance_microsome_az.tab,CHEMBL1924046,CC(C)=CCC[N+]12CCC(CC1)[C@@H](OC(=O)[C@](C)(c1ccccc1)N1CCCCC1)C2,56.0,7,Clearance_Microsome_AZ,474,,VALID,29.54,2
CHEMBL2147032,O=C1COC2(CCN(S(=O)(=O)c3ccc(-c4ccc5cccnc5c4)cc3)CC2)CN1C1CC1,56.23,O=C1COC2(CCN(S(=O)(=O)c3ccc(-c4ccc5cccnc5c4)cc3)CC2)CN1C1CC1,3.4463000000000017,0,0.38461538461538464,1,5,0,"{""number"": ""56.23"", ""relation"": ""="", ""status"": ""VALID""}",477.5860000000003,data/raw/tdc/clearance_microsome_az.tab,CHEMBL2147032,O=C1COC2(CCN(S(=O)(=O)c3ccc(-c4ccc5cccnc5c4)cc3)CC2)CN1C1CC1,56.23,4,Clearance_Microsome_AZ,475,,VALID,79.80999999999999,0
CHEMBL1397672,Cc1[nH]c2nc(NCc3cccc(Br)c3)nn2c(=O)c1Cc1ccccc1,15.0,Cc1[nH]c2nc(NCc3cccc(Br)c3)nn2c(=O)c1Cc1ccccc1,3.6914200000000026,0,0.15,1,5,2,"{""number"": ""15.0"", ""relation"": ""="", ""status"": ""VALID""}",424.3020000000002,data/raw/tdc/clearance_microsome_az.tab,CHEMBL1397672,Cc1[nH]c2nc(NCc3cccc(Br)c3)nn2c(=O)c1Cc1ccccc1,15.0,5,Clearance_Microsome_AZ,476,,VALID,75.08000000000001,0
CHEMBL42,CN1CCN(C2=Nc3cc(Cl)ccc3Nc3ccccc32)CC1,15.14,CN1CCN(C2=Nc3cc(Cl)ccc3Nc3ccccc32)CC1,3.7227000000000023,0,0.2777777777777778,1,4,1,"{""number"": ""15.14"", ""relation"": ""="", ""status"": ""VALID""}",326.83100000000013,data/raw/tdc/clearance_microsome_az.tab,CHEMBL42,CN1CCN(C2=Nc3cc(Cl)ccc3Nc3ccccc32)CC1,15.14,0,Clearance_Microsome_AZ,477,,VALID,30.869999999999997,0
CHEMBL290548,COC(=O)N1CCN(c2ccnc(-n3ccnc3)n2)C(CC(=O)NCc2ccc3c(c2)OCO3)C1,17.0,COC(=O)N1CCN(c2ccnc(-n3ccnc3)n2)C(CC(=O)NCc2ccc3c(c2)OCO3)C1,1.3544999999999994,0,0.34782608695652173,1,10,1,"{""number"": ""17.0"", ""relation"": ""="", ""status"": ""VALID""}",479.4970000000004,data/raw/tdc/clearance_microsome_az.tab,CHEMBL290548,COC(=O)N1CCN(c2ccnc(-n3ccnc3)n2)C(CC(=O)NCc2ccc3c(c2)OCO3)C1,17.0,6,Clearance_Microsome_AZ,478,,VALID,123.94,1
CHEMBL198150,CCN(C(=O)Cc1ccc(S(C)(=O)=O)cc1)C1CCN(CCC(c2ccccc2)c2ccc(S(C)(=O)=O)cc2)CC1,18.5,CCN(C(=O)Cc1ccc(S(C)(=O)=O)cc1)C1CCN(CCC(c2ccccc2)c2ccc(S(C)(=O)=O)cc2)CC1,4.571200000000005,0,0.40625,1,6,0,"{""number"": ""18.5"", ""relation"": ""="", ""status"": ""VALID""}",596.8150000000002,data/raw/tdc/clearance_microsome_az.tab,CHEMBL198150,CCN(C(=O)Cc1ccc(S(C)(=O)=O)cc1)C1CCN(CCC(c2ccccc2)c2ccc(S(C)(=O)=O)cc2)CC1,18.5,11,Clearance_Microsome_AZ,479,,VALID,91.83000000000001,1
CHEMBL267744,O=C(O)COc1ccc(C(=O)c2cccs2)c(Cl)c1Cl,82.0,O=C(O)COc1ccc(C(=O)c2cccs2)c(Cl)c1Cl,3.7493000000000016,0,0.07692307692307693,1,4,1,"{""number"": ""82.0"", ""relation"": ""="", ""status"": ""VALID""}",331.17600000000004,data/raw/tdc/clearance_microsome_az.tab,CHEMBL267744,O=C(O)COc1ccc(C(=O)c2cccs2)c(Cl)c1Cl,82.0,5,Clearance_Microsome_AZ,480,,VALID,63.6,0
CHEMBL2348645,CNc1nc(C)c(-c2nc(Nc3cccc(N4CCCCC4)c3)ncc2C#N)s1,95.5,CNc1nc(C)c(-c2nc(Nc3cccc(N4CCCCC4)c3)ncc2C#N)s1,4.555800000000004,0,0.3333333333333333,1,8,2,"{""number"": ""95.5"", ""relation"": ""="", ""status"": ""VALID""}",405.5310000000002,data/raw/tdc/clearance_microsome_az.tab,CHEMBL2348645,CNc1nc(C)c(-c2nc(Nc3cccc(N4CCCCC4)c3)ncc2C#N)s1,95.5,5,Clearance_Microsome_AZ,481,,VALID,89.75999999999999,0
CHEMBL1163492,CCN(C(=O)NCc1ccc(F)cc1)C1CCN(CCC(c2ccccc2)c2ccccc2)CC1,105.0,CCN(C(=O)NCc1ccc(F)cc1)C1CCN(CCC(c2ccccc2)c2ccccc2)CC1,6.043800000000006,0,0.36666666666666664,1,2,1,"{""number"": ""105.0"", ""relation"": ""="", ""status"": ""VALID""}",473.63600000000025,data/raw/tdc/clearance_microsome_az.tab,CHEMBL1163492,CCN(C(=O)NCc1ccc(F)cc1)C1CCN(CCC(c2ccccc2)c2ccccc2)CC1,105.0,9,Clearance_Microsome_AZ,482,,VALID,35.580000000000005,0
CHEMBL360227,CCN(CC)CCN1C(=O)[C@@](O)(c2ccccc2Cl)c2c1cc(C(N)=O)cc2C(F)(F)F,93.33,CCN(CC)CCN1C(=O)[C@@](O)(c2ccccc2Cl)c2c1cc(C(N)=O)cc2C(F)(F)F,3.3820000000000014,0,0.36363636363636365,1,4,2,"{""number"": ""93.33"", ""relation"": ""="", ""status"": ""VALID""}",469.8910000000002,data/raw/tdc/clearance_microsome_az.tab,CHEMBL360227,CCN(CC)CCN1C(=O)[C@@](O)(c2ccccc2Cl)c2c1cc(C(N)=O)cc2C(F)(F)F,93.33,7,Clearance_Microsome_AZ,483,,VALID,86.87,0
CHEMBL205807,CC(C)Cn1c(=O)n(C)c(=O)c2c(C(=O)N3CC[C@@H](O)C3)c(Cc3c[nH]c4ccccc34)sc21,107.0,CC(C)Cn1c(=O)n(C)c(=O)c2c(C(=O)N3CC[C@@H](O)C3)c(Cc3c[nH]c4ccccc34)sc21,2.696600000000001,0,0.4,1,7,2,"{""number"": ""107.0"", ""relation"": ""="", ""status"": ""VALID""}",480.59000000000015,data/raw/tdc/clearance_microsome_az.tab,CHEMBL205807,CC(C)Cn1c(=O)n(C)c(=O)c2c(C(=O)N3CC[C@@H](O)C3)c(Cc3c[nH]c4ccccc34)sc21,107.0,5,Clearance_Microsome_AZ,484,,VALID,100.33000000000001,0
CHEMBL1807817,O=c1[nH]c2c(O)ccc([C@@H](O)CNCCSCCCOCCc3ccccc3)c2s1,75.0,O=c1[nH]c2c(O)ccc([C@@H](O)CNCCSCCCOCCc3ccccc3)c2s1,3.3008000000000015,0,0.4090909090909091,1,7,4,"{""number"": ""75.0"", ""relation"": ""="", ""status"": ""VALID""}",448.61000000000024,data/raw/tdc/clearance_microsome_az.tab,CHEMBL1807817,O=c1[nH]c2c(O)ccc([C@@H](O)CNCCSCCCOCCc3ccccc3)c2s1,75.0,13,Clearance_Microsome_AZ,485,,VALID,94.58000000000001,0
CHEMBL513412,COc1ccc(N(C(=O)c2occc2C)C(C(=O)NC[C@@H](C)O)c2ccccc2F)c(OC)c1,126.0,COc1ccc(N(C(=O)c2occc2C)C(C(=O)NC[C@@H](C)O)c2ccccc2F)c(OC)c1,3.6294200000000023,0,0.28,1,6,2,"{""number"": ""126.0"", ""relation"": ""="", ""status"": ""VALID""}",470.4970000000002,data/raw/tdc/clearance_microsome_az.tab,CHEMBL513412,COc1ccc(N(C(=O)c2occc2C)C(C(=O)NC[C@@H](C)O)c2ccccc2F)c(OC)c1,126.0,9,Clearance_Microsome_AZ,486,,VALID,101.24000000000001,1
CHEMBL222659,O=C(Nc1ccccn1)c1ccc2[nH]c(-c3ccc(NC(=O)C45CC6CC(CC(C6)C4)C5)cc3)nc2c1,146.0,O=C(Nc1ccccn1)c1ccc2[nH]c(-c3ccc(NC(=O)C45CC6CC(CC(C6)C4)C5)cc3)nc2c1,6.032100000000004,0,0.3333333333333333,1,4,3,"{""number"": ""146.0"", ""relation"": ""="", ""status"": ""VALID""}",491.59500000000037,data/raw/tdc/clearance_microsome_az.tab,CHEMBL222659,O=C(Nc1ccccn1)c1ccc2[nH]c(-c3ccc(NC(=O)C45CC6CC(CC(C6)C4)C5)cc3)nc2c1,146.0,5,Clearance_Microsome_AZ,487,,VALID,99.77,4
CHEMBL1807820,O=c1[nH]c2c(O)ccc([C@@H](O)CNCCCSCCOCCc3cccc4ccccc34)c2s1,70.0,O=c1[nH]c2c(O)ccc([C@@H](O)CNCCCSCCOCCc3cccc4ccccc34)c2s1,4.454000000000003,0,0.34615384615384615,1,7,4,"{""number"": ""70.0"", ""relation"": ""="", ""status"": ""VALID""}",498.6700000000003,data/raw/tdc/clearance_microsome_az.tab,CHEMBL1807820,O=c1[nH]c2c(O)ccc([C@@H](O)CNCCCSCCOCCc3cccc4ccccc34)c2s1,70.0,13,Clearance_Microsome_AZ,488,,VALID,94.58000000000001,0
CHEMBL1351332,O=C(NCc1ccccc1)c1cc(-c2ccco2)on1,70.79,O=C(NCc1ccccc1)c1cc(-c2ccco2)on1,2.864600000000001,0,0.06666666666666667,1,4,1,"{""number"": ""70.79"", ""relation"": ""="", ""status"": ""VALID""}",268.272,data/raw/tdc/clearance_microsome_az.tab,CHEMBL1351332,O=C(NCc1ccccc1)c1cc(-c2ccco2)on1,70.79,4,Clearance_Microsome_AZ,489,,VALID,68.27000000000001,0
CHEMBL1240967,CC(C)(Cc1cccc(CC(=O)NCc2cccc(-c3ccc(O)cc3)c2)c1)NC[C@H](O)c1ccc(O)c(NS(C)(=O)=O)c1,99.0,CC(C)(Cc1cccc(CC(=O)NCc2cccc(-c3ccc(O)cc3)c2)c1)NC[C@H](O)c1ccc(O)c(NS(C)(=O)=O)c1,4.6395000000000035,0,0.2647058823529412,1,7,6,"{""number"": ""99.0"", ""relation"": ""="", ""status"": ""VALID""}",617.7680000000003,data/raw/tdc/clearance_microsome_az.tab,CHEMBL1240967,CC(C)(Cc1cccc(CC(=O)NCc2cccc(-c3ccc(O)cc3)c2)c1)NC[C@H](O)c1ccc(O)c(NS(C)(=O)=O)c1,99.0,13,Clearance_Microsome_AZ,490,,VALID,147.99,0
CHEMBL511782,COc1ccc(N(C(=O)c2ccccc2)C(C(=O)NC[C@@H](C)O)c2ccccc2F)c(OC)c1,104.0,COc1ccc(N(C(=O)c2ccccc2)C(C(=O)NC[C@@H](C)O)c2ccccc2F)c(OC)c1,3.7280000000000024,0,0.23076923076923078,1,5,2,"{""number"": ""104.0"", ""relation"": ""="", ""status"": ""VALID""}",466.50900000000024,data/raw/tdc/clearance_microsome_az.tab,CHEMBL511782,COc1ccc(N(C(=O)c2ccccc2)C(C(=O)NC[C@@H](C)O)c2ccccc2F)c(OC)c1,104.0,9,Clearance_Microsome_AZ,491,,VALID,88.10000000000001,1
CHEMBL1322390,COc1ccc2nc(NC(=O)CCc3ccc(OC)c(OC)c3)sc2c1,104.71,COc1ccc2nc(NC(=O)CCc3ccc(OC)c(OC)c3)sc2c1,3.8934000000000024,0,0.2631578947368421,1,6,1,"{""number"": ""104.71"", ""relation"": ""="", ""status"": ""VALID""}",372.4460000000001,data/raw/tdc/clearance_microsome_az.tab,CHEMBL1322390,COc1ccc2nc(NC(=O)CCc3ccc(OC)c(OC)c3)sc2c1,104.71,7,Clearance_Microsome_AZ,492,,VALID,69.68,0
CHEMBL2030560,Nc1nc2ccc(C(=O)c3ccccc3)cc2[nH]1,3.0,Nc1nc2ccc(C(=O)c3ccccc3)cc2[nH]1,2.3761,0,0.0,1,3,2,"{""number"": ""3.0"", ""relation"": ""="", ""status"": ""VALID""}",237.262,data/raw/tdc/clearance_microsome_az.tab,CHEMBL2030560,Nc1nc2ccc(C(=O)c3ccccc3)cc2[nH]1,3.0,2,Clearance_Microsome_AZ,493,,VALID,71.77,0
CHEMBL46740,Cc1c(-c2ccc(O)cc2)n(Cc2ccc(OCCN3CCCCCC3)cc2)c2ccc(O)cc12,38.02,Cc1c(-c2ccc(O)cc2)n(Cc2ccc(OCCN3CCCCCC3)cc2)c2ccc(O)cc12,6.331020000000006,0,0.3333333333333333,1,5,2,"{""number"": ""38.02"", ""relation"": ""="", ""status"": ""VALID""}",470.6130000000003,data/raw/tdc/clearance_microsome_az.tab,CHEMBL46740,Cc1c(-c2ccc(O)cc2)n(Cc2ccc(OCCN3CCCCCC3)cc2)c2ccc(O)cc12,38.02,7,Clearance_Microsome_AZ,494,,VALID,57.86,0
CHEMBL1069,CCCCC(=O)N(Cc1ccc(-c2ccccc2-c2nnn[nH]2)cc1)[C@H](C(=O)O)C(C)C,3.0,CCCCC(=O)N(Cc1ccc(-c2ccccc2-c2nnn[nH]2)cc1)[C@H](C(=O)O)C(C)C,4.161700000000002,0,0.375,1,5,2,"{""number"": ""3.0"", ""relation"": ""="", ""status"": ""VALID""}",435.52800000000013,data/raw/tdc/clearance_microsome_az.tab,CHEMBL1069,CCCCC(=O)N(Cc1ccc(-c2ccccc2-c2nnn[nH]2)cc1)[C@H](C(=O)O)C(C)C,3.0,10,Clearance_Microsome_AZ,495,,VALID,112.07000000000001,0
CHEMBL1951575,CC(C)(C)NC(=O)c1ccc(Oc2cc(F)c(CC(=O)O)cc2Cl)c(NS(=O)(=O)c2ccc(C3CC3)cc2Cl)c1,3.0,CC(C)(C)NC(=O)c1ccc(Oc2cc(F)c(CC(=O)O)cc2Cl)c(NS(=O)(=O)c2ccc(C3CC3)cc2Cl)c1,6.758400000000004,0,0.2857142857142857,1,5,3,"{""number"": ""3.0"", ""relation"": ""="", ""status"": ""VALID""}",609.503,data/raw/tdc/clearance_microsome_az.tab,CHEMBL1951575,CC(C)(C)NC(=O)c1ccc(Oc2cc(F)c(CC(=O)O)cc2Cl)c(NS(=O)(=O)c2ccc(C3CC3)cc2Cl)c1,3.0,9,Clearance_Microsome_AZ,496,,VALID,121.79999999999998,0
CHEMBL1934416,COCC(C)n1nc(C)c(C(=O)N[C@@H](C)C(C)(C)C)c1NS(=O)(=O)c1ccc(C)cc1,6.0,COCC(C)n1nc(C)c(C(=O)N[C@@H](C)C(C)(C)C)c1NS(=O)(=O)c1ccc(C)cc1,3.6725400000000015,0,0.5454545454545454,1,6,2,"{""number"": ""6.0"", ""relation"": ""="", ""status"": ""VALID""}",450.6050000000002,data/raw/tdc/clearance_microsome_az.tab,CHEMBL1934416,COCC(C)n1nc(C)c(C(=O)N[C@@H](C)C(C)(C)C)c1NS(=O)(=O)c1ccc(C)cc1,6.0,8,Clearance_Microsome_AZ,497,,VALID,102.32,1
CHEMBL1082811,N#Cc1c(-c2ccccc2)nc(SCc2ccccc2)[nH]c1=O,6.0,N#Cc1c(-c2ccccc2)nc(SCc2ccccc2)[nH]c1=O,3.6008800000000027,0,0.05555555555555555,1,4,1,"{""number"": ""6.0"", ""relation"": ""="", ""status"": ""VALID""}",319.38899999999995,data/raw/tdc/clearance_microsome_az.tab,CHEMBL1082811,N#Cc1c(-c2ccccc2)nc(SCc2ccccc2)[nH]c1=O,6.0,4,Clearance_Microsome_AZ,498,,VALID,69.53999999999999,0
CHEMBL2207658,O=C(NC[C@@H](O)CN1CCC(Oc2ccc(Cl)c(Cl)c2)CC1)c1c[nH]nc1C(F)(F)F,3.0,O=C(NC[C@@H](O)CN1CCC(Oc2ccc(Cl)c(Cl)c2)CC1)c1c[nH]nc1C(F)(F)F,3.3694000000000006,0,0.47368421052631576,1,5,3,"{""number"": ""3.0"", ""relation"": ""="", ""status"": ""VALID""}",481.3020000000002,data/raw/tdc/clearance_microsome_az.tab,CHEMBL2207658,O=C(NC[C@@H](O)CN1CCC(Oc2ccc(Cl)c(Cl)c2)CC1)c1c[nH]nc1C(F)(F)F,3.0,7,Clearance_Microsome_AZ,499,,VALID,90.48,0
CHEMBL2171036,COc1ccc(S(=O)(=O)NC(=O)N2CCC(N3CCC(Oc4ccc(Cl)c(Cl)c4)CC3)CC2)cc1,3.0,COc1ccc(S(=O)(=O)NC(=O)N2CCC(N3CCC(Oc4ccc(Cl)c(Cl)c4)CC3)CC2)cc1,4.408100000000004,0,0.4583333333333333,1,6,1,"{""number"": ""3.0"", ""relation"": ""="", ""status"": ""VALID""}",542.4850000000002,data/raw/tdc/clearance_microsome_az.tab,CHEMBL2171036,COc1ccc(S(=O)(=O)NC(=O)N2CCC(N3CCC(Oc4ccc(Cl)c(Cl)c4)CC3)CC2)cc1,3.0,6,Clearance_Microsome_AZ,500,,VALID,88.17999999999999,0
CHEMBL1789328,N#Cc1cc(Cl)ccc1O[C@H](CCN)c1ccccc1,3.0,N#Cc1cc(Cl)ccc1O[C@H](CCN)c1ccccc1,3.6805800000000017,0,0.1875,1,3,1,"{""number"": ""3.0"", ""relation"": ""="", ""status"": ""VALID""}",286.76199999999994,data/raw/tdc/clearance_microsome_az.tab,CHEMBL1789328,N#Cc1cc(Cl)ccc1O[C@H](CCN)c1ccccc1,3.0,5,Clearance_Microsome_AZ,501,,VALID,59.03999999999999,0
CHEMBL44793,O=C(/C=C/c1c(C(=O)O)[nH]c2cc(Cl)cc(Cl)c12)Nc1ccccc1,3.0,O=C(/C=C/c1c(C(=O)O)[nH]c2cc(Cl)cc(Cl)c12)Nc1ccccc1,4.824800000000002,0,0.0,1,2,3,"{""number"": ""3.0"", ""relation"": ""="", ""status"": ""VALID""}",375.21100000000007,data/raw/tdc/clearance_microsome_az.tab,CHEMBL44793,O=C(/C=C/c1c(C(=O)O)[nH]c2cc(Cl)cc(Cl)c12)Nc1ccccc1,3.0,4,Clearance_Microsome_AZ,502,,VALID,82.19,0
CHEMBL198758,CCN(C(=O)Cc1ccc(S(C)(=O)=O)cc1)C1CCN(CCC(c2ccccc2)c2ccc(C#N)cc2)CC1,3.0,CCN(C(=O)Cc1ccc(S(C)(=O)=O)cc1)C1CCN(CCC(c2ccccc2)c2ccc(C#N)cc2)CC1,5.039380000000005,0,0.375,1,5,0,"{""number"": ""3.0"", ""relation"": ""="", ""status"": ""VALID""}",543.7330000000002,data/raw/tdc/clearance_microsome_az.tab,CHEMBL198758,CCN(C(=O)Cc1ccc(S(C)(=O)=O)cc1)C1CCN(CCC(c2ccccc2)c2ccc(C#N)cc2)CC1,3.0,10,Clearance_Microsome_AZ,503,,VALID,81.48,1
CHEMBL1917419,Cc1c(Sc2ccc(Cl)cc2)c2cc(Cl)ccc2n1CC(=O)O,3.0,Cc1c(Sc2ccc(Cl)cc2)c2cc(Cl)ccc2n1CC(=O)O,5.492320000000004,0,0.11764705882352941,1,3,1,"{""number"": ""3.0"", ""relation"": ""="", ""status"": ""VALID""}",366.2690000000001,data/raw/tdc/clearance_microsome_az.tab,CHEMBL1917419,Cc1c(Sc2ccc(Cl)cc2)c2cc(Cl)ccc2n1CC(=O)O,3.0,4,Clearance_Microsome_AZ,504,,VALID,42.230000000000004,0
CHEMBL2208423,N#Cc1cccc(C(=O)NC[C@@H](O)CN2CCC(Oc3ccc(Cl)c(Cl)c3)CC2)c1,4.0,N#Cc1cccc(C(=O)NC[C@@H](O)CN2CCC(Oc3ccc(Cl)c(Cl)c3)CC2)c1,3.4991800000000017,0,0.36363636363636365,1,5,2,"{""number"": ""4.0"", ""relation"": ""="", ""status"": ""VALID""}",448.35000000000014,data/raw/tdc/clearance_microsome_az.tab,CHEMBL2208423,N#Cc1cccc(C(=O)NC[C@@H](O)CN2CCC(Oc3ccc(Cl)c(Cl)c3)CC2)c1,4.0,7,Clearance_Microsome_AZ,505,,VALID,85.59,0
CHEMBL506,COc1cc(NC(C)CCCN)c2ncccc2c1,3.0,COc1cc(NC(C)CCCN)c2ncccc2c1,2.782700000000001,0,0.4,1,4,2,"{""number"": ""3.0"", ""relation"": ""="", ""status"": ""VALID""}",259.35299999999995,data/raw/tdc/clearance_microsome_az.tab,CHEMBL506,COc1cc(NC(C)CCCN)c2ncccc2c1,3.0,6,Clearance_Microsome_AZ,506,,VALID,60.17,1
CHEMBL2208432,O=C(NC[C@@H](O)CN1CCC(Oc2ccc(Cl)c(Cl)c2)CC1)n1c(=O)[nH]c2ccccc21,3.0,O=C(NC[C@@H](O)CN1CCC(Oc2ccc(Cl)c(Cl)c2)CC1)n1c(=O)[nH]c2ccccc21,3.0984000000000007,0,0.36363636363636365,1,6,3,"{""number"": ""3.0"", ""relation"": ""="", ""status"": ""VALID""}",479.36400000000026,data/raw/tdc/clearance_microsome_az.tab,CHEMBL2208432,O=C(NC[C@@H](O)CN1CCC(Oc2ccc(Cl)c(Cl)c2)CC1)n1c(=O)[nH]c2ccccc21,3.0,6,Clearance_Microsome_AZ,507,,VALID,99.58999999999997,0
CHEMBL1290184,Cc1cccc(CN2CCC3(CC2)CCN(C(=O)c2ccccc2)CC3)c1,13.5,Cc1cccc(CN2CCC3(CC2)CCN(C(=O)c2ccccc2)CC3)c1,4.513420000000004,0,0.4583333333333333,1,2,0,"{""number"": ""13.5"", ""relation"": ""="", ""status"": ""VALID""}",362.51700000000005,data/raw/tdc/clearance_microsome_az.tab,CHEMBL1290184,Cc1cccc(CN2CCC3(CC2)CCN(C(=O)c2ccccc2)CC3)c1,13.5,3,Clearance_Microsome_AZ,508,,VALID,23.55,0
CHEMBL2207670,CS(=O)(=O)c1ccc2c(C(=O)NC[C@@H](O)CN3CCC(Oc4ccc(C#N)c(Cl)c4)CC3)c[nH]c(=O)c2c1,3.0,CS(=O)(=O)c1ccc2c(C(=O)NC[C@@H](O)CN3CCC(Oc4ccc(C#N)c(Cl)c4)CC3)c[nH]c(=O)c2c1,2.0907799999999996,0,0.34615384615384615,1,8,3,"{""number"": ""3.0"", ""relation"": ""="", ""status"": ""VALID""}",559.0440000000002,data/raw/tdc/clearance_microsome_az.tab,CHEMBL2207670,CS(=O)(=O)c1ccc2c(C(=O)NC[C@@H](O)CN3CCC(Oc4ccc(C#N)c(Cl)c4)CC3)c[nH]c(=O)c2c1,3.0,8,Clearance_Microsome_AZ,509,,VALID,152.58999999999997,0
CHEMBL1917424,Cc1c(Sc2ccc(Cl)cc2)c2ccc(Cl)cc2n1CC(=O)O,3.0,Cc1c(Sc2ccc(Cl)cc2)c2ccc(Cl)cc2n1CC(=O)O,5.492320000000004,0,0.11764705882352941,1,3,1,"{""number"": ""3.0"", ""relation"": ""="", ""status"": ""VALID""}",366.2690000000001,data/raw/tdc/clearance_microsome_az.tab,CHEMBL1917424,Cc1c(Sc2ccc(Cl)cc2)c2ccc(Cl)cc2n1CC(=O)O,3.0,4,Clearance_Microsome_AZ,510,,VALID,42.230000000000004,0
CHEMBL1789327,Cc1ccc(C#N)c(S[C@H](CCN)c2ccccc2)n1,3.0,Cc1ccc(C#N)c(S[C@H](CCN)c2ccccc2)n1,3.443900000000001,0,0.25,1,4,1,"{""number"": ""3.0"", ""relation"": ""="", ""status"": ""VALID""}",283.4,data/raw/tdc/clearance_microsome_az.tab,CHEMBL1789327,Cc1ccc(C#N)c(S[C@H](CCN)c2ccccc2)n1,3.0,5,Clearance_Microsome_AZ,511,,VALID,62.7,0
CHEMBL373067,Nc1nc2nc(SCc3ccccc3)nc(O)c2s1,3.0,Nc1nc2nc(SCc3ccccc3)nc(O)c2s1,2.6664000000000008,0,0.08333333333333333,1,7,2,"{""number"": ""3.0"", ""relation"": ""="", ""status"": ""VALID""}",290.37300000000005,data/raw/tdc/clearance_microsome_az.tab,CHEMBL373067,Nc1nc2nc(SCc3ccccc3)nc(O)c2s1,3.0,3,Clearance_Microsome_AZ,512,,VALID,84.92,0
CHEMBL203125,O=CN(O)CCCP(=O)(O)O,3.02,O=CN(O)CCCP(=O)(O)O,-0.5982000000000002,0,0.75,1,3,3,"{""number"": ""3.02"", ""relation"": ""="", ""status"": ""VALID""}",183.10000000000002,data/raw/tdc/clearance_microsome_az.tab,CHEMBL203125,O=CN(O)CCCP(=O)(O)O,3.02,5,Clearance_Microsome_AZ,513,,VALID,98.07000000000001,0
CHEMBL669,CN(C)CCC=C1c2ccccc2C=Cc2ccccc21,4.07,CN(C)CCC=C1c2ccccc2C=Cc2ccccc21,4.553800000000004,0,0.2,1,1,0,"{""number"": ""4.07"", ""relation"": ""="", ""status"": ""VALID""}",275.39500000000004,data/raw/tdc/clearance_microsome_az.tab,CHEMBL669,CN(C)CCC=C1c2ccccc2C=Cc2ccccc21,4.07,3,Clearance_Microsome_AZ,514,,VALID,3.24,0
CHEMBL2216870,CC[C@H](Nc1ncnc2[nH]cnc12)c1nc2cccc(F)c2c(=O)n1-c1ccccc1,21.88,CC[C@H](Nc1ncnc2[nH]cnc12)c1nc2cccc(F)c2c(=O)n1-c1ccccc1,3.7543000000000015,0,0.13636363636363635,1,7,2,"{""number"": ""21.88"", ""relation"": ""="", ""status"": ""VALID""}",415.43200000000013,data/raw/tdc/clearance_microsome_az.tab,CHEMBL2216870,CC[C@H](Nc1ncnc2[nH]cnc12)c1nc2cccc(F)c2c(=O)n1-c1ccccc1,21.88,5,Clearance_Microsome_AZ,515,,VALID,101.38000000000002,0
CHEMBL2158775,COc1ccccc1C[C@@H](C(=O)O)N1CCC(CN2CCC(Oc3ccc(Cl)c(Cl)c3)CC2)CC1,8.0,COc1ccccc1C[C@@H](C(=O)O)N1CCC(CN2CCC(Oc3ccc(Cl)c(Cl)c3)CC2)CC1,5.253100000000004,0,0.5185185185185185,1,5,1,"{""number"": ""8.0"", ""relation"": ""="", ""status"": ""VALID""}",521.4850000000002,data/raw/tdc/clearance_microsome_az.tab,CHEMBL2158775,COc1ccccc1C[C@@H](C(=O)O)N1CCC(CN2CCC(Oc3ccc(Cl)c(Cl)c3)CC2)CC1,8.0,9,Clearance_Microsome_AZ,516,,VALID,62.24000000000001,0
CHEMBL1090090,NC(=O)c1ccc(N(C(N)=O)c2c(F)cccc2F)nc1-c1ccc(F)cc1F,5.13,NC(=O)c1ccc(N(C(N)=O)c2c(F)cccc2F)nc1-c1ccc(F)cc1F,3.620700000000001,0,0.0,1,3,2,"{""number"": ""5.13"", ""relation"": ""="", ""status"": ""VALID""}",404.32300000000004,data/raw/tdc/clearance_microsome_az.tab,CHEMBL1090090,NC(=O)c1ccc(N(C(N)=O)c2c(F)cccc2F)nc1-c1ccc(F)cc1F,5.13,4,Clearance_Microsome_AZ,517,,VALID,102.31000000000002,0
CHEMBL2171048,Cc1ccc(S(=O)(=O)NC(=O)N2CCC(N3CCC(Oc4ccc(Cl)cc4C)CC3)CC2)cc1,6.0,Cc1ccc(S(=O)(=O)NC(=O)N2CCC(N3CCC(Oc4ccc(Cl)cc4C)CC3)CC2)cc1,4.362940000000004,0,0.48,1,5,1,"{""number"": ""6.0"", ""relation"": ""="", ""status"": ""VALID""}",506.0680000000003,data/raw/tdc/clearance_microsome_az.tab,CHEMBL2171048,Cc1ccc(S(=O)(=O)NC(=O)N2CCC(N3CCC(Oc4ccc(Cl)cc4C)CC3)CC2)cc1,6.0,5,Clearance_Microsome_AZ,518,,VALID,78.95,0
CHEMBL1800657,CCCN(CCNCCc1ccc(O)c2[nH]c(=O)sc12)C(=O)CCOCCc1ccccc1,150.0,CCCN(CCNCCc1ccc(O)c2[nH]c(=O)sc12)C(=O)CCOCCc1ccccc1,3.3153000000000015,0,0.44,1,6,3,"{""number"": ""150.0"", ""relation"": ""="", ""status"": ""VALID""}",471.62300000000033,data/raw/tdc/clearance_microsome_az.tab,CHEMBL1800657,CCCN(CCNCCc1ccc(O)c2[nH]c(=O)sc12)C(=O)CCOCCc1ccccc1,150.0,14,Clearance_Microsome_AZ,519,,VALID,94.66000000000001,0
CHEMBL1429296,COc1ccccc1CN1C(=O)c2ccccc2C1C(=O)NC1CCC(C)CC1,150.0,COc1ccccc1CN1C(=O)c2ccccc2C1C(=O)NC1CCC(C)CC1,4.087200000000003,0,0.4166666666666667,1,3,1,"{""number"": ""150.0"", ""relation"": ""="", ""status"": ""VALID""}",392.4990000000002,data/raw/tdc/clearance_microsome_az.tab,CHEMBL1429296,COc1ccccc1CN1C(=O)c2ccccc2C1C(=O)NC1CCC(C)CC1,150.0,5,Clearance_Microsome_AZ,520,,VALID,58.64,3
CHEMBL2169919,CC(C)N(CCCNC(=O)Nc1ccc(C(C)(C)C)cc1)C[C@H]1O[C@@H](n2ccc3c(N)ncnc32)[C@H](O)[C@@H]1O,150.0,CC(C)N(CCCNC(=O)Nc1ccc(C(C)(C)C)cc1)C[C@H]1O[C@@H](n2ccc3c(N)ncnc32)[C@H](O)[C@@H]1O,2.8524000000000007,0,0.5357142857142857,1,9,5,"{""number"": ""150.0"", ""relation"": ""="", ""status"": ""VALID""}",539.6810000000004,data/raw/tdc/clearance_microsome_az.tab,CHEMBL2169919,CC(C)N(CCCNC(=O)Nc1ccc(C(C)(C)C)cc1)C[C@H]1O[C@@H](n2ccc3c(N)ncnc32)[C@H](O)[C@@H]1O,150.0,9,Clearance_Microsome_AZ,521,,VALID,150.79,0
CHEMBL324875,Cc1ccc(CCOCCNS(=O)(=O)CCCNCCc2ccc(O)c3nc(O)sc23)cc1,150.0,Cc1ccc(CCOCCNS(=O)(=O)CCCNCCc2ccc(O)c3nc(O)sc23)cc1,2.716820000000002,0,0.43478260869565216,1,8,4,"{""number"": ""150.0"", ""relation"": ""="", ""status"": ""VALID""}",493.65100000000024,data/raw/tdc/clearance_microsome_az.tab,CHEMBL324875,Cc1ccc(CCOCCNS(=O)(=O)CCCNCCc2ccc(O)c3nc(O)sc23)cc1,150.0,14,Clearance_Microsome_AZ,522,,VALID,120.78,0
CHEMBL341226,COc1cccc(NC(=O)CC23CC4CC(CC(C4)C2)C3)c1C,150.0,COc1cccc(NC(=O)CC23CC4CC(CC(C4)C2)C3)c1C,4.548620000000004,0,0.65,1,2,1,"{""number"": ""150.0"", ""relation"": ""="", ""status"": ""VALID""}",313.4410000000001,data/raw/tdc/clearance_microsome_az.tab,CHEMBL341226,COc1cccc(NC(=O)CC23CC4CC(CC(C4)C2)C3)c1C,150.0,4,Clearance_Microsome_AZ,523,,VALID,38.33,4
CHEMBL407960,COc1ccc(OC)c(CNc2n[nH]c3ccnc(Oc4ccccc4)c23)c1,74.0,COc1ccc(OC)c(CNc2n[nH]c3ccnc(Oc4ccccc4)c23)c1,4.379500000000003,0,0.14285714285714285,1,6,2,"{""number"": ""74.0"", ""relation"": ""="", ""status"": ""VALID""}",376.4160000000001,data/raw/tdc/clearance_microsome_az.tab,CHEMBL407960,COc1ccc(OC)c(CNc2n[nH]c3ccnc(Oc4ccccc4)c23)c1,74.0,7,Clearance_Microsome_AZ,524,,VALID,81.29,0
CHEMBL108546,Oc1nc2c(O)ccc(CCNCCCOCCOCCc3ccccc3)c2s1,21.0,Oc1nc2c(O)ccc(CCNCCCOCCOCCc3ccccc3)c2s1,3.505600000000003,0,0.4090909090909091,1,7,3,"{""number"": ""21.0"", ""relation"": ""="", ""status"": ""VALID""}",416.54300000000006,data/raw/tdc/clearance_microsome_az.tab,CHEMBL108546,Oc1nc2c(O)ccc(CCNCCCOCCOCCc3ccccc3)c2s1,21.0,13,Clearance_Microsome_AZ,525,,VALID,83.84000000000002,0
CHEMBL1807829,O=c1[nH]c2c(O)ccc([C@@H](O)CNCCSCCCNCCc3cccc(Cl)c3Cl)c2s1,10.5,O=c1[nH]c2c(O)ccc([C@@H](O)CNCCSCCCNCCc3cccc(Cl)c3Cl)c2s1,4.180600000000003,0,0.4090909090909091,1,7,5,"{""number"": ""10.5"", ""relation"": ""="", ""status"": ""VALID""}",516.5160000000002,data/raw/tdc/clearance_microsome_az.tab,CHEMBL1807829,O=c1[nH]c2c(O)ccc([C@@H](O)CNCCSCCCNCCc3cccc(Cl)c3Cl)c2s1,10.5,13,Clearance_Microsome_AZ,526,,VALID,97.38000000000001,0
CHEMBL550777,NC1CCN(c2nccc(C(=O)NCC34CC5CC(CC(C5)C3)C4)c2Cl)CC1,41.0,NC1CCN(c2nccc(C(=O)NCC34CC5CC(CC(C5)C3)C4)c2Cl)CC1,3.6087000000000016,0,0.7272727272727273,1,4,2,"{""number"": ""41.0"", ""relation"": ""="", ""status"": ""VALID""}",402.97000000000025,data/raw/tdc/clearance_microsome_az.tab,CHEMBL550777,NC1CCN(c2nccc(C(=O)NCC34CC5CC(CC(C5)C3)C4)c2Cl)CC1,41.0,4,Clearance_Microsome_AZ,527,,VALID,71.25,4
CHEMBL2023704,COc1ccc(-c2ccnc(N)n2)cc1,41.0,COc1ccc(-c2ccnc(N)n2)cc1,1.7343999999999997,0,0.09090909090909091,1,4,1,"{""number"": ""41.0"", ""relation"": ""="", ""status"": ""VALID""}",201.22899999999998,data/raw/tdc/clearance_microsome_az.tab,CHEMBL2023704,COc1ccc(-c2ccnc(N)n2)cc1,41.0,2,Clearance_Microsome_AZ,528,,VALID,61.03,0
CHEMBL1209914,CC(=O)N1N=C(c2ccc(Br)cc2)CC1c1ccc(C)cc1,41.69,CC(=O)N1N=C(c2ccc(Br)cc2)CC1c1ccc(C)cc1,4.4551200000000035,0,0.2222222222222222,1,2,0,"{""number"": ""41.69"", ""relation"": ""="", ""status"": ""VALID""}",357.25100000000003,data/raw/tdc/clearance_microsome_az.tab,CHEMBL1209914,CC(=O)N1N=C(c2ccc(Br)cc2)CC1c1ccc(C)cc1,41.69,2,Clearance_Microsome_AZ,529,,VALID,32.67,1
CHEMBL2069623,Nc1ncnc2c1c(COc1cccc(Cl)c1)nn2C1CCOCC1,46.77,Nc1ncnc2c1c(COc1cccc(Cl)c1)nn2C1CCOCC1,2.992400000000001,0,0.35294117647058826,1,7,1,"{""number"": ""46.77"", ""relation"": ""="", ""status"": ""VALID""}",359.8170000000002,data/raw/tdc/clearance_microsome_az.tab,CHEMBL2069623,Nc1ncnc2c1c(COc1cccc(Cl)c1)nn2C1CCOCC1,46.77,4,Clearance_Microsome_AZ,530,,VALID,88.08,0
CHEMBL1945040,COc1ccccc1CNCc1ccc(CCNC[C@H](O)c2ccc(O)c3[nH]c(=O)sc23)cc1,22.0,COc1ccccc1CNCc1ccc(CCNC[C@H](O)c2ccc(O)c3[nH]c(=O)sc23)cc1,3.4593000000000007,0,0.2692307692307692,1,7,5,"{""number"": ""22.0"", ""relation"": ""="", ""status"": ""VALID""}",479.60200000000015,data/raw/tdc/clearance_microsome_az.tab,CHEMBL1945040,COc1ccccc1CNCc1ccc(CCNC[C@H](O)c2ccc(O)c3[nH]c(=O)sc23)cc1,22.0,11,Clearance_Microsome_AZ,531,,VALID,106.60999999999999,0
CHEMBL2207276,Cc1cc(Cl)ccc1OC1CCN(C[C@H](O)CNC(=O)c2c[nH]c(=O)c3cc(S(C)(=O)=O)ccc23)CC1,14.0,Cc1cc(Cl)ccc1OC1CCN(C[C@H](O)CNC(=O)c2c[nH]c(=O)c3cc(S(C)(=O)=O)ccc23)CC1,2.52752,0,0.38461538461538464,1,7,3,"{""number"": ""14.0"", ""relation"": ""="", ""status"": ""VALID""}",548.061,data/raw/tdc/clearance_microsome_az.tab,CHEMBL2207276,Cc1cc(Cl)ccc1OC1CCN(C[C@H](O)CNC(=O)c2c[nH]c(=O)c3cc(S(C)(=O)=O)ccc23)CC1,14.0,8,Clearance_Microsome_AZ,532,,VALID,128.79999999999998,0
CHEMBL100391,CN(C)CC(O)COc1ccc(Nc2ncc(Cl)c(Nc3ccccc3)n2)cc1,5.0,CN(C)CC(O)COc1ccc(Nc2ncc(Cl)c(Nc3ccccc3)n2)cc1,3.9185000000000016,0,0.23809523809523808,1,7,3,"{""number"": ""5.0"", ""relation"": ""="", ""status"": ""VALID""}",413.90900000000005,data/raw/tdc/clearance_microsome_az.tab,CHEMBL100391,CN(C)CC(O)COc1ccc(Nc2ncc(Cl)c(Nc3ccccc3)n2)cc1,5.0,9,Clearance_Microsome_AZ,533,,VALID,82.54,1
CHEMBL1086473,CCCCc1nc2c(N)nc3ccccc3c2n1Cc1ccccc1,6.0,CCCCc1nc2c(N)nc3ccccc3c2n1Cc1ccccc1,4.5576000000000025,0,0.23809523809523808,1,4,1,"{""number"": ""6.0"", ""relation"": ""="", ""status"": ""VALID""}",330.43500000000006,data/raw/tdc/clearance_microsome_az.tab,CHEMBL1086473,CCCCc1nc2c(N)nc3ccccc3c2n1Cc1ccccc1,6.0,5,Clearance_Microsome_AZ,534,,VALID,56.73,0
CHEMBL1778618,N#Cc1ccc(OCC(=O)O)c(-c2ccccc2)c1,6.0,N#Cc1ccc(OCC(=O)O)c(-c2ccccc2)c1,2.6886800000000006,0,0.06666666666666667,1,3,1,"{""number"": ""6.0"", ""relation"": ""="", ""status"": ""VALID""}",253.257,data/raw/tdc/clearance_microsome_az.tab,CHEMBL1778618,N#Cc1ccc(OCC(=O)O)c(-c2ccccc2)c1,6.0,4,Clearance_Microsome_AZ,535,,VALID,70.32,0
CHEMBL441550,CC(C)n1c(=O)n(C)c(=O)c2c(C(=O)N3CCS(=O)(=O)C3)c(Cc3ccccc3C(F)(F)F)sc21,6.0,CC(C)n1c(=O)n(C)c(=O)c2c(C(=O)N3CCS(=O)(=O)C3)c(Cc3ccccc3C(F)(F)F)sc21,2.780300000000002,0,0.4090909090909091,1,8,0,"{""number"": ""6.0"", ""relation"": ""="", ""status"": ""VALID""}",529.5620000000001,data/raw/tdc/clearance_microsome_az.tab,CHEMBL441550,CC(C)n1c(=O)n(C)c(=O)c2c(C(=O)N3CCS(=O)(=O)C3)c(Cc3ccccc3C(F)(F)F)sc21,6.0,4,Clearance_Microsome_AZ,536,,VALID,98.44999999999999,0
CHEMBL1439884,CCCCn1c(SCC(=O)Nc2cc(C)on2)nnc1-c1ccco1,150.0,CCCCn1c(SCC(=O)Nc2cc(C)on2)nnc1-c1ccco1,3.365420000000001,0,0.375,1,8,1,"{""number"": ""150.0"", ""relation"": ""="", ""status"": ""VALID""}",361.4270000000001,data/raw/tdc/clearance_microsome_az.tab,CHEMBL1439884,CCCCn1c(SCC(=O)Nc2cc(C)on2)nnc1-c1ccco1,150.0,8,Clearance_Microsome_AZ,537,,VALID,98.98,0
CHEMBL1934414,Cc1ccc(S(=O)(=O)Nc2c(C(=O)N[C@@H](C)C(C)(C)C)c(C)nn2C2CCCC2)cc1,21.0,Cc1ccc(S(=O)(=O)Nc2c(C(=O)N[C@@H](C)C(C)(C)C)c(C)nn2C2CCCC2)cc1,4.580240000000004,0,0.5652173913043478,1,5,2,"{""number"": ""21.0"", ""relation"": ""="", ""status"": ""VALID""}",446.6170000000003,data/raw/tdc/clearance_microsome_az.tab,CHEMBL1934414,Cc1ccc(S(=O)(=O)Nc2c(C(=O)N[C@@H](C)C(C)(C)C)c(C)nn2C2CCCC2)cc1,21.0,6,Clearance_Microsome_AZ,538,,VALID,93.09,0
CHEMBL387125,CON(C)C(=O)c1c(Cn2c(C)nc(Cl)c2Cl)sc2c1c(=O)n(C)c(=O)n2CC(C)C,41.0,CON(C)C(=O)c1c(Cn2c(C)nc(Cl)c2Cl)sc2c1c(=O)n(C)c(=O)n2CC(C)C,2.9111200000000013,0,0.47368421052631576,1,9,0,"{""number"": ""41.0"", ""relation"": ""="", ""status"": ""VALID""}",488.3970000000002,data/raw/tdc/clearance_microsome_az.tab,CHEMBL387125,CON(C)C(=O)c1c(Cn2c(C)nc(Cl)c2Cl)sc2c1c(=O)n(C)c(=O)n2CC(C)C,41.0,6,Clearance_Microsome_AZ,539,,VALID,91.36000000000001,0
CHEMBL271012,C[C@H](CO)Nc1nc(SCc2ccccc2F)nc2[nH]c(=O)sc12,3.0,C[C@H](CO)Nc1nc(SCc2ccccc2F)nc2[nH]c(=O)sc12,2.6037,0,0.26666666666666666,1,7,3,"{""number"": ""3.0"", ""relation"": ""="", ""status"": ""VALID""}",366.44300000000004,data/raw/tdc/clearance_microsome_az.tab,CHEMBL271012,C[C@H](CO)Nc1nc(SCc2ccccc2F)nc2[nH]c(=O)sc12,3.0,6,Clearance_Microsome_AZ,540,,VALID,90.9,0
CHEMBL1779503,O=C(NCCc1ccccc1)c1cc(-n2ncc(=O)[nH]c2=O)ccc1Cl,3.0,O=C(NCCc1ccccc1)c1cc(-n2ncc(=O)[nH]c2=O)ccc1Cl,1.5466999999999995,0,0.1111111111111111,1,5,2,"{""number"": ""3.0"", ""relation"": ""="", ""status"": ""VALID""}",370.79600000000005,data/raw/tdc/clearance_microsome_az.tab,CHEMBL1779503,O=C(NCCc1ccccc1)c1cc(-n2ncc(=O)[nH]c2=O)ccc1Cl,3.0,5,Clearance_Microsome_AZ,541,,VALID,96.85,0
CHEMBL1807821,O=c1[nH]c2c(O)ccc([C@@H](O)CNCCCOCCOCCc3ccccc3)c2s1,9.0,O=c1[nH]c2c(O)ccc([C@@H](O)CNCCCOCCOCCc3ccccc3)c2s1,2.5842,0,0.4090909090909091,1,7,4,"{""number"": ""9.0"", ""relation"": ""="", ""status"": ""VALID""}",432.54200000000014,data/raw/tdc/clearance_microsome_az.tab,CHEMBL1807821,O=c1[nH]c2c(O)ccc([C@@H](O)CNCCCOCCOCCc3ccccc3)c2s1,9.0,13,Clearance_Microsome_AZ,542,,VALID,103.81000000000002,0
CHEMBL1399574,CCOc1ccc(NC(=O)CCc2c(C)nc3nc(C)nn3c2C)cc1,3.0,CCOc1ccc(NC(=O)CCc2c(C)nc3nc(C)nn3c2C)cc1,3.019560000000001,0,0.3684210526315789,1,6,1,"{""number"": ""3.0"", ""relation"": ""="", ""status"": ""VALID""}",353.42600000000004,data/raw/tdc/clearance_microsome_az.tab,CHEMBL1399574,CCOc1ccc(NC(=O)CCc2c(C)nc3nc(C)nn3c2C)cc1,3.0,6,Clearance_Microsome_AZ,543,,VALID,81.41,0
CHEMBL2158819,O=C(O)C(c1ccccc1)N1CCC(CN2CCC(Oc3ccc(Cl)c(Cl)c3)CC2)CC1,3.0,O=C(O)C(c1ccccc1)N1CCC(CN2CCC(Oc3ccc(Cl)c(Cl)c3)CC2)CC1,5.374500000000006,0,0.48,1,4,1,"{""number"": ""3.0"", ""relation"": ""="", ""status"": ""VALID""}",477.43200000000024,data/raw/tdc/clearance_microsome_az.tab,CHEMBL2158819,O=C(O)C(c1ccccc1)N1CCC(CN2CCC(Oc3ccc(Cl)c(Cl)c3)CC2)CC1,3.0,7,Clearance_Microsome_AZ,544,,VALID,53.010000000000005,1
CHEMBL2323239,O=C(CSc1nc2c(c(=O)n1-c1ccccc1)SCC2)Nc1ncc(-c2ccccc2)s1,150.0,O=C(CSc1nc2c(c(=O)n1-c1ccccc1)SCC2)Nc1ncc(-c2ccccc2)s1,4.735000000000003,0,0.13043478260869565,1,8,1,"{""number"": ""150.0"", ""relation"": ""="", ""status"": ""VALID""}",478.6240000000002,data/raw/tdc/clearance_microsome_az.tab,CHEMBL2323239,O=C(CSc1nc2c(c(=O)n1-c1ccccc1)SCC2)Nc1ncc(-c2ccccc2)s1,150.0,6,Clearance_Microsome_AZ,545,,VALID,76.88,0
CHEMBL558748,O=C(NCC1CCCCC1)c1c(Cl)ccc2ncccc12,150.0,O=C(NCC1CCCCC1)c1c(Cl)ccc2ncccc12,4.198300000000003,0,0.4117647058823529,1,2,1,"{""number"": ""150.0"", ""relation"": ""="", ""status"": ""VALID""}",302.805,data/raw/tdc/clearance_microsome_az.tab,CHEMBL558748,O=C(NCC1CCCCC1)c1c(Cl)ccc2ncccc12,150.0,3,Clearance_Microsome_AZ,546,,VALID,41.99,0
CHEMBL1427959,O=C(Nc1nc2ccccc2s1)c1ccccc1,150.0,O=C(Nc1nc2ccccc2s1)c1ccccc1,3.5486000000000013,0,0.0,1,3,1,"{""number"": ""150.0"", ""relation"": ""="", ""status"": ""VALID""}",254.31400000000002,data/raw/tdc/clearance_microsome_az.tab,CHEMBL1427959,O=C(Nc1nc2ccccc2s1)c1ccccc1,150.0,2,Clearance_Microsome_AZ,547,,VALID,41.99,0
CHEMBL1917456,Cc1c(Oc2ccc(Cl)cc2)c2c(NS(C)(=O)=O)cccc2n1CC(=O)O,3.0,Cc1c(Oc2ccc(Cl)cc2)c2c(NS(C)(=O)=O)cccc2n1CC(=O)O,3.8515200000000025,0,0.16666666666666666,1,5,2,"{""number"": ""3.0"", ""relation"": ""="", ""status"": ""VALID""}",408.86300000000017,data/raw/tdc/clearance_microsome_az.tab,CHEMBL1917456,Cc1c(Oc2ccc(Cl)cc2)c2c(NS(C)(=O)=O)cccc2n1CC(=O)O,3.0,6,Clearance_Microsome_AZ,548,,VALID,97.63000000000001,0
CHEMBL2158827,O=C(O)Cc1ccc(N2CCC(CN3CCC(Oc4ccc(Cl)c(Cl)c4)CC3)CC2)cc1,3.0,O=C(O)Cc1ccc(N2CCC(CN3CCC(Oc4ccc(Cl)c(Cl)c4)CC3)CC2)cc1,5.380300000000005,0,0.48,1,4,1,"{""number"": ""3.0"", ""relation"": ""="", ""status"": ""VALID""}",477.43200000000024,data/raw/tdc/clearance_microsome_az.tab,CHEMBL2158827,O=C(O)Cc1ccc(N2CCC(CN3CCC(Oc4ccc(Cl)c(Cl)c4)CC3)CC2)cc1,3.0,7,Clearance_Microsome_AZ,549,,VALID,53.010000000000005,0
CHEMBL370657,Cn1c(-c2ccccc2C(F)(F)F)nnc1C12CCC(c3noc(-c4ccc(F)cc4)n3)(CC1)CC2,3.0,Cn1c(-c2ccccc2C(F)(F)F)nnc1C12CCC(c3noc(-c4ccc(F)cc4)n3)(CC1)CC2,6.2336000000000045,0,0.38461538461538464,1,6,0,"{""number"": ""3.0"", ""relation"": ""="", ""status"": ""VALID""}",497.49600000000027,data/raw/tdc/clearance_microsome_az.tab,CHEMBL370657,Cn1c(-c2ccccc2C(F)(F)F)nnc1C12CCC(c3noc(-c4ccc(F)cc4)n3)(CC1)CC2,3.0,4,Clearance_Microsome_AZ,550,,VALID,69.63,2
CHEMBL180334,CN(C(=O)Cc1ccc(F)cc1)C1CCN(CCC(c2ccccc2)c2ccccc2)CC1,3.0,CN(C(=O)Cc1ccc(F)cc1)C1CCN(CCC(c2ccccc2)c2ccccc2)CC1,5.513200000000006,0,0.3448275862068966,1,2,0,"{""number"": ""3.0"", ""relation"": ""="", ""status"": ""VALID""}",444.5940000000001,data/raw/tdc/clearance_microsome_az.tab,CHEMBL180334,CN(C(=O)Cc1ccc(F)cc1)C1CCN(CCC(c2ccccc2)c2ccccc2)CC1,3.0,8,Clearance_Microsome_AZ,551,,VALID,23.550000000000004,0
CHEMBL254370,CC[C@@H](Nc1c(Nc2cccc(C(=O)N(C)C)c2O)c(=O)c1=O)c1ccccc1,3.0,CC[C@@H](Nc1c(Nc2cccc(C(=O)N(C)C)c2O)c(=O)c1=O)c1ccccc1,2.9968000000000012,0,0.22727272727272727,1,6,3,"{""number"": ""3.0"", ""relation"": ""="", ""status"": ""VALID""}",393.4430000000001,data/raw/tdc/clearance_microsome_az.tab,CHEMBL254370,CC[C@@H](Nc1c(Nc2cccc(C(=O)N(C)C)c2O)c(=O)c1=O)c1ccccc1,3.0,7,Clearance_Microsome_AZ,552,,VALID,98.73999999999998,0
CHEMBL1917454,Cc1c(Oc2ccc(Cl)cc2)c2cc(F)ccc2n1CC(=O)O,3.0,Cc1c(Oc2ccc(Cl)cc2)c2cc(F)ccc2n1CC(=O)O,4.619120000000003,0,0.11764705882352941,1,3,1,"{""number"": ""3.0"", ""relation"": ""="", ""status"": ""VALID""}",333.7460000000001,data/raw/tdc/clearance_microsome_az.tab,CHEMBL1917454,Cc1c(Oc2ccc(Cl)cc2)c2cc(F)ccc2n1CC(=O)O,3.0,4,Clearance_Microsome_AZ,553,,VALID,51.46,0
CHEMBL1773254,O=C(O)CCc1ccc(OCc2cccc(Br)c2)cc1,3.0,O=C(O)CCc1ccc(OCc2cccc(Br)c2)cc1,4.045300000000003,0,0.1875,1,2,1,"{""number"": ""3.0"", ""relation"": ""="", ""status"": ""VALID""}",335.197,data/raw/tdc/clearance_microsome_az.tab,CHEMBL1773254,O=C(O)CCc1ccc(OCc2cccc(Br)c2)cc1,3.0,6,Clearance_Microsome_AZ,554,,VALID,46.53,0
CHEMBL257027,C[C@H](CO)Nc1nc(SCc2ccccc2)nc2[nH]c(=O)[nH]c12,3.0,C[C@H](CO)Nc1nc(SCc2ccccc2)nc2[nH]c(=O)[nH]c12,1.7311999999999996,0,0.26666666666666666,1,6,4,"{""number"": ""3.0"", ""relation"": ""="", ""status"": ""VALID""}",331.40100000000007,data/raw/tdc/clearance_microsome_az.tab,CHEMBL257027,C[C@H](CO)Nc1nc(SCc2ccccc2)nc2[nH]c(=O)[nH]c12,3.0,6,Clearance_Microsome_AZ,555,,VALID,106.69,0
CHEMBL1084863,NS(=O)(=O)c1ccc(Nc2nccc(-c3ccccc3)n2)cc1,3.0,NS(=O)(=O)c1ccc(Nc2nccc(-c3ccccc3)n2)cc1,2.534600000000001,0,0.0,1,5,2,"{""number"": ""3.0"", ""relation"": ""="", ""status"": ""VALID""}",326.38100000000003,data/raw/tdc/clearance_microsome_az.tab,CHEMBL1084863,NS(=O)(=O)c1ccc(Nc2nccc(-c3ccccc3)n2)cc1,3.0,4,Clearance_Microsome_AZ,556,,VALID,97.97,0
CHEMBL1689119,C[C@H]1CN(Cc2cc(Cl)ccc2OCC(=O)O)CCN1S(=O)(=O)c1ccccc1,5.0,C[C@H]1CN(Cc2cc(Cl)ccc2OCC(=O)O)CCN1S(=O)(=O)c1ccccc1,2.6984000000000012,0,0.35,1,5,1,"{""number"": ""5.0"", ""relation"": ""="", ""status"": ""VALID""}",438.93300000000016,data/raw/tdc/clearance_microsome_az.tab,CHEMBL1689119,C[C@H]1CN(Cc2cc(Cl)ccc2OCC(=O)O)CCN1S(=O)(=O)c1ccccc1,5.0,7,Clearance_Microsome_AZ,557,,VALID,87.15,0
CHEMBL2207662,O=C(NC[C@@H](O)CN1CCC(Oc2ccc(Cl)c(Cl)c2)CC1)c1c[nH]c(=O)cc1C(F)(F)F,6.0,O=C(NC[C@@H](O)CN1CCC(Oc2ccc(Cl)c(Cl)c2)CC1)c1c[nH]c(=O)cc1C(F)(F)F,3.334600000000001,0,0.42857142857142855,1,5,3,"{""number"": ""6.0"", ""relation"": ""="", ""status"": ""VALID""}",508.32400000000024,data/raw/tdc/clearance_microsome_az.tab,CHEMBL2207662,O=C(NC[C@@H](O)CN1CCC(Oc2ccc(Cl)c(Cl)c2)CC1)c1c[nH]c(=O)cc1C(F)(F)F,6.0,7,Clearance_Microsome_AZ,558,,VALID,94.66,0
CHEMBL313907,O=S(=O)(Nc1nc(-c2ccccc2)nn1Cc1ccccc1)c1ccccc1,5.0,O=S(=O)(Nc1nc(-c2ccccc2)nn1Cc1ccccc1)c1ccccc1,3.7942000000000027,0,0.047619047619047616,1,5,1,"{""number"": ""5.0"", ""relation"": ""="", ""status"": ""VALID""}",390.4680000000001,data/raw/tdc/clearance_microsome_az.tab,CHEMBL313907,O=S(=O)(Nc1nc(-c2ccccc2)nn1Cc1ccccc1)c1ccccc1,5.0,6,Clearance_Microsome_AZ,559,,VALID,76.88,0
CHEMBL2207664,Cc1c(Cl)ccc(OC2CCN(C[C@H](O)CNC(=O)c3c[nH]c(=O)cc3C(F)(F)F)CC2)c1Cl,6.0,Cc1c(Cl)ccc(OC2CCN(C[C@H](O)CNC(=O)c3c[nH]c(=O)cc3C(F)(F)F)CC2)c1Cl,3.643020000000001,0,0.45454545454545453,1,5,3,"{""number"": ""6.0"", ""relation"": ""="", ""status"": ""VALID""}",522.3510000000002,data/raw/tdc/clearance_microsome_az.tab,CHEMBL2207664,Cc1c(Cl)ccc(OC2CCN(C[C@H](O)CNC(=O)c3c[nH]c(=O)cc3C(F)(F)F)CC2)c1Cl,6.0,7,Clearance_Microsome_AZ,560,,VALID,94.66,0
CHEMBL2018954,COc1ccc(COc2nc(Br)cnc2NS(=O)(=O)c2ccc(C)cc2)cc1OCCN(C)C,7.0,COc1ccc(COc2nc(Br)cnc2NS(=O)(=O)c2ccc(C)cc2)cc1OCCN(C)C,3.8763200000000033,0,0.30434782608695654,1,8,1,"{""number"": ""7.0"", ""relation"": ""="", ""status"": ""VALID""}",551.4630000000002,data/raw/tdc/clearance_microsome_az.tab,CHEMBL2018954,COc1ccc(COc2nc(Br)cnc2NS(=O)(=O)c2ccc(C)cc2)cc1OCCN(C)C,7.0,11,Clearance_Microsome_AZ,561,,VALID,102.88,0
CHEMBL2031224,COc1ccccc1C(=O)Nc1ccc(C)c(-n2cnc3ccc(N4CCN(C)CC4)cc3c2=O)c1,7.0,COc1ccccc1C(=O)Nc1ccc(C)c(-n2cnc3ccc(N4CCN(C)CC4)cc3c2=O)c1,3.7068200000000022,0,0.25,1,7,1,"{""number"": ""7.0"", ""relation"": ""="", ""status"": ""VALID""}",483.57200000000034,data/raw/tdc/clearance_microsome_az.tab,CHEMBL2031224,COc1ccccc1C(=O)Nc1ccc(C)c(-n2cnc3ccc(N4CCN(C)CC4)cc3c2=O)c1,7.0,5,Clearance_Microsome_AZ,562,,VALID,79.7,0
CHEMBL1689115,O=C(O)COc1ccc(Cl)cc1CN1CCCN(S(=O)(=O)Cc2ccccc2)CC1,5.0,O=C(O)COc1ccc(Cl)cc1CN1CCCN(S(=O)(=O)Cc2ccccc2)CC1,2.8411000000000017,0,0.38095238095238093,1,5,1,"{""number"": ""5.0"", ""relation"": ""="", ""status"": ""VALID""}",452.96000000000015,data/raw/tdc/clearance_microsome_az.tab,CHEMBL1689115,O=C(O)COc1ccc(Cl)cc1CN1CCCN(S(=O)(=O)Cc2ccccc2)CC1,5.0,8,Clearance_Microsome_AZ,563,,VALID,87.15,0
CHEMBL211631,COc1cccc2c(-c3c(C)n(CC(=O)O)c4ccc(C)cc34)ccnc12,5.0,COc1cccc2c(-c3c(C)n(CC(=O)O)c4ccc(C)cc34)ccnc12,4.566540000000003,0,0.18181818181818182,1,4,1,"{""number"": ""5.0"", ""relation"": ""="", ""status"": ""VALID""}",360.41300000000007,data/raw/tdc/clearance_microsome_az.tab,CHEMBL211631,COc1cccc2c(-c3c(C)n(CC(=O)O)c4ccc(C)cc34)ccnc12,5.0,4,Clearance_Microsome_AZ,564,,VALID,64.35,0
CHEMBL284275,COc1ccc(Cc2c(N)n[nH]c2N)cc1,5.37,COc1ccc(Cc2c(N)n[nH]c2N)cc1,1.1734999999999998,0,0.18181818181818182,1,4,3,"{""number"": ""5.37"", ""relation"": ""="", ""status"": ""VALID""}",218.26,data/raw/tdc/clearance_microsome_az.tab,CHEMBL284275,COc1ccc(Cc2c(N)n[nH]c2N)cc1,5.37,3,Clearance_Microsome_AZ,565,,VALID,89.95,0
CHEMBL2208422,N#Cc1cccc(S(=O)(=O)NC[C@@H](O)CN2CCC(Oc3ccc(Cl)c(Cl)c3)CC2)c1,7.0,N#Cc1cccc(S(=O)(=O)NC[C@@H](O)CN2CCC(Oc3ccc(Cl)c(Cl)c3)CC2)c1,3.0476800000000015,0,0.38095238095238093,1,6,2,"{""number"": ""7.0"", ""relation"": ""="", ""status"": ""VALID""}",484.4050000000002,data/raw/tdc/clearance_microsome_az.tab,CHEMBL2208422,N#Cc1cccc(S(=O)(=O)NC[C@@H](O)CN2CCC(Oc3ccc(Cl)c(Cl)c3)CC2)c1,7.0,8,Clearance_Microsome_AZ,566,,VALID,102.66,0
CHEMBL2017259,N#Cc1ccc(C(=O)Nc2ccc(-n3ccnc3)nc2)cc1,6.31,N#Cc1ccc(C(=O)Nc2ccc(-n3ccnc3)nc2)cc1,2.39128,0,0.0,1,5,1,"{""number"": ""6.31"", ""relation"": ""="", ""status"": ""VALID""}",289.298,data/raw/tdc/clearance_microsome_az.tab,CHEMBL2017259,N#Cc1ccc(C(=O)Nc2ccc(-n3ccnc3)nc2)cc1,6.31,3,Clearance_Microsome_AZ,567,,VALID,83.60000000000001,0
CHEMBL2070946,N#Cc1cnc(N2CCN(C(=O)[C@@H]3CCCC[C@H]3C(=O)NC3(C#N)CC3)CC2)s1,6.76,N#Cc1cnc(N2CCN(C(=O)[C@@H]3CCCC[C@H]3C(=O)NC3(C#N)CC3)CC2)s1,1.6421599999999998,0,0.65,1,7,1,"{""number"": ""6.76"", ""relation"": ""="", ""status"": ""VALID""}",412.5190000000002,data/raw/tdc/clearance_microsome_az.tab,CHEMBL2070946,N#Cc1cnc(N2CCN(C(=O)[C@@H]3CCCC[C@H]3C(=O)NC3(C#N)CC3)CC2)s1,6.76,4,Clearance_Microsome_AZ,568,,VALID,113.12,0
CHEMBL521509,O=C(NC1CC1)c1cn(-c2cccc(C#Cc3cccnc3)c2)c2ncccc2c1=O,7.0,O=C(NC1CC1)c1cn(-c2cccc(C#Cc3cccnc3)c2)c2ncccc2c1=O,3.072700000000001,0,0.12,1,5,1,"{""number"": ""7.0"", ""relation"": ""="", ""status"": ""VALID""}",406.44500000000016,data/raw/tdc/clearance_microsome_az.tab,CHEMBL521509,O=C(NC1CC1)c1cn(-c2cccc(C#Cc3cccnc3)c2)c2ncccc2c1=O,7.0,3,Clearance_Microsome_AZ,569,,VALID,76.88,0
CHEMBL1778637,CS(=O)(=O)c1ccc(-c2cc(C(F)(F)F)ccc2OCC(=O)O)c(Cl)c1,3.0,CS(=O)(=O)c1ccc(-c2cc(C(F)(F)F)ccc2OCC(=O)O)c(Cl)c1,3.8927000000000023,0,0.1875,1,4,1,"{""number"": ""3.0"", ""relation"": ""="", ""status"": ""VALID""}",408.7810000000002,data/raw/tdc/clearance_microsome_az.tab,CHEMBL1778637,CS(=O)(=O)c1ccc(-c2cc(C(F)(F)F)ccc2OCC(=O)O)c(Cl)c1,3.0,5,Clearance_Microsome_AZ,570,,VALID,80.67,0
CHEMBL2171024,O=C(O)c1cccc(C(=O)N2CCC(N3CCC(Oc4ccc(Cl)c(Cl)c4)CC3)CC2)c1,3.0,O=C(O)c1cccc(C(=O)N2CCC(N3CCC(Oc4ccc(Cl)c(Cl)c4)CC3)CC2)c1,4.839600000000005,0,0.4166666666666667,1,4,1,"{""number"": ""3.0"", ""relation"": ""="", ""status"": ""VALID""}",477.38800000000026,data/raw/tdc/clearance_microsome_az.tab,CHEMBL2171024,O=C(O)c1cccc(C(=O)N2CCC(N3CCC(Oc4ccc(Cl)c(Cl)c4)CC3)CC2)c1,3.0,5,Clearance_Microsome_AZ,571,,VALID,70.08,0
CHEMBL1778652,CCS(=O)(=O)c1ccc(-c2cc(C(F)(F)F)ccc2CCC(=O)O)c(C)c1,3.0,CCS(=O)(=O)c1ccc(-c2cc(C(F)(F)F)ccc2CCC(=O)O)c(C)c1,4.491620000000003,0,0.3157894736842105,1,3,1,"{""number"": ""3.0"", ""relation"": ""="", ""status"": ""VALID""}",400.4180000000002,data/raw/tdc/clearance_microsome_az.tab,CHEMBL1778652,CCS(=O)(=O)c1ccc(-c2cc(C(F)(F)F)ccc2CCC(=O)O)c(C)c1,3.0,6,Clearance_Microsome_AZ,572,,VALID,71.44,0
CHEMBL1917431,Cc1c(Sc2ccc(Cl)cc2)c2cc(S(C)(=O)=O)ccc2n1CC(=O)O,3.0,Cc1c(Sc2ccc(Cl)cc2)c2cc(S(C)(=O)=O)ccc2n1CC(=O)O,4.242420000000003,0,0.16666666666666666,1,5,1,"{""number"": ""3.0"", ""relation"": ""="", ""status"": ""VALID""}",409.91600000000017,data/raw/tdc/clearance_microsome_az.tab,CHEMBL1917431,Cc1c(Sc2ccc(Cl)cc2)c2cc(S(C)(=O)=O)ccc2n1CC(=O)O,3.0,5,Clearance_Microsome_AZ,573,,VALID,76.37,0
CHEMBL8232,COc1cccc(Oc2cncnc2O)c1,3.0,COc1cccc(Oc2cncnc2O)c1,1.9830999999999996,0,0.09090909090909091,1,5,1,"{""number"": ""3.0"", ""relation"": ""="", ""status"": ""VALID""}",218.21200000000002,data/raw/tdc/clearance_microsome_az.tab,CHEMBL8232,COc1cccc(Oc2cncnc2O)c1,3.0,3,Clearance_Microsome_AZ,574,,VALID,64.47,0
CHEMBL437526,CCO[C@@H]1OC(=O)C[C@@H]1NC(=O)[C@@H]1CCCN2C(=O)CC[C@H](NC(=O)c3nccc4ccccc34)C(=O)N12,3.0,CCO[C@@H]1OC(=O)C[C@@H]1NC(=O)[C@@H]1CCCN2C(=O)CC[C@H](NC(=O)c3nccc4ccccc34)C(=O)N12,0.6559000000000019,0,0.46153846153846156,1,8,2,"{""number"": ""3.0"", ""relation"": ""="", ""status"": ""VALID""}",523.5460000000003,data/raw/tdc/clearance_microsome_az.tab,CHEMBL437526,CCO[C@@H]1OC(=O)C[C@@H]1NC(=O)[C@@H]1CCCN2C(=O)CC[C@H](NC(=O)c3nccc4ccccc34)C(=O)N12,3.0,6,Clearance_Microsome_AZ,575,,VALID,147.24,0
CHEMBL2158832,O=C(O)c1cccc(CN2CCC(CN3CCC(Oc4ccc(Cl)c(Cl)c4)CC3)CC2)c1,3.0,O=C(O)c1cccc(CN2CCC(CN3CCC(Oc4ccc(Cl)c(Cl)c4)CC3)CC2)c1,5.447000000000005,0,0.48,1,4,1,"{""number"": ""3.0"", ""relation"": ""="", ""status"": ""VALID""}",477.43200000000024,data/raw/tdc/clearance_microsome_az.tab,CHEMBL2158832,O=C(O)c1cccc(CN2CCC(CN3CCC(Oc4ccc(Cl)c(Cl)c4)CC3)CC2)c1,3.0,7,Clearance_Microsome_AZ,576,,VALID,53.010000000000005,0
CHEMBL1689135,C[C@H]1CN(Cc2cc(Cl)ccc2CC(=O)O)CCN1C(=O)Cc1ccc(Cl)cc1,3.0,C[C@H]1CN(Cc2cc(Cl)ccc2CC(=O)O)CCN1C(=O)Cc1ccc(Cl)cc1,3.895900000000003,0,0.36363636363636365,1,3,1,"{""number"": ""3.0"", ""relation"": ""="", ""status"": ""VALID""}",435.3510000000001,data/raw/tdc/clearance_microsome_az.tab,CHEMBL1689135,C[C@H]1CN(Cc2cc(Cl)ccc2CC(=O)O)CCN1C(=O)Cc1ccc(Cl)cc1,3.0,6,Clearance_Microsome_AZ,577,,VALID,60.85000000000001,0
CHEMBL1539037,COc1ccc(NC(=O)CCc2c(C)nc3nc(C)nn3c2C)cc1,3.98,COc1ccc(NC(=O)CCc2c(C)nc3nc(C)nn3c2C)cc1,2.629460000000001,0,0.3333333333333333,1,6,1,"{""number"": ""3.98"", ""relation"": ""="", ""status"": ""VALID""}",339.399,data/raw/tdc/clearance_microsome_az.tab,CHEMBL1539037,COc1ccc(NC(=O)CCc2c(C)nc3nc(C)nn3c2C)cc1,3.98,5,Clearance_Microsome_AZ,578,,VALID,81.41,0
CHEMBL1743245,Cc1ccccc1/N=N/c1ccc(NC(=O)c2ccnn2C)c(C)c1,4.0,Cc1ccccc1/N=N/c1ccc(NC(=O)c2ccnn2C)c(C)c1,4.704640000000004,0,0.15789473684210525,1,5,1,"{""number"": ""4.0"", ""relation"": ""="", ""status"": ""VALID""}",333.3950000000001,data/raw/tdc/clearance_microsome_az.tab,CHEMBL1743245,Cc1ccccc1/N=N/c1ccc(NC(=O)c2ccnn2C)c(C)c1,4.0,4,Clearance_Microsome_AZ,579,,VALID,71.64000000000001,0
CHEMBL350563,CCO/N=C(\c1ccc(Br)cc1)C1CCN(C2(C)CCN(C(=O)c3c(Cl)cncc3Cl)CC2)CC1,4.0,CCO/N=C(\c1ccc(Br)cc1)C1CCN(C2(C)CCN(C(=O)c3c(Cl)cncc3Cl)CC2)CC1,6.298400000000006,0,0.5,1,5,0,"{""number"": ""4.0"", ""relation"": ""="", ""status"": ""VALID""}",582.37,data/raw/tdc/clearance_microsome_az.tab,CHEMBL350563,CCO/N=C(\c1ccc(Br)cc1)C1CCN(C2(C)CCN(C(=O)c3c(Cl)cncc3Cl)CC2)CC1,4.0,6,Clearance_Microsome_AZ,580,,VALID,58.03,0
CHEMBL62136,O=S(=O)(c1ccccc1)N(CC(F)(F)F)c1ccc(C(O)(C(F)(F)F)C(F)(F)F)cc1,3.0,O=S(=O)(c1ccccc1)N(CC(F)(F)F)c1ccc(C(O)(C(F)(F)F)C(F)(F)F)cc1,4.756400000000003,0,0.29411764705882354,1,3,1,"{""number"": ""3.0"", ""relation"": ""="", ""status"": ""VALID""}",481.33599999999996,data/raw/tdc/clearance_microsome_az.tab,CHEMBL62136,O=S(=O)(c1ccccc1)N(CC(F)(F)F)c1ccc(C(O)(C(F)(F)F)C(F)(F)F)cc1,3.0,5,Clearance_Microsome_AZ,581,,VALID,57.61,0
CHEMBL1071,O=C(O)CCc1nc(-c2ccccc2)c(-c2ccccc2)o1,3.0,O=C(O)CCc1nc(-c2ccccc2)c(-c2ccccc2)o1,4.025800000000003,0,0.1111111111111111,1,3,1,"{""number"": ""3.0"", ""relation"": ""="", ""status"": ""VALID""}",293.32200000000006,data/raw/tdc/clearance_microsome_az.tab,CHEMBL1071,O=C(O)CCc1nc(-c2ccccc2)c(-c2ccccc2)o1,3.0,5,Clearance_Microsome_AZ,582,,VALID,63.33,0
CHEMBL9967,CN1CCN(CC(=O)N2c3ccccc3C(=O)Nc3cccnc32)CC1,3.0,CN1CCN(CC(=O)N2c3ccccc3C(=O)Nc3cccnc32)CC1,1.5593999999999992,0,0.3157894736842105,1,5,1,"{""number"": ""3.0"", ""relation"": ""="", ""status"": ""VALID""}",351.41000000000014,data/raw/tdc/clearance_microsome_az.tab,CHEMBL9967,CN1CCN(CC(=O)N2c3ccccc3C(=O)Nc3cccnc32)CC1,3.0,2,Clearance_Microsome_AZ,583,,VALID,68.78,0
CHEMBL1934421,Cc1ccc(S(=O)(=O)Nc2c(C(=O)N[C@@H](C)C(C)(C)C)c(C)nn2C2CCN(CC(F)(F)F)CC2)cc1,3.0,Cc1ccc(S(=O)(=O)Nc2c(C(=O)N[C@@H](C)C(C)(C)C)c(C)nn2C2CCN(CC(F)(F)F)CC2)cc1,4.664340000000005,0,0.6,1,6,2,"{""number"": ""3.0"", ""relation"": ""="", ""status"": ""VALID""}",543.6560000000003,data/raw/tdc/clearance_microsome_az.tab,CHEMBL1934421,Cc1ccc(S(=O)(=O)Nc2c(C(=O)N[C@@H](C)C(C)(C)C)c(C)nn2C2CCN(CC(F)(F)F)CC2)cc1,3.0,7,Clearance_Microsome_AZ,584,,VALID,96.33,0
CHEMBL315708,c1ccc(-c2[nH]nc3ccccc23)cc1,3.0,c1ccc(-c2[nH]nc3ccccc23)cc1,3.2299000000000015,0,0.0,1,1,1,"{""number"": ""3.0"", ""relation"": ""="", ""status"": ""VALID""}",194.23700000000002,data/raw/tdc/clearance_microsome_az.tab,CHEMBL315708,c1ccc(-c2[nH]nc3ccccc23)cc1,3.0,1,Clearance_Microsome_AZ,585,,VALID,28.68,0
CHEMBL2158825,O=C(O)Cc1ccccc1N1CCC(CN2CCC(Oc3ccc(Cl)c(Cl)c3)CC2)CC1,3.0,O=C(O)Cc1ccccc1N1CCC(CN2CCC(Oc3ccc(Cl)c(Cl)c3)CC2)CC1,5.380300000000005,0,0.48,1,4,1,"{""number"": ""3.0"", ""relation"": ""="", ""status"": ""VALID""}",477.43200000000024,data/raw/tdc/clearance_microsome_az.tab,CHEMBL2158825,O=C(O)Cc1ccccc1N1CCC(CN2CCC(Oc3ccc(Cl)c(Cl)c3)CC2)CC1,3.0,7,Clearance_Microsome_AZ,586,,VALID,53.010000000000005,0
CHEMBL1917447,Cc1c(S(=O)(=O)c2ccc(Cl)cc2)c2cc(F)ccc2n1CC(=O)O,3.0,Cc1c(S(=O)(=O)c2ccc(Cl)cc2)c2cc(F)ccc2n1CC(=O)O,3.659620000000002,0,0.11764705882352941,1,4,1,"{""number"": ""3.0"", ""relation"": ""="", ""status"": ""VALID""}",381.8120000000001,data/raw/tdc/clearance_microsome_az.tab,CHEMBL1917447,Cc1c(S(=O)(=O)c2ccc(Cl)cc2)c2cc(F)ccc2n1CC(=O)O,3.0,4,Clearance_Microsome_AZ,587,,VALID,76.37,0
CHEMBL370552,CCN(C(=O)Cc1ccc(S(C)(=O)=O)cc1)C1CCN(CCC(c2ccccc2)c2ccc(NC(=O)C(C)(C)C)cc2)CC1,3.0,CCN(C(=O)Cc1ccc(S(C)(=O)=O)cc1)C1CCN(CCC(c2ccccc2)c2ccc(NC(=O)C(C)(C)C)cc2)CC1,6.1523000000000065,0,0.4444444444444444,1,5,1,"{""number"": ""3.0"", ""relation"": ""="", ""status"": ""VALID""}",617.8560000000001,data/raw/tdc/clearance_microsome_az.tab,CHEMBL370552,CCN(C(=O)Cc1ccc(S(C)(=O)=O)cc1)C1CCN(CCC(c2ccccc2)c2ccc(NC(=O)C(C)(C)C)cc2)CC1,3.0,11,Clearance_Microsome_AZ,588,,VALID,86.78999999999999,1
CHEMBL443,Cc1cc(NS(=O)(=O)c2ccc(N)cc2)no1,3.0,Cc1cc(NS(=O)(=O)c2ccc(N)cc2)no1,1.3660199999999998,0,0.1,1,5,2,"{""number"": ""3.0"", ""relation"": ""="", ""status"": ""VALID""}",253.28300000000002,data/raw/tdc/clearance_microsome_az.tab,CHEMBL443,Cc1cc(NS(=O)(=O)c2ccc(N)cc2)no1,3.0,3,Clearance_Microsome_AZ,589,,VALID,98.22,0
CHEMBL700,Nc1ccc(S(=O)(=O)Nc2ccccn2)cc1,3.0,Nc1ccc(S(=O)(=O)Nc2ccccn2)cc1,1.4646000000000001,0,0.0,1,4,2,"{""number"": ""3.0"", ""relation"": ""="", ""status"": ""VALID""}",249.29500000000004,data/raw/tdc/clearance_microsome_az.tab,CHEMBL700,Nc1ccc(S(=O)(=O)Nc2ccccn2)cc1,3.0,3,Clearance_Microsome_AZ,590,,VALID,85.08,0
CHEMBL2158833,O=C(O)c1ccc(CN2CCC(CN3CCC(Oc4ccc(Cl)c(Cl)c4)CC3)CC2)cc1,3.0,O=C(O)c1ccc(CN2CCC(CN3CCC(Oc4ccc(Cl)c(Cl)c4)CC3)CC2)cc1,5.447000000000006,0,0.48,1,4,1,"{""number"": ""3.0"", ""relation"": ""="", ""status"": ""VALID""}",477.43200000000024,data/raw/tdc/clearance_microsome_az.tab,CHEMBL2158833,O=C(O)c1ccc(CN2CCC(CN3CCC(Oc4ccc(Cl)c(Cl)c4)CC3)CC2)cc1,3.0,7,Clearance_Microsome_AZ,591,,VALID,53.010000000000005,0
CHEMBL1778630,O=C(O)COc1ccc(C(F)(F)F)cc1-c1ccccc1-c1ccccc1,3.0,O=C(O)COc1ccc(C(F)(F)F)cc1-c1ccccc1-c1ccccc1,5.502800000000003,0,0.09523809523809523,1,2,1,"{""number"": ""3.0"", ""relation"": ""="", ""status"": ""VALID""}",372.34200000000004,data/raw/tdc/clearance_microsome_az.tab,CHEMBL1778630,O=C(O)COc1ccc(C(F)(F)F)cc1-c1ccccc1-c1ccccc1,3.0,5,Clearance_Microsome_AZ,592,,VALID,46.53,0
CHEMBL1917426,Cc1c(Sc2ccc(Cl)cc2)c2cc(F)ccc2n1CC(=O)O,3.0,Cc1c(Sc2ccc(Cl)cc2)c2cc(F)ccc2n1CC(=O)O,4.978020000000002,0,0.11764705882352941,1,3,1,"{""number"": ""3.0"", ""relation"": ""="", ""status"": ""VALID""}",349.8140000000001,data/raw/tdc/clearance_microsome_az.tab,CHEMBL1917426,Cc1c(Sc2ccc(Cl)cc2)c2cc(F)ccc2n1CC(=O)O,3.0,4,Clearance_Microsome_AZ,593,,VALID,42.230000000000004,0
CHEMBL305513,Nc1nc2ccccc2[nH]1,3.0,Nc1nc2ccccc2[nH]1,1.1451,0,0.0,1,2,2,"{""number"": ""3.0"", ""relation"": ""="", ""status"": ""VALID""}",133.15399999999997,data/raw/tdc/clearance_microsome_az.tab,CHEMBL305513,Nc1nc2ccccc2[nH]1,3.0,0,Clearance_Microsome_AZ,594,,VALID,54.699999999999996,0
CHEMBL375166,Cc1n[nH]c(C)c1Cc1sc2c(c1C(=O)N1C[C@H](O)CO1)c(=O)n(C)c(=O)n2CC(C)C,4.0,Cc1n[nH]c(C)c1Cc1sc2c(c1C(=O)N1C[C@H](O)CO1)c(=O)n(C)c(=O)n2CC(C)C,1.0967399999999998,0,0.5238095238095238,1,9,2,"{""number"": ""4.0"", ""relation"": ""="", ""status"": ""VALID""}",461.54400000000027,data/raw/tdc/clearance_microsome_az.tab,CHEMBL375166,Cc1n[nH]c(C)c1Cc1sc2c(c1C(=O)N1C[C@H](O)CO1)c(=O)n(C)c(=O)n2CC(C)C,4.0,5,Clearance_Microsome_AZ,595,,VALID,122.45000000000002,0
CHEMBL2207665,Cn1cc(C(=O)NC[C@@H](O)CN2CCC(Oc3ccc(Cl)c(Cl)c3)CC2)c(C(F)(F)F)cc1=O,4.0,Cn1cc(C(=O)NC[C@@H](O)CN2CCC(Oc3ccc(Cl)c(Cl)c3)CC2)c(C(F)(F)F)cc1=O,3.3450000000000015,0,0.45454545454545453,1,6,2,"{""number"": ""4.0"", ""relation"": ""="", ""status"": ""VALID""}",522.3510000000002,data/raw/tdc/clearance_microsome_az.tab,CHEMBL2207665,Cn1cc(C(=O)NC[C@@H](O)CN2CCC(Oc3ccc(Cl)c(Cl)c3)CC2)c(C(F)(F)F)cc1=O,4.0,7,Clearance_Microsome_AZ,596,,VALID,83.80000000000001,0
CHEMBL1531981,Cc1oc(-c2ccccc2)cc1C(=O)Nc1cccc(C(=O)O)c1,4.17,Cc1oc(-c2ccccc2)cc1C(=O)Nc1cccc(C(=O)O)c1,4.205520000000003,0,0.05263157894736842,1,3,2,"{""number"": ""4.17"", ""relation"": ""="", ""status"": ""VALID""}",321.33200000000005,data/raw/tdc/clearance_microsome_az.tab,CHEMBL1531981,Cc1oc(-c2ccccc2)cc1C(=O)Nc1cccc(C(=O)O)c1,4.17,4,Clearance_Microsome_AZ,597,,VALID,79.54,0
CHEMBL2059910,CNC(=O)Nc1nc2ccc(-c3cncc(S(=O)(=O)NC(C)(C)C)c3)cn2n1,3.0,CNC(=O)Nc1nc2ccc(-c3cncc(S(=O)(=O)NC(C)(C)C)c3)cn2n1,1.6193999999999995,0,0.29411764705882354,1,7,3,"{""number"": ""3.0"", ""relation"": ""="", ""status"": ""VALID""}",403.46800000000013,data/raw/tdc/clearance_microsome_az.tab,CHEMBL2059910,CNC(=O)Nc1nc2ccc(-c3cncc(S(=O)(=O)NC(C)(C)C)c3)cn2n1,3.0,4,Clearance_Microsome_AZ,598,,VALID,130.38,0
CHEMBL2158831,O=C(O)c1ccccc1CN1CCC(CN2CCC(Oc3ccc(Cl)c(Cl)c3)CC2)CC1,3.0,O=C(O)c1ccccc1CN1CCC(CN2CCC(Oc3ccc(Cl)c(Cl)c3)CC2)CC1,5.447000000000006,0,0.48,1,4,1,"{""number"": ""3.0"", ""relation"": ""="", ""status"": ""VALID""}",477.43200000000024,data/raw/tdc/clearance_microsome_az.tab,CHEMBL2158831,O=C(O)c1ccccc1CN1CCC(CN2CCC(Oc3ccc(Cl)c(Cl)c3)CC2)CC1,3.0,7,Clearance_Microsome_AZ,599,,VALID,53.010000000000005,0
CHEMBL2171038,Cc1ccccc1S(=O)(=O)NC(=O)N1CCC(N2CCC(Oc3ccc(Cl)c(Cl)c3)CC2)CC1,3.0,Cc1ccccc1S(=O)(=O)NC(=O)N1CCC(N2CCC(Oc3ccc(Cl)c(Cl)c3)CC2)CC1,4.707920000000004,0,0.4583333333333333,1,5,1,"{""number"": ""3.0"", ""relation"": ""="", ""status"": ""VALID""}",526.4860000000002,data/raw/tdc/clearance_microsome_az.tab,CHEMBL2171038,Cc1ccccc1S(=O)(=O)NC(=O)N1CCC(N2CCC(Oc3ccc(Cl)c(Cl)c3)CC2)CC1,3.0,5,Clearance_Microsome_AZ,600,,VALID,78.95,0
CHEMBL1778649,CCS(=O)(=O)c1ccc(-c2cc(C(F)(F)F)ccc2O[C@@H](C)C(=O)O)c(C)c1,3.0,CCS(=O)(=O)c1ccc(-c2cc(C(F)(F)F)ccc2O[C@@H](C)C(=O)O)c(C)c1,4.3263200000000035,0,0.3157894736842105,1,4,1,"{""number"": ""3.0"", ""relation"": ""="", ""status"": ""VALID""}",416.41700000000014,data/raw/tdc/clearance_microsome_az.tab,CHEMBL1778649,CCS(=O)(=O)c1ccc(-c2cc(C(F)(F)F)ccc2O[C@@H](C)C(=O)O)c(C)c1,3.0,6,Clearance_Microsome_AZ,601,,VALID,80.67,0
CHEMBL2207659,Cc1cc(Cl)ccc1OC1CCN(C[C@H](O)CNC(=O)c2c[nH]nc2C(F)(F)F)CC1,3.0,Cc1cc(Cl)ccc1OC1CCN(C[C@H](O)CNC(=O)c2c[nH]nc2C(F)(F)F)CC1,3.02442,0,0.5,1,5,3,"{""number"": ""3.0"", ""relation"": ""="", ""status"": ""VALID""}",460.8840000000001,data/raw/tdc/clearance_microsome_az.tab,CHEMBL2207659,Cc1cc(Cl)ccc1OC1CCN(C[C@H](O)CNC(=O)c2c[nH]nc2C(F)(F)F)CC1,3.0,7,Clearance_Microsome_AZ,602,,VALID,90.48,0
CHEMBL257830,N#Cc1ccc2[nH]c(-c3ccc(F)cc3)c(CCCC(=O)NS(N)(=O)=O)c2c1,3.0,N#Cc1ccc2[nH]c(-c3ccc(F)cc3)c(CCCC(=O)NS(N)(=O)=O)c2c1,2.488079999999999,0,0.15789473684210525,1,4,3,"{""number"": ""3.0"", ""relation"": ""="", ""status"": ""VALID""}",400.43500000000006,data/raw/tdc/clearance_microsome_az.tab,CHEMBL257830,N#Cc1ccc2[nH]c(-c3ccc(F)cc3)c(CCCC(=O)NS(N)(=O)=O)c2c1,3.0,6,Clearance_Microsome_AZ,603,,VALID,128.83999999999997,0
CHEMBL98760,CC(C)NC(=O)c1ccc2c(Nc3ccc(Cl)cc3)nc(N3CCOCC3)nc2c1,3.0,CC(C)NC(=O)c1ccc2c(Nc3ccc(Cl)cc3)nc(N3CCOCC3)nc2c1,4.0016000000000025,0,0.3181818181818182,1,6,2,"{""number"": ""3.0"", ""relation"": ""="", ""status"": ""VALID""}",425.92000000000024,data/raw/tdc/clearance_microsome_az.tab,CHEMBL98760,CC(C)NC(=O)c1ccc2c(Nc3ccc(Cl)cc3)nc(N3CCOCC3)nc2c1,3.0,5,Clearance_Microsome_AZ,604,,VALID,79.38000000000001,0
CHEMBL274713,CCCSc1nc(N[C@@H]2C[C@H]2c2ccccc2)c2nnn([C@@H]3C[C@H](OCCO)[C@@H](O)[C@H]3O)c2n1,3.0,CCCSc1nc(N[C@@H]2C[C@H]2c2ccccc2)c2nnn([C@@H]3C[C@H](OCCO)[C@@H](O)[C@H]3O)c2n1,1.7354999999999987,0,0.5652173913043478,1,11,4,"{""number"": ""3.0"", ""relation"": ""="", ""status"": ""VALID""}",486.59800000000024,data/raw/tdc/clearance_microsome_az.tab,CHEMBL274713,CCCSc1nc(N[C@@H]2C[C@H]2c2ccccc2)c2nnn([C@@H]3C[C@H](OCCO)[C@@H](O)[C@H]3O)c2n1,3.0,10,Clearance_Microsome_AZ,605,,VALID,138.44,0
CHEMBL1829783,C[C@@H](c1ccc(-c2ccc(F)cc2F)cc1)N1CC[C@@](CCO)(c2ccc(F)cc2)OC1=O,3.0,C[C@@H](c1ccc(-c2ccc(F)cc2F)cc1)N1CC[C@@](CCO)(c2ccc(F)cc2)OC1=O,5.952100000000006,0,0.2692307692307692,1,3,1,"{""number"": ""3.0"", ""relation"": ""="", ""status"": ""VALID""}",455.4760000000002,data/raw/tdc/clearance_microsome_az.tab,CHEMBL1829783,C[C@@H](c1ccc(-c2ccc(F)cc2F)cc1)N1CC[C@@](CCO)(c2ccc(F)cc2)OC1=O,3.0,6,Clearance_Microsome_AZ,606,,VALID,49.77,0
CHEMBL403963,C(=C/c1nn[nH]n1)\c1ccccc1,3.0,C(=C/c1nn[nH]n1)\c1ccccc1,1.3700999999999999,0,0.0,1,3,1,"{""number"": ""3.0"", ""relation"": ""="", ""status"": ""VALID""}",172.191,data/raw/tdc/clearance_microsome_az.tab,CHEMBL403963,C(=C/c1nn[nH]n1)\c1ccccc1,3.0,2,Clearance_Microsome_AZ,607,,VALID,54.46,0
CHEMBL2158781,Cc1cc(F)ccc1OC1CCN(CC2CCN([C@@H](Cc3ccc(F)cc3)C(=O)O)CC2)CC1,3.0,Cc1cc(F)ccc1OC1CCN(CC2CCN([C@@H](Cc3ccc(F)cc3)C(=O)O)CC2)CC1,4.524320000000004,0,0.5185185185185185,1,4,1,"{""number"": ""3.0"", ""relation"": ""="", ""status"": ""VALID""}",472.57600000000025,data/raw/tdc/clearance_microsome_az.tab,CHEMBL2158781,Cc1cc(F)ccc1OC1CCN(CC2CCN([C@@H](Cc3ccc(F)cc3)C(=O)O)CC2)CC1,3.0,8,Clearance_Microsome_AZ,608,,VALID,53.010000000000005,0
CHEMBL2158773,Cc1cccc(C[C@@H](C(=O)O)N2CCC(CN3CCC(Oc4ccc(Cl)c(Cl)c4)CC3)CC2)c1,3.0,Cc1cccc(C[C@@H](C(=O)O)N2CCC(CN3CCC(Oc4ccc(Cl)c(Cl)c4)CC3)CC2)c1,5.552920000000005,0,0.5185185185185185,1,4,1,"{""number"": ""3.0"", ""relation"": ""="", ""status"": ""VALID""}",505.48600000000033,data/raw/tdc/clearance_microsome_az.tab,CHEMBL2158773,Cc1cccc(C[C@@H](C(=O)O)N2CCC(CN3CCC(Oc4ccc(Cl)c(Cl)c4)CC3)CC2)c1,3.0,8,Clearance_Microsome_AZ,609,,VALID,53.010000000000005,0
CHEMBL1778620,Nc1ccc(OCC(=O)O)c(-c2ccccc2)c1,3.0,Nc1ccc(OCC(=O)O)c(-c2ccccc2)c1,2.3992000000000004,0,0.07142857142857142,1,3,2,"{""number"": ""3.0"", ""relation"": ""="", ""status"": ""VALID""}",243.26200000000003,data/raw/tdc/clearance_microsome_az.tab,CHEMBL1778620,Nc1ccc(OCC(=O)O)c(-c2ccccc2)c1,3.0,4,Clearance_Microsome_AZ,610,,VALID,72.55,0
CHEMBL1921917,C[C@@](C(=O)O[C@H]1C[N+]2(CCCc3ccncc3)CCC1CC2)(c1ccccc1)N1CCCCC1,45.0,C[C@@](C(=O)O[C@H]1C[N+]2(CCCc3ccncc3)CCC1CC2)(c1ccccc1)N1CCCCC1,4.567700000000005,0,0.5862068965517241,1,4,0,"{""number"": ""45.0"", ""relation"": ""="", ""status"": ""VALID""}",462.6580000000004,data/raw/tdc/clearance_microsome_az.tab,CHEMBL1921917,C[C@@](C(=O)O[C@H]1C[N+]2(CCCc3ccncc3)CCC1CC2)(c1ccccc1)N1CCCCC1,45.0,8,Clearance_Microsome_AZ,611,,VALID,42.43,2
CHEMBL2178393,Nc1nnc(CCSCCc2nnc(NC(=O)Cc3ccccc3)s2)s1,54.95,Nc1nnc(CCSCCc2nnc(NC(=O)Cc3ccccc3)s2)s1,2.6713999999999993,0,0.3125,1,9,2,"{""number"": ""54.95"", ""relation"": ""="", ""status"": ""VALID""}",406.56200000000007,data/raw/tdc/clearance_microsome_az.tab,CHEMBL2178393,Nc1nnc(CCSCCc2nnc(NC(=O)Cc3ccccc3)s2)s1,54.95,9,Clearance_Microsome_AZ,612,,VALID,106.68,0
CHEMBL1263,OCc1cc(C(O)CNCCCCCCOCCCCc2ccccc2)ccc1O,58.0,OCc1cc(C(O)CNCCCCCCOCCCCc2ccccc2)ccc1O,4.107400000000005,0,0.52,1,5,4,"{""number"": ""58.0"", ""relation"": ""="", ""status"": ""VALID""}",415.57400000000007,data/raw/tdc/clearance_microsome_az.tab,CHEMBL1263,OCc1cc(C(O)CNCCCCCCOCCCCc2ccccc2)ccc1O,58.0,16,Clearance_Microsome_AZ,613,,VALID,81.95,1
CHEMBL343199,CCOC(=O)Nc1cc2c(c(N)n1)N=C(c1ccccc1)CCN2,66.07,CCOC(=O)Nc1cc2c(c(N)n1)N=C(c1ccccc1)CCN2,3.1686000000000014,0,0.23529411764705882,1,6,3,"{""number"": ""66.07"", ""relation"": ""="", ""status"": ""VALID""}",325.37200000000007,data/raw/tdc/clearance_microsome_az.tab,CHEMBL343199,CCOC(=O)Nc1cc2c(c(N)n1)N=C(c1ccccc1)CCN2,66.07,3,Clearance_Microsome_AZ,614,,VALID,101.63,0
CHEMBL223402,O=C(Nc1ccccc1F)N[C@H]1N=C(c2ccccc2)c2ccccc2NC1=O,11.22,O=C(Nc1ccccc1F)N[C@H]1N=C(c2ccccc2)c2ccccc2NC1=O,3.7630000000000017,0,0.045454545454545456,1,3,3,"{""number"": ""11.22"", ""relation"": ""="", ""status"": ""VALID""}",388.4020000000001,data/raw/tdc/clearance_microsome_az.tab,CHEMBL223402,O=C(Nc1ccccc1F)N[C@H]1N=C(c2ccccc2)c2ccccc2NC1=O,11.22,3,Clearance_Microsome_AZ,615,,VALID,82.59,0
CHEMBL1412343,Cc1ccccc1NC(=O)CCS(=O)(=O)c1ccc(Br)s1,46.77,Cc1ccccc1NC(=O)CCS(=O)(=O)c1ccc(Br)s1,3.621520000000002,0,0.21428571428571427,1,4,1,"{""number"": ""46.77"", ""relation"": ""="", ""status"": ""VALID""}",388.308,data/raw/tdc/clearance_microsome_az.tab,CHEMBL1412343,Cc1ccccc1NC(=O)CCS(=O)(=O)c1ccc(Br)s1,46.77,5,Clearance_Microsome_AZ,616,,VALID,63.24,0
CHEMBL1164165,O=c1[nH]c(-c2ccc([N+](=O)[O-])cc2)nc2ccccc12,53.7,O=c1[nH]c(-c2ccc([N+](=O)[O-])cc2)nc2ccccc12,2.4983000000000004,0,0.0,1,4,1,"{""number"": ""53.7"", ""relation"": ""="", ""status"": ""VALID""}",267.244,data/raw/tdc/clearance_microsome_az.tab,CHEMBL1164165,O=c1[nH]c(-c2ccc([N+](=O)[O-])cc2)nc2ccccc12,53.7,2,Clearance_Microsome_AZ,617,,VALID,88.89,0
CHEMBL1916267,CCC(CC)NC(=O)c1cnn(Cc2ccccc2)c1NS(=O)(=O)c1ccc(C)cc1,59.0,CCC(CC)NC(=O)c1cnn(Cc2ccccc2)c1NS(=O)(=O)c1ccc(C)cc1,3.9590200000000024,0,0.30434782608695654,1,5,2,"{""number"": ""59.0"", ""relation"": ""="", ""status"": ""VALID""}",440.5690000000002,data/raw/tdc/clearance_microsome_az.tab,CHEMBL1916267,CCC(CC)NC(=O)c1cnn(Cc2ccccc2)c1NS(=O)(=O)c1ccc(C)cc1,59.0,9,Clearance_Microsome_AZ,618,,VALID,93.09,0
CHEMBL511115,COc1ccc([C@]2(C#N)CC[C@@H](C(=O)O)CC2)cc1OC1CCCC1,13.0,COc1ccc([C@]2(C#N)CC[C@@H](C(=O)O)CC2)cc1OC1CCCC1,4.052780000000003,0,0.6,1,4,1,"{""number"": ""13.0"", ""relation"": ""="", ""status"": ""VALID""}",343.4230000000002,data/raw/tdc/clearance_microsome_az.tab,CHEMBL511115,COc1ccc([C@]2(C#N)CC[C@@H](C(=O)O)CC2)cc1OC1CCCC1,13.0,5,Clearance_Microsome_AZ,619,,VALID,79.55,0
CHEMBL109244,O=C(NCCCCCCNCCc1ccc(O)c2nc(O)sc12)Nc1ccccc1,11.0,O=C(NCCCCCCNCCc1ccc(O)c2nc(O)sc12)Nc1ccccc1,4.221700000000003,0,0.36363636363636365,1,6,5,"{""number"": ""11.0"", ""relation"": ""="", ""status"": ""VALID""}",428.5580000000001,data/raw/tdc/clearance_microsome_az.tab,CHEMBL109244,O=C(NCCCCCCNCCc1ccc(O)c2nc(O)sc12)Nc1ccccc1,11.0,11,Clearance_Microsome_AZ,620,,VALID,106.51,0
CHEMBL1857945,CN(C)CCNc1cc(-c2ccccc2)nc2cc(-c3ccc(F)cc3)nn12,11.22,CN(C)CCNc1cc(-c2ccccc2)nc2cc(-c3ccc(F)cc3)nn12,4.175900000000002,0,0.18181818181818182,1,5,1,"{""number"": ""11.22"", ""relation"": ""="", ""status"": ""VALID""}",375.4510000000001,data/raw/tdc/clearance_microsome_az.tab,CHEMBL1857945,CN(C)CCNc1cc(-c2ccccc2)nc2cc(-c3ccc(F)cc3)nn12,11.22,6,Clearance_Microsome_AZ,621,,VALID,45.459999999999994,0
CHEMBL110861,Oc1nc2c(O)ccc(CCNCCOCCCOCCc3ccccc3)c2s1,56.0,Oc1nc2c(O)ccc(CCNCCOCCCOCCc3ccccc3)c2s1,3.505600000000003,0,0.4090909090909091,1,7,3,"{""number"": ""56.0"", ""relation"": ""="", ""status"": ""VALID""}",416.54300000000006,data/raw/tdc/clearance_microsome_az.tab,CHEMBL110861,Oc1nc2c(O)ccc(CCNCCOCCCOCCc3ccccc3)c2s1,56.0,13,Clearance_Microsome_AZ,622,,VALID,83.84000000000002,0
CHEMBL1483,CCCSc1ccc2nc(NC(=O)OC)[nH]c2c1,34.67,CCCSc1ccc2nc(NC(=O)OC)[nH]c2c1,3.2433000000000005,0,0.3333333333333333,1,4,2,"{""number"": ""34.67"", ""relation"": ""="", ""status"": ""VALID""}",265.33799999999997,data/raw/tdc/clearance_microsome_az.tab,CHEMBL1483,CCCSc1ccc2nc(NC(=O)OC)[nH]c2c1,34.67,4,Clearance_Microsome_AZ,623,,VALID,67.00999999999999,0
CHEMBL369311,CCN(C(=O)Cc1ccc(S(C)(=O)=O)cc1)C1CCN(CCC(c2ccccc2)c2ccccc2)CC1,16.0,CCN(C(=O)Cc1ccc(S(C)(=O)=O)cc1)C1CCN(CCC(c2ccccc2)c2ccccc2)CC1,5.167700000000005,0,0.3870967741935484,1,4,0,"{""number"": ""16.0"", ""relation"": ""="", ""status"": ""VALID""}",518.7230000000003,data/raw/tdc/clearance_microsome_az.tab,CHEMBL369311,CCN(C(=O)Cc1ccc(S(C)(=O)=O)cc1)C1CCN(CCC(c2ccccc2)c2ccccc2)CC1,16.0,10,Clearance_Microsome_AZ,624,,VALID,57.690000000000005,0
CHEMBL1917445,Cc1ccc2c(c1)c([S+]([O-])c1ccc(Cl)cc1)c(C)n2CC(=O)O,3.0,Cc1ccc2c(c1)c([S+]([O-])c1ccc(Cl)cc1)c(C)n2CC(=O)O,4.162840000000003,0,0.16666666666666666,1,3,1,"{""number"": ""3.0"", ""relation"": ""="", ""status"": ""VALID""}",361.85000000000014,data/raw/tdc/clearance_microsome_az.tab,CHEMBL1917445,Cc1ccc2c(c1)c([S+]([O-])c1ccc(Cl)cc1)c(C)n2CC(=O)O,3.0,4,Clearance_Microsome_AZ,625,,VALID,65.29,1
CHEMBL211677,Cc1ccc2c(c1)c(-c1cc(C)nc3ccccc13)c(C)n2CC(=O)O,3.0,Cc1ccc2c(c1)c(-c1cc(C)nc3ccccc13)c(C)n2CC(=O)O,4.866360000000004,0,0.18181818181818182,1,3,1,"{""number"": ""3.0"", ""relation"": ""="", ""status"": ""VALID""}",344.41400000000016,data/raw/tdc/clearance_microsome_az.tab,CHEMBL211677,Cc1ccc2c(c1)c(-c1cc(C)nc3ccccc13)c(C)n2CC(=O)O,3.0,3,Clearance_Microsome_AZ,626,,VALID,55.120000000000005,0
CHEMBL2147475,COc1cc(-n2cnc3cc(-c4ccc(Cl)cc4)sc3c2=O)ccc1OC[C@H](OP(=O)(O)O)C1CC1,3.0,COc1cc(-n2cnc3cc(-c4ccc(Cl)cc4)sc3c2=O)ccc1OC[C@H](OP(=O)(O)O)C1CC1,5.042900000000005,0,0.25,1,8,2,"{""number"": ""3.0"", ""relation"": ""="", ""status"": ""VALID""}",548.9410000000001,data/raw/tdc/clearance_microsome_az.tab,CHEMBL2147475,COc1cc(-n2cnc3cc(-c4ccc(Cl)cc4)sc3c2=O)ccc1OC[C@H](OP(=O)(O)O)C1CC1,3.0,9,Clearance_Microsome_AZ,627,,VALID,120.11000000000001,0
CHEMBL154,COc1ccc2cc([C@H](C)C(=O)O)ccc2c1,3.0,COc1ccc2cc([C@H](C)C(=O)O)ccc2c1,3.036500000000001,0,0.21428571428571427,1,2,1,"{""number"": ""3.0"", ""relation"": ""="", ""status"": ""VALID""}",230.26299999999998,data/raw/tdc/clearance_microsome_az.tab,CHEMBL154,COc1ccc2cc([C@H](C)C(=O)O)ccc2c1,3.0,3,Clearance_Microsome_AZ,628,,VALID,46.53,0
CHEMBL1614705,O=C(CO)N1CCC(c2[nH]nc(-c3ccc(Cl)cc3F)c2-c2ccncn2)CC1,3.0,O=C(CO)N1CCC(c2[nH]nc(-c3ccc(Cl)cc3F)c2-c2ccncn2)CC1,3.0245000000000015,0,0.3,1,5,2,"{""number"": ""3.0"", ""relation"": ""="", ""status"": ""VALID""}",415.85600000000017,data/raw/tdc/clearance_microsome_az.tab,CHEMBL1614705,O=C(CO)N1CCC(c2[nH]nc(-c3ccc(Cl)cc3F)c2-c2ccncn2)CC1,3.0,4,Clearance_Microsome_AZ,629,,VALID,95.0,0
CHEMBL2031229,Cc1ccc(NC(=O)c2ccccc2F)cc1-n1cnc2ccc(N3CCN(C)CC3)cc2c1=O,3.0,Cc1ccc(NC(=O)c2ccccc2F)cc1-n1cnc2ccc(N3CCN(C)CC3)cc2c1=O,3.837320000000002,0,0.2222222222222222,1,6,1,"{""number"": ""3.0"", ""relation"": ""="", ""status"": ""VALID""}",471.53600000000034,data/raw/tdc/clearance_microsome_az.tab,CHEMBL2031229,Cc1ccc(NC(=O)c2ccccc2F)cc1-n1cnc2ccc(N3CCN(C)CC3)cc2c1=O,3.0,4,Clearance_Microsome_AZ,630,,VALID,70.47,0
CHEMBL390191,Cc1nc(CSc2nc(N[C@H](C)CO)c3sc(N)nc3n2)cs1,3.0,Cc1nc(CSc2nc(N[C@H](C)CO)c3sc(N)nc3n2)cs1,2.51842,0,0.38461538461538464,1,10,3,"{""number"": ""3.0"", ""relation"": ""="", ""status"": ""VALID""}",368.5130000000001,data/raw/tdc/clearance_microsome_az.tab,CHEMBL390191,Cc1nc(CSc2nc(N[C@H](C)CO)c3sc(N)nc3n2)cs1,3.0,6,Clearance_Microsome_AZ,631,,VALID,109.84,0
CHEMBL2158771,N#Cc1ccc(C[C@@H](C(=O)O)N2CCC(CN3CCC(Oc4ccc(Cl)c(Cl)c4)CC3)CC2)cc1,3.0,N#Cc1ccc(C[C@@H](C(=O)O)N2CCC(CN3CCC(Oc4ccc(Cl)c(Cl)c4)CC3)CC2)cc1,5.116180000000005,0,0.48148148148148145,1,5,1,"{""number"": ""3.0"", ""relation"": ""="", ""status"": ""VALID""}",516.4690000000003,data/raw/tdc/clearance_microsome_az.tab,CHEMBL2158771,N#Cc1ccc(C[C@@H](C(=O)O)N2CCC(CN3CCC(Oc4ccc(Cl)c(Cl)c4)CC3)CC2)cc1,3.0,8,Clearance_Microsome_AZ,632,,VALID,76.8,0
CHEMBL1689126,C[C@H]1CN(Cc2cc(Cl)ccc2OCC(=O)O)CCN1C(=O)Cc1ccccc1,3.0,C[C@H]1CN(Cc2cc(Cl)ccc2OCC(=O)O)CCN1C(=O)Cc1ccccc1,3.078800000000002,0,0.36363636363636365,1,4,1,"{""number"": ""3.0"", ""relation"": ""="", ""status"": ""VALID""}",416.9050000000002,data/raw/tdc/clearance_microsome_az.tab,CHEMBL1689126,C[C@H]1CN(Cc2cc(Cl)ccc2OCC(=O)O)CCN1C(=O)Cc1ccccc1,3.0,7,Clearance_Microsome_AZ,633,,VALID,70.08,0
CHEMBL589973,CCCCNC(=O)c1ccc(Oc2ccc(CC(=O)O)cc2OC)c(NS(=O)(=O)c2ccc(Cl)cc2Cl)c1,3.0,CCCCNC(=O)c1ccc(Oc2ccc(CC(=O)O)cc2OC)c(NS(=O)(=O)c2ccc(Cl)cc2Cl)c1,5.752100000000005,0,0.23076923076923078,1,6,3,"{""number"": ""3.0"", ""relation"": ""="", ""status"": ""VALID""}",581.4740000000002,data/raw/tdc/clearance_microsome_az.tab,CHEMBL589973,CCCCNC(=O)c1ccc(Oc2ccc(CC(=O)O)cc2OC)c(NS(=O)(=O)c2ccc(Cl)cc2Cl)c1,3.0,12,Clearance_Microsome_AZ,634,,VALID,131.03,0
CHEMBL267144,CC(C)[C@H]1C(=O)N[C@H](CO)Cc2ccccc2N1C,30.9,CC(C)[C@H]1C(=O)N[C@H](CO)Cc2ccccc2N1C,1.1805999999999994,0,0.5333333333333333,1,3,2,"{""number"": ""30.9"", ""relation"": ""="", ""status"": ""VALID""}",262.353,data/raw/tdc/clearance_microsome_az.tab,CHEMBL267144,CC(C)[C@H]1C(=O)N[C@H](CO)Cc2ccccc2N1C,30.9,2,Clearance_Microsome_AZ,635,,VALID,52.57,0
CHEMBL557697,O=C(O)c1cccc(-c2ccc3c(C(=O)NCC45CC6CC(CC(C6)C4)C5)c(Cl)ccc3n2)c1,33.0,O=C(O)c1cccc(-c2ccc3c(C(=O)NCC45CC6CC(CC(C6)C4)C5)c(Cl)ccc3n2)c1,6.1996000000000056,0,0.39285714285714285,1,3,2,"{""number"": ""33.0"", ""relation"": ""="", ""status"": ""VALID""}",474.9880000000003,data/raw/tdc/clearance_microsome_az.tab,CHEMBL557697,O=C(O)c1cccc(-c2ccc3c(C(=O)NCC45CC6CC(CC(C6)C4)C5)c(Cl)ccc3n2)c1,33.0,5,Clearance_Microsome_AZ,636,,VALID,79.28999999999999,4
CHEMBL2023489,COc1ccc2c(Oc3ccc(CC(=O)Nc4cn(C)nc4C)c(OC)c3)ccnc2c1,24.55,COc1ccc2c(Oc3ccc(CC(=O)Nc4cn(C)nc4C)c(OC)c3)ccnc2c1,4.267420000000002,0,0.20833333333333334,1,7,1,"{""number"": ""24.55"", ""relation"": ""="", ""status"": ""VALID""}",432.4800000000002,data/raw/tdc/clearance_microsome_az.tab,CHEMBL2023489,COc1ccc2c(Oc3ccc(CC(=O)Nc4cn(C)nc4C)c(OC)c3)ccnc2c1,24.55,7,Clearance_Microsome_AZ,637,,VALID,87.5,0
CHEMBL2325704,CS(=O)(=O)C1(c2cc(N3CCOCC3)nc(-c3cccc4[nH]ccc34)n2)CC1,11.22,CS(=O)(=O)C1(c2cc(N3CCOCC3)nc(-c3cccc4[nH]ccc34)n2)CC1,2.4952000000000005,0,0.4,1,6,1,"{""number"": ""11.22"", ""relation"": ""="", ""status"": ""VALID""}",398.48800000000006,data/raw/tdc/clearance_microsome_az.tab,CHEMBL2325704,CS(=O)(=O)C1(c2cc(N3CCOCC3)nc(-c3cccc4[nH]ccc34)n2)CC1,11.22,4,Clearance_Microsome_AZ,638,,VALID,88.17999999999999,0
CHEMBL1778629,CCS(=O)(=O)c1cccc(-c2cc(C(F)(F)F)ccc2OCC(=O)O)c1,12.0,CCS(=O)(=O)c1cccc(-c2cc(C(F)(F)F)ccc2OCC(=O)O)c1,3.629400000000002,0,0.23529411764705882,1,4,1,"{""number"": ""12.0"", ""relation"": ""="", ""status"": ""VALID""}",388.3630000000001,data/raw/tdc/clearance_microsome_az.tab,CHEMBL1778629,CCS(=O)(=O)c1cccc(-c2cc(C(F)(F)F)ccc2OCC(=O)O)c1,12.0,6,Clearance_Microsome_AZ,639,,VALID,80.67,0
CHEMBL481,CCc1c2c(nc3ccc(OC(=O)N4CCC(N5CCCCC5)CC4)cc13)-c1cc3c(c(=O)n1C2)COC(=O)[C@]3(O)CC,13.49,CCc1c2c(nc3ccc(OC(=O)N4CCC(N5CCCCC5)CC4)cc13)-c1cc3c(c(=O)n1C2)COC(=O)[C@]3(O)CC,4.0911000000000035,0,0.5151515151515151,1,9,1,"{""number"": ""13.49"", ""relation"": ""="", ""status"": ""VALID""}",586.6890000000004,data/raw/tdc/clearance_microsome_az.tab,CHEMBL481,CCc1c2c(nc3ccc(OC(=O)N4CCC(N5CCCCC5)CC4)cc13)-c1cc3c(c(=O)n1C2)COC(=O)[C@]3(O)CC,13.49,4,Clearance_Microsome_AZ,640,,VALID,114.2,0
CHEMBL2207666,O=C(NC[C@@H](O)CN1CCC(Oc2ccc(Cl)c(Cl)c2)CC1)c1c[nH]c(=O)c2ccccc12,17.25,O=C(NC[C@@H](O)CN1CCC(Oc2ccc(Cl)c(Cl)c2)CC1)c1c[nH]c(=O)c2ccccc12,3.469000000000001,0,0.3333333333333333,1,5,3,"{""number"": ""17.25"", ""relation"": ""="", ""status"": ""VALID""}",490.3870000000003,data/raw/tdc/clearance_microsome_az.tab,CHEMBL2207666,O=C(NC[C@@H](O)CN1CCC(Oc2ccc(Cl)c(Cl)c2)CC1)c1c[nH]c(=O)c2ccccc12,17.25,7,Clearance_Microsome_AZ,641,,VALID,94.66,0
CHEMBL453222,COCCOc1ccc(-c2cc(C(N)=O)c(NC(N)=O)s2)cc1,20.0,COCCOc1ccc(-c2cc(C(N)=O)c(NC(N)=O)s2)cc1,2.0298000000000003,0,0.2,1,5,3,"{""number"": ""20.0"", ""relation"": ""="", ""status"": ""VALID""}",335.38500000000005,data/raw/tdc/clearance_microsome_az.tab,CHEMBL453222,COCCOc1ccc(-c2cc(C(N)=O)c(NC(N)=O)s2)cc1,20.0,7,Clearance_Microsome_AZ,642,,VALID,116.66999999999999,0
CHEMBL22442,CCCc1cc(OCc2ccccc2)cc(=O)n1Cc1ccc(-c2ccccc2-c2nn[nH]n2)cc1,20.42,CCCc1cc(OCc2ccccc2)cc(=O)n1Cc1ccc(-c2ccccc2-c2nn[nH]n2)cc1,5.275200000000004,0,0.1724137931034483,1,6,1,"{""number"": ""20.42"", ""relation"": ""="", ""status"": ""VALID""}",477.56800000000015,data/raw/tdc/clearance_microsome_az.tab,CHEMBL22442,CCCc1cc(OCc2ccccc2)cc(=O)n1Cc1ccc(-c2ccccc2-c2nn[nH]n2)cc1,20.42,9,Clearance_Microsome_AZ,643,,VALID,85.69000000000001,0
CHEMBL128613,CN1CCN(C(=O)c2cc3cc(Br)ccc3[nH]2)CC1,20.5,CN1CCN(C(=O)c2cc3cc(Br)ccc3[nH]2)CC1,2.3180000000000005,0,0.35714285714285715,1,2,1,"{""number"": ""20.5"", ""relation"": ""="", ""status"": ""VALID""}",322.2060000000001,data/raw/tdc/clearance_microsome_az.tab,CHEMBL128613,CN1CCN(C(=O)c2cc3cc(Br)ccc3[nH]2)CC1,20.5,1,Clearance_Microsome_AZ,644,,VALID,39.34,0
CHEMBL2170985,Nc1ncnc2c1ncn2[C@@H]1O[C@H](CSCCCNC(=O)NCc2ccccc2)[C@@H](O)[C@H]1O,21.38,Nc1ncnc2c1ncn2[C@@H]1O[C@H](CSCCCNC(=O)NCc2ccccc2)[C@@H](O)[C@H]1O,0.6503999999999988,0,0.42857142857142855,1,10,5,"{""number"": ""21.38"", ""relation"": ""="", ""status"": ""VALID""}",473.55900000000014,data/raw/tdc/clearance_microsome_az.tab,CHEMBL2170985,Nc1ncnc2c1ncn2[C@@H]1O[C@H](CSCCCNC(=O)NCc2ccccc2)[C@@H](O)[C@H]1O,21.38,9,Clearance_Microsome_AZ,645,,VALID,160.44,0
CHEMBL2325719,Cc1ccc2[nH]ccc2c1-c1nc(N2CCOCC2)cc(C2(S(C)(=O)=O)CC2)n1,5.75,Cc1ccc2[nH]ccc2c1-c1nc(N2CCOCC2)cc(C2(S(C)(=O)=O)CC2)n1,2.8036200000000013,0,0.42857142857142855,1,6,1,"{""number"": ""5.75"", ""relation"": ""="", ""status"": ""VALID""}",412.51500000000016,data/raw/tdc/clearance_microsome_az.tab,CHEMBL2325719,Cc1ccc2[nH]ccc2c1-c1nc(N2CCOCC2)cc(C2(S(C)(=O)=O)CC2)n1,5.75,4,Clearance_Microsome_AZ,646,,VALID,88.18,0
CHEMBL2103840,CCc1cnn2c(NCc3ccc[n+]([O-])c3)cc(N3CCCC[C@H]3CCO)nc12,150.0,CCc1cnn2c(NCc3ccc[n+]([O-])c3)cc(N3CCCC[C@H]3CCO)nc12,2.2785000000000006,0,0.47619047619047616,1,7,2,"{""number"": ""150.0"", ""relation"": ""="", ""status"": ""VALID""}",396.4950000000003,data/raw/tdc/clearance_microsome_az.tab,CHEMBL2103840,CCc1cnn2c(NCc3ccc[n+]([O-])c3)cc(N3CCCC[C@H]3CCO)nc12,150.0,7,Clearance_Microsome_AZ,647,,VALID,92.63,0
CHEMBL1800660,CCCCN(CCNC[C@H](O)c1ccc(O)c2[nH]c(=O)sc12)C(=O)CCOCCc1ccccc1,150.0,CCCCN(CCNC[C@H](O)c1ccc(O)c2[nH]c(=O)sc12)C(=O)CCOCCc1ccccc1,3.1963000000000017,0,0.46153846153846156,1,7,4,"{""number"": ""150.0"", ""relation"": ""="", ""status"": ""VALID""}",501.6490000000004,data/raw/tdc/clearance_microsome_az.tab,CHEMBL1800660,CCCCN(CCNC[C@H](O)c1ccc(O)c2[nH]c(=O)sc12)C(=O)CCOCCc1ccccc1,150.0,15,Clearance_Microsome_AZ,648,,VALID,114.89,0
CHEMBL2349318,CCC[C@H](CO)Nc1nc(S[C@@H](C)c2cccc(C#N)c2)nc2[nH]c(=O)sc12,52.48,CCC[C@H](CO)Nc1nc(S[C@@H](C)c2cccc(C#N)c2)nc2[nH]c(=O)sc12,3.677480000000002,0,0.3684210526315789,1,8,3,"{""number"": ""52.48"", ""relation"": ""="", ""status"": ""VALID""}",415.54400000000015,data/raw/tdc/clearance_microsome_az.tab,CHEMBL2349318,CCC[C@H](CO)Nc1nc(S[C@@H](C)c2cccc(C#N)c2)nc2[nH]c(=O)sc12,52.48,8,Clearance_Microsome_AZ,649,,VALID,114.69,0
CHEMBL1916275,Cc1ccc(S(=O)(=O)Nc2c(C(=O)N(C)C3CCCCC3)c(C)nn2-c2ccccc2)cc1,53.0,Cc1ccc(S(=O)(=O)Nc2c(C(=O)N(C)C3CCCCC3)c(C)nn2-c2ccccc2)cc1,4.694640000000005,0,0.36,1,5,1,"{""number"": ""53.0"", ""relation"": ""="", ""status"": ""VALID""}",466.60700000000026,data/raw/tdc/clearance_microsome_az.tab,CHEMBL1916275,Cc1ccc(S(=O)(=O)Nc2c(C(=O)N(C)C3CCCCC3)c(C)nn2-c2ccccc2)cc1,53.0,6,Clearance_Microsome_AZ,650,,VALID,84.30000000000001,0
CHEMBL1945299,COc1ccccc1CNCCc1cccc(CCNC[C@H](O)c2ccc(O)c3[nH]c(=O)sc23)c1,56.0,COc1ccccc1CNCCc1cccc(CCNC[C@H](O)c2ccc(O)c3[nH]c(=O)sc23)c1,3.501800000000001,0,0.2962962962962963,1,7,5,"{""number"": ""56.0"", ""relation"": ""="", ""status"": ""VALID""}",493.62900000000013,data/raw/tdc/clearance_microsome_az.tab,CHEMBL1945299,COc1ccccc1CNCCc1cccc(CCNC[C@H](O)c2ccc(O)c3[nH]c(=O)sc23)c1,56.0,12,Clearance_Microsome_AZ,651,,VALID,106.60999999999999,0
CHEMBL1916276,Cc1ccc(S(=O)(=O)Nc2c(C(=O)NC3CCCCC3C)cnn2-c2ccccc2)cc1,59.0,Cc1ccc(S(=O)(=O)Nc2c(C(=O)NC3CCCCC3C)cnn2-c2ccccc2)cc1,4.290020000000004,0,0.3333333333333333,1,5,2,"{""number"": ""59.0"", ""relation"": ""="", ""status"": ""VALID""}",452.58000000000015,data/raw/tdc/clearance_microsome_az.tab,CHEMBL1916276,Cc1ccc(S(=O)(=O)Nc2c(C(=O)NC3CCCCC3C)cnn2-c2ccccc2)cc1,59.0,6,Clearance_Microsome_AZ,652,,VALID,93.09,2
CHEMBL1643194,Cc1cc(CN2Cc3ccccc3C2C(=O)Nc2ccc(Cl)cc2Cl)ccc1OCC(=O)O,6.0,Cc1cc(CN2Cc3ccccc3C2C(=O)Nc2ccc(Cl)cc2Cl)ccc1OCC(=O)O,5.4608200000000044,0,0.2,1,4,2,"{""number"": ""6.0"", ""relation"": ""="", ""status"": ""VALID""}",485.36700000000025,data/raw/tdc/clearance_microsome_az.tab,CHEMBL1643194,Cc1cc(CN2Cc3ccccc3C2C(=O)Nc2ccc(Cl)cc2Cl)ccc1OCC(=O)O,6.0,7,Clearance_Microsome_AZ,653,,VALID,78.87,1
CHEMBL1917418,Cc1ccc2c(c1)c(Sc1ccc(Cl)cc1)c(C)n2CC(=O)O,7.0,Cc1ccc2c(c1)c(Sc1ccc(Cl)cc1)c(C)n2CC(=O)O,5.147340000000003,0,0.16666666666666666,1,3,1,"{""number"": ""7.0"", ""relation"": ""="", ""status"": ""VALID""}",345.85100000000017,data/raw/tdc/clearance_microsome_az.tab,CHEMBL1917418,Cc1ccc2c(c1)c(Sc1ccc(Cl)cc1)c(C)n2CC(=O)O,7.0,4,Clearance_Microsome_AZ,654,,VALID,42.230000000000004,0
CHEMBL1921913,C[C@@](C(=O)O[C@H]1C[N+]2(CCc3c[nH]c4ccccc34)CCC1CC2)(c1ccccc1)N1CCCCC1,66.0,C[C@@](C(=O)O[C@H]1C[N+]2(CCc3c[nH]c4ccccc34)CCC1CC2)(c1ccccc1)N1CCCCC1,5.263900000000005,0,0.5161290322580645,1,3,1,"{""number"": ""66.0"", ""relation"": ""="", ""status"": ""VALID""}",486.6800000000005,data/raw/tdc/clearance_microsome_az.tab,CHEMBL1921913,C[C@@](C(=O)O[C@H]1C[N+]2(CCc3c[nH]c4ccccc34)CCC1CC2)(c1ccccc1)N1CCCCC1,66.0,7,Clearance_Microsome_AZ,655,,VALID,45.330000000000005,2
CHEMBL1945291,COc1ccccc1CN(C)Cc1cccc(CCNC[C@H](O)c2ccc(O)c3[nH]c(=O)sc23)c1,45.0,COc1ccccc1CN(C)Cc1cccc(CCNC[C@H](O)c2ccc(O)c3[nH]c(=O)sc23)c1,3.8015000000000017,0,0.2962962962962963,1,7,4,"{""number"": ""45.0"", ""relation"": ""="", ""status"": ""VALID""}",493.62900000000013,data/raw/tdc/clearance_microsome_az.tab,CHEMBL1945291,COc1ccccc1CN(C)Cc1cccc(CCNC[C@H](O)c2ccc(O)c3[nH]c(=O)sc23)c1,45.0,11,Clearance_Microsome_AZ,656,,VALID,97.82,0
CHEMBL1945041,O=c1[nH]c2c(O)ccc([C@@H](O)CNCCc3cccc(CNCc4ccccc4Cl)c3)c2s1,47.0,O=c1[nH]c2c(O)ccc([C@@H](O)CNCCc3cccc(CNCc4ccccc4Cl)c3)c2s1,4.1041000000000025,0,0.24,1,6,5,"{""number"": ""47.0"", ""relation"": ""="", ""status"": ""VALID""}",484.02100000000013,data/raw/tdc/clearance_microsome_az.tab,CHEMBL1945041,O=c1[nH]c2c(O)ccc([C@@H](O)CNCCc3cccc(CNCc4ccccc4Cl)c3)c2s1,47.0,10,Clearance_Microsome_AZ,657,,VALID,97.38000000000001,0
CHEMBL380732,CC[C@H](CO)Nc1nc(SCc2cccc(F)c2F)nc2nc(N)sc12,62.0,CC[C@H](CO)Nc1nc(SCc2cccc(F)c2F)nc2nc(N)sc12,3.421800000000001,0,0.3125,1,8,3,"{""number"": ""62.0"", ""relation"": ""="", ""status"": ""VALID""}",397.4760000000001,data/raw/tdc/clearance_microsome_az.tab,CHEMBL380732,CC[C@H](CO)Nc1nc(SCc2cccc(F)c2F)nc2nc(N)sc12,62.0,7,Clearance_Microsome_AZ,658,,VALID,96.95,0
CHEMBL396043,C[C@H](CO)Nc1nc(SCc2cccc(F)c2F)nc2nc(NC3CC3)sc12,66.0,C[C@H](CO)Nc1nc(SCc2cccc(F)c2F)nc2nc(NC3CC3)sc12,4.023800000000003,0,0.3888888888888889,1,8,3,"{""number"": ""66.0"", ""relation"": ""="", ""status"": ""VALID""}",423.5140000000001,data/raw/tdc/clearance_microsome_az.tab,CHEMBL396043,C[C@H](CO)Nc1nc(SCc2cccc(F)c2F)nc2nc(NC3CC3)sc12,66.0,8,Clearance_Microsome_AZ,659,,VALID,82.96000000000001,0
CHEMBL1460615,O=S1(=O)CC(O)C(N2CCC(c3ccccc3)CC2)C1,5.25,O=S1(=O)CC(O)C(N2CCC(c3ccccc3)CC2)C1,1.0238999999999994,0,0.6,1,4,1,"{""number"": ""5.25"", ""relation"": ""="", ""status"": ""VALID""}",295.4040000000001,data/raw/tdc/clearance_microsome_az.tab,CHEMBL1460615,O=S1(=O)CC(O)C(N2CCC(c3ccccc3)CC2)C1,5.25,2,Clearance_Microsome_AZ,660,,VALID,57.61000000000001,2
CHEMBL2326623,COc1cccc2c1c(NS(=O)(=O)c1ccc(Cl)s1)nn2Cc1cccc(CNC(=O)[C@H]2COCCN2)c1,58.5,COc1cccc2c1c(NS(=O)(=O)c1ccc(Cl)s1)nn2Cc1cccc(CNC(=O)[C@H]2COCCN2)c1,3.2135000000000016,0,0.28,1,9,3,"{""number"": ""58.5"", ""relation"": ""="", ""status"": ""VALID""}",576.1,data/raw/tdc/clearance_microsome_az.tab,CHEMBL2326623,COc1cccc2c1c(NS(=O)(=O)c1ccc(Cl)s1)nn2Cc1cccc(CNC(=O)[C@H]2COCCN2)c1,58.5,9,Clearance_Microsome_AZ,661,,VALID,123.58,0
CHEMBL296419,COc1ccc(CCN2CCC(Nc3nc4ccccc4n3Cc3ccc(F)cc3)CC2)cc1,66.0,COc1ccc(CCN2CCC(Nc3nc4ccccc4n3Cc3ccc(F)cc3)CC2)cc1,5.351300000000005,0,0.32142857142857145,1,5,1,"{""number"": ""66.0"", ""relation"": ""="", ""status"": ""VALID""}",458.58100000000024,data/raw/tdc/clearance_microsome_az.tab,CHEMBL296419,COc1ccc(CCN2CCC(Nc3nc4ccccc4n3Cc3ccc(F)cc3)CC2)cc1,66.0,8,Clearance_Microsome_AZ,662,,VALID,42.32,0
CHEMBL1868114,COCCNc1nc(NCc2ccccc2F)c2sccc2n1,150.0,COCCNc1nc(NCc2ccccc2F)c2sccc2n1,3.5008000000000017,0,0.25,1,6,2,"{""number"": ""150.0"", ""relation"": ""="", ""status"": ""VALID""}",332.404,data/raw/tdc/clearance_microsome_az.tab,CHEMBL1868114,COCCNc1nc(NCc2ccccc2F)c2sccc2n1,150.0,7,Clearance_Microsome_AZ,663,,VALID,59.07,0
CHEMBL2031227,Cc1ccc(NC(=O)c2ccc(C#N)cc2)cc1-n1cnc2ccc(N3CCN(C)CC3)cc2c1=O,7.0,Cc1ccc(NC(=O)c2ccc(C#N)cc2)cc1-n1cnc2ccc(N3CCN(C)CC3)cc2c1=O,3.5699000000000014,0,0.21428571428571427,1,7,1,"{""number"": ""7.0"", ""relation"": ""="", ""status"": ""VALID""}",478.5560000000004,data/raw/tdc/clearance_microsome_az.tab,CHEMBL2031227,Cc1ccc(NC(=O)c2ccc(C#N)cc2)cc1-n1cnc2ccc(N3CCN(C)CC3)cc2c1=O,7.0,4,Clearance_Microsome_AZ,664,,VALID,94.25999999999999,0
CHEMBL105462,C[C@H](NC(=O)[C@@H](Cc1c[nH]c2ccccc12)NC(=O)[C@@H](N)Cc1c[nH]cn1)C(=O)N[C@@H](Cc1c[nH]c2ccccc12)C(=O)N[C@H](Cc1ccccc1)C(=O)N[C@@H](CCCCN)C(N)=O,61.66,C[C@H](NC(=O)[C@@H](Cc1c[nH]c2ccccc12)NC(=O)[C@@H](N)Cc1c[nH]cn1)C(=O)N[C@@H](Cc1c[nH]c2ccccc12)C(=O)N[C@H](Cc1ccccc1)C(=O)N[C@@H](CCCCN)C(N)=O,1.0284000000000069,0,0.32608695652173914,1,9,11,"{""number"": ""61.66"", ""relation"": ""="", ""status"": ""VALID""}",873.0319999999997,data/raw/tdc/clearance_microsome_az.tab,CHEMBL105462,C[C@H](NC(=O)[C@@H](Cc1c[nH]c2ccccc12)NC(=O)[C@@H](N)Cc1c[nH]cn1)C(=O)N[C@@H](Cc1c[nH]c2ccccc12)C(=O)N[C@H](Cc1ccccc1)C(=O)N[C@@H](CCCCN)C(N)=O,61.66,23,Clearance_Microsome_AZ,665,,VALID,300.88999999999993,0
CHEMBL550438,CC1CCC(CC(=O)Nc2cccc3ncccc23)CC1,38.0,CC1CCC(CC(=O)Nc2cccc3ncccc23)CC1,4.389700000000003,0,0.4444444444444444,1,2,1,"{""number"": ""38.0"", ""relation"": ""="", ""status"": ""VALID""}",282.3870000000001,data/raw/tdc/clearance_microsome_az.tab,CHEMBL550438,CC1CCC(CC(=O)Nc2cccc3ncccc23)CC1,38.0,3,Clearance_Microsome_AZ,666,,VALID,41.99,2
CHEMBL1779497,O=C(NCC1CCCCC1)c1cc(-n2ncc(=O)[nH]c2=O)ccc1Cl,8.5,O=C(NCC1CCCCC1)c1cc(-n2ncc(=O)[nH]c2=O)ccc1Cl,1.8842999999999996,0,0.4117647058823529,1,5,2,"{""number"": ""8.5"", ""relation"": ""="", ""status"": ""VALID""}",362.817,data/raw/tdc/clearance_microsome_az.tab,CHEMBL1779497,O=C(NCC1CCCCC1)c1cc(-n2ncc(=O)[nH]c2=O)ccc1Cl,8.5,4,Clearance_Microsome_AZ,667,,VALID,96.85,0
CHEMBL111732,CN(CCc1ccc(O)c2nc(O)sc12)CCN(C)C(=O)CCOCCc1ccccc1,150.0,CN(CCc1ccc(O)c2nc(O)sc12)CCN(C)C(=O)CCOCCc1ccccc1,3.289600000000002,0,0.4166666666666667,1,7,2,"{""number"": ""150.0"", ""relation"": ""="", ""status"": ""VALID""}",457.5960000000003,data/raw/tdc/clearance_microsome_az.tab,CHEMBL111732,CN(CCc1ccc(O)c2nc(O)sc12)CCN(C)C(=O)CCOCCc1ccccc1,150.0,12,Clearance_Microsome_AZ,668,,VALID,86.13000000000001,0
CHEMBL127066,Oc1nc(-c2ccccc2)nc2ccccc12,150.0,Oc1nc(-c2ccccc2)nc2ccccc12,3.0024000000000015,0,0.0,1,3,1,"{""number"": ""150.0"", ""relation"": ""="", ""status"": ""VALID""}",222.24699999999999,data/raw/tdc/clearance_microsome_az.tab,CHEMBL127066,Oc1nc(-c2ccccc2)nc2ccccc12,150.0,1,Clearance_Microsome_AZ,669,,VALID,46.010000000000005,0
CHEMBL2312113,COc1cc(O)c(C(CC(=O)N2CC(C)CC(C)C2)c2ccc3c(c2)OCO3)c(OC)c1,150.0,COc1cc(O)c(C(CC(=O)N2CC(C)CC(C)C2)c2ccc3c(c2)OCO3)c(OC)c1,4.164600000000004,0,0.48,1,6,1,"{""number"": ""150.0"", ""relation"": ""="", ""status"": ""VALID""}",441.5240000000002,data/raw/tdc/clearance_microsome_az.tab,CHEMBL2312113,COc1cc(O)c(C(CC(=O)N2CC(C)CC(C)C2)c2ccc3c(c2)OCO3)c(OC)c1,150.0,6,Clearance_Microsome_AZ,670,,VALID,77.46000000000001,3
CHEMBL514980,CN(CCOc1ccccc1-c1cc(C(N)=O)c(NC(N)=O)s1)Cc1ccccc1,150.0,CN(CCOc1ccccc1-c1cc(C(N)=O)c(NC(N)=O)s1)Cc1ccccc1,3.5154000000000014,0,0.18181818181818182,1,5,3,"{""number"": ""150.0"", ""relation"": ""="", ""status"": ""VALID""}",424.5260000000001,data/raw/tdc/clearance_microsome_az.tab,CHEMBL514980,CN(CCOc1ccccc1-c1cc(C(N)=O)c(NC(N)=O)s1)Cc1ccccc1,150.0,9,Clearance_Microsome_AZ,671,,VALID,110.68,0
CHEMBL1770477,CCOc1ccc2oc(C(=O)NC(CCSC)c3nc4ncccc4[nH]3)c(C)c2c1,150.0,CCOc1ccc2oc(C(=O)NC(CCSC)c3nc4ncccc4[nH]3)c(C)c2c1,4.635420000000003,0,0.3181818181818182,1,6,2,"{""number"": ""150.0"", ""relation"": ""="", ""status"": ""VALID""}",424.5260000000001,data/raw/tdc/clearance_microsome_az.tab,CHEMBL1770477,CCOc1ccc2oc(C(=O)NC(CCSC)c3nc4ncccc4[nH]3)c(C)c2c1,150.0,8,Clearance_Microsome_AZ,672,,VALID,93.03999999999999,1
CHEMBL450470,COc1ccc(N(C(C)=O)C(C(=O)NC2CCCC2)c2ccccc2F)c(OC)c1,150.0,COc1ccc(N(C(C)=O)C(C(=O)NC2CCCC2)c2ccccc2F)c(OC)c1,3.9959000000000033,0,0.391304347826087,1,4,1,"{""number"": ""150.0"", ""relation"": ""="", ""status"": ""VALID""}",414.47700000000015,data/raw/tdc/clearance_microsome_az.tab,CHEMBL450470,COc1ccc(N(C(C)=O)C(C(=O)NC2CCCC2)c2ccccc2F)c(OC)c1,150.0,7,Clearance_Microsome_AZ,673,,VALID,67.87,1
CHEMBL112747,COc1ccnc(NC2CCN(C(=O)c3ccccc3)CC2)c1,3.0,COc1ccnc(NC2CCN(C(=O)c3ccccc3)CC2)c1,2.8069000000000015,0,0.3333333333333333,1,4,1,"{""number"": ""3.0"", ""relation"": ""="", ""status"": ""VALID""}",311.38500000000005,data/raw/tdc/clearance_microsome_az.tab,CHEMBL112747,COc1ccnc(NC2CCN(C(=O)c3ccccc3)CC2)c1,3.0,4,Clearance_Microsome_AZ,674,,VALID,54.46,0
CHEMBL361546,O=c1c2sccc2n(CC2COc3ccccc3O2)c(=O)n1O,3.0,O=c1c2sccc2n(CC2COc3ccccc3O2)c(=O)n1O,1.3019999999999998,0,0.2,1,8,1,"{""number"": ""3.0"", ""relation"": ""="", ""status"": ""VALID""}",332.33700000000005,data/raw/tdc/clearance_microsome_az.tab,CHEMBL361546,O=c1c2sccc2n(CC2COc3ccccc3O2)c(=O)n1O,3.0,2,Clearance_Microsome_AZ,675,,VALID,82.69,1
CHEMBL1917423,Cc1c(Sc2ccc(Cl)cc2)c2cccc(Cl)c2n1CC(=O)O,3.0,Cc1c(Sc2ccc(Cl)cc2)c2cccc(Cl)c2n1CC(=O)O,5.492320000000004,0,0.11764705882352941,1,3,1,"{""number"": ""3.0"", ""relation"": ""="", ""status"": ""VALID""}",366.2690000000001,data/raw/tdc/clearance_microsome_az.tab,CHEMBL1917423,Cc1c(Sc2ccc(Cl)cc2)c2cccc(Cl)c2n1CC(=O)O,3.0,4,Clearance_Microsome_AZ,676,,VALID,42.230000000000004,0
CHEMBL2158772,Cc1ccccc1C[C@@H](C(=O)O)N1CCC(CN2CCC(Oc3ccc(Cl)c(Cl)c3)CC2)CC1,3.0,Cc1ccccc1C[C@@H](C(=O)O)N1CCC(CN2CCC(Oc3ccc(Cl)c(Cl)c3)CC2)CC1,5.552920000000006,0,0.5185185185185185,1,4,1,"{""number"": ""3.0"", ""relation"": ""="", ""status"": ""VALID""}",505.48600000000033,data/raw/tdc/clearance_microsome_az.tab,CHEMBL2158772,Cc1ccccc1C[C@@H](C(=O)O)N1CCC(CN2CCC(Oc3ccc(Cl)c(Cl)c3)CC2)CC1,3.0,8,Clearance_Microsome_AZ,677,,VALID,53.010000000000005,0
CHEMBL1956163,O=C1[C@H]2[C@H]3CC[C@H](C3)[C@H]2C(=O)N1[C@H]1CC[C@H](C(=O)Nc2cccc3cccnc23)CC1,24.55,O=C1[C@@H]2[C@@H]3CC[C@@H](C3)[C@@H]2C(=O)N1[C@H]1CC[C@H](C(=O)Nc2cccc3cccnc23)CC1,3.763200000000002,0,0.52,1,4,1,"{""number"": ""24.55"", ""relation"": ""="", ""status"": ""VALID""}",417.5090000000001,data/raw/tdc/clearance_microsome_az.tab,CHEMBL1956163,O=C1[C@H]2[C@H]3CC[C@H](C3)[C@H]2C(=O)N1[C@H]1CC[C@H](C(=O)Nc2cccc3cccnc23)CC1,24.55,3,Clearance_Microsome_AZ,678,,VALID,79.37,0
CHEMBL837,CCc1c2c(nc3ccc(O)cc13)-c1cc3c(c(=O)n1C2)COC(=O)[C@]3(O)CC,25.12,CCc1c2c(nc3ccc(O)cc13)-c1cc3c(c(=O)n1C2)COC(=O)[C@]3(O)CC,2.3476,0,0.3181818181818182,1,7,2,"{""number"": ""25.12"", ""relation"": ""="", ""status"": ""VALID""}",392.41100000000023,data/raw/tdc/clearance_microsome_az.tab,CHEMBL837,CCc1c2c(nc3ccc(O)cc13)-c1cc3c(c(=O)n1C2)COC(=O)[C@]3(O)CC,25.12,2,Clearance_Microsome_AZ,679,,VALID,101.65000000000002,0
CHEMBL182878,CC(=O)Nc1ccc(CC(=O)N(C)C2CCN(CCC(c3ccccc3)c3ccccc3)CC2)cc1,26.0,CC(=O)Nc1ccc(CC(=O)N(C)C2CCN(CCC(c3ccccc3)c3ccccc3)CC2)cc1,5.332500000000006,0,0.3548387096774194,1,3,1,"{""number"": ""26.0"", ""relation"": ""="", ""status"": ""VALID""}",483.6560000000002,data/raw/tdc/clearance_microsome_az.tab,CHEMBL182878,CC(=O)Nc1ccc(CC(=O)N(C)C2CCN(CCC(c3ccccc3)c3ccccc3)CC2)cc1,26.0,9,Clearance_Microsome_AZ,680,,VALID,52.650000000000006,0
CHEMBL1523918,O=S(=O)(Nc1nnc(-c2ccccc2)s1)c1ccc(Cl)cc1,16.0,O=S(=O)(Nc1nnc(-c2ccccc2)s1)c1ccc(Cl)cc1,3.6593000000000018,0,0.0,1,5,1,"{""number"": ""16.0"", ""relation"": ""="", ""status"": ""VALID""}",351.84000000000003,data/raw/tdc/clearance_microsome_az.tab,CHEMBL1523918,O=S(=O)(Nc1nnc(-c2ccccc2)s1)c1ccc(Cl)cc1,16.0,4,Clearance_Microsome_AZ,681,,VALID,71.95,0
CHEMBL1944691,O=c1[nH]c2c(O)ccc([C@@H](O)CNCCc3cccc(CNCCc4ccccc4F)c3)c2s1,17.0,O=c1[nH]c2c(O)ccc([C@@H](O)CNCCc3cccc(CNCCc4ccccc4F)c3)c2s1,3.6323000000000016,0,0.2692307692307692,1,6,5,"{""number"": ""17.0"", ""relation"": ""="", ""status"": ""VALID""}",481.5930000000002,data/raw/tdc/clearance_microsome_az.tab,CHEMBL1944691,O=c1[nH]c2c(O)ccc([C@@H](O)CNCCc3cccc(CNCCc4ccccc4F)c3)c2s1,17.0,11,Clearance_Microsome_AZ,682,,VALID,97.38000000000001,0
CHEMBL1605684,CC(=O)c1cn(Cc2ccccc2)c(=O)n(Cc2ccc(F)cc2)c1=O,33.11,CC(=O)c1cn(Cc2ccccc2)c(=O)n(Cc2ccc(F)cc2)c1=O,2.4483000000000006,0,0.15,1,5,0,"{""number"": ""33.11"", ""relation"": ""="", ""status"": ""VALID""}",352.36500000000007,data/raw/tdc/clearance_microsome_az.tab,CHEMBL1605684,CC(=O)c1cn(Cc2ccccc2)c(=O)n(Cc2ccc(F)cc2)c1=O,33.11,5,Clearance_Microsome_AZ,683,,VALID,61.07,0
CHEMBL1934426,Cc1nn(C2CCOCC2)c(NS(=O)(=O)c2ccc(C3CC3)cc2)c1C(=O)N[C@@H](C)C(C)(C)C,3.0,Cc1nn(C2CCOCC2)c(NS(=O)(=O)c2ccc(C3CC3)cc2)c1C(=O)N[C@@H](C)C(C)(C)C,4.385620000000004,0,0.6,1,6,2,"{""number"": ""3.0"", ""relation"": ""="", ""status"": ""VALID""}",488.6540000000003,data/raw/tdc/clearance_microsome_az.tab,CHEMBL1934426,Cc1nn(C2CCOCC2)c(NS(=O)(=O)c2ccc(C3CC3)cc2)c1C(=O)N[C@@H](C)C(C)(C)C,3.0,7,Clearance_Microsome_AZ,684,,VALID,102.32,0
CHEMBL1738840,COc1ccnc(CCc2nc3cccnc3[nH]2)c1,3.0,COc1ccnc(CCc2nc3cccnc3[nH]2)c1,2.1467,0,0.21428571428571427,1,4,1,"{""number"": ""3.0"", ""relation"": ""="", ""status"": ""VALID""}",254.29300000000003,data/raw/tdc/clearance_microsome_az.tab,CHEMBL1738840,COc1ccnc(CCc2nc3cccnc3[nH]2)c1,3.0,4,Clearance_Microsome_AZ,685,,VALID,63.690000000000005,0
CHEMBL564737,O=C(NCC1(O)CCCCCC1)c1cc(-c2ccccc2C(=O)O)ccc1Cl,3.0,O=C(NCC1(O)CCCCCC1)c1cc(-c2ccccc2C(=O)O)ccc1Cl,4.520300000000003,0,0.36363636363636365,1,3,3,"{""number"": ""3.0"", ""relation"": ""="", ""status"": ""VALID""}",401.8900000000001,data/raw/tdc/clearance_microsome_az.tab,CHEMBL564737,O=C(NCC1(O)CCCCCC1)c1cc(-c2ccccc2C(=O)O)ccc1Cl,3.0,5,Clearance_Microsome_AZ,686,,VALID,86.63000000000001,0
CHEMBL480208,CC1(C)[C@@H]2CC[C@@]1(CS(=O)(=O)N1CCN(c3ccc(C#N)cn3)CC1)C(=O)C2,103.0,CC1(C)[C@@H]2CC[C@@]1(CS(=O)(=O)N1CCN(c3ccc(C#N)cn3)CC1)C(=O)C2,1.8004799999999999,0,0.65,1,6,0,"{""number"": ""103.0"", ""relation"": ""="", ""status"": ""VALID""}",402.5200000000002,data/raw/tdc/clearance_microsome_az.tab,CHEMBL480208,CC1(C)[C@@H]2CC[C@@]1(CS(=O)(=O)N1CCN(c3ccc(C#N)cn3)CC1)C(=O)C2,103.0,4,Clearance_Microsome_AZ,687,,VALID,94.37,0
CHEMBL1778622,CCSc1ccc(-c2cc(C(F)(F)F)ccc2OCC(=O)O)cc1,134.0,CCSc1ccc(-c2cc(C(F)(F)F)ccc2OCC(=O)O)cc1,4.9478000000000035,0,0.23529411764705882,1,3,1,"{""number"": ""134.0"", ""relation"": ""="", ""status"": ""VALID""}",356.36500000000007,data/raw/tdc/clearance_microsome_az.tab,CHEMBL1778622,CCSc1ccc(-c2cc(C(F)(F)F)ccc2OCC(=O)O)cc1,134.0,6,Clearance_Microsome_AZ,688,,VALID,46.53,0
CHEMBL112,CC(=O)Nc1ccc(O)cc1,3.0,CC(=O)Nc1ccc(O)cc1,1.3505999999999998,0,0.125,1,2,2,"{""number"": ""3.0"", ""relation"": ""="", ""status"": ""VALID""}",151.165,data/raw/tdc/clearance_microsome_az.tab,CHEMBL112,CC(=O)Nc1ccc(O)cc1,3.0,1,Clearance_Microsome_AZ,689,,VALID,49.33,0
CHEMBL22,COc1cc(Cc2cnc(N)nc2N)cc(OC)c1OC,3.0,COc1cc(Cc2cnc(N)nc2N)cc(OC)c1OC,1.2575999999999998,0,0.2857142857142857,1,7,2,"{""number"": ""3.0"", ""relation"": ""="", ""status"": ""VALID""}",290.32300000000004,data/raw/tdc/clearance_microsome_az.tab,CHEMBL22,COc1cc(Cc2cnc(N)nc2N)cc(OC)c1OC,3.0,5,Clearance_Microsome_AZ,690,,VALID,105.51,0
CHEMBL2158821,O=C(O)[C@@H](c1ccccc1)N1CCC(CN2CCC(Oc3ccc(Cl)c(Cl)c3)CC2)CC1,3.0,O=C(O)[C@@H](c1ccccc1)N1CCC(CN2CCC(Oc3ccc(Cl)c(Cl)c3)CC2)CC1,5.374500000000006,0,0.48,1,4,1,"{""number"": ""3.0"", ""relation"": ""="", ""status"": ""VALID""}",477.43200000000024,data/raw/tdc/clearance_microsome_az.tab,CHEMBL2158821,O=C(O)[C@@H](c1ccccc1)N1CCC(CN2CCC(Oc3ccc(Cl)c(Cl)c3)CC2)CC1,3.0,7,Clearance_Microsome_AZ,691,,VALID,53.010000000000005,0
CHEMBL2207663,Cc1cc(Cl)ccc1OC1CCN(C[C@H](O)CNC(=O)c2c[nH]c(=O)cc2C(F)(F)F)CC1,3.0,Cc1cc(Cl)ccc1OC1CCN(C[C@H](O)CNC(=O)c2c[nH]c(=O)cc2C(F)(F)F)CC1,2.9896200000000004,0,0.45454545454545453,1,5,3,"{""number"": ""3.0"", ""relation"": ""="", ""status"": ""VALID""}",487.9060000000002,data/raw/tdc/clearance_microsome_az.tab,CHEMBL2207663,Cc1cc(Cl)ccc1OC1CCN(C[C@H](O)CNC(=O)c2c[nH]c(=O)cc2C(F)(F)F)CC1,3.0,7,Clearance_Microsome_AZ,692,,VALID,94.66,0
CHEMBL2071614,CC(C)(O)c1ccc(Nc2nc3ccc(C#N)cc3[nH]2)cc1,3.0,CC(C)(O)c1ccc(Nc2nc3ccc(C#N)cc3[nH]2)cc1,3.4055800000000014,0,0.17647058823529413,1,4,3,"{""number"": ""3.0"", ""relation"": ""="", ""status"": ""VALID""}",292.342,data/raw/tdc/clearance_microsome_az.tab,CHEMBL2071614,CC(C)(O)c1ccc(Nc2nc3ccc(C#N)cc3[nH]2)cc1,3.0,3,Clearance_Microsome_AZ,693,,VALID,84.72999999999999,0
CHEMBL440405,CS(=O)(=O)NC(=O)CCCc1c(-c2ccc(F)cc2)[nH]c2ccc(C#N)cc12,3.0,CS(=O)(=O)NC(=O)CCCc1c(-c2ccc(F)cc2)[nH]c2ccc(C#N)cc12,3.244180000000002,0,0.2,1,4,2,"{""number"": ""3.0"", ""relation"": ""="", ""status"": ""VALID""}",399.44700000000006,data/raw/tdc/clearance_microsome_az.tab,CHEMBL440405,CS(=O)(=O)NC(=O)CCCc1c(-c2ccc(F)cc2)[nH]c2ccc(C#N)cc12,3.0,6,Clearance_Microsome_AZ,694,,VALID,102.82,0
CHEMBL1917450,Cc1c(S(=O)(=O)c2ccc(Cl)cc2)c2c(NS(C)(=O)=O)cccc2n1CC(=O)O,3.0,Cc1c(S(=O)(=O)c2ccc(Cl)cc2)c2c(NS(C)(=O)=O)cccc2n1CC(=O)O,2.8920199999999996,0,0.16666666666666666,1,6,2,"{""number"": ""3.0"", ""relation"": ""="", ""status"": ""VALID""}",456.9290000000002,data/raw/tdc/clearance_microsome_az.tab,CHEMBL1917450,Cc1c(S(=O)(=O)c2ccc(Cl)cc2)c2c(NS(C)(=O)=O)cccc2n1CC(=O)O,3.0,6,Clearance_Microsome_AZ,695,,VALID,122.54,0
CHEMBL1917458,CCS(=O)(=O)c1ccc(Oc2c(C)n(CC(=O)O)c3ccc(C(F)(F)F)cc23)cc1,3.0,CCS(=O)(=O)c1ccc(Oc2c(C)n(CC(=O)O)c3ccc(C(F)(F)F)cc23)cc1,4.639020000000004,0,0.25,1,5,1,"{""number"": ""3.0"", ""relation"": ""="", ""status"": ""VALID""}",441.427,data/raw/tdc/clearance_microsome_az.tab,CHEMBL1917458,CCS(=O)(=O)c1ccc(Oc2c(C)n(CC(=O)O)c3ccc(C(F)(F)F)cc23)cc1,3.0,6,Clearance_Microsome_AZ,696,,VALID,85.60000000000001,0
CHEMBL1689134,C[C@H]1CN(Cc2cc(Cl)ccc2OC(C)(C)C(=O)O)CCN1S(=O)(=O)c1ccccc1,3.0,C[C@H]1CN(Cc2cc(Cl)ccc2OC(C)(C)C(=O)O)CCN1S(=O)(=O)c1ccccc1,3.477000000000002,0,0.4090909090909091,1,5,1,"{""number"": ""3.0"", ""relation"": ""="", ""status"": ""VALID""}",466.9870000000002,data/raw/tdc/clearance_microsome_az.tab,CHEMBL1689134,C[C@H]1CN(Cc2cc(Cl)ccc2OC(C)(C)C(=O)O)CCN1S(=O)(=O)c1ccccc1,3.0,7,Clearance_Microsome_AZ,697,,VALID,87.15,0
CHEMBL1689130,C[C@H]1CN(Cc2cc(Cl)ccc2OCC(=O)O)CCN1C(=O)Cc1cccc(Cl)c1,3.0,C[C@H]1CN(Cc2cc(Cl)ccc2OCC(=O)O)CCN1C(=O)Cc1cccc(Cl)c1,3.7322000000000024,0,0.36363636363636365,1,4,1,"{""number"": ""3.0"", ""relation"": ""="", ""status"": ""VALID""}",451.35000000000025,data/raw/tdc/clearance_microsome_az.tab,CHEMBL1689130,C[C@H]1CN(Cc2cc(Cl)ccc2OCC(=O)O)CCN1C(=O)Cc1cccc(Cl)c1,3.0,7,Clearance_Microsome_AZ,698,,VALID,70.08,0
CHEMBL1689114,O=C(O)COc1ccc(Cl)cc1CN1CCCN(S(=O)(=O)c2ccccc2)CC1,3.0,O=C(O)COc1ccc(Cl)cc1CN1CCCN(S(=O)(=O)c2ccccc2)CC1,2.700000000000001,0,0.35,1,5,1,"{""number"": ""3.0"", ""relation"": ""="", ""status"": ""VALID""}",438.9330000000001,data/raw/tdc/clearance_microsome_az.tab,CHEMBL1689114,O=C(O)COc1ccc(Cl)cc1CN1CCCN(S(=O)(=O)c2ccccc2)CC1,3.0,7,Clearance_Microsome_AZ,699,,VALID,87.15,0
CHEMBL1194759,CCCC1CCCCC(N)=N1,3.0,CCCC1CCCCC(N)=N1,2.0863,0,0.8888888888888888,1,2,1,"{""number"": ""3.0"", ""relation"": ""="", ""status"": ""VALID""}",154.257,data/raw/tdc/clearance_microsome_az.tab,CHEMBL1194759,CCCC1CCCCC(N)=N1,3.0,2,Clearance_Microsome_AZ,700,,VALID,38.379999999999995,1
CHEMBL2171025,O=C(c1ccc(-c2noc(=O)[nH]2)cc1)N1CCC(N2CCC(Oc3ccc(Cl)c(Cl)c3)CC2)CC1,3.0,O=C(c1ccc(-c2noc(=O)[nH]2)cc1)N1CCC(N2CCC(Oc3ccc(Cl)c(Cl)c3)CC2)CC1,4.484700000000005,0,0.4,1,6,1,"{""number"": ""3.0"", ""relation"": ""="", ""status"": ""VALID""}",517.4130000000002,data/raw/tdc/clearance_microsome_az.tab,CHEMBL2171025,O=C(c1ccc(-c2noc(=O)[nH]2)cc1)N1CCC(N2CCC(Oc3ccc(Cl)c(Cl)c3)CC2)CC1,3.0,5,Clearance_Microsome_AZ,701,,VALID,91.67,0
CHEMBL2158770,N#Cc1cccc(C[C@@H](C(=O)O)N2CCC(CN3CCC(Oc4ccc(Cl)c(Cl)c4)CC3)CC2)c1,3.0,N#Cc1cccc(C[C@@H](C(=O)O)N2CCC(CN3CCC(Oc4ccc(Cl)c(Cl)c4)CC3)CC2)c1,5.116180000000004,0,0.48148148148148145,1,5,1,"{""number"": ""3.0"", ""relation"": ""="", ""status"": ""VALID""}",516.4690000000004,data/raw/tdc/clearance_microsome_az.tab,CHEMBL2158770,N#Cc1cccc(C[C@@H](C(=O)O)N2CCC(CN3CCC(Oc4ccc(Cl)c(Cl)c4)CC3)CC2)c1,3.0,8,Clearance_Microsome_AZ,702,,VALID,76.8,0
CHEMBL2158824,O=C(O)c1ccc(N2CCC(CN3CCC(Oc4ccc(Cl)c(Cl)c4)CC3)CC2)cc1,3.0,O=C(O)c1ccc(N2CCC(CN3CCC(Oc4ccc(Cl)c(Cl)c4)CC3)CC2)cc1,5.451400000000006,0,0.4583333333333333,1,4,1,"{""number"": ""3.0"", ""relation"": ""="", ""status"": ""VALID""}",463.4050000000002,data/raw/tdc/clearance_microsome_az.tab,CHEMBL2158824,O=C(O)c1ccc(N2CCC(CN3CCC(Oc4ccc(Cl)c(Cl)c4)CC3)CC2)cc1,3.0,6,Clearance_Microsome_AZ,703,,VALID,53.010000000000005,0
CHEMBL1082983,CCCCc1nc2c(N)nc3ccccc3c2n1CC(C)(C)O,3.0,CCCCc1nc2c(N)nc3ccccc3c2n1CC(C)(C)O,3.280200000000002,0,0.4444444444444444,1,5,2,"{""number"": ""3.0"", ""relation"": ""="", ""status"": ""VALID""}",312.4170000000001,data/raw/tdc/clearance_microsome_az.tab,CHEMBL1082983,CCCCc1nc2c(N)nc3ccccc3c2n1CC(C)(C)O,3.0,5,Clearance_Microsome_AZ,704,,VALID,76.96,0
CHEMBL2158838,O=C(O)[C@H](Cc1ccc(Cl)cc1)N1CCC(CN2CCC(Oc3ccc(Cl)c(Cl)c3)CC2)CC1,3.0,O=C(O)[C@H](Cc1ccc(Cl)cc1)N1CCC(CN2CCC(Oc3ccc(Cl)c(Cl)c3)CC2)CC1,5.897900000000006,0,0.5,1,4,1,"{""number"": ""3.0"", ""relation"": ""="", ""status"": ""VALID""}",525.9040000000002,data/raw/tdc/clearance_microsome_az.tab,CHEMBL2158838,O=C(O)[C@H](Cc1ccc(Cl)cc1)N1CCC(CN2CCC(Oc3ccc(Cl)c(Cl)c3)CC2)CC1,3.0,8,Clearance_Microsome_AZ,705,,VALID,53.010000000000005,0
CHEMBL2208429,O=C(NC[C@@H](O)CN1CCC(Oc2ccc(Cl)c(Cl)c2)CC1)c1n[nH]c2ccccc12,3.0,O=C(NC[C@@H](O)CN1CCC(Oc2ccc(Cl)c(Cl)c2)CC1)c1n[nH]c2ccccc12,3.503800000000001,0,0.36363636363636365,1,5,3,"{""number"": ""3.0"", ""relation"": ""="", ""status"": ""VALID""}",463.36500000000024,data/raw/tdc/clearance_microsome_az.tab,CHEMBL2208429,O=C(NC[C@@H](O)CN1CCC(Oc2ccc(Cl)c(Cl)c2)CC1)c1n[nH]c2ccccc12,3.0,7,Clearance_Microsome_AZ,706,,VALID,90.47999999999999,0
CHEMBL956,CC(C(=O)O)c1ccc(C(=O)c2cccs2)cc1,3.0,CC(C(=O)O)c1ccc(C(=O)c2cccs2)cc1,3.167200000000001,0,0.14285714285714285,1,3,1,"{""number"": ""3.0"", ""relation"": ""="", ""status"": ""VALID""}",260.31399999999996,data/raw/tdc/clearance_microsome_az.tab,CHEMBL956,CC(C(=O)O)c1ccc(C(=O)c2cccs2)cc1,3.0,4,Clearance_Microsome_AZ,707,,VALID,54.37,1
CHEMBL212777,Cc1ccc2c(c1)c(-c1ccnc3cc(Cl)ccc13)c(C)n2CC(=O)O,4.0,Cc1ccc2c(c1)c(-c1ccnc3cc(Cl)ccc13)c(C)n2CC(=O)O,5.211340000000003,0,0.14285714285714285,1,3,1,"{""number"": ""4.0"", ""relation"": ""="", ""status"": ""VALID""}",364.83200000000016,data/raw/tdc/clearance_microsome_az.tab,CHEMBL212777,Cc1ccc2c(c1)c(-c1ccnc3cc(Cl)ccc13)c(C)n2CC(=O)O,4.0,3,Clearance_Microsome_AZ,708,,VALID,55.120000000000005,0
CHEMBL180184,CCN(C(=O)NCc1ccccc1)C1CCN(CCC(c2ccccc2)c2ccccc2)CC1,4.0,CCN(C(=O)NCc1ccccc1)C1CCN(CCC(c2ccccc2)c2ccccc2)CC1,5.904700000000006,0,0.36666666666666664,1,2,1,"{""number"": ""4.0"", ""relation"": ""="", ""status"": ""VALID""}",455.6460000000002,data/raw/tdc/clearance_microsome_az.tab,CHEMBL180184,CCN(C(=O)NCc1ccccc1)C1CCN(CCC(c2ccccc2)c2ccccc2)CC1,4.0,9,Clearance_Microsome_AZ,709,,VALID,35.580000000000005,0
CHEMBL213495,Cc1ccc2c(c1)c(-c1ccnc3c(C#N)cccc13)c(C)n2CC(=O)O,3.0,Cc1ccc2c(c1)c(-c1ccnc3c(C#N)cccc13)c(C)n2CC(=O)O,4.429620000000003,0,0.13636363636363635,1,4,1,"{""number"": ""3.0"", ""relation"": ""="", ""status"": ""VALID""}",355.39700000000016,data/raw/tdc/clearance_microsome_az.tab,CHEMBL213495,Cc1ccc2c(c1)c(-c1ccnc3c(C#N)cccc13)c(C)n2CC(=O)O,3.0,3,Clearance_Microsome_AZ,710,,VALID,78.91,0
CHEMBL1738761,N#Cc1ccc(Cl)cc1O[C@H](CCN)c1ccccc1,4.0,N#Cc1ccc(Cl)cc1O[C@H](CCN)c1ccccc1,3.6805800000000017,0,0.1875,1,3,1,"{""number"": ""4.0"", ""relation"": ""="", ""status"": ""VALID""}",286.76199999999994,data/raw/tdc/clearance_microsome_az.tab,CHEMBL1738761,N#Cc1ccc(Cl)cc1O[C@H](CCN)c1ccccc1,4.0,5,Clearance_Microsome_AZ,711,,VALID,59.03999999999999,0
CHEMBL2158826,O=C(O)Cc1cccc(N2CCC(CN3CCC(Oc4ccc(Cl)c(Cl)c4)CC3)CC2)c1,3.0,O=C(O)Cc1cccc(N2CCC(CN3CCC(Oc4ccc(Cl)c(Cl)c4)CC3)CC2)c1,5.380300000000006,0,0.48,1,4,1,"{""number"": ""3.0"", ""relation"": ""="", ""status"": ""VALID""}",477.43200000000024,data/raw/tdc/clearance_microsome_az.tab,CHEMBL2158826,O=C(O)Cc1cccc(N2CCC(CN3CCC(Oc4ccc(Cl)c(Cl)c4)CC3)CC2)c1,3.0,7,Clearance_Microsome_AZ,712,,VALID,53.010000000000005,0
CHEMBL205133,Nc1c(C(=O)c2cccc(OC[C@H](O)CO)c2)cnn1-c1ccc(F)cc1,3.0,Nc1c(C(=O)c2cccc(OC[C@H](O)CO)c2)cnn1-c1ccc(F)cc1,1.5565999999999998,0,0.15789473684210525,1,7,3,"{""number"": ""3.0"", ""relation"": ""="", ""status"": ""VALID""}",371.368,data/raw/tdc/clearance_microsome_az.tab,CHEMBL205133,Nc1c(C(=O)c2cccc(OC[C@H](O)CO)c2)cnn1-c1ccc(F)cc1,3.0,7,Clearance_Microsome_AZ,713,,VALID,110.60000000000002,0
CHEMBL1916287,Cc1nn(-c2ccc(F)cc2)c(NS(=O)(=O)c2cccnc2)c1C(=O)N[C@@H](C)C(C)(C)C,3.0,Cc1nn(-c2ccc(F)cc2)c(NS(=O)(=O)c2cccnc2)c1C(=O)N[C@@H](C)C(C)(C)C,3.6800200000000025,0,0.3181818181818182,1,6,2,"{""number"": ""3.0"", ""relation"": ""="", ""status"": ""VALID""}",459.5470000000002,data/raw/tdc/clearance_microsome_az.tab,CHEMBL1916287,Cc1nn(-c2ccc(F)cc2)c(NS(=O)(=O)c2cccnc2)c1C(=O)N[C@@H](C)C(C)(C)C,3.0,6,Clearance_Microsome_AZ,714,,VALID,105.97999999999999,0
CHEMBL2332936,CC(=O)Nc1ccc(O)cc1OC[C@@H](O)CN1CCC2(CC1)Cc1cc(F)ccc1O2,3.0,CC(=O)Nc1ccc(O)cc1OC[C@@H](O)CN1CCC2(CC1)Cc1cc(F)ccc1O2,2.6991000000000005,0,0.43478260869565216,1,6,3,"{""number"": ""3.0"", ""relation"": ""="", ""status"": ""VALID""}",430.4760000000002,data/raw/tdc/clearance_microsome_az.tab,CHEMBL2332936,CC(=O)Nc1ccc(O)cc1OC[C@@H](O)CN1CCC2(CC1)Cc1cc(F)ccc1O2,3.0,6,Clearance_Microsome_AZ,715,,VALID,91.26,0
CHEMBL2158780,Cc1cc(Cl)ccc1OC1CCN(CC2CCN([C@@H](Cc3ccc(F)cc3)C(=O)O)CC2)CC1,3.0,Cc1cc(Cl)ccc1OC1CCN(CC2CCN([C@@H](Cc3ccc(F)cc3)C(=O)O)CC2)CC1,5.038620000000004,0,0.5185185185185185,1,4,1,"{""number"": ""3.0"", ""relation"": ""="", ""status"": ""VALID""}",489.0310000000003,data/raw/tdc/clearance_microsome_az.tab,CHEMBL2158780,Cc1cc(Cl)ccc1OC1CCN(CC2CCN([C@@H](Cc3ccc(F)cc3)C(=O)O)CC2)CC1,3.0,8,Clearance_Microsome_AZ,716,,VALID,53.010000000000005,0
CHEMBL398295,CCCSc1nc(N[C@@H]2C[C@H]2c2ccccc2)c2nnn([C@@H]3C[C@H](O)[C@@H](O)[C@H]3O)c2n1,3.0,CCCSc1nc(N[C@@H]2C[C@H]2c2ccccc2)c2nnn([C@@H]3C[C@H](O)[C@@H](O)[C@H]3O)c2n1,1.7188999999999994,0,0.5238095238095238,1,10,4,"{""number"": ""3.0"", ""relation"": ""="", ""status"": ""VALID""}",442.54500000000013,data/raw/tdc/clearance_microsome_az.tab,CHEMBL398295,CCCSc1nc(N[C@@H]2C[C@H]2c2ccccc2)c2nnn([C@@H]3C[C@H](O)[C@@H](O)[C@H]3O)c2n1,3.0,7,Clearance_Microsome_AZ,717,,VALID,129.21,0
CHEMBL398338,CC(C)(C)c1ccc2c(c1)CC[C@H]2NC(=O)Nc1cccc2[nH]ncc12,8.32,CC(C)(C)c1ccc2c(c1)CC[C@H]2NC(=O)Nc1cccc2[nH]ncc12,4.669400000000003,0,0.3333333333333333,1,2,3,"{""number"": ""8.32"", ""relation"": ""="", ""status"": ""VALID""}",348.45000000000005,data/raw/tdc/clearance_microsome_az.tab,CHEMBL398338,CC(C)(C)c1ccc2c(c1)CC[C@H]2NC(=O)Nc1cccc2[nH]ncc12,8.32,2,Clearance_Microsome_AZ,718,,VALID,69.81,0
CHEMBL686,Cc1cccc(Nc2ccccc2C(=O)O)c1C,9.0,Cc1cccc(Nc2ccccc2C(=O)O)c1C,3.7452400000000017,0,0.13333333333333333,1,2,2,"{""number"": ""9.0"", ""relation"": ""="", ""status"": ""VALID""}",241.29,data/raw/tdc/clearance_microsome_az.tab,CHEMBL686,Cc1cccc(Nc2ccccc2C(=O)O)c1C,9.0,3,Clearance_Microsome_AZ,719,,VALID,49.33,0
CHEMBL2181927,CCOc1ncc(C)c2c1[C@H](c1ccc(C#N)cc1OC)C(C(N)=O)=C(C)N2,97.72,CCOc1ncc(C)c2c1[C@H](c1ccc(C#N)cc1OC)C(C(N)=O)=C(C)N2,2.9856999999999996,0,0.2857142857142857,1,6,2,"{""number"": ""97.72"", ""relation"": ""="", ""status"": ""VALID""}",378.4320000000002,data/raw/tdc/clearance_microsome_az.tab,CHEMBL2181927,CCOc1ncc(C)c2c1[C@H](c1ccc(C#N)cc1OC)C(C(N)=O)=C(C)N2,97.72,5,Clearance_Microsome_AZ,720,,VALID,110.25999999999999,0
CHEMBL182682,COc1ccc(CC(=O)N(C)C2CCN(CCC(c3ccccc3)c3ccccc3)CC2)cc1OC,112.0,COc1ccc(CC(=O)N(C)C2CCN(CCC(c3ccccc3)c3ccccc3)CC2)cc1OC,5.3913000000000055,0,0.3870967741935484,1,4,0,"{""number"": ""112.0"", ""relation"": ""="", ""status"": ""VALID""}",486.6560000000002,data/raw/tdc/clearance_microsome_az.tab,CHEMBL182682,COc1ccc(CC(=O)N(C)C2CCN(CCC(c3ccccc3)c3ccccc3)CC2)cc1OC,112.0,10,Clearance_Microsome_AZ,721,,VALID,42.010000000000005,0
CHEMBL1829876,CN(CC(=O)N(Cc1ccc(C2CCCCC2)cc1)c1ccc(C(=O)O)c(O)c1)S(=O)(=O)c1c(F)c(F)c(F)c(F)c1F,128.82,CN(CC(=O)N(Cc1ccc(C2CCCCC2)cc1)c1ccc(C(=O)O)c(O)c1)S(=O)(=O)c1c(F)c(F)c(F)c(F)c1F,5.687500000000005,0,0.3103448275862069,1,5,2,"{""number"": ""128.82"", ""relation"": ""="", ""status"": ""VALID""}",626.6000000000003,data/raw/tdc/clearance_microsome_az.tab,CHEMBL1829876,CN(CC(=O)N(Cc1ccc(C2CCCCC2)cc1)c1ccc(C(=O)O)c(O)c1)S(=O)(=O)c1c(F)c(F)c(F)c(F)c1F,128.82,9,Clearance_Microsome_AZ,722,,VALID,115.22,0
CHEMBL379866,CC(C)c1nnc2ccc(-c3ocnc3-c3cc(F)ccc3F)cn12,3.0,CC(C)c1nnc2ccc(-c3ocnc3-c3cc(F)ccc3F)cn12,4.452900000000003,0,0.16666666666666666,1,5,0,"{""number"": ""3.0"", ""relation"": ""="", ""status"": ""VALID""}",340.333,data/raw/tdc/clearance_microsome_az.tab,CHEMBL379866,CC(C)c1nnc2ccc(-c3ocnc3-c3cc(F)ccc3F)cn12,3.0,3,Clearance_Microsome_AZ,723,,VALID,56.22,0
CHEMBL1409708,CN(C)c1ccnc2sc(C(N)=O)c(N)c12,3.0,CN(C)c1ccnc2sc(C(N)=O)c(N)c12,1.0434,0,0.2,1,5,2,"{""number"": ""3.0"", ""relation"": ""="", ""status"": ""VALID""}",236.29999999999995,data/raw/tdc/clearance_microsome_az.tab,CHEMBL1409708,CN(C)c1ccnc2sc(C(N)=O)c(N)c12,3.0,2,Clearance_Microsome_AZ,724,,VALID,85.24000000000001,0
CHEMBL1892766,N#Cc1cn(Cc2ccco2)c(=O)[nH]c1=O,3.0,N#Cc1cn(Cc2ccco2)c(=O)[nH]c1=O,0.0495799999999999,0,0.1,1,5,1,"{""number"": ""3.0"", ""relation"": ""="", ""status"": ""VALID""}",217.18399999999997,data/raw/tdc/clearance_microsome_az.tab,CHEMBL1892766,N#Cc1cn(Cc2ccco2)c(=O)[nH]c1=O,3.0,2,Clearance_Microsome_AZ,725,,VALID,91.78999999999999,0
CHEMBL1020,Cc1ccc(C(=O)c2ccc(CC(=O)O)n2C)cc1,4.0,Cc1ccc(C(=O)c2ccc(CC(=O)O)n2C)cc1,2.1916200000000003,0,0.2,1,3,1,"{""number"": ""4.0"", ""relation"": ""="", ""status"": ""VALID""}",257.289,data/raw/tdc/clearance_microsome_az.tab,CHEMBL1020,Cc1ccc(C(=O)c2ccc(CC(=O)O)n2C)cc1,4.0,4,Clearance_Microsome_AZ,726,,VALID,59.300000000000004,0
CHEMBL182380,CCN(C(=O)NCc1ccc(S(C)(=O)=O)cc1)C1CCN(CCC(c2ccccc2)c2ccccc2)CC1,3.0,CCN(C(=O)NCc1ccc(S(C)(=O)=O)cc1)C1CCN(CCC(c2ccccc2)c2ccccc2)CC1,5.308200000000006,0,0.3870967741935484,1,4,1,"{""number"": ""3.0"", ""relation"": ""="", ""status"": ""VALID""}",533.7380000000002,data/raw/tdc/clearance_microsome_az.tab,CHEMBL182380,CCN(C(=O)NCc1ccc(S(C)(=O)=O)cc1)C1CCN(CCC(c2ccccc2)c2ccccc2)CC1,3.0,10,Clearance_Microsome_AZ,727,,VALID,69.72,0
CHEMBL256963,Clc1ccc2ncc(-c3cccc(NC4CNC4)n3)n2c1,3.0,Clc1ccc2ncc(-c3cccc(NC4CNC4)n3)n2c1,2.4334000000000007,0,0.2,1,5,2,"{""number"": ""3.0"", ""relation"": ""="", ""status"": ""VALID""}",299.76500000000004,data/raw/tdc/clearance_microsome_az.tab,CHEMBL256963,Clc1ccc2ncc(-c3cccc(NC4CNC4)n3)n2c1,3.0,3,Clearance_Microsome_AZ,728,,VALID,54.25,0
CHEMBL1082376,CCCCCCc1nc2c(N)nc3ccccc3c2n1Cc1ccccc1,3.0,CCCCCCc1nc2c(N)nc3ccccc3c2n1Cc1ccccc1,5.337800000000004,0,0.30434782608695654,1,4,1,"{""number"": ""3.0"", ""relation"": ""="", ""status"": ""VALID""}",358.4890000000001,data/raw/tdc/clearance_microsome_az.tab,CHEMBL1082376,CCCCCCc1nc2c(N)nc3ccccc3c2n1Cc1ccccc1,3.0,7,Clearance_Microsome_AZ,729,,VALID,56.73,0
CHEMBL2158839,O=C(O)[C@H](Cc1ccccc1F)N1CCC(CN2CCC(Oc3ccc(Cl)c(Cl)c3)CC2)CC1,4.0,O=C(O)[C@H](Cc1ccccc1F)N1CCC(CN2CCC(Oc3ccc(Cl)c(Cl)c3)CC2)CC1,5.383600000000006,0,0.5,1,4,1,"{""number"": ""4.0"", ""relation"": ""="", ""status"": ""VALID""}",509.4490000000004,data/raw/tdc/clearance_microsome_az.tab,CHEMBL2158839,O=C(O)[C@H](Cc1ccccc1F)N1CCC(CN2CCC(Oc3ccc(Cl)c(Cl)c3)CC2)CC1,4.0,8,Clearance_Microsome_AZ,730,,VALID,53.010000000000005,0
CHEMBL38182,N#Cc1ccc(NC(=O)Nc2ccccc2Br)c2nn[nH]c12,23.0,N#Cc1ccc(NC(=O)Nc2ccccc2Br)c2nn[nH]c12,3.2360800000000003,0,0.0,1,4,3,"{""number"": ""23.0"", ""relation"": ""="", ""status"": ""VALID""}",357.17100000000005,data/raw/tdc/clearance_microsome_az.tab,CHEMBL38182,N#Cc1ccc(NC(=O)Nc2ccccc2Br)c2nn[nH]c12,23.0,2,Clearance_Microsome_AZ,731,,VALID,106.49000000000001,0
CHEMBL2180612,COC(=O)C1=C(C)NC2=C(C(=O)CC(C)(C)C2)C1c1ccc(-c2ccc(C(F)(F)F)cc2)cc1,9.12,COC(=O)C1=C(C)NC2=C(C(=O)CC(C)(C)C2)C1c1ccc(-c2ccc(C(F)(F)F)cc2)cc1,6.149400000000005,0,0.3333333333333333,1,4,1,"{""number"": ""9.12"", ""relation"": ""="", ""status"": ""VALID""}",469.5030000000001,data/raw/tdc/clearance_microsome_az.tab,CHEMBL2180612,COC(=O)C1=C(C)NC2=C(C(=O)CC(C)(C)C2)C1c1ccc(-c2ccc(C(F)(F)F)cc2)cc1,9.12,3,Clearance_Microsome_AZ,732,,VALID,55.4,1
CHEMBL480601,CC1(C)[C@@H]2CC[C@@]1(CS(=O)(=O)NC1CCN(c3ccc(C(F)(F)F)cn3)CC1)C(=O)C2,75.0,CC1(C)[C@@H]2CC[C@@]1(CS(=O)(=O)NC1CCN(c3ccc(C(F)(F)F)cn3)CC1)C(=O)C2,3.384000000000002,0,0.7142857142857143,1,5,1,"{""number"": ""75.0"", ""relation"": ""="", ""status"": ""VALID""}",459.5340000000002,data/raw/tdc/clearance_microsome_az.tab,CHEMBL480601,CC1(C)[C@@H]2CC[C@@]1(CS(=O)(=O)NC1CCN(c3ccc(C(F)(F)F)cn3)CC1)C(=O)C2,75.0,5,Clearance_Microsome_AZ,733,,VALID,79.37,0
CHEMBL605846,COc1ccc(CC(C)(C)NC[C@H](O)c2cc(O)cc3c2OCC(=O)N3)cc1,14.0,COc1ccc(CC(C)(C)NC[C@H](O)c2cc(O)cc3c2OCC(=O)N3)cc1,2.3760000000000003,0,0.38095238095238093,1,6,4,"{""number"": ""14.0"", ""relation"": ""="", ""status"": ""VALID""}",386.44800000000015,data/raw/tdc/clearance_microsome_az.tab,CHEMBL605846,COc1ccc(CC(C)(C)NC[C@H](O)c2cc(O)cc3c2OCC(=O)N3)cc1,14.0,7,Clearance_Microsome_AZ,734,,VALID,100.05000000000001,0
CHEMBL1917441,Cc1ccc2c(c1)c(Sc1cccc(Cl)c1)c(C)n2CC(=O)O,12.0,Cc1ccc2c(c1)c(Sc1cccc(Cl)c1)c(C)n2CC(=O)O,5.147340000000003,0,0.16666666666666666,1,3,1,"{""number"": ""12.0"", ""relation"": ""="", ""status"": ""VALID""}",345.85100000000017,data/raw/tdc/clearance_microsome_az.tab,CHEMBL1917441,Cc1ccc2c(c1)c(Sc1cccc(Cl)c1)c(C)n2CC(=O)O,12.0,4,Clearance_Microsome_AZ,735,,VALID,42.230000000000004,0
CHEMBL219861,CC(C)Cn1c(=O)n(C)c(=O)c2c(C(=O)N3C[C@H](O)CO3)c(Cc3ccnc4ccccc34)sc21,30.0,CC(C)Cn1c(=O)n(C)c(=O)c2c(C(=O)N3C[C@H](O)CO3)c(Cc3ccnc4ccccc34)sc21,2.3050000000000015,0,0.36,1,9,1,"{""number"": ""30.0"", ""relation"": ""="", ""status"": ""VALID""}",494.5730000000002,data/raw/tdc/clearance_microsome_az.tab,CHEMBL219861,CC(C)Cn1c(=O)n(C)c(=O)c2c(C(=O)N3C[C@H](O)CO3)c(Cc3ccnc4ccccc34)sc21,30.0,5,Clearance_Microsome_AZ,736,,VALID,106.66000000000001,0
CHEMBL1631889,C(#Cc1n[nH]c2ccccc12)c1ccccc1,35.0,C(#Cc1n[nH]c2ccccc12)c1ccccc1,2.9627000000000008,0,0.0,1,1,1,"{""number"": ""35.0"", ""relation"": ""="", ""status"": ""VALID""}",218.259,data/raw/tdc/clearance_microsome_az.tab,CHEMBL1631889,C(#Cc1n[nH]c2ccccc12)c1ccccc1,35.0,0,Clearance_Microsome_AZ,737,,VALID,28.68,0
CHEMBL12610,CN(C)CCCOc1nn(Cc2ccccc2)c2ccccc12,17.78,CN(C)CCCOc1nn(Cc2ccccc2)c2ccccc12,3.4151000000000016,0,0.3157894736842105,1,4,0,"{""number"": ""17.78"", ""relation"": ""="", ""status"": ""VALID""}",309.413,data/raw/tdc/clearance_microsome_az.tab,CHEMBL12610,CN(C)CCCOc1nn(Cc2ccccc2)c2ccccc12,17.78,7,Clearance_Microsome_AZ,738,,VALID,30.29,0
CHEMBL2207286,CN(C)S(=O)(=O)c1ccc2c(C(=O)NC[C@@H](O)CN3CCC(Oc4ccc(Cl)c(Cl)c4)CC3)c[nH]c(=O)c2c1,86.0,CN(C)S(=O)(=O)c1ccc2c(C(=O)NC[C@@H](O)CN3CCC(Oc4ccc(Cl)c(Cl)c4)CC3)c[nH]c(=O)c2c1,2.7193000000000005,0,0.38461538461538464,1,7,3,"{""number"": ""86.0"", ""relation"": ""="", ""status"": ""VALID""}",597.5210000000002,data/raw/tdc/clearance_microsome_az.tab,CHEMBL2207286,CN(C)S(=O)(=O)c1ccc2c(C(=O)NC[C@@H](O)CN3CCC(Oc4ccc(Cl)c(Cl)c4)CC3)c[nH]c(=O)c2c1,86.0,9,Clearance_Microsome_AZ,739,,VALID,132.04,0
CHEMBL217943,O=C(NCc1ccccc1)c1ccc2cccnc2c1O,49.0,O=C(NCc1ccccc1)c1ccc2cccnc2c1O,2.8704000000000014,0,0.058823529411764705,1,3,2,"{""number"": ""49.0"", ""relation"": ""="", ""status"": ""VALID""}",278.31100000000004,data/raw/tdc/clearance_microsome_az.tab,CHEMBL217943,O=C(NCc1ccccc1)c1ccc2cccnc2c1O,49.0,3,Clearance_Microsome_AZ,740,,VALID,62.22,0
CHEMBL569738,Cc1cc(Nc2cncc(N[C@@H](C)c3ccc(F)cn3)n2)n[nH]1,34.67,Cc1cc(Nc2cncc(N[C@@H](C)c3ccc(F)cn3)n2)n[nH]1,2.95892,0,0.2,1,6,3,"{""number"": ""34.67"", ""relation"": ""="", ""status"": ""VALID""}",313.34,data/raw/tdc/clearance_microsome_az.tab,CHEMBL569738,Cc1cc(Nc2cncc(N[C@@H](C)c3ccc(F)cn3)n2)n[nH]1,34.67,5,Clearance_Microsome_AZ,741,,VALID,91.41,0
CHEMBL414017,Nc1nc(N)c2cc(NCc3ccc(Cl)c(Cl)c3)ccc2n1,35.0,Nc1nc(N)c2cc(NCc3ccc(Cl)c(Cl)c3)ccc2n1,3.7131000000000007,0,0.06666666666666667,1,5,3,"{""number"": ""35.0"", ""relation"": ""="", ""status"": ""VALID""}",334.21000000000004,data/raw/tdc/clearance_microsome_az.tab,CHEMBL414017,Nc1nc(N)c2cc(NCc3ccc(Cl)c(Cl)c3)ccc2n1,35.0,3,Clearance_Microsome_AZ,742,,VALID,89.85,0
CHEMBL435859,OB1c2ccccc2N=C(S)N1c1cccnc1,14.79,OB1c2ccccc2N=C(S)N1c1cccnc1,1.2066000000000001,0,0.0,1,4,2,"{""number"": ""14.79"", ""relation"": ""="", ""status"": ""VALID""}",255.11100000000002,data/raw/tdc/clearance_microsome_az.tab,CHEMBL435859,OB1c2ccccc2N=C(S)N1c1cccnc1,14.79,1,Clearance_Microsome_AZ,743,,VALID,48.720000000000006,0
CHEMBL570899,Cc1cc(Nc2cncc(N[C@@H](C)c3ncc(F)cn3)n2)n[nH]1,15.85,Cc1cc(Nc2cncc(N[C@@H](C)c3ncc(F)cn3)n2)n[nH]1,2.3539199999999987,0,0.21428571428571427,1,7,3,"{""number"": ""15.85"", ""relation"": ""="", ""status"": ""VALID""}",314.328,data/raw/tdc/clearance_microsome_az.tab,CHEMBL570899,Cc1cc(Nc2cncc(N[C@@H](C)c3ncc(F)cn3)n2)n[nH]1,15.85,5,Clearance_Microsome_AZ,744,,VALID,104.30000000000001,0
CHEMBL1645135,C[C@H](NC(=O)c1cccc2c1N(Cc1ccc(Cl)cc1)CC2)c1ccc(C(=O)O)cc1,15.85,C[C@H](NC(=O)c1cccc2c1N(Cc1ccc(Cl)cc1)CC2)c1ccc(C(=O)O)cc1,5.091900000000004,0,0.2,1,3,2,"{""number"": ""15.85"", ""relation"": ""="", ""status"": ""VALID""}",434.9230000000002,data/raw/tdc/clearance_microsome_az.tab,CHEMBL1645135,C[C@H](NC(=O)c1cccc2c1N(Cc1ccc(Cl)cc1)CC2)c1ccc(C(=O)O)cc1,15.85,6,Clearance_Microsome_AZ,745,,VALID,69.64,0
CHEMBL576981,C[C@@H](O)[C@H]1C(=O)N2C(C(=O)O)=C(SC3CN(C4=NCCS4)C3)[C@H](C)[C@H]12,23.44,C[C@@H](O)[C@H]1C(=O)N2C(C(=O)O)=C(SC3CN(C4=NCCS4)C3)[C@H](C)[C@H]12,0.6602999999999999,0,0.6875,1,7,2,"{""number"": ""23.44"", ""relation"": ""="", ""status"": ""VALID""}",383.4950000000002,data/raw/tdc/clearance_microsome_az.tab,CHEMBL576981,C[C@@H](O)[C@H]1C(=O)N2C(C(=O)O)=C(SC3CN(C4=NCCS4)C3)[C@H](C)[C@H]12,23.44,4,Clearance_Microsome_AZ,746,,VALID,93.44,0
CHEMBL563,CC(C(=O)O)c1ccc(-c2ccccc2)c(F)c1,23.5,CC(C(=O)O)c1ccc(-c2ccccc2)c(F)c1,3.6808000000000023,0,0.13333333333333333,1,1,1,"{""number"": ""23.5"", ""relation"": ""="", ""status"": ""VALID""}",244.265,data/raw/tdc/clearance_microsome_az.tab,CHEMBL563,CC(C(=O)O)c1ccc(-c2ccccc2)c(F)c1,23.5,3,Clearance_Microsome_AZ,747,,VALID,37.3,1
CHEMBL16073,CCOc1ccc(NC(C)=O)cc1,24.55,CCOc1ccc(NC(C)=O)cc1,2.0437,0,0.3,1,2,1,"{""number"": ""24.55"", ""relation"": ""="", ""status"": ""VALID""}",179.219,data/raw/tdc/clearance_microsome_az.tab,CHEMBL16073,CCOc1ccc(NC(C)=O)cc1,24.55,3,Clearance_Microsome_AZ,748,,VALID,38.33,0
CHEMBL496929,O=C(Nc1ccc(CCO)cc1)c1cc2cc(Cl)ccc2[nH]1,10.72,O=C(Nc1ccc(CCO)cc1)c1cc2cc(Cl)ccc2[nH]1,3.6084000000000014,0,0.11764705882352941,1,2,3,"{""number"": ""10.72"", ""relation"": ""="", ""status"": ""VALID""}",314.772,data/raw/tdc/clearance_microsome_az.tab,CHEMBL496929,O=C(Nc1ccc(CCO)cc1)c1cc2cc(Cl)ccc2[nH]1,10.72,4,Clearance_Microsome_AZ,749,,VALID,65.12,0
CHEMBL345937,CC1Sc2c(C(=O)O)c(=O)c3cc(F)c(N4CCNCC4)cc3n21,13.8,CC1Sc2c(C(=O)O)c(=O)c3cc(F)c(N4CCNCC4)cc3n21,1.8725999999999998,0,0.375,1,6,2,"{""number"": ""13.8"", ""relation"": ""="", ""status"": ""VALID""}",349.3870000000001,data/raw/tdc/clearance_microsome_az.tab,CHEMBL345937,CC1Sc2c(C(=O)O)c(=O)c3cc(F)c(N4CCNCC4)cc3n21,13.8,2,Clearance_Microsome_AZ,750,,VALID,74.57,1
CHEMBL95,Nc1c2c(nc3ccccc13)CCCC2,30.5,Nc1c2c(nc3ccccc13)CCCC2,2.695800000000001,0,0.3076923076923077,1,2,1,"{""number"": ""30.5"", ""relation"": ""="", ""status"": ""VALID""}",198.26899999999992,data/raw/tdc/clearance_microsome_az.tab,CHEMBL95,Nc1c2c(nc3ccccc13)CCCC2,30.5,0,Clearance_Microsome_AZ,751,,VALID,38.91,0
CHEMBL522460,Cc1ccccc1CN1CCC(N2CCC(n3c(=O)[nH]c4ccccc43)CC2)CC1,24.0,Cc1ccccc1CN1CCC(N2CCC(n3c(=O)[nH]c4ccccc43)CC2)CC1,3.9395200000000026,0,0.48,1,4,1,"{""number"": ""24.0"", ""relation"": ""="", ""status"": ""VALID""}",404.5580000000002,data/raw/tdc/clearance_microsome_az.tab,CHEMBL522460,Cc1ccccc1CN1CCC(N2CCC(n3c(=O)[nH]c4ccccc43)CC2)CC1,24.0,4,Clearance_Microsome_AZ,752,,VALID,44.269999999999996,0
CHEMBL444884,NC(=O)c1sc(-c2ccc(Cl)cc2)cc1N,31.0,NC(=O)c1sc(-c2ccc(Cl)cc2)cc1N,2.7496,0,0.0,1,3,2,"{""number"": ""31.0"", ""relation"": ""="", ""status"": ""VALID""}",252.726,data/raw/tdc/clearance_microsome_az.tab,CHEMBL444884,NC(=O)c1sc(-c2ccc(Cl)cc2)cc1N,31.0,2,Clearance_Microsome_AZ,753,,VALID,69.11,0
CHEMBL1221660,CCOC(=O)N1CCC(Nc2cc(Cl)ccn2)CC1,34.0,CCOC(=O)N1CCC(Nc2cc(Cl)ccn2)CC1,2.767800000000001,0,0.5384615384615384,1,4,1,"{""number"": ""34.0"", ""relation"": ""="", ""status"": ""VALID""}",283.7590000000001,data/raw/tdc/clearance_microsome_az.tab,CHEMBL1221660,CCOC(=O)N1CCC(Nc2cc(Cl)ccn2)CC1,34.0,3,Clearance_Microsome_AZ,754,,VALID,54.46,0
CHEMBL1916281,Cc1ccc(S(=O)(=O)Nc2c(C(=O)NC(C)C(C)(C)C)c(C)nn2-c2ccccc2)cc1,31.0,Cc1ccc(S(=O)(=O)Nc2c(C(=O)NC(C)C(C)(C)C)c(C)nn2-c2ccccc2)cc1,4.454340000000004,0,0.3333333333333333,1,5,2,"{""number"": ""31.0"", ""relation"": ""="", ""status"": ""VALID""}",454.5960000000002,data/raw/tdc/clearance_microsome_az.tab,CHEMBL1916281,Cc1ccc(S(=O)(=O)Nc2c(C(=O)NC(C)C(C)(C)C)c(C)nn2-c2ccccc2)cc1,31.0,6,Clearance_Microsome_AZ,755,,VALID,93.09,1
CHEMBL1276308,CC#C[C@]1(O)CC[C@H]2[C@@H]3CCC4=CC(=O)CCC4=C3[C@@H](c3ccc(N(C)C)cc3)C[C@@]21C,79.0,CC#C[C@]1(O)CC[C@H]2[C@@H]3CCC4=CC(=O)CCC4=C3[C@@H](c3ccc(N(C)C)cc3)C[C@@]21C,5.406500000000006,0,0.5517241379310345,1,3,1,"{""number"": ""79.0"", ""relation"": ""="", ""status"": ""VALID""}",429.6040000000001,data/raw/tdc/clearance_microsome_az.tab,CHEMBL1276308,CC#C[C@]1(O)CC[C@H]2[C@@H]3CCC4=CC(=O)CCC4=C3[C@@H](c3ccc(N(C)C)cc3)C[C@@]21C,79.0,2,Clearance_Microsome_AZ,756,,VALID,40.54,0
CHEMBL1308362,Cc1ccc2cc(C)c3nnc(SCC(=O)N4CCN(C(=O)c5ccco5)CC4)n3c2c1,79.43,Cc1ccc2cc(C)c3nnc(SCC(=O)N4CCN(C(=O)c5ccco5)CC4)n3c2c1,3.1690400000000016,0,0.30434782608695654,1,7,0,"{""number"": ""79.43"", ""relation"": ""="", ""status"": ""VALID""}",449.5360000000003,data/raw/tdc/clearance_microsome_az.tab,CHEMBL1308362,Cc1ccc2cc(C)c3nnc(SCC(=O)N4CCN(C(=O)c5ccco5)CC4)n3c2c1,79.43,4,Clearance_Microsome_AZ,757,,VALID,83.95,0
CHEMBL2207281,O=C(NC[C@@H](O)CN1CCC(Oc2ccc(Cl)c(Cl)c2)CC1)c1c[nH]c(=O)c2cc(S(=O)(=O)NCCO)ccc12,6.0,O=C(NC[C@@H](O)CN1CCC(Oc2ccc(Cl)c(Cl)c2)CC1)c1c[nH]c(=O)c2cc(S(=O)(=O)NCCO)ccc12,1.7395999999999987,0,0.38461538461538464,1,8,5,"{""number"": ""6.0"", ""relation"": ""="", ""status"": ""VALID""}",613.5200000000002,data/raw/tdc/clearance_microsome_az.tab,CHEMBL2207281,O=C(NC[C@@H](O)CN1CCC(Oc2ccc(Cl)c(Cl)c2)CC1)c1c[nH]c(=O)c2cc(S(=O)(=O)NCCO)ccc12,6.0,11,Clearance_Microsome_AZ,758,,VALID,161.05999999999997,0
CHEMBL2207671,CS(=O)(=O)c1ccc2c(C(=O)NC[C@@H](O)CN3CCC(Oc4ccc(Cl)c(Cl)c4)CC3)c[nH]c(=O)c2c1,6.0,CS(=O)(=O)c1ccc2c(C(=O)NC[C@@H](O)CN3CCC(Oc4ccc(Cl)c(Cl)c4)CC3)c[nH]c(=O)c2c1,2.8725000000000005,0,0.36,1,7,3,"{""number"": ""6.0"", ""relation"": ""="", ""status"": ""VALID""}",568.4790000000003,data/raw/tdc/clearance_microsome_az.tab,CHEMBL2207671,CS(=O)(=O)c1ccc2c(C(=O)NC[C@@H](O)CN3CCC(Oc4ccc(Cl)c(Cl)c4)CC3)c[nH]c(=O)c2c1,6.0,8,Clearance_Microsome_AZ,759,,VALID,128.79999999999998,0
CHEMBL282625,N=C(N)c1cc2c(/C=C/c3ccc4c(c3)OCO4)cccc2s1,7.0,N=C(N)c1cc2c(/C=C/c3ccc4c(c3)OCO4)cccc2s1,4.084470000000002,0,0.05555555555555555,1,4,2,"{""number"": ""7.0"", ""relation"": ""="", ""status"": ""VALID""}",322.389,data/raw/tdc/clearance_microsome_az.tab,CHEMBL282625,N=C(N)c1cc2c(/C=C/c3ccc4c(c3)OCO4)cccc2s1,7.0,3,Clearance_Microsome_AZ,760,,VALID,68.33000000000001,1
CHEMBL1951909,CCN(C(=O)Cc1ccc(S(C)(=O)=O)cc1)C1CCN(CC[C@@H](c2cc(F)cc(F)c2)N2CCN(S(C)(=O)=O)CC2)CC1,7.5,CCN(C(=O)Cc1ccc(S(C)(=O)=O)cc1)C1CCN(CC[C@@H](c2cc(F)cc(F)c2)N2CCN(S(C)(=O)=O)CC2)CC1,2.9323000000000015,0,0.5666666666666667,1,7,0,"{""number"": ""7.5"", ""relation"": ""="", ""status"": ""VALID""}",640.8190000000001,data/raw/tdc/clearance_microsome_az.tab,CHEMBL1951909,CCN(C(=O)Cc1ccc(S(C)(=O)=O)cc1)C1CCN(CC[C@@H](c2cc(F)cc(F)c2)N2CCN(S(C)(=O)=O)CC2)CC1,7.5,11,Clearance_Microsome_AZ,761,,VALID,98.31,0
CHEMBL2216902,CC(C)c1nc2ccccc2n1-c1nc(N2CCOCC2)c2nc(OC3CN(C4CCS(=O)(=O)CC4)C3)n(C)c2n1,20.42,CC(C)c1nc2ccccc2n1-c1nc(N2CCOCC2)c2nc(OC3CN(C4CCS(=O)(=O)CC4)C3)n(C)c2n1,2.3024000000000004,0,0.5714285714285714,1,12,0,"{""number"": ""20.42"", ""relation"": ""="", ""status"": ""VALID""}",580.7150000000001,data/raw/tdc/clearance_microsome_az.tab,CHEMBL2216902,CC(C)c1nc2ccccc2n1-c1nc(N2CCOCC2)c2nc(OC3CN(C4CCS(=O)(=O)CC4)C3)n(C)c2n1,20.42,6,Clearance_Microsome_AZ,762,,VALID,120.50000000000001,0
CHEMBL1921939,C[C@@](C(=O)O[C@H]1C[N+]2(CCOCCc3ccccc3)CCC1CC2)(c1ccccc1)N1CCCCC1,102.0,C[C@@](C(=O)O[C@H]1C[N+]2(CCOCCc3ccccc3)CCC1CC2)(c1ccccc1)N1CCCCC1,4.799200000000004,0,0.5806451612903226,1,4,0,"{""number"": ""102.0"", ""relation"": ""="", ""status"": ""VALID""}",491.6960000000004,data/raw/tdc/clearance_microsome_az.tab,CHEMBL1921939,C[C@@](C(=O)O[C@H]1C[N+]2(CCOCCc3ccccc3)CCC1CC2)(c1ccccc1)N1CCCCC1,102.0,10,Clearance_Microsome_AZ,763,,VALID,38.77,2
CHEMBL2147033,O=C1COC2(CCN(S(=O)(=O)c3ccc(-c4ccc5cnccc5c4)cc3)CC2)CN1C1CC1,114.82,O=C1COC2(CCN(S(=O)(=O)c3ccc(-c4ccc5cnccc5c4)cc3)CC2)CN1C1CC1,3.4463000000000017,0,0.38461538461538464,1,5,0,"{""number"": ""114.82"", ""relation"": ""="", ""status"": ""VALID""}",477.5860000000003,data/raw/tdc/clearance_microsome_az.tab,CHEMBL2147033,O=C1COC2(CCN(S(=O)(=O)c3ccc(-c4ccc5cnccc5c4)cc3)CC2)CN1C1CC1,114.82,4,Clearance_Microsome_AZ,764,,VALID,79.80999999999999,0
CHEMBL1221702,C[C@H]1CN=C(N)c2sccc2O1,7.0,C[C@H]1CN=C(N)c2sccc2O1,1.2343,0,0.375,1,4,1,"{""number"": ""7.0"", ""relation"": ""="", ""status"": ""VALID""}",182.248,data/raw/tdc/clearance_microsome_az.tab,CHEMBL1221702,C[C@H]1CN=C(N)c2sccc2O1,7.0,0,Clearance_Microsome_AZ,765,,VALID,47.61,0
CHEMBL1807827,O=c1[nH]c2c(O)ccc([C@@H](O)CNCCSCCCNCCc3cccc(Cl)c3)c2s1,8.0,O=c1[nH]c2c(O)ccc([C@@H](O)CNCCSCCCNCCc3cccc(Cl)c3)c2s1,3.5272000000000014,0,0.4090909090909091,1,7,5,"{""number"": ""8.0"", ""relation"": ""="", ""status"": ""VALID""}",482.0710000000002,data/raw/tdc/clearance_microsome_az.tab,CHEMBL1807827,O=c1[nH]c2c(O)ccc([C@@H](O)CNCCSCCCNCCc3cccc(Cl)c3)c2s1,8.0,13,Clearance_Microsome_AZ,766,,VALID,97.38000000000001,0
CHEMBL481230,COc1cc2c(Nc3ccc(F)c(Cl)c3)c(C(N)=O)cnc2cc1OCCN(C)CCO,27.54,COc1cc2c(Nc3ccc(F)c(Cl)c3)c(C(N)=O)cnc2cc1OCCN(C)CCO,3.1813000000000025,0,0.2727272727272727,1,7,3,"{""number"": ""27.54"", ""relation"": ""="", ""status"": ""VALID""}",462.90900000000033,data/raw/tdc/clearance_microsome_az.tab,CHEMBL481230,COc1cc2c(Nc3ccc(F)c(Cl)c3)c(C(N)=O)cnc2cc1OCCN(C)CCO,27.54,10,Clearance_Microsome_AZ,767,,VALID,109.94,0
CHEMBL1917425,Cc1c(Sc2ccc(Cl)cc2)c2c(Cl)cccc2n1CC(=O)O,3.0,Cc1c(Sc2ccc(Cl)cc2)c2c(Cl)cccc2n1CC(=O)O,5.492320000000004,0,0.11764705882352941,1,3,1,"{""number"": ""3.0"", ""relation"": ""="", ""status"": ""VALID""}",366.2690000000001,data/raw/tdc/clearance_microsome_az.tab,CHEMBL1917425,Cc1c(Sc2ccc(Cl)cc2)c2c(Cl)cccc2n1CC(=O)O,3.0,4,Clearance_Microsome_AZ,768,,VALID,42.230000000000004,0
CHEMBL1290746,Cc1ccc(C(=O)Nc2ccon2)cc1NC(=O)c1cnn(-c2ccccc2F)c1N,3.0,Cc1ccc(C(=O)Nc2ccon2)cc1NC(=O)c1cnn(-c2ccccc2F)c1N,3.3946200000000006,0,0.047619047619047616,1,7,3,"{""number"": ""3.0"", ""relation"": ""="", ""status"": ""VALID""}",420.40400000000017,data/raw/tdc/clearance_microsome_az.tab,CHEMBL1290746,Cc1ccc(C(=O)Nc2ccon2)cc1NC(=O)c1cnn(-c2ccccc2F)c1N,3.0,5,Clearance_Microsome_AZ,769,,VALID,128.07,0
CHEMBL2207660,Cc1c(Cl)ccc(OC2CCN(C[C@H](O)CNC(=O)c3c[nH]nc3C(F)(F)F)CC2)c1Cl,3.0,Cc1c(Cl)ccc(OC2CCN(C[C@H](O)CNC(=O)c3c[nH]nc3C(F)(F)F)CC2)c1Cl,3.6778200000000014,0,0.5,1,5,3,"{""number"": ""3.0"", ""relation"": ""="", ""status"": ""VALID""}",495.3290000000002,data/raw/tdc/clearance_microsome_az.tab,CHEMBL2207660,Cc1c(Cl)ccc(OC2CCN(C[C@H](O)CNC(=O)c3c[nH]nc3C(F)(F)F)CC2)c1Cl,3.0,7,Clearance_Microsome_AZ,770,,VALID,90.48,0
CHEMBL1761322,CCS(=O)(=O)CCCC12CCC(c3nnc(-c4ccccc4C(F)(F)F)n3C)(CC1)CC2,3.0,CCS(=O)(=O)CCCC12CCC(c3nnc(-c4ccccc4C(F)(F)F)n3C)(CC1)CC2,5.307800000000005,0,0.6521739130434783,1,5,0,"{""number"": ""3.0"", ""relation"": ""="", ""status"": ""VALID""}",469.5730000000002,data/raw/tdc/clearance_microsome_az.tab,CHEMBL1761322,CCS(=O)(=O)CCCC12CCC(c3nnc(-c4ccccc4C(F)(F)F)n3C)(CC1)CC2,3.0,7,Clearance_Microsome_AZ,771,,VALID,64.85,2
CHEMBL198114,CCN(C(=O)Cc1ccc(S(C)(=O)=O)cc1)C1CCN(CCC(c2ccccc2)c2ccc(NS(C)(=O)=O)cc2)CC1,3.0,CCN(C(=O)Cc1ccc(S(C)(=O)=O)cc1)C1CCN(CCC(c2ccccc2)c2ccc(NS(C)(=O)=O)cc2)CC1,4.539200000000004,0,0.40625,1,6,1,"{""number"": ""3.0"", ""relation"": ""="", ""status"": ""VALID""}",611.8300000000002,data/raw/tdc/clearance_microsome_az.tab,CHEMBL198114,CCN(C(=O)Cc1ccc(S(C)(=O)=O)cc1)C1CCN(CCC(c2ccccc2)c2ccc(NS(C)(=O)=O)cc2)CC1,3.0,12,Clearance_Microsome_AZ,772,,VALID,103.85999999999999,1
CHEMBL217899,CCc1nn(C2CCCC2)c2c1CCn1c(-c3cccs3)nnc1-2,22.0,CCc1nn(C2CCCC2)c2c1CCn1c(-c3cccs3)nnc1-2,4.1037000000000035,0,0.5,1,6,0,"{""number"": ""22.0"", ""relation"": ""="", ""status"": ""VALID""}",339.46799999999996,data/raw/tdc/clearance_microsome_az.tab,CHEMBL217899,CCc1nn(C2CCCC2)c2c1CCn1c(-c3cccs3)nnc1-2,22.0,3,Clearance_Microsome_AZ,773,,VALID,48.53,0
CHEMBL274737,CC[C@H](CO)Nc1nc(SCc2ccccc2)nc2nc(N)sc12,8.71,CC[C@H](CO)Nc1nc(SCc2ccccc2)nc2nc(N)sc12,3.143600000000001,0,0.3125,1,8,3,"{""number"": ""8.71"", ""relation"": ""="", ""status"": ""VALID""}",361.4960000000001,data/raw/tdc/clearance_microsome_az.tab,CHEMBL274737,CC[C@H](CO)Nc1nc(SCc2ccccc2)nc2nc(N)sc12,8.71,7,Clearance_Microsome_AZ,774,,VALID,96.95,0
CHEMBL403313,CN(C)S(=O)(=O)NC(=O)CCCc1c(-c2ccc(F)cc2)[nH]c2ccc(C#N)cc12,8.86,CN(C)S(=O)(=O)NC(=O)CCCc1c(-c2ccc(F)cc2)[nH]c2ccc(C#N)cc12,3.090980000000001,0,0.23809523809523808,1,4,2,"{""number"": ""8.86"", ""relation"": ""="", ""status"": ""VALID""}",428.4890000000001,data/raw/tdc/clearance_microsome_az.tab,CHEMBL403313,CN(C)S(=O)(=O)NC(=O)CCCc1c(-c2ccc(F)cc2)[nH]c2ccc(C#N)cc12,8.86,7,Clearance_Microsome_AZ,775,,VALID,106.06,0
CHEMBL2158836,O=C(O)[C@@H](Cc1ccccc1)N1CCC(CN2CCC(Oc3ccc(Cl)c(Cl)c3)CC2)CC1,3.0,O=C(O)[C@@H](Cc1ccccc1)N1CCC(CN2CCC(Oc3ccc(Cl)c(Cl)c3)CC2)CC1,5.244500000000006,0,0.5,1,4,1,"{""number"": ""3.0"", ""relation"": ""="", ""status"": ""VALID""}",491.4590000000003,data/raw/tdc/clearance_microsome_az.tab,CHEMBL2158836,O=C(O)[C@@H](Cc1ccccc1)N1CCC(CN2CCC(Oc3ccc(Cl)c(Cl)c3)CC2)CC1,3.0,8,Clearance_Microsome_AZ,776,,VALID,53.010000000000005,0
CHEMBL1790041,CNC(=C[N+](=O)[O-])NCCSCc1ccc(CN(C)C)o1,3.0,CNC(=C[N+](=O)[O-])NCCSCc1ccc(CN(C)C)o1,1.4589999999999999,0,0.5384615384615384,1,7,2,"{""number"": ""3.0"", ""relation"": ""="", ""status"": ""VALID""}",314.411,data/raw/tdc/clearance_microsome_az.tab,CHEMBL1790041,CNC(=C[N+](=O)[O-])NCCSCc1ccc(CN(C)C)o1,3.0,10,Clearance_Microsome_AZ,777,,VALID,83.58,1
CHEMBL2158793,Cc1cc(F)ccc1OC1CCN(CC2CCN([C@@](C)(Cc3ccc(F)cc3)C(=O)O)CC2)CC1,3.0,Cc1cc(F)ccc1OC1CCN(CC2CCN([C@@](C)(Cc3ccc(F)cc3)C(=O)O)CC2)CC1,4.914420000000004,0,0.5357142857142857,1,4,1,"{""number"": ""3.0"", ""relation"": ""="", ""status"": ""VALID""}",486.6030000000003,data/raw/tdc/clearance_microsome_az.tab,CHEMBL2158793,Cc1cc(F)ccc1OC1CCN(CC2CCN([C@@](C)(Cc3ccc(F)cc3)C(=O)O)CC2)CC1,3.0,8,Clearance_Microsome_AZ,778,,VALID,53.010000000000005,0
CHEMBL2216830,C=CC(=O)Nc1cccc(CN2C(=O)N(c3c(Cl)c(OC)cc(OC)c3Cl)Cc3cnc(NCCCCN(CC)CC)nc32)c1,87.1,C=CC(=O)Nc1cccc(CN2C(=O)N(c3c(Cl)c(OC)cc(OC)c3Cl)Cc3cnc(NCCCCN(CC)CC)nc32)c1,6.6058000000000066,0,0.375,1,8,2,"{""number"": ""87.1"", ""relation"": ""="", ""status"": ""VALID""}",656.6149999999998,data/raw/tdc/clearance_microsome_az.tab,CHEMBL2216830,C=CC(=O)Nc1cccc(CN2C(=O)N(c3c(Cl)c(OC)cc(OC)c3Cl)Cc3cnc(NCCCCN(CC)CC)nc32)c1,87.1,15,Clearance_Microsome_AZ,779,,VALID,112.16000000000001,0
CHEMBL1425658,c1csc(Cn2nnnc2CN2CCN(c3nc4ccccc4s3)CC2)c1,99.0,c1csc(Cn2nnnc2CN2CCN(c3nc4ccccc4s3)CC2)c1,2.7148000000000003,0,0.3333333333333333,1,9,0,"{""number"": ""99.0"", ""relation"": ""="", ""status"": ""VALID""}",397.53300000000013,data/raw/tdc/clearance_microsome_az.tab,CHEMBL1425658,c1csc(Cn2nnnc2CN2CCN(c3nc4ccccc4s3)CC2)c1,99.0,5,Clearance_Microsome_AZ,780,,VALID,62.970000000000006,0
CHEMBL14762,CC[C@H](CO)Nc1nc(NCc2ccccc2)c2ncn(C(C)C)c2n1,123.03,CC[C@H](CO)Nc1nc(NCc2ccccc2)c2ncn(C(C)C)c2n1,3.2021000000000015,0,0.42105263157894735,1,7,3,"{""number"": ""123.03"", ""relation"": ""="", ""status"": ""VALID""}",354.4580000000001,data/raw/tdc/clearance_microsome_az.tab,CHEMBL14762,CC[C@H](CO)Nc1nc(NCc2ccccc2)c2ncn(C(C)C)c2n1,123.03,8,Clearance_Microsome_AZ,781,,VALID,87.89,0
CHEMBL1916286,Cc1nn(-c2ccccc2)c(NS(=O)(=O)C2CCCCC2)c1C(=O)N[C@@H](C)C(C)(C)C,14.0,Cc1nn(-c2ccccc2)c(NS(=O)(=O)C2CCCCC2)c1C(=O)N[C@@H](C)C(C)(C)C,4.419520000000004,0,0.5652173913043478,1,5,2,"{""number"": ""14.0"", ""relation"": ""="", ""status"": ""VALID""}",446.6170000000003,data/raw/tdc/clearance_microsome_az.tab,CHEMBL1916286,Cc1nn(-c2ccccc2)c(NS(=O)(=O)C2CCCCC2)c1C(=O)N[C@@H](C)C(C)(C)C,14.0,6,Clearance_Microsome_AZ,782,,VALID,93.09,0
CHEMBL249584,OC[C@H]1C[C@@H](n2nnc3c(N[C@@H]4C[C@H]4c4ccccc4)nc(SCCC(F)(F)F)nc32)[C@H](O)[C@@H]1O,3.0,OC[C@H]1C[C@@H](n2nnc3c(N[C@@H]4C[C@H]4c4ccccc4)nc(SCCC(F)(F)F)nc32)[C@H](O)[C@@H]1O,2.5089,0,0.5454545454545454,1,10,4,"{""number"": ""3.0"", ""relation"": ""="", ""status"": ""VALID""}",510.5420000000002,data/raw/tdc/clearance_microsome_az.tab,CHEMBL249584,OC[C@H]1C[C@@H](n2nnc3c(N[C@@H]4C[C@H]4c4ccccc4)nc(SCCC(F)(F)F)nc32)[C@H](O)[C@@H]1O,3.0,8,Clearance_Microsome_AZ,783,,VALID,129.21,0
CHEMBL453,Cc1noc(NS(=O)(=O)c2ccc(N)cc2)c1C,3.0,Cc1noc(NS(=O)(=O)c2ccc(N)cc2)c1C,1.67444,0,0.18181818181818182,1,5,2,"{""number"": ""3.0"", ""relation"": ""="", ""status"": ""VALID""}",267.31,data/raw/tdc/clearance_microsome_az.tab,CHEMBL453,Cc1noc(NS(=O)(=O)c2ccc(N)cc2)c1C,3.0,3,Clearance_Microsome_AZ,784,,VALID,98.22,0
CHEMBL1916266,CCC(CC)NC(=O)c1cnn(-c2ccccn2)c1NS(=O)(=O)c1ccc(C)cc1,3.0,CCC(CC)NC(=O)c1cnn(-c2ccccn2)c1NS(=O)(=O)c1ccc(C)cc1,3.294920000000001,0,0.2857142857142857,1,6,2,"{""number"": ""3.0"", ""relation"": ""="", ""status"": ""VALID""}",427.5300000000002,data/raw/tdc/clearance_microsome_az.tab,CHEMBL1916266,CCC(CC)NC(=O)c1cnn(-c2ccccn2)c1NS(=O)(=O)c1ccc(C)cc1,3.0,8,Clearance_Microsome_AZ,785,,VALID,105.97999999999999,0
CHEMBL193544,CN1CCC(Oc2cccc3ncnc(Nc4ccc(OCc5ccccn5)c(Cl)c4)c23)CC1,22.0,CN1CCC(Oc2cccc3ncnc(Nc4ccc(OCc5ccccn5)c(Cl)c4)c23)CC1,5.473800000000005,0,0.2692307692307692,1,7,1,"{""number"": ""22.0"", ""relation"": ""="", ""status"": ""VALID""}",475.9800000000003,data/raw/tdc/clearance_microsome_az.tab,CHEMBL193544,CN1CCC(Oc2cccc3ncnc(Nc4ccc(OCc5ccccn5)c(Cl)c4)c23)CC1,22.0,7,Clearance_Microsome_AZ,786,,VALID,72.4,0
CHEMBL188705,COc1ccc(OC)c(CNc2[nH]nc3cccc(Oc4ccc(S(C)(=O)=O)cc4)c23)c1,103.0,COc1ccc(OC)c(CNc2[nH]nc3cccc(Oc4ccc(S(C)(=O)=O)cc4)c23)c1,4.388000000000003,0,0.17391304347826086,1,7,2,"{""number"": ""103.0"", ""relation"": ""="", ""status"": ""VALID""}",453.5200000000002,data/raw/tdc/clearance_microsome_az.tab,CHEMBL188705,COc1ccc(OC)c(CNc2[nH]nc3cccc(Oc4ccc(S(C)(=O)=O)cc4)c23)c1,103.0,8,Clearance_Microsome_AZ,787,,VALID,102.53999999999999,0
CHEMBL1188966,CN(C)c1nc(NC[C@H]2CC[C@H](CNS(=O)(=O)c3ccc(Br)cc3OC(F)(F)F)CC2)nc2ccccc12,117.49,CN(C)c1nc(NC[C@H]2CC[C@H](CNS(=O)(=O)c3ccc(Br)cc3OC(F)(F)F)CC2)nc2ccccc12,5.5537000000000045,0,0.44,1,7,2,"{""number"": ""117.49"", ""relation"": ""="", ""status"": ""VALID""}",616.5039999999999,data/raw/tdc/clearance_microsome_az.tab,CHEMBL1188966,CN(C)c1nc(NC[C@H]2CC[C@H](CNS(=O)(=O)c3ccc(Br)cc3OC(F)(F)F)CC2)nc2ccccc12,117.49,9,Clearance_Microsome_AZ,788,,VALID,96.45000000000002,0
CHEMBL2164670,COc1ccccc1C(C#N)NC(=O)[C@@H]1CCCC[C@H]1C(=O)N1CCN(Cc2ccc(F)cc2)CC1,127.0,COc1ccccc1C(C#N)NC(=O)[C@@H]1CCCC[C@H]1C(=O)N1CCN(Cc2ccc(F)cc2)CC1,3.665980000000003,0,0.4642857142857143,1,5,1,"{""number"": ""127.0"", ""relation"": ""="", ""status"": ""VALID""}",492.5950000000003,data/raw/tdc/clearance_microsome_az.tab,CHEMBL2164670,COc1ccccc1C(C#N)NC(=O)[C@@H]1CCCC[C@H]1C(=O)N1CCN(Cc2ccc(F)cc2)CC1,127.0,7,Clearance_Microsome_AZ,789,,VALID,85.66999999999999,1
CHEMBL168634,Cc1ccc(S(=O)(=O)N2N=Cc3ccccc3B2O)cc1,14.13,Cc1ccc(S(=O)(=O)N2N=Cc3ccccc3B2O)cc1,0.72092,0,0.07142857142857142,1,4,1,"{""number"": ""14.13"", ""relation"": ""="", ""status"": ""VALID""}",300.148,data/raw/tdc/clearance_microsome_az.tab,CHEMBL168634,Cc1ccc(S(=O)(=O)N2N=Cc3ccccc3B2O)cc1,14.13,2,Clearance_Microsome_AZ,790,,VALID,69.97,0
CHEMBL1468936,CCOC(=O)c1c(-c2ccccc2)nc2cc(C)ccn12,150.0,CCOC(=O)c1c(-c2ccccc2)nc2cc(C)ccn12,3.4864200000000016,0,0.17647058823529413,1,4,0,"{""number"": ""150.0"", ""relation"": ""="", ""status"": ""VALID""}",280.327,data/raw/tdc/clearance_microsome_az.tab,CHEMBL1468936,CCOC(=O)c1c(-c2ccccc2)nc2cc(C)ccn12,150.0,3,Clearance_Microsome_AZ,791,,VALID,43.599999999999994,0
CHEMBL1934266,CCC(CC)NC(=O)c1c(C)nn(C(C)C)c1NS(=O)(=O)c1ccc(C)cc1,7.5,CCC(CC)NC(=O)c1c(C)nn(C(C)C)c1NS(=O)(=O)c1ccc(C)cc1,3.8000400000000027,0,0.5,1,5,2,"{""number"": ""7.5"", ""relation"": ""="", ""status"": ""VALID""}",406.55200000000013,data/raw/tdc/clearance_microsome_az.tab,CHEMBL1934266,CCC(CC)NC(=O)c1c(C)nn(C(C)C)c1NS(=O)(=O)c1ccc(C)cc1,7.5,8,Clearance_Microsome_AZ,792,,VALID,93.09,0
CHEMBL66089,Nc1ncnc2nc(-c3ccc(N4CCOCC4)nc3)cc(-c3cccc(Br)c3)c12,7.59,Nc1ncnc2nc(-c3ccc(N4CCOCC4)nc3)cc(-c3cccc(Br)c3)c12,3.935100000000003,0,0.18181818181818182,1,7,1,"{""number"": ""7.59"", ""relation"": ""="", ""status"": ""VALID""}",463.33900000000006,data/raw/tdc/clearance_microsome_az.tab,CHEMBL66089,Nc1ncnc2nc(-c3ccc(N4CCOCC4)nc3)cc(-c3cccc(Br)c3)c12,7.59,3,Clearance_Microsome_AZ,793,,VALID,90.05,0
CHEMBL383696,CC(C)Cn1c(=O)n(C)c(=O)c2c(SC3CCCC3)c(Cc3ccccc3C(F)(F)F)sc21,7.0,CC(C)Cn1c(=O)n(C)c(=O)c2c(SC3CCCC3)c(Cc3ccccc3C(F)(F)F)sc21,6.062000000000006,0,0.5,1,6,0,"{""number"": ""7.0"", ""relation"": ""="", ""status"": ""VALID""}",496.6200000000002,data/raw/tdc/clearance_microsome_az.tab,CHEMBL383696,CC(C)Cn1c(=O)n(C)c(=O)c2c(SC3CCCC3)c(Cc3ccccc3C(F)(F)F)sc21,7.0,6,Clearance_Microsome_AZ,794,,VALID,44.0,0
CHEMBL1921926,C[C@@](C(=O)O[C@H]1C[N+]2(CCCc3ccc4ncsc4c3)CCC1CC2)(c1ccccc1)N1CCCCC1,38.0,C[C@@](C(=O)O[C@H]1C[N+]2(CCCc3ccc4ncsc4c3)CCC1CC2)(c1ccccc1)N1CCCCC1,5.782400000000006,0,0.5483870967741935,1,5,0,"{""number"": ""38.0"", ""relation"": ""="", ""status"": ""VALID""}",518.7470000000004,data/raw/tdc/clearance_microsome_az.tab,CHEMBL1921926,C[C@@](C(=O)O[C@H]1C[N+]2(CCCc3ccc4ncsc4c3)CCC1CC2)(c1ccccc1)N1CCCCC1,38.0,8,Clearance_Microsome_AZ,795,,VALID,42.43,2
CHEMBL1963231,CC(C(=O)O[C@@H]1CC[N+](C)(C)C1)(c1ccccc1)C1CCCC1,42.0,CC(C(=O)O[C@@H]1CC[N+](C)(C)C1)(c1ccccc1)C1CCCC1,3.5264000000000024,0,0.65,1,2,0,"{""number"": ""42.0"", ""relation"": ""="", ""status"": ""VALID""}",316.4650000000002,data/raw/tdc/clearance_microsome_az.tab,CHEMBL1963231,CC(C(=O)O[C@@H]1CC[N+](C)(C)C1)(c1ccccc1)C1CCCC1,42.0,4,Clearance_Microsome_AZ,796,,VALID,26.3,1
CHEMBL1835918,Cc1ccc(N2CC(COc3ccc(-c4noc(C)n4)cc3)C2)nn1,26.33,Cc1ccc(N2CC(COc3ccc(-c4noc(C)n4)cc3)C2)nn1,2.65864,0,0.3333333333333333,1,7,0,"{""number"": ""26.33"", ""relation"": ""="", ""status"": ""VALID""}",337.38300000000004,data/raw/tdc/clearance_microsome_az.tab,CHEMBL1835918,Cc1ccc(N2CC(COc3ccc(-c4noc(C)n4)cc3)C2)nn1,26.33,5,Clearance_Microsome_AZ,797,,VALID,77.17,0
CHEMBL1951893,CCN(C(=O)Cc1ccc(S(C)(=O)=O)cc1)C1CCN(CCC(c2ccccc2)N2CCN(c3ccccc3)CC2)CC1,26.33,CCN(C(=O)Cc1ccc(S(C)(=O)=O)cc1)C1CCN(CCC(c2ccccc2)N2CCN(c3ccccc3)CC2)CC1,4.899100000000005,0,0.45714285714285713,1,6,0,"{""number"": ""26.33"", ""relation"": ""="", ""status"": ""VALID""}",602.8450000000001,data/raw/tdc/clearance_microsome_az.tab,CHEMBL1951893,CCN(C(=O)Cc1ccc(S(C)(=O)=O)cc1)C1CCN(CCC(c2ccccc2)N2CCN(c3ccccc3)CC2)CC1,26.33,11,Clearance_Microsome_AZ,798,,VALID,64.17,1
CHEMBL212521,CC[C@H](N)C(=O)N[C@H](C#N)Cc1ccc(-c2ccccc2)cc1,28.67,CC[C@H](N)C(=O)N[C@H](C#N)Cc1ccc(-c2ccccc2)cc1,2.6417800000000016,0,0.2631578947368421,1,3,2,"{""number"": ""28.67"", ""relation"": ""="", ""status"": ""VALID""}",307.397,data/raw/tdc/clearance_microsome_az.tab,CHEMBL212521,CC[C@H](N)C(=O)N[C@H](C#N)Cc1ccc(-c2ccccc2)cc1,28.67,6,Clearance_Microsome_AZ,799,,VALID,78.91,0
CHEMBL1384203,CC(NCC(O)c1ccc([N+](=O)[O-])cc1)C12CC3CC(CC(C3)C1)C2,30.5,CC(NCC(O)c1ccc([N+](=O)[O-])cc1)C12CC3CC(CC(C3)C1)C2,3.822700000000003,0,0.7,1,4,2,"{""number"": ""30.5"", ""relation"": ""="", ""status"": ""VALID""}",344.45500000000015,data/raw/tdc/clearance_microsome_az.tab,CHEMBL1384203,CC(NCC(O)c1ccc([N+](=O)[O-])cc1)C12CC3CC(CC(C3)C1)C2,30.5,6,Clearance_Microsome_AZ,800,,VALID,75.39999999999999,6
CHEMBL110999,CN(CCCOCCOCCc1ccccc1)CCc1ccc(O)c2nc(O)sc12,35.0,CN(CCCOCCOCCc1ccccc1)CCc1ccc(O)c2nc(O)sc12,3.8478000000000043,0,0.43478260869565216,1,7,2,"{""number"": ""35.0"", ""relation"": ""="", ""status"": ""VALID""}",430.57000000000016,data/raw/tdc/clearance_microsome_az.tab,CHEMBL110999,CN(CCCOCCOCCc1ccccc1)CCc1ccc(O)c2nc(O)sc12,35.0,13,Clearance_Microsome_AZ,801,,VALID,75.05000000000001,0
CHEMBL392559,O=C(NCC12CC3CC(CC(C3)C1)C2)c1cc(CN2C[C@@H]3C[C@H]2CN3)ccc1Cl,13.0,O=C(NCC12CC3CC(CC(C3)C1)C2)c1cc(CN2C[C@@H]3C[C@H]2CN3)ccc1Cl,3.8323000000000027,0,0.7083333333333334,1,3,2,"{""number"": ""13.0"", ""relation"": ""="", ""status"": ""VALID""}",413.99300000000005,data/raw/tdc/clearance_microsome_az.tab,CHEMBL392559,O=C(NCC12CC3CC(CC(C3)C1)C2)c1cc(CN2C[C@@H]3C[C@H]2CN3)ccc1Cl,13.0,5,Clearance_Microsome_AZ,802,,VALID,44.370000000000005,4
CHEMBL2207672,Cc1c(Cl)ccc(OC2CCN(C[C@H](O)CNC(=O)c3c[nH]c(=O)c4cc(S(C)(=O)=O)ccc34)CC2)c1Cl,13.0,Cc1c(Cl)ccc(OC2CCN(C[C@H](O)CNC(=O)c3c[nH]c(=O)c4cc(S(C)(=O)=O)ccc34)CC2)c1Cl,3.1809200000000013,0,0.38461538461538464,1,7,3,"{""number"": ""13.0"", ""relation"": ""="", ""status"": ""VALID""}",582.5060000000001,data/raw/tdc/clearance_microsome_az.tab,CHEMBL2207672,Cc1c(Cl)ccc(OC2CCN(C[C@H](O)CNC(=O)c3c[nH]c(=O)c4cc(S(C)(=O)=O)ccc34)CC2)c1Cl,13.0,8,Clearance_Microsome_AZ,803,,VALID,128.79999999999998,0
CHEMBL280148,CN(C)CCNc1cc(-c2ccc(N3CCN(C)CC3)cc2)nc2ccccc12,11.0,CN(C)CCNc1cc(-c2ccc(N3CCN(C)CC3)cc2)nc2ccccc12,3.627100000000002,0,0.375,1,5,1,"{""number"": ""11.0"", ""relation"": ""="", ""status"": ""VALID""}",389.54700000000014,data/raw/tdc/clearance_microsome_az.tab,CHEMBL280148,CN(C)CCNc1cc(-c2ccc(N3CCN(C)CC3)cc2)nc2ccccc12,11.0,6,Clearance_Microsome_AZ,804,,VALID,34.64,0
CHEMBL560241,Cc1cc(-c2ccc(Cl)c(C(=O)NCC3(O)CCCCCC3)c2)n[nH]1,12.0,Cc1cc(-c2ccc(Cl)c(C(=O)NCC3(O)CCCCCC3)c2)n[nH]1,3.853620000000002,0,0.47368421052631576,1,3,3,"{""number"": ""12.0"", ""relation"": ""="", ""status"": ""VALID""}",361.87300000000016,data/raw/tdc/clearance_microsome_az.tab,CHEMBL560241,Cc1cc(-c2ccc(Cl)c(C(=O)NCC3(O)CCCCCC3)c2)n[nH]1,12.0,4,Clearance_Microsome_AZ,805,,VALID,78.00999999999999,0
CHEMBL235789,O=C(NCC12CC3CC(CC(C3)C1)C2)c1cc(CN2CCNCC2)ccc1Cl,18.0,O=C(NCC12CC3CC(CC(C3)C1)C2)c1cc(CN2CCNCC2)ccc1Cl,3.6914000000000025,0,0.6956521739130435,1,3,2,"{""number"": ""18.0"", ""relation"": ""="", ""status"": ""VALID""}",401.9820000000001,data/raw/tdc/clearance_microsome_az.tab,CHEMBL235789,O=C(NCC12CC3CC(CC(C3)C1)C2)c1cc(CN2CCNCC2)ccc1Cl,18.0,5,Clearance_Microsome_AZ,806,,VALID,44.370000000000005,4
CHEMBL1934415,Cc1ccc(S(=O)(=O)Nc2c(C(=O)N[C@@H](C)C(C)(C)C)c(C)nn2C2CCCCC2)cc1,33.0,Cc1ccc(S(=O)(=O)Nc2c(C(=O)N[C@@H](C)C(C)(C)C)c(C)nn2C2CCCCC2)cc1,4.970340000000005,0,0.5833333333333334,1,5,2,"{""number"": ""33.0"", ""relation"": ""="", ""status"": ""VALID""}",460.64400000000035,data/raw/tdc/clearance_microsome_az.tab,CHEMBL1934415,Cc1ccc(S(=O)(=O)Nc2c(C(=O)N[C@@H](C)C(C)(C)C)c(C)nn2C2CCCCC2)cc1,33.0,6,Clearance_Microsome_AZ,807,,VALID,93.09,0
CHEMBL1222381,O=C(NC1CC1)c1cc(-c2cccs2)on1,38.9,O=C(NC1CC1)c1cc(-c2cccs2)on1,2.2953,0,0.2727272727272727,1,4,1,"{""number"": ""38.9"", ""relation"": ""="", ""status"": ""VALID""}",234.28000000000003,data/raw/tdc/clearance_microsome_az.tab,CHEMBL1222381,O=C(NC1CC1)c1cc(-c2cccs2)on1,38.9,3,Clearance_Microsome_AZ,808,,VALID,55.13,0
CHEMBL259850,COc1ccc(CNC(=O)Nc2ncc([N+](=O)[O-])s2)cc1,56.0,COc1ccc(CNC(=O)Nc2ncc([N+](=O)[O-])s2)cc1,2.3815999999999997,0,0.16666666666666666,1,6,2,"{""number"": ""56.0"", ""relation"": ""="", ""status"": ""VALID""}",308.319,data/raw/tdc/clearance_microsome_az.tab,CHEMBL259850,COc1ccc(CNC(=O)Nc2ncc([N+](=O)[O-])s2)cc1,56.0,5,Clearance_Microsome_AZ,809,,VALID,106.39000000000001,0
CHEMBL1089518,CCCCOc1nc(N)c2[nH]c(=O)n(Cc3cccc(CC(=O)O)c3)c2n1,3.0,CCCCOc1nc(N)c2[nH]c(=O)n(Cc3cccc(CC(=O)O)c3)c2n1,1.5560999999999994,0,0.3333333333333333,1,7,3,"{""number"": ""3.0"", ""relation"": ""="", ""status"": ""VALID""}",371.39700000000016,data/raw/tdc/clearance_microsome_az.tab,CHEMBL1089518,CCCCOc1nc(N)c2[nH]c(=O)n(Cc3cccc(CC(=O)O)c3)c2n1,3.0,8,Clearance_Microsome_AZ,810,,VALID,136.12,0
CHEMBL1916084,Cc1ccc(S(=O)(=O)Nc2c(C(=O)NC3CCCCC3)cnn2-c2ccccc2)cc1,60.0,Cc1ccc(S(=O)(=O)Nc2c(C(=O)NC3CCCCC3)cnn2-c2ccccc2)cc1,4.044020000000003,0,0.30434782608695654,1,5,2,"{""number"": ""60.0"", ""relation"": ""="", ""status"": ""VALID""}",438.55300000000017,data/raw/tdc/clearance_microsome_az.tab,CHEMBL1916084,Cc1ccc(S(=O)(=O)Nc2c(C(=O)NC3CCCCC3)cnn2-c2ccccc2)cc1,60.0,6,Clearance_Microsome_AZ,811,,VALID,93.09,0
CHEMBL257025,C[C@H](CO)Nc1nc(SCc2cccc(F)c2F)nc2[nH]ncc12,14.0,C[C@H](CO)Nc1nc(SCc2cccc(F)c2F)nc2[nH]ncc12,2.716100000000001,0,0.26666666666666666,1,6,3,"{""number"": ""14.0"", ""relation"": ""="", ""status"": ""VALID""}",351.382,data/raw/tdc/clearance_microsome_az.tab,CHEMBL257025,C[C@H](CO)Nc1nc(SCc2cccc(F)c2F)nc2[nH]ncc12,14.0,6,Clearance_Microsome_AZ,812,,VALID,86.72,0
CHEMBL315970,CC(C)Cn1c(=O)n(C)c(=O)c2cn(Cc3cccc4ccccc34)cc21,14.0,CC(C)Cn1c(=O)n(C)c(=O)c2cn(Cc3cccc4ccccc34)cc21,3.3592000000000013,0,0.2727272727272727,1,5,0,"{""number"": ""14.0"", ""relation"": ""="", ""status"": ""VALID""}",361.44500000000005,data/raw/tdc/clearance_microsome_az.tab,CHEMBL315970,CC(C)Cn1c(=O)n(C)c(=O)c2cn(Cc3cccc4ccccc34)cc21,14.0,4,Clearance_Microsome_AZ,813,,VALID,48.93,0
CHEMBL2171017,COc1ccc(C(=O)NCCN2CCN(Cc3ccc(Cl)c(Cl)c3)CC2)cc1Cl,50.5,COc1ccc(C(=O)NCCN2CCN(Cc3ccc(Cl)c(Cl)c3)CC2)cc1Cl,4.203000000000004,0,0.38095238095238093,1,4,1,"{""number"": ""50.5"", ""relation"": ""="", ""status"": ""VALID""}",456.80100000000016,data/raw/tdc/clearance_microsome_az.tab,CHEMBL2171017,COc1ccc(C(=O)NCCN2CCN(Cc3ccc(Cl)c(Cl)c3)CC2)cc1Cl,50.5,7,Clearance_Microsome_AZ,814,,VALID,44.81,0
CHEMBL1916278,Cc1ccc(S(=O)(=O)Nc2c(C(=O)NC3CCOCC3)c(C)nn2-c2ccccc2)cc1,6.0,Cc1ccc(S(=O)(=O)Nc2c(C(=O)NC3CCOCC3)c(C)nn2-c2ccccc2)cc1,3.1987400000000017,0,0.30434782608695654,1,6,2,"{""number"": ""6.0"", ""relation"": ""="", ""status"": ""VALID""}",454.5520000000002,data/raw/tdc/clearance_microsome_az.tab,CHEMBL1916278,Cc1ccc(S(=O)(=O)Nc2c(C(=O)NC3CCOCC3)c(C)nn2-c2ccccc2)cc1,6.0,6,Clearance_Microsome_AZ,815,,VALID,102.32,0
CHEMBL143305,Cc1cc(CCCOc2c(Cl)cc(C3=NCCO3)cc2Cl)on1,66.07,Cc1cc(CCCOc2c(Cl)cc(C3=NCCO3)cc2Cl)on1,4.078220000000003,0,0.375,1,5,0,"{""number"": ""66.07"", ""relation"": ""="", ""status"": ""VALID""}",355.22100000000006,data/raw/tdc/clearance_microsome_az.tab,CHEMBL143305,Cc1cc(CCCOc2c(Cl)cc(C3=NCCO3)cc2Cl)on1,66.07,6,Clearance_Microsome_AZ,816,,VALID,56.85,0
CHEMBL2031221,Cc1ccc(NC(=O)c2cccc(N3CCOCC3)c2)cc1-n1cnc2ccc(N3CCN(C)CC3)cc2c1=O,14.0,Cc1ccc(NC(=O)c2cccc(N3CCOCC3)c2)cc1-n1cnc2ccc(N3CCN(C)CC3)cc2c1=O,3.5348200000000025,0,0.3225806451612903,1,8,1,"{""number"": ""14.0"", ""relation"": ""="", ""status"": ""VALID""}",538.6520000000004,data/raw/tdc/clearance_microsome_az.tab,CHEMBL2031221,Cc1ccc(NC(=O)c2cccc(N3CCOCC3)c2)cc1-n1cnc2ccc(N3CCN(C)CC3)cc2c1=O,14.0,5,Clearance_Microsome_AZ,817,,VALID,82.94,0
CHEMBL1916282,Cc1ccc(S(=O)(=O)Nc2c(C(=O)N[C@@H](C)C(C)(C)C)c(C)nn2-c2ccccc2)cc1,39.83,Cc1ccc(S(=O)(=O)Nc2c(C(=O)N[C@@H](C)C(C)(C)C)c(C)nn2-c2ccccc2)cc1,4.454340000000004,0,0.3333333333333333,1,5,2,"{""number"": ""39.83"", ""relation"": ""="", ""status"": ""VALID""}",454.5960000000002,data/raw/tdc/clearance_microsome_az.tab,CHEMBL1916282,Cc1ccc(S(=O)(=O)Nc2c(C(=O)N[C@@H](C)C(C)(C)C)c(C)nn2-c2ccccc2)cc1,39.83,6,Clearance_Microsome_AZ,818,,VALID,93.09,0
CHEMBL495727,O=C(Nc1c[nH]nc1-c1nc2ccc(CN3CCOCC3)cc2[nH]1)NC1CC1,8.32,O=C(Nc1c[nH]nc1-c1nc2ccc(CN3CCOCC3)cc2[nH]1)NC1CC1,2.0690999999999997,0,0.42105263157894735,1,5,4,"{""number"": ""8.32"", ""relation"": ""="", ""status"": ""VALID""}",381.44000000000017,data/raw/tdc/clearance_microsome_az.tab,CHEMBL495727,O=C(Nc1c[nH]nc1-c1nc2ccc(CN3CCOCC3)cc2[nH]1)NC1CC1,8.32,5,Clearance_Microsome_AZ,819,,VALID,110.96000000000001,0
CHEMBL2137199,OC(c1ccc(-c2ccc(CN3CCN(Cc4ccncc4)CC3)cc2)c(F)c1)(C(F)(F)F)C(F)(F)F,48.98,OC(c1ccc(-c2ccc(CN3CCN(Cc4ccncc4)CC3)cc2)c(F)c1)(C(F)(F)F)C(F)(F)F,5.517700000000004,0,0.34615384615384615,1,4,1,"{""number"": ""48.98"", ""relation"": ""="", ""status"": ""VALID""}",527.484,data/raw/tdc/clearance_microsome_az.tab,CHEMBL2137199,OC(c1ccc(-c2ccc(CN3CCN(Cc4ccncc4)CC3)cc2)c(F)c1)(C(F)(F)F)C(F)(F)F,48.98,6,Clearance_Microsome_AZ,820,,VALID,39.6,0
CHEMBL1214,CC1(C)S[C@@H]2[C@H](NC(=O)C(C(=O)O)c3ccccc3)C(=O)N2[C@H]1C(=O)O,6.92,CC1(C)S[C@@H]2[C@H](NC(=O)C(C(=O)O)c3ccccc3)C(=O)N2[C@H]1C(=O)O,0.4864999999999999,0,0.4117647058823529,1,5,3,"{""number"": ""6.92"", ""relation"": ""="", ""status"": ""VALID""}",378.4060000000001,data/raw/tdc/clearance_microsome_az.tab,CHEMBL1214,CC1(C)S[C@@H]2[C@H](NC(=O)C(C(=O)O)c3ccccc3)C(=O)N2[C@H]1C(=O)O,6.92,5,Clearance_Microsome_AZ,821,,VALID,124.01,1
CHEMBL1921936,C[C@@](C(=O)O[C@H]1C[N+]2(CCCOc3ccc(F)cc3)CCC1CC2)(c1ccccc1)N1CCCCC1,66.0,C[C@@](C(=O)O[C@H]1C[N+]2(CCCOc3ccc(F)cc3)CCC1CC2)(c1ccccc1)N1CCCCC1,5.148100000000005,0,0.5666666666666667,1,4,0,"{""number"": ""66.0"", ""relation"": ""="", ""status"": ""VALID""}",495.65900000000045,data/raw/tdc/clearance_microsome_az.tab,CHEMBL1921936,C[C@@](C(=O)O[C@H]1C[N+]2(CCCOc3ccc(F)cc3)CCC1CC2)(c1ccccc1)N1CCCCC1,66.0,9,Clearance_Microsome_AZ,822,,VALID,38.77,2
CHEMBL464081,CC1(C)[C@@H]2CC[C@@]1(CS(=O)(=O)N1CCN(c3ccc(C(F)(F)F)cn3)CC1)C(=O)C2,51.0,CC1(C)[C@@H]2CC[C@@]1(CS(=O)(=O)N1CCN(c3ccc(C(F)(F)F)cn3)CC1)C(=O)C2,2.9476000000000013,0,0.7,1,5,0,"{""number"": ""51.0"", ""relation"": ""="", ""status"": ""VALID""}",445.5070000000002,data/raw/tdc/clearance_microsome_az.tab,CHEMBL464081,CC1(C)[C@@H]2CC[C@@]1(CS(=O)(=O)N1CCN(c3ccc(C(F)(F)F)cn3)CC1)C(=O)C2,51.0,4,Clearance_Microsome_AZ,823,,VALID,70.58000000000001,0
CHEMBL2331843,CCc1[nH]c2nc(Sc3cnc4ccc[n+]([O-])c4c3)nc(N3CC[C@@H](N)C3)c2c1Cl,51.29,CCc1[nH]c2nc(Sc3cnc4ccc[n+]([O-])c4c3)nc(N3CC[C@@H](N)C3)c2c1Cl,3.0439000000000007,0,0.3,1,7,2,"{""number"": ""51.29"", ""relation"": ""="", ""status"": ""VALID""}",441.9480000000003,data/raw/tdc/clearance_microsome_az.tab,CHEMBL2331843,CCc1[nH]c2nc(Sc3cnc4ccc[n+]([O-])c4c3)nc(N3CC[C@@H](N)C3)c2c1Cl,51.29,4,Clearance_Microsome_AZ,824,,VALID,110.66,0
CHEMBL1939560,C[C@H](c1nc2ncccc2c(=O)n1-c1ccc(Cl)cc1)N(CC1CCS(=O)(=O)CC1)C(=O)Cc1ccc(C(F)(F)F)c(F)c1,5.25,C[C@H](c1nc2ncccc2c(=O)n1-c1ccc(Cl)cc1)N(CC1CCS(=O)(=O)CC1)C(=O)Cc1ccc(C(F)(F)F)c(F)c1,5.5491000000000055,0,0.3333333333333333,1,7,0,"{""number"": ""5.25"", ""relation"": ""="", ""status"": ""VALID""}",651.0820000000006,data/raw/tdc/clearance_microsome_az.tab,CHEMBL1939560,C[C@H](c1nc2ncccc2c(=O)n1-c1ccc(Cl)cc1)N(CC1CCS(=O)(=O)CC1)C(=O)Cc1ccc(C(F)(F)F)c(F)c1,5.25,7,Clearance_Microsome_AZ,825,,VALID,102.22999999999999,0
CHEMBL1831214,NC(=O)Nc1cc(-c2ccccc2)sc1C(N)=O,27.0,NC(=O)Nc1cc(-c2ccccc2)sc1C(N)=O,2.0046000000000004,0,0.0,1,3,3,"{""number"": ""27.0"", ""relation"": ""="", ""status"": ""VALID""}",261.306,data/raw/tdc/clearance_microsome_az.tab,CHEMBL1831214,NC(=O)Nc1cc(-c2ccccc2)sc1C(N)=O,27.0,3,Clearance_Microsome_AZ,826,,VALID,98.21000000000001,0
CHEMBL258282,CN1CCN(CCOc2n[nH]c3ncnc(Nc4ccc(OCc5ccccn5)c(Cl)c4)c23)CC1,30.2,CN1CCN(CCOc2n[nH]c3ncnc(Nc4ccc(OCc5ccccn5)c(Cl)c4)c23)CC1,3.350100000000001,0,0.3333333333333333,1,9,2,"{""number"": ""30.2"", ""relation"": ""="", ""status"": ""VALID""}",494.98700000000025,data/raw/tdc/clearance_microsome_az.tab,CHEMBL258282,CN1CCN(CCOc2n[nH]c3ncnc(Nc4ccc(OCc5ccccn5)c(Cl)c4)c23)CC1,30.2,9,Clearance_Microsome_AZ,827,,VALID,104.32000000000001,0
CHEMBL380947,CC(C)(CO)Nc1nc(SCc2cccc(F)c2F)nc2nc(N)sc12,31.0,CC(C)(CO)Nc1nc(SCc2cccc(F)c2F)nc2nc(N)sc12,3.421800000000001,0,0.3125,1,8,3,"{""number"": ""31.0"", ""relation"": ""="", ""status"": ""VALID""}",397.4760000000001,data/raw/tdc/clearance_microsome_az.tab,CHEMBL380947,CC(C)(CO)Nc1nc(SCc2cccc(F)c2F)nc2nc(N)sc12,31.0,6,Clearance_Microsome_AZ,828,,VALID,96.95,0
CHEMBL1917434,CCN(C(C)=O)c1cccc2c1c(Sc1ccc(Cl)cc1)c(C)n2CC(=O)O,32.0,CCN(C(C)=O)c1cccc2c1c(Sc1ccc(Cl)cc1)c(C)n2CC(=O)O,5.211720000000004,0,0.23809523809523808,1,4,1,"{""number"": ""32.0"", ""relation"": ""="", ""status"": ""VALID""}",416.9300000000001,data/raw/tdc/clearance_microsome_az.tab,CHEMBL1917434,CCN(C(C)=O)c1cccc2c1c(Sc1ccc(Cl)cc1)c(C)n2CC(=O)O,32.0,6,Clearance_Microsome_AZ,829,,VALID,62.540000000000006,0
CHEMBL181913,CN(C(=O)Cc1ccc(S(N)(=O)=O)cc1)C1CCN(CCC(c2ccccc2)c2ccccc2)CC1,12.0,CN(C(=O)Cc1ccc(S(N)(=O)=O)cc1)C1CCN(CCC(c2ccccc2)c2ccccc2)CC1,4.021500000000003,0,0.3448275862068966,1,4,1,"{""number"": ""12.0"", ""relation"": ""="", ""status"": ""VALID""}",505.6840000000003,data/raw/tdc/clearance_microsome_az.tab,CHEMBL181913,CN(C(=O)Cc1ccc(S(N)(=O)=O)cc1)C1CCN(CCC(c2ccccc2)c2ccccc2)CC1,12.0,9,Clearance_Microsome_AZ,830,,VALID,83.71,0
CHEMBL2046990,Nc1ccc(-c2ccccc2Cl)cc1,39.81,Nc1ccc(-c2ccccc2Cl)cc1,3.5892000000000017,0,0.0,1,1,1,"{""number"": ""39.81"", ""relation"": ""="", ""status"": ""VALID""}",203.672,data/raw/tdc/clearance_microsome_az.tab,CHEMBL2046990,Nc1ccc(-c2ccccc2Cl)cc1,39.81,1,Clearance_Microsome_AZ,831,,VALID,26.02,0
CHEMBL723,COc1ccccc1OCCNCC(O)COc1cccc2[nH]c3ccccc3c12,41.69,COc1ccccc1OCCNCC(O)COc1cccc2[nH]c3ccccc3c12,3.738000000000002,0,0.25,1,5,3,"{""number"": ""41.69"", ""relation"": ""="", ""status"": ""VALID""}",406.482,data/raw/tdc/clearance_microsome_az.tab,CHEMBL723,COc1ccccc1OCCNCC(O)COc1cccc2[nH]c3ccccc3c12,41.69,10,Clearance_Microsome_AZ,832,,VALID,75.74000000000001,1
CHEMBL452021,CN(C)CCOc1ccc(-c2cc(C(N)=O)c(NC(N)=O)s2)cc1,9.0,CN(C)CCOc1ccc(-c2cc(C(N)=O)c(NC(N)=O)s2)cc1,1.9449999999999998,0,0.25,1,5,3,"{""number"": ""9.0"", ""relation"": ""="", ""status"": ""VALID""}",348.42800000000005,data/raw/tdc/clearance_microsome_az.tab,CHEMBL452021,CN(C)CCOc1ccc(-c2cc(C(N)=O)c(NC(N)=O)s2)cc1,9.0,7,Clearance_Microsome_AZ,833,,VALID,110.68,0
CHEMBL1689117,O=C(O)COc1ccc(Cl)cc1CN1CCN(S(=O)(=O)c2ccc(F)cc2)CC1,11.0,O=C(O)COc1ccc(Cl)cc1CN1CCN(S(=O)(=O)c2ccc(F)cc2)CC1,2.4490000000000007,0,0.3157894736842105,1,5,1,"{""number"": ""11.0"", ""relation"": ""="", ""status"": ""VALID""}",442.89600000000013,data/raw/tdc/clearance_microsome_az.tab,CHEMBL1689117,O=C(O)COc1ccc(Cl)cc1CN1CCN(S(=O)(=O)c2ccc(F)cc2)CC1,11.0,7,Clearance_Microsome_AZ,834,,VALID,87.15,0
CHEMBL1922094,Cc1c(CN2CCN(C(=O)[C@H](C)O)CC2)sc2c(N3CCOCC3)nc(-c3cnc(N)nc3)nc12,10.96,Cc1c(CN2CCN(C(=O)[C@H](C)O)CC2)sc2c(N3CCOCC3)nc(-c3cnc(N)nc3)nc12,0.9005200000000009,0,0.5217391304347826,1,11,2,"{""number"": ""10.96"", ""relation"": ""="", ""status"": ""VALID""}",498.61300000000034,data/raw/tdc/clearance_microsome_az.tab,CHEMBL1922094,Cc1c(CN2CCN(C(=O)[C@H](C)O)CC2)sc2c(N3CCOCC3)nc(-c3cnc(N)nc3)nc12,10.96,5,Clearance_Microsome_AZ,835,,VALID,133.82999999999998,0
CHEMBL1778627,CN(c1ccc(-c2cc(C(F)(F)F)ccc2OCC(=O)O)cc1)S(C)(=O)=O,13.0,CN(c1ccc(-c2cc(C(F)(F)F)ccc2OCC(=O)O)cc1)S(C)(=O)=O,3.231600000000001,0,0.23529411764705882,1,4,1,"{""number"": ""13.0"", ""relation"": ""="", ""status"": ""VALID""}",403.37800000000004,data/raw/tdc/clearance_microsome_az.tab,CHEMBL1778627,CN(c1ccc(-c2cc(C(F)(F)F)ccc2OCC(=O)O)cc1)S(C)(=O)=O,13.0,6,Clearance_Microsome_AZ,836,,VALID,83.91,0
CHEMBL103482,CCOC(=O)c1cnc2c(N)cccc2c1O,20.42,CCOC(=O)c1cnc2c(N)cccc2c1O,1.6993,0,0.16666666666666666,1,5,2,"{""number"": ""20.42"", ""relation"": ""="", ""status"": ""VALID""}",232.239,data/raw/tdc/clearance_microsome_az.tab,CHEMBL103482,CCOC(=O)c1cnc2c(N)cccc2c1O,20.42,2,Clearance_Microsome_AZ,837,,VALID,85.44,0
CHEMBL2171037,CN(C)c1ccc(S(=O)(=O)NC(=O)N2CCC(N3CCC(Oc4ccc(Cl)c(Cl)c4)CC3)CC2)cc1,10.5,CN(C)c1ccc(S(=O)(=O)NC(=O)N2CCC(N3CCC(Oc4ccc(Cl)c(Cl)c4)CC3)CC2)cc1,4.465500000000004,0,0.48,1,6,1,"{""number"": ""10.5"", ""relation"": ""="", ""status"": ""VALID""}",555.5280000000001,data/raw/tdc/clearance_microsome_az.tab,CHEMBL2171037,CN(C)c1ccc(S(=O)(=O)NC(=O)N2CCC(N3CCC(Oc4ccc(Cl)c(Cl)c4)CC3)CC2)cc1,10.5,6,Clearance_Microsome_AZ,838,,VALID,82.19,0
CHEMBL1917439,Cc1c(Sc2ccc(Cl)cc2)c2cc(-c3ccccc3)ccc2n1CC(=O)O,16.0,Cc1c(Sc2ccc(Cl)cc2)c2cc(-c3ccccc3)ccc2n1CC(=O)O,6.505920000000005,0,0.08695652173913043,1,3,1,"{""number"": ""16.0"", ""relation"": ""="", ""status"": ""VALID""}",407.92200000000014,data/raw/tdc/clearance_microsome_az.tab,CHEMBL1917439,Cc1c(Sc2ccc(Cl)cc2)c2cc(-c3ccccc3)ccc2n1CC(=O)O,16.0,5,Clearance_Microsome_AZ,839,,VALID,42.230000000000004,0
CHEMBL1870384,COc1ccc(C=NN=Cc2ccc(OC)c(OC)c2)cc1OC,19.0,COc1ccc(C=NN=Cc2ccc(OC)c(OC)c2)cc1OC,3.1740000000000013,0,0.2222222222222222,1,6,0,"{""number"": ""19.0"", ""relation"": ""="", ""status"": ""VALID""}",328.3680000000001,data/raw/tdc/clearance_microsome_az.tab,CHEMBL1870384,COc1ccc(C=NN=Cc2ccc(OC)c(OC)c2)cc1OC,19.0,7,Clearance_Microsome_AZ,840,,VALID,61.640000000000015,2
CHEMBL430381,OCC(CO)Nc1nc(SCc2cccc(F)c2F)nc2nc(NC3CC3)sc12,46.0,OCC(CO)Nc1nc(SCc2cccc(F)c2F)nc2nc(NC3CC3)sc12,2.996200000000001,0,0.3888888888888889,1,9,4,"{""number"": ""46.0"", ""relation"": ""="", ""status"": ""VALID""}",439.5130000000002,data/raw/tdc/clearance_microsome_az.tab,CHEMBL430381,OCC(CO)Nc1nc(SCc2cccc(F)c2F)nc2nc(NC3CC3)sc12,46.0,9,Clearance_Microsome_AZ,841,,VALID,103.19,0
CHEMBL1082812,N#Cc1c(-c2ccccc2)nc(SCCc2ccccc2)[nH]c1=O,49.0,N#Cc1c(-c2ccccc2)nc(SCCc2ccccc2)[nH]c1=O,3.6433800000000023,0,0.10526315789473684,1,4,1,"{""number"": ""49.0"", ""relation"": ""="", ""status"": ""VALID""}",333.41599999999994,data/raw/tdc/clearance_microsome_az.tab,CHEMBL1082812,N#Cc1c(-c2ccccc2)nc(SCCc2ccccc2)[nH]c1=O,49.0,5,Clearance_Microsome_AZ,842,,VALID,69.53999999999999,0
CHEMBL35,NS(=O)(=O)c1cc(C(=O)O)c(NCc2ccco2)cc1Cl,6.31,NS(=O)(=O)c1cc(C(=O)O)c(NCc2ccco2)cc1Cl,1.8907,0,0.08333333333333333,1,5,3,"{""number"": ""6.31"", ""relation"": ""="", ""status"": ""VALID""}",330.749,data/raw/tdc/clearance_microsome_az.tab,CHEMBL35,NS(=O)(=O)c1cc(C(=O)O)c(NCc2ccco2)cc1Cl,6.31,5,Clearance_Microsome_AZ,843,,VALID,122.63000000000001,0
CHEMBL782,CCCCNC(=O)NS(=O)(=O)c1ccc(C)cc1,6.31,CCCCNC(=O)NS(=O)(=O)c1ccc(C)cc1,1.78302,0,0.4166666666666667,1,3,2,"{""number"": ""6.31"", ""relation"": ""="", ""status"": ""VALID""}",270.354,data/raw/tdc/clearance_microsome_az.tab,CHEMBL782,CCCCNC(=O)NS(=O)(=O)c1ccc(C)cc1,6.31,5,Clearance_Microsome_AZ,844,,VALID,75.27000000000001,0
CHEMBL378730,Cc1ccc2c(c1)c(-c1ccnc3c(Cl)cccc13)c(C)n2CC(=O)O,7.0,Cc1ccc2c(c1)c(-c1ccnc3c(Cl)cccc13)c(C)n2CC(=O)O,5.211340000000003,0,0.14285714285714285,1,3,1,"{""number"": ""7.0"", ""relation"": ""="", ""status"": ""VALID""}",364.83200000000016,data/raw/tdc/clearance_microsome_az.tab,CHEMBL378730,Cc1ccc2c(c1)c(-c1ccnc3c(Cl)cccc13)c(C)n2CC(=O)O,7.0,3,Clearance_Microsome_AZ,845,,VALID,55.120000000000005,0
CHEMBL1405150,CCC(=O)NC(c1cccs1)c1cc(Cl)c2cccnc2c1O,21.38,CCC(=O)NC(c1cccs1)c1cc(Cl)c2cccnc2c1O,4.270900000000004,0,0.17647058823529413,1,4,2,"{""number"": ""21.38"", ""relation"": ""="", ""status"": ""VALID""}",346.83900000000006,data/raw/tdc/clearance_microsome_az.tab,CHEMBL1405150,CCC(=O)NC(c1cccs1)c1cc(Cl)c2cccnc2c1O,21.38,4,Clearance_Microsome_AZ,846,,VALID,62.22,1
CHEMBL2207669,N#Cc1ccc(OC2CCN(C[C@H](O)CNC(=O)c3c[nH]c(=O)c4ccccc34)CC2)cc1Cl,21.5,N#Cc1ccc(OC2CCN(C[C@H](O)CNC(=O)c3c[nH]c(=O)c4ccccc34)CC2)cc1Cl,2.6872800000000003,0,0.32,1,6,3,"{""number"": ""21.5"", ""relation"": ""="", ""status"": ""VALID""}",480.9520000000002,data/raw/tdc/clearance_microsome_az.tab,CHEMBL2207669,N#Cc1ccc(OC2CCN(C[C@H](O)CNC(=O)c3c[nH]c(=O)c4ccccc34)CC2)cc1Cl,21.5,7,Clearance_Microsome_AZ,847,,VALID,118.44999999999999,0
CHEMBL38380,O=S(=O)(c1cccc2cnccc12)N1CCCNCC1,10.0,O=S(=O)(c1cccc2cnccc12)N1CCCNCC1,1.2187999999999999,0,0.35714285714285715,1,4,1,"{""number"": ""10.0"", ""relation"": ""="", ""status"": ""VALID""}",291.37600000000003,data/raw/tdc/clearance_microsome_az.tab,CHEMBL38380,O=S(=O)(c1cccc2cnccc12)N1CCCNCC1,10.0,2,Clearance_Microsome_AZ,848,,VALID,62.300000000000004,0
CHEMBL72,CNCCCN1c2ccccc2CCc2ccccc21,10.47,CNCCCN1c2ccccc2CCc2ccccc21,3.5328000000000026,0,0.3333333333333333,1,2,1,"{""number"": ""10.47"", ""relation"": ""="", ""status"": ""VALID""}",266.388,data/raw/tdc/clearance_microsome_az.tab,CHEMBL72,CNCCCN1c2ccccc2CCc2ccccc21,10.47,4,Clearance_Microsome_AZ,849,,VALID,15.27,0
CHEMBL1934413,Cc1ccc(S(=O)(=O)Nc2c(C(=O)N[C@@H](C)C(C)(C)C)c(C)nn2C2CCC2)cc1,11.0,Cc1ccc(S(=O)(=O)Nc2c(C(=O)N[C@@H](C)C(C)(C)C)c(C)nn2C2CCC2)cc1,4.190140000000003,0,0.5454545454545454,1,5,2,"{""number"": ""11.0"", ""relation"": ""="", ""status"": ""VALID""}",432.59000000000026,data/raw/tdc/clearance_microsome_az.tab,CHEMBL1934413,Cc1ccc(S(=O)(=O)Nc2c(C(=O)N[C@@H](C)C(C)(C)C)c(C)nn2C2CCC2)cc1,11.0,6,Clearance_Microsome_AZ,850,,VALID,93.09,0
CHEMBL1778624,O=C(O)COc1ccc(C(F)(F)F)cc1-c1ccc(Cl)cc1,11.0,O=C(O)COc1ccc(C(F)(F)F)cc1-c1ccc(Cl)cc1,4.489200000000002,0,0.13333333333333333,1,2,1,"{""number"": ""11.0"", ""relation"": ""="", ""status"": ""VALID""}",330.68899999999996,data/raw/tdc/clearance_microsome_az.tab,CHEMBL1778624,O=C(O)COc1ccc(C(F)(F)F)cc1-c1ccc(Cl)cc1,11.0,4,Clearance_Microsome_AZ,851,,VALID,46.53,0
CHEMBL1944693,COc1ccccc1CCNCc1cccc(CCNC[C@H](O)c2ccc(O)c3[nH]c(=O)sc23)c1,19.0,COc1ccccc1CCNCc1cccc(CCNC[C@H](O)c2ccc(O)c3[nH]c(=O)sc23)c1,3.501800000000001,0,0.2962962962962963,1,7,5,"{""number"": ""19.0"", ""relation"": ""="", ""status"": ""VALID""}",493.62900000000013,data/raw/tdc/clearance_microsome_az.tab,CHEMBL1944693,COc1ccccc1CCNCc1cccc(CCNC[C@H](O)c2ccc(O)c3[nH]c(=O)sc23)c1,19.0,12,Clearance_Microsome_AZ,852,,VALID,106.60999999999999,0
CHEMBL240317,O=C(c1ccccc1)N1CCN(Cc2ccccc2)CC1,20.0,O=C(c1ccccc1)N1CCN(Cc2ccccc2)CC1,2.6446000000000014,0,0.2777777777777778,1,2,0,"{""number"": ""20.0"", ""relation"": ""="", ""status"": ""VALID""}",280.37100000000004,data/raw/tdc/clearance_microsome_az.tab,CHEMBL240317,O=C(c1ccccc1)N1CCN(Cc2ccccc2)CC1,20.0,3,Clearance_Microsome_AZ,853,,VALID,23.550000000000004,0
CHEMBL2158785,Cc1c(OC2CCN(CC3CCN([C@@H](Cc4ccc(F)cc4)C(=O)O)CC3)CC2)ccc(C#N)c1Cl,5.5,Cc1c(OC2CCN(CC3CCN([C@@H](Cc4ccc(F)cc4)C(=O)O)CC3)CC2)ccc(C#N)c1Cl,4.910300000000005,0,0.5,1,5,1,"{""number"": ""5.5"", ""relation"": ""="", ""status"": ""VALID""}",514.0410000000003,data/raw/tdc/clearance_microsome_az.tab,CHEMBL2158785,Cc1c(OC2CCN(CC3CCN([C@@H](Cc4ccc(F)cc4)C(=O)O)CC3)CC2)ccc(C#N)c1Cl,5.5,8,Clearance_Microsome_AZ,854,,VALID,76.80000000000001,0
CHEMBL29609,Cc1cc(CCCOc2c(C)cc(-c3noc(C(F)(F)F)n3)cc2C)on1,14.45,Cc1cc(CCCOc2c(C)cc(-c3noc(C(F)(F)F)n3)cc2C)on1,4.680260000000004,0,0.3888888888888889,1,6,0,"{""number"": ""14.45"", ""relation"": ""="", ""status"": ""VALID""}",381.35400000000004,data/raw/tdc/clearance_microsome_az.tab,CHEMBL29609,Cc1cc(CCCOc2c(C)cc(-c3noc(C(F)(F)F)n3)cc2C)on1,14.45,6,Clearance_Microsome_AZ,855,,VALID,74.18,0
CHEMBL1917446,Cc1ccc2c(c1)c(S(=O)(=O)c1ccc(Cl)cc1)c(C)n2CC(=O)O,7.0,Cc1ccc2c(c1)c(S(=O)(=O)c1ccc(Cl)cc1)c(C)n2CC(=O)O,3.828940000000003,0,0.16666666666666666,1,4,1,"{""number"": ""7.0"", ""relation"": ""="", ""status"": ""VALID""}",377.84900000000016,data/raw/tdc/clearance_microsome_az.tab,CHEMBL1917446,Cc1ccc2c(c1)c(S(=O)(=O)c1ccc(Cl)cc1)c(C)n2CC(=O)O,7.0,4,Clearance_Microsome_AZ,856,,VALID,76.37,0
CHEMBL1956334,CC(=O)c1ncccc1NC(=O)[C@H]1CC[C@H](N2C(=O)[C@H]3[C@H]4CC[C@H](C4)[C@H]3C2=O)CC1,16.6,CC(=O)c1ncccc1NC(=O)[C@H]1CC[C@H](N2C(=O)[C@@H]3[C@@H]4CC[C@@H](C4)[C@@H]3C2=O)CC1,2.8126000000000015,0,0.6086956521739131,1,5,1,"{""number"": ""16.6"", ""relation"": ""="", ""status"": ""VALID""}",409.4860000000003,data/raw/tdc/clearance_microsome_az.tab,CHEMBL1956334,CC(=O)c1ncccc1NC(=O)[C@H]1CC[C@H](N2C(=O)[C@H]3[C@H]4CC[C@H](C4)[C@H]3C2=O)CC1,16.6,4,Clearance_Microsome_AZ,857,,VALID,96.44,0
CHEMBL436826,CCOc1ccc(-n2c([C@@H](C)N(Cc3cccnc3)C(=O)Cc3ccc(C(F)(F)F)cc3)nc3ccccc3c2=O)cc1,17.03,CCOc1ccc(-n2c([C@@H](C)N(Cc3cccnc3)C(=O)Cc3ccc(C(F)(F)F)cc3)nc3ccccc3c2=O)cc1,6.530700000000007,0,0.21212121212121213,1,6,0,"{""number"": ""17.03"", ""relation"": ""="", ""status"": ""VALID""}",586.6140000000001,data/raw/tdc/clearance_microsome_az.tab,CHEMBL436826,CCOc1ccc(-n2c([C@@H](C)N(Cc3cccnc3)C(=O)Cc3ccc(C(F)(F)F)cc3)nc3ccccc3c2=O)cc1,17.03,9,Clearance_Microsome_AZ,858,,VALID,77.32,0
CHEMBL554,CS(=O)(=O)CCNCc1ccc(-c2ccc3ncnc(Nc4ccc(OCc5cccc(F)c5)c(Cl)c4)c3c2)o1,36.31,CS(=O)(=O)CCNCc1ccc(-c2ccc3ncnc(Nc4ccc(OCc5cccc(F)c5)c(Cl)c4)c3c2)o1,6.139100000000005,0,0.1724137931034483,1,8,2,"{""number"": ""36.31"", ""relation"": ""="", ""status"": ""VALID""}",581.0690000000002,data/raw/tdc/clearance_microsome_az.tab,CHEMBL554,CS(=O)(=O)CCNCc1ccc(-c2ccc3ncnc(Nc4ccc(OCc5cccc(F)c5)c(Cl)c4)c3c2)o1,36.31,11,Clearance_Microsome_AZ,859,,VALID,106.35000000000001,0
CHEMBL1778628,N#Cc1cccc(-c2cc(C(F)(F)F)ccc2OCC(=O)O)c1,3.0,N#Cc1cccc(-c2cc(C(F)(F)F)ccc2OCC(=O)O)c1,3.707480000000002,0,0.125,1,3,1,"{""number"": ""3.0"", ""relation"": ""="", ""status"": ""VALID""}",321.254,data/raw/tdc/clearance_microsome_az.tab,CHEMBL1778628,N#Cc1cccc(-c2cc(C(F)(F)F)ccc2OCC(=O)O)c1,3.0,4,Clearance_Microsome_AZ,860,,VALID,70.32,0
CHEMBL111775,O=C(CCOCCc1ccccc1)NCCNCCc1ccc(O)c2nc(O)sc12,25.0,O=C(CCOCCc1ccccc1)NCCNCCc1ccc(O)c2nc(O)sc12,2.605200000000001,0,0.36363636363636365,1,7,4,"{""number"": ""25.0"", ""relation"": ""="", ""status"": ""VALID""}",429.5420000000002,data/raw/tdc/clearance_microsome_az.tab,CHEMBL111775,O=C(CCOCCc1ccccc1)NCCNCCc1ccc(O)c2nc(O)sc12,25.0,12,Clearance_Microsome_AZ,861,,VALID,103.71000000000001,0
CHEMBL714,CC(C)(C)NCC(O)c1ccc(O)c(CO)c1,3.0,CC(C)(C)NCC(O)c1ccc(O)c(CO)c1,1.3059999999999998,0,0.5384615384615384,1,4,4,"{""number"": ""3.0"", ""relation"": ""="", ""status"": ""VALID""}",239.315,data/raw/tdc/clearance_microsome_az.tab,CHEMBL714,CC(C)(C)NCC(O)c1ccc(O)c(CO)c1,3.0,4,Clearance_Microsome_AZ,862,,VALID,72.72,1
CHEMBL914,CC(C)(C(=O)O)c1ccc(C(O)CCCN2CCC(C(O)(c3ccccc3)c3ccccc3)CC2)cc1,3.0,CC(C)(C(=O)O)c1ccc(C(O)CCCN2CCC(C(O)(c3ccccc3)c3ccccc3)CC2)cc1,5.510500000000006,0,0.40625,1,4,3,"{""number"": ""3.0"", ""relation"": ""="", ""status"": ""VALID""}",501.66700000000014,data/raw/tdc/clearance_microsome_az.tab,CHEMBL914,CC(C)(C(=O)O)c1ccc(C(O)CCCN2CCC(C(O)(c3ccccc3)c3ccccc3)CC2)cc1,3.0,10,Clearance_Microsome_AZ,863,,VALID,81.0,1
CHEMBL210884,COCCOc1nc(N)c2[nH]c(=O)n(Cc3ccccc3)c2n1,3.0,COCCOc1nc(N)c2[nH]c(=O)n(Cc3ccccc3)c2n1,0.7752999999999998,0,0.26666666666666666,1,7,2,"{""number"": ""3.0"", ""relation"": ""="", ""status"": ""VALID""}",315.333,data/raw/tdc/clearance_microsome_az.tab,CHEMBL210884,COCCOc1nc(N)c2[nH]c(=O)n(Cc3ccccc3)c2n1,3.0,6,Clearance_Microsome_AZ,864,,VALID,108.05,0
CHEMBL2348642,CNc1nc(C)c(-c2nc(Nc3cccc(N4CCNCC4)c3)ncc2C#N)s1,17.78,CNc1nc(C)c(-c2nc(Nc3cccc(N4CCNCC4)c3)ncc2C#N)s1,2.975100000000001,0,0.3,1,9,3,"{""number"": ""17.78"", ""relation"": ""="", ""status"": ""VALID""}",406.5190000000001,data/raw/tdc/clearance_microsome_az.tab,CHEMBL2348642,CNc1nc(C)c(-c2nc(Nc3cccc(N4CCNCC4)c3)ncc2C#N)s1,17.78,5,Clearance_Microsome_AZ,865,,VALID,101.78999999999999,0
CHEMBL129198,CN1CCN(C(=O)c2cc3cc(Cl)ccc3[nH]2)CC1,19.25,CN1CCN(C(=O)c2cc3cc(Cl)ccc3[nH]2)CC1,2.2089,0,0.35714285714285715,1,2,1,"{""number"": ""19.25"", ""relation"": ""="", ""status"": ""VALID""}",277.75500000000005,data/raw/tdc/clearance_microsome_az.tab,CHEMBL129198,CN1CCN(C(=O)c2cc3cc(Cl)ccc3[nH]2)CC1,19.25,1,Clearance_Microsome_AZ,866,,VALID,39.34,0
CHEMBL633,CCCCc1oc2ccccc2c1C(=O)c1cc(I)c(OCCN(CC)CC)c(I)c1,27.0,CCCCc1oc2ccccc2c1C(=O)c1cc(I)c(OCCN(CC)CC)c(I)c1,6.936200000000007,0,0.4,1,4,0,"{""number"": ""27.0"", ""relation"": ""="", ""status"": ""VALID""}",645.3190000000002,data/raw/tdc/clearance_microsome_az.tab,CHEMBL633,CCCCc1oc2ccccc2c1C(=O)c1cc(I)c(OCCN(CC)CC)c(I)c1,27.0,11,Clearance_Microsome_AZ,867,,VALID,42.68,0
CHEMBL186995,O=C(NCc1ccccc1Cl)c1cccnc1Oc1ccccc1,36.0,O=C(NCc1ccccc1Cl)c1cccnc1Oc1ccccc1,4.457300000000003,0,0.05263157894736842,1,3,1,"{""number"": ""36.0"", ""relation"": ""="", ""status"": ""VALID""}",338.79400000000004,data/raw/tdc/clearance_microsome_az.tab,CHEMBL186995,O=C(NCc1ccccc1Cl)c1cccnc1Oc1ccccc1,36.0,5,Clearance_Microsome_AZ,868,,VALID,51.22,0
CHEMBL403225,C[C@H](CO)Nc1nc(SCc2cccc(Cl)c2F)nc2[nH]c(=O)sc12,8.67,C[C@H](CO)Nc1nc(SCc2cccc(Cl)c2F)nc2[nH]c(=O)sc12,3.257100000000001,0,0.26666666666666666,1,7,3,"{""number"": ""8.67"", ""relation"": ""="", ""status"": ""VALID""}",400.8880000000001,data/raw/tdc/clearance_microsome_az.tab,CHEMBL403225,C[C@H](CO)Nc1nc(SCc2cccc(Cl)c2F)nc2[nH]c(=O)sc12,8.67,6,Clearance_Microsome_AZ,869,,VALID,90.9,0
CHEMBL412142,Cc1c[nH]c(-c2cnc(NCCNc3ccc(C#N)cn3)nc2-c2ccc(Cl)cc2Cl)n1,96.0,Cc1c[nH]c(-c2cnc(NCCNc3ccc(C#N)cn3)nc2-c2ccc(Cl)cc2Cl)n1,4.939600000000002,0,0.13636363636363635,1,7,3,"{""number"": ""96.0"", ""relation"": ""="", ""status"": ""VALID""}",465.3480000000001,data/raw/tdc/clearance_microsome_az.tab,CHEMBL412142,Cc1c[nH]c(-c2cnc(NCCNc3ccc(C#N)cn3)nc2-c2ccc(Cl)cc2Cl)n1,96.0,7,Clearance_Microsome_AZ,870,,VALID,115.2,0
CHEMBL1944692,O=c1[nH]c2c(O)ccc([C@@H](O)CNCCc3ccc(CNCCc4ccccc4F)cc3)c2s1,22.0,O=c1[nH]c2c(O)ccc([C@@H](O)CNCCc3ccc(CNCCc4ccccc4F)cc3)c2s1,3.6323000000000016,0,0.2692307692307692,1,6,5,"{""number"": ""22.0"", ""relation"": ""="", ""status"": ""VALID""}",481.5930000000002,data/raw/tdc/clearance_microsome_az.tab,CHEMBL1944692,O=c1[nH]c2c(O)ccc([C@@H](O)CNCCc3ccc(CNCCc4ccccc4F)cc3)c2s1,22.0,11,Clearance_Microsome_AZ,871,,VALID,97.38000000000001,0
CHEMBL2171018,COc1cccc(C(=O)NCCN2CCC(Oc3ccc(Cl)c(Cl)c3)CC2)c1,9.0,COc1cccc(C(=O)NCCN2CCC(Oc3ccc(Cl)c(Cl)c3)CC2)c1,4.275200000000003,0,0.38095238095238093,1,4,1,"{""number"": ""9.0"", ""relation"": ""="", ""status"": ""VALID""}",423.34000000000015,data/raw/tdc/clearance_microsome_az.tab,CHEMBL2171018,COc1cccc(C(=O)NCCN2CCC(Oc3ccc(Cl)c(Cl)c3)CC2)c1,9.0,7,Clearance_Microsome_AZ,872,,VALID,50.8,0
CHEMBL2151326,COc1cc(Nc2nc3c(cc2F)ncn3[C@@H](CO)c2ccc(F)cn2)n[nH]1,7.24,COc1cc(Nc2nc3c(cc2F)ncn3[C@@H](CO)c2ccc(F)cn2)n[nH]1,2.1614999999999993,0,0.17647058823529413,1,8,3,"{""number"": ""7.24"", ""relation"": ""="", ""status"": ""VALID""}",387.35,data/raw/tdc/clearance_microsome_az.tab,CHEMBL2151326,COc1cc(Nc2nc3c(cc2F)ncn3[C@@H](CO)c2ccc(F)cn2)n[nH]1,7.24,6,Clearance_Microsome_AZ,873,,VALID,113.77000000000001,0
CHEMBL243001,Cc1nc2ccc(Oc3ccc(F)cc3)cc2c(=O)n1C[C@H]1CCCN(C(C)C)C1,7.41,Cc1nc2ccc(Oc3ccc(F)cc3)cc2c(=O)n1C[C@H]1CCCN(C(C)C)C1,4.756720000000004,0,0.4166666666666667,1,5,0,"{""number"": ""7.41"", ""relation"": ""="", ""status"": ""VALID""}",409.5050000000002,data/raw/tdc/clearance_microsome_az.tab,CHEMBL243001,Cc1nc2ccc(Oc3ccc(F)cc3)cc2c(=O)n1C[C@H]1CCCN(C(C)C)C1,7.41,5,Clearance_Microsome_AZ,874,,VALID,47.36,0
CHEMBL1779512,COC[C@@H](O)Cn1c(=O)cnn(-c2ccc(Cl)c(C(=O)NCC3(O)CCCCCC3)c2)c1=O,7.5,COC[C@@H](O)Cn1c(=O)cnn(-c2ccc(Cl)c(C(=O)NCC3(O)CCCCCC3)c2)c1=O,0.8699999999999988,0,0.5454545454545454,1,9,3,"{""number"": ""7.5"", ""relation"": ""="", ""status"": ""VALID""}",480.94900000000047,data/raw/tdc/clearance_microsome_az.tab,CHEMBL1779512,COC[C@@H](O)Cn1c(=O)cnn(-c2ccc(Cl)c(C(=O)NCC3(O)CCCCCC3)c2)c1=O,7.5,8,Clearance_Microsome_AZ,875,,VALID,135.68,0
CHEMBL1513,CCCCC1=NC2(CCCC2)C(=O)N1Cc1ccc(-c2ccccc2-c2nn[nH]n2)cc1,17.78,CCCCC1=NC2(CCCC2)C(=O)N1Cc1ccc(-c2ccccc2-c2nn[nH]n2)cc1,4.777400000000004,0,0.4,1,5,1,"{""number"": ""17.78"", ""relation"": ""="", ""status"": ""VALID""}",428.5400000000001,data/raw/tdc/clearance_microsome_az.tab,CHEMBL1513,CCCCC1=NC2(CCCC2)C(=O)N1Cc1ccc(-c2ccccc2-c2nn[nH]n2)cc1,17.78,7,Clearance_Microsome_AZ,876,,VALID,87.13000000000001,0
CHEMBL406366,O=C(O)CSCC(=O)Nc1nc(-c2ccccc2)cs1,17.78,O=C(O)CSCC(=O)Nc1nc(-c2ccccc2)cs1,2.5664000000000007,0,0.15384615384615385,1,5,2,"{""number"": ""17.78"", ""relation"": ""="", ""status"": ""VALID""}",308.384,data/raw/tdc/clearance_microsome_az.tab,CHEMBL406366,O=C(O)CSCC(=O)Nc1nc(-c2ccccc2)cs1,17.78,6,Clearance_Microsome_AZ,877,,VALID,79.28999999999999,0
CHEMBL218628,CNc1nc2ccccc2n1Cc1sc2c(c1C(=O)N1C[C@H](O)CO1)c(=O)n(C)c(=O)n2CC(C)C,20.0,CNc1nc2ccccc2n1Cc1sc2c(c1C(=O)N1C[C@H](O)CO1)c(=O)n(C)c(=O)n2CC(C)C,1.6056999999999997,0,0.4166666666666667,1,11,2,"{""number"": ""20.0"", ""relation"": ""="", ""status"": ""VALID""}",512.5920000000003,data/raw/tdc/clearance_microsome_az.tab,CHEMBL218628,CNc1nc2ccccc2n1Cc1sc2c(c1C(=O)N1C[C@H](O)CO1)c(=O)n(C)c(=O)n2CC(C)C,20.0,6,Clearance_Microsome_AZ,878,,VALID,123.62,0
CHEMBL1807869,O=c1[nH]c2c(O)ccc([C@@H](O)CNCCCSCCNCCc3cccc(Cl)c3)c2s1,20.0,O=c1[nH]c2c(O)ccc([C@@H](O)CNCCCSCCNCCc3cccc(Cl)c3)c2s1,3.5272000000000014,0,0.4090909090909091,1,7,5,"{""number"": ""20.0"", ""relation"": ""="", ""status"": ""VALID""}",482.0710000000002,data/raw/tdc/clearance_microsome_az.tab,CHEMBL1807869,O=c1[nH]c2c(O)ccc([C@@H](O)CNCCCSCCNCCc3cccc(Cl)c3)c2s1,20.0,13,Clearance_Microsome_AZ,879,,VALID,97.38000000000001,0
CHEMBL232656,C[C@@H]1CN(Cc2ccc(F)cc2)CCN1C(=O)COc1ccc(Cl)cc1NC(N)=O,21.0,C[C@@H]1CN(Cc2ccc(F)cc2)CCN1C(=O)COc1ccc(Cl)cc1NC(N)=O,3.0814000000000004,0,0.3333333333333333,1,4,2,"{""number"": ""21.0"", ""relation"": ""="", ""status"": ""VALID""}",434.8990000000001,data/raw/tdc/clearance_microsome_az.tab,CHEMBL232656,C[C@@H]1CN(Cc2ccc(F)cc2)CCN1C(=O)COc1ccc(Cl)cc1NC(N)=O,21.0,6,Clearance_Microsome_AZ,880,,VALID,87.9,0
CHEMBL232846,C[C@H](CO)Nc1nc(SCc2ccccc2F)nc2nc(N)sc12,8.13,C[C@H](CO)Nc1nc(SCc2ccccc2F)nc2nc(N)sc12,2.8926,0,0.26666666666666666,1,8,3,"{""number"": ""8.13"", ""relation"": ""="", ""status"": ""VALID""}",365.45900000000006,data/raw/tdc/clearance_microsome_az.tab,CHEMBL232846,C[C@H](CO)Nc1nc(SCc2ccccc2F)nc2nc(N)sc12,8.13,6,Clearance_Microsome_AZ,881,,VALID,96.95,0
CHEMBL1890087,CC(C)Nc1nc(NCc2ccccc2)c2sccc2n1,150.0,CC(C)Nc1nc(NCc2ccccc2)c2sccc2n1,4.123700000000002,0,0.25,1,5,2,"{""number"": ""150.0"", ""relation"": ""="", ""status"": ""VALID""}",298.4150000000001,data/raw/tdc/clearance_microsome_az.tab,CHEMBL1890087,CC(C)Nc1nc(NCc2ccccc2)c2sccc2n1,150.0,5,Clearance_Microsome_AZ,882,,VALID,49.84,0
CHEMBL2011934,COc1ccc(-c2nc3c(NCCCN(C)C(=O)C4CCC4)c(Br)cnc3[nH]2)cc1,150.0,COc1ccc(-c2nc3c(NCCCN(C)C(=O)C4CCC4)c(Br)cnc3[nH]2)cc1,4.456500000000004,0,0.4090909090909091,1,5,2,"{""number"": ""150.0"", ""relation"": ""="", ""status"": ""VALID""}",472.3870000000001,data/raw/tdc/clearance_microsome_az.tab,CHEMBL2011934,COc1ccc(-c2nc3c(NCCCN(C)C(=O)C4CCC4)c(Br)cnc3[nH]2)cc1,150.0,8,Clearance_Microsome_AZ,883,,VALID,83.13999999999999,0
CHEMBL1904754,Cc1nc2ncnn2c(O)c1CCOC(=O)c1ccccc1F,150.0,Cc1nc2ncnn2c(O)c1CCOC(=O)c1ccccc1F,1.67692,0,0.2,1,7,1,"{""number"": ""150.0"", ""relation"": ""="", ""status"": ""VALID""}",316.292,data/raw/tdc/clearance_microsome_az.tab,CHEMBL1904754,Cc1nc2ncnn2c(O)c1CCOC(=O)c1ccccc1F,150.0,4,Clearance_Microsome_AZ,884,,VALID,89.61000000000001,0
CHEMBL255536,COc1ccc(CC(=O)NC(N/C(=N/C#N)Nc2ccccc2C)C(C)(C)C)cc1OC,150.0,COc1ccc(CC(=O)NC(N/C(=N/C#N)Nc2ccccc2C)C(C)(C)C)cc1OC,3.581900000000002,0,0.375,1,5,3,"{""number"": ""150.0"", ""relation"": ""="", ""status"": ""VALID""}",437.54400000000027,data/raw/tdc/clearance_microsome_az.tab,CHEMBL255536,COc1ccc(CC(=O)NC(N/C(=N/C#N)Nc2ccccc2C)C(C)(C)C)cc1OC,150.0,7,Clearance_Microsome_AZ,885,,VALID,107.77,1
CHEMBL2314383,CC(C)c1ccc(Sc2cnc(O)c(C(=O)NCc3ccccc3)c2)cc1,150.0,CC(C)c1ccc(Sc2cnc(O)c(C(=O)NCc3ccccc3)c2)cc1,4.991800000000004,0,0.18181818181818182,1,4,2,"{""number"": ""150.0"", ""relation"": ""="", ""status"": ""VALID""}",378.49700000000007,data/raw/tdc/clearance_microsome_az.tab,CHEMBL2314383,CC(C)c1ccc(Sc2cnc(O)c(C(=O)NCc3ccccc3)c2)cc1,150.0,6,Clearance_Microsome_AZ,886,,VALID,62.220000000000006,0
CHEMBL1478592,Cc1c(C(=O)Nc2ccccc2)sc2ncnc(O)c12,5.0,Cc1c(C(=O)Nc2ccccc2)sc2ncnc(O)c12,2.9576200000000017,0,0.07142857142857142,1,5,2,"{""number"": ""5.0"", ""relation"": ""="", ""status"": ""VALID""}",285.32800000000003,data/raw/tdc/clearance_microsome_az.tab,CHEMBL1478592,Cc1c(C(=O)Nc2ccccc2)sc2ncnc(O)c12,5.0,2,Clearance_Microsome_AZ,887,,VALID,75.11,0
CHEMBL1681882,CCNC(=O)c1cnc(N2CCN(C3CCN(Cc4ccc(Cl)cc4F)CC3)[C@@H](CC)C2)c(Cl)c1,11.0,CCNC(=O)c1cnc(N2CCN(C3CCN(Cc4ccc(Cl)cc4F)CC3)[C@@H](CC)C2)c(Cl)c1,4.842400000000005,0,0.5384615384615384,1,5,1,"{""number"": ""11.0"", ""relation"": ""="", ""status"": ""VALID""}",522.4960000000002,data/raw/tdc/clearance_microsome_az.tab,CHEMBL1681882,CCNC(=O)c1cnc(N2CCN(C3CCN(Cc4ccc(Cl)cc4F)CC3)[C@@H](CC)C2)c(Cl)c1,11.0,7,Clearance_Microsome_AZ,888,,VALID,51.71000000000001,0
CHEMBL1689124,CCC[C@H]1CN(Cc2cc(Cl)ccc2OCC(=O)O)CCN1S(=O)(=O)c1ccccc1,11.0,CCC[C@H]1CN(Cc2cc(Cl)ccc2OCC(=O)O)CCN1S(=O)(=O)c1ccccc1,3.478600000000002,0,0.4090909090909091,1,5,1,"{""number"": ""11.0"", ""relation"": ""="", ""status"": ""VALID""}",466.9870000000002,data/raw/tdc/clearance_microsome_az.tab,CHEMBL1689124,CCC[C@H]1CN(Cc2cc(Cl)ccc2OCC(=O)O)CCN1S(=O)(=O)c1ccccc1,11.0,9,Clearance_Microsome_AZ,889,,VALID,87.15,0
CHEMBL257178,N#Cc1ccc2[nH]c(-c3ccc(F)cc3)c(CCCC(=O)NS(=O)(=O)C(F)(F)F)c2c1,40.4,N#Cc1ccc2[nH]c(-c3ccc(F)cc3)c(CCCC(=O)NS(=O)(=O)C(F)(F)F)c2c1,4.134180000000002,0,0.2,1,4,2,"{""number"": ""40.4"", ""relation"": ""="", ""status"": ""VALID""}",453.41700000000003,data/raw/tdc/clearance_microsome_az.tab,CHEMBL257178,N#Cc1ccc2[nH]c(-c3ccc(F)cc3)c(CCCC(=O)NS(=O)(=O)C(F)(F)F)c2c1,40.4,6,Clearance_Microsome_AZ,890,,VALID,102.82,0
CHEMBL1609158,CCCC(=O)Nc1ccc(Cl)c(-c2nc3ncccc3o2)c1,150.0,CCCC(=O)Nc1ccc(Cl)c(-c2nc3ncccc3o2)c1,4.281800000000002,0,0.1875,1,4,1,"{""number"": ""150.0"", ""relation"": ""="", ""status"": ""VALID""}",315.76000000000005,data/raw/tdc/clearance_microsome_az.tab,CHEMBL1609158,CCCC(=O)Nc1ccc(Cl)c(-c2nc3ncccc3o2)c1,150.0,4,Clearance_Microsome_AZ,891,,VALID,68.02000000000001,0
CHEMBL1922054,Cc1ccc2nc(C[N+]34CCC(CC3)[C@@H](OC(=O)[C@](C)(c3ccccc3)N3CCCCC3)C4)oc2c1,150.0,Cc1ccc2nc(C[N+]34CCC(CC3)[C@@H](OC(=O)[C@](C)(c3ccccc3)N3CCCCC3)C4)oc2c1,5.189720000000006,0,0.5333333333333333,1,5,0,"{""number"": ""150.0"", ""relation"": ""="", ""status"": ""VALID""}",488.6520000000004,data/raw/tdc/clearance_microsome_az.tab,CHEMBL1922054,Cc1ccc2nc(C[N+]34CCC(CC3)[C@@H](OC(=O)[C@](C)(c3ccccc3)N3CCCCC3)C4)oc2c1,150.0,6,Clearance_Microsome_AZ,892,,VALID,55.57,2
CHEMBL298019,CCOC(=O)c1ccc(OCCC2CCN(c3ccc(C)nn3)CC2)cc1,150.0,CCOC(=O)c1ccc(OCCC2CCN(c3ccc(C)nn3)CC2)cc1,3.6472200000000026,0,0.47619047619047616,1,6,0,"{""number"": ""150.0"", ""relation"": ""="", ""status"": ""VALID""}",369.4650000000001,data/raw/tdc/clearance_microsome_az.tab,CHEMBL298019,CCOC(=O)c1ccc(OCCC2CCN(c3ccc(C)nn3)CC2)cc1,150.0,7,Clearance_Microsome_AZ,893,,VALID,64.55000000000001,0
CHEMBL426823,CCOc1nc2ccc(OCCC3CCN(c4ccc(C)nn4)CC3)cc2o1,6.0,CCOc1nc2ccc(OCCC3CCN(c4ccc(C)nn4)CC3)cc2o1,4.010420000000003,0,0.47619047619047616,1,7,0,"{""number"": ""6.0"", ""relation"": ""="", ""status"": ""VALID""}",382.4640000000001,data/raw/tdc/clearance_microsome_az.tab,CHEMBL426823,CCOc1nc2ccc(OCCC3CCN(c4ccc(C)nn4)CC3)cc2o1,6.0,7,Clearance_Microsome_AZ,894,,VALID,73.51,0
CHEMBL1689110,O=C(O)COc1ccc(C(F)(F)F)cc1CN1CCN(S(=O)(=O)c2ccccc2)CC1,6.33,O=C(O)COc1ccc(C(F)(F)F)cc1CN1CCN(S(=O)(=O)c2ccccc2)CC1,2.675300000000001,0,0.35,1,5,1,"{""number"": ""6.33"", ""relation"": ""="", ""status"": ""VALID""}",458.4580000000002,data/raw/tdc/clearance_microsome_az.tab,CHEMBL1689110,O=C(O)COc1ccc(C(F)(F)F)cc1CN1CCN(S(=O)(=O)c2ccccc2)CC1,6.33,7,Clearance_Microsome_AZ,895,,VALID,87.15,0
CHEMBL376632,Cc1cc(N2CCC[C@@H]2C(=O)NCCc2ccc3c(c2)OCO3)nc(-n2ccnc2)n1,150.0,Cc1cc(N2CCC[C@@H]2C(=O)NCCc2ccc3c(c2)OCO3)nc(-n2ccnc2)n1,2.02712,0,0.36363636363636365,1,8,1,"{""number"": ""150.0"", ""relation"": ""="", ""status"": ""VALID""}",420.4730000000001,data/raw/tdc/clearance_microsome_az.tab,CHEMBL376632,Cc1cc(N2CCC[C@@H]2C(=O)NCCc2ccc3c(c2)OCO3)nc(-n2ccnc2)n1,150.0,6,Clearance_Microsome_AZ,896,,VALID,94.4,0
CHEMBL1367530,Cc1ccc(-c2nnc(SCC(=O)N3CCN(c4ccccc4)CC3)o2)cc1,150.0,Cc1ccc(-c2nnc(SCC(=O)N3CCN(c4ccccc4)CC3)o2)cc1,3.485920000000002,0,0.2857142857142857,1,6,0,"{""number"": ""150.0"", ""relation"": ""="", ""status"": ""VALID""}",394.5000000000001,data/raw/tdc/clearance_microsome_az.tab,CHEMBL1367530,Cc1ccc(-c2nnc(SCC(=O)N3CCN(c4ccccc4)CC3)o2)cc1,150.0,5,Clearance_Microsome_AZ,897,,VALID,62.470000000000006,0
CHEMBL2346974,CC(=O)N1CCN(CCOc2ccc(C3CCN(c4ccc5nnc(C(F)(F)F)n5n4)CC3)cc2)CC1,150.0,CC(=O)N1CCN(CCOc2ccc(C3CCN(c4ccc5nnc(C(F)(F)F)n5n4)CC3)cc2)CC1,3.070000000000001,0,0.52,1,8,0,"{""number"": ""150.0"", ""relation"": ""="", ""status"": ""VALID""}",517.5560000000002,data/raw/tdc/clearance_microsome_az.tab,CHEMBL2346974,CC(=O)N1CCN(CCOc2ccc(C3CCN(c4ccc5nnc(C(F)(F)F)n5n4)CC3)cc2)CC1,150.0,6,Clearance_Microsome_AZ,898,,VALID,79.10000000000001,0
CHEMBL465305,CC(=O)c1ccc(N2CCN(S(=O)(=O)C[C@]34CC[C@H](CC3=O)C4(C)C)CC2)nc1,150.0,CC(=O)c1ccc(N2CCN(S(=O)(=O)C[C@]34CC[C@H](CC3=O)C4(C)C)CC2)nc1,2.1314,0,0.6666666666666666,1,6,0,"{""number"": ""150.0"", ""relation"": ""="", ""status"": ""VALID""}",419.54700000000025,data/raw/tdc/clearance_microsome_az.tab,CHEMBL465305,CC(=O)c1ccc(N2CCN(S(=O)(=O)C[C@]34CC[C@H](CC3=O)C4(C)C)CC2)nc1,150.0,5,Clearance_Microsome_AZ,899,,VALID,87.65,0
CHEMBL1831130,COc1ccc2nc(C)cc(N3CC(CNC(=O)C4CC4)OC3=O)c2c1,8.91,COc1ccc2nc(C)cc(N3CC(CNC(=O)C4CC4)OC3=O)c2c1,2.403220000000001,0,0.42105263157894735,1,5,1,"{""number"": ""8.91"", ""relation"": ""="", ""status"": ""VALID""}",355.3940000000002,data/raw/tdc/clearance_microsome_az.tab,CHEMBL1831130,COc1ccc2nc(C)cc(N3CC(CNC(=O)C4CC4)OC3=O)c2c1,8.91,5,Clearance_Microsome_AZ,900,,VALID,80.75999999999999,1
CHEMBL178737,O=C1NC(=O)C(c2cnc3ccccn23)=C1c1cn2c3c(cccc13)CN(C(=O)N1CCOCC1)CC2,42.0,O=C1NC(=O)C(c2cnc3ccccn23)=C1c1cn2c3c(cccc13)CN(C(=O)N1CCOCC1)CC2,2.1239999999999997,0,0.25925925925925924,1,7,1,"{""number"": ""42.0"", ""relation"": ""="", ""status"": ""VALID""}",496.5270000000005,data/raw/tdc/clearance_microsome_az.tab,CHEMBL178737,O=C1NC(=O)C(c2cnc3ccccn23)=C1c1cn2c3c(cccc13)CN(C(=O)N1CCOCC1)CC2,42.0,2,Clearance_Microsome_AZ,901,,VALID,101.18,0
CHEMBL1232461,CCNC(=O)C[C@@H]1N=C(c2ccc(Cl)cc2)c2cc(OC)ccc2-n2c(C)nnc21,14.13,CCNC(=O)C[C@@H]1N=C(c2ccc(Cl)cc2)c2cc(OC)ccc2-n2c(C)nnc21,3.6560200000000025,0,0.2727272727272727,1,6,1,"{""number"": ""14.13"", ""relation"": ""="", ""status"": ""VALID""}",423.90400000000017,data/raw/tdc/clearance_microsome_az.tab,CHEMBL1232461,CCNC(=O)C[C@@H]1N=C(c2ccc(Cl)cc2)c2cc(OC)ccc2-n2c(C)nnc21,14.13,5,Clearance_Microsome_AZ,902,,VALID,81.39999999999999,0
CHEMBL1951898,CCN(C(=O)Cc1ccc(S(C)(=O)=O)cc1)C1CCN(CC[C@@H](c2ccccc2)N2CCN(S(=O)(=O)C(F)(F)F)CC2)CC1,18.0,CCN(C(=O)Cc1ccc(S(C)(=O)=O)cc1)C1CCN(CC[C@@H](c2ccccc2)N2CCN(S(=O)(=O)C(F)(F)F)CC2)CC1,3.544100000000003,0,0.5666666666666667,1,7,0,"{""number"": ""18.0"", ""relation"": ""="", ""status"": ""VALID""}",658.8090000000002,data/raw/tdc/clearance_microsome_az.tab,CHEMBL1951898,CCN(C(=O)Cc1ccc(S(C)(=O)=O)cc1)C1CCN(CC[C@@H](c2ccccc2)N2CCN(S(=O)(=O)C(F)(F)F)CC2)CC1,18.0,11,Clearance_Microsome_AZ,903,,VALID,98.31,0
CHEMBL404609,NC(=O)Nc1sc(-c2ccccc2)cc1C(N)=O,21.0,NC(=O)Nc1sc(-c2ccccc2)cc1C(N)=O,2.0046000000000004,0,0.0,1,3,3,"{""number"": ""21.0"", ""relation"": ""="", ""status"": ""VALID""}",261.30600000000004,data/raw/tdc/clearance_microsome_az.tab,CHEMBL404609,NC(=O)Nc1sc(-c2ccccc2)cc1C(N)=O,21.0,3,Clearance_Microsome_AZ,904,,VALID,98.21000000000001,0
CHEMBL2103876,Cc1ccc2c(NC[C@](O)(CC(C)(C)c3cc(F)cc4c3OCC4)C(F)(F)F)cccc2n1,150.0,Cc1ccc2c(NC[C@](O)(CC(C)(C)c3cc(F)cc4c3OCC4)C(F)(F)F)cccc2n1,5.690420000000004,0,0.4,1,4,2,"{""number"": ""150.0"", ""relation"": ""="", ""status"": ""VALID""}",462.4870000000002,data/raw/tdc/clearance_microsome_az.tab,CHEMBL2103876,Cc1ccc2c(NC[C@](O)(CC(C)(C)c3cc(F)cc4c3OCC4)C(F)(F)F)cccc2n1,150.0,6,Clearance_Microsome_AZ,905,,VALID,54.379999999999995,0
CHEMBL578194,C[C@H](Nc1nc(Nc2cc(C3CC3)[nH]n2)cnc1C#N)c1ccc(F)cn1,17.38,C[C@H](Nc1nc(Nc2cc(C3CC3)[nH]n2)cnc1C#N)c1ccc(F)cn1,3.399580000000001,0,0.2777777777777778,1,7,3,"{""number"": ""17.38"", ""relation"": ""="", ""status"": ""VALID""}",364.38800000000003,data/raw/tdc/clearance_microsome_az.tab,CHEMBL578194,C[C@H](Nc1nc(Nc2cc(C3CC3)[nH]n2)cnc1C#N)c1ccc(F)cn1,17.38,6,Clearance_Microsome_AZ,906,,VALID,115.2,0
CHEMBL2216839,C[C@H]1CN(Cc2nnc(-c3cc(-c4cccc5[nH]ccc45)cc4[nH]ncc34)o2)C[C@@H](C)O1,107.15,C[C@@H]1CN(Cc2nnc(-c3cc(-c4cccc5[nH]ccc45)cc4[nH]ncc34)o2)C[C@H](C)O1,4.370400000000003,0,0.2916666666666667,1,6,2,"{""number"": ""107.15"", ""relation"": ""="", ""status"": ""VALID""}",428.4960000000002,data/raw/tdc/clearance_microsome_az.tab,CHEMBL2216839,C[C@H]1CN(Cc2nnc(-c3cc(-c4cccc5[nH]ccc45)cc4[nH]ncc34)o2)C[C@@H](C)O1,107.15,4,Clearance_Microsome_AZ,907,,VALID,95.86000000000001,0
CHEMBL553,C#Cc1cccc(Nc2ncnc3cc(OCCOC)c(OCCOC)cc23)c1,18.62,C#Cc1cccc(Nc2ncnc3cc(OCCOC)c(OCCOC)cc23)c1,3.405100000000002,0,0.2727272727272727,1,7,1,"{""number"": ""18.62"", ""relation"": ""="", ""status"": ""VALID""}",393.4430000000002,data/raw/tdc/clearance_microsome_az.tab,CHEMBL553,C#Cc1cccc(Nc2ncnc3cc(OCCOC)c(OCCOC)cc23)c1,18.62,10,Clearance_Microsome_AZ,908,,VALID,74.73000000000002,0
CHEMBL565755,CCOc1ccc2nc(N)sc2c1,19.95,CCOc1ccc2nc(N)sc2c1,2.2771999999999997,0,0.2222222222222222,1,4,1,"{""number"": ""19.95"", ""relation"": ""="", ""status"": ""VALID""}",194.259,data/raw/tdc/clearance_microsome_az.tab,CHEMBL565755,CCOc1ccc2nc(N)sc2c1,19.95,2,Clearance_Microsome_AZ,909,,VALID,48.14,0
CHEMBL376488,COc1nc2ccc(Br)cc2cc1[C@@H](c1ccccc1)[C@@](O)(CCN(C)C)c1cccc2ccccc12,19.95,COc1nc2ccc(Br)cc2cc1[C@@H](c1ccccc1)[C@@](O)(CCN(C)C)c1cccc2ccccc12,7.1305000000000085,0,0.21875,1,4,1,"{""number"": ""19.95"", ""relation"": ""="", ""status"": ""VALID""}",555.5160000000003,data/raw/tdc/clearance_microsome_az.tab,CHEMBL376488,COc1nc2ccc(Br)cc2cc1[C@@H](c1ccccc1)[C@@](O)(CCN(C)C)c1cccc2ccccc12,19.95,8,Clearance_Microsome_AZ,910,,VALID,45.59,0
CHEMBL2177757,O=C(Cc1ccccc1)Nc1nnc(CCSCCc2nnc(NC(=O)Cc3ccccc3)s2)s1,20.42,O=C(Cc1ccccc1)Nc1nnc(CCSCCc2nnc(NC(=O)Cc3ccccc3)s2)s1,4.270400000000003,0,0.25,1,9,2,"{""number"": ""20.42"", ""relation"": ""="", ""status"": ""VALID""}",524.6970000000002,data/raw/tdc/clearance_microsome_az.tab,CHEMBL2177757,O=C(Cc1ccccc1)Nc1nnc(CCSCCc2nnc(NC(=O)Cc3ccccc3)s2)s1,20.42,12,Clearance_Microsome_AZ,911,,VALID,109.76000000000002,0
CHEMBL141157,C#CC[C@@H](C(=O)N[C@H](/C=C/C(=O)OCC)C[C@@H]1CCNC1=O)n1cccc(NC(=O)c2cc(C)on2)c1=O,20.89,C#CC[C@@H](C(=O)N[C@H](/C=C/C(=O)OCC)C[C@@H]1CCNC1=O)n1cccc(NC(=O)c2cc(C)on2)c1=O,1.091720000000001,0,0.38461538461538464,1,9,3,"{""number"": ""20.89"", ""relation"": ""="", ""status"": ""VALID""}",523.5460000000002,data/raw/tdc/clearance_microsome_az.tab,CHEMBL141157,C#CC[C@@H](C(=O)N[C@H](/C=C/C(=O)OCC)C[C@@H]1CCNC1=O)n1cccc(NC(=O)c2cc(C)on2)c1=O,20.89,11,Clearance_Microsome_AZ,912,,VALID,161.63,0
CHEMBL1645392,Cc1noc(C)c1-c1ccc(CNS(=O)(=O)c2c(C)noc2C)cc1,60.26,Cc1noc(C)c1-c1ccc(CNS(=O)(=O)c2c(C)noc2C)cc1,3.041780000000001,0,0.29411764705882354,1,6,1,"{""number"": ""60.26"", ""relation"": ""="", ""status"": ""VALID""}",361.4230000000001,data/raw/tdc/clearance_microsome_az.tab,CHEMBL1645392,Cc1noc(C)c1-c1ccc(CNS(=O)(=O)c2c(C)noc2C)cc1,60.26,5,Clearance_Microsome_AZ,913,,VALID,98.23,0
CHEMBL1381233,O=C(Nc1ccncc1)c1cccc2ccccc12,60.26,O=C(Nc1ccncc1)c1cccc2ccccc12,3.4871000000000016,0,0.0,1,2,1,"{""number"": ""60.26"", ""relation"": ""="", ""status"": ""VALID""}",248.285,data/raw/tdc/clearance_microsome_az.tab,CHEMBL1381233,O=C(Nc1ccncc1)c1cccc2ccccc12,60.26,2,Clearance_Microsome_AZ,914,,VALID,41.99,0
CHEMBL550902,O=C(O)c1cncc(-c2ccc(Cl)c(C(=O)NCC34CC5CC(CC(C5)C3)C4)c2)c1,66.0,O=C(O)c1cncc(-c2ccc(Cl)c(C(=O)NCC34CC5CC(CC(C5)C3)C4)c2)c1,5.046400000000005,0,0.4583333333333333,1,3,2,"{""number"": ""66.0"", ""relation"": ""="", ""status"": ""VALID""}",424.92800000000034,data/raw/tdc/clearance_microsome_az.tab,CHEMBL550902,O=C(O)c1cncc(-c2ccc(Cl)c(C(=O)NCC34CC5CC(CC(C5)C3)C4)c2)c1,66.0,5,Clearance_Microsome_AZ,915,,VALID,79.28999999999999,4
CHEMBL1300857,Cc1[nH]c2ccc(-c3nnc(SCC(=O)N4CCCc5ccccc54)o3)cc2c1C,150.0,Cc1[nH]c2ccc(-c3nnc(SCC(=O)N4CCCc5ccccc54)o3)cc2c1C,4.906240000000004,0,0.2608695652173913,1,5,1,"{""number"": ""150.0"", ""relation"": ""="", ""status"": ""VALID""}",418.5220000000002,data/raw/tdc/clearance_microsome_az.tab,CHEMBL1300857,Cc1[nH]c2ccc(-c3nnc(SCC(=O)N4CCCc5ccccc54)o3)cc2c1C,150.0,4,Clearance_Microsome_AZ,916,,VALID,75.02000000000001,0
CHEMBL1801962,COc1ccccc1C(=O)/C=C/c1ccccc1C(F)(F)F,150.0,COc1ccccc1C(=O)/C=C/c1ccccc1C(F)(F)F,4.610100000000002,0,0.11764705882352941,1,2,0,"{""number"": ""150.0"", ""relation"": ""="", ""status"": ""VALID""}",306.28299999999996,data/raw/tdc/clearance_microsome_az.tab,CHEMBL1801962,COc1ccccc1C(=O)/C=C/c1ccccc1C(F)(F)F,150.0,4,Clearance_Microsome_AZ,917,,VALID,26.3,0
CHEMBL1610669,CC(C)CCOc1ccc(N)cc1,51.29,CC(C)CCOc1ccc(N)cc1,2.6937000000000006,0,0.45454545454545453,1,2,1,"{""number"": ""51.29"", ""relation"": ""="", ""status"": ""VALID""}",179.26299999999998,data/raw/tdc/clearance_microsome_az.tab,CHEMBL1610669,CC(C)CCOc1ccc(N)cc1,51.29,4,Clearance_Microsome_AZ,918,,VALID,35.25,0
CHEMBL2171278,Cc1ccc(NC(=O)[C@@H]2CCCN2S(=O)(=O)c2cccc3cccnc23)c(C)c1,150.0,Cc1ccc(NC(=O)[C@@H]2CCCN2S(=O)(=O)c2cccc3cccnc23)c(C)c1,3.6434400000000027,0,0.2727272727272727,1,4,1,"{""number"": ""150.0"", ""relation"": ""="", ""status"": ""VALID""}",409.5110000000001,data/raw/tdc/clearance_microsome_az.tab,CHEMBL2171278,Cc1ccc(NC(=O)[C@@H]2CCCN2S(=O)(=O)c2cccc3cccnc23)c(C)c1,150.0,4,Clearance_Microsome_AZ,919,,VALID,79.37,0
CHEMBL259081,O=c1nc(NCc2ccccc2)sn1Cc1ccccc1,150.0,O=c1nc(NCc2ccccc2)sn1Cc1ccccc1,2.965200000000001,0,0.125,1,5,1,"{""number"": ""150.0"", ""relation"": ""="", ""status"": ""VALID""}",297.383,data/raw/tdc/clearance_microsome_az.tab,CHEMBL259081,O=c1nc(NCc2ccccc2)sn1Cc1ccccc1,150.0,5,Clearance_Microsome_AZ,920,,VALID,46.92,0
CHEMBL1688458,O=C(O)CCc1ccc(OCc2cccc(Oc3ccccc3)c2)cc1,4.9,O=C(O)CCc1ccc(OCc2cccc(Oc3ccccc3)c2)cc1,5.0751000000000035,0,0.13636363636363635,1,3,1,"{""number"": ""4.9"", ""relation"": ""="", ""status"": ""VALID""}",348.398,data/raw/tdc/clearance_microsome_az.tab,CHEMBL1688458,O=C(O)CCc1ccc(OCc2cccc(Oc3ccccc3)c2)cc1,4.9,8,Clearance_Microsome_AZ,921,,VALID,55.760000000000005,0
CHEMBL46,Cc1nccn1CC1CCc2c(c3ccccc3n2C)C1=O,6.46,Cc1nccn1CC1CCc2c(c3ccccc3n2C)C1=O,3.1285200000000017,0,0.3333333333333333,1,4,0,"{""number"": ""6.46"", ""relation"": ""="", ""status"": ""VALID""}",293.37000000000006,data/raw/tdc/clearance_microsome_az.tab,CHEMBL46,Cc1nccn1CC1CCc2c(c3ccccc3n2C)C1=O,6.46,2,Clearance_Microsome_AZ,922,,VALID,39.82,1
CHEMBL1290353,CCC(NC(=O)Nc1cc(Cl)ccc1Cl)(C(F)(F)F)C(F)(F)F,7.41,CCC(NC(=O)Nc1cc(Cl)ccc1Cl)(C(F)(F)F)C(F)(F)F,5.388300000000001,0,0.4166666666666667,1,1,2,"{""number"": ""7.41"", ""relation"": ""="", ""status"": ""VALID""}",383.11899999999997,data/raw/tdc/clearance_microsome_az.tab,CHEMBL1290353,CCC(NC(=O)Nc1cc(Cl)ccc1Cl)(C(F)(F)F)C(F)(F)F,7.41,3,Clearance_Microsome_AZ,923,,VALID,41.13,0
CHEMBL550637,Cc1ccc(C(=O)N2CC3CNCC(C2)O3)cc1NC(=O)CC12CC3CC(CC(C3)C1)C2,71.25,Cc1ccc(C(=O)N2CC3CNCC(C2)O3)cc1NC(=O)CC12CC3CC(CC(C3)C1)C2,3.3528200000000012,0,0.6923076923076923,1,4,2,"{""number"": ""71.25"", ""relation"": ""="", ""status"": ""VALID""}",437.58400000000034,data/raw/tdc/clearance_microsome_az.tab,CHEMBL550637,Cc1ccc(C(=O)N2CC3CNCC(C2)O3)cc1NC(=O)CC12CC3CC(CC(C3)C1)C2,71.25,4,Clearance_Microsome_AZ,924,,VALID,70.67000000000002,6
CHEMBL1465276,O=C(C1CCN(c2nnc(-n3cccc3)s2)CC1)N1CCc2ccccc2C1,83.18,O=C(C1CCN(c2nnc(-n3cccc3)s2)CC1)N1CCc2ccccc2C1,3.1301000000000014,0,0.38095238095238093,1,6,0,"{""number"": ""83.18"", ""relation"": ""="", ""status"": ""VALID""}",393.5160000000003,data/raw/tdc/clearance_microsome_az.tab,CHEMBL1465276,O=C(C1CCN(c2nnc(-n3cccc3)s2)CC1)N1CCc2ccccc2C1,83.18,3,Clearance_Microsome_AZ,925,,VALID,54.260000000000005,0
CHEMBL250961,Cc1ccc(F)cc1S(=O)(=O)N[C@@H]1CCN(Cc2ccc(-c3ccccc3)cc2)C1,144.54,Cc1ccc(F)cc1S(=O)(=O)N[C@@H]1CCN(Cc2ccc(-c3ccccc3)cc2)C1,4.353920000000004,0,0.25,1,3,1,"{""number"": ""144.54"", ""relation"": ""="", ""status"": ""VALID""}",424.54100000000017,data/raw/tdc/clearance_microsome_az.tab,CHEMBL250961,Cc1ccc(F)cc1S(=O)(=O)N[C@@H]1CCN(Cc2ccc(-c3ccccc3)cc2)C1,144.54,6,Clearance_Microsome_AZ,926,,VALID,49.410000000000004,0
CHEMBL1947155,C[C@@H](NCc1ccccc1-c1ccc(CCNC[C@H](O)c2ccc(O)c3[nH]c(=O)sc23)cc1)c1ccccc1,104.5,C[C@@H](NCc1ccccc1-c1ccc(CCNC[C@H](O)c2ccc(O)c3[nH]c(=O)sc23)cc1)c1ccccc1,5.678700000000006,0,0.21875,1,6,5,"{""number"": ""104.5"", ""relation"": ""="", ""status"": ""VALID""}",539.7010000000001,data/raw/tdc/clearance_microsome_az.tab,CHEMBL1947155,C[C@@H](NCc1ccccc1-c1ccc(CCNC[C@H](O)c2ccc(O)c3[nH]c(=O)sc23)cc1)c1ccccc1,104.5,11,Clearance_Microsome_AZ,927,,VALID,97.38,0
CHEMBL1896341,Cc1ccc(CNC(=O)C2CCCN2S(=O)(=O)c2ccc(F)cc2)cc1,150.0,Cc1ccc(CNC(=O)C2CCCN2S(=O)(=O)c2ccc(F)cc2)cc1,2.603620000000001,0,0.3157894736842105,1,3,1,"{""number"": ""150.0"", ""relation"": ""="", ""status"": ""VALID""}",376.45300000000003,data/raw/tdc/clearance_microsome_az.tab,CHEMBL1896341,Cc1ccc(CNC(=O)C2CCCN2S(=O)(=O)c2ccc(F)cc2)cc1,150.0,5,Clearance_Microsome_AZ,928,,VALID,66.48,1
CHEMBL2070942,CC(C)(C)c1csc(N2CCN(C(=O)[C@@H]3CCCC[C@H]3C(=O)NC3(C#N)CC3)CC2)n1,150.0,CC(C)(C)c1csc(N2CCN(C(=O)[C@@H]3CCCC[C@H]3C(=O)NC3(C#N)CC3)CC2)n1,3.0679800000000013,0,0.7391304347826086,1,6,1,"{""number"": ""150.0"", ""relation"": ""="", ""status"": ""VALID""}",443.6170000000003,data/raw/tdc/clearance_microsome_az.tab,CHEMBL2070942,CC(C)(C)c1csc(N2CCN(C(=O)[C@@H]3CCCC[C@H]3C(=O)NC3(C#N)CC3)CC2)n1,150.0,4,Clearance_Microsome_AZ,929,,VALID,89.33,0
CHEMBL1600648,Cc1nc2ncnn2c(O)c1CCOC(=O)c1c(F)cccc1F,150.0,Cc1nc2ncnn2c(O)c1CCOC(=O)c1c(F)cccc1F,1.81602,0,0.2,1,7,1,"{""number"": ""150.0"", ""relation"": ""="", ""status"": ""VALID""}",334.282,data/raw/tdc/clearance_microsome_az.tab,CHEMBL1600648,Cc1nc2ncnn2c(O)c1CCOC(=O)c1c(F)cccc1F,150.0,4,Clearance_Microsome_AZ,930,,VALID,89.61000000000001,0
CHEMBL1490317,Cc1cc(C)nc(SCC(=O)Nc2cc(C)on2)n1,150.0,Cc1cc(C)nc(SCC(=O)Nc2cc(C)on2)n1,2.12066,0,0.3333333333333333,1,6,1,"{""number"": ""150.0"", ""relation"": ""="", ""status"": ""VALID""}",278.337,data/raw/tdc/clearance_microsome_az.tab,CHEMBL1490317,Cc1cc(C)nc(SCC(=O)Nc2cc(C)on2)n1,150.0,4,Clearance_Microsome_AZ,931,,VALID,80.91000000000001,0
CHEMBL2107486,C[C@@H](O)[C@H]1C(=O)N2C(C(=O)OCOC(=O)C(C)(C)C)=C(SC3CN(C4=NCCS4)C3)[C@H](C)[C@H]12,150.0,C[C@@H](O)[C@H]1C(=O)N2C(C(=O)OCOC(=O)C(C)(C)C)=C(SC3CN(C4=NCCS4)C3)[C@H](C)[C@H]12,1.6656999999999995,0,0.7272727272727273,1,10,1,"{""number"": ""150.0"", ""relation"": ""="", ""status"": ""VALID""}",497.63900000000024,data/raw/tdc/clearance_microsome_az.tab,CHEMBL2107486,C[C@@H](O)[C@H]1C(=O)N2C(C(=O)OCOC(=O)C(C)(C)C)=C(SC3CN(C4=NCCS4)C3)[C@H](C)[C@H]12,150.0,6,Clearance_Microsome_AZ,932,,VALID,108.74000000000001,0
CHEMBL1628691,Clc1cccc(-n2nnnc2NCc2ccccc2Oc2ccccn2)c1Cl,150.0,Clc1cccc(-n2nnnc2NCc2ccccc2Oc2ccccn2)c1Cl,4.768500000000002,0,0.05263157894736842,1,7,1,"{""number"": ""150.0"", ""relation"": ""="", ""status"": ""VALID""}",413.26800000000014,data/raw/tdc/clearance_microsome_az.tab,CHEMBL1628691,Clc1cccc(-n2nnnc2NCc2ccccc2Oc2ccccn2)c1Cl,150.0,6,Clearance_Microsome_AZ,933,,VALID,77.75,0
CHEMBL2158828,O=C(O)COc1ccccc1N1CCC(CN2CCC(Oc3ccc(Cl)c(Cl)c3)CC2)CC1,8.5,O=C(O)COc1ccccc1N1CCC(CN2CCC(Oc3ccc(Cl)c(Cl)c3)CC2)CC1,5.216600000000006,0,0.48,1,5,1,"{""number"": ""8.5"", ""relation"": ""="", ""status"": ""VALID""}",493.43100000000027,data/raw/tdc/clearance_microsome_az.tab,CHEMBL2158828,O=C(O)COc1ccccc1N1CCC(CN2CCC(Oc3ccc(Cl)c(Cl)c3)CC2)CC1,8.5,8,Clearance_Microsome_AZ,934,,VALID,62.24000000000001,0
CHEMBL550175,C[C@@H]1CN(c2ccc(F)cc2C(F)(F)F)CCN1S(=O)(=O)c1ccc(C(N)=O)cc1Cl,6.31,C[C@@H]1CN(c2ccc(F)cc2C(F)(F)F)CCN1S(=O)(=O)c1ccc(C(N)=O)cc1Cl,3.4962000000000018,0,0.3157894736842105,1,4,1,"{""number"": ""6.31"", ""relation"": ""="", ""status"": ""VALID""}",479.88300000000015,data/raw/tdc/clearance_microsome_az.tab,CHEMBL550175,C[C@@H]1CN(c2ccc(F)cc2C(F)(F)F)CCN1S(=O)(=O)c1ccc(C(N)=O)cc1Cl,6.31,4,Clearance_Microsome_AZ,935,,VALID,83.71000000000001,0
CHEMBL1340633,COc1cc(-c2ccc(Nc3ccccc3C(=O)O)c(OC)c2)ccc1Nc1ccccc1C(=O)O,6.61,COc1cc(-c2ccc(Nc3ccccc3C(=O)O)c(OC)c2)ccc1Nc1ccccc1C(=O)O,6.254400000000004,0,0.07142857142857142,1,6,4,"{""number"": ""6.61"", ""relation"": ""="", ""status"": ""VALID""}",484.5080000000002,data/raw/tdc/clearance_microsome_az.tab,CHEMBL1340633,COc1cc(-c2ccc(Nc3ccccc3C(=O)O)c(OC)c2)ccc1Nc1ccccc1C(=O)O,6.61,9,Clearance_Microsome_AZ,936,,VALID,117.12000000000002,0
CHEMBL183630,Cc1ccc(NC(=O)c2cccc(N3CCOCC3)c2)cc1NC(=O)c1ccc(OCc2cscn2)cc1,23.0,Cc1ccc(NC(=O)c2cccc(N3CCOCC3)c2)cc1NC(=O)c1ccc(OCc2cscn2)cc1,5.371720000000004,0,0.20689655172413793,1,7,2,"{""number"": ""23.0"", ""relation"": ""="", ""status"": ""VALID""}",528.6340000000002,data/raw/tdc/clearance_microsome_az.tab,CHEMBL183630,Cc1ccc(NC(=O)c2cccc(N3CCOCC3)c2)cc1NC(=O)c1ccc(OCc2cscn2)cc1,23.0,8,Clearance_Microsome_AZ,937,,VALID,92.79000000000002,0
CHEMBL1916083,CNC(=O)c1cnn(-c2ccccc2)c1NS(=O)(=O)c1ccc(C)cc1,14.0,CNC(=O)c1cnn(-c2ccccc2)c1NS(=O)(=O)c1ccc(C)cc1,2.34112,0,0.1111111111111111,1,5,2,"{""number"": ""14.0"", ""relation"": ""="", ""status"": ""VALID""}",370.4340000000002,data/raw/tdc/clearance_microsome_az.tab,CHEMBL1916083,CNC(=O)c1cnn(-c2ccccc2)c1NS(=O)(=O)c1ccc(C)cc1,14.0,5,Clearance_Microsome_AZ,938,,VALID,93.09,0
CHEMBL1088913,NCCCCN(Cc1nc2ccccc2[nH]1)C1CCCc2cccnc21,39.25,NCCCCN(Cc1nc2ccccc2[nH]1)C1CCCc2cccnc21,3.5764000000000022,0,0.42857142857142855,1,4,2,"{""number"": ""39.25"", ""relation"": ""="", ""status"": ""VALID""}",349.4820000000002,data/raw/tdc/clearance_microsome_az.tab,CHEMBL1088913,NCCCCN(Cc1nc2ccccc2[nH]1)C1CCCc2cccnc21,39.25,7,Clearance_Microsome_AZ,939,,VALID,70.83,1
CHEMBL1831078,NC(=O)Nc1cc(-c2ccsc2)sc1C(N)=O,45.0,NC(=O)Nc1cc(-c2ccsc2)sc1C(N)=O,2.0661000000000005,0,0.0,1,4,3,"{""number"": ""45.0"", ""relation"": ""="", ""status"": ""VALID""}",267.335,data/raw/tdc/clearance_microsome_az.tab,CHEMBL1831078,NC(=O)Nc1cc(-c2ccsc2)sc1C(N)=O,45.0,3,Clearance_Microsome_AZ,940,,VALID,98.21000000000001,0
CHEMBL257269,C[C@H](CO)Nc1nc(SCc2cccc(F)c2F)nc2[nH]c(=O)ccc12,9.0,C[C@H](CO)Nc1nc(SCc2cccc(F)c2F)nc2[nH]c(=O)ccc12,2.6813000000000002,0,0.23529411764705882,1,6,3,"{""number"": ""9.0"", ""relation"": ""="", ""status"": ""VALID""}",378.40400000000005,data/raw/tdc/clearance_microsome_az.tab,CHEMBL257269,C[C@H](CO)Nc1nc(SCc2cccc(F)c2F)nc2[nH]c(=O)ccc12,9.0,6,Clearance_Microsome_AZ,941,,VALID,90.9,0
CHEMBL1917440,Cc1c(Sc2ccc(Cl)cc2)c2c(-c3cnccn3)cccc2n1CC(=O)O,8.0,Cc1c(Sc2ccc(Cl)cc2)c2c(-c3cnccn3)cccc2n1CC(=O)O,5.295920000000003,0,0.09523809523809523,1,5,1,"{""number"": ""8.0"", ""relation"": ""="", ""status"": ""VALID""}",409.89800000000014,data/raw/tdc/clearance_microsome_az.tab,CHEMBL1917440,Cc1c(Sc2ccc(Cl)cc2)c2c(-c3cnccn3)cccc2n1CC(=O)O,8.0,5,Clearance_Microsome_AZ,942,,VALID,68.01,0
CHEMBL337962,CNC(=O)c1cccc(NC(=O)Nc2cccc(C#N)c2)c1CN1CCC(Cc2ccc(F)cc2)CC1,14.0,CNC(=O)c1cccc(NC(=O)Nc2cccc(C#N)c2)c1CN1CCC(Cc2ccc(F)cc2)CC1,5.155680000000005,0,0.27586206896551724,1,4,3,"{""number"": ""14.0"", ""relation"": ""="", ""status"": ""VALID""}",499.5900000000003,data/raw/tdc/clearance_microsome_az.tab,CHEMBL337962,CNC(=O)c1cccc(NC(=O)Nc2cccc(C#N)c2)c1CN1CCC(Cc2ccc(F)cc2)CC1,14.0,7,Clearance_Microsome_AZ,943,,VALID,97.26,0
CHEMBL1916279,Cc1ccc(S(=O)(=O)Nc2c(C(=O)NCC(C)(C)C)c(C)nn2-c2ccccc2)cc1,27.0,Cc1ccc(S(=O)(=O)Nc2c(C(=O)NCC(C)(C)C)c(C)nn2-c2ccccc2)cc1,4.065840000000003,0,0.30434782608695654,1,5,2,"{""number"": ""27.0"", ""relation"": ""="", ""status"": ""VALID""}",440.56900000000013,data/raw/tdc/clearance_microsome_az.tab,CHEMBL1916279,Cc1ccc(S(=O)(=O)Nc2c(C(=O)NCC(C)(C)C)c(C)nn2-c2ccccc2)cc1,27.0,6,Clearance_Microsome_AZ,944,,VALID,93.09,0
CHEMBL189181,CC(=O)Nc1ccc(CNc2[nH]nc3cccc(Oc4ccc(F)cc4)c23)cc1,28.0,CC(=O)Nc1ccc(CNc2[nH]nc3cccc(Oc4ccc(F)cc4)c23)cc1,5.064800000000003,0,0.09090909090909091,1,4,3,"{""number"": ""28.0"", ""relation"": ""="", ""status"": ""VALID""}",390.4180000000001,data/raw/tdc/clearance_microsome_az.tab,CHEMBL189181,CC(=O)Nc1ccc(CNc2[nH]nc3cccc(Oc4ccc(F)cc4)c23)cc1,28.0,6,Clearance_Microsome_AZ,945,,VALID,79.04,0
CHEMBL81,O=C(c1ccc(OCCN2CCCCC2)cc1)c1c(-c2ccc(O)cc2)sc2cc(O)ccc12,21.0,O=C(c1ccc(OCCN2CCCCC2)cc1)c1c(-c2ccc(O)cc2)sc2cc(O)ccc12,6.075200000000007,0,0.25,1,6,2,"{""number"": ""21.0"", ""relation"": ""="", ""status"": ""VALID""}",473.5940000000001,data/raw/tdc/clearance_microsome_az.tab,CHEMBL81,O=C(c1ccc(OCCN2CCCCC2)cc1)c1c(-c2ccc(O)cc2)sc2cc(O)ccc12,21.0,7,Clearance_Microsome_AZ,946,,VALID,70.0,0
CHEMBL1807870,O=c1[nH]c2c(O)ccc([C@@H](O)CNCCCSCCNCCc3ccccc3Cl)c2s1,11.0,O=c1[nH]c2c(O)ccc([C@@H](O)CNCCCSCCNCCc3ccccc3Cl)c2s1,3.5272000000000014,0,0.4090909090909091,1,7,5,"{""number"": ""11.0"", ""relation"": ""="", ""status"": ""VALID""}",482.0710000000002,data/raw/tdc/clearance_microsome_az.tab,CHEMBL1807870,O=c1[nH]c2c(O)ccc([C@@H](O)CNCCCSCCNCCc3ccccc3Cl)c2s1,11.0,13,Clearance_Microsome_AZ,947,,VALID,97.38000000000001,0
CHEMBL598191,N=C(N)c1cc2c(OCc3ccccc3)cccc2s1,11.0,N=C(N)c1cc2c(OCc3ccccc3)cccc2s1,3.764370000000002,0,0.0625,1,3,2,"{""number"": ""11.0"", ""relation"": ""="", ""status"": ""VALID""}",282.368,data/raw/tdc/clearance_microsome_az.tab,CHEMBL598191,N=C(N)c1cc2c(OCc3ccccc3)cccc2s1,11.0,4,Clearance_Microsome_AZ,948,,VALID,59.10000000000001,1
CHEMBL205742,CC(C)Cn1c(=O)n(C)c(=O)c2c(C(=O)N3CC[C@@H](O)C3)c(Cc3ccnc4ccccc34)sc21,39.0,CC(C)Cn1c(=O)n(C)c(=O)c2c(C(=O)N3CC[C@@H](O)C3)c(Cc3ccnc4ccccc34)sc21,2.7635000000000014,0,0.38461538461538464,1,8,1,"{""number"": ""39.0"", ""relation"": ""="", ""status"": ""VALID""}",492.60100000000017,data/raw/tdc/clearance_microsome_az.tab,CHEMBL205742,CC(C)Cn1c(=O)n(C)c(=O)c2c(C(=O)N3CC[C@@H](O)C3)c(Cc3ccnc4ccccc34)sc21,39.0,5,Clearance_Microsome_AZ,949,,VALID,97.43,0
CHEMBL564607,O=C(O)c1ccc(-c2ccc(Cl)c(C(=O)NCC34CC5CC(CC(C5)C3)C4)c2)cc1,40.0,O=C(O)c1ccc(-c2ccc(Cl)c(C(=O)NCC34CC5CC(CC(C5)C3)C4)c2)cc1,5.651400000000005,0,0.44,1,2,2,"{""number"": ""40.0"", ""relation"": ""="", ""status"": ""VALID""}",423.9400000000003,data/raw/tdc/clearance_microsome_az.tab,CHEMBL564607,O=C(O)c1ccc(-c2ccc(Cl)c(C(=O)NCC34CC5CC(CC(C5)C3)C4)c2)cc1,40.0,5,Clearance_Microsome_AZ,950,,VALID,66.39999999999999,4
CHEMBL1916283,Cc1ccc(S(=O)(=O)Nc2c(C(=O)N[C@H](C)C(C)(C)C)c(C)nn2-c2ccccc2)cc1,42.0,Cc1ccc(S(=O)(=O)Nc2c(C(=O)N[C@H](C)C(C)(C)C)c(C)nn2-c2ccccc2)cc1,4.454340000000004,0,0.3333333333333333,1,5,2,"{""number"": ""42.0"", ""relation"": ""="", ""status"": ""VALID""}",454.5960000000002,data/raw/tdc/clearance_microsome_az.tab,CHEMBL1916283,Cc1ccc(S(=O)(=O)Nc2c(C(=O)N[C@H](C)C(C)(C)C)c(C)nn2-c2ccccc2)cc1,42.0,6,Clearance_Microsome_AZ,951,,VALID,93.09,0
CHEMBL1934271,CCC(CC)n1nc(C)c(C(=O)N[C@@H](C)C(C)(C)C)c1NS(=O)(=O)c1ccc(C)cc1,43.0,CCC(CC)n1nc(C)c(C(=O)N[C@@H](C)C(C)(C)C)c1NS(=O)(=O)c1ccc(C)cc1,4.826240000000005,0,0.5652173913043478,1,5,2,"{""number"": ""43.0"", ""relation"": ""="", ""status"": ""VALID""}",448.63300000000015,data/raw/tdc/clearance_microsome_az.tab,CHEMBL1934271,CCC(CC)n1nc(C)c(C(=O)N[C@@H](C)C(C)(C)C)c1NS(=O)(=O)c1ccc(C)cc1,43.0,8,Clearance_Microsome_AZ,952,,VALID,93.09,0
CHEMBL2018964,COc1cccc2c1c(NS(=O)(=O)c1ccc(Cl)s1)nn2Cc1cccc(CNC(C)=O)c1,44.0,COc1cccc2c1c(NS(=O)(=O)c1ccc(Cl)s1)nn2Cc1cccc(CNC(C)=O)c1,4.245000000000003,0,0.18181818181818182,1,7,2,"{""number"": ""44.0"", ""relation"": ""="", ""status"": ""VALID""}",505.0210000000002,data/raw/tdc/clearance_microsome_az.tab,CHEMBL2018964,COc1cccc2c1c(NS(=O)(=O)c1ccc(Cl)s1)nn2Cc1cccc(CNC(C)=O)c1,44.0,8,Clearance_Microsome_AZ,953,,VALID,102.32,0
CHEMBL213029,COc1ccc2c(c1)c(CC(=O)O)c(C)n2-c1ccnc2cc(Cl)ccc12,3.0,COc1ccc2c(c1)c(CC(=O)O)c(C)n2-c1ccnc2cc(Cl)ccc12,4.776220000000003,0,0.14285714285714285,1,4,1,"{""number"": ""3.0"", ""relation"": ""="", ""status"": ""VALID""}",380.8310000000001,data/raw/tdc/clearance_microsome_az.tab,CHEMBL213029,COc1ccc2c(c1)c(CC(=O)O)c(C)n2-c1ccnc2cc(Cl)ccc12,3.0,4,Clearance_Microsome_AZ,954,,VALID,64.35,0
CHEMBL190243,C[C@@H](C(=O)NCCN1CCCC1)c1ccc(OS(=O)(=O)C(F)(F)F)cc1,3.0,C[C@@H](C(=O)NCCN1CCCC1)c1ccc(OS(=O)(=O)C(F)(F)F)cc1,2.2305,0,0.5625,1,5,1,"{""number"": ""3.0"", ""relation"": ""="", ""status"": ""VALID""}",394.415,data/raw/tdc/clearance_microsome_az.tab,CHEMBL190243,C[C@@H](C(=O)NCCN1CCCC1)c1ccc(OS(=O)(=O)C(F)(F)F)cc1,3.0,7,Clearance_Microsome_AZ,955,,VALID,75.71000000000001,0
CHEMBL1778612,O=C(O)COc1ccc([N+](=O)[O-])cc1-c1ccccc1,3.0,O=C(O)COc1ccc([N+](=O)[O-])cc1-c1ccccc1,2.725200000000001,0,0.07142857142857142,1,4,1,"{""number"": ""3.0"", ""relation"": ""="", ""status"": ""VALID""}",273.24399999999997,data/raw/tdc/clearance_microsome_az.tab,CHEMBL1778612,O=C(O)COc1ccc([N+](=O)[O-])cc1-c1ccccc1,3.0,5,Clearance_Microsome_AZ,956,,VALID,89.67,0
CHEMBL239767,O=C(Nc1ccc([N+](=O)[O-])cc1O)Nc1ccccc1Br,3.0,O=C(Nc1ccc([N+](=O)[O-])cc1O)Nc1ccccc1Br,3.7069,0,0.0,1,4,3,"{""number"": ""3.0"", ""relation"": ""="", ""status"": ""VALID""}",352.144,data/raw/tdc/clearance_microsome_az.tab,CHEMBL239767,O=C(Nc1ccc([N+](=O)[O-])cc1O)Nc1ccccc1Br,3.0,3,Clearance_Microsome_AZ,957,,VALID,104.5,0
CHEMBL2364624,O=C(O)C[C@H]1CC[C@H](c2ccc(-c3ccc(Nc4ccc(C(F)(F)F)nc4)cn3)cc2)CC1,3.0,O=C(O)C[C@H]1CC[C@H](c2ccc(-c3ccc(Nc4ccc(C(F)(F)F)nc4)cn3)cc2)CC1,6.654500000000005,0,0.32,1,4,2,"{""number"": ""3.0"", ""relation"": ""="", ""status"": ""VALID""}",455.48000000000013,data/raw/tdc/clearance_microsome_az.tab,CHEMBL2364624,O=C(O)C[C@H]1CC[C@H](c2ccc(-c3ccc(Nc4ccc(C(F)(F)F)nc4)cn3)cc2)CC1,3.0,6,Clearance_Microsome_AZ,958,,VALID,75.11,0
CHEMBL203567,Nc1c(C(=O)c2cccc(OC[C@@H](O)CO)c2)cnn1-c1ccc(F)cc1,3.0,Nc1c(C(=O)c2cccc(OC[C@@H](O)CO)c2)cnn1-c1ccc(F)cc1,1.5565999999999998,0,0.15789473684210525,1,7,3,"{""number"": ""3.0"", ""relation"": ""="", ""status"": ""VALID""}",371.368,data/raw/tdc/clearance_microsome_az.tab,CHEMBL203567,Nc1c(C(=O)c2cccc(OC[C@@H](O)CO)c2)cnn1-c1ccc(F)cc1,3.0,7,Clearance_Microsome_AZ,959,,VALID,110.60000000000002,0
CHEMBL372052,C[C@@H](C(=O)O)c1cccc(C(=O)c2ccccc2)c1,3.0,C[C@@H](C(=O)O)c1cccc(C(=O)c2ccccc2)c1,3.1057000000000015,0,0.125,1,2,1,"{""number"": ""3.0"", ""relation"": ""="", ""status"": ""VALID""}",254.285,data/raw/tdc/clearance_microsome_az.tab,CHEMBL372052,C[C@@H](C(=O)O)c1cccc(C(=O)c2ccccc2)c1,3.0,4,Clearance_Microsome_AZ,960,,VALID,54.37,0
CHEMBL75435,C[C@H](C(=O)O)c1cccc(C(=O)c2ccccc2)c1,3.0,C[C@H](C(=O)O)c1cccc(C(=O)c2ccccc2)c1,3.1057000000000015,0,0.125,1,2,1,"{""number"": ""3.0"", ""relation"": ""="", ""status"": ""VALID""}",254.285,data/raw/tdc/clearance_microsome_az.tab,CHEMBL75435,C[C@H](C(=O)O)c1cccc(C(=O)c2ccccc2)c1,3.0,4,Clearance_Microsome_AZ,961,,VALID,54.37,0
CHEMBL1778616,O=C(O)COc1ccc(Br)cc1-c1ccccc1,3.0,O=C(O)COc1ccc(Br)cc1-c1ccccc1,3.579500000000002,0,0.07142857142857142,1,2,1,"{""number"": ""3.0"", ""relation"": ""="", ""status"": ""VALID""}",307.143,data/raw/tdc/clearance_microsome_az.tab,CHEMBL1778616,O=C(O)COc1ccc(Br)cc1-c1ccccc1,3.0,4,Clearance_Microsome_AZ,962,,VALID,46.53,0
CHEMBL1917430,Cc1c(Sc2ccc(Cl)cc2)c2ccc(S(C)(=O)=O)cc2n1CC(=O)O,3.0,Cc1c(Sc2ccc(Cl)cc2)c2ccc(S(C)(=O)=O)cc2n1CC(=O)O,4.242420000000003,0,0.16666666666666666,1,5,1,"{""number"": ""3.0"", ""relation"": ""="", ""status"": ""VALID""}",409.91600000000017,data/raw/tdc/clearance_microsome_az.tab,CHEMBL1917430,Cc1c(Sc2ccc(Cl)cc2)c2ccc(S(C)(=O)=O)cc2n1CC(=O)O,3.0,5,Clearance_Microsome_AZ,963,,VALID,76.37,0
CHEMBL1917442,Cc1ccc2c(c1)c(Sc1ccccc1Cl)c(C)n2CC(=O)O,3.0,Cc1ccc2c(c1)c(Sc1ccccc1Cl)c(C)n2CC(=O)O,5.147340000000003,0,0.16666666666666666,1,3,1,"{""number"": ""3.0"", ""relation"": ""="", ""status"": ""VALID""}",345.85100000000017,data/raw/tdc/clearance_microsome_az.tab,CHEMBL1917442,Cc1ccc2c(c1)c(Sc1ccccc1Cl)c(C)n2CC(=O)O,3.0,4,Clearance_Microsome_AZ,964,,VALID,42.230000000000004,0
CHEMBL2158782,Cc1cc(OC2CCN(CC3CCN([C@@H](Cc4ccc(F)cc4)C(=O)O)CC3)CC2)ccc1Cl,3.0,Cc1cc(OC2CCN(CC3CCN([C@@H](Cc4ccc(F)cc4)C(=O)O)CC3)CC2)ccc1Cl,5.038620000000004,0,0.5185185185185185,1,4,1,"{""number"": ""3.0"", ""relation"": ""="", ""status"": ""VALID""}",489.0310000000003,data/raw/tdc/clearance_microsome_az.tab,CHEMBL2158782,Cc1cc(OC2CCN(CC3CCN([C@@H](Cc4ccc(F)cc4)C(=O)O)CC3)CC2)ccc1Cl,3.0,8,Clearance_Microsome_AZ,965,,VALID,53.010000000000005,0
CHEMBL1778653,CCS(=O)(=O)c1ccc(-c2cc(C(F)(F)F)ccc2OCC(N)=O)c(C)c1,3.0,CCS(=O)(=O)c1ccc(-c2cc(C(F)(F)F)ccc2OCC(N)=O)c(C)c1,3.338520000000001,0,0.2777777777777778,1,4,1,"{""number"": ""3.0"", ""relation"": ""="", ""status"": ""VALID""}",401.4060000000002,data/raw/tdc/clearance_microsome_az.tab,CHEMBL1778653,CCS(=O)(=O)c1ccc(-c2cc(C(F)(F)F)ccc2OCC(N)=O)c(C)c1,3.0,6,Clearance_Microsome_AZ,966,,VALID,86.46000000000001,0
CHEMBL1917421,Cc1c(Sc2ccc(Cl)cc2)c2cc(Cl)ccc2n1C(C)C(=O)O,3.0,Cc1c(Sc2ccc(Cl)cc2)c2cc(Cl)ccc2n1C(C)C(=O)O,6.053320000000004,0,0.16666666666666666,1,3,1,"{""number"": ""3.0"", ""relation"": ""="", ""status"": ""VALID""}",380.2960000000001,data/raw/tdc/clearance_microsome_az.tab,CHEMBL1917421,Cc1c(Sc2ccc(Cl)cc2)c2cc(Cl)ccc2n1C(C)C(=O)O,3.0,4,Clearance_Microsome_AZ,967,,VALID,42.230000000000004,1
CHEMBL189475,C[C@@H](C(=O)NS(C)(=O)=O)c1ccc(OS(=O)(=O)C(F)(F)F)cc1,3.0,C[C@@H](C(=O)NS(C)(=O)=O)c1ccc(OS(=O)(=O)C(F)(F)F)cc1,1.0943000000000003,0,0.36363636363636365,1,6,1,"{""number"": ""3.0"", ""relation"": ""="", ""status"": ""VALID""}",375.346,data/raw/tdc/clearance_microsome_az.tab,CHEMBL189475,C[C@@H](C(=O)NS(C)(=O)=O)c1ccc(OS(=O)(=O)C(F)(F)F)cc1,3.0,5,Clearance_Microsome_AZ,968,,VALID,106.60999999999999,0
CHEMBL2094588,O=C(CN1C2=NCCN2c2ccccc21)c1ccc(Cl)cc1,4.0,O=C(CN1C2=NCCN2c2ccccc21)c1ccc(Cl)cc1,3.2189000000000014,0,0.17647058823529413,1,4,0,"{""number"": ""4.0"", ""relation"": ""="", ""status"": ""VALID""}",311.77200000000005,data/raw/tdc/clearance_microsome_az.tab,CHEMBL2094588,O=C(CN1C2=NCCN2c2ccccc21)c1ccc(Cl)cc1,4.0,3,Clearance_Microsome_AZ,969,,VALID,35.910000000000004,0
CHEMBL379828,COc1ccc2c(c1)c(-c1ccnc3cc(Cl)ccc13)c(C)n2CC(=O)O,4.0,COc1ccc2c(c1)c(-c1ccnc3cc(Cl)ccc13)c(C)n2CC(=O)O,4.911520000000003,0,0.14285714285714285,1,4,1,"{""number"": ""4.0"", ""relation"": ""="", ""status"": ""VALID""}",380.8310000000002,data/raw/tdc/clearance_microsome_az.tab,CHEMBL379828,COc1ccc2c(c1)c(-c1ccnc3cc(Cl)ccc13)c(C)n2CC(=O)O,4.0,4,Clearance_Microsome_AZ,970,,VALID,64.35000000000001,0
CHEMBL1917428,Cc1c(Sc2ccc(Cl)cc2)c2c(C#N)c(Cl)ccc2n1CC(=O)O,4.0,Cc1c(Sc2ccc(Cl)cc2)c2c(C#N)c(Cl)ccc2n1CC(=O)O,5.364000000000003,0,0.1111111111111111,1,4,1,"{""number"": ""4.0"", ""relation"": ""="", ""status"": ""VALID""}",391.2790000000001,data/raw/tdc/clearance_microsome_az.tab,CHEMBL1917428,Cc1c(Sc2ccc(Cl)cc2)c2c(C#N)c(Cl)ccc2n1CC(=O)O,4.0,4,Clearance_Microsome_AZ,971,,VALID,66.02,0
CHEMBL1934268,CCn1nc(C)c(C(=O)N[C@@H](C)C(C)(C)C)c1NS(=O)(=O)c1ccc(C)cc1,4.2,CCn1nc(C)c(C(=O)N[C@@H](C)C(C)(C)C)c1NS(=O)(=O)c1ccc(C)cc1,3.4850400000000024,0,0.5,1,5,2,"{""number"": ""4.2"", ""relation"": ""="", ""status"": ""VALID""}",406.55200000000013,data/raw/tdc/clearance_microsome_az.tab,CHEMBL1934268,CCn1nc(C)c(C(=O)N[C@@H](C)C(C)(C)C)c1NS(=O)(=O)c1ccc(C)cc1,4.2,6,Clearance_Microsome_AZ,972,,VALID,93.09,0
CHEMBL2208430,O=C(NC[C@@H](O)CN1CCC(Oc2ccc(Cl)c(Cl)c2)CC1)c1c[nH]c2ccccc12,3.0,O=C(NC[C@@H](O)CN1CCC(Oc2ccc(Cl)c(Cl)c2)CC1)c1c[nH]c2ccccc12,4.108800000000002,0,0.34782608695652173,1,4,3,"{""number"": ""3.0"", ""relation"": ""="", ""status"": ""VALID""}",462.37700000000024,data/raw/tdc/clearance_microsome_az.tab,CHEMBL2208430,O=C(NC[C@@H](O)CN1CCC(Oc2ccc(Cl)c(Cl)c2)CC1)c1c[nH]c2ccccc12,3.0,7,Clearance_Microsome_AZ,973,,VALID,77.59,0
CHEMBL2208434,O=C(NC[C@@H](O)CN1CCC(Oc2ccc(Cl)c(Cl)c2)CC1)c1cc(=O)[nH]c2ccccc12,3.0,O=C(NC[C@@H](O)CN1CCC(Oc2ccc(Cl)c(Cl)c2)CC1)c1cc(=O)[nH]c2ccccc12,3.469000000000001,0,0.3333333333333333,1,5,3,"{""number"": ""3.0"", ""relation"": ""="", ""status"": ""VALID""}",490.3870000000003,data/raw/tdc/clearance_microsome_az.tab,CHEMBL2208434,O=C(NC[C@@H](O)CN1CCC(Oc2ccc(Cl)c(Cl)c2)CC1)c1cc(=O)[nH]c2ccccc12,3.0,7,Clearance_Microsome_AZ,974,,VALID,94.66,0
CHEMBL2058529,O=C(O)CCc1ccc(OCc2cc(Cl)ccc2-c2ccccc2)cc1,3.0,O=C(O)CCc1ccc(OCc2cc(Cl)ccc2-c2ccccc2)cc1,5.603200000000005,0,0.13636363636363635,1,2,1,"{""number"": ""3.0"", ""relation"": ""="", ""status"": ""VALID""}",366.84400000000005,data/raw/tdc/clearance_microsome_az.tab,CHEMBL2058529,O=C(O)CCc1ccc(OCc2cc(Cl)ccc2-c2ccccc2)cc1,3.0,7,Clearance_Microsome_AZ,975,,VALID,46.53,0
CHEMBL2031466,Cc1ccc(C(=O)NC(C)C)cc1-n1cnc2ccc(N3CCN(C)CC3)cc2c1=O,3.0,Cc1ccc(C(=O)NC(C)C)cc1-n1cnc2ccc(N3CCN(C)CC3)cc2c1=O,2.5841200000000004,0,0.375,1,6,1,"{""number"": ""3.0"", ""relation"": ""="", ""status"": ""VALID""}",419.52900000000034,data/raw/tdc/clearance_microsome_az.tab,CHEMBL2031466,Cc1ccc(C(=O)NC(C)C)cc1-n1cnc2ccc(N3CCN(C)CC3)cc2c1=O,3.0,4,Clearance_Microsome_AZ,976,,VALID,70.47,0
CHEMBL112246,CCOC(=O)N1CCC(Nc2cc(OC)ccn2)CC1,4.0,CCOC(=O)N1CCC(Nc2cc(OC)ccn2)CC1,2.123,0,0.5714285714285714,1,5,1,"{""number"": ""4.0"", ""relation"": ""="", ""status"": ""VALID""}",279.3400000000001,data/raw/tdc/clearance_microsome_az.tab,CHEMBL112246,CCOC(=O)N1CCC(Nc2cc(OC)ccn2)CC1,4.0,4,Clearance_Microsome_AZ,977,,VALID,63.69,0
CHEMBL212731,CCN(C(=O)Cc1ccc(S(C)(=O)=O)cc1)C1CCN(CC[C@H](c2ccc(S(C)(=O)=O)cc2)c2cccc(F)c2)CC1,3.0,CCN(C(=O)Cc1ccc(S(C)(=O)=O)cc1)C1CCN(CC[C@H](c2ccc(S(C)(=O)=O)cc2)c2cccc(F)c2)CC1,4.710300000000005,0,0.40625,1,6,0,"{""number"": ""3.0"", ""relation"": ""="", ""status"": ""VALID""}",614.8050000000003,data/raw/tdc/clearance_microsome_az.tab,CHEMBL212731,CCN(C(=O)Cc1ccc(S(C)(=O)=O)cc1)C1CCN(CC[C@H](c2ccc(S(C)(=O)=O)cc2)c2cccc(F)c2)CC1,3.0,11,Clearance_Microsome_AZ,978,,VALID,91.83000000000001,0
CHEMBL213494,Cc1ccc2c(c1)c(-c1ccnc3c(S(C)(=O)=O)cccc13)c(C)n2CC(=O)O,3.0,Cc1ccc2c(c1)c(-c1ccnc3c(S(C)(=O)=O)cccc13)c(C)n2CC(=O)O,3.9614400000000014,0,0.18181818181818182,1,5,1,"{""number"": ""3.0"", ""relation"": ""="", ""status"": ""VALID""}",408.4790000000002,data/raw/tdc/clearance_microsome_az.tab,CHEMBL213494,Cc1ccc2c(c1)c(-c1ccnc3c(S(C)(=O)=O)cccc13)c(C)n2CC(=O)O,3.0,4,Clearance_Microsome_AZ,979,,VALID,89.26,0
CHEMBL1778641,CCS(=O)(=O)c1ccc(-c2cc(Cl)ccc2OCC(=O)O)cc1,3.0,CCS(=O)(=O)c1ccc(-c2cc(Cl)ccc2OCC(=O)O)cc1,3.264000000000001,0,0.1875,1,4,1,"{""number"": ""3.0"", ""relation"": ""="", ""status"": ""VALID""}",354.8110000000001,data/raw/tdc/clearance_microsome_az.tab,CHEMBL1778641,CCS(=O)(=O)c1ccc(-c2cc(Cl)ccc2OCC(=O)O)cc1,3.0,6,Clearance_Microsome_AZ,980,,VALID,80.67,0
CHEMBL1689109,O=C(O)COc1ccc(Cl)cc1CN1CCN(S(=O)(=O)c2ccccc2)CC1,3.6,O=C(O)COc1ccc(Cl)cc1CN1CCN(S(=O)(=O)c2ccccc2)CC1,2.3099000000000007,0,0.3157894736842105,1,5,1,"{""number"": ""3.6"", ""relation"": ""="", ""status"": ""VALID""}",424.9060000000001,data/raw/tdc/clearance_microsome_az.tab,CHEMBL1689109,O=C(O)COc1ccc(Cl)cc1CN1CCN(S(=O)(=O)c2ccccc2)CC1,3.6,7,Clearance_Microsome_AZ,981,,VALID,87.15,0
CHEMBL1363,COc1ccc(C[C@@H](C)NC[C@H](O)c2ccc(O)c(NC=O)c2)cc1,9.0,COc1ccc(C[C@@H](C)NC[C@H](O)c2ccc(O)c(NC=O)c2)cc1,2.2233,0,0.3157894736842105,1,5,4,"{""number"": ""9.0"", ""relation"": ""="", ""status"": ""VALID""}",344.41100000000006,data/raw/tdc/clearance_microsome_az.tab,CHEMBL1363,COc1ccc(C[C@@H](C)NC[C@H](O)c2ccc(O)c(NC=O)c2)cc1,9.0,9,Clearance_Microsome_AZ,982,,VALID,90.82,0
CHEMBL1198335,COc1cccc(Nc2nc(NCC3CCCO3)c3ccccc3n2)c1,112.2,COc1cccc(Nc2nc(NCC3CCCO3)c3ccccc3n2)c1,3.9729000000000028,0,0.3,1,6,2,"{""number"": ""112.2"", ""relation"": ""="", ""status"": ""VALID""}",350.422,data/raw/tdc/clearance_microsome_az.tab,CHEMBL1198335,COc1cccc(Nc2nc(NCC3CCCO3)c3ccccc3n2)c1,112.2,6,Clearance_Microsome_AZ,983,,VALID,68.3,1
CHEMBL421604,CS(=O)(=O)Nc1ccc(CCOCCCS(=O)(=O)CCNCCc2ccc(O)c3nc(O)sc23)cc1,28.0,CS(=O)(=O)Nc1ccc(CCOCCCS(=O)(=O)CCNCCc2ccc(O)c3nc(O)sc23)cc1,2.2753000000000014,0,0.43478260869565216,1,10,4,"{""number"": ""28.0"", ""relation"": ""="", ""status"": ""VALID""}",557.7160000000002,data/raw/tdc/clearance_microsome_az.tab,CHEMBL421604,CS(=O)(=O)Nc1ccc(CCOCCCS(=O)(=O)CCNCCc2ccc(O)c3nc(O)sc23)cc1,28.0,15,Clearance_Microsome_AZ,984,,VALID,154.92,0
CHEMBL2171026,O=C(c1ccc(-c2nn[nH]n2)cc1)N1CCC(N2CCC(Oc3ccc(Cl)c(Cl)c3)CC2)CC1,28.0,O=C(c1ccc(-c2nn[nH]n2)cc1)N1CCC(N2CCC(Oc3ccc(Cl)c(Cl)c3)CC2)CC1,4.321500000000004,0,0.4166666666666667,1,6,1,"{""number"": ""28.0"", ""relation"": ""="", ""status"": ""VALID""}",501.41800000000035,data/raw/tdc/clearance_microsome_az.tab,CHEMBL2171026,O=C(c1ccc(-c2nn[nH]n2)cc1)N1CCC(N2CCC(Oc3ccc(Cl)c(Cl)c3)CC2)CC1,28.0,5,Clearance_Microsome_AZ,985,,VALID,87.24,0
CHEMBL205526,CC(C)Cn1c(=O)n(C)c(=O)c2c(SCCCO)c(Cc3cccc4ccccc34)sc21,33.0,CC(C)Cn1c(=O)n(C)c(=O)c2c(SCCCO)c(Cc3cccc4ccccc34)sc21,4.636200000000004,0,0.36,1,7,1,"{""number"": ""33.0"", ""relation"": ""="", ""status"": ""VALID""}",468.6440000000001,data/raw/tdc/clearance_microsome_az.tab,CHEMBL205526,CC(C)Cn1c(=O)n(C)c(=O)c2c(SCCCO)c(Cc3cccc4ccccc34)sc21,33.0,8,Clearance_Microsome_AZ,986,,VALID,64.23,0
CHEMBL1770476,CCOc1ccc2oc(C(=O)NC(CCSC)c3nc4cnccc4[nH]3)c(C)c2c1,17.0,CCOc1ccc2oc(C(=O)NC(CCSC)c3nc4cnccc4[nH]3)c(C)c2c1,4.635420000000003,0,0.3181818181818182,1,6,2,"{""number"": ""17.0"", ""relation"": ""="", ""status"": ""VALID""}",424.5260000000001,data/raw/tdc/clearance_microsome_az.tab,CHEMBL1770476,CCOc1ccc2oc(C(=O)NC(CCSC)c3nc4cnccc4[nH]3)c(C)c2c1,17.0,8,Clearance_Microsome_AZ,987,,VALID,93.03999999999999,1
CHEMBL1944690,O=c1[nH]c2c(O)ccc([C@@H](O)CNCCc3cccc(CNCCc4ccccc4Cl)c3)c2s1,19.0,O=c1[nH]c2c(O)ccc([C@@H](O)CNCCc3cccc(CNCCc4ccccc4Cl)c3)c2s1,4.146600000000003,0,0.2692307692307692,1,6,5,"{""number"": ""19.0"", ""relation"": ""="", ""status"": ""VALID""}",498.0480000000002,data/raw/tdc/clearance_microsome_az.tab,CHEMBL1944690,O=c1[nH]c2c(O)ccc([C@@H](O)CNCCc3cccc(CNCCc4ccccc4Cl)c3)c2s1,19.0,11,Clearance_Microsome_AZ,988,,VALID,97.38000000000001,0
CHEMBL1645107,Nc1nc2ccc(-c3ccncc3)cc2s1,20.42,Nc1nc2ccc(-c3ccncc3)cc2s1,2.940500000000001,0,0.0,1,4,1,"{""number"": ""20.42"", ""relation"": ""="", ""status"": ""VALID""}",227.292,data/raw/tdc/clearance_microsome_az.tab,CHEMBL1645107,Nc1nc2ccc(-c3ccncc3)cc2s1,20.42,1,Clearance_Microsome_AZ,989,,VALID,51.8,0
CHEMBL1389370,CCN(CC)CCNc1ncnc2c1sc1nc(N3CCOCC3)c3c(c12)CCCC3,9.55,CCN(CC)CCNc1ncnc2c1sc1nc(N3CCOCC3)c3c(c12)CCCC3,3.7086000000000023,0,0.6086956521739131,1,8,1,"{""number"": ""9.55"", ""relation"": ""="", ""status"": ""VALID""}",440.6170000000005,data/raw/tdc/clearance_microsome_az.tab,CHEMBL1389370,CCN(CC)CCNc1ncnc2c1sc1nc(N3CCOCC3)c3c(c12)CCCC3,9.55,7,Clearance_Microsome_AZ,990,,VALID,66.41,0
CHEMBL171951,CCCS(=O)(=O)N1N=Cc2cc(Cl)ccc2B1O,9.77,CCCS(=O)(=O)N1N=Cc2cc(Cl)ccc2B1O,0.4168000000000001,0,0.3,1,4,1,"{""number"": ""9.77"", ""relation"": ""="", ""status"": ""VALID""}",286.54900000000004,data/raw/tdc/clearance_microsome_az.tab,CHEMBL171951,CCCS(=O)(=O)N1N=Cc2cc(Cl)ccc2B1O,9.77,3,Clearance_Microsome_AZ,991,,VALID,69.97,0
CHEMBL1921923,C[C@@](C(=O)O[C@H]1C[N+]2(CCCc3cncnc3)CCC1CC2)(c1ccccc1)N1CCCCC1,79.0,C[C@@](C(=O)O[C@H]1C[N+]2(CCCc3cncnc3)CCC1CC2)(c1ccccc1)N1CCCCC1,3.9627000000000026,0,0.6071428571428571,1,5,0,"{""number"": ""79.0"", ""relation"": ""="", ""status"": ""VALID""}",463.6460000000004,data/raw/tdc/clearance_microsome_az.tab,CHEMBL1921923,C[C@@](C(=O)O[C@H]1C[N+]2(CCCc3cncnc3)CCC1CC2)(c1ccccc1)N1CCCCC1,79.0,8,Clearance_Microsome_AZ,992,,VALID,55.32,2
CHEMBL393384,O=C(NCC12CC3CC(CC(C3)C1)C2)c1cc(OC2CCNCC2)ccc1Cl,28.0,O=C(NCC12CC3CC(CC(C3)C1)C2)c1cc(OC2CCNCC2)ccc1Cl,4.417000000000003,0,0.6956521739130435,1,3,2,"{""number"": ""28.0"", ""relation"": ""="", ""status"": ""VALID""}",402.9660000000001,data/raw/tdc/clearance_microsome_az.tab,CHEMBL393384,O=C(NCC12CC3CC(CC(C3)C1)C2)c1cc(OC2CCNCC2)ccc1Cl,28.0,5,Clearance_Microsome_AZ,993,,VALID,50.36,4
CHEMBL191553,CC(=O)Nc1ccc(CNc2[nH]nc3ccnc(Oc4ccccc4)c23)cc1,12.0,CC(=O)Nc1ccc(CNc2[nH]nc3ccnc(Oc4ccccc4)c23)cc1,4.320700000000002,0,0.09523809523809523,1,5,3,"{""number"": ""12.0"", ""relation"": ""="", ""status"": ""VALID""}",373.4160000000001,data/raw/tdc/clearance_microsome_az.tab,CHEMBL191553,CC(=O)Nc1ccc(CNc2[nH]nc3ccnc(Oc4ccccc4)c23)cc1,12.0,6,Clearance_Microsome_AZ,994,,VALID,91.93,0
CHEMBL2326624,COc1cccc2c1c(NS(=O)(=O)c1ccc(Cl)s1)nn2Cc1cccc(CNC(=O)[C@@H]2COCCN2)c1,40.5,COc1cccc2c1c(NS(=O)(=O)c1ccc(Cl)s1)nn2Cc1cccc(CNC(=O)[C@@H]2COCCN2)c1,3.2135000000000016,0,0.28,1,9,3,"{""number"": ""40.5"", ""relation"": ""="", ""status"": ""VALID""}",576.1,data/raw/tdc/clearance_microsome_az.tab,CHEMBL2326624,COc1cccc2c1c(NS(=O)(=O)c1ccc(Cl)s1)nn2Cc1cccc(CNC(=O)[C@@H]2COCCN2)c1,40.5,9,Clearance_Microsome_AZ,995,,VALID,123.58,0
CHEMBL1770298,Cc1ccc(C(NC(=O)c2ccccc2O)C(=O)Nc2c(C)cccc2C)s1,43.0,Cc1ccc(C(NC(=O)c2ccccc2O)C(=O)Nc2c(C)cccc2C)s1,4.488760000000004,0,0.18181818181818182,1,4,3,"{""number"": ""43.0"", ""relation"": ""="", ""status"": ""VALID""}",394.49600000000015,data/raw/tdc/clearance_microsome_az.tab,CHEMBL1770298,Cc1ccc(C(NC(=O)c2ccccc2O)C(=O)Nc2c(C)cccc2C)s1,43.0,5,Clearance_Microsome_AZ,996,,VALID,78.43,1
CHEMBL408,Cc1c(C)c2c(c(C)c1O)CCC(C)(COc1ccc(CC3SC(=O)NC3=O)cc1)O2,48.98,Cc1c(C)c2c(c(C)c1O)CCC(C)(COc1ccc(CC3SC(=O)NC3=O)cc1)O2,4.374260000000002,0,0.4166666666666667,1,6,2,"{""number"": ""48.98"", ""relation"": ""="", ""status"": ""VALID""}",441.54900000000015,data/raw/tdc/clearance_microsome_az.tab,CHEMBL408,Cc1c(C)c2c(c(C)c1O)CCC(C)(COc1ccc(CC3SC(=O)NC3=O)cc1)O2,48.98,5,Clearance_Microsome_AZ,997,,VALID,84.86,2
CHEMBL2152252,CNC(=O)c1nc(-c2ccc(Cl)c(S(=O)(=O)Nc3cccc(F)c3F)c2)cnc1N,51.29,CNC(=O)c1nc(-c2ccc(Cl)c(S(=O)(=O)Nc3cccc(F)c3F)c2)cnc1N,2.8178,0,0.05555555555555555,1,6,3,"{""number"": ""51.29"", ""relation"": ""="", ""status"": ""VALID""}",453.8580000000001,data/raw/tdc/clearance_microsome_az.tab,CHEMBL2152252,CNC(=O)c1nc(-c2ccc(Cl)c(S(=O)(=O)Nc3cccc(F)c3F)c2)cnc1N,51.29,5,Clearance_Microsome_AZ,998,,VALID,127.07,0
CHEMBL552512,O=C(CC1CCCCCC1)Nc1cccc2c(=O)n([C@H]3CCNC3)ccc12,3.0,O=C(CC1CCCCCC1)Nc1cccc2c(=O)n([C@H]3CCNC3)ccc12,3.834900000000003,0,0.5454545454545454,1,4,2,"{""number"": ""3.0"", ""relation"": ""="", ""status"": ""VALID""}",367.49300000000017,data/raw/tdc/clearance_microsome_az.tab,CHEMBL552512,O=C(CC1CCCCCC1)Nc1cccc2c(=O)n([C@H]3CCNC3)ccc12,3.0,4,Clearance_Microsome_AZ,999,,VALID,63.13,0
CHEMBL2171047,Cc1ccc(S(=O)(=O)NC(=O)N2CCC(N3CCC(Oc4ccc(Cl)c(C)c4Cl)CC3)CC2)cc1,3.0,Cc1ccc(S(=O)(=O)NC(=O)N2CCC(N3CCC(Oc4ccc(Cl)c(C)c4Cl)CC3)CC2)cc1,5.016340000000005,0,0.48,1,5,1,"{""number"": ""3.0"", ""relation"": ""="", ""status"": ""VALID""}",540.5130000000003,data/raw/tdc/clearance_microsome_az.tab,CHEMBL2171047,Cc1ccc(S(=O)(=O)NC(=O)N2CCC(N3CCC(Oc4ccc(Cl)c(C)c4Cl)CC3)CC2)cc1,3.0,5,Clearance_Microsome_AZ,1000,,VALID,78.95,0
CHEMBL2036958,CC1(CCCc2cc(=O)oc3[nH]c(=O)[nH]c(=O)c23)CC1,3.0,CC1(CCCc2cc(=O)oc3[nH]c(=O)[nH]c(=O)c23)CC1,1.2924,0,0.5,1,4,2,"{""number"": ""3.0"", ""relation"": ""="", ""status"": ""VALID""}",276.2920000000001,data/raw/tdc/clearance_microsome_az.tab,CHEMBL2036958,CC1(CCCc2cc(=O)oc3[nH]c(=O)[nH]c(=O)c23)CC1,3.0,4,Clearance_Microsome_AZ,1001,,VALID,95.93,0
CHEMBL1017,CCCc1nc2c(C)cc(-c3nc4ccccc4n3C)cc2n1Cc1ccc(-c2ccccc2C(=O)O)cc1,3.0,CCCc1nc2c(C)cc(-c3nc4ccccc4n3C)cc2n1Cc1ccc(-c2ccccc2C(=O)O)cc1,7.2644200000000065,0,0.18181818181818182,1,5,1,"{""number"": ""3.0"", ""relation"": ""="", ""status"": ""VALID""}",514.6290000000004,data/raw/tdc/clearance_microsome_az.tab,CHEMBL1017,CCCc1nc2c(C)cc(-c3nc4ccccc4n3C)cc2n1Cc1ccc(-c2ccccc2C(=O)O)cc1,3.0,7,Clearance_Microsome_AZ,1002,,VALID,72.94,0
CHEMBL452529,CN(C)CCCOc1ccc(-c2cc(C(N)=O)c(NC(N)=O)s2)cc1,6.0,CN(C)CCCOc1ccc(-c2cc(C(N)=O)c(NC(N)=O)s2)cc1,2.3351000000000006,0,0.29411764705882354,1,5,3,"{""number"": ""6.0"", ""relation"": ""="", ""status"": ""VALID""}",362.45500000000004,data/raw/tdc/clearance_microsome_az.tab,CHEMBL452529,CN(C)CCCOc1ccc(-c2cc(C(N)=O)c(NC(N)=O)s2)cc1,6.0,8,Clearance_Microsome_AZ,1003,,VALID,110.68,0
CHEMBL469727,COCc1ccoc1C(=O)N(c1ccc(OC)cc1OC)C(C(=O)NC[C@@H](C)O)c1ccccc1F,76.0,COCc1ccoc1C(=O)N(c1ccc(OC)cc1OC)C(C(=O)NC[C@@H](C)O)c1ccccc1F,3.4674000000000023,0,0.3076923076923077,1,7,2,"{""number"": ""76.0"", ""relation"": ""="", ""status"": ""VALID""}",500.5230000000002,data/raw/tdc/clearance_microsome_az.tab,CHEMBL469727,COCc1ccoc1C(=O)N(c1ccc(OC)cc1OC)C(C(=O)NC[C@@H](C)O)c1ccccc1F,76.0,11,Clearance_Microsome_AZ,1004,,VALID,110.47000000000001,1
CHEMBL583042,Cc1cnc(Nc2ccc(F)cc2Cl)nc1-c1c[nH]c(C(=O)N[C@H](CO)c2cccc(Cl)c2)c1,25.12,Cc1cnc(Nc2ccc(F)cc2Cl)nc1-c1c[nH]c(C(=O)N[C@H](CO)c2cccc(Cl)c2)c1,5.4330200000000035,0,0.125,1,5,4,"{""number"": ""25.12"", ""relation"": ""="", ""status"": ""VALID""}",500.3610000000001,data/raw/tdc/clearance_microsome_az.tab,CHEMBL583042,Cc1cnc(Nc2ccc(F)cc2Cl)nc1-c1c[nH]c(C(=O)N[C@H](CO)c2cccc(Cl)c2)c1,25.12,7,Clearance_Microsome_AZ,1005,,VALID,102.93,0
CHEMBL555033,O=C(CC1CCCCC1)Nc1c(Cl)ccc2nc(NCCCO)ccc12,25.0,O=C(CC1CCCCC1)Nc1c(Cl)ccc2nc(NCCCO)ccc12,4.591400000000004,0,0.5,1,4,3,"{""number"": ""25.0"", ""relation"": ""="", ""status"": ""VALID""}",375.9000000000002,data/raw/tdc/clearance_microsome_az.tab,CHEMBL555033,O=C(CC1CCCCC1)Nc1c(Cl)ccc2nc(NCCCO)ccc12,25.0,7,Clearance_Microsome_AZ,1006,,VALID,74.25,0
CHEMBL492112,O=C(CC12CC3CC(CC(C3)C1)C2)Nc1ccc2[nH]ncc2c1,21.0,O=C(CC12CC3CC(CC(C3)C1)C2)Nc1ccc2[nH]ncc2c1,4.1079000000000025,0,0.5789473684210527,1,2,2,"{""number"": ""21.0"", ""relation"": ""="", ""status"": ""VALID""}",309.413,data/raw/tdc/clearance_microsome_az.tab,CHEMBL492112,O=C(CC12CC3CC(CC(C3)C1)C2)Nc1ccc2[nH]ncc2c1,21.0,3,Clearance_Microsome_AZ,1007,,VALID,57.78,4
CHEMBL1077827,CCOc1ccc(-n2c([C@@H](C)N(CC3CCN(C)CC3)C(=O)Cc3ccc(F)c(C(F)(F)F)c3)nc3ncccc3c2=O)cc1,21.38,CCOc1ccc(-n2c([C@@H](C)N(CC3CCN(C)CC3)C(=O)Cc3ccc(F)c(C(F)(F)F)c3)nc3ncccc3c2=O)cc1,5.811400000000005,0,0.3939393939393939,1,7,0,"{""number"": ""21.38"", ""relation"": ""="", ""status"": ""VALID""}",625.6670000000001,data/raw/tdc/clearance_microsome_az.tab,CHEMBL1077827,CCOc1ccc(-n2c([C@@H](C)N(CC3CCN(C)CC3)C(=O)Cc3ccc(F)c(C(F)(F)F)c3)nc3ncccc3c2=O)cc1,21.38,9,Clearance_Microsome_AZ,1008,,VALID,80.56,0
CHEMBL1951906,CCN(C(=O)Cc1ccc(S(C)(=O)=O)cc1)C1CCN(CC[C@@H](c2ccccc2)C2CCN(S(C)(=O)=O)CC2)CC1,30.5,CCN(C(=O)Cc1ccc(S(C)(=O)=O)cc1)C1CCN(CC[C@@H](c2ccccc2)C2CCN(S(C)(=O)=O)CC2)CC1,3.791000000000003,0,0.5806451612903226,1,6,0,"{""number"": ""30.5"", ""relation"": ""="", ""status"": ""VALID""}",603.8510000000001,data/raw/tdc/clearance_microsome_az.tab,CHEMBL1951906,CCN(C(=O)Cc1ccc(S(C)(=O)=O)cc1)C1CCN(CC[C@@H](c2ccccc2)C2CCN(S(C)(=O)=O)CC2)CC1,30.5,11,Clearance_Microsome_AZ,1009,,VALID,95.07,0
CHEMBL208487,CC(C)Cn1c(=O)n(C)c(=O)c2c(C(=O)N3CC[C@@H](O)C3)c(Cc3ccccc3C(F)(F)F)sc21,27.0,CC(C)Cn1c(=O)n(C)c(=O)c2c(C(=O)N3CC[C@@H](O)C3)c(Cc3ccccc3C(F)(F)F)sc21,3.2341000000000024,0,0.4583333333333333,1,7,1,"{""number"": ""27.0"", ""relation"": ""="", ""status"": ""VALID""}",509.5500000000001,data/raw/tdc/clearance_microsome_az.tab,CHEMBL208487,CC(C)Cn1c(=O)n(C)c(=O)c2c(C(=O)N3CC[C@@H](O)C3)c(Cc3ccccc3C(F)(F)F)sc21,27.0,5,Clearance_Microsome_AZ,1010,,VALID,84.54,0
CHEMBL457,Cc1ccc(C)c(OCCCC(C)(C)C(=O)O)c1,29.51,Cc1ccc(C)c(OCCCC(C)(C)C(=O)O)c1,3.573240000000002,0,0.5333333333333333,1,2,1,"{""number"": ""29.51"", ""relation"": ""="", ""status"": ""VALID""}",250.33799999999997,data/raw/tdc/clearance_microsome_az.tab,CHEMBL457,Cc1ccc(C)c(OCCCC(C)(C)C(=O)O)c1,29.51,6,Clearance_Microsome_AZ,1011,,VALID,46.53,0
CHEMBL1371,O=c1[nH]c2cc(Cl)ccc2o1,30.13,O=c1[nH]c2cc(Cl)ccc2o1,1.7745,0,0.0,1,2,1,"{""number"": ""30.13"", ""relation"": ""="", ""status"": ""VALID""}",169.56699999999998,data/raw/tdc/clearance_microsome_az.tab,CHEMBL1371,O=c1[nH]c2cc(Cl)ccc2o1,30.13,0,Clearance_Microsome_AZ,1012,,VALID,46.0,0
CHEMBL2158822,O=C(O)c1ccccc1N1CCC(CN2CCC(Oc3ccc(Cl)c(Cl)c3)CC2)CC1,8.0,O=C(O)c1ccccc1N1CCC(CN2CCC(Oc3ccc(Cl)c(Cl)c3)CC2)CC1,5.451400000000006,0,0.4583333333333333,1,4,1,"{""number"": ""8.0"", ""relation"": ""="", ""status"": ""VALID""}",463.4050000000002,data/raw/tdc/clearance_microsome_az.tab,CHEMBL2158822,O=C(O)c1ccccc1N1CCC(CN2CCC(Oc3ccc(Cl)c(Cl)c3)CC2)CC1,8.0,6,Clearance_Microsome_AZ,1013,,VALID,53.010000000000005,0
CHEMBL2171035,O=C(NS(=O)(=O)c1ccc(Cl)cc1)N1CCC(N2CCC(Oc3ccc(Cl)c(Cl)c3)CC2)CC1,5.0,O=C(NS(=O)(=O)c1ccc(Cl)cc1)N1CCC(N2CCC(Oc3ccc(Cl)c(Cl)c3)CC2)CC1,5.0529000000000055,0,0.43478260869565216,1,5,1,"{""number"": ""5.0"", ""relation"": ""="", ""status"": ""VALID""}",546.9040000000001,data/raw/tdc/clearance_microsome_az.tab,CHEMBL2171035,O=C(NS(=O)(=O)c1ccc(Cl)cc1)N1CCC(N2CCC(Oc3ccc(Cl)c(Cl)c3)CC2)CC1,5.0,5,Clearance_Microsome_AZ,1014,,VALID,78.95,0
CHEMBL206200,COCCNc1nc(N)c2nc(O)n(Cc3ccccc3)c2n1,5.5,COCCNc1nc(N)c2nc(O)n(Cc3ccccc3)c2n1,1.2206999999999995,0,0.26666666666666666,1,8,3,"{""number"": ""5.5"", ""relation"": ""="", ""status"": ""VALID""}",314.34900000000005,data/raw/tdc/clearance_microsome_az.tab,CHEMBL206200,COCCNc1nc(N)c2nc(O)n(Cc3ccccc3)c2n1,5.5,6,Clearance_Microsome_AZ,1015,,VALID,111.11,0
CHEMBL1916271,CCN(C(=O)c1cnn(-c2ccccc2)c1NS(=O)(=O)c1ccc(-c2cnco2)cc1)C1CCCCC1,137.0,CCN(C(=O)c1cnn(-c2ccccc2)c1NS(=O)(=O)c1ccc(-c2cnco2)cc1)C1CCCCC1,5.122900000000005,0,0.2962962962962963,1,7,1,"{""number"": ""137.0"", ""relation"": ""="", ""status"": ""VALID""}",519.6270000000003,data/raw/tdc/clearance_microsome_az.tab,CHEMBL1916271,CCN(C(=O)c1cnn(-c2ccccc2)c1NS(=O)(=O)c1ccc(-c2cnco2)cc1)C1CCCCC1,137.0,8,Clearance_Microsome_AZ,1016,,VALID,110.33000000000001,0
CHEMBL57531,Nc1ncc2cc(-c3c(Br)cccc3Br)c(N)nc2n1,21.88,Nc1ncc2cc(-c3c(Br)cccc3Br)c(N)nc2n1,3.3811999999999998,0,0.0,1,5,2,"{""number"": ""21.88"", ""relation"": ""="", ""status"": ""VALID""}",395.0580000000001,data/raw/tdc/clearance_microsome_az.tab,CHEMBL57531,Nc1ncc2cc(-c3c(Br)cccc3Br)c(N)nc2n1,21.88,1,Clearance_Microsome_AZ,1017,,VALID,90.71,0
CHEMBL1346,NC(=O)C(c1ccccc1)(c1ccccc1)[C@@H]1CCN(CCc2ccc3c(c2)CCO3)C1,9.5,NC(=O)C(c1ccccc1)(c1ccccc1)[C@@H]1CCN(CCc2ccc3c(c2)CCO3)C1,3.957500000000003,0,0.32142857142857145,1,3,1,"{""number"": ""9.5"", ""relation"": ""="", ""status"": ""VALID""}",426.5600000000003,data/raw/tdc/clearance_microsome_az.tab,CHEMBL1346,NC(=O)C(c1ccccc1)(c1ccccc1)[C@@H]1CCN(CCc2ccc3c(c2)CCO3)C1,9.5,7,Clearance_Microsome_AZ,1018,,VALID,55.56,0
CHEMBL1770475,CSCCC(NC(=O)c1ccccc1)c1nc2ccccc2n1Cc1ccc(C#N)cc1,150.0,CSCCC(NC(=O)c1ccccc1)c1nc2ccccc2n1Cc1ccc(C#N)cc1,5.180480000000005,0,0.19230769230769232,1,5,1,"{""number"": ""150.0"", ""relation"": ""="", ""status"": ""VALID""}",440.5720000000002,data/raw/tdc/clearance_microsome_az.tab,CHEMBL1770475,CSCCC(NC(=O)c1ccccc1)c1nc2ccccc2n1Cc1ccc(C#N)cc1,150.0,8,Clearance_Microsome_AZ,1019,,VALID,70.71000000000001,1
CHEMBL471412,COc1ccc(N(C(=O)c2ccccc2)C(C(=O)NC2CCCC2)c2ccccc2F)c(OC)c1,150.0,COc1ccc(N(C(=O)c2ccccc2)C(C(=O)NC2CCCC2)c2ccccc2F)c(OC)c1,5.289800000000005,0,0.2857142857142857,1,4,1,"{""number"": ""150.0"", ""relation"": ""="", ""status"": ""VALID""}",476.54800000000034,data/raw/tdc/clearance_microsome_az.tab,CHEMBL471412,COc1ccc(N(C(=O)c2ccccc2)C(C(=O)NC2CCCC2)c2ccccc2F)c(OC)c1,150.0,8,Clearance_Microsome_AZ,1020,,VALID,67.87,1
CHEMBL336619,O=C(NCC12CC3CC(CC(C3)C1)C2)c1ccccc1Cl,69.0,O=C(NCC12CC3CC(CC(C3)C1)C2)c1ccccc1Cl,4.286200000000004,0,0.6111111111111112,1,1,1,"{""number"": ""69.0"", ""relation"": ""="", ""status"": ""VALID""}",303.83299999999997,data/raw/tdc/clearance_microsome_az.tab,CHEMBL336619,O=C(NCC12CC3CC(CC(C3)C1)C2)c1ccccc1Cl,69.0,3,Clearance_Microsome_AZ,1021,,VALID,29.1,4
CHEMBL134074,Cc1ccc2c(c1)C1(CCN(CCc3nc(-c4ccccc4)oc3C)CC1)OC(=O)N2,79.43,Cc1ccc2c(c1)C1(CCN(CCc3nc(-c4ccccc4)oc3C)CC1)OC(=O)N2,5.054340000000004,0,0.36,1,5,1,"{""number"": ""79.43"", ""relation"": ""="", ""status"": ""VALID""}",417.5090000000002,data/raw/tdc/clearance_microsome_az.tab,CHEMBL134074,Cc1ccc2c(c1)C1(CCN(CCc3nc(-c4ccccc4)oc3C)CC1)OC(=O)N2,79.43,4,Clearance_Microsome_AZ,1022,,VALID,67.6,0
CHEMBL1164033,CN(C)CCOc1cc(NS(=O)(=O)c2c(Cl)cc(C(F)(F)F)cc2Cl)ccc1Cl,14.13,CN(C)CCOc1cc(NS(=O)(=O)c2c(Cl)cc(C(F)(F)F)cc2Cl)ccc1Cl,5.406800000000003,0,0.29411764705882354,1,4,1,"{""number"": ""14.13"", ""relation"": ""="", ""status"": ""VALID""}",491.7460000000001,data/raw/tdc/clearance_microsome_az.tab,CHEMBL1164033,CN(C)CCOc1cc(NS(=O)(=O)c2c(Cl)cc(C(F)(F)F)cc2Cl)ccc1Cl,14.13,7,Clearance_Microsome_AZ,1023,,VALID,58.64,0
CHEMBL570015,COc1cccc(Nc2c(C(N)=O)cnc3c(C)cc(S(=O)(=O)c4cccc(C(=O)N(C)C)c4)cc23)c1,150.0,COc1cccc(Nc2c(C(N)=O)cnc3c(C)cc(S(=O)(=O)c4cccc(C(=O)N(C)C)c4)cc23)c1,3.9289200000000033,0,0.14814814814814814,1,7,2,"{""number"": ""150.0"", ""relation"": ""="", ""status"": ""VALID""}",518.5950000000003,data/raw/tdc/clearance_microsome_az.tab,CHEMBL570015,COc1cccc(Nc2c(C(N)=O)cnc3c(C)cc(S(=O)(=O)c4cccc(C(=O)N(C)C)c4)cc23)c1,150.0,7,Clearance_Microsome_AZ,1024,,VALID,131.69,0
CHEMBL2151321,CC(C)Oc1cc(-n2cnc3ccc(N[C@@H](C)c4ccc(F)cn4)nc32)n[nH]1,150.0,CC(C)Oc1cc(-n2cnc3ccc(N[C@@H](C)c4ccc(F)cn4)nc32)n[nH]1,3.638000000000001,0,0.2631578947368421,1,7,2,"{""number"": ""150.0"", ""relation"": ""="", ""status"": ""VALID""}",381.415,data/raw/tdc/clearance_microsome_az.tab,CHEMBL2151321,CC(C)Oc1cc(-n2cnc3ccc(N[C@@H](C)c4ccc(F)cn4)nc32)n[nH]1,150.0,6,Clearance_Microsome_AZ,1025,,VALID,93.53999999999999,0
CHEMBL2348651,CNc1nc(C)c(-c2nc(Nc3cccc(N4CCCN(C(C)=O)CC4)c3)ncc2C#N)s1,150.0,CNc1nc(C)c(-c2nc(Nc3cccc(N4CCCN(C(C)=O)CC4)c3)ncc2C#N)s1,3.624100000000002,0,0.34782608695652173,1,9,2,"{""number"": ""150.0"", ""relation"": ""="", ""status"": ""VALID""}",462.58300000000025,data/raw/tdc/clearance_microsome_az.tab,CHEMBL2348651,CNc1nc(C)c(-c2nc(Nc3cccc(N4CCCN(C(C)=O)CC4)c3)ncc2C#N)s1,150.0,5,Clearance_Microsome_AZ,1026,,VALID,110.07000000000002,0
CHEMBL2139925,CCc1nc2ccc(C(=O)NCc3ccc4c(c3)OCO4)cn2c1N(C)Cc1cccs1,150.0,CCc1nc2ccc(C(=O)NCc3ccc4c(c3)OCO4)cn2c1N(C)Cc1cccs1,4.253300000000003,0,0.25,1,7,1,"{""number"": ""150.0"", ""relation"": ""="", ""status"": ""VALID""}",448.5480000000002,data/raw/tdc/clearance_microsome_az.tab,CHEMBL2139925,CCc1nc2ccc(C(=O)NCc3ccc4c(c3)OCO4)cn2c1N(C)Cc1cccs1,150.0,7,Clearance_Microsome_AZ,1027,,VALID,68.1,0
CHEMBL1951916,CCN(C(=O)Cc1ccc(S(C)(=O)=O)cc1)C1CCN(CC[C@@H](c2cc(C)cc(C)c2)C2CCN(S(C)(=O)=O)CC2)CC1,150.0,CCN(C(=O)Cc1ccc(S(C)(=O)=O)cc1)C1CCN(CC[C@@H](c2cc(C)cc(C)c2)C2CCN(S(C)(=O)=O)CC2)CC1,4.407840000000004,0,0.6060606060606061,1,6,0,"{""number"": ""150.0"", ""relation"": ""="", ""status"": ""VALID""}",631.9050000000001,data/raw/tdc/clearance_microsome_az.tab,CHEMBL1951916,CCN(C(=O)Cc1ccc(S(C)(=O)=O)cc1)C1CCN(CC[C@@H](c2cc(C)cc(C)c2)C2CCN(S(C)(=O)=O)CC2)CC1,150.0,11,Clearance_Microsome_AZ,1028,,VALID,95.07,0
CHEMBL1575409,COc1ccc(CNC(=O)CSc2nc3cccnc3s2)cc1,150.0,COc1ccc(CNC(=O)CSc2nc3cccnc3s2)cc1,3.1084000000000005,0,0.1875,1,6,1,"{""number"": ""150.0"", ""relation"": ""="", ""status"": ""VALID""}",345.449,data/raw/tdc/clearance_microsome_az.tab,CHEMBL1575409,COc1ccc(CNC(=O)CSc2nc3cccnc3s2)cc1,150.0,6,Clearance_Microsome_AZ,1029,,VALID,64.11,0
CHEMBL2171277,Cc1ccc(NC(=O)[C@H]2CCCN2S(=O)(=O)c2cccc3cccnc23)c(C)c1,150.0,Cc1ccc(NC(=O)[C@H]2CCCN2S(=O)(=O)c2cccc3cccnc23)c(C)c1,3.6434400000000027,0,0.2727272727272727,1,4,1,"{""number"": ""150.0"", ""relation"": ""="", ""status"": ""VALID""}",409.5110000000001,data/raw/tdc/clearance_microsome_az.tab,CHEMBL2171277,Cc1ccc(NC(=O)[C@H]2CCCN2S(=O)(=O)c2cccc3cccnc23)c(C)c1,150.0,4,Clearance_Microsome_AZ,1030,,VALID,79.37,0
CHEMBL1241590,CS(=O)(=O)c1ccc([C@@H](O)[C@@H](CF)NC(=O)C(Cl)Cl)cc1,8.71,CS(=O)(=O)c1ccc([C@@H](O)[C@@H](CF)NC(=O)C(Cl)Cl)cc1,1.3815,0,0.4166666666666667,1,4,2,"{""number"": ""8.71"", ""relation"": ""="", ""status"": ""VALID""}",358.21799999999996,data/raw/tdc/clearance_microsome_az.tab,CHEMBL1241590,CS(=O)(=O)c1ccc([C@@H](O)[C@@H](CF)NC(=O)C(Cl)Cl)cc1,8.71,6,Clearance_Microsome_AZ,1031,,VALID,83.47,0
CHEMBL426658,Clc1cccc(-c2cnc3ccc(NC4CCOCC4)nn23)c1,9.12,Clc1cccc(-c2cnc3ccc(NC4CCOCC4)nn23)c1,3.640600000000002,0,0.29411764705882354,1,5,1,"{""number"": ""9.12"", ""relation"": ""="", ""status"": ""VALID""}",328.80300000000005,data/raw/tdc/clearance_microsome_az.tab,CHEMBL426658,Clc1cccc(-c2cnc3ccc(NC4CCOCC4)nn23)c1,9.12,3,Clearance_Microsome_AZ,1032,,VALID,51.45,0
CHEMBL1486517,O=C(C1CCN(c2nnc(-n3cccc3)s2)CC1)N1CCN(Cc2ccc3c(c2)OCO3)CC1,150.0,O=C(C1CCN(c2nnc(-n3cccc3)s2)CC1)N1CCN(Cc2ccc3c(c2)OCO3)CC1,2.6183000000000005,0,0.4583333333333333,1,9,0,"{""number"": ""150.0"", ""relation"": ""="", ""status"": ""VALID""}",480.5940000000005,data/raw/tdc/clearance_microsome_az.tab,CHEMBL1486517,O=C(C1CCN(c2nnc(-n3cccc3)s2)CC1)N1CCN(Cc2ccc3c(c2)OCO3)CC1,150.0,5,Clearance_Microsome_AZ,1033,,VALID,75.96000000000001,0
CHEMBL1873475,C=CC(=O)N1CCC[C@@H](n2nc(-c3ccc(Oc4ccccc4)cc3)c3c(N)ncnc32)C1,150.0,C=CC(=O)N1CCC[C@@H](n2nc(-c3ccc(Oc4ccccc4)cc3)c3c(N)ncnc32)C1,4.2173000000000025,0,0.2,1,7,1,"{""number"": ""150.0"", ""relation"": ""="", ""status"": ""VALID""}",440.5070000000002,data/raw/tdc/clearance_microsome_az.tab,CHEMBL1873475,C=CC(=O)N1CCC[C@@H](n2nc(-c3ccc(Oc4ccccc4)cc3)c3c(N)ncnc32)C1,150.0,5,Clearance_Microsome_AZ,1034,,VALID,99.16,0
CHEMBL2207284,CNS(=O)(=O)c1ccc2c(C(=O)NC[C@@H](O)CN3CCC(Oc4ccc(Cl)c(Cl)c4)CC3)c[nH]c(=O)c2c1,14.0,CNS(=O)(=O)c1ccc2c(C(=O)NC[C@@H](O)CN3CCC(Oc4ccc(Cl)c(Cl)c4)CC3)c[nH]c(=O)c2c1,2.3770999999999995,0,0.36,1,7,4,"{""number"": ""14.0"", ""relation"": ""="", ""status"": ""VALID""}",583.4940000000003,data/raw/tdc/clearance_microsome_az.tab,CHEMBL2207284,CNS(=O)(=O)c1ccc2c(C(=O)NC[C@@H](O)CN3CCC(Oc4ccc(Cl)c(Cl)c4)CC3)c[nH]c(=O)c2c1,14.0,9,Clearance_Microsome_AZ,1035,,VALID,140.82999999999998,0
CHEMBL2323231,O=C(CSc1nc2c(c(=O)n1-c1ccccc1)SCC2)Nc1ccc(-c2ccccc2)cn1,150.0,O=C(CSc1nc2c(c(=O)n1-c1ccccc1)SCC2)Nc1ccc(-c2ccccc2)cn1,4.673500000000003,0,0.12,1,7,1,"{""number"": ""150.0"", ""relation"": ""="", ""status"": ""VALID""}",472.5950000000002,data/raw/tdc/clearance_microsome_az.tab,CHEMBL2323231,O=C(CSc1nc2c(c(=O)n1-c1ccccc1)SCC2)Nc1ccc(-c2ccccc2)cn1,150.0,6,Clearance_Microsome_AZ,1036,,VALID,76.88,0
CHEMBL1945883,O=C(Nc1ccccc1)c1ccc2cccc(O)c2n1,150.0,O=C(Nc1ccccc1)c1ccc2cccc(O)c2n1,3.1927000000000016,0,0.0,1,3,2,"{""number"": ""150.0"", ""relation"": ""="", ""status"": ""VALID""}",264.284,data/raw/tdc/clearance_microsome_az.tab,CHEMBL1945883,O=C(Nc1ccccc1)c1ccc2cccc(O)c2n1,150.0,2,Clearance_Microsome_AZ,1037,,VALID,62.22,0
CHEMBL1951904,CCN(C(=O)Cc1ccc(S(C)(=O)=O)cc1)C1CCN(CCC(c2ccccc2)C2CCN(Cc3ccccc3)CC2)CC1,150.0,CCN(C(=O)Cc1ccc(S(C)(=O)=O)cc1)C1CCN(CCC(c2ccccc2)C2CCN(Cc3ccccc3)CC2)CC1,6.031600000000007,0,0.4864864864864865,1,5,0,"{""number"": ""150.0"", ""relation"": ""="", ""status"": ""VALID""}",615.8840000000001,data/raw/tdc/clearance_microsome_az.tab,CHEMBL1951904,CCN(C(=O)Cc1ccc(S(C)(=O)=O)cc1)C1CCN(CCC(c2ccccc2)C2CCN(Cc3ccccc3)CC2)CC1,150.0,12,Clearance_Microsome_AZ,1038,,VALID,60.93000000000001,1
CHEMBL1201016,COCC1=C(C(=O)OC(C)OC(=O)OC(C)C)N2C(=O)[C@@H](NC(=O)/C(=N\OC)c3csc(N)n3)[C@H]2SC1,150.0,COCC1=C(C(=O)OC(C)OC(=O)OC(C)C)N2C(=O)[C@@H](NC(=O)/C(=N\OC)c3csc(N)n3)[C@H]2SC1,0.8270000000000015,0,0.5238095238095238,1,14,2,"{""number"": ""150.0"", ""relation"": ""="", ""status"": ""VALID""}",557.6070000000001,data/raw/tdc/clearance_microsome_az.tab,CHEMBL1201016,COCC1=C(C(=O)OC(C)OC(=O)OC(C)C)N2C(=O)[C@@H](NC(=O)/C(=N\OC)c3csc(N)n3)[C@H]2SC1,150.0,10,Clearance_Microsome_AZ,1039,,VALID,180.96999999999997,1
CHEMBL336718,COc1ccc(-c2nc(O)c3ccccc3n2)cc1,150.0,COc1ccc(-c2nc(O)c3ccccc3n2)cc1,3.011000000000001,0,0.06666666666666667,1,4,1,"{""number"": ""150.0"", ""relation"": ""="", ""status"": ""VALID""}",252.27300000000002,data/raw/tdc/clearance_microsome_az.tab,CHEMBL336718,COc1ccc(-c2nc(O)c3ccccc3n2)cc1,150.0,2,Clearance_Microsome_AZ,1040,,VALID,55.24,0
CHEMBL415506,CCOC(=O)c1c(-c2ccccc2)nc2ccc(C)cn12,150.0,CCOC(=O)c1c(-c2ccccc2)nc2ccc(C)cn12,3.4864200000000025,0,0.17647058823529413,1,4,0,"{""number"": ""150.0"", ""relation"": ""="", ""status"": ""VALID""}",280.327,data/raw/tdc/clearance_microsome_az.tab,CHEMBL415506,CCOC(=O)c1c(-c2ccccc2)nc2ccc(C)cn12,150.0,3,Clearance_Microsome_AZ,1041,,VALID,43.599999999999994,0
CHEMBL562698,O=C(NCC12CC3CC(CC(C3)C1)C2)c1ccnc(N2CCNCC2)c1Cl,73.0,O=C(NCC12CC3CC(CC(C3)C1)C2)c1ccnc(N2CCNCC2)c1Cl,3.0908000000000015,0,0.7142857142857143,1,4,2,"{""number"": ""73.0"", ""relation"": ""="", ""status"": ""VALID""}",388.9430000000002,data/raw/tdc/clearance_microsome_az.tab,CHEMBL562698,O=C(NCC12CC3CC(CC(C3)C1)C2)c1ccnc(N2CCNCC2)c1Cl,73.0,4,Clearance_Microsome_AZ,1042,,VALID,57.260000000000005,4
CHEMBL1345333,c1ccc(Nc2[nH]nnc2-c2ccccc2)cc1,119.0,c1ccc(Nc2[nH]nnc2-c2ccccc2)cc1,3.215300000000001,0,0.0,1,3,2,"{""number"": ""119.0"", ""relation"": ""="", ""status"": ""VALID""}",236.27800000000005,data/raw/tdc/clearance_microsome_az.tab,CHEMBL1345333,c1ccc(Nc2[nH]nnc2-c2ccccc2)cc1,119.0,3,Clearance_Microsome_AZ,1043,,VALID,53.6,0
CHEMBL1770469,CSCCC(NC(=O)c1cnccn1)c1nc2ccccc2[nH]1,31.0,CSCCC(NC(=O)c1cnccn1)c1nc2ccccc2[nH]1,2.5770999999999997,0,0.25,1,5,2,"{""number"": ""31.0"", ""relation"": ""="", ""status"": ""VALID""}",327.413,data/raw/tdc/clearance_microsome_az.tab,CHEMBL1770469,CSCCC(NC(=O)c1cnccn1)c1nc2ccccc2[nH]1,31.0,6,Clearance_Microsome_AZ,1044,,VALID,83.56,1
CHEMBL2207285,O=C(NC[C@@H](O)CN1CCC(Oc2ccc(Cl)c(Cl)c2)CC1)c1c[nH]c(=O)c2cc(S(=O)(=O)NC3CC3)ccc12,21.0,O=C(NC[C@@H](O)CN1CCC(Oc2ccc(Cl)c(Cl)c2)CC1)c1c[nH]c(=O)c2cc(S(=O)(=O)NC3CC3)ccc12,2.9097,0,0.4074074074074074,1,7,4,"{""number"": ""21.0"", ""relation"": ""="", ""status"": ""VALID""}",609.5320000000002,data/raw/tdc/clearance_microsome_az.tab,CHEMBL2207285,O=C(NC[C@@H](O)CN1CCC(Oc2ccc(Cl)c(Cl)c2)CC1)c1c[nH]c(=O)c2cc(S(=O)(=O)NC3CC3)ccc12,21.0,10,Clearance_Microsome_AZ,1045,,VALID,140.82999999999998,0
CHEMBL190,Cn1c(=O)c2nc[nH]c2n(C)c1=O,4.79,Cn1c(=O)c2nc[nH]c2n(C)c1=O,-1.0397000000000005,0,0.2857142857142857,1,5,1,"{""number"": ""4.79"", ""relation"": ""="", ""status"": ""VALID""}",180.16699999999997,data/raw/tdc/clearance_microsome_az.tab,CHEMBL190,Cn1c(=O)c2nc[nH]c2n(C)c1=O,4.79,0,Clearance_Microsome_AZ,1046,,VALID,72.68,0
CHEMBL209689,Cc1ccc2c(c1)c(-c1ccnc3c(C)cccc13)c(C)n2CC(=O)O,5.0,Cc1ccc2c(c1)c(-c1ccnc3c(C)cccc13)c(C)n2CC(=O)O,4.866360000000004,0,0.18181818181818182,1,3,1,"{""number"": ""5.0"", ""relation"": ""="", ""status"": ""VALID""}",344.41400000000016,data/raw/tdc/clearance_microsome_az.tab,CHEMBL209689,Cc1ccc2c(c1)c(-c1ccnc3c(C)cccc13)c(C)n2CC(=O)O,5.0,3,Clearance_Microsome_AZ,1047,,VALID,55.120000000000005,0
CHEMBL451,CNC1=Nc2ccc(Cl)cc2C(c2ccccc2)=[N+]([O-])C1,5.75,CNC1=Nc2ccc(Cl)cc2C(c2ccccc2)=[N+]([O-])C1,2.950700000000001,0,0.125,1,3,1,"{""number"": ""5.75"", ""relation"": ""="", ""status"": ""VALID""}",299.761,data/raw/tdc/clearance_microsome_az.tab,CHEMBL451,CNC1=Nc2ccc(Cl)cc2C(c2ccccc2)=[N+]([O-])C1,5.75,1,Clearance_Microsome_AZ,1048,,VALID,50.459999999999994,0
CHEMBL235392,O=C(NCC12CC3CC(CC(C3)C1)C2)c1cc(CN2CC3CNCC(C2)O3)ccc1Cl,15.0,O=C(NCC12CC3CC(CC(C3)C1)C2)c1cc(CN2CC3CNCC(C2)O3)ccc1Cl,3.458800000000002,0,0.72,1,4,2,"{""number"": ""15.0"", ""relation"": ""="", ""status"": ""VALID""}",444.0190000000001,data/raw/tdc/clearance_microsome_az.tab,CHEMBL235392,O=C(NCC12CC3CC(CC(C3)C1)C2)c1cc(CN2CC3CNCC(C2)O3)ccc1Cl,15.0,5,Clearance_Microsome_AZ,1049,,VALID,53.60000000000001,6
CHEMBL2158823,O=C(O)c1cccc(N2CCC(CN3CCC(Oc4ccc(Cl)c(Cl)c4)CC3)CC2)c1,6.0,O=C(O)c1cccc(N2CCC(CN3CCC(Oc4ccc(Cl)c(Cl)c4)CC3)CC2)c1,5.451400000000006,0,0.4583333333333333,1,4,1,"{""number"": ""6.0"", ""relation"": ""="", ""status"": ""VALID""}",463.4050000000002,data/raw/tdc/clearance_microsome_az.tab,CHEMBL2158823,O=C(O)c1cccc(N2CCC(CN3CCC(Oc4ccc(Cl)c(Cl)c4)CC3)CC2)c1,6.0,6,Clearance_Microsome_AZ,1050,,VALID,53.010000000000005,0
CHEMBL1939418,Nc1nc(Nc2ccc(F)c(Cl)c2)c2nc[nH]c2n1,15.0,Nc1nc(Nc2ccc(F)c(Cl)c2)c2nc[nH]c2n1,2.4711999999999996,0,0.0,1,5,3,"{""number"": ""15.0"", ""relation"": ""="", ""status"": ""VALID""}",278.678,data/raw/tdc/clearance_microsome_az.tab,CHEMBL1939418,Nc1nc(Nc2ccc(F)c(Cl)c2)c2nc[nH]c2n1,15.0,2,Clearance_Microsome_AZ,1051,,VALID,92.51,0
CHEMBL2338020,CCc1[nH]c2nc(Sc3cnc4ccc[n+]([O-])c4c3)nc(N3C[C@H]4[C@H](N)[C@H]4C3)c2c1Cl,33.88,CCc1[nH]c2nc(Sc3cnc4ccc[n+]([O-])c4c3)nc(N3C[C@@H]4[C@@H](N)[C@@H]4C3)c2c1Cl,2.8998,0,0.3333333333333333,1,7,2,"{""number"": ""33.88"", ""relation"": ""="", ""status"": ""VALID""}",453.9590000000003,data/raw/tdc/clearance_microsome_az.tab,CHEMBL2338020,CCc1[nH]c2nc(Sc3cnc4ccc[n+]([O-])c4c3)nc(N3C[C@H]4[C@H](N)[C@H]4C3)c2c1Cl,33.88,4,Clearance_Microsome_AZ,1052,,VALID,110.66,0
CHEMBL2031238,Cc1ccc(NC(=O)c2ccoc2)cc1-n1cnc2ccc(N3CCN(C)CC3)cc2c1=O,6.0,Cc1ccc(NC(=O)c2ccoc2)cc1-n1cnc2ccc(N3CCN(C)CC3)cc2c1=O,3.291220000000001,0,0.24,1,7,1,"{""number"": ""6.0"", ""relation"": ""="", ""status"": ""VALID""}",443.50700000000035,data/raw/tdc/clearance_microsome_az.tab,CHEMBL2031238,Cc1ccc(NC(=O)c2ccoc2)cc1-n1cnc2ccc(N3CCN(C)CC3)cc2c1=O,6.0,4,Clearance_Microsome_AZ,1053,,VALID,83.61000000000001,0
CHEMBL2158815,O=C(O)C(c1ccccc1)N1CCC(N2CCC(Oc3ccc(Cl)c(Cl)c3)CC2)CC1,6.0,O=C(O)C(c1ccccc1)N1CCC(N2CCC(Oc3ccc(Cl)c(Cl)c3)CC2)CC1,5.126900000000005,0,0.4583333333333333,1,4,1,"{""number"": ""6.0"", ""relation"": ""="", ""status"": ""VALID""}",463.4050000000003,data/raw/tdc/clearance_microsome_az.tab,CHEMBL2158815,O=C(O)C(c1ccccc1)N1CCC(N2CCC(Oc3ccc(Cl)c(Cl)c3)CC2)CC1,6.0,6,Clearance_Microsome_AZ,1054,,VALID,53.010000000000005,1
CHEMBL1090089,Cn1c(=O)c(Oc2ccc(F)cc2F)cc2cnc(NC(CCO)CCO)nc21,4.57,Cn1c(=O)c(Oc2ccc(F)cc2F)cc2cnc(NC(CCO)CCO)nc21,1.9442999999999997,0,0.3157894736842105,1,8,3,"{""number"": ""4.57"", ""relation"": ""="", ""status"": ""VALID""}",406.3890000000002,data/raw/tdc/clearance_microsome_az.tab,CHEMBL1090089,Cn1c(=O)c(Oc2ccc(F)cc2F)cc2cnc(NC(CCO)CCO)nc21,4.57,8,Clearance_Microsome_AZ,1055,,VALID,109.50000000000001,0
CHEMBL1916263,CCC(CC)NC(=O)c1cn(-c2ccccc2)nc1NS(=O)(=O)c1ccc(C)cc1,9.0,CCC(CC)NC(=O)c1cn(-c2ccccc2)nc1NS(=O)(=O)c1ccc(C)cc1,3.8999200000000025,0,0.2727272727272727,1,5,2,"{""number"": ""9.0"", ""relation"": ""="", ""status"": ""VALID""}",426.5420000000002,data/raw/tdc/clearance_microsome_az.tab,CHEMBL1916263,CCC(CC)NC(=O)c1cn(-c2ccccc2)nc1NS(=O)(=O)c1ccc(C)cc1,9.0,8,Clearance_Microsome_AZ,1056,,VALID,93.09,0
CHEMBL2018953,O=C([C@H]1CCCCN1)N1CCN(c2nc(NCc3ccc(Cl)cc3Cl)c3cccnc3n2)CC1,24.0,O=C([C@H]1CCCCN1)N1CCN(c2nc(NCc3ccc(Cl)cc3Cl)c3cccnc3n2)CC1,3.7344000000000017,0,0.4166666666666667,1,7,2,"{""number"": ""24.0"", ""relation"": ""="", ""status"": ""VALID""}",500.4340000000002,data/raw/tdc/clearance_microsome_az.tab,CHEMBL2018953,O=C([C@H]1CCCCN1)N1CCN(c2nc(NCc3ccc(Cl)cc3Cl)c3cccnc3n2)CC1,24.0,5,Clearance_Microsome_AZ,1057,,VALID,86.28000000000002,0
CHEMBL2325699,CS(=O)(=O)C1(c2cc(N3CC4CCC(C3)O4)nc(-c3cccc4[nH]ccc34)n2)CC1,8.91,CS(=O)(=O)C1(c2cc(N3CC4CCC(C3)O4)nc(-c3cccc4[nH]ccc34)n2)CC1,3.026200000000001,0,0.45454545454545453,1,6,1,"{""number"": ""8.91"", ""relation"": ""="", ""status"": ""VALID""}",424.5260000000001,data/raw/tdc/clearance_microsome_az.tab,CHEMBL2325699,CS(=O)(=O)C1(c2cc(N3CC4CCC(C3)O4)nc(-c3cccc4[nH]ccc34)n2)CC1,8.91,4,Clearance_Microsome_AZ,1058,,VALID,88.17999999999999,2
CHEMBL1643199,Cc1cc(CN2CCc3ccccc3C2C(=O)Nc2ccc(Cl)cc2Cl)ccc1OCC(=O)O,15.0,Cc1cc(CN2CCc3ccccc3C2C(=O)Nc2ccc(Cl)cc2Cl)ccc1OCC(=O)O,5.503320000000005,0,0.23076923076923078,1,4,2,"{""number"": ""15.0"", ""relation"": ""="", ""status"": ""VALID""}",499.3940000000003,data/raw/tdc/clearance_microsome_az.tab,CHEMBL1643199,Cc1cc(CN2CCc3ccccc3C2C(=O)Nc2ccc(Cl)cc2Cl)ccc1OCC(=O)O,15.0,7,Clearance_Microsome_AZ,1059,,VALID,78.87,1
CHEMBL2181926,CCOC(=O)C1=C(C)NC(C)=C(C(C)=O)[C@H]1c1cccc2c(=O)cc(C)oc12,150.0,CCOC(=O)C1=C(C)NC(C)=C(C(C)=O)[C@H]1c1cccc2c(=O)cc(C)oc12,3.4883200000000025,0,0.3181818181818182,1,6,1,"{""number"": ""150.0"", ""relation"": ""="", ""status"": ""VALID""}",381.42800000000017,data/raw/tdc/clearance_microsome_az.tab,CHEMBL2181926,CCOC(=O)C1=C(C)NC(C)=C(C(C)=O)[C@H]1c1cccc2c(=O)cc(C)oc12,150.0,4,Clearance_Microsome_AZ,1060,,VALID,85.61,0
CHEMBL114,CC(C)(C)NC(=O)[C@@H]1C[C@@H]2CCCC[C@@H]2CN1C[C@@H](O)[C@H](Cc1ccccc1)NC(=O)[C@H](CC(N)=O)NC(=O)c1ccc2ccccc2n1,150.0,CC(C)(C)NC(=O)[C@@H]1C[C@@H]2CCCC[C@@H]2CN1C[C@@H](O)[C@H](Cc1ccccc1)NC(=O)[C@H](CC(N)=O)NC(=O)c1ccc2ccccc2n1,3.092400000000003,0,0.5,1,7,5,"{""number"": ""150.0"", ""relation"": ""="", ""status"": ""VALID""}",670.855,data/raw/tdc/clearance_microsome_az.tab,CHEMBL114,CC(C)(C)NC(=O)[C@@H]1C[C@@H]2CCCC[C@@H]2CN1C[C@@H](O)[C@H](Cc1ccccc1)NC(=O)[C@H](CC(N)=O)NC(=O)c1ccc2ccccc2n1,150.0,12,Clearance_Microsome_AZ,1061,,VALID,166.75,0
CHEMBL108246,Cc1ccccc1CCOCCCS(=O)(=O)CCNCCc1ccc(O)c2nc(O)sc12,150.0,Cc1ccccc1CCOCCCS(=O)(=O)CCNCCc1ccc(O)c2nc(O)sc12,3.212220000000002,0,0.43478260869565216,1,8,3,"{""number"": ""150.0"", ""relation"": ""="", ""status"": ""VALID""}",478.6360000000002,data/raw/tdc/clearance_microsome_az.tab,CHEMBL108246,Cc1ccccc1CCOCCCS(=O)(=O)CCNCCc1ccc(O)c2nc(O)sc12,150.0,13,Clearance_Microsome_AZ,1062,,VALID,108.75000000000001,0
CHEMBL1834184,CCC(=O)N[C@H]1CC[C@@H](C(=O)N(C)c2ccc(-c3nc4ccccc4o3)cc2)C1,10.96,CCC(=O)N[C@H]1CC[C@@H](C(=O)N(C)c2ccc(-c3nc4ccccc4o3)cc2)C1,4.152500000000003,0,0.34782608695652173,1,4,1,"{""number"": ""10.96"", ""relation"": ""="", ""status"": ""VALID""}",391.4710000000001,data/raw/tdc/clearance_microsome_az.tab,CHEMBL1834184,CCC(=O)N[C@H]1CC[C@@H](C(=O)N(C)c2ccc(-c3nc4ccccc4o3)cc2)C1,10.96,5,Clearance_Microsome_AZ,1063,,VALID,75.44,0
CHEMBL1916264,CCC(CC)NC(=O)c1cnn(-c2ccccc2Cl)c1NS(=O)(=O)c1ccc(C)cc1,72.0,CCC(CC)NC(=O)c1cnn(-c2ccccc2Cl)c1NS(=O)(=O)c1ccc(C)cc1,4.553320000000004,0,0.2727272727272727,1,5,2,"{""number"": ""72.0"", ""relation"": ""="", ""status"": ""VALID""}",460.9870000000002,data/raw/tdc/clearance_microsome_az.tab,CHEMBL1916264,CCC(CC)NC(=O)c1cnn(-c2ccccc2Cl)c1NS(=O)(=O)c1ccc(C)cc1,72.0,8,Clearance_Microsome_AZ,1064,,VALID,93.09,0
CHEMBL1921919,Cc1cc(CCC[N+]23CCC(CC2)[C@@H](OC(=O)[C@](C)(c2ccccc2)N2CCCCC2)C3)ccn1,81.0,Cc1cc(CCC[N+]23CCC(CC2)[C@@H](OC(=O)[C@](C)(c2ccccc2)N2CCCCC2)C3)ccn1,4.876120000000005,0,0.6,1,4,0,"{""number"": ""81.0"", ""relation"": ""="", ""status"": ""VALID""}",476.68500000000034,data/raw/tdc/clearance_microsome_az.tab,CHEMBL1921919,Cc1cc(CCC[N+]23CCC(CC2)[C@@H](OC(=O)[C@](C)(c2ccccc2)N2CCCCC2)C3)ccn1,81.0,8,Clearance_Microsome_AZ,1065,,VALID,42.43,2
CHEMBL1924047,C[C@@](C(=O)O[C@H]1C[N+]2(CCc3ccccc3)CCC1CC2)(c1ccccc1)N1CCCCC1,85.0,C[C@@](C(=O)O[C@H]1C[N+]2(CCc3ccccc3)CCC1CC2)(c1ccccc1)N1CCCCC1,4.782600000000005,0,0.5517241379310345,1,3,0,"{""number"": ""85.0"", ""relation"": ""="", ""status"": ""VALID""}",447.64300000000037,data/raw/tdc/clearance_microsome_az.tab,CHEMBL1924047,C[C@@](C(=O)O[C@H]1C[N+]2(CCc3ccccc3)CCC1CC2)(c1ccccc1)N1CCCCC1,85.0,7,Clearance_Microsome_AZ,1066,,VALID,29.54,2
CHEMBL475534,CCOC(=O)C1=C(C)NC(C)=C(C(=O)OC)C1c1cccc([N+](=O)[O-])c1,85.0,CCOC(=O)C1=C(C)NC(C)=C(C(=O)OC)C1c1cccc([N+](=O)[O-])c1,2.5657000000000005,0,0.3333333333333333,1,7,1,"{""number"": ""85.0"", ""relation"": ""="", ""status"": ""VALID""}",360.36600000000004,data/raw/tdc/clearance_microsome_az.tab,CHEMBL475534,CCOC(=O)C1=C(C)NC(C)=C(C(=O)OC)C1c1cccc([N+](=O)[O-])c1,85.0,5,Clearance_Microsome_AZ,1067,,VALID,107.77000000000001,1
CHEMBL511444,CN[C@@H](C)C(=O)N[C@H](C(=O)N1CC[C@H]2CC[C@H](NC(=O)c3cccc4ccccc34)[C@H]21)C(C)(C)C,85.11,CN[C@@H](C)C(=O)N[C@H](C(=O)N1CC[C@H]2CC[C@H](NC(=O)c3cccc4ccccc34)[C@H]21)C(C)(C)C,3.087900000000002,0,0.5357142857142857,1,4,3,"{""number"": ""85.11"", ""relation"": ""="", ""status"": ""VALID""}",478.6370000000002,data/raw/tdc/clearance_microsome_az.tab,CHEMBL511444,CN[C@@H](C)C(=O)N[C@H](C(=O)N1CC[C@H]2CC[C@H](NC(=O)c3cccc4ccccc34)[C@H]21)C(C)(C)C,85.11,6,Clearance_Microsome_AZ,1068,,VALID,90.53999999999999,0
CHEMBL1807823,O=c1[nH]c2c(O)ccc([C@@H](O)CNCCSCCCNCCc3ccccc3)c2s1,5.0,O=c1[nH]c2c(O)ccc([C@@H](O)CNCCSCCCNCCc3ccccc3)c2s1,2.873800000000001,0,0.4090909090909091,1,7,5,"{""number"": ""5.0"", ""relation"": ""="", ""status"": ""VALID""}",447.6260000000002,data/raw/tdc/clearance_microsome_az.tab,CHEMBL1807823,O=c1[nH]c2c(O)ccc([C@@H](O)CNCCSCCCNCCc3ccccc3)c2s1,5.0,13,Clearance_Microsome_AZ,1069,,VALID,97.38000000000001,0
CHEMBL233263,C[C@H](CO)Nc1nc(SCc2ccco2)nc2nc(N)sc12,5.0,C[C@H](CO)Nc1nc(SCc2ccco2)nc2nc(N)sc12,2.3465,0,0.3076923076923077,1,9,3,"{""number"": ""5.0"", ""relation"": ""="", ""status"": ""VALID""}",337.43000000000006,data/raw/tdc/clearance_microsome_az.tab,CHEMBL233263,C[C@H](CO)Nc1nc(SCc2ccco2)nc2nc(N)sc12,5.0,6,Clearance_Microsome_AZ,1070,,VALID,110.09,0
CHEMBL521851,CS(=O)(=O)N1CCN(Cc2cc3nc(-c4cccc5[nH]ncc45)nc(N4CCOCC4)c3s2)CC1,14.79,CS(=O)(=O)N1CCN(Cc2cc3nc(-c4cccc5[nH]ncc45)nc(N4CCOCC4)c3s2)CC1,2.1483999999999996,0,0.43478260869565216,1,9,1,"{""number"": ""14.79"", ""relation"": ""="", ""status"": ""VALID""}",513.6490000000003,data/raw/tdc/clearance_microsome_az.tab,CHEMBL521851,CS(=O)(=O)N1CCN(Cc2cc3nc(-c4cccc5[nH]ncc45)nc(N4CCOCC4)c3s2)CC1,14.79,5,Clearance_Microsome_AZ,1071,,VALID,107.55000000000001,0
CHEMBL2170837,CCn1c(C)c(C(=O)O)c(-c2cccc(N3CCN(c4ccc(NS(=O)(=O)c5ccc(N[C@H](CCN6CCC(O)CC6)CSc6ccccc6)c(S(=O)(=O)C(F)(F)F)c5)cc4)CC3)c2)c1-c1ccc(Cl)cc1,15.14,CCn1c(C)c(C(=O)O)c(-c2cccc(N3CCN(c4ccc(NS(=O)(=O)c5ccc(N[C@H](CCN6CCC(O)CC6)CSc6ccccc6)c(S(=O)(=O)C(F)(F)F)c5)cc4)CC3)c2)c1-c1ccc(Cl)cc1,10.342519999999995,0,0.3269230769230769,1,12,4,"{""number"": ""15.14"", ""relation"": ""="", ""status"": ""VALID""}",1065.703,data/raw/tdc/clearance_microsome_az.tab,CHEMBL2170837,CCn1c(C)c(C(=O)O)c(-c2cccc(N3CCN(c4ccc(NS(=O)(=O)c5ccc(N[C@H](CCN6CCC(O)CC6)CSc6ccccc6)c(S(=O)(=O)C(F)(F)F)c5)cc4)CC3)c2)c1-c1ccc(Cl)cc1,15.14,18,Clearance_Microsome_AZ,1072,,VALID,164.51999999999998,0
CHEMBL459353,COc1ccc(N(C(=O)c2occc2CO)C(C(=O)NC[C@@H](C)O)c2ccccc2F)c(OC)c1,12.0,COc1ccc(N(C(=O)c2occc2CO)C(C(=O)NC[C@@H](C)O)c2ccccc2F)c(OC)c1,2.813300000000001,0,0.28,1,7,3,"{""number"": ""12.0"", ""relation"": ""="", ""status"": ""VALID""}",486.4960000000002,data/raw/tdc/clearance_microsome_az.tab,CHEMBL459353,COc1ccc(N(C(=O)c2occc2CO)C(C(=O)NC[C@@H](C)O)c2ccccc2F)c(OC)c1,12.0,10,Clearance_Microsome_AZ,1073,,VALID,121.47,1
CHEMBL1916285,Cc1nn(-c2ccccc2)c(NS(=O)(=O)c2cccc(CN3CCOCC3)c2)c1C(=O)N[C@@H](C)C(C)(C)C,9.0,Cc1nn(-c2ccccc2)c(NS(=O)(=O)c2cccc(CN3CCOCC3)c2)c1C(=O)N[C@@H](C)C(C)(C)C,3.9781200000000023,0,0.42857142857142855,1,7,2,"{""number"": ""9.0"", ""relation"": ""="", ""status"": ""VALID""}",539.7020000000003,data/raw/tdc/clearance_microsome_az.tab,CHEMBL1916285,Cc1nn(-c2ccccc2)c(NS(=O)(=O)c2cccc(CN3CCOCC3)c2)c1C(=O)N[C@@H](C)C(C)(C)C,9.0,8,Clearance_Microsome_AZ,1074,,VALID,105.56,0
CHEMBL2207278,O=C(NC[C@@H](O)CN1CCC(Oc2ccc(Cl)c(Cl)c2)CC1)c1c[nH]c(=O)c2cc(F)ccc12,9.0,O=C(NC[C@@H](O)CN1CCC(Oc2ccc(Cl)c(Cl)c2)CC1)c1c[nH]c(=O)c2cc(F)ccc12,3.608100000000001,0,0.3333333333333333,1,5,3,"{""number"": ""9.0"", ""relation"": ""="", ""status"": ""VALID""}",508.3770000000003,data/raw/tdc/clearance_microsome_az.tab,CHEMBL2207278,O=C(NC[C@@H](O)CN1CCC(Oc2ccc(Cl)c(Cl)c2)CC1)c1c[nH]c(=O)c2cc(F)ccc12,9.0,7,Clearance_Microsome_AZ,1075,,VALID,94.66,0
CHEMBL472,COc1ccc(Cl)cc1C(=O)NCCc1ccc(S(=O)(=O)NC(=O)NC2CCCCC2)cc1,22.0,COc1ccc(Cl)cc1C(=O)NCCc1ccc(S(=O)(=O)NC(=O)NC2CCCCC2)cc1,3.641700000000003,0,0.391304347826087,1,5,3,"{""number"": ""22.0"", ""relation"": ""="", ""status"": ""VALID""}",494.0130000000003,data/raw/tdc/clearance_microsome_az.tab,CHEMBL472,COc1ccc(Cl)cc1C(=O)NCCc1ccc(S(=O)(=O)NC(=O)NC2CCCCC2)cc1,22.0,8,Clearance_Microsome_AZ,1076,,VALID,113.6,0
CHEMBL591931,N=C(N)c1cc2c(-c3ccccc3)cccc2s1,5.0,N=C(N)c1cc2c(-c3ccccc3)cccc2s1,3.8523700000000014,0,0.0,1,2,2,"{""number"": ""5.0"", ""relation"": ""="", ""status"": ""VALID""}",252.342,data/raw/tdc/clearance_microsome_az.tab,CHEMBL591931,N=C(N)c1cc2c(-c3ccccc3)cccc2s1,5.0,2,Clearance_Microsome_AZ,1077,,VALID,49.870000000000005,1
CHEMBL2031464,Cc1ccc(C(=O)NC2CCC2)cc1-n1cnc2ccc(N3CCN(C)CC3)cc2c1=O,5.0,Cc1ccc(C(=O)NC2CCC2)cc1-n1cnc2ccc(N3CCN(C)CC3)cc2c1=O,2.728220000000001,0,0.4,1,6,1,"{""number"": ""5.0"", ""relation"": ""="", ""status"": ""VALID""}",431.5400000000003,data/raw/tdc/clearance_microsome_az.tab,CHEMBL2031464,Cc1ccc(C(=O)NC2CCC2)cc1-n1cnc2ccc(N3CCN(C)CC3)cc2c1=O,5.0,4,Clearance_Microsome_AZ,1078,,VALID,70.47,0
CHEMBL1934422,Cc1ccc(S(=O)(=O)Nc2c(C(=O)N[C@@H](C)C(C)(C)C)c(C)nn2C2CCOCC2)cc1,7.0,Cc1ccc(S(=O)(=O)Nc2c(C(=O)N[C@@H](C)C(C)(C)C)c(C)nn2C2CCOCC2)cc1,3.816640000000003,0,0.5652173913043478,1,6,2,"{""number"": ""7.0"", ""relation"": ""="", ""status"": ""VALID""}",462.6160000000003,data/raw/tdc/clearance_microsome_az.tab,CHEMBL1934422,Cc1ccc(S(=O)(=O)Nc2c(C(=O)N[C@@H](C)C(C)(C)C)c(C)nn2C2CCOCC2)cc1,7.0,6,Clearance_Microsome_AZ,1079,,VALID,102.32000000000001,0
CHEMBL422648,Cc1oc(=O)oc1CN1CCN(c2cc3c(cc2F)c(=O)c(C(=O)O)c2n3C(C)S2)CC1,15.49,Cc1oc(=O)oc1CN1CCN(c2cc3c(cc2F)c(=O)c(C(=O)O)c2n3C(C)S2)CC1,2.639820000000001,0,0.38095238095238093,1,9,1,"{""number"": ""15.49"", ""relation"": ""="", ""status"": ""VALID""}",461.47100000000023,data/raw/tdc/clearance_microsome_az.tab,CHEMBL422648,Cc1oc(=O)oc1CN1CCN(c2cc3c(cc2F)c(=O)c(C(=O)O)c2n3C(C)S2)CC1,15.49,4,Clearance_Microsome_AZ,1080,,VALID,109.13,1
CHEMBL2361579,Cc1cc2cc(C)c3nnc(SCC(=O)N4CCN(C(=O)c5ccco5)CC4)n3c2cc1C,150.0,Cc1cc2cc(C)c3nnc(SCC(=O)N4CCN(C(=O)c5ccco5)CC4)n3c2cc1C,3.4774600000000024,0,0.3333333333333333,1,7,0,"{""number"": ""150.0"", ""relation"": ""="", ""status"": ""VALID""}",463.5630000000003,data/raw/tdc/clearance_microsome_az.tab,CHEMBL2361579,Cc1cc2cc(C)c3nnc(SCC(=O)N4CCN(C(=O)c5ccco5)CC4)n3c2cc1C,150.0,4,Clearance_Microsome_AZ,1081,,VALID,83.95,0
CHEMBL1703518,CCN(CC)S(=O)(=O)c1ccc(-c2nnc(SCC(=O)N3CCc4ccccc43)o2)cc1,150.0,CCN(CC)S(=O)(=O)c1ccc(-c2nnc(SCC(=O)N3CCc4ccccc43)o2)cc1,3.448500000000003,0,0.3181818181818182,1,7,0,"{""number"": ""150.0"", ""relation"": ""="", ""status"": ""VALID""}",472.59200000000027,data/raw/tdc/clearance_microsome_az.tab,CHEMBL1703518,CCN(CC)S(=O)(=O)c1ccc(-c2nnc(SCC(=O)N3CCc4ccccc43)o2)cc1,150.0,8,Clearance_Microsome_AZ,1082,,VALID,96.61,0
CHEMBL682,CCN(CC)Cc1cc(Nc2ccnc3cc(Cl)ccc23)ccc1O,150.0,CCN(CC)Cc1cc(Nc2ccnc3cc(Cl)ccc23)ccc1O,5.179200000000004,0,0.25,1,4,2,"{""number"": ""150.0"", ""relation"": ""="", ""status"": ""VALID""}",355.8690000000001,data/raw/tdc/clearance_microsome_az.tab,CHEMBL682,CCN(CC)Cc1cc(Nc2ccnc3cc(Cl)ccc23)ccc1O,150.0,6,Clearance_Microsome_AZ,1083,,VALID,48.39,0
CHEMBL2012204,Cc1cc([C@H](O)[C@](C)(OCc2ccc(-c3ccccc3)cc2)C(=O)NO)no1,15.85,Cc1cc([C@H](O)[C@](C)(OCc2ccc(-c3ccccc3)cc2)C(=O)NO)no1,3.16432,0,0.23809523809523808,1,6,3,"{""number"": ""15.85"", ""relation"": ""="", ""status"": ""VALID""}",382.41600000000005,data/raw/tdc/clearance_microsome_az.tab,CHEMBL2012204,Cc1cc([C@H](O)[C@](C)(OCc2ccc(-c3ccccc3)cc2)C(=O)NO)no1,15.85,7,Clearance_Microsome_AZ,1084,,VALID,104.82000000000001,0
CHEMBL1472189,COc1ccc(CC(=O)Nc2nc3ccccc3[nH]2)cc1,11.22,COc1ccc(CC(=O)Nc2nc3ccccc3[nH]2)cc1,2.752700000000001,0,0.125,1,3,2,"{""number"": ""11.22"", ""relation"": ""="", ""status"": ""VALID""}",281.315,data/raw/tdc/clearance_microsome_az.tab,CHEMBL1472189,COc1ccc(CC(=O)Nc2nc3ccccc3[nH]2)cc1,11.22,4,Clearance_Microsome_AZ,1085,,VALID,67.00999999999999,0
CHEMBL370826,CCN(C(=O)Cc1ccc(S(C)(=O)=O)cc1)C1CCN(CCC(c2ccc(NC(C)=O)cc2)c2cccc(F)c2)CC1,23.5,CCN(C(=O)Cc1ccc(S(C)(=O)=O)cc1)C1CCN(CCC(c2ccc(NC(C)=O)cc2)c2cccc(F)c2)CC1,5.2652000000000045,0,0.3939393939393939,1,5,1,"{""number"": ""23.5"", ""relation"": ""="", ""status"": ""VALID""}",593.7650000000002,data/raw/tdc/clearance_microsome_az.tab,CHEMBL370826,CCN(C(=O)Cc1ccc(S(C)(=O)=O)cc1)C1CCN(CCC(c2ccc(NC(C)=O)cc2)c2cccc(F)c2)CC1,23.5,11,Clearance_Microsome_AZ,1086,,VALID,86.78999999999999,1
CHEMBL1945033,O=c1[nH]c2c(O)ccc([C@@H](O)CNCCc3cccc(CNCCc4ccccn4)c3)c2s1,25.0,O=c1[nH]c2c(O)ccc([C@@H](O)CNCCc3cccc(CNCCc4ccccn4)c3)c2s1,2.888200000000001,0,0.28,1,7,5,"{""number"": ""25.0"", ""relation"": ""="", ""status"": ""VALID""}",464.5910000000002,data/raw/tdc/clearance_microsome_az.tab,CHEMBL1945033,O=c1[nH]c2c(O)ccc([C@@H](O)CNCCc3cccc(CNCCc4ccccn4)c3)c2s1,25.0,11,Clearance_Microsome_AZ,1087,,VALID,110.27000000000001,0
CHEMBL550167,O=C(NCC12CC3CC(CC(C3)C1)C2)c1cc(OCCCNCCCO)ccc1Cl,27.0,O=C(NCC12CC3CC(CC(C3)C1)C2)c1cc(OCCCNCCCO)ccc1Cl,4.027100000000003,0,0.7083333333333334,1,4,3,"{""number"": ""27.0"", ""relation"": ""="", ""status"": ""VALID""}",435.00800000000027,data/raw/tdc/clearance_microsome_az.tab,CHEMBL550167,O=C(NCC12CC3CC(CC(C3)C1)C2)c1cc(OCCCNCCCO)ccc1Cl,27.0,11,Clearance_Microsome_AZ,1088,,VALID,70.59,4
CHEMBL184721,Cc1ccc(NC(=O)c2cccc(N3CCOCC3)c2)cc1NC(=O)c1ccc(OCc2ccccn2)cc1,30.33,Cc1ccc(NC(=O)c2cccc(N3CCOCC3)c2)cc1NC(=O)c1ccc(OCc2ccccn2)cc1,5.310220000000005,0,0.1935483870967742,1,6,2,"{""number"": ""30.33"", ""relation"": ""="", ""status"": ""VALID""}",522.6050000000002,data/raw/tdc/clearance_microsome_az.tab,CHEMBL184721,Cc1ccc(NC(=O)c2cccc(N3CCOCC3)c2)cc1NC(=O)c1ccc(OCc2ccccn2)cc1,30.33,8,Clearance_Microsome_AZ,1089,,VALID,92.79000000000002,0
CHEMBL1917436,CC(=O)Nc1ccc2c(c1)c(Sc1ccc(Cl)cc1)c(C)n2CC(=O)O,36.0,CC(=O)Nc1ccc2c(c1)c(Sc1ccc(Cl)cc1)c(C)n2CC(=O)O,4.797320000000004,0,0.15789473684210525,1,4,2,"{""number"": ""36.0"", ""relation"": ""="", ""status"": ""VALID""}",388.87600000000015,data/raw/tdc/clearance_microsome_az.tab,CHEMBL1917436,CC(=O)Nc1ccc2c(c1)c(Sc1ccc(Cl)cc1)c(C)n2CC(=O)O,36.0,5,Clearance_Microsome_AZ,1090,,VALID,71.33,0
CHEMBL1922048,C[C@@](C(=O)O[C@H]1C[N+]2(CC(=O)Nc3ccncn3)CCC1CC2)(c1ccccc1)N1CCCCC1,37.0,C[C@@](C(=O)O[C@H]1C[N+]2(CC(=O)Nc3ccncn3)CCC1CC2)(c1ccccc1)N1CCCCC1,2.9686000000000003,0,0.5555555555555556,1,6,1,"{""number"": ""37.0"", ""relation"": ""="", ""status"": ""VALID""}",478.6170000000005,data/raw/tdc/clearance_microsome_az.tab,CHEMBL1922048,C[C@@](C(=O)O[C@H]1C[N+]2(CC(=O)Nc3ccncn3)CCC1CC2)(c1ccccc1)N1CCCCC1,37.0,7,Clearance_Microsome_AZ,1091,,VALID,84.42,2
CHEMBL1081917,Cc1cc(CN(CC(=O)Nc2ccc(Cl)cc2Cl)C2CCCCC2)ccc1OCC(=O)O,101.0,Cc1cc(CN(CC(=O)Nc2ccc(Cl)cc2Cl)C2CCCCC2)ccc1OCC(=O)O,5.538620000000005,0,0.4166666666666667,1,4,2,"{""number"": ""101.0"", ""relation"": ""="", ""status"": ""VALID""}",479.4040000000004,data/raw/tdc/clearance_microsome_az.tab,CHEMBL1081917,Cc1cc(CN(CC(=O)Nc2ccc(Cl)cc2Cl)C2CCCCC2)ccc1OCC(=O)O,101.0,9,Clearance_Microsome_AZ,1092,,VALID,78.87,0
CHEMBL1534781,COc1cnc(-c2ccccn2)nc1N(C)c1ccccc1,104.0,COc1cnc(-c2ccccn2)nc1N(C)c1ccccc1,3.315100000000002,0,0.11764705882352941,1,5,0,"{""number"": ""104.0"", ""relation"": ""="", ""status"": ""VALID""}",292.342,data/raw/tdc/clearance_microsome_az.tab,CHEMBL1534781,COc1cnc(-c2ccccn2)nc1N(C)c1ccccc1,104.0,4,Clearance_Microsome_AZ,1093,,VALID,51.14000000000001,0
CHEMBL2348176,Nc1nccc(-n2ccc3ccccc32)n1,112.0,Nc1nccc(-n2ccc3ccccc32)n1,2.0027,0,0.0,1,4,1,"{""number"": ""112.0"", ""relation"": ""="", ""status"": ""VALID""}",210.24,data/raw/tdc/clearance_microsome_az.tab,CHEMBL2348176,Nc1nccc(-n2ccc3ccccc32)n1,112.0,1,Clearance_Microsome_AZ,1094,,VALID,56.73,0
CHEMBL103667,Cc1ccc(-n2nc(C(C)(C)C)cc2NC(=O)Nc2ccc(OCCN3CCOCC3)c3ccccc23)cc1,124.0,Cc1ccc(-n2nc(C(C)(C)C)cc2NC(=O)Nc2ccc(OCCN3CCOCC3)c3ccccc23)cc1,5.986420000000005,0,0.3548387096774194,1,6,2,"{""number"": ""124.0"", ""relation"": ""="", ""status"": ""VALID""}",527.6690000000006,data/raw/tdc/clearance_microsome_az.tab,CHEMBL103667,Cc1ccc(-n2nc(C(C)(C)C)cc2NC(=O)Nc2ccc(OCCN3CCOCC3)c3ccccc23)cc1,124.0,7,Clearance_Microsome_AZ,1095,,VALID,80.65,0
CHEMBL1194325,O=C(O[C@H]1C[N+]2(CCCOc3ccccc3)CCC1CC2)C(O)(c1cccs1)c1cccs1,140.0,O=C(O[C@H]1C[N+]2(CCCOc3ccccc3)CCC1CC2)C(O)(c1cccs1)c1cccs1,4.666800000000005,0,0.4230769230769231,1,6,1,"{""number"": ""140.0"", ""relation"": ""="", ""status"": ""VALID""}",484.66300000000024,data/raw/tdc/clearance_microsome_az.tab,CHEMBL1194325,O=C(O[C@H]1C[N+]2(CCCOc3ccccc3)CCC1CC2)C(O)(c1cccs1)c1cccs1,140.0,9,Clearance_Microsome_AZ,1096,,VALID,55.760000000000005,2
CHEMBL371888,COc1cc2ncnc(Nc3ccc(OCc4ccccn4)c(C)c3)c2cc1OC,15.0,COc1cc2ncnc(Nc3ccc(OCc4ccccn4)c(C)c3)c2cc1OC,4.673020000000003,0,0.17391304347826086,1,7,1,"{""number"": ""15.0"", ""relation"": ""="", ""status"": ""VALID""}",402.4540000000002,data/raw/tdc/clearance_microsome_az.tab,CHEMBL371888,COc1cc2ncnc(Nc3ccc(OCc4ccccn4)c(C)c3)c2cc1OC,15.0,7,Clearance_Microsome_AZ,1097,,VALID,78.39000000000001,0
CHEMBL1405928,c1ccc(CSc2nc3cccnc3[nH]2)cc1,28.0,c1ccc(CSc2nc3cccnc3[nH]2)cc1,3.2502000000000004,0,0.07692307692307693,1,3,1,"{""number"": ""28.0"", ""relation"": ""="", ""status"": ""VALID""}",241.31900000000005,data/raw/tdc/clearance_microsome_az.tab,CHEMBL1405928,c1ccc(CSc2nc3cccnc3[nH]2)cc1,28.0,3,Clearance_Microsome_AZ,1098,,VALID,41.57,0
CHEMBL71,CN(C)CCCN1c2ccccc2Sc2ccc(Cl)cc21,37.15,CN(C)CCCN1c2ccccc2Sc2ccc(Cl)cc21,4.894400000000004,0,0.29411764705882354,1,3,0,"{""number"": ""37.15"", ""relation"": ""="", ""status"": ""VALID""}",318.8730000000001,data/raw/tdc/clearance_microsome_az.tab,CHEMBL71,CN(C)CCCN1c2ccccc2Sc2ccc(Cl)cc21,37.15,4,Clearance_Microsome_AZ,1099,,VALID,6.48,0
CHEMBL129660,O=C(c1cc2ccccc2[nH]1)N1CCNCC1,10.67,O=C(c1cc2ccccc2[nH]1)N1CCNCC1,1.2132999999999998,0,0.3076923076923077,1,2,2,"{""number"": ""10.67"", ""relation"": ""="", ""status"": ""VALID""}",229.28299999999996,data/raw/tdc/clearance_microsome_az.tab,CHEMBL129660,O=C(c1cc2ccccc2[nH]1)N1CCNCC1,10.67,1,Clearance_Microsome_AZ,1100,,VALID,48.13,0
CHEMBL1643200,Cc1cc(CN2Cc3ccccc3C[C@H]2C(=O)Nc2ccc(Cl)cc2Cl)ccc1OCC(=O)O,11.0,Cc1cc(CN2Cc3ccccc3C[C@H]2C(=O)Nc2ccc(Cl)cc2Cl)ccc1OCC(=O)O,5.3308200000000046,0,0.23076923076923078,1,4,2,"{""number"": ""11.0"", ""relation"": ""="", ""status"": ""VALID""}",499.3940000000003,data/raw/tdc/clearance_microsome_az.tab,CHEMBL1643200,Cc1cc(CN2Cc3ccccc3C[C@H]2C(=O)Nc2ccc(Cl)cc2Cl)ccc1OCC(=O)O,11.0,7,Clearance_Microsome_AZ,1101,,VALID,78.87,0
CHEMBL1952100,CCN(C(=O)Cc1ccc(S(C)(=O)=O)cc1)C1CCN(CC[C@@H](c2cc(Cl)cc(Cl)c2)C2CCN(S(C)(=O)=O)CC2)CC1,17.5,CCN(C(=O)Cc1ccc(S(C)(=O)=O)cc1)C1CCN(CC[C@@H](c2cc(Cl)cc(Cl)c2)C2CCN(S(C)(=O)=O)CC2)CC1,5.097800000000006,0,0.5806451612903226,1,6,0,"{""number"": ""17.5"", ""relation"": ""="", ""status"": ""VALID""}",672.741,data/raw/tdc/clearance_microsome_az.tab,CHEMBL1952100,CCN(C(=O)Cc1ccc(S(C)(=O)=O)cc1)C1CCN(CC[C@@H](c2cc(Cl)cc(Cl)c2)C2CCN(S(C)(=O)=O)CC2)CC1,17.5,11,Clearance_Microsome_AZ,1102,,VALID,95.07,0
