activity_id,outer_fold,censoring_class,model,representation,prediction,observed
14758722,0,BELOW,mean_baseline,none,1.2880706957121062,
14758722,0,BELOW,median_baseline,none,1.2671717284030137,
14758734,0,BELOW,mean_baseline,none,1.2880706957121062,
14758734,0,BELOW,median_baseline,none,1.2671717284030137,
14758750,0,BELOW,mean_baseline,none,1.2880706957121062,
14758750,0,BELOW,median_baseline,none,1.2671717284030137,
14758753,0,BELOW,mean_baseline,none,1.2880706957121062,
14758753,0,BELOW,median_baseline,none,1.2671717284030137,
14758757,0,BELOW,mean_baseline,none,1.2880706957121062,
14758757,0,BELOW,median_baseline,none,1.2671717284030137,
14758760,0,BELOW,mean_baseline,none,1.2880706957121062,
14758760,0,BELOW,median_baseline,none,1.2671717284030137,
14758763,0,BELOW,mean_baseline,none,1.2880706957121062,
14758763,0,BELOW,median_baseline,none,1.2671717284030137,
14758770,0,BELOW,mean_baseline,none,1.2880706957121062,
14758770,0,BELOW,median_baseline,none,1.2671717284030137,
14758771,0,BELOW,mean_baseline,none,1.2880706957121062,
14758771,0,BELOW,median_baseline,none,1.2671717284030137,
14758772,0,BELOW,mean_baseline,none,1.2880706957121062,
14758772,0,BELOW,median_baseline,none,1.2671717284030137,
14758779,0,BELOW,mean_baseline,none,1.2880706957121062,
14758779,0,BELOW,median_baseline,none,1.2671717284030137,
14758791,0,BELOW,mean_baseline,none,1.2880706957121062,
14758791,0,BELOW,median_baseline,none,1.2671717284030137,
14758795,0,BELOW,mean_baseline,none,1.2880706957121062,
14758795,0,BELOW,median_baseline,none,1.2671717284030137,
14758804,0,BELOW,mean_baseline,none,1.2880706957121062,
14758804,0,BELOW,median_baseline,none,1.2671717284030137,
14758806,0,BELOW,mean_baseline,none,1.2880706957121062,
14758806,0,BELOW,median_baseline,none,1.2671717284030137,
14758809,0,BELOW,mean_baseline,none,1.2880706957121062,
14758809,0,BELOW,median_baseline,none,1.2671717284030137,
14758816,0,BELOW,mean_baseline,none,1.2880706957121062,
14758816,0,BELOW,median_baseline,none,1.2671717284030137,
14758821,0,BELOW,mean_baseline,none,1.2880706957121062,
14758821,0,BELOW,median_baseline,none,1.2671717284030137,
14758827,0,BELOW,mean_baseline,none,1.2880706957121062,
14758827,0,BELOW,median_baseline,none,1.2671717284030137,
14758828,0,BELOW,mean_baseline,none,1.2880706957121062,
14758828,0,BELOW,median_baseline,none,1.2671717284030137,
14758830,0,BELOW,mean_baseline,none,1.2880706957121062,
14758830,0,BELOW,median_baseline,none,1.2671717284030137,
14758831,0,BELOW,mean_baseline,none,1.2880706957121062,
14758831,0,BELOW,median_baseline,none,1.2671717284030137,
14758834,0,BELOW,mean_baseline,none,1.2880706957121062,
14758834,0,BELOW,median_baseline,none,1.2671717284030137,
14758857,0,BELOW,mean_baseline,none,1.2880706957121062,
14758857,0,BELOW,median_baseline,none,1.2671717284030137,
14758862,0,BELOW,mean_baseline,none,1.2880706957121062,
14758862,0,BELOW,median_baseline,none,1.2671717284030137,
14758871,0,BELOW,mean_baseline,none,1.2880706957121062,
14758871,0,BELOW,median_baseline,none,1.2671717284030137,
14758878,0,BELOW,mean_baseline,none,1.2880706957121062,
14758878,0,BELOW,median_baseline,none,1.2671717284030137,
14758887,0,BELOW,mean_baseline,none,1.2880706957121062,
14758887,0,BELOW,median_baseline,none,1.2671717284030137,
14758892,0,BELOW,mean_baseline,none,1.2880706957121062,
14758892,0,BELOW,median_baseline,none,1.2671717284030137,
14758894,0,BELOW,mean_baseline,none,1.2880706957121062,
14758894,0,BELOW,median_baseline,none,1.2671717284030137,
14758895,0,BELOW,mean_baseline,none,1.2880706957121062,
14758895,0,BELOW,median_baseline,none,1.2671717284030137,
14758897,0,BELOW,mean_baseline,none,1.2880706957121062,
14758897,0,BELOW,median_baseline,none,1.2671717284030137,
14758920,0,BELOW,mean_baseline,none,1.2880706957121062,
14758920,0,BELOW,median_baseline,none,1.2671717284030137,
14758921,0,BELOW,mean_baseline,none,1.2880706957121062,
14758921,0,BELOW,median_baseline,none,1.2671717284030137,
14758924,0,IN-RANGE,mean_baseline,none,1.2880706957121062,0.48000694295715063
14758924,0,IN-RANGE,median_baseline,none,1.2671717284030137,0.48000694295715063
14758935,0,IN-RANGE,mean_baseline,none,1.2880706957121062,0.5198279937757188
14758935,0,IN-RANGE,median_baseline,none,1.2671717284030137,0.5198279937757188
14758973,0,IN-RANGE,mean_baseline,none,1.2880706957121062,0.6020599913279624
14758973,0,IN-RANGE,median_baseline,none,1.2671717284030137,0.6020599913279624
14758980,0,IN-RANGE,mean_baseline,none,1.2880706957121062,0.6020599913279624
14758980,0,IN-RANGE,median_baseline,none,1.2671717284030137,0.6020599913279624
14758993,0,IN-RANGE,mean_baseline,none,1.2880706957121062,0.60959440922522
14758993,0,IN-RANGE,median_baseline,none,1.2671717284030137,0.60959440922522
14758999,0,IN-RANGE,mean_baseline,none,1.2880706957121062,0.6201360549737575
14758999,0,IN-RANGE,median_baseline,none,1.2671717284030137,0.6201360549737575
14759810,0,IN-RANGE,mean_baseline,none,1.2880706957121062,0.6989700043360189
14759810,0,IN-RANGE,median_baseline,none,1.2671717284030137,0.6989700043360189
14759825,0,IN-RANGE,mean_baseline,none,1.2880706957121062,0.6989700043360189
14759825,0,IN-RANGE,median_baseline,none,1.2671717284030137,0.6989700043360189
14759860,0,IN-RANGE,mean_baseline,none,1.2880706957121062,0.7403626894942439
14759860,0,IN-RANGE,median_baseline,none,1.2671717284030137,0.7403626894942439
14759862,0,IN-RANGE,mean_baseline,none,1.2880706957121062,0.7403626894942439
14759862,0,IN-RANGE,median_baseline,none,1.2671717284030137,0.7403626894942439
14759864,0,IN-RANGE,mean_baseline,none,1.2880706957121062,0.7403626894942439
14759864,0,IN-RANGE,median_baseline,none,1.2671717284030137,0.7403626894942439
14759895,0,IN-RANGE,mean_baseline,none,1.2880706957121062,0.7781512503836436
14759895,0,IN-RANGE,median_baseline,none,1.2671717284030137,0.7781512503836436
14759906,0,IN-RANGE,mean_baseline,none,1.2880706957121062,0.7781512503836436
14759906,0,IN-RANGE,median_baseline,none,1.2671717284030137,0.7781512503836436
14759907,0,IN-RANGE,mean_baseline,none,1.2880706957121062,0.7781512503836436
14759907,0,IN-RANGE,median_baseline,none,1.2671717284030137,0.7781512503836436
14759922,0,IN-RANGE,mean_baseline,none,1.2880706957121062,0.7902851640332417
14759922,0,IN-RANGE,median_baseline,none,1.2671717284030137,0.7902851640332417
14759955,0,IN-RANGE,mean_baseline,none,1.2880706957121062,0.8401060944567578
14759955,0,IN-RANGE,median_baseline,none,1.2671717284030137,0.8401060944567578
14760008,0,IN-RANGE,mean_baseline,none,1.2880706957121062,0.8802417758954804
14760008,0,IN-RANGE,median_baseline,none,1.2671717284030137,0.8802417758954804
14760032,0,IN-RANGE,mean_baseline,none,1.2880706957121062,0.9030899869919435
14760032,0,IN-RANGE,median_baseline,none,1.2671717284030137,0.9030899869919435
14761128,0,IN-RANGE,mean_baseline,none,1.2880706957121062,0.9030899869919435
14761128,0,IN-RANGE,median_baseline,none,1.2671717284030137,0.9030899869919435
14761130,0,IN-RANGE,mean_baseline,none,1.2880706957121062,0.9030899869919435
14761130,0,IN-RANGE,median_baseline,none,1.2671717284030137,0.9030899869919435
14761137,0,IN-RANGE,mean_baseline,none,1.2880706957121062,0.9201233262907239
14761137,0,IN-RANGE,median_baseline,none,1.2671717284030137,0.9201233262907239
14761149,0,IN-RANGE,mean_baseline,none,1.2880706957121062,0.9299295600845878
14761149,0,IN-RANGE,median_baseline,none,1.2671717284030137,0.9299295600845878
14761150,0,IN-RANGE,mean_baseline,none,1.2880706957121062,0.9380190974762103
14761150,0,IN-RANGE,median_baseline,none,1.2671717284030137,0.9380190974762103
14761170,0,IN-RANGE,mean_baseline,none,1.2880706957121062,0.9542425094393249
14761170,0,IN-RANGE,median_baseline,none,1.2671717284030137,0.9542425094393249
14761171,0,IN-RANGE,mean_baseline,none,1.2880706957121062,0.9542425094393249
14761171,0,IN-RANGE,median_baseline,none,1.2671717284030137,0.9542425094393249
14761178,0,IN-RANGE,mean_baseline,none,1.2880706957121062,0.9542425094393249
14761178,0,IN-RANGE,median_baseline,none,1.2671717284030137,0.9542425094393249
14761192,0,IN-RANGE,mean_baseline,none,1.2880706957121062,0.9599948383284161
14761192,0,IN-RANGE,median_baseline,none,1.2671717284030137,0.9599948383284161
14761230,0,IN-RANGE,mean_baseline,none,1.2880706957121062,1.0
14761230,0,IN-RANGE,median_baseline,none,1.2671717284030137,1.0
14761237,0,IN-RANGE,mean_baseline,none,1.2880706957121062,1.0
14761237,0,IN-RANGE,median_baseline,none,1.2671717284030137,1.0
14761254,0,IN-RANGE,mean_baseline,none,1.2880706957121062,1.02816441942447
14761254,0,IN-RANGE,median_baseline,none,1.2671717284030137,1.02816441942447
14761277,0,IN-RANGE,mean_baseline,none,1.2880706957121062,1.0413926851582251
14761277,0,IN-RANGE,median_baseline,none,1.2671717284030137,1.0413926851582251
14761278,0,IN-RANGE,mean_baseline,none,1.2880706957121062,1.0413926851582251
14761278,0,IN-RANGE,median_baseline,none,1.2671717284030137,1.0413926851582251
14761279,0,IN-RANGE,mean_baseline,none,1.2880706957121062,1.0413926851582251
14761279,0,IN-RANGE,median_baseline,none,1.2671717284030137,1.0413926851582251
14761287,0,IN-RANGE,mean_baseline,none,1.2880706957121062,1.0413926851582251
14761287,0,IN-RANGE,median_baseline,none,1.2671717284030137,1.0413926851582251
14761288,0,IN-RANGE,mean_baseline,none,1.2880706957121062,1.0499928569201427
14761288,0,IN-RANGE,median_baseline,none,1.2671717284030137,1.0499928569201427
14761291,0,IN-RANGE,mean_baseline,none,1.2880706957121062,1.0499928569201427
14761291,0,IN-RANGE,median_baseline,none,1.2671717284030137,1.0499928569201427
14761298,0,IN-RANGE,mean_baseline,none,1.2880706957121062,1.0599418880619547
14761298,0,IN-RANGE,median_baseline,none,1.2671717284030137,1.0599418880619547
14761300,0,IN-RANGE,mean_baseline,none,1.2880706957121062,1.0599418880619547
14761300,0,IN-RANGE,median_baseline,none,1.2671717284030137,1.0599418880619547
14761313,0,IN-RANGE,mean_baseline,none,1.2880706957121062,1.0791812460476249
14761313,0,IN-RANGE,median_baseline,none,1.2671717284030137,1.0791812460476249
14761316,0,IN-RANGE,mean_baseline,none,1.2880706957121062,1.0791812460476249
14761316,0,IN-RANGE,median_baseline,none,1.2671717284030137,1.0791812460476249
14761318,0,IN-RANGE,mean_baseline,none,1.2880706957121062,1.0791812460476249
14761318,0,IN-RANGE,median_baseline,none,1.2671717284030137,1.0791812460476249
14761319,0,IN-RANGE,mean_baseline,none,1.2880706957121062,1.0791812460476249
14761319,0,IN-RANGE,median_baseline,none,1.2671717284030137,1.0791812460476249
14761323,0,IN-RANGE,mean_baseline,none,1.2880706957121062,1.0791812460476249
14761323,0,IN-RANGE,median_baseline,none,1.2671717284030137,1.0791812460476249
14761340,0,IN-RANGE,mean_baseline,none,1.2880706957121062,1.089905111439398
14761340,0,IN-RANGE,median_baseline,none,1.2671717284030137,1.089905111439398
14761341,0,IN-RANGE,mean_baseline,none,1.2880706957121062,1.089905111439398
14761341,0,IN-RANGE,median_baseline,none,1.2671717284030137,1.089905111439398
14761364,0,IN-RANGE,mean_baseline,none,1.2880706957121062,1.1139433523068367
14761364,0,IN-RANGE,median_baseline,none,1.2671717284030137,1.1139433523068367
14761366,0,IN-RANGE,mean_baseline,none,1.2880706957121062,1.1139433523068367
14761366,0,IN-RANGE,median_baseline,none,1.2671717284030137,1.1139433523068367
14762211,0,IN-RANGE,mean_baseline,none,1.2880706957121062,1.130333768495006
14762211,0,IN-RANGE,median_baseline,none,1.2671717284030137,1.130333768495006
14762220,0,IN-RANGE,mean_baseline,none,1.2880706957121062,1.1398790864012365
14762220,0,IN-RANGE,median_baseline,none,1.2671717284030137,1.1398790864012365
14762221,0,IN-RANGE,mean_baseline,none,1.2880706957121062,1.1398790864012365
14762221,0,IN-RANGE,median_baseline,none,1.2671717284030137,1.1398790864012365
14762222,0,IN-RANGE,mean_baseline,none,1.2880706957121062,1.1398790864012365
14762222,0,IN-RANGE,median_baseline,none,1.2671717284030137,1.1398790864012365
14762227,0,IN-RANGE,mean_baseline,none,1.2880706957121062,1.146128035678238
14762227,0,IN-RANGE,median_baseline,none,1.2671717284030137,1.146128035678238
14762230,0,IN-RANGE,mean_baseline,none,1.2880706957121062,1.146128035678238
14762230,0,IN-RANGE,median_baseline,none,1.2671717284030137,1.146128035678238
14762242,0,IN-RANGE,mean_baseline,none,1.2880706957121062,1.1501421618485586
14762242,0,IN-RANGE,median_baseline,none,1.2671717284030137,1.1501421618485586
14762243,0,IN-RANGE,mean_baseline,none,1.2880706957121062,1.1501421618485586
14762243,0,IN-RANGE,median_baseline,none,1.2671717284030137,1.1501421618485586
14762252,0,IN-RANGE,mean_baseline,none,1.2880706957121062,1.1598678470925667
14762252,0,IN-RANGE,median_baseline,none,1.2671717284030137,1.1598678470925667
14762255,0,IN-RANGE,mean_baseline,none,1.2880706957121062,1.1598678470925667
14762255,0,IN-RANGE,median_baseline,none,1.2671717284030137,1.1598678470925667
14762263,0,IN-RANGE,mean_baseline,none,1.2880706957121062,1.1699681739968923
14762263,0,IN-RANGE,median_baseline,none,1.2671717284030137,1.1699681739968923
14762277,0,IN-RANGE,mean_baseline,none,1.2880706957121062,1.1760912590556813
14762277,0,IN-RANGE,median_baseline,none,1.2671717284030137,1.1760912590556813
14762291,0,IN-RANGE,mean_baseline,none,1.2880706957121062,1.190051417759206
14762291,0,IN-RANGE,median_baseline,none,1.2671717284030137,1.190051417759206
14762303,0,IN-RANGE,mean_baseline,none,1.2880706957121062,1.2041199826559248
14762303,0,IN-RANGE,median_baseline,none,1.2671717284030137,1.2041199826559248
14762308,0,IN-RANGE,mean_baseline,none,1.2880706957121062,1.2041199826559248
14762308,0,IN-RANGE,median_baseline,none,1.2671717284030137,1.2041199826559248
14762319,0,IN-RANGE,mean_baseline,none,1.2880706957121062,1.2201080880400552
14762319,0,IN-RANGE,median_baseline,none,1.2671717284030137,1.2201080880400552
14762331,0,IN-RANGE,mean_baseline,none,1.2880706957121062,1.2304489213782739
14762331,0,IN-RANGE,median_baseline,none,1.2671717284030137,1.2304489213782739
14762387,0,IN-RANGE,mean_baseline,none,1.2880706957121062,1.2787536009528289
14762387,0,IN-RANGE,median_baseline,none,1.2671717284030137,1.2787536009528289
14762395,0,IN-RANGE,mean_baseline,none,1.2880706957121062,1.2798949800116382
14762395,0,IN-RANGE,median_baseline,none,1.2671717284030137,1.2798949800116382
14762396,0,IN-RANGE,mean_baseline,none,1.2880706957121062,1.2844307338445196
14762396,0,IN-RANGE,median_baseline,none,1.2671717284030137,1.2844307338445196
14762405,0,IN-RANGE,mean_baseline,none,1.2880706957121062,1.290034611362518
14762405,0,IN-RANGE,median_baseline,none,1.2671717284030137,1.290034611362518
14762425,0,IN-RANGE,mean_baseline,none,1.2880706957121062,1.3010299956639813
14762425,0,IN-RANGE,median_baseline,none,1.2671717284030137,1.3010299956639813
14762426,0,IN-RANGE,mean_baseline,none,1.2880706957121062,1.3010299956639813
14762426,0,IN-RANGE,median_baseline,none,1.2671717284030137,1.3010299956639813
14762435,0,IN-RANGE,mean_baseline,none,1.2880706957121062,1.3100557377508915
14762435,0,IN-RANGE,median_baseline,none,1.2671717284030137,1.3100557377508915
14762439,0,IN-RANGE,mean_baseline,none,1.2880706957121062,1.3117538610557542
14762439,0,IN-RANGE,median_baseline,none,1.2671717284030137,1.3117538610557542
14762452,0,IN-RANGE,mean_baseline,none,1.2880706957121062,1.3222192947339193
14762452,0,IN-RANGE,median_baseline,none,1.2671717284030137,1.3222192947339193
14762460,0,IN-RANGE,mean_baseline,none,1.2880706957121062,1.330007700872759
14762460,0,IN-RANGE,median_baseline,none,1.2671717284030137,1.330007700872759
14763275,0,IN-RANGE,mean_baseline,none,1.2880706957121062,1.3710678622717363
14763275,0,IN-RANGE,median_baseline,none,1.2671717284030137,1.3710678622717363
14763304,0,IN-RANGE,mean_baseline,none,1.2880706957121062,1.3979400086720377
14763304,0,IN-RANGE,median_baseline,none,1.2671717284030137,1.3979400086720377
14763331,0,IN-RANGE,mean_baseline,none,1.2880706957121062,1.420450859106068
14763331,0,IN-RANGE,median_baseline,none,1.2671717284030137,1.420450859106068
14763345,0,IN-RANGE,mean_baseline,none,1.2880706957121062,1.4313637641589874
14763345,0,IN-RANGE,median_baseline,none,1.2671717284030137,1.4313637641589874
14763346,0,IN-RANGE,mean_baseline,none,1.2880706957121062,1.4313637641589874
14763346,0,IN-RANGE,median_baseline,none,1.2671717284030137,1.4313637641589874
14763366,0,IN-RANGE,mean_baseline,none,1.2880706957121062,1.4471580313422192
14763366,0,IN-RANGE,median_baseline,none,1.2671717284030137,1.4471580313422192
14763377,0,IN-RANGE,mean_baseline,none,1.2880706957121062,1.4574276929464844
14763377,0,IN-RANGE,median_baseline,none,1.2671717284030137,1.4574276929464844
14763426,0,IN-RANGE,mean_baseline,none,1.2880706957121062,1.4913616938342726
14763426,0,IN-RANGE,median_baseline,none,1.2671717284030137,1.4913616938342726
14763437,0,IN-RANGE,mean_baseline,none,1.2880706957121062,1.5100085129402347
14763437,0,IN-RANGE,median_baseline,none,1.2671717284030137,1.5100085129402347
14763447,0,IN-RANGE,mean_baseline,none,1.2880706957121062,1.5185139398778875
14763447,0,IN-RANGE,median_baseline,none,1.2671717284030137,1.5185139398778875
14763449,0,IN-RANGE,mean_baseline,none,1.2880706957121062,1.5199591807520685
14763449,0,IN-RANGE,median_baseline,none,1.2671717284030137,1.5199591807520685
14763457,0,IN-RANGE,mean_baseline,none,1.2880706957121062,1.5314789170422551
14763457,0,IN-RANGE,median_baseline,none,1.2671717284030137,1.5314789170422551
14763463,0,IN-RANGE,mean_baseline,none,1.2880706957121062,1.5399538416563967
14763463,0,IN-RANGE,median_baseline,none,1.2671717284030137,1.5399538416563967
14763470,0,IN-RANGE,mean_baseline,none,1.2880706957121062,1.5440680443502757
14763470,0,IN-RANGE,median_baseline,none,1.2671717284030137,1.5440680443502757
14763472,0,IN-RANGE,mean_baseline,none,1.2880706957121062,1.5440680443502757
14763472,0,IN-RANGE,median_baseline,none,1.2671717284030137,1.5440680443502757
14763486,0,IN-RANGE,mean_baseline,none,1.2880706957121062,1.5563025007672873
14763486,0,IN-RANGE,median_baseline,none,1.2671717284030137,1.5563025007672873
14763501,0,IN-RANGE,mean_baseline,none,1.2880706957121062,1.569958818096594
14763501,0,IN-RANGE,median_baseline,none,1.2671717284030137,1.569958818096594
14763502,0,IN-RANGE,mean_baseline,none,1.2880706957121062,1.569958818096594
14763502,0,IN-RANGE,median_baseline,none,1.2671717284030137,1.569958818096594
14764282,0,IN-RANGE,mean_baseline,none,1.2880706957121062,1.5797835966168101
14764282,0,IN-RANGE,median_baseline,none,1.2671717284030137,1.5797835966168101
14764283,0,IN-RANGE,mean_baseline,none,1.2880706957121062,1.5797835966168101
14764283,0,IN-RANGE,median_baseline,none,1.2671717284030137,1.5797835966168101
14764298,0,IN-RANGE,mean_baseline,none,1.2880706957121062,1.591064607026499
14764298,0,IN-RANGE,median_baseline,none,1.2671717284030137,1.591064607026499
14764304,0,IN-RANGE,mean_baseline,none,1.2880706957121062,1.599992177584098
14764304,0,IN-RANGE,median_baseline,none,1.2671717284030137,1.599992177584098
14764320,0,IN-RANGE,mean_baseline,none,1.2880706957121062,1.6127838567197355
14764320,0,IN-RANGE,median_baseline,none,1.2671717284030137,1.6127838567197355
14764326,0,IN-RANGE,mean_baseline,none,1.2880706957121062,1.6200318951262973
14764326,0,IN-RANGE,median_baseline,none,1.2671717284030137,1.6200318951262973
14764330,0,IN-RANGE,mean_baseline,none,1.2880706957121062,1.6232492903979006
14764330,0,IN-RANGE,median_baseline,none,1.2671717284030137,1.6232492903979006
14764354,0,IN-RANGE,mean_baseline,none,1.2880706957121062,1.6399842480415885
14764354,0,IN-RANGE,median_baseline,none,1.2671717284030137,1.6399842480415885
14764355,0,IN-RANGE,mean_baseline,none,1.2880706957121062,1.6399842480415885
14764355,0,IN-RANGE,median_baseline,none,1.2671717284030137,1.6399842480415885
14764371,0,IN-RANGE,mean_baseline,none,1.2880706957121062,1.6600112212893308
14764371,0,IN-RANGE,median_baseline,none,1.2671717284030137,1.6600112212893308
14764386,0,IN-RANGE,mean_baseline,none,1.2880706957121062,1.6812412373755872
14764386,0,IN-RANGE,median_baseline,none,1.2671717284030137,1.6812412373755872
14764390,0,IN-RANGE,mean_baseline,none,1.2880706957121062,1.6900187807886953
14764390,0,IN-RANGE,median_baseline,none,1.2671717284030137,1.6900187807886953
14764391,0,IN-RANGE,mean_baseline,none,1.2880706957121062,1.6900187807886953
14764391,0,IN-RANGE,median_baseline,none,1.2671717284030137,1.6900187807886953
14764392,0,IN-RANGE,mean_baseline,none,1.2880706957121062,1.6901960800285136
14764392,0,IN-RANGE,median_baseline,none,1.2671717284030137,1.6901960800285136
14764403,0,IN-RANGE,mean_baseline,none,1.2880706957121062,1.7000110623221123
14764403,0,IN-RANGE,median_baseline,none,1.2671717284030137,1.7000110623221123
14764409,0,IN-RANGE,mean_baseline,none,1.2880706957121062,1.7075701760979363
14764409,0,IN-RANGE,median_baseline,none,1.2671717284030137,1.7075701760979363
14764414,0,IN-RANGE,mean_baseline,none,1.2880706957121062,1.7100326990657535
14764414,0,IN-RANGE,median_baseline,none,1.2671717284030137,1.7100326990657535
14764426,0,IN-RANGE,mean_baseline,none,1.2880706957121062,1.7199938263676038
14764426,0,IN-RANGE,median_baseline,none,1.2671717284030137,1.7199938263676038
14764430,0,IN-RANGE,mean_baseline,none,1.2880706957121062,1.724275869600789
14764430,0,IN-RANGE,median_baseline,none,1.2671717284030137,1.724275869600789
14764437,0,IN-RANGE,mean_baseline,none,1.2880706957121062,1.7323937598229686
14764437,0,IN-RANGE,median_baseline,none,1.2671717284030137,1.7323937598229686
14764446,0,IN-RANGE,mean_baseline,none,1.2880706957121062,1.7399676967595095
14764446,0,IN-RANGE,median_baseline,none,1.2671717284030137,1.7399676967595095
14764451,0,IN-RANGE,mean_baseline,none,1.2880706957121062,1.7481880270062005
14764451,0,IN-RANGE,median_baseline,none,1.2671717284030137,1.7481880270062005
14764452,0,IN-RANGE,mean_baseline,none,1.2880706957121062,1.7481880270062005
14764452,0,IN-RANGE,median_baseline,none,1.2671717284030137,1.7481880270062005
14764459,0,IN-RANGE,mean_baseline,none,1.2880706957121062,1.749968083509403
14764459,0,IN-RANGE,median_baseline,none,1.2671717284030137,1.749968083509403
14764466,0,IN-RANGE,mean_baseline,none,1.2880706957121062,1.7634279935629373
14764466,0,IN-RANGE,median_baseline,none,1.2671717284030137,1.7634279935629373
14764467,0,IN-RANGE,mean_baseline,none,1.2880706957121062,1.7634279935629373
14764467,0,IN-RANGE,median_baseline,none,1.2671717284030137,1.7634279935629373
14764472,0,IN-RANGE,mean_baseline,none,1.2880706957121062,1.7708520116421442
14764472,0,IN-RANGE,median_baseline,none,1.2671717284030137,1.7708520116421442
14764473,0,IN-RANGE,mean_baseline,none,1.2880706957121062,1.7708520116421442
14764473,0,IN-RANGE,median_baseline,none,1.2671717284030137,1.7708520116421442
14764480,0,IN-RANGE,mean_baseline,none,1.2880706957121062,1.7781512503836436
14764480,0,IN-RANGE,median_baseline,none,1.2671717284030137,1.7781512503836436
14764493,0,IN-RANGE,mean_baseline,none,1.2880706957121062,1.792391689498254
14764493,0,IN-RANGE,median_baseline,none,1.2671717284030137,1.792391689498254
14765331,0,IN-RANGE,mean_baseline,none,1.2880706957121062,1.8573324964312685
14765331,0,IN-RANGE,median_baseline,none,1.2671717284030137,1.8573324964312685
14765381,0,IN-RANGE,mean_baseline,none,1.2880706957121062,1.919078092376074
14765381,0,IN-RANGE,median_baseline,none,1.2671717284030137,1.919078092376074
14765391,0,IN-RANGE,mean_baseline,none,1.2880706957121062,1.9294189257142926
14765391,0,IN-RANGE,median_baseline,none,1.2671717284030137,1.9294189257142926
14765392,0,IN-RANGE,mean_baseline,none,1.2880706957121062,1.9294189257142926
14765392,0,IN-RANGE,median_baseline,none,1.2671717284030137,1.9294189257142926
14765394,0,IN-RANGE,mean_baseline,none,1.2880706957121062,1.9299805905155147
14765394,0,IN-RANGE,median_baseline,none,1.2671717284030137,1.9299805905155147
14765395,0,IN-RANGE,mean_baseline,none,1.2880706957121062,1.9344984512435677
14765395,0,IN-RANGE,median_baseline,none,1.2671717284030137,1.9344984512435677
14765407,0,IN-RANGE,mean_baseline,none,1.2880706957121062,1.9444826721501687
14765407,0,IN-RANGE,median_baseline,none,1.2671717284030137,1.9444826721501687
14765425,0,IN-RANGE,mean_baseline,none,1.2880706957121062,1.9731278535996986
14765425,0,IN-RANGE,median_baseline,none,1.2671717284030137,1.9731278535996986
14765426,0,IN-RANGE,mean_baseline,none,1.2880706957121062,1.9731278535996986
14765426,0,IN-RANGE,median_baseline,none,1.2671717284030137,1.9731278535996986
14765432,0,IN-RANGE,mean_baseline,none,1.2880706957121062,1.9800033715837464
14765432,0,IN-RANGE,median_baseline,none,1.2671717284030137,1.9800033715837464
14765440,0,IN-RANGE,mean_baseline,none,1.2880706957121062,1.99563519459755
14765440,0,IN-RANGE,median_baseline,none,1.2671717284030137,1.99563519459755
14765452,0,IN-RANGE,mean_baseline,none,1.2880706957121062,2.012837224705172
14765452,0,IN-RANGE,median_baseline,none,1.2671717284030137,2.012837224705172
14765460,0,IN-RANGE,mean_baseline,none,1.2880706957121062,2.019988159591285
14765460,0,IN-RANGE,median_baseline,none,1.2671717284030137,2.019988159591285
14765463,0,IN-RANGE,mean_baseline,none,1.2880706957121062,2.019988159591285
14765463,0,IN-RANGE,median_baseline,none,1.2671717284030137,2.019988159591285
14765468,0,IN-RANGE,mean_baseline,none,1.2880706957121062,2.0293837776852097
14765468,0,IN-RANGE,median_baseline,none,1.2671717284030137,2.0293837776852097
14765483,0,IN-RANGE,mean_baseline,none,1.2880706957121062,2.0492180226701815
14765483,0,IN-RANGE,median_baseline,none,1.2671717284030137,2.0492180226701815
14765487,0,IN-RANGE,mean_baseline,none,1.2880706957121062,2.0499928569201424
14765487,0,IN-RANGE,median_baseline,none,1.2671717284030137,2.0499928569201424
14765494,0,IN-RANGE,mean_baseline,none,1.2880706957121062,2.0644579892269186
14765494,0,IN-RANGE,median_baseline,none,1.2671717284030137,2.0644579892269186
14765500,0,IN-RANGE,mean_baseline,none,1.2880706957121062,2.070000903802345
14765500,0,IN-RANGE,median_baseline,none,1.2671717284030137,2.070000903802345
14765503,0,IN-RANGE,mean_baseline,none,1.2880706957121062,2.0755469613925306
14765503,0,IN-RANGE,median_baseline,none,1.2671717284030137,2.0755469613925306
14765529,0,IN-RANGE,mean_baseline,none,1.2880706957121062,2.109983294819892
14765529,0,IN-RANGE,median_baseline,none,1.2671717284030137,2.109983294819892
14765536,0,IN-RANGE,mean_baseline,none,1.2880706957121062,2.1271047983648077
14765536,0,IN-RANGE,median_baseline,none,1.2671717284030137,2.1271047983648077
14765551,0,IN-RANGE,mean_baseline,none,1.2880706957121062,2.146128035678238
14765551,0,IN-RANGE,median_baseline,none,1.2671717284030137,2.146128035678238
14766485,0,ABOVE,mean_baseline,none,1.2880706957121062,
14766485,0,ABOVE,median_baseline,none,1.2671717284030137,
14766487,0,ABOVE,mean_baseline,none,1.2880706957121062,
14766487,0,ABOVE,median_baseline,none,1.2671717284030137,
14766492,0,ABOVE,mean_baseline,none,1.2880706957121062,
14766492,0,ABOVE,median_baseline,none,1.2671717284030137,
14766493,0,ABOVE,mean_baseline,none,1.2880706957121062,
14766493,0,ABOVE,median_baseline,none,1.2671717284030137,
14766495,0,ABOVE,mean_baseline,none,1.2880706957121062,
14766495,0,ABOVE,median_baseline,none,1.2671717284030137,
14766497,0,ABOVE,mean_baseline,none,1.2880706957121062,
14766497,0,ABOVE,median_baseline,none,1.2671717284030137,
14766503,0,ABOVE,mean_baseline,none,1.2880706957121062,
14766503,0,ABOVE,median_baseline,none,1.2671717284030137,
14766508,0,ABOVE,mean_baseline,none,1.2880706957121062,
14766508,0,ABOVE,median_baseline,none,1.2671717284030137,
14766522,0,ABOVE,mean_baseline,none,1.2880706957121062,
14766522,0,ABOVE,median_baseline,none,1.2671717284030137,
14766527,0,ABOVE,mean_baseline,none,1.2880706957121062,
14766527,0,ABOVE,median_baseline,none,1.2671717284030137,
14766539,0,ABOVE,mean_baseline,none,1.2880706957121062,
14766539,0,ABOVE,median_baseline,none,1.2671717284030137,
14766542,0,ABOVE,mean_baseline,none,1.2880706957121062,
14766542,0,ABOVE,median_baseline,none,1.2671717284030137,
14766555,0,ABOVE,mean_baseline,none,1.2880706957121062,
14766555,0,ABOVE,median_baseline,none,1.2671717284030137,
14766557,0,ABOVE,mean_baseline,none,1.2880706957121062,
14766557,0,ABOVE,median_baseline,none,1.2671717284030137,
14766558,0,ABOVE,mean_baseline,none,1.2880706957121062,
14766558,0,ABOVE,median_baseline,none,1.2671717284030137,
14766565,0,ABOVE,mean_baseline,none,1.2880706957121062,
14766565,0,ABOVE,median_baseline,none,1.2671717284030137,
14766568,0,ABOVE,mean_baseline,none,1.2880706957121062,
14766568,0,ABOVE,median_baseline,none,1.2671717284030137,
14769803,0,IN-RANGE,mean_baseline,none,1.2880706957121062,0.47712125471966244
14769803,0,IN-RANGE,median_baseline,none,1.2671717284030137,0.47712125471966244
14769804,0,IN-RANGE,mean_baseline,none,1.2880706957121062,0.47712125471966244
14769804,0,IN-RANGE,median_baseline,none,1.2671717284030137,0.47712125471966244
14769812,0,IN-RANGE,mean_baseline,none,1.2880706957121062,0.47712125471966244
14769812,0,IN-RANGE,median_baseline,none,1.2671717284030137,0.47712125471966244
14769813,0,IN-RANGE,mean_baseline,none,1.2880706957121062,0.47712125471966244
14769813,0,IN-RANGE,median_baseline,none,1.2671717284030137,0.47712125471966244
14769822,0,BELOW,mean_baseline,none,1.2880706957121062,
14769822,0,BELOW,median_baseline,none,1.2671717284030137,
14769825,0,BELOW,mean_baseline,none,1.2880706957121062,
14769825,0,BELOW,median_baseline,none,1.2671717284030137,
14769827,0,BELOW,mean_baseline,none,1.2880706957121062,
14769827,0,BELOW,median_baseline,none,1.2671717284030137,
14769835,0,BELOW,mean_baseline,none,1.2880706957121062,
14769835,0,BELOW,median_baseline,none,1.2671717284030137,
14769840,0,BELOW,mean_baseline,none,1.2880706957121062,
14769840,0,BELOW,median_baseline,none,1.2671717284030137,
14769844,0,BELOW,mean_baseline,none,1.2880706957121062,
14769844,0,BELOW,median_baseline,none,1.2671717284030137,
14769846,0,BELOW,mean_baseline,none,1.2880706957121062,
14769846,0,BELOW,median_baseline,none,1.2671717284030137,
14769847,0,BELOW,mean_baseline,none,1.2880706957121062,
14769847,0,BELOW,median_baseline,none,1.2671717284030137,
14769851,0,BELOW,mean_baseline,none,1.2880706957121062,
14769851,0,BELOW,median_baseline,none,1.2671717284030137,
14769852,0,BELOW,mean_baseline,none,1.2880706957121062,
14769852,0,BELOW,median_baseline,none,1.2671717284030137,
14769853,0,BELOW,mean_baseline,none,1.2880706957121062,
14769853,0,BELOW,median_baseline,none,1.2671717284030137,
14769858,0,BELOW,mean_baseline,none,1.2880706957121062,
14769858,0,BELOW,median_baseline,none,1.2671717284030137,
14769861,0,BELOW,mean_baseline,none,1.2880706957121062,
14769861,0,BELOW,median_baseline,none,1.2671717284030137,
14769864,0,BELOW,mean_baseline,none,1.2880706957121062,
14769864,0,BELOW,median_baseline,none,1.2671717284030137,
14769871,0,BELOW,mean_baseline,none,1.2880706957121062,
14769871,0,BELOW,median_baseline,none,1.2671717284030137,
14769873,0,BELOW,mean_baseline,none,1.2880706957121062,
14769873,0,BELOW,median_baseline,none,1.2671717284030137,
14769878,0,BELOW,mean_baseline,none,1.2880706957121062,
14769878,0,BELOW,median_baseline,none,1.2671717284030137,
14769882,0,BELOW,mean_baseline,none,1.2880706957121062,
14769882,0,BELOW,median_baseline,none,1.2671717284030137,
14769887,0,BELOW,mean_baseline,none,1.2880706957121062,
14769887,0,BELOW,median_baseline,none,1.2671717284030137,
14769888,0,BELOW,mean_baseline,none,1.2880706957121062,
14769888,0,BELOW,median_baseline,none,1.2671717284030137,
14758722,0,BELOW,Ridge,descriptors,1.1826281523587028,
14758734,0,BELOW,Ridge,descriptors,1.2589918989181952,
14758750,0,BELOW,Ridge,descriptors,1.2914861488670035,
14758753,0,BELOW,Ridge,descriptors,1.2888876496652573,
14758757,0,BELOW,Ridge,descriptors,1.1796248848067927,
14758760,0,BELOW,Ridge,descriptors,1.2253690862693338,
14758763,0,BELOW,Ridge,descriptors,1.2402492081843124,
14758770,0,BELOW,Ridge,descriptors,1.186994371431956,
14758771,0,BELOW,Ridge,descriptors,1.2262294156490847,
14758772,0,BELOW,Ridge,descriptors,1.2423538063659025,
14758779,0,BELOW,Ridge,descriptors,1.2733976058311458,
14758791,0,BELOW,Ridge,descriptors,1.2101809944227218,
14758795,0,BELOW,Ridge,descriptors,1.2348328808180602,
14758804,0,BELOW,Ridge,descriptors,1.1118069477251966,
14758806,0,BELOW,Ridge,descriptors,1.2642942353371778,
14758809,0,BELOW,Ridge,descriptors,1.2642942353371778,
14758816,0,BELOW,Ridge,descriptors,1.3100533326076105,
14758821,0,BELOW,Ridge,descriptors,1.1893932473576152,
14758827,0,BELOW,Ridge,descriptors,1.1409273022294406,
14758828,0,BELOW,Ridge,descriptors,1.182280755153021,
14758830,0,BELOW,Ridge,descriptors,1.2050316214231667,
14758831,0,BELOW,Ridge,descriptors,1.204667734405322,
14758834,0,BELOW,Ridge,descriptors,1.2786599586578584,
14758857,0,BELOW,Ridge,descriptors,1.2596635539374266,
14758862,0,BELOW,Ridge,descriptors,1.1987463710910808,
14758871,0,BELOW,Ridge,descriptors,1.1926617669923394,
14758878,0,BELOW,Ridge,descriptors,1.2538363362500164,
14758887,0,BELOW,Ridge,descriptors,1.3389854564925885,
14758892,0,BELOW,Ridge,descriptors,1.342764081881032,
14758894,0,BELOW,Ridge,descriptors,1.208427293241246,
14758895,0,BELOW,Ridge,descriptors,1.2890671950388541,
14758897,0,BELOW,Ridge,descriptors,1.18804156450357,
14758920,0,BELOW,Ridge,descriptors,1.0998556168936038,
14758921,0,BELOW,Ridge,descriptors,1.21592622948834,
14758924,0,IN-RANGE,Ridge,descriptors,1.2006384271425796,0.48000694295715063
14758935,0,IN-RANGE,Ridge,descriptors,1.1492780446837656,0.5198279937757188
14758973,0,IN-RANGE,Ridge,descriptors,1.3531354675031344,0.6020599913279624
14758980,0,IN-RANGE,Ridge,descriptors,1.2234534563216055,0.6020599913279624
14758993,0,IN-RANGE,Ridge,descriptors,1.287806203739914,0.60959440922522
14758999,0,IN-RANGE,Ridge,descriptors,1.1347652174801053,0.6201360549737575
14759810,0,IN-RANGE,Ridge,descriptors,1.233863122683645,0.6989700043360189
14759825,0,IN-RANGE,Ridge,descriptors,1.1983427236199091,0.6989700043360189
14759860,0,IN-RANGE,Ridge,descriptors,1.1841346289342451,0.7403626894942439
14759862,0,IN-RANGE,Ridge,descriptors,1.3812606067030528,0.7403626894942439
14759864,0,IN-RANGE,Ridge,descriptors,1.3184469216851527,0.7403626894942439
14759895,0,IN-RANGE,Ridge,descriptors,1.2844764587598958,0.7781512503836436
14759906,0,IN-RANGE,Ridge,descriptors,1.1972337271900475,0.7781512503836436
14759907,0,IN-RANGE,Ridge,descriptors,1.2770272002018155,0.7781512503836436
14759922,0,IN-RANGE,Ridge,descriptors,1.3811698049656815,0.7902851640332417
14759955,0,IN-RANGE,Ridge,descriptors,1.2370274396460363,0.8401060944567578
14760008,0,IN-RANGE,Ridge,descriptors,1.2441414375638473,0.8802417758954804
14760032,0,IN-RANGE,Ridge,descriptors,1.3304213173391686,0.9030899869919435
14761128,0,IN-RANGE,Ridge,descriptors,1.1339497200422735,0.9030899869919435
14761130,0,IN-RANGE,Ridge,descriptors,1.2755203744372543,0.9030899869919435
14761137,0,IN-RANGE,Ridge,descriptors,1.2057589599593563,0.9201233262907239
14761149,0,IN-RANGE,Ridge,descriptors,1.2028522737352252,0.9299295600845878
14761150,0,IN-RANGE,Ridge,descriptors,1.34717142178664,0.9380190974762103
14761170,0,IN-RANGE,Ridge,descriptors,1.279902493346076,0.9542425094393249
14761171,0,IN-RANGE,Ridge,descriptors,1.2547204960590514,0.9542425094393249
14761178,0,IN-RANGE,Ridge,descriptors,1.2363044807748984,0.9542425094393249
14761192,0,IN-RANGE,Ridge,descriptors,1.2528805584930405,0.9599948383284161
14761230,0,IN-RANGE,Ridge,descriptors,1.1870614435353812,1.0
14761237,0,IN-RANGE,Ridge,descriptors,1.1883624490874805,1.0
14761254,0,IN-RANGE,Ridge,descriptors,1.1211742318191735,1.02816441942447
14761277,0,IN-RANGE,Ridge,descriptors,1.2693399020299008,1.0413926851582251
14761278,0,IN-RANGE,Ridge,descriptors,1.2369080349820347,1.0413926851582251
14761279,0,IN-RANGE,Ridge,descriptors,1.5494182068311844,1.0413926851582251
14761287,0,IN-RANGE,Ridge,descriptors,1.3675774438087318,1.0413926851582251
14761288,0,IN-RANGE,Ridge,descriptors,1.1347676436170069,1.0499928569201427
14761291,0,IN-RANGE,Ridge,descriptors,1.363291861702611,1.0499928569201427
14761298,0,IN-RANGE,Ridge,descriptors,1.2321181117376403,1.0599418880619547
14761300,0,IN-RANGE,Ridge,descriptors,1.3289378241181873,1.0599418880619547
14761313,0,IN-RANGE,Ridge,descriptors,1.32062927029776,1.0791812460476249
14761316,0,IN-RANGE,Ridge,descriptors,1.14648239992648,1.0791812460476249
14761318,0,IN-RANGE,Ridge,descriptors,1.2207630787269284,1.0791812460476249
14761319,0,IN-RANGE,Ridge,descriptors,1.263213160710611,1.0791812460476249
14761323,0,IN-RANGE,Ridge,descriptors,1.2484090847906393,1.0791812460476249
14761340,0,IN-RANGE,Ridge,descriptors,1.1834995805036974,1.089905111439398
14761341,0,IN-RANGE,Ridge,descriptors,1.1846976880112217,1.089905111439398
14761364,0,IN-RANGE,Ridge,descriptors,1.2957594412281241,1.1139433523068367
14761366,0,IN-RANGE,Ridge,descriptors,1.1813899120121774,1.1139433523068367
14762211,0,IN-RANGE,Ridge,descriptors,1.2370364871504882,1.130333768495006
14762220,0,IN-RANGE,Ridge,descriptors,1.3915962880529877,1.1398790864012365
14762221,0,IN-RANGE,Ridge,descriptors,1.1872391495333958,1.1398790864012365
14762222,0,IN-RANGE,Ridge,descriptors,1.217981724838718,1.1398790864012365
14762227,0,IN-RANGE,Ridge,descriptors,1.3283585837543868,1.146128035678238
14762230,0,IN-RANGE,Ridge,descriptors,1.1839528558928363,1.146128035678238
14762242,0,IN-RANGE,Ridge,descriptors,1.2995411635435588,1.1501421618485586
14762243,0,IN-RANGE,Ridge,descriptors,1.0417382081133895,1.1501421618485586
14762252,0,IN-RANGE,Ridge,descriptors,1.1805404232300516,1.1598678470925667
14762255,0,IN-RANGE,Ridge,descriptors,1.3586494819717942,1.1598678470925667
14762263,0,IN-RANGE,Ridge,descriptors,1.1399335549979877,1.1699681739968923
14762277,0,IN-RANGE,Ridge,descriptors,1.2331176156770998,1.1760912590556813
14762291,0,IN-RANGE,Ridge,descriptors,1.2035236827009566,1.190051417759206
14762303,0,IN-RANGE,Ridge,descriptors,1.0814182904295007,1.2041199826559248
14762308,0,IN-RANGE,Ridge,descriptors,1.341063273763329,1.2041199826559248
14762319,0,IN-RANGE,Ridge,descriptors,1.1537821815694127,1.2201080880400552
14762331,0,IN-RANGE,Ridge,descriptors,1.1857992380703968,1.2304489213782739
14762387,0,IN-RANGE,Ridge,descriptors,1.3646684900500705,1.2787536009528289
14762395,0,IN-RANGE,Ridge,descriptors,1.275701781512551,1.2798949800116382
14762396,0,IN-RANGE,Ridge,descriptors,1.1237495756261773,1.2844307338445196
14762405,0,IN-RANGE,Ridge,descriptors,1.6099454949762215,1.290034611362518
14762425,0,IN-RANGE,Ridge,descriptors,1.2340053109971287,1.3010299956639813
14762426,0,IN-RANGE,Ridge,descriptors,1.5494182068311844,1.3010299956639813
14762435,0,IN-RANGE,Ridge,descriptors,1.470037005941596,1.3100557377508915
14762439,0,IN-RANGE,Ridge,descriptors,1.090691833413802,1.3117538610557542
14762452,0,IN-RANGE,Ridge,descriptors,1.1204613710363684,1.3222192947339193
14762460,0,IN-RANGE,Ridge,descriptors,1.290065678257498,1.330007700872759
14763275,0,IN-RANGE,Ridge,descriptors,1.2230658991750805,1.3710678622717363
14763304,0,IN-RANGE,Ridge,descriptors,1.4077077077331264,1.3979400086720377
14763331,0,IN-RANGE,Ridge,descriptors,1.3481551886857321,1.420450859106068
14763345,0,IN-RANGE,Ridge,descriptors,1.1204613710363687,1.4313637641589874
14763346,0,IN-RANGE,Ridge,descriptors,1.201181975874621,1.4313637641589874
14763366,0,IN-RANGE,Ridge,descriptors,1.3221230182692225,1.4471580313422192
14763377,0,IN-RANGE,Ridge,descriptors,1.2381628927237984,1.4574276929464844
14763426,0,IN-RANGE,Ridge,descriptors,1.1671397178043859,1.4913616938342726
14763437,0,IN-RANGE,Ridge,descriptors,1.3352790829088315,1.5100085129402347
14763447,0,IN-RANGE,Ridge,descriptors,1.2555137901767108,1.5185139398778875
14763449,0,IN-RANGE,Ridge,descriptors,1.205122496087399,1.5199591807520685
14763457,0,IN-RANGE,Ridge,descriptors,1.2680639704172898,1.5314789170422551
14763463,0,IN-RANGE,Ridge,descriptors,1.3323825554937918,1.5399538416563967
14763470,0,IN-RANGE,Ridge,descriptors,1.2873175660628815,1.5440680443502757
14763472,0,IN-RANGE,Ridge,descriptors,1.5521085844258617,1.5440680443502757
14763486,0,IN-RANGE,Ridge,descriptors,1.6231177515377637,1.5563025007672873
14763501,0,IN-RANGE,Ridge,descriptors,1.3770638730849045,1.569958818096594
14763502,0,IN-RANGE,Ridge,descriptors,1.1976405575611877,1.569958818096594
14764282,0,IN-RANGE,Ridge,descriptors,1.254150107779471,1.5797835966168101
14764283,0,IN-RANGE,Ridge,descriptors,1.2896832846784354,1.5797835966168101
14764298,0,IN-RANGE,Ridge,descriptors,1.1966509506452387,1.591064607026499
14764304,0,IN-RANGE,Ridge,descriptors,1.2045471405977652,1.599992177584098
14764320,0,IN-RANGE,Ridge,descriptors,1.25330131057802,1.6127838567197355
14764326,0,IN-RANGE,Ridge,descriptors,1.1650258056451888,1.6200318951262973
14764330,0,IN-RANGE,Ridge,descriptors,1.2866574745261756,1.6232492903979006
14764354,0,IN-RANGE,Ridge,descriptors,1.2924569209580339,1.6399842480415885
14764355,0,IN-RANGE,Ridge,descriptors,1.311789443049855,1.6399842480415885
14764371,0,IN-RANGE,Ridge,descriptors,1.2935913185984087,1.6600112212893308
14764386,0,IN-RANGE,Ridge,descriptors,1.3003065593458971,1.6812412373755872
14764390,0,IN-RANGE,Ridge,descriptors,1.2901835441697909,1.6900187807886953
14764391,0,IN-RANGE,Ridge,descriptors,1.3011555536657218,1.6900187807886953
14764392,0,IN-RANGE,Ridge,descriptors,1.200105204811282,1.6901960800285136
14764403,0,IN-RANGE,Ridge,descriptors,1.1677560540921559,1.7000110623221123
14764409,0,IN-RANGE,Ridge,descriptors,1.1637004632823216,1.7075701760979363
14764414,0,IN-RANGE,Ridge,descriptors,1.179287379057556,1.7100326990657535
14764426,0,IN-RANGE,Ridge,descriptors,1.4142524024678782,1.7199938263676038
14764430,0,IN-RANGE,Ridge,descriptors,1.251460288766132,1.724275869600789
14764437,0,IN-RANGE,Ridge,descriptors,1.4276922917996409,1.7323937598229686
14764446,0,IN-RANGE,Ridge,descriptors,1.4206590306699658,1.7399676967595095
14764451,0,IN-RANGE,Ridge,descriptors,1.24538890951262,1.7481880270062005
14764452,0,IN-RANGE,Ridge,descriptors,1.3654090813883553,1.7481880270062005
14764459,0,IN-RANGE,Ridge,descriptors,1.2389654114071225,1.749968083509403
14764466,0,IN-RANGE,Ridge,descriptors,1.6592777881061984,1.7634279935629373
14764467,0,IN-RANGE,Ridge,descriptors,1.2572599210035291,1.7634279935629373
14764472,0,IN-RANGE,Ridge,descriptors,1.34730577407815,1.7708520116421442
14764473,0,IN-RANGE,Ridge,descriptors,1.2510440492555823,1.7708520116421442
14764480,0,IN-RANGE,Ridge,descriptors,1.2476721860323232,1.7781512503836436
14764493,0,IN-RANGE,Ridge,descriptors,1.2767183937284616,1.792391689498254
14765331,0,IN-RANGE,Ridge,descriptors,1.4117304209301418,1.8573324964312685
14765381,0,IN-RANGE,Ridge,descriptors,1.3566611362673362,1.919078092376074
14765391,0,IN-RANGE,Ridge,descriptors,1.3277134607721675,1.9294189257142926
14765392,0,IN-RANGE,Ridge,descriptors,1.235799329302538,1.9294189257142926
14765394,0,IN-RANGE,Ridge,descriptors,1.1864333415197665,1.9299805905155147
14765395,0,IN-RANGE,Ridge,descriptors,1.2968959119239178,1.9344984512435677
14765407,0,IN-RANGE,Ridge,descriptors,1.3190590374609956,1.9444826721501687
14765425,0,IN-RANGE,Ridge,descriptors,1.2452444170181851,1.9731278535996986
14765426,0,IN-RANGE,Ridge,descriptors,1.2335061106111174,1.9731278535996986
14765432,0,IN-RANGE,Ridge,descriptors,1.38745718814844,1.9800033715837464
14765440,0,IN-RANGE,Ridge,descriptors,1.3966414215586755,1.99563519459755
14765452,0,IN-RANGE,Ridge,descriptors,1.1286000174542687,2.012837224705172
14765460,0,IN-RANGE,Ridge,descriptors,1.2110201411175863,2.019988159591285
14765463,0,IN-RANGE,Ridge,descriptors,1.3790380221650782,2.019988159591285
14765468,0,IN-RANGE,Ridge,descriptors,1.1892923336329657,2.0293837776852097
14765483,0,IN-RANGE,Ridge,descriptors,1.1737030975884268,2.0492180226701815
14765487,0,IN-RANGE,Ridge,descriptors,1.4089905204807,2.0499928569201424
14765494,0,IN-RANGE,Ridge,descriptors,1.2720570809337268,2.0644579892269186
14765500,0,IN-RANGE,Ridge,descriptors,1.3400651182150007,2.070000903802345
14765503,0,IN-RANGE,Ridge,descriptors,1.2645140657646783,2.0755469613925306
14765529,0,IN-RANGE,Ridge,descriptors,1.207796317458866,2.109983294819892
14765536,0,IN-RANGE,Ridge,descriptors,1.344673000187469,2.1271047983648077
14765551,0,IN-RANGE,Ridge,descriptors,1.4236372539957918,2.146128035678238
14766485,0,ABOVE,Ridge,descriptors,1.2547093675023968,
14766487,0,ABOVE,Ridge,descriptors,1.1956305758665788,
14766492,0,ABOVE,Ridge,descriptors,1.3637588542486436,
14766493,0,ABOVE,Ridge,descriptors,1.1825175145790932,
14766495,0,ABOVE,Ridge,descriptors,1.2052923914097122,
14766497,0,ABOVE,Ridge,descriptors,1.3353764603988298,
14766503,0,ABOVE,Ridge,descriptors,1.2510089562552171,
14766508,0,ABOVE,Ridge,descriptors,1.3291950383737952,
14766522,0,ABOVE,Ridge,descriptors,1.296794711740655,
14766527,0,ABOVE,Ridge,descriptors,1.2977966950540463,
14766539,0,ABOVE,Ridge,descriptors,1.2931864143978629,
14766542,0,ABOVE,Ridge,descriptors,1.1743216538692587,
14766555,0,ABOVE,Ridge,descriptors,1.357305551868711,
14766557,0,ABOVE,Ridge,descriptors,1.2619592255670335,
14766558,0,ABOVE,Ridge,descriptors,1.2401750775855562,
14766565,0,ABOVE,Ridge,descriptors,1.2619592255670335,
14766568,0,ABOVE,Ridge,descriptors,1.359564375167748,
14769803,0,IN-RANGE,Ridge,descriptors,1.3444810441919626,0.47712125471966244
14769804,0,IN-RANGE,Ridge,descriptors,1.3134460167518631,0.47712125471966244
14769812,0,IN-RANGE,Ridge,descriptors,1.2651902933412187,0.47712125471966244
14769813,0,IN-RANGE,Ridge,descriptors,1.4294586889163965,0.47712125471966244
14769822,0,BELOW,Ridge,descriptors,1.5089323511954995,
14769825,0,BELOW,Ridge,descriptors,1.228766414072366,
14769827,0,BELOW,Ridge,descriptors,1.2351454630017904,
14769835,0,BELOW,Ridge,descriptors,1.2489618312582071,
14769840,0,BELOW,Ridge,descriptors,1.303146665283266,
14769844,0,BELOW,Ridge,descriptors,1.214226600664882,
14769846,0,BELOW,Ridge,descriptors,1.195648794743128,
14769847,0,BELOW,Ridge,descriptors,1.3278610685078804,
14769851,0,BELOW,Ridge,descriptors,1.199924104784725,
14769852,0,BELOW,Ridge,descriptors,1.2234534563216055,
14769853,0,BELOW,Ridge,descriptors,1.2500981860487415,
14769858,0,BELOW,Ridge,descriptors,1.2175749923379129,
14769861,0,BELOW,Ridge,descriptors,1.228919793243762,
14769864,0,BELOW,Ridge,descriptors,1.232249819628627,
14769871,0,BELOW,Ridge,descriptors,1.2913012613775283,
14769873,0,BELOW,Ridge,descriptors,1.1815530232761535,
14769878,0,BELOW,Ridge,descriptors,1.2454688624915917,
14769882,0,BELOW,Ridge,descriptors,1.18231526240147,
14769887,0,BELOW,Ridge,descriptors,1.226605425897111,
14769888,0,BELOW,Ridge,descriptors,1.3708080514221654,
14758722,0,BELOW,RandomForestRegressor,descriptors,1.1779293733311444,
14758734,0,BELOW,RandomForestRegressor,descriptors,0.9550621071425526,
14758750,0,BELOW,RandomForestRegressor,descriptors,1.3897794936606005,
14758753,0,BELOW,RandomForestRegressor,descriptors,1.2969568931061863,
14758757,0,BELOW,RandomForestRegressor,descriptors,1.047152481113326,
14758760,0,BELOW,RandomForestRegressor,descriptors,1.1114475243334878,
14758763,0,BELOW,RandomForestRegressor,descriptors,1.348160293743495,
14758770,0,BELOW,RandomForestRegressor,descriptors,0.9536005628607082,
14758771,0,BELOW,RandomForestRegressor,descriptors,1.3147729620704982,
14758772,0,BELOW,RandomForestRegressor,descriptors,1.1801894928677505,
14758779,0,BELOW,RandomForestRegressor,descriptors,1.210721473129425,
14758791,0,BELOW,RandomForestRegressor,descriptors,1.4152521820571493,
14758795,0,BELOW,RandomForestRegressor,descriptors,1.2184687443953843,
14758804,0,BELOW,RandomForestRegressor,descriptors,1.2649443749601552,
14758806,0,BELOW,RandomForestRegressor,descriptors,1.0353157234499344,
14758809,0,BELOW,RandomForestRegressor,descriptors,1.0353157234499344,
14758816,0,BELOW,RandomForestRegressor,descriptors,1.299668499629794,
14758821,0,BELOW,RandomForestRegressor,descriptors,1.1881469544439645,
14758827,0,BELOW,RandomForestRegressor,descriptors,1.0415170358405275,
14758828,0,BELOW,RandomForestRegressor,descriptors,1.107458036013857,
14758830,0,BELOW,RandomForestRegressor,descriptors,1.2828080352802629,
14758831,0,BELOW,RandomForestRegressor,descriptors,0.8966707394507479,
14758834,0,BELOW,RandomForestRegressor,descriptors,1.638611792768031,
14758857,0,BELOW,RandomForestRegressor,descriptors,1.2214665734382844,
14758862,0,BELOW,RandomForestRegressor,descriptors,0.8514107122116228,
14758871,0,BELOW,RandomForestRegressor,descriptors,1.129496129734462,
14758878,0,BELOW,RandomForestRegressor,descriptors,1.334910216562521,
14758887,0,BELOW,RandomForestRegressor,descriptors,1.396480612685054,
14758892,0,BELOW,RandomForestRegressor,descriptors,1.1003898915825843,
14758894,0,BELOW,RandomForestRegressor,descriptors,1.4475511420367593,
14758895,0,BELOW,RandomForestRegressor,descriptors,1.0152229273248106,
14758897,0,BELOW,RandomForestRegressor,descriptors,1.139272391113449,
14758920,0,BELOW,RandomForestRegressor,descriptors,1.0646358198120738,
14758921,0,BELOW,RandomForestRegressor,descriptors,1.1788129895653414,
14758924,0,IN-RANGE,RandomForestRegressor,descriptors,1.1628567684808773,0.48000694295715063
14758935,0,IN-RANGE,RandomForestRegressor,descriptors,0.9668780588031161,0.5198279937757188
14758973,0,IN-RANGE,RandomForestRegressor,descriptors,1.091418297047844,0.6020599913279624
14758980,0,IN-RANGE,RandomForestRegressor,descriptors,1.214519104938779,0.6020599913279624
14758993,0,IN-RANGE,RandomForestRegressor,descriptors,1.4120556457499622,0.60959440922522
14758999,0,IN-RANGE,RandomForestRegressor,descriptors,1.0807237152292704,0.6201360549737575
14759810,0,IN-RANGE,RandomForestRegressor,descriptors,1.2956441252367892,0.6989700043360189
14759825,0,IN-RANGE,RandomForestRegressor,descriptors,0.9133318447909337,0.6989700043360189
14759860,0,IN-RANGE,RandomForestRegressor,descriptors,1.3435218146636,0.7403626894942439
14759862,0,IN-RANGE,RandomForestRegressor,descriptors,1.2460541378900012,0.7403626894942439
14759864,0,IN-RANGE,RandomForestRegressor,descriptors,0.910638847357362,0.7403626894942439
14759895,0,IN-RANGE,RandomForestRegressor,descriptors,1.3953729912485602,0.7781512503836436
14759906,0,IN-RANGE,RandomForestRegressor,descriptors,1.2654157229970235,0.7781512503836436
14759907,0,IN-RANGE,RandomForestRegressor,descriptors,0.919354267981995,0.7781512503836436
14759922,0,IN-RANGE,RandomForestRegressor,descriptors,0.8514701261308448,0.7902851640332417
14759955,0,IN-RANGE,RandomForestRegressor,descriptors,1.308611316836736,0.8401060944567578
14760008,0,IN-RANGE,RandomForestRegressor,descriptors,1.2232766878733852,0.8802417758954804
14760032,0,IN-RANGE,RandomForestRegressor,descriptors,1.4220897727401662,0.9030899869919435
14761128,0,IN-RANGE,RandomForestRegressor,descriptors,1.106152011500003,0.9030899869919435
14761130,0,IN-RANGE,RandomForestRegressor,descriptors,1.3498467656465405,0.9030899869919435
14761137,0,IN-RANGE,RandomForestRegressor,descriptors,1.276526302934001,0.9201233262907239
14761149,0,IN-RANGE,RandomForestRegressor,descriptors,1.3545737671173506,0.9299295600845878
14761150,0,IN-RANGE,RandomForestRegressor,descriptors,1.3178137143393966,0.9380190974762103
14761170,0,IN-RANGE,RandomForestRegressor,descriptors,1.2567817582543903,0.9542425094393249
14761171,0,IN-RANGE,RandomForestRegressor,descriptors,1.1324595467027672,0.9542425094393249
14761178,0,IN-RANGE,RandomForestRegressor,descriptors,0.9139820989905738,0.9542425094393249
14761192,0,IN-RANGE,RandomForestRegressor,descriptors,1.2056396951205672,0.9599948383284161
14761230,0,IN-RANGE,RandomForestRegressor,descriptors,1.155961406126178,1.0
14761237,0,IN-RANGE,RandomForestRegressor,descriptors,1.40954677501692,1.0
14761254,0,IN-RANGE,RandomForestRegressor,descriptors,1.097240583830943,1.02816441942447
14761277,0,IN-RANGE,RandomForestRegressor,descriptors,1.2809894563407953,1.0413926851582251
14761278,0,IN-RANGE,RandomForestRegressor,descriptors,1.2760052278559415,1.0413926851582251
14761279,0,IN-RANGE,RandomForestRegressor,descriptors,1.077765964306058,1.0413926851582251
14761287,0,IN-RANGE,RandomForestRegressor,descriptors,1.3302747891565097,1.0413926851582251
14761288,0,IN-RANGE,RandomForestRegressor,descriptors,1.0818926777164164,1.0499928569201427
14761291,0,IN-RANGE,RandomForestRegressor,descriptors,1.5812048676376114,1.0499928569201427
14761298,0,IN-RANGE,RandomForestRegressor,descriptors,1.1203035547470968,1.0599418880619547
14761300,0,IN-RANGE,RandomForestRegressor,descriptors,1.340755421693374,1.0599418880619547
14761313,0,IN-RANGE,RandomForestRegressor,descriptors,0.9530705088322344,1.0791812460476249
14761316,0,IN-RANGE,RandomForestRegressor,descriptors,1.1178501651096087,1.0791812460476249
14761318,0,IN-RANGE,RandomForestRegressor,descriptors,1.2739938980921237,1.0791812460476249
14761319,0,IN-RANGE,RandomForestRegressor,descriptors,1.2437759748484114,1.0791812460476249
14761323,0,IN-RANGE,RandomForestRegressor,descriptors,1.0945048566213236,1.0791812460476249
14761340,0,IN-RANGE,RandomForestRegressor,descriptors,1.391452699027485,1.089905111439398
14761341,0,IN-RANGE,RandomForestRegressor,descriptors,1.3879068496691827,1.089905111439398
14761364,0,IN-RANGE,RandomForestRegressor,descriptors,1.3276578429465236,1.1139433523068367
14761366,0,IN-RANGE,RandomForestRegressor,descriptors,1.066415763038623,1.1139433523068367
14762211,0,IN-RANGE,RandomForestRegressor,descriptors,1.3669859141661285,1.130333768495006
14762220,0,IN-RANGE,RandomForestRegressor,descriptors,1.311316988515418,1.1398790864012365
14762221,0,IN-RANGE,RandomForestRegressor,descriptors,1.1019477059899858,1.1398790864012365
14762222,0,IN-RANGE,RandomForestRegressor,descriptors,0.9898263338145967,1.1398790864012365
14762227,0,IN-RANGE,RandomForestRegressor,descriptors,1.1482861974642133,1.146128035678238
14762230,0,IN-RANGE,RandomForestRegressor,descriptors,1.3340287932325379,1.146128035678238
14762242,0,IN-RANGE,RandomForestRegressor,descriptors,1.2031041989787843,1.1501421618485586
14762243,0,IN-RANGE,RandomForestRegressor,descriptors,1.0511518600215297,1.1501421618485586
14762252,0,IN-RANGE,RandomForestRegressor,descriptors,1.3631042773933333,1.1598678470925667
14762255,0,IN-RANGE,RandomForestRegressor,descriptors,1.2815841530765517,1.1598678470925667
14762263,0,IN-RANGE,RandomForestRegressor,descriptors,0.9582532906917113,1.1699681739968923
14762277,0,IN-RANGE,RandomForestRegressor,descriptors,1.2833986050631094,1.1760912590556813
14762291,0,IN-RANGE,RandomForestRegressor,descriptors,1.2489904553527984,1.190051417759206
14762303,0,IN-RANGE,RandomForestRegressor,descriptors,0.9400609166740171,1.2041199826559248
14762308,0,IN-RANGE,RandomForestRegressor,descriptors,1.3011741923637614,1.2041199826559248
14762319,0,IN-RANGE,RandomForestRegressor,descriptors,1.189055863140722,1.2201080880400552
14762331,0,IN-RANGE,RandomForestRegressor,descriptors,1.2714881740096278,1.2304489213782739
14762387,0,IN-RANGE,RandomForestRegressor,descriptors,1.5871072050728898,1.2787536009528289
14762395,0,IN-RANGE,RandomForestRegressor,descriptors,1.4325570670323815,1.2798949800116382
14762396,0,IN-RANGE,RandomForestRegressor,descriptors,1.2869280376675563,1.2844307338445196
14762405,0,IN-RANGE,RandomForestRegressor,descriptors,1.478539949422395,1.290034611362518
14762425,0,IN-RANGE,RandomForestRegressor,descriptors,0.9498966694885991,1.3010299956639813
14762426,0,IN-RANGE,RandomForestRegressor,descriptors,1.077765964306058,1.3010299956639813
14762435,0,IN-RANGE,RandomForestRegressor,descriptors,1.4555000597935095,1.3100557377508915
14762439,0,IN-RANGE,RandomForestRegressor,descriptors,1.2625671264932208,1.3117538610557542
14762452,0,IN-RANGE,RandomForestRegressor,descriptors,1.3166173954722324,1.3222192947339193
14762460,0,IN-RANGE,RandomForestRegressor,descriptors,1.2718319440388708,1.330007700872759
14763275,0,IN-RANGE,RandomForestRegressor,descriptors,1.3064894945254213,1.3710678622717363
14763304,0,IN-RANGE,RandomForestRegressor,descriptors,1.2023578896557994,1.3979400086720377
14763331,0,IN-RANGE,RandomForestRegressor,descriptors,1.2295419853656673,1.420450859106068
14763345,0,IN-RANGE,RandomForestRegressor,descriptors,1.3166173954722324,1.4313637641589874
14763346,0,IN-RANGE,RandomForestRegressor,descriptors,1.1006671883440877,1.4313637641589874
14763366,0,IN-RANGE,RandomForestRegressor,descriptors,1.3098349652753913,1.4471580313422192
14763377,0,IN-RANGE,RandomForestRegressor,descriptors,1.3231434105282929,1.4574276929464844
14763426,0,IN-RANGE,RandomForestRegressor,descriptors,1.3138420312154273,1.4913616938342726
14763437,0,IN-RANGE,RandomForestRegressor,descriptors,1.4306866572423496,1.5100085129402347
14763447,0,IN-RANGE,RandomForestRegressor,descriptors,1.5906091998909495,1.5185139398778875
14763449,0,IN-RANGE,RandomForestRegressor,descriptors,1.3378440837200054,1.5199591807520685
14763457,0,IN-RANGE,RandomForestRegressor,descriptors,1.4454135789962206,1.5314789170422551
14763463,0,IN-RANGE,RandomForestRegressor,descriptors,1.3848829408363053,1.5399538416563967
14763470,0,IN-RANGE,RandomForestRegressor,descriptors,1.2807364803619985,1.5440680443502757
14763472,0,IN-RANGE,RandomForestRegressor,descriptors,1.1500568334304377,1.5440680443502757
14763486,0,IN-RANGE,RandomForestRegressor,descriptors,1.699864010076288,1.5563025007672873
14763501,0,IN-RANGE,RandomForestRegressor,descriptors,1.3332593128938952,1.569958818096594
14763502,0,IN-RANGE,RandomForestRegressor,descriptors,1.1801079265878474,1.569958818096594
14764282,0,IN-RANGE,RandomForestRegressor,descriptors,1.5238911151177772,1.5797835966168101
14764283,0,IN-RANGE,RandomForestRegressor,descriptors,1.3405410824682957,1.5797835966168101
14764298,0,IN-RANGE,RandomForestRegressor,descriptors,1.276995414471891,1.591064607026499
14764304,0,IN-RANGE,RandomForestRegressor,descriptors,1.5176383381632106,1.599992177584098
14764320,0,IN-RANGE,RandomForestRegressor,descriptors,1.3264169608451395,1.6127838567197355
14764326,0,IN-RANGE,RandomForestRegressor,descriptors,1.2871936706305422,1.6200318951262973
14764330,0,IN-RANGE,RandomForestRegressor,descriptors,1.1481443698055056,1.6232492903979006
14764354,0,IN-RANGE,RandomForestRegressor,descriptors,1.622374977135766,1.6399842480415885
14764355,0,IN-RANGE,RandomForestRegressor,descriptors,1.365747836655219,1.6399842480415885
14764371,0,IN-RANGE,RandomForestRegressor,descriptors,1.568384797145673,1.6600112212893308
14764386,0,IN-RANGE,RandomForestRegressor,descriptors,2.0102576334139695,1.6812412373755872
14764390,0,IN-RANGE,RandomForestRegressor,descriptors,1.1995734747201134,1.6900187807886953
14764391,0,IN-RANGE,RandomForestRegressor,descriptors,1.4600677837586509,1.6900187807886953
14764392,0,IN-RANGE,RandomForestRegressor,descriptors,1.2271098926911832,1.6901960800285136
14764403,0,IN-RANGE,RandomForestRegressor,descriptors,1.1413587806846381,1.7000110623221123
14764409,0,IN-RANGE,RandomForestRegressor,descriptors,1.5744659742540597,1.7075701760979363
14764414,0,IN-RANGE,RandomForestRegressor,descriptors,1.4059145166521319,1.7100326990657535
14764426,0,IN-RANGE,RandomForestRegressor,descriptors,1.4448135083447207,1.7199938263676038
14764430,0,IN-RANGE,RandomForestRegressor,descriptors,1.2636006423493107,1.724275869600789
14764437,0,IN-RANGE,RandomForestRegressor,descriptors,1.4508442136655386,1.7323937598229686
14764446,0,IN-RANGE,RandomForestRegressor,descriptors,1.2726943660826688,1.7399676967595095
14764451,0,IN-RANGE,RandomForestRegressor,descriptors,1.1513801296858437,1.7481880270062005
14764452,0,IN-RANGE,RandomForestRegressor,descriptors,1.5160807687468065,1.7481880270062005
14764459,0,IN-RANGE,RandomForestRegressor,descriptors,1.240418396867432,1.749968083509403
14764466,0,IN-RANGE,RandomForestRegressor,descriptors,1.566571492032927,1.7634279935629373
14764467,0,IN-RANGE,RandomForestRegressor,descriptors,1.4619603978220783,1.7634279935629373
14764472,0,IN-RANGE,RandomForestRegressor,descriptors,1.4429825087625878,1.7708520116421442
14764473,0,IN-RANGE,RandomForestRegressor,descriptors,1.4176704520028494,1.7708520116421442
14764480,0,IN-RANGE,RandomForestRegressor,descriptors,1.3766670825936347,1.7781512503836436
14764493,0,IN-RANGE,RandomForestRegressor,descriptors,1.4757267920179433,1.792391689498254
14765331,0,IN-RANGE,RandomForestRegressor,descriptors,1.4823541617993368,1.8573324964312685
14765381,0,IN-RANGE,RandomForestRegressor,descriptors,1.4402099902386885,1.919078092376074
14765391,0,IN-RANGE,RandomForestRegressor,descriptors,1.6772910553377838,1.9294189257142926
14765392,0,IN-RANGE,RandomForestRegressor,descriptors,1.315642558326,1.9294189257142926
14765394,0,IN-RANGE,RandomForestRegressor,descriptors,1.2985402824436654,1.9299805905155147
14765395,0,IN-RANGE,RandomForestRegressor,descriptors,1.5043046665652826,1.9344984512435677
14765407,0,IN-RANGE,RandomForestRegressor,descriptors,1.738598735222391,1.9444826721501687
14765425,0,IN-RANGE,RandomForestRegressor,descriptors,1.3438598827560728,1.9731278535996986
14765426,0,IN-RANGE,RandomForestRegressor,descriptors,1.5706674474047206,1.9731278535996986
14765432,0,IN-RANGE,RandomForestRegressor,descriptors,1.465145254528781,1.9800033715837464
14765440,0,IN-RANGE,RandomForestRegressor,descriptors,1.3653522249617687,1.99563519459755
14765452,0,IN-RANGE,RandomForestRegressor,descriptors,1.1028188126106537,2.012837224705172
14765460,0,IN-RANGE,RandomForestRegressor,descriptors,1.503670184322727,2.019988159591285
14765463,0,IN-RANGE,RandomForestRegressor,descriptors,1.399632551745029,2.019988159591285
14765468,0,IN-RANGE,RandomForestRegressor,descriptors,1.2324038739443721,2.0293837776852097
14765483,0,IN-RANGE,RandomForestRegressor,descriptors,1.137440877302067,2.0492180226701815
14765487,0,IN-RANGE,RandomForestRegressor,descriptors,1.6535804534581533,2.0499928569201424
14765494,0,IN-RANGE,RandomForestRegressor,descriptors,1.2003778329108805,2.0644579892269186
14765500,0,IN-RANGE,RandomForestRegressor,descriptors,1.505126648842866,2.070000903802345
14765503,0,IN-RANGE,RandomForestRegressor,descriptors,1.3357470749064038,2.0755469613925306
14765529,0,IN-RANGE,RandomForestRegressor,descriptors,1.4716723680536685,2.109983294819892
14765536,0,IN-RANGE,RandomForestRegressor,descriptors,1.1875936905171742,2.1271047983648077
14765551,0,IN-RANGE,RandomForestRegressor,descriptors,1.4192657701965379,2.146128035678238
14766485,0,ABOVE,RandomForestRegressor,descriptors,1.1195573009974578,
14766487,0,ABOVE,RandomForestRegressor,descriptors,1.1062611660580526,
14766492,0,ABOVE,RandomForestRegressor,descriptors,1.3194867819290321,
14766493,0,ABOVE,RandomForestRegressor,descriptors,1.5568070622069872,
14766495,0,ABOVE,RandomForestRegressor,descriptors,1.5834457023452229,
14766497,0,ABOVE,RandomForestRegressor,descriptors,1.643468206011502,
14766503,0,ABOVE,RandomForestRegressor,descriptors,1.3128389508415506,
14766508,0,ABOVE,RandomForestRegressor,descriptors,1.1977439121354307,
14766522,0,ABOVE,RandomForestRegressor,descriptors,1.2957949426694586,
14766527,0,ABOVE,RandomForestRegressor,descriptors,1.4443225828095079,
14766539,0,ABOVE,RandomForestRegressor,descriptors,1.398828587004706,
14766542,0,ABOVE,RandomForestRegressor,descriptors,1.2175815572733677,
14766555,0,ABOVE,RandomForestRegressor,descriptors,1.2956862838294543,
14766557,0,ABOVE,RandomForestRegressor,descriptors,1.3364450391412275,
14766558,0,ABOVE,RandomForestRegressor,descriptors,1.3058175724512742,
14766565,0,ABOVE,RandomForestRegressor,descriptors,1.3364450391412275,
14766568,0,ABOVE,RandomForestRegressor,descriptors,1.4109396665986393,
14769803,0,IN-RANGE,RandomForestRegressor,descriptors,1.1084620236882774,0.47712125471966244
14769804,0,IN-RANGE,RandomForestRegressor,descriptors,1.22326438762745,0.47712125471966244
14769812,0,IN-RANGE,RandomForestRegressor,descriptors,0.9514814892628618,0.47712125471966244
14769813,0,IN-RANGE,RandomForestRegressor,descriptors,1.1625116982789867,0.47712125471966244
14769822,0,BELOW,RandomForestRegressor,descriptors,1.2612279956714763,
14769825,0,BELOW,RandomForestRegressor,descriptors,1.1629525496794666,
14769827,0,BELOW,RandomForestRegressor,descriptors,1.144217562477441,
14769835,0,BELOW,RandomForestRegressor,descriptors,1.0872329195077157,
14769840,0,BELOW,RandomForestRegressor,descriptors,1.3203488487768191,
14769844,0,BELOW,RandomForestRegressor,descriptors,1.0927748974197495,
14769846,0,BELOW,RandomForestRegressor,descriptors,0.8868514017935045,
14769847,0,BELOW,RandomForestRegressor,descriptors,0.944403837138696,
14769851,0,BELOW,RandomForestRegressor,descriptors,1.1641861376438924,
14769852,0,BELOW,RandomForestRegressor,descriptors,1.214519104938779,
14769853,0,BELOW,RandomForestRegressor,descriptors,0.8156484240041416,
14769858,0,BELOW,RandomForestRegressor,descriptors,1.1803330071598586,
14769861,0,BELOW,RandomForestRegressor,descriptors,1.263181297935775,
14769864,0,BELOW,RandomForestRegressor,descriptors,1.368711505568585,
14769871,0,BELOW,RandomForestRegressor,descriptors,1.2820540378531304,
14769873,0,BELOW,RandomForestRegressor,descriptors,1.206138999148507,
14769878,0,BELOW,RandomForestRegressor,descriptors,1.4139719842549545,
14769882,0,BELOW,RandomForestRegressor,descriptors,1.0512426083868296,
14769887,0,BELOW,RandomForestRegressor,descriptors,1.2356685611934646,
14769888,0,BELOW,RandomForestRegressor,descriptors,1.239304597567801,
14758722,0,BELOW,Ridge,Morgan,1.447451711244617,
14758734,0,BELOW,Ridge,Morgan,1.482249413087172,
14758750,0,BELOW,Ridge,Morgan,1.2835781503966035,
14758753,0,BELOW,Ridge,Morgan,1.1314691909823,
14758757,0,BELOW,Ridge,Morgan,1.2862037498879353,
14758760,0,BELOW,Ridge,Morgan,1.4359215379760029,
14758763,0,BELOW,Ridge,Morgan,1.5050511206466635,
14758770,0,BELOW,Ridge,Morgan,1.0170899083810254,
14758771,0,BELOW,Ridge,Morgan,1.0755078826074231,
14758772,0,BELOW,Ridge,Morgan,1.1730798384636554,
14758779,0,BELOW,Ridge,Morgan,0.9206482340426045,
14758791,0,BELOW,Ridge,Morgan,1.1502773951136436,
14758795,0,BELOW,Ridge,Morgan,1.170951326841577,
14758804,0,BELOW,Ridge,Morgan,1.2986231258380065,
14758806,0,BELOW,Ridge,Morgan,0.9962318094610587,
14758809,0,BELOW,Ridge,Morgan,1.0258857781945505,
14758816,0,BELOW,Ridge,Morgan,1.475193007435538,
14758821,0,BELOW,Ridge,Morgan,1.469670607078986,
14758827,0,BELOW,Ridge,Morgan,1.1744527270453438,
14758828,0,BELOW,Ridge,Morgan,1.0207000347722324,
14758830,0,BELOW,Ridge,Morgan,1.1242515080404147,
14758831,0,BELOW,Ridge,Morgan,1.3617114003139983,
14758834,0,BELOW,Ridge,Morgan,1.2648208982978129,
14758857,0,BELOW,Ridge,Morgan,1.2069882269083967,
14758862,0,BELOW,Ridge,Morgan,0.7773632560777374,
14758871,0,BELOW,Ridge,Morgan,0.9869858274655086,
14758878,0,BELOW,Ridge,Morgan,1.1362594673632564,
14758887,0,BELOW,Ridge,Morgan,1.021699523915858,
14758892,0,BELOW,Ridge,Morgan,0.791141719035292,
14758894,0,BELOW,Ridge,Morgan,1.3720290346790258,
14758895,0,BELOW,Ridge,Morgan,0.9748972502610406,
14758897,0,BELOW,Ridge,Morgan,1.22485789031017,
14758920,0,BELOW,Ridge,Morgan,1.569389678878283,
14758921,0,BELOW,Ridge,Morgan,0.9663724100453224,
14758924,0,IN-RANGE,Ridge,Morgan,0.9671939904496807,0.48000694295715063
14758935,0,IN-RANGE,Ridge,Morgan,0.9438003857654187,0.5198279937757188
14758973,0,IN-RANGE,Ridge,Morgan,1.0134437618186503,0.6020599913279624
14758980,0,IN-RANGE,Ridge,Morgan,1.1136216111851753,0.6020599913279624
14758993,0,IN-RANGE,Ridge,Morgan,1.3712306723505898,0.60959440922522
14758999,0,IN-RANGE,Ridge,Morgan,1.4323950981029205,0.6201360549737575
14759810,0,IN-RANGE,Ridge,Morgan,1.283920055712385,0.6989700043360189
14759825,0,IN-RANGE,Ridge,Morgan,0.5316027871333693,0.6989700043360189
14759860,0,IN-RANGE,Ridge,Morgan,1.5500416746389853,0.7403626894942439
14759862,0,IN-RANGE,Ridge,Morgan,0.8536882929936871,0.7403626894942439
14759864,0,IN-RANGE,Ridge,Morgan,1.2503170368791967,0.7403626894942439
14759895,0,IN-RANGE,Ridge,Morgan,1.1869433119223745,0.7781512503836436
14759906,0,IN-RANGE,Ridge,Morgan,1.0983038880438771,0.7781512503836436
14759907,0,IN-RANGE,Ridge,Morgan,1.2991728088736654,0.7781512503836436
14759922,0,IN-RANGE,Ridge,Morgan,1.108090121335721,0.7902851640332417
14759955,0,IN-RANGE,Ridge,Morgan,1.0288400219429055,0.8401060944567578
14760008,0,IN-RANGE,Ridge,Morgan,1.7373659108210826,0.8802417758954804
14760032,0,IN-RANGE,Ridge,Morgan,1.1137455130979785,0.9030899869919435
14761128,0,IN-RANGE,Ridge,Morgan,1.3398050284687653,0.9030899869919435
14761130,0,IN-RANGE,Ridge,Morgan,0.9979918004929571,0.9030899869919435
14761137,0,IN-RANGE,Ridge,Morgan,1.6950063365288448,0.9201233262907239
14761149,0,IN-RANGE,Ridge,Morgan,1.3824780421515792,0.9299295600845878
14761150,0,IN-RANGE,Ridge,Morgan,1.3759806950719284,0.9380190974762103
14761170,0,IN-RANGE,Ridge,Morgan,1.4012269748143547,0.9542425094393249
14761171,0,IN-RANGE,Ridge,Morgan,1.469396429514804,0.9542425094393249
14761178,0,IN-RANGE,Ridge,Morgan,1.377520832658911,0.9542425094393249
14761192,0,IN-RANGE,Ridge,Morgan,1.486261323283157,0.9599948383284161
14761230,0,IN-RANGE,Ridge,Morgan,1.1149666334260588,1.0
14761237,0,IN-RANGE,Ridge,Morgan,1.4912132087909888,1.0
14761254,0,IN-RANGE,Ridge,Morgan,1.2130717951727163,1.02816441942447
14761277,0,IN-RANGE,Ridge,Morgan,1.468742738643837,1.0413926851582251
14761278,0,IN-RANGE,Ridge,Morgan,1.1969979810674147,1.0413926851582251
14761279,0,IN-RANGE,Ridge,Morgan,1.4253377793318747,1.0413926851582251
14761287,0,IN-RANGE,Ridge,Morgan,1.513845161490305,1.0413926851582251
14761288,0,IN-RANGE,Ridge,Morgan,0.9424585172283406,1.0499928569201427
14761291,0,IN-RANGE,Ridge,Morgan,1.2960808343835393,1.0499928569201427
14761298,0,IN-RANGE,Ridge,Morgan,1.241978939207664,1.0599418880619547
14761300,0,IN-RANGE,Ridge,Morgan,1.3951912002612794,1.0599418880619547
14761313,0,IN-RANGE,Ridge,Morgan,1.0462749196153505,1.0791812460476249
14761316,0,IN-RANGE,Ridge,Morgan,0.8364534281265282,1.0791812460476249
14761318,0,IN-RANGE,Ridge,Morgan,1.1990930175750865,1.0791812460476249
14761319,0,IN-RANGE,Ridge,Morgan,1.267097298319181,1.0791812460476249
14761323,0,IN-RANGE,Ridge,Morgan,1.55933803960759,1.0791812460476249
14761340,0,IN-RANGE,Ridge,Morgan,1.4582008632930212,1.089905111439398
14761341,0,IN-RANGE,Ridge,Morgan,1.4977680963235562,1.089905111439398
14761364,0,IN-RANGE,Ridge,Morgan,1.2571948493928544,1.1139433523068367
14761366,0,IN-RANGE,Ridge,Morgan,1.4487274629889377,1.1139433523068367
14762211,0,IN-RANGE,Ridge,Morgan,1.4555245399039887,1.130333768495006
14762220,0,IN-RANGE,Ridge,Morgan,1.2727538579223863,1.1398790864012365
14762221,0,IN-RANGE,Ridge,Morgan,0.6916462619522189,1.1398790864012365
14762222,0,IN-RANGE,Ridge,Morgan,1.578744802504254,1.1398790864012365
14762227,0,IN-RANGE,Ridge,Morgan,1.5287153644059654,1.146128035678238
14762230,0,IN-RANGE,Ridge,Morgan,1.421146861384002,1.146128035678238
14762242,0,IN-RANGE,Ridge,Morgan,1.3431717596427741,1.1501421618485586
14762243,0,IN-RANGE,Ridge,Morgan,1.1240991030357221,1.1501421618485586
14762252,0,IN-RANGE,Ridge,Morgan,1.4915575230071716,1.1598678470925667
14762255,0,IN-RANGE,Ridge,Morgan,1.4227201907521811,1.1598678470925667
14762263,0,IN-RANGE,Ridge,Morgan,1.0002543232606087,1.1699681739968923
14762277,0,IN-RANGE,Ridge,Morgan,1.601919773467201,1.1760912590556813
14762291,0,IN-RANGE,Ridge,Morgan,0.7682223171132061,1.190051417759206
14762303,0,IN-RANGE,Ridge,Morgan,1.3225067676299156,1.2041199826559248
14762308,0,IN-RANGE,Ridge,Morgan,1.0753345270196286,1.2041199826559248
14762319,0,IN-RANGE,Ridge,Morgan,1.3070239552428253,1.2201080880400552
14762331,0,IN-RANGE,Ridge,Morgan,1.367926319601894,1.2304489213782739
14762387,0,IN-RANGE,Ridge,Morgan,1.2800635746004132,1.2787536009528289
14762395,0,IN-RANGE,Ridge,Morgan,1.6163774560919473,1.2798949800116382
14762396,0,IN-RANGE,Ridge,Morgan,1.1296686310796933,1.2844307338445196
14762405,0,IN-RANGE,Ridge,Morgan,1.3692640937410883,1.290034611362518
14762425,0,IN-RANGE,Ridge,Morgan,1.4471262237599452,1.3010299956639813
14762426,0,IN-RANGE,Ridge,Morgan,1.1546939318465215,1.3010299956639813
14762435,0,IN-RANGE,Ridge,Morgan,1.4323491463034683,1.3100557377508915
14762439,0,IN-RANGE,Ridge,Morgan,1.2719127221995725,1.3117538610557542
14762452,0,IN-RANGE,Ridge,Morgan,1.1234229752764455,1.3222192947339193
14762460,0,IN-RANGE,Ridge,Morgan,1.6503503712413314,1.330007700872759
14763275,0,IN-RANGE,Ridge,Morgan,1.0236331381270891,1.3710678622717363
14763304,0,IN-RANGE,Ridge,Morgan,1.4331175646582142,1.3979400086720377
14763331,0,IN-RANGE,Ridge,Morgan,1.3425333545274634,1.420450859106068
14763345,0,IN-RANGE,Ridge,Morgan,1.3100948925432156,1.4313637641589874
14763346,0,IN-RANGE,Ridge,Morgan,0.8990029197058068,1.4313637641589874
14763366,0,IN-RANGE,Ridge,Morgan,1.307040347038628,1.4471580313422192
14763377,0,IN-RANGE,Ridge,Morgan,1.2634050108068657,1.4574276929464844
14763426,0,IN-RANGE,Ridge,Morgan,1.1644621293625586,1.4913616938342726
14763437,0,IN-RANGE,Ridge,Morgan,1.1203570812162786,1.5100085129402347
14763447,0,IN-RANGE,Ridge,Morgan,1.4759728703224404,1.5185139398778875
14763449,0,IN-RANGE,Ridge,Morgan,0.9972998238171544,1.5199591807520685
14763457,0,IN-RANGE,Ridge,Morgan,1.816560112773588,1.5314789170422551
14763463,0,IN-RANGE,Ridge,Morgan,1.1695322483866235,1.5399538416563967
14763470,0,IN-RANGE,Ridge,Morgan,1.4021731093482197,1.5440680443502757
14763472,0,IN-RANGE,Ridge,Morgan,1.284964429244805,1.5440680443502757
14763486,0,IN-RANGE,Ridge,Morgan,1.7200564586989886,1.5563025007672873
14763501,0,IN-RANGE,Ridge,Morgan,1.1599855609847822,1.569958818096594
14763502,0,IN-RANGE,Ridge,Morgan,1.1557973850476453,1.569958818096594
14764282,0,IN-RANGE,Ridge,Morgan,1.1145637039356011,1.5797835966168101
14764283,0,IN-RANGE,Ridge,Morgan,1.2247885826752527,1.5797835966168101
14764298,0,IN-RANGE,Ridge,Morgan,1.1906524701326406,1.591064607026499
14764304,0,IN-RANGE,Ridge,Morgan,1.6850114140391135,1.599992177584098
14764320,0,IN-RANGE,Ridge,Morgan,1.634220197867196,1.6127838567197355
14764326,0,IN-RANGE,Ridge,Morgan,1.5002021892945685,1.6200318951262973
14764330,0,IN-RANGE,Ridge,Morgan,1.6452968918979676,1.6232492903979006
14764354,0,IN-RANGE,Ridge,Morgan,1.2950587412072205,1.6399842480415885
14764355,0,IN-RANGE,Ridge,Morgan,1.4640589378545341,1.6399842480415885
14764371,0,IN-RANGE,Ridge,Morgan,1.4800920311248695,1.6600112212893308
14764386,0,IN-RANGE,Ridge,Morgan,2.012777853243863,1.6812412373755872
14764390,0,IN-RANGE,Ridge,Morgan,1.3783518720289187,1.6900187807886953
14764391,0,IN-RANGE,Ridge,Morgan,1.1508377865121042,1.6900187807886953
14764392,0,IN-RANGE,Ridge,Morgan,1.4869553869919616,1.6901960800285136
14764403,0,IN-RANGE,Ridge,Morgan,1.5682365865882841,1.7000110623221123
14764409,0,IN-RANGE,Ridge,Morgan,1.542891330296023,1.7075701760979363
14764414,0,IN-RANGE,Ridge,Morgan,1.4910827997299716,1.7100326990657535
14764426,0,IN-RANGE,Ridge,Morgan,1.4142316831597894,1.7199938263676038
14764430,0,IN-RANGE,Ridge,Morgan,1.4706811603260974,1.724275869600789
14764437,0,IN-RANGE,Ridge,Morgan,1.489585629752874,1.7323937598229686
14764446,0,IN-RANGE,Ridge,Morgan,1.2523238600005806,1.7399676967595095
14764451,0,IN-RANGE,Ridge,Morgan,1.7932051429476266,1.7481880270062005
14764452,0,IN-RANGE,Ridge,Morgan,1.8118959452369663,1.7481880270062005
14764459,0,IN-RANGE,Ridge,Morgan,1.7732133932421896,1.749968083509403
14764466,0,IN-RANGE,Ridge,Morgan,1.141310279454799,1.7634279935629373
14764467,0,IN-RANGE,Ridge,Morgan,1.171658797504153,1.7634279935629373
14764472,0,IN-RANGE,Ridge,Morgan,1.2350156133577996,1.7708520116421442
14764473,0,IN-RANGE,Ridge,Morgan,1.4668468339839578,1.7708520116421442
14764480,0,IN-RANGE,Ridge,Morgan,1.4097517404154056,1.7781512503836436
14764493,0,IN-RANGE,Ridge,Morgan,1.7149667431273792,1.792391689498254
14765331,0,IN-RANGE,Ridge,Morgan,1.813418113891135,1.8573324964312685
14765381,0,IN-RANGE,Ridge,Morgan,1.1896288923369875,1.919078092376074
14765391,0,IN-RANGE,Ridge,Morgan,1.7748323301741948,1.9294189257142926
14765392,0,IN-RANGE,Ridge,Morgan,1.6157682416025252,1.9294189257142926
14765394,0,IN-RANGE,Ridge,Morgan,1.6871926480670618,1.9299805905155147
14765395,0,IN-RANGE,Ridge,Morgan,1.4704068496412361,1.9344984512435677
14765407,0,IN-RANGE,Ridge,Morgan,1.6553330724565845,1.9444826721501687
14765425,0,IN-RANGE,Ridge,Morgan,1.6343907053124804,1.9731278535996986
14765426,0,IN-RANGE,Ridge,Morgan,1.5505876629187125,1.9731278535996986
14765432,0,IN-RANGE,Ridge,Morgan,1.4182018951238766,1.9800033715837464
14765440,0,IN-RANGE,Ridge,Morgan,1.5765554113714781,1.99563519459755
14765452,0,IN-RANGE,Ridge,Morgan,1.374365701404357,2.012837224705172
14765460,0,IN-RANGE,Ridge,Morgan,1.1089512041913827,2.019988159591285
14765463,0,IN-RANGE,Ridge,Morgan,1.4051428318692138,2.019988159591285
14765468,0,IN-RANGE,Ridge,Morgan,1.193510019081274,2.0293837776852097
14765483,0,IN-RANGE,Ridge,Morgan,1.229510035768175,2.0492180226701815
14765487,0,IN-RANGE,Ridge,Morgan,1.6235718781779742,2.0499928569201424
14765494,0,IN-RANGE,Ridge,Morgan,1.2960598410372492,2.0644579892269186
14765500,0,IN-RANGE,Ridge,Morgan,1.8452023754820073,2.070000903802345
14765503,0,IN-RANGE,Ridge,Morgan,1.1337556404716882,2.0755469613925306
14765529,0,IN-RANGE,Ridge,Morgan,1.9466731488709537,2.109983294819892
14765536,0,IN-RANGE,Ridge,Morgan,1.2714579441111082,2.1271047983648077
14765551,0,IN-RANGE,Ridge,Morgan,1.6315146599645682,2.146128035678238
14766485,0,ABOVE,Ridge,Morgan,1.0371495406977649,
14766487,0,ABOVE,Ridge,Morgan,1.3662165529294568,
14766492,0,ABOVE,Ridge,Morgan,1.289879572810813,
14766493,0,ABOVE,Ridge,Morgan,1.4290899042235863,
14766495,0,ABOVE,Ridge,Morgan,1.4511561463920732,
14766497,0,ABOVE,Ridge,Morgan,1.8390563020901836,
14766503,0,ABOVE,Ridge,Morgan,1.3028090906937684,
14766508,0,ABOVE,Ridge,Morgan,1.5794930818751527,
14766522,0,ABOVE,Ridge,Morgan,1.4125862129794928,
14766527,0,ABOVE,Ridge,Morgan,1.5288758002031009,
14766539,0,ABOVE,Ridge,Morgan,0.8866593025861058,
14766542,0,ABOVE,Ridge,Morgan,1.29707951414104,
14766555,0,ABOVE,Ridge,Morgan,1.8050703027135797,
14766557,0,ABOVE,Ridge,Morgan,1.29773784309235,
14766558,0,ABOVE,Ridge,Morgan,0.9793868298886095,
14766565,0,ABOVE,Ridge,Morgan,1.261732576476049,
14766568,0,ABOVE,Ridge,Morgan,1.4957694437298827,
14769803,0,IN-RANGE,Ridge,Morgan,1.112234529589141,0.47712125471966244
14769804,0,IN-RANGE,Ridge,Morgan,1.4003077039069651,0.47712125471966244
14769812,0,IN-RANGE,Ridge,Morgan,1.458917987925013,0.47712125471966244
14769813,0,IN-RANGE,Ridge,Morgan,0.8159007565417697,0.47712125471966244
14769822,0,BELOW,Ridge,Morgan,1.1100200468922017,
14769825,0,BELOW,Ridge,Morgan,1.2987858773020617,
14769827,0,BELOW,Ridge,Morgan,0.7579105070396702,
14769835,0,BELOW,Ridge,Morgan,1.0844476687597011,
14769840,0,BELOW,Ridge,Morgan,1.0775266700859223,
14769844,0,BELOW,Ridge,Morgan,0.9251937643480423,
14769846,0,BELOW,Ridge,Morgan,1.1073037631067602,
14769847,0,BELOW,Ridge,Morgan,1.4505152795946277,
14769851,0,BELOW,Ridge,Morgan,0.9794692126462754,
14769852,0,BELOW,Ridge,Morgan,1.4331802090735306,
14769853,0,BELOW,Ridge,Morgan,0.6314097287318302,
14769858,0,BELOW,Ridge,Morgan,1.1166954444711987,
14769861,0,BELOW,Ridge,Morgan,1.1713951062736594,
14769864,0,BELOW,Ridge,Morgan,1.2098609056730159,
14769871,0,BELOW,Ridge,Morgan,1.1076415013618277,
14769873,0,BELOW,Ridge,Morgan,1.0634245150326316,
14769878,0,BELOW,Ridge,Morgan,1.3850353158263042,
14769882,0,BELOW,Ridge,Morgan,1.37675173622593,
14769887,0,BELOW,Ridge,Morgan,1.879582044028564,
14769888,0,BELOW,Ridge,Morgan,1.0982894474040648,
14758722,0,BELOW,RandomForestRegressor,Morgan,1.2908156903005596,
14758734,0,BELOW,RandomForestRegressor,Morgan,1.5541079571223921,
14758750,0,BELOW,RandomForestRegressor,Morgan,1.2517102591428524,
14758753,0,BELOW,RandomForestRegressor,Morgan,1.3720044326893523,
14758757,0,BELOW,RandomForestRegressor,Morgan,1.1672042754146814,
14758760,0,BELOW,RandomForestRegressor,Morgan,1.2487054227971013,
14758763,0,BELOW,RandomForestRegressor,Morgan,1.437401411245625,
14758770,0,BELOW,RandomForestRegressor,Morgan,1.1499999352943064,
14758771,0,BELOW,RandomForestRegressor,Morgan,1.1529187434086927,
14758772,0,BELOW,RandomForestRegressor,Morgan,1.08134758369748,
14758779,0,BELOW,RandomForestRegressor,Morgan,0.9222674284102935,
14758791,0,BELOW,RandomForestRegressor,Morgan,1.0566046146429293,
14758795,0,BELOW,RandomForestRegressor,Morgan,1.211661110115068,
14758804,0,BELOW,RandomForestRegressor,Morgan,1.3113585497831466,
14758806,0,BELOW,RandomForestRegressor,Morgan,1.3020371095571224,
14758809,0,BELOW,RandomForestRegressor,Morgan,1.3083228564046252,
14758816,0,BELOW,RandomForestRegressor,Morgan,1.395361458286743,
14758821,0,BELOW,RandomForestRegressor,Morgan,1.3138344449618606,
14758827,0,BELOW,RandomForestRegressor,Morgan,1.3850320945303887,
14758828,0,BELOW,RandomForestRegressor,Morgan,0.988738266865903,
14758830,0,BELOW,RandomForestRegressor,Morgan,1.030167815175278,
14758831,0,BELOW,RandomForestRegressor,Morgan,1.1986086702020997,
14758834,0,BELOW,RandomForestRegressor,Morgan,1.3428695694043273,
14758857,0,BELOW,RandomForestRegressor,Morgan,1.2955760688117204,
14758862,0,BELOW,RandomForestRegressor,Morgan,0.9601076446870305,
14758871,0,BELOW,RandomForestRegressor,Morgan,0.8799840138292779,
14758878,0,BELOW,RandomForestRegressor,Morgan,1.2940778928298524,
14758887,0,BELOW,RandomForestRegressor,Morgan,1.2318620580499025,
14758892,0,BELOW,RandomForestRegressor,Morgan,0.8607629417602438,
14758894,0,BELOW,RandomForestRegressor,Morgan,1.2814309779395936,
14758895,0,BELOW,RandomForestRegressor,Morgan,1.1136734607369343,
14758897,0,BELOW,RandomForestRegressor,Morgan,1.4384316991368005,
14758920,0,BELOW,RandomForestRegressor,Morgan,1.4362024365317472,
14758921,0,BELOW,RandomForestRegressor,Morgan,1.04146908076356,
14758924,0,IN-RANGE,RandomForestRegressor,Morgan,1.2367010997232977,0.48000694295715063
14758935,0,IN-RANGE,RandomForestRegressor,Morgan,1.0154873033402079,0.5198279937757188
14758973,0,IN-RANGE,RandomForestRegressor,Morgan,1.1115049584154526,0.6020599913279624
14758980,0,IN-RANGE,RandomForestRegressor,Morgan,1.234071705816185,0.6020599913279624
14758993,0,IN-RANGE,RandomForestRegressor,Morgan,1.2295101580859635,0.60959440922522
14758999,0,IN-RANGE,RandomForestRegressor,Morgan,1.3113744992349061,0.6201360549737575
14759810,0,IN-RANGE,RandomForestRegressor,Morgan,1.2398435625569857,0.6989700043360189
14759825,0,IN-RANGE,RandomForestRegressor,Morgan,0.9018519060877399,0.6989700043360189
14759860,0,IN-RANGE,RandomForestRegressor,Morgan,1.4498059077247922,0.7403626894942439
14759862,0,IN-RANGE,RandomForestRegressor,Morgan,1.1436636900442092,0.7403626894942439
14759864,0,IN-RANGE,RandomForestRegressor,Morgan,1.333375013794025,0.7403626894942439
14759895,0,IN-RANGE,RandomForestRegressor,Morgan,1.2558360321251631,0.7781512503836436
14759906,0,IN-RANGE,RandomForestRegressor,Morgan,1.045773983338303,0.7781512503836436
14759907,0,IN-RANGE,RandomForestRegressor,Morgan,1.3645704425777827,0.7781512503836436
14759922,0,IN-RANGE,RandomForestRegressor,Morgan,1.2053237387963225,0.7902851640332417
14759955,0,IN-RANGE,RandomForestRegressor,Morgan,1.323885034989634,0.8401060944567578
14760008,0,IN-RANGE,RandomForestRegressor,Morgan,1.477723884974672,0.8802417758954804
14760032,0,IN-RANGE,RandomForestRegressor,Morgan,1.1837581717369055,0.9030899869919435
14761128,0,IN-RANGE,RandomForestRegressor,Morgan,1.388626216786478,0.9030899869919435
14761130,0,IN-RANGE,RandomForestRegressor,Morgan,0.9275619302270993,0.9030899869919435
14761137,0,IN-RANGE,RandomForestRegressor,Morgan,1.3380085139164695,0.9201233262907239
14761149,0,IN-RANGE,RandomForestRegressor,Morgan,1.2186752526524558,0.9299295600845878
14761150,0,IN-RANGE,RandomForestRegressor,Morgan,1.2488247184491228,0.9380190974762103
14761170,0,IN-RANGE,RandomForestRegressor,Morgan,1.4977637308083243,0.9542425094393249
14761171,0,IN-RANGE,RandomForestRegressor,Morgan,1.302761735223818,0.9542425094393249
14761178,0,IN-RANGE,RandomForestRegressor,Morgan,1.358061336468088,0.9542425094393249
14761192,0,IN-RANGE,RandomForestRegressor,Morgan,1.302813098943846,0.9599948383284161
14761230,0,IN-RANGE,RandomForestRegressor,Morgan,1.1482289385029174,1.0
14761237,0,IN-RANGE,RandomForestRegressor,Morgan,1.3453448377885247,1.0
14761254,0,IN-RANGE,RandomForestRegressor,Morgan,1.3538807258360064,1.02816441942447
14761277,0,IN-RANGE,RandomForestRegressor,Morgan,1.2382951230139252,1.0413926851582251
14761278,0,IN-RANGE,RandomForestRegressor,Morgan,1.0647997978905326,1.0413926851582251
14761279,0,IN-RANGE,RandomForestRegressor,Morgan,1.2269670135482635,1.0413926851582251
14761287,0,IN-RANGE,RandomForestRegressor,Morgan,1.4274321297176902,1.0413926851582251
14761288,0,IN-RANGE,RandomForestRegressor,Morgan,1.2485255933736523,1.0499928569201427
14761291,0,IN-RANGE,RandomForestRegressor,Morgan,1.3033850066056596,1.0499928569201427
14761298,0,IN-RANGE,RandomForestRegressor,Morgan,1.090213713604128,1.0599418880619547
14761300,0,IN-RANGE,RandomForestRegressor,Morgan,1.286179095324406,1.0599418880619547
14761313,0,IN-RANGE,RandomForestRegressor,Morgan,1.1548738997666272,1.0791812460476249
14761316,0,IN-RANGE,RandomForestRegressor,Morgan,1.1475173581414833,1.0791812460476249
14761318,0,IN-RANGE,RandomForestRegressor,Morgan,1.1927063544081538,1.0791812460476249
14761319,0,IN-RANGE,RandomForestRegressor,Morgan,1.1446640032079265,1.0791812460476249
14761323,0,IN-RANGE,RandomForestRegressor,Morgan,1.4703912848938427,1.0791812460476249
14761340,0,IN-RANGE,RandomForestRegressor,Morgan,1.4699733282354552,1.089905111439398
14761341,0,IN-RANGE,RandomForestRegressor,Morgan,1.3742655959758538,1.089905111439398
14761364,0,IN-RANGE,RandomForestRegressor,Morgan,1.222656199142159,1.1139433523068367
14761366,0,IN-RANGE,RandomForestRegressor,Morgan,1.2726563608997312,1.1139433523068367
14762211,0,IN-RANGE,RandomForestRegressor,Morgan,1.455202387980972,1.130333768495006
14762220,0,IN-RANGE,RandomForestRegressor,Morgan,1.34807997162827,1.1398790864012365
14762221,0,IN-RANGE,RandomForestRegressor,Morgan,1.1445951832518717,1.1398790864012365
14762222,0,IN-RANGE,RandomForestRegressor,Morgan,1.6492747800170704,1.1398790864012365
14762227,0,IN-RANGE,RandomForestRegressor,Morgan,1.2648946791951774,1.146128035678238
14762230,0,IN-RANGE,RandomForestRegressor,Morgan,1.3877838932943884,1.146128035678238
14762242,0,IN-RANGE,RandomForestRegressor,Morgan,1.4039256011661456,1.1501421618485586
14762243,0,IN-RANGE,RandomForestRegressor,Morgan,1.1141357079217697,1.1501421618485586
14762252,0,IN-RANGE,RandomForestRegressor,Morgan,1.1862219851609497,1.1598678470925667
14762255,0,IN-RANGE,RandomForestRegressor,Morgan,1.2385988843423439,1.1598678470925667
14762263,0,IN-RANGE,RandomForestRegressor,Morgan,1.204887816959247,1.1699681739968923
14762277,0,IN-RANGE,RandomForestRegressor,Morgan,1.3784810302963009,1.1760912590556813
14762291,0,IN-RANGE,RandomForestRegressor,Morgan,1.2051392752479904,1.190051417759206
14762303,0,IN-RANGE,RandomForestRegressor,Morgan,1.208450494262432,1.2041199826559248
14762308,0,IN-RANGE,RandomForestRegressor,Morgan,0.8984599679468548,1.2041199826559248
14762319,0,IN-RANGE,RandomForestRegressor,Morgan,1.2511214998165918,1.2201080880400552
14762331,0,IN-RANGE,RandomForestRegressor,Morgan,1.31431766712438,1.2304489213782739
14762387,0,IN-RANGE,RandomForestRegressor,Morgan,1.4022590478264336,1.2787536009528289
14762395,0,IN-RANGE,RandomForestRegressor,Morgan,1.4070523971140838,1.2798949800116382
14762396,0,IN-RANGE,RandomForestRegressor,Morgan,1.102317997074012,1.2844307338445196
14762405,0,IN-RANGE,RandomForestRegressor,Morgan,1.2911285388354128,1.290034611362518
14762425,0,IN-RANGE,RandomForestRegressor,Morgan,1.4166498096961089,1.3010299956639813
14762426,0,IN-RANGE,RandomForestRegressor,Morgan,0.9931120615297209,1.3010299956639813
14762435,0,IN-RANGE,RandomForestRegressor,Morgan,1.3614588368635951,1.3100557377508915
14762439,0,IN-RANGE,RandomForestRegressor,Morgan,1.1502654858498769,1.3117538610557542
14762452,0,IN-RANGE,RandomForestRegressor,Morgan,1.1795079158704496,1.3222192947339193
14762460,0,IN-RANGE,RandomForestRegressor,Morgan,1.3287833056969263,1.330007700872759
14763275,0,IN-RANGE,RandomForestRegressor,Morgan,1.0149322406994217,1.3710678622717363
14763304,0,IN-RANGE,RandomForestRegressor,Morgan,1.4300034489761475,1.3979400086720377
14763331,0,IN-RANGE,RandomForestRegressor,Morgan,1.2338836771874393,1.420450859106068
14763345,0,IN-RANGE,RandomForestRegressor,Morgan,1.2387857606843566,1.4313637641589874
14763346,0,IN-RANGE,RandomForestRegressor,Morgan,0.9425694248903227,1.4313637641589874
14763366,0,IN-RANGE,RandomForestRegressor,Morgan,1.219356521559245,1.4471580313422192
14763377,0,IN-RANGE,RandomForestRegressor,Morgan,1.3173899343862232,1.4574276929464844
14763426,0,IN-RANGE,RandomForestRegressor,Morgan,1.1631401863866269,1.4913616938342726
14763437,0,IN-RANGE,RandomForestRegressor,Morgan,1.1584601906211998,1.5100085129402347
14763447,0,IN-RANGE,RandomForestRegressor,Morgan,1.4074735081703025,1.5185139398778875
14763449,0,IN-RANGE,RandomForestRegressor,Morgan,1.3103596105151438,1.5199591807520685
14763457,0,IN-RANGE,RandomForestRegressor,Morgan,1.7689803001734463,1.5314789170422551
14763463,0,IN-RANGE,RandomForestRegressor,Morgan,1.2198039783672394,1.5399538416563967
14763470,0,IN-RANGE,RandomForestRegressor,Morgan,1.383734143956819,1.5440680443502757
14763472,0,IN-RANGE,RandomForestRegressor,Morgan,1.1930407498681874,1.5440680443502757
14763486,0,IN-RANGE,RandomForestRegressor,Morgan,1.5756388161645185,1.5563025007672873
14763501,0,IN-RANGE,RandomForestRegressor,Morgan,1.1205867683415942,1.569958818096594
14763502,0,IN-RANGE,RandomForestRegressor,Morgan,1.2688024333638868,1.569958818096594
14764282,0,IN-RANGE,RandomForestRegressor,Morgan,1.1865294946147242,1.5797835966168101
14764283,0,IN-RANGE,RandomForestRegressor,Morgan,1.4418653392357936,1.5797835966168101
14764298,0,IN-RANGE,RandomForestRegressor,Morgan,1.2853523599293333,1.591064607026499
14764304,0,IN-RANGE,RandomForestRegressor,Morgan,1.4699137315126931,1.599992177584098
14764320,0,IN-RANGE,RandomForestRegressor,Morgan,1.5415651809033764,1.6127838567197355
14764326,0,IN-RANGE,RandomForestRegressor,Morgan,1.3845016973441622,1.6200318951262973
14764330,0,IN-RANGE,RandomForestRegressor,Morgan,1.30881538000952,1.6232492903979006
14764354,0,IN-RANGE,RandomForestRegressor,Morgan,1.4196133135088664,1.6399842480415885
14764355,0,IN-RANGE,RandomForestRegressor,Morgan,1.3874696571411949,1.6399842480415885
14764371,0,IN-RANGE,RandomForestRegressor,Morgan,1.1793617122561146,1.6600112212893308
14764386,0,IN-RANGE,RandomForestRegressor,Morgan,1.9158722328749571,1.6812412373755872
14764390,0,IN-RANGE,RandomForestRegressor,Morgan,1.2291632691522407,1.6900187807886953
14764391,0,IN-RANGE,RandomForestRegressor,Morgan,1.2745754193610244,1.6900187807886953
14764392,0,IN-RANGE,RandomForestRegressor,Morgan,1.6005337355701377,1.6901960800285136
14764403,0,IN-RANGE,RandomForestRegressor,Morgan,1.387959329147718,1.7000110623221123
14764409,0,IN-RANGE,RandomForestRegressor,Morgan,1.5051229981656875,1.7075701760979363
14764414,0,IN-RANGE,RandomForestRegressor,Morgan,1.4873030730702437,1.7100326990657535
14764426,0,IN-RANGE,RandomForestRegressor,Morgan,1.3984654633639746,1.7199938263676038
14764430,0,IN-RANGE,RandomForestRegressor,Morgan,1.2682317774923382,1.724275869600789
14764437,0,IN-RANGE,RandomForestRegressor,Morgan,1.0392171691454264,1.7323937598229686
14764446,0,IN-RANGE,RandomForestRegressor,Morgan,1.2982046582775433,1.7399676967595095
14764451,0,IN-RANGE,RandomForestRegressor,Morgan,1.4383680931061777,1.7481880270062005
14764452,0,IN-RANGE,RandomForestRegressor,Morgan,1.792779388367614,1.7481880270062005
14764459,0,IN-RANGE,RandomForestRegressor,Morgan,1.5626022252112757,1.749968083509403
14764466,0,IN-RANGE,RandomForestRegressor,Morgan,1.5117269412391316,1.7634279935629373
14764467,0,IN-RANGE,RandomForestRegressor,Morgan,1.1786601442182305,1.7634279935629373
14764472,0,IN-RANGE,RandomForestRegressor,Morgan,1.3673185391864278,1.7708520116421442
14764473,0,IN-RANGE,RandomForestRegressor,Morgan,1.333767184147596,1.7708520116421442
14764480,0,IN-RANGE,RandomForestRegressor,Morgan,1.3721047876271333,1.7781512503836436
14764493,0,IN-RANGE,RandomForestRegressor,Morgan,1.7659198569577017,1.792391689498254
14765331,0,IN-RANGE,RandomForestRegressor,Morgan,1.790600536951834,1.8573324964312685
14765381,0,IN-RANGE,RandomForestRegressor,Morgan,1.0927074456512103,1.919078092376074
14765391,0,IN-RANGE,RandomForestRegressor,Morgan,1.8354981227349974,1.9294189257142926
14765392,0,IN-RANGE,RandomForestRegressor,Morgan,1.4940491184173095,1.9294189257142926
14765394,0,IN-RANGE,RandomForestRegressor,Morgan,1.412825713318817,1.9299805905155147
14765395,0,IN-RANGE,RandomForestRegressor,Morgan,1.416899549299085,1.9344984512435677
14765407,0,IN-RANGE,RandomForestRegressor,Morgan,1.8189295469352067,1.9444826721501687
14765425,0,IN-RANGE,RandomForestRegressor,Morgan,1.4489265078581202,1.9731278535996986
14765426,0,IN-RANGE,RandomForestRegressor,Morgan,1.2632087502270126,1.9731278535996986
14765432,0,IN-RANGE,RandomForestRegressor,Morgan,1.416391131559404,1.9800033715837464
14765440,0,IN-RANGE,RandomForestRegressor,Morgan,1.5001488128077127,1.99563519459755
14765452,0,IN-RANGE,RandomForestRegressor,Morgan,1.4924330633821838,2.012837224705172
14765460,0,IN-RANGE,RandomForestRegressor,Morgan,1.2321986890178278,2.019988159591285
14765463,0,IN-RANGE,RandomForestRegressor,Morgan,1.5305893209923058,2.019988159591285
14765468,0,IN-RANGE,RandomForestRegressor,Morgan,1.1554006991813652,2.0293837776852097
14765483,0,IN-RANGE,RandomForestRegressor,Morgan,1.3072835609347262,2.0492180226701815
14765487,0,IN-RANGE,RandomForestRegressor,Morgan,1.3562523912151176,2.0499928569201424
14765494,0,IN-RANGE,RandomForestRegressor,Morgan,1.255036920981516,2.0644579892269186
14765500,0,IN-RANGE,RandomForestRegressor,Morgan,1.4968238236491245,2.070000903802345
14765503,0,IN-RANGE,RandomForestRegressor,Morgan,1.042593476582114,2.0755469613925306
14765529,0,IN-RANGE,RandomForestRegressor,Morgan,1.4773011503938591,2.109983294819892
14765536,0,IN-RANGE,RandomForestRegressor,Morgan,1.2494331903306384,2.1271047983648077
14765551,0,IN-RANGE,RandomForestRegressor,Morgan,1.542490523403255,2.146128035678238
14766485,0,ABOVE,RandomForestRegressor,Morgan,1.2340214642438043,
14766487,0,ABOVE,RandomForestRegressor,Morgan,1.4151598363872961,
14766492,0,ABOVE,RandomForestRegressor,Morgan,1.4106962378069847,
14766493,0,ABOVE,RandomForestRegressor,Morgan,1.2542809106035975,
14766495,0,ABOVE,RandomForestRegressor,Morgan,1.4744284758882753,
14766497,0,ABOVE,RandomForestRegressor,Morgan,1.775063658154378,
14766503,0,ABOVE,RandomForestRegressor,Morgan,1.280249003186907,
14766508,0,ABOVE,RandomForestRegressor,Morgan,1.7381118908684383,
14766522,0,ABOVE,RandomForestRegressor,Morgan,1.3955651796881139,
14766527,0,ABOVE,RandomForestRegressor,Morgan,1.51303083651829,
14766539,0,ABOVE,RandomForestRegressor,Morgan,1.1112265919706388,
14766542,0,ABOVE,RandomForestRegressor,Morgan,1.3915570259294125,
14766555,0,ABOVE,RandomForestRegressor,Morgan,1.454756942133776,
14766557,0,ABOVE,RandomForestRegressor,Morgan,1.2765787790305139,
14766558,0,ABOVE,RandomForestRegressor,Morgan,1.0275511188705355,
14766565,0,ABOVE,RandomForestRegressor,Morgan,1.2642679998416513,
14766568,0,ABOVE,RandomForestRegressor,Morgan,1.3416286967986195,
14769803,0,IN-RANGE,RandomForestRegressor,Morgan,1.114793981576768,0.47712125471966244
14769804,0,IN-RANGE,RandomForestRegressor,Morgan,1.3798196202042936,0.47712125471966244
14769812,0,IN-RANGE,RandomForestRegressor,Morgan,1.4670825826762675,0.47712125471966244
14769813,0,IN-RANGE,RandomForestRegressor,Morgan,1.0154015338459794,0.47712125471966244
14769822,0,BELOW,RandomForestRegressor,Morgan,1.14843371093732,
14769825,0,BELOW,RandomForestRegressor,Morgan,1.276897932790866,
14769827,0,BELOW,RandomForestRegressor,Morgan,0.9084210208554646,
14769835,0,BELOW,RandomForestRegressor,Morgan,1.1830467477671898,
14769840,0,BELOW,RandomForestRegressor,Morgan,0.9855556327878553,
14769844,0,BELOW,RandomForestRegressor,Morgan,1.1505461529228782,
14769846,0,BELOW,RandomForestRegressor,Morgan,1.0614368061564556,
14769847,0,BELOW,RandomForestRegressor,Morgan,1.488986855515294,
14769851,0,BELOW,RandomForestRegressor,Morgan,1.028813841236793,
14769852,0,BELOW,RandomForestRegressor,Morgan,1.3131778513892483,
14769853,0,BELOW,RandomForestRegressor,Morgan,0.7367867328467298,
14769858,0,BELOW,RandomForestRegressor,Morgan,1.234635271200128,
14769861,0,BELOW,RandomForestRegressor,Morgan,1.2294304861505636,
14769864,0,BELOW,RandomForestRegressor,Morgan,1.1419834065903987,
14769871,0,BELOW,RandomForestRegressor,Morgan,1.201623911158922,
14769873,0,BELOW,RandomForestRegressor,Morgan,1.076935642503587,
14769878,0,BELOW,RandomForestRegressor,Morgan,1.420739876855551,
14769882,0,BELOW,RandomForestRegressor,Morgan,1.2492012140711273,
14769887,0,BELOW,RandomForestRegressor,Morgan,1.464876897172393,
14769888,0,BELOW,RandomForestRegressor,Morgan,1.1846227593638148,
14758731,1,BELOW,mean_baseline,none,1.3173981073744532,
14758731,1,BELOW,median_baseline,none,1.299942900022767,
14758735,1,BELOW,mean_baseline,none,1.3173981073744532,
14758735,1,BELOW,median_baseline,none,1.299942900022767,
14758738,1,BELOW,mean_baseline,none,1.3173981073744532,
14758738,1,BELOW,median_baseline,none,1.299942900022767,
14758743,1,BELOW,mean_baseline,none,1.3173981073744532,
14758743,1,BELOW,median_baseline,none,1.299942900022767,
14758749,1,BELOW,mean_baseline,none,1.3173981073744532,
14758749,1,BELOW,median_baseline,none,1.299942900022767,
14758756,1,BELOW,mean_baseline,none,1.3173981073744532,
14758756,1,BELOW,median_baseline,none,1.299942900022767,
14758767,1,BELOW,mean_baseline,none,1.3173981073744532,
14758767,1,BELOW,median_baseline,none,1.299942900022767,
14758775,1,BELOW,mean_baseline,none,1.3173981073744532,
14758775,1,BELOW,median_baseline,none,1.299942900022767,
14758786,1,BELOW,mean_baseline,none,1.3173981073744532,
14758786,1,BELOW,median_baseline,none,1.299942900022767,
14758788,1,BELOW,mean_baseline,none,1.3173981073744532,
14758788,1,BELOW,median_baseline,none,1.299942900022767,
14758789,1,BELOW,mean_baseline,none,1.3173981073744532,
14758789,1,BELOW,median_baseline,none,1.299942900022767,
14758797,1,BELOW,mean_baseline,none,1.3173981073744532,
14758797,1,BELOW,median_baseline,none,1.299942900022767,
14758807,1,BELOW,mean_baseline,none,1.3173981073744532,
14758807,1,BELOW,median_baseline,none,1.299942900022767,
14758812,1,BELOW,mean_baseline,none,1.3173981073744532,
14758812,1,BELOW,median_baseline,none,1.299942900022767,
14758813,1,BELOW,mean_baseline,none,1.3173981073744532,
14758813,1,BELOW,median_baseline,none,1.299942900022767,
14758814,1,BELOW,mean_baseline,none,1.3173981073744532,
14758814,1,BELOW,median_baseline,none,1.299942900022767,
14758825,1,BELOW,mean_baseline,none,1.3173981073744532,
14758825,1,BELOW,median_baseline,none,1.299942900022767,
14758826,1,BELOW,mean_baseline,none,1.3173981073744532,
14758826,1,BELOW,median_baseline,none,1.299942900022767,
14758838,1,BELOW,mean_baseline,none,1.3173981073744532,
14758838,1,BELOW,median_baseline,none,1.299942900022767,
14758840,1,BELOW,mean_baseline,none,1.3173981073744532,
14758840,1,BELOW,median_baseline,none,1.299942900022767,
14758845,1,BELOW,mean_baseline,none,1.3173981073744532,
14758845,1,BELOW,median_baseline,none,1.299942900022767,
14758846,1,BELOW,mean_baseline,none,1.3173981073744532,
14758846,1,BELOW,median_baseline,none,1.299942900022767,
14758849,1,BELOW,mean_baseline,none,1.3173981073744532,
14758849,1,BELOW,median_baseline,none,1.299942900022767,
14758863,1,BELOW,mean_baseline,none,1.3173981073744532,
14758863,1,BELOW,median_baseline,none,1.299942900022767,
14758874,1,BELOW,mean_baseline,none,1.3173981073744532,
14758874,1,BELOW,median_baseline,none,1.299942900022767,
14758876,1,BELOW,mean_baseline,none,1.3173981073744532,
14758876,1,BELOW,median_baseline,none,1.299942900022767,
14758885,1,BELOW,mean_baseline,none,1.3173981073744532,
14758885,1,BELOW,median_baseline,none,1.299942900022767,
14758886,1,BELOW,mean_baseline,none,1.3173981073744532,
14758886,1,BELOW,median_baseline,none,1.299942900022767,
14758888,1,BELOW,mean_baseline,none,1.3173981073744532,
14758888,1,BELOW,median_baseline,none,1.299942900022767,
14758890,1,BELOW,mean_baseline,none,1.3173981073744532,
14758890,1,BELOW,median_baseline,none,1.299942900022767,
14758891,1,BELOW,mean_baseline,none,1.3173981073744532,
14758891,1,BELOW,median_baseline,none,1.299942900022767,
14758893,1,BELOW,mean_baseline,none,1.3173981073744532,
14758893,1,BELOW,median_baseline,none,1.299942900022767,
14758898,1,BELOW,mean_baseline,none,1.3173981073744532,
14758898,1,BELOW,median_baseline,none,1.299942900022767,
14758900,1,BELOW,mean_baseline,none,1.3173981073744532,
14758900,1,BELOW,median_baseline,none,1.299942900022767,
14758913,1,BELOW,mean_baseline,none,1.3173981073744532,
14758913,1,BELOW,median_baseline,none,1.299942900022767,
14758919,1,BELOW,mean_baseline,none,1.3173981073744532,
14758919,1,BELOW,median_baseline,none,1.299942900022767,
14758923,1,BELOW,mean_baseline,none,1.3173981073744532,
14758923,1,BELOW,median_baseline,none,1.299942900022767,
14758945,1,IN-RANGE,mean_baseline,none,1.3173981073744532,0.5563025007672873
14758945,1,IN-RANGE,median_baseline,none,1.299942900022767,0.5563025007672873
14758956,1,IN-RANGE,mean_baseline,none,1.3173981073744532,0.5910646070264992
14758956,1,IN-RANGE,median_baseline,none,1.299942900022767,0.5910646070264992
14758961,1,IN-RANGE,mean_baseline,none,1.3173981073744532,0.5998830720736879
14758961,1,IN-RANGE,median_baseline,none,1.299942900022767,0.5998830720736879
14758962,1,IN-RANGE,mean_baseline,none,1.3173981073744532,0.5998830720736879
14758962,1,IN-RANGE,median_baseline,none,1.299942900022767,0.5998830720736879
14758970,1,IN-RANGE,mean_baseline,none,1.3173981073744532,0.6020599913279624
14758970,1,IN-RANGE,median_baseline,none,1.299942900022767,0.6020599913279624
14758978,1,IN-RANGE,mean_baseline,none,1.3173981073744532,0.6020599913279624
14758978,1,IN-RANGE,median_baseline,none,1.299942900022767,0.6020599913279624
14758979,1,IN-RANGE,mean_baseline,none,1.3173981073744532,0.6020599913279624
14758979,1,IN-RANGE,median_baseline,none,1.299942900022767,0.6020599913279624
14758984,1,IN-RANGE,mean_baseline,none,1.3173981073744532,0.6020599913279624
14758984,1,IN-RANGE,median_baseline,none,1.299942900022767,0.6020599913279624
14758988,1,IN-RANGE,mean_baseline,none,1.3173981073744532,0.6020599913279624
14758988,1,IN-RANGE,median_baseline,none,1.299942900022767,0.6020599913279624
14758989,1,IN-RANGE,mean_baseline,none,1.3173981073744532,0.6020599913279624
14758989,1,IN-RANGE,median_baseline,none,1.299942900022767,0.6020599913279624
14758991,1,IN-RANGE,mean_baseline,none,1.3173981073744532,0.6020599913279624
14758991,1,IN-RANGE,median_baseline,none,1.299942900022767,0.6020599913279624
14759000,1,IN-RANGE,mean_baseline,none,1.3173981073744532,0.6232492903979004
14759000,1,IN-RANGE,median_baseline,none,1.299942900022767,0.6232492903979004
14759795,1,IN-RANGE,mean_baseline,none,1.3173981073744532,0.6901960800285137
14759795,1,IN-RANGE,median_baseline,none,1.299942900022767,0.6901960800285137
14759809,1,IN-RANGE,mean_baseline,none,1.3173981073744532,0.6989700043360189
14759809,1,IN-RANGE,median_baseline,none,1.299942900022767,0.6989700043360189
14759813,1,IN-RANGE,mean_baseline,none,1.3173981073744532,0.6989700043360189
14759813,1,IN-RANGE,median_baseline,none,1.299942900022767,0.6989700043360189
14759817,1,IN-RANGE,mean_baseline,none,1.3173981073744532,0.6989700043360189
14759817,1,IN-RANGE,median_baseline,none,1.299942900022767,0.6989700043360189
14759818,1,IN-RANGE,mean_baseline,none,1.3173981073744532,0.6989700043360189
14759818,1,IN-RANGE,median_baseline,none,1.299942900022767,0.6989700043360189
14759819,1,IN-RANGE,mean_baseline,none,1.3173981073744532,0.6989700043360189
14759819,1,IN-RANGE,median_baseline,none,1.299942900022767,0.6989700043360189
14759821,1,IN-RANGE,mean_baseline,none,1.3173981073744532,0.6989700043360189
14759821,1,IN-RANGE,median_baseline,none,1.299942900022767,0.6989700043360189
14759823,1,IN-RANGE,mean_baseline,none,1.3173981073744532,0.6989700043360189
14759823,1,IN-RANGE,median_baseline,none,1.299942900022767,0.6989700043360189
14759837,1,IN-RANGE,mean_baseline,none,1.3173981073744532,0.7101173651118162
14759837,1,IN-RANGE,median_baseline,none,1.299942900022767,0.7101173651118162
14759846,1,IN-RANGE,mean_baseline,none,1.3173981073744532,0.7201593034059569
14759846,1,IN-RANGE,median_baseline,none,1.299942900022767,0.7201593034059569
14759854,1,IN-RANGE,mean_baseline,none,1.3173981073744532,0.7299742856995556
14759854,1,IN-RANGE,median_baseline,none,1.299942900022767,0.7299742856995556
14759863,1,IN-RANGE,mean_baseline,none,1.3173981073744532,0.7403626894942439
14759863,1,IN-RANGE,median_baseline,none,1.299942900022767,0.7403626894942439
14759876,1,IN-RANGE,mean_baseline,none,1.3173981073744532,0.7596678446896304
14759876,1,IN-RANGE,median_baseline,none,1.299942900022767,0.7596678446896304
14759891,1,IN-RANGE,mean_baseline,none,1.3173981073744532,0.7781512503836436
14759891,1,IN-RANGE,median_baseline,none,1.299942900022767,0.7781512503836436
14759892,1,IN-RANGE,mean_baseline,none,1.3173981073744532,0.7781512503836436
14759892,1,IN-RANGE,median_baseline,none,1.299942900022767,0.7781512503836436
14759893,1,IN-RANGE,mean_baseline,none,1.3173981073744532,0.7781512503836436
14759893,1,IN-RANGE,median_baseline,none,1.299942900022767,0.7781512503836436
14759902,1,IN-RANGE,mean_baseline,none,1.3173981073744532,0.7781512503836436
14759902,1,IN-RANGE,median_baseline,none,1.299942900022767,0.7781512503836436
14759903,1,IN-RANGE,mean_baseline,none,1.3173981073744532,0.7781512503836436
14759903,1,IN-RANGE,median_baseline,none,1.299942900022767,0.7781512503836436
14759904,1,IN-RANGE,mean_baseline,none,1.3173981073744532,0.7781512503836436
14759904,1,IN-RANGE,median_baseline,none,1.299942900022767,0.7781512503836436
14759934,1,IN-RANGE,mean_baseline,none,1.3173981073744532,0.8014037100173551
14759934,1,IN-RANGE,median_baseline,none,1.299942900022767,0.8014037100173551
14759943,1,IN-RANGE,mean_baseline,none,1.3173981073744532,0.8202014594856403
14759943,1,IN-RANGE,median_baseline,none,1.299942900022767,0.8202014594856403
14759966,1,IN-RANGE,mean_baseline,none,1.3173981073744532,0.8450980400142568
14759966,1,IN-RANGE,median_baseline,none,1.299942900022767,0.8450980400142568
14759968,1,IN-RANGE,mean_baseline,none,1.3173981073744532,0.8450980400142568
14759968,1,IN-RANGE,median_baseline,none,1.299942900022767,0.8450980400142568
14759983,1,IN-RANGE,mean_baseline,none,1.3173981073744532,0.8450980400142568
14759983,1,IN-RANGE,median_baseline,none,1.299942900022767,0.8450980400142568
14759997,1,IN-RANGE,mean_baseline,none,1.3173981073744532,0.8698182079793282
14759997,1,IN-RANGE,median_baseline,none,1.299942900022767,0.8698182079793282
14760001,1,IN-RANGE,mean_baseline,none,1.3173981073744532,0.8750612633917001
14760001,1,IN-RANGE,median_baseline,none,1.299942900022767,0.8750612633917001
14760002,1,IN-RANGE,mean_baseline,none,1.3173981073744532,0.8750612633917001
14760002,1,IN-RANGE,median_baseline,none,1.299942900022767,0.8750612633917001
14760003,1,IN-RANGE,mean_baseline,none,1.3173981073744532,0.8750612633917001
14760003,1,IN-RANGE,median_baseline,none,1.299942900022767,0.8750612633917001
14760009,1,IN-RANGE,mean_baseline,none,1.3173981073744532,0.8802417758954804
14760009,1,IN-RANGE,median_baseline,none,1.299942900022767,0.8802417758954804
14760034,1,IN-RANGE,mean_baseline,none,1.3173981073744532,0.9030899869919435
14760034,1,IN-RANGE,median_baseline,none,1.299942900022767,0.9030899869919435
14760037,1,IN-RANGE,mean_baseline,none,1.3173981073744532,0.9030899869919435
14760037,1,IN-RANGE,median_baseline,none,1.299942900022767,0.9030899869919435
14761125,1,IN-RANGE,mean_baseline,none,1.3173981073744532,0.9030899869919435
14761125,1,IN-RANGE,median_baseline,none,1.299942900022767,0.9030899869919435
14761126,1,IN-RANGE,mean_baseline,none,1.3173981073744532,0.9030899869919435
14761126,1,IN-RANGE,median_baseline,none,1.299942900022767,0.9030899869919435
14761127,1,IN-RANGE,mean_baseline,none,1.3173981073744532,0.9030899869919435
14761127,1,IN-RANGE,median_baseline,none,1.299942900022767,0.9030899869919435
14761134,1,IN-RANGE,mean_baseline,none,1.3173981073744532,0.9100905455940682
14761134,1,IN-RANGE,median_baseline,none,1.299942900022767,0.9100905455940682
14761136,1,IN-RANGE,mean_baseline,none,1.3173981073744532,0.9201233262907239
14761136,1,IN-RANGE,median_baseline,none,1.299942900022767,0.9201233262907239
14761139,1,IN-RANGE,mean_baseline,none,1.3173981073744532,0.9294189257142927
14761139,1,IN-RANGE,median_baseline,none,1.299942900022767,0.9294189257142927
14761157,1,IN-RANGE,mean_baseline,none,1.3173981073744532,0.9400181550076633
14761157,1,IN-RANGE,median_baseline,none,1.299942900022767,0.9400181550076633
14761176,1,IN-RANGE,mean_baseline,none,1.3173981073744532,0.9542425094393249
14761176,1,IN-RANGE,median_baseline,none,1.299942900022767,0.9542425094393249
14761181,1,IN-RANGE,mean_baseline,none,1.3173981073744532,0.9542425094393249
14761181,1,IN-RANGE,median_baseline,none,1.299942900022767,0.9542425094393249
14761236,1,IN-RANGE,mean_baseline,none,1.3173981073744532,1.0
14761236,1,IN-RANGE,median_baseline,none,1.299942900022767,1.0
14761250,1,IN-RANGE,mean_baseline,none,1.3173981073744532,1.0199466816788423
14761250,1,IN-RANGE,median_baseline,none,1.299942900022767,1.0199466816788423
14761271,1,IN-RANGE,mean_baseline,none,1.3173981073744532,1.0413926851582251
14761271,1,IN-RANGE,median_baseline,none,1.299942900022767,1.0413926851582251
14761272,1,IN-RANGE,mean_baseline,none,1.3173981073744532,1.0413926851582251
14761272,1,IN-RANGE,median_baseline,none,1.299942900022767,1.0413926851582251
14761273,1,IN-RANGE,mean_baseline,none,1.3173981073744532,1.0413926851582251
14761273,1,IN-RANGE,median_baseline,none,1.299942900022767,1.0413926851582251
14761280,1,IN-RANGE,mean_baseline,none,1.3173981073744532,1.0413926851582251
14761280,1,IN-RANGE,median_baseline,none,1.299942900022767,1.0413926851582251
14761281,1,IN-RANGE,mean_baseline,none,1.3173981073744532,1.0413926851582251
14761281,1,IN-RANGE,median_baseline,none,1.299942900022767,1.0413926851582251
14761284,1,IN-RANGE,mean_baseline,none,1.3173981073744532,1.0413926851582251
14761284,1,IN-RANGE,median_baseline,none,1.299942900022767,1.0413926851582251
14761292,1,IN-RANGE,mean_baseline,none,1.3173981073744532,1.0499928569201427
14761292,1,IN-RANGE,median_baseline,none,1.299942900022767,1.0499928569201427
14761312,1,IN-RANGE,mean_baseline,none,1.3173981073744532,1.0791812460476249
14761312,1,IN-RANGE,median_baseline,none,1.299942900022767,1.0791812460476249
14761314,1,IN-RANGE,mean_baseline,none,1.3173981073744532,1.0791812460476249
14761314,1,IN-RANGE,median_baseline,none,1.299942900022767,1.0791812460476249
14761367,1,IN-RANGE,mean_baseline,none,1.3173981073744532,1.1139433523068367
14761367,1,IN-RANGE,median_baseline,none,1.299942900022767,1.1139433523068367
14761385,1,IN-RANGE,mean_baseline,none,1.3173981073744532,1.1300119496719043
14761385,1,IN-RANGE,median_baseline,none,1.299942900022767,1.1300119496719043
14762232,1,IN-RANGE,mean_baseline,none,1.3173981073744532,1.146128035678238
14762232,1,IN-RANGE,median_baseline,none,1.299942900022767,1.146128035678238
14762237,1,IN-RANGE,mean_baseline,none,1.3173981073744532,1.146128035678238
14762237,1,IN-RANGE,median_baseline,none,1.299942900022767,1.146128035678238
14762270,1,IN-RANGE,mean_baseline,none,1.3173981073744532,1.1760912590556813
14762270,1,IN-RANGE,median_baseline,none,1.299942900022767,1.1760912590556813
14762294,1,IN-RANGE,mean_baseline,none,1.3173981073744532,1.2000292665537702
14762294,1,IN-RANGE,median_baseline,none,1.299942900022767,1.2000292665537702
14762305,1,IN-RANGE,mean_baseline,none,1.3173981073744532,1.2041199826559248
14762305,1,IN-RANGE,median_baseline,none,1.299942900022767,1.2041199826559248
14762329,1,IN-RANGE,mean_baseline,none,1.3173981073744532,1.2304489213782739
14762329,1,IN-RANGE,median_baseline,none,1.299942900022767,1.2304489213782739
14762330,1,IN-RANGE,mean_baseline,none,1.3173981073744532,1.2304489213782739
14762330,1,IN-RANGE,median_baseline,none,1.299942900022767,1.2304489213782739
14762332,1,IN-RANGE,mean_baseline,none,1.3173981073744532,1.2312146479626012
14762332,1,IN-RANGE,median_baseline,none,1.299942900022767,1.2312146479626012
14762354,1,IN-RANGE,mean_baseline,none,1.3173981073744532,1.249931756634195
14762354,1,IN-RANGE,median_baseline,none,1.299942900022767,1.249931756634195
14762363,1,IN-RANGE,mean_baseline,none,1.3173981073744532,1.255272505103306
14762363,1,IN-RANGE,median_baseline,none,1.299942900022767,1.255272505103306
14762372,1,IN-RANGE,mean_baseline,none,1.3173981073744532,1.2631624649622166
14762372,1,IN-RANGE,median_baseline,none,1.299942900022767,1.2631624649622166
14762436,1,IN-RANGE,mean_baseline,none,1.3173981073744532,1.3100557377508915
14762436,1,IN-RANGE,median_baseline,none,1.299942900022767,1.3100557377508915
14762449,1,IN-RANGE,mean_baseline,none,1.3173981073744532,1.3222192947339193
14762449,1,IN-RANGE,median_baseline,none,1.299942900022767,1.3222192947339193
14762450,1,IN-RANGE,mean_baseline,none,1.3173981073744532,1.3222192947339193
14762450,1,IN-RANGE,median_baseline,none,1.299942900022767,1.3222192947339193
14762454,1,IN-RANGE,mean_baseline,none,1.3173981073744532,1.3222192947339193
14762454,1,IN-RANGE,median_baseline,none,1.299942900022767,1.3222192947339193
14762455,1,IN-RANGE,mean_baseline,none,1.3173981073744532,1.3222192947339193
14762455,1,IN-RANGE,median_baseline,none,1.299942900022767,1.3222192947339193
14762461,1,IN-RANGE,mean_baseline,none,1.3173981073744532,1.330007700872759
14762461,1,IN-RANGE,median_baseline,none,1.299942900022767,1.330007700872759
14763250,1,IN-RANGE,mean_baseline,none,1.3173981073744532,1.3424226808222062
14763250,1,IN-RANGE,median_baseline,none,1.299942900022767,1.3424226808222062
14763264,1,IN-RANGE,mean_baseline,none,1.3173981073744532,1.3617278360175928
14763264,1,IN-RANGE,median_baseline,none,1.299942900022767,1.3617278360175928
14763272,1,IN-RANGE,mean_baseline,none,1.3173981073744532,1.369957607346053
14763272,1,IN-RANGE,median_baseline,none,1.299942900022767,1.369957607346053
14763286,1,IN-RANGE,mean_baseline,none,1.3173981073744532,1.380211241711606
14763286,1,IN-RANGE,median_baseline,none,1.299942900022767,1.380211241711606
14763289,1,IN-RANGE,mean_baseline,none,1.3173981073744532,1.380211241711606
14763289,1,IN-RANGE,median_baseline,none,1.299942900022767,1.380211241711606
14763302,1,IN-RANGE,mean_baseline,none,1.3173981073744532,1.3979400086720377
14763302,1,IN-RANGE,median_baseline,none,1.299942900022767,1.3979400086720377
14763310,1,IN-RANGE,mean_baseline,none,1.3173981073744532,1.4000196350651586
14763310,1,IN-RANGE,median_baseline,none,1.299942900022767,1.4000196350651586
14763349,1,IN-RANGE,mean_baseline,none,1.3173981073744532,1.4313637641589874
14763349,1,IN-RANGE,median_baseline,none,1.299942900022767,1.4313637641589874
14763350,1,IN-RANGE,mean_baseline,none,1.3173981073744532,1.4313637641589874
14763350,1,IN-RANGE,median_baseline,none,1.299942900022767,1.4313637641589874
14763358,1,IN-RANGE,mean_baseline,none,1.3173981073744532,1.4399639359209049
14763358,1,IN-RANGE,median_baseline,none,1.299942900022767,1.4399639359209049
14763367,1,IN-RANGE,mean_baseline,none,1.3173981073744532,1.4471580313422192
14763367,1,IN-RANGE,median_baseline,none,1.299942900022767,1.4471580313422192
14763395,1,IN-RANGE,mean_baseline,none,1.3173981073744532,1.4699692094999595
14763395,1,IN-RANGE,median_baseline,none,1.299942900022767,1.4699692094999595
14763410,1,IN-RANGE,mean_baseline,none,1.3173981073744532,1.4842998393467859
14763410,1,IN-RANGE,median_baseline,none,1.299942900022767,1.4842998393467859
14763420,1,IN-RANGE,mean_baseline,none,1.3173981073744532,1.4899584794248346
14763420,1,IN-RANGE,median_baseline,none,1.299942900022767,1.4899584794248346
14763425,1,IN-RANGE,mean_baseline,none,1.3173981073744532,1.4913616938342726
14763425,1,IN-RANGE,median_baseline,none,1.299942900022767,1.4913616938342726
14763427,1,IN-RANGE,mean_baseline,none,1.3173981073744532,1.4913616938342726
14763427,1,IN-RANGE,median_baseline,none,1.299942900022767,1.4913616938342726
14763438,1,IN-RANGE,mean_baseline,none,1.3173981073744532,1.5100085129402347
14763438,1,IN-RANGE,median_baseline,none,1.299942900022767,1.5100085129402347
14763458,1,IN-RANGE,mean_baseline,none,1.3173981073744532,1.5314789170422551
14763458,1,IN-RANGE,median_baseline,none,1.299942900022767,1.5314789170422551
14763466,1,IN-RANGE,mean_baseline,none,1.3173981073744532,1.5440680443502757
14763466,1,IN-RANGE,median_baseline,none,1.299942900022767,1.5440680443502757
14763468,1,IN-RANGE,mean_baseline,none,1.3173981073744532,1.5440680443502757
14763468,1,IN-RANGE,median_baseline,none,1.299942900022767,1.5440680443502757
14763469,1,IN-RANGE,mean_baseline,none,1.3173981073744532,1.5440680443502757
14763469,1,IN-RANGE,median_baseline,none,1.299942900022767,1.5440680443502757
14763499,1,IN-RANGE,mean_baseline,none,1.3173981073744532,1.568201724066995
14763499,1,IN-RANGE,median_baseline,none,1.299942900022767,1.568201724066995
14763500,1,IN-RANGE,mean_baseline,none,1.3173981073744532,1.568201724066995
14763500,1,IN-RANGE,median_baseline,none,1.299942900022767,1.568201724066995
14764289,1,IN-RANGE,mean_baseline,none,1.3173981073744532,1.5800121125294244
14764289,1,IN-RANGE,median_baseline,none,1.299942900022767,1.5800121125294244
14764308,1,IN-RANGE,mean_baseline,none,1.3173981073744532,1.6020599913279623
14764308,1,IN-RANGE,median_baseline,none,1.299942900022767,1.6020599913279623
14764315,1,IN-RANGE,mean_baseline,none,1.3173981073744532,1.6100210246641453
14764315,1,IN-RANGE,median_baseline,none,1.299942900022767,1.6100210246641453
14764317,1,IN-RANGE,mean_baseline,none,1.3173981073744532,1.6127838567197355
14764317,1,IN-RANGE,median_baseline,none,1.299942900022767,1.6127838567197355
14764321,1,IN-RANGE,mean_baseline,none,1.3173981073744532,1.6127838567197355
14764321,1,IN-RANGE,median_baseline,none,1.299942900022767,1.6127838567197355
14764333,1,IN-RANGE,mean_baseline,none,1.3173981073744532,1.6232492903979006
14764333,1,IN-RANGE,median_baseline,none,1.299942900022767,1.6232492903979006
14764347,1,IN-RANGE,mean_baseline,none,1.3173981073744532,1.6334684555795864
14764347,1,IN-RANGE,median_baseline,none,1.299942900022767,1.6334684555795864
14764348,1,IN-RANGE,mean_baseline,none,1.3173981073744532,1.6334684555795864
14764348,1,IN-RANGE,median_baseline,none,1.299942900022767,1.6334684555795864
14764358,1,IN-RANGE,mean_baseline,none,1.3173981073744532,1.6434526764861874
14764358,1,IN-RANGE,median_baseline,none,1.299942900022767,1.6434526764861874
14764364,1,IN-RANGE,mean_baseline,none,1.3173981073744532,1.6532125137753437
14764364,1,IN-RANGE,median_baseline,none,1.299942900022767,1.6532125137753437
14764365,1,IN-RANGE,mean_baseline,none,1.3173981073744532,1.6532125137753437
14764365,1,IN-RANGE,median_baseline,none,1.299942900022767,1.6532125137753437
14764366,1,IN-RANGE,mean_baseline,none,1.3173981073744532,1.6532125137753437
14764366,1,IN-RANGE,median_baseline,none,1.299942900022767,1.6532125137753437
14764375,1,IN-RANGE,mean_baseline,none,1.3173981073744532,1.662757831681574
14764375,1,IN-RANGE,median_baseline,none,1.299942900022767,1.662757831681574
14764383,1,IN-RANGE,mean_baseline,none,1.3173981073744532,1.6720978579357175
14764383,1,IN-RANGE,median_baseline,none,1.299942900022767,1.6720978579357175
14764385,1,IN-RANGE,mean_baseline,none,1.3173981073744532,1.6812412373755872
14764385,1,IN-RANGE,median_baseline,none,1.299942900022767,1.6812412373755872
14764404,1,IN-RANGE,mean_baseline,none,1.3173981073744532,1.7000110623221123
14764404,1,IN-RANGE,median_baseline,none,1.299942900022767,1.7000110623221123
14764429,1,IN-RANGE,mean_baseline,none,1.3173981073744532,1.724275869600789
14764429,1,IN-RANGE,median_baseline,none,1.299942900022767,1.724275869600789
14764447,1,IN-RANGE,mean_baseline,none,1.3173981073744532,1.7399676967595095
14764447,1,IN-RANGE,median_baseline,none,1.299942900022767,1.7399676967595095
14764469,1,IN-RANGE,mean_baseline,none,1.3173981073744532,1.7671558660821804
14764469,1,IN-RANGE,median_baseline,none,1.299942900022767,1.7671558660821804
14764484,1,IN-RANGE,mean_baseline,none,1.3173981073744532,1.7800291273373383
14764484,1,IN-RANGE,median_baseline,none,1.299942900022767,1.7800291273373383
14764494,1,IN-RANGE,mean_baseline,none,1.3173981073744532,1.792391689498254
14764494,1,IN-RANGE,median_baseline,none,1.299942900022767,1.792391689498254
14764495,1,IN-RANGE,mean_baseline,none,1.3173981073744532,1.792391689498254
14764495,1,IN-RANGE,median_baseline,none,1.299942900022767,1.792391689498254
14764506,1,IN-RANGE,mean_baseline,none,1.3173981073744532,1.806179973983887
14764506,1,IN-RANGE,median_baseline,none,1.299942900022767,1.806179973983887
14764524,1,IN-RANGE,mean_baseline,none,1.3173981073744532,1.8195439355418688
14764524,1,IN-RANGE,median_baseline,none,1.299942900022767,1.8195439355418688
14764532,1,IN-RANGE,mean_baseline,none,1.3173981073744532,1.8228216453031045
14764532,1,IN-RANGE,median_baseline,none,1.299942900022767,1.8228216453031045
14765326,1,IN-RANGE,mean_baseline,none,1.3173981073744532,1.84997191232885
14765326,1,IN-RANGE,median_baseline,none,1.299942900022767,1.84997191232885
14765327,1,IN-RANGE,mean_baseline,none,1.3173981073744532,1.84997191232885
14765327,1,IN-RANGE,median_baseline,none,1.299942900022767,1.84997191232885
14765328,1,IN-RANGE,mean_baseline,none,1.3173981073744532,1.8512583487190752
14765328,1,IN-RANGE,median_baseline,none,1.299942900022767,1.8512583487190752
14765329,1,IN-RANGE,mean_baseline,none,1.3173981073744532,1.8527848686805477
14765329,1,IN-RANGE,median_baseline,none,1.299942900022767,1.8527848686805477
14765372,1,IN-RANGE,mean_baseline,none,1.3173981073744532,1.9003671286564703
14765372,1,IN-RANGE,median_baseline,none,1.299942900022767,1.9003671286564703
14765404,1,IN-RANGE,mean_baseline,none,1.3173981073744532,1.9400181550076632
14765404,1,IN-RANGE,median_baseline,none,1.299942900022767,1.9400181550076632
14765430,1,IN-RANGE,mean_baseline,none,1.3173981073744532,1.9800033715837464
14765430,1,IN-RANGE,median_baseline,none,1.299942900022767,1.9800033715837464
14765433,1,IN-RANGE,mean_baseline,none,1.3173981073744532,1.9822712330395684
14765433,1,IN-RANGE,median_baseline,none,1.299942900022767,1.9822712330395684
14765446,1,IN-RANGE,mean_baseline,none,1.3173981073744532,2.0043213737826426
14765446,1,IN-RANGE,median_baseline,none,1.299942900022767,2.0043213737826426
14765447,1,IN-RANGE,mean_baseline,none,1.3173981073744532,2.0086001717619175
14765447,1,IN-RANGE,median_baseline,none,1.299942900022767,2.0086001717619175
14765456,1,IN-RANGE,mean_baseline,none,1.3173981073744532,2.019116290447073
14765456,1,IN-RANGE,median_baseline,none,1.299942900022767,2.019116290447073
14765465,1,IN-RANGE,mean_baseline,none,1.3173981073744532,2.0211892990699383
14765465,1,IN-RANGE,median_baseline,none,1.299942900022767,2.0211892990699383
14765485,1,IN-RANGE,mean_baseline,none,1.3173981073744532,2.0499928569201424
14765485,1,IN-RANGE,median_baseline,none,1.299942900022767,2.0499928569201424
14765488,1,IN-RANGE,mean_baseline,none,1.3173981073744532,2.0499928569201424
14765488,1,IN-RANGE,median_baseline,none,1.299942900022767,2.0499928569201424
14765493,1,IN-RANGE,mean_baseline,none,1.3173981073744532,2.0600175425316003
14765493,1,IN-RANGE,median_baseline,none,1.299942900022767,2.0600175425316003
14765516,1,IN-RANGE,mean_baseline,none,1.3173981073744532,2.093421685162235
14765516,1,IN-RANGE,median_baseline,none,1.299942900022767,2.093421685162235
14766486,1,ABOVE,mean_baseline,none,1.3173981073744532,
14766486,1,ABOVE,median_baseline,none,1.299942900022767,
14766488,1,ABOVE,mean_baseline,none,1.3173981073744532,
14766488,1,ABOVE,median_baseline,none,1.299942900022767,
14766498,1,ABOVE,mean_baseline,none,1.3173981073744532,
14766498,1,ABOVE,median_baseline,none,1.299942900022767,
14766499,1,ABOVE,mean_baseline,none,1.3173981073744532,
14766499,1,ABOVE,median_baseline,none,1.299942900022767,
14766504,1,ABOVE,mean_baseline,none,1.3173981073744532,
14766504,1,ABOVE,median_baseline,none,1.299942900022767,
14766511,1,ABOVE,mean_baseline,none,1.3173981073744532,
14766511,1,ABOVE,median_baseline,none,1.299942900022767,
14766517,1,ABOVE,mean_baseline,none,1.3173981073744532,
14766517,1,ABOVE,median_baseline,none,1.299942900022767,
14766518,1,ABOVE,mean_baseline,none,1.3173981073744532,
14766518,1,ABOVE,median_baseline,none,1.299942900022767,
14766541,1,ABOVE,mean_baseline,none,1.3173981073744532,
14766541,1,ABOVE,median_baseline,none,1.299942900022767,
14766543,1,ABOVE,mean_baseline,none,1.3173981073744532,
14766543,1,ABOVE,median_baseline,none,1.299942900022767,
14766544,1,ABOVE,mean_baseline,none,1.3173981073744532,
14766544,1,ABOVE,median_baseline,none,1.299942900022767,
14766549,1,ABOVE,mean_baseline,none,1.3173981073744532,
14766549,1,ABOVE,median_baseline,none,1.299942900022767,
14766554,1,ABOVE,mean_baseline,none,1.3173981073744532,
14766554,1,ABOVE,median_baseline,none,1.299942900022767,
14766556,1,ABOVE,mean_baseline,none,1.3173981073744532,
14766556,1,ABOVE,median_baseline,none,1.299942900022767,
14766563,1,ABOVE,mean_baseline,none,1.3173981073744532,
14766563,1,ABOVE,median_baseline,none,1.299942900022767,
14766567,1,ABOVE,mean_baseline,none,1.3173981073744532,
14766567,1,ABOVE,median_baseline,none,1.299942900022767,
14766569,1,ABOVE,mean_baseline,none,1.3173981073744532,
14766569,1,ABOVE,median_baseline,none,1.299942900022767,
14769802,1,IN-RANGE,mean_baseline,none,1.3173981073744532,0.47712125471966244
14769802,1,IN-RANGE,median_baseline,none,1.299942900022767,0.47712125471966244
14769805,1,IN-RANGE,mean_baseline,none,1.3173981073744532,0.47712125471966244
14769805,1,IN-RANGE,median_baseline,none,1.299942900022767,0.47712125471966244
14769809,1,IN-RANGE,mean_baseline,none,1.3173981073744532,0.47712125471966244
14769809,1,IN-RANGE,median_baseline,none,1.299942900022767,0.47712125471966244
14769818,1,BELOW,mean_baseline,none,1.3173981073744532,
14769818,1,BELOW,median_baseline,none,1.299942900022767,
14769820,1,BELOW,mean_baseline,none,1.3173981073744532,
14769820,1,BELOW,median_baseline,none,1.299942900022767,
14769823,1,BELOW,mean_baseline,none,1.3173981073744532,
14769823,1,BELOW,median_baseline,none,1.299942900022767,
14769828,1,BELOW,mean_baseline,none,1.3173981073744532,
14769828,1,BELOW,median_baseline,none,1.299942900022767,
14769833,1,BELOW,mean_baseline,none,1.3173981073744532,
14769833,1,BELOW,median_baseline,none,1.299942900022767,
14769836,1,BELOW,mean_baseline,none,1.3173981073744532,
14769836,1,BELOW,median_baseline,none,1.299942900022767,
14769837,1,BELOW,mean_baseline,none,1.3173981073744532,
14769837,1,BELOW,median_baseline,none,1.299942900022767,
14769838,1,BELOW,mean_baseline,none,1.3173981073744532,
14769838,1,BELOW,median_baseline,none,1.299942900022767,
14769843,1,BELOW,mean_baseline,none,1.3173981073744532,
14769843,1,BELOW,median_baseline,none,1.299942900022767,
14769860,1,BELOW,mean_baseline,none,1.3173981073744532,
14769860,1,BELOW,median_baseline,none,1.299942900022767,
14769866,1,BELOW,mean_baseline,none,1.3173981073744532,
14769866,1,BELOW,median_baseline,none,1.299942900022767,
14769868,1,BELOW,mean_baseline,none,1.3173981073744532,
14769868,1,BELOW,median_baseline,none,1.299942900022767,
14769869,1,BELOW,mean_baseline,none,1.3173981073744532,
14769869,1,BELOW,median_baseline,none,1.299942900022767,
14769874,1,BELOW,mean_baseline,none,1.3173981073744532,
14769874,1,BELOW,median_baseline,none,1.299942900022767,
14769875,1,BELOW,mean_baseline,none,1.3173981073744532,
14769875,1,BELOW,median_baseline,none,1.299942900022767,
14769876,1,BELOW,mean_baseline,none,1.3173981073744532,
14769876,1,BELOW,median_baseline,none,1.299942900022767,
14769879,1,BELOW,mean_baseline,none,1.3173981073744532,
14769879,1,BELOW,median_baseline,none,1.299942900022767,
14769883,1,BELOW,mean_baseline,none,1.3173981073744532,
14769883,1,BELOW,median_baseline,none,1.299942900022767,
14758731,1,BELOW,Ridge,descriptors,1.4131707511019462,
14758735,1,BELOW,Ridge,descriptors,1.3985416149796688,
14758738,1,BELOW,Ridge,descriptors,1.418676189082994,
14758743,1,BELOW,Ridge,descriptors,1.3815830217792147,
14758749,1,BELOW,Ridge,descriptors,1.3538017957285768,
14758756,1,BELOW,Ridge,descriptors,1.2377902535692902,
14758767,1,BELOW,Ridge,descriptors,1.4041297252072902,
14758775,1,BELOW,Ridge,descriptors,1.40412972520729,
14758786,1,BELOW,Ridge,descriptors,1.3932035722510745,
14758788,1,BELOW,Ridge,descriptors,1.40412972520729,
14758789,1,BELOW,Ridge,descriptors,1.314674283974014,
14758797,1,BELOW,Ridge,descriptors,1.3753279832828889,
14758807,1,BELOW,Ridge,descriptors,1.21061938258846,
14758812,1,BELOW,Ridge,descriptors,1.2504600848254046,
14758813,1,BELOW,Ridge,descriptors,1.257903281031155,
14758814,1,BELOW,Ridge,descriptors,1.122653193331815,
14758825,1,BELOW,Ridge,descriptors,1.2975861813215372,
14758826,1,BELOW,Ridge,descriptors,1.2504600848254046,
14758838,1,BELOW,Ridge,descriptors,1.2981917164841794,
14758840,1,BELOW,Ridge,descriptors,1.2687033550288966,
14758845,1,BELOW,Ridge,descriptors,1.404362086685273,
14758846,1,BELOW,Ridge,descriptors,1.1190831300139967,
14758849,1,BELOW,Ridge,descriptors,1.2687891013588624,
14758863,1,BELOW,Ridge,descriptors,1.239117201391518,
14758874,1,BELOW,Ridge,descriptors,1.4032207687539904,
14758876,1,BELOW,Ridge,descriptors,1.4071531783401297,
14758885,1,BELOW,Ridge,descriptors,1.3955175941475517,
14758886,1,BELOW,Ridge,descriptors,1.385689800744858,
14758888,1,BELOW,Ridge,descriptors,1.2626544952853482,
14758890,1,BELOW,Ridge,descriptors,1.4147437794968545,
14758891,1,BELOW,Ridge,descriptors,1.4147437794968545,
14758893,1,BELOW,Ridge,descriptors,1.4085954848761106,
14758898,1,BELOW,Ridge,descriptors,1.4262667902397186,
14758900,1,BELOW,Ridge,descriptors,1.4201184956189752,
14758913,1,BELOW,Ridge,descriptors,1.386960499221439,
14758919,1,BELOW,Ridge,descriptors,1.2828159036991147,
14758923,1,BELOW,Ridge,descriptors,1.4823151503661505,
14758945,1,IN-RANGE,Ridge,descriptors,1.252809393778621,0.5563025007672873
14758956,1,IN-RANGE,Ridge,descriptors,1.4453521872433515,0.5910646070264992
14758961,1,IN-RANGE,Ridge,descriptors,1.2087142325251412,0.5998830720736879
14758962,1,IN-RANGE,Ridge,descriptors,1.3349955447874728,0.5998830720736879
14758970,1,IN-RANGE,Ridge,descriptors,1.2394543248708099,0.6020599913279624
14758978,1,IN-RANGE,Ridge,descriptors,1.4085954848761106,0.6020599913279624
14758979,1,IN-RANGE,Ridge,descriptors,1.2998764103212659,0.6020599913279624
14758984,1,IN-RANGE,Ridge,descriptors,1.2039846372730212,0.6020599913279624
14758988,1,IN-RANGE,Ridge,descriptors,1.3795182335937186,0.6020599913279624
14758989,1,IN-RANGE,Ridge,descriptors,1.433905627941582,0.6020599913279624
14758991,1,IN-RANGE,Ridge,descriptors,1.37887804671247,0.6020599913279624
14759000,1,IN-RANGE,Ridge,descriptors,1.337947123062042,0.6232492903979004
14759795,1,IN-RANGE,Ridge,descriptors,1.420628426622991,0.6901960800285137
14759809,1,IN-RANGE,Ridge,descriptors,1.165518432768292,0.6989700043360189
14759813,1,IN-RANGE,Ridge,descriptors,1.335461593206186,0.6989700043360189
14759817,1,IN-RANGE,Ridge,descriptors,1.4056943070971224,0.6989700043360189
14759818,1,IN-RANGE,Ridge,descriptors,1.196101460153748,0.6989700043360189
14759819,1,IN-RANGE,Ridge,descriptors,1.2687033550288966,0.6989700043360189
14759821,1,IN-RANGE,Ridge,descriptors,1.2120638616836454,0.6989700043360189
14759823,1,IN-RANGE,Ridge,descriptors,1.315966453270855,0.6989700043360189
14759837,1,IN-RANGE,Ridge,descriptors,1.0473208398149911,0.7101173651118162
14759846,1,IN-RANGE,Ridge,descriptors,1.2882041912490494,0.7201593034059569
14759854,1,IN-RANGE,Ridge,descriptors,1.1872978431473156,0.7299742856995556
14759863,1,IN-RANGE,Ridge,descriptors,1.3915851845614124,0.7403626894942439
14759876,1,IN-RANGE,Ridge,descriptors,1.2612562829521152,0.7596678446896304
14759891,1,IN-RANGE,Ridge,descriptors,1.3955175941475517,0.7781512503836436
14759892,1,IN-RANGE,Ridge,descriptors,1.5046414479648873,0.7781512503836436
14759893,1,IN-RANGE,Ridge,descriptors,1.4026826064234919,0.7781512503836436
14759902,1,IN-RANGE,Ridge,descriptors,1.5115320794997846,0.7781512503836436
14759903,1,IN-RANGE,Ridge,descriptors,1.4137442195278156,0.7781512503836436
14759904,1,IN-RANGE,Ridge,descriptors,1.385689800744858,0.7781512503836436
14759934,1,IN-RANGE,Ridge,descriptors,1.248433916048956,0.8014037100173551
14759943,1,IN-RANGE,Ridge,descriptors,1.3898279567138991,0.8202014594856403
14759966,1,IN-RANGE,Ridge,descriptors,1.1033578058640694,0.8450980400142568
14759968,1,IN-RANGE,Ridge,descriptors,1.3429832023562556,0.8450980400142568
14759983,1,IN-RANGE,Ridge,descriptors,1.293904070123038,0.8450980400142568
14759997,1,IN-RANGE,Ridge,descriptors,1.265547886766901,0.8698182079793282
14760001,1,IN-RANGE,Ridge,descriptors,1.2864191626257921,0.8750612633917001
14760002,1,IN-RANGE,Ridge,descriptors,1.415595451261535,0.8750612633917001
14760003,1,IN-RANGE,Ridge,descriptors,1.3254590622543807,0.8750612633917001
14760009,1,IN-RANGE,Ridge,descriptors,1.2103983262723972,0.8802417758954804
14760034,1,IN-RANGE,Ridge,descriptors,1.143963311433323,0.9030899869919435
14760037,1,IN-RANGE,Ridge,descriptors,1.385689800744858,0.9030899869919435
14761125,1,IN-RANGE,Ridge,descriptors,1.2687033550288966,0.9030899869919435
14761126,1,IN-RANGE,Ridge,descriptors,1.4502267402439029,0.9030899869919435
14761127,1,IN-RANGE,Ridge,descriptors,1.4085954848761106,0.9030899869919435
14761134,1,IN-RANGE,Ridge,descriptors,1.3752449838742653,0.9100905455940682
14761136,1,IN-RANGE,Ridge,descriptors,1.2059887375403713,0.9201233262907239
14761139,1,IN-RANGE,Ridge,descriptors,1.4353845442333102,0.9294189257142927
14761157,1,IN-RANGE,Ridge,descriptors,1.4346603460029141,0.9400181550076633
14761176,1,IN-RANGE,Ridge,descriptors,1.3142336078726409,0.9542425094393249
14761181,1,IN-RANGE,Ridge,descriptors,1.2660640311916107,0.9542425094393249
14761236,1,IN-RANGE,Ridge,descriptors,1.1712181676922795,1.0
14761250,1,IN-RANGE,Ridge,descriptors,1.3481355045221868,1.0199466816788423
14761271,1,IN-RANGE,Ridge,descriptors,1.2427286895717378,1.0413926851582251
14761272,1,IN-RANGE,Ridge,descriptors,1.3619753365893947,1.0413926851582251
14761273,1,IN-RANGE,Ridge,descriptors,1.3093624678819757,1.0413926851582251
14761280,1,IN-RANGE,Ridge,descriptors,1.3590444823016317,1.0413926851582251
14761281,1,IN-RANGE,Ridge,descriptors,1.2641027169506491,1.0413926851582251
14761284,1,IN-RANGE,Ridge,descriptors,1.3109039997867922,1.0413926851582251
14761292,1,IN-RANGE,Ridge,descriptors,1.2510955948093494,1.0499928569201427
14761312,1,IN-RANGE,Ridge,descriptors,1.3051599316892397,1.0791812460476249
14761314,1,IN-RANGE,Ridge,descriptors,1.4353845442333102,1.0791812460476249
14761367,1,IN-RANGE,Ridge,descriptors,1.3311985988145876,1.1139433523068367
14761385,1,IN-RANGE,Ridge,descriptors,1.3766421065354653,1.1300119496719043
14762232,1,IN-RANGE,Ridge,descriptors,1.3220158160377664,1.146128035678238
14762237,1,IN-RANGE,Ridge,descriptors,1.4262667902397186,1.146128035678238
14762270,1,IN-RANGE,Ridge,descriptors,1.3603966643672876,1.1760912590556813
14762294,1,IN-RANGE,Ridge,descriptors,1.313071221942596,1.2000292665537702
14762305,1,IN-RANGE,Ridge,descriptors,1.3544680420528914,1.2041199826559248
14762329,1,IN-RANGE,Ridge,descriptors,1.3144093016155893,1.2304489213782739
14762330,1,IN-RANGE,Ridge,descriptors,1.4295095494641197,1.2304489213782739
14762332,1,IN-RANGE,Ridge,descriptors,1.4045120555212127,1.2312146479626012
14762354,1,IN-RANGE,Ridge,descriptors,1.3076668855284206,1.249931756634195
14762363,1,IN-RANGE,Ridge,descriptors,1.3407110394067527,1.255272505103306
14762372,1,IN-RANGE,Ridge,descriptors,1.1502779354941481,1.2631624649622166
14762436,1,IN-RANGE,Ridge,descriptors,1.211920486119015,1.3100557377508915
14762449,1,IN-RANGE,Ridge,descriptors,1.3742614076655109,1.3222192947339193
14762450,1,IN-RANGE,Ridge,descriptors,1.2173938311933126,1.3222192947339193
14762454,1,IN-RANGE,Ridge,descriptors,1.3258210472511487,1.3222192947339193
14762455,1,IN-RANGE,Ridge,descriptors,1.5854677475952994,1.3222192947339193
14762461,1,IN-RANGE,Ridge,descriptors,1.404724404393756,1.330007700872759
14763250,1,IN-RANGE,Ridge,descriptors,1.2692130719306347,1.3424226808222062
14763264,1,IN-RANGE,Ridge,descriptors,1.0714725030076482,1.3617278360175928
14763272,1,IN-RANGE,Ridge,descriptors,1.2621192982079885,1.369957607346053
14763286,1,IN-RANGE,Ridge,descriptors,1.2801268558434205,1.380211241711606
14763289,1,IN-RANGE,Ridge,descriptors,1.3547818072336897,1.380211241711606
14763302,1,IN-RANGE,Ridge,descriptors,1.3735910002403238,1.3979400086720377
14763310,1,IN-RANGE,Ridge,descriptors,1.1816713409778332,1.4000196350651586
14763349,1,IN-RANGE,Ridge,descriptors,1.3735118818577867,1.4313637641589874
14763350,1,IN-RANGE,Ridge,descriptors,1.4411329137692,1.4313637641589874
14763358,1,IN-RANGE,Ridge,descriptors,1.183326300321452,1.4399639359209049
14763367,1,IN-RANGE,Ridge,descriptors,1.4806247127817824,1.4471580313422192
14763395,1,IN-RANGE,Ridge,descriptors,1.3924166261265971,1.4699692094999595
14763410,1,IN-RANGE,Ridge,descriptors,1.2214407743680549,1.4842998393467859
14763420,1,IN-RANGE,Ridge,descriptors,1.3337718440425057,1.4899584794248346
14763425,1,IN-RANGE,Ridge,descriptors,1.3106356184916106,1.4913616938342726
14763427,1,IN-RANGE,Ridge,descriptors,1.3841154278454044,1.4913616938342726
14763438,1,IN-RANGE,Ridge,descriptors,1.1964917615211548,1.5100085129402347
14763458,1,IN-RANGE,Ridge,descriptors,1.345075952370762,1.5314789170422551
14763466,1,IN-RANGE,Ridge,descriptors,1.3894121520133453,1.5440680443502757
14763468,1,IN-RANGE,Ridge,descriptors,1.3908358996072374,1.5440680443502757
14763469,1,IN-RANGE,Ridge,descriptors,1.6115722005982156,1.5440680443502757
14763499,1,IN-RANGE,Ridge,descriptors,1.3324857726678652,1.568201724066995
14763500,1,IN-RANGE,Ridge,descriptors,1.3312345279561417,1.568201724066995
14764289,1,IN-RANGE,Ridge,descriptors,1.4458235598557685,1.5800121125294244
14764308,1,IN-RANGE,Ridge,descriptors,1.3148054281789743,1.6020599913279623
14764315,1,IN-RANGE,Ridge,descriptors,1.3210055220042864,1.6100210246641453
14764317,1,IN-RANGE,Ridge,descriptors,1.3693368753450856,1.6127838567197355
14764321,1,IN-RANGE,Ridge,descriptors,1.2197363796071994,1.6127838567197355
14764333,1,IN-RANGE,Ridge,descriptors,1.540274931957801,1.6232492903979006
14764347,1,IN-RANGE,Ridge,descriptors,1.4462468828088635,1.6334684555795864
14764348,1,IN-RANGE,Ridge,descriptors,1.2637707110714544,1.6334684555795864
14764358,1,IN-RANGE,Ridge,descriptors,1.4353724548511153,1.6434526764861874
14764364,1,IN-RANGE,Ridge,descriptors,1.133776746933035,1.6532125137753437
14764365,1,IN-RANGE,Ridge,descriptors,1.4172915798726522,1.6532125137753437
14764366,1,IN-RANGE,Ridge,descriptors,1.3281704801671832,1.6532125137753437
14764375,1,IN-RANGE,Ridge,descriptors,1.3964587067290022,1.662757831681574
14764383,1,IN-RANGE,Ridge,descriptors,1.3579890035866573,1.6720978579357175
14764385,1,IN-RANGE,Ridge,descriptors,1.1998988197675309,1.6812412373755872
14764404,1,IN-RANGE,Ridge,descriptors,1.1828799830965875,1.7000110623221123
14764429,1,IN-RANGE,Ridge,descriptors,1.4144278206487853,1.724275869600789
14764447,1,IN-RANGE,Ridge,descriptors,1.3705755597012124,1.7399676967595095
14764469,1,IN-RANGE,Ridge,descriptors,1.292095178695584,1.7671558660821804
14764484,1,IN-RANGE,Ridge,descriptors,1.194574704838801,1.7800291273373383
14764494,1,IN-RANGE,Ridge,descriptors,1.4144989375891477,1.792391689498254
14764495,1,IN-RANGE,Ridge,descriptors,1.3908358996072374,1.792391689498254
14764506,1,IN-RANGE,Ridge,descriptors,1.2364197143151345,1.806179973983887
14764524,1,IN-RANGE,Ridge,descriptors,1.3715542639387415,1.8195439355418688
14764532,1,IN-RANGE,Ridge,descriptors,1.2603105690219065,1.8228216453031045
14765326,1,IN-RANGE,Ridge,descriptors,1.2116256415704811,1.84997191232885
14765327,1,IN-RANGE,Ridge,descriptors,1.2633562596336196,1.84997191232885
14765328,1,IN-RANGE,Ridge,descriptors,1.3611258802348258,1.8512583487190752
14765329,1,IN-RANGE,Ridge,descriptors,1.2750132294126408,1.8527848686805477
14765372,1,IN-RANGE,Ridge,descriptors,1.3940989215557809,1.9003671286564703
14765404,1,IN-RANGE,Ridge,descriptors,1.4228023080208965,1.9400181550076632
14765430,1,IN-RANGE,Ridge,descriptors,1.4538020064507617,1.9800033715837464
14765433,1,IN-RANGE,Ridge,descriptors,1.3359953767371533,1.9822712330395684
14765446,1,IN-RANGE,Ridge,descriptors,1.4258505305274578,2.0043213737826426
14765447,1,IN-RANGE,Ridge,descriptors,1.4954796251429567,2.0086001717619175
14765456,1,IN-RANGE,Ridge,descriptors,1.4130523253663736,2.019116290447073
14765465,1,IN-RANGE,Ridge,descriptors,1.423824923734699,2.0211892990699383
14765485,1,IN-RANGE,Ridge,descriptors,1.329476796435125,2.0499928569201424
14765488,1,IN-RANGE,Ridge,descriptors,1.4950756731028738,2.0499928569201424
14765493,1,IN-RANGE,Ridge,descriptors,1.2024414622476807,2.0600175425316003
14765516,1,IN-RANGE,Ridge,descriptors,1.3909227881155857,2.093421685162235
14766486,1,ABOVE,Ridge,descriptors,1.3022200268076187,
14766488,1,ABOVE,Ridge,descriptors,1.3739878648632466,
14766498,1,ABOVE,Ridge,descriptors,1.4045331307376316,
14766499,1,ABOVE,Ridge,descriptors,1.3759221852182517,
14766504,1,ABOVE,Ridge,descriptors,1.4396325001729693,
14766511,1,ABOVE,Ridge,descriptors,1.1932741801183153,
14766517,1,ABOVE,Ridge,descriptors,1.4201386438716554,
14766518,1,ABOVE,Ridge,descriptors,1.3889683021728312,
14766541,1,ABOVE,Ridge,descriptors,1.369330629660987,
14766543,1,ABOVE,Ridge,descriptors,1.2914666093656313,
14766544,1,ABOVE,Ridge,descriptors,1.3626093561526027,
14766549,1,ABOVE,Ridge,descriptors,1.5276657941307858,
14766554,1,ABOVE,Ridge,descriptors,1.34505251809873,
14766556,1,ABOVE,Ridge,descriptors,1.3579006278208665,
14766563,1,ABOVE,Ridge,descriptors,1.237134095265001,
14766567,1,ABOVE,Ridge,descriptors,1.3802274691777348,
14766569,1,ABOVE,Ridge,descriptors,1.2741692639903848,
14769802,1,IN-RANGE,Ridge,descriptors,1.4461694266463119,0.47712125471966244
14769805,1,IN-RANGE,Ridge,descriptors,1.3380498130678946,0.47712125471966244
14769809,1,IN-RANGE,Ridge,descriptors,1.2514098017699873,0.47712125471966244
14769818,1,BELOW,Ridge,descriptors,1.3060089960926462,
14769820,1,BELOW,Ridge,descriptors,1.418676189082994,
14769823,1,BELOW,Ridge,descriptors,1.4262667902397186,
14769828,1,BELOW,Ridge,descriptors,1.395517594147552,
14769833,1,BELOW,Ridge,descriptors,1.5248619889489008,
14769836,1,BELOW,Ridge,descriptors,1.4148505507151978,
14769837,1,BELOW,Ridge,descriptors,1.4263735614580622,
14769838,1,BELOW,Ridge,descriptors,1.4211698348114414,
14769843,1,BELOW,Ridge,descriptors,1.4278158679940431,
14769860,1,BELOW,Ridge,descriptors,1.3861692137106618,
14769866,1,BELOW,Ridge,descriptors,1.2545072240763384,
14769868,1,BELOW,Ridge,descriptors,1.5735879108907416,
14769869,1,BELOW,Ridge,descriptors,1.275448885913557,
14769874,1,BELOW,Ridge,descriptors,1.4161860860328355,
14769875,1,BELOW,Ridge,descriptors,1.288130095064033,
14769876,1,BELOW,Ridge,descriptors,1.169307112866058,
14769879,1,BELOW,Ridge,descriptors,1.2945020560698042,
14769883,1,BELOW,Ridge,descriptors,1.3091564274434349,
14758731,1,BELOW,RandomForestRegressor,descriptors,1.362125476455863,
14758735,1,BELOW,RandomForestRegressor,descriptors,1.2808326172167674,
14758738,1,BELOW,RandomForestRegressor,descriptors,1.4931079430143013,
14758743,1,BELOW,RandomForestRegressor,descriptors,1.5600432175607615,
14758749,1,BELOW,RandomForestRegressor,descriptors,1.262250116442872,
14758756,1,BELOW,RandomForestRegressor,descriptors,1.2008576104466107,
14758767,1,BELOW,RandomForestRegressor,descriptors,1.3516333129014992,
14758775,1,BELOW,RandomForestRegressor,descriptors,1.3516333129014992,
14758786,1,BELOW,RandomForestRegressor,descriptors,0.90309291631552,
14758788,1,BELOW,RandomForestRegressor,descriptors,1.3516333129014992,
14758789,1,BELOW,RandomForestRegressor,descriptors,1.568772009615871,
14758797,1,BELOW,RandomForestRegressor,descriptors,1.342610967837805,
14758807,1,BELOW,RandomForestRegressor,descriptors,1.0547422711621366,
14758812,1,BELOW,RandomForestRegressor,descriptors,1.431506060233591,
14758813,1,BELOW,RandomForestRegressor,descriptors,0.9516565818182999,
14758814,1,BELOW,RandomForestRegressor,descriptors,1.0619974625859514,
14758825,1,BELOW,RandomForestRegressor,descriptors,1.2693444075319917,
14758826,1,BELOW,RandomForestRegressor,descriptors,1.431506060233591,
14758838,1,BELOW,RandomForestRegressor,descriptors,1.4319651289035369,
14758840,1,BELOW,RandomForestRegressor,descriptors,1.015763256412516,
14758845,1,BELOW,RandomForestRegressor,descriptors,1.7699629245835493,
14758846,1,BELOW,RandomForestRegressor,descriptors,1.1112101645194172,
14758849,1,BELOW,RandomForestRegressor,descriptors,1.015763256412516,
14758863,1,BELOW,RandomForestRegressor,descriptors,1.207628711294082,
14758874,1,BELOW,RandomForestRegressor,descriptors,1.5628219021616505,
14758876,1,BELOW,RandomForestRegressor,descriptors,1.5137787025276344,
14758885,1,BELOW,RandomForestRegressor,descriptors,1.207385849070131,
14758886,1,BELOW,RandomForestRegressor,descriptors,1.1364922892798275,
14758888,1,BELOW,RandomForestRegressor,descriptors,1.174405742485779,
14758890,1,BELOW,RandomForestRegressor,descriptors,1.5616239964580172,
14758891,1,BELOW,RandomForestRegressor,descriptors,1.5616239964580172,
14758893,1,BELOW,RandomForestRegressor,descriptors,1.2563786159187762,
14758898,1,BELOW,RandomForestRegressor,descriptors,1.408054546561857,
14758900,1,BELOW,RandomForestRegressor,descriptors,1.2953215641075997,
14758913,1,BELOW,RandomForestRegressor,descriptors,1.1911829045140403,
14758919,1,BELOW,RandomForestRegressor,descriptors,1.1690499654409348,
14758923,1,BELOW,RandomForestRegressor,descriptors,1.561943738256414,
14758945,1,IN-RANGE,RandomForestRegressor,descriptors,0.9844385970352135,0.5563025007672873
14758956,1,IN-RANGE,RandomForestRegressor,descriptors,1.7472355938924715,0.5910646070264992
14758961,1,IN-RANGE,RandomForestRegressor,descriptors,1.2210456126702594,0.5998830720736879
14758962,1,IN-RANGE,RandomForestRegressor,descriptors,1.302945928375547,0.5998830720736879
14758970,1,IN-RANGE,RandomForestRegressor,descriptors,1.336775714204454,0.6020599913279624
14758978,1,IN-RANGE,RandomForestRegressor,descriptors,1.2563786159187762,0.6020599913279624
14758979,1,IN-RANGE,RandomForestRegressor,descriptors,1.399672537207196,0.6020599913279624
14758984,1,IN-RANGE,RandomForestRegressor,descriptors,1.132058674723779,0.6020599913279624
14758988,1,IN-RANGE,RandomForestRegressor,descriptors,1.4824436288974971,0.6020599913279624
14758989,1,IN-RANGE,RandomForestRegressor,descriptors,1.5141839407261901,0.6020599913279624
14758991,1,IN-RANGE,RandomForestRegressor,descriptors,1.1673952042001665,0.6020599913279624
14759000,1,IN-RANGE,RandomForestRegressor,descriptors,1.4166941020737953,0.6232492903979004
14759795,1,IN-RANGE,RandomForestRegressor,descriptors,1.1082068816270345,0.6901960800285137
14759809,1,IN-RANGE,RandomForestRegressor,descriptors,1.24796445462511,0.6989700043360189
14759813,1,IN-RANGE,RandomForestRegressor,descriptors,1.6343054554297864,0.6989700043360189
14759817,1,IN-RANGE,RandomForestRegressor,descriptors,1.0141789652654114,0.6989700043360189
14759818,1,IN-RANGE,RandomForestRegressor,descriptors,1.4235586234811104,0.6989700043360189
14759819,1,IN-RANGE,RandomForestRegressor,descriptors,1.015763256412516,0.6989700043360189
14759821,1,IN-RANGE,RandomForestRegressor,descriptors,1.1745754766239904,0.6989700043360189
14759823,1,IN-RANGE,RandomForestRegressor,descriptors,1.0552127806839373,0.6989700043360189
14759837,1,IN-RANGE,RandomForestRegressor,descriptors,1.2346076708538656,0.7101173651118162
14759846,1,IN-RANGE,RandomForestRegressor,descriptors,1.0286218250834482,0.7201593034059569
14759854,1,IN-RANGE,RandomForestRegressor,descriptors,1.1085142047742638,0.7299742856995556
14759863,1,IN-RANGE,RandomForestRegressor,descriptors,1.2135931586091047,0.7403626894942439
14759876,1,IN-RANGE,RandomForestRegressor,descriptors,1.1978102663173942,0.7596678446896304
14759891,1,IN-RANGE,RandomForestRegressor,descriptors,1.207385849070131,0.7781512503836436
14759892,1,IN-RANGE,RandomForestRegressor,descriptors,1.20838881067636,0.7781512503836436
14759893,1,IN-RANGE,RandomForestRegressor,descriptors,1.4466387493598296,0.7781512503836436
14759902,1,IN-RANGE,RandomForestRegressor,descriptors,1.4499793471541929,0.7781512503836436
14759903,1,IN-RANGE,RandomForestRegressor,descriptors,1.5665315210885953,0.7781512503836436
14759904,1,IN-RANGE,RandomForestRegressor,descriptors,1.1364922892798275,0.7781512503836436
14759934,1,IN-RANGE,RandomForestRegressor,descriptors,1.083838267562378,0.8014037100173551
14759943,1,IN-RANGE,RandomForestRegressor,descriptors,1.4867913193733044,0.8202014594856403
14759966,1,IN-RANGE,RandomForestRegressor,descriptors,1.5647291750221268,0.8450980400142568
14759968,1,IN-RANGE,RandomForestRegressor,descriptors,1.5935348107905996,0.8450980400142568
14759983,1,IN-RANGE,RandomForestRegressor,descriptors,1.3108081105028082,0.8450980400142568
14759997,1,IN-RANGE,RandomForestRegressor,descriptors,1.336585583508412,0.8698182079793282
14760001,1,IN-RANGE,RandomForestRegressor,descriptors,1.3819630675105479,0.8750612633917001
14760002,1,IN-RANGE,RandomForestRegressor,descriptors,1.3879560098431434,0.8750612633917001
14760003,1,IN-RANGE,RandomForestRegressor,descriptors,1.385167520061806,0.8750612633917001
14760009,1,IN-RANGE,RandomForestRegressor,descriptors,1.0920258968771204,0.8802417758954804
14760034,1,IN-RANGE,RandomForestRegressor,descriptors,1.099924534397182,0.9030899869919435
14760037,1,IN-RANGE,RandomForestRegressor,descriptors,1.1364922892798275,0.9030899869919435
14761125,1,IN-RANGE,RandomForestRegressor,descriptors,1.015763256412516,0.9030899869919435
14761126,1,IN-RANGE,RandomForestRegressor,descriptors,1.3791072082783316,0.9030899869919435
14761127,1,IN-RANGE,RandomForestRegressor,descriptors,1.2563786159187762,0.9030899869919435
14761134,1,IN-RANGE,RandomForestRegressor,descriptors,1.1011135712056679,0.9100905455940682
14761136,1,IN-RANGE,RandomForestRegressor,descriptors,0.9592875709919169,0.9201233262907239
14761139,1,IN-RANGE,RandomForestRegressor,descriptors,1.5742388293131895,0.9294189257142927
14761157,1,IN-RANGE,RandomForestRegressor,descriptors,1.3727540095236714,0.9400181550076633
14761176,1,IN-RANGE,RandomForestRegressor,descriptors,1.074893259228885,0.9542425094393249
14761181,1,IN-RANGE,RandomForestRegressor,descriptors,1.421157798261865,0.9542425094393249
14761236,1,IN-RANGE,RandomForestRegressor,descriptors,1.0952759089624826,1.0
14761250,1,IN-RANGE,RandomForestRegressor,descriptors,1.4173169654855575,1.0199466816788423
14761271,1,IN-RANGE,RandomForestRegressor,descriptors,0.9154683884385882,1.0413926851582251
14761272,1,IN-RANGE,RandomForestRegressor,descriptors,1.3916779323905855,1.0413926851582251
14761273,1,IN-RANGE,RandomForestRegressor,descriptors,1.2889926117156194,1.0413926851582251
14761280,1,IN-RANGE,RandomForestRegressor,descriptors,1.427009944744503,1.0413926851582251
14761281,1,IN-RANGE,RandomForestRegressor,descriptors,1.2542617862009218,1.0413926851582251
14761284,1,IN-RANGE,RandomForestRegressor,descriptors,1.0665393686286533,1.0413926851582251
14761292,1,IN-RANGE,RandomForestRegressor,descriptors,1.1210319361260277,1.0499928569201427
14761312,1,IN-RANGE,RandomForestRegressor,descriptors,1.309085929590356,1.0791812460476249
14761314,1,IN-RANGE,RandomForestRegressor,descriptors,1.5742388293131895,1.0791812460476249
14761367,1,IN-RANGE,RandomForestRegressor,descriptors,0.9340305630255705,1.1139433523068367
14761385,1,IN-RANGE,RandomForestRegressor,descriptors,1.2765361739264025,1.1300119496719043
14762232,1,IN-RANGE,RandomForestRegressor,descriptors,1.1004600878412765,1.146128035678238
14762237,1,IN-RANGE,RandomForestRegressor,descriptors,1.408054546561857,1.146128035678238
14762270,1,IN-RANGE,RandomForestRegressor,descriptors,1.5062348815818871,1.1760912590556813
14762294,1,IN-RANGE,RandomForestRegressor,descriptors,1.1948130487085746,1.2000292665537702
14762305,1,IN-RANGE,RandomForestRegressor,descriptors,1.562640068190643,1.2041199826559248
14762329,1,IN-RANGE,RandomForestRegressor,descriptors,1.6060114539469634,1.2304489213782739
14762330,1,IN-RANGE,RandomForestRegressor,descriptors,1.5766090423543668,1.2304489213782739
14762332,1,IN-RANGE,RandomForestRegressor,descriptors,1.3200941192350837,1.2312146479626012
14762354,1,IN-RANGE,RandomForestRegressor,descriptors,1.2984538919447188,1.249931756634195
14762363,1,IN-RANGE,RandomForestRegressor,descriptors,1.3724435628400644,1.255272505103306
14762372,1,IN-RANGE,RandomForestRegressor,descriptors,1.2911401106443001,1.2631624649622166
14762436,1,IN-RANGE,RandomForestRegressor,descriptors,1.071817350247126,1.3100557377508915
14762449,1,IN-RANGE,RandomForestRegressor,descriptors,1.344786878809395,1.3222192947339193
14762450,1,IN-RANGE,RandomForestRegressor,descriptors,1.2772761493721483,1.3222192947339193
14762454,1,IN-RANGE,RandomForestRegressor,descriptors,1.3022128934404968,1.3222192947339193
14762455,1,IN-RANGE,RandomForestRegressor,descriptors,1.7131524382314567,1.3222192947339193
14762461,1,IN-RANGE,RandomForestRegressor,descriptors,1.2860046281174167,1.330007700872759
14763250,1,IN-RANGE,RandomForestRegressor,descriptors,1.3413692153572125,1.3424226808222062
14763264,1,IN-RANGE,RandomForestRegressor,descriptors,1.165311660647461,1.3617278360175928
14763272,1,IN-RANGE,RandomForestRegressor,descriptors,1.1289203238689014,1.369957607346053
14763286,1,IN-RANGE,RandomForestRegressor,descriptors,1.4529401838064948,1.380211241711606
14763289,1,IN-RANGE,RandomForestRegressor,descriptors,1.4664182605819185,1.380211241711606
14763302,1,IN-RANGE,RandomForestRegressor,descriptors,1.5850741261898207,1.3979400086720377
14763310,1,IN-RANGE,RandomForestRegressor,descriptors,1.2288476471941454,1.4000196350651586
14763349,1,IN-RANGE,RandomForestRegressor,descriptors,1.5438791726099377,1.4313637641589874
14763350,1,IN-RANGE,RandomForestRegressor,descriptors,1.3588553603073867,1.4313637641589874
14763358,1,IN-RANGE,RandomForestRegressor,descriptors,1.088310505776514,1.4399639359209049
14763367,1,IN-RANGE,RandomForestRegressor,descriptors,1.4553734747449647,1.4471580313422192
14763395,1,IN-RANGE,RandomForestRegressor,descriptors,1.5181769696435083,1.4699692094999595
14763410,1,IN-RANGE,RandomForestRegressor,descriptors,1.4018444359416946,1.4842998393467859
14763420,1,IN-RANGE,RandomForestRegressor,descriptors,1.1692514158771572,1.4899584794248346
14763425,1,IN-RANGE,RandomForestRegressor,descriptors,1.2220221912867033,1.4913616938342726
14763427,1,IN-RANGE,RandomForestRegressor,descriptors,1.3803172783825803,1.4913616938342726
14763438,1,IN-RANGE,RandomForestRegressor,descriptors,1.162403128433059,1.5100085129402347
14763458,1,IN-RANGE,RandomForestRegressor,descriptors,1.4391052470567285,1.5314789170422551
14763466,1,IN-RANGE,RandomForestRegressor,descriptors,1.5283360886410324,1.5440680443502757
14763468,1,IN-RANGE,RandomForestRegressor,descriptors,1.3420224504677742,1.5440680443502757
14763469,1,IN-RANGE,RandomForestRegressor,descriptors,1.5201106626246328,1.5440680443502757
14763499,1,IN-RANGE,RandomForestRegressor,descriptors,1.67886299908606,1.568201724066995
14763500,1,IN-RANGE,RandomForestRegressor,descriptors,1.4453174052309599,1.568201724066995
14764289,1,IN-RANGE,RandomForestRegressor,descriptors,1.3662826481361776,1.5800121125294244
14764308,1,IN-RANGE,RandomForestRegressor,descriptors,1.4090180692346377,1.6020599913279623
14764315,1,IN-RANGE,RandomForestRegressor,descriptors,1.2751002912807643,1.6100210246641453
14764317,1,IN-RANGE,RandomForestRegressor,descriptors,1.572772367782196,1.6127838567197355
14764321,1,IN-RANGE,RandomForestRegressor,descriptors,1.2921095644544633,1.6127838567197355
14764333,1,IN-RANGE,RandomForestRegressor,descriptors,1.65587992442235,1.6232492903979006
14764347,1,IN-RANGE,RandomForestRegressor,descriptors,1.4337202712221582,1.6334684555795864
14764348,1,IN-RANGE,RandomForestRegressor,descriptors,1.1669453623644566,1.6334684555795864
14764358,1,IN-RANGE,RandomForestRegressor,descriptors,1.3496510913089883,1.6434526764861874
14764364,1,IN-RANGE,RandomForestRegressor,descriptors,1.3246604989028454,1.6532125137753437
14764365,1,IN-RANGE,RandomForestRegressor,descriptors,1.4607035937573511,1.6532125137753437
14764366,1,IN-RANGE,RandomForestRegressor,descriptors,1.1195033824183682,1.6532125137753437
14764375,1,IN-RANGE,RandomForestRegressor,descriptors,1.5408104623389476,1.662757831681574
14764383,1,IN-RANGE,RandomForestRegressor,descriptors,1.354447684691289,1.6720978579357175
14764385,1,IN-RANGE,RandomForestRegressor,descriptors,1.5540563951733228,1.6812412373755872
14764404,1,IN-RANGE,RandomForestRegressor,descriptors,1.3178518734770253,1.7000110623221123
14764429,1,IN-RANGE,RandomForestRegressor,descriptors,1.288681468311974,1.724275869600789
14764447,1,IN-RANGE,RandomForestRegressor,descriptors,1.3406451511306434,1.7399676967595095
14764469,1,IN-RANGE,RandomForestRegressor,descriptors,1.547836723344706,1.7671558660821804
14764484,1,IN-RANGE,RandomForestRegressor,descriptors,1.425825901172,1.7800291273373383
14764494,1,IN-RANGE,RandomForestRegressor,descriptors,1.3699192182175448,1.792391689498254
14764495,1,IN-RANGE,RandomForestRegressor,descriptors,1.3420224504677742,1.792391689498254
14764506,1,IN-RANGE,RandomForestRegressor,descriptors,1.194682455663826,1.806179973983887
14764524,1,IN-RANGE,RandomForestRegressor,descriptors,1.4853357125747673,1.8195439355418688
14764532,1,IN-RANGE,RandomForestRegressor,descriptors,1.2118699877135442,1.8228216453031045
14765326,1,IN-RANGE,RandomForestRegressor,descriptors,1.1974678919400488,1.84997191232885
14765327,1,IN-RANGE,RandomForestRegressor,descriptors,1.2126429125223912,1.84997191232885
14765328,1,IN-RANGE,RandomForestRegressor,descriptors,1.2362043344870879,1.8512583487190752
14765329,1,IN-RANGE,RandomForestRegressor,descriptors,1.3833345217247373,1.8527848686805477
14765372,1,IN-RANGE,RandomForestRegressor,descriptors,1.490730335530802,1.9003671286564703
14765404,1,IN-RANGE,RandomForestRegressor,descriptors,1.518985123712464,1.9400181550076632
14765430,1,IN-RANGE,RandomForestRegressor,descriptors,1.449096216238843,1.9800033715837464
14765433,1,IN-RANGE,RandomForestRegressor,descriptors,1.6128975078667227,1.9822712330395684
14765446,1,IN-RANGE,RandomForestRegressor,descriptors,1.551717192355304,2.0043213737826426
14765447,1,IN-RANGE,RandomForestRegressor,descriptors,1.861630985494823,2.0086001717619175
14765456,1,IN-RANGE,RandomForestRegressor,descriptors,1.5181447315170613,2.019116290447073
14765465,1,IN-RANGE,RandomForestRegressor,descriptors,1.49155280684199,2.0211892990699383
14765485,1,IN-RANGE,RandomForestRegressor,descriptors,1.5862376116703416,2.0499928569201424
14765488,1,IN-RANGE,RandomForestRegressor,descriptors,1.6703397160408597,2.0499928569201424
14765493,1,IN-RANGE,RandomForestRegressor,descriptors,1.6455777252667554,2.0600175425316003
14765516,1,IN-RANGE,RandomForestRegressor,descriptors,1.2523508408135915,2.093421685162235
14766486,1,ABOVE,RandomForestRegressor,descriptors,1.3272268767751396,
14766488,1,ABOVE,RandomForestRegressor,descriptors,1.3169841779799254,
14766498,1,ABOVE,RandomForestRegressor,descriptors,1.5544491412371395,
14766499,1,ABOVE,RandomForestRegressor,descriptors,1.4153481152549008,
14766504,1,ABOVE,RandomForestRegressor,descriptors,1.605546918081384,
14766511,1,ABOVE,RandomForestRegressor,descriptors,1.5387162771739558,
14766517,1,ABOVE,RandomForestRegressor,descriptors,1.2079110569401061,
14766518,1,ABOVE,RandomForestRegressor,descriptors,1.4017184622945316,
14766541,1,ABOVE,RandomForestRegressor,descriptors,1.4696605951821669,
14766543,1,ABOVE,RandomForestRegressor,descriptors,1.3499523460784517,
14766544,1,ABOVE,RandomForestRegressor,descriptors,1.6294718873281326,
14766549,1,ABOVE,RandomForestRegressor,descriptors,1.6656893819878227,
14766554,1,ABOVE,RandomForestRegressor,descriptors,1.121796048275125,
14766556,1,ABOVE,RandomForestRegressor,descriptors,1.3017410852417106,
14766563,1,ABOVE,RandomForestRegressor,descriptors,1.3652477739007705,
14766567,1,ABOVE,RandomForestRegressor,descriptors,1.7027269545740398,
14766569,1,ABOVE,RandomForestRegressor,descriptors,1.611360906989789,
14769802,1,IN-RANGE,RandomForestRegressor,descriptors,1.146849292808374,0.47712125471966244
14769805,1,IN-RANGE,RandomForestRegressor,descriptors,1.3159044879743056,0.47712125471966244
14769809,1,IN-RANGE,RandomForestRegressor,descriptors,1.4700009393797953,0.47712125471966244
14769818,1,BELOW,RandomForestRegressor,descriptors,1.2671770766043304,
14769820,1,BELOW,RandomForestRegressor,descriptors,1.4931079430143013,
14769823,1,BELOW,RandomForestRegressor,descriptors,1.408054546561857,
14769828,1,BELOW,RandomForestRegressor,descriptors,1.207385849070131,
14769833,1,BELOW,RandomForestRegressor,descriptors,1.1414854714773308,
14769836,1,BELOW,RandomForestRegressor,descriptors,1.5859620162073225,
14769837,1,BELOW,RandomForestRegressor,descriptors,1.4512226010980331,
14769838,1,BELOW,RandomForestRegressor,descriptors,1.5776014189830874,
14769843,1,BELOW,RandomForestRegressor,descriptors,1.3335503319910629,
14769860,1,BELOW,RandomForestRegressor,descriptors,1.5768574186603224,
14769866,1,BELOW,RandomForestRegressor,descriptors,1.1178390175347328,
14769868,1,BELOW,RandomForestRegressor,descriptors,1.2576174079746272,
14769869,1,BELOW,RandomForestRegressor,descriptors,0.968680374288054,
14769874,1,BELOW,RandomForestRegressor,descriptors,1.4038587002827514,
14769875,1,BELOW,RandomForestRegressor,descriptors,1.4398411988548157,
14769876,1,BELOW,RandomForestRegressor,descriptors,1.0077949196655636,
14769879,1,BELOW,RandomForestRegressor,descriptors,1.2116560614022793,
14769883,1,BELOW,RandomForestRegressor,descriptors,0.8484169571565456,
14758731,1,BELOW,Ridge,Morgan,1.3266741967914961,
14758735,1,BELOW,Ridge,Morgan,1.3818425893768078,
14758738,1,BELOW,Ridge,Morgan,1.080127626407608,
14758743,1,BELOW,Ridge,Morgan,1.4970850815435433,
14758749,1,BELOW,Ridge,Morgan,1.1576272136853252,
14758756,1,BELOW,Ridge,Morgan,1.4901703691232806,
14758767,1,BELOW,Ridge,Morgan,1.1468801059785791,
14758775,1,BELOW,Ridge,Morgan,0.7549135150634136,
14758786,1,BELOW,Ridge,Morgan,0.6867749666317602,
14758788,1,BELOW,Ridge,Morgan,1.0908333869692246,
14758789,1,BELOW,Ridge,Morgan,1.0511137069296494,
14758797,1,BELOW,Ridge,Morgan,1.0615608249633697,
14758807,1,BELOW,Ridge,Morgan,1.0908906276736419,
14758812,1,BELOW,Ridge,Morgan,1.32035442248663,
14758813,1,BELOW,Ridge,Morgan,0.8648553297445658,
14758814,1,BELOW,Ridge,Morgan,0.9939267341890088,
14758825,1,BELOW,Ridge,Morgan,1.2479970789848531,
14758826,1,BELOW,Ridge,Morgan,1.4243761042854701,
14758838,1,BELOW,Ridge,Morgan,1.1478210934438156,
14758840,1,BELOW,Ridge,Morgan,0.8492191269345845,
14758845,1,BELOW,Ridge,Morgan,1.2052339056055907,
14758846,1,BELOW,Ridge,Morgan,1.192843916796328,
14758849,1,BELOW,Ridge,Morgan,0.7917319071747088,
14758863,1,BELOW,Ridge,Morgan,1.041914676280062,
14758874,1,BELOW,Ridge,Morgan,1.0538358142036464,
14758876,1,BELOW,Ridge,Morgan,0.9891360433085602,
14758885,1,BELOW,Ridge,Morgan,0.9923570581318134,
14758886,1,BELOW,Ridge,Morgan,0.8465128066961625,
14758888,1,BELOW,Ridge,Morgan,1.522529152896801,
14758890,1,BELOW,Ridge,Morgan,0.9258792276108321,
14758891,1,BELOW,Ridge,Morgan,1.0423576001290604,
14758893,1,BELOW,Ridge,Morgan,0.8756454960561653,
14758898,1,BELOW,Ridge,Morgan,1.057074795288267,
14758900,1,BELOW,Ridge,Morgan,0.8977911808875112,
14758913,1,BELOW,Ridge,Morgan,1.0919078112093754,
14758919,1,BELOW,Ridge,Morgan,1.1862210316419857,
14758923,1,BELOW,Ridge,Morgan,1.4659990207912206,
14758945,1,IN-RANGE,Ridge,Morgan,0.8979795372271739,0.5563025007672873
14758956,1,IN-RANGE,Ridge,Morgan,1.4645944112233256,0.5910646070264992
14758961,1,IN-RANGE,Ridge,Morgan,1.350398279052045,0.5998830720736879
14758962,1,IN-RANGE,Ridge,Morgan,1.3313229396173665,0.5998830720736879
14758970,1,IN-RANGE,Ridge,Morgan,1.4224565780088783,0.6020599913279624
14758978,1,IN-RANGE,Ridge,Morgan,0.9847719451786221,0.6020599913279624
14758979,1,IN-RANGE,Ridge,Morgan,1.001043099784444,0.6020599913279624
14758984,1,IN-RANGE,Ridge,Morgan,1.1462694877673054,0.6020599913279624
14758988,1,IN-RANGE,Ridge,Morgan,1.0318897251455714,0.6020599913279624
14758989,1,IN-RANGE,Ridge,Morgan,1.355986539274878,0.6020599913279624
14758991,1,IN-RANGE,Ridge,Morgan,1.5173526796704353,0.6020599913279624
14759000,1,IN-RANGE,Ridge,Morgan,1.3304546569831135,0.6232492903979004
14759795,1,IN-RANGE,Ridge,Morgan,1.013467149195683,0.6901960800285137
14759809,1,IN-RANGE,Ridge,Morgan,0.9477033852881134,0.6989700043360189
14759813,1,IN-RANGE,Ridge,Morgan,1.284741516502896,0.6989700043360189
14759817,1,IN-RANGE,Ridge,Morgan,0.6910188920088847,0.6989700043360189
14759818,1,IN-RANGE,Ridge,Morgan,0.8501705710987097,0.6989700043360189
14759819,1,IN-RANGE,Ridge,Morgan,0.8783448134300578,0.6989700043360189
14759821,1,IN-RANGE,Ridge,Morgan,1.6716023287801154,0.6989700043360189
14759823,1,IN-RANGE,Ridge,Morgan,1.0167535881561445,0.6989700043360189
14759837,1,IN-RANGE,Ridge,Morgan,1.21617907370432,0.7101173651118162
14759846,1,IN-RANGE,Ridge,Morgan,1.379970209921246,0.7201593034059569
14759854,1,IN-RANGE,Ridge,Morgan,1.1386091240924503,0.7299742856995556
14759863,1,IN-RANGE,Ridge,Morgan,0.9999386520824074,0.7403626894942439
14759876,1,IN-RANGE,Ridge,Morgan,0.9546591880944835,0.7596678446896304
14759891,1,IN-RANGE,Ridge,Morgan,0.9239518585290182,0.7781512503836436
14759892,1,IN-RANGE,Ridge,Morgan,1.2442858561942647,0.7781512503836436
14759893,1,IN-RANGE,Ridge,Morgan,1.4468680904545965,0.7781512503836436
14759902,1,IN-RANGE,Ridge,Morgan,1.6422825050017558,0.7781512503836436
14759903,1,IN-RANGE,Ridge,Morgan,1.313016014288856,0.7781512503836436
14759904,1,IN-RANGE,Ridge,Morgan,1.2117382458156967,0.7781512503836436
14759934,1,IN-RANGE,Ridge,Morgan,0.9767690402666165,0.8014037100173551
14759943,1,IN-RANGE,Ridge,Morgan,1.4351764367064253,0.8202014594856403
14759966,1,IN-RANGE,Ridge,Morgan,0.9538826407066835,0.8450980400142568
14759968,1,IN-RANGE,Ridge,Morgan,1.3061153559432184,0.8450980400142568
14759983,1,IN-RANGE,Ridge,Morgan,0.8196194329040477,0.8450980400142568
14759997,1,IN-RANGE,Ridge,Morgan,1.129655635136696,0.8698182079793282
14760001,1,IN-RANGE,Ridge,Morgan,1.1333720719794533,0.8750612633917001
14760002,1,IN-RANGE,Ridge,Morgan,1.4676514642003757,0.8750612633917001
14760003,1,IN-RANGE,Ridge,Morgan,1.1861567993512687,0.8750612633917001
14760009,1,IN-RANGE,Ridge,Morgan,1.3056530435964808,0.8802417758954804
14760034,1,IN-RANGE,Ridge,Morgan,1.2201792638021152,0.9030899869919435
14760037,1,IN-RANGE,Ridge,Morgan,1.161806193009046,0.9030899869919435
14761125,1,IN-RANGE,Ridge,Morgan,0.7978351915709383,0.9030899869919435
14761126,1,IN-RANGE,Ridge,Morgan,1.1313902480080937,0.9030899869919435
14761127,1,IN-RANGE,Ridge,Morgan,1.0949267430020513,0.9030899869919435
14761134,1,IN-RANGE,Ridge,Morgan,0.7968977532262822,0.9100905455940682
14761136,1,IN-RANGE,Ridge,Morgan,1.2467667303978456,0.9201233262907239
14761139,1,IN-RANGE,Ridge,Morgan,1.1152088346481217,0.9294189257142927
14761157,1,IN-RANGE,Ridge,Morgan,1.1877529720638997,0.9400181550076633
14761176,1,IN-RANGE,Ridge,Morgan,0.8424717004082736,0.9542425094393249
14761181,1,IN-RANGE,Ridge,Morgan,1.3351549076816462,0.9542425094393249
14761236,1,IN-RANGE,Ridge,Morgan,1.2695875072488458,1.0
14761250,1,IN-RANGE,Ridge,Morgan,1.3850491621983014,1.0199466816788423
14761271,1,IN-RANGE,Ridge,Morgan,0.8854364333715725,1.0413926851582251
14761272,1,IN-RANGE,Ridge,Morgan,1.3067564724711995,1.0413926851582251
14761273,1,IN-RANGE,Ridge,Morgan,1.6360940270140198,1.0413926851582251
14761280,1,IN-RANGE,Ridge,Morgan,0.7628378162666059,1.0413926851582251
14761281,1,IN-RANGE,Ridge,Morgan,0.9749512237119388,1.0413926851582251
14761284,1,IN-RANGE,Ridge,Morgan,1.234100288019099,1.0413926851582251
14761292,1,IN-RANGE,Ridge,Morgan,1.0754389680682042,1.0499928569201427
14761312,1,IN-RANGE,Ridge,Morgan,1.5494568289652018,1.0791812460476249
14761314,1,IN-RANGE,Ridge,Morgan,0.965000864655096,1.0791812460476249
14761367,1,IN-RANGE,Ridge,Morgan,1.524792254327331,1.1139433523068367
14761385,1,IN-RANGE,Ridge,Morgan,1.489373262427027,1.1300119496719043
14762232,1,IN-RANGE,Ridge,Morgan,1.0380224791055366,1.146128035678238
14762237,1,IN-RANGE,Ridge,Morgan,1.0942539199591124,1.146128035678238
14762270,1,IN-RANGE,Ridge,Morgan,1.592726204572001,1.1760912590556813
14762294,1,IN-RANGE,Ridge,Morgan,1.438269340241003,1.2000292665537702
14762305,1,IN-RANGE,Ridge,Morgan,1.4182173846806103,1.2041199826559248
14762329,1,IN-RANGE,Ridge,Morgan,1.2661861019017988,1.2304489213782739
14762330,1,IN-RANGE,Ridge,Morgan,1.3119109443007577,1.2304489213782739
14762332,1,IN-RANGE,Ridge,Morgan,1.1339490535849095,1.2312146479626012
14762354,1,IN-RANGE,Ridge,Morgan,1.252339146616041,1.249931756634195
14762363,1,IN-RANGE,Ridge,Morgan,1.4746324145907916,1.255272505103306
14762372,1,IN-RANGE,Ridge,Morgan,1.2850796542200063,1.2631624649622166
14762436,1,IN-RANGE,Ridge,Morgan,1.4282988719161542,1.3100557377508915
14762449,1,IN-RANGE,Ridge,Morgan,1.3578230034966872,1.3222192947339193
14762450,1,IN-RANGE,Ridge,Morgan,1.1638890604431962,1.3222192947339193
14762454,1,IN-RANGE,Ridge,Morgan,1.6436684610426764,1.3222192947339193
14762455,1,IN-RANGE,Ridge,Morgan,1.3676348388640391,1.3222192947339193
14762461,1,IN-RANGE,Ridge,Morgan,1.0888144595448819,1.330007700872759
14763250,1,IN-RANGE,Ridge,Morgan,1.2473018605672581,1.3424226808222062
14763264,1,IN-RANGE,Ridge,Morgan,1.4137376618537614,1.3617278360175928
14763272,1,IN-RANGE,Ridge,Morgan,0.8880386848402004,1.369957607346053
14763286,1,IN-RANGE,Ridge,Morgan,1.481072267758317,1.380211241711606
14763289,1,IN-RANGE,Ridge,Morgan,1.123185550357604,1.380211241711606
14763302,1,IN-RANGE,Ridge,Morgan,1.4720235919601048,1.3979400086720377
14763310,1,IN-RANGE,Ridge,Morgan,1.2308202623412012,1.4000196350651586
14763349,1,IN-RANGE,Ridge,Morgan,1.1458811193506495,1.4313637641589874
14763350,1,IN-RANGE,Ridge,Morgan,1.3489344661790679,1.4313637641589874
14763358,1,IN-RANGE,Ridge,Morgan,1.1975387122396273,1.4399639359209049
14763367,1,IN-RANGE,Ridge,Morgan,1.7130640113831483,1.4471580313422192
14763395,1,IN-RANGE,Ridge,Morgan,1.3817576032781187,1.4699692094999595
14763410,1,IN-RANGE,Ridge,Morgan,1.3885790480941695,1.4842998393467859
14763420,1,IN-RANGE,Ridge,Morgan,1.61548885359126,1.4899584794248346
14763425,1,IN-RANGE,Ridge,Morgan,1.3201219443168501,1.4913616938342726
14763427,1,IN-RANGE,Ridge,Morgan,1.3178280154182411,1.4913616938342726
14763438,1,IN-RANGE,Ridge,Morgan,1.1772797452918158,1.5100085129402347
14763458,1,IN-RANGE,Ridge,Morgan,1.2793474607479953,1.5314789170422551
14763466,1,IN-RANGE,Ridge,Morgan,1.5988965489885987,1.5440680443502757
14763468,1,IN-RANGE,Ridge,Morgan,1.3671591430648025,1.5440680443502757
14763469,1,IN-RANGE,Ridge,Morgan,1.72903718408055,1.5440680443502757
14763499,1,IN-RANGE,Ridge,Morgan,1.7376034003225522,1.568201724066995
14763500,1,IN-RANGE,Ridge,Morgan,1.208598128820153,1.568201724066995
14764289,1,IN-RANGE,Ridge,Morgan,1.4176153133061866,1.5800121125294244
14764308,1,IN-RANGE,Ridge,Morgan,1.5407213515586178,1.6020599913279623
14764315,1,IN-RANGE,Ridge,Morgan,1.07421415651141,1.6100210246641453
14764317,1,IN-RANGE,Ridge,Morgan,1.3543101058633067,1.6127838567197355
14764321,1,IN-RANGE,Ridge,Morgan,1.291764746004121,1.6127838567197355
14764333,1,IN-RANGE,Ridge,Morgan,1.8872482194618851,1.6232492903979006
14764347,1,IN-RANGE,Ridge,Morgan,1.4487255275209368,1.6334684555795864
14764348,1,IN-RANGE,Ridge,Morgan,1.3460388706522084,1.6334684555795864
14764358,1,IN-RANGE,Ridge,Morgan,1.5613219235251028,1.6434526764861874
14764364,1,IN-RANGE,Ridge,Morgan,1.272867186475489,1.6532125137753437
14764365,1,IN-RANGE,Ridge,Morgan,1.5376430247710875,1.6532125137753437
14764366,1,IN-RANGE,Ridge,Morgan,1.4108334272493144,1.6532125137753437
14764375,1,IN-RANGE,Ridge,Morgan,1.5916382914609604,1.662757831681574
14764383,1,IN-RANGE,Ridge,Morgan,1.444565068549149,1.6720978579357175
14764385,1,IN-RANGE,Ridge,Morgan,1.0634570386721067,1.6812412373755872
14764404,1,IN-RANGE,Ridge,Morgan,1.0015144480376634,1.7000110623221123
14764429,1,IN-RANGE,Ridge,Morgan,1.7938642996570293,1.724275869600789
14764447,1,IN-RANGE,Ridge,Morgan,1.0645832969122362,1.7399676967595095
14764469,1,IN-RANGE,Ridge,Morgan,1.5666567348517435,1.7671558660821804
14764484,1,IN-RANGE,Ridge,Morgan,1.1628954790859365,1.7800291273373383
14764494,1,IN-RANGE,Ridge,Morgan,1.524061093318715,1.792391689498254
14764495,1,IN-RANGE,Ridge,Morgan,1.4022498515242359,1.792391689498254
14764506,1,IN-RANGE,Ridge,Morgan,1.3056965505874902,1.806179973983887
14764524,1,IN-RANGE,Ridge,Morgan,2.1398817633773715,1.8195439355418688
14764532,1,IN-RANGE,Ridge,Morgan,1.3402369770605145,1.8228216453031045
14765326,1,IN-RANGE,Ridge,Morgan,1.392580212807169,1.84997191232885
14765327,1,IN-RANGE,Ridge,Morgan,1.3623139580331802,1.84997191232885
14765328,1,IN-RANGE,Ridge,Morgan,1.2034491636261406,1.8512583487190752
14765329,1,IN-RANGE,Ridge,Morgan,1.4055059660284184,1.8527848686805477
14765372,1,IN-RANGE,Ridge,Morgan,1.5473276062515122,1.9003671286564703
14765404,1,IN-RANGE,Ridge,Morgan,1.1142349098522377,1.9400181550076632
14765430,1,IN-RANGE,Ridge,Morgan,1.2960179682853392,1.9800033715837464
14765433,1,IN-RANGE,Ridge,Morgan,1.3144188217229096,1.9822712330395684
14765446,1,IN-RANGE,Ridge,Morgan,1.2162472084121339,2.0043213737826426
14765447,1,IN-RANGE,Ridge,Morgan,2.024130283134865,2.0086001717619175
14765456,1,IN-RANGE,Ridge,Morgan,1.3579662443213403,2.019116290447073
14765465,1,IN-RANGE,Ridge,Morgan,1.4032775313430883,2.0211892990699383
14765485,1,IN-RANGE,Ridge,Morgan,1.2252592457273952,2.0499928569201424
14765488,1,IN-RANGE,Ridge,Morgan,1.7088737848300672,2.0499928569201424
14765493,1,IN-RANGE,Ridge,Morgan,1.3928816938204682,2.0600175425316003
14765516,1,IN-RANGE,Ridge,Morgan,1.19832421026371,2.093421685162235
14766486,1,ABOVE,Ridge,Morgan,1.7607051318487503,
14766488,1,ABOVE,Ridge,Morgan,1.5782746745024736,
14766498,1,ABOVE,Ridge,Morgan,1.7489184301701028,
14766499,1,ABOVE,Ridge,Morgan,1.1145183136089252,
14766504,1,ABOVE,Ridge,Morgan,1.4358325980787727,
14766511,1,ABOVE,Ridge,Morgan,1.3642449422978205,
14766517,1,ABOVE,Ridge,Morgan,1.4766844372359995,
14766518,1,ABOVE,Ridge,Morgan,1.311477409623046,
14766541,1,ABOVE,Ridge,Morgan,1.2119810038594272,
14766543,1,ABOVE,Ridge,Morgan,1.5563280783565534,
14766544,1,ABOVE,Ridge,Morgan,1.7610231242046694,
14766549,1,ABOVE,Ridge,Morgan,1.6055738228625,
14766554,1,ABOVE,Ridge,Morgan,1.0173819941538222,
14766556,1,ABOVE,Ridge,Morgan,1.9703856131865112,
14766563,1,ABOVE,Ridge,Morgan,1.4757509225057914,
14766567,1,ABOVE,Ridge,Morgan,1.2909870735218112,
14766569,1,ABOVE,Ridge,Morgan,1.38153688161127,
14769802,1,IN-RANGE,Ridge,Morgan,1.0308539258232159,0.47712125471966244
14769805,1,IN-RANGE,Ridge,Morgan,1.3165467334535776,0.47712125471966244
14769809,1,IN-RANGE,Ridge,Morgan,1.3425159293576663,0.47712125471966244
14769818,1,BELOW,Ridge,Morgan,1.5152250721809981,
14769820,1,BELOW,Ridge,Morgan,1.0538693530061871,
14769823,1,BELOW,Ridge,Morgan,1.0293062958460717,
14769828,1,BELOW,Ridge,Morgan,0.8432435321979992,
14769833,1,BELOW,Ridge,Morgan,1.2345003936050145,
14769836,1,BELOW,Ridge,Morgan,1.0781808423541677,
14769837,1,BELOW,Ridge,Morgan,1.0651793848032463,
14769838,1,BELOW,Ridge,Morgan,1.3801367921714045,
14769843,1,BELOW,Ridge,Morgan,1.0233535482979839,
14769860,1,BELOW,Ridge,Morgan,1.3798085644753075,
14769866,1,BELOW,Ridge,Morgan,1.2050071122136772,
14769868,1,BELOW,Ridge,Morgan,1.3344346096122968,
14769869,1,BELOW,Ridge,Morgan,1.4241032024272016,
14769874,1,BELOW,Ridge,Morgan,1.0359305929772888,
14769875,1,BELOW,Ridge,Morgan,1.177733976192537,
14769876,1,BELOW,Ridge,Morgan,1.241475723175193,
14769879,1,BELOW,Ridge,Morgan,1.257845044667503,
14769883,1,BELOW,Ridge,Morgan,1.207758122295544,
14758731,1,BELOW,RandomForestRegressor,Morgan,1.4617067862851396,
14758735,1,BELOW,RandomForestRegressor,Morgan,1.3077812368638546,
14758738,1,BELOW,RandomForestRegressor,Morgan,1.1329798668349336,
14758743,1,BELOW,RandomForestRegressor,Morgan,1.4349948307853373,
14758749,1,BELOW,RandomForestRegressor,Morgan,1.2830393010899868,
14758756,1,BELOW,RandomForestRegressor,Morgan,1.2788565343349836,
14758767,1,BELOW,RandomForestRegressor,Morgan,1.032419418677765,
14758775,1,BELOW,RandomForestRegressor,Morgan,0.9603037244532346,
14758786,1,BELOW,RandomForestRegressor,Morgan,0.7114314400510657,
14758788,1,BELOW,RandomForestRegressor,Morgan,0.9638816737741445,
14758789,1,BELOW,RandomForestRegressor,Morgan,1.22492089342756,
14758797,1,BELOW,RandomForestRegressor,Morgan,0.8583252135936067,
14758807,1,BELOW,RandomForestRegressor,Morgan,1.2940380902666118,
14758812,1,BELOW,RandomForestRegressor,Morgan,1.2996139366094825,
14758813,1,BELOW,RandomForestRegressor,Morgan,0.8360856224736731,
14758814,1,BELOW,RandomForestRegressor,Morgan,1.3056052461401237,
14758825,1,BELOW,RandomForestRegressor,Morgan,1.2024130186012256,
14758826,1,BELOW,RandomForestRegressor,Morgan,1.2927880110433414,
14758838,1,BELOW,RandomForestRegressor,Morgan,1.2230230902040107,
14758840,1,BELOW,RandomForestRegressor,Morgan,0.8524976565299555,
14758845,1,BELOW,RandomForestRegressor,Morgan,1.2255770292983479,
14758846,1,BELOW,RandomForestRegressor,Morgan,1.2324525573851381,
14758849,1,BELOW,RandomForestRegressor,Morgan,0.804073585508,
14758863,1,BELOW,RandomForestRegressor,Morgan,1.0439230991564221,
14758874,1,BELOW,RandomForestRegressor,Morgan,1.1767385345559342,
14758876,1,BELOW,RandomForestRegressor,Morgan,1.0510913609749908,
14758885,1,BELOW,RandomForestRegressor,Morgan,1.1409159469723416,
14758886,1,BELOW,RandomForestRegressor,Morgan,1.055135892093341,
14758888,1,BELOW,RandomForestRegressor,Morgan,1.404955523165633,
14758890,1,BELOW,RandomForestRegressor,Morgan,1.0188474549674693,
14758891,1,BELOW,RandomForestRegressor,Morgan,1.1445447814125302,
14758893,1,BELOW,RandomForestRegressor,Morgan,1.0328618775521843,
14758898,1,BELOW,RandomForestRegressor,Morgan,1.1658899634286386,
14758900,1,BELOW,RandomForestRegressor,Morgan,1.0020945866411832,
14758913,1,BELOW,RandomForestRegressor,Morgan,1.2791041211302683,
14758919,1,BELOW,RandomForestRegressor,Morgan,1.2071600785491592,
14758923,1,BELOW,RandomForestRegressor,Morgan,1.369914922107884,
14758945,1,IN-RANGE,RandomForestRegressor,Morgan,0.8031044853779195,0.5563025007672873
14758956,1,IN-RANGE,RandomForestRegressor,Morgan,1.2783173129681331,0.5910646070264992
14758961,1,IN-RANGE,RandomForestRegressor,Morgan,1.3113073133939297,0.5998830720736879
14758962,1,IN-RANGE,RandomForestRegressor,Morgan,1.3687285058738565,0.5998830720736879
14758970,1,IN-RANGE,RandomForestRegressor,Morgan,1.3418475159200312,0.6020599913279624
14758978,1,IN-RANGE,RandomForestRegressor,Morgan,1.1148491108122216,0.6020599913279624
14758979,1,IN-RANGE,RandomForestRegressor,Morgan,1.0637840417891313,0.6020599913279624
14758984,1,IN-RANGE,RandomForestRegressor,Morgan,1.250958486621901,0.6020599913279624
14758988,1,IN-RANGE,RandomForestRegressor,Morgan,1.185104562389814,0.6020599913279624
14758989,1,IN-RANGE,RandomForestRegressor,Morgan,1.321818786695488,0.6020599913279624
14758991,1,IN-RANGE,RandomForestRegressor,Morgan,1.430883223022782,0.6020599913279624
14759000,1,IN-RANGE,RandomForestRegressor,Morgan,1.2664904745052143,0.6232492903979004
14759795,1,IN-RANGE,RandomForestRegressor,Morgan,0.9097952444918043,0.6901960800285137
14759809,1,IN-RANGE,RandomForestRegressor,Morgan,1.1437972488726338,0.6989700043360189
14759813,1,IN-RANGE,RandomForestRegressor,Morgan,1.245585441525533,0.6989700043360189
14759817,1,IN-RANGE,RandomForestRegressor,Morgan,0.9861624041306133,0.6989700043360189
14759818,1,IN-RANGE,RandomForestRegressor,Morgan,1.0277747897482779,0.6989700043360189
14759819,1,IN-RANGE,RandomForestRegressor,Morgan,0.8078252946257807,0.6989700043360189
14759821,1,IN-RANGE,RandomForestRegressor,Morgan,1.4951451142422316,0.6989700043360189
14759823,1,IN-RANGE,RandomForestRegressor,Morgan,0.8269861420842569,0.6989700043360189
14759837,1,IN-RANGE,RandomForestRegressor,Morgan,1.158738881686642,0.7101173651118162
14759846,1,IN-RANGE,RandomForestRegressor,Morgan,1.4821684840417166,0.7201593034059569
14759854,1,IN-RANGE,RandomForestRegressor,Morgan,1.3096336041808094,0.7299742856995556
14759863,1,IN-RANGE,RandomForestRegressor,Morgan,1.2061992316268677,0.7403626894942439
14759876,1,IN-RANGE,RandomForestRegressor,Morgan,1.1835636509701146,0.7596678446896304
14759891,1,IN-RANGE,RandomForestRegressor,Morgan,1.1712865946903575,0.7781512503836436
14759892,1,IN-RANGE,RandomForestRegressor,Morgan,1.38617022179283,0.7781512503836436
14759893,1,IN-RANGE,RandomForestRegressor,Morgan,1.2453907577499537,0.7781512503836436
14759902,1,IN-RANGE,RandomForestRegressor,Morgan,1.3958667275568688,0.7781512503836436
14759903,1,IN-RANGE,RandomForestRegressor,Morgan,1.2820976573588014,0.7781512503836436
14759904,1,IN-RANGE,RandomForestRegressor,Morgan,1.1884403924242357,0.7781512503836436
14759934,1,IN-RANGE,RandomForestRegressor,Morgan,0.8824079797671192,0.8014037100173551
14759943,1,IN-RANGE,RandomForestRegressor,Morgan,1.3921060705799948,0.8202014594856403
14759966,1,IN-RANGE,RandomForestRegressor,Morgan,1.1727028699244149,0.8450980400142568
14759968,1,IN-RANGE,RandomForestRegressor,Morgan,1.2576339544526582,0.8450980400142568
14759983,1,IN-RANGE,RandomForestRegressor,Morgan,1.0427003039239124,0.8450980400142568
14759997,1,IN-RANGE,RandomForestRegressor,Morgan,1.1751245317997425,0.8698182079793282
14760001,1,IN-RANGE,RandomForestRegressor,Morgan,1.2904968349807575,0.8750612633917001
14760002,1,IN-RANGE,RandomForestRegressor,Morgan,1.3331147411928137,0.8750612633917001
14760003,1,IN-RANGE,RandomForestRegressor,Morgan,1.230823374783934,0.8750612633917001
14760009,1,IN-RANGE,RandomForestRegressor,Morgan,1.3152004812824156,0.8802417758954804
14760034,1,IN-RANGE,RandomForestRegressor,Morgan,1.236800874091555,0.9030899869919435
14760037,1,IN-RANGE,RandomForestRegressor,Morgan,1.1704442161725919,0.9030899869919435
14761125,1,IN-RANGE,RandomForestRegressor,Morgan,0.811135226816195,0.9030899869919435
14761126,1,IN-RANGE,RandomForestRegressor,Morgan,1.2978484837504838,0.9030899869919435
14761127,1,IN-RANGE,RandomForestRegressor,Morgan,1.1094353408995128,0.9030899869919435
14761134,1,IN-RANGE,RandomForestRegressor,Morgan,0.8206412580327372,0.9100905455940682
14761136,1,IN-RANGE,RandomForestRegressor,Morgan,1.3339918553617767,0.9201233262907239
14761139,1,IN-RANGE,RandomForestRegressor,Morgan,0.9508907569516704,0.9294189257142927
14761157,1,IN-RANGE,RandomForestRegressor,Morgan,1.2752007832014676,0.9400181550076633
14761176,1,IN-RANGE,RandomForestRegressor,Morgan,0.8853976183018538,0.9542425094393249
14761181,1,IN-RANGE,RandomForestRegressor,Morgan,1.3233279718179007,0.9542425094393249
14761236,1,IN-RANGE,RandomForestRegressor,Morgan,1.3992708672221332,1.0
14761250,1,IN-RANGE,RandomForestRegressor,Morgan,1.3586844048639566,1.0199466816788423
14761271,1,IN-RANGE,RandomForestRegressor,Morgan,0.8284556370627731,1.0413926851582251
14761272,1,IN-RANGE,RandomForestRegressor,Morgan,1.3297816137273433,1.0413926851582251
14761273,1,IN-RANGE,RandomForestRegressor,Morgan,1.1617686176675557,1.0413926851582251
14761280,1,IN-RANGE,RandomForestRegressor,Morgan,0.8863667184319344,1.0413926851582251
14761281,1,IN-RANGE,RandomForestRegressor,Morgan,1.2345485466066755,1.0413926851582251
14761284,1,IN-RANGE,RandomForestRegressor,Morgan,1.1352696886862477,1.0413926851582251
14761292,1,IN-RANGE,RandomForestRegressor,Morgan,1.161239718724372,1.0499928569201427
14761312,1,IN-RANGE,RandomForestRegressor,Morgan,1.5394085675581661,1.0791812460476249
14761314,1,IN-RANGE,RandomForestRegressor,Morgan,0.904723243657973,1.0791812460476249
14761367,1,IN-RANGE,RandomForestRegressor,Morgan,1.4409284640456672,1.1139433523068367
14761385,1,IN-RANGE,RandomForestRegressor,Morgan,1.4157675601552357,1.1300119496719043
14762232,1,IN-RANGE,RandomForestRegressor,Morgan,0.9961361847960258,1.146128035678238
14762237,1,IN-RANGE,RandomForestRegressor,Morgan,1.1371679572032505,1.146128035678238
14762270,1,IN-RANGE,RandomForestRegressor,Morgan,1.5156721640854272,1.1760912590556813
14762294,1,IN-RANGE,RandomForestRegressor,Morgan,1.3406600351835793,1.2000292665537702
14762305,1,IN-RANGE,RandomForestRegressor,Morgan,1.4701784825424484,1.2041199826559248
14762329,1,IN-RANGE,RandomForestRegressor,Morgan,1.2867949421888636,1.2304489213782739
14762330,1,IN-RANGE,RandomForestRegressor,Morgan,1.3982692074862317,1.2304489213782739
14762332,1,IN-RANGE,RandomForestRegressor,Morgan,1.3132564779993954,1.2312146479626012
14762354,1,IN-RANGE,RandomForestRegressor,Morgan,1.135105140642787,1.249931756634195
14762363,1,IN-RANGE,RandomForestRegressor,Morgan,1.3749052159483424,1.255272505103306
14762372,1,IN-RANGE,RandomForestRegressor,Morgan,1.015274137757273,1.2631624649622166
14762436,1,IN-RANGE,RandomForestRegressor,Morgan,1.4608649165581977,1.3100557377508915
14762449,1,IN-RANGE,RandomForestRegressor,Morgan,1.3558698421505135,1.3222192947339193
14762450,1,IN-RANGE,RandomForestRegressor,Morgan,1.097605826427055,1.3222192947339193
14762454,1,IN-RANGE,RandomForestRegressor,Morgan,1.545074473544936,1.3222192947339193
14762455,1,IN-RANGE,RandomForestRegressor,Morgan,1.3290446516321037,1.3222192947339193
14762461,1,IN-RANGE,RandomForestRegressor,Morgan,1.0860568639746184,1.330007700872759
14763250,1,IN-RANGE,RandomForestRegressor,Morgan,1.1470436222269953,1.3424226808222062
14763264,1,IN-RANGE,RandomForestRegressor,Morgan,1.3424964136326794,1.3617278360175928
14763272,1,IN-RANGE,RandomForestRegressor,Morgan,1.2600796825141263,1.369957607346053
14763286,1,IN-RANGE,RandomForestRegressor,Morgan,1.3502997753894397,1.380211241711606
14763289,1,IN-RANGE,RandomForestRegressor,Morgan,1.4076560871254384,1.380211241711606
14763302,1,IN-RANGE,RandomForestRegressor,Morgan,1.33981618142391,1.3979400086720377
14763310,1,IN-RANGE,RandomForestRegressor,Morgan,1.3525016171528466,1.4000196350651586
14763349,1,IN-RANGE,RandomForestRegressor,Morgan,1.2638617251991027,1.4313637641589874
14763350,1,IN-RANGE,RandomForestRegressor,Morgan,1.4333995972997684,1.4313637641589874
14763358,1,IN-RANGE,RandomForestRegressor,Morgan,1.300562553088949,1.4399639359209049
14763367,1,IN-RANGE,RandomForestRegressor,Morgan,1.6245661720770275,1.4471580313422192
14763395,1,IN-RANGE,RandomForestRegressor,Morgan,1.3587702019557124,1.4699692094999595
14763410,1,IN-RANGE,RandomForestRegressor,Morgan,1.4557283038491104,1.4842998393467859
14763420,1,IN-RANGE,RandomForestRegressor,Morgan,1.4988037408239065,1.4899584794248346
14763425,1,IN-RANGE,RandomForestRegressor,Morgan,1.5643287358619133,1.4913616938342726
14763427,1,IN-RANGE,RandomForestRegressor,Morgan,1.3551824653331237,1.4913616938342726
14763438,1,IN-RANGE,RandomForestRegressor,Morgan,1.2921697798950198,1.5100085129402347
14763458,1,IN-RANGE,RandomForestRegressor,Morgan,1.19273229723946,1.5314789170422551
14763466,1,IN-RANGE,RandomForestRegressor,Morgan,1.5639993967645145,1.5440680443502757
14763468,1,IN-RANGE,RandomForestRegressor,Morgan,1.3519667916277165,1.5440680443502757
14763469,1,IN-RANGE,RandomForestRegressor,Morgan,1.6268696063955477,1.5440680443502757
14763499,1,IN-RANGE,RandomForestRegressor,Morgan,1.7618688952434223,1.568201724066995
14763500,1,IN-RANGE,RandomForestRegressor,Morgan,1.286052687396195,1.568201724066995
14764289,1,IN-RANGE,RandomForestRegressor,Morgan,1.4090377443519173,1.5800121125294244
14764308,1,IN-RANGE,RandomForestRegressor,Morgan,1.3999161735365278,1.6020599913279623
14764315,1,IN-RANGE,RandomForestRegressor,Morgan,1.360747097877474,1.6100210246641453
14764317,1,IN-RANGE,RandomForestRegressor,Morgan,1.3517689057888145,1.6127838567197355
14764321,1,IN-RANGE,RandomForestRegressor,Morgan,1.3169027152655752,1.6127838567197355
14764333,1,IN-RANGE,RandomForestRegressor,Morgan,1.5611999442618707,1.6232492903979006
14764347,1,IN-RANGE,RandomForestRegressor,Morgan,1.3273203927976758,1.6334684555795864
14764348,1,IN-RANGE,RandomForestRegressor,Morgan,1.3324546612136285,1.6334684555795864
14764358,1,IN-RANGE,RandomForestRegressor,Morgan,1.5049128318920606,1.6434526764861874
14764364,1,IN-RANGE,RandomForestRegressor,Morgan,1.2687670287376311,1.6532125137753437
14764365,1,IN-RANGE,RandomForestRegressor,Morgan,1.527798538604146,1.6532125137753437
14764366,1,IN-RANGE,RandomForestRegressor,Morgan,1.2384133372356574,1.6532125137753437
14764375,1,IN-RANGE,RandomForestRegressor,Morgan,1.5245762751470622,1.662757831681574
14764383,1,IN-RANGE,RandomForestRegressor,Morgan,1.3954569694850962,1.6720978579357175
14764385,1,IN-RANGE,RandomForestRegressor,Morgan,1.022630151242551,1.6812412373755872
14764404,1,IN-RANGE,RandomForestRegressor,Morgan,1.4095150223677908,1.7000110623221123
14764429,1,IN-RANGE,RandomForestRegressor,Morgan,1.76385645725073,1.724275869600789
14764447,1,IN-RANGE,RandomForestRegressor,Morgan,1.552428310418292,1.7399676967595095
14764469,1,IN-RANGE,RandomForestRegressor,Morgan,1.5924023648844372,1.7671558660821804
14764484,1,IN-RANGE,RandomForestRegressor,Morgan,1.2935121296712686,1.7800291273373383
14764494,1,IN-RANGE,RandomForestRegressor,Morgan,1.4493072243341343,1.792391689498254
14764495,1,IN-RANGE,RandomForestRegressor,Morgan,1.3405708064446253,1.792391689498254
14764506,1,IN-RANGE,RandomForestRegressor,Morgan,1.3749245177832958,1.806179973983887
14764524,1,IN-RANGE,RandomForestRegressor,Morgan,1.8458693227269356,1.8195439355418688
14764532,1,IN-RANGE,RandomForestRegressor,Morgan,1.0482679786726996,1.8228216453031045
14765326,1,IN-RANGE,RandomForestRegressor,Morgan,1.3969413818073664,1.84997191232885
14765327,1,IN-RANGE,RandomForestRegressor,Morgan,1.3318244505828134,1.84997191232885
14765328,1,IN-RANGE,RandomForestRegressor,Morgan,1.3474243141995403,1.8512583487190752
14765329,1,IN-RANGE,RandomForestRegressor,Morgan,1.374983504588967,1.8527848686805477
14765372,1,IN-RANGE,RandomForestRegressor,Morgan,1.4490562257528532,1.9003671286564703
14765404,1,IN-RANGE,RandomForestRegressor,Morgan,1.311064142858813,1.9400181550076632
14765430,1,IN-RANGE,RandomForestRegressor,Morgan,1.464974025219896,1.9800033715837464
14765433,1,IN-RANGE,RandomForestRegressor,Morgan,1.2414011035908665,1.9822712330395684
14765446,1,IN-RANGE,RandomForestRegressor,Morgan,1.0982420706996385,2.0043213737826426
14765447,1,IN-RANGE,RandomForestRegressor,Morgan,1.8610958953850376,2.0086001717619175
14765456,1,IN-RANGE,RandomForestRegressor,Morgan,1.3143335855169314,2.019116290447073
14765465,1,IN-RANGE,RandomForestRegressor,Morgan,1.3044484024343137,2.0211892990699383
14765485,1,IN-RANGE,RandomForestRegressor,Morgan,1.3107320309752246,2.0499928569201424
14765488,1,IN-RANGE,RandomForestRegressor,Morgan,1.5695762505633917,2.0499928569201424
14765493,1,IN-RANGE,RandomForestRegressor,Morgan,1.3588246173190521,2.0600175425316003
14765516,1,IN-RANGE,RandomForestRegressor,Morgan,1.42343440603143,2.093421685162235
14766486,1,ABOVE,RandomForestRegressor,Morgan,1.5883036380043731,
14766488,1,ABOVE,RandomForestRegressor,Morgan,1.4778732923750555,
14766498,1,ABOVE,RandomForestRegressor,Morgan,1.7643870430622541,
14766499,1,ABOVE,RandomForestRegressor,Morgan,1.1116433480363346,
14766504,1,ABOVE,RandomForestRegressor,Morgan,1.4353276831819175,
14766511,1,ABOVE,RandomForestRegressor,Morgan,1.4268575004342496,
14766517,1,ABOVE,RandomForestRegressor,Morgan,1.5247516620497066,
14766518,1,ABOVE,RandomForestRegressor,Morgan,1.3197254695250655,
14766541,1,ABOVE,RandomForestRegressor,Morgan,1.4189237873812357,
14766543,1,ABOVE,RandomForestRegressor,Morgan,1.6949461354959185,
14766544,1,ABOVE,RandomForestRegressor,Morgan,1.4606041467412583,
14766549,1,ABOVE,RandomForestRegressor,Morgan,1.5768811471075237,
14766554,1,ABOVE,RandomForestRegressor,Morgan,1.3390358293518656,
14766556,1,ABOVE,RandomForestRegressor,Morgan,1.5496439705889398,
14766563,1,ABOVE,RandomForestRegressor,Morgan,1.4603945463082284,
14766567,1,ABOVE,RandomForestRegressor,Morgan,1.3433978871166286,
14766569,1,ABOVE,RandomForestRegressor,Morgan,1.503819500753502,
14769802,1,IN-RANGE,RandomForestRegressor,Morgan,0.9081058244307526,0.47712125471966244
14769805,1,IN-RANGE,RandomForestRegressor,Morgan,1.494907229694479,0.47712125471966244
14769809,1,IN-RANGE,RandomForestRegressor,Morgan,1.3698817137803019,0.47712125471966244
14769818,1,BELOW,RandomForestRegressor,Morgan,1.4886521032747684,
14769820,1,BELOW,RandomForestRegressor,Morgan,1.1402198066614957,
14769823,1,BELOW,RandomForestRegressor,Morgan,1.177940308219879,
14769828,1,BELOW,RandomForestRegressor,Morgan,1.1558296292460577,
14769833,1,BELOW,RandomForestRegressor,Morgan,1.3186345850333725,
14769836,1,BELOW,RandomForestRegressor,Morgan,1.2141738182946868,
14769837,1,BELOW,RandomForestRegressor,Morgan,1.2105626244344752,
14769838,1,BELOW,RandomForestRegressor,Morgan,1.454733958273845,
14769843,1,BELOW,RandomForestRegressor,Morgan,1.2137979109693346,
14769860,1,BELOW,RandomForestRegressor,Morgan,1.2028418749836822,
14769866,1,BELOW,RandomForestRegressor,Morgan,1.2908999396459655,
14769868,1,BELOW,RandomForestRegressor,Morgan,1.4972424381394824,
14769869,1,BELOW,RandomForestRegressor,Morgan,1.377335738831323,
14769874,1,BELOW,RandomForestRegressor,Morgan,1.1809853749076185,
14769875,1,BELOW,RandomForestRegressor,Morgan,1.1214787238803152,
14769876,1,BELOW,RandomForestRegressor,Morgan,1.3535952629710208,
14769879,1,BELOW,RandomForestRegressor,Morgan,1.2008378649957943,
14769883,1,BELOW,RandomForestRegressor,Morgan,1.1436747327730306,
14758723,2,BELOW,mean_baseline,none,1.2937248996617992,
14758723,2,BELOW,median_baseline,none,1.2699796766453237,
14758729,2,BELOW,mean_baseline,none,1.2937248996617992,
14758729,2,BELOW,median_baseline,none,1.2699796766453237,
14758730,2,BELOW,mean_baseline,none,1.2937248996617992,
14758730,2,BELOW,median_baseline,none,1.2699796766453237,
14758737,2,BELOW,mean_baseline,none,1.2937248996617992,
14758737,2,BELOW,median_baseline,none,1.2699796766453237,
14758752,2,BELOW,mean_baseline,none,1.2937248996617992,
14758752,2,BELOW,median_baseline,none,1.2699796766453237,
14758755,2,BELOW,mean_baseline,none,1.2937248996617992,
14758755,2,BELOW,median_baseline,none,1.2699796766453237,
14758758,2,BELOW,mean_baseline,none,1.2937248996617992,
14758758,2,BELOW,median_baseline,none,1.2699796766453237,
14758762,2,BELOW,mean_baseline,none,1.2937248996617992,
14758762,2,BELOW,median_baseline,none,1.2699796766453237,
14758777,2,BELOW,mean_baseline,none,1.2937248996617992,
14758777,2,BELOW,median_baseline,none,1.2699796766453237,
14758780,2,BELOW,mean_baseline,none,1.2937248996617992,
14758780,2,BELOW,median_baseline,none,1.2699796766453237,
14758782,2,BELOW,mean_baseline,none,1.2937248996617992,
14758782,2,BELOW,median_baseline,none,1.2699796766453237,
14758783,2,BELOW,mean_baseline,none,1.2937248996617992,
14758783,2,BELOW,median_baseline,none,1.2699796766453237,
14758787,2,BELOW,mean_baseline,none,1.2937248996617992,
14758787,2,BELOW,median_baseline,none,1.2699796766453237,
14758790,2,BELOW,mean_baseline,none,1.2937248996617992,
14758790,2,BELOW,median_baseline,none,1.2699796766453237,
14758793,2,BELOW,mean_baseline,none,1.2937248996617992,
14758793,2,BELOW,median_baseline,none,1.2699796766453237,
14758794,2,BELOW,mean_baseline,none,1.2937248996617992,
14758794,2,BELOW,median_baseline,none,1.2699796766453237,
14758801,2,BELOW,mean_baseline,none,1.2937248996617992,
14758801,2,BELOW,median_baseline,none,1.2699796766453237,
14758803,2,BELOW,mean_baseline,none,1.2937248996617992,
14758803,2,BELOW,median_baseline,none,1.2699796766453237,
14758818,2,BELOW,mean_baseline,none,1.2937248996617992,
14758818,2,BELOW,median_baseline,none,1.2699796766453237,
14758819,2,BELOW,mean_baseline,none,1.2937248996617992,
14758819,2,BELOW,median_baseline,none,1.2699796766453237,
14758820,2,BELOW,mean_baseline,none,1.2937248996617992,
14758820,2,BELOW,median_baseline,none,1.2699796766453237,
14758823,2,BELOW,mean_baseline,none,1.2937248996617992,
14758823,2,BELOW,median_baseline,none,1.2699796766453237,
14758844,2,BELOW,mean_baseline,none,1.2937248996617992,
14758844,2,BELOW,median_baseline,none,1.2699796766453237,
14758847,2,BELOW,mean_baseline,none,1.2937248996617992,
14758847,2,BELOW,median_baseline,none,1.2699796766453237,
14758848,2,BELOW,mean_baseline,none,1.2937248996617992,
14758848,2,BELOW,median_baseline,none,1.2699796766453237,
14758852,2,BELOW,mean_baseline,none,1.2937248996617992,
14758852,2,BELOW,median_baseline,none,1.2699796766453237,
14758856,2,BELOW,mean_baseline,none,1.2937248996617992,
14758856,2,BELOW,median_baseline,none,1.2699796766453237,
14758858,2,BELOW,mean_baseline,none,1.2937248996617992,
14758858,2,BELOW,median_baseline,none,1.2699796766453237,
14758859,2,BELOW,mean_baseline,none,1.2937248996617992,
14758859,2,BELOW,median_baseline,none,1.2699796766453237,
14758865,2,BELOW,mean_baseline,none,1.2937248996617992,
14758865,2,BELOW,median_baseline,none,1.2699796766453237,
14758868,2,BELOW,mean_baseline,none,1.2937248996617992,
14758868,2,BELOW,median_baseline,none,1.2699796766453237,
14758870,2,BELOW,mean_baseline,none,1.2937248996617992,
14758870,2,BELOW,median_baseline,none,1.2699796766453237,
14758875,2,BELOW,mean_baseline,none,1.2937248996617992,
14758875,2,BELOW,median_baseline,none,1.2699796766453237,
14758877,2,BELOW,mean_baseline,none,1.2937248996617992,
14758877,2,BELOW,median_baseline,none,1.2699796766453237,
14758880,2,BELOW,mean_baseline,none,1.2937248996617992,
14758880,2,BELOW,median_baseline,none,1.2699796766453237,
14758881,2,BELOW,mean_baseline,none,1.2937248996617992,
14758881,2,BELOW,median_baseline,none,1.2699796766453237,
14758882,2,BELOW,mean_baseline,none,1.2937248996617992,
14758882,2,BELOW,median_baseline,none,1.2699796766453237,
14758883,2,BELOW,mean_baseline,none,1.2937248996617992,
14758883,2,BELOW,median_baseline,none,1.2699796766453237,
14758889,2,BELOW,mean_baseline,none,1.2937248996617992,
14758889,2,BELOW,median_baseline,none,1.2699796766453237,
14758901,2,BELOW,mean_baseline,none,1.2937248996617992,
14758901,2,BELOW,median_baseline,none,1.2699796766453237,
14758902,2,BELOW,mean_baseline,none,1.2937248996617992,
14758902,2,BELOW,median_baseline,none,1.2699796766453237,
14758904,2,BELOW,mean_baseline,none,1.2937248996617992,
14758904,2,BELOW,median_baseline,none,1.2699796766453237,
14758908,2,BELOW,mean_baseline,none,1.2937248996617992,
14758908,2,BELOW,median_baseline,none,1.2699796766453237,
14758915,2,BELOW,mean_baseline,none,1.2937248996617992,
14758915,2,BELOW,median_baseline,none,1.2699796766453237,
14758972,2,IN-RANGE,mean_baseline,none,1.2937248996617992,0.6020599913279624
14758972,2,IN-RANGE,median_baseline,none,1.2699796766453237,0.6020599913279624
14758976,2,IN-RANGE,mean_baseline,none,1.2937248996617992,0.6020599913279624
14758976,2,IN-RANGE,median_baseline,none,1.2699796766453237,0.6020599913279624
14758983,2,IN-RANGE,mean_baseline,none,1.2937248996617992,0.6020599913279624
14758983,2,IN-RANGE,median_baseline,none,1.2699796766453237,0.6020599913279624
14758986,2,IN-RANGE,mean_baseline,none,1.2937248996617992,0.6020599913279624
14758986,2,IN-RANGE,median_baseline,none,1.2699796766453237,0.6020599913279624
14758987,2,IN-RANGE,mean_baseline,none,1.2937248996617992,0.6020599913279624
14758987,2,IN-RANGE,median_baseline,none,1.2699796766453237,0.6020599913279624
14758997,2,IN-RANGE,mean_baseline,none,1.2937248996617992,0.6201360549737575
14758997,2,IN-RANGE,median_baseline,none,1.2699796766453237,0.6201360549737575
14759804,2,IN-RANGE,mean_baseline,none,1.2937248996617992,0.6989700043360189
14759804,2,IN-RANGE,median_baseline,none,1.2699796766453237,0.6989700043360189
14759806,2,IN-RANGE,mean_baseline,none,1.2937248996617992,0.6989700043360189
14759806,2,IN-RANGE,median_baseline,none,1.2699796766453237,0.6989700043360189
14759808,2,IN-RANGE,mean_baseline,none,1.2937248996617992,0.6989700043360189
14759808,2,IN-RANGE,median_baseline,none,1.2699796766453237,0.6989700043360189
14759816,2,IN-RANGE,mean_baseline,none,1.2937248996617992,0.6989700043360189
14759816,2,IN-RANGE,median_baseline,none,1.2699796766453237,0.6989700043360189
14759836,2,IN-RANGE,mean_baseline,none,1.2937248996617992,0.7101173651118162
14759836,2,IN-RANGE,median_baseline,none,1.2699796766453237,0.7101173651118162
14759875,2,IN-RANGE,mean_baseline,none,1.2937248996617992,0.7596678446896304
14759875,2,IN-RANGE,median_baseline,none,1.2699796766453237,0.7596678446896304
14759896,2,IN-RANGE,mean_baseline,none,1.2937248996617992,0.7781512503836436
14759896,2,IN-RANGE,median_baseline,none,1.2699796766453237,0.7781512503836436
14759898,2,IN-RANGE,mean_baseline,none,1.2937248996617992,0.7781512503836436
14759898,2,IN-RANGE,median_baseline,none,1.2699796766453237,0.7781512503836436
14759901,2,IN-RANGE,mean_baseline,none,1.2937248996617992,0.7781512503836436
14759901,2,IN-RANGE,median_baseline,none,1.2699796766453237,0.7781512503836436
14759905,2,IN-RANGE,mean_baseline,none,1.2937248996617992,0.7781512503836436
14759905,2,IN-RANGE,median_baseline,none,1.2699796766453237,0.7781512503836436
14759908,2,IN-RANGE,mean_baseline,none,1.2937248996617992,0.7781512503836436
14759908,2,IN-RANGE,median_baseline,none,1.2699796766453237,0.7781512503836436
14759911,2,IN-RANGE,mean_baseline,none,1.2937248996617992,0.7781512503836436
14759911,2,IN-RANGE,median_baseline,none,1.2699796766453237,0.7781512503836436
14759913,2,IN-RANGE,mean_baseline,none,1.2937248996617992,0.7781512503836436
14759913,2,IN-RANGE,median_baseline,none,1.2699796766453237,0.7781512503836436
14759923,2,IN-RANGE,mean_baseline,none,1.2937248996617992,0.7909884750888159
14759923,2,IN-RANGE,median_baseline,none,1.2699796766453237,0.7909884750888159
14759969,2,IN-RANGE,mean_baseline,none,1.2937248996617992,0.8450980400142568
14759969,2,IN-RANGE,median_baseline,none,1.2699796766453237,0.8450980400142568
14759970,2,IN-RANGE,mean_baseline,none,1.2937248996617992,0.8450980400142568
14759970,2,IN-RANGE,median_baseline,none,1.2699796766453237,0.8450980400142568
14759973,2,IN-RANGE,mean_baseline,none,1.2937248996617992,0.8450980400142568
14759973,2,IN-RANGE,median_baseline,none,1.2699796766453237,0.8450980400142568
14759980,2,IN-RANGE,mean_baseline,none,1.2937248996617992,0.8450980400142568
14759980,2,IN-RANGE,median_baseline,none,1.2699796766453237,0.8450980400142568
14759982,2,IN-RANGE,mean_baseline,none,1.2937248996617992,0.8450980400142568
14759982,2,IN-RANGE,median_baseline,none,1.2699796766453237,0.8450980400142568
14759988,2,IN-RANGE,mean_baseline,none,1.2937248996617992,0.850033257689769
14759988,2,IN-RANGE,median_baseline,none,1.2699796766453237,0.850033257689769
14759993,2,IN-RANGE,mean_baseline,none,1.2937248996617992,0.859738566197147
14759993,2,IN-RANGE,median_baseline,none,1.2699796766453237,0.859738566197147
14760013,2,IN-RANGE,mean_baseline,none,1.2937248996617992,0.8898617212581884
14760013,2,IN-RANGE,median_baseline,none,1.2699796766453237,0.8898617212581884
14760014,2,IN-RANGE,mean_baseline,none,1.2937248996617992,0.8898617212581884
14760014,2,IN-RANGE,median_baseline,none,1.2699796766453237,0.8898617212581884
14760020,2,IN-RANGE,mean_baseline,none,1.2937248996617992,0.8998205024270963
14760020,2,IN-RANGE,median_baseline,none,1.2699796766453237,0.8998205024270963
14760031,2,IN-RANGE,mean_baseline,none,1.2937248996617992,0.9030899869919435
14760031,2,IN-RANGE,median_baseline,none,1.2699796766453237,0.9030899869919435
14761124,2,IN-RANGE,mean_baseline,none,1.2937248996617992,0.9030899869919435
14761124,2,IN-RANGE,median_baseline,none,1.2699796766453237,0.9030899869919435
14761135,2,IN-RANGE,mean_baseline,none,1.2937248996617992,0.9180303367848801
14761135,2,IN-RANGE,median_baseline,none,1.2699796766453237,0.9180303367848801
14761158,2,IN-RANGE,mean_baseline,none,1.2937248996617992,0.9474337218870508
14761158,2,IN-RANGE,median_baseline,none,1.2699796766453237,0.9474337218870508
14761161,2,IN-RANGE,mean_baseline,none,1.2937248996617992,0.9498777040368748
14761161,2,IN-RANGE,median_baseline,none,1.2699796766453237,0.9498777040368748
14761175,2,IN-RANGE,mean_baseline,none,1.2937248996617992,0.9542425094393249
14761175,2,IN-RANGE,median_baseline,none,1.2699796766453237,0.9542425094393249
14761177,2,IN-RANGE,mean_baseline,none,1.2937248996617992,0.9542425094393249
14761177,2,IN-RANGE,median_baseline,none,1.2699796766453237,0.9542425094393249
14761179,2,IN-RANGE,mean_baseline,none,1.2937248996617992,0.9542425094393249
14761179,2,IN-RANGE,median_baseline,none,1.2699796766453237,0.9542425094393249
14761191,2,IN-RANGE,mean_baseline,none,1.2937248996617992,0.9599948383284161
14761191,2,IN-RANGE,median_baseline,none,1.2699796766453237,0.9599948383284161
14761202,2,IN-RANGE,mean_baseline,none,1.2937248996617992,0.9800033715837464
14761202,2,IN-RANGE,median_baseline,none,1.2699796766453237,0.9800033715837464
14761209,2,IN-RANGE,mean_baseline,none,1.2937248996617992,0.989894563718773
14761209,2,IN-RANGE,median_baseline,none,1.2699796766453237,0.989894563718773
14761212,2,IN-RANGE,mean_baseline,none,1.2937248996617992,0.989894563718773
14761212,2,IN-RANGE,median_baseline,none,1.2699796766453237,0.989894563718773
14761231,2,IN-RANGE,mean_baseline,none,1.2937248996617992,1.0
14761231,2,IN-RANGE,median_baseline,none,1.2699796766453237,1.0
14761234,2,IN-RANGE,mean_baseline,none,1.2937248996617992,1.0
14761234,2,IN-RANGE,median_baseline,none,1.2699796766453237,1.0
14761251,2,IN-RANGE,mean_baseline,none,1.2937248996617992,1.021189299069938
14761251,2,IN-RANGE,median_baseline,none,1.2699796766453237,1.021189299069938
14761267,2,IN-RANGE,mean_baseline,none,1.2937248996617992,1.0398105541483504
14761267,2,IN-RANGE,median_baseline,none,1.2699796766453237,1.0398105541483504
14761315,2,IN-RANGE,mean_baseline,none,1.2937248996617992,1.0791812460476249
14761315,2,IN-RANGE,median_baseline,none,1.2699796766453237,1.0791812460476249
14761320,2,IN-RANGE,mean_baseline,none,1.2937248996617992,1.0791812460476249
14761320,2,IN-RANGE,median_baseline,none,1.2699796766453237,1.0791812460476249
14761363,2,IN-RANGE,mean_baseline,none,1.2937248996617992,1.1139433523068367
14761363,2,IN-RANGE,median_baseline,none,1.2699796766453237,1.1139433523068367
14761368,2,IN-RANGE,mean_baseline,none,1.2937248996617992,1.1139433523068367
14761368,2,IN-RANGE,median_baseline,none,1.2699796766453237,1.1139433523068367
14761369,2,IN-RANGE,mean_baseline,none,1.2937248996617992,1.1139433523068367
14761369,2,IN-RANGE,median_baseline,none,1.2699796766453237,1.1139433523068367
14762228,2,IN-RANGE,mean_baseline,none,1.2937248996617992,1.146128035678238
14762228,2,IN-RANGE,median_baseline,none,1.2699796766453237,1.146128035678238
14762231,2,IN-RANGE,mean_baseline,none,1.2937248996617992,1.146128035678238
14762231,2,IN-RANGE,median_baseline,none,1.2699796766453237,1.146128035678238
14762233,2,IN-RANGE,mean_baseline,none,1.2937248996617992,1.146128035678238
14762233,2,IN-RANGE,median_baseline,none,1.2699796766453237,1.146128035678238
14762236,2,IN-RANGE,mean_baseline,none,1.2937248996617992,1.146128035678238
14762236,2,IN-RANGE,median_baseline,none,1.2699796766453237,1.146128035678238
14762254,2,IN-RANGE,mean_baseline,none,1.2937248996617992,1.1598678470925667
14762254,2,IN-RANGE,median_baseline,none,1.2699796766453237,1.1598678470925667
14762272,2,IN-RANGE,mean_baseline,none,1.2937248996617992,1.1760912590556813
14762272,2,IN-RANGE,median_baseline,none,1.2699796766453237,1.1760912590556813
14762273,2,IN-RANGE,mean_baseline,none,1.2937248996617992,1.1760912590556813
14762273,2,IN-RANGE,median_baseline,none,1.2699796766453237,1.1760912590556813
14762274,2,IN-RANGE,mean_baseline,none,1.2937248996617992,1.1760912590556813
14762274,2,IN-RANGE,median_baseline,none,1.2699796766453237,1.1760912590556813
14762281,2,IN-RANGE,mean_baseline,none,1.2937248996617992,1.180125875164054
14762281,2,IN-RANGE,median_baseline,none,1.2699796766453237,1.180125875164054
14762282,2,IN-RANGE,mean_baseline,none,1.2937248996617992,1.180125875164054
14762282,2,IN-RANGE,median_baseline,none,1.2699796766453237,1.180125875164054
14762328,2,IN-RANGE,mean_baseline,none,1.2937248996617992,1.2304489213782739
14762328,2,IN-RANGE,median_baseline,none,1.2699796766453237,1.2304489213782739
14762334,2,IN-RANGE,mean_baseline,none,1.2937248996617992,1.236789099409293
14762334,2,IN-RANGE,median_baseline,none,1.2699796766453237,1.236789099409293
14762347,2,IN-RANGE,mean_baseline,none,1.2937248996617992,1.2430380486862944
14762347,2,IN-RANGE,median_baseline,none,1.2699796766453237,1.2430380486862944
14762352,2,IN-RANGE,mean_baseline,none,1.2937248996617992,1.249931756634195
14762352,2,IN-RANGE,median_baseline,none,1.2699796766453237,1.249931756634195
14762356,2,IN-RANGE,mean_baseline,none,1.2937248996617992,1.249931756634195
14762356,2,IN-RANGE,median_baseline,none,1.2699796766453237,1.249931756634195
14762357,2,IN-RANGE,mean_baseline,none,1.2937248996617992,1.249931756634195
14762357,2,IN-RANGE,median_baseline,none,1.2699796766453237,1.249931756634195
14762361,2,IN-RANGE,mean_baseline,none,1.2937248996617992,1.255272505103306
14762361,2,IN-RANGE,median_baseline,none,1.2699796766453237,1.255272505103306
14762384,2,IN-RANGE,mean_baseline,none,1.2937248996617992,1.2787536009528289
14762384,2,IN-RANGE,median_baseline,none,1.2699796766453237,1.2787536009528289
14762385,2,IN-RANGE,mean_baseline,none,1.2937248996617992,1.2787536009528289
14762385,2,IN-RANGE,median_baseline,none,1.2699796766453237,1.2787536009528289
14762386,2,IN-RANGE,mean_baseline,none,1.2937248996617992,1.2787536009528289
14762386,2,IN-RANGE,median_baseline,none,1.2699796766453237,1.2787536009528289
14762415,2,IN-RANGE,mean_baseline,none,1.2937248996617992,1.299942900022767
14762415,2,IN-RANGE,median_baseline,none,1.2699796766453237,1.299942900022767
14762416,2,IN-RANGE,mean_baseline,none,1.2937248996617992,1.299942900022767
14762416,2,IN-RANGE,median_baseline,none,1.2699796766453237,1.299942900022767
14762427,2,IN-RANGE,mean_baseline,none,1.2937248996617992,1.3010299956639813
14762427,2,IN-RANGE,median_baseline,none,1.2699796766453237,1.3010299956639813
14762437,2,IN-RANGE,mean_baseline,none,1.2937248996617992,1.3100557377508915
14762437,2,IN-RANGE,median_baseline,none,1.2699796766453237,1.3100557377508915
14762438,2,IN-RANGE,mean_baseline,none,1.2937248996617992,1.3100557377508915
14762438,2,IN-RANGE,median_baseline,none,1.2699796766453237,1.3100557377508915
14762442,2,IN-RANGE,mean_baseline,none,1.2937248996617992,1.3199384399803087
14762442,2,IN-RANGE,median_baseline,none,1.2699796766453237,1.3199384399803087
14762448,2,IN-RANGE,mean_baseline,none,1.2937248996617992,1.3222192947339193
14762448,2,IN-RANGE,median_baseline,none,1.2699796766453237,1.3222192947339193
14762464,2,IN-RANGE,mean_baseline,none,1.2937248996617992,1.330007700872759
14762464,2,IN-RANGE,median_baseline,none,1.2699796766453237,1.330007700872759
14762466,2,IN-RANGE,mean_baseline,none,1.2937248996617992,1.3324384599156054
14762466,2,IN-RANGE,median_baseline,none,1.2699796766453237,1.3324384599156054
14763245,2,IN-RANGE,mean_baseline,none,1.2937248996617992,1.3400473176613932
14763245,2,IN-RANGE,median_baseline,none,1.2699796766453237,1.3400473176613932
14763252,2,IN-RANGE,mean_baseline,none,1.2937248996617992,1.3424226808222062
14763252,2,IN-RANGE,median_baseline,none,1.2699796766453237,1.3424226808222062
14763253,2,IN-RANGE,mean_baseline,none,1.2937248996617992,1.3424226808222062
14763253,2,IN-RANGE,median_baseline,none,1.2699796766453237,1.3424226808222062
14763254,2,IN-RANGE,mean_baseline,none,1.2937248996617992,1.3424226808222062
14763254,2,IN-RANGE,median_baseline,none,1.2699796766453237,1.3424226808222062
14763285,2,IN-RANGE,mean_baseline,none,1.2937248996617992,1.380211241711606
14763285,2,IN-RANGE,median_baseline,none,1.2699796766453237,1.380211241711606
14763297,2,IN-RANGE,mean_baseline,none,1.2937248996617992,1.3900514964589872
14763297,2,IN-RANGE,median_baseline,none,1.2699796766453237,1.3900514964589872
14763300,2,IN-RANGE,mean_baseline,none,1.2937248996617992,1.3979400086720377
14763300,2,IN-RANGE,median_baseline,none,1.2699796766453237,1.3979400086720377
14763301,2,IN-RANGE,mean_baseline,none,1.2937248996617992,1.3979400086720377
14763301,2,IN-RANGE,median_baseline,none,1.2699796766453237,1.3979400086720377
14763303,2,IN-RANGE,mean_baseline,none,1.2937248996617992,1.3979400086720377
14763303,2,IN-RANGE,median_baseline,none,1.2699796766453237,1.3979400086720377
14763322,2,IN-RANGE,mean_baseline,none,1.2937248996617992,1.414973347970818
14763322,2,IN-RANGE,median_baseline,none,1.2699796766453237,1.414973347970818
14763324,2,IN-RANGE,mean_baseline,none,1.2937248996617992,1.414973347970818
14763324,2,IN-RANGE,median_baseline,none,1.2699796766453237,1.414973347970818
14763353,2,IN-RANGE,mean_baseline,none,1.2937248996617992,1.4393326938302626
14763353,2,IN-RANGE,median_baseline,none,1.2699796766453237,1.4393326938302626
14763359,2,IN-RANGE,mean_baseline,none,1.2937248996617992,1.4399639359209049
14763359,2,IN-RANGE,median_baseline,none,1.2699796766453237,1.4399639359209049
14763397,2,IN-RANGE,mean_baseline,none,1.2937248996617992,1.4771212547196624
14763397,2,IN-RANGE,median_baseline,none,1.2699796766453237,1.4771212547196624
14763399,2,IN-RANGE,mean_baseline,none,1.2937248996617992,1.4771212547196624
14763399,2,IN-RANGE,median_baseline,none,1.2699796766453237,1.4771212547196624
14763432,2,IN-RANGE,mean_baseline,none,1.2937248996617992,1.505149978319906
14763432,2,IN-RANGE,median_baseline,none,1.2699796766453237,1.505149978319906
14763444,2,IN-RANGE,mean_baseline,none,1.2937248996617992,1.5185139398778875
14763444,2,IN-RANGE,median_baseline,none,1.2699796766453237,1.5185139398778875
14763445,2,IN-RANGE,mean_baseline,none,1.2937248996617992,1.5185139398778875
14763445,2,IN-RANGE,median_baseline,none,1.2699796766453237,1.5185139398778875
14763450,2,IN-RANGE,mean_baseline,none,1.2937248996617992,1.5199591807520685
14763450,2,IN-RANGE,median_baseline,none,1.2699796766453237,1.5199591807520685
14763467,2,IN-RANGE,mean_baseline,none,1.2937248996617992,1.5440680443502757
14763467,2,IN-RANGE,median_baseline,none,1.2699796766453237,1.5440680443502757
14763471,2,IN-RANGE,mean_baseline,none,1.2937248996617992,1.5440680443502757
14763471,2,IN-RANGE,median_baseline,none,1.2699796766453237,1.5440680443502757
14763487,2,IN-RANGE,mean_baseline,none,1.2937248996617992,1.5563025007672873
14763487,2,IN-RANGE,median_baseline,none,1.2699796766453237,1.5563025007672873
14763488,2,IN-RANGE,mean_baseline,none,1.2937248996617992,1.5563025007672873
14763488,2,IN-RANGE,median_baseline,none,1.2699796766453237,1.5563025007672873
14763498,2,IN-RANGE,mean_baseline,none,1.2937248996617992,1.568201724066995
14763498,2,IN-RANGE,median_baseline,none,1.2699796766453237,1.568201724066995
14764309,2,IN-RANGE,mean_baseline,none,1.2937248996617992,1.606381365110605
14764309,2,IN-RANGE,median_baseline,none,1.2699796766453237,1.606381365110605
14764318,2,IN-RANGE,mean_baseline,none,1.2937248996617992,1.6127838567197355
14764318,2,IN-RANGE,median_baseline,none,1.2699796766453237,1.6127838567197355
14764319,2,IN-RANGE,mean_baseline,none,1.2937248996617992,1.6127838567197355
14764319,2,IN-RANGE,median_baseline,none,1.2699796766453237,1.6127838567197355
14764351,2,IN-RANGE,mean_baseline,none,1.2937248996617992,1.6384892569546374
14764351,2,IN-RANGE,median_baseline,none,1.2699796766453237,1.6384892569546374
14764357,2,IN-RANGE,mean_baseline,none,1.2937248996617992,1.6434526764861874
14764357,2,IN-RANGE,median_baseline,none,1.2699796766453237,1.6434526764861874
14764363,2,IN-RANGE,mean_baseline,none,1.2937248996617992,1.6532125137753437
14764363,2,IN-RANGE,median_baseline,none,1.2699796766453237,1.6532125137753437
14764376,2,IN-RANGE,mean_baseline,none,1.2937248996617992,1.662757831681574
14764376,2,IN-RANGE,median_baseline,none,1.2699796766453237,1.662757831681574
14764393,2,IN-RANGE,mean_baseline,none,1.2937248996617992,1.6901960800285136
14764393,2,IN-RANGE,median_baseline,none,1.2699796766453237,1.6901960800285136
14764395,2,IN-RANGE,mean_baseline,none,1.2937248996617992,1.6989700043360187
14764395,2,IN-RANGE,median_baseline,none,1.2699796766453237,1.6989700043360187
14764435,2,IN-RANGE,mean_baseline,none,1.2937248996617992,1.7299742856995557
14764435,2,IN-RANGE,median_baseline,none,1.2699796766453237,1.7299742856995557
14764454,2,IN-RANGE,mean_baseline,none,1.2937248996617992,1.7481880270062005
14764454,2,IN-RANGE,median_baseline,none,1.2699796766453237,1.7481880270062005
14764464,2,IN-RANGE,mean_baseline,none,1.2937248996617992,1.7599698575543072
14764464,2,IN-RANGE,median_baseline,none,1.2699796766453237,1.7599698575543072
14764479,2,IN-RANGE,mean_baseline,none,1.2937248996617992,1.7781512503836436
14764479,2,IN-RANGE,median_baseline,none,1.2699796766453237,1.7781512503836436
14764483,2,IN-RANGE,mean_baseline,none,1.2937248996617992,1.7800291273373383
14764483,2,IN-RANGE,median_baseline,none,1.2699796766453237,1.7800291273373383
14764488,2,IN-RANGE,mean_baseline,none,1.2937248996617992,1.7853298350107671
14764488,2,IN-RANGE,median_baseline,none,1.2699796766453237,1.7853298350107671
14764492,2,IN-RANGE,mean_baseline,none,1.2937248996617992,1.7900035203904894
14764492,2,IN-RANGE,median_baseline,none,1.2699796766453237,1.7900035203904894
14764497,2,IN-RANGE,mean_baseline,none,1.2937248996617992,1.7993405494535817
14764497,2,IN-RANGE,median_baseline,none,1.2699796766453237,1.7993405494535817
14764520,2,IN-RANGE,mean_baseline,none,1.2937248996617992,1.8195439355418688
14764520,2,IN-RANGE,median_baseline,none,1.2699796766453237,1.8195439355418688
14764522,2,IN-RANGE,mean_baseline,none,1.2937248996617992,1.8195439355418688
14764522,2,IN-RANGE,median_baseline,none,1.2699796766453237,1.8195439355418688
14765312,2,IN-RANGE,mean_baseline,none,1.2937248996617992,1.8325089127062364
14765312,2,IN-RANGE,median_baseline,none,1.2699796766453237,1.8325089127062364
14765322,2,IN-RANGE,mean_baseline,none,1.2937248996617992,1.845098040014257
14765322,2,IN-RANGE,median_baseline,none,1.2699796766453237,1.845098040014257
14765343,2,IN-RANGE,mean_baseline,none,1.2937248996617992,1.8692317197309762
14765343,2,IN-RANGE,median_baseline,none,1.2699796766453237,1.8692317197309762
14765353,2,IN-RANGE,mean_baseline,none,1.2937248996617992,1.8750612633917
14765353,2,IN-RANGE,median_baseline,none,1.2699796766453237,1.8750612633917
14765355,2,IN-RANGE,mean_baseline,none,1.2937248996617992,1.8750612633917
14765355,2,IN-RANGE,median_baseline,none,1.2699796766453237,1.8750612633917
14765361,2,IN-RANGE,mean_baseline,none,1.2937248996617992,1.8808135922807914
14765361,2,IN-RANGE,median_baseline,none,1.2699796766453237,1.8808135922807914
14765367,2,IN-RANGE,mean_baseline,none,1.2937248996617992,1.8976270912904414
14765367,2,IN-RANGE,median_baseline,none,1.2699796766453237,1.8976270912904414
14765377,2,IN-RANGE,mean_baseline,none,1.2937248996617992,1.9084850188786497
14765377,2,IN-RANGE,median_baseline,none,1.2699796766453237,1.9084850188786497
14765379,2,IN-RANGE,mean_baseline,none,1.2937248996617992,1.9138138523837167
14765379,2,IN-RANGE,median_baseline,none,1.2699796766453237,1.9138138523837167
14765396,2,IN-RANGE,mean_baseline,none,1.2937248996617992,1.9344984512435677
14765396,2,IN-RANGE,median_baseline,none,1.2699796766453237,1.9344984512435677
14765408,2,IN-RANGE,mean_baseline,none,1.2937248996617992,1.9493900066449128
14765408,2,IN-RANGE,median_baseline,none,1.2699796766453237,1.9493900066449128
14765436,2,IN-RANGE,mean_baseline,none,1.2937248996617992,1.989983458301399
14765436,2,IN-RANGE,median_baseline,none,1.2699796766453237,1.989983458301399
14765444,2,IN-RANGE,mean_baseline,none,1.2937248996617992,2.0
14765444,2,IN-RANGE,median_baseline,none,1.2699796766453237,2.0
14765455,2,IN-RANGE,mean_baseline,none,1.2937248996617992,2.0170333392987803
14765455,2,IN-RANGE,median_baseline,none,1.2699796766453237,2.0170333392987803
14765461,2,IN-RANGE,mean_baseline,none,1.2937248996617992,2.019988159591285
14765461,2,IN-RANGE,median_baseline,none,1.2699796766453237,2.019988159591285
14765492,2,IN-RANGE,mean_baseline,none,1.2937248996617992,2.0600175425316003
14765492,2,IN-RANGE,median_baseline,none,1.2699796766453237,2.0600175425316003
14765515,2,IN-RANGE,mean_baseline,none,1.2937248996617992,2.090011024007147
14765515,2,IN-RANGE,median_baseline,none,1.2699796766453237,2.090011024007147
14765521,2,IN-RANGE,mean_baseline,none,1.2937248996617992,2.0999912335446846
14765521,2,IN-RANGE,median_baseline,none,1.2699796766453237,2.0999912335446846
14765522,2,IN-RANGE,mean_baseline,none,1.2937248996617992,2.100370545117563
14765522,2,IN-RANGE,median_baseline,none,1.2699796766453237,2.100370545117563
14765524,2,IN-RANGE,mean_baseline,none,1.2937248996617992,2.1061908972634154
14765524,2,IN-RANGE,median_baseline,none,1.2699796766453237,2.1061908972634154
14765534,2,IN-RANGE,mean_baseline,none,1.2937248996617992,2.120014252078067
14765534,2,IN-RANGE,median_baseline,none,1.2699796766453237,2.120014252078067
14765548,2,IN-RANGE,mean_baseline,none,1.2937248996617992,2.140004950619449
14765548,2,IN-RANGE,median_baseline,none,1.2699796766453237,2.140004950619449
14765553,2,IN-RANGE,mean_baseline,none,1.2937248996617992,2.1492191126553797
14765553,2,IN-RANGE,median_baseline,none,1.2699796766453237,2.1492191126553797
14765562,2,IN-RANGE,mean_baseline,none,1.2937248996617992,2.161368002234975
14765562,2,IN-RANGE,median_baseline,none,1.2699796766453237,2.161368002234975
14765564,2,IN-RANGE,mean_baseline,none,1.2937248996617992,2.164352855784437
14765564,2,IN-RANGE,median_baseline,none,1.2699796766453237,2.164352855784437
14766484,2,ABOVE,mean_baseline,none,1.2937248996617992,
14766484,2,ABOVE,median_baseline,none,1.2699796766453237,
14766489,2,ABOVE,mean_baseline,none,1.2937248996617992,
14766489,2,ABOVE,median_baseline,none,1.2699796766453237,
14766512,2,ABOVE,mean_baseline,none,1.2937248996617992,
14766512,2,ABOVE,median_baseline,none,1.2699796766453237,
14766513,2,ABOVE,mean_baseline,none,1.2937248996617992,
14766513,2,ABOVE,median_baseline,none,1.2699796766453237,
14766514,2,ABOVE,mean_baseline,none,1.2937248996617992,
14766514,2,ABOVE,median_baseline,none,1.2699796766453237,
14766525,2,ABOVE,mean_baseline,none,1.2937248996617992,
14766525,2,ABOVE,median_baseline,none,1.2699796766453237,
14766530,2,ABOVE,mean_baseline,none,1.2937248996617992,
14766530,2,ABOVE,median_baseline,none,1.2699796766453237,
14766536,2,ABOVE,mean_baseline,none,1.2937248996617992,
14766536,2,ABOVE,median_baseline,none,1.2699796766453237,
14766545,2,ABOVE,mean_baseline,none,1.2937248996617992,
14766545,2,ABOVE,median_baseline,none,1.2699796766453237,
14766546,2,ABOVE,mean_baseline,none,1.2937248996617992,
14766546,2,ABOVE,median_baseline,none,1.2699796766453237,
14766547,2,ABOVE,mean_baseline,none,1.2937248996617992,
14766547,2,ABOVE,median_baseline,none,1.2699796766453237,
14766550,2,ABOVE,mean_baseline,none,1.2937248996617992,
14766550,2,ABOVE,median_baseline,none,1.2699796766453237,
14766552,2,ABOVE,mean_baseline,none,1.2937248996617992,
14766552,2,ABOVE,median_baseline,none,1.2699796766453237,
14766553,2,ABOVE,mean_baseline,none,1.2937248996617992,
14766553,2,ABOVE,median_baseline,none,1.2699796766453237,
14766562,2,ABOVE,mean_baseline,none,1.2937248996617992,
14766562,2,ABOVE,median_baseline,none,1.2699796766453237,
14766564,2,ABOVE,mean_baseline,none,1.2937248996617992,
14766564,2,ABOVE,median_baseline,none,1.2699796766453237,
14766566,2,ABOVE,mean_baseline,none,1.2937248996617992,
14766566,2,ABOVE,median_baseline,none,1.2699796766453237,
14769808,2,IN-RANGE,mean_baseline,none,1.2937248996617992,0.47712125471966244
14769808,2,IN-RANGE,median_baseline,none,1.2699796766453237,0.47712125471966244
14769816,2,BELOW,mean_baseline,none,1.2937248996617992,
14769816,2,BELOW,median_baseline,none,1.2699796766453237,
14769824,2,BELOW,mean_baseline,none,1.2937248996617992,
14769824,2,BELOW,median_baseline,none,1.2699796766453237,
14769826,2,BELOW,mean_baseline,none,1.2937248996617992,
14769826,2,BELOW,median_baseline,none,1.2699796766453237,
14769830,2,BELOW,mean_baseline,none,1.2937248996617992,
14769830,2,BELOW,median_baseline,none,1.2699796766453237,
14769834,2,BELOW,mean_baseline,none,1.2937248996617992,
14769834,2,BELOW,median_baseline,none,1.2699796766453237,
14769841,2,BELOW,mean_baseline,none,1.2937248996617992,
14769841,2,BELOW,median_baseline,none,1.2699796766453237,
14769848,2,BELOW,mean_baseline,none,1.2937248996617992,
14769848,2,BELOW,median_baseline,none,1.2699796766453237,
14769850,2,BELOW,mean_baseline,none,1.2937248996617992,
14769850,2,BELOW,median_baseline,none,1.2699796766453237,
14769854,2,BELOW,mean_baseline,none,1.2937248996617992,
14769854,2,BELOW,median_baseline,none,1.2699796766453237,
14769863,2,BELOW,mean_baseline,none,1.2937248996617992,
14769863,2,BELOW,median_baseline,none,1.2699796766453237,
14769865,2,BELOW,mean_baseline,none,1.2937248996617992,
14769865,2,BELOW,median_baseline,none,1.2699796766453237,
14758723,2,BELOW,Ridge,descriptors,1.2470523566054892,
14758729,2,BELOW,Ridge,descriptors,1.3563996728176542,
14758730,2,BELOW,Ridge,descriptors,1.083311626351794,
14758737,2,BELOW,Ridge,descriptors,1.1319568260657382,
14758752,2,BELOW,Ridge,descriptors,1.187252293117177,
14758755,2,BELOW,Ridge,descriptors,1.2004191556745198,
14758758,2,BELOW,Ridge,descriptors,1.2618952310038403,
14758762,2,BELOW,Ridge,descriptors,1.1740260347768892,
14758777,2,BELOW,Ridge,descriptors,1.241205720206413,
14758780,2,BELOW,Ridge,descriptors,1.0561820948034766,
14758782,2,BELOW,Ridge,descriptors,1.1420814732023108,
14758783,2,BELOW,Ridge,descriptors,1.2698027888197396,
14758787,2,BELOW,Ridge,descriptors,1.2672121257163507,
14758790,2,BELOW,Ridge,descriptors,1.1813587935028256,
14758793,2,BELOW,Ridge,descriptors,1.4056518790640542,
14758794,2,BELOW,Ridge,descriptors,1.3828498532956492,
14758801,2,BELOW,Ridge,descriptors,1.4080070112405116,
14758803,2,BELOW,Ridge,descriptors,1.1461617600230545,
14758818,2,BELOW,Ridge,descriptors,1.1668272408424183,
14758819,2,BELOW,Ridge,descriptors,1.2751714848217597,
14758820,2,BELOW,Ridge,descriptors,1.134936871722031,
14758823,2,BELOW,Ridge,descriptors,1.1363827326334892,
14758844,2,BELOW,Ridge,descriptors,1.2698027888197396,
14758847,2,BELOW,Ridge,descriptors,1.2522476269043366,
14758848,2,BELOW,Ridge,descriptors,1.3463479019854014,
14758852,2,BELOW,Ridge,descriptors,1.1704283800469066,
14758856,2,BELOW,Ridge,descriptors,1.3218242548491375,
14758858,2,BELOW,Ridge,descriptors,1.2794794789914292,
14758859,2,BELOW,Ridge,descriptors,1.1906843343276372,
14758865,2,BELOW,Ridge,descriptors,1.2354097560443742,
14758868,2,BELOW,Ridge,descriptors,1.3388125053159747,
14758870,2,BELOW,Ridge,descriptors,1.3055202308126537,
14758875,2,BELOW,Ridge,descriptors,1.3190915133321468,
14758877,2,BELOW,Ridge,descriptors,1.3406659925309752,
14758880,2,BELOW,Ridge,descriptors,1.262597725960247,
14758881,2,BELOW,Ridge,descriptors,1.3406659925309752,
14758882,2,BELOW,Ridge,descriptors,1.1027603594358497,
14758883,2,BELOW,Ridge,descriptors,1.3365430631470934,
14758889,2,BELOW,Ridge,descriptors,1.3406659925309752,
14758901,2,BELOW,Ridge,descriptors,1.3406659925309752,
14758902,2,BELOW,Ridge,descriptors,1.2749912901155436,
14758904,2,BELOW,Ridge,descriptors,1.2846946283525007,
14758908,2,BELOW,Ridge,descriptors,1.3735504291230702,
14758915,2,BELOW,Ridge,descriptors,1.0495996951150186,
14758972,2,IN-RANGE,Ridge,descriptors,1.1704353696365186,0.6020599913279624
14758976,2,IN-RANGE,Ridge,descriptors,1.3456494928989184,0.6020599913279624
14758983,2,IN-RANGE,Ridge,descriptors,1.2658046033279222,0.6020599913279624
14758986,2,IN-RANGE,Ridge,descriptors,1.2522476269043366,0.6020599913279624
14758987,2,IN-RANGE,Ridge,descriptors,1.306518118362477,0.6020599913279624
14758997,2,IN-RANGE,Ridge,descriptors,1.3741826219278113,0.6201360549737575
14759804,2,IN-RANGE,Ridge,descriptors,1.4702731836595346,0.6989700043360189
14759806,2,IN-RANGE,Ridge,descriptors,1.1691081579188076,0.6989700043360189
14759808,2,IN-RANGE,Ridge,descriptors,1.1048379176695386,0.6989700043360189
14759816,2,IN-RANGE,Ridge,descriptors,1.1254283378813095,0.6989700043360189
14759836,2,IN-RANGE,Ridge,descriptors,1.0627332464406782,0.7101173651118162
14759875,2,IN-RANGE,Ridge,descriptors,1.1755603986649021,0.7596678446896304
14759896,2,IN-RANGE,Ridge,descriptors,1.1621790189118948,0.7781512503836436
14759898,2,IN-RANGE,Ridge,descriptors,1.1864541075766255,0.7781512503836436
14759901,2,IN-RANGE,Ridge,descriptors,1.3461695858406584,0.7781512503836436
14759905,2,IN-RANGE,Ridge,descriptors,1.279331399730762,0.7781512503836436
14759908,2,IN-RANGE,Ridge,descriptors,1.2244916015054486,0.7781512503836436
14759911,2,IN-RANGE,Ridge,descriptors,1.1978965594344997,0.7781512503836436
14759913,2,IN-RANGE,Ridge,descriptors,1.2389362780375315,0.7781512503836436
14759923,2,IN-RANGE,Ridge,descriptors,1.282879720656271,0.7909884750888159
14759969,2,IN-RANGE,Ridge,descriptors,1.2010797854866535,0.8450980400142568
14759970,2,IN-RANGE,Ridge,descriptors,1.1732424842123474,0.8450980400142568
14759973,2,IN-RANGE,Ridge,descriptors,1.327800008665758,0.8450980400142568
14759980,2,IN-RANGE,Ridge,descriptors,1.1200384365710374,0.8450980400142568
14759982,2,IN-RANGE,Ridge,descriptors,1.3388125053159747,0.8450980400142568
14759988,2,IN-RANGE,Ridge,descriptors,1.2182371423351845,0.850033257689769
14759993,2,IN-RANGE,Ridge,descriptors,1.2992684120605338,0.859738566197147
14760013,2,IN-RANGE,Ridge,descriptors,1.2815305603401388,0.8898617212581884
14760014,2,IN-RANGE,Ridge,descriptors,1.3191032694855163,0.8898617212581884
14760020,2,IN-RANGE,Ridge,descriptors,1.1062565624494998,0.8998205024270963
14760031,2,IN-RANGE,Ridge,descriptors,1.4895782206894816,0.9030899869919435
14761124,2,IN-RANGE,Ridge,descriptors,1.2389362780375315,0.9030899869919435
14761135,2,IN-RANGE,Ridge,descriptors,1.366925491743464,0.9180303367848801
14761158,2,IN-RANGE,Ridge,descriptors,1.1217020974837708,0.9474337218870508
14761161,2,IN-RANGE,Ridge,descriptors,1.2146894070269307,0.9498777040368748
14761175,2,IN-RANGE,Ridge,descriptors,1.2389362780375315,0.9542425094393249
14761177,2,IN-RANGE,Ridge,descriptors,1.3286762030906156,0.9542425094393249
14761179,2,IN-RANGE,Ridge,descriptors,1.2870907403903151,0.9542425094393249
14761191,2,IN-RANGE,Ridge,descriptors,1.347156505125906,0.9599948383284161
14761202,2,IN-RANGE,Ridge,descriptors,1.4869309532447115,0.9800033715837464
14761209,2,IN-RANGE,Ridge,descriptors,1.5938966101792325,0.989894563718773
14761212,2,IN-RANGE,Ridge,descriptors,1.0738042853670233,0.989894563718773
14761231,2,IN-RANGE,Ridge,descriptors,1.1424942473013673,1.0
14761234,2,IN-RANGE,Ridge,descriptors,1.2565372516526805,1.0
14761251,2,IN-RANGE,Ridge,descriptors,1.5088832577194284,1.021189299069938
14761267,2,IN-RANGE,Ridge,descriptors,1.2506282588841957,1.0398105541483504
14761315,2,IN-RANGE,Ridge,descriptors,1.3388125053159747,1.0791812460476249
14761320,2,IN-RANGE,Ridge,descriptors,1.2591819413012078,1.0791812460476249
14761363,2,IN-RANGE,Ridge,descriptors,1.3352612103420118,1.1139433523068367
14761368,2,IN-RANGE,Ridge,descriptors,1.4954911493224152,1.1139433523068367
14761369,2,IN-RANGE,Ridge,descriptors,1.2004191556745198,1.1139433523068367
14762228,2,IN-RANGE,Ridge,descriptors,1.3135027242600001,1.146128035678238
14762231,2,IN-RANGE,Ridge,descriptors,1.1610067138852012,1.146128035678238
14762233,2,IN-RANGE,Ridge,descriptors,1.287317823987286,1.146128035678238
14762236,2,IN-RANGE,Ridge,descriptors,1.181114118644573,1.146128035678238
14762254,2,IN-RANGE,Ridge,descriptors,1.2358084906240365,1.1598678470925667
14762272,2,IN-RANGE,Ridge,descriptors,1.3245862556692287,1.1760912590556813
14762273,2,IN-RANGE,Ridge,descriptors,1.4215318417751839,1.1760912590556813
14762274,2,IN-RANGE,Ridge,descriptors,1.2981697887682115,1.1760912590556813
14762281,2,IN-RANGE,Ridge,descriptors,1.3241471087158074,1.180125875164054
14762282,2,IN-RANGE,Ridge,descriptors,1.3605812050603152,1.180125875164054
14762328,2,IN-RANGE,Ridge,descriptors,1.4040816487180314,1.2304489213782739
14762334,2,IN-RANGE,Ridge,descriptors,1.241205720206413,1.236789099409293
14762347,2,IN-RANGE,Ridge,descriptors,1.376890125740336,1.2430380486862944
14762352,2,IN-RANGE,Ridge,descriptors,1.3151017550732738,1.249931756634195
14762356,2,IN-RANGE,Ridge,descriptors,1.2029651309988625,1.249931756634195
14762357,2,IN-RANGE,Ridge,descriptors,1.3533989034182263,1.249931756634195
14762361,2,IN-RANGE,Ridge,descriptors,1.3320300261854847,1.255272505103306
14762384,2,IN-RANGE,Ridge,descriptors,1.4307922375922835,1.2787536009528289
14762385,2,IN-RANGE,Ridge,descriptors,1.4256561279168598,1.2787536009528289
14762386,2,IN-RANGE,Ridge,descriptors,1.2278166264656096,1.2787536009528289
14762415,2,IN-RANGE,Ridge,descriptors,1.3202184715834622,1.299942900022767
14762416,2,IN-RANGE,Ridge,descriptors,1.2802958468897532,1.299942900022767
14762427,2,IN-RANGE,Ridge,descriptors,1.103627142046252,1.3010299956639813
14762437,2,IN-RANGE,Ridge,descriptors,1.249966530371322,1.3100557377508915
14762438,2,IN-RANGE,Ridge,descriptors,1.3597224480056298,1.3100557377508915
14762442,2,IN-RANGE,Ridge,descriptors,1.1553248577850164,1.3199384399803087
14762448,2,IN-RANGE,Ridge,descriptors,1.481142997232653,1.3222192947339193
14762464,2,IN-RANGE,Ridge,descriptors,1.3221526445186869,1.330007700872759
14762466,2,IN-RANGE,Ridge,descriptors,1.1867817026376641,1.3324384599156054
14763245,2,IN-RANGE,Ridge,descriptors,1.3081171389632846,1.3400473176613932
14763252,2,IN-RANGE,Ridge,descriptors,1.456051343335722,1.3424226808222062
14763253,2,IN-RANGE,Ridge,descriptors,1.4231556629186208,1.3424226808222062
14763254,2,IN-RANGE,Ridge,descriptors,1.4040816487180314,1.3424226808222062
14763285,2,IN-RANGE,Ridge,descriptors,1.3222768549894905,1.380211241711606
14763297,2,IN-RANGE,Ridge,descriptors,1.2062264463153958,1.3900514964589872
14763300,2,IN-RANGE,Ridge,descriptors,1.3890175412700234,1.3979400086720377
14763301,2,IN-RANGE,Ridge,descriptors,1.4307922375922837,1.3979400086720377
14763303,2,IN-RANGE,Ridge,descriptors,1.3953860763127892,1.3979400086720377
14763322,2,IN-RANGE,Ridge,descriptors,1.3218239483686773,1.414973347970818
14763324,2,IN-RANGE,Ridge,descriptors,1.3208511644612178,1.414973347970818
14763353,2,IN-RANGE,Ridge,descriptors,1.4040816487180314,1.4393326938302626
14763359,2,IN-RANGE,Ridge,descriptors,1.325516600087604,1.4399639359209049
14763397,2,IN-RANGE,Ridge,descriptors,1.2598743937746146,1.4771212547196624
14763399,2,IN-RANGE,Ridge,descriptors,1.2779874634603583,1.4771212547196624
14763432,2,IN-RANGE,Ridge,descriptors,1.3284266936975442,1.505149978319906
14763444,2,IN-RANGE,Ridge,descriptors,1.4536045130068318,1.5185139398778875
14763445,2,IN-RANGE,Ridge,descriptors,1.406116861880861,1.5185139398778875
14763450,2,IN-RANGE,Ridge,descriptors,1.3188775793454344,1.5199591807520685
14763467,2,IN-RANGE,Ridge,descriptors,1.3989644079184231,1.5440680443502757
14763471,2,IN-RANGE,Ridge,descriptors,1.3161403769378894,1.5440680443502757
14763487,2,IN-RANGE,Ridge,descriptors,1.270161251165194,1.5563025007672873
14763488,2,IN-RANGE,Ridge,descriptors,1.3117587546062106,1.5563025007672873
14763498,2,IN-RANGE,Ridge,descriptors,1.39726256749795,1.568201724066995
14764309,2,IN-RANGE,Ridge,descriptors,1.1641555822786824,1.606381365110605
14764318,2,IN-RANGE,Ridge,descriptors,1.2805807447482291,1.6127838567197355
14764319,2,IN-RANGE,Ridge,descriptors,1.1976843005563704,1.6127838567197355
14764351,2,IN-RANGE,Ridge,descriptors,1.3048951383940688,1.6384892569546374
14764357,2,IN-RANGE,Ridge,descriptors,1.3171662321914286,1.6434526764861874
14764363,2,IN-RANGE,Ridge,descriptors,1.3478984086898516,1.6532125137753437
14764376,2,IN-RANGE,Ridge,descriptors,1.4957638805811704,1.662757831681574
14764393,2,IN-RANGE,Ridge,descriptors,1.2353629291799544,1.6901960800285136
14764395,2,IN-RANGE,Ridge,descriptors,1.33033452621285,1.6989700043360187
14764435,2,IN-RANGE,Ridge,descriptors,1.1096218367098174,1.7299742856995557
14764454,2,IN-RANGE,Ridge,descriptors,1.490927669357523,1.7481880270062005
14764464,2,IN-RANGE,Ridge,descriptors,1.242401764134134,1.7599698575543072
14764479,2,IN-RANGE,Ridge,descriptors,1.3686887149274891,1.7781512503836436
14764483,2,IN-RANGE,Ridge,descriptors,1.2384255945455716,1.7800291273373383
14764488,2,IN-RANGE,Ridge,descriptors,1.3031749843418388,1.7853298350107671
14764492,2,IN-RANGE,Ridge,descriptors,0.967847122449972,1.7900035203904894
14764497,2,IN-RANGE,Ridge,descriptors,1.4449611649468066,1.7993405494535817
14764520,2,IN-RANGE,Ridge,descriptors,1.3801525759364004,1.8195439355418688
14764522,2,IN-RANGE,Ridge,descriptors,1.5231168137600037,1.8195439355418688
14765312,2,IN-RANGE,Ridge,descriptors,1.5044480689819764,1.8325089127062364
14765322,2,IN-RANGE,Ridge,descriptors,1.4984070968290955,1.845098040014257
14765343,2,IN-RANGE,Ridge,descriptors,1.2837103454657552,1.8692317197309762
14765353,2,IN-RANGE,Ridge,descriptors,1.5228911948253656,1.8750612633917
14765355,2,IN-RANGE,Ridge,descriptors,1.2578812160010222,1.8750612633917
14765361,2,IN-RANGE,Ridge,descriptors,1.2972883413138974,1.8808135922807914
14765367,2,IN-RANGE,Ridge,descriptors,1.3320173257485068,1.8976270912904414
14765377,2,IN-RANGE,Ridge,descriptors,1.3603173349743445,1.9084850188786497
14765379,2,IN-RANGE,Ridge,descriptors,1.3500138598106273,1.9138138523837167
14765396,2,IN-RANGE,Ridge,descriptors,1.164148936807593,1.9344984512435677
14765408,2,IN-RANGE,Ridge,descriptors,1.1645044804801963,1.9493900066449128
14765436,2,IN-RANGE,Ridge,descriptors,1.3275842588381268,1.989983458301399
14765444,2,IN-RANGE,Ridge,descriptors,1.3745837264590002,2.0
14765455,2,IN-RANGE,Ridge,descriptors,1.2569721583983489,2.0170333392987803
14765461,2,IN-RANGE,Ridge,descriptors,1.2287856375722133,2.019988159591285
14765492,2,IN-RANGE,Ridge,descriptors,1.1733799994106773,2.0600175425316003
14765515,2,IN-RANGE,Ridge,descriptors,1.241335850925482,2.090011024007147
14765521,2,IN-RANGE,Ridge,descriptors,1.2294998062890063,2.0999912335446846
14765522,2,IN-RANGE,Ridge,descriptors,1.2736132381840894,2.100370545117563
14765524,2,IN-RANGE,Ridge,descriptors,1.4717328068561661,2.1061908972634154
14765534,2,IN-RANGE,Ridge,descriptors,1.1974430083103347,2.120014252078067
14765548,2,IN-RANGE,Ridge,descriptors,1.2958204701232887,2.140004950619449
14765553,2,IN-RANGE,Ridge,descriptors,1.4064415927135052,2.1492191126553797
14765562,2,IN-RANGE,Ridge,descriptors,1.2781839557236898,2.161368002234975
14765564,2,IN-RANGE,Ridge,descriptors,1.3466626706803324,2.164352855784437
14766484,2,ABOVE,Ridge,descriptors,1.3783559381608081,
14766489,2,ABOVE,Ridge,descriptors,1.2476069500380331,
14766512,2,ABOVE,Ridge,descriptors,1.2567262587840193,
14766513,2,ABOVE,Ridge,descriptors,1.3127028951129658,
14766514,2,ABOVE,Ridge,descriptors,1.2499418345799191,
14766525,2,ABOVE,Ridge,descriptors,1.2757513426147014,
14766530,2,ABOVE,Ridge,descriptors,1.2082552032725138,
14766536,2,ABOVE,Ridge,descriptors,1.1081811507926358,
14766545,2,ABOVE,Ridge,descriptors,1.4012000585707132,
14766546,2,ABOVE,Ridge,descriptors,1.4022133413652336,
14766547,2,ABOVE,Ridge,descriptors,1.279594483340519,
14766550,2,ABOVE,Ridge,descriptors,1.43879664633611,
14766552,2,ABOVE,Ridge,descriptors,1.2066796171869147,
14766553,2,ABOVE,Ridge,descriptors,1.3115281701234338,
14766562,2,ABOVE,Ridge,descriptors,1.307748108681366,
14766564,2,ABOVE,Ridge,descriptors,1.2536115943397044,
14766566,2,ABOVE,Ridge,descriptors,1.4026288700950107,
14769808,2,IN-RANGE,Ridge,descriptors,1.20861518215608,0.47712125471966244
14769816,2,BELOW,Ridge,descriptors,1.2457413059661495,
14769824,2,BELOW,Ridge,descriptors,1.249978184735455,
14769826,2,BELOW,Ridge,descriptors,1.2809717781246062,
14769830,2,BELOW,Ridge,descriptors,1.2172905189950953,
14769834,2,BELOW,Ridge,descriptors,1.3148148827015012,
14769841,2,BELOW,Ridge,descriptors,1.3153842494829313,
14769848,2,BELOW,Ridge,descriptors,1.3061277347152926,
14769850,2,BELOW,Ridge,descriptors,1.2698027888197396,
14769854,2,BELOW,Ridge,descriptors,1.4222271094860375,
14769863,2,BELOW,Ridge,descriptors,1.3107984110926731,
14769865,2,BELOW,Ridge,descriptors,0.9741312478181161,
14758723,2,BELOW,RandomForestRegressor,descriptors,1.2384517859692215,
14758729,2,BELOW,RandomForestRegressor,descriptors,1.5107496773368678,
14758730,2,BELOW,RandomForestRegressor,descriptors,1.355307763333288,
14758737,2,BELOW,RandomForestRegressor,descriptors,1.4836510667622596,
14758752,2,BELOW,RandomForestRegressor,descriptors,1.191796420781194,
14758755,2,BELOW,RandomForestRegressor,descriptors,1.5079758639405119,
14758758,2,BELOW,RandomForestRegressor,descriptors,1.4794945098954264,
14758762,2,BELOW,RandomForestRegressor,descriptors,1.271705656643323,
14758777,2,BELOW,RandomForestRegressor,descriptors,1.0893167729023208,
14758780,2,BELOW,RandomForestRegressor,descriptors,1.069811389498361,
14758782,2,BELOW,RandomForestRegressor,descriptors,1.255453536206276,
14758783,2,BELOW,RandomForestRegressor,descriptors,1.1083434623728314,
14758787,2,BELOW,RandomForestRegressor,descriptors,1.1288035960466407,
14758790,2,BELOW,RandomForestRegressor,descriptors,1.0951186629314558,
14758793,2,BELOW,RandomForestRegressor,descriptors,1.0472474423641225,
14758794,2,BELOW,RandomForestRegressor,descriptors,1.2354448533452855,
14758801,2,BELOW,RandomForestRegressor,descriptors,1.5208876024022002,
14758803,2,BELOW,RandomForestRegressor,descriptors,1.1244016603634437,
14758818,2,BELOW,RandomForestRegressor,descriptors,1.0673848847170968,
14758819,2,BELOW,RandomForestRegressor,descriptors,1.195741096181645,
14758820,2,BELOW,RandomForestRegressor,descriptors,1.3359604953418682,
14758823,2,BELOW,RandomForestRegressor,descriptors,1.131114911254193,
14758844,2,BELOW,RandomForestRegressor,descriptors,1.1083434623728314,
14758847,2,BELOW,RandomForestRegressor,descriptors,1.3499960013670198,
14758848,2,BELOW,RandomForestRegressor,descriptors,1.0863918986493388,
14758852,2,BELOW,RandomForestRegressor,descriptors,0.9786619908659753,
14758856,2,BELOW,RandomForestRegressor,descriptors,1.4333412993729016,
14758858,2,BELOW,RandomForestRegressor,descriptors,1.2130080456762005,
14758859,2,BELOW,RandomForestRegressor,descriptors,1.1802057928979712,
14758865,2,BELOW,RandomForestRegressor,descriptors,1.1865999421682787,
14758868,2,BELOW,RandomForestRegressor,descriptors,1.200681588418268,
14758870,2,BELOW,RandomForestRegressor,descriptors,1.159132019559936,
14758875,2,BELOW,RandomForestRegressor,descriptors,1.2322527856297194,
14758877,2,BELOW,RandomForestRegressor,descriptors,1.1739931485371213,
14758880,2,BELOW,RandomForestRegressor,descriptors,0.9691874591072198,
14758881,2,BELOW,RandomForestRegressor,descriptors,1.1739931485371213,
14758882,2,BELOW,RandomForestRegressor,descriptors,1.4836924287455617,
14758883,2,BELOW,RandomForestRegressor,descriptors,1.1265383484570013,
14758889,2,BELOW,RandomForestRegressor,descriptors,1.1739931485371213,
14758901,2,BELOW,RandomForestRegressor,descriptors,1.1739931485371213,
14758902,2,BELOW,RandomForestRegressor,descriptors,1.1233302460187256,
14758904,2,BELOW,RandomForestRegressor,descriptors,1.1748754960937702,
14758908,2,BELOW,RandomForestRegressor,descriptors,1.2247503473798602,
14758915,2,BELOW,RandomForestRegressor,descriptors,1.0166468331802216,
14758972,2,IN-RANGE,RandomForestRegressor,descriptors,1.257906002303517,0.6020599913279624
14758976,2,IN-RANGE,RandomForestRegressor,descriptors,1.0061587455425536,0.6020599913279624
14758983,2,IN-RANGE,RandomForestRegressor,descriptors,1.063840353681624,0.6020599913279624
14758986,2,IN-RANGE,RandomForestRegressor,descriptors,1.3499960013670198,0.6020599913279624
14758987,2,IN-RANGE,RandomForestRegressor,descriptors,0.9058855475302853,0.6020599913279624
14758997,2,IN-RANGE,RandomForestRegressor,descriptors,1.5882016453103918,0.6201360549737575
14759804,2,IN-RANGE,RandomForestRegressor,descriptors,1.3844852598929986,0.6989700043360189
14759806,2,IN-RANGE,RandomForestRegressor,descriptors,0.9063234729601841,0.6989700043360189
14759808,2,IN-RANGE,RandomForestRegressor,descriptors,0.9887579802030899,0.6989700043360189
14759816,2,IN-RANGE,RandomForestRegressor,descriptors,1.1316917383873426,0.6989700043360189
14759836,2,IN-RANGE,RandomForestRegressor,descriptors,1.2170880917260778,0.7101173651118162
14759875,2,IN-RANGE,RandomForestRegressor,descriptors,1.1133570477509414,0.7596678446896304
14759896,2,IN-RANGE,RandomForestRegressor,descriptors,1.248898330046626,0.7781512503836436
14759898,2,IN-RANGE,RandomForestRegressor,descriptors,1.5380681511679049,0.7781512503836436
14759901,2,IN-RANGE,RandomForestRegressor,descriptors,1.1775636415990627,0.7781512503836436
14759905,2,IN-RANGE,RandomForestRegressor,descriptors,1.0928814256761907,0.7781512503836436
14759908,2,IN-RANGE,RandomForestRegressor,descriptors,1.205426933038135,0.7781512503836436
14759911,2,IN-RANGE,RandomForestRegressor,descriptors,1.445313197775526,0.7781512503836436
14759913,2,IN-RANGE,RandomForestRegressor,descriptors,1.0761271458433355,0.7781512503836436
14759923,2,IN-RANGE,RandomForestRegressor,descriptors,1.0437936256714813,0.7909884750888159
14759969,2,IN-RANGE,RandomForestRegressor,descriptors,1.0437190860458354,0.8450980400142568
14759970,2,IN-RANGE,RandomForestRegressor,descriptors,1.0046892533276341,0.8450980400142568
14759973,2,IN-RANGE,RandomForestRegressor,descriptors,1.6539547943772517,0.8450980400142568
14759980,2,IN-RANGE,RandomForestRegressor,descriptors,1.2237054099532017,0.8450980400142568
14759982,2,IN-RANGE,RandomForestRegressor,descriptors,1.200681588418268,0.8450980400142568
14759988,2,IN-RANGE,RandomForestRegressor,descriptors,0.9241915979921569,0.850033257689769
14759993,2,IN-RANGE,RandomForestRegressor,descriptors,1.0703126924367918,0.859738566197147
14760013,2,IN-RANGE,RandomForestRegressor,descriptors,1.4456913397779616,0.8898617212581884
14760014,2,IN-RANGE,RandomForestRegressor,descriptors,1.243248927531048,0.8898617212581884
14760020,2,IN-RANGE,RandomForestRegressor,descriptors,1.297340118593298,0.8998205024270963
14760031,2,IN-RANGE,RandomForestRegressor,descriptors,1.2364743225029051,0.9030899869919435
14761124,2,IN-RANGE,RandomForestRegressor,descriptors,1.0761271458433355,0.9030899869919435
14761135,2,IN-RANGE,RandomForestRegressor,descriptors,0.9977588323407796,0.9180303367848801
14761158,2,IN-RANGE,RandomForestRegressor,descriptors,1.2843678021418379,0.9474337218870508
14761161,2,IN-RANGE,RandomForestRegressor,descriptors,1.0935832542095303,0.9498777040368748
14761175,2,IN-RANGE,RandomForestRegressor,descriptors,1.0761271458433355,0.9542425094393249
14761177,2,IN-RANGE,RandomForestRegressor,descriptors,1.3692204590810286,0.9542425094393249
14761179,2,IN-RANGE,RandomForestRegressor,descriptors,1.2154080653731525,0.9542425094393249
14761191,2,IN-RANGE,RandomForestRegressor,descriptors,1.4250456565568275,0.9599948383284161
14761202,2,IN-RANGE,RandomForestRegressor,descriptors,1.5338571662084997,0.9800033715837464
14761209,2,IN-RANGE,RandomForestRegressor,descriptors,1.2754038873351148,0.989894563718773
14761212,2,IN-RANGE,RandomForestRegressor,descriptors,1.086996615643847,0.989894563718773
14761231,2,IN-RANGE,RandomForestRegressor,descriptors,1.2560183495888542,1.0
14761234,2,IN-RANGE,RandomForestRegressor,descriptors,1.226000933536013,1.0
14761251,2,IN-RANGE,RandomForestRegressor,descriptors,1.421547770891997,1.021189299069938
14761267,2,IN-RANGE,RandomForestRegressor,descriptors,1.2529243463105642,1.0398105541483504
14761315,2,IN-RANGE,RandomForestRegressor,descriptors,1.200681588418268,1.0791812460476249
14761320,2,IN-RANGE,RandomForestRegressor,descriptors,1.6905764566537653,1.0791812460476249
14761363,2,IN-RANGE,RandomForestRegressor,descriptors,1.322319829300355,1.1139433523068367
14761368,2,IN-RANGE,RandomForestRegressor,descriptors,1.363451868480149,1.1139433523068367
14761369,2,IN-RANGE,RandomForestRegressor,descriptors,1.5079758639405119,1.1139433523068367
14762228,2,IN-RANGE,RandomForestRegressor,descriptors,1.2312999209903575,1.146128035678238
14762231,2,IN-RANGE,RandomForestRegressor,descriptors,1.4549213442141826,1.146128035678238
14762233,2,IN-RANGE,RandomForestRegressor,descriptors,1.510294053592383,1.146128035678238
14762236,2,IN-RANGE,RandomForestRegressor,descriptors,1.576415879657506,1.146128035678238
14762254,2,IN-RANGE,RandomForestRegressor,descriptors,0.9162193454912593,1.1598678470925667
14762272,2,IN-RANGE,RandomForestRegressor,descriptors,1.5210579054593043,1.1760912590556813
14762273,2,IN-RANGE,RandomForestRegressor,descriptors,1.540167882823476,1.1760912590556813
14762274,2,IN-RANGE,RandomForestRegressor,descriptors,1.296765170745912,1.1760912590556813
14762281,2,IN-RANGE,RandomForestRegressor,descriptors,1.3345743874750564,1.180125875164054
14762282,2,IN-RANGE,RandomForestRegressor,descriptors,1.5360334678687044,1.180125875164054
14762328,2,IN-RANGE,RandomForestRegressor,descriptors,1.2894295192534082,1.2304489213782739
14762334,2,IN-RANGE,RandomForestRegressor,descriptors,1.0893167729023208,1.236789099409293
14762347,2,IN-RANGE,RandomForestRegressor,descriptors,1.419907363581232,1.2430380486862944
14762352,2,IN-RANGE,RandomForestRegressor,descriptors,1.3296135845564467,1.249931756634195
14762356,2,IN-RANGE,RandomForestRegressor,descriptors,1.2340641539675425,1.249931756634195
14762357,2,IN-RANGE,RandomForestRegressor,descriptors,1.4432569180641766,1.249931756634195
14762361,2,IN-RANGE,RandomForestRegressor,descriptors,1.2326795408429716,1.255272505103306
14762384,2,IN-RANGE,RandomForestRegressor,descriptors,1.6092597368364034,1.2787536009528289
14762385,2,IN-RANGE,RandomForestRegressor,descriptors,1.4136724570242079,1.2787536009528289
14762386,2,IN-RANGE,RandomForestRegressor,descriptors,1.1111423134173193,1.2787536009528289
14762415,2,IN-RANGE,RandomForestRegressor,descriptors,1.496683606283307,1.299942900022767
14762416,2,IN-RANGE,RandomForestRegressor,descriptors,1.4044712505225996,1.299942900022767
14762427,2,IN-RANGE,RandomForestRegressor,descriptors,1.184466928015035,1.3010299956639813
14762437,2,IN-RANGE,RandomForestRegressor,descriptors,1.5402755704454183,1.3100557377508915
14762438,2,IN-RANGE,RandomForestRegressor,descriptors,1.343308720421146,1.3100557377508915
14762442,2,IN-RANGE,RandomForestRegressor,descriptors,1.0929316809589047,1.3199384399803087
14762448,2,IN-RANGE,RandomForestRegressor,descriptors,1.6430878499280517,1.3222192947339193
14762464,2,IN-RANGE,RandomForestRegressor,descriptors,1.0915698521127961,1.330007700872759
14762466,2,IN-RANGE,RandomForestRegressor,descriptors,1.125939929368226,1.3324384599156054
14763245,2,IN-RANGE,RandomForestRegressor,descriptors,1.409211806620454,1.3400473176613932
14763252,2,IN-RANGE,RandomForestRegressor,descriptors,1.328030078776429,1.3424226808222062
14763253,2,IN-RANGE,RandomForestRegressor,descriptors,1.5879958727134815,1.3424226808222062
14763254,2,IN-RANGE,RandomForestRegressor,descriptors,1.2894295192534082,1.3424226808222062
14763285,2,IN-RANGE,RandomForestRegressor,descriptors,1.1549951993131304,1.380211241711606
14763297,2,IN-RANGE,RandomForestRegressor,descriptors,1.3317863361832878,1.3900514964589872
14763300,2,IN-RANGE,RandomForestRegressor,descriptors,1.6369926395345598,1.3979400086720377
14763301,2,IN-RANGE,RandomForestRegressor,descriptors,1.6092597368364034,1.3979400086720377
14763303,2,IN-RANGE,RandomForestRegressor,descriptors,1.2705813928088268,1.3979400086720377
14763322,2,IN-RANGE,RandomForestRegressor,descriptors,1.2023331965761412,1.414973347970818
14763324,2,IN-RANGE,RandomForestRegressor,descriptors,1.5743551297066605,1.414973347970818
14763353,2,IN-RANGE,RandomForestRegressor,descriptors,1.2894295192534082,1.4393326938302626
14763359,2,IN-RANGE,RandomForestRegressor,descriptors,1.611087292900318,1.4399639359209049
14763397,2,IN-RANGE,RandomForestRegressor,descriptors,1.3284139143110203,1.4771212547196624
14763399,2,IN-RANGE,RandomForestRegressor,descriptors,1.3669256255983027,1.4771212547196624
14763432,2,IN-RANGE,RandomForestRegressor,descriptors,1.2638217194268517,1.505149978319906
14763444,2,IN-RANGE,RandomForestRegressor,descriptors,1.5829360088881816,1.5185139398778875
14763445,2,IN-RANGE,RandomForestRegressor,descriptors,1.535006974575173,1.5185139398778875
14763450,2,IN-RANGE,RandomForestRegressor,descriptors,1.30799866707087,1.5199591807520685
14763467,2,IN-RANGE,RandomForestRegressor,descriptors,1.6199145865474913,1.5440680443502757
14763471,2,IN-RANGE,RandomForestRegressor,descriptors,1.4526254309039401,1.5440680443502757
14763487,2,IN-RANGE,RandomForestRegressor,descriptors,1.2294167982467286,1.5563025007672873
14763488,2,IN-RANGE,RandomForestRegressor,descriptors,1.1416223857337235,1.5563025007672873
14763498,2,IN-RANGE,RandomForestRegressor,descriptors,1.4336589680770766,1.568201724066995
14764309,2,IN-RANGE,RandomForestRegressor,descriptors,1.3744780700344803,1.606381365110605
14764318,2,IN-RANGE,RandomForestRegressor,descriptors,1.567307527239321,1.6127838567197355
14764319,2,IN-RANGE,RandomForestRegressor,descriptors,1.0523253258887888,1.6127838567197355
14764351,2,IN-RANGE,RandomForestRegressor,descriptors,1.3434093418982287,1.6384892569546374
14764357,2,IN-RANGE,RandomForestRegressor,descriptors,1.4433298536677726,1.6434526764861874
14764363,2,IN-RANGE,RandomForestRegressor,descriptors,1.743848843359702,1.6532125137753437
14764376,2,IN-RANGE,RandomForestRegressor,descriptors,1.4442638653633564,1.662757831681574
14764393,2,IN-RANGE,RandomForestRegressor,descriptors,1.3559490102965723,1.6901960800285136
14764395,2,IN-RANGE,RandomForestRegressor,descriptors,1.5170282773252337,1.6989700043360187
14764435,2,IN-RANGE,RandomForestRegressor,descriptors,1.17744223611534,1.7299742856995557
14764454,2,IN-RANGE,RandomForestRegressor,descriptors,1.4187370329109592,1.7481880270062005
14764464,2,IN-RANGE,RandomForestRegressor,descriptors,1.5403501813078,1.7599698575543072
14764479,2,IN-RANGE,RandomForestRegressor,descriptors,1.3441618309018242,1.7781512503836436
14764483,2,IN-RANGE,RandomForestRegressor,descriptors,1.2612849996939195,1.7800291273373383
14764488,2,IN-RANGE,RandomForestRegressor,descriptors,1.3619452552267595,1.7853298350107671
14764492,2,IN-RANGE,RandomForestRegressor,descriptors,1.1676855622329416,1.7900035203904894
14764497,2,IN-RANGE,RandomForestRegressor,descriptors,1.5809271249632415,1.7993405494535817
14764520,2,IN-RANGE,RandomForestRegressor,descriptors,1.80561898585667,1.8195439355418688
14764522,2,IN-RANGE,RandomForestRegressor,descriptors,1.5009258873232534,1.8195439355418688
14765312,2,IN-RANGE,RandomForestRegressor,descriptors,1.4162274739475216,1.8325089127062364
14765322,2,IN-RANGE,RandomForestRegressor,descriptors,1.651499094658767,1.845098040014257
14765343,2,IN-RANGE,RandomForestRegressor,descriptors,1.344376155130217,1.8692317197309762
14765353,2,IN-RANGE,RandomForestRegressor,descriptors,1.4992358029097357,1.8750612633917
14765355,2,IN-RANGE,RandomForestRegressor,descriptors,1.4902006580235163,1.8750612633917
14765361,2,IN-RANGE,RandomForestRegressor,descriptors,1.5553304628350997,1.8808135922807914
14765367,2,IN-RANGE,RandomForestRegressor,descriptors,1.5086710889283146,1.8976270912904414
14765377,2,IN-RANGE,RandomForestRegressor,descriptors,1.7565056324477153,1.9084850188786497
14765379,2,IN-RANGE,RandomForestRegressor,descriptors,1.296495793019603,1.9138138523837167
14765396,2,IN-RANGE,RandomForestRegressor,descriptors,1.6511588182028303,1.9344984512435677
14765408,2,IN-RANGE,RandomForestRegressor,descriptors,1.4490866871330559,1.9493900066449128
14765436,2,IN-RANGE,RandomForestRegressor,descriptors,1.2403457863184875,1.989983458301399
14765444,2,IN-RANGE,RandomForestRegressor,descriptors,1.7687224283941385,2.0
14765455,2,IN-RANGE,RandomForestRegressor,descriptors,1.290027852965633,2.0170333392987803
14765461,2,IN-RANGE,RandomForestRegressor,descriptors,1.587129588235789,2.019988159591285
14765492,2,IN-RANGE,RandomForestRegressor,descriptors,1.2034234902255434,2.0600175425316003
14765515,2,IN-RANGE,RandomForestRegressor,descriptors,1.1397000076288144,2.090011024007147
14765521,2,IN-RANGE,RandomForestRegressor,descriptors,1.2323473556664788,2.0999912335446846
14765522,2,IN-RANGE,RandomForestRegressor,descriptors,1.313392615865014,2.100370545117563
14765524,2,IN-RANGE,RandomForestRegressor,descriptors,1.3341483666219895,2.1061908972634154
14765534,2,IN-RANGE,RandomForestRegressor,descriptors,1.0304946023922512,2.120014252078067
14765548,2,IN-RANGE,RandomForestRegressor,descriptors,1.4910487163212789,2.140004950619449
14765553,2,IN-RANGE,RandomForestRegressor,descriptors,1.4217642296481432,2.1492191126553797
14765562,2,IN-RANGE,RandomForestRegressor,descriptors,1.531244226183228,2.161368002234975
14765564,2,IN-RANGE,RandomForestRegressor,descriptors,1.3812590316334286,2.164352855784437
14766484,2,ABOVE,RandomForestRegressor,descriptors,1.3406300276729297,
14766489,2,ABOVE,RandomForestRegressor,descriptors,1.1442131306193115,
14766512,2,ABOVE,RandomForestRegressor,descriptors,1.4571777356030973,
14766513,2,ABOVE,RandomForestRegressor,descriptors,1.3947501831888693,
14766514,2,ABOVE,RandomForestRegressor,descriptors,1.4370193559029563,
14766525,2,ABOVE,RandomForestRegressor,descriptors,1.2008192763248602,
14766530,2,ABOVE,RandomForestRegressor,descriptors,1.5432569176883624,
14766536,2,ABOVE,RandomForestRegressor,descriptors,1.2533137385122075,
14766545,2,ABOVE,RandomForestRegressor,descriptors,1.5443183206538382,
14766546,2,ABOVE,RandomForestRegressor,descriptors,1.5982609984068026,
14766547,2,ABOVE,RandomForestRegressor,descriptors,1.3943330149558668,
14766550,2,ABOVE,RandomForestRegressor,descriptors,1.534591208027206,
14766552,2,ABOVE,RandomForestRegressor,descriptors,1.372218002050132,
14766553,2,ABOVE,RandomForestRegressor,descriptors,1.3590726909370077,
14766562,2,ABOVE,RandomForestRegressor,descriptors,1.3036263515399424,
14766564,2,ABOVE,RandomForestRegressor,descriptors,1.5205730992967397,
14766566,2,ABOVE,RandomForestRegressor,descriptors,1.4194207138053831,
14769808,2,IN-RANGE,RandomForestRegressor,descriptors,1.1864009801368187,0.47712125471966244
14769816,2,BELOW,RandomForestRegressor,descriptors,1.337416377814928,
14769824,2,BELOW,RandomForestRegressor,descriptors,1.2294381999864943,
14769826,2,BELOW,RandomForestRegressor,descriptors,1.3310984777699233,
14769830,2,BELOW,RandomForestRegressor,descriptors,1.0052054858520174,
14769834,2,BELOW,RandomForestRegressor,descriptors,1.4514054267782364,
14769841,2,BELOW,RandomForestRegressor,descriptors,1.3491627733925886,
14769848,2,BELOW,RandomForestRegressor,descriptors,1.3520547286817055,
14769850,2,BELOW,RandomForestRegressor,descriptors,1.1083434623728314,
14769854,2,BELOW,RandomForestRegressor,descriptors,1.3229737505947028,
14769863,2,BELOW,RandomForestRegressor,descriptors,1.5800174761142591,
14769865,2,BELOW,RandomForestRegressor,descriptors,1.0986801595025677,
14758723,2,BELOW,Ridge,Morgan,1.0605806930576798,
14758729,2,BELOW,Ridge,Morgan,1.2758088571040738,
14758730,2,BELOW,Ridge,Morgan,1.24551506035146,
14758737,2,BELOW,Ridge,Morgan,1.265910376763111,
14758752,2,BELOW,Ridge,Morgan,1.258162054758137,
14758755,2,BELOW,Ridge,Morgan,0.9591305070097179,
14758758,2,BELOW,Ridge,Morgan,1.2844607765768001,
14758762,2,BELOW,Ridge,Morgan,0.9829717094233985,
14758777,2,BELOW,Ridge,Morgan,1.1783556922681757,
14758780,2,BELOW,Ridge,Morgan,1.140616603078917,
14758782,2,BELOW,Ridge,Morgan,1.187557828756006,
14758783,2,BELOW,Ridge,Morgan,0.8065994954722127,
14758787,2,BELOW,Ridge,Morgan,0.9373799491469991,
14758790,2,BELOW,Ridge,Morgan,0.6193085423497884,
14758793,2,BELOW,Ridge,Morgan,1.0620004298964574,
14758794,2,BELOW,Ridge,Morgan,1.0058903235721641,
14758801,2,BELOW,Ridge,Morgan,0.9553531104235515,
14758803,2,BELOW,Ridge,Morgan,1.291911639669862,
14758818,2,BELOW,Ridge,Morgan,1.121504921302857,
14758819,2,BELOW,Ridge,Morgan,0.8491000006149145,
14758820,2,BELOW,Ridge,Morgan,0.8509861529517219,
14758823,2,BELOW,Ridge,Morgan,1.4491592682886625,
14758844,2,BELOW,Ridge,Morgan,0.9237986999627458,
14758847,2,BELOW,Ridge,Morgan,1.2671577972469201,
14758848,2,BELOW,Ridge,Morgan,0.9839009761597972,
14758852,2,BELOW,Ridge,Morgan,1.1854967702181207,
14758856,2,BELOW,Ridge,Morgan,1.3595659796597106,
14758858,2,BELOW,Ridge,Morgan,1.1473869352347155,
14758859,2,BELOW,Ridge,Morgan,1.0531632040978547,
14758865,2,BELOW,Ridge,Morgan,1.0522069399465752,
14758868,2,BELOW,Ridge,Morgan,1.0521888025404003,
14758870,2,BELOW,Ridge,Morgan,1.3395130803027588,
14758875,2,BELOW,Ridge,Morgan,0.7547944330363359,
14758877,2,BELOW,Ridge,Morgan,0.9330415328899928,
14758880,2,BELOW,Ridge,Morgan,1.0617314807807605,
14758881,2,BELOW,Ridge,Morgan,0.9760150727090814,
14758882,2,BELOW,Ridge,Morgan,1.0651058091291217,
14758883,2,BELOW,Ridge,Morgan,0.7226139595279507,
14758889,2,BELOW,Ridge,Morgan,0.8611872625477613,
14758901,2,BELOW,Ridge,Morgan,0.8080739782854035,
14758902,2,BELOW,Ridge,Morgan,0.7946250416301918,
14758904,2,BELOW,Ridge,Morgan,1.2234644664318204,
14758908,2,BELOW,Ridge,Morgan,0.8539518284599933,
14758915,2,BELOW,Ridge,Morgan,1.141900987934614,
14758972,2,IN-RANGE,Ridge,Morgan,1.3769538918455186,0.6020599913279624
14758976,2,IN-RANGE,Ridge,Morgan,1.3789956871036642,0.6020599913279624
14758983,2,IN-RANGE,Ridge,Morgan,0.8229272186555323,0.6020599913279624
14758986,2,IN-RANGE,Ridge,Morgan,1.3574882596935531,0.6020599913279624
14758987,2,IN-RANGE,Ridge,Morgan,0.8549199216642236,0.6020599913279624
14758997,2,IN-RANGE,Ridge,Morgan,1.39978171030213,0.6201360549737575
14759804,2,IN-RANGE,Ridge,Morgan,1.304560818243923,0.6989700043360189
14759806,2,IN-RANGE,Ridge,Morgan,0.9048519103420827,0.6989700043360189
14759808,2,IN-RANGE,Ridge,Morgan,0.7558348409374469,0.6989700043360189
14759816,2,IN-RANGE,Ridge,Morgan,1.3872344331361177,0.6989700043360189
14759836,2,IN-RANGE,Ridge,Morgan,1.441718069566194,0.7101173651118162
14759875,2,IN-RANGE,Ridge,Morgan,1.1329198756267407,0.7596678446896304
14759896,2,IN-RANGE,Ridge,Morgan,1.192706866391261,0.7781512503836436
14759898,2,IN-RANGE,Ridge,Morgan,1.1952043288432197,0.7781512503836436
14759901,2,IN-RANGE,Ridge,Morgan,1.1075371713110318,0.7781512503836436
14759905,2,IN-RANGE,Ridge,Morgan,0.952635659091413,0.7781512503836436
14759908,2,IN-RANGE,Ridge,Morgan,1.4865757575922913,0.7781512503836436
14759911,2,IN-RANGE,Ridge,Morgan,0.918940031536268,0.7781512503836436
14759913,2,IN-RANGE,Ridge,Morgan,1.1945883396255308,0.7781512503836436
14759923,2,IN-RANGE,Ridge,Morgan,0.9763437904693244,0.7909884750888159
14759969,2,IN-RANGE,Ridge,Morgan,0.758936094040612,0.8450980400142568
14759970,2,IN-RANGE,Ridge,Morgan,1.6189485835771789,0.8450980400142568
14759973,2,IN-RANGE,Ridge,Morgan,1.4415764189824984,0.8450980400142568
14759980,2,IN-RANGE,Ridge,Morgan,1.256489798761315,0.8450980400142568
14759982,2,IN-RANGE,Ridge,Morgan,0.8944219847271595,0.8450980400142568
14759988,2,IN-RANGE,Ridge,Morgan,1.7197613636820999,0.850033257689769
14759993,2,IN-RANGE,Ridge,Morgan,1.2243243904256265,0.859738566197147
14760013,2,IN-RANGE,Ridge,Morgan,1.346053199406876,0.8898617212581884
14760014,2,IN-RANGE,Ridge,Morgan,1.6480097237451012,0.8898617212581884
14760020,2,IN-RANGE,Ridge,Morgan,1.0798514052944006,0.8998205024270963
14760031,2,IN-RANGE,Ridge,Morgan,1.283463350013824,0.9030899869919435
14761124,2,IN-RANGE,Ridge,Morgan,0.9380580885075475,0.9030899869919435
14761135,2,IN-RANGE,Ridge,Morgan,0.6349396738883777,0.9180303367848801
14761158,2,IN-RANGE,Ridge,Morgan,1.1929262965764824,0.9474337218870508
14761161,2,IN-RANGE,Ridge,Morgan,1.1969793578280485,0.9498777040368748
14761175,2,IN-RANGE,Ridge,Morgan,1.1126862949945933,0.9542425094393249
14761177,2,IN-RANGE,Ridge,Morgan,1.4879367764720812,0.9542425094393249
14761179,2,IN-RANGE,Ridge,Morgan,1.2299538229391926,0.9542425094393249
14761191,2,IN-RANGE,Ridge,Morgan,0.9485923079982541,0.9599948383284161
14761202,2,IN-RANGE,Ridge,Morgan,1.425207386258522,0.9800033715837464
14761209,2,IN-RANGE,Ridge,Morgan,1.5545803974385561,0.989894563718773
14761212,2,IN-RANGE,Ridge,Morgan,0.8310070493964221,0.989894563718773
14761231,2,IN-RANGE,Ridge,Morgan,1.3508430078781495,1.0
14761234,2,IN-RANGE,Ridge,Morgan,1.499753180520798,1.0
14761251,2,IN-RANGE,Ridge,Morgan,1.5006398466289088,1.021189299069938
14761267,2,IN-RANGE,Ridge,Morgan,1.7876796420992933,1.0398105541483504
14761315,2,IN-RANGE,Ridge,Morgan,1.067984761625855,1.0791812460476249
14761320,2,IN-RANGE,Ridge,Morgan,1.6527043306895295,1.0791812460476249
14761363,2,IN-RANGE,Ridge,Morgan,1.5113468638757555,1.1139433523068367
14761368,2,IN-RANGE,Ridge,Morgan,1.365267436838796,1.1139433523068367
14761369,2,IN-RANGE,Ridge,Morgan,1.1337587134967637,1.1139433523068367
14762228,2,IN-RANGE,Ridge,Morgan,1.0164452991624158,1.146128035678238
14762231,2,IN-RANGE,Ridge,Morgan,1.095739281953865,1.146128035678238
14762233,2,IN-RANGE,Ridge,Morgan,1.4717930430703718,1.146128035678238
14762236,2,IN-RANGE,Ridge,Morgan,1.035451752626478,1.146128035678238
14762254,2,IN-RANGE,Ridge,Morgan,1.4411089026638788,1.1598678470925667
14762272,2,IN-RANGE,Ridge,Morgan,1.737647801668299,1.1760912590556813
14762273,2,IN-RANGE,Ridge,Morgan,1.530539007961301,1.1760912590556813
14762274,2,IN-RANGE,Ridge,Morgan,0.8604135022633417,1.1760912590556813
14762281,2,IN-RANGE,Ridge,Morgan,1.2977029967645353,1.180125875164054
14762282,2,IN-RANGE,Ridge,Morgan,1.6407972418925862,1.180125875164054
14762328,2,IN-RANGE,Ridge,Morgan,1.3896380772241481,1.2304489213782739
14762334,2,IN-RANGE,Ridge,Morgan,1.226228292444905,1.236789099409293
14762347,2,IN-RANGE,Ridge,Morgan,0.7039156262406543,1.2430380486862944
14762352,2,IN-RANGE,Ridge,Morgan,1.5118807637113998,1.249931756634195
14762356,2,IN-RANGE,Ridge,Morgan,1.3260692498926376,1.249931756634195
14762357,2,IN-RANGE,Ridge,Morgan,0.9449712541239585,1.249931756634195
14762361,2,IN-RANGE,Ridge,Morgan,1.388098300179576,1.255272505103306
14762384,2,IN-RANGE,Ridge,Morgan,1.6151590009127748,1.2787536009528289
14762385,2,IN-RANGE,Ridge,Morgan,1.506940059959017,1.2787536009528289
14762386,2,IN-RANGE,Ridge,Morgan,1.435613435885466,1.2787536009528289
14762415,2,IN-RANGE,Ridge,Morgan,0.797270508968608,1.299942900022767
14762416,2,IN-RANGE,Ridge,Morgan,1.4228315719665687,1.299942900022767
14762427,2,IN-RANGE,Ridge,Morgan,1.5277007355079,1.3010299956639813
14762437,2,IN-RANGE,Ridge,Morgan,1.4355942704454911,1.3100557377508915
14762438,2,IN-RANGE,Ridge,Morgan,1.7686615629362297,1.3100557377508915
14762442,2,IN-RANGE,Ridge,Morgan,1.4641909874651444,1.3199384399803087
14762448,2,IN-RANGE,Ridge,Morgan,1.6541966903866998,1.3222192947339193
14762464,2,IN-RANGE,Ridge,Morgan,1.5737579607000005,1.330007700872759
14762466,2,IN-RANGE,Ridge,Morgan,1.2969343403647966,1.3324384599156054
14763245,2,IN-RANGE,Ridge,Morgan,1.1450364673579074,1.3400473176613932
14763252,2,IN-RANGE,Ridge,Morgan,1.371334087698747,1.3424226808222062
14763253,2,IN-RANGE,Ridge,Morgan,1.6286671558696248,1.3424226808222062
14763254,2,IN-RANGE,Ridge,Morgan,1.282802459555161,1.3424226808222062
14763285,2,IN-RANGE,Ridge,Morgan,1.391174118964795,1.380211241711606
14763297,2,IN-RANGE,Ridge,Morgan,1.3769327844033574,1.3900514964589872
14763300,2,IN-RANGE,Ridge,Morgan,1.4321593295090986,1.3979400086720377
14763301,2,IN-RANGE,Ridge,Morgan,1.5083233832437877,1.3979400086720377
14763303,2,IN-RANGE,Ridge,Morgan,1.7297741416160197,1.3979400086720377
14763322,2,IN-RANGE,Ridge,Morgan,1.5532229453286681,1.414973347970818
14763324,2,IN-RANGE,Ridge,Morgan,1.3733755490727408,1.414973347970818
14763353,2,IN-RANGE,Ridge,Morgan,1.2171319110306453,1.4393326938302626
14763359,2,IN-RANGE,Ridge,Morgan,1.6205151340529256,1.4399639359209049
14763397,2,IN-RANGE,Ridge,Morgan,1.4657432005645918,1.4771212547196624
14763399,2,IN-RANGE,Ridge,Morgan,1.2582434074991908,1.4771212547196624
14763432,2,IN-RANGE,Ridge,Morgan,1.209650046701132,1.505149978319906
14763444,2,IN-RANGE,Ridge,Morgan,1.4670028580096623,1.5185139398778875
14763445,2,IN-RANGE,Ridge,Morgan,1.6000064249183783,1.5185139398778875
14763450,2,IN-RANGE,Ridge,Morgan,1.3341035571368804,1.5199591807520685
14763467,2,IN-RANGE,Ridge,Morgan,1.5844303244451763,1.5440680443502757
14763471,2,IN-RANGE,Ridge,Morgan,1.5254501524772306,1.5440680443502757
14763487,2,IN-RANGE,Ridge,Morgan,1.3009142126142055,1.5563025007672873
14763488,2,IN-RANGE,Ridge,Morgan,0.8768815794672652,1.5563025007672873
14763498,2,IN-RANGE,Ridge,Morgan,1.4254491495226904,1.568201724066995
14764309,2,IN-RANGE,Ridge,Morgan,1.1074933203241517,1.606381365110605
14764318,2,IN-RANGE,Ridge,Morgan,1.5678424671855606,1.6127838567197355
14764319,2,IN-RANGE,Ridge,Morgan,1.2454895217659654,1.6127838567197355
14764351,2,IN-RANGE,Ridge,Morgan,1.4235898836600192,1.6384892569546374
14764357,2,IN-RANGE,Ridge,Morgan,1.8338487596181188,1.6434526764861874
14764363,2,IN-RANGE,Ridge,Morgan,1.820387734876903,1.6532125137753437
14764376,2,IN-RANGE,Ridge,Morgan,1.5949216457812034,1.662757831681574
14764393,2,IN-RANGE,Ridge,Morgan,1.7534766368554027,1.6901960800285136
14764395,2,IN-RANGE,Ridge,Morgan,1.7686113561794767,1.6989700043360187
14764435,2,IN-RANGE,Ridge,Morgan,1.430060000063311,1.7299742856995557
14764454,2,IN-RANGE,Ridge,Morgan,1.5654173203958033,1.7481880270062005
14764464,2,IN-RANGE,Ridge,Morgan,1.5344868160236367,1.7599698575543072
14764479,2,IN-RANGE,Ridge,Morgan,1.618255827032008,1.7781512503836436
14764483,2,IN-RANGE,Ridge,Morgan,1.1647532074591687,1.7800291273373383
14764488,2,IN-RANGE,Ridge,Morgan,1.2092467543296521,1.7853298350107671
14764492,2,IN-RANGE,Ridge,Morgan,1.528008570107315,1.7900035203904894
14764497,2,IN-RANGE,Ridge,Morgan,1.3095091603485427,1.7993405494535817
14764520,2,IN-RANGE,Ridge,Morgan,1.8255669071159764,1.8195439355418688
14764522,2,IN-RANGE,Ridge,Morgan,1.2826584060296842,1.8195439355418688
14765312,2,IN-RANGE,Ridge,Morgan,1.3322673081546417,1.8325089127062364
14765322,2,IN-RANGE,Ridge,Morgan,1.6347320175122104,1.845098040014257
14765343,2,IN-RANGE,Ridge,Morgan,1.4348494810975012,1.8692317197309762
14765353,2,IN-RANGE,Ridge,Morgan,1.3843787094151923,1.8750612633917
14765355,2,IN-RANGE,Ridge,Morgan,1.4239454289374815,1.8750612633917
14765361,2,IN-RANGE,Ridge,Morgan,1.3143869065293678,1.8808135922807914
14765367,2,IN-RANGE,Ridge,Morgan,1.6120399902236067,1.8976270912904414
14765377,2,IN-RANGE,Ridge,Morgan,1.8632840095124201,1.9084850188786497
14765379,2,IN-RANGE,Ridge,Morgan,1.735029526770491,1.9138138523837167
14765396,2,IN-RANGE,Ridge,Morgan,1.2313415858739731,1.9344984512435677
14765408,2,IN-RANGE,Ridge,Morgan,1.479405340727159,1.9493900066449128
14765436,2,IN-RANGE,Ridge,Morgan,1.6400824116640143,1.989983458301399
14765444,2,IN-RANGE,Ridge,Morgan,1.6485310643710274,2.0
14765455,2,IN-RANGE,Ridge,Morgan,1.4955699802532596,2.0170333392987803
14765461,2,IN-RANGE,Ridge,Morgan,1.3210392757842129,2.019988159591285
14765492,2,IN-RANGE,Ridge,Morgan,1.1340615404448515,2.0600175425316003
14765515,2,IN-RANGE,Ridge,Morgan,1.3052938797040687,2.090011024007147
14765521,2,IN-RANGE,Ridge,Morgan,1.550518703080822,2.0999912335446846
14765522,2,IN-RANGE,Ridge,Morgan,1.5849325677772679,2.100370545117563
14765524,2,IN-RANGE,Ridge,Morgan,1.422734861115191,2.1061908972634154
14765534,2,IN-RANGE,Ridge,Morgan,1.102874739138175,2.120014252078067
14765548,2,IN-RANGE,Ridge,Morgan,1.520465974293288,2.140004950619449
14765553,2,IN-RANGE,Ridge,Morgan,1.551978340417419,2.1492191126553797
14765562,2,IN-RANGE,Ridge,Morgan,1.4936699854709607,2.161368002234975
14765564,2,IN-RANGE,Ridge,Morgan,0.8452956141389842,2.164352855784437
14766484,2,ABOVE,Ridge,Morgan,1.6643319935523304,
14766489,2,ABOVE,Ridge,Morgan,1.162713147615615,
14766512,2,ABOVE,Ridge,Morgan,1.635829107756009,
14766513,2,ABOVE,Ridge,Morgan,1.5979833442259863,
14766514,2,ABOVE,Ridge,Morgan,1.708730509372633,
14766525,2,ABOVE,Ridge,Morgan,1.304371179099653,
14766530,2,ABOVE,Ridge,Morgan,1.1783504669948592,
14766536,2,ABOVE,Ridge,Morgan,1.2411923431092944,
14766545,2,ABOVE,Ridge,Morgan,1.3613169658707363,
14766546,2,ABOVE,Ridge,Morgan,1.577789492314021,
14766547,2,ABOVE,Ridge,Morgan,1.5268540664069576,
14766550,2,ABOVE,Ridge,Morgan,1.636899289014933,
14766552,2,ABOVE,Ridge,Morgan,1.5046798733461229,
14766553,2,ABOVE,Ridge,Morgan,1.6328337359724046,
14766562,2,ABOVE,Ridge,Morgan,1.3165553262318277,
14766564,2,ABOVE,Ridge,Morgan,1.3699102013233653,
14766566,2,ABOVE,Ridge,Morgan,1.5360948495461026,
14769808,2,IN-RANGE,Ridge,Morgan,0.9125778887612175,0.47712125471966244
14769816,2,BELOW,Ridge,Morgan,1.552695137524989,
14769824,2,BELOW,Ridge,Morgan,1.3583509866641066,
14769826,2,BELOW,Ridge,Morgan,1.0671359736272745,
14769830,2,BELOW,Ridge,Morgan,1.3266430525235466,
14769834,2,BELOW,Ridge,Morgan,0.6445402557948154,
14769841,2,BELOW,Ridge,Morgan,1.6307575959044214,
14769848,2,BELOW,Ridge,Morgan,1.1053935560377626,
14769850,2,BELOW,Ridge,Morgan,1.0178978203105797,
14769854,2,BELOW,Ridge,Morgan,1.316414711782519,
14769863,2,BELOW,Ridge,Morgan,1.2255199750931034,
14769865,2,BELOW,Ridge,Morgan,1.1909068351880463,
14758723,2,BELOW,RandomForestRegressor,Morgan,0.8693784396114143,
14758729,2,BELOW,RandomForestRegressor,Morgan,1.4070306986948617,
14758730,2,BELOW,RandomForestRegressor,Morgan,1.0957644996219902,
14758737,2,BELOW,RandomForestRegressor,Morgan,1.2153326196223633,
14758752,2,BELOW,RandomForestRegressor,Morgan,1.2226917555201187,
14758755,2,BELOW,RandomForestRegressor,Morgan,1.1553738448906197,
14758758,2,BELOW,RandomForestRegressor,Morgan,1.3143714654590877,
14758762,2,BELOW,RandomForestRegressor,Morgan,1.0379994268684634,
14758777,2,BELOW,RandomForestRegressor,Morgan,0.8577362976320562,
14758780,2,BELOW,RandomForestRegressor,Morgan,1.366180282919401,
14758782,2,BELOW,RandomForestRegressor,Morgan,1.3637301465804816,
14758783,2,BELOW,RandomForestRegressor,Morgan,0.7940141958270597,
14758787,2,BELOW,RandomForestRegressor,Morgan,0.8211085249118937,
14758790,2,BELOW,RandomForestRegressor,Morgan,0.6893984275618105,
14758793,2,BELOW,RandomForestRegressor,Morgan,1.308642483141526,
14758794,2,BELOW,RandomForestRegressor,Morgan,0.9498997239383781,
14758801,2,BELOW,RandomForestRegressor,Morgan,1.147059810432497,
14758803,2,BELOW,RandomForestRegressor,Morgan,1.3700907229658394,
14758818,2,BELOW,RandomForestRegressor,Morgan,1.2354148609500333,
14758819,2,BELOW,RandomForestRegressor,Morgan,1.0365785055263999,
14758820,2,BELOW,RandomForestRegressor,Morgan,0.9886210601550448,
14758823,2,BELOW,RandomForestRegressor,Morgan,1.3507899345263086,
14758844,2,BELOW,RandomForestRegressor,Morgan,0.8260484208519088,
14758847,2,BELOW,RandomForestRegressor,Morgan,1.3241855176072581,
14758848,2,BELOW,RandomForestRegressor,Morgan,0.8219734324850501,
14758852,2,BELOW,RandomForestRegressor,Morgan,0.9359892684357018,
14758856,2,BELOW,RandomForestRegressor,Morgan,1.3329943389385368,
14758858,2,BELOW,RandomForestRegressor,Morgan,0.9639901599527271,
14758859,2,BELOW,RandomForestRegressor,Morgan,1.2520302066823548,
14758865,2,BELOW,RandomForestRegressor,Morgan,0.7803722529681438,
14758868,2,BELOW,RandomForestRegressor,Morgan,0.9136959389904272,
14758870,2,BELOW,RandomForestRegressor,Morgan,1.0033864634332845,
14758875,2,BELOW,RandomForestRegressor,Morgan,0.7844695116476629,
14758877,2,BELOW,RandomForestRegressor,Morgan,0.8911162817346895,
14758880,2,BELOW,RandomForestRegressor,Morgan,0.9879544695349668,
14758881,2,BELOW,RandomForestRegressor,Morgan,0.8932490677560591,
14758882,2,BELOW,RandomForestRegressor,Morgan,1.2264521587777135,
14758883,2,BELOW,RandomForestRegressor,Morgan,0.7795876435033192,
14758889,2,BELOW,RandomForestRegressor,Morgan,0.8099056396587782,
14758901,2,BELOW,RandomForestRegressor,Morgan,0.7621963473269284,
14758902,2,BELOW,RandomForestRegressor,Morgan,0.796688903477022,
14758904,2,BELOW,RandomForestRegressor,Morgan,1.2805611849909058,
14758908,2,BELOW,RandomForestRegressor,Morgan,1.0572195116325915,
14758915,2,BELOW,RandomForestRegressor,Morgan,1.3550913523350345,
14758972,2,IN-RANGE,RandomForestRegressor,Morgan,0.959368989707961,0.6020599913279624
14758976,2,IN-RANGE,RandomForestRegressor,Morgan,1.4390187766002287,0.6020599913279624
14758983,2,IN-RANGE,RandomForestRegressor,Morgan,0.9427622153342031,0.6020599913279624
14758986,2,IN-RANGE,RandomForestRegressor,Morgan,1.3375952924525114,0.6020599913279624
14758987,2,IN-RANGE,RandomForestRegressor,Morgan,0.7986183203918944,0.6020599913279624
14758997,2,IN-RANGE,RandomForestRegressor,Morgan,1.2896836129485871,0.6201360549737575
14759804,2,IN-RANGE,RandomForestRegressor,Morgan,1.4634250231216992,0.6989700043360189
14759806,2,IN-RANGE,RandomForestRegressor,Morgan,0.7527443956112714,0.6989700043360189
14759808,2,IN-RANGE,RandomForestRegressor,Morgan,0.9608351422753549,0.6989700043360189
14759816,2,IN-RANGE,RandomForestRegressor,Morgan,1.382822617478288,0.6989700043360189
14759836,2,IN-RANGE,RandomForestRegressor,Morgan,1.280218360188836,0.7101173651118162
14759875,2,IN-RANGE,RandomForestRegressor,Morgan,0.9249461114155015,0.7596678446896304
14759896,2,IN-RANGE,RandomForestRegressor,Morgan,1.2305655171406449,0.7781512503836436
14759898,2,IN-RANGE,RandomForestRegressor,Morgan,1.2323475359723866,0.7781512503836436
14759901,2,IN-RANGE,RandomForestRegressor,Morgan,1.315542226518574,0.7781512503836436
14759905,2,IN-RANGE,RandomForestRegressor,Morgan,1.0017365200822106,0.7781512503836436
14759908,2,IN-RANGE,RandomForestRegressor,Morgan,1.2972793322772147,0.7781512503836436
14759911,2,IN-RANGE,RandomForestRegressor,Morgan,1.3412645694493965,0.7781512503836436
14759913,2,IN-RANGE,RandomForestRegressor,Morgan,0.879620722182264,0.7781512503836436
14759923,2,IN-RANGE,RandomForestRegressor,Morgan,1.0070873875072472,0.7909884750888159
14759969,2,IN-RANGE,RandomForestRegressor,Morgan,0.6685054479330086,0.8450980400142568
14759970,2,IN-RANGE,RandomForestRegressor,Morgan,1.5154812028999745,0.8450980400142568
14759973,2,IN-RANGE,RandomForestRegressor,Morgan,1.3685452562617988,0.8450980400142568
14759980,2,IN-RANGE,RandomForestRegressor,Morgan,1.3153535664929665,0.8450980400142568
14759982,2,IN-RANGE,RandomForestRegressor,Morgan,0.7624447179112802,0.8450980400142568
14759988,2,IN-RANGE,RandomForestRegressor,Morgan,1.5059547371620068,0.850033257689769
14759993,2,IN-RANGE,RandomForestRegressor,Morgan,1.364234677865644,0.859738566197147
14760013,2,IN-RANGE,RandomForestRegressor,Morgan,1.3839828193678514,0.8898617212581884
14760014,2,IN-RANGE,RandomForestRegressor,Morgan,1.433622147335949,0.8898617212581884
14760020,2,IN-RANGE,RandomForestRegressor,Morgan,1.3613719276800051,0.8998205024270963
14760031,2,IN-RANGE,RandomForestRegressor,Morgan,1.3891712634830298,0.9030899869919435
14761124,2,IN-RANGE,RandomForestRegressor,Morgan,1.0225476648078105,0.9030899869919435
14761135,2,IN-RANGE,RandomForestRegressor,Morgan,0.6875626705046369,0.9180303367848801
14761158,2,IN-RANGE,RandomForestRegressor,Morgan,1.363965973894976,0.9474337218870508
14761161,2,IN-RANGE,RandomForestRegressor,Morgan,1.039308054047085,0.9498777040368748
14761175,2,IN-RANGE,RandomForestRegressor,Morgan,1.0885603010872804,0.9542425094393249
14761177,2,IN-RANGE,RandomForestRegressor,Morgan,0.9769127047234868,0.9542425094393249
14761179,2,IN-RANGE,RandomForestRegressor,Morgan,1.1682622180228237,0.9542425094393249
14761191,2,IN-RANGE,RandomForestRegressor,Morgan,1.1974894719880091,0.9599948383284161
14761202,2,IN-RANGE,RandomForestRegressor,Morgan,1.3254848865240694,0.9800033715837464
14761209,2,IN-RANGE,RandomForestRegressor,Morgan,1.2939802177332163,0.989894563718773
14761212,2,IN-RANGE,RandomForestRegressor,Morgan,1.119641979631444,0.989894563718773
14761231,2,IN-RANGE,RandomForestRegressor,Morgan,1.046958194154931,1.0
14761234,2,IN-RANGE,RandomForestRegressor,Morgan,1.3826252067581453,1.0
14761251,2,IN-RANGE,RandomForestRegressor,Morgan,1.4504523326829062,1.021189299069938
14761267,2,IN-RANGE,RandomForestRegressor,Morgan,1.6033904846447684,1.0398105541483504
14761315,2,IN-RANGE,RandomForestRegressor,Morgan,0.837404769375053,1.0791812460476249
14761320,2,IN-RANGE,RandomForestRegressor,Morgan,1.5835475696792045,1.0791812460476249
14761363,2,IN-RANGE,RandomForestRegressor,Morgan,1.4635068783366938,1.1139433523068367
14761368,2,IN-RANGE,RandomForestRegressor,Morgan,1.4580894813676852,1.1139433523068367
14761369,2,IN-RANGE,RandomForestRegressor,Morgan,1.211521478168028,1.1139433523068367
14762228,2,IN-RANGE,RandomForestRegressor,Morgan,1.0791553856062177,1.146128035678238
14762231,2,IN-RANGE,RandomForestRegressor,Morgan,1.2016755210608463,1.146128035678238
14762233,2,IN-RANGE,RandomForestRegressor,Morgan,1.6039237861504585,1.146128035678238
14762236,2,IN-RANGE,RandomForestRegressor,Morgan,1.1971002916589553,1.146128035678238
14762254,2,IN-RANGE,RandomForestRegressor,Morgan,1.4468418094049795,1.1598678470925667
14762272,2,IN-RANGE,RandomForestRegressor,Morgan,1.4976970890305503,1.1760912590556813
14762273,2,IN-RANGE,RandomForestRegressor,Morgan,1.527103271573672,1.1760912590556813
14762274,2,IN-RANGE,RandomForestRegressor,Morgan,0.9381452160719976,1.1760912590556813
14762281,2,IN-RANGE,RandomForestRegressor,Morgan,1.2423303185837549,1.180125875164054
14762282,2,IN-RANGE,RandomForestRegressor,Morgan,1.4271877346972182,1.180125875164054
14762328,2,IN-RANGE,RandomForestRegressor,Morgan,1.3932821495485457,1.2304489213782739
14762334,2,IN-RANGE,RandomForestRegressor,Morgan,0.926464803499379,1.236789099409293
14762347,2,IN-RANGE,RandomForestRegressor,Morgan,0.9487050730740259,1.2430380486862944
14762352,2,IN-RANGE,RandomForestRegressor,Morgan,1.4508253515888936,1.249931756634195
14762356,2,IN-RANGE,RandomForestRegressor,Morgan,1.3985780194726098,1.249931756634195
14762357,2,IN-RANGE,RandomForestRegressor,Morgan,1.2838907353617575,1.249931756634195
14762361,2,IN-RANGE,RandomForestRegressor,Morgan,1.4074062194127024,1.255272505103306
14762384,2,IN-RANGE,RandomForestRegressor,Morgan,1.5995631285496523,1.2787536009528289
14762385,2,IN-RANGE,RandomForestRegressor,Morgan,1.4687453462948874,1.2787536009528289
14762386,2,IN-RANGE,RandomForestRegressor,Morgan,1.3323853488260504,1.2787536009528289
14762415,2,IN-RANGE,RandomForestRegressor,Morgan,1.1422179674787556,1.299942900022767
14762416,2,IN-RANGE,RandomForestRegressor,Morgan,1.377602231547722,1.299942900022767
14762427,2,IN-RANGE,RandomForestRegressor,Morgan,1.4226728228448844,1.3010299956639813
14762437,2,IN-RANGE,RandomForestRegressor,Morgan,1.3614945748151144,1.3100557377508915
14762438,2,IN-RANGE,RandomForestRegressor,Morgan,1.3352904688568337,1.3100557377508915
14762442,2,IN-RANGE,RandomForestRegressor,Morgan,1.3731752495963492,1.3199384399803087
14762448,2,IN-RANGE,RandomForestRegressor,Morgan,1.3876453678383212,1.3222192947339193
14762464,2,IN-RANGE,RandomForestRegressor,Morgan,1.4292903099931196,1.330007700872759
14762466,2,IN-RANGE,RandomForestRegressor,Morgan,0.9721962966429157,1.3324384599156054
14763245,2,IN-RANGE,RandomForestRegressor,Morgan,1.316956476575449,1.3400473176613932
14763252,2,IN-RANGE,RandomForestRegressor,Morgan,1.1145769183170058,1.3424226808222062
14763253,2,IN-RANGE,RandomForestRegressor,Morgan,1.6499768088066602,1.3424226808222062
14763254,2,IN-RANGE,RandomForestRegressor,Morgan,1.3878626315070728,1.3424226808222062
14763285,2,IN-RANGE,RandomForestRegressor,Morgan,1.3121356349712536,1.380211241711606
14763297,2,IN-RANGE,RandomForestRegressor,Morgan,1.389048589281315,1.3900514964589872
14763300,2,IN-RANGE,RandomForestRegressor,Morgan,1.485033271739212,1.3979400086720377
14763301,2,IN-RANGE,RandomForestRegressor,Morgan,1.5716637165449685,1.3979400086720377
14763303,2,IN-RANGE,RandomForestRegressor,Morgan,1.449991615681915,1.3979400086720377
14763322,2,IN-RANGE,RandomForestRegressor,Morgan,1.2894283592490046,1.414973347970818
14763324,2,IN-RANGE,RandomForestRegressor,Morgan,1.4030878567576395,1.414973347970818
14763353,2,IN-RANGE,RandomForestRegressor,Morgan,1.3544585651880103,1.4393326938302626
14763359,2,IN-RANGE,RandomForestRegressor,Morgan,1.3621039863442292,1.4399639359209049
14763397,2,IN-RANGE,RandomForestRegressor,Morgan,1.4768436223468806,1.4771212547196624
14763399,2,IN-RANGE,RandomForestRegressor,Morgan,1.295956164597545,1.4771212547196624
14763432,2,IN-RANGE,RandomForestRegressor,Morgan,0.9985305257535131,1.505149978319906
14763444,2,IN-RANGE,RandomForestRegressor,Morgan,1.5279712012432316,1.5185139398778875
14763445,2,IN-RANGE,RandomForestRegressor,Morgan,1.4998506383249863,1.5185139398778875
14763450,2,IN-RANGE,RandomForestRegressor,Morgan,1.2018861719650293,1.5199591807520685
14763467,2,IN-RANGE,RandomForestRegressor,Morgan,1.5072224034550266,1.5440680443502757
14763471,2,IN-RANGE,RandomForestRegressor,Morgan,1.5605604180128225,1.5440680443502757
14763487,2,IN-RANGE,RandomForestRegressor,Morgan,1.3757876201131225,1.5563025007672873
14763488,2,IN-RANGE,RandomForestRegressor,Morgan,1.0034692542959702,1.5563025007672873
14763498,2,IN-RANGE,RandomForestRegressor,Morgan,1.3816058903746151,1.568201724066995
14764309,2,IN-RANGE,RandomForestRegressor,Morgan,1.3388391893183587,1.606381365110605
14764318,2,IN-RANGE,RandomForestRegressor,Morgan,1.5070463309035373,1.6127838567197355
14764319,2,IN-RANGE,RandomForestRegressor,Morgan,1.4367333898966808,1.6127838567197355
14764351,2,IN-RANGE,RandomForestRegressor,Morgan,1.4263509748029362,1.6384892569546374
14764357,2,IN-RANGE,RandomForestRegressor,Morgan,1.6052384727809403,1.6434526764861874
14764363,2,IN-RANGE,RandomForestRegressor,Morgan,1.806486478969479,1.6532125137753437
14764376,2,IN-RANGE,RandomForestRegressor,Morgan,1.5679539853694973,1.662757831681574
14764393,2,IN-RANGE,RandomForestRegressor,Morgan,1.4230955553659166,1.6901960800285136
14764395,2,IN-RANGE,RandomForestRegressor,Morgan,1.6263790851986306,1.6989700043360187
14764435,2,IN-RANGE,RandomForestRegressor,Morgan,1.4211163842565222,1.7299742856995557
14764454,2,IN-RANGE,RandomForestRegressor,Morgan,1.4962808499424505,1.7481880270062005
14764464,2,IN-RANGE,RandomForestRegressor,Morgan,1.4183769696336828,1.7599698575543072
14764479,2,IN-RANGE,RandomForestRegressor,Morgan,1.1215573105777283,1.7781512503836436
14764483,2,IN-RANGE,RandomForestRegressor,Morgan,1.3132069797779204,1.7800291273373383
14764488,2,IN-RANGE,RandomForestRegressor,Morgan,1.4466898041324656,1.7853298350107671
14764492,2,IN-RANGE,RandomForestRegressor,Morgan,1.5421254724946807,1.7900035203904894
14764497,2,IN-RANGE,RandomForestRegressor,Morgan,1.4959586902490023,1.7993405494535817
14764520,2,IN-RANGE,RandomForestRegressor,Morgan,1.804046870779626,1.8195439355418688
14764522,2,IN-RANGE,RandomForestRegressor,Morgan,0.98802801594402,1.8195439355418688
14765312,2,IN-RANGE,RandomForestRegressor,Morgan,1.4006225021785073,1.8325089127062364
14765322,2,IN-RANGE,RandomForestRegressor,Morgan,1.5162242479154144,1.845098040014257
14765343,2,IN-RANGE,RandomForestRegressor,Morgan,1.4324741230359708,1.8692317197309762
14765353,2,IN-RANGE,RandomForestRegressor,Morgan,1.4346199962125812,1.8750612633917
14765355,2,IN-RANGE,RandomForestRegressor,Morgan,1.5719419335469627,1.8750612633917
14765361,2,IN-RANGE,RandomForestRegressor,Morgan,1.5141980243668562,1.8808135922807914
14765367,2,IN-RANGE,RandomForestRegressor,Morgan,1.772652020394705,1.8976270912904414
14765377,2,IN-RANGE,RandomForestRegressor,Morgan,1.7626904369133942,1.9084850188786497
14765379,2,IN-RANGE,RandomForestRegressor,Morgan,1.572284549073306,1.9138138523837167
14765396,2,IN-RANGE,RandomForestRegressor,Morgan,1.2331827257662973,1.9344984512435677
14765408,2,IN-RANGE,RandomForestRegressor,Morgan,1.48467399662551,1.9493900066449128
14765436,2,IN-RANGE,RandomForestRegressor,Morgan,1.4018682274634995,1.989983458301399
14765444,2,IN-RANGE,RandomForestRegressor,Morgan,1.6694680815821579,2.0
14765455,2,IN-RANGE,RandomForestRegressor,Morgan,1.5251431373575073,2.0170333392987803
14765461,2,IN-RANGE,RandomForestRegressor,Morgan,1.2694070112284173,2.019988159591285
14765492,2,IN-RANGE,RandomForestRegressor,Morgan,1.353210859751641,2.0600175425316003
14765515,2,IN-RANGE,RandomForestRegressor,Morgan,1.3028317753889085,2.090011024007147
14765521,2,IN-RANGE,RandomForestRegressor,Morgan,1.4746953532160303,2.0999912335446846
14765522,2,IN-RANGE,RandomForestRegressor,Morgan,1.5629968791310003,2.100370545117563
14765524,2,IN-RANGE,RandomForestRegressor,Morgan,1.2361337858726502,2.1061908972634154
14765534,2,IN-RANGE,RandomForestRegressor,Morgan,1.2482664113630209,2.120014252078067
14765548,2,IN-RANGE,RandomForestRegressor,Morgan,1.4344131710105368,2.140004950619449
14765553,2,IN-RANGE,RandomForestRegressor,Morgan,1.542884758570216,2.1492191126553797
14765562,2,IN-RANGE,RandomForestRegressor,Morgan,1.5390229098753465,2.161368002234975
14765564,2,IN-RANGE,RandomForestRegressor,Morgan,1.2625007262623702,2.164352855784437
14766484,2,ABOVE,RandomForestRegressor,Morgan,1.5818348714514212,
14766489,2,ABOVE,RandomForestRegressor,Morgan,1.4468700443497757,
14766512,2,ABOVE,RandomForestRegressor,Morgan,1.4965310975303925,
14766513,2,ABOVE,RandomForestRegressor,Morgan,1.497489890213156,
14766514,2,ABOVE,RandomForestRegressor,Morgan,1.5172261810625542,
14766525,2,ABOVE,RandomForestRegressor,Morgan,1.3049023168978742,
14766530,2,ABOVE,RandomForestRegressor,Morgan,1.287949032336433,
14766536,2,ABOVE,RandomForestRegressor,Morgan,1.2155901981491448,
14766545,2,ABOVE,RandomForestRegressor,Morgan,1.4691449054412098,
14766546,2,ABOVE,RandomForestRegressor,Morgan,1.496592075782087,
14766547,2,ABOVE,RandomForestRegressor,Morgan,1.4734766428501067,
14766550,2,ABOVE,RandomForestRegressor,Morgan,1.3928310975492577,
14766552,2,ABOVE,RandomForestRegressor,Morgan,1.3918447511117689,
14766553,2,ABOVE,RandomForestRegressor,Morgan,1.5106664369368477,
14766562,2,ABOVE,RandomForestRegressor,Morgan,1.3615216983627136,
14766564,2,ABOVE,RandomForestRegressor,Morgan,1.5317530849748515,
14766566,2,ABOVE,RandomForestRegressor,Morgan,1.433982908337437,
14769808,2,IN-RANGE,RandomForestRegressor,Morgan,0.7604908313732625,0.47712125471966244
14769816,2,BELOW,RandomForestRegressor,Morgan,1.5690699460575388,
14769824,2,BELOW,RandomForestRegressor,Morgan,1.3994789440759459,
14769826,2,BELOW,RandomForestRegressor,Morgan,1.2284538716537279,
14769830,2,BELOW,RandomForestRegressor,Morgan,1.307661862881804,
14769834,2,BELOW,RandomForestRegressor,Morgan,0.8995205649032156,
14769841,2,BELOW,RandomForestRegressor,Morgan,1.3457901861641188,
14769848,2,BELOW,RandomForestRegressor,Morgan,1.075840053746091,
14769850,2,BELOW,RandomForestRegressor,Morgan,0.8724294491850837,
14769854,2,BELOW,RandomForestRegressor,Morgan,1.3907251594622139,
14769863,2,BELOW,RandomForestRegressor,Morgan,1.2714417560973532,
14769865,2,BELOW,RandomForestRegressor,Morgan,1.3010324127988273,
14758721,3,BELOW,mean_baseline,none,1.2991972162763865,
14758721,3,BELOW,median_baseline,none,1.2821628569280787,
14758726,3,BELOW,mean_baseline,none,1.2991972162763865,
14758726,3,BELOW,median_baseline,none,1.2821628569280787,
14758727,3,BELOW,mean_baseline,none,1.2991972162763865,
14758727,3,BELOW,median_baseline,none,1.2821628569280787,
14758728,3,BELOW,mean_baseline,none,1.2991972162763865,
14758728,3,BELOW,median_baseline,none,1.2821628569280787,
14758732,3,BELOW,mean_baseline,none,1.2991972162763865,
14758732,3,BELOW,median_baseline,none,1.2821628569280787,
14758733,3,BELOW,mean_baseline,none,1.2991972162763865,
14758733,3,BELOW,median_baseline,none,1.2821628569280787,
14758739,3,BELOW,mean_baseline,none,1.2991972162763865,
14758739,3,BELOW,median_baseline,none,1.2821628569280787,
14758741,3,BELOW,mean_baseline,none,1.2991972162763865,
14758741,3,BELOW,median_baseline,none,1.2821628569280787,
14758744,3,BELOW,mean_baseline,none,1.2991972162763865,
14758744,3,BELOW,median_baseline,none,1.2821628569280787,
14758747,3,BELOW,mean_baseline,none,1.2991972162763865,
14758747,3,BELOW,median_baseline,none,1.2821628569280787,
14758748,3,BELOW,mean_baseline,none,1.2991972162763865,
14758748,3,BELOW,median_baseline,none,1.2821628569280787,
14758754,3,BELOW,mean_baseline,none,1.2991972162763865,
14758754,3,BELOW,median_baseline,none,1.2821628569280787,
14758761,3,BELOW,mean_baseline,none,1.2991972162763865,
14758761,3,BELOW,median_baseline,none,1.2821628569280787,
14758769,3,BELOW,mean_baseline,none,1.2991972162763865,
14758769,3,BELOW,median_baseline,none,1.2821628569280787,
14758773,3,BELOW,mean_baseline,none,1.2991972162763865,
14758773,3,BELOW,median_baseline,none,1.2821628569280787,
14758776,3,BELOW,mean_baseline,none,1.2991972162763865,
14758776,3,BELOW,median_baseline,none,1.2821628569280787,
14758781,3,BELOW,mean_baseline,none,1.2991972162763865,
14758781,3,BELOW,median_baseline,none,1.2821628569280787,
14758796,3,BELOW,mean_baseline,none,1.2991972162763865,
14758796,3,BELOW,median_baseline,none,1.2821628569280787,
14758798,3,BELOW,mean_baseline,none,1.2991972162763865,
14758798,3,BELOW,median_baseline,none,1.2821628569280787,
14758800,3,BELOW,mean_baseline,none,1.2991972162763865,
14758800,3,BELOW,median_baseline,none,1.2821628569280787,
14758829,3,BELOW,mean_baseline,none,1.2991972162763865,
14758829,3,BELOW,median_baseline,none,1.2821628569280787,
14758832,3,BELOW,mean_baseline,none,1.2991972162763865,
14758832,3,BELOW,median_baseline,none,1.2821628569280787,
14758835,3,BELOW,mean_baseline,none,1.2991972162763865,
14758835,3,BELOW,median_baseline,none,1.2821628569280787,
14758837,3,BELOW,mean_baseline,none,1.2991972162763865,
14758837,3,BELOW,median_baseline,none,1.2821628569280787,
14758839,3,BELOW,mean_baseline,none,1.2991972162763865,
14758839,3,BELOW,median_baseline,none,1.2821628569280787,
14758841,3,BELOW,mean_baseline,none,1.2991972162763865,
14758841,3,BELOW,median_baseline,none,1.2821628569280787,
14758843,3,BELOW,mean_baseline,none,1.2991972162763865,
14758843,3,BELOW,median_baseline,none,1.2821628569280787,
14758850,3,BELOW,mean_baseline,none,1.2991972162763865,
14758850,3,BELOW,median_baseline,none,1.2821628569280787,
14758851,3,BELOW,mean_baseline,none,1.2991972162763865,
14758851,3,BELOW,median_baseline,none,1.2821628569280787,
14758853,3,BELOW,mean_baseline,none,1.2991972162763865,
14758853,3,BELOW,median_baseline,none,1.2821628569280787,
14758854,3,BELOW,mean_baseline,none,1.2991972162763865,
14758854,3,BELOW,median_baseline,none,1.2821628569280787,
14758861,3,BELOW,mean_baseline,none,1.2991972162763865,
14758861,3,BELOW,median_baseline,none,1.2821628569280787,
14758864,3,BELOW,mean_baseline,none,1.2991972162763865,
14758864,3,BELOW,median_baseline,none,1.2821628569280787,
14758869,3,BELOW,mean_baseline,none,1.2991972162763865,
14758869,3,BELOW,median_baseline,none,1.2821628569280787,
14758872,3,BELOW,mean_baseline,none,1.2991972162763865,
14758872,3,BELOW,median_baseline,none,1.2821628569280787,
14758879,3,BELOW,mean_baseline,none,1.2991972162763865,
14758879,3,BELOW,median_baseline,none,1.2821628569280787,
14758884,3,BELOW,mean_baseline,none,1.2991972162763865,
14758884,3,BELOW,median_baseline,none,1.2821628569280787,
14758899,3,BELOW,mean_baseline,none,1.2991972162763865,
14758899,3,BELOW,median_baseline,none,1.2821628569280787,
14758905,3,BELOW,mean_baseline,none,1.2991972162763865,
14758905,3,BELOW,median_baseline,none,1.2821628569280787,
14758906,3,BELOW,mean_baseline,none,1.2991972162763865,
14758906,3,BELOW,median_baseline,none,1.2821628569280787,
14758907,3,BELOW,mean_baseline,none,1.2991972162763865,
14758907,3,BELOW,median_baseline,none,1.2821628569280787,
14758912,3,BELOW,mean_baseline,none,1.2991972162763865,
14758912,3,BELOW,median_baseline,none,1.2821628569280787,
14758918,3,BELOW,mean_baseline,none,1.2991972162763865,
14758918,3,BELOW,median_baseline,none,1.2821628569280787,
14758922,3,BELOW,mean_baseline,none,1.2991972162763865,
14758922,3,BELOW,median_baseline,none,1.2821628569280787,
14758971,3,IN-RANGE,mean_baseline,none,1.2991972162763865,0.6020599913279624
14758971,3,IN-RANGE,median_baseline,none,1.2821628569280787,0.6020599913279624
14758990,3,IN-RANGE,mean_baseline,none,1.2991972162763865,0.6020599913279624
14758990,3,IN-RANGE,median_baseline,none,1.2821628569280787,0.6020599913279624
14759774,3,IN-RANGE,mean_baseline,none,1.2991972162763865,0.6503075231319364
14759774,3,IN-RANGE,median_baseline,none,1.2821628569280787,0.6503075231319364
14759791,3,IN-RANGE,mean_baseline,none,1.2991972162763865,0.6803355134145632
14759791,3,IN-RANGE,median_baseline,none,1.2821628569280787,0.6803355134145632
14759811,3,IN-RANGE,mean_baseline,none,1.2991972162763865,0.6989700043360189
14759811,3,IN-RANGE,median_baseline,none,1.2821628569280787,0.6989700043360189
14759812,3,IN-RANGE,mean_baseline,none,1.2991972162763865,0.6989700043360189
14759812,3,IN-RANGE,median_baseline,none,1.2821628569280787,0.6989700043360189
14759824,3,IN-RANGE,mean_baseline,none,1.2991972162763865,0.6989700043360189
14759824,3,IN-RANGE,median_baseline,none,1.2821628569280787,0.6989700043360189
14759847,3,IN-RANGE,mean_baseline,none,1.2991972162763865,0.7201593034059569
14759847,3,IN-RANGE,median_baseline,none,1.2821628569280787,0.7201593034059569
14759848,3,IN-RANGE,mean_baseline,none,1.2991972162763865,0.7201593034059569
14759848,3,IN-RANGE,median_baseline,none,1.2821628569280787,0.7201593034059569
14759861,3,IN-RANGE,mean_baseline,none,1.2991972162763865,0.7403626894942439
14759861,3,IN-RANGE,median_baseline,none,1.2821628569280787,0.7403626894942439
14759874,3,IN-RANGE,mean_baseline,none,1.2991972162763865,0.7596678446896304
14759874,3,IN-RANGE,median_baseline,none,1.2821628569280787,0.7596678446896304
14759894,3,IN-RANGE,mean_baseline,none,1.2991972162763865,0.7781512503836436
14759894,3,IN-RANGE,median_baseline,none,1.2821628569280787,0.7781512503836436
14759897,3,IN-RANGE,mean_baseline,none,1.2991972162763865,0.7781512503836436
14759897,3,IN-RANGE,median_baseline,none,1.2821628569280787,0.7781512503836436
14759900,3,IN-RANGE,mean_baseline,none,1.2991972162763865,0.7781512503836436
14759900,3,IN-RANGE,median_baseline,none,1.2821628569280787,0.7781512503836436
14759930,3,IN-RANGE,mean_baseline,none,1.2991972162763865,0.8000293592441343
14759930,3,IN-RANGE,median_baseline,none,1.2821628569280787,0.8000293592441343
14759931,3,IN-RANGE,mean_baseline,none,1.2991972162763865,0.8000293592441343
14759931,3,IN-RANGE,median_baseline,none,1.2821628569280787,0.8000293592441343
14759933,3,IN-RANGE,mean_baseline,none,1.2991972162763865,0.8000293592441343
14759933,3,IN-RANGE,median_baseline,none,1.2821628569280787,0.8000293592441343
14759937,3,IN-RANGE,mean_baseline,none,1.2991972162763865,0.8102325179950841
14759937,3,IN-RANGE,median_baseline,none,1.2821628569280787,0.8102325179950841
14759944,3,IN-RANGE,mean_baseline,none,1.2991972162763865,0.8241258339165489
14759944,3,IN-RANGE,median_baseline,none,1.2821628569280787,0.8241258339165489
14759971,3,IN-RANGE,mean_baseline,none,1.2991972162763865,0.8450980400142568
14759971,3,IN-RANGE,median_baseline,none,1.2821628569280787,0.8450980400142568
14759972,3,IN-RANGE,mean_baseline,none,1.2991972162763865,0.8450980400142568
14759972,3,IN-RANGE,median_baseline,none,1.2821628569280787,0.8450980400142568
14759975,3,IN-RANGE,mean_baseline,none,1.2991972162763865,0.8450980400142568
14759975,3,IN-RANGE,median_baseline,none,1.2821628569280787,0.8450980400142568
14759977,3,IN-RANGE,mean_baseline,none,1.2991972162763865,0.8450980400142568
14759977,3,IN-RANGE,median_baseline,none,1.2821628569280787,0.8450980400142568
14759978,3,IN-RANGE,mean_baseline,none,1.2991972162763865,0.8450980400142568
14759978,3,IN-RANGE,median_baseline,none,1.2821628569280787,0.8450980400142568
14759979,3,IN-RANGE,mean_baseline,none,1.2991972162763865,0.8450980400142568
14759979,3,IN-RANGE,median_baseline,none,1.2821628569280787,0.8450980400142568
14759981,3,IN-RANGE,mean_baseline,none,1.2991972162763865,0.8450980400142568
14759981,3,IN-RANGE,median_baseline,none,1.2821628569280787,0.8450980400142568
14759999,3,IN-RANGE,mean_baseline,none,1.2991972162763865,0.8698182079793282
14759999,3,IN-RANGE,median_baseline,none,1.2821628569280787,0.8698182079793282
14760021,3,IN-RANGE,mean_baseline,none,1.2991972162763865,0.8998205024270963
14760021,3,IN-RANGE,median_baseline,none,1.2821628569280787,0.8998205024270963
14760036,3,IN-RANGE,mean_baseline,none,1.2991972162763865,0.9030899869919435
14760036,3,IN-RANGE,median_baseline,none,1.2821628569280787,0.9030899869919435
14761129,3,IN-RANGE,mean_baseline,none,1.2991972162763865,0.9030899869919435
14761129,3,IN-RANGE,median_baseline,none,1.2821628569280787,0.9030899869919435
14761141,3,IN-RANGE,mean_baseline,none,1.2991972162763865,0.9294189257142927
14761141,3,IN-RANGE,median_baseline,none,1.2821628569280787,0.9294189257142927
14761156,3,IN-RANGE,mean_baseline,none,1.2991972162763865,0.9400181550076633
14761156,3,IN-RANGE,median_baseline,none,1.2821628569280787,0.9400181550076633
14761162,3,IN-RANGE,mean_baseline,none,1.2991972162763865,0.9498777040368748
14761162,3,IN-RANGE,median_baseline,none,1.2821628569280787,0.9498777040368748
14761169,3,IN-RANGE,mean_baseline,none,1.2991972162763865,0.9542425094393249
14761169,3,IN-RANGE,median_baseline,none,1.2821628569280787,0.9542425094393249
14761172,3,IN-RANGE,mean_baseline,none,1.2991972162763865,0.9542425094393249
14761172,3,IN-RANGE,median_baseline,none,1.2821628569280787,0.9542425094393249
14761173,3,IN-RANGE,mean_baseline,none,1.2991972162763865,0.9542425094393249
14761173,3,IN-RANGE,median_baseline,none,1.2821628569280787,0.9542425094393249
14761180,3,IN-RANGE,mean_baseline,none,1.2991972162763865,0.9542425094393249
14761180,3,IN-RANGE,median_baseline,none,1.2821628569280787,0.9542425094393249
14761197,3,IN-RANGE,mean_baseline,none,1.2991972162763865,0.9698816437465
14761197,3,IN-RANGE,median_baseline,none,1.2821628569280787,0.9698816437465
14761199,3,IN-RANGE,mean_baseline,none,1.2991972162763865,0.9777236052888477
14761199,3,IN-RANGE,median_baseline,none,1.2821628569280787,0.9777236052888477
14761211,3,IN-RANGE,mean_baseline,none,1.2991972162763865,0.989894563718773
14761211,3,IN-RANGE,median_baseline,none,1.2821628569280787,0.989894563718773
14761228,3,IN-RANGE,mean_baseline,none,1.2991972162763865,1.0
14761228,3,IN-RANGE,median_baseline,none,1.2821628569280787,1.0
14761233,3,IN-RANGE,mean_baseline,none,1.2991972162763865,1.0
14761233,3,IN-RANGE,median_baseline,none,1.2821628569280787,1.0
14761261,3,IN-RANGE,mean_baseline,none,1.2991972162763865,1.0301947853567512
14761261,3,IN-RANGE,median_baseline,none,1.2821628569280787,1.0301947853567512
14761266,3,IN-RANGE,mean_baseline,none,1.2991972162763865,1.0398105541483504
14761266,3,IN-RANGE,median_baseline,none,1.2821628569280787,1.0398105541483504
14761283,3,IN-RANGE,mean_baseline,none,1.2991972162763865,1.0413926851582251
14761283,3,IN-RANGE,median_baseline,none,1.2821628569280787,1.0413926851582251
14761285,3,IN-RANGE,mean_baseline,none,1.2991972162763865,1.0413926851582251
14761285,3,IN-RANGE,median_baseline,none,1.2821628569280787,1.0413926851582251
14761289,3,IN-RANGE,mean_baseline,none,1.2991972162763865,1.0499928569201427
14761289,3,IN-RANGE,median_baseline,none,1.2821628569280787,1.0499928569201427
14761290,3,IN-RANGE,mean_baseline,none,1.2991972162763865,1.0499928569201427
14761290,3,IN-RANGE,median_baseline,none,1.2821628569280787,1.0499928569201427
14761302,3,IN-RANGE,mean_baseline,none,1.2991972162763865,1.070037866607755
14761302,3,IN-RANGE,median_baseline,none,1.2821628569280787,1.070037866607755
14761311,3,IN-RANGE,mean_baseline,none,1.2991972162763865,1.0791812460476249
14761311,3,IN-RANGE,median_baseline,none,1.2821628569280787,1.0791812460476249
14761321,3,IN-RANGE,mean_baseline,none,1.2991972162763865,1.0791812460476249
14761321,3,IN-RANGE,median_baseline,none,1.2821628569280787,1.0791812460476249
14761331,3,IN-RANGE,mean_baseline,none,1.2991972162763865,1.0799044676667207
14761331,3,IN-RANGE,median_baseline,none,1.2821628569280787,1.0799044676667207
14761357,3,IN-RANGE,mean_baseline,none,1.2991972162763865,1.1099158630237933
14761357,3,IN-RANGE,median_baseline,none,1.2821628569280787,1.1099158630237933
14761370,3,IN-RANGE,mean_baseline,none,1.2991972162763865,1.1139433523068367
14761370,3,IN-RANGE,median_baseline,none,1.2821628569280787,1.1139433523068367
14761371,3,IN-RANGE,mean_baseline,none,1.2991972162763865,1.1139433523068367
14761371,3,IN-RANGE,median_baseline,none,1.2821628569280787,1.1139433523068367
14761386,3,IN-RANGE,mean_baseline,none,1.2991972162763865,1.1300119496719043
14761386,3,IN-RANGE,median_baseline,none,1.2821628569280787,1.1300119496719043
14762210,3,IN-RANGE,mean_baseline,none,1.2991972162763865,1.130333768495006
14762210,3,IN-RANGE,median_baseline,none,1.2821628569280787,1.130333768495006
14762229,3,IN-RANGE,mean_baseline,none,1.2991972162763865,1.146128035678238
14762229,3,IN-RANGE,median_baseline,none,1.2821628569280787,1.146128035678238
14762234,3,IN-RANGE,mean_baseline,none,1.2991972162763865,1.146128035678238
14762234,3,IN-RANGE,median_baseline,none,1.2821628569280787,1.146128035678238
14762235,3,IN-RANGE,mean_baseline,none,1.2991972162763865,1.146128035678238
14762235,3,IN-RANGE,median_baseline,none,1.2821628569280787,1.146128035678238
14762253,3,IN-RANGE,mean_baseline,none,1.2991972162763865,1.1598678470925667
14762253,3,IN-RANGE,median_baseline,none,1.2821628569280787,1.1598678470925667
14762271,3,IN-RANGE,mean_baseline,none,1.2991972162763865,1.1760912590556813
14762271,3,IN-RANGE,median_baseline,none,1.2821628569280787,1.1760912590556813
14762276,3,IN-RANGE,mean_baseline,none,1.2991972162763865,1.1760912590556813
14762276,3,IN-RANGE,median_baseline,none,1.2821628569280787,1.1760912590556813
14762283,3,IN-RANGE,mean_baseline,none,1.2991972162763865,1.180125875164054
14762283,3,IN-RANGE,median_baseline,none,1.2821628569280787,1.180125875164054
14762292,3,IN-RANGE,mean_baseline,none,1.2991972162763865,1.19506899646859
14762292,3,IN-RANGE,median_baseline,none,1.2821628569280787,1.19506899646859
14762295,3,IN-RANGE,mean_baseline,none,1.2991972162763865,1.2000292665537702
14762295,3,IN-RANGE,median_baseline,none,1.2821628569280787,1.2000292665537702
14762296,3,IN-RANGE,mean_baseline,none,1.2991972162763865,1.2000292665537702
14762296,3,IN-RANGE,median_baseline,none,1.2821628569280787,1.2000292665537702
14762304,3,IN-RANGE,mean_baseline,none,1.2991972162763865,1.2041199826559248
14762304,3,IN-RANGE,median_baseline,none,1.2821628569280787,1.2041199826559248
14762336,3,IN-RANGE,mean_baseline,none,1.2991972162763865,1.2387985627139169
14762336,3,IN-RANGE,median_baseline,none,1.2821628569280787,1.2387985627139169
14762346,3,IN-RANGE,mean_baseline,none,1.2991972162763865,1.2400497721126476
14762346,3,IN-RANGE,median_baseline,none,1.2821628569280787,1.2400497721126476
14762348,3,IN-RANGE,mean_baseline,none,1.2991972162763865,1.2430380486862944
14762348,3,IN-RANGE,median_baseline,none,1.2821628569280787,1.2430380486862944
14762355,3,IN-RANGE,mean_baseline,none,1.2991972162763865,1.249931756634195
14762355,3,IN-RANGE,median_baseline,none,1.2821628569280787,1.249931756634195
14762388,3,IN-RANGE,mean_baseline,none,1.2991972162763865,1.2787536009528289
14762388,3,IN-RANGE,median_baseline,none,1.2821628569280787,1.2787536009528289
14762424,3,IN-RANGE,mean_baseline,none,1.2991972162763865,1.3010299956639813
14762424,3,IN-RANGE,median_baseline,none,1.2821628569280787,1.3010299956639813
14762462,3,IN-RANGE,mean_baseline,none,1.2991972162763865,1.330007700872759
14762462,3,IN-RANGE,median_baseline,none,1.2821628569280787,1.330007700872759
14762463,3,IN-RANGE,mean_baseline,none,1.2991972162763865,1.330007700872759
14762463,3,IN-RANGE,median_baseline,none,1.2821628569280787,1.330007700872759
14763276,3,IN-RANGE,mean_baseline,none,1.2991972162763865,1.3729120029701065
14763276,3,IN-RANGE,median_baseline,none,1.2821628569280787,1.3729120029701065
14763295,3,IN-RANGE,mean_baseline,none,1.2991972162763865,1.3900514964589872
14763295,3,IN-RANGE,median_baseline,none,1.2821628569280787,1.3900514964589872
14763296,3,IN-RANGE,mean_baseline,none,1.2991972162763865,1.3900514964589872
14763296,3,IN-RANGE,median_baseline,none,1.2821628569280787,1.3900514964589872
14763298,3,IN-RANGE,mean_baseline,none,1.2991972162763865,1.3900514964589872
14763298,3,IN-RANGE,median_baseline,none,1.2821628569280787,1.3900514964589872
14763323,3,IN-RANGE,mean_baseline,none,1.2991972162763865,1.414973347970818
14763323,3,IN-RANGE,median_baseline,none,1.2821628569280787,1.414973347970818
14763344,3,IN-RANGE,mean_baseline,none,1.2991972162763865,1.4313637641589874
14763344,3,IN-RANGE,median_baseline,none,1.2821628569280787,1.4313637641589874
14763347,3,IN-RANGE,mean_baseline,none,1.2991972162763865,1.4313637641589874
14763347,3,IN-RANGE,median_baseline,none,1.2821628569280787,1.4313637641589874
14763348,3,IN-RANGE,mean_baseline,none,1.2991972162763865,1.4313637641589874
14763348,3,IN-RANGE,median_baseline,none,1.2821628569280787,1.4313637641589874
14763352,3,IN-RANGE,mean_baseline,none,1.2991972162763865,1.4393326938302626
14763352,3,IN-RANGE,median_baseline,none,1.2821628569280787,1.4393326938302626
14763369,3,IN-RANGE,mean_baseline,none,1.2991972162763865,1.4471580313422192
14763369,3,IN-RANGE,median_baseline,none,1.2821628569280787,1.4471580313422192
14763376,3,IN-RANGE,mean_baseline,none,1.2991972162763865,1.4499409887733377
14763376,3,IN-RANGE,median_baseline,none,1.2821628569280787,1.4499409887733377
14763386,3,IN-RANGE,mean_baseline,none,1.2991972162763865,1.462397997898956
14763386,3,IN-RANGE,median_baseline,none,1.2821628569280787,1.462397997898956
14763387,3,IN-RANGE,mean_baseline,none,1.2991972162763865,1.462397997898956
14763387,3,IN-RANGE,median_baseline,none,1.2821628569280787,1.462397997898956
14763394,3,IN-RANGE,mean_baseline,none,1.2991972162763865,1.4699692094999595
14763394,3,IN-RANGE,median_baseline,none,1.2821628569280787,1.4699692094999595
14763402,3,IN-RANGE,mean_baseline,none,1.2991972162763865,1.478999131673357
14763402,3,IN-RANGE,median_baseline,none,1.2821628569280787,1.478999131673357
14763407,3,IN-RANGE,mean_baseline,none,1.2991972162763865,1.4800069429571505
14763407,3,IN-RANGE,median_baseline,none,1.2821628569280787,1.4800069429571505
14763408,3,IN-RANGE,mean_baseline,none,1.2991972162763865,1.4800069429571505
14763408,3,IN-RANGE,median_baseline,none,1.2821628569280787,1.4800069429571505
14763409,3,IN-RANGE,mean_baseline,none,1.2991972162763865,1.4818724103106635
14763409,3,IN-RANGE,median_baseline,none,1.2821628569280787,1.4818724103106635
14763411,3,IN-RANGE,mean_baseline,none,1.2991972162763865,1.4842998393467859
14763411,3,IN-RANGE,median_baseline,none,1.2821628569280787,1.4842998393467859
14763412,3,IN-RANGE,mean_baseline,none,1.2991972162763865,1.4842998393467859
14763412,3,IN-RANGE,median_baseline,none,1.2821628569280787,1.4842998393467859
14763424,3,IN-RANGE,mean_baseline,none,1.2991972162763865,1.4913616938342726
14763424,3,IN-RANGE,median_baseline,none,1.2821628569280787,1.4913616938342726
14763430,3,IN-RANGE,mean_baseline,none,1.2991972162763865,1.4999618655961902
14763430,3,IN-RANGE,median_baseline,none,1.2821628569280787,1.4999618655961902
14763446,3,IN-RANGE,mean_baseline,none,1.2991972162763865,1.5185139398778875
14763446,3,IN-RANGE,median_baseline,none,1.2821628569280787,1.5185139398778875
14763455,3,IN-RANGE,mean_baseline,none,1.2991972162763865,1.5299434016586693
14763455,3,IN-RANGE,median_baseline,none,1.2821628569280787,1.5299434016586693
14763464,3,IN-RANGE,mean_baseline,none,1.2991972162763865,1.5399538416563967
14763464,3,IN-RANGE,median_baseline,none,1.2821628569280787,1.5399538416563967
14763473,3,IN-RANGE,mean_baseline,none,1.2991972162763865,1.5440680443502757
14763473,3,IN-RANGE,median_baseline,none,1.2821628569280787,1.5440680443502757
14763475,3,IN-RANGE,mean_baseline,none,1.2991972162763865,1.5440680443502757
14763475,3,IN-RANGE,median_baseline,none,1.2821628569280787,1.5440680443502757
14763476,3,IN-RANGE,mean_baseline,none,1.2991972162763865,1.5440680443502757
14763476,3,IN-RANGE,median_baseline,none,1.2821628569280787,1.5440680443502757
14763489,3,IN-RANGE,mean_baseline,none,1.2991972162763865,1.5563025007672873
14763489,3,IN-RANGE,median_baseline,none,1.2821628569280787,1.5563025007672873
14763495,3,IN-RANGE,mean_baseline,none,1.2991972162763865,1.5600262489128924
14763495,3,IN-RANGE,median_baseline,none,1.2821628569280787,1.5600262489128924
14764294,3,IN-RANGE,mean_baseline,none,1.2991972162763865,1.5899496013257077
14764294,3,IN-RANGE,median_baseline,none,1.2821628569280787,1.5899496013257077
14764295,3,IN-RANGE,mean_baseline,none,1.2991972162763865,1.5899496013257077
14764295,3,IN-RANGE,median_baseline,none,1.2821628569280787,1.5899496013257077
14764305,3,IN-RANGE,mean_baseline,none,1.2991972162763865,1.600210306409328
14764305,3,IN-RANGE,median_baseline,none,1.2821628569280787,1.600210306409328
14764310,3,IN-RANGE,mean_baseline,none,1.2991972162763865,1.6074550232146685
14764310,3,IN-RANGE,median_baseline,none,1.2821628569280787,1.6074550232146685
14764325,3,IN-RANGE,mean_baseline,none,1.2991972162763865,1.6200318951262973
14764325,3,IN-RANGE,median_baseline,none,1.2821628569280787,1.6200318951262973
14764329,3,IN-RANGE,mean_baseline,none,1.2991972162763865,1.6232492903979006
14764329,3,IN-RANGE,median_baseline,none,1.2821628569280787,1.6232492903979006
14764331,3,IN-RANGE,mean_baseline,none,1.2991972162763865,1.6232492903979006
14764331,3,IN-RANGE,median_baseline,none,1.2821628569280787,1.6232492903979006
14764332,3,IN-RANGE,mean_baseline,none,1.2991972162763865,1.6232492903979006
14764332,3,IN-RANGE,median_baseline,none,1.2821628569280787,1.6232492903979006
14764380,3,IN-RANGE,mean_baseline,none,1.2991972162763865,1.6699673699085043
14764380,3,IN-RANGE,median_baseline,none,1.2821628569280787,1.6699673699085043
14764388,3,IN-RANGE,mean_baseline,none,1.2991972162763865,1.6872613462435064
14764388,3,IN-RANGE,median_baseline,none,1.2821628569280787,1.6872613462435064
14764405,3,IN-RANGE,mean_baseline,none,1.2991972162763865,1.7032913781186614
14764405,3,IN-RANGE,median_baseline,none,1.2821628569280787,1.7032913781186614
14764415,3,IN-RANGE,mean_baseline,none,1.2991972162763865,1.7100326990657535
14764415,3,IN-RANGE,median_baseline,none,1.2821628569280787,1.7100326990657535
14764438,3,IN-RANGE,mean_baseline,none,1.2991972162763865,1.7363965022766426
14764438,3,IN-RANGE,median_baseline,none,1.2821628569280787,1.7363965022766426
14764474,3,IN-RANGE,mean_baseline,none,1.2991972162763865,1.7708520116421442
14764474,3,IN-RANGE,median_baseline,none,1.2821628569280787,1.7708520116421442
14764496,3,IN-RANGE,mean_baseline,none,1.2991972162763865,1.7993405494535817
14764496,3,IN-RANGE,median_baseline,none,1.2821628569280787,1.7993405494535817
14764505,3,IN-RANGE,mean_baseline,none,1.2991972162763865,1.806179973983887
14764505,3,IN-RANGE,median_baseline,none,1.2821628569280787,1.806179973983887
14764513,3,IN-RANGE,mean_baseline,none,1.2991972162763865,1.8100307864058394
14764513,3,IN-RANGE,median_baseline,none,1.2821628569280787,1.8100307864058394
14764519,3,IN-RANGE,mean_baseline,none,1.2991972162763865,1.8195439355418688
14764519,3,IN-RANGE,median_baseline,none,1.2821628569280787,1.8195439355418688
14764523,3,IN-RANGE,mean_baseline,none,1.2991972162763865,1.8195439355418688
14764523,3,IN-RANGE,median_baseline,none,1.2821628569280787,1.8195439355418688
14764530,3,IN-RANGE,mean_baseline,none,1.2991972162763865,1.8200043068083178
14764530,3,IN-RANGE,median_baseline,none,1.2821628569280787,1.8200043068083178
14764536,3,IN-RANGE,mean_baseline,none,1.2991972162763865,1.8300109359361179
14764536,3,IN-RANGE,median_baseline,none,1.2821628569280787,1.8300109359361179
14764538,3,IN-RANGE,mean_baseline,none,1.2991972162763865,1.8325089127062364
14764538,3,IN-RANGE,median_baseline,none,1.2821628569280787,1.8325089127062364
14765314,3,IN-RANGE,mean_baseline,none,1.2991972162763865,1.8388490907372552
14765314,3,IN-RANGE,median_baseline,none,1.2821628569280787,1.8388490907372552
14765333,3,IN-RANGE,mean_baseline,none,1.2991972162763865,1.8573324964312685
14765333,3,IN-RANGE,median_baseline,none,1.2821628569280787,1.8573324964312685
14765365,3,IN-RANGE,mean_baseline,none,1.2991972162763865,1.8899736384039962
14765365,3,IN-RANGE,median_baseline,none,1.2821628569280787,1.8899736384039962
14765380,3,IN-RANGE,mean_baseline,none,1.2991972162763865,1.9138138523837167
14765380,3,IN-RANGE,median_baseline,none,1.2821628569280787,1.9138138523837167
14765385,3,IN-RANGE,mean_baseline,none,1.2991972162763865,1.920018916028915
14765385,3,IN-RANGE,median_baseline,none,1.2821628569280787,1.920018916028915
14765386,3,IN-RANGE,mean_baseline,none,1.2991972162763865,1.9233994661587164
14765386,3,IN-RANGE,median_baseline,none,1.2821628569280787,1.9233994661587164
14765405,3,IN-RANGE,mean_baseline,none,1.2991972162763865,1.9400181550076632
14765405,3,IN-RANGE,median_baseline,none,1.2821628569280787,1.9400181550076632
14765424,3,IN-RANGE,mean_baseline,none,1.2991972162763865,1.9700212658283658
14765424,3,IN-RANGE,median_baseline,none,1.2821628569280787,1.9700212658283658
14765431,3,IN-RANGE,mean_baseline,none,1.2991972162763865,1.9800033715837464
14765431,3,IN-RANGE,median_baseline,none,1.2821628569280787,1.9800033715837464
14765435,3,IN-RANGE,mean_baseline,none,1.2991972162763865,1.989983458301399
14765435,3,IN-RANGE,median_baseline,none,1.2821628569280787,1.989983458301399
14765462,3,IN-RANGE,mean_baseline,none,1.2991972162763865,2.019988159591285
14765462,3,IN-RANGE,median_baseline,none,1.2821628569280787,2.019988159591285
14765486,3,IN-RANGE,mean_baseline,none,1.2991972162763865,2.0499928569201424
14765486,3,IN-RANGE,median_baseline,none,1.2821628569280787,2.0499928569201424
14765499,3,IN-RANGE,mean_baseline,none,1.2991972162763865,2.070000903802345
14765499,3,IN-RANGE,median_baseline,none,1.2821628569280787,2.070000903802345
14765504,3,IN-RANGE,mean_baseline,none,1.2991972162763865,2.0791812460476247
14765504,3,IN-RANGE,median_baseline,none,1.2821628569280787,2.0791812460476247
14765508,3,IN-RANGE,mean_baseline,none,1.2991972162763865,2.0800128471079278
14765508,3,IN-RANGE,median_baseline,none,1.2821628569280787,2.0800128471079278
14765520,3,IN-RANGE,mean_baseline,none,1.2991972162763865,2.0999912335446846
14765520,3,IN-RANGE,median_baseline,none,1.2821628569280787,2.0999912335446846
14765561,3,IN-RANGE,mean_baseline,none,1.2991972162763865,2.159988050381987
14765561,3,IN-RANGE,median_baseline,none,1.2821628569280787,2.159988050381987
14765563,3,IN-RANGE,mean_baseline,none,1.2991972162763865,2.164352855784437
14765563,3,IN-RANGE,median_baseline,none,1.2821628569280787,2.164352855784437
14766490,3,ABOVE,mean_baseline,none,1.2991972162763865,
14766490,3,ABOVE,median_baseline,none,1.2821628569280787,
14766494,3,ABOVE,mean_baseline,none,1.2991972162763865,
14766494,3,ABOVE,median_baseline,none,1.2821628569280787,
14766500,3,ABOVE,mean_baseline,none,1.2991972162763865,
14766500,3,ABOVE,median_baseline,none,1.2821628569280787,
14766502,3,ABOVE,mean_baseline,none,1.2991972162763865,
14766502,3,ABOVE,median_baseline,none,1.2821628569280787,
14766505,3,ABOVE,mean_baseline,none,1.2991972162763865,
14766505,3,ABOVE,median_baseline,none,1.2821628569280787,
14766510,3,ABOVE,mean_baseline,none,1.2991972162763865,
14766510,3,ABOVE,median_baseline,none,1.2821628569280787,
14766515,3,ABOVE,mean_baseline,none,1.2991972162763865,
14766515,3,ABOVE,median_baseline,none,1.2821628569280787,
14766520,3,ABOVE,mean_baseline,none,1.2991972162763865,
14766520,3,ABOVE,median_baseline,none,1.2821628569280787,
14766521,3,ABOVE,mean_baseline,none,1.2991972162763865,
14766521,3,ABOVE,median_baseline,none,1.2821628569280787,
14766524,3,ABOVE,mean_baseline,none,1.2991972162763865,
14766524,3,ABOVE,median_baseline,none,1.2821628569280787,
14766526,3,ABOVE,mean_baseline,none,1.2991972162763865,
14766526,3,ABOVE,median_baseline,none,1.2821628569280787,
14766528,3,ABOVE,mean_baseline,none,1.2991972162763865,
14766528,3,ABOVE,median_baseline,none,1.2821628569280787,
14766533,3,ABOVE,mean_baseline,none,1.2991972162763865,
14766533,3,ABOVE,median_baseline,none,1.2821628569280787,
14766535,3,ABOVE,mean_baseline,none,1.2991972162763865,
14766535,3,ABOVE,median_baseline,none,1.2821628569280787,
14766537,3,ABOVE,mean_baseline,none,1.2991972162763865,
14766537,3,ABOVE,median_baseline,none,1.2821628569280787,
14766540,3,ABOVE,mean_baseline,none,1.2991972162763865,
14766540,3,ABOVE,median_baseline,none,1.2821628569280787,
14766548,3,ABOVE,mean_baseline,none,1.2991972162763865,
14766548,3,ABOVE,median_baseline,none,1.2821628569280787,
14769810,3,IN-RANGE,mean_baseline,none,1.2991972162763865,0.47712125471966244
14769810,3,IN-RANGE,median_baseline,none,1.2821628569280787,0.47712125471966244
14769811,3,IN-RANGE,mean_baseline,none,1.2991972162763865,0.47712125471966244
14769811,3,IN-RANGE,median_baseline,none,1.2821628569280787,0.47712125471966244
14769815,3,BELOW,mean_baseline,none,1.2991972162763865,
14769815,3,BELOW,median_baseline,none,1.2821628569280787,
14769832,3,BELOW,mean_baseline,none,1.2991972162763865,
14769832,3,BELOW,median_baseline,none,1.2821628569280787,
14769842,3,BELOW,mean_baseline,none,1.2991972162763865,
14769842,3,BELOW,median_baseline,none,1.2821628569280787,
14769849,3,BELOW,mean_baseline,none,1.2991972162763865,
14769849,3,BELOW,median_baseline,none,1.2821628569280787,
14769855,3,BELOW,mean_baseline,none,1.2991972162763865,
14769855,3,BELOW,median_baseline,none,1.2821628569280787,
14769856,3,BELOW,mean_baseline,none,1.2991972162763865,
14769856,3,BELOW,median_baseline,none,1.2821628569280787,
14769862,3,BELOW,mean_baseline,none,1.2991972162763865,
14769862,3,BELOW,median_baseline,none,1.2821628569280787,
14769877,3,BELOW,mean_baseline,none,1.2991972162763865,
14769877,3,BELOW,median_baseline,none,1.2821628569280787,
14769880,3,BELOW,mean_baseline,none,1.2991972162763865,
14769880,3,BELOW,median_baseline,none,1.2821628569280787,
14769884,3,BELOW,mean_baseline,none,1.2991972162763865,
14769884,3,BELOW,median_baseline,none,1.2821628569280787,
14769885,3,BELOW,mean_baseline,none,1.2991972162763865,
14769885,3,BELOW,median_baseline,none,1.2821628569280787,
14758721,3,BELOW,Ridge,descriptors,1.2400906858616942,
14758726,3,BELOW,Ridge,descriptors,1.169495295896072,
14758727,3,BELOW,Ridge,descriptors,1.1199832434116546,
14758728,3,BELOW,Ridge,descriptors,1.2031372034285452,
14758732,3,BELOW,Ridge,descriptors,1.1337398506167047,
14758733,3,BELOW,Ridge,descriptors,1.130923914265445,
14758739,3,BELOW,Ridge,descriptors,1.3838176201885422,
14758741,3,BELOW,Ridge,descriptors,1.2753925942022977,
14758744,3,BELOW,Ridge,descriptors,1.3820477635734982,
14758747,3,BELOW,Ridge,descriptors,1.2707044037884945,
14758748,3,BELOW,Ridge,descriptors,1.1152935767424865,
14758754,3,BELOW,Ridge,descriptors,1.3820477635734982,
14758761,3,BELOW,Ridge,descriptors,1.2671596366285236,
14758769,3,BELOW,Ridge,descriptors,1.1657427300904797,
14758773,3,BELOW,Ridge,descriptors,1.2923329736428761,
14758776,3,BELOW,Ridge,descriptors,1.3142551539924296,
14758781,3,BELOW,Ridge,descriptors,1.3115306612725683,
14758796,3,BELOW,Ridge,descriptors,1.1239563389671443,
14758798,3,BELOW,Ridge,descriptors,1.3853636558223237,
14758800,3,BELOW,Ridge,descriptors,1.4192546669938888,
14758829,3,BELOW,Ridge,descriptors,1.1144245009343567,
14758832,3,BELOW,Ridge,descriptors,1.2031390802918809,
14758835,3,BELOW,Ridge,descriptors,1.3008036304593955,
14758837,3,BELOW,Ridge,descriptors,1.2644638910717643,
14758839,3,BELOW,Ridge,descriptors,1.2157592145381604,
14758841,3,BELOW,Ridge,descriptors,1.2781538060496858,
14758843,3,BELOW,Ridge,descriptors,1.282737395307917,
14758850,3,BELOW,Ridge,descriptors,1.1945825650992863,
14758851,3,BELOW,Ridge,descriptors,1.3838176201885422,
14758853,3,BELOW,Ridge,descriptors,1.1074743627365278,
14758854,3,BELOW,Ridge,descriptors,1.3838176201885422,
14758861,3,BELOW,Ridge,descriptors,1.2749360908825638,
14758864,3,BELOW,Ridge,descriptors,1.2580461983387907,
14758869,3,BELOW,Ridge,descriptors,1.2671596366285236,
14758872,3,BELOW,Ridge,descriptors,1.2383106724458415,
14758879,3,BELOW,Ridge,descriptors,1.294828397298929,
14758884,3,BELOW,Ridge,descriptors,1.2616251459876708,
14758899,3,BELOW,Ridge,descriptors,1.1546169153594603,
14758905,3,BELOW,Ridge,descriptors,1.339224718491329,
14758906,3,BELOW,Ridge,descriptors,1.3450756708705154,
14758907,3,BELOW,Ridge,descriptors,1.3450756708705152,
14758912,3,BELOW,Ridge,descriptors,1.091170099856159,
14758918,3,BELOW,Ridge,descriptors,1.221403210796373,
14758922,3,BELOW,Ridge,descriptors,1.1351337471552707,
14758971,3,IN-RANGE,Ridge,descriptors,1.3286006211426715,0.6020599913279624
14758990,3,IN-RANGE,Ridge,descriptors,1.3762855496938595,0.6020599913279624
14759774,3,IN-RANGE,Ridge,descriptors,1.120893745797514,0.6503075231319364
14759791,3,IN-RANGE,Ridge,descriptors,0.9316949885794125,0.6803355134145632
14759811,3,IN-RANGE,Ridge,descriptors,1.2135013444227605,0.6989700043360189
14759812,3,IN-RANGE,Ridge,descriptors,1.3470122766405659,0.6989700043360189
14759824,3,IN-RANGE,Ridge,descriptors,1.272631506644821,0.6989700043360189
14759847,3,IN-RANGE,Ridge,descriptors,1.3009915650721677,0.7201593034059569
14759848,3,IN-RANGE,Ridge,descriptors,1.1662685629763319,0.7201593034059569
14759861,3,IN-RANGE,Ridge,descriptors,1.2891926965366463,0.7403626894942439
14759874,3,IN-RANGE,Ridge,descriptors,1.1643492417822432,0.7596678446896304
14759894,3,IN-RANGE,Ridge,descriptors,1.2406570959003846,0.7781512503836436
14759897,3,IN-RANGE,Ridge,descriptors,1.2772938911736935,0.7781512503836436
14759900,3,IN-RANGE,Ridge,descriptors,1.2848835713816849,0.7781512503836436
14759930,3,IN-RANGE,Ridge,descriptors,1.1044250624222687,0.8000293592441343
14759931,3,IN-RANGE,Ridge,descriptors,1.1711506196121626,0.8000293592441343
14759933,3,IN-RANGE,Ridge,descriptors,1.164206350180911,0.8000293592441343
14759937,3,IN-RANGE,Ridge,descriptors,1.2449508746374014,0.8102325179950841
14759944,3,IN-RANGE,Ridge,descriptors,1.4476775172021374,0.8241258339165489
14759971,3,IN-RANGE,Ridge,descriptors,1.161006770771979,0.8450980400142568
14759972,3,IN-RANGE,Ridge,descriptors,1.2445361030718023,0.8450980400142568
14759975,3,IN-RANGE,Ridge,descriptors,1.2677920389635404,0.8450980400142568
14759977,3,IN-RANGE,Ridge,descriptors,1.233040652075723,0.8450980400142568
14759978,3,IN-RANGE,Ridge,descriptors,1.3187974202001578,0.8450980400142568
14759979,3,IN-RANGE,Ridge,descriptors,1.3117622709213883,0.8450980400142568
14759981,3,IN-RANGE,Ridge,descriptors,1.282737395307917,0.8450980400142568
14759999,3,IN-RANGE,Ridge,descriptors,1.2467528202721772,0.8698182079793282
14760021,3,IN-RANGE,Ridge,descriptors,1.149835459503879,0.8998205024270963
14760036,3,IN-RANGE,Ridge,descriptors,1.308652174001802,0.9030899869919435
14761129,3,IN-RANGE,Ridge,descriptors,1.3065371103245242,0.9030899869919435
14761141,3,IN-RANGE,Ridge,descriptors,1.1530086171003024,0.9294189257142927
14761156,3,IN-RANGE,Ridge,descriptors,1.1897829686995682,0.9400181550076633
14761162,3,IN-RANGE,Ridge,descriptors,1.222670893672408,0.9498777040368748
14761169,3,IN-RANGE,Ridge,descriptors,1.4623981983248717,0.9542425094393249
14761172,3,IN-RANGE,Ridge,descriptors,1.2930557589631144,0.9542425094393249
14761173,3,IN-RANGE,Ridge,descriptors,1.3157913907253846,0.9542425094393249
14761180,3,IN-RANGE,Ridge,descriptors,1.4737623621715523,0.9542425094393249
14761197,3,IN-RANGE,Ridge,descriptors,1.3812560215009,0.9698816437465
14761199,3,IN-RANGE,Ridge,descriptors,1.297847716350689,0.9777236052888477
14761211,3,IN-RANGE,Ridge,descriptors,1.2659543231653543,0.989894563718773
14761228,3,IN-RANGE,Ridge,descriptors,1.2811395876081964,1.0
14761233,3,IN-RANGE,Ridge,descriptors,1.2022242115626482,1.0
14761261,3,IN-RANGE,Ridge,descriptors,1.2022242115626482,1.0301947853567512
14761266,3,IN-RANGE,Ridge,descriptors,1.256711533001426,1.0398105541483504
14761283,3,IN-RANGE,Ridge,descriptors,1.3394170792696176,1.0413926851582251
14761285,3,IN-RANGE,Ridge,descriptors,1.2730678560833943,1.0413926851582251
14761289,3,IN-RANGE,Ridge,descriptors,1.1916521701047644,1.0499928569201427
14761290,3,IN-RANGE,Ridge,descriptors,1.3037929065698373,1.0499928569201427
14761302,3,IN-RANGE,Ridge,descriptors,1.2083817643486159,1.070037866607755
14761311,3,IN-RANGE,Ridge,descriptors,1.2383486523818856,1.0791812460476249
14761321,3,IN-RANGE,Ridge,descriptors,1.2755279701241504,1.0791812460476249
14761331,3,IN-RANGE,Ridge,descriptors,1.2593842034572285,1.0799044676667207
14761357,3,IN-RANGE,Ridge,descriptors,1.3687537012099469,1.1099158630237933
14761370,3,IN-RANGE,Ridge,descriptors,1.3369060078825157,1.1139433523068367
14761371,3,IN-RANGE,Ridge,descriptors,1.3369060078825155,1.1139433523068367
14761386,3,IN-RANGE,Ridge,descriptors,1.2719611030493636,1.1300119496719043
14762210,3,IN-RANGE,Ridge,descriptors,1.2921818577359097,1.130333768495006
14762229,3,IN-RANGE,Ridge,descriptors,1.2706448231598628,1.146128035678238
14762234,3,IN-RANGE,Ridge,descriptors,1.188719223902766,1.146128035678238
14762235,3,IN-RANGE,Ridge,descriptors,1.469873091730644,1.146128035678238
14762253,3,IN-RANGE,Ridge,descriptors,1.1910362912946688,1.1598678470925667
14762271,3,IN-RANGE,Ridge,descriptors,1.40232371445955,1.1760912590556813
14762276,3,IN-RANGE,Ridge,descriptors,1.3431165031677956,1.1760912590556813
14762283,3,IN-RANGE,Ridge,descriptors,1.7156395243461244,1.180125875164054
14762292,3,IN-RANGE,Ridge,descriptors,1.2696273789854862,1.19506899646859
14762295,3,IN-RANGE,Ridge,descriptors,1.2788451293994085,1.2000292665537702
14762296,3,IN-RANGE,Ridge,descriptors,1.277192231262951,1.2000292665537702
14762304,3,IN-RANGE,Ridge,descriptors,1.3187974202001578,1.2041199826559248
14762336,3,IN-RANGE,Ridge,descriptors,1.3604591145837466,1.2387985627139169
14762346,3,IN-RANGE,Ridge,descriptors,1.2577288575347063,1.2400497721126476
14762348,3,IN-RANGE,Ridge,descriptors,1.3670492432591295,1.2430380486862944
14762355,3,IN-RANGE,Ridge,descriptors,1.2007812032740517,1.249931756634195
14762388,3,IN-RANGE,Ridge,descriptors,1.2109743087426443,1.2787536009528289
14762424,3,IN-RANGE,Ridge,descriptors,1.3256054964569155,1.3010299956639813
14762462,3,IN-RANGE,Ridge,descriptors,1.2801334907585447,1.330007700872759
14762463,3,IN-RANGE,Ridge,descriptors,1.3343756974988725,1.330007700872759
14763276,3,IN-RANGE,Ridge,descriptors,1.3008154390089195,1.3729120029701065
14763295,3,IN-RANGE,Ridge,descriptors,1.2239384794961832,1.3900514964589872
14763296,3,IN-RANGE,Ridge,descriptors,1.1961307098396996,1.3900514964589872
14763298,3,IN-RANGE,Ridge,descriptors,1.3506530540974275,1.3900514964589872
14763323,3,IN-RANGE,Ridge,descriptors,1.3380365369002372,1.414973347970818
14763344,3,IN-RANGE,Ridge,descriptors,1.2544679095224884,1.4313637641589874
14763347,3,IN-RANGE,Ridge,descriptors,1.3091340249128653,1.4313637641589874
14763348,3,IN-RANGE,Ridge,descriptors,1.4336574440412087,1.4313637641589874
14763352,3,IN-RANGE,Ridge,descriptors,1.3576417369056197,1.4393326938302626
14763369,3,IN-RANGE,Ridge,descriptors,1.243771120406929,1.4471580313422192
14763376,3,IN-RANGE,Ridge,descriptors,1.1176417024252103,1.4499409887733377
14763386,3,IN-RANGE,Ridge,descriptors,1.2456992626999113,1.462397997898956
14763387,3,IN-RANGE,Ridge,descriptors,1.549192424106364,1.462397997898956
14763394,3,IN-RANGE,Ridge,descriptors,1.2737314246041365,1.4699692094999595
14763402,3,IN-RANGE,Ridge,descriptors,1.091082932065101,1.478999131673357
14763407,3,IN-RANGE,Ridge,descriptors,1.377542958031384,1.4800069429571505
14763408,3,IN-RANGE,Ridge,descriptors,1.4175453309159658,1.4800069429571505
14763409,3,IN-RANGE,Ridge,descriptors,1.3600894442500626,1.4818724103106635
14763411,3,IN-RANGE,Ridge,descriptors,1.3386909080727487,1.4842998393467859
14763412,3,IN-RANGE,Ridge,descriptors,1.2855894053204149,1.4842998393467859
14763424,3,IN-RANGE,Ridge,descriptors,1.2641031544862706,1.4913616938342726
14763430,3,IN-RANGE,Ridge,descriptors,1.3096414944511188,1.4999618655961902
14763446,3,IN-RANGE,Ridge,descriptors,1.5099168240370922,1.5185139398778875
14763455,3,IN-RANGE,Ridge,descriptors,1.2971747505418558,1.5299434016586693
14763464,3,IN-RANGE,Ridge,descriptors,1.3607805404033342,1.5399538416563967
14763473,3,IN-RANGE,Ridge,descriptors,1.2149324716345675,1.5440680443502757
14763475,3,IN-RANGE,Ridge,descriptors,1.3097463139219978,1.5440680443502757
14763476,3,IN-RANGE,Ridge,descriptors,1.136550014321515,1.5440680443502757
14763489,3,IN-RANGE,Ridge,descriptors,1.345383497051242,1.5563025007672873
14763495,3,IN-RANGE,Ridge,descriptors,1.4735140740879347,1.5600262489128924
14764294,3,IN-RANGE,Ridge,descriptors,1.0978426768292433,1.5899496013257077
14764295,3,IN-RANGE,Ridge,descriptors,1.2203200558907639,1.5899496013257077
14764305,3,IN-RANGE,Ridge,descriptors,1.2641031544862706,1.600210306409328
14764310,3,IN-RANGE,Ridge,descriptors,1.3682911714186436,1.6074550232146685
14764325,3,IN-RANGE,Ridge,descriptors,1.4145469528595536,1.6200318951262973
14764329,3,IN-RANGE,Ridge,descriptors,1.2732150784627296,1.6232492903979006
14764331,3,IN-RANGE,Ridge,descriptors,1.1436697109617815,1.6232492903979006
14764332,3,IN-RANGE,Ridge,descriptors,1.2641031544862706,1.6232492903979006
14764380,3,IN-RANGE,Ridge,descriptors,1.26137634389032,1.6699673699085043
14764388,3,IN-RANGE,Ridge,descriptors,1.5681179999715273,1.6872613462435064
14764405,3,IN-RANGE,Ridge,descriptors,1.3789370530568958,1.7032913781186614
14764415,3,IN-RANGE,Ridge,descriptors,1.248378420099706,1.7100326990657535
14764438,3,IN-RANGE,Ridge,descriptors,1.2930557589631144,1.7363965022766426
14764474,3,IN-RANGE,Ridge,descriptors,1.3161635080957959,1.7708520116421442
14764496,3,IN-RANGE,Ridge,descriptors,1.3464160060041719,1.7993405494535817
14764505,3,IN-RANGE,Ridge,descriptors,1.1407355254030407,1.806179973983887
14764513,3,IN-RANGE,Ridge,descriptors,1.2884762763390007,1.8100307864058394
14764519,3,IN-RANGE,Ridge,descriptors,1.3167755512100565,1.8195439355418688
14764523,3,IN-RANGE,Ridge,descriptors,1.2306833905227812,1.8195439355418688
14764530,3,IN-RANGE,Ridge,descriptors,1.3339500467733376,1.8200043068083178
14764536,3,IN-RANGE,Ridge,descriptors,1.3248710217245472,1.8300109359361179
14764538,3,IN-RANGE,Ridge,descriptors,1.3451153212353077,1.8325089127062364
14765314,3,IN-RANGE,Ridge,descriptors,1.2457560788596074,1.8388490907372552
14765333,3,IN-RANGE,Ridge,descriptors,1.3072349265563048,1.8573324964312685
14765365,3,IN-RANGE,Ridge,descriptors,1.2628805870864102,1.8899736384039962
14765380,3,IN-RANGE,Ridge,descriptors,1.2594940506399317,1.9138138523837167
14765385,3,IN-RANGE,Ridge,descriptors,1.292295593583535,1.920018916028915
14765386,3,IN-RANGE,Ridge,descriptors,1.1692320248856118,1.9233994661587164
14765405,3,IN-RANGE,Ridge,descriptors,1.5534386066193038,1.9400181550076632
14765424,3,IN-RANGE,Ridge,descriptors,1.2413487013820073,1.9700212658283658
14765431,3,IN-RANGE,Ridge,descriptors,1.3755815379944225,1.9800033715837464
14765435,3,IN-RANGE,Ridge,descriptors,1.1908362030936501,1.989983458301399
14765462,3,IN-RANGE,Ridge,descriptors,1.2150611358798777,2.019988159591285
14765486,3,IN-RANGE,Ridge,descriptors,1.200917080324454,2.0499928569201424
14765499,3,IN-RANGE,Ridge,descriptors,1.2254945350972988,2.070000903802345
14765504,3,IN-RANGE,Ridge,descriptors,1.2786691330406013,2.0791812460476247
14765508,3,IN-RANGE,Ridge,descriptors,1.246807324210652,2.0800128471079278
14765520,3,IN-RANGE,Ridge,descriptors,1.31500494377637,2.0999912335446846
14765561,3,IN-RANGE,Ridge,descriptors,1.3046004891154581,2.159988050381987
14765563,3,IN-RANGE,Ridge,descriptors,1.2422613446073743,2.164352855784437
14766490,3,ABOVE,Ridge,descriptors,1.2094583706102828,
14766494,3,ABOVE,Ridge,descriptors,1.265174345917526,
14766500,3,ABOVE,Ridge,descriptors,1.1735437419101244,
14766502,3,ABOVE,Ridge,descriptors,1.3960316179911487,
14766505,3,ABOVE,Ridge,descriptors,1.18463007341519,
14766510,3,ABOVE,Ridge,descriptors,1.3119692827567289,
14766515,3,ABOVE,Ridge,descriptors,1.4155814069751056,
14766520,3,ABOVE,Ridge,descriptors,1.3416486830391272,
14766521,3,ABOVE,Ridge,descriptors,1.3134905894249622,
14766524,3,ABOVE,Ridge,descriptors,1.3382188002284852,
14766526,3,ABOVE,Ridge,descriptors,1.3603668263424786,
14766528,3,ABOVE,Ridge,descriptors,1.3515772759936444,
14766533,3,ABOVE,Ridge,descriptors,1.466905450433465,
14766535,3,ABOVE,Ridge,descriptors,1.2242533844484966,
14766537,3,ABOVE,Ridge,descriptors,1.2217829298809015,
14766540,3,ABOVE,Ridge,descriptors,1.3530714520465306,
14766548,3,ABOVE,Ridge,descriptors,1.2992911539069076,
14769810,3,IN-RANGE,Ridge,descriptors,1.292255628396403,0.47712125471966244
14769811,3,IN-RANGE,Ridge,descriptors,1.2047030435164974,0.47712125471966244
14769815,3,BELOW,Ridge,descriptors,1.2392549905518364,
14769832,3,BELOW,Ridge,descriptors,1.3540008835219086,
14769842,3,BELOW,Ridge,descriptors,1.2685582277147267,
14769849,3,BELOW,Ridge,descriptors,1.282737395307917,
14769855,3,BELOW,Ridge,descriptors,1.3511239377222526,
14769856,3,BELOW,Ridge,descriptors,1.2814909897183826,
14769862,3,BELOW,Ridge,descriptors,1.3474893307305205,
14769877,3,BELOW,Ridge,descriptors,1.2710286822823218,
14769880,3,BELOW,Ridge,descriptors,1.122181701485097,
14769884,3,BELOW,Ridge,descriptors,1.2744689781722633,
14769885,3,BELOW,Ridge,descriptors,1.156739480571153,
14758721,3,BELOW,RandomForestRegressor,descriptors,1.26704900871636,
14758726,3,BELOW,RandomForestRegressor,descriptors,1.116260652373218,
14758727,3,BELOW,RandomForestRegressor,descriptors,1.0534980474337496,
14758728,3,BELOW,RandomForestRegressor,descriptors,0.976649334012496,
14758732,3,BELOW,RandomForestRegressor,descriptors,0.9825383671239117,
14758733,3,BELOW,RandomForestRegressor,descriptors,0.8842559428591058,
14758739,3,BELOW,RandomForestRegressor,descriptors,1.1549419381686035,
14758741,3,BELOW,RandomForestRegressor,descriptors,1.2387299593091372,
14758744,3,BELOW,RandomForestRegressor,descriptors,1.173439894815828,
14758747,3,BELOW,RandomForestRegressor,descriptors,1.4082502569134416,
14758748,3,BELOW,RandomForestRegressor,descriptors,0.9244961164701648,
14758754,3,BELOW,RandomForestRegressor,descriptors,1.173439894815828,
14758761,3,BELOW,RandomForestRegressor,descriptors,1.314185962530496,
14758769,3,BELOW,RandomForestRegressor,descriptors,1.6616679727156909,
14758773,3,BELOW,RandomForestRegressor,descriptors,1.3395367428295522,
14758776,3,BELOW,RandomForestRegressor,descriptors,1.4928952628344034,
14758781,3,BELOW,RandomForestRegressor,descriptors,1.0073066303700744,
14758796,3,BELOW,RandomForestRegressor,descriptors,1.1819114806037219,
14758798,3,BELOW,RandomForestRegressor,descriptors,1.298637200208609,
14758800,3,BELOW,RandomForestRegressor,descriptors,1.3229991467865176,
14758829,3,BELOW,RandomForestRegressor,descriptors,1.0648039546757024,
14758832,3,BELOW,RandomForestRegressor,descriptors,1.1191263023883784,
14758835,3,BELOW,RandomForestRegressor,descriptors,1.3796283808082368,
14758837,3,BELOW,RandomForestRegressor,descriptors,1.0090943095056375,
14758839,3,BELOW,RandomForestRegressor,descriptors,1.4286717768615205,
14758841,3,BELOW,RandomForestRegressor,descriptors,1.1036582033779043,
14758843,3,BELOW,RandomForestRegressor,descriptors,1.1762125990287746,
14758850,3,BELOW,RandomForestRegressor,descriptors,1.3055301614218584,
14758851,3,BELOW,RandomForestRegressor,descriptors,1.1549419381686035,
14758853,3,BELOW,RandomForestRegressor,descriptors,1.0767458018681046,
14758854,3,BELOW,RandomForestRegressor,descriptors,1.1549419381686035,
14758861,3,BELOW,RandomForestRegressor,descriptors,1.28111147593098,
14758864,3,BELOW,RandomForestRegressor,descriptors,1.224080650431103,
14758869,3,BELOW,RandomForestRegressor,descriptors,1.314185962530496,
14758872,3,BELOW,RandomForestRegressor,descriptors,1.1806964327404819,
14758879,3,BELOW,RandomForestRegressor,descriptors,1.1813629613388361,
14758884,3,BELOW,RandomForestRegressor,descriptors,1.2236316764016868,
14758899,3,BELOW,RandomForestRegressor,descriptors,1.324397120233554,
14758905,3,BELOW,RandomForestRegressor,descriptors,1.2585552794319703,
14758906,3,BELOW,RandomForestRegressor,descriptors,1.2471327872917397,
14758907,3,BELOW,RandomForestRegressor,descriptors,1.2471327872917397,
14758912,3,BELOW,RandomForestRegressor,descriptors,1.1471793210885866,
14758918,3,BELOW,RandomForestRegressor,descriptors,1.4015870698529145,
14758922,3,BELOW,RandomForestRegressor,descriptors,1.093193483419962,
14758971,3,IN-RANGE,RandomForestRegressor,descriptors,1.342682138926196,0.6020599913279624
14758990,3,IN-RANGE,RandomForestRegressor,descriptors,1.250913315671317,0.6020599913279624
14759774,3,IN-RANGE,RandomForestRegressor,descriptors,1.0978506275137376,0.6503075231319364
14759791,3,IN-RANGE,RandomForestRegressor,descriptors,1.0684079016622174,0.6803355134145632
14759811,3,IN-RANGE,RandomForestRegressor,descriptors,1.5873772831892574,0.6989700043360189
14759812,3,IN-RANGE,RandomForestRegressor,descriptors,1.116675390605335,0.6989700043360189
14759824,3,IN-RANGE,RandomForestRegressor,descriptors,1.1576335853119746,0.6989700043360189
14759847,3,IN-RANGE,RandomForestRegressor,descriptors,1.414959817813041,0.7201593034059569
14759848,3,IN-RANGE,RandomForestRegressor,descriptors,1.1366037725119211,0.7201593034059569
14759861,3,IN-RANGE,RandomForestRegressor,descriptors,1.364200269508045,0.7403626894942439
14759874,3,IN-RANGE,RandomForestRegressor,descriptors,1.4504793945165835,0.7596678446896304
14759894,3,IN-RANGE,RandomForestRegressor,descriptors,1.4322583894399055,0.7781512503836436
14759897,3,IN-RANGE,RandomForestRegressor,descriptors,1.0998002844165213,0.7781512503836436
14759900,3,IN-RANGE,RandomForestRegressor,descriptors,1.1546138862361277,0.7781512503836436
14759930,3,IN-RANGE,RandomForestRegressor,descriptors,1.1069993104232256,0.8000293592441343
14759931,3,IN-RANGE,RandomForestRegressor,descriptors,1.0188000420292083,0.8000293592441343
14759933,3,IN-RANGE,RandomForestRegressor,descriptors,1.3601548746088863,0.8000293592441343
14759937,3,IN-RANGE,RandomForestRegressor,descriptors,1.4109249641438544,0.8102325179950841
14759944,3,IN-RANGE,RandomForestRegressor,descriptors,1.3836368386141675,0.8241258339165489
14759971,3,IN-RANGE,RandomForestRegressor,descriptors,1.0503778066095268,0.8450980400142568
14759972,3,IN-RANGE,RandomForestRegressor,descriptors,1.2913223145166006,0.8450980400142568
14759975,3,IN-RANGE,RandomForestRegressor,descriptors,1.3844593268721532,0.8450980400142568
14759977,3,IN-RANGE,RandomForestRegressor,descriptors,1.0375962414589048,0.8450980400142568
14759978,3,IN-RANGE,RandomForestRegressor,descriptors,1.355551508216099,0.8450980400142568
14759979,3,IN-RANGE,RandomForestRegressor,descriptors,1.201761075278298,0.8450980400142568
14759981,3,IN-RANGE,RandomForestRegressor,descriptors,1.1762125990287746,0.8450980400142568
14759999,3,IN-RANGE,RandomForestRegressor,descriptors,1.2226857519046401,0.8698182079793282
14760021,3,IN-RANGE,RandomForestRegressor,descriptors,1.1644651861001176,0.8998205024270963
14760036,3,IN-RANGE,RandomForestRegressor,descriptors,1.2611587958000654,0.9030899869919435
14761129,3,IN-RANGE,RandomForestRegressor,descriptors,1.4605804672862304,0.9030899869919435
14761141,3,IN-RANGE,RandomForestRegressor,descriptors,1.0644944312823597,0.9294189257142927
14761156,3,IN-RANGE,RandomForestRegressor,descriptors,1.059407210247003,0.9400181550076633
14761162,3,IN-RANGE,RandomForestRegressor,descriptors,1.2478904796392052,0.9498777040368748
14761169,3,IN-RANGE,RandomForestRegressor,descriptors,1.3942613907412937,0.9542425094393249
14761172,3,IN-RANGE,RandomForestRegressor,descriptors,1.3685468835469288,0.9542425094393249
14761173,3,IN-RANGE,RandomForestRegressor,descriptors,1.4977423739304803,0.9542425094393249
14761180,3,IN-RANGE,RandomForestRegressor,descriptors,1.4853351206045249,0.9542425094393249
14761197,3,IN-RANGE,RandomForestRegressor,descriptors,1.2863284608691397,0.9698816437465
14761199,3,IN-RANGE,RandomForestRegressor,descriptors,1.2157843387576144,0.9777236052888477
14761211,3,IN-RANGE,RandomForestRegressor,descriptors,1.0071629467211531,0.989894563718773
14761228,3,IN-RANGE,RandomForestRegressor,descriptors,1.4229178865542367,1.0
14761233,3,IN-RANGE,RandomForestRegressor,descriptors,1.0885620584446942,1.0
14761261,3,IN-RANGE,RandomForestRegressor,descriptors,1.0885620584446942,1.0301947853567512
14761266,3,IN-RANGE,RandomForestRegressor,descriptors,1.1172745125989696,1.0398105541483504
14761283,3,IN-RANGE,RandomForestRegressor,descriptors,1.352021611681858,1.0413926851582251
14761285,3,IN-RANGE,RandomForestRegressor,descriptors,1.2529753512503987,1.0413926851582251
14761289,3,IN-RANGE,RandomForestRegressor,descriptors,1.3745235866894796,1.0499928569201427
14761290,3,IN-RANGE,RandomForestRegressor,descriptors,1.3146418071699162,1.0499928569201427
14761302,3,IN-RANGE,RandomForestRegressor,descriptors,1.1112741731890357,1.070037866607755
14761311,3,IN-RANGE,RandomForestRegressor,descriptors,1.0248149526463795,1.0791812460476249
14761321,3,IN-RANGE,RandomForestRegressor,descriptors,1.1159163971951593,1.0791812460476249
14761331,3,IN-RANGE,RandomForestRegressor,descriptors,1.3725391095893513,1.0799044676667207
14761357,3,IN-RANGE,RandomForestRegressor,descriptors,1.4670941580179004,1.1099158630237933
14761370,3,IN-RANGE,RandomForestRegressor,descriptors,1.2679443159619281,1.1139433523068367
14761371,3,IN-RANGE,RandomForestRegressor,descriptors,1.2679443159619281,1.1139433523068367
14761386,3,IN-RANGE,RandomForestRegressor,descriptors,1.332776735963016,1.1300119496719043
14762210,3,IN-RANGE,RandomForestRegressor,descriptors,1.0502705569823216,1.130333768495006
14762229,3,IN-RANGE,RandomForestRegressor,descriptors,1.3813314740343214,1.146128035678238
14762234,3,IN-RANGE,RandomForestRegressor,descriptors,1.0989366672306353,1.146128035678238
14762235,3,IN-RANGE,RandomForestRegressor,descriptors,1.5359097831688222,1.146128035678238
14762253,3,IN-RANGE,RandomForestRegressor,descriptors,1.4695577141215281,1.1598678470925667
14762271,3,IN-RANGE,RandomForestRegressor,descriptors,1.42360152542501,1.1760912590556813
14762276,3,IN-RANGE,RandomForestRegressor,descriptors,1.277736224844208,1.1760912590556813
14762283,3,IN-RANGE,RandomForestRegressor,descriptors,1.5684495732688757,1.180125875164054
14762292,3,IN-RANGE,RandomForestRegressor,descriptors,1.2380346763077703,1.19506899646859
14762295,3,IN-RANGE,RandomForestRegressor,descriptors,1.2257005143921686,1.2000292665537702
14762296,3,IN-RANGE,RandomForestRegressor,descriptors,1.3024883090856496,1.2000292665537702
14762304,3,IN-RANGE,RandomForestRegressor,descriptors,1.355551508216099,1.2041199826559248
14762336,3,IN-RANGE,RandomForestRegressor,descriptors,1.2731486706797674,1.2387985627139169
14762346,3,IN-RANGE,RandomForestRegressor,descriptors,1.3670721853619026,1.2400497721126476
14762348,3,IN-RANGE,RandomForestRegressor,descriptors,1.2343212854554715,1.2430380486862944
14762355,3,IN-RANGE,RandomForestRegressor,descriptors,1.191430238503953,1.249931756634195
14762388,3,IN-RANGE,RandomForestRegressor,descriptors,1.1609377651888242,1.2787536009528289
14762424,3,IN-RANGE,RandomForestRegressor,descriptors,0.9843195829546494,1.3010299956639813
14762462,3,IN-RANGE,RandomForestRegressor,descriptors,1.0014966529719436,1.330007700872759
14762463,3,IN-RANGE,RandomForestRegressor,descriptors,1.3391078751034962,1.330007700872759
14763276,3,IN-RANGE,RandomForestRegressor,descriptors,1.529211596862988,1.3729120029701065
14763295,3,IN-RANGE,RandomForestRegressor,descriptors,1.3148239712889904,1.3900514964589872
14763296,3,IN-RANGE,RandomForestRegressor,descriptors,1.2629896310925925,1.3900514964589872
14763298,3,IN-RANGE,RandomForestRegressor,descriptors,1.2216483672612977,1.3900514964589872
14763323,3,IN-RANGE,RandomForestRegressor,descriptors,1.3096054248684015,1.414973347970818
14763344,3,IN-RANGE,RandomForestRegressor,descriptors,1.6549879916593997,1.4313637641589874
14763347,3,IN-RANGE,RandomForestRegressor,descriptors,1.73713336008272,1.4313637641589874
14763348,3,IN-RANGE,RandomForestRegressor,descriptors,1.5083473829626621,1.4313637641589874
14763352,3,IN-RANGE,RandomForestRegressor,descriptors,1.2523906085886665,1.4393326938302626
14763369,3,IN-RANGE,RandomForestRegressor,descriptors,1.5247854951895656,1.4471580313422192
14763376,3,IN-RANGE,RandomForestRegressor,descriptors,1.535457446910083,1.4499409887733377
14763386,3,IN-RANGE,RandomForestRegressor,descriptors,0.9387978183351668,1.462397997898956
14763387,3,IN-RANGE,RandomForestRegressor,descriptors,1.4244032767299855,1.462397997898956
14763394,3,IN-RANGE,RandomForestRegressor,descriptors,1.3202339450675438,1.4699692094999595
14763402,3,IN-RANGE,RandomForestRegressor,descriptors,1.029504392010215,1.478999131673357
14763407,3,IN-RANGE,RandomForestRegressor,descriptors,1.0868687758552944,1.4800069429571505
14763408,3,IN-RANGE,RandomForestRegressor,descriptors,1.6239555607490623,1.4800069429571505
14763409,3,IN-RANGE,RandomForestRegressor,descriptors,1.2599115608791385,1.4818724103106635
14763411,3,IN-RANGE,RandomForestRegressor,descriptors,1.2052962324527328,1.4842998393467859
14763412,3,IN-RANGE,RandomForestRegressor,descriptors,1.3043648607024696,1.4842998393467859
14763424,3,IN-RANGE,RandomForestRegressor,descriptors,1.6793725733183889,1.4913616938342726
14763430,3,IN-RANGE,RandomForestRegressor,descriptors,1.3179602756439421,1.4999618655961902
14763446,3,IN-RANGE,RandomForestRegressor,descriptors,1.7309054282940166,1.5185139398778875
14763455,3,IN-RANGE,RandomForestRegressor,descriptors,1.223677522804723,1.5299434016586693
14763464,3,IN-RANGE,RandomForestRegressor,descriptors,1.5940068441125579,1.5399538416563967
14763473,3,IN-RANGE,RandomForestRegressor,descriptors,1.2446796950831651,1.5440680443502757
14763475,3,IN-RANGE,RandomForestRegressor,descriptors,1.2848690616559377,1.5440680443502757
14763476,3,IN-RANGE,RandomForestRegressor,descriptors,1.6173988296297412,1.5440680443502757
14763489,3,IN-RANGE,RandomForestRegressor,descriptors,1.447772725043008,1.5563025007672873
14763495,3,IN-RANGE,RandomForestRegressor,descriptors,1.5602569272346511,1.5600262489128924
14764294,3,IN-RANGE,RandomForestRegressor,descriptors,1.0595280583166016,1.5899496013257077
14764295,3,IN-RANGE,RandomForestRegressor,descriptors,1.076842875067843,1.5899496013257077
14764305,3,IN-RANGE,RandomForestRegressor,descriptors,1.6793725733183889,1.600210306409328
14764310,3,IN-RANGE,RandomForestRegressor,descriptors,1.6492370575212607,1.6074550232146685
14764325,3,IN-RANGE,RandomForestRegressor,descriptors,1.1815584471799432,1.6200318951262973
14764329,3,IN-RANGE,RandomForestRegressor,descriptors,1.4289471738296533,1.6232492903979006
14764331,3,IN-RANGE,RandomForestRegressor,descriptors,1.3614411330000553,1.6232492903979006
14764332,3,IN-RANGE,RandomForestRegressor,descriptors,1.6793725733183889,1.6232492903979006
14764380,3,IN-RANGE,RandomForestRegressor,descriptors,1.4116664967976122,1.6699673699085043
14764388,3,IN-RANGE,RandomForestRegressor,descriptors,1.6043244879903227,1.6872613462435064
14764405,3,IN-RANGE,RandomForestRegressor,descriptors,1.348580150334199,1.7032913781186614
14764415,3,IN-RANGE,RandomForestRegressor,descriptors,1.4702868449380568,1.7100326990657535
14764438,3,IN-RANGE,RandomForestRegressor,descriptors,1.3685468835469288,1.7363965022766426
14764474,3,IN-RANGE,RandomForestRegressor,descriptors,1.6347310851074959,1.7708520116421442
14764496,3,IN-RANGE,RandomForestRegressor,descriptors,1.2254289523694797,1.7993405494535817
14764505,3,IN-RANGE,RandomForestRegressor,descriptors,1.4945066386212549,1.806179973983887
14764513,3,IN-RANGE,RandomForestRegressor,descriptors,1.205787717310798,1.8100307864058394
14764519,3,IN-RANGE,RandomForestRegressor,descriptors,1.621881032419247,1.8195439355418688
14764523,3,IN-RANGE,RandomForestRegressor,descriptors,1.4409738074739755,1.8195439355418688
14764530,3,IN-RANGE,RandomForestRegressor,descriptors,1.4665220312948333,1.8200043068083178
14764536,3,IN-RANGE,RandomForestRegressor,descriptors,1.5081853800891247,1.8300109359361179
14764538,3,IN-RANGE,RandomForestRegressor,descriptors,1.3708513550959878,1.8325089127062364
14765314,3,IN-RANGE,RandomForestRegressor,descriptors,1.4006712003730606,1.8388490907372552
14765333,3,IN-RANGE,RandomForestRegressor,descriptors,1.491295894719666,1.8573324964312685
14765365,3,IN-RANGE,RandomForestRegressor,descriptors,1.539500503192082,1.8899736384039962
14765380,3,IN-RANGE,RandomForestRegressor,descriptors,1.259016745440593,1.9138138523837167
14765385,3,IN-RANGE,RandomForestRegressor,descriptors,1.4523381851183281,1.920018916028915
14765386,3,IN-RANGE,RandomForestRegressor,descriptors,1.211632271732207,1.9233994661587164
14765405,3,IN-RANGE,RandomForestRegressor,descriptors,1.5823149493520015,1.9400181550076632
14765424,3,IN-RANGE,RandomForestRegressor,descriptors,1.1974217980075361,1.9700212658283658
14765431,3,IN-RANGE,RandomForestRegressor,descriptors,1.2896932975851632,1.9800033715837464
14765435,3,IN-RANGE,RandomForestRegressor,descriptors,1.2711081708624592,1.989983458301399
14765462,3,IN-RANGE,RandomForestRegressor,descriptors,0.9886933538753795,2.019988159591285
14765486,3,IN-RANGE,RandomForestRegressor,descriptors,1.1383656025766133,2.0499928569201424
14765499,3,IN-RANGE,RandomForestRegressor,descriptors,1.4634822816750355,2.070000903802345
14765504,3,IN-RANGE,RandomForestRegressor,descriptors,1.3433628668391118,2.0791812460476247
14765508,3,IN-RANGE,RandomForestRegressor,descriptors,1.359516947499583,2.0800128471079278
14765520,3,IN-RANGE,RandomForestRegressor,descriptors,1.4865159815755413,2.0999912335446846
14765561,3,IN-RANGE,RandomForestRegressor,descriptors,1.2808070735514456,2.159988050381987
14765563,3,IN-RANGE,RandomForestRegressor,descriptors,1.3831389809614394,2.164352855784437
14766490,3,ABOVE,RandomForestRegressor,descriptors,1.2114930211210047,
14766494,3,ABOVE,RandomForestRegressor,descriptors,1.3857221140800124,
14766500,3,ABOVE,RandomForestRegressor,descriptors,0.9504667010561038,
14766502,3,ABOVE,RandomForestRegressor,descriptors,1.25923706638356,
14766505,3,ABOVE,RandomForestRegressor,descriptors,0.9939452793246251,
14766510,3,ABOVE,RandomForestRegressor,descriptors,1.2860634347574078,
14766515,3,ABOVE,RandomForestRegressor,descriptors,1.4549504850866155,
14766520,3,ABOVE,RandomForestRegressor,descriptors,1.5856772141272186,
14766521,3,ABOVE,RandomForestRegressor,descriptors,1.652298743414031,
14766524,3,ABOVE,RandomForestRegressor,descriptors,1.3500489101472966,
14766526,3,ABOVE,RandomForestRegressor,descriptors,1.4975511402414405,
14766528,3,ABOVE,RandomForestRegressor,descriptors,1.3306582001452498,
14766533,3,ABOVE,RandomForestRegressor,descriptors,1.569343123763269,
14766535,3,ABOVE,RandomForestRegressor,descriptors,1.0216891886626251,
14766537,3,ABOVE,RandomForestRegressor,descriptors,1.0073470983756476,
14766540,3,ABOVE,RandomForestRegressor,descriptors,1.2090794777697784,
14766548,3,ABOVE,RandomForestRegressor,descriptors,1.2360627479647257,
14769810,3,IN-RANGE,RandomForestRegressor,descriptors,1.3471829294819877,0.47712125471966244
14769811,3,IN-RANGE,RandomForestRegressor,descriptors,1.1100037771003832,0.47712125471966244
14769815,3,BELOW,RandomForestRegressor,descriptors,0.8577681732987039,
14769832,3,BELOW,RandomForestRegressor,descriptors,1.2005471803629901,
14769842,3,BELOW,RandomForestRegressor,descriptors,1.0828565505468861,
14769849,3,BELOW,RandomForestRegressor,descriptors,1.1762125990287746,
14769855,3,BELOW,RandomForestRegressor,descriptors,1.7036509516163334,
14769856,3,BELOW,RandomForestRegressor,descriptors,1.4568633323040792,
14769862,3,BELOW,RandomForestRegressor,descriptors,1.0245376322374253,
14769877,3,BELOW,RandomForestRegressor,descriptors,0.9998764928705495,
14769880,3,BELOW,RandomForestRegressor,descriptors,1.2237971967360672,
14769884,3,BELOW,RandomForestRegressor,descriptors,1.473579432208524,
14769885,3,BELOW,RandomForestRegressor,descriptors,1.084237709047188,
14758721,3,BELOW,Ridge,Morgan,0.8728260537803401,
14758726,3,BELOW,Ridge,Morgan,1.0212278822551981,
14758727,3,BELOW,Ridge,Morgan,1.2032481617298356,
14758728,3,BELOW,Ridge,Morgan,0.7440079297084556,
14758732,3,BELOW,Ridge,Morgan,0.9565035572880914,
14758733,3,BELOW,Ridge,Morgan,0.7556626083913133,
14758739,3,BELOW,Ridge,Morgan,0.7656407507933289,
14758741,3,BELOW,Ridge,Morgan,1.2391624326681006,
14758744,3,BELOW,Ridge,Morgan,0.9471420370360955,
14758747,3,BELOW,Ridge,Morgan,0.7620725625400785,
14758748,3,BELOW,Ridge,Morgan,1.0523887437800197,
14758754,3,BELOW,Ridge,Morgan,0.7419696915643534,
14758761,3,BELOW,Ridge,Morgan,0.796679085390633,
14758769,3,BELOW,Ridge,Morgan,1.068066809538756,
14758773,3,BELOW,Ridge,Morgan,1.0814534695140192,
14758776,3,BELOW,Ridge,Morgan,1.266048840743319,
14758781,3,BELOW,Ridge,Morgan,0.786499620086041,
14758796,3,BELOW,Ridge,Morgan,1.5710484624465313,
14758798,3,BELOW,Ridge,Morgan,1.2332126512693253,
14758800,3,BELOW,Ridge,Morgan,1.4150767191516505,
14758829,3,BELOW,Ridge,Morgan,1.0940902456323989,
14758832,3,BELOW,Ridge,Morgan,1.1035180628362335,
14758835,3,BELOW,Ridge,Morgan,1.2164259062473186,
14758837,3,BELOW,Ridge,Morgan,0.6747041698725906,
14758839,3,BELOW,Ridge,Morgan,1.1918464132299473,
14758841,3,BELOW,Ridge,Morgan,0.7259172984861262,
14758843,3,BELOW,Ridge,Morgan,0.7077309162607889,
14758850,3,BELOW,Ridge,Morgan,1.2831679837909518,
14758851,3,BELOW,Ridge,Morgan,0.7644450845444024,
14758853,3,BELOW,Ridge,Morgan,1.3828256241451111,
14758854,3,BELOW,Ridge,Morgan,0.746417023711074,
14758861,3,BELOW,Ridge,Morgan,0.7410789026186713,
14758864,3,BELOW,Ridge,Morgan,0.8841709850426444,
14758869,3,BELOW,Ridge,Morgan,0.8901178837172046,
14758872,3,BELOW,Ridge,Morgan,1.0844710247482376,
14758879,3,BELOW,Ridge,Morgan,1.269411103656328,
14758884,3,BELOW,Ridge,Morgan,0.8888052182876537,
14758899,3,BELOW,Ridge,Morgan,1.259925423824097,
14758905,3,BELOW,Ridge,Morgan,0.9841872128497559,
14758906,3,BELOW,Ridge,Morgan,1.0188929323324623,
14758907,3,BELOW,Ridge,Morgan,0.8459150081331546,
14758912,3,BELOW,Ridge,Morgan,1.31392796962427,
14758918,3,BELOW,Ridge,Morgan,1.08422843105835,
14758922,3,BELOW,Ridge,Morgan,1.0592008860807485,
14758971,3,IN-RANGE,Ridge,Morgan,0.8519959537537534,0.6020599913279624
14758990,3,IN-RANGE,Ridge,Morgan,1.3783737569186,0.6020599913279624
14759774,3,IN-RANGE,Ridge,Morgan,1.367848593708437,0.6503075231319364
14759791,3,IN-RANGE,Ridge,Morgan,1.1433717112342718,0.6803355134145632
14759811,3,IN-RANGE,Ridge,Morgan,1.064175103080372,0.6989700043360189
14759812,3,IN-RANGE,Ridge,Morgan,1.3347043392901239,0.6989700043360189
14759824,3,IN-RANGE,Ridge,Morgan,1.36279250097654,0.6989700043360189
14759847,3,IN-RANGE,Ridge,Morgan,1.0124078677947166,0.7201593034059569
14759848,3,IN-RANGE,Ridge,Morgan,1.0670451888770884,0.7201593034059569
14759861,3,IN-RANGE,Ridge,Morgan,1.1366137794331481,0.7403626894942439
14759874,3,IN-RANGE,Ridge,Morgan,1.2522546169102673,0.7596678446896304
14759894,3,IN-RANGE,Ridge,Morgan,1.3441460603892454,0.7781512503836436
14759897,3,IN-RANGE,Ridge,Morgan,0.8081650438835488,0.7781512503836436
14759900,3,IN-RANGE,Ridge,Morgan,0.7698282305562363,0.7781512503836436
14759930,3,IN-RANGE,Ridge,Morgan,1.289565426505792,0.8000293592441343
14759931,3,IN-RANGE,Ridge,Morgan,1.02704602439755,0.8000293592441343
14759933,3,IN-RANGE,Ridge,Morgan,0.9474471997802874,0.8000293592441343
14759937,3,IN-RANGE,Ridge,Morgan,1.292452954418742,0.8102325179950841
14759944,3,IN-RANGE,Ridge,Morgan,1.2156283064111846,0.8241258339165489
14759971,3,IN-RANGE,Ridge,Morgan,1.340983596378337,0.8450980400142568
14759972,3,IN-RANGE,Ridge,Morgan,0.9187748196863059,0.8450980400142568
14759975,3,IN-RANGE,Ridge,Morgan,1.4062093208089743,0.8450980400142568
14759977,3,IN-RANGE,Ridge,Morgan,1.0357275964932544,0.8450980400142568
14759978,3,IN-RANGE,Ridge,Morgan,1.1552136618975375,0.8450980400142568
14759979,3,IN-RANGE,Ridge,Morgan,0.9061079282190637,0.8450980400142568
14759981,3,IN-RANGE,Ridge,Morgan,0.8129337967853136,0.8450980400142568
14759999,3,IN-RANGE,Ridge,Morgan,1.267332102711842,0.8698182079793282
14760021,3,IN-RANGE,Ridge,Morgan,1.1018343906402868,0.8998205024270963
14760036,3,IN-RANGE,Ridge,Morgan,1.190915655537916,0.9030899869919435
14761129,3,IN-RANGE,Ridge,Morgan,1.202491001064481,0.9030899869919435
14761141,3,IN-RANGE,Ridge,Morgan,1.3201004564857544,0.9294189257142927
14761156,3,IN-RANGE,Ridge,Morgan,1.2283748124122558,0.9400181550076633
14761162,3,IN-RANGE,Ridge,Morgan,1.204943071538001,0.9498777040368748
14761169,3,IN-RANGE,Ridge,Morgan,1.437697519160317,0.9542425094393249
14761172,3,IN-RANGE,Ridge,Morgan,1.1850876482515145,0.9542425094393249
14761173,3,IN-RANGE,Ridge,Morgan,0.986272210861527,0.9542425094393249
14761180,3,IN-RANGE,Ridge,Morgan,1.4670634330069952,0.9542425094393249
14761197,3,IN-RANGE,Ridge,Morgan,1.3734524423552747,0.9698816437465
14761199,3,IN-RANGE,Ridge,Morgan,1.1616447662601725,0.9777236052888477
14761211,3,IN-RANGE,Ridge,Morgan,1.3419027554889627,0.989894563718773
14761228,3,IN-RANGE,Ridge,Morgan,1.220605280079608,1.0
14761233,3,IN-RANGE,Ridge,Morgan,1.3817773833105427,1.0
14761261,3,IN-RANGE,Ridge,Morgan,1.270127432413604,1.0301947853567512
14761266,3,IN-RANGE,Ridge,Morgan,0.9019932879245468,1.0398105541483504
14761283,3,IN-RANGE,Ridge,Morgan,1.4302546772864664,1.0413926851582251
14761285,3,IN-RANGE,Ridge,Morgan,1.0189266529866718,1.0413926851582251
14761289,3,IN-RANGE,Ridge,Morgan,1.5781326473791382,1.0499928569201427
14761290,3,IN-RANGE,Ridge,Morgan,1.403668924335452,1.0499928569201427
14761302,3,IN-RANGE,Ridge,Morgan,1.337144696334098,1.070037866607755
14761311,3,IN-RANGE,Ridge,Morgan,1.40134454057134,1.0791812460476249
14761321,3,IN-RANGE,Ridge,Morgan,1.0508988867293985,1.0791812460476249
14761331,3,IN-RANGE,Ridge,Morgan,1.0803285411339398,1.0799044676667207
14761357,3,IN-RANGE,Ridge,Morgan,1.2113056781182943,1.1099158630237933
14761370,3,IN-RANGE,Ridge,Morgan,1.0341456672835407,1.1139433523068367
14761371,3,IN-RANGE,Ridge,Morgan,0.9972085817235052,1.1139433523068367
14761386,3,IN-RANGE,Ridge,Morgan,1.4981465068077504,1.1300119496719043
14762210,3,IN-RANGE,Ridge,Morgan,0.8274403867417429,1.130333768495006
14762229,3,IN-RANGE,Ridge,Morgan,1.471677600580372,1.146128035678238
14762234,3,IN-RANGE,Ridge,Morgan,1.4945356498235316,1.146128035678238
14762235,3,IN-RANGE,Ridge,Morgan,1.2102203557062945,1.146128035678238
14762253,3,IN-RANGE,Ridge,Morgan,1.2151960725002473,1.1598678470925667
14762271,3,IN-RANGE,Ridge,Morgan,1.4115452336883685,1.1760912590556813
14762276,3,IN-RANGE,Ridge,Morgan,1.5391693503460977,1.1760912590556813
14762283,3,IN-RANGE,Ridge,Morgan,1.4436991393015144,1.180125875164054
14762292,3,IN-RANGE,Ridge,Morgan,1.4635099945362768,1.19506899646859
14762295,3,IN-RANGE,Ridge,Morgan,1.0999674268499087,1.2000292665537702
14762296,3,IN-RANGE,Ridge,Morgan,0.842317724794083,1.2000292665537702
14762304,3,IN-RANGE,Ridge,Morgan,1.1075904312449165,1.2041199826559248
14762336,3,IN-RANGE,Ridge,Morgan,1.3310615341302223,1.2387985627139169
14762346,3,IN-RANGE,Ridge,Morgan,1.3269783346384942,1.2400497721126476
14762348,3,IN-RANGE,Ridge,Morgan,1.1147636102088596,1.2430380486862944
14762355,3,IN-RANGE,Ridge,Morgan,1.1938019029893034,1.249931756634195
14762388,3,IN-RANGE,Ridge,Morgan,1.378991117160611,1.2787536009528289
14762424,3,IN-RANGE,Ridge,Morgan,1.3042152792618482,1.3010299956639813
14762462,3,IN-RANGE,Ridge,Morgan,1.2744797981898066,1.330007700872759
14762463,3,IN-RANGE,Ridge,Morgan,1.7679080515822045,1.330007700872759
14763276,3,IN-RANGE,Ridge,Morgan,1.371488716382074,1.3729120029701065
14763295,3,IN-RANGE,Ridge,Morgan,1.4309280878578334,1.3900514964589872
14763296,3,IN-RANGE,Ridge,Morgan,1.437746583337728,1.3900514964589872
14763298,3,IN-RANGE,Ridge,Morgan,1.5288980666875047,1.3900514964589872
14763323,3,IN-RANGE,Ridge,Morgan,1.4465425773109122,1.414973347970818
14763344,3,IN-RANGE,Ridge,Morgan,1.3691391954533534,1.4313637641589874
14763347,3,IN-RANGE,Ridge,Morgan,1.8223978598846298,1.4313637641589874
14763348,3,IN-RANGE,Ridge,Morgan,1.32301674680718,1.4313637641589874
14763352,3,IN-RANGE,Ridge,Morgan,1.3535207957488937,1.4393326938302626
14763369,3,IN-RANGE,Ridge,Morgan,1.3184829052458795,1.4471580313422192
14763376,3,IN-RANGE,Ridge,Morgan,0.9972579591735089,1.4499409887733377
14763386,3,IN-RANGE,Ridge,Morgan,1.2587415514214324,1.462397997898956
14763387,3,IN-RANGE,Ridge,Morgan,1.3623745647341092,1.462397997898956
14763394,3,IN-RANGE,Ridge,Morgan,1.1675856160598044,1.4699692094999595
14763402,3,IN-RANGE,Ridge,Morgan,1.0591988208772138,1.478999131673357
14763407,3,IN-RANGE,Ridge,Morgan,1.1303768289791498,1.4800069429571505
14763408,3,IN-RANGE,Ridge,Morgan,1.3258209588527106,1.4800069429571505
14763409,3,IN-RANGE,Ridge,Morgan,1.297086134946225,1.4818724103106635
14763411,3,IN-RANGE,Ridge,Morgan,1.2554904516825456,1.4842998393467859
14763412,3,IN-RANGE,Ridge,Morgan,1.6900937385925148,1.4842998393467859
14763424,3,IN-RANGE,Ridge,Morgan,1.4604587659967452,1.4913616938342726
14763430,3,IN-RANGE,Ridge,Morgan,1.1210116599531643,1.4999618655961902
14763446,3,IN-RANGE,Ridge,Morgan,1.5460580026260984,1.5185139398778875
14763455,3,IN-RANGE,Ridge,Morgan,1.1259245512155542,1.5299434016586693
14763464,3,IN-RANGE,Ridge,Morgan,1.4616618655996245,1.5399538416563967
14763473,3,IN-RANGE,Ridge,Morgan,1.3689936279180879,1.5440680443502757
14763475,3,IN-RANGE,Ridge,Morgan,1.4462062703684908,1.5440680443502757
14763476,3,IN-RANGE,Ridge,Morgan,1.2652584603486874,1.5440680443502757
14763489,3,IN-RANGE,Ridge,Morgan,1.4538010416960554,1.5563025007672873
14763495,3,IN-RANGE,Ridge,Morgan,1.6395672523870237,1.5600262489128924
14764294,3,IN-RANGE,Ridge,Morgan,1.124549920048269,1.5899496013257077
14764295,3,IN-RANGE,Ridge,Morgan,1.256907460444158,1.5899496013257077
14764305,3,IN-RANGE,Ridge,Morgan,1.281751951165358,1.600210306409328
14764310,3,IN-RANGE,Ridge,Morgan,1.4076217851743265,1.6074550232146685
14764325,3,IN-RANGE,Ridge,Morgan,1.5159504216639856,1.6200318951262973
14764329,3,IN-RANGE,Ridge,Morgan,1.5902256150912735,1.6232492903979006
14764331,3,IN-RANGE,Ridge,Morgan,1.2613118018342828,1.6232492903979006
14764332,3,IN-RANGE,Ridge,Morgan,1.3019708498733422,1.6232492903979006
14764380,3,IN-RANGE,Ridge,Morgan,1.122895526343852,1.6699673699085043
14764388,3,IN-RANGE,Ridge,Morgan,1.4614568776833234,1.6872613462435064
14764405,3,IN-RANGE,Ridge,Morgan,1.0501118729242527,1.7032913781186614
14764415,3,IN-RANGE,Ridge,Morgan,1.3207522745391413,1.7100326990657535
14764438,3,IN-RANGE,Ridge,Morgan,1.5405150205488254,1.7363965022766426
14764474,3,IN-RANGE,Ridge,Morgan,1.3225516682093936,1.7708520116421442
14764496,3,IN-RANGE,Ridge,Morgan,1.8580048957125372,1.7993405494535817
14764505,3,IN-RANGE,Ridge,Morgan,1.4497994728424664,1.806179973983887
14764513,3,IN-RANGE,Ridge,Morgan,1.0331267389251984,1.8100307864058394
14764519,3,IN-RANGE,Ridge,Morgan,1.5242768769306927,1.8195439355418688
14764523,3,IN-RANGE,Ridge,Morgan,1.1735148822075432,1.8195439355418688
14764530,3,IN-RANGE,Ridge,Morgan,1.565516702999389,1.8200043068083178
14764536,3,IN-RANGE,Ridge,Morgan,1.7593420930225432,1.8300109359361179
14764538,3,IN-RANGE,Ridge,Morgan,1.5106470522456235,1.8325089127062364
14765314,3,IN-RANGE,Ridge,Morgan,1.709786537643322,1.8388490907372552
14765333,3,IN-RANGE,Ridge,Morgan,1.6531110398270226,1.8573324964312685
14765365,3,IN-RANGE,Ridge,Morgan,1.2219734999795755,1.8899736384039962
14765380,3,IN-RANGE,Ridge,Morgan,1.0198176050683436,1.9138138523837167
14765385,3,IN-RANGE,Ridge,Morgan,1.0175306168712812,1.920018916028915
14765386,3,IN-RANGE,Ridge,Morgan,1.365731690092596,1.9233994661587164
14765405,3,IN-RANGE,Ridge,Morgan,1.2640282404793393,1.9400181550076632
14765424,3,IN-RANGE,Ridge,Morgan,1.1830905984642914,1.9700212658283658
14765431,3,IN-RANGE,Ridge,Morgan,1.488360165417316,1.9800033715837464
14765435,3,IN-RANGE,Ridge,Morgan,1.167283627379834,1.989983458301399
14765462,3,IN-RANGE,Ridge,Morgan,1.457824563393613,2.019988159591285
14765486,3,IN-RANGE,Ridge,Morgan,1.5402490064093342,2.0499928569201424
14765499,3,IN-RANGE,Ridge,Morgan,1.0883975353081892,2.070000903802345
14765504,3,IN-RANGE,Ridge,Morgan,1.2997652745697632,2.0791812460476247
14765508,3,IN-RANGE,Ridge,Morgan,1.1212484593569134,2.0800128471079278
14765520,3,IN-RANGE,Ridge,Morgan,1.4586141551937766,2.0999912335446846
14765561,3,IN-RANGE,Ridge,Morgan,1.5175889737421717,2.159988050381987
14765563,3,IN-RANGE,Ridge,Morgan,1.4459087775287374,2.164352855784437
14766490,3,ABOVE,Ridge,Morgan,1.5257400569581727,
14766494,3,ABOVE,Ridge,Morgan,1.7894766036131502,
14766500,3,ABOVE,Ridge,Morgan,1.2529202262345585,
14766502,3,ABOVE,Ridge,Morgan,1.2420390169106184,
14766505,3,ABOVE,Ridge,Morgan,1.2894906859604562,
14766510,3,ABOVE,Ridge,Morgan,1.3820267476408166,
14766515,3,ABOVE,Ridge,Morgan,1.663213023882041,
14766520,3,ABOVE,Ridge,Morgan,1.2924399268227347,
14766521,3,ABOVE,Ridge,Morgan,1.6207538101158923,
14766524,3,ABOVE,Ridge,Morgan,1.3514066984675492,
14766526,3,ABOVE,Ridge,Morgan,1.1897451285761838,
14766528,3,ABOVE,Ridge,Morgan,1.234748466675279,
14766533,3,ABOVE,Ridge,Morgan,1.4063068428826293,
14766535,3,ABOVE,Ridge,Morgan,1.3088861717679017,
14766537,3,ABOVE,Ridge,Morgan,1.295018916544723,
14766540,3,ABOVE,Ridge,Morgan,1.2555653043206267,
14766548,3,ABOVE,Ridge,Morgan,1.9099388634959118,
14769810,3,IN-RANGE,Ridge,Morgan,0.9782833845700045,0.47712125471966244
14769811,3,IN-RANGE,Ridge,Morgan,0.8761829477403893,0.47712125471966244
14769815,3,BELOW,Ridge,Morgan,1.412128041720539,
14769832,3,BELOW,Ridge,Morgan,1.4146455959881004,
14769842,3,BELOW,Ridge,Morgan,0.7497835944214111,
14769849,3,BELOW,Ridge,Morgan,0.646907057445133,
14769855,3,BELOW,Ridge,Morgan,1.273752281089578,
14769856,3,BELOW,Ridge,Morgan,1.4114276376275325,
14769862,3,BELOW,Ridge,Morgan,1.3789785614605063,
14769877,3,BELOW,Ridge,Morgan,0.7773366837729582,
14769880,3,BELOW,Ridge,Morgan,1.0032463185795808,
14769884,3,BELOW,Ridge,Morgan,1.3746490541643808,
14769885,3,BELOW,Ridge,Morgan,1.2029912610137659,
14758721,3,BELOW,RandomForestRegressor,Morgan,1.107860110300705,
14758726,3,BELOW,RandomForestRegressor,Morgan,1.2780809609169343,
14758727,3,BELOW,RandomForestRegressor,Morgan,1.1800456392401812,
14758728,3,BELOW,RandomForestRegressor,Morgan,1.1808433840556798,
14758732,3,BELOW,RandomForestRegressor,Morgan,1.0346830067356796,
14758733,3,BELOW,RandomForestRegressor,Morgan,0.9182091779451156,
14758739,3,BELOW,RandomForestRegressor,Morgan,0.8368439302781573,
14758741,3,BELOW,RandomForestRegressor,Morgan,1.24736415789246,
14758744,3,BELOW,RandomForestRegressor,Morgan,0.8635151504281187,
14758747,3,BELOW,RandomForestRegressor,Morgan,1.0228790990929628,
14758748,3,BELOW,RandomForestRegressor,Morgan,1.0582250208062716,
14758754,3,BELOW,RandomForestRegressor,Morgan,0.8195881540091091,
14758761,3,BELOW,RandomForestRegressor,Morgan,0.878831981582487,
14758769,3,BELOW,RandomForestRegressor,Morgan,1.4373794495227294,
14758773,3,BELOW,RandomForestRegressor,Morgan,1.2976585022744578,
14758776,3,BELOW,RandomForestRegressor,Morgan,1.0354515461976574,
14758781,3,BELOW,RandomForestRegressor,Morgan,0.9752175409544347,
14758796,3,BELOW,RandomForestRegressor,Morgan,1.2679815418795881,
14758798,3,BELOW,RandomForestRegressor,Morgan,1.3671899440339899,
14758800,3,BELOW,RandomForestRegressor,Morgan,1.4683917840230905,
14758829,3,BELOW,RandomForestRegressor,Morgan,1.2127548616949893,
14758832,3,BELOW,RandomForestRegressor,Morgan,1.317123695072452,
14758835,3,BELOW,RandomForestRegressor,Morgan,1.1231335637338118,
14758837,3,BELOW,RandomForestRegressor,Morgan,0.7773929830849934,
14758839,3,BELOW,RandomForestRegressor,Morgan,1.3181306893249434,
14758841,3,BELOW,RandomForestRegressor,Morgan,0.8346084225769963,
14758843,3,BELOW,RandomForestRegressor,Morgan,0.869129540461755,
14758850,3,BELOW,RandomForestRegressor,Morgan,1.2010096825025272,
14758851,3,BELOW,RandomForestRegressor,Morgan,0.9862961367169496,
14758853,3,BELOW,RandomForestRegressor,Morgan,1.4613165866284126,
14758854,3,BELOW,RandomForestRegressor,Morgan,0.8918602890961144,
14758861,3,BELOW,RandomForestRegressor,Morgan,0.8635819309387505,
14758864,3,BELOW,RandomForestRegressor,Morgan,0.8785481356456661,
14758869,3,BELOW,RandomForestRegressor,Morgan,0.9409778723160663,
14758872,3,BELOW,RandomForestRegressor,Morgan,1.4802602355604253,
14758879,3,BELOW,RandomForestRegressor,Morgan,1.3908289710054291,
14758884,3,BELOW,RandomForestRegressor,Morgan,1.2020558002604127,
14758899,3,BELOW,RandomForestRegressor,Morgan,1.2862687770974432,
14758905,3,BELOW,RandomForestRegressor,Morgan,1.1497107156167374,
14758906,3,BELOW,RandomForestRegressor,Morgan,1.1131938290506627,
14758907,3,BELOW,RandomForestRegressor,Morgan,1.112707173567609,
14758912,3,BELOW,RandomForestRegressor,Morgan,1.230459539677217,
14758918,3,BELOW,RandomForestRegressor,Morgan,1.0758788140187538,
14758922,3,BELOW,RandomForestRegressor,Morgan,1.1405431434982587,
14758971,3,IN-RANGE,RandomForestRegressor,Morgan,0.9283536105627612,0.6020599913279624
14758990,3,IN-RANGE,RandomForestRegressor,Morgan,1.21844859147915,0.6020599913279624
14759774,3,IN-RANGE,RandomForestRegressor,Morgan,1.1848157784727087,0.6503075231319364
14759791,3,IN-RANGE,RandomForestRegressor,Morgan,1.2011798459652017,0.6803355134145632
14759811,3,IN-RANGE,RandomForestRegressor,Morgan,1.1200269168594543,0.6989700043360189
14759812,3,IN-RANGE,RandomForestRegressor,Morgan,1.2733081010288432,0.6989700043360189
14759824,3,IN-RANGE,RandomForestRegressor,Morgan,1.3484338477329565,0.6989700043360189
14759847,3,IN-RANGE,RandomForestRegressor,Morgan,1.2394446442227318,0.7201593034059569
14759848,3,IN-RANGE,RandomForestRegressor,Morgan,1.1025521524415736,0.7201593034059569
14759861,3,IN-RANGE,RandomForestRegressor,Morgan,1.1603653786706902,0.7403626894942439
14759874,3,IN-RANGE,RandomForestRegressor,Morgan,1.081036730192018,0.7596678446896304
14759894,3,IN-RANGE,RandomForestRegressor,Morgan,1.3747913690570217,0.7781512503836436
14759897,3,IN-RANGE,RandomForestRegressor,Morgan,0.95594680525014,0.7781512503836436
14759900,3,IN-RANGE,RandomForestRegressor,Morgan,0.9811039413796661,0.7781512503836436
14759930,3,IN-RANGE,RandomForestRegressor,Morgan,1.2832188332650065,0.8000293592441343
14759931,3,IN-RANGE,RandomForestRegressor,Morgan,1.0909269363076048,0.8000293592441343
14759933,3,IN-RANGE,RandomForestRegressor,Morgan,1.0526278953860553,0.8000293592441343
14759937,3,IN-RANGE,RandomForestRegressor,Morgan,1.1617708570157583,0.8102325179950841
14759944,3,IN-RANGE,RandomForestRegressor,Morgan,1.2404560706903116,0.8241258339165489
14759971,3,IN-RANGE,RandomForestRegressor,Morgan,1.2549217154290786,0.8450980400142568
14759972,3,IN-RANGE,RandomForestRegressor,Morgan,0.8104498885908261,0.8450980400142568
14759975,3,IN-RANGE,RandomForestRegressor,Morgan,1.5513331587595414,0.8450980400142568
14759977,3,IN-RANGE,RandomForestRegressor,Morgan,1.0239947329109653,0.8450980400142568
14759978,3,IN-RANGE,RandomForestRegressor,Morgan,1.289853214994504,0.8450980400142568
14759979,3,IN-RANGE,RandomForestRegressor,Morgan,0.990216631783633,0.8450980400142568
14759981,3,IN-RANGE,RandomForestRegressor,Morgan,0.9226345641959205,0.8450980400142568
14759999,3,IN-RANGE,RandomForestRegressor,Morgan,1.200303411472243,0.8698182079793282
14760021,3,IN-RANGE,RandomForestRegressor,Morgan,1.1627911236594082,0.8998205024270963
14760036,3,IN-RANGE,RandomForestRegressor,Morgan,1.3162174366288253,0.9030899869919435
14761129,3,IN-RANGE,RandomForestRegressor,Morgan,1.3792066249869857,0.9030899869919435
14761141,3,IN-RANGE,RandomForestRegressor,Morgan,1.2958442729530688,0.9294189257142927
14761156,3,IN-RANGE,RandomForestRegressor,Morgan,1.1897894807143146,0.9400181550076633
14761162,3,IN-RANGE,RandomForestRegressor,Morgan,1.068525052640642,0.9498777040368748
14761169,3,IN-RANGE,RandomForestRegressor,Morgan,1.552125155700187,0.9542425094393249
14761172,3,IN-RANGE,RandomForestRegressor,Morgan,1.3596700099480337,0.9542425094393249
14761173,3,IN-RANGE,RandomForestRegressor,Morgan,1.049821431936642,0.9542425094393249
14761180,3,IN-RANGE,RandomForestRegressor,Morgan,1.418972165436609,0.9542425094393249
14761197,3,IN-RANGE,RandomForestRegressor,Morgan,1.2074181721559007,0.9698816437465
14761199,3,IN-RANGE,RandomForestRegressor,Morgan,1.3910039506689877,0.9777236052888477
14761211,3,IN-RANGE,RandomForestRegressor,Morgan,1.3156684565362144,0.989894563718773
14761228,3,IN-RANGE,RandomForestRegressor,Morgan,1.2296129283304662,1.0
14761233,3,IN-RANGE,RandomForestRegressor,Morgan,1.285112114669627,1.0
14761261,3,IN-RANGE,RandomForestRegressor,Morgan,1.3642460553999751,1.0301947853567512
14761266,3,IN-RANGE,RandomForestRegressor,Morgan,1.22551711253056,1.0398105541483504
14761283,3,IN-RANGE,RandomForestRegressor,Morgan,1.262421927637743,1.0413926851582251
14761285,3,IN-RANGE,RandomForestRegressor,Morgan,1.1938202589398148,1.0413926851582251
14761289,3,IN-RANGE,RandomForestRegressor,Morgan,1.6113761852878383,1.0499928569201427
14761290,3,IN-RANGE,RandomForestRegressor,Morgan,1.4556622994297754,1.0499928569201427
14761302,3,IN-RANGE,RandomForestRegressor,Morgan,1.247166221143666,1.070037866607755
14761311,3,IN-RANGE,RandomForestRegressor,Morgan,1.497093020278855,1.0791812460476249
14761321,3,IN-RANGE,RandomForestRegressor,Morgan,1.014662221877132,1.0791812460476249
14761331,3,IN-RANGE,RandomForestRegressor,Morgan,1.0215390302544411,1.0799044676667207
14761357,3,IN-RANGE,RandomForestRegressor,Morgan,1.269317554950042,1.1099158630237933
14761370,3,IN-RANGE,RandomForestRegressor,Morgan,1.1155554544917328,1.1139433523068367
14761371,3,IN-RANGE,RandomForestRegressor,Morgan,1.0880866670894054,1.1139433523068367
14761386,3,IN-RANGE,RandomForestRegressor,Morgan,1.28840385900165,1.1300119496719043
14762210,3,IN-RANGE,RandomForestRegressor,Morgan,0.8875510180950557,1.130333768495006
14762229,3,IN-RANGE,RandomForestRegressor,Morgan,1.4613245476840004,1.146128035678238
14762234,3,IN-RANGE,RandomForestRegressor,Morgan,1.5573781534234103,1.146128035678238
14762235,3,IN-RANGE,RandomForestRegressor,Morgan,1.386978005338166,1.146128035678238
14762253,3,IN-RANGE,RandomForestRegressor,Morgan,1.3341536696605854,1.1598678470925667
14762271,3,IN-RANGE,RandomForestRegressor,Morgan,1.2430217852830345,1.1760912590556813
14762276,3,IN-RANGE,RandomForestRegressor,Morgan,1.4346896419403392,1.1760912590556813
14762283,3,IN-RANGE,RandomForestRegressor,Morgan,1.2653722328269306,1.180125875164054
14762292,3,IN-RANGE,RandomForestRegressor,Morgan,1.3134980899740327,1.19506899646859
14762295,3,IN-RANGE,RandomForestRegressor,Morgan,1.377598852633296,1.2000292665537702
14762296,3,IN-RANGE,RandomForestRegressor,Morgan,1.1951708378338117,1.2000292665537702
14762304,3,IN-RANGE,RandomForestRegressor,Morgan,1.1705912867294095,1.2041199826559248
14762336,3,IN-RANGE,RandomForestRegressor,Morgan,1.26630384674066,1.2387985627139169
14762346,3,IN-RANGE,RandomForestRegressor,Morgan,1.3486086649754747,1.2400497721126476
14762348,3,IN-RANGE,RandomForestRegressor,Morgan,1.1400652303502992,1.2430380486862944
14762355,3,IN-RANGE,RandomForestRegressor,Morgan,1.0040155885615554,1.249931756634195
14762388,3,IN-RANGE,RandomForestRegressor,Morgan,1.3848245206243732,1.2787536009528289
14762424,3,IN-RANGE,RandomForestRegressor,Morgan,1.5080528761462575,1.3010299956639813
14762462,3,IN-RANGE,RandomForestRegressor,Morgan,1.3688689677908121,1.330007700872759
14762463,3,IN-RANGE,RandomForestRegressor,Morgan,1.5455920612401157,1.330007700872759
14763276,3,IN-RANGE,RandomForestRegressor,Morgan,1.3633482868376132,1.3729120029701065
14763295,3,IN-RANGE,RandomForestRegressor,Morgan,1.3028472971876224,1.3900514964589872
14763296,3,IN-RANGE,RandomForestRegressor,Morgan,1.2124337527704383,1.3900514964589872
14763298,3,IN-RANGE,RandomForestRegressor,Morgan,1.313295186345553,1.3900514964589872
14763323,3,IN-RANGE,RandomForestRegressor,Morgan,1.4504698957506816,1.414973347970818
14763344,3,IN-RANGE,RandomForestRegressor,Morgan,1.4245819500929229,1.4313637641589874
14763347,3,IN-RANGE,RandomForestRegressor,Morgan,1.6073589779730193,1.4313637641589874
14763348,3,IN-RANGE,RandomForestRegressor,Morgan,1.2958317824041194,1.4313637641589874
14763352,3,IN-RANGE,RandomForestRegressor,Morgan,1.2507708524101815,1.4393326938302626
14763369,3,IN-RANGE,RandomForestRegressor,Morgan,1.2980703710700296,1.4471580313422192
14763376,3,IN-RANGE,RandomForestRegressor,Morgan,1.2733475861102042,1.4499409887733377
14763386,3,IN-RANGE,RandomForestRegressor,Morgan,1.2923134213281395,1.462397997898956
14763387,3,IN-RANGE,RandomForestRegressor,Morgan,1.471869651920504,1.462397997898956
14763394,3,IN-RANGE,RandomForestRegressor,Morgan,1.2106490674919939,1.4699692094999595
14763402,3,IN-RANGE,RandomForestRegressor,Morgan,1.155863908417068,1.478999131673357
14763407,3,IN-RANGE,RandomForestRegressor,Morgan,1.1862963218382025,1.4800069429571505
14763408,3,IN-RANGE,RandomForestRegressor,Morgan,1.3653690917942969,1.4800069429571505
14763409,3,IN-RANGE,RandomForestRegressor,Morgan,1.178211089625287,1.4818724103106635
14763411,3,IN-RANGE,RandomForestRegressor,Morgan,1.2516608313123054,1.4842998393467859
14763412,3,IN-RANGE,RandomForestRegressor,Morgan,1.3916683607283615,1.4842998393467859
14763424,3,IN-RANGE,RandomForestRegressor,Morgan,1.4462735740237636,1.4913616938342726
14763430,3,IN-RANGE,RandomForestRegressor,Morgan,1.2792157591781639,1.4999618655961902
14763446,3,IN-RANGE,RandomForestRegressor,Morgan,1.6260844258165281,1.5185139398778875
14763455,3,IN-RANGE,RandomForestRegressor,Morgan,1.2783804350728802,1.5299434016586693
14763464,3,IN-RANGE,RandomForestRegressor,Morgan,1.1872289572524068,1.5399538416563967
14763473,3,IN-RANGE,RandomForestRegressor,Morgan,1.3045024811143469,1.5440680443502757
14763475,3,IN-RANGE,RandomForestRegressor,Morgan,1.4292429328669929,1.5440680443502757
14763476,3,IN-RANGE,RandomForestRegressor,Morgan,1.3125506221896028,1.5440680443502757
14763489,3,IN-RANGE,RandomForestRegressor,Morgan,1.2941607487637063,1.5563025007672873
14763495,3,IN-RANGE,RandomForestRegressor,Morgan,1.4424240789490543,1.5600262489128924
14764294,3,IN-RANGE,RandomForestRegressor,Morgan,1.2721977353110139,1.5899496013257077
14764295,3,IN-RANGE,RandomForestRegressor,Morgan,1.2090311763797825,1.5899496013257077
14764305,3,IN-RANGE,RandomForestRegressor,Morgan,1.4165171597596395,1.600210306409328
14764310,3,IN-RANGE,RandomForestRegressor,Morgan,1.6882452834410477,1.6074550232146685
14764325,3,IN-RANGE,RandomForestRegressor,Morgan,1.470141669170347,1.6200318951262973
14764329,3,IN-RANGE,RandomForestRegressor,Morgan,1.520778039895331,1.6232492903979006
14764331,3,IN-RANGE,RandomForestRegressor,Morgan,1.3452075385714881,1.6232492903979006
14764332,3,IN-RANGE,RandomForestRegressor,Morgan,1.415829145393429,1.6232492903979006
14764380,3,IN-RANGE,RandomForestRegressor,Morgan,1.4095631669628275,1.6699673699085043
14764388,3,IN-RANGE,RandomForestRegressor,Morgan,1.523398361141638,1.6872613462435064
14764405,3,IN-RANGE,RandomForestRegressor,Morgan,1.3304198934999603,1.7032913781186614
14764415,3,IN-RANGE,RandomForestRegressor,Morgan,1.2184679134666947,1.7100326990657535
14764438,3,IN-RANGE,RandomForestRegressor,Morgan,1.5959966737755582,1.7363965022766426
14764474,3,IN-RANGE,RandomForestRegressor,Morgan,1.4086816165548928,1.7708520116421442
14764496,3,IN-RANGE,RandomForestRegressor,Morgan,1.5195619024704092,1.7993405494535817
14764505,3,IN-RANGE,RandomForestRegressor,Morgan,1.396425906026907,1.806179973983887
14764513,3,IN-RANGE,RandomForestRegressor,Morgan,1.0854076594924842,1.8100307864058394
14764519,3,IN-RANGE,RandomForestRegressor,Morgan,1.6526586773131566,1.8195439355418688
14764523,3,IN-RANGE,RandomForestRegressor,Morgan,1.3804680945293548,1.8195439355418688
14764530,3,IN-RANGE,RandomForestRegressor,Morgan,1.323526858114374,1.8200043068083178
14764536,3,IN-RANGE,RandomForestRegressor,Morgan,1.1887181559136872,1.8300109359361179
14764538,3,IN-RANGE,RandomForestRegressor,Morgan,1.4033337853912433,1.8325089127062364
14765314,3,IN-RANGE,RandomForestRegressor,Morgan,1.394216024888216,1.8388490907372552
14765333,3,IN-RANGE,RandomForestRegressor,Morgan,1.4897582807995458,1.8573324964312685
14765365,3,IN-RANGE,RandomForestRegressor,Morgan,1.291653151258021,1.8899736384039962
14765380,3,IN-RANGE,RandomForestRegressor,Morgan,0.8218172749232358,1.9138138523837167
14765385,3,IN-RANGE,RandomForestRegressor,Morgan,1.1859775416605287,1.920018916028915
14765386,3,IN-RANGE,RandomForestRegressor,Morgan,1.2435689335383924,1.9233994661587164
14765405,3,IN-RANGE,RandomForestRegressor,Morgan,1.391663625225885,1.9400181550076632
14765424,3,IN-RANGE,RandomForestRegressor,Morgan,1.2519119269589383,1.9700212658283658
14765431,3,IN-RANGE,RandomForestRegressor,Morgan,1.4019623236221883,1.9800033715837464
14765435,3,IN-RANGE,RandomForestRegressor,Morgan,1.3106522175844213,1.989983458301399
14765462,3,IN-RANGE,RandomForestRegressor,Morgan,1.5625583067192892,2.019988159591285
14765486,3,IN-RANGE,RandomForestRegressor,Morgan,1.5843017534084778,2.0499928569201424
14765499,3,IN-RANGE,RandomForestRegressor,Morgan,1.2200837564329752,2.070000903802345
14765504,3,IN-RANGE,RandomForestRegressor,Morgan,1.418314232496885,2.0791812460476247
14765508,3,IN-RANGE,RandomForestRegressor,Morgan,1.1947583723018267,2.0800128471079278
14765520,3,IN-RANGE,RandomForestRegressor,Morgan,1.4427479318750185,2.0999912335446846
14765561,3,IN-RANGE,RandomForestRegressor,Morgan,1.4061976019982156,2.159988050381987
14765563,3,IN-RANGE,RandomForestRegressor,Morgan,1.2283693557070177,2.164352855784437
14766490,3,ABOVE,RandomForestRegressor,Morgan,1.2951766164081062,
14766494,3,ABOVE,RandomForestRegressor,Morgan,1.6713486901173333,
14766500,3,ABOVE,RandomForestRegressor,Morgan,1.3602716891192383,
14766502,3,ABOVE,RandomForestRegressor,Morgan,1.2240348896858715,
14766505,3,ABOVE,RandomForestRegressor,Morgan,1.3804310524483616,
14766510,3,ABOVE,RandomForestRegressor,Morgan,1.5001726638009802,
14766515,3,ABOVE,RandomForestRegressor,Morgan,1.3509266054910671,
14766520,3,ABOVE,RandomForestRegressor,Morgan,1.2987984507155448,
14766521,3,ABOVE,RandomForestRegressor,Morgan,1.5140261324128514,
14766524,3,ABOVE,RandomForestRegressor,Morgan,1.3925593901463031,
14766526,3,ABOVE,RandomForestRegressor,Morgan,1.2324191053206917,
14766528,3,ABOVE,RandomForestRegressor,Morgan,1.3534700677747262,
14766533,3,ABOVE,RandomForestRegressor,Morgan,1.481603379955561,
14766535,3,ABOVE,RandomForestRegressor,Morgan,1.3769263572259585,
14766537,3,ABOVE,RandomForestRegressor,Morgan,1.4179962645073747,
14766540,3,ABOVE,RandomForestRegressor,Morgan,1.246821319815531,
14766548,3,ABOVE,RandomForestRegressor,Morgan,1.7085469382869414,
14769810,3,IN-RANGE,RandomForestRegressor,Morgan,1.0193668006387302,0.47712125471966244
14769811,3,IN-RANGE,RandomForestRegressor,Morgan,0.8162309321372699,0.47712125471966244
14769815,3,BELOW,RandomForestRegressor,Morgan,1.4226024860411568,
14769832,3,BELOW,RandomForestRegressor,Morgan,1.3710335154575413,
14769842,3,BELOW,RandomForestRegressor,Morgan,0.8174432737811006,
14769849,3,BELOW,RandomForestRegressor,Morgan,0.8331278590364616,
14769855,3,BELOW,RandomForestRegressor,Morgan,1.2008951958558676,
14769856,3,BELOW,RandomForestRegressor,Morgan,1.4138346265202941,
14769862,3,BELOW,RandomForestRegressor,Morgan,1.382721792715255,
14769877,3,BELOW,RandomForestRegressor,Morgan,0.9082408437323124,
14769880,3,BELOW,RandomForestRegressor,Morgan,1.111986090593272,
14769884,3,BELOW,RandomForestRegressor,Morgan,1.4916956775152967,
14769885,3,BELOW,RandomForestRegressor,Morgan,1.4264972848199031,
14758725,4,BELOW,mean_baseline,none,1.3031093309523778,
14758725,4,BELOW,median_baseline,none,1.290034611362518,
14758736,4,BELOW,mean_baseline,none,1.3031093309523778,
14758736,4,BELOW,median_baseline,none,1.290034611362518,
14758740,4,BELOW,mean_baseline,none,1.3031093309523778,
14758740,4,BELOW,median_baseline,none,1.290034611362518,
14758742,4,BELOW,mean_baseline,none,1.3031093309523778,
14758742,4,BELOW,median_baseline,none,1.290034611362518,
14758745,4,BELOW,mean_baseline,none,1.3031093309523778,
14758745,4,BELOW,median_baseline,none,1.290034611362518,
14758751,4,BELOW,mean_baseline,none,1.3031093309523778,
14758751,4,BELOW,median_baseline,none,1.290034611362518,
14758759,4,BELOW,mean_baseline,none,1.3031093309523778,
14758759,4,BELOW,median_baseline,none,1.290034611362518,
14758764,4,BELOW,mean_baseline,none,1.3031093309523778,
14758764,4,BELOW,median_baseline,none,1.290034611362518,
14758765,4,BELOW,mean_baseline,none,1.3031093309523778,
14758765,4,BELOW,median_baseline,none,1.290034611362518,
14758766,4,BELOW,mean_baseline,none,1.3031093309523778,
14758766,4,BELOW,median_baseline,none,1.290034611362518,
14758768,4,BELOW,mean_baseline,none,1.3031093309523778,
14758768,4,BELOW,median_baseline,none,1.290034611362518,
14758774,4,BELOW,mean_baseline,none,1.3031093309523778,
14758774,4,BELOW,median_baseline,none,1.290034611362518,
14758778,4,BELOW,mean_baseline,none,1.3031093309523778,
14758778,4,BELOW,median_baseline,none,1.290034611362518,
14758784,4,BELOW,mean_baseline,none,1.3031093309523778,
14758784,4,BELOW,median_baseline,none,1.290034611362518,
14758785,4,BELOW,mean_baseline,none,1.3031093309523778,
14758785,4,BELOW,median_baseline,none,1.290034611362518,
14758792,4,BELOW,mean_baseline,none,1.3031093309523778,
14758792,4,BELOW,median_baseline,none,1.290034611362518,
14758799,4,BELOW,mean_baseline,none,1.3031093309523778,
14758799,4,BELOW,median_baseline,none,1.290034611362518,
14758802,4,BELOW,mean_baseline,none,1.3031093309523778,
14758802,4,BELOW,median_baseline,none,1.290034611362518,
14758805,4,BELOW,mean_baseline,none,1.3031093309523778,
14758805,4,BELOW,median_baseline,none,1.290034611362518,
14758808,4,BELOW,mean_baseline,none,1.3031093309523778,
14758808,4,BELOW,median_baseline,none,1.290034611362518,
14758810,4,BELOW,mean_baseline,none,1.3031093309523778,
14758810,4,BELOW,median_baseline,none,1.290034611362518,
14758811,4,BELOW,mean_baseline,none,1.3031093309523778,
14758811,4,BELOW,median_baseline,none,1.290034611362518,
14758815,4,BELOW,mean_baseline,none,1.3031093309523778,
14758815,4,BELOW,median_baseline,none,1.290034611362518,
14758817,4,BELOW,mean_baseline,none,1.3031093309523778,
14758817,4,BELOW,median_baseline,none,1.290034611362518,
14758822,4,BELOW,mean_baseline,none,1.3031093309523778,
14758822,4,BELOW,median_baseline,none,1.290034611362518,
14758824,4,BELOW,mean_baseline,none,1.3031093309523778,
14758824,4,BELOW,median_baseline,none,1.290034611362518,
14758833,4,BELOW,mean_baseline,none,1.3031093309523778,
14758833,4,BELOW,median_baseline,none,1.290034611362518,
14758836,4,BELOW,mean_baseline,none,1.3031093309523778,
14758836,4,BELOW,median_baseline,none,1.290034611362518,
14758842,4,BELOW,mean_baseline,none,1.3031093309523778,
14758842,4,BELOW,median_baseline,none,1.290034611362518,
14758855,4,BELOW,mean_baseline,none,1.3031093309523778,
14758855,4,BELOW,median_baseline,none,1.290034611362518,
14758860,4,BELOW,mean_baseline,none,1.3031093309523778,
14758860,4,BELOW,median_baseline,none,1.290034611362518,
14758866,4,BELOW,mean_baseline,none,1.3031093309523778,
14758866,4,BELOW,median_baseline,none,1.290034611362518,
14758867,4,BELOW,mean_baseline,none,1.3031093309523778,
14758867,4,BELOW,median_baseline,none,1.290034611362518,
14758873,4,BELOW,mean_baseline,none,1.3031093309523778,
14758873,4,BELOW,median_baseline,none,1.290034611362518,
14758896,4,BELOW,mean_baseline,none,1.3031093309523778,
14758896,4,BELOW,median_baseline,none,1.290034611362518,
14758903,4,BELOW,mean_baseline,none,1.3031093309523778,
14758903,4,BELOW,median_baseline,none,1.290034611362518,
14758909,4,BELOW,mean_baseline,none,1.3031093309523778,
14758909,4,BELOW,median_baseline,none,1.290034611362518,
14758910,4,BELOW,mean_baseline,none,1.3031093309523778,
14758910,4,BELOW,median_baseline,none,1.290034611362518,
14758911,4,BELOW,mean_baseline,none,1.3031093309523778,
14758911,4,BELOW,median_baseline,none,1.290034611362518,
14758914,4,BELOW,mean_baseline,none,1.3031093309523778,
14758914,4,BELOW,median_baseline,none,1.290034611362518,
14758916,4,BELOW,mean_baseline,none,1.3031093309523778,
14758916,4,BELOW,median_baseline,none,1.290034611362518,
14758917,4,BELOW,mean_baseline,none,1.3031093309523778,
14758917,4,BELOW,median_baseline,none,1.290034611362518,
14758974,4,IN-RANGE,mean_baseline,none,1.3031093309523778,0.6020599913279624
14758974,4,IN-RANGE,median_baseline,none,1.290034611362518,0.6020599913279624
14758975,4,IN-RANGE,mean_baseline,none,1.3031093309523778,0.6020599913279624
14758975,4,IN-RANGE,median_baseline,none,1.290034611362518,0.6020599913279624
14758977,4,IN-RANGE,mean_baseline,none,1.3031093309523778,0.6020599913279624
14758977,4,IN-RANGE,median_baseline,none,1.290034611362518,0.6020599913279624
14758981,4,IN-RANGE,mean_baseline,none,1.3031093309523778,0.6020599913279624
14758981,4,IN-RANGE,median_baseline,none,1.290034611362518,0.6020599913279624
14758982,4,IN-RANGE,mean_baseline,none,1.3031093309523778,0.6020599913279624
14758982,4,IN-RANGE,median_baseline,none,1.290034611362518,0.6020599913279624
14758985,4,IN-RANGE,mean_baseline,none,1.3031093309523778,0.6020599913279624
14758985,4,IN-RANGE,median_baseline,none,1.290034611362518,0.6020599913279624
14758998,4,IN-RANGE,mean_baseline,none,1.3031093309523778,0.6201360549737575
14758998,4,IN-RANGE,median_baseline,none,1.290034611362518,0.6201360549737575
14759778,4,IN-RANGE,mean_baseline,none,1.3031093309523778,0.6599162000698503
14759778,4,IN-RANGE,median_baseline,none,1.290034611362518,0.6599162000698503
14759783,4,IN-RANGE,mean_baseline,none,1.3031093309523778,0.6720978579357175
14759783,4,IN-RANGE,median_baseline,none,1.290034611362518,0.6720978579357175
14759805,4,IN-RANGE,mean_baseline,none,1.3031093309523778,0.6989700043360189
14759805,4,IN-RANGE,median_baseline,none,1.290034611362518,0.6989700043360189
14759807,4,IN-RANGE,mean_baseline,none,1.3031093309523778,0.6989700043360189
14759807,4,IN-RANGE,median_baseline,none,1.290034611362518,0.6989700043360189
14759814,4,IN-RANGE,mean_baseline,none,1.3031093309523778,0.6989700043360189
14759814,4,IN-RANGE,median_baseline,none,1.290034611362518,0.6989700043360189
14759815,4,IN-RANGE,mean_baseline,none,1.3031093309523778,0.6989700043360189
14759815,4,IN-RANGE,median_baseline,none,1.290034611362518,0.6989700043360189
14759820,4,IN-RANGE,mean_baseline,none,1.3031093309523778,0.6989700043360189
14759820,4,IN-RANGE,median_baseline,none,1.290034611362518,0.6989700043360189
14759822,4,IN-RANGE,mean_baseline,none,1.3031093309523778,0.6989700043360189
14759822,4,IN-RANGE,median_baseline,none,1.290034611362518,0.6989700043360189
14759855,4,IN-RANGE,mean_baseline,none,1.3031093309523778,0.7299742856995556
14759855,4,IN-RANGE,median_baseline,none,1.290034611362518,0.7299742856995556
14759865,4,IN-RANGE,mean_baseline,none,1.3031093309523778,0.7481880270062004
14759865,4,IN-RANGE,median_baseline,none,1.290034611362518,0.7481880270062004
14759899,4,IN-RANGE,mean_baseline,none,1.3031093309523778,0.7781512503836436
14759899,4,IN-RANGE,median_baseline,none,1.290034611362518,0.7781512503836436
14759909,4,IN-RANGE,mean_baseline,none,1.3031093309523778,0.7781512503836436
14759909,4,IN-RANGE,median_baseline,none,1.290034611362518,0.7781512503836436
14759910,4,IN-RANGE,mean_baseline,none,1.3031093309523778,0.7781512503836436
14759910,4,IN-RANGE,median_baseline,none,1.290034611362518,0.7781512503836436
14759912,4,IN-RANGE,mean_baseline,none,1.3031093309523778,0.7781512503836436
14759912,4,IN-RANGE,median_baseline,none,1.290034611362518,0.7781512503836436
14759914,4,IN-RANGE,mean_baseline,none,1.3031093309523778,0.7803173121401513
14759914,4,IN-RANGE,median_baseline,none,1.290034611362518,0.7803173121401513
14759921,4,IN-RANGE,mean_baseline,none,1.3031093309523778,0.7902851640332417
14759921,4,IN-RANGE,median_baseline,none,1.290034611362518,0.7902851640332417
14759932,4,IN-RANGE,mean_baseline,none,1.3031093309523778,0.8000293592441343
14759932,4,IN-RANGE,median_baseline,none,1.290034611362518,0.8000293592441343
14759938,4,IN-RANGE,mean_baseline,none,1.3031093309523778,0.8129133566428556
14759938,4,IN-RANGE,median_baseline,none,1.290034611362518,0.8129133566428556
14759950,4,IN-RANGE,mean_baseline,none,1.3031093309523778,0.829946695941636
14759950,4,IN-RANGE,median_baseline,none,1.290034611362518,0.829946695941636
14759956,4,IN-RANGE,mean_baseline,none,1.3031093309523778,0.8401060944567578
14759956,4,IN-RANGE,median_baseline,none,1.290034611362518,0.8401060944567578
14759957,4,IN-RANGE,mean_baseline,none,1.3031093309523778,0.8401060944567578
14759957,4,IN-RANGE,median_baseline,none,1.290034611362518,0.8401060944567578
14759967,4,IN-RANGE,mean_baseline,none,1.3031093309523778,0.8450980400142568
14759967,4,IN-RANGE,median_baseline,none,1.290034611362518,0.8450980400142568
14759974,4,IN-RANGE,mean_baseline,none,1.3031093309523778,0.8450980400142568
14759974,4,IN-RANGE,median_baseline,none,1.290034611362518,0.8450980400142568
14759976,4,IN-RANGE,mean_baseline,none,1.3031093309523778,0.8450980400142568
14759976,4,IN-RANGE,median_baseline,none,1.290034611362518,0.8450980400142568
14759984,4,IN-RANGE,mean_baseline,none,1.3031093309523778,0.8450980400142568
14759984,4,IN-RANGE,median_baseline,none,1.290034611362518,0.8450980400142568
14759998,4,IN-RANGE,mean_baseline,none,1.3031093309523778,0.8698182079793282
14759998,4,IN-RANGE,median_baseline,none,1.290034611362518,0.8698182079793282
14760035,4,IN-RANGE,mean_baseline,none,1.3031093309523778,0.9030899869919435
14760035,4,IN-RANGE,median_baseline,none,1.290034611362518,0.9030899869919435
14761138,4,IN-RANGE,mean_baseline,none,1.3031093309523778,0.9206450014067876
14761138,4,IN-RANGE,median_baseline,none,1.290034611362518,0.9206450014067876
14761140,4,IN-RANGE,mean_baseline,none,1.3031093309523778,0.9294189257142927
14761140,4,IN-RANGE,median_baseline,none,1.290034611362518,0.9294189257142927
14761168,4,IN-RANGE,mean_baseline,none,1.3031093309523778,0.9542425094393249
14761168,4,IN-RANGE,median_baseline,none,1.290034611362518,0.9542425094393249
14761174,4,IN-RANGE,mean_baseline,none,1.3031093309523778,0.9542425094393249
14761174,4,IN-RANGE,median_baseline,none,1.290034611362518,0.9542425094393249
14761182,4,IN-RANGE,mean_baseline,none,1.3031093309523778,0.9542425094393249
14761182,4,IN-RANGE,median_baseline,none,1.290034611362518,0.9542425094393249
14761183,4,IN-RANGE,mean_baseline,none,1.3031093309523778,0.9542425094393249
14761183,4,IN-RANGE,median_baseline,none,1.290034611362518,0.9542425094393249
14761229,4,IN-RANGE,mean_baseline,none,1.3031093309523778,1.0
14761229,4,IN-RANGE,median_baseline,none,1.290034611362518,1.0
14761232,4,IN-RANGE,mean_baseline,none,1.3031093309523778,1.0
14761232,4,IN-RANGE,median_baseline,none,1.290034611362518,1.0
14761235,4,IN-RANGE,mean_baseline,none,1.3031093309523778,1.0
14761235,4,IN-RANGE,median_baseline,none,1.290034611362518,1.0
14761244,4,IN-RANGE,mean_baseline,none,1.3031093309523778,1.0098756337121602
14761244,4,IN-RANGE,median_baseline,none,1.290034611362518,1.0098756337121602
14761252,4,IN-RANGE,mean_baseline,none,1.3031093309523778,1.021189299069938
14761252,4,IN-RANGE,median_baseline,none,1.290034611362518,1.021189299069938
14761274,4,IN-RANGE,mean_baseline,none,1.3031093309523778,1.0413926851582251
14761274,4,IN-RANGE,median_baseline,none,1.290034611362518,1.0413926851582251
14761275,4,IN-RANGE,mean_baseline,none,1.3031093309523778,1.0413926851582251
14761275,4,IN-RANGE,median_baseline,none,1.290034611362518,1.0413926851582251
14761276,4,IN-RANGE,mean_baseline,none,1.3031093309523778,1.0413926851582251
14761276,4,IN-RANGE,median_baseline,none,1.290034611362518,1.0413926851582251
14761282,4,IN-RANGE,mean_baseline,none,1.3031093309523778,1.0413926851582251
14761282,4,IN-RANGE,median_baseline,none,1.290034611362518,1.0413926851582251
14761286,4,IN-RANGE,mean_baseline,none,1.3031093309523778,1.0413926851582251
14761286,4,IN-RANGE,median_baseline,none,1.290034611362518,1.0413926851582251
14761299,4,IN-RANGE,mean_baseline,none,1.3031093309523778,1.0599418880619547
14761299,4,IN-RANGE,median_baseline,none,1.290034611362518,1.0599418880619547
14761317,4,IN-RANGE,mean_baseline,none,1.3031093309523778,1.0791812460476249
14761317,4,IN-RANGE,median_baseline,none,1.290034611362518,1.0791812460476249
14761322,4,IN-RANGE,mean_baseline,none,1.3031093309523778,1.0791812460476249
14761322,4,IN-RANGE,median_baseline,none,1.290034611362518,1.0791812460476249
14761343,4,IN-RANGE,mean_baseline,none,1.3031093309523778,1.0969100130080565
14761343,4,IN-RANGE,median_baseline,none,1.290034611362518,1.0969100130080565
14761348,4,IN-RANGE,mean_baseline,none,1.3031093309523778,1.1000257301078626
14761348,4,IN-RANGE,median_baseline,none,1.290034611362518,1.1000257301078626
14761349,4,IN-RANGE,mean_baseline,none,1.3031093309523778,1.1000257301078626
14761349,4,IN-RANGE,median_baseline,none,1.290034611362518,1.1000257301078626
14761365,4,IN-RANGE,mean_baseline,none,1.3031093309523778,1.1139433523068367
14761365,4,IN-RANGE,median_baseline,none,1.290034611362518,1.1139433523068367
14761372,4,IN-RANGE,mean_baseline,none,1.3031093309523778,1.1139433523068367
14761372,4,IN-RANGE,median_baseline,none,1.290034611362518,1.1139433523068367
14762238,4,IN-RANGE,mean_baseline,none,1.3031093309523778,1.146128035678238
14762238,4,IN-RANGE,median_baseline,none,1.290034611362518,1.146128035678238
14762241,4,IN-RANGE,mean_baseline,none,1.3031093309523778,1.1501421618485586
14762241,4,IN-RANGE,median_baseline,none,1.290034611362518,1.1501421618485586
14762244,4,IN-RANGE,mean_baseline,none,1.3031093309523778,1.1501421618485586
14762244,4,IN-RANGE,median_baseline,none,1.290034611362518,1.1501421618485586
14762264,4,IN-RANGE,mean_baseline,none,1.3031093309523778,1.1699681739968923
14762264,4,IN-RANGE,median_baseline,none,1.290034611362518,1.1699681739968923
14762275,4,IN-RANGE,mean_baseline,none,1.3031093309523778,1.1760912590556813
14762275,4,IN-RANGE,median_baseline,none,1.290034611362518,1.1760912590556813
14762302,4,IN-RANGE,mean_baseline,none,1.3031093309523778,1.2041199826559248
14762302,4,IN-RANGE,median_baseline,none,1.290034611362518,1.2041199826559248
14762306,4,IN-RANGE,mean_baseline,none,1.3031093309523778,1.2041199826559248
14762306,4,IN-RANGE,median_baseline,none,1.290034611362518,1.2041199826559248
14762307,4,IN-RANGE,mean_baseline,none,1.3031093309523778,1.2041199826559248
14762307,4,IN-RANGE,median_baseline,none,1.290034611362518,1.2041199826559248
14762345,4,IN-RANGE,mean_baseline,none,1.3031093309523778,1.2400497721126476
14762345,4,IN-RANGE,median_baseline,none,1.290034611362518,1.2400497721126476
14762353,4,IN-RANGE,mean_baseline,none,1.3031093309523778,1.249931756634195
14762353,4,IN-RANGE,median_baseline,none,1.290034611362518,1.249931756634195
14762362,4,IN-RANGE,mean_baseline,none,1.3031093309523778,1.255272505103306
14762362,4,IN-RANGE,median_baseline,none,1.290034611362518,1.255272505103306
14762364,4,IN-RANGE,mean_baseline,none,1.3031093309523778,1.255272505103306
14762364,4,IN-RANGE,median_baseline,none,1.290034611362518,1.255272505103306
14762365,4,IN-RANGE,mean_baseline,none,1.3031093309523778,1.255272505103306
14762365,4,IN-RANGE,median_baseline,none,1.290034611362518,1.255272505103306
14762371,4,IN-RANGE,mean_baseline,none,1.3031093309523778,1.2600713879850747
14762371,4,IN-RANGE,median_baseline,none,1.290034611362518,1.2600713879850747
14762373,4,IN-RANGE,mean_baseline,none,1.3031093309523778,1.2671717284030137
14762373,4,IN-RANGE,median_baseline,none,1.290034611362518,1.2671717284030137
14762377,4,IN-RANGE,mean_baseline,none,1.3031093309523778,1.2699796766453237
14762377,4,IN-RANGE,median_baseline,none,1.290034611362518,1.2699796766453237
14762404,4,IN-RANGE,mean_baseline,none,1.3031093309523778,1.290034611362518
14762404,4,IN-RANGE,median_baseline,none,1.290034611362518,1.290034611362518
14762417,4,IN-RANGE,mean_baseline,none,1.3031093309523778,1.299942900022767
14762417,4,IN-RANGE,median_baseline,none,1.290034611362518,1.299942900022767
14762428,4,IN-RANGE,mean_baseline,none,1.3031093309523778,1.3010299956639813
14762428,4,IN-RANGE,median_baseline,none,1.290034611362518,1.3010299956639813
14762434,4,IN-RANGE,mean_baseline,none,1.3031093309523778,1.3100557377508915
14762434,4,IN-RANGE,median_baseline,none,1.290034611362518,1.3100557377508915
14762451,4,IN-RANGE,mean_baseline,none,1.3031093309523778,1.3222192947339193
14762451,4,IN-RANGE,median_baseline,none,1.290034611362518,1.3222192947339193
14762453,4,IN-RANGE,mean_baseline,none,1.3031093309523778,1.3222192947339193
14762453,4,IN-RANGE,median_baseline,none,1.290034611362518,1.3222192947339193
14763246,4,IN-RANGE,mean_baseline,none,1.3031093309523778,1.3400473176613932
14763246,4,IN-RANGE,median_baseline,none,1.290034611362518,1.3400473176613932
14763251,4,IN-RANGE,mean_baseline,none,1.3031093309523778,1.3424226808222062
14763251,4,IN-RANGE,median_baseline,none,1.290034611362518,1.3424226808222062
14763265,4,IN-RANGE,mean_baseline,none,1.3031093309523778,1.3617278360175928
14763265,4,IN-RANGE,median_baseline,none,1.290034611362518,1.3617278360175928
14763266,4,IN-RANGE,mean_baseline,none,1.3031093309523778,1.3617278360175928
14763266,4,IN-RANGE,median_baseline,none,1.290034611362518,1.3617278360175928
14763273,4,IN-RANGE,mean_baseline,none,1.3031093309523778,1.3710678622717363
14763273,4,IN-RANGE,median_baseline,none,1.290034611362518,1.3710678622717363
14763274,4,IN-RANGE,mean_baseline,none,1.3031093309523778,1.3710678622717363
14763274,4,IN-RANGE,median_baseline,none,1.290034611362518,1.3710678622717363
14763288,4,IN-RANGE,mean_baseline,none,1.3031093309523778,1.380211241711606
14763288,4,IN-RANGE,median_baseline,none,1.290034611362518,1.380211241711606
14763311,4,IN-RANGE,mean_baseline,none,1.3031093309523778,1.4000196350651586
14763311,4,IN-RANGE,median_baseline,none,1.290034611362518,1.4000196350651586
14763325,4,IN-RANGE,mean_baseline,none,1.3031093309523778,1.414973347970818
14763325,4,IN-RANGE,median_baseline,none,1.290034611362518,1.414973347970818
14763330,4,IN-RANGE,mean_baseline,none,1.3031093309523778,1.420450859106068
14763330,4,IN-RANGE,median_baseline,none,1.290034611362518,1.420450859106068
14763360,4,IN-RANGE,mean_baseline,none,1.3031093309523778,1.4399639359209049
14763360,4,IN-RANGE,median_baseline,none,1.290034611362518,1.4399639359209049
14763361,4,IN-RANGE,mean_baseline,none,1.3031093309523778,1.4399639359209049
14763361,4,IN-RANGE,median_baseline,none,1.290034611362518,1.4399639359209049
14763368,4,IN-RANGE,mean_baseline,none,1.3031093309523778,1.4471580313422192
14763368,4,IN-RANGE,median_baseline,none,1.290034611362518,1.4471580313422192
14763370,4,IN-RANGE,mean_baseline,none,1.3031093309523778,1.4471580313422192
14763370,4,IN-RANGE,median_baseline,none,1.290034611362518,1.4471580313422192
14763398,4,IN-RANGE,mean_baseline,none,1.3031093309523778,1.4771212547196624
14763398,4,IN-RANGE,median_baseline,none,1.290034611362518,1.4771212547196624
14763400,4,IN-RANGE,mean_baseline,none,1.3031093309523778,1.4771212547196624
14763400,4,IN-RANGE,median_baseline,none,1.290034611362518,1.4771212547196624
14763419,4,IN-RANGE,mean_baseline,none,1.3031093309523778,1.4899584794248346
14763419,4,IN-RANGE,median_baseline,none,1.290034611362518,1.4899584794248346
14763441,4,IN-RANGE,mean_baseline,none,1.3031093309523778,1.5185139398778875
14763441,4,IN-RANGE,median_baseline,none,1.290034611362518,1.5185139398778875
14763442,4,IN-RANGE,mean_baseline,none,1.3031093309523778,1.5185139398778875
14763442,4,IN-RANGE,median_baseline,none,1.290034611362518,1.5185139398778875
14763443,4,IN-RANGE,mean_baseline,none,1.3031093309523778,1.5185139398778875
14763443,4,IN-RANGE,median_baseline,none,1.290034611362518,1.5185139398778875
14763454,4,IN-RANGE,mean_baseline,none,1.3031093309523778,1.5299434016586693
14763454,4,IN-RANGE,median_baseline,none,1.290034611362518,1.5299434016586693
14763462,4,IN-RANGE,mean_baseline,none,1.3031093309523778,1.5399538416563967
14763462,4,IN-RANGE,median_baseline,none,1.290034611362518,1.5399538416563967
14763474,4,IN-RANGE,mean_baseline,none,1.3031093309523778,1.5440680443502757
14763474,4,IN-RANGE,median_baseline,none,1.290034611362518,1.5440680443502757
14763484,4,IN-RANGE,mean_baseline,none,1.3031093309523778,1.5499836111596887
14763484,4,IN-RANGE,median_baseline,none,1.290034611362518,1.5499836111596887
14764280,4,IN-RANGE,mean_baseline,none,1.3031093309523778,1.5797835966168101
14764280,4,IN-RANGE,median_baseline,none,1.290034611362518,1.5797835966168101
14764281,4,IN-RANGE,mean_baseline,none,1.3031093309523778,1.5797835966168101
14764281,4,IN-RANGE,median_baseline,none,1.290034611362518,1.5797835966168101
14764299,4,IN-RANGE,mean_baseline,none,1.3031093309523778,1.5938396610812713
14764299,4,IN-RANGE,median_baseline,none,1.290034611362518,1.5938396610812713
14764342,4,IN-RANGE,mean_baseline,none,1.3031093309523778,1.63002085111341
14764342,4,IN-RANGE,median_baseline,none,1.290034611362518,1.63002085111341
14764343,4,IN-RANGE,mean_baseline,none,1.3031093309523778,1.63002085111341
14764343,4,IN-RANGE,median_baseline,none,1.290034611362518,1.63002085111341
14764362,4,IN-RANGE,mean_baseline,none,1.3031093309523778,1.6500159524718385
14764362,4,IN-RANGE,median_baseline,none,1.290034611362518,1.6500159524718385
14764381,4,IN-RANGE,mean_baseline,none,1.3031093309523778,1.6699673699085043
14764381,4,IN-RANGE,median_baseline,none,1.290034611362518,1.6699673699085043
14764396,4,IN-RANGE,mean_baseline,none,1.3031093309523778,1.6989700043360187
14764396,4,IN-RANGE,median_baseline,none,1.290034611362518,1.6989700043360187
14764416,4,IN-RANGE,mean_baseline,none,1.3031093309523778,1.7100326990657535
14764416,4,IN-RANGE,median_baseline,none,1.290034611362518,1.7100326990657535
14764453,4,IN-RANGE,mean_baseline,none,1.3031093309523778,1.7481880270062005
14764453,4,IN-RANGE,median_baseline,none,1.290034611362518,1.7481880270062005
14764458,4,IN-RANGE,mean_baseline,none,1.3031093309523778,1.749968083509403
14764458,4,IN-RANGE,median_baseline,none,1.290034611362518,1.749968083509403
14764485,4,IN-RANGE,mean_baseline,none,1.3031093309523778,1.7800291273373383
14764485,4,IN-RANGE,median_baseline,none,1.290034611362518,1.7800291273373383
14764500,4,IN-RANGE,mean_baseline,none,1.3031093309523778,1.8000293592441343
14764500,4,IN-RANGE,median_baseline,none,1.290034611362518,1.8000293592441343
14764521,4,IN-RANGE,mean_baseline,none,1.3031093309523778,1.8195439355418688
14764521,4,IN-RANGE,median_baseline,none,1.290034611362518,1.8195439355418688
14764525,4,IN-RANGE,mean_baseline,none,1.3031093309523778,1.8195439355418688
14764525,4,IN-RANGE,median_baseline,none,1.290034611362518,1.8195439355418688
14764529,4,IN-RANGE,mean_baseline,none,1.3031093309523778,1.8200043068083178
14764529,4,IN-RANGE,median_baseline,none,1.290034611362518,1.8200043068083178
14764531,4,IN-RANGE,mean_baseline,none,1.3031093309523778,1.8200043068083178
14764531,4,IN-RANGE,median_baseline,none,1.290034611362518,1.8200043068083178
14764537,4,IN-RANGE,mean_baseline,none,1.3031093309523778,1.8300109359361179
14764537,4,IN-RANGE,median_baseline,none,1.290034611362518,1.8300109359361179
14765332,4,IN-RANGE,mean_baseline,none,1.3031093309523778,1.8573324964312685
14765332,4,IN-RANGE,median_baseline,none,1.290034611362518,1.8573324964312685
14765341,4,IN-RANGE,mean_baseline,none,1.3031093309523778,1.863322860120456
14765341,4,IN-RANGE,median_baseline,none,1.290034611362518,1.863322860120456
14765344,4,IN-RANGE,mean_baseline,none,1.3031093309523778,1.8692317197309762
14765344,4,IN-RANGE,median_baseline,none,1.290034611362518,1.8692317197309762
14765352,4,IN-RANGE,mean_baseline,none,1.3031093309523778,1.8750612633917
14765352,4,IN-RANGE,median_baseline,none,1.290034611362518,1.8750612633917
14765354,4,IN-RANGE,mean_baseline,none,1.3031093309523778,1.8750612633917
14765354,4,IN-RANGE,median_baseline,none,1.290034611362518,1.8750612633917
14765358,4,IN-RANGE,mean_baseline,none,1.3031093309523778,1.8800128383667718
14765358,4,IN-RANGE,median_baseline,none,1.290034611362518,1.8800128383667718
14765368,4,IN-RANGE,mean_baseline,none,1.3031093309523778,1.8976270912904414
14765368,4,IN-RANGE,median_baseline,none,1.290034611362518,1.8976270912904414
14765370,4,IN-RANGE,mean_baseline,none,1.3031093309523778,1.899984562549391
14765370,4,IN-RANGE,median_baseline,none,1.290034611362518,1.899984562549391
14765371,4,IN-RANGE,mean_baseline,none,1.3031093309523778,1.899984562549391
14765371,4,IN-RANGE,median_baseline,none,1.290034611362518,1.899984562549391
14765413,4,IN-RANGE,mean_baseline,none,1.3031093309523778,1.9500239065233265
14765413,4,IN-RANGE,median_baseline,none,1.290034611362518,1.9500239065233265
14765441,4,IN-RANGE,mean_baseline,none,1.3031093309523778,1.99563519459755
14765441,4,IN-RANGE,median_baseline,none,1.290034611362518,1.99563519459755
14765451,4,IN-RANGE,mean_baseline,none,1.3031093309523778,2.012837224705172
14765451,4,IN-RANGE,median_baseline,none,1.290034611362518,2.012837224705172
14765454,4,IN-RANGE,mean_baseline,none,1.3031093309523778,2.0170333392987803
14765454,4,IN-RANGE,median_baseline,none,1.290034611362518,2.0170333392987803
14765473,4,IN-RANGE,mean_baseline,none,1.3031093309523778,2.0299921753778474
14765473,4,IN-RANGE,median_baseline,none,1.290034611362518,2.0299921753778474
14765481,4,IN-RANGE,mean_baseline,none,1.3031093309523778,2.0453229787866576
14765481,4,IN-RANGE,median_baseline,none,1.290034611362518,2.0453229787866576
14765482,4,IN-RANGE,mean_baseline,none,1.3031093309523778,2.0492180226701815
14765482,4,IN-RANGE,median_baseline,none,1.290034611362518,2.0492180226701815
14765495,4,IN-RANGE,mean_baseline,none,1.3031093309523778,2.0644579892269186
14765495,4,IN-RANGE,median_baseline,none,1.290034611362518,2.0644579892269186
14765505,4,IN-RANGE,mean_baseline,none,1.3031093309523778,2.0791812460476247
14765505,4,IN-RANGE,median_baseline,none,1.290034611362518,2.0791812460476247
14765514,4,IN-RANGE,mean_baseline,none,1.3031093309523778,2.090011024007147
14765514,4,IN-RANGE,median_baseline,none,1.290034611362518,2.090011024007147
14765523,4,IN-RANGE,mean_baseline,none,1.3031093309523778,2.103803720955957
14765523,4,IN-RANGE,median_baseline,none,1.290034611362518,2.103803720955957
14765531,4,IN-RANGE,mean_baseline,none,1.3031093309523778,2.110589710299249
14765531,4,IN-RANGE,median_baseline,none,1.290034611362518,2.110589710299249
14765535,4,IN-RANGE,mean_baseline,none,1.3031093309523778,2.120014252078067
14765535,4,IN-RANGE,median_baseline,none,1.290034611362518,2.120014252078067
14765542,4,IN-RANGE,mean_baseline,none,1.3031093309523778,2.1367205671564067
14765542,4,IN-RANGE,median_baseline,none,1.290034611362518,2.1367205671564067
14765547,4,IN-RANGE,mean_baseline,none,1.3031093309523778,2.140004950619449
14765547,4,IN-RANGE,median_baseline,none,1.290034611362518,2.140004950619449
14766491,4,ABOVE,mean_baseline,none,1.3031093309523778,
14766491,4,ABOVE,median_baseline,none,1.290034611362518,
14766496,4,ABOVE,mean_baseline,none,1.3031093309523778,
14766496,4,ABOVE,median_baseline,none,1.290034611362518,
14766501,4,ABOVE,mean_baseline,none,1.3031093309523778,
14766501,4,ABOVE,median_baseline,none,1.290034611362518,
14766506,4,ABOVE,mean_baseline,none,1.3031093309523778,
14766506,4,ABOVE,median_baseline,none,1.290034611362518,
14766507,4,ABOVE,mean_baseline,none,1.3031093309523778,
14766507,4,ABOVE,median_baseline,none,1.290034611362518,
14766509,4,ABOVE,mean_baseline,none,1.3031093309523778,
14766509,4,ABOVE,median_baseline,none,1.290034611362518,
14766516,4,ABOVE,mean_baseline,none,1.3031093309523778,
14766516,4,ABOVE,median_baseline,none,1.290034611362518,
14766519,4,ABOVE,mean_baseline,none,1.3031093309523778,
14766519,4,ABOVE,median_baseline,none,1.290034611362518,
14766523,4,ABOVE,mean_baseline,none,1.3031093309523778,
14766523,4,ABOVE,median_baseline,none,1.290034611362518,
14766529,4,ABOVE,mean_baseline,none,1.3031093309523778,
14766529,4,ABOVE,median_baseline,none,1.290034611362518,
14766531,4,ABOVE,mean_baseline,none,1.3031093309523778,
14766531,4,ABOVE,median_baseline,none,1.290034611362518,
14766532,4,ABOVE,mean_baseline,none,1.3031093309523778,
14766532,4,ABOVE,median_baseline,none,1.290034611362518,
14766534,4,ABOVE,mean_baseline,none,1.3031093309523778,
14766534,4,ABOVE,median_baseline,none,1.290034611362518,
14766538,4,ABOVE,mean_baseline,none,1.3031093309523778,
14766538,4,ABOVE,median_baseline,none,1.290034611362518,
14766560,4,ABOVE,mean_baseline,none,1.3031093309523778,
14766560,4,ABOVE,median_baseline,none,1.290034611362518,
14766561,4,ABOVE,mean_baseline,none,1.3031093309523778,
14766561,4,ABOVE,median_baseline,none,1.290034611362518,
14769806,4,IN-RANGE,mean_baseline,none,1.3031093309523778,0.47712125471966244
14769806,4,IN-RANGE,median_baseline,none,1.290034611362518,0.47712125471966244
14769807,4,IN-RANGE,mean_baseline,none,1.3031093309523778,0.47712125471966244
14769807,4,IN-RANGE,median_baseline,none,1.290034611362518,0.47712125471966244
14769814,4,IN-RANGE,mean_baseline,none,1.3031093309523778,0.47712125471966244
14769814,4,IN-RANGE,median_baseline,none,1.290034611362518,0.47712125471966244
14769819,4,BELOW,mean_baseline,none,1.3031093309523778,
14769819,4,BELOW,median_baseline,none,1.290034611362518,
14769821,4,BELOW,mean_baseline,none,1.3031093309523778,
14769821,4,BELOW,median_baseline,none,1.290034611362518,
14769829,4,BELOW,mean_baseline,none,1.3031093309523778,
14769829,4,BELOW,median_baseline,none,1.290034611362518,
14769831,4,BELOW,mean_baseline,none,1.3031093309523778,
14769831,4,BELOW,median_baseline,none,1.290034611362518,
14769839,4,BELOW,mean_baseline,none,1.3031093309523778,
14769839,4,BELOW,median_baseline,none,1.290034611362518,
14769845,4,BELOW,mean_baseline,none,1.3031093309523778,
14769845,4,BELOW,median_baseline,none,1.290034611362518,
14769857,4,BELOW,mean_baseline,none,1.3031093309523778,
14769857,4,BELOW,median_baseline,none,1.290034611362518,
14769867,4,BELOW,mean_baseline,none,1.3031093309523778,
14769867,4,BELOW,median_baseline,none,1.290034611362518,
14769870,4,BELOW,mean_baseline,none,1.3031093309523778,
14769870,4,BELOW,median_baseline,none,1.290034611362518,
14769872,4,BELOW,mean_baseline,none,1.3031093309523778,
14769872,4,BELOW,median_baseline,none,1.290034611362518,
14769881,4,BELOW,mean_baseline,none,1.3031093309523778,
14769881,4,BELOW,median_baseline,none,1.290034611362518,
14769886,4,BELOW,mean_baseline,none,1.3031093309523778,
14769886,4,BELOW,median_baseline,none,1.290034611362518,
14769889,4,BELOW,mean_baseline,none,1.3031093309523778,
14769889,4,BELOW,median_baseline,none,1.290034611362518,
14758725,4,BELOW,Ridge,descriptors,1.1852869065048766,
14758736,4,BELOW,Ridge,descriptors,1.3054737855500933,
14758740,4,BELOW,Ridge,descriptors,1.2540691540567117,
14758742,4,BELOW,Ridge,descriptors,1.2658699644459055,
14758745,4,BELOW,Ridge,descriptors,1.223178606184803,
14758751,4,BELOW,Ridge,descriptors,1.2741398972933748,
14758759,4,BELOW,Ridge,descriptors,1.2261313209092382,
14758764,4,BELOW,Ridge,descriptors,1.284274480489639,
14758765,4,BELOW,Ridge,descriptors,1.2699065403558831,
14758766,4,BELOW,Ridge,descriptors,1.2825645805100214,
14758768,4,BELOW,Ridge,descriptors,1.277339382099706,
14758774,4,BELOW,Ridge,descriptors,1.285534212174785,
14758778,4,BELOW,Ridge,descriptors,1.2350645256559023,
14758784,4,BELOW,Ridge,descriptors,1.284274480489639,
14758785,4,BELOW,Ridge,descriptors,1.2694591704758145,
14758792,4,BELOW,Ridge,descriptors,1.2866775766612966,
14758799,4,BELOW,Ridge,descriptors,1.3302319610126379,
14758802,4,BELOW,Ridge,descriptors,1.3844808507465858,
14758805,4,BELOW,Ridge,descriptors,1.4671065444818456,
14758808,4,BELOW,Ridge,descriptors,1.4650483968313632,
14758810,4,BELOW,Ridge,descriptors,1.4222720575953771,
14758811,4,BELOW,Ridge,descriptors,1.4135767605386755,
14758815,4,BELOW,Ridge,descriptors,1.2135630878215424,
14758817,4,BELOW,Ridge,descriptors,1.4400577293239947,
14758822,4,BELOW,Ridge,descriptors,1.1375679700516488,
14758824,4,BELOW,Ridge,descriptors,1.3138044159914148,
14758833,4,BELOW,Ridge,descriptors,1.310900722424124,
14758836,4,BELOW,Ridge,descriptors,1.253970326221779,
14758842,4,BELOW,Ridge,descriptors,1.2475047726835131,
14758855,4,BELOW,Ridge,descriptors,1.3055510930521657,
14758860,4,BELOW,Ridge,descriptors,1.2741398972933748,
14758866,4,BELOW,Ridge,descriptors,1.1255596825348138,
14758867,4,BELOW,Ridge,descriptors,1.3620333381566696,
14758873,4,BELOW,Ridge,descriptors,1.2286610300636438,
14758896,4,BELOW,Ridge,descriptors,1.425538899390212,
14758903,4,BELOW,Ridge,descriptors,1.233593719681553,
14758909,4,BELOW,Ridge,descriptors,1.294033998163822,
14758910,4,BELOW,Ridge,descriptors,1.2334621328748785,
14758911,4,BELOW,Ridge,descriptors,1.1041108042879553,
14758914,4,BELOW,Ridge,descriptors,1.115392335199805,
14758916,4,BELOW,Ridge,descriptors,1.1964078485950023,
14758917,4,BELOW,Ridge,descriptors,1.3169545232254962,
14758974,4,IN-RANGE,Ridge,descriptors,1.2827767327807453,0.6020599913279624
14758975,4,IN-RANGE,Ridge,descriptors,1.2955483911740104,0.6020599913279624
14758977,4,IN-RANGE,Ridge,descriptors,1.2641287273340271,0.6020599913279624
14758981,4,IN-RANGE,Ridge,descriptors,1.2929113159770094,0.6020599913279624
14758982,4,IN-RANGE,Ridge,descriptors,1.415424905189806,0.6020599913279624
14758985,4,IN-RANGE,Ridge,descriptors,1.1366388343639913,0.6020599913279624
14758998,4,IN-RANGE,Ridge,descriptors,1.2525277277191122,0.6201360549737575
14759778,4,IN-RANGE,Ridge,descriptors,1.2811318144012984,0.6599162000698503
14759783,4,IN-RANGE,Ridge,descriptors,1.2772384629649494,0.6720978579357175
14759805,4,IN-RANGE,Ridge,descriptors,1.169072332937287,0.6989700043360189
14759807,4,IN-RANGE,Ridge,descriptors,1.280858270073298,0.6989700043360189
14759814,4,IN-RANGE,Ridge,descriptors,1.277339382099706,0.6989700043360189
14759815,4,IN-RANGE,Ridge,descriptors,1.3070522863034544,0.6989700043360189
14759820,4,IN-RANGE,Ridge,descriptors,1.290992853269562,0.6989700043360189
14759822,4,IN-RANGE,Ridge,descriptors,1.4035638444728362,0.6989700043360189
14759855,4,IN-RANGE,Ridge,descriptors,1.4925010785768615,0.7299742856995556
14759865,4,IN-RANGE,Ridge,descriptors,1.2866775766612966,0.7481880270062004
14759899,4,IN-RANGE,Ridge,descriptors,1.186585607710572,0.7781512503836436
14759909,4,IN-RANGE,Ridge,descriptors,1.2707837953119618,0.7781512503836436
14759910,4,IN-RANGE,Ridge,descriptors,1.3698811337930985,0.7781512503836436
14759912,4,IN-RANGE,Ridge,descriptors,1.277339382099706,0.7781512503836436
14759914,4,IN-RANGE,Ridge,descriptors,1.2984143329027045,0.7803173121401513
14759921,4,IN-RANGE,Ridge,descriptors,1.194004914328418,0.7902851640332417
14759932,4,IN-RANGE,Ridge,descriptors,1.1743692096313474,0.8000293592441343
14759938,4,IN-RANGE,Ridge,descriptors,1.4250461781924761,0.8129133566428556
14759950,4,IN-RANGE,Ridge,descriptors,1.1616432027921166,0.829946695941636
14759956,4,IN-RANGE,Ridge,descriptors,1.1068272747637484,0.8401060944567578
14759957,4,IN-RANGE,Ridge,descriptors,1.2001900409777089,0.8401060944567578
14759967,4,IN-RANGE,Ridge,descriptors,1.2827767327807453,0.8450980400142568
14759974,4,IN-RANGE,Ridge,descriptors,1.4006296265446325,0.8450980400142568
14759976,4,IN-RANGE,Ridge,descriptors,1.3064762455854284,0.8450980400142568
14759984,4,IN-RANGE,Ridge,descriptors,1.426907251813075,0.8450980400142568
14759998,4,IN-RANGE,Ridge,descriptors,1.3605963494844533,0.8698182079793282
14760035,4,IN-RANGE,Ridge,descriptors,1.3272761752342548,0.9030899869919435
14761138,4,IN-RANGE,Ridge,descriptors,1.3788728848722227,0.9206450014067876
14761140,4,IN-RANGE,Ridge,descriptors,1.4135767605386755,0.9294189257142927
14761168,4,IN-RANGE,Ridge,descriptors,1.342500062058992,0.9542425094393249
14761174,4,IN-RANGE,Ridge,descriptors,1.2984668812665685,0.9542425094393249
14761182,4,IN-RANGE,Ridge,descriptors,1.2272401292804382,0.9542425094393249
14761183,4,IN-RANGE,Ridge,descriptors,1.2580557516873987,0.9542425094393249
14761229,4,IN-RANGE,Ridge,descriptors,1.2736630257654002,1.0
14761232,4,IN-RANGE,Ridge,descriptors,1.2961788292265655,1.0
14761235,4,IN-RANGE,Ridge,descriptors,1.4910223287496147,1.0
14761244,4,IN-RANGE,Ridge,descriptors,1.303989578447372,1.0098756337121602
14761252,4,IN-RANGE,Ridge,descriptors,1.2904921115567534,1.021189299069938
14761274,4,IN-RANGE,Ridge,descriptors,1.2640218197947752,1.0413926851582251
14761275,4,IN-RANGE,Ridge,descriptors,1.3019393670712185,1.0413926851582251
14761276,4,IN-RANGE,Ridge,descriptors,1.383005729398258,1.0413926851582251
14761282,4,IN-RANGE,Ridge,descriptors,1.4393417038066698,1.0413926851582251
14761286,4,IN-RANGE,Ridge,descriptors,1.39185979039914,1.0413926851582251
14761299,4,IN-RANGE,Ridge,descriptors,1.2650671406590897,1.0599418880619547
14761317,4,IN-RANGE,Ridge,descriptors,1.3547474314709642,1.0791812460476249
14761322,4,IN-RANGE,Ridge,descriptors,1.4268943228436064,1.0791812460476249
14761343,4,IN-RANGE,Ridge,descriptors,1.1738006986103742,1.0969100130080565
14761348,4,IN-RANGE,Ridge,descriptors,1.2932457520277045,1.1000257301078626
14761349,4,IN-RANGE,Ridge,descriptors,1.3002624775538347,1.1000257301078626
14761365,4,IN-RANGE,Ridge,descriptors,1.1036194477810155,1.1139433523068367
14761372,4,IN-RANGE,Ridge,descriptors,1.482259576686289,1.1139433523068367
14762238,4,IN-RANGE,Ridge,descriptors,1.3136729034099162,1.146128035678238
14762241,4,IN-RANGE,Ridge,descriptors,1.2650671406590897,1.1501421618485586
14762244,4,IN-RANGE,Ridge,descriptors,1.3844808507465858,1.1501421618485586
14762264,4,IN-RANGE,Ridge,descriptors,1.1781517900231386,1.1699681739968923
14762275,4,IN-RANGE,Ridge,descriptors,1.136508901413465,1.1760912590556813
14762302,4,IN-RANGE,Ridge,descriptors,1.1246943125444706,1.2041199826559248
14762306,4,IN-RANGE,Ridge,descriptors,1.243604724069129,1.2041199826559248
14762307,4,IN-RANGE,Ridge,descriptors,1.4622474749314864,1.2041199826559248
14762345,4,IN-RANGE,Ridge,descriptors,1.2737856065596922,1.2400497721126476
14762353,4,IN-RANGE,Ridge,descriptors,1.2458875971209817,1.249931756634195
14762362,4,IN-RANGE,Ridge,descriptors,1.2055292112354006,1.255272505103306
14762364,4,IN-RANGE,Ridge,descriptors,1.4098804712364148,1.255272505103306
14762365,4,IN-RANGE,Ridge,descriptors,1.309822041814637,1.255272505103306
14762371,4,IN-RANGE,Ridge,descriptors,1.1685837451234407,1.2600713879850747
14762373,4,IN-RANGE,Ridge,descriptors,1.415424905189806,1.2671717284030137
14762377,4,IN-RANGE,Ridge,descriptors,1.4386420911508895,1.2699796766453237
14762404,4,IN-RANGE,Ridge,descriptors,1.143286808111425,1.290034611362518
14762417,4,IN-RANGE,Ridge,descriptors,1.4613371552281191,1.299942900022767
14762428,4,IN-RANGE,Ridge,descriptors,1.260490477135958,1.3010299956639813
14762434,4,IN-RANGE,Ridge,descriptors,1.211546985038259,1.3100557377508915
14762451,4,IN-RANGE,Ridge,descriptors,1.4497802160182887,1.3222192947339193
14762453,4,IN-RANGE,Ridge,descriptors,1.2564440958415826,1.3222192947339193
14763246,4,IN-RANGE,Ridge,descriptors,1.09810593401709,1.3400473176613932
14763251,4,IN-RANGE,Ridge,descriptors,1.3162901808130147,1.3424226808222062
14763265,4,IN-RANGE,Ridge,descriptors,1.3693268811652146,1.3617278360175928
14763266,4,IN-RANGE,Ridge,descriptors,1.2866775766612966,1.3617278360175928
14763273,4,IN-RANGE,Ridge,descriptors,1.2412093183505943,1.3710678622717363
14763274,4,IN-RANGE,Ridge,descriptors,1.4382095846728644,1.3710678622717363
14763288,4,IN-RANGE,Ridge,descriptors,1.3159768342833622,1.380211241711606
14763311,4,IN-RANGE,Ridge,descriptors,1.3117283576016308,1.4000196350651586
14763325,4,IN-RANGE,Ridge,descriptors,1.4449701859140716,1.414973347970818
14763330,4,IN-RANGE,Ridge,descriptors,1.2821049497289334,1.420450859106068
14763360,4,IN-RANGE,Ridge,descriptors,1.2581377548924402,1.4399639359209049
14763361,4,IN-RANGE,Ridge,descriptors,1.4016484826197193,1.4399639359209049
14763368,4,IN-RANGE,Ridge,descriptors,1.2643788384874466,1.4471580313422192
14763370,4,IN-RANGE,Ridge,descriptors,1.3305809607745998,1.4471580313422192
14763398,4,IN-RANGE,Ridge,descriptors,1.6179486260925202,1.4771212547196624
14763400,4,IN-RANGE,Ridge,descriptors,1.2719338086148708,1.4771212547196624
14763419,4,IN-RANGE,Ridge,descriptors,1.1708998643811102,1.4899584794248346
14763441,4,IN-RANGE,Ridge,descriptors,1.2082212832945964,1.5185139398778875
14763442,4,IN-RANGE,Ridge,descriptors,1.3327200024169545,1.5185139398778875
14763443,4,IN-RANGE,Ridge,descriptors,1.2904921115567534,1.5185139398778875
14763454,4,IN-RANGE,Ridge,descriptors,1.1687612903196456,1.5299434016586693
14763462,4,IN-RANGE,Ridge,descriptors,1.285551174652304,1.5399538416563967
14763474,4,IN-RANGE,Ridge,descriptors,1.4728450044639056,1.5440680443502757
14763484,4,IN-RANGE,Ridge,descriptors,1.3041050879983414,1.5499836111596887
14764280,4,IN-RANGE,Ridge,descriptors,1.4657842537235808,1.5797835966168101
14764281,4,IN-RANGE,Ridge,descriptors,1.4723870092078015,1.5797835966168101
14764299,4,IN-RANGE,Ridge,descriptors,1.3600855707957458,1.5938396610812713
14764342,4,IN-RANGE,Ridge,descriptors,1.394655201520016,1.63002085111341
14764343,4,IN-RANGE,Ridge,descriptors,1.005764140606147,1.63002085111341
14764362,4,IN-RANGE,Ridge,descriptors,1.2535758971609305,1.6500159524718385
14764381,4,IN-RANGE,Ridge,descriptors,1.2779730457299368,1.6699673699085043
14764396,4,IN-RANGE,Ridge,descriptors,1.4321401662133915,1.6989700043360187
14764416,4,IN-RANGE,Ridge,descriptors,1.1423291818399264,1.7100326990657535
14764453,4,IN-RANGE,Ridge,descriptors,1.4191793275320317,1.7481880270062005
14764458,4,IN-RANGE,Ridge,descriptors,1.2086335770433838,1.749968083509403
14764485,4,IN-RANGE,Ridge,descriptors,1.2282312271992681,1.7800291273373383
14764500,4,IN-RANGE,Ridge,descriptors,1.4366899387726713,1.8000293592441343
14764521,4,IN-RANGE,Ridge,descriptors,1.4528614727984563,1.8195439355418688
14764525,4,IN-RANGE,Ridge,descriptors,1.4701518543538656,1.8195439355418688
14764529,4,IN-RANGE,Ridge,descriptors,1.1926495823793952,1.8200043068083178
14764531,4,IN-RANGE,Ridge,descriptors,1.335288271282267,1.8200043068083178
14764537,4,IN-RANGE,Ridge,descriptors,1.241098819876223,1.8300109359361179
14765332,4,IN-RANGE,Ridge,descriptors,1.1737917723945268,1.8573324964312685
14765341,4,IN-RANGE,Ridge,descriptors,1.2736630257654002,1.863322860120456
14765344,4,IN-RANGE,Ridge,descriptors,1.361424291235051,1.8692317197309762
14765352,4,IN-RANGE,Ridge,descriptors,1.2873000494223337,1.8750612633917
14765354,4,IN-RANGE,Ridge,descriptors,1.4862972238171326,1.8750612633917
14765358,4,IN-RANGE,Ridge,descriptors,1.3899372566931025,1.8800128383667718
14765368,4,IN-RANGE,Ridge,descriptors,1.2855986233082215,1.8976270912904414
14765370,4,IN-RANGE,Ridge,descriptors,1.2151451206921335,1.899984562549391
14765371,4,IN-RANGE,Ridge,descriptors,1.306591256543114,1.899984562549391
14765413,4,IN-RANGE,Ridge,descriptors,1.2191996038530784,1.9500239065233265
14765441,4,IN-RANGE,Ridge,descriptors,1.2954966255493745,1.99563519459755
14765451,4,IN-RANGE,Ridge,descriptors,1.3465664506456578,2.012837224705172
14765454,4,IN-RANGE,Ridge,descriptors,1.2915362501762315,2.0170333392987803
14765473,4,IN-RANGE,Ridge,descriptors,1.242059957983553,2.0299921753778474
14765481,4,IN-RANGE,Ridge,descriptors,1.4328942144546366,2.0453229787866576
14765482,4,IN-RANGE,Ridge,descriptors,1.503303879394973,2.0492180226701815
14765495,4,IN-RANGE,Ridge,descriptors,1.3285618518369289,2.0644579892269186
14765505,4,IN-RANGE,Ridge,descriptors,1.280469384678885,2.0791812460476247
14765514,4,IN-RANGE,Ridge,descriptors,1.3775074068730262,2.090011024007147
14765523,4,IN-RANGE,Ridge,descriptors,1.3010746031861136,2.103803720955957
14765531,4,IN-RANGE,Ridge,descriptors,1.378915090680208,2.110589710299249
14765535,4,IN-RANGE,Ridge,descriptors,1.2656996927880424,2.120014252078067
14765542,4,IN-RANGE,Ridge,descriptors,1.3506435215329715,2.1367205671564067
14765547,4,IN-RANGE,Ridge,descriptors,1.1715854457974704,2.140004950619449
14766491,4,ABOVE,Ridge,descriptors,1.2938399318448972,
14766496,4,ABOVE,Ridge,descriptors,1.4327511741501726,
14766501,4,ABOVE,Ridge,descriptors,1.252574280543805,
14766506,4,ABOVE,Ridge,descriptors,1.2243358112489242,
14766507,4,ABOVE,Ridge,descriptors,1.223866833852339,
14766509,4,ABOVE,Ridge,descriptors,1.2438701812335526,
14766516,4,ABOVE,Ridge,descriptors,1.399642828866359,
14766519,4,ABOVE,Ridge,descriptors,1.327222045994937,
14766523,4,ABOVE,Ridge,descriptors,1.317503771274821,
14766529,4,ABOVE,Ridge,descriptors,1.2783149497960045,
14766531,4,ABOVE,Ridge,descriptors,1.238797183250569,
14766532,4,ABOVE,Ridge,descriptors,1.232478798021661,
14766534,4,ABOVE,Ridge,descriptors,1.531309182008532,
14766538,4,ABOVE,Ridge,descriptors,1.2390051851733515,
14766560,4,ABOVE,Ridge,descriptors,1.3626619276720313,
14766561,4,ABOVE,Ridge,descriptors,1.3626619276720313,
14769806,4,IN-RANGE,Ridge,descriptors,1.2822532129657624,0.47712125471966244
14769807,4,IN-RANGE,Ridge,descriptors,1.2391088300585378,0.47712125471966244
14769814,4,IN-RANGE,Ridge,descriptors,1.165126281353892,0.47712125471966244
14769819,4,BELOW,Ridge,descriptors,1.3782654934366054,
14769821,4,BELOW,Ridge,descriptors,1.3559497068358133,
14769829,4,BELOW,Ridge,descriptors,1.1834269740146666,
14769831,4,BELOW,Ridge,descriptors,1.1651841362307143,
14769839,4,BELOW,Ridge,descriptors,1.1506815354641489,
14769845,4,BELOW,Ridge,descriptors,1.249820039790989,
14769857,4,BELOW,Ridge,descriptors,1.280858270073298,
14769867,4,BELOW,Ridge,descriptors,1.2948541062730337,
14769870,4,BELOW,Ridge,descriptors,1.1878306147268618,
14769872,4,BELOW,Ridge,descriptors,1.2434026342169187,
14769881,4,BELOW,Ridge,descriptors,1.259098060093159,
14769886,4,BELOW,Ridge,descriptors,1.278370456465428,
14769889,4,BELOW,Ridge,descriptors,1.1566534554082766,
14758725,4,BELOW,RandomForestRegressor,descriptors,1.0295237442709633,
14758736,4,BELOW,RandomForestRegressor,descriptors,1.0942452044806077,
14758740,4,BELOW,RandomForestRegressor,descriptors,1.15280439425461,
14758742,4,BELOW,RandomForestRegressor,descriptors,1.2508203851233173,
14758745,4,BELOW,RandomForestRegressor,descriptors,1.2309519795597486,
14758751,4,BELOW,RandomForestRegressor,descriptors,1.120329137073533,
14758759,4,BELOW,RandomForestRegressor,descriptors,1.0185243013591168,
14758764,4,BELOW,RandomForestRegressor,descriptors,1.2254039771657295,
14758765,4,BELOW,RandomForestRegressor,descriptors,1.260639735668337,
14758766,4,BELOW,RandomForestRegressor,descriptors,1.277191497209214,
14758768,4,BELOW,RandomForestRegressor,descriptors,1.1119164711369411,
14758774,4,BELOW,RandomForestRegressor,descriptors,1.194944187680766,
14758778,4,BELOW,RandomForestRegressor,descriptors,1.0844067867076475,
14758784,4,BELOW,RandomForestRegressor,descriptors,1.2254039771657295,
14758785,4,BELOW,RandomForestRegressor,descriptors,1.0096685922037671,
14758792,4,BELOW,RandomForestRegressor,descriptors,1.0123783452961783,
14758799,4,BELOW,RandomForestRegressor,descriptors,1.2722145910351714,
14758802,4,BELOW,RandomForestRegressor,descriptors,1.3323317532313,
14758805,4,BELOW,RandomForestRegressor,descriptors,1.2739471173532657,
14758808,4,BELOW,RandomForestRegressor,descriptors,1.2849622435512713,
14758810,4,BELOW,RandomForestRegressor,descriptors,1.2349278025101444,
14758811,4,BELOW,RandomForestRegressor,descriptors,1.3882065471424638,
14758815,4,BELOW,RandomForestRegressor,descriptors,0.958800556424241,
14758817,4,BELOW,RandomForestRegressor,descriptors,1.2800358173982036,
14758822,4,BELOW,RandomForestRegressor,descriptors,0.9705638988246177,
14758824,4,BELOW,RandomForestRegressor,descriptors,1.3772427966683278,
14758833,4,BELOW,RandomForestRegressor,descriptors,1.4193843221933422,
14758836,4,BELOW,RandomForestRegressor,descriptors,1.200757950285867,
14758842,4,BELOW,RandomForestRegressor,descriptors,1.2412620951313815,
14758855,4,BELOW,RandomForestRegressor,descriptors,1.0942462002262063,
14758860,4,BELOW,RandomForestRegressor,descriptors,1.120329137073533,
14758866,4,BELOW,RandomForestRegressor,descriptors,0.7620642370840021,
14758867,4,BELOW,RandomForestRegressor,descriptors,1.3931805122111107,
14758873,4,BELOW,RandomForestRegressor,descriptors,1.1449129931199078,
14758896,4,BELOW,RandomForestRegressor,descriptors,1.3947890418433195,
14758903,4,BELOW,RandomForestRegressor,descriptors,1.2276458145470903,
14758909,4,BELOW,RandomForestRegressor,descriptors,1.2117046850332638,
14758910,4,BELOW,RandomForestRegressor,descriptors,1.2314025605371353,
14758911,4,BELOW,RandomForestRegressor,descriptors,1.2265698776854908,
14758914,4,BELOW,RandomForestRegressor,descriptors,0.8787771838478327,
14758916,4,BELOW,RandomForestRegressor,descriptors,1.2917071748720264,
14758917,4,BELOW,RandomForestRegressor,descriptors,1.316025978939838,
14758974,4,IN-RANGE,RandomForestRegressor,descriptors,1.073759052788048,0.6020599913279624
14758975,4,IN-RANGE,RandomForestRegressor,descriptors,1.233217071526963,0.6020599913279624
14758977,4,IN-RANGE,RandomForestRegressor,descriptors,1.1929915276107155,0.6020599913279624
14758981,4,IN-RANGE,RandomForestRegressor,descriptors,0.9712695103013038,0.6020599913279624
14758982,4,IN-RANGE,RandomForestRegressor,descriptors,1.4204628242432344,0.6020599913279624
14758985,4,IN-RANGE,RandomForestRegressor,descriptors,1.201342097215765,0.6020599913279624
14758998,4,IN-RANGE,RandomForestRegressor,descriptors,1.117743290866004,0.6201360549737575
14759778,4,IN-RANGE,RandomForestRegressor,descriptors,1.1022337399914734,0.6599162000698503
14759783,4,IN-RANGE,RandomForestRegressor,descriptors,1.2587769169597371,0.6720978579357175
14759805,4,IN-RANGE,RandomForestRegressor,descriptors,1.222058458123728,0.6989700043360189
14759807,4,IN-RANGE,RandomForestRegressor,descriptors,0.9849883619215619,0.6989700043360189
14759814,4,IN-RANGE,RandomForestRegressor,descriptors,1.1119164711369411,0.6989700043360189
14759815,4,IN-RANGE,RandomForestRegressor,descriptors,1.0195657742241442,0.6989700043360189
14759820,4,IN-RANGE,RandomForestRegressor,descriptors,0.996624637702771,0.6989700043360189
14759822,4,IN-RANGE,RandomForestRegressor,descriptors,1.6012841724784315,0.6989700043360189
14759855,4,IN-RANGE,RandomForestRegressor,descriptors,1.1175644865830199,0.7299742856995556
14759865,4,IN-RANGE,RandomForestRegressor,descriptors,1.0123783452961783,0.7481880270062004
14759899,4,IN-RANGE,RandomForestRegressor,descriptors,1.5615070972538354,0.7781512503836436
14759909,4,IN-RANGE,RandomForestRegressor,descriptors,1.2857134491256732,0.7781512503836436
14759910,4,IN-RANGE,RandomForestRegressor,descriptors,1.08358058973475,0.7781512503836436
14759912,4,IN-RANGE,RandomForestRegressor,descriptors,1.1119164711369411,0.7781512503836436
14759914,4,IN-RANGE,RandomForestRegressor,descriptors,1.4639702268922798,0.7803173121401513
14759921,4,IN-RANGE,RandomForestRegressor,descriptors,0.9972189855025902,0.7902851640332417
14759932,4,IN-RANGE,RandomForestRegressor,descriptors,1.214809915065901,0.8000293592441343
14759938,4,IN-RANGE,RandomForestRegressor,descriptors,1.3073260674882607,0.8129133566428556
14759950,4,IN-RANGE,RandomForestRegressor,descriptors,1.3923867802621683,0.829946695941636
14759956,4,IN-RANGE,RandomForestRegressor,descriptors,0.7988513764333288,0.8401060944567578
14759957,4,IN-RANGE,RandomForestRegressor,descriptors,1.2920108892699345,0.8401060944567578
14759967,4,IN-RANGE,RandomForestRegressor,descriptors,1.073759052788048,0.8450980400142568
14759974,4,IN-RANGE,RandomForestRegressor,descriptors,1.2925659197207438,0.8450980400142568
14759976,4,IN-RANGE,RandomForestRegressor,descriptors,1.3321171742563354,0.8450980400142568
14759984,4,IN-RANGE,RandomForestRegressor,descriptors,1.3058790920820507,0.8450980400142568
14759998,4,IN-RANGE,RandomForestRegressor,descriptors,1.2151569407306426,0.8698182079793282
14760035,4,IN-RANGE,RandomForestRegressor,descriptors,1.1526459508040676,0.9030899869919435
14761138,4,IN-RANGE,RandomForestRegressor,descriptors,1.385396055671154,0.9206450014067876
14761140,4,IN-RANGE,RandomForestRegressor,descriptors,1.3882065471424638,0.9294189257142927
14761168,4,IN-RANGE,RandomForestRegressor,descriptors,1.1433296800283457,0.9542425094393249
14761174,4,IN-RANGE,RandomForestRegressor,descriptors,1.115476781800758,0.9542425094393249
14761182,4,IN-RANGE,RandomForestRegressor,descriptors,1.4436468977016568,0.9542425094393249
14761183,4,IN-RANGE,RandomForestRegressor,descriptors,1.1654191061034873,0.9542425094393249
14761229,4,IN-RANGE,RandomForestRegressor,descriptors,1.439494842774457,1.0
14761232,4,IN-RANGE,RandomForestRegressor,descriptors,1.060475968732008,1.0
14761235,4,IN-RANGE,RandomForestRegressor,descriptors,1.4293131400488377,1.0
14761244,4,IN-RANGE,RandomForestRegressor,descriptors,1.2168162415080388,1.0098756337121602
14761252,4,IN-RANGE,RandomForestRegressor,descriptors,1.1887981124819968,1.021189299069938
14761274,4,IN-RANGE,RandomForestRegressor,descriptors,1.1609238339821746,1.0413926851582251
14761275,4,IN-RANGE,RandomForestRegressor,descriptors,1.3100239852744493,1.0413926851582251
14761276,4,IN-RANGE,RandomForestRegressor,descriptors,1.2447299795180995,1.0413926851582251
14761282,4,IN-RANGE,RandomForestRegressor,descriptors,1.3653541925938035,1.0413926851582251
14761286,4,IN-RANGE,RandomForestRegressor,descriptors,1.4444014148875484,1.0413926851582251
14761299,4,IN-RANGE,RandomForestRegressor,descriptors,1.1722608542005295,1.0599418880619547
14761317,4,IN-RANGE,RandomForestRegressor,descriptors,1.397035145633694,1.0791812460476249
14761322,4,IN-RANGE,RandomForestRegressor,descriptors,1.3270224325087627,1.0791812460476249
14761343,4,IN-RANGE,RandomForestRegressor,descriptors,1.2595543390587536,1.0969100130080565
14761348,4,IN-RANGE,RandomForestRegressor,descriptors,0.9297183296841193,1.1000257301078626
14761349,4,IN-RANGE,RandomForestRegressor,descriptors,1.4041312167141213,1.1000257301078626
14761365,4,IN-RANGE,RandomForestRegressor,descriptors,1.0903252214726946,1.1139433523068367
14761372,4,IN-RANGE,RandomForestRegressor,descriptors,1.482519884283857,1.1139433523068367
14762238,4,IN-RANGE,RandomForestRegressor,descriptors,1.455785694927017,1.146128035678238
14762241,4,IN-RANGE,RandomForestRegressor,descriptors,1.1722608542005295,1.1501421618485586
14762244,4,IN-RANGE,RandomForestRegressor,descriptors,1.3323317532313,1.1501421618485586
14762264,4,IN-RANGE,RandomForestRegressor,descriptors,1.3143759492375553,1.1699681739968923
14762275,4,IN-RANGE,RandomForestRegressor,descriptors,1.295652023893769,1.1760912590556813
14762302,4,IN-RANGE,RandomForestRegressor,descriptors,1.266057371383458,1.2041199826559248
14762306,4,IN-RANGE,RandomForestRegressor,descriptors,1.0380695886465965,1.2041199826559248
14762307,4,IN-RANGE,RandomForestRegressor,descriptors,1.4980666869473893,1.2041199826559248
14762345,4,IN-RANGE,RandomForestRegressor,descriptors,1.309001172475684,1.2400497721126476
14762353,4,IN-RANGE,RandomForestRegressor,descriptors,1.3945999317028577,1.249931756634195
14762362,4,IN-RANGE,RandomForestRegressor,descriptors,1.1626317926827143,1.255272505103306
14762364,4,IN-RANGE,RandomForestRegressor,descriptors,1.3581057041738,1.255272505103306
14762365,4,IN-RANGE,RandomForestRegressor,descriptors,1.3311969779082762,1.255272505103306
14762371,4,IN-RANGE,RandomForestRegressor,descriptors,1.003824124595319,1.2600713879850747
14762373,4,IN-RANGE,RandomForestRegressor,descriptors,1.4204628242432344,1.2671717284030137
14762377,4,IN-RANGE,RandomForestRegressor,descriptors,1.349875651633823,1.2699796766453237
14762404,4,IN-RANGE,RandomForestRegressor,descriptors,1.2483438846338242,1.290034611362518
14762417,4,IN-RANGE,RandomForestRegressor,descriptors,1.4190292943026688,1.299942900022767
14762428,4,IN-RANGE,RandomForestRegressor,descriptors,1.3412040102997012,1.3010299956639813
14762434,4,IN-RANGE,RandomForestRegressor,descriptors,1.4331863205278026,1.3100557377508915
14762451,4,IN-RANGE,RandomForestRegressor,descriptors,1.3827464255481459,1.3222192947339193
14762453,4,IN-RANGE,RandomForestRegressor,descriptors,1.343098069336663,1.3222192947339193
14763246,4,IN-RANGE,RandomForestRegressor,descriptors,1.0891996252676062,1.3400473176613932
14763251,4,IN-RANGE,RandomForestRegressor,descriptors,1.2948811140020635,1.3424226808222062
14763265,4,IN-RANGE,RandomForestRegressor,descriptors,1.2648827765648678,1.3617278360175928
14763266,4,IN-RANGE,RandomForestRegressor,descriptors,1.0123783452961783,1.3617278360175928
14763273,4,IN-RANGE,RandomForestRegressor,descriptors,1.2237105768593284,1.3710678622717363
14763274,4,IN-RANGE,RandomForestRegressor,descriptors,1.2683331747256665,1.3710678622717363
14763288,4,IN-RANGE,RandomForestRegressor,descriptors,1.170627709762295,1.380211241711606
14763311,4,IN-RANGE,RandomForestRegressor,descriptors,1.413972609184984,1.4000196350651586
14763325,4,IN-RANGE,RandomForestRegressor,descriptors,1.4070337871834504,1.414973347970818
14763330,4,IN-RANGE,RandomForestRegressor,descriptors,1.387965540322057,1.420450859106068
14763360,4,IN-RANGE,RandomForestRegressor,descriptors,1.4145251998232806,1.4399639359209049
14763361,4,IN-RANGE,RandomForestRegressor,descriptors,1.4371181510066646,1.4399639359209049
14763368,4,IN-RANGE,RandomForestRegressor,descriptors,1.3500005179675025,1.4471580313422192
14763370,4,IN-RANGE,RandomForestRegressor,descriptors,1.2696885926230705,1.4471580313422192
14763398,4,IN-RANGE,RandomForestRegressor,descriptors,1.5507548581966792,1.4771212547196624
14763400,4,IN-RANGE,RandomForestRegressor,descriptors,1.3783564918153195,1.4771212547196624
14763419,4,IN-RANGE,RandomForestRegressor,descriptors,0.8911064819746878,1.4899584794248346
14763441,4,IN-RANGE,RandomForestRegressor,descriptors,1.2732241046091488,1.5185139398778875
14763442,4,IN-RANGE,RandomForestRegressor,descriptors,1.4855208299507168,1.5185139398778875
14763443,4,IN-RANGE,RandomForestRegressor,descriptors,1.1887981124819968,1.5185139398778875
14763454,4,IN-RANGE,RandomForestRegressor,descriptors,1.3717686125283999,1.5299434016586693
14763462,4,IN-RANGE,RandomForestRegressor,descriptors,1.354105877601529,1.5399538416563967
14763474,4,IN-RANGE,RandomForestRegressor,descriptors,1.4033464982423198,1.5440680443502757
14763484,4,IN-RANGE,RandomForestRegressor,descriptors,1.6212459894867792,1.5499836111596887
14764280,4,IN-RANGE,RandomForestRegressor,descriptors,1.6427531468682173,1.5797835966168101
14764281,4,IN-RANGE,RandomForestRegressor,descriptors,1.5830243619968725,1.5797835966168101
14764299,4,IN-RANGE,RandomForestRegressor,descriptors,1.4200395157869192,1.5938396610812713
14764342,4,IN-RANGE,RandomForestRegressor,descriptors,1.4578641245359139,1.63002085111341
14764343,4,IN-RANGE,RandomForestRegressor,descriptors,0.8119530324507808,1.63002085111341
14764362,4,IN-RANGE,RandomForestRegressor,descriptors,1.3404609661797229,1.6500159524718385
14764381,4,IN-RANGE,RandomForestRegressor,descriptors,1.2599491362895445,1.6699673699085043
14764396,4,IN-RANGE,RandomForestRegressor,descriptors,1.0988441286480048,1.6989700043360187
14764416,4,IN-RANGE,RandomForestRegressor,descriptors,1.168091456013586,1.7100326990657535
14764453,4,IN-RANGE,RandomForestRegressor,descriptors,1.3650336394570741,1.7481880270062005
14764458,4,IN-RANGE,RandomForestRegressor,descriptors,1.5345190057494325,1.749968083509403
14764485,4,IN-RANGE,RandomForestRegressor,descriptors,1.292974186563677,1.7800291273373383
14764500,4,IN-RANGE,RandomForestRegressor,descriptors,1.3336625393694006,1.8000293592441343
14764521,4,IN-RANGE,RandomForestRegressor,descriptors,1.2981163690739346,1.8195439355418688
14764525,4,IN-RANGE,RandomForestRegressor,descriptors,1.4657668185727093,1.8195439355418688
14764529,4,IN-RANGE,RandomForestRegressor,descriptors,1.1991990663733494,1.8200043068083178
14764531,4,IN-RANGE,RandomForestRegressor,descriptors,1.3941879824912502,1.8200043068083178
14764537,4,IN-RANGE,RandomForestRegressor,descriptors,1.5576723871727014,1.8300109359361179
14765332,4,IN-RANGE,RandomForestRegressor,descriptors,1.1026134859116097,1.8573324964312685
14765341,4,IN-RANGE,RandomForestRegressor,descriptors,1.439494842774457,1.863322860120456
14765344,4,IN-RANGE,RandomForestRegressor,descriptors,1.4398257081913206,1.8692317197309762
14765352,4,IN-RANGE,RandomForestRegressor,descriptors,1.459106899576279,1.8750612633917
14765354,4,IN-RANGE,RandomForestRegressor,descriptors,1.4477606918254315,1.8750612633917
14765358,4,IN-RANGE,RandomForestRegressor,descriptors,1.3736841325690727,1.8800128383667718
14765368,4,IN-RANGE,RandomForestRegressor,descriptors,1.4275084757516914,1.8976270912904414
14765370,4,IN-RANGE,RandomForestRegressor,descriptors,1.3862187687338527,1.899984562549391
14765371,4,IN-RANGE,RandomForestRegressor,descriptors,1.0821989744861338,1.899984562549391
14765413,4,IN-RANGE,RandomForestRegressor,descriptors,1.3627480347764227,1.9500239065233265
14765441,4,IN-RANGE,RandomForestRegressor,descriptors,1.4678737005709102,1.99563519459755
14765451,4,IN-RANGE,RandomForestRegressor,descriptors,1.5644128660905767,2.012837224705172
14765454,4,IN-RANGE,RandomForestRegressor,descriptors,1.335723794178589,2.0170333392987803
14765473,4,IN-RANGE,RandomForestRegressor,descriptors,1.3506382649903523,2.0299921753778474
14765481,4,IN-RANGE,RandomForestRegressor,descriptors,1.3093497915544898,2.0453229787866576
14765482,4,IN-RANGE,RandomForestRegressor,descriptors,1.576891379853186,2.0492180226701815
14765495,4,IN-RANGE,RandomForestRegressor,descriptors,1.2059109132358903,2.0644579892269186
14765505,4,IN-RANGE,RandomForestRegressor,descriptors,1.339256447379856,2.0791812460476247
14765514,4,IN-RANGE,RandomForestRegressor,descriptors,1.212734379926484,2.090011024007147
14765523,4,IN-RANGE,RandomForestRegressor,descriptors,1.2125045339871265,2.103803720955957
14765531,4,IN-RANGE,RandomForestRegressor,descriptors,1.4324491655313942,2.110589710299249
14765535,4,IN-RANGE,RandomForestRegressor,descriptors,1.0294906840095752,2.120014252078067
14765542,4,IN-RANGE,RandomForestRegressor,descriptors,1.180309627735361,2.1367205671564067
14765547,4,IN-RANGE,RandomForestRegressor,descriptors,1.5450684914840491,2.140004950619449
14766491,4,ABOVE,RandomForestRegressor,descriptors,0.997312488816194,
14766496,4,ABOVE,RandomForestRegressor,descriptors,1.425788813702973,
14766501,4,ABOVE,RandomForestRegressor,descriptors,1.4337210806753895,
14766506,4,ABOVE,RandomForestRegressor,descriptors,1.0367131631730937,
14766507,4,ABOVE,RandomForestRegressor,descriptors,1.3550232128942634,
14766509,4,ABOVE,RandomForestRegressor,descriptors,1.3347883544452372,
14766516,4,ABOVE,RandomForestRegressor,descriptors,1.1827692020037541,
14766519,4,ABOVE,RandomForestRegressor,descriptors,1.3868668546334748,
14766523,4,ABOVE,RandomForestRegressor,descriptors,1.3951659569442814,
14766529,4,ABOVE,RandomForestRegressor,descriptors,1.3614720461454413,
14766531,4,ABOVE,RandomForestRegressor,descriptors,1.179344714792597,
14766532,4,ABOVE,RandomForestRegressor,descriptors,1.4519933816104769,
14766534,4,ABOVE,RandomForestRegressor,descriptors,1.4424116072651778,
14766538,4,ABOVE,RandomForestRegressor,descriptors,1.050650977878349,
14766560,4,ABOVE,RandomForestRegressor,descriptors,1.4185814830430439,
14766561,4,ABOVE,RandomForestRegressor,descriptors,1.4185814830430439,
14769806,4,IN-RANGE,RandomForestRegressor,descriptors,1.074830400026298,0.47712125471966244
14769807,4,IN-RANGE,RandomForestRegressor,descriptors,1.2218867062170733,0.47712125471966244
14769814,4,IN-RANGE,RandomForestRegressor,descriptors,1.4753536845111828,0.47712125471966244
14769819,4,BELOW,RandomForestRegressor,descriptors,1.2557379846711911,
14769821,4,BELOW,RandomForestRegressor,descriptors,1.2878784555242333,
14769829,4,BELOW,RandomForestRegressor,descriptors,0.8885742068385568,
14769831,4,BELOW,RandomForestRegressor,descriptors,1.2029972520336443,
14769839,4,BELOW,RandomForestRegressor,descriptors,1.1736468796536825,
14769845,4,BELOW,RandomForestRegressor,descriptors,1.266208226656403,
14769857,4,BELOW,RandomForestRegressor,descriptors,0.9849883619215619,
14769867,4,BELOW,RandomForestRegressor,descriptors,1.6193092574199925,
14769870,4,BELOW,RandomForestRegressor,descriptors,1.290476069877914,
14769872,4,BELOW,RandomForestRegressor,descriptors,1.074939611402572,
14769881,4,BELOW,RandomForestRegressor,descriptors,1.257846043335217,
14769886,4,BELOW,RandomForestRegressor,descriptors,1.5153239910278595,
14769889,4,BELOW,RandomForestRegressor,descriptors,1.0197151246455178,
14758725,4,BELOW,Ridge,Morgan,1.2166917593052289,
14758736,4,BELOW,Ridge,Morgan,1.368501109590233,
14758740,4,BELOW,Ridge,Morgan,1.3171651930919992,
14758742,4,BELOW,Ridge,Morgan,0.6883345131088048,
14758745,4,BELOW,Ridge,Morgan,1.3355962410045203,
14758751,4,BELOW,Ridge,Morgan,1.0110695457720826,
14758759,4,BELOW,Ridge,Morgan,0.8026963521466113,
14758764,4,BELOW,Ridge,Morgan,1.0425452633714831,
14758765,4,BELOW,Ridge,Morgan,0.9508478365670281,
14758766,4,BELOW,Ridge,Morgan,1.0784426815942412,
14758768,4,BELOW,Ridge,Morgan,0.9155835404662072,
14758774,4,BELOW,Ridge,Morgan,1.031983272072259,
14758778,4,BELOW,Ridge,Morgan,0.7522031318828223,
14758784,4,BELOW,Ridge,Morgan,0.6698946067490248,
14758785,4,BELOW,Ridge,Morgan,0.7247182518403015,
14758792,4,BELOW,Ridge,Morgan,0.7615032129609663,
14758799,4,BELOW,Ridge,Morgan,1.5030520345847957,
14758802,4,BELOW,Ridge,Morgan,0.949877710435604,
14758805,4,BELOW,Ridge,Morgan,1.2632088852316938,
14758808,4,BELOW,Ridge,Morgan,1.2865494760940837,
14758810,4,BELOW,Ridge,Morgan,1.2429674262127814,
14758811,4,BELOW,Ridge,Morgan,1.151861837667962,
14758815,4,BELOW,Ridge,Morgan,0.8038627087703262,
14758817,4,BELOW,Ridge,Morgan,1.2193506266316425,
14758822,4,BELOW,Ridge,Morgan,1.298684453499882,
14758824,4,BELOW,Ridge,Morgan,1.013096969563994,
14758833,4,BELOW,Ridge,Morgan,0.689619971464359,
14758836,4,BELOW,Ridge,Morgan,1.0517981905681935,
14758842,4,BELOW,Ridge,Morgan,0.7368185536013565,
14758855,4,BELOW,Ridge,Morgan,0.8177488081340643,
14758860,4,BELOW,Ridge,Morgan,0.7912811541670184,
14758866,4,BELOW,Ridge,Morgan,1.4500582649558038,
14758867,4,BELOW,Ridge,Morgan,0.7459661481804217,
14758873,4,BELOW,Ridge,Morgan,0.6980484235534667,
14758896,4,BELOW,Ridge,Morgan,1.119385250690417,
14758903,4,BELOW,Ridge,Morgan,0.9060659438162553,
14758909,4,BELOW,Ridge,Morgan,1.2249069798857244,
14758910,4,BELOW,Ridge,Morgan,1.1781083198785542,
14758911,4,BELOW,Ridge,Morgan,1.4917765146663196,
14758914,4,BELOW,Ridge,Morgan,0.7444705579592406,
14758916,4,BELOW,Ridge,Morgan,1.2141511758018246,
14758917,4,BELOW,Ridge,Morgan,1.2761845745843685,
14758974,4,IN-RANGE,Ridge,Morgan,0.7174256009170163,0.6020599913279624
14758975,4,IN-RANGE,Ridge,Morgan,1.0983146239086483,0.6020599913279624
14758977,4,IN-RANGE,Ridge,Morgan,1.198626202073807,0.6020599913279624
14758981,4,IN-RANGE,Ridge,Morgan,0.7686194204566168,0.6020599913279624
14758982,4,IN-RANGE,Ridge,Morgan,1.1766651353033497,0.6020599913279624
14758985,4,IN-RANGE,Ridge,Morgan,1.003984414383382,0.6020599913279624
14758998,4,IN-RANGE,Ridge,Morgan,1.4017463814902653,0.6201360549737575
14759778,4,IN-RANGE,Ridge,Morgan,0.8438485120329637,0.6599162000698503
14759783,4,IN-RANGE,Ridge,Morgan,1.046895965090681,0.6720978579357175
14759805,4,IN-RANGE,Ridge,Morgan,0.8042741005643217,0.6989700043360189
14759807,4,IN-RANGE,Ridge,Morgan,0.7877327267568228,0.6989700043360189
14759814,4,IN-RANGE,Ridge,Morgan,0.5596853534178486,0.6989700043360189
14759815,4,IN-RANGE,Ridge,Morgan,0.9032397167454803,0.6989700043360189
14759820,4,IN-RANGE,Ridge,Morgan,0.9663051049678506,0.6989700043360189
14759822,4,IN-RANGE,Ridge,Morgan,1.4493341954392973,0.6989700043360189
14759855,4,IN-RANGE,Ridge,Morgan,1.2614297166534585,0.7299742856995556
14759865,4,IN-RANGE,Ridge,Morgan,0.7070481151972051,0.7481880270062004
14759899,4,IN-RANGE,Ridge,Morgan,1.1584131232061396,0.7781512503836436
14759909,4,IN-RANGE,Ridge,Morgan,0.7884126395571409,0.7781512503836436
14759910,4,IN-RANGE,Ridge,Morgan,0.5632083545426427,0.7781512503836436
14759912,4,IN-RANGE,Ridge,Morgan,0.6788379364060109,0.7781512503836436
14759914,4,IN-RANGE,Ridge,Morgan,1.234155960634751,0.7803173121401513
14759921,4,IN-RANGE,Ridge,Morgan,0.830693421956511,0.7902851640332417
14759932,4,IN-RANGE,Ridge,Morgan,1.2838132558500965,0.8000293592441343
14759938,4,IN-RANGE,Ridge,Morgan,1.1324206379365669,0.8129133566428556
14759950,4,IN-RANGE,Ridge,Morgan,1.1579373203798713,0.829946695941636
14759956,4,IN-RANGE,Ridge,Morgan,1.2705084306800203,0.8401060944567578
14759957,4,IN-RANGE,Ridge,Morgan,1.2973804783427907,0.8401060944567578
14759967,4,IN-RANGE,Ridge,Morgan,0.8624237786611292,0.8450980400142568
14759974,4,IN-RANGE,Ridge,Morgan,1.1919327588696074,0.8450980400142568
14759976,4,IN-RANGE,Ridge,Morgan,1.5958130605579404,0.8450980400142568
14759984,4,IN-RANGE,Ridge,Morgan,1.1177828639777139,0.8450980400142568
14759998,4,IN-RANGE,Ridge,Morgan,0.8386177715416305,0.8698182079793282
14760035,4,IN-RANGE,Ridge,Morgan,1.234517746614242,0.9030899869919435
14761138,4,IN-RANGE,Ridge,Morgan,1.2272067533035458,0.9206450014067876
14761140,4,IN-RANGE,Ridge,Morgan,1.200152202745855,0.9294189257142927
14761168,4,IN-RANGE,Ridge,Morgan,1.5542028669472818,0.9542425094393249
14761174,4,IN-RANGE,Ridge,Morgan,0.9849275441487417,0.9542425094393249
14761182,4,IN-RANGE,Ridge,Morgan,1.1527153245091328,0.9542425094393249
14761183,4,IN-RANGE,Ridge,Morgan,1.042883019675387,0.9542425094393249
14761229,4,IN-RANGE,Ridge,Morgan,1.4482692313874574,1.0
14761232,4,IN-RANGE,Ridge,Morgan,1.0817027580775915,1.0
14761235,4,IN-RANGE,Ridge,Morgan,1.0123765861238243,1.0
14761244,4,IN-RANGE,Ridge,Morgan,1.1642009018897357,1.0098756337121602
14761252,4,IN-RANGE,Ridge,Morgan,0.7901187839815551,1.021189299069938
14761274,4,IN-RANGE,Ridge,Morgan,0.7510291621536114,1.0413926851582251
14761275,4,IN-RANGE,Ridge,Morgan,1.3118621374961703,1.0413926851582251
14761276,4,IN-RANGE,Ridge,Morgan,1.4362564943825409,1.0413926851582251
14761282,4,IN-RANGE,Ridge,Morgan,1.2989743866719394,1.0413926851582251
14761286,4,IN-RANGE,Ridge,Morgan,1.5168172307396681,1.0413926851582251
14761299,4,IN-RANGE,Ridge,Morgan,1.1099037867360237,1.0599418880619547
14761317,4,IN-RANGE,Ridge,Morgan,1.1400068865377029,1.0791812460476249
14761322,4,IN-RANGE,Ridge,Morgan,1.1586790207157323,1.0791812460476249
14761343,4,IN-RANGE,Ridge,Morgan,0.957498377840448,1.0969100130080565
14761348,4,IN-RANGE,Ridge,Morgan,1.5392342015509266,1.1000257301078626
14761349,4,IN-RANGE,Ridge,Morgan,1.2790225691336452,1.1000257301078626
14761365,4,IN-RANGE,Ridge,Morgan,1.26969641186604,1.1139433523068367
14761372,4,IN-RANGE,Ridge,Morgan,1.3714218699553953,1.1139433523068367
14762238,4,IN-RANGE,Ridge,Morgan,1.5422529785083452,1.146128035678238
14762241,4,IN-RANGE,Ridge,Morgan,0.9892370722327029,1.1501421618485586
14762244,4,IN-RANGE,Ridge,Morgan,1.1707204121560661,1.1501421618485586
14762264,4,IN-RANGE,Ridge,Morgan,1.1456473026494751,1.1699681739968923
14762275,4,IN-RANGE,Ridge,Morgan,1.410006926504318,1.1760912590556813
14762302,4,IN-RANGE,Ridge,Morgan,1.589751155690699,1.2041199826559248
14762306,4,IN-RANGE,Ridge,Morgan,1.333676289122482,1.2041199826559248
14762307,4,IN-RANGE,Ridge,Morgan,1.1094345928824785,1.2041199826559248
14762345,4,IN-RANGE,Ridge,Morgan,1.6548579612753604,1.2400497721126476
14762353,4,IN-RANGE,Ridge,Morgan,1.6487629981258298,1.249931756634195
14762362,4,IN-RANGE,Ridge,Morgan,1.348079848728292,1.255272505103306
14762364,4,IN-RANGE,Ridge,Morgan,1.1034894950371263,1.255272505103306
14762365,4,IN-RANGE,Ridge,Morgan,1.2610096045268053,1.255272505103306
14762371,4,IN-RANGE,Ridge,Morgan,1.1768031911232923,1.2600713879850747
14762373,4,IN-RANGE,Ridge,Morgan,1.1766651353033497,1.2671717284030137
14762377,4,IN-RANGE,Ridge,Morgan,1.5475939461562005,1.2699796766453237
14762404,4,IN-RANGE,Ridge,Morgan,1.1859977036501161,1.290034611362518
14762417,4,IN-RANGE,Ridge,Morgan,1.293262866388041,1.299942900022767
14762428,4,IN-RANGE,Ridge,Morgan,1.3183830499490654,1.3010299956639813
14762434,4,IN-RANGE,Ridge,Morgan,1.145257928615398,1.3100557377508915
14762451,4,IN-RANGE,Ridge,Morgan,1.3662024319516792,1.3222192947339193
14762453,4,IN-RANGE,Ridge,Morgan,1.030983135546227,1.3222192947339193
14763246,4,IN-RANGE,Ridge,Morgan,1.4015448749910122,1.3400473176613932
14763251,4,IN-RANGE,Ridge,Morgan,1.8311924917745033,1.3424226808222062
14763265,4,IN-RANGE,Ridge,Morgan,1.5700164065767361,1.3617278360175928
14763266,4,IN-RANGE,Ridge,Morgan,0.7992933128068915,1.3617278360175928
14763273,4,IN-RANGE,Ridge,Morgan,1.3644562723795917,1.3710678622717363
14763274,4,IN-RANGE,Ridge,Morgan,1.1945473289962545,1.3710678622717363
14763288,4,IN-RANGE,Ridge,Morgan,1.2653122055407964,1.380211241711606
14763311,4,IN-RANGE,Ridge,Morgan,1.4451697751920047,1.4000196350651586
14763325,4,IN-RANGE,Ridge,Morgan,1.2202885448882297,1.414973347970818
14763330,4,IN-RANGE,Ridge,Morgan,1.1017315222165496,1.420450859106068
14763360,4,IN-RANGE,Ridge,Morgan,1.6828164637781537,1.4399639359209049
14763361,4,IN-RANGE,Ridge,Morgan,1.6274293919243643,1.4399639359209049
14763368,4,IN-RANGE,Ridge,Morgan,0.5518595330136509,1.4471580313422192
14763370,4,IN-RANGE,Ridge,Morgan,1.355122965920302,1.4471580313422192
14763398,4,IN-RANGE,Ridge,Morgan,1.3596088324092337,1.4771212547196624
14763400,4,IN-RANGE,Ridge,Morgan,1.5338777168370652,1.4771212547196624
14763419,4,IN-RANGE,Ridge,Morgan,1.0820626642730862,1.4899584794248346
14763441,4,IN-RANGE,Ridge,Morgan,1.083260772656185,1.5185139398778875
14763442,4,IN-RANGE,Ridge,Morgan,1.1829368342295146,1.5185139398778875
14763443,4,IN-RANGE,Ridge,Morgan,0.9034992994190616,1.5185139398778875
14763454,4,IN-RANGE,Ridge,Morgan,1.731181242633029,1.5299434016586693
14763462,4,IN-RANGE,Ridge,Morgan,1.312174408654825,1.5399538416563967
14763474,4,IN-RANGE,Ridge,Morgan,1.432581387329509,1.5440680443502757
14763484,4,IN-RANGE,Ridge,Morgan,0.8061707530561539,1.5499836111596887
14764280,4,IN-RANGE,Ridge,Morgan,2.0607704487938867,1.5797835966168101
14764281,4,IN-RANGE,Ridge,Morgan,1.3592780488830478,1.5797835966168101
14764299,4,IN-RANGE,Ridge,Morgan,1.5934292393481901,1.5938396610812713
14764342,4,IN-RANGE,Ridge,Morgan,1.0268056171133895,1.63002085111341
14764343,4,IN-RANGE,Ridge,Morgan,1.2067058223497977,1.63002085111341
14764362,4,IN-RANGE,Ridge,Morgan,1.0988070148217826,1.6500159524718385
14764381,4,IN-RANGE,Ridge,Morgan,1.4990441112665303,1.6699673699085043
14764396,4,IN-RANGE,Ridge,Morgan,1.7055773657349196,1.6989700043360187
14764416,4,IN-RANGE,Ridge,Morgan,0.8525929612222396,1.7100326990657535
14764453,4,IN-RANGE,Ridge,Morgan,1.5063179343729427,1.7481880270062005
14764458,4,IN-RANGE,Ridge,Morgan,1.866582905304296,1.749968083509403
14764485,4,IN-RANGE,Ridge,Morgan,0.9434515758592339,1.7800291273373383
14764500,4,IN-RANGE,Ridge,Morgan,1.386178073148207,1.8000293592441343
14764521,4,IN-RANGE,Ridge,Morgan,2.0891965767437264,1.8195439355418688
14764525,4,IN-RANGE,Ridge,Morgan,1.2988257862456822,1.8195439355418688
14764529,4,IN-RANGE,Ridge,Morgan,1.0046360957630762,1.8200043068083178
14764531,4,IN-RANGE,Ridge,Morgan,1.3915608303291278,1.8200043068083178
14764537,4,IN-RANGE,Ridge,Morgan,1.1913170308146632,1.8300109359361179
14765332,4,IN-RANGE,Ridge,Morgan,1.82761568118754,1.8573324964312685
14765341,4,IN-RANGE,Ridge,Morgan,1.6181651820817478,1.863322860120456
14765344,4,IN-RANGE,Ridge,Morgan,1.36005237322712,1.8692317197309762
14765352,4,IN-RANGE,Ridge,Morgan,1.2006334726354237,1.8750612633917
14765354,4,IN-RANGE,Ridge,Morgan,1.5566383885434592,1.8750612633917
14765358,4,IN-RANGE,Ridge,Morgan,1.2649764156161192,1.8800128383667718
14765368,4,IN-RANGE,Ridge,Morgan,1.606525696543065,1.8976270912904414
14765370,4,IN-RANGE,Ridge,Morgan,1.3527550169788318,1.899984562549391
14765371,4,IN-RANGE,Ridge,Morgan,1.223550038786143,1.899984562549391
14765413,4,IN-RANGE,Ridge,Morgan,1.3239510682052125,1.9500239065233265
14765441,4,IN-RANGE,Ridge,Morgan,1.4515259696444331,1.99563519459755
14765451,4,IN-RANGE,Ridge,Morgan,1.285227769020657,2.012837224705172
14765454,4,IN-RANGE,Ridge,Morgan,1.5841875212501944,2.0170333392987803
14765473,4,IN-RANGE,Ridge,Morgan,0.8345205448746208,2.0299921753778474
14765481,4,IN-RANGE,Ridge,Morgan,1.7328358925436598,2.0453229787866576
14765482,4,IN-RANGE,Ridge,Morgan,1.2267192829293712,2.0492180226701815
14765495,4,IN-RANGE,Ridge,Morgan,1.2274391334592192,2.0644579892269186
14765505,4,IN-RANGE,Ridge,Morgan,1.4248409645737972,2.0791812460476247
14765514,4,IN-RANGE,Ridge,Morgan,1.3758524636228975,2.090011024007147
14765523,4,IN-RANGE,Ridge,Morgan,1.4225815268423605,2.103803720955957
14765531,4,IN-RANGE,Ridge,Morgan,1.8955044424463328,2.110589710299249
14765535,4,IN-RANGE,Ridge,Morgan,1.2790710232642315,2.120014252078067
14765542,4,IN-RANGE,Ridge,Morgan,1.7466701636427717,2.1367205671564067
14765547,4,IN-RANGE,Ridge,Morgan,1.293432967608595,2.140004950619449
14766491,4,ABOVE,Ridge,Morgan,1.170624223349653,
14766496,4,ABOVE,Ridge,Morgan,1.9226520406854095,
14766501,4,ABOVE,Ridge,Morgan,1.5360456981923298,
14766506,4,ABOVE,Ridge,Morgan,1.2312720030144548,
14766507,4,ABOVE,Ridge,Morgan,1.2019374632233892,
14766509,4,ABOVE,Ridge,Morgan,1.9312951972101304,
14766516,4,ABOVE,Ridge,Morgan,1.8411320210436977,
14766519,4,ABOVE,Ridge,Morgan,1.5826999918186413,
14766523,4,ABOVE,Ridge,Morgan,1.363532469791973,
14766529,4,ABOVE,Ridge,Morgan,1.3057598541324502,
14766531,4,ABOVE,Ridge,Morgan,1.5359158885088995,
14766532,4,ABOVE,Ridge,Morgan,1.2773420605394101,
14766534,4,ABOVE,Ridge,Morgan,1.2471897932130387,
14766538,4,ABOVE,Ridge,Morgan,1.502419198113713,
14766560,4,ABOVE,Ridge,Morgan,1.6029731195499795,
14766561,4,ABOVE,Ridge,Morgan,1.6810097502388799,
14769806,4,IN-RANGE,Ridge,Morgan,0.934876937848624,0.47712125471966244
14769807,4,IN-RANGE,Ridge,Morgan,0.7631193964526551,0.47712125471966244
14769814,4,IN-RANGE,Ridge,Morgan,1.2448918656519776,0.47712125471966244
14769819,4,BELOW,Ridge,Morgan,1.0895208073814746,
14769821,4,BELOW,Ridge,Morgan,1.2500159366798496,
14769829,4,BELOW,Ridge,Morgan,1.1136862543043426,
14769831,4,BELOW,Ridge,Morgan,1.41136059809352,
14769839,4,BELOW,Ridge,Morgan,1.3471083383538929,
14769845,4,BELOW,Ridge,Morgan,1.192193795057326,
14769857,4,BELOW,Ridge,Morgan,1.1131178156073738,
14769867,4,BELOW,Ridge,Morgan,1.4929352172558747,
14769870,4,BELOW,Ridge,Morgan,0.7070589701524457,
14769872,4,BELOW,Ridge,Morgan,1.3802454852213641,
14769881,4,BELOW,Ridge,Morgan,1.170430077918692,
14769886,4,BELOW,Ridge,Morgan,1.1161657610780131,
14769889,4,BELOW,Ridge,Morgan,1.4252672758426312,
14758725,4,BELOW,RandomForestRegressor,Morgan,1.3715718378067163,
14758736,4,BELOW,RandomForestRegressor,Morgan,1.2529146298387974,
14758740,4,BELOW,RandomForestRegressor,Morgan,1.3022369470302673,
14758742,4,BELOW,RandomForestRegressor,Morgan,1.0536947419171847,
14758745,4,BELOW,RandomForestRegressor,Morgan,1.1797324604566561,
14758751,4,BELOW,RandomForestRegressor,Morgan,1.1199823328861436,
14758759,4,BELOW,RandomForestRegressor,Morgan,0.9497153029521158,
14758764,4,BELOW,RandomForestRegressor,Morgan,1.1536677907715607,
14758765,4,BELOW,RandomForestRegressor,Morgan,1.124411010975119,
14758766,4,BELOW,RandomForestRegressor,Morgan,1.0485827134597243,
14758768,4,BELOW,RandomForestRegressor,Morgan,1.129695967427552,
14758774,4,BELOW,RandomForestRegressor,Morgan,0.937619277297439,
14758778,4,BELOW,RandomForestRegressor,Morgan,0.9020863209860814,
14758784,4,BELOW,RandomForestRegressor,Morgan,1.0379998661730503,
14758785,4,BELOW,RandomForestRegressor,Morgan,0.9109358754553786,
14758792,4,BELOW,RandomForestRegressor,Morgan,0.904454358788783,
14758799,4,BELOW,RandomForestRegressor,Morgan,1.1799554439644055,
14758802,4,BELOW,RandomForestRegressor,Morgan,1.2248858486734278,
14758805,4,BELOW,RandomForestRegressor,Morgan,1.2215393346431103,
14758808,4,BELOW,RandomForestRegressor,Morgan,1.4262740316584313,
14758810,4,BELOW,RandomForestRegressor,Morgan,1.2856797301671998,
14758811,4,BELOW,RandomForestRegressor,Morgan,1.2622473813088961,
14758815,4,BELOW,RandomForestRegressor,Morgan,0.8236073848942077,
14758817,4,BELOW,RandomForestRegressor,Morgan,1.2147773657224221,
14758822,4,BELOW,RandomForestRegressor,Morgan,1.320207065420136,
14758824,4,BELOW,RandomForestRegressor,Morgan,1.0986797331094056,
14758833,4,BELOW,RandomForestRegressor,Morgan,0.8873346699405397,
14758836,4,BELOW,RandomForestRegressor,Morgan,1.0731055321006824,
14758842,4,BELOW,RandomForestRegressor,Morgan,1.036567915747474,
14758855,4,BELOW,RandomForestRegressor,Morgan,0.8685912694768468,
14758860,4,BELOW,RandomForestRegressor,Morgan,1.133494957435777,
14758866,4,BELOW,RandomForestRegressor,Morgan,1.4120717674599104,
14758867,4,BELOW,RandomForestRegressor,Morgan,0.9855600350116831,
14758873,4,BELOW,RandomForestRegressor,Morgan,0.9869320859336399,
14758896,4,BELOW,RandomForestRegressor,Morgan,1.2943471797648283,
14758903,4,BELOW,RandomForestRegressor,Morgan,1.1961281426609616,
14758909,4,BELOW,RandomForestRegressor,Morgan,1.0375051236347748,
14758910,4,BELOW,RandomForestRegressor,Morgan,0.9810146215748028,
14758911,4,BELOW,RandomForestRegressor,Morgan,1.4441224566899677,
14758914,4,BELOW,RandomForestRegressor,Morgan,1.023321948902887,
14758916,4,BELOW,RandomForestRegressor,Morgan,1.2168263568479376,
14758917,4,BELOW,RandomForestRegressor,Morgan,1.3462200728696103,
14758974,4,IN-RANGE,RandomForestRegressor,Morgan,0.8416595401301536,0.6020599913279624
14758975,4,IN-RANGE,RandomForestRegressor,Morgan,1.3544651142031825,0.6020599913279624
14758977,4,IN-RANGE,RandomForestRegressor,Morgan,1.278680379964067,0.6020599913279624
14758981,4,IN-RANGE,RandomForestRegressor,Morgan,0.8890505875937496,0.6020599913279624
14758982,4,IN-RANGE,RandomForestRegressor,Morgan,1.2756147603962094,0.6020599913279624
14758985,4,IN-RANGE,RandomForestRegressor,Morgan,0.9832973464673158,0.6020599913279624
14758998,4,IN-RANGE,RandomForestRegressor,Morgan,1.453540255294922,0.6201360549737575
14759778,4,IN-RANGE,RandomForestRegressor,Morgan,1.1137154728429572,0.6599162000698503
14759783,4,IN-RANGE,RandomForestRegressor,Morgan,0.9723998538251903,0.6720978579357175
14759805,4,IN-RANGE,RandomForestRegressor,Morgan,0.9107981081285711,0.6989700043360189
14759807,4,IN-RANGE,RandomForestRegressor,Morgan,0.9168633076984662,0.6989700043360189
14759814,4,IN-RANGE,RandomForestRegressor,Morgan,1.0327510520232872,0.6989700043360189
14759815,4,IN-RANGE,RandomForestRegressor,Morgan,0.7728538749928978,0.6989700043360189
14759820,4,IN-RANGE,RandomForestRegressor,Morgan,0.9683453872710411,0.6989700043360189
14759822,4,IN-RANGE,RandomForestRegressor,Morgan,1.393023874204724,0.6989700043360189
14759855,4,IN-RANGE,RandomForestRegressor,Morgan,1.1352844071583414,0.7299742856995556
14759865,4,IN-RANGE,RandomForestRegressor,Morgan,0.9081039162499442,0.7481880270062004
14759899,4,IN-RANGE,RandomForestRegressor,Morgan,1.3636606260581345,0.7781512503836436
14759909,4,IN-RANGE,RandomForestRegressor,Morgan,1.1123806428409335,0.7781512503836436
14759910,4,IN-RANGE,RandomForestRegressor,Morgan,1.0288913488026248,0.7781512503836436
14759912,4,IN-RANGE,RandomForestRegressor,Morgan,1.0964854848927736,0.7781512503836436
14759914,4,IN-RANGE,RandomForestRegressor,Morgan,1.2734271683417153,0.7803173121401513
14759921,4,IN-RANGE,RandomForestRegressor,Morgan,1.0421456984280908,0.7902851640332417
14759932,4,IN-RANGE,RandomForestRegressor,Morgan,1.136799080809821,0.8000293592441343
14759938,4,IN-RANGE,RandomForestRegressor,Morgan,1.1826504157196227,0.8129133566428556
14759950,4,IN-RANGE,RandomForestRegressor,Morgan,1.34192047141026,0.829946695941636
14759956,4,IN-RANGE,RandomForestRegressor,Morgan,1.2966757380975107,0.8401060944567578
14759957,4,IN-RANGE,RandomForestRegressor,Morgan,1.3355563459106725,0.8401060944567578
14759967,4,IN-RANGE,RandomForestRegressor,Morgan,0.9244085561725477,0.8450980400142568
14759974,4,IN-RANGE,RandomForestRegressor,Morgan,1.3625009344973948,0.8450980400142568
14759976,4,IN-RANGE,RandomForestRegressor,Morgan,1.4320950929539376,0.8450980400142568
14759984,4,IN-RANGE,RandomForestRegressor,Morgan,1.051999817250194,0.8450980400142568
14759998,4,IN-RANGE,RandomForestRegressor,Morgan,1.1309756940871194,0.8698182079793282
14760035,4,IN-RANGE,RandomForestRegressor,Morgan,1.012441062535256,0.9030899869919435
14761138,4,IN-RANGE,RandomForestRegressor,Morgan,1.079948048382444,0.9206450014067876
14761140,4,IN-RANGE,RandomForestRegressor,Morgan,1.2997160485223103,0.9294189257142927
14761168,4,IN-RANGE,RandomForestRegressor,Morgan,1.3677042503385766,0.9542425094393249
14761174,4,IN-RANGE,RandomForestRegressor,Morgan,1.2819266504972386,0.9542425094393249
14761182,4,IN-RANGE,RandomForestRegressor,Morgan,1.0075523448891397,0.9542425094393249
14761183,4,IN-RANGE,RandomForestRegressor,Morgan,1.0102404149836282,0.9542425094393249
14761229,4,IN-RANGE,RandomForestRegressor,Morgan,1.5131218769559172,1.0
14761232,4,IN-RANGE,RandomForestRegressor,Morgan,1.3515134160319926,1.0
14761235,4,IN-RANGE,RandomForestRegressor,Morgan,1.2708921286207828,1.0
14761244,4,IN-RANGE,RandomForestRegressor,Morgan,1.2763099383248189,1.0098756337121602
14761252,4,IN-RANGE,RandomForestRegressor,Morgan,1.222382682856789,1.021189299069938
14761274,4,IN-RANGE,RandomForestRegressor,Morgan,0.9883764243798708,1.0413926851582251
14761275,4,IN-RANGE,RandomForestRegressor,Morgan,1.413970068174928,1.0413926851582251
14761276,4,IN-RANGE,RandomForestRegressor,Morgan,1.2790276462691659,1.0413926851582251
14761282,4,IN-RANGE,RandomForestRegressor,Morgan,1.2961565643541213,1.0413926851582251
14761286,4,IN-RANGE,RandomForestRegressor,Morgan,1.5041930439884061,1.0413926851582251
14761299,4,IN-RANGE,RandomForestRegressor,Morgan,1.152082162854178,1.0599418880619547
14761317,4,IN-RANGE,RandomForestRegressor,Morgan,1.2882402251152143,1.0791812460476249
14761322,4,IN-RANGE,RandomForestRegressor,Morgan,1.2311454576222285,1.0791812460476249
14761343,4,IN-RANGE,RandomForestRegressor,Morgan,1.1077802318196344,1.0969100130080565
14761348,4,IN-RANGE,RandomForestRegressor,Morgan,1.3721356787747425,1.1000257301078626
14761349,4,IN-RANGE,RandomForestRegressor,Morgan,1.3103016701016912,1.1000257301078626
14761365,4,IN-RANGE,RandomForestRegressor,Morgan,1.287489359977893,1.1139433523068367
14761372,4,IN-RANGE,RandomForestRegressor,Morgan,1.2969272021387406,1.1139433523068367
14762238,4,IN-RANGE,RandomForestRegressor,Morgan,1.3365545583327658,1.146128035678238
14762241,4,IN-RANGE,RandomForestRegressor,Morgan,1.1375634684682132,1.1501421618485586
14762244,4,IN-RANGE,RandomForestRegressor,Morgan,1.241925547071573,1.1501421618485586
14762264,4,IN-RANGE,RandomForestRegressor,Morgan,1.270197938506935,1.1699681739968923
14762275,4,IN-RANGE,RandomForestRegressor,Morgan,1.3262107172432545,1.1760912590556813
14762302,4,IN-RANGE,RandomForestRegressor,Morgan,1.3507190909968645,1.2041199826559248
14762306,4,IN-RANGE,RandomForestRegressor,Morgan,1.2872406024489593,1.2041199826559248
14762307,4,IN-RANGE,RandomForestRegressor,Morgan,1.2609377872562597,1.2041199826559248
14762345,4,IN-RANGE,RandomForestRegressor,Morgan,1.3967119299459028,1.2400497721126476
14762353,4,IN-RANGE,RandomForestRegressor,Morgan,1.7044535199507127,1.249931756634195
14762362,4,IN-RANGE,RandomForestRegressor,Morgan,1.3545806941673064,1.255272505103306
14762364,4,IN-RANGE,RandomForestRegressor,Morgan,1.2411761453575383,1.255272505103306
14762365,4,IN-RANGE,RandomForestRegressor,Morgan,1.215426543837318,1.255272505103306
14762371,4,IN-RANGE,RandomForestRegressor,Morgan,1.303881781096221,1.2600713879850747
14762373,4,IN-RANGE,RandomForestRegressor,Morgan,1.2756147603962094,1.2671717284030137
14762377,4,IN-RANGE,RandomForestRegressor,Morgan,1.2840883807534442,1.2699796766453237
14762404,4,IN-RANGE,RandomForestRegressor,Morgan,1.1140855015801732,1.290034611362518
14762417,4,IN-RANGE,RandomForestRegressor,Morgan,1.4631671308112666,1.299942900022767
14762428,4,IN-RANGE,RandomForestRegressor,Morgan,1.2388522602635152,1.3010299956639813
14762434,4,IN-RANGE,RandomForestRegressor,Morgan,1.2657534916285123,1.3100557377508915
14762451,4,IN-RANGE,RandomForestRegressor,Morgan,1.3628475822109813,1.3222192947339193
14762453,4,IN-RANGE,RandomForestRegressor,Morgan,0.9968944371459011,1.3222192947339193
14763246,4,IN-RANGE,RandomForestRegressor,Morgan,1.2465407929526615,1.3400473176613932
14763251,4,IN-RANGE,RandomForestRegressor,Morgan,1.418749864690831,1.3424226808222062
14763265,4,IN-RANGE,RandomForestRegressor,Morgan,1.3768565192930546,1.3617278360175928
14763266,4,IN-RANGE,RandomForestRegressor,Morgan,1.0391908412940623,1.3617278360175928
14763273,4,IN-RANGE,RandomForestRegressor,Morgan,1.3008470311529672,1.3710678622717363
14763274,4,IN-RANGE,RandomForestRegressor,Morgan,1.268385081151267,1.3710678622717363
14763288,4,IN-RANGE,RandomForestRegressor,Morgan,1.2213394095173795,1.380211241711606
14763311,4,IN-RANGE,RandomForestRegressor,Morgan,1.4041802879173955,1.4000196350651586
14763325,4,IN-RANGE,RandomForestRegressor,Morgan,1.2173515769005412,1.414973347970818
14763330,4,IN-RANGE,RandomForestRegressor,Morgan,1.3190575749655793,1.420450859106068
14763360,4,IN-RANGE,RandomForestRegressor,Morgan,1.7517865896604883,1.4399639359209049
14763361,4,IN-RANGE,RandomForestRegressor,Morgan,1.3935610871622195,1.4399639359209049
14763368,4,IN-RANGE,RandomForestRegressor,Morgan,1.0439005741866425,1.4471580313422192
14763370,4,IN-RANGE,RandomForestRegressor,Morgan,1.3148863241570776,1.4471580313422192
14763398,4,IN-RANGE,RandomForestRegressor,Morgan,1.056563851216506,1.4771212547196624
14763400,4,IN-RANGE,RandomForestRegressor,Morgan,1.3641563845991913,1.4771212547196624
14763419,4,IN-RANGE,RandomForestRegressor,Morgan,1.1370639943245604,1.4899584794248346
14763441,4,IN-RANGE,RandomForestRegressor,Morgan,1.300547306209504,1.5185139398778875
14763442,4,IN-RANGE,RandomForestRegressor,Morgan,1.2699266395700066,1.5185139398778875
14763443,4,IN-RANGE,RandomForestRegressor,Morgan,1.2971939335800062,1.5185139398778875
14763454,4,IN-RANGE,RandomForestRegressor,Morgan,1.4137841813735184,1.5299434016586693
14763462,4,IN-RANGE,RandomForestRegressor,Morgan,1.326718893510795,1.5399538416563967
14763474,4,IN-RANGE,RandomForestRegressor,Morgan,1.566266054510963,1.5440680443502757
14763484,4,IN-RANGE,RandomForestRegressor,Morgan,1.0380130757964678,1.5499836111596887
14764280,4,IN-RANGE,RandomForestRegressor,Morgan,1.881493420249947,1.5797835966168101
14764281,4,IN-RANGE,RandomForestRegressor,Morgan,1.420217435361327,1.5797835966168101
14764299,4,IN-RANGE,RandomForestRegressor,Morgan,1.5868486019855488,1.5938396610812713
14764342,4,IN-RANGE,RandomForestRegressor,Morgan,1.1252561106100305,1.63002085111341
14764343,4,IN-RANGE,RandomForestRegressor,Morgan,1.216998038973938,1.63002085111341
14764362,4,IN-RANGE,RandomForestRegressor,Morgan,1.1714892226280045,1.6500159524718385
14764381,4,IN-RANGE,RandomForestRegressor,Morgan,1.3251253594985042,1.6699673699085043
14764396,4,IN-RANGE,RandomForestRegressor,Morgan,1.4116382316337595,1.6989700043360187
14764416,4,IN-RANGE,RandomForestRegressor,Morgan,1.0221847722418183,1.7100326990657535
14764453,4,IN-RANGE,RandomForestRegressor,Morgan,1.4305020634498482,1.7481880270062005
14764458,4,IN-RANGE,RandomForestRegressor,Morgan,1.5212500196111347,1.749968083509403
14764485,4,IN-RANGE,RandomForestRegressor,Morgan,1.1424894729235668,1.7800291273373383
14764500,4,IN-RANGE,RandomForestRegressor,Morgan,1.3794709770918803,1.8000293592441343
14764521,4,IN-RANGE,RandomForestRegressor,Morgan,1.5996907061398868,1.8195439355418688
14764525,4,IN-RANGE,RandomForestRegressor,Morgan,1.2833700308929696,1.8195439355418688
14764529,4,IN-RANGE,RandomForestRegressor,Morgan,1.2712931935662983,1.8200043068083178
14764531,4,IN-RANGE,RandomForestRegressor,Morgan,1.3523201345594607,1.8200043068083178
14764537,4,IN-RANGE,RandomForestRegressor,Morgan,1.2890936959037678,1.8300109359361179
14765332,4,IN-RANGE,RandomForestRegressor,Morgan,1.4430102881799527,1.8573324964312685
14765341,4,IN-RANGE,RandomForestRegressor,Morgan,1.569647744035166,1.863322860120456
14765344,4,IN-RANGE,RandomForestRegressor,Morgan,1.437894262473819,1.8692317197309762
14765352,4,IN-RANGE,RandomForestRegressor,Morgan,1.2746530493546278,1.8750612633917
14765354,4,IN-RANGE,RandomForestRegressor,Morgan,1.1731475407936904,1.8750612633917
14765358,4,IN-RANGE,RandomForestRegressor,Morgan,1.240599127895836,1.8800128383667718
14765368,4,IN-RANGE,RandomForestRegressor,Morgan,1.508566135280695,1.8976270912904414
14765370,4,IN-RANGE,RandomForestRegressor,Morgan,1.3460761146235394,1.899984562549391
14765371,4,IN-RANGE,RandomForestRegressor,Morgan,1.2977447652333698,1.899984562549391
14765413,4,IN-RANGE,RandomForestRegressor,Morgan,1.250734694148827,1.9500239065233265
14765441,4,IN-RANGE,RandomForestRegressor,Morgan,1.3305727606752824,1.99563519459755
14765451,4,IN-RANGE,RandomForestRegressor,Morgan,1.387925897267116,2.012837224705172
14765454,4,IN-RANGE,RandomForestRegressor,Morgan,1.5363856020743398,2.0170333392987803
14765473,4,IN-RANGE,RandomForestRegressor,Morgan,1.1567189722489981,2.0299921753778474
14765481,4,IN-RANGE,RandomForestRegressor,Morgan,1.4739315635267638,2.0453229787866576
14765482,4,IN-RANGE,RandomForestRegressor,Morgan,1.320788435757988,2.0492180226701815
14765495,4,IN-RANGE,RandomForestRegressor,Morgan,1.0483858376164235,2.0644579892269186
14765505,4,IN-RANGE,RandomForestRegressor,Morgan,1.4842922903843432,2.0791812460476247
14765514,4,IN-RANGE,RandomForestRegressor,Morgan,1.2980956488015898,2.090011024007147
14765523,4,IN-RANGE,RandomForestRegressor,Morgan,1.4336392477837547,2.103803720955957
14765531,4,IN-RANGE,RandomForestRegressor,Morgan,1.6214735480140718,2.110589710299249
14765535,4,IN-RANGE,RandomForestRegressor,Morgan,1.2439761425904101,2.120014252078067
14765542,4,IN-RANGE,RandomForestRegressor,Morgan,1.6062179258110334,2.1367205671564067
14765547,4,IN-RANGE,RandomForestRegressor,Morgan,1.3578476414013938,2.140004950619449
14766491,4,ABOVE,RandomForestRegressor,Morgan,1.171035584244728,
14766496,4,ABOVE,RandomForestRegressor,Morgan,1.4449446722354935,
14766501,4,ABOVE,RandomForestRegressor,Morgan,1.4180484395774888,
14766506,4,ABOVE,RandomForestRegressor,Morgan,1.280377270808792,
14766507,4,ABOVE,RandomForestRegressor,Morgan,1.331455891335379,
14766509,4,ABOVE,RandomForestRegressor,Morgan,1.7817299496957693,
14766516,4,ABOVE,RandomForestRegressor,Morgan,1.760250437575667,
14766519,4,ABOVE,RandomForestRegressor,Morgan,1.3757256628509078,
14766523,4,ABOVE,RandomForestRegressor,Morgan,1.3135384148960376,
14766529,4,ABOVE,RandomForestRegressor,Morgan,1.252331797210397,
14766531,4,ABOVE,RandomForestRegressor,Morgan,1.3061051041246594,
14766532,4,ABOVE,RandomForestRegressor,Morgan,1.3352024812086558,
14766534,4,ABOVE,RandomForestRegressor,Morgan,1.3640998756647562,
14766538,4,ABOVE,RandomForestRegressor,Morgan,1.4409431481655355,
14766560,4,ABOVE,RandomForestRegressor,Morgan,1.500181352777394,
14766561,4,ABOVE,RandomForestRegressor,Morgan,1.4680101305645414,
14769806,4,IN-RANGE,RandomForestRegressor,Morgan,1.0992984888726702,0.47712125471966244
14769807,4,IN-RANGE,RandomForestRegressor,Morgan,1.016259595714135,0.47712125471966244
14769814,4,IN-RANGE,RandomForestRegressor,Morgan,1.2604180801968525,0.47712125471966244
14769819,4,BELOW,RandomForestRegressor,Morgan,1.1623975262243056,
14769821,4,BELOW,RandomForestRegressor,Morgan,1.1980224551867364,
14769829,4,BELOW,RandomForestRegressor,Morgan,1.2992445625435962,
14769831,4,BELOW,RandomForestRegressor,Morgan,1.424988896906676,
14769839,4,BELOW,RandomForestRegressor,Morgan,1.3464873273243518,
14769845,4,BELOW,RandomForestRegressor,Morgan,1.2634613068616631,
14769857,4,BELOW,RandomForestRegressor,Morgan,1.0969186893407634,
14769867,4,BELOW,RandomForestRegressor,Morgan,1.5251317150612467,
14769870,4,BELOW,RandomForestRegressor,Morgan,1.1884859946382216,
14769872,4,BELOW,RandomForestRegressor,Morgan,1.3991004400078786,
14769881,4,BELOW,RandomForestRegressor,Morgan,1.2773136627763153,
14769886,4,BELOW,RandomForestRegressor,Morgan,1.24520369336754,
14769889,4,BELOW,RandomForestRegressor,Morgan,1.3334215822471702,
