activity_id,outer_fold,true_class,model,representation,pred_class,prob_BELOW,prob_IN-RANGE,prob_ABOVE
14758722,0,BELOW,majority_baseline,none,IN-RANGE,,,
14758734,0,BELOW,majority_baseline,none,IN-RANGE,,,
14758750,0,BELOW,majority_baseline,none,IN-RANGE,,,
14758753,0,BELOW,majority_baseline,none,IN-RANGE,,,
14758757,0,BELOW,majority_baseline,none,IN-RANGE,,,
14758760,0,BELOW,majority_baseline,none,IN-RANGE,,,
14758763,0,BELOW,majority_baseline,none,IN-RANGE,,,
14758770,0,BELOW,majority_baseline,none,IN-RANGE,,,
14758771,0,BELOW,majority_baseline,none,IN-RANGE,,,
14758772,0,BELOW,majority_baseline,none,IN-RANGE,,,
14758779,0,BELOW,majority_baseline,none,IN-RANGE,,,
14758791,0,BELOW,majority_baseline,none,IN-RANGE,,,
14758795,0,BELOW,majority_baseline,none,IN-RANGE,,,
14758804,0,BELOW,majority_baseline,none,IN-RANGE,,,
14758806,0,BELOW,majority_baseline,none,IN-RANGE,,,
14758809,0,BELOW,majority_baseline,none,IN-RANGE,,,
14758816,0,BELOW,majority_baseline,none,IN-RANGE,,,
14758821,0,BELOW,majority_baseline,none,IN-RANGE,,,
14758827,0,BELOW,majority_baseline,none,IN-RANGE,,,
14758828,0,BELOW,majority_baseline,none,IN-RANGE,,,
14758830,0,BELOW,majority_baseline,none,IN-RANGE,,,
14758831,0,BELOW,majority_baseline,none,IN-RANGE,,,
14758834,0,BELOW,majority_baseline,none,IN-RANGE,,,
14758857,0,BELOW,majority_baseline,none,IN-RANGE,,,
14758862,0,BELOW,majority_baseline,none,IN-RANGE,,,
14758871,0,BELOW,majority_baseline,none,IN-RANGE,,,
14758878,0,BELOW,majority_baseline,none,IN-RANGE,,,
14758887,0,BELOW,majority_baseline,none,IN-RANGE,,,
14758892,0,BELOW,majority_baseline,none,IN-RANGE,,,
14758894,0,BELOW,majority_baseline,none,IN-RANGE,,,
14758895,0,BELOW,majority_baseline,none,IN-RANGE,,,
14758897,0,BELOW,majority_baseline,none,IN-RANGE,,,
14758920,0,BELOW,majority_baseline,none,IN-RANGE,,,
14758921,0,BELOW,majority_baseline,none,IN-RANGE,,,
14758924,0,IN-RANGE,majority_baseline,none,IN-RANGE,,,
14758935,0,IN-RANGE,majority_baseline,none,IN-RANGE,,,
14758973,0,IN-RANGE,majority_baseline,none,IN-RANGE,,,
14758980,0,IN-RANGE,majority_baseline,none,IN-RANGE,,,
14758993,0,IN-RANGE,majority_baseline,none,IN-RANGE,,,
14758999,0,IN-RANGE,majority_baseline,none,IN-RANGE,,,
14759810,0,IN-RANGE,majority_baseline,none,IN-RANGE,,,
14759825,0,IN-RANGE,majority_baseline,none,IN-RANGE,,,
14759860,0,IN-RANGE,majority_baseline,none,IN-RANGE,,,
14759862,0,IN-RANGE,majority_baseline,none,IN-RANGE,,,
14759864,0,IN-RANGE,majority_baseline,none,IN-RANGE,,,
14759895,0,IN-RANGE,majority_baseline,none,IN-RANGE,,,
14759906,0,IN-RANGE,majority_baseline,none,IN-RANGE,,,
14759907,0,IN-RANGE,majority_baseline,none,IN-RANGE,,,
14759922,0,IN-RANGE,majority_baseline,none,IN-RANGE,,,
14759955,0,IN-RANGE,majority_baseline,none,IN-RANGE,,,
14760008,0,IN-RANGE,majority_baseline,none,IN-RANGE,,,
14760032,0,IN-RANGE,majority_baseline,none,IN-RANGE,,,
14761128,0,IN-RANGE,majority_baseline,none,IN-RANGE,,,
14761130,0,IN-RANGE,majority_baseline,none,IN-RANGE,,,
14761137,0,IN-RANGE,majority_baseline,none,IN-RANGE,,,
14761149,0,IN-RANGE,majority_baseline,none,IN-RANGE,,,
14761150,0,IN-RANGE,majority_baseline,none,IN-RANGE,,,
14761170,0,IN-RANGE,majority_baseline,none,IN-RANGE,,,
14761171,0,IN-RANGE,majority_baseline,none,IN-RANGE,,,
14761178,0,IN-RANGE,majority_baseline,none,IN-RANGE,,,
14761192,0,IN-RANGE,majority_baseline,none,IN-RANGE,,,
14761230,0,IN-RANGE,majority_baseline,none,IN-RANGE,,,
14761237,0,IN-RANGE,majority_baseline,none,IN-RANGE,,,
14761254,0,IN-RANGE,majority_baseline,none,IN-RANGE,,,
14761277,0,IN-RANGE,majority_baseline,none,IN-RANGE,,,
14761278,0,IN-RANGE,majority_baseline,none,IN-RANGE,,,
14761279,0,IN-RANGE,majority_baseline,none,IN-RANGE,,,
14761287,0,IN-RANGE,majority_baseline,none,IN-RANGE,,,
14761288,0,IN-RANGE,majority_baseline,none,IN-RANGE,,,
14761291,0,IN-RANGE,majority_baseline,none,IN-RANGE,,,
14761298,0,IN-RANGE,majority_baseline,none,IN-RANGE,,,
14761300,0,IN-RANGE,majority_baseline,none,IN-RANGE,,,
14761313,0,IN-RANGE,majority_baseline,none,IN-RANGE,,,
14761316,0,IN-RANGE,majority_baseline,none,IN-RANGE,,,
14761318,0,IN-RANGE,majority_baseline,none,IN-RANGE,,,
14761319,0,IN-RANGE,majority_baseline,none,IN-RANGE,,,
14761323,0,IN-RANGE,majority_baseline,none,IN-RANGE,,,
14761340,0,IN-RANGE,majority_baseline,none,IN-RANGE,,,
14761341,0,IN-RANGE,majority_baseline,none,IN-RANGE,,,
14761364,0,IN-RANGE,majority_baseline,none,IN-RANGE,,,
14761366,0,IN-RANGE,majority_baseline,none,IN-RANGE,,,
14762211,0,IN-RANGE,majority_baseline,none,IN-RANGE,,,
14762220,0,IN-RANGE,majority_baseline,none,IN-RANGE,,,
14762221,0,IN-RANGE,majority_baseline,none,IN-RANGE,,,
14762222,0,IN-RANGE,majority_baseline,none,IN-RANGE,,,
14762227,0,IN-RANGE,majority_baseline,none,IN-RANGE,,,
14762230,0,IN-RANGE,majority_baseline,none,IN-RANGE,,,
14762242,0,IN-RANGE,majority_baseline,none,IN-RANGE,,,
14762243,0,IN-RANGE,majority_baseline,none,IN-RANGE,,,
14762252,0,IN-RANGE,majority_baseline,none,IN-RANGE,,,
14762255,0,IN-RANGE,majority_baseline,none,IN-RANGE,,,
14762263,0,IN-RANGE,majority_baseline,none,IN-RANGE,,,
14762277,0,IN-RANGE,majority_baseline,none,IN-RANGE,,,
14762291,0,IN-RANGE,majority_baseline,none,IN-RANGE,,,
14762303,0,IN-RANGE,majority_baseline,none,IN-RANGE,,,
14762308,0,IN-RANGE,majority_baseline,none,IN-RANGE,,,
14762319,0,IN-RANGE,majority_baseline,none,IN-RANGE,,,
14762331,0,IN-RANGE,majority_baseline,none,IN-RANGE,,,
14762387,0,IN-RANGE,majority_baseline,none,IN-RANGE,,,
14762395,0,IN-RANGE,majority_baseline,none,IN-RANGE,,,
14762396,0,IN-RANGE,majority_baseline,none,IN-RANGE,,,
14762405,0,IN-RANGE,majority_baseline,none,IN-RANGE,,,
14762425,0,IN-RANGE,majority_baseline,none,IN-RANGE,,,
14762426,0,IN-RANGE,majority_baseline,none,IN-RANGE,,,
14762435,0,IN-RANGE,majority_baseline,none,IN-RANGE,,,
14762439,0,IN-RANGE,majority_baseline,none,IN-RANGE,,,
14762452,0,IN-RANGE,majority_baseline,none,IN-RANGE,,,
14762460,0,IN-RANGE,majority_baseline,none,IN-RANGE,,,
14763275,0,IN-RANGE,majority_baseline,none,IN-RANGE,,,
14763304,0,IN-RANGE,majority_baseline,none,IN-RANGE,,,
14763331,0,IN-RANGE,majority_baseline,none,IN-RANGE,,,
14763345,0,IN-RANGE,majority_baseline,none,IN-RANGE,,,
14763346,0,IN-RANGE,majority_baseline,none,IN-RANGE,,,
14763366,0,IN-RANGE,majority_baseline,none,IN-RANGE,,,
14763377,0,IN-RANGE,majority_baseline,none,IN-RANGE,,,
14763426,0,IN-RANGE,majority_baseline,none,IN-RANGE,,,
14763437,0,IN-RANGE,majority_baseline,none,IN-RANGE,,,
14763447,0,IN-RANGE,majority_baseline,none,IN-RANGE,,,
14763449,0,IN-RANGE,majority_baseline,none,IN-RANGE,,,
14763457,0,IN-RANGE,majority_baseline,none,IN-RANGE,,,
14763463,0,IN-RANGE,majority_baseline,none,IN-RANGE,,,
14763470,0,IN-RANGE,majority_baseline,none,IN-RANGE,,,
14763472,0,IN-RANGE,majority_baseline,none,IN-RANGE,,,
14763486,0,IN-RANGE,majority_baseline,none,IN-RANGE,,,
14763501,0,IN-RANGE,majority_baseline,none,IN-RANGE,,,
14763502,0,IN-RANGE,majority_baseline,none,IN-RANGE,,,
14764282,0,IN-RANGE,majority_baseline,none,IN-RANGE,,,
14764283,0,IN-RANGE,majority_baseline,none,IN-RANGE,,,
14764298,0,IN-RANGE,majority_baseline,none,IN-RANGE,,,
14764304,0,IN-RANGE,majority_baseline,none,IN-RANGE,,,
14764320,0,IN-RANGE,majority_baseline,none,IN-RANGE,,,
14764326,0,IN-RANGE,majority_baseline,none,IN-RANGE,,,
14764330,0,IN-RANGE,majority_baseline,none,IN-RANGE,,,
14764354,0,IN-RANGE,majority_baseline,none,IN-RANGE,,,
14764355,0,IN-RANGE,majority_baseline,none,IN-RANGE,,,
14764371,0,IN-RANGE,majority_baseline,none,IN-RANGE,,,
14764386,0,IN-RANGE,majority_baseline,none,IN-RANGE,,,
14764390,0,IN-RANGE,majority_baseline,none,IN-RANGE,,,
14764391,0,IN-RANGE,majority_baseline,none,IN-RANGE,,,
14764392,0,IN-RANGE,majority_baseline,none,IN-RANGE,,,
14764403,0,IN-RANGE,majority_baseline,none,IN-RANGE,,,
14764409,0,IN-RANGE,majority_baseline,none,IN-RANGE,,,
14764414,0,IN-RANGE,majority_baseline,none,IN-RANGE,,,
14764426,0,IN-RANGE,majority_baseline,none,IN-RANGE,,,
14764430,0,IN-RANGE,majority_baseline,none,IN-RANGE,,,
14764437,0,IN-RANGE,majority_baseline,none,IN-RANGE,,,
14764446,0,IN-RANGE,majority_baseline,none,IN-RANGE,,,
14764451,0,IN-RANGE,majority_baseline,none,IN-RANGE,,,
14764452,0,IN-RANGE,majority_baseline,none,IN-RANGE,,,
14764459,0,IN-RANGE,majority_baseline,none,IN-RANGE,,,
14764466,0,IN-RANGE,majority_baseline,none,IN-RANGE,,,
14764467,0,IN-RANGE,majority_baseline,none,IN-RANGE,,,
14764472,0,IN-RANGE,majority_baseline,none,IN-RANGE,,,
14764473,0,IN-RANGE,majority_baseline,none,IN-RANGE,,,
14764480,0,IN-RANGE,majority_baseline,none,IN-RANGE,,,
14764493,0,IN-RANGE,majority_baseline,none,IN-RANGE,,,
14765331,0,IN-RANGE,majority_baseline,none,IN-RANGE,,,
14765381,0,IN-RANGE,majority_baseline,none,IN-RANGE,,,
14765391,0,IN-RANGE,majority_baseline,none,IN-RANGE,,,
14765392,0,IN-RANGE,majority_baseline,none,IN-RANGE,,,
14765394,0,IN-RANGE,majority_baseline,none,IN-RANGE,,,
14765395,0,IN-RANGE,majority_baseline,none,IN-RANGE,,,
14765407,0,IN-RANGE,majority_baseline,none,IN-RANGE,,,
14765425,0,IN-RANGE,majority_baseline,none,IN-RANGE,,,
14765426,0,IN-RANGE,majority_baseline,none,IN-RANGE,,,
14765432,0,IN-RANGE,majority_baseline,none,IN-RANGE,,,
14765440,0,IN-RANGE,majority_baseline,none,IN-RANGE,,,
14765452,0,IN-RANGE,majority_baseline,none,IN-RANGE,,,
14765460,0,IN-RANGE,majority_baseline,none,IN-RANGE,,,
14765463,0,IN-RANGE,majority_baseline,none,IN-RANGE,,,
14765468,0,IN-RANGE,majority_baseline,none,IN-RANGE,,,
14765483,0,IN-RANGE,majority_baseline,none,IN-RANGE,,,
14765487,0,IN-RANGE,majority_baseline,none,IN-RANGE,,,
14765494,0,IN-RANGE,majority_baseline,none,IN-RANGE,,,
14765500,0,IN-RANGE,majority_baseline,none,IN-RANGE,,,
14765503,0,IN-RANGE,majority_baseline,none,IN-RANGE,,,
14765529,0,IN-RANGE,majority_baseline,none,IN-RANGE,,,
14765536,0,IN-RANGE,majority_baseline,none,IN-RANGE,,,
14765551,0,IN-RANGE,majority_baseline,none,IN-RANGE,,,
14766485,0,ABOVE,majority_baseline,none,IN-RANGE,,,
14766487,0,ABOVE,majority_baseline,none,IN-RANGE,,,
14766492,0,ABOVE,majority_baseline,none,IN-RANGE,,,
14766493,0,ABOVE,majority_baseline,none,IN-RANGE,,,
14766495,0,ABOVE,majority_baseline,none,IN-RANGE,,,
14766497,0,ABOVE,majority_baseline,none,IN-RANGE,,,
14766503,0,ABOVE,majority_baseline,none,IN-RANGE,,,
14766508,0,ABOVE,majority_baseline,none,IN-RANGE,,,
14766522,0,ABOVE,majority_baseline,none,IN-RANGE,,,
14766527,0,ABOVE,majority_baseline,none,IN-RANGE,,,
14766539,0,ABOVE,majority_baseline,none,IN-RANGE,,,
14766542,0,ABOVE,majority_baseline,none,IN-RANGE,,,
14766555,0,ABOVE,majority_baseline,none,IN-RANGE,,,
14766557,0,ABOVE,majority_baseline,none,IN-RANGE,,,
14766558,0,ABOVE,majority_baseline,none,IN-RANGE,,,
14766565,0,ABOVE,majority_baseline,none,IN-RANGE,,,
14766568,0,ABOVE,majority_baseline,none,IN-RANGE,,,
14769822,0,BELOW,majority_baseline,none,IN-RANGE,,,
14769825,0,BELOW,majority_baseline,none,IN-RANGE,,,
14769827,0,BELOW,majority_baseline,none,IN-RANGE,,,
14769835,0,BELOW,majority_baseline,none,IN-RANGE,,,
14769840,0,BELOW,majority_baseline,none,IN-RANGE,,,
14769844,0,BELOW,majority_baseline,none,IN-RANGE,,,
14769846,0,BELOW,majority_baseline,none,IN-RANGE,,,
14769847,0,BELOW,majority_baseline,none,IN-RANGE,,,
14769851,0,BELOW,majority_baseline,none,IN-RANGE,,,
14769852,0,BELOW,majority_baseline,none,IN-RANGE,,,
14769853,0,BELOW,majority_baseline,none,IN-RANGE,,,
14769858,0,BELOW,majority_baseline,none,IN-RANGE,,,
14769861,0,BELOW,majority_baseline,none,IN-RANGE,,,
14769864,0,BELOW,majority_baseline,none,IN-RANGE,,,
14769871,0,BELOW,majority_baseline,none,IN-RANGE,,,
14769873,0,BELOW,majority_baseline,none,IN-RANGE,,,
14769878,0,BELOW,majority_baseline,none,IN-RANGE,,,
14769882,0,BELOW,majority_baseline,none,IN-RANGE,,,
14769887,0,BELOW,majority_baseline,none,IN-RANGE,,,
14769888,0,BELOW,majority_baseline,none,IN-RANGE,,,
14758722,0,BELOW,LogisticRegression,descriptors,BELOW,0.5102796812328187,0.33981443570279446,0.1499058830643868
14758734,0,BELOW,LogisticRegression,descriptors,ABOVE,0.2586078029195524,0.30118024223657625,0.4402119548438713
14758750,0,BELOW,LogisticRegression,descriptors,ABOVE,0.31668149177135857,0.27270049690813086,0.4106180113205105
14758753,0,BELOW,LogisticRegression,descriptors,ABOVE,0.18668927574974425,0.3529190398270727,0.460391684423183
14758757,0,BELOW,LogisticRegression,descriptors,BELOW,0.4789400445189054,0.2731244168209466,0.24793553866014795
14758760,0,BELOW,LogisticRegression,descriptors,BELOW,0.4447995317179501,0.25074403902639186,0.304456429255658
14758763,0,BELOW,LogisticRegression,descriptors,BELOW,0.4621342359624466,0.28847997471010545,0.24938578932744784
14758770,0,BELOW,LogisticRegression,descriptors,BELOW,0.5137221787435448,0.2603103088588138,0.2259675123976414
14758771,0,BELOW,LogisticRegression,descriptors,BELOW,0.44421174510842165,0.25594084425998026,0.2998474106315981
14758772,0,BELOW,LogisticRegression,descriptors,BELOW,0.5165319285358195,0.2772425285543187,0.20622554290986178
14758779,0,BELOW,LogisticRegression,descriptors,ABOVE,0.3261123317139785,0.29652842318182776,0.37735924510419383
14758791,0,BELOW,LogisticRegression,descriptors,BELOW,0.4434381093169234,0.2112394314374647,0.3453224592456118
14758795,0,BELOW,LogisticRegression,descriptors,BELOW,0.4469480027378762,0.26409699910755136,0.2889549981545724
14758804,0,BELOW,LogisticRegression,descriptors,BELOW,0.6120143200325511,0.30998218981553916,0.07800349015190976
14758806,0,BELOW,LogisticRegression,descriptors,IN-RANGE,0.2942939966150394,0.4217049039299948,0.28400109945496566
14758809,0,BELOW,LogisticRegression,descriptors,IN-RANGE,0.2942939966150394,0.4217049039299948,0.28400109945496566
14758816,0,BELOW,LogisticRegression,descriptors,IN-RANGE,0.31674441145217325,0.4441643480068891,0.2390912405409377
14758821,0,BELOW,LogisticRegression,descriptors,BELOW,0.5029689305910128,0.2820119240211616,0.21501914538782566
14758827,0,BELOW,LogisticRegression,descriptors,BELOW,0.48422615756634246,0.29710127067261904,0.21867257176103852
14758828,0,BELOW,LogisticRegression,descriptors,BELOW,0.5764715631314795,0.2598858326868771,0.1636426041816434
14758830,0,BELOW,LogisticRegression,descriptors,BELOW,0.502988239649338,0.26635330438108623,0.23065845596957577
14758831,0,BELOW,LogisticRegression,descriptors,BELOW,0.5059913338054145,0.2612675559486495,0.232741110245936
14758834,0,BELOW,LogisticRegression,descriptors,ABOVE,0.3042339146600976,0.33449280525620206,0.3612732800837003
14758857,0,BELOW,LogisticRegression,descriptors,IN-RANGE,0.3388042707293605,0.3615277125804852,0.2996680166901543
14758862,0,BELOW,LogisticRegression,descriptors,ABOVE,0.2914928593821554,0.3521850803596333,0.3563220602582112
14758871,0,BELOW,LogisticRegression,descriptors,ABOVE,0.21039475980392616,0.30853361298944804,0.48107162720662594
14758878,0,BELOW,LogisticRegression,descriptors,ABOVE,0.34490923178236077,0.29518546425607695,0.35990530396156223
14758887,0,BELOW,LogisticRegression,descriptors,IN-RANGE,0.30805665275822136,0.3526077265848266,0.3393356206569521
14758892,0,BELOW,LogisticRegression,descriptors,IN-RANGE,0.3409637820048575,0.3600907798243448,0.2989454381707978
14758894,0,BELOW,LogisticRegression,descriptors,IN-RANGE,0.36261154254159583,0.4295181341930826,0.20787032326532148
14758895,0,BELOW,LogisticRegression,descriptors,IN-RANGE,0.33394270405654936,0.5085277799767925,0.157529515966658
14758897,0,BELOW,LogisticRegression,descriptors,BELOW,0.5092752883167663,0.27127457473396643,0.2194501369492674
14758920,0,BELOW,LogisticRegression,descriptors,BELOW,0.5768395881792365,0.2907087884330154,0.13245162338774807
14758921,0,BELOW,LogisticRegression,descriptors,BELOW,0.4917251359471055,0.29168026426473165,0.2165945997881629
14758924,0,IN-RANGE,LogisticRegression,descriptors,BELOW,0.6180841230842021,0.3000025746521338,0.08191330226366411
14758935,0,IN-RANGE,LogisticRegression,descriptors,BELOW,0.3860912440821459,0.3479830610368775,0.2659256948809767
14758973,0,IN-RANGE,LogisticRegression,descriptors,IN-RANGE,0.20595352113611157,0.43166720907492845,0.3623792697889599
14758980,0,IN-RANGE,LogisticRegression,descriptors,BELOW,0.4668247867539357,0.28701789804501165,0.24615731520105255
14758993,0,IN-RANGE,LogisticRegression,descriptors,ABOVE,0.3745228723615158,0.23456110370281766,0.39091602393566655
14758999,0,IN-RANGE,LogisticRegression,descriptors,BELOW,0.4377480680450076,0.33013761491143295,0.23211431704355942
14759810,0,IN-RANGE,LogisticRegression,descriptors,BELOW,0.44177696832601304,0.2852875651692569,0.2729354665047301
14759825,0,IN-RANGE,LogisticRegression,descriptors,IN-RANGE,0.2961600747784211,0.36198038556703793,0.34185953965454097
14759860,0,IN-RANGE,LogisticRegression,descriptors,BELOW,0.5248044830128308,0.4045134780906888,0.07068203889648038
14759862,0,IN-RANGE,LogisticRegression,descriptors,ABOVE,0.2899013640545473,0.2740377026582943,0.4360609332871585
14759864,0,IN-RANGE,LogisticRegression,descriptors,ABOVE,0.20002888876208325,0.38486856891828164,0.41510254231963517
14759895,0,IN-RANGE,LogisticRegression,descriptors,BELOW,0.43425737104050305,0.39099963672284166,0.17474299223665538
14759906,0,IN-RANGE,LogisticRegression,descriptors,BELOW,0.4787528268041817,0.22542333853825045,0.2958238346575679
14759907,0,IN-RANGE,LogisticRegression,descriptors,BELOW,0.45474624395426877,0.3793255871810866,0.16592816886464457
14759922,0,IN-RANGE,LogisticRegression,descriptors,ABOVE,0.36964274985281165,0.2484966394631399,0.38186061068404853
14759955,0,IN-RANGE,LogisticRegression,descriptors,BELOW,0.5147319760216965,0.3571691614232978,0.1280988625550057
14760008,0,IN-RANGE,LogisticRegression,descriptors,ABOVE,0.24516906436247357,0.2796425454484461,0.47518839018908027
14760032,0,IN-RANGE,LogisticRegression,descriptors,BELOW,0.3629918667850656,0.31923173144478595,0.3177764017701484
14761128,0,IN-RANGE,LogisticRegression,descriptors,BELOW,0.5489536824393176,0.34084910929276085,0.11019720826792156
14761130,0,IN-RANGE,LogisticRegression,descriptors,IN-RANGE,0.31986854162309986,0.4214578645223645,0.25867359385453575
14761137,0,IN-RANGE,LogisticRegression,descriptors,BELOW,0.5515861908449965,0.39049369597074773,0.057920113184255766
14761149,0,IN-RANGE,LogisticRegression,descriptors,IN-RANGE,0.3300013760796902,0.40233307910737587,0.267665544812934
14761150,0,IN-RANGE,LogisticRegression,descriptors,IN-RANGE,0.21419139844767834,0.46968967001662154,0.3161189315357002
14761170,0,IN-RANGE,LogisticRegression,descriptors,IN-RANGE,0.3097666853171325,0.43470895509073015,0.2555243595921375
14761171,0,IN-RANGE,LogisticRegression,descriptors,BELOW,0.4721880273383983,0.2749777050401214,0.2528342676214802
14761178,0,IN-RANGE,LogisticRegression,descriptors,BELOW,0.4689635774868281,0.3771881403110784,0.15384828220209346
14761192,0,IN-RANGE,LogisticRegression,descriptors,IN-RANGE,0.37440610920865297,0.3823247801010522,0.2432691106902947
14761230,0,IN-RANGE,LogisticRegression,descriptors,BELOW,0.46840268076417824,0.2699819527593111,0.2616153664765107
14761237,0,IN-RANGE,LogisticRegression,descriptors,BELOW,0.4200187564954614,0.33878675880338144,0.2411944847011572
14761254,0,IN-RANGE,LogisticRegression,descriptors,BELOW,0.5530153323446385,0.3330088499635251,0.11397581769183632
14761277,0,IN-RANGE,LogisticRegression,descriptors,BELOW,0.4448532746449111,0.39832027667143977,0.1568264486836491
14761278,0,IN-RANGE,LogisticRegression,descriptors,BELOW,0.49197865317383804,0.27802714913527604,0.22999419769088592
14761279,0,IN-RANGE,LogisticRegression,descriptors,IN-RANGE,0.17229160165627702,0.6469244995017005,0.18078389884202256
14761287,0,IN-RANGE,LogisticRegression,descriptors,ABOVE,0.1836369898923302,0.3112285367484228,0.505134473359247
14761288,0,IN-RANGE,LogisticRegression,descriptors,BELOW,0.544871707622312,0.38939244684505037,0.06573584553263769
14761291,0,IN-RANGE,LogisticRegression,descriptors,ABOVE,0.18739536742602195,0.2703772767579088,0.5422273558160693
14761298,0,IN-RANGE,LogisticRegression,descriptors,ABOVE,0.2765478551687969,0.357641526528751,0.3658106183024521
14761300,0,IN-RANGE,LogisticRegression,descriptors,ABOVE,0.32816398231843114,0.3139057213941099,0.3579302962874589
14761313,0,IN-RANGE,LogisticRegression,descriptors,IN-RANGE,0.204457436766964,0.42793300729954864,0.3676095559334874
14761316,0,IN-RANGE,LogisticRegression,descriptors,BELOW,0.5163028301674744,0.3606683199593297,0.12302884987319596
14761318,0,IN-RANGE,LogisticRegression,descriptors,BELOW,0.4615169497781444,0.2731001538607018,0.26538289636115375
14761319,0,IN-RANGE,LogisticRegression,descriptors,BELOW,0.4207864492198653,0.27261854245758216,0.3065950083225526
14761323,0,IN-RANGE,LogisticRegression,descriptors,BELOW,0.503039429423007,0.41736908624711416,0.07959148432987885
14761340,0,IN-RANGE,LogisticRegression,descriptors,ABOVE,0.3598753214122804,0.2261623242479051,0.41396235433981443
14761341,0,IN-RANGE,LogisticRegression,descriptors,BELOW,0.4177883816698228,0.25538277087286376,0.32682884745731344
14761364,0,IN-RANGE,LogisticRegression,descriptors,BELOW,0.4306670469881013,0.2806260298569419,0.2887069231549568
14761366,0,IN-RANGE,LogisticRegression,descriptors,BELOW,0.5018448411421057,0.27458212606224625,0.22357303279564794
14762211,0,IN-RANGE,LogisticRegression,descriptors,BELOW,0.4374338339285732,0.2778473520534154,0.28471881401801136
14762220,0,IN-RANGE,LogisticRegression,descriptors,ABOVE,0.2849906892179219,0.25658100979948606,0.4584283009825921
14762221,0,IN-RANGE,LogisticRegression,descriptors,IN-RANGE,0.3023689162409849,0.4319630935506501,0.26566799020836485
14762222,0,IN-RANGE,LogisticRegression,descriptors,ABOVE,0.3166025604435291,0.22642931611178643,0.4569681234446845
14762227,0,IN-RANGE,LogisticRegression,descriptors,IN-RANGE,0.30612788942654506,0.5485547080495815,0.14531740252387348
14762230,0,IN-RANGE,LogisticRegression,descriptors,BELOW,0.4661489269578115,0.3549794498248835,0.17887162321730493
14762242,0,IN-RANGE,LogisticRegression,descriptors,BELOW,0.37006288298615714,0.3483870635213972,0.2815500534924456
14762243,0,IN-RANGE,LogisticRegression,descriptors,BELOW,0.5020508728078965,0.2800323555134787,0.21791677167862467
14762252,0,IN-RANGE,LogisticRegression,descriptors,BELOW,0.39148637175366274,0.3434671518710744,0.2650464763752627
14762255,0,IN-RANGE,LogisticRegression,descriptors,ABOVE,0.16743669830444924,0.16788409759549294,0.6646792041000579
14762263,0,IN-RANGE,LogisticRegression,descriptors,IN-RANGE,0.36466099918361267,0.3844796539033277,0.25085934691305967
14762277,0,IN-RANGE,LogisticRegression,descriptors,IN-RANGE,0.3560760368795377,0.40787761925448257,0.2360463438659796
14762291,0,IN-RANGE,LogisticRegression,descriptors,ABOVE,0.18326522100259382,0.3042466945763131,0.5124880844210931
14762303,0,IN-RANGE,LogisticRegression,descriptors,BELOW,0.5320437988783564,0.32868406294711766,0.139272138174526
14762308,0,IN-RANGE,LogisticRegression,descriptors,ABOVE,0.3361523073800661,0.31240668728777443,0.3514410053321595
14762319,0,IN-RANGE,LogisticRegression,descriptors,BELOW,0.4994208214785969,0.3096170506405685,0.19096212788083464
14762331,0,IN-RANGE,LogisticRegression,descriptors,ABOVE,0.16480814809299246,0.27328383899934955,0.5619080129076579
14762387,0,IN-RANGE,LogisticRegression,descriptors,ABOVE,0.11730875240509446,0.1284774711770888,0.7542137764178168
14762395,0,IN-RANGE,LogisticRegression,descriptors,IN-RANGE,0.4158380984331396,0.437104410913136,0.1470574906537243
14762396,0,IN-RANGE,LogisticRegression,descriptors,BELOW,0.5401994203188359,0.3006565934751075,0.1591439862060564
14762405,0,IN-RANGE,LogisticRegression,descriptors,IN-RANGE,0.21923077082783513,0.6480309529676144,0.13273827620455067
14762425,0,IN-RANGE,LogisticRegression,descriptors,BELOW,0.4858583377200428,0.3555637473544208,0.1585779149255364
14762426,0,IN-RANGE,LogisticRegression,descriptors,IN-RANGE,0.17229160165627702,0.6469244995017005,0.18078389884202256
14762435,0,IN-RANGE,LogisticRegression,descriptors,ABOVE,0.10839304017078569,0.26948333406682623,0.622123625762388
14762439,0,IN-RANGE,LogisticRegression,descriptors,BELOW,0.5610815511684664,0.31289116272739187,0.12602728610414174
14762452,0,IN-RANGE,LogisticRegression,descriptors,BELOW,0.6088883227217545,0.3062699881497276,0.0848416891285179
14762460,0,IN-RANGE,LogisticRegression,descriptors,IN-RANGE,0.22326934981808308,0.6377748339839592,0.13895581619795772
14763275,0,IN-RANGE,LogisticRegression,descriptors,BELOW,0.5408125388239876,0.24715984316255557,0.21202761801345682
14763304,0,IN-RANGE,LogisticRegression,descriptors,IN-RANGE,0.3578875237788712,0.45967869374056064,0.182433782480568
14763331,0,IN-RANGE,LogisticRegression,descriptors,ABOVE,0.22561372888579415,0.27309568131595063,0.5012905897982552
14763345,0,IN-RANGE,LogisticRegression,descriptors,BELOW,0.6088883227217544,0.30626998814972756,0.08484168912851792
14763346,0,IN-RANGE,LogisticRegression,descriptors,IN-RANGE,0.2785353622386709,0.3861828743820501,0.335281763379279
14763366,0,IN-RANGE,LogisticRegression,descriptors,IN-RANGE,0.4197157726302196,0.4348355339296545,0.14544869344012587
14763377,0,IN-RANGE,LogisticRegression,descriptors,BELOW,0.5305735512752566,0.29906798805265544,0.1703584606720879
14763426,0,IN-RANGE,LogisticRegression,descriptors,BELOW,0.4988253244399776,0.3118073184606899,0.1893673570993325
14763437,0,IN-RANGE,LogisticRegression,descriptors,ABOVE,0.1553643734084951,0.20681865509592634,0.6378169714955786
14763447,0,IN-RANGE,LogisticRegression,descriptors,BELOW,0.5289992345720909,0.37043802633256756,0.10056273909534155
14763449,0,IN-RANGE,LogisticRegression,descriptors,ABOVE,0.2681319427775068,0.2022987733167099,0.5295692839057833
14763457,0,IN-RANGE,LogisticRegression,descriptors,BELOW,0.40816300859224625,0.3697646341498345,0.2220723572579193
14763463,0,IN-RANGE,LogisticRegression,descriptors,IN-RANGE,0.26907508538948777,0.4191351739119835,0.31178974069852866
14763470,0,IN-RANGE,LogisticRegression,descriptors,BELOW,0.3578023402810501,0.34780627411420684,0.29439138560474304
14763472,0,IN-RANGE,LogisticRegression,descriptors,IN-RANGE,0.17054611181064347,0.6653529637441902,0.16410092444516625
14763486,0,IN-RANGE,LogisticRegression,descriptors,ABOVE,0.11027902854107781,0.3756078436213121,0.5141131278376101
14763501,0,IN-RANGE,LogisticRegression,descriptors,ABOVE,0.1900277644707772,0.21760292953833943,0.5923693059908834
14763502,0,IN-RANGE,LogisticRegression,descriptors,BELOW,0.40046659608462665,0.35080018739859203,0.24873321651678124
14764282,0,IN-RANGE,LogisticRegression,descriptors,BELOW,0.4186450236140144,0.3884335023351611,0.19292147405082463
14764283,0,IN-RANGE,LogisticRegression,descriptors,BELOW,0.4596228126558315,0.28965269144976397,0.25072449589440454
14764298,0,IN-RANGE,LogisticRegression,descriptors,ABOVE,0.2335747217703956,0.346239579495257,0.42018569873434736
14764304,0,IN-RANGE,LogisticRegression,descriptors,BELOW,0.48901970814524187,0.25807362538258793,0.25290666647217025
14764320,0,IN-RANGE,LogisticRegression,descriptors,BELOW,0.4407883729190957,0.4241328925754347,0.1350787345054695
14764326,0,IN-RANGE,LogisticRegression,descriptors,BELOW,0.48785130414658223,0.2569840674589685,0.2551646283944493
14764330,0,IN-RANGE,LogisticRegression,descriptors,IN-RANGE,0.3944873822314749,0.47716190328940244,0.12835071447912272
14764354,0,IN-RANGE,LogisticRegression,descriptors,ABOVE,0.1819269421754448,0.21092014837567125,0.6071529094488839
14764355,0,IN-RANGE,LogisticRegression,descriptors,ABOVE,0.31697429205105215,0.28706934631308306,0.3959563616358649
14764371,0,IN-RANGE,LogisticRegression,descriptors,BELOW,0.4132728906504722,0.3567928233375467,0.22993428601198113
14764386,0,IN-RANGE,LogisticRegression,descriptors,IN-RANGE,0.34633468957436175,0.37673212074678114,0.2769331896788572
14764390,0,IN-RANGE,LogisticRegression,descriptors,IN-RANGE,0.3256606482275977,0.41529179914378717,0.2590475526286151
14764391,0,IN-RANGE,LogisticRegression,descriptors,IN-RANGE,0.29327453830617145,0.42517539853204195,0.28155006316178666
14764392,0,IN-RANGE,LogisticRegression,descriptors,BELOW,0.4682445876792299,0.33271489380186575,0.1990405185189044
14764403,0,IN-RANGE,LogisticRegression,descriptors,ABOVE,0.30236009087696286,0.24865510440747254,0.4489848047155645
14764409,0,IN-RANGE,LogisticRegression,descriptors,BELOW,0.4144746818935098,0.2960114980803928,0.28951382002609743
14764414,0,IN-RANGE,LogisticRegression,descriptors,IN-RANGE,0.34516090681301437,0.40711213973336924,0.2477269534536164
14764426,0,IN-RANGE,LogisticRegression,descriptors,IN-RANGE,0.19001308662505093,0.4115868586494552,0.39840005472549384
14764430,0,IN-RANGE,LogisticRegression,descriptors,BELOW,0.39264259226858195,0.32300929077952095,0.2843481169518971
14764437,0,IN-RANGE,LogisticRegression,descriptors,ABOVE,0.15136335593880829,0.3832116159326187,0.465425028128573
14764446,0,IN-RANGE,LogisticRegression,descriptors,ABOVE,0.10381737122533444,0.24510086509588314,0.6510817636787826
14764451,0,IN-RANGE,LogisticRegression,descriptors,ABOVE,0.341238253226787,0.30364189853747503,0.355119848235738
14764452,0,IN-RANGE,LogisticRegression,descriptors,ABOVE,0.32654210660388777,0.2766176552644929,0.3968402381316194
14764459,0,IN-RANGE,LogisticRegression,descriptors,ABOVE,0.2629318444876727,0.26162319392562056,0.4754449615867068
14764466,0,IN-RANGE,LogisticRegression,descriptors,IN-RANGE,0.22373067201865526,0.47174418621207703,0.30452514176926787
14764467,0,IN-RANGE,LogisticRegression,descriptors,BELOW,0.4195442369893433,0.39639447066963024,0.18406129234102644
14764472,0,IN-RANGE,LogisticRegression,descriptors,IN-RANGE,0.23814221627992502,0.44242515905120966,0.31943262466886546
14764473,0,IN-RANGE,LogisticRegression,descriptors,BELOW,0.42039428361433184,0.38848665851844527,0.1911190578672228
14764480,0,IN-RANGE,LogisticRegression,descriptors,BELOW,0.4192689429099226,0.3803534349985761,0.20037762209150117
14764493,0,IN-RANGE,LogisticRegression,descriptors,BELOW,0.4008847135985791,0.36066405673132707,0.2384512296700939
14765331,0,IN-RANGE,LogisticRegression,descriptors,ABOVE,0.23207547014791907,0.2878568876501222,0.48006764220195874
14765381,0,IN-RANGE,LogisticRegression,descriptors,ABOVE,0.183198492403164,0.3899683135793292,0.42683319401750686
14765391,0,IN-RANGE,LogisticRegression,descriptors,ABOVE,0.3457249527326746,0.2852157301647633,0.369059317102562
14765392,0,IN-RANGE,LogisticRegression,descriptors,ABOVE,0.2699559703740374,0.2485457744913534,0.4814982551346092
14765394,0,IN-RANGE,LogisticRegression,descriptors,BELOW,0.49892901006198936,0.4442808480234436,0.05679014191456694
14765395,0,IN-RANGE,LogisticRegression,descriptors,ABOVE,0.27398710373529095,0.24993318104134576,0.47607971522336323
14765407,0,IN-RANGE,LogisticRegression,descriptors,BELOW,0.3562325918395919,0.29592711499208874,0.34784029316831944
14765425,0,IN-RANGE,LogisticRegression,descriptors,BELOW,0.39138144547687853,0.3149106276558925,0.293707926867229
14765426,0,IN-RANGE,LogisticRegression,descriptors,ABOVE,0.35912493122749356,0.20668694573681487,0.43418812303569154
14765432,0,IN-RANGE,LogisticRegression,descriptors,IN-RANGE,0.2048237088088891,0.401917242140163,0.39325904905094783
14765440,0,IN-RANGE,LogisticRegression,descriptors,IN-RANGE,0.28782635433671,0.670500418228283,0.04167322743500698
14765452,0,IN-RANGE,LogisticRegression,descriptors,BELOW,0.4062770015295853,0.2517946563639228,0.341928342106492
14765460,0,IN-RANGE,LogisticRegression,descriptors,BELOW,0.4767110742551549,0.388177031806184,0.13511189393866102
14765463,0,IN-RANGE,LogisticRegression,descriptors,ABOVE,0.17187049812875196,0.23078842145267353,0.5973410804185745
14765468,0,IN-RANGE,LogisticRegression,descriptors,IN-RANGE,0.3241216874740824,0.44704587966772347,0.2288324328581943
14765483,0,IN-RANGE,LogisticRegression,descriptors,ABOVE,0.33500540734742834,0.2483487686021348,0.4166458240504368
14765487,0,IN-RANGE,LogisticRegression,descriptors,ABOVE,0.17993309524194917,0.3297838697465877,0.4902830350114631
14765494,0,IN-RANGE,LogisticRegression,descriptors,ABOVE,0.24320190420590956,0.23206863305695352,0.5247294627371369
14765500,0,IN-RANGE,LogisticRegression,descriptors,IN-RANGE,0.26641503237978437,0.4773530785904535,0.25623188902976224
14765503,0,IN-RANGE,LogisticRegression,descriptors,BELOW,0.38875930029962497,0.3222649668232185,0.28897573287715655
14765529,0,IN-RANGE,LogisticRegression,descriptors,BELOW,0.5285725022721879,0.3760553968018365,0.09537210092597563
14765536,0,IN-RANGE,LogisticRegression,descriptors,ABOVE,0.3512615145642985,0.28537609480384746,0.36336239063185405
14765551,0,IN-RANGE,LogisticRegression,descriptors,ABOVE,0.16608450055624932,0.2986488054258268,0.5352666940179239
14766485,0,ABOVE,LogisticRegression,descriptors,ABOVE,0.180842646687994,0.271240609812011,0.5479167434999951
14766487,0,ABOVE,LogisticRegression,descriptors,ABOVE,0.28659830754154464,0.25460721771301703,0.4587944747454384
14766492,0,ABOVE,LogisticRegression,descriptors,ABOVE,0.26284400478954767,0.2739810760729711,0.46317491913748127
14766493,0,ABOVE,LogisticRegression,descriptors,BELOW,0.41521089169135456,0.36836063579087175,0.21642847251777367
14766495,0,ABOVE,LogisticRegression,descriptors,IN-RANGE,0.4422474587239364,0.5344470551673459,0.02330548610871771
14766497,0,ABOVE,LogisticRegression,descriptors,IN-RANGE,0.23579713097528085,0.6690367824980346,0.09516608652668454
14766503,0,ABOVE,LogisticRegression,descriptors,ABOVE,0.24808666078139568,0.2828086105667335,0.4691047286518708
14766508,0,ABOVE,LogisticRegression,descriptors,ABOVE,0.25942564082249436,0.26983236282578793,0.47074199635171776
14766522,0,ABOVE,LogisticRegression,descriptors,BELOW,0.3428329559978178,0.3404250307967727,0.31674201320540935
14766527,0,ABOVE,LogisticRegression,descriptors,BELOW,0.4433436462916365,0.39243768231524057,0.164218671393123
14766539,0,ABOVE,LogisticRegression,descriptors,ABOVE,0.08122697547559805,0.2526592362600266,0.6661137882643753
14766542,0,ABOVE,LogisticRegression,descriptors,ABOVE,0.36171714792439175,0.25631202954685006,0.3819708225287581
14766555,0,ABOVE,LogisticRegression,descriptors,ABOVE,0.1337112724239602,0.2185854253539349,0.6477033022221049
14766557,0,ABOVE,LogisticRegression,descriptors,ABOVE,0.2433057899267612,0.18958428254542165,0.5671099275278172
14766558,0,ABOVE,LogisticRegression,descriptors,ABOVE,0.2531599530768417,0.2859048379284256,0.4609352089947328
14766565,0,ABOVE,LogisticRegression,descriptors,ABOVE,0.24330578992676116,0.18958428254542165,0.5671099275278173
14766568,0,ABOVE,LogisticRegression,descriptors,IN-RANGE,0.3272376487793098,0.45065252951310536,0.22210982170758486
14769822,0,BELOW,LogisticRegression,descriptors,IN-RANGE,0.202972724566982,0.630516003799807,0.16651127163321103
14769825,0,BELOW,LogisticRegression,descriptors,BELOW,0.4633523417176322,0.2809759607863892,0.2556716974959786
14769827,0,BELOW,LogisticRegression,descriptors,BELOW,0.4359407466268765,0.28954429860354347,0.27451495476958
14769835,0,BELOW,LogisticRegression,descriptors,ABOVE,0.29885935137248115,0.2341362925880992,0.46700435603941964
14769840,0,BELOW,LogisticRegression,descriptors,IN-RANGE,0.3662522183092506,0.41778629138951623,0.2159614903012333
14769844,0,BELOW,LogisticRegression,descriptors,BELOW,0.35993306229265015,0.2846218116413956,0.35544512606595424
14769846,0,BELOW,LogisticRegression,descriptors,BELOW,0.5040077455411793,0.2536249070784166,0.24236734738040408
14769847,0,BELOW,LogisticRegression,descriptors,BELOW,0.3913048443492788,0.3579569396148579,0.2507382160358633
14769851,0,BELOW,LogisticRegression,descriptors,BELOW,0.4864170091564113,0.23796717893330574,0.2756158119102829
14769852,0,BELOW,LogisticRegression,descriptors,BELOW,0.4668247867539357,0.28701789804501165,0.24615731520105255
14769853,0,BELOW,LogisticRegression,descriptors,BELOW,0.3734408922532925,0.29986644139815793,0.3266926663485495
14769858,0,BELOW,LogisticRegression,descriptors,BELOW,0.4550401499438659,0.26400225729285004,0.2809575927632841
14769861,0,BELOW,LogisticRegression,descriptors,BELOW,0.450930500793122,0.269947901489003,0.2791215977178749
14769864,0,BELOW,LogisticRegression,descriptors,BELOW,0.47862394302780786,0.2504057672115784,0.2709702897606137
14769871,0,BELOW,LogisticRegression,descriptors,IN-RANGE,0.36177127703453843,0.5446334587128276,0.09359526425263394
14769873,0,BELOW,LogisticRegression,descriptors,BELOW,0.42532072808859156,0.4082337110473171,0.16644556086409124
14769878,0,BELOW,LogisticRegression,descriptors,BELOW,0.5307516257806771,0.39588157778143646,0.07336679643788649
14769882,0,BELOW,LogisticRegression,descriptors,BELOW,0.4837393006924335,0.28662332657069295,0.22963737273687346
14769887,0,BELOW,LogisticRegression,descriptors,IN-RANGE,0.35128314098891306,0.3516296774793243,0.29708718153176267
14769888,0,BELOW,LogisticRegression,descriptors,ABOVE,0.28260432260726015,0.2610421049332628,0.4563535724594771
14758722,0,BELOW,RandomForestClassifier,descriptors,IN-RANGE,0.37666666666666665,0.42333333333333334,0.2
14758734,0,BELOW,RandomForestClassifier,descriptors,BELOW,0.77,0.18,0.05
14758750,0,BELOW,RandomForestClassifier,descriptors,BELOW,0.45,0.39,0.16
14758753,0,BELOW,RandomForestClassifier,descriptors,IN-RANGE,0.27,0.46,0.27
14758757,0,BELOW,RandomForestClassifier,descriptors,BELOW,0.41,0.31,0.28
14758760,0,BELOW,RandomForestClassifier,descriptors,IN-RANGE,0.34,0.41,0.25
14758763,0,BELOW,RandomForestClassifier,descriptors,ABOVE,0.3216666666666667,0.31833333333333336,0.36
14758770,0,BELOW,RandomForestClassifier,descriptors,BELOW,0.53,0.45,0.02
14758771,0,BELOW,RandomForestClassifier,descriptors,BELOW,0.38,0.26,0.36
14758772,0,BELOW,RandomForestClassifier,descriptors,ABOVE,0.31666666666666665,0.25333333333333335,0.43
14758779,0,BELOW,RandomForestClassifier,descriptors,BELOW,0.495,0.455,0.05
14758791,0,BELOW,RandomForestClassifier,descriptors,IN-RANGE,0.27,0.62,0.11
14758795,0,BELOW,RandomForestClassifier,descriptors,ABOVE,0.23,0.25,0.52
14758804,0,BELOW,RandomForestClassifier,descriptors,IN-RANGE,0.46,0.52,0.02
14758806,0,BELOW,RandomForestClassifier,descriptors,BELOW,0.66,0.32,0.02
14758809,0,BELOW,RandomForestClassifier,descriptors,BELOW,0.66,0.32,0.02
14758816,0,BELOW,RandomForestClassifier,descriptors,IN-RANGE,0.2475,0.7125,0.04
14758821,0,BELOW,RandomForestClassifier,descriptors,BELOW,0.49,0.25,0.26
14758827,0,BELOW,RandomForestClassifier,descriptors,BELOW,0.86,0.12,0.02
14758828,0,BELOW,RandomForestClassifier,descriptors,BELOW,0.545,0.385,0.07
14758830,0,BELOW,RandomForestClassifier,descriptors,IN-RANGE,0.24,0.68,0.08
14758831,0,BELOW,RandomForestClassifier,descriptors,BELOW,0.44933333333333336,0.44066666666666665,0.11
14758834,0,BELOW,RandomForestClassifier,descriptors,IN-RANGE,0.32,0.5616666666666666,0.11833333333333335
14758857,0,BELOW,RandomForestClassifier,descriptors,IN-RANGE,0.435,0.545,0.02
14758862,0,BELOW,RandomForestClassifier,descriptors,IN-RANGE,0.16,0.69,0.15
14758871,0,BELOW,RandomForestClassifier,descriptors,IN-RANGE,0.2321666666666667,0.5978333333333334,0.17
14758878,0,BELOW,RandomForestClassifier,descriptors,IN-RANGE,0.3,0.63,0.07
14758887,0,BELOW,RandomForestClassifier,descriptors,IN-RANGE,0.33,0.57,0.1
14758892,0,BELOW,RandomForestClassifier,descriptors,BELOW,1.0,0.0,0.0
14758894,0,BELOW,RandomForestClassifier,descriptors,IN-RANGE,0.395,0.585,0.02
14758895,0,BELOW,RandomForestClassifier,descriptors,IN-RANGE,0.35,0.62,0.03
14758897,0,BELOW,RandomForestClassifier,descriptors,BELOW,0.48,0.29,0.23
14758920,0,BELOW,RandomForestClassifier,descriptors,BELOW,0.72,0.27,0.01
14758921,0,BELOW,RandomForestClassifier,descriptors,BELOW,0.63,0.35,0.02
14758924,0,IN-RANGE,RandomForestClassifier,descriptors,BELOW,0.69,0.31,0.0
14758935,0,IN-RANGE,RandomForestClassifier,descriptors,BELOW,0.66,0.33,0.01
14758973,0,IN-RANGE,RandomForestClassifier,descriptors,IN-RANGE,0.1,0.83,0.07
14758980,0,IN-RANGE,RandomForestClassifier,descriptors,ABOVE,0.32523809523809527,0.27476190476190476,0.4
14758993,0,IN-RANGE,RandomForestClassifier,descriptors,IN-RANGE,0.31,0.4,0.29
14758999,0,IN-RANGE,RandomForestClassifier,descriptors,BELOW,0.5,0.48,0.02
14759810,0,IN-RANGE,RandomForestClassifier,descriptors,IN-RANGE,0.275,0.445,0.28
14759825,0,IN-RANGE,RandomForestClassifier,descriptors,IN-RANGE,0.204,0.596,0.2
14759860,0,IN-RANGE,RandomForestClassifier,descriptors,IN-RANGE,0.4074999999999999,0.5625,0.03
14759862,0,IN-RANGE,RandomForestClassifier,descriptors,IN-RANGE,0.29333333333333333,0.6966666666666665,0.01
14759864,0,IN-RANGE,RandomForestClassifier,descriptors,BELOW,0.62,0.37,0.01
14759895,0,IN-RANGE,RandomForestClassifier,descriptors,IN-RANGE,0.25,0.72,0.03
14759906,0,IN-RANGE,RandomForestClassifier,descriptors,IN-RANGE,0.31,0.57,0.12
14759907,0,IN-RANGE,RandomForestClassifier,descriptors,IN-RANGE,0.23,0.73,0.04
14759922,0,IN-RANGE,RandomForestClassifier,descriptors,BELOW,0.40333333333333327,0.3866666666666667,0.21
14759955,0,IN-RANGE,RandomForestClassifier,descriptors,IN-RANGE,0.41,0.43,0.16
14760008,0,IN-RANGE,RandomForestClassifier,descriptors,IN-RANGE,0.16,0.6416666666666667,0.19833333333333333
14760032,0,IN-RANGE,RandomForestClassifier,descriptors,ABOVE,0.305,0.335,0.36
14761128,0,IN-RANGE,RandomForestClassifier,descriptors,BELOW,0.51,0.47,0.02
14761130,0,IN-RANGE,RandomForestClassifier,descriptors,IN-RANGE,0.16,0.46333333333333326,0.37666666666666665
14761137,0,IN-RANGE,RandomForestClassifier,descriptors,IN-RANGE,0.2858333333333334,0.5841666666666666,0.13
14761149,0,IN-RANGE,RandomForestClassifier,descriptors,IN-RANGE,0.28,0.4414285714285714,0.2785714285714286
14761150,0,IN-RANGE,RandomForestClassifier,descriptors,IN-RANGE,0.14,0.74,0.12
14761170,0,IN-RANGE,RandomForestClassifier,descriptors,IN-RANGE,0.28544444444444445,0.5745555555555556,0.14
14761171,0,IN-RANGE,RandomForestClassifier,descriptors,IN-RANGE,0.39490476190476187,0.4650952380952381,0.14
14761178,0,IN-RANGE,RandomForestClassifier,descriptors,IN-RANGE,0.2,0.75,0.05
14761192,0,IN-RANGE,RandomForestClassifier,descriptors,IN-RANGE,0.3923333333333334,0.5476666666666666,0.06
14761230,0,IN-RANGE,RandomForestClassifier,descriptors,BELOW,0.47,0.44,0.09
14761237,0,IN-RANGE,RandomForestClassifier,descriptors,BELOW,0.48,0.48,0.04
14761254,0,IN-RANGE,RandomForestClassifier,descriptors,IN-RANGE,0.41,0.58,0.01
14761277,0,IN-RANGE,RandomForestClassifier,descriptors,IN-RANGE,0.21,0.75,0.04
14761278,0,IN-RANGE,RandomForestClassifier,descriptors,BELOW,0.6616666666666666,0.25833333333333336,0.08
14761279,0,IN-RANGE,RandomForestClassifier,descriptors,IN-RANGE,0.0,0.93,0.07
14761287,0,IN-RANGE,RandomForestClassifier,descriptors,IN-RANGE,0.2985714285714286,0.5114285714285713,0.19
14761288,0,IN-RANGE,RandomForestClassifier,descriptors,BELOW,0.58,0.41,0.01
14761291,0,IN-RANGE,RandomForestClassifier,descriptors,ABOVE,0.29,0.33,0.38
14761298,0,IN-RANGE,RandomForestClassifier,descriptors,BELOW,0.57,0.23,0.2
14761300,0,IN-RANGE,RandomForestClassifier,descriptors,IN-RANGE,0.4705,0.47950000000000004,0.05
14761313,0,IN-RANGE,RandomForestClassifier,descriptors,IN-RANGE,0.17,0.78,0.05
14761316,0,IN-RANGE,RandomForestClassifier,descriptors,BELOW,0.78,0.22,0.0
14761318,0,IN-RANGE,RandomForestClassifier,descriptors,ABOVE,0.29,0.19,0.52
14761319,0,IN-RANGE,RandomForestClassifier,descriptors,BELOW,0.7508333333333332,0.1991666666666667,0.05
14761323,0,IN-RANGE,RandomForestClassifier,descriptors,IN-RANGE,0.24,0.7,0.06
14761340,0,IN-RANGE,RandomForestClassifier,descriptors,IN-RANGE,0.31,0.61,0.08
14761341,0,IN-RANGE,RandomForestClassifier,descriptors,IN-RANGE,0.18,0.44,0.38
14761364,0,IN-RANGE,RandomForestClassifier,descriptors,IN-RANGE,0.22,0.58,0.2
14761366,0,IN-RANGE,RandomForestClassifier,descriptors,BELOW,0.56,0.21,0.23
14762211,0,IN-RANGE,RandomForestClassifier,descriptors,IN-RANGE,0.17,0.53,0.3
14762220,0,IN-RANGE,RandomForestClassifier,descriptors,IN-RANGE,0.245,0.685,0.07
14762221,0,IN-RANGE,RandomForestClassifier,descriptors,IN-RANGE,0.37,0.39,0.24
14762222,0,IN-RANGE,RandomForestClassifier,descriptors,IN-RANGE,0.31,0.62,0.07
14762227,0,IN-RANGE,RandomForestClassifier,descriptors,IN-RANGE,0.34,0.6116666666666667,0.04833333333333334
14762230,0,IN-RANGE,RandomForestClassifier,descriptors,IN-RANGE,0.38,0.45,0.17
14762242,0,IN-RANGE,RandomForestClassifier,descriptors,BELOW,0.5183333333333333,0.36166666666666664,0.12
14762243,0,IN-RANGE,RandomForestClassifier,descriptors,BELOW,0.5,0.42,0.08
14762252,0,IN-RANGE,RandomForestClassifier,descriptors,IN-RANGE,0.305,0.515,0.18
14762255,0,IN-RANGE,RandomForestClassifier,descriptors,IN-RANGE,0.16,0.56,0.28
14762263,0,IN-RANGE,RandomForestClassifier,descriptors,BELOW,0.51,0.36,0.13
14762277,0,IN-RANGE,RandomForestClassifier,descriptors,BELOW,0.63,0.3025,0.0675
14762291,0,IN-RANGE,RandomForestClassifier,descriptors,IN-RANGE,0.12333333333333332,0.5666666666666667,0.31
14762303,0,IN-RANGE,RandomForestClassifier,descriptors,BELOW,0.46,0.46,0.08
14762308,0,IN-RANGE,RandomForestClassifier,descriptors,BELOW,0.885,0.095,0.02
14762319,0,IN-RANGE,RandomForestClassifier,descriptors,IN-RANGE,0.32,0.52,0.16
14762331,0,IN-RANGE,RandomForestClassifier,descriptors,IN-RANGE,0.25,0.58,0.17
14762387,0,IN-RANGE,RandomForestClassifier,descriptors,ABOVE,0.056666666666666664,0.09333333333333332,0.85
14762395,0,IN-RANGE,RandomForestClassifier,descriptors,IN-RANGE,0.2925,0.5575,0.15
14762396,0,IN-RANGE,RandomForestClassifier,descriptors,IN-RANGE,0.2733333333333333,0.6566666666666666,0.07
14762405,0,IN-RANGE,RandomForestClassifier,descriptors,IN-RANGE,0.1,0.62,0.28
14762425,0,IN-RANGE,RandomForestClassifier,descriptors,IN-RANGE,0.35,0.62,0.03
14762426,0,IN-RANGE,RandomForestClassifier,descriptors,IN-RANGE,0.0,0.93,0.07
14762435,0,IN-RANGE,RandomForestClassifier,descriptors,IN-RANGE,0.17,0.67,0.16
14762439,0,IN-RANGE,RandomForestClassifier,descriptors,IN-RANGE,0.29,0.59,0.12
14762452,0,IN-RANGE,RandomForestClassifier,descriptors,IN-RANGE,0.49,0.5,0.01
14762460,0,IN-RANGE,RandomForestClassifier,descriptors,IN-RANGE,0.16,0.81,0.03
14763275,0,IN-RANGE,RandomForestClassifier,descriptors,IN-RANGE,0.37,0.56,0.07
14763304,0,IN-RANGE,RandomForestClassifier,descriptors,IN-RANGE,0.32,0.59,0.09
14763331,0,IN-RANGE,RandomForestClassifier,descriptors,IN-RANGE,0.21666666666666667,0.6733333333333335,0.11
14763345,0,IN-RANGE,RandomForestClassifier,descriptors,IN-RANGE,0.49,0.5,0.01
14763346,0,IN-RANGE,RandomForestClassifier,descriptors,IN-RANGE,0.21166666666666667,0.4883333333333333,0.3
14763366,0,IN-RANGE,RandomForestClassifier,descriptors,IN-RANGE,0.06,0.86,0.08
14763377,0,IN-RANGE,RandomForestClassifier,descriptors,IN-RANGE,0.455,0.465,0.08
14763426,0,IN-RANGE,RandomForestClassifier,descriptors,IN-RANGE,0.34,0.47,0.19
14763437,0,IN-RANGE,RandomForestClassifier,descriptors,ABOVE,0.24666666666666667,0.32333333333333336,0.43
14763447,0,IN-RANGE,RandomForestClassifier,descriptors,IN-RANGE,0.266,0.664,0.07
14763449,0,IN-RANGE,RandomForestClassifier,descriptors,IN-RANGE,0.32,0.5,0.18
14763457,0,IN-RANGE,RandomForestClassifier,descriptors,BELOW,0.6846666666666666,0.2753333333333333,0.04
14763463,0,IN-RANGE,RandomForestClassifier,descriptors,IN-RANGE,0.19,0.73,0.08
14763470,0,IN-RANGE,RandomForestClassifier,descriptors,BELOW,0.77,0.18,0.05
14763472,0,IN-RANGE,RandomForestClassifier,descriptors,IN-RANGE,0.0,0.97,0.03
14763486,0,IN-RANGE,RandomForestClassifier,descriptors,IN-RANGE,0.09,0.84,0.07
14763501,0,IN-RANGE,RandomForestClassifier,descriptors,ABOVE,0.255,0.355,0.39
14763502,0,IN-RANGE,RandomForestClassifier,descriptors,IN-RANGE,0.32,0.67,0.01
14764282,0,IN-RANGE,RandomForestClassifier,descriptors,IN-RANGE,0.04,0.9014285714285714,0.058571428571428566
14764283,0,IN-RANGE,RandomForestClassifier,descriptors,ABOVE,0.05333333333333333,0.34666666666666673,0.6
14764298,0,IN-RANGE,RandomForestClassifier,descriptors,IN-RANGE,0.08333333333333334,0.6766666666666667,0.24
14764304,0,IN-RANGE,RandomForestClassifier,descriptors,BELOW,0.61,0.24,0.15
14764320,0,IN-RANGE,RandomForestClassifier,descriptors,IN-RANGE,0.1,0.8,0.1
14764326,0,IN-RANGE,RandomForestClassifier,descriptors,ABOVE,0.2,0.33,0.47
14764330,0,IN-RANGE,RandomForestClassifier,descriptors,BELOW,0.5,0.49,0.01
14764354,0,IN-RANGE,RandomForestClassifier,descriptors,ABOVE,0.08666666666666666,0.38333333333333336,0.53
14764355,0,IN-RANGE,RandomForestClassifier,descriptors,IN-RANGE,0.18,0.64,0.18
14764371,0,IN-RANGE,RandomForestClassifier,descriptors,IN-RANGE,0.415,0.545,0.04
14764386,0,IN-RANGE,RandomForestClassifier,descriptors,IN-RANGE,0.11,0.88,0.01
14764390,0,IN-RANGE,RandomForestClassifier,descriptors,IN-RANGE,0.36333333333333334,0.6066666666666667,0.03
14764391,0,IN-RANGE,RandomForestClassifier,descriptors,IN-RANGE,0.24,0.5288690476190476,0.2311309523809524
14764392,0,IN-RANGE,RandomForestClassifier,descriptors,IN-RANGE,0.12,0.74,0.14
14764403,0,IN-RANGE,RandomForestClassifier,descriptors,IN-RANGE,0.49,0.5,0.01
14764409,0,IN-RANGE,RandomForestClassifier,descriptors,IN-RANGE,0.14400000000000002,0.706,0.15
14764414,0,IN-RANGE,RandomForestClassifier,descriptors,IN-RANGE,0.18666666666666665,0.7433333333333333,0.07
14764426,0,IN-RANGE,RandomForestClassifier,descriptors,IN-RANGE,0.21833333333333332,0.5716666666666668,0.21
14764430,0,IN-RANGE,RandomForestClassifier,descriptors,BELOW,0.45,0.42,0.13
14764437,0,IN-RANGE,RandomForestClassifier,descriptors,IN-RANGE,0.24,0.6416666666666666,0.11833333333333335
14764446,0,IN-RANGE,RandomForestClassifier,descriptors,IN-RANGE,0.175,0.675,0.15
14764451,0,IN-RANGE,RandomForestClassifier,descriptors,IN-RANGE,0.28,0.64,0.08
14764452,0,IN-RANGE,RandomForestClassifier,descriptors,IN-RANGE,0.24,0.71,0.05
14764459,0,IN-RANGE,RandomForestClassifier,descriptors,IN-RANGE,0.16666666666666669,0.6033333333333334,0.23
14764466,0,IN-RANGE,RandomForestClassifier,descriptors,IN-RANGE,0.2,0.65,0.15
14764467,0,IN-RANGE,RandomForestClassifier,descriptors,IN-RANGE,0.17,0.73,0.1
14764472,0,IN-RANGE,RandomForestClassifier,descriptors,IN-RANGE,0.11,0.64125,0.24875
14764473,0,IN-RANGE,RandomForestClassifier,descriptors,IN-RANGE,0.07,0.8814285714285713,0.04857142857142858
14764480,0,IN-RANGE,RandomForestClassifier,descriptors,IN-RANGE,0.1225,0.8375,0.04
14764493,0,IN-RANGE,RandomForestClassifier,descriptors,BELOW,0.7083333333333335,0.18166666666666664,0.11
14765331,0,IN-RANGE,RandomForestClassifier,descriptors,IN-RANGE,0.3,0.61,0.09
14765381,0,IN-RANGE,RandomForestClassifier,descriptors,IN-RANGE,0.14666666666666667,0.5166666666666666,0.33666666666666667
14765391,0,IN-RANGE,RandomForestClassifier,descriptors,IN-RANGE,0.225,0.725,0.05
14765392,0,IN-RANGE,RandomForestClassifier,descriptors,IN-RANGE,0.20666666666666667,0.5933333333333334,0.2
14765394,0,IN-RANGE,RandomForestClassifier,descriptors,BELOW,0.66,0.31,0.03
14765395,0,IN-RANGE,RandomForestClassifier,descriptors,BELOW,0.51,0.32,0.17
14765407,0,IN-RANGE,RandomForestClassifier,descriptors,IN-RANGE,0.205,0.725,0.07
14765425,0,IN-RANGE,RandomForestClassifier,descriptors,BELOW,0.475,0.435,0.09
14765426,0,IN-RANGE,RandomForestClassifier,descriptors,ABOVE,0.1,0.4,0.5
14765432,0,IN-RANGE,RandomForestClassifier,descriptors,IN-RANGE,0.18,0.4933333333333333,0.32666666666666666
14765440,0,IN-RANGE,RandomForestClassifier,descriptors,IN-RANGE,0.19,0.74,0.07
14765452,0,IN-RANGE,RandomForestClassifier,descriptors,IN-RANGE,0.11,0.49,0.4
14765460,0,IN-RANGE,RandomForestClassifier,descriptors,BELOW,0.48,0.42,0.1
14765463,0,IN-RANGE,RandomForestClassifier,descriptors,IN-RANGE,0.09,0.54,0.37
14765468,0,IN-RANGE,RandomForestClassifier,descriptors,IN-RANGE,0.08,0.71,0.21
14765483,0,IN-RANGE,RandomForestClassifier,descriptors,IN-RANGE,0.35,0.58,0.07
14765487,0,IN-RANGE,RandomForestClassifier,descriptors,IN-RANGE,0.12,0.5214285714285714,0.3585714285714286
14765494,0,IN-RANGE,RandomForestClassifier,descriptors,IN-RANGE,0.31,0.37,0.32
14765500,0,IN-RANGE,RandomForestClassifier,descriptors,IN-RANGE,0.28,0.65,0.07
14765503,0,IN-RANGE,RandomForestClassifier,descriptors,IN-RANGE,0.22,0.46,0.32
14765529,0,IN-RANGE,RandomForestClassifier,descriptors,BELOW,0.47,0.45,0.08
14765536,0,IN-RANGE,RandomForestClassifier,descriptors,BELOW,0.6416666666666666,0.18833333333333335,0.17
14765551,0,IN-RANGE,RandomForestClassifier,descriptors,IN-RANGE,0.2966666666666667,0.6033333333333334,0.1
14766485,0,ABOVE,RandomForestClassifier,descriptors,ABOVE,0.14916666666666667,0.4008333333333334,0.45
14766487,0,ABOVE,RandomForestClassifier,descriptors,IN-RANGE,0.21666666666666667,0.42333333333333334,0.36
14766492,0,ABOVE,RandomForestClassifier,descriptors,IN-RANGE,0.214,0.418,0.368
14766493,0,ABOVE,RandomForestClassifier,descriptors,IN-RANGE,0.47,0.5,0.03
14766495,0,ABOVE,RandomForestClassifier,descriptors,IN-RANGE,0.045,0.865,0.09
14766497,0,ABOVE,RandomForestClassifier,descriptors,IN-RANGE,0.165,0.805,0.03
14766503,0,ABOVE,RandomForestClassifier,descriptors,IN-RANGE,0.19,0.65,0.16
14766508,0,ABOVE,RandomForestClassifier,descriptors,IN-RANGE,0.3016666666666667,0.3683333333333333,0.33
14766522,0,ABOVE,RandomForestClassifier,descriptors,IN-RANGE,0.42653571428571424,0.5234642857142857,0.05
14766527,0,ABOVE,RandomForestClassifier,descriptors,IN-RANGE,0.40399999999999997,0.496,0.1
14766539,0,ABOVE,RandomForestClassifier,descriptors,IN-RANGE,0.31,0.69,0.0
14766542,0,ABOVE,RandomForestClassifier,descriptors,IN-RANGE,0.14,0.48,0.38
14766555,0,ABOVE,RandomForestClassifier,descriptors,IN-RANGE,0.21,0.43,0.36
14766557,0,ABOVE,RandomForestClassifier,descriptors,IN-RANGE,0.245,0.515,0.24
14766558,0,ABOVE,RandomForestClassifier,descriptors,IN-RANGE,0.28,0.42,0.3
14766565,0,ABOVE,RandomForestClassifier,descriptors,IN-RANGE,0.245,0.515,0.24
14766568,0,ABOVE,RandomForestClassifier,descriptors,IN-RANGE,0.37708333333333327,0.5329166666666666,0.09
14769822,0,BELOW,RandomForestClassifier,descriptors,IN-RANGE,0.01,0.96,0.03
14769825,0,BELOW,RandomForestClassifier,descriptors,ABOVE,0.335,0.175,0.49
14769827,0,BELOW,RandomForestClassifier,descriptors,BELOW,0.75,0.25,0.0
14769835,0,BELOW,RandomForestClassifier,descriptors,IN-RANGE,0.11,0.632,0.258
14769840,0,BELOW,RandomForestClassifier,descriptors,IN-RANGE,0.32,0.62,0.06
14769844,0,BELOW,RandomForestClassifier,descriptors,IN-RANGE,0.36,0.41,0.23
14769846,0,BELOW,RandomForestClassifier,descriptors,BELOW,0.4775,0.4725,0.05
14769847,0,BELOW,RandomForestClassifier,descriptors,IN-RANGE,0.2,0.78,0.02
14769851,0,BELOW,RandomForestClassifier,descriptors,IN-RANGE,0.3,0.63,0.07
14769852,0,BELOW,RandomForestClassifier,descriptors,ABOVE,0.32523809523809527,0.27476190476190476,0.4
14769853,0,BELOW,RandomForestClassifier,descriptors,IN-RANGE,0.18,0.7,0.12
14769858,0,BELOW,RandomForestClassifier,descriptors,BELOW,0.37,0.31,0.32
14769861,0,BELOW,RandomForestClassifier,descriptors,BELOW,0.53,0.22,0.25
14769864,0,BELOW,RandomForestClassifier,descriptors,IN-RANGE,0.37,0.51,0.12
14769871,0,BELOW,RandomForestClassifier,descriptors,BELOW,0.52,0.45166666666666666,0.028333333333333335
14769873,0,BELOW,RandomForestClassifier,descriptors,IN-RANGE,0.31166666666666665,0.5283333333333333,0.16
14769878,0,BELOW,RandomForestClassifier,descriptors,IN-RANGE,0.42,0.48,0.1
14769882,0,BELOW,RandomForestClassifier,descriptors,BELOW,0.68,0.11,0.21
14769887,0,BELOW,RandomForestClassifier,descriptors,IN-RANGE,0.31,0.61,0.08
14769888,0,BELOW,RandomForestClassifier,descriptors,IN-RANGE,0.16,0.48,0.36
14758722,0,BELOW,LogisticRegression,Morgan,BELOW,0.49527623954589217,0.4419180727851759,0.06280568766893187
14758734,0,BELOW,LogisticRegression,Morgan,IN-RANGE,0.1460584393594468,0.804428182309169,0.049513378331384195
14758750,0,BELOW,LogisticRegression,Morgan,BELOW,0.61005041301288,0.36659001199349434,0.02335957499362583
14758753,0,BELOW,LogisticRegression,Morgan,IN-RANGE,0.04176172898400381,0.9489717051759944,0.009266565840001887
14758757,0,BELOW,LogisticRegression,Morgan,BELOW,0.8164308337963788,0.17024113143282837,0.013328034770792764
14758760,0,BELOW,LogisticRegression,Morgan,BELOW,0.7177747331144673,0.24876343202736162,0.0334618348581712
14758763,0,BELOW,LogisticRegression,Morgan,BELOW,0.7500559375489241,0.22122242890157848,0.028721633549497524
14758770,0,BELOW,LogisticRegression,Morgan,BELOW,0.711055941848498,0.2810003119948641,0.007943746156637907
14758771,0,BELOW,LogisticRegression,Morgan,BELOW,0.7911063549368148,0.20391936739063685,0.004974277672548223
14758772,0,BELOW,LogisticRegression,Morgan,BELOW,0.8677447985601832,0.11348999250630132,0.018765208933515395
14758779,0,BELOW,LogisticRegression,Morgan,BELOW,0.41549546320929054,0.336250095150547,0.24825444164016247
14758791,0,BELOW,LogisticRegression,Morgan,BELOW,0.6513155391614494,0.3323355559746196,0.016348904863931146
14758795,0,BELOW,LogisticRegression,Morgan,BELOW,0.7008842124492995,0.2874645049299373,0.011651282620763165
14758804,0,BELOW,LogisticRegression,Morgan,IN-RANGE,0.3537173436106117,0.6131801855364301,0.03310247085295822
14758806,0,BELOW,LogisticRegression,Morgan,BELOW,0.48502636550462896,0.47322092403459753,0.04175271046077344
14758809,0,BELOW,LogisticRegression,Morgan,IN-RANGE,0.4614401783648998,0.5035465854716208,0.03501323616347942
14758816,0,BELOW,LogisticRegression,Morgan,BELOW,0.6645064738849512,0.2596698547924342,0.07582367132261464
14758821,0,BELOW,LogisticRegression,Morgan,BELOW,0.606006288741706,0.36447646970722136,0.02951724155107254
14758827,0,BELOW,LogisticRegression,Morgan,BELOW,0.5445027808403952,0.4114822460683715,0.04401497309123327
14758828,0,BELOW,LogisticRegression,Morgan,BELOW,0.7915024277849333,0.1702730874557729,0.03822448475929376
14758830,0,BELOW,LogisticRegression,Morgan,BELOW,0.5861223969609369,0.39500845782655875,0.018869145212504376
14758831,0,BELOW,LogisticRegression,Morgan,BELOW,0.785486247714273,0.1978102190759621,0.016703533209764854
14758834,0,BELOW,LogisticRegression,Morgan,IN-RANGE,0.12466424115825699,0.6436663617746019,0.23166939706714113
14758857,0,BELOW,LogisticRegression,Morgan,BELOW,0.7715947606493141,0.18348389742488497,0.04492134192580101
14758862,0,BELOW,LogisticRegression,Morgan,IN-RANGE,0.3115856074619276,0.6085271230724872,0.07988726946558523
14758871,0,BELOW,LogisticRegression,Morgan,IN-RANGE,0.33262810836758877,0.570909906563808,0.09646198506860312
14758878,0,BELOW,LogisticRegression,Morgan,IN-RANGE,0.07831436407368443,0.5694195089927306,0.3522661269335849
14758887,0,BELOW,LogisticRegression,Morgan,BELOW,0.7399715738479852,0.21360211911462812,0.046426307037386864
14758892,0,BELOW,LogisticRegression,Morgan,BELOW,0.891895870795484,0.10081933076856882,0.007284798435947173
14758894,0,BELOW,LogisticRegression,Morgan,IN-RANGE,0.27900367320557395,0.3611791176469973,0.3598172091474288
14758895,0,BELOW,LogisticRegression,Morgan,IN-RANGE,0.4396971124978748,0.4562128221752019,0.10409006532692341
14758897,0,BELOW,LogisticRegression,Morgan,BELOW,0.6646062377909391,0.28687361548345697,0.048520146725603924
14758920,0,BELOW,LogisticRegression,Morgan,BELOW,0.5348754342417473,0.327257446006796,0.13786711975145663
14758921,0,BELOW,LogisticRegression,Morgan,BELOW,0.6953965501246202,0.2930613974045329,0.011542052470846909
14758924,0,IN-RANGE,LogisticRegression,Morgan,BELOW,0.526997208074574,0.36935153805762905,0.10365125386779696
14758935,0,IN-RANGE,LogisticRegression,Morgan,BELOW,0.6575621750325572,0.3103464366364797,0.03209138833096311
14758973,0,IN-RANGE,LogisticRegression,Morgan,IN-RANGE,0.4227698983570084,0.5259560088238655,0.051274092819126135
14758980,0,IN-RANGE,LogisticRegression,Morgan,BELOW,0.7933380976329701,0.1986718047946351,0.007990097572394805
14758993,0,IN-RANGE,LogisticRegression,Morgan,BELOW,0.4884369988945072,0.4175390664993285,0.09402393460616426
14758999,0,IN-RANGE,LogisticRegression,Morgan,BELOW,0.5138534567491749,0.2814294161498733,0.20471712710095172
14759810,0,IN-RANGE,LogisticRegression,Morgan,IN-RANGE,0.23118850454071047,0.6872458570218004,0.0815656384374891
14759825,0,IN-RANGE,LogisticRegression,Morgan,IN-RANGE,0.29580572587373566,0.5043769917128043,0.19981728241346008
14759860,0,IN-RANGE,LogisticRegression,Morgan,BELOW,0.6702904985709972,0.3175750143864717,0.012134487042530924
14759862,0,IN-RANGE,LogisticRegression,Morgan,IN-RANGE,0.1667497924779536,0.7582270024398804,0.07502320508216602
14759864,0,IN-RANGE,LogisticRegression,Morgan,IN-RANGE,0.17103002666617317,0.4687825131953999,0.360187460138427
14759895,0,IN-RANGE,LogisticRegression,Morgan,IN-RANGE,0.2632814743225607,0.6380356331232983,0.09868289255414103
14759906,0,IN-RANGE,LogisticRegression,Morgan,BELOW,0.6131240439699219,0.3713424687889977,0.015533487241080307
14759907,0,IN-RANGE,LogisticRegression,Morgan,IN-RANGE,0.11943744368876434,0.848702599745169,0.031859956566066605
14759922,0,IN-RANGE,LogisticRegression,Morgan,IN-RANGE,0.09178031216085991,0.786396427707199,0.12182326013194114
14759955,0,IN-RANGE,LogisticRegression,Morgan,BELOW,0.4637680254993801,0.328455421269475,0.20777655323114494
14760008,0,IN-RANGE,LogisticRegression,Morgan,IN-RANGE,0.10880082951000314,0.828280130762087,0.06291903972790988
14760032,0,IN-RANGE,LogisticRegression,Morgan,BELOW,0.5942335938268044,0.3969032128165788,0.008863193356616885
14761128,0,IN-RANGE,LogisticRegression,Morgan,IN-RANGE,0.2787514549540434,0.5427969601683,0.17845158487765655
14761130,0,IN-RANGE,LogisticRegression,Morgan,BELOW,0.5322404437766058,0.43331193931618994,0.03444761690720422
14761137,0,IN-RANGE,LogisticRegression,Morgan,IN-RANGE,0.15795812175497217,0.6810203308460562,0.16102154739897154
14761149,0,IN-RANGE,LogisticRegression,Morgan,IN-RANGE,0.04986030930461753,0.9043807741690587,0.045758916526323835
14761150,0,IN-RANGE,LogisticRegression,Morgan,IN-RANGE,0.2533211410906234,0.7170960707535653,0.029582788155811387
14761170,0,IN-RANGE,LogisticRegression,Morgan,IN-RANGE,0.051115866747030045,0.9241509959445243,0.024733137308445712
14761171,0,IN-RANGE,LogisticRegression,Morgan,BELOW,0.5819637643183945,0.379956333019745,0.03807990266186044
14761178,0,IN-RANGE,LogisticRegression,Morgan,IN-RANGE,0.1211877996020425,0.8449371614858898,0.0338750389120678
14761192,0,IN-RANGE,LogisticRegression,Morgan,IN-RANGE,0.34726063881619595,0.46937549472841317,0.18336386645539107
14761230,0,IN-RANGE,LogisticRegression,Morgan,BELOW,0.7972494165485313,0.19516514572875018,0.007585437722718426
14761237,0,IN-RANGE,LogisticRegression,Morgan,BELOW,0.5934241827979854,0.28501448117359424,0.12156133602842031
14761254,0,IN-RANGE,LogisticRegression,Morgan,IN-RANGE,0.3005215877487426,0.5650406705518409,0.13443774169941655
14761277,0,IN-RANGE,LogisticRegression,Morgan,IN-RANGE,0.22329785238482833,0.725302892369507,0.05139925524566483
14761278,0,IN-RANGE,LogisticRegression,Morgan,BELOW,0.8548878357532654,0.1402606913989757,0.004851472847758777
14761279,0,IN-RANGE,LogisticRegression,Morgan,IN-RANGE,0.01813027124047564,0.9617582950917988,0.020111433667725453
14761287,0,IN-RANGE,LogisticRegression,Morgan,IN-RANGE,0.17929457811177038,0.6176381180356639,0.20306730385256577
14761288,0,IN-RANGE,LogisticRegression,Morgan,IN-RANGE,0.2543097750016948,0.6463881615266085,0.09930206347169664
14761291,0,IN-RANGE,LogisticRegression,Morgan,IN-RANGE,0.3355084657294295,0.49881584131362167,0.16567569295694884
14761298,0,IN-RANGE,LogisticRegression,Morgan,IN-RANGE,0.22634074548233962,0.7366078656977523,0.03705138881990809
14761300,0,IN-RANGE,LogisticRegression,Morgan,IN-RANGE,0.10799500471292495,0.873122851047742,0.018882144239333015
14761313,0,IN-RANGE,LogisticRegression,Morgan,IN-RANGE,0.20070104157532334,0.7773962186332982,0.02190273979137844
14761316,0,IN-RANGE,LogisticRegression,Morgan,BELOW,0.7384103918784257,0.23760276569779268,0.02398684242378153
14761318,0,IN-RANGE,LogisticRegression,Morgan,BELOW,0.5768363775538848,0.40243107225342517,0.020732550192689974
14761319,0,IN-RANGE,LogisticRegression,Morgan,BELOW,0.626455098173111,0.34878127593964936,0.024763625887239696
14761323,0,IN-RANGE,LogisticRegression,Morgan,IN-RANGE,0.16659472354945323,0.7677969796870601,0.06560829676348669
14761340,0,IN-RANGE,LogisticRegression,Morgan,ABOVE,0.11959853808482847,0.35780275052287525,0.5225987113922964
14761341,0,IN-RANGE,LogisticRegression,Morgan,IN-RANGE,0.14179598917139055,0.7090011007921225,0.14920291003648703
14761364,0,IN-RANGE,LogisticRegression,Morgan,IN-RANGE,0.44648562261334546,0.5152966017699455,0.03821777561670893
14761366,0,IN-RANGE,LogisticRegression,Morgan,BELOW,0.664725984617807,0.3215222373755004,0.013751778006692727
14762211,0,IN-RANGE,LogisticRegression,Morgan,IN-RANGE,0.24317773791013694,0.44251630758901744,0.3143059545008456
14762220,0,IN-RANGE,LogisticRegression,Morgan,BELOW,0.5163233138587459,0.3970360778679963,0.08664060827325794
14762221,0,IN-RANGE,LogisticRegression,Morgan,IN-RANGE,0.24131780423722057,0.7314215814995845,0.02726061426319505
14762222,0,IN-RANGE,LogisticRegression,Morgan,IN-RANGE,0.2526774122495482,0.4412370418946453,0.30608554585580644
14762227,0,IN-RANGE,LogisticRegression,Morgan,IN-RANGE,0.14897912582717013,0.7401788064715923,0.11084206770123774
14762230,0,IN-RANGE,LogisticRegression,Morgan,IN-RANGE,0.19826584726639326,0.7298999702388477,0.07183418249475905
14762242,0,IN-RANGE,LogisticRegression,Morgan,BELOW,0.5652783401223263,0.41634675553858713,0.018374904339086714
14762243,0,IN-RANGE,LogisticRegression,Morgan,IN-RANGE,0.16393107569680423,0.459125466901629,0.3769434574015668
14762252,0,IN-RANGE,LogisticRegression,Morgan,IN-RANGE,0.26586231263466714,0.6945050385639361,0.03963264880139681
14762255,0,IN-RANGE,LogisticRegression,Morgan,IN-RANGE,0.33147073903016677,0.5893929581334757,0.07913630283635757
14762263,0,IN-RANGE,LogisticRegression,Morgan,IN-RANGE,0.2677539018253073,0.6010267781146625,0.1312193200600301
14762277,0,IN-RANGE,LogisticRegression,Morgan,IN-RANGE,0.14436472055195865,0.6387380384462437,0.21689724100179775
14762291,0,IN-RANGE,LogisticRegression,Morgan,IN-RANGE,0.1716693287582652,0.6916997691051905,0.13663090213654433
14762303,0,IN-RANGE,LogisticRegression,Morgan,IN-RANGE,0.3405472963677879,0.6312522829861148,0.028200420646097422
14762308,0,IN-RANGE,LogisticRegression,Morgan,BELOW,0.8521216630499165,0.13191779476541823,0.015960542184665236
14762319,0,IN-RANGE,LogisticRegression,Morgan,IN-RANGE,0.0849493860649816,0.7389498279837168,0.17610078595130155
14762331,0,IN-RANGE,LogisticRegression,Morgan,ABOVE,0.036438881027484514,0.15242681915453704,0.8111342998179784
14762387,0,IN-RANGE,LogisticRegression,Morgan,IN-RANGE,0.41191381005823624,0.5390556996223526,0.049030490319411146
14762395,0,IN-RANGE,LogisticRegression,Morgan,IN-RANGE,0.2707352101607971,0.6866613359984768,0.04260345384072618
14762396,0,IN-RANGE,LogisticRegression,Morgan,IN-RANGE,0.35158063886771457,0.5887841481119316,0.05963521302035375
14762405,0,IN-RANGE,LogisticRegression,Morgan,IN-RANGE,0.1718321824216051,0.8168180022543551,0.011349815324039789
14762425,0,IN-RANGE,LogisticRegression,Morgan,IN-RANGE,0.16812374649417702,0.7880139949848015,0.0438622585210215
14762426,0,IN-RANGE,LogisticRegression,Morgan,IN-RANGE,0.019304190058579963,0.9711710164482914,0.009524793493128554
14762435,0,IN-RANGE,LogisticRegression,Morgan,IN-RANGE,0.22514095101970352,0.4697629589194619,0.30509609006083455
14762439,0,IN-RANGE,LogisticRegression,Morgan,IN-RANGE,0.2721211105813989,0.664110135755586,0.06376875366301515
14762452,0,IN-RANGE,LogisticRegression,Morgan,IN-RANGE,0.2970692270425524,0.6565416429981114,0.04638912995933623
14762460,0,IN-RANGE,LogisticRegression,Morgan,IN-RANGE,0.0404368261648659,0.8966767594042783,0.06288641443085587
14763275,0,IN-RANGE,LogisticRegression,Morgan,BELOW,0.7273643191812077,0.23381158331299814,0.03882409750579415
14763304,0,IN-RANGE,LogisticRegression,Morgan,IN-RANGE,0.06431450324804758,0.6694304618392279,0.26625503491272456
14763331,0,IN-RANGE,LogisticRegression,Morgan,IN-RANGE,0.21468651512010967,0.39416187678477493,0.3911516080951155
14763345,0,IN-RANGE,LogisticRegression,Morgan,IN-RANGE,0.30524888407591727,0.6458176216616605,0.04893349426242223
14763346,0,IN-RANGE,LogisticRegression,Morgan,IN-RANGE,0.10450386785550493,0.8796564181879772,0.015839713956517988
14763366,0,IN-RANGE,LogisticRegression,Morgan,IN-RANGE,0.1614861114600942,0.8284101717315128,0.010103716808393084
14763377,0,IN-RANGE,LogisticRegression,Morgan,BELOW,0.5112832517209247,0.4620988191014257,0.026617929177649588
14763426,0,IN-RANGE,LogisticRegression,Morgan,BELOW,0.6085276494016594,0.3785400311332971,0.012932319465043616
14763437,0,IN-RANGE,LogisticRegression,Morgan,ABOVE,0.05867732581938129,0.06457706745613746,0.8767456067244812
14763447,0,IN-RANGE,LogisticRegression,Morgan,IN-RANGE,0.033690942336053735,0.8384014522604224,0.12790760540352383
14763449,0,IN-RANGE,LogisticRegression,Morgan,IN-RANGE,0.42673465592352355,0.4776751683778479,0.09559017569862853
14763457,0,IN-RANGE,LogisticRegression,Morgan,IN-RANGE,0.0712345864687841,0.7744887585621022,0.1542766549691137
14763463,0,IN-RANGE,LogisticRegression,Morgan,IN-RANGE,0.152843429230801,0.6664131076405183,0.18074346312868073
14763470,0,IN-RANGE,LogisticRegression,Morgan,IN-RANGE,0.30695619976971394,0.5819881269887175,0.11105567324156847
14763472,0,IN-RANGE,LogisticRegression,Morgan,IN-RANGE,0.01604761291099273,0.9654060522982362,0.01854633479077104
14763486,0,IN-RANGE,LogisticRegression,Morgan,IN-RANGE,0.009575633422505645,0.5411525667444119,0.4492717998330825
14763501,0,IN-RANGE,LogisticRegression,Morgan,IN-RANGE,0.26041224597870155,0.7151306315628325,0.024457122458466016
14763502,0,IN-RANGE,LogisticRegression,Morgan,IN-RANGE,0.35940557834909703,0.6005400860314732,0.04005433561942971
14764282,0,IN-RANGE,LogisticRegression,Morgan,IN-RANGE,0.09163034738707032,0.644843870969355,0.2635257816435747
14764283,0,IN-RANGE,LogisticRegression,Morgan,ABOVE,0.08045238707521625,0.2572008954505329,0.662346717474251
14764298,0,IN-RANGE,LogisticRegression,Morgan,IN-RANGE,0.055050594340038235,0.912312286438249,0.032637119221712765
14764304,0,IN-RANGE,LogisticRegression,Morgan,BELOW,0.6759508766363317,0.30062887437700414,0.02342024898666414
14764320,0,IN-RANGE,LogisticRegression,Morgan,IN-RANGE,0.029607522125293457,0.9252125762225235,0.045179901652182886
14764326,0,IN-RANGE,LogisticRegression,Morgan,IN-RANGE,0.13048574855455777,0.6739418434759321,0.19557240796951
14764330,0,IN-RANGE,LogisticRegression,Morgan,IN-RANGE,0.06974655630378895,0.5781332521664447,0.3521201915297663
14764354,0,IN-RANGE,LogisticRegression,Morgan,IN-RANGE,0.10251659006190735,0.6164727594382994,0.2810106504997934
14764355,0,IN-RANGE,LogisticRegression,Morgan,IN-RANGE,0.2624156551431403,0.4124046528362212,0.3251796920206386
14764371,0,IN-RANGE,LogisticRegression,Morgan,BELOW,0.6938713720212637,0.2822294152885077,0.023899212690228655
14764386,0,IN-RANGE,LogisticRegression,Morgan,IN-RANGE,0.036754955165814895,0.8209588618497623,0.1422861829844229
14764390,0,IN-RANGE,LogisticRegression,Morgan,IN-RANGE,0.32672728789558453,0.6538400286632557,0.01943268344115978
14764391,0,IN-RANGE,LogisticRegression,Morgan,IN-RANGE,0.1887438240028942,0.6541345325217207,0.1571216434753851
14764392,0,IN-RANGE,LogisticRegression,Morgan,ABOVE,0.07761981837638782,0.08936649098063011,0.8330136906429821
14764403,0,IN-RANGE,LogisticRegression,Morgan,BELOW,0.45362163930373156,0.3222348048447412,0.2241435558515273
14764409,0,IN-RANGE,LogisticRegression,Morgan,IN-RANGE,0.07345926008937596,0.8224591683873546,0.1040815715232696
14764414,0,IN-RANGE,LogisticRegression,Morgan,IN-RANGE,0.06604417578264798,0.8917324183471323,0.0422234058702197
14764426,0,IN-RANGE,LogisticRegression,Morgan,IN-RANGE,0.21274802972074194,0.7649911820807399,0.022260788198518212
14764430,0,IN-RANGE,LogisticRegression,Morgan,IN-RANGE,0.06935983990106893,0.7148512635480588,0.21578889655087238
14764437,0,IN-RANGE,LogisticRegression,Morgan,IN-RANGE,0.09564745382013345,0.7592977172386468,0.14505482894121982
14764446,0,IN-RANGE,LogisticRegression,Morgan,IN-RANGE,0.26991486107084955,0.5770272568695383,0.15305788205961204
14764451,0,IN-RANGE,LogisticRegression,Morgan,IN-RANGE,0.08462098785794313,0.47631121020804124,0.4390678019340156
14764452,0,IN-RANGE,LogisticRegression,Morgan,IN-RANGE,0.09682024353272839,0.7972243382964891,0.10595541817078241
14764459,0,IN-RANGE,LogisticRegression,Morgan,IN-RANGE,0.11427710338643197,0.8530999276634884,0.032622968950079656
14764466,0,IN-RANGE,LogisticRegression,Morgan,IN-RANGE,0.1584162970337838,0.6110015190721345,0.23058218389408167
14764467,0,IN-RANGE,LogisticRegression,Morgan,IN-RANGE,0.08603720707891958,0.6601677379189699,0.2537950550021105
14764472,0,IN-RANGE,LogisticRegression,Morgan,IN-RANGE,0.09250305918382501,0.6201874769925534,0.28730946382362144
14764473,0,IN-RANGE,LogisticRegression,Morgan,ABOVE,0.08102757831853287,0.3671452011109907,0.5518272205704764
14764480,0,IN-RANGE,LogisticRegression,Morgan,ABOVE,0.08477729872985225,0.3523155579798452,0.5629071432903026
14764493,0,IN-RANGE,LogisticRegression,Morgan,IN-RANGE,0.08913252272751304,0.7210719275391155,0.18979554973337154
14765331,0,IN-RANGE,LogisticRegression,Morgan,IN-RANGE,0.02759287725755215,0.9125505664027258,0.05985655633972205
14765381,0,IN-RANGE,LogisticRegression,Morgan,IN-RANGE,0.05350649015604762,0.4992287523694358,0.4472647574745164
14765391,0,IN-RANGE,LogisticRegression,Morgan,IN-RANGE,0.07973858058954324,0.8151795836458173,0.10508183576463942
14765392,0,IN-RANGE,LogisticRegression,Morgan,BELOW,0.3384622065574581,0.3233964494081222,0.3381413440344198
14765394,0,IN-RANGE,LogisticRegression,Morgan,IN-RANGE,0.08537634168896789,0.7836145519857235,0.13100910632530863
14765395,0,IN-RANGE,LogisticRegression,Morgan,IN-RANGE,0.23163884230795526,0.5978131384976422,0.1705480191944025
14765407,0,IN-RANGE,LogisticRegression,Morgan,IN-RANGE,0.04563420929804072,0.8672590591283593,0.08710673157359987
14765425,0,IN-RANGE,LogisticRegression,Morgan,IN-RANGE,0.13285201904975438,0.476388763788118,0.3907592171621275
14765426,0,IN-RANGE,LogisticRegression,Morgan,ABOVE,0.34318806203164653,0.21562064866110112,0.4411912893072523
14765432,0,IN-RANGE,LogisticRegression,Morgan,ABOVE,0.0835898317681671,0.41083344154339574,0.5055767266884371
14765440,0,IN-RANGE,LogisticRegression,Morgan,BELOW,0.4354703619720277,0.265849853858361,0.2986797841696113
14765452,0,IN-RANGE,LogisticRegression,Morgan,IN-RANGE,0.06902967835569294,0.8905569151133432,0.040413406530963945
14765460,0,IN-RANGE,LogisticRegression,Morgan,IN-RANGE,0.25057496106967786,0.7399892541623668,0.009435784767955332
14765463,0,IN-RANGE,LogisticRegression,Morgan,ABOVE,0.046560073241512144,0.4075023821052466,0.5459375446532413
14765468,0,IN-RANGE,LogisticRegression,Morgan,IN-RANGE,0.12079485035617085,0.8669834977403126,0.012221651903516532
14765483,0,IN-RANGE,LogisticRegression,Morgan,BELOW,0.46833043758942844,0.4076273905838579,0.12404217182671368
14765487,0,IN-RANGE,LogisticRegression,Morgan,ABOVE,0.040207610954392986,0.455283033108147,0.50450935593746
14765494,0,IN-RANGE,LogisticRegression,Morgan,IN-RANGE,0.1616941628276343,0.7494362898856569,0.08886954728670875
14765500,0,IN-RANGE,LogisticRegression,Morgan,ABOVE,0.34499482304248946,0.25608338059578856,0.3989217963617219
14765503,0,IN-RANGE,LogisticRegression,Morgan,IN-RANGE,0.20415706110623838,0.6850302509242787,0.11081268796948286
14765529,0,IN-RANGE,LogisticRegression,Morgan,IN-RANGE,0.32616803586862947,0.49138540035961037,0.18244656377176016
14765536,0,IN-RANGE,LogisticRegression,Morgan,BELOW,0.5814655537026695,0.38319152281300733,0.03534292348432326
14765551,0,IN-RANGE,LogisticRegression,Morgan,IN-RANGE,0.1455156287566135,0.718991576306303,0.1354927949370837
14766485,0,ABOVE,LogisticRegression,Morgan,ABOVE,0.29242707594794876,0.34690509421644694,0.36066782983560436
14766487,0,ABOVE,LogisticRegression,Morgan,ABOVE,0.1852557672846702,0.20538484065363027,0.6093593920616995
14766492,0,ABOVE,LogisticRegression,Morgan,IN-RANGE,0.32085072043850277,0.530953446466257,0.14819583309524018
14766493,0,ABOVE,LogisticRegression,Morgan,IN-RANGE,0.11397335762054948,0.644486106608169,0.24154053577128162
14766495,0,ABOVE,LogisticRegression,Morgan,IN-RANGE,0.12195339001932483,0.4776082849330856,0.4004383250475894
14766497,0,ABOVE,LogisticRegression,Morgan,IN-RANGE,0.03620718722106109,0.9603971112093631,0.0033957015695758263
14766503,0,ABOVE,LogisticRegression,Morgan,IN-RANGE,0.15459412573374035,0.7594437660886775,0.08596210817758221
14766508,0,ABOVE,LogisticRegression,Morgan,IN-RANGE,0.04317614061063231,0.8900497664965709,0.0667740928927968
14766522,0,ABOVE,LogisticRegression,Morgan,BELOW,0.35558684586661676,0.3489570599776737,0.29545609415570956
14766527,0,ABOVE,LogisticRegression,Morgan,IN-RANGE,0.15963509336269424,0.7275458420369034,0.11281906460040245
14766539,0,ABOVE,LogisticRegression,Morgan,IN-RANGE,0.19726788975692994,0.4454871481675883,0.35724496207548173
14766542,0,ABOVE,LogisticRegression,Morgan,IN-RANGE,0.05945796768711103,0.7879095530789683,0.15263247923392065
14766555,0,ABOVE,LogisticRegression,Morgan,IN-RANGE,0.05074051865443597,0.777828266629891,0.17143121471567313
14766557,0,ABOVE,LogisticRegression,Morgan,ABOVE,0.09251328295729047,0.062654910523545,0.8448318065191646
14766558,0,ABOVE,LogisticRegression,Morgan,IN-RANGE,0.06843959736549059,0.8933201004732465,0.03824030216126287
14766565,0,ABOVE,LogisticRegression,Morgan,ABOVE,0.05266496358464425,0.061612221948273295,0.8857228144670825
14766568,0,ABOVE,LogisticRegression,Morgan,IN-RANGE,0.21699062329534166,0.5455338352447298,0.2374755414599285
14769822,0,BELOW,LogisticRegression,Morgan,IN-RANGE,0.021153143304475097,0.9505390141892115,0.028307842506313383
14769825,0,BELOW,LogisticRegression,Morgan,BELOW,0.6974164737034539,0.27519754569838517,0.02738598059816074
14769827,0,BELOW,LogisticRegression,Morgan,BELOW,0.5257919104706923,0.34768614552323046,0.12652194400607725
14769835,0,BELOW,LogisticRegression,Morgan,BELOW,0.6805708506138509,0.20026502705605806,0.11916412233009101
14769840,0,BELOW,LogisticRegression,Morgan,IN-RANGE,0.2484445747183893,0.7191921383053411,0.03236328697626957
14769844,0,BELOW,LogisticRegression,Morgan,IN-RANGE,0.13316206366070582,0.7139630604597527,0.15287487587954146
14769846,0,BELOW,LogisticRegression,Morgan,BELOW,0.6454010868881953,0.34415191217198277,0.01044700093982202
14769847,0,BELOW,LogisticRegression,Morgan,IN-RANGE,0.24060537948892288,0.6587278829151251,0.100666737595952
14769851,0,BELOW,LogisticRegression,Morgan,BELOW,0.6405726978348237,0.3550377346758853,0.004389567489290773
14769852,0,BELOW,LogisticRegression,Morgan,BELOW,0.685230496393051,0.2982135704778462,0.01655593312910284
14769853,0,BELOW,LogisticRegression,Morgan,IN-RANGE,0.23778053258622542,0.6433289626063845,0.11889050480739005
14769858,0,BELOW,LogisticRegression,Morgan,BELOW,0.7672972050940571,0.22513380707622932,0.0075689878297135246
14769861,0,BELOW,LogisticRegression,Morgan,BELOW,0.6825916307293626,0.30941809668746556,0.007990272583171832
14769864,0,BELOW,LogisticRegression,Morgan,BELOW,0.511162504968625,0.32563183507358556,0.16320565995778938
14769871,0,BELOW,LogisticRegression,Morgan,IN-RANGE,0.11260949972710962,0.8689352106852135,0.018455289587676955
14769873,0,BELOW,LogisticRegression,Morgan,IN-RANGE,0.10631608982652029,0.8540540027344713,0.03962990743900829
14769878,0,BELOW,LogisticRegression,Morgan,IN-RANGE,0.3473884377947608,0.6024601603641807,0.05015140184105853
14769882,0,BELOW,LogisticRegression,Morgan,BELOW,0.7970266274226124,0.18732116452390615,0.015652208053481286
14769887,0,BELOW,LogisticRegression,Morgan,BELOW,0.4046804001221955,0.20659053832579125,0.38872906155201314
14769888,0,BELOW,LogisticRegression,Morgan,BELOW,0.5647428821341373,0.41195284114002706,0.02330427672583566
14758722,0,BELOW,RandomForestClassifier,Morgan,BELOW,0.55,0.38,0.07
14758734,0,BELOW,RandomForestClassifier,Morgan,IN-RANGE,0.3,0.59,0.11
14758750,0,BELOW,RandomForestClassifier,Morgan,BELOW,0.6,0.38,0.02
14758753,0,BELOW,RandomForestClassifier,Morgan,IN-RANGE,0.2,0.68,0.12
14758757,0,BELOW,RandomForestClassifier,Morgan,BELOW,0.66,0.29,0.05
14758760,0,BELOW,RandomForestClassifier,Morgan,BELOW,0.45,0.41,0.14
14758763,0,BELOW,RandomForestClassifier,Morgan,BELOW,0.51,0.42,0.07
14758770,0,BELOW,RandomForestClassifier,Morgan,BELOW,0.66,0.29,0.05
14758771,0,BELOW,RandomForestClassifier,Morgan,BELOW,0.62,0.37,0.01
14758772,0,BELOW,RandomForestClassifier,Morgan,BELOW,0.55,0.37,0.08
14758779,0,BELOW,RandomForestClassifier,Morgan,BELOW,0.44,0.28,0.28
14758791,0,BELOW,RandomForestClassifier,Morgan,BELOW,0.54,0.44,0.02
14758795,0,BELOW,RandomForestClassifier,Morgan,BELOW,0.54,0.43,0.03
14758804,0,BELOW,RandomForestClassifier,Morgan,IN-RANGE,0.4,0.55,0.05
14758806,0,BELOW,RandomForestClassifier,Morgan,IN-RANGE,0.36,0.54,0.1
14758809,0,BELOW,RandomForestClassifier,Morgan,IN-RANGE,0.37,0.54,0.09
14758816,0,BELOW,RandomForestClassifier,Morgan,BELOW,0.64,0.32,0.04
14758821,0,BELOW,RandomForestClassifier,Morgan,BELOW,0.59,0.36,0.05
14758827,0,BELOW,RandomForestClassifier,Morgan,BELOW,0.66,0.31,0.03
14758828,0,BELOW,RandomForestClassifier,Morgan,BELOW,0.52,0.39,0.09
14758830,0,BELOW,RandomForestClassifier,Morgan,BELOW,0.57,0.43,0.0
14758831,0,BELOW,RandomForestClassifier,Morgan,BELOW,0.6,0.33,0.07
14758834,0,BELOW,RandomForestClassifier,Morgan,IN-RANGE,0.38,0.55,0.07
14758857,0,BELOW,RandomForestClassifier,Morgan,BELOW,0.57,0.39,0.04
14758862,0,BELOW,RandomForestClassifier,Morgan,IN-RANGE,0.21,0.72,0.07
14758871,0,BELOW,RandomForestClassifier,Morgan,IN-RANGE,0.43,0.53,0.04
14758878,0,BELOW,RandomForestClassifier,Morgan,IN-RANGE,0.1,0.63,0.27
14758887,0,BELOW,RandomForestClassifier,Morgan,IN-RANGE,0.44,0.52,0.04
14758892,0,BELOW,RandomForestClassifier,Morgan,BELOW,0.93,0.06,0.01
14758894,0,BELOW,RandomForestClassifier,Morgan,IN-RANGE,0.33,0.42,0.25
14758895,0,BELOW,RandomForestClassifier,Morgan,IN-RANGE,0.27,0.63,0.1
14758897,0,BELOW,RandomForestClassifier,Morgan,BELOW,0.4,0.39,0.21
14758920,0,BELOW,RandomForestClassifier,Morgan,BELOW,0.53,0.38,0.09
14758921,0,BELOW,RandomForestClassifier,Morgan,BELOW,0.52,0.42,0.06
14758924,0,IN-RANGE,RandomForestClassifier,Morgan,BELOW,0.49,0.43,0.08
14758935,0,IN-RANGE,RandomForestClassifier,Morgan,BELOW,0.55,0.35,0.1
14758973,0,IN-RANGE,RandomForestClassifier,Morgan,IN-RANGE,0.39,0.58,0.03
14758980,0,IN-RANGE,RandomForestClassifier,Morgan,BELOW,0.55,0.43,0.02
14758993,0,IN-RANGE,RandomForestClassifier,Morgan,BELOW,0.53,0.35,0.12
14758999,0,IN-RANGE,RandomForestClassifier,Morgan,IN-RANGE,0.36,0.51,0.13
14759810,0,IN-RANGE,RandomForestClassifier,Morgan,IN-RANGE,0.3,0.55,0.15
14759825,0,IN-RANGE,RandomForestClassifier,Morgan,IN-RANGE,0.21,0.74,0.05
14759860,0,IN-RANGE,RandomForestClassifier,Morgan,BELOW,0.45,0.4,0.15
14759862,0,IN-RANGE,RandomForestClassifier,Morgan,IN-RANGE,0.36,0.47,0.17
14759864,0,IN-RANGE,RandomForestClassifier,Morgan,IN-RANGE,0.24,0.57,0.19
14759895,0,IN-RANGE,RandomForestClassifier,Morgan,IN-RANGE,0.25,0.67,0.08
14759906,0,IN-RANGE,RandomForestClassifier,Morgan,BELOW,0.56,0.42,0.02
14759907,0,IN-RANGE,RandomForestClassifier,Morgan,IN-RANGE,0.26,0.62,0.12
14759922,0,IN-RANGE,RandomForestClassifier,Morgan,IN-RANGE,0.28,0.55,0.17
14759955,0,IN-RANGE,RandomForestClassifier,Morgan,IN-RANGE,0.39,0.46,0.15
14760008,0,IN-RANGE,RandomForestClassifier,Morgan,IN-RANGE,0.2,0.72,0.08
14760032,0,IN-RANGE,RandomForestClassifier,Morgan,BELOW,0.55,0.43,0.02
14761128,0,IN-RANGE,RandomForestClassifier,Morgan,IN-RANGE,0.32,0.54,0.14
14761130,0,IN-RANGE,RandomForestClassifier,Morgan,BELOW,0.67,0.29,0.04
14761137,0,IN-RANGE,RandomForestClassifier,Morgan,IN-RANGE,0.25,0.59,0.16
14761149,0,IN-RANGE,RandomForestClassifier,Morgan,IN-RANGE,0.18,0.68,0.14
14761150,0,IN-RANGE,RandomForestClassifier,Morgan,IN-RANGE,0.26,0.68,0.06
14761170,0,IN-RANGE,RandomForestClassifier,Morgan,IN-RANGE,0.2,0.74,0.06
14761171,0,IN-RANGE,RandomForestClassifier,Morgan,BELOW,0.56,0.33,0.11
14761178,0,IN-RANGE,RandomForestClassifier,Morgan,IN-RANGE,0.28,0.59,0.13
14761192,0,IN-RANGE,RandomForestClassifier,Morgan,IN-RANGE,0.34,0.43,0.23
14761230,0,IN-RANGE,RandomForestClassifier,Morgan,BELOW,0.59,0.4,0.01
14761237,0,IN-RANGE,RandomForestClassifier,Morgan,IN-RANGE,0.41,0.46,0.13
14761254,0,IN-RANGE,RandomForestClassifier,Morgan,IN-RANGE,0.29,0.56,0.15
14761277,0,IN-RANGE,RandomForestClassifier,Morgan,IN-RANGE,0.31,0.63,0.06
14761278,0,IN-RANGE,RandomForestClassifier,Morgan,BELOW,0.78,0.2,0.02
14761279,0,IN-RANGE,RandomForestClassifier,Morgan,IN-RANGE,0.01,0.97,0.02
14761287,0,IN-RANGE,RandomForestClassifier,Morgan,IN-RANGE,0.16,0.58,0.26
14761288,0,IN-RANGE,RandomForestClassifier,Morgan,IN-RANGE,0.27,0.64,0.09
14761291,0,IN-RANGE,RandomForestClassifier,Morgan,IN-RANGE,0.28,0.44,0.28
14761298,0,IN-RANGE,RandomForestClassifier,Morgan,IN-RANGE,0.39,0.48,0.13
14761300,0,IN-RANGE,RandomForestClassifier,Morgan,IN-RANGE,0.28,0.58,0.14
14761313,0,IN-RANGE,RandomForestClassifier,Morgan,IN-RANGE,0.11,0.88,0.01
14761316,0,IN-RANGE,RandomForestClassifier,Morgan,BELOW,0.55,0.4,0.05
14761318,0,IN-RANGE,RandomForestClassifier,Morgan,BELOW,0.64,0.33,0.03
14761319,0,IN-RANGE,RandomForestClassifier,Morgan,BELOW,0.52,0.36,0.12
14761323,0,IN-RANGE,RandomForestClassifier,Morgan,IN-RANGE,0.36,0.48,0.16
14761340,0,IN-RANGE,RandomForestClassifier,Morgan,IN-RANGE,0.1,0.45,0.45
14761341,0,IN-RANGE,RandomForestClassifier,Morgan,IN-RANGE,0.23,0.51,0.26
14761364,0,IN-RANGE,RandomForestClassifier,Morgan,IN-RANGE,0.38,0.52,0.1
14761366,0,IN-RANGE,RandomForestClassifier,Morgan,BELOW,0.64,0.33,0.03
14762211,0,IN-RANGE,RandomForestClassifier,Morgan,IN-RANGE,0.19,0.57,0.24
14762220,0,IN-RANGE,RandomForestClassifier,Morgan,IN-RANGE,0.33,0.59,0.08
14762221,0,IN-RANGE,RandomForestClassifier,Morgan,IN-RANGE,0.29,0.62,0.09
14762222,0,IN-RANGE,RandomForestClassifier,Morgan,IN-RANGE,0.17,0.63,0.2
14762227,0,IN-RANGE,RandomForestClassifier,Morgan,IN-RANGE,0.24,0.53,0.23
14762230,0,IN-RANGE,RandomForestClassifier,Morgan,IN-RANGE,0.16,0.65,0.19
14762242,0,IN-RANGE,RandomForestClassifier,Morgan,IN-RANGE,0.41,0.52,0.07
14762243,0,IN-RANGE,RandomForestClassifier,Morgan,IN-RANGE,0.29,0.49,0.22
14762252,0,IN-RANGE,RandomForestClassifier,Morgan,IN-RANGE,0.37,0.52,0.11
14762255,0,IN-RANGE,RandomForestClassifier,Morgan,IN-RANGE,0.3,0.58,0.12
14762263,0,IN-RANGE,RandomForestClassifier,Morgan,IN-RANGE,0.3,0.58,0.12
14762277,0,IN-RANGE,RandomForestClassifier,Morgan,IN-RANGE,0.12,0.55,0.33
14762291,0,IN-RANGE,RandomForestClassifier,Morgan,IN-RANGE,0.23,0.58,0.19
14762303,0,IN-RANGE,RandomForestClassifier,Morgan,BELOW,0.48,0.46,0.06
14762308,0,IN-RANGE,RandomForestClassifier,Morgan,BELOW,0.89,0.1,0.01
14762319,0,IN-RANGE,RandomForestClassifier,Morgan,IN-RANGE,0.17,0.71,0.12
14762331,0,IN-RANGE,RandomForestClassifier,Morgan,IN-RANGE,0.19,0.42,0.39
14762387,0,IN-RANGE,RandomForestClassifier,Morgan,IN-RANGE,0.36,0.55,0.09
14762395,0,IN-RANGE,RandomForestClassifier,Morgan,IN-RANGE,0.27,0.57,0.16
14762396,0,IN-RANGE,RandomForestClassifier,Morgan,IN-RANGE,0.33,0.46,0.21
14762405,0,IN-RANGE,RandomForestClassifier,Morgan,IN-RANGE,0.27,0.67,0.06
14762425,0,IN-RANGE,RandomForestClassifier,Morgan,IN-RANGE,0.21,0.69,0.1
14762426,0,IN-RANGE,RandomForestClassifier,Morgan,IN-RANGE,0.03,0.97,0.0
14762435,0,IN-RANGE,RandomForestClassifier,Morgan,IN-RANGE,0.22,0.47,0.31
14762439,0,IN-RANGE,RandomForestClassifier,Morgan,IN-RANGE,0.31,0.45,0.24
14762452,0,IN-RANGE,RandomForestClassifier,Morgan,IN-RANGE,0.26,0.62,0.12
14762460,0,IN-RANGE,RandomForestClassifier,Morgan,IN-RANGE,0.11,0.69,0.2
14763275,0,IN-RANGE,RandomForestClassifier,Morgan,BELOW,0.55,0.4,0.05
14763304,0,IN-RANGE,RandomForestClassifier,Morgan,IN-RANGE,0.18,0.57,0.25
14763331,0,IN-RANGE,RandomForestClassifier,Morgan,IN-RANGE,0.07,0.84,0.09
14763345,0,IN-RANGE,RandomForestClassifier,Morgan,IN-RANGE,0.23,0.68,0.09
14763346,0,IN-RANGE,RandomForestClassifier,Morgan,IN-RANGE,0.13,0.79,0.08
14763366,0,IN-RANGE,RandomForestClassifier,Morgan,IN-RANGE,0.24,0.74,0.02
14763377,0,IN-RANGE,RandomForestClassifier,Morgan,IN-RANGE,0.43,0.5,0.07
14763426,0,IN-RANGE,RandomForestClassifier,Morgan,BELOW,0.53,0.45,0.02
14763437,0,IN-RANGE,RandomForestClassifier,Morgan,ABOVE,0.0,0.18,0.82
14763447,0,IN-RANGE,RandomForestClassifier,Morgan,IN-RANGE,0.11,0.63,0.26
14763449,0,IN-RANGE,RandomForestClassifier,Morgan,IN-RANGE,0.3,0.61,0.09
14763457,0,IN-RANGE,RandomForestClassifier,Morgan,IN-RANGE,0.11,0.72,0.17
14763463,0,IN-RANGE,RandomForestClassifier,Morgan,IN-RANGE,0.25,0.57,0.18
14763470,0,IN-RANGE,RandomForestClassifier,Morgan,IN-RANGE,0.06,0.81,0.13
14763472,0,IN-RANGE,RandomForestClassifier,Morgan,IN-RANGE,0.0,0.97,0.03
14763486,0,IN-RANGE,RandomForestClassifier,Morgan,IN-RANGE,0.05,0.64,0.31
14763501,0,IN-RANGE,RandomForestClassifier,Morgan,IN-RANGE,0.42,0.57,0.01
14763502,0,IN-RANGE,RandomForestClassifier,Morgan,IN-RANGE,0.43,0.51,0.06
14764282,0,IN-RANGE,RandomForestClassifier,Morgan,IN-RANGE,0.06,0.83,0.11
14764283,0,IN-RANGE,RandomForestClassifier,Morgan,IN-RANGE,0.11,0.59,0.3
14764298,0,IN-RANGE,RandomForestClassifier,Morgan,IN-RANGE,0.09,0.8,0.11
14764304,0,IN-RANGE,RandomForestClassifier,Morgan,BELOW,0.52,0.45,0.03
14764320,0,IN-RANGE,RandomForestClassifier,Morgan,IN-RANGE,0.07,0.84,0.09
14764326,0,IN-RANGE,RandomForestClassifier,Morgan,IN-RANGE,0.31,0.51,0.18
14764330,0,IN-RANGE,RandomForestClassifier,Morgan,IN-RANGE,0.19,0.57,0.24
14764354,0,IN-RANGE,RandomForestClassifier,Morgan,IN-RANGE,0.18,0.56,0.26
14764355,0,IN-RANGE,RandomForestClassifier,Morgan,IN-RANGE,0.25,0.63,0.12
14764371,0,IN-RANGE,RandomForestClassifier,Morgan,BELOW,0.56,0.39,0.05
14764386,0,IN-RANGE,RandomForestClassifier,Morgan,IN-RANGE,0.09,0.74,0.17
14764390,0,IN-RANGE,RandomForestClassifier,Morgan,IN-RANGE,0.39,0.54,0.07
14764391,0,IN-RANGE,RandomForestClassifier,Morgan,IN-RANGE,0.24,0.5,0.26
14764392,0,IN-RANGE,RandomForestClassifier,Morgan,ABOVE,0.1,0.4,0.5
14764403,0,IN-RANGE,RandomForestClassifier,Morgan,BELOW,0.42,0.36,0.22
14764409,0,IN-RANGE,RandomForestClassifier,Morgan,IN-RANGE,0.14,0.67,0.19
14764414,0,IN-RANGE,RandomForestClassifier,Morgan,IN-RANGE,0.18,0.71,0.11
14764426,0,IN-RANGE,RandomForestClassifier,Morgan,IN-RANGE,0.34,0.62,0.04
14764430,0,IN-RANGE,RandomForestClassifier,Morgan,IN-RANGE,0.08,0.78,0.14
14764437,0,IN-RANGE,RandomForestClassifier,Morgan,IN-RANGE,0.31,0.59,0.1
14764446,0,IN-RANGE,RandomForestClassifier,Morgan,IN-RANGE,0.29,0.52,0.19
14764451,0,IN-RANGE,RandomForestClassifier,Morgan,ABOVE,0.09,0.45,0.46
14764452,0,IN-RANGE,RandomForestClassifier,Morgan,IN-RANGE,0.08,0.8,0.12
14764459,0,IN-RANGE,RandomForestClassifier,Morgan,IN-RANGE,0.2,0.72,0.08
14764466,0,IN-RANGE,RandomForestClassifier,Morgan,IN-RANGE,0.31,0.54,0.15
14764467,0,IN-RANGE,RandomForestClassifier,Morgan,IN-RANGE,0.03,0.89,0.08
14764472,0,IN-RANGE,RandomForestClassifier,Morgan,IN-RANGE,0.32,0.46,0.22
14764473,0,IN-RANGE,RandomForestClassifier,Morgan,IN-RANGE,0.1,0.63,0.27
14764480,0,IN-RANGE,RandomForestClassifier,Morgan,IN-RANGE,0.14,0.57,0.29
14764493,0,IN-RANGE,RandomForestClassifier,Morgan,IN-RANGE,0.07,0.74,0.19
14765331,0,IN-RANGE,RandomForestClassifier,Morgan,IN-RANGE,0.05,0.8,0.15
14765381,0,IN-RANGE,RandomForestClassifier,Morgan,IN-RANGE,0.15,0.53,0.32
14765391,0,IN-RANGE,RandomForestClassifier,Morgan,IN-RANGE,0.05,0.83,0.12
14765392,0,IN-RANGE,RandomForestClassifier,Morgan,ABOVE,0.2,0.32,0.48
14765394,0,IN-RANGE,RandomForestClassifier,Morgan,IN-RANGE,0.16,0.67,0.17
14765395,0,IN-RANGE,RandomForestClassifier,Morgan,IN-RANGE,0.3,0.58,0.12
14765407,0,IN-RANGE,RandomForestClassifier,Morgan,IN-RANGE,0.06,0.78,0.16
14765425,0,IN-RANGE,RandomForestClassifier,Morgan,IN-RANGE,0.08,0.65,0.27
14765426,0,IN-RANGE,RandomForestClassifier,Morgan,BELOW,0.49,0.41,0.1
14765432,0,IN-RANGE,RandomForestClassifier,Morgan,IN-RANGE,0.1,0.46,0.44
14765440,0,IN-RANGE,RandomForestClassifier,Morgan,IN-RANGE,0.24,0.6,0.16
14765452,0,IN-RANGE,RandomForestClassifier,Morgan,IN-RANGE,0.2,0.66,0.14
14765460,0,IN-RANGE,RandomForestClassifier,Morgan,IN-RANGE,0.31,0.57,0.12
14765463,0,IN-RANGE,RandomForestClassifier,Morgan,IN-RANGE,0.1,0.52,0.38
14765468,0,IN-RANGE,RandomForestClassifier,Morgan,IN-RANGE,0.2,0.73,0.07
14765483,0,IN-RANGE,RandomForestClassifier,Morgan,IN-RANGE,0.39,0.49,0.12
14765487,0,IN-RANGE,RandomForestClassifier,Morgan,IN-RANGE,0.09,0.51,0.4
14765494,0,IN-RANGE,RandomForestClassifier,Morgan,IN-RANGE,0.17,0.7,0.13
14765500,0,IN-RANGE,RandomForestClassifier,Morgan,IN-RANGE,0.32,0.42,0.26
14765503,0,IN-RANGE,RandomForestClassifier,Morgan,IN-RANGE,0.34,0.52,0.14
14765529,0,IN-RANGE,RandomForestClassifier,Morgan,IN-RANGE,0.3,0.54,0.16
14765536,0,IN-RANGE,RandomForestClassifier,Morgan,BELOW,0.59,0.33,0.08
14765551,0,IN-RANGE,RandomForestClassifier,Morgan,IN-RANGE,0.31,0.5,0.19
14766485,0,ABOVE,RandomForestClassifier,Morgan,IN-RANGE,0.36,0.4,0.24
14766487,0,ABOVE,RandomForestClassifier,Morgan,IN-RANGE,0.15,0.45,0.4
14766492,0,ABOVE,RandomForestClassifier,Morgan,IN-RANGE,0.27,0.58,0.15
14766493,0,ABOVE,RandomForestClassifier,Morgan,IN-RANGE,0.26,0.64,0.1
14766495,0,ABOVE,RandomForestClassifier,Morgan,IN-RANGE,0.24,0.47,0.29
14766497,0,ABOVE,RandomForestClassifier,Morgan,IN-RANGE,0.22,0.71,0.07
14766503,0,ABOVE,RandomForestClassifier,Morgan,IN-RANGE,0.28,0.5,0.22
14766508,0,ABOVE,RandomForestClassifier,Morgan,IN-RANGE,0.05,0.78,0.17
14766522,0,ABOVE,RandomForestClassifier,Morgan,ABOVE,0.22,0.34,0.44
14766527,0,ABOVE,RandomForestClassifier,Morgan,IN-RANGE,0.25,0.6,0.15
14766539,0,ABOVE,RandomForestClassifier,Morgan,IN-RANGE,0.27,0.37,0.36
14766542,0,ABOVE,RandomForestClassifier,Morgan,IN-RANGE,0.14,0.58,0.28
14766555,0,ABOVE,RandomForestClassifier,Morgan,IN-RANGE,0.14,0.53,0.33
14766557,0,ABOVE,RandomForestClassifier,Morgan,ABOVE,0.13,0.29,0.58
14766558,0,ABOVE,RandomForestClassifier,Morgan,IN-RANGE,0.08,0.82,0.1
14766565,0,ABOVE,RandomForestClassifier,Morgan,ABOVE,0.11,0.31,0.58
14766568,0,ABOVE,RandomForestClassifier,Morgan,IN-RANGE,0.3,0.46,0.24
14769822,0,BELOW,RandomForestClassifier,Morgan,IN-RANGE,0.06,0.9,0.04
14769825,0,BELOW,RandomForestClassifier,Morgan,BELOW,0.56,0.38,0.06
14769827,0,BELOW,RandomForestClassifier,Morgan,BELOW,0.68,0.26,0.06
14769835,0,BELOW,RandomForestClassifier,Morgan,BELOW,0.47,0.33,0.2
14769840,0,BELOW,RandomForestClassifier,Morgan,IN-RANGE,0.11,0.87,0.02
14769844,0,BELOW,RandomForestClassifier,Morgan,IN-RANGE,0.14,0.6,0.26
14769846,0,BELOW,RandomForestClassifier,Morgan,BELOW,0.72,0.25,0.03
14769847,0,BELOW,RandomForestClassifier,Morgan,IN-RANGE,0.21,0.68,0.11
14769851,0,BELOW,RandomForestClassifier,Morgan,BELOW,0.69,0.31,0.0
14769852,0,BELOW,RandomForestClassifier,Morgan,BELOW,0.53,0.42,0.05
14769853,0,BELOW,RandomForestClassifier,Morgan,IN-RANGE,0.4,0.45,0.15
14769858,0,BELOW,RandomForestClassifier,Morgan,BELOW,0.56,0.42,0.02
14769861,0,BELOW,RandomForestClassifier,Morgan,BELOW,0.54,0.45,0.01
14769864,0,BELOW,RandomForestClassifier,Morgan,IN-RANGE,0.3,0.5,0.2
14769871,0,BELOW,RandomForestClassifier,Morgan,IN-RANGE,0.34,0.58,0.08
14769873,0,BELOW,RandomForestClassifier,Morgan,IN-RANGE,0.11,0.89,0.0
14769878,0,BELOW,RandomForestClassifier,Morgan,IN-RANGE,0.41,0.48,0.11
14769882,0,BELOW,RandomForestClassifier,Morgan,BELOW,0.59,0.36,0.05
14769887,0,BELOW,RandomForestClassifier,Morgan,IN-RANGE,0.35,0.44,0.21
14769888,0,BELOW,RandomForestClassifier,Morgan,IN-RANGE,0.41,0.57,0.02
14758731,1,BELOW,majority_baseline,none,IN-RANGE,,,
14758735,1,BELOW,majority_baseline,none,IN-RANGE,,,
14758738,1,BELOW,majority_baseline,none,IN-RANGE,,,
14758743,1,BELOW,majority_baseline,none,IN-RANGE,,,
14758749,1,BELOW,majority_baseline,none,IN-RANGE,,,
14758756,1,BELOW,majority_baseline,none,IN-RANGE,,,
14758767,1,BELOW,majority_baseline,none,IN-RANGE,,,
14758775,1,BELOW,majority_baseline,none,IN-RANGE,,,
14758786,1,BELOW,majority_baseline,none,IN-RANGE,,,
14758788,1,BELOW,majority_baseline,none,IN-RANGE,,,
14758789,1,BELOW,majority_baseline,none,IN-RANGE,,,
14758797,1,BELOW,majority_baseline,none,IN-RANGE,,,
14758807,1,BELOW,majority_baseline,none,IN-RANGE,,,
14758812,1,BELOW,majority_baseline,none,IN-RANGE,,,
14758813,1,BELOW,majority_baseline,none,IN-RANGE,,,
14758814,1,BELOW,majority_baseline,none,IN-RANGE,,,
14758825,1,BELOW,majority_baseline,none,IN-RANGE,,,
14758826,1,BELOW,majority_baseline,none,IN-RANGE,,,
14758838,1,BELOW,majority_baseline,none,IN-RANGE,,,
14758840,1,BELOW,majority_baseline,none,IN-RANGE,,,
14758845,1,BELOW,majority_baseline,none,IN-RANGE,,,
14758846,1,BELOW,majority_baseline,none,IN-RANGE,,,
14758849,1,BELOW,majority_baseline,none,IN-RANGE,,,
14758863,1,BELOW,majority_baseline,none,IN-RANGE,,,
14758874,1,BELOW,majority_baseline,none,IN-RANGE,,,
14758876,1,BELOW,majority_baseline,none,IN-RANGE,,,
14758885,1,BELOW,majority_baseline,none,IN-RANGE,,,
14758886,1,BELOW,majority_baseline,none,IN-RANGE,,,
14758888,1,BELOW,majority_baseline,none,IN-RANGE,,,
14758890,1,BELOW,majority_baseline,none,IN-RANGE,,,
14758891,1,BELOW,majority_baseline,none,IN-RANGE,,,
14758893,1,BELOW,majority_baseline,none,IN-RANGE,,,
14758898,1,BELOW,majority_baseline,none,IN-RANGE,,,
14758900,1,BELOW,majority_baseline,none,IN-RANGE,,,
14758913,1,BELOW,majority_baseline,none,IN-RANGE,,,
14758919,1,BELOW,majority_baseline,none,IN-RANGE,,,
14758923,1,BELOW,majority_baseline,none,IN-RANGE,,,
14758945,1,IN-RANGE,majority_baseline,none,IN-RANGE,,,
14758956,1,IN-RANGE,majority_baseline,none,IN-RANGE,,,
14758961,1,IN-RANGE,majority_baseline,none,IN-RANGE,,,
14758962,1,IN-RANGE,majority_baseline,none,IN-RANGE,,,
14758970,1,IN-RANGE,majority_baseline,none,IN-RANGE,,,
14758978,1,IN-RANGE,majority_baseline,none,IN-RANGE,,,
14758979,1,IN-RANGE,majority_baseline,none,IN-RANGE,,,
14758984,1,IN-RANGE,majority_baseline,none,IN-RANGE,,,
14758988,1,IN-RANGE,majority_baseline,none,IN-RANGE,,,
14758989,1,IN-RANGE,majority_baseline,none,IN-RANGE,,,
14758991,1,IN-RANGE,majority_baseline,none,IN-RANGE,,,
14759000,1,IN-RANGE,majority_baseline,none,IN-RANGE,,,
14759795,1,IN-RANGE,majority_baseline,none,IN-RANGE,,,
14759809,1,IN-RANGE,majority_baseline,none,IN-RANGE,,,
14759813,1,IN-RANGE,majority_baseline,none,IN-RANGE,,,
14759817,1,IN-RANGE,majority_baseline,none,IN-RANGE,,,
14759818,1,IN-RANGE,majority_baseline,none,IN-RANGE,,,
14759819,1,IN-RANGE,majority_baseline,none,IN-RANGE,,,
14759821,1,IN-RANGE,majority_baseline,none,IN-RANGE,,,
14759823,1,IN-RANGE,majority_baseline,none,IN-RANGE,,,
14759837,1,IN-RANGE,majority_baseline,none,IN-RANGE,,,
14759846,1,IN-RANGE,majority_baseline,none,IN-RANGE,,,
14759854,1,IN-RANGE,majority_baseline,none,IN-RANGE,,,
14759863,1,IN-RANGE,majority_baseline,none,IN-RANGE,,,
14759876,1,IN-RANGE,majority_baseline,none,IN-RANGE,,,
14759891,1,IN-RANGE,majority_baseline,none,IN-RANGE,,,
14759892,1,IN-RANGE,majority_baseline,none,IN-RANGE,,,
14759893,1,IN-RANGE,majority_baseline,none,IN-RANGE,,,
14759902,1,IN-RANGE,majority_baseline,none,IN-RANGE,,,
14759903,1,IN-RANGE,majority_baseline,none,IN-RANGE,,,
14759904,1,IN-RANGE,majority_baseline,none,IN-RANGE,,,
14759934,1,IN-RANGE,majority_baseline,none,IN-RANGE,,,
14759943,1,IN-RANGE,majority_baseline,none,IN-RANGE,,,
14759966,1,IN-RANGE,majority_baseline,none,IN-RANGE,,,
14759968,1,IN-RANGE,majority_baseline,none,IN-RANGE,,,
14759983,1,IN-RANGE,majority_baseline,none,IN-RANGE,,,
14759997,1,IN-RANGE,majority_baseline,none,IN-RANGE,,,
14760001,1,IN-RANGE,majority_baseline,none,IN-RANGE,,,
14760002,1,IN-RANGE,majority_baseline,none,IN-RANGE,,,
14760003,1,IN-RANGE,majority_baseline,none,IN-RANGE,,,
14760009,1,IN-RANGE,majority_baseline,none,IN-RANGE,,,
14760034,1,IN-RANGE,majority_baseline,none,IN-RANGE,,,
14760037,1,IN-RANGE,majority_baseline,none,IN-RANGE,,,
14761125,1,IN-RANGE,majority_baseline,none,IN-RANGE,,,
14761126,1,IN-RANGE,majority_baseline,none,IN-RANGE,,,
14761127,1,IN-RANGE,majority_baseline,none,IN-RANGE,,,
14761134,1,IN-RANGE,majority_baseline,none,IN-RANGE,,,
14761136,1,IN-RANGE,majority_baseline,none,IN-RANGE,,,
14761139,1,IN-RANGE,majority_baseline,none,IN-RANGE,,,
14761157,1,IN-RANGE,majority_baseline,none,IN-RANGE,,,
14761176,1,IN-RANGE,majority_baseline,none,IN-RANGE,,,
14761181,1,IN-RANGE,majority_baseline,none,IN-RANGE,,,
14761236,1,IN-RANGE,majority_baseline,none,IN-RANGE,,,
14761250,1,IN-RANGE,majority_baseline,none,IN-RANGE,,,
14761271,1,IN-RANGE,majority_baseline,none,IN-RANGE,,,
14761272,1,IN-RANGE,majority_baseline,none,IN-RANGE,,,
14761273,1,IN-RANGE,majority_baseline,none,IN-RANGE,,,
14761280,1,IN-RANGE,majority_baseline,none,IN-RANGE,,,
14761281,1,IN-RANGE,majority_baseline,none,IN-RANGE,,,
14761284,1,IN-RANGE,majority_baseline,none,IN-RANGE,,,
14761292,1,IN-RANGE,majority_baseline,none,IN-RANGE,,,
14761312,1,IN-RANGE,majority_baseline,none,IN-RANGE,,,
14761314,1,IN-RANGE,majority_baseline,none,IN-RANGE,,,
14761367,1,IN-RANGE,majority_baseline,none,IN-RANGE,,,
14761385,1,IN-RANGE,majority_baseline,none,IN-RANGE,,,
14762232,1,IN-RANGE,majority_baseline,none,IN-RANGE,,,
14762237,1,IN-RANGE,majority_baseline,none,IN-RANGE,,,
14762270,1,IN-RANGE,majority_baseline,none,IN-RANGE,,,
14762294,1,IN-RANGE,majority_baseline,none,IN-RANGE,,,
14762305,1,IN-RANGE,majority_baseline,none,IN-RANGE,,,
14762329,1,IN-RANGE,majority_baseline,none,IN-RANGE,,,
14762330,1,IN-RANGE,majority_baseline,none,IN-RANGE,,,
14762332,1,IN-RANGE,majority_baseline,none,IN-RANGE,,,
14762354,1,IN-RANGE,majority_baseline,none,IN-RANGE,,,
14762363,1,IN-RANGE,majority_baseline,none,IN-RANGE,,,
14762372,1,IN-RANGE,majority_baseline,none,IN-RANGE,,,
14762436,1,IN-RANGE,majority_baseline,none,IN-RANGE,,,
14762449,1,IN-RANGE,majority_baseline,none,IN-RANGE,,,
14762450,1,IN-RANGE,majority_baseline,none,IN-RANGE,,,
14762454,1,IN-RANGE,majority_baseline,none,IN-RANGE,,,
14762455,1,IN-RANGE,majority_baseline,none,IN-RANGE,,,
14762461,1,IN-RANGE,majority_baseline,none,IN-RANGE,,,
14763250,1,IN-RANGE,majority_baseline,none,IN-RANGE,,,
14763264,1,IN-RANGE,majority_baseline,none,IN-RANGE,,,
14763272,1,IN-RANGE,majority_baseline,none,IN-RANGE,,,
14763286,1,IN-RANGE,majority_baseline,none,IN-RANGE,,,
14763289,1,IN-RANGE,majority_baseline,none,IN-RANGE,,,
14763302,1,IN-RANGE,majority_baseline,none,IN-RANGE,,,
14763310,1,IN-RANGE,majority_baseline,none,IN-RANGE,,,
14763349,1,IN-RANGE,majority_baseline,none,IN-RANGE,,,
14763350,1,IN-RANGE,majority_baseline,none,IN-RANGE,,,
14763358,1,IN-RANGE,majority_baseline,none,IN-RANGE,,,
14763367,1,IN-RANGE,majority_baseline,none,IN-RANGE,,,
14763395,1,IN-RANGE,majority_baseline,none,IN-RANGE,,,
14763410,1,IN-RANGE,majority_baseline,none,IN-RANGE,,,
14763420,1,IN-RANGE,majority_baseline,none,IN-RANGE,,,
14763425,1,IN-RANGE,majority_baseline,none,IN-RANGE,,,
14763427,1,IN-RANGE,majority_baseline,none,IN-RANGE,,,
14763438,1,IN-RANGE,majority_baseline,none,IN-RANGE,,,
14763458,1,IN-RANGE,majority_baseline,none,IN-RANGE,,,
14763466,1,IN-RANGE,majority_baseline,none,IN-RANGE,,,
14763468,1,IN-RANGE,majority_baseline,none,IN-RANGE,,,
14763469,1,IN-RANGE,majority_baseline,none,IN-RANGE,,,
14763499,1,IN-RANGE,majority_baseline,none,IN-RANGE,,,
14763500,1,IN-RANGE,majority_baseline,none,IN-RANGE,,,
14764289,1,IN-RANGE,majority_baseline,none,IN-RANGE,,,
14764308,1,IN-RANGE,majority_baseline,none,IN-RANGE,,,
14764315,1,IN-RANGE,majority_baseline,none,IN-RANGE,,,
14764317,1,IN-RANGE,majority_baseline,none,IN-RANGE,,,
14764321,1,IN-RANGE,majority_baseline,none,IN-RANGE,,,
14764333,1,IN-RANGE,majority_baseline,none,IN-RANGE,,,
14764347,1,IN-RANGE,majority_baseline,none,IN-RANGE,,,
14764348,1,IN-RANGE,majority_baseline,none,IN-RANGE,,,
14764358,1,IN-RANGE,majority_baseline,none,IN-RANGE,,,
14764364,1,IN-RANGE,majority_baseline,none,IN-RANGE,,,
14764365,1,IN-RANGE,majority_baseline,none,IN-RANGE,,,
14764366,1,IN-RANGE,majority_baseline,none,IN-RANGE,,,
14764375,1,IN-RANGE,majority_baseline,none,IN-RANGE,,,
14764383,1,IN-RANGE,majority_baseline,none,IN-RANGE,,,
14764385,1,IN-RANGE,majority_baseline,none,IN-RANGE,,,
14764404,1,IN-RANGE,majority_baseline,none,IN-RANGE,,,
14764429,1,IN-RANGE,majority_baseline,none,IN-RANGE,,,
14764447,1,IN-RANGE,majority_baseline,none,IN-RANGE,,,
14764469,1,IN-RANGE,majority_baseline,none,IN-RANGE,,,
14764484,1,IN-RANGE,majority_baseline,none,IN-RANGE,,,
14764494,1,IN-RANGE,majority_baseline,none,IN-RANGE,,,
14764495,1,IN-RANGE,majority_baseline,none,IN-RANGE,,,
14764506,1,IN-RANGE,majority_baseline,none,IN-RANGE,,,
14764524,1,IN-RANGE,majority_baseline,none,IN-RANGE,,,
14764532,1,IN-RANGE,majority_baseline,none,IN-RANGE,,,
14765326,1,IN-RANGE,majority_baseline,none,IN-RANGE,,,
14765327,1,IN-RANGE,majority_baseline,none,IN-RANGE,,,
14765328,1,IN-RANGE,majority_baseline,none,IN-RANGE,,,
14765329,1,IN-RANGE,majority_baseline,none,IN-RANGE,,,
14765372,1,IN-RANGE,majority_baseline,none,IN-RANGE,,,
14765404,1,IN-RANGE,majority_baseline,none,IN-RANGE,,,
14765430,1,IN-RANGE,majority_baseline,none,IN-RANGE,,,
14765433,1,IN-RANGE,majority_baseline,none,IN-RANGE,,,
14765446,1,IN-RANGE,majority_baseline,none,IN-RANGE,,,
14765447,1,IN-RANGE,majority_baseline,none,IN-RANGE,,,
14765456,1,IN-RANGE,majority_baseline,none,IN-RANGE,,,
14765465,1,IN-RANGE,majority_baseline,none,IN-RANGE,,,
14765485,1,IN-RANGE,majority_baseline,none,IN-RANGE,,,
14765488,1,IN-RANGE,majority_baseline,none,IN-RANGE,,,
14765493,1,IN-RANGE,majority_baseline,none,IN-RANGE,,,
14765516,1,IN-RANGE,majority_baseline,none,IN-RANGE,,,
14766486,1,ABOVE,majority_baseline,none,IN-RANGE,,,
14766488,1,ABOVE,majority_baseline,none,IN-RANGE,,,
14766498,1,ABOVE,majority_baseline,none,IN-RANGE,,,
14766499,1,ABOVE,majority_baseline,none,IN-RANGE,,,
14766504,1,ABOVE,majority_baseline,none,IN-RANGE,,,
14766511,1,ABOVE,majority_baseline,none,IN-RANGE,,,
14766517,1,ABOVE,majority_baseline,none,IN-RANGE,,,
14766518,1,ABOVE,majority_baseline,none,IN-RANGE,,,
14766541,1,ABOVE,majority_baseline,none,IN-RANGE,,,
14766543,1,ABOVE,majority_baseline,none,IN-RANGE,,,
14766544,1,ABOVE,majority_baseline,none,IN-RANGE,,,
14766549,1,ABOVE,majority_baseline,none,IN-RANGE,,,
14766554,1,ABOVE,majority_baseline,none,IN-RANGE,,,
14766556,1,ABOVE,majority_baseline,none,IN-RANGE,,,
14766563,1,ABOVE,majority_baseline,none,IN-RANGE,,,
14766567,1,ABOVE,majority_baseline,none,IN-RANGE,,,
14766569,1,ABOVE,majority_baseline,none,IN-RANGE,,,
14769818,1,BELOW,majority_baseline,none,IN-RANGE,,,
14769820,1,BELOW,majority_baseline,none,IN-RANGE,,,
14769823,1,BELOW,majority_baseline,none,IN-RANGE,,,
14769828,1,BELOW,majority_baseline,none,IN-RANGE,,,
14769833,1,BELOW,majority_baseline,none,IN-RANGE,,,
14769836,1,BELOW,majority_baseline,none,IN-RANGE,,,
14769837,1,BELOW,majority_baseline,none,IN-RANGE,,,
14769838,1,BELOW,majority_baseline,none,IN-RANGE,,,
14769843,1,BELOW,majority_baseline,none,IN-RANGE,,,
14769860,1,BELOW,majority_baseline,none,IN-RANGE,,,
14769866,1,BELOW,majority_baseline,none,IN-RANGE,,,
14769868,1,BELOW,majority_baseline,none,IN-RANGE,,,
14769869,1,BELOW,majority_baseline,none,IN-RANGE,,,
14769874,1,BELOW,majority_baseline,none,IN-RANGE,,,
14769875,1,BELOW,majority_baseline,none,IN-RANGE,,,
14769876,1,BELOW,majority_baseline,none,IN-RANGE,,,
14769879,1,BELOW,majority_baseline,none,IN-RANGE,,,
14769883,1,BELOW,majority_baseline,none,IN-RANGE,,,
14758731,1,BELOW,LogisticRegression,descriptors,IN-RANGE,0.2928136684872064,0.3870856181779928,0.32010071333480083
14758735,1,BELOW,LogisticRegression,descriptors,IN-RANGE,0.3184852845885851,0.34266082425864924,0.33885389115276565
14758738,1,BELOW,LogisticRegression,descriptors,IN-RANGE,0.21797977538667207,0.42148975511604453,0.3605304694972833
14758743,1,BELOW,LogisticRegression,descriptors,ABOVE,0.23275704990540588,0.2555325594066309,0.5117103906879632
14758749,1,BELOW,LogisticRegression,descriptors,IN-RANGE,0.283787658998982,0.4174354176836919,0.298776923317326
14758756,1,BELOW,LogisticRegression,descriptors,BELOW,0.5202472201305286,0.3505616418922112,0.1291911379772603
14758767,1,BELOW,LogisticRegression,descriptors,IN-RANGE,0.23147375740366607,0.4134935238900565,0.3550327187062774
14758775,1,BELOW,LogisticRegression,descriptors,IN-RANGE,0.23147375740366607,0.4134935238900566,0.3550327187062774
14758786,1,BELOW,LogisticRegression,descriptors,ABOVE,0.08957608039403317,0.43240981111703775,0.478014108488929
14758788,1,BELOW,LogisticRegression,descriptors,IN-RANGE,0.23147375740366607,0.4134935238900566,0.3550327187062774
14758789,1,BELOW,LogisticRegression,descriptors,IN-RANGE,0.21659468058765605,0.45174084529929537,0.33166447411304867
14758797,1,BELOW,LogisticRegression,descriptors,BELOW,0.4644012973299723,0.28188632635922456,0.2537123763108031
14758807,1,BELOW,LogisticRegression,descriptors,ABOVE,0.13425590330328924,0.350940273156033,0.5148038235406778
14758812,1,BELOW,LogisticRegression,descriptors,BELOW,0.6120562296323453,0.22320803596209926,0.1647357344055555
14758813,1,BELOW,LogisticRegression,descriptors,ABOVE,0.11284761341347634,0.37261311431393995,0.5145392722725838
14758814,1,BELOW,LogisticRegression,descriptors,BELOW,0.6182892999715568,0.2890038472705258,0.09270685275791729
14758825,1,BELOW,LogisticRegression,descriptors,IN-RANGE,0.3395430040279118,0.367467007579082,0.2929899883930062
14758826,1,BELOW,LogisticRegression,descriptors,BELOW,0.6120562296323453,0.22320803596209926,0.1647357344055555
14758838,1,BELOW,LogisticRegression,descriptors,BELOW,0.3958810787882224,0.29312264814921307,0.3109962730625645
14758840,1,BELOW,LogisticRegression,descriptors,BELOW,0.4075971493773915,0.2949087580299054,0.2974940925927032
14758845,1,BELOW,LogisticRegression,descriptors,IN-RANGE,0.2121089252542251,0.4855927011726139,0.302298373573161
14758846,1,BELOW,LogisticRegression,descriptors,BELOW,0.6295990679069553,0.2453241668482485,0.12507676524479608
14758849,1,BELOW,LogisticRegression,descriptors,BELOW,0.40758240459788175,0.2948541228529022,0.29756347254921606
14758863,1,BELOW,LogisticRegression,descriptors,IN-RANGE,0.31417546127574253,0.3894997755367654,0.29632476318749207
14758874,1,BELOW,LogisticRegression,descriptors,IN-RANGE,0.2206050113301336,0.43262993986214504,0.3467650488077214
14758876,1,BELOW,LogisticRegression,descriptors,IN-RANGE,0.2207743751076558,0.4262933333827905,0.35293229150955374
14758885,1,BELOW,LogisticRegression,descriptors,ABOVE,0.2743554295966845,0.32833846085182267,0.39730610955149287
14758886,1,BELOW,LogisticRegression,descriptors,IN-RANGE,0.2459774232156827,0.40825874859171657,0.3457638281926007
14758888,1,BELOW,LogisticRegression,descriptors,ABOVE,0.19895399700468294,0.39194321284104305,0.40910279015427403
14758890,1,BELOW,LogisticRegression,descriptors,IN-RANGE,0.21785656931342262,0.42784139655126413,0.35430203413531336
14758891,1,BELOW,LogisticRegression,descriptors,IN-RANGE,0.21785656931342262,0.42784139655126413,0.35430203413531336
14758893,1,BELOW,LogisticRegression,descriptors,IN-RANGE,0.21677302972435175,0.4366873724716034,0.3465395978040448
14758898,1,BELOW,LogisticRegression,descriptors,IN-RANGE,0.21508836887963442,0.422999656260108,0.36191197486025745
14758900,1,BELOW,LogisticRegression,descriptors,IN-RANGE,0.21407277182912676,0.4318548128979502,0.354072415272923
14758913,1,BELOW,LogisticRegression,descriptors,ABOVE,0.26868492615306855,0.3440881152739707,0.38722695857296074
14758919,1,BELOW,LogisticRegression,descriptors,ABOVE,0.1993580265342666,0.361838752668906,0.4388032207968274
14758923,1,BELOW,LogisticRegression,descriptors,ABOVE,0.1977939074245642,0.2175377615801227,0.584668330995313
14758945,1,IN-RANGE,LogisticRegression,descriptors,BELOW,0.4138464475101868,0.2957016318131566,0.2904519206766565
14758956,1,IN-RANGE,LogisticRegression,descriptors,ABOVE,0.3050219602073986,0.2987261168678428,0.39625192292475864
14758961,1,IN-RANGE,LogisticRegression,descriptors,BELOW,0.5951566136735597,0.3350436639296559,0.06979972239678453
14758962,1,IN-RANGE,LogisticRegression,descriptors,ABOVE,0.2555690684084049,0.2714265590718093,0.4730043725197857
14758970,1,IN-RANGE,LogisticRegression,descriptors,ABOVE,0.19528320969081697,0.39064654082417866,0.4140702494850044
14758978,1,IN-RANGE,LogisticRegression,descriptors,IN-RANGE,0.21677302972435175,0.4366873724716034,0.3465395978040448
14758979,1,IN-RANGE,LogisticRegression,descriptors,IN-RANGE,0.3479348662971112,0.4077104206159997,0.24435471308688905
14758984,1,IN-RANGE,LogisticRegression,descriptors,BELOW,0.5272933272067407,0.2447192979652011,0.22798737482805828
14758988,1,IN-RANGE,LogisticRegression,descriptors,ABOVE,0.22857354840957916,0.36957867684320833,0.4018477747472125
14758989,1,IN-RANGE,LogisticRegression,descriptors,IN-RANGE,0.3077329764583472,0.4157931017701268,0.2764739217715261
14758991,1,IN-RANGE,LogisticRegression,descriptors,ABOVE,0.24856344343972664,0.3199669135587678,0.43146964300150564
14759000,1,IN-RANGE,LogisticRegression,descriptors,BELOW,0.4255644185901216,0.3199097109725334,0.254525870437345
14759795,1,IN-RANGE,LogisticRegression,descriptors,BELOW,0.38576824845549834,0.2547232406726867,0.35950851087181496
14759809,1,IN-RANGE,LogisticRegression,descriptors,BELOW,0.5045347864757221,0.3123762467002705,0.1830889668240074
14759813,1,IN-RANGE,LogisticRegression,descriptors,IN-RANGE,0.30783462043486365,0.39332847007171406,0.2988369094934223
14759817,1,IN-RANGE,LogisticRegression,descriptors,ABOVE,0.11108078497191184,0.3609305643638223,0.5279886506642658
14759818,1,IN-RANGE,LogisticRegression,descriptors,BELOW,0.5504969616340606,0.335202473053286,0.1143005653126533
14759819,1,IN-RANGE,LogisticRegression,descriptors,BELOW,0.40759714937739133,0.2949087580299055,0.2974940925927032
14759821,1,IN-RANGE,LogisticRegression,descriptors,IN-RANGE,0.37390786917063923,0.3797992960454001,0.24629283478396072
14759823,1,IN-RANGE,LogisticRegression,descriptors,ABOVE,0.31896979017687255,0.33665207057891366,0.34437813924421384
14759837,1,IN-RANGE,LogisticRegression,descriptors,BELOW,0.5702901540000659,0.3633527435297947,0.06635710247013943
14759846,1,IN-RANGE,LogisticRegression,descriptors,BELOW,0.43497672720035047,0.2594674195629258,0.3055558532367237
14759854,1,IN-RANGE,LogisticRegression,descriptors,BELOW,0.5833317667921293,0.3092263345254559,0.10744189868241497
14759863,1,IN-RANGE,LogisticRegression,descriptors,ABOVE,0.27476938858762895,0.3339780053121647,0.3912526061002063
14759876,1,IN-RANGE,LogisticRegression,descriptors,ABOVE,0.3230837757346623,0.3125811843568113,0.36433503990852645
14759891,1,IN-RANGE,LogisticRegression,descriptors,ABOVE,0.27435542959668446,0.32833846085182256,0.397306109551493
14759892,1,IN-RANGE,LogisticRegression,descriptors,ABOVE,0.08145897276453078,0.4505790637526089,0.4679619634828603
14759893,1,IN-RANGE,LogisticRegression,descriptors,ABOVE,0.3275431395743489,0.31125106930807916,0.36120579111757195
14759902,1,IN-RANGE,LogisticRegression,descriptors,ABOVE,0.08472375690164699,0.13771243012046383,0.7775638129778891
14759903,1,IN-RANGE,LogisticRegression,descriptors,IN-RANGE,0.30249428726928823,0.4436183964215597,0.2538873163091522
14759904,1,IN-RANGE,LogisticRegression,descriptors,IN-RANGE,0.2459774232156827,0.40825874859171657,0.3457638281926007
14759934,1,IN-RANGE,LogisticRegression,descriptors,BELOW,0.40784752231718224,0.3135538158633982,0.2785986618194196
14759943,1,IN-RANGE,LogisticRegression,descriptors,IN-RANGE,0.3872307336916333,0.39152785367846193,0.22124141262990482
14759966,1,IN-RANGE,LogisticRegression,descriptors,BELOW,0.7294593298853812,0.19541825279194797,0.07512241732267079
14759968,1,IN-RANGE,LogisticRegression,descriptors,BELOW,0.3597141018837033,0.3368120212519058,0.3034738768643909
14759983,1,IN-RANGE,LogisticRegression,descriptors,IN-RANGE,0.3484280162496441,0.37058400449888584,0.28098797925147007
14759997,1,IN-RANGE,LogisticRegression,descriptors,ABOVE,0.322239155660795,0.3094461097458101,0.3683147345933948
14760001,1,IN-RANGE,LogisticRegression,descriptors,IN-RANGE,0.21622907145331058,0.44503397607968964,0.33873695246699986
14760002,1,IN-RANGE,LogisticRegression,descriptors,BELOW,0.38725439967437786,0.29458135976590744,0.3181642405597146
14760003,1,IN-RANGE,LogisticRegression,descriptors,ABOVE,0.19120543905208898,0.2804652522558616,0.5283293086920494
14760009,1,IN-RANGE,LogisticRegression,descriptors,ABOVE,0.24278348438362926,0.3392735095334506,0.41794300608292023
14760034,1,IN-RANGE,LogisticRegression,descriptors,IN-RANGE,0.2974120363678875,0.5977362691479932,0.1048516944841193
14760037,1,IN-RANGE,LogisticRegression,descriptors,IN-RANGE,0.2459774232156827,0.40825874859171657,0.3457638281926007
14761125,1,IN-RANGE,LogisticRegression,descriptors,BELOW,0.40759714937739133,0.2949087580299055,0.2974940925927032
14761126,1,IN-RANGE,LogisticRegression,descriptors,ABOVE,0.16682743384245677,0.3874028970033359,0.4457696691542073
14761127,1,IN-RANGE,LogisticRegression,descriptors,IN-RANGE,0.21677302972435175,0.4366873724716034,0.3465395978040448
14761134,1,IN-RANGE,LogisticRegression,descriptors,IN-RANGE,0.12344578121475216,0.45469007008828943,0.4218641486969583
14761136,1,IN-RANGE,LogisticRegression,descriptors,BELOW,0.488443575555645,0.4309708948380297,0.08058552960632538
14761139,1,IN-RANGE,LogisticRegression,descriptors,ABOVE,0.17937614969584248,0.3735897560386706,0.44703409426548696
14761157,1,IN-RANGE,LogisticRegression,descriptors,ABOVE,0.11252687359045081,0.4121084554757273,0.47536467093382184
14761176,1,IN-RANGE,LogisticRegression,descriptors,BELOW,0.3827956154915831,0.28606988663683836,0.3311344978715786
14761181,1,IN-RANGE,LogisticRegression,descriptors,BELOW,0.525825476841858,0.3355723302042558,0.13860219295388615
14761236,1,IN-RANGE,LogisticRegression,descriptors,BELOW,0.41926570699869,0.3716404426234574,0.20909385037785252
14761250,1,IN-RANGE,LogisticRegression,descriptors,IN-RANGE,0.24257202218547377,0.5022069517673835,0.25522102604714264
14761271,1,IN-RANGE,LogisticRegression,descriptors,BELOW,0.4127525080775662,0.3072548695259549,0.279992622396479
14761272,1,IN-RANGE,LogisticRegression,descriptors,BELOW,0.41613347411267715,0.31953331622462383,0.2643332096626991
14761273,1,IN-RANGE,LogisticRegression,descriptors,ABOVE,0.1702674385515944,0.3728656700416901,0.45686689140671566
14761280,1,IN-RANGE,LogisticRegression,descriptors,ABOVE,0.3577632428971192,0.27600118009712443,0.36623557700575643
14761281,1,IN-RANGE,LogisticRegression,descriptors,BELOW,0.4660881560320253,0.3541049160706469,0.17980692789732788
14761284,1,IN-RANGE,LogisticRegression,descriptors,ABOVE,0.2338100793515147,0.3552194191290076,0.41097050151947767
14761292,1,IN-RANGE,LogisticRegression,descriptors,ABOVE,0.32767207108212365,0.311087325503012,0.36124060341486447
14761312,1,IN-RANGE,LogisticRegression,descriptors,BELOW,0.4017107888456277,0.38861807739454496,0.2096711337598273
14761314,1,IN-RANGE,LogisticRegression,descriptors,ABOVE,0.17937614969584248,0.3735897560386706,0.44703409426548696
14761367,1,IN-RANGE,LogisticRegression,descriptors,BELOW,0.42419476753625995,0.3106577379335095,0.2651474945302306
14761385,1,IN-RANGE,LogisticRegression,descriptors,IN-RANGE,0.21301954961106337,0.41573046668101493,0.3712499837079217
14762232,1,IN-RANGE,LogisticRegression,descriptors,IN-RANGE,0.23169030713407035,0.505951424848132,0.26235826801779755
14762237,1,IN-RANGE,LogisticRegression,descriptors,IN-RANGE,0.21508836887963442,0.422999656260108,0.3619119748602576
14762270,1,IN-RANGE,LogisticRegression,descriptors,IN-RANGE,0.29182829326223864,0.48647222010583213,0.22169948663192926
14762294,1,IN-RANGE,LogisticRegression,descriptors,IN-RANGE,0.27214111992017637,0.3978097603852211,0.3300491196946026
14762305,1,IN-RANGE,LogisticRegression,descriptors,IN-RANGE,0.17496658657308212,0.753501634931076,0.071531778495842
14762329,1,IN-RANGE,LogisticRegression,descriptors,BELOW,0.4181052164671626,0.3512921084363599,0.23060267509647756
14762330,1,IN-RANGE,LogisticRegression,descriptors,ABOVE,0.262226159197353,0.3016280805391342,0.43614576026351276
14762332,1,IN-RANGE,LogisticRegression,descriptors,ABOVE,0.17206363339992437,0.21359768329100193,0.6143386833090736
14762354,1,IN-RANGE,LogisticRegression,descriptors,IN-RANGE,0.3411157878750995,0.35434868258872804,0.30453552953617236
14762363,1,IN-RANGE,LogisticRegression,descriptors,ABOVE,0.18676759933626177,0.2731140182359386,0.5401183824277996
14762372,1,IN-RANGE,LogisticRegression,descriptors,IN-RANGE,0.3702626892572857,0.5177096107798863,0.11202769996282796
14762436,1,IN-RANGE,LogisticRegression,descriptors,BELOW,0.47270338601234935,0.2994227824407632,0.22787383154688762
14762449,1,IN-RANGE,LogisticRegression,descriptors,BELOW,0.41137920324501837,0.318917165956321,0.26970363079866067
14762450,1,IN-RANGE,LogisticRegression,descriptors,BELOW,0.523373786662367,0.3368799269696237,0.13974628636800937
14762454,1,IN-RANGE,LogisticRegression,descriptors,BELOW,0.5578810331339206,0.3190155295130792,0.12310343735300013
14762455,1,IN-RANGE,LogisticRegression,descriptors,ABOVE,0.07845896709073535,0.41713114282725494,0.5044098900820098
14762461,1,IN-RANGE,LogisticRegression,descriptors,ABOVE,0.1127429371558279,0.24248888133681135,0.6447681815073607
14763250,1,IN-RANGE,LogisticRegression,descriptors,BELOW,0.5308421582507976,0.33812603853246076,0.13103180321674165
14763264,1,IN-RANGE,LogisticRegression,descriptors,BELOW,0.7220248424876238,0.22067947154951656,0.057295685962859645
14763272,1,IN-RANGE,LogisticRegression,descriptors,IN-RANGE,0.21223792357789745,0.4869902550083753,0.3007718214137272
14763286,1,IN-RANGE,LogisticRegression,descriptors,IN-RANGE,0.16002312046272735,0.517425708498451,0.3225511710388217
14763289,1,IN-RANGE,LogisticRegression,descriptors,BELOW,0.4529055988642422,0.34034018545134953,0.20675421568440838
14763302,1,IN-RANGE,LogisticRegression,descriptors,IN-RANGE,0.279500551922978,0.38365566135561474,0.33684378672140725
14763310,1,IN-RANGE,LogisticRegression,descriptors,IN-RANGE,0.3175772252687023,0.3996646091579017,0.28275816557339595
14763349,1,IN-RANGE,LogisticRegression,descriptors,IN-RANGE,0.1489364467723471,0.6819819780408409,0.16908157518681197
14763350,1,IN-RANGE,LogisticRegression,descriptors,ABOVE,0.14498235125225967,0.39259526455553223,0.4624223841922081
14763358,1,IN-RANGE,LogisticRegression,descriptors,BELOW,0.6158710862228728,0.31181969342821797,0.0723092203489093
14763367,1,IN-RANGE,LogisticRegression,descriptors,ABOVE,0.138316083316149,0.38989979933393204,0.4717841173499189
14763395,1,IN-RANGE,LogisticRegression,descriptors,ABOVE,0.3058328689503452,0.267152104627104,0.42701502642255074
14763410,1,IN-RANGE,LogisticRegression,descriptors,BELOW,0.5222607010129273,0.31257671800370934,0.16516258098336345
14763420,1,IN-RANGE,LogisticRegression,descriptors,ABOVE,0.19442528096179026,0.2855385972118189,0.5200361218263908
14763425,1,IN-RANGE,LogisticRegression,descriptors,BELOW,0.36951486801430133,0.3436102588257584,0.28687487315994026
14763427,1,IN-RANGE,LogisticRegression,descriptors,IN-RANGE,0.11973619111026591,0.4662535666870186,0.4140102422027153
14763438,1,IN-RANGE,LogisticRegression,descriptors,IN-RANGE,0.2734373240394254,0.4435999351761499,0.2829627407844247
14763458,1,IN-RANGE,LogisticRegression,descriptors,IN-RANGE,0.3143446605955574,0.3505335172352183,0.3351218221692243
14763466,1,IN-RANGE,LogisticRegression,descriptors,IN-RANGE,0.33776273446000266,0.3417693866832131,0.32046787885678424
14763468,1,IN-RANGE,LogisticRegression,descriptors,IN-RANGE,0.1278155149963942,0.7154196848374047,0.15676480016620112
14763469,1,IN-RANGE,LogisticRegression,descriptors,ABOVE,0.06025039336851116,0.30140015837975354,0.6383494482517352
14763499,1,IN-RANGE,LogisticRegression,descriptors,ABOVE,0.2396561593357615,0.35744342303430593,0.40290041762993256
14763500,1,IN-RANGE,LogisticRegression,descriptors,BELOW,0.43282308426918314,0.3266307395110466,0.24054617621977026
14764289,1,IN-RANGE,LogisticRegression,descriptors,IN-RANGE,0.15040060888535348,0.4800593458563567,0.3695400452582897
14764308,1,IN-RANGE,LogisticRegression,descriptors,BELOW,0.5987419568112189,0.2914606047958683,0.10979743839291281
14764315,1,IN-RANGE,LogisticRegression,descriptors,ABOVE,0.24224803022934585,0.3162898014999153,0.4414621682707388
14764317,1,IN-RANGE,LogisticRegression,descriptors,ABOVE,0.06510128557601887,0.18614446264088946,0.7487542517830916
14764321,1,IN-RANGE,LogisticRegression,descriptors,BELOW,0.4347897628343172,0.28122962789946626,0.28398060926621654
14764333,1,IN-RANGE,LogisticRegression,descriptors,ABOVE,0.055765216438927324,0.43807017983304836,0.5061646037280243
14764347,1,IN-RANGE,LogisticRegression,descriptors,BELOW,0.37329918239504795,0.296521983006345,0.3301788345986071
14764348,1,IN-RANGE,LogisticRegression,descriptors,IN-RANGE,0.4037437965060138,0.45823705345901117,0.13801915003497509
14764358,1,IN-RANGE,LogisticRegression,descriptors,IN-RANGE,0.12154371140374204,0.702148288809633,0.17630799978662495
14764364,1,IN-RANGE,LogisticRegression,descriptors,BELOW,0.6626346667872826,0.25239971710996956,0.08496561610274785
14764365,1,IN-RANGE,LogisticRegression,descriptors,IN-RANGE,0.12061579220456971,0.6354063511073008,0.24397785668812952
14764366,1,IN-RANGE,LogisticRegression,descriptors,IN-RANGE,0.32179042424047366,0.3465659960443221,0.33164357971520425
14764375,1,IN-RANGE,LogisticRegression,descriptors,IN-RANGE,0.35480273293018655,0.36864260563200024,0.2765546614378131
14764383,1,IN-RANGE,LogisticRegression,descriptors,IN-RANGE,0.151351900117541,0.734408485078293,0.11423961480416606
14764385,1,IN-RANGE,LogisticRegression,descriptors,IN-RANGE,0.3921562764594472,0.44739683397399455,0.16044688956655823
14764404,1,IN-RANGE,LogisticRegression,descriptors,IN-RANGE,0.3088807254150403,0.5603657829061426,0.1307534916788172
14764429,1,IN-RANGE,LogisticRegression,descriptors,ABOVE,0.1466489248622822,0.2475981496977544,0.6057529254399634
14764447,1,IN-RANGE,LogisticRegression,descriptors,ABOVE,0.18557198506552147,0.26317360806566464,0.5512544068688139
14764469,1,IN-RANGE,LogisticRegression,descriptors,IN-RANGE,0.14125941171552867,0.5097514490480359,0.34898913923643554
14764484,1,IN-RANGE,LogisticRegression,descriptors,BELOW,0.5367934210590563,0.2976080088711278,0.1655985700698159
14764494,1,IN-RANGE,LogisticRegression,descriptors,IN-RANGE,0.11208768351898837,0.44555599788888856,0.44235631859212304
14764495,1,IN-RANGE,LogisticRegression,descriptors,IN-RANGE,0.12781551499639418,0.7154196848374046,0.15676480016620115
14764506,1,IN-RANGE,LogisticRegression,descriptors,BELOW,0.3693374406540502,0.33618157855924186,0.2944809807867081
14764524,1,IN-RANGE,LogisticRegression,descriptors,IN-RANGE,0.2815538814055114,0.45901936003616695,0.2594267585583217
14764532,1,IN-RANGE,LogisticRegression,descriptors,BELOW,0.5032269559372635,0.3604087322506432,0.13636431181209333
14765326,1,IN-RANGE,LogisticRegression,descriptors,BELOW,0.5876191638957124,0.32513291508240916,0.08724792102187846
14765327,1,IN-RANGE,LogisticRegression,descriptors,BELOW,0.45589799617915544,0.24569305047867268,0.29840895334217193
14765328,1,IN-RANGE,LogisticRegression,descriptors,ABOVE,0.29466975512104765,0.27157270107013204,0.4337575438088203
14765329,1,IN-RANGE,LogisticRegression,descriptors,IN-RANGE,0.35475773769221547,0.4884908223926171,0.15675143991516752
14765372,1,IN-RANGE,LogisticRegression,descriptors,IN-RANGE,0.19540027017711523,0.5289910079606682,0.2756087218622165
14765404,1,IN-RANGE,LogisticRegression,descriptors,BELOW,0.37288111026698934,0.3470316026867374,0.2800872870462733
14765430,1,IN-RANGE,LogisticRegression,descriptors,IN-RANGE,0.2225324328918782,0.5300220832778006,0.24744548383032117
14765433,1,IN-RANGE,LogisticRegression,descriptors,IN-RANGE,0.314077488945597,0.3626331750255745,0.3232893360288284
14765446,1,IN-RANGE,LogisticRegression,descriptors,BELOW,0.37617145535724733,0.3522849906506007,0.271543553992152
14765447,1,IN-RANGE,LogisticRegression,descriptors,ABOVE,0.13377887222593995,0.3354656084264627,0.5307555193475973
14765456,1,IN-RANGE,LogisticRegression,descriptors,IN-RANGE,0.14362071966687046,0.7229111603533899,0.13346811997973965
14765465,1,IN-RANGE,LogisticRegression,descriptors,IN-RANGE,0.30524802608651275,0.429685472527213,0.2650665013862743
14765485,1,IN-RANGE,LogisticRegression,descriptors,IN-RANGE,0.21252766662353945,0.5579441619641906,0.22952817141227003
14765488,1,IN-RANGE,LogisticRegression,descriptors,ABOVE,0.07718011606877163,0.35160552561993924,0.5712143583112891
14765493,1,IN-RANGE,LogisticRegression,descriptors,BELOW,0.4178797013595784,0.2607671118687031,0.32135318677171854
14765516,1,IN-RANGE,LogisticRegression,descriptors,IN-RANGE,0.18832495564847612,0.4398840362760849,0.3717910080754389
14766486,1,ABOVE,LogisticRegression,descriptors,ABOVE,0.3002263925180744,0.27167747755480265,0.42809612992712287
14766488,1,ABOVE,LogisticRegression,descriptors,ABOVE,0.1786709209219573,0.38761282820656273,0.43371625087147997
14766498,1,ABOVE,LogisticRegression,descriptors,ABOVE,0.1761646708220033,0.2971588339801985,0.5266764951977981
14766499,1,ABOVE,LogisticRegression,descriptors,ABOVE,0.19686167854177253,0.3248328442257031,0.4783054772325243
14766504,1,ABOVE,LogisticRegression,descriptors,ABOVE,0.10432057190671833,0.42811917973814306,0.4675602483551387
14766511,1,ABOVE,LogisticRegression,descriptors,BELOW,0.45518025599245543,0.32164737851088543,0.2231723654966591
14766517,1,ABOVE,LogisticRegression,descriptors,IN-RANGE,0.14502036498477416,0.4539458068088016,0.4010338282064242
14766518,1,ABOVE,LogisticRegression,descriptors,ABOVE,0.20093640414371763,0.3133180135893073,0.48574558226697523
14766541,1,ABOVE,LogisticRegression,descriptors,ABOVE,0.06535955665456011,0.2697061594340761,0.6649342839113638
14766543,1,ABOVE,LogisticRegression,descriptors,BELOW,0.5037700637476893,0.3427250540255692,0.15350488222674147
14766544,1,ABOVE,LogisticRegression,descriptors,ABOVE,0.14854307174362488,0.3232921601775069,0.5281647680788683
14766549,1,ABOVE,LogisticRegression,descriptors,ABOVE,0.10639870443388526,0.3817495655396147,0.5118517300265
14766554,1,ABOVE,LogisticRegression,descriptors,ABOVE,0.2673284399243787,0.2900049384363885,0.4426666216392328
14766556,1,ABOVE,LogisticRegression,descriptors,IN-RANGE,0.3075446234419348,0.414625962809286,0.2778294137487792
14766563,1,ABOVE,LogisticRegression,descriptors,BELOW,0.374573558505447,0.3208791055552376,0.3045473359393153
14766567,1,ABOVE,LogisticRegression,descriptors,ABOVE,0.2072032889701788,0.320376676657762,0.47242003437205926
14766569,1,ABOVE,LogisticRegression,descriptors,BELOW,0.3900816291143215,0.28446920197747594,0.3254491689082025
14769818,1,BELOW,LogisticRegression,descriptors,IN-RANGE,0.13622618047821256,0.468075186156166,0.3956986333656213
14769820,1,BELOW,LogisticRegression,descriptors,IN-RANGE,0.21797977538667207,0.42148975511604453,0.3605304694972833
14769823,1,BELOW,LogisticRegression,descriptors,IN-RANGE,0.21508836887963442,0.422999656260108,0.3619119748602576
14769828,1,BELOW,LogisticRegression,descriptors,ABOVE,0.27435542959668446,0.3283384608518225,0.39730610955149304
14769833,1,BELOW,LogisticRegression,descriptors,ABOVE,0.10500345731499262,0.30674058195199744,0.5882559607330099
14769836,1,BELOW,LogisticRegression,descriptors,IN-RANGE,0.21743627515815278,0.43029625650623515,0.35226746833561207
14769837,1,BELOW,LogisticRegression,descriptors,IN-RANGE,0.2146876146756032,0.4254548750241749,0.35985751030022184
14769838,1,BELOW,LogisticRegression,descriptors,IN-RANGE,0.3272073055326041,0.4822406709719061,0.1905520234954899
14769843,1,BELOW,LogisticRegression,descriptors,IN-RANGE,0.21080408349326563,0.435843970612025,0.35335194589470925
14769860,1,BELOW,LogisticRegression,descriptors,ABOVE,0.21413161166793293,0.2742568592136146,0.5116115291184524
14769866,1,BELOW,LogisticRegression,descriptors,BELOW,0.520742661464634,0.357683776939147,0.12157356159621895
14769868,1,BELOW,LogisticRegression,descriptors,IN-RANGE,0.15561928915890633,0.43386396405280114,0.41051674678829253
14769869,1,BELOW,LogisticRegression,descriptors,ABOVE,0.32018562330253036,0.3014032665622023,0.3784111101352674
14769874,1,BELOW,LogisticRegression,descriptors,IN-RANGE,0.21389402859386208,0.43824433676301267,0.3478616346431252
14769875,1,BELOW,LogisticRegression,descriptors,IN-RANGE,0.3455267973971352,0.47919878492488677,0.175274417677978
14769876,1,BELOW,LogisticRegression,descriptors,BELOW,0.49905980594537463,0.3708475202613638,0.13009267379326153
14769879,1,BELOW,LogisticRegression,descriptors,BELOW,0.5133931370173652,0.33447993017770383,0.15212693280493103
14769883,1,BELOW,LogisticRegression,descriptors,BELOW,0.49239022421879747,0.2512742148386651,0.25633556094253745
14758731,1,BELOW,RandomForestClassifier,descriptors,IN-RANGE,0.4355014568397121,0.43987925637869785,0.1246192867815899
14758735,1,BELOW,RandomForestClassifier,descriptors,IN-RANGE,0.32538301832563277,0.5366861881207154,0.13793079355365157
14758738,1,BELOW,RandomForestClassifier,descriptors,IN-RANGE,0.313687691162268,0.5080558556702801,0.17825645316745173
14758743,1,BELOW,RandomForestClassifier,descriptors,IN-RANGE,0.3300626872249288,0.449863677993523,0.22007363478154798
14758749,1,BELOW,RandomForestClassifier,descriptors,IN-RANGE,0.41136276407994243,0.48327040934525045,0.1053668265748072
14758756,1,BELOW,RandomForestClassifier,descriptors,BELOW,0.4726754190299425,0.39018062719317775,0.13714395377687982
14758767,1,BELOW,RandomForestClassifier,descriptors,BELOW,0.829260352565373,0.11084792348423647,0.05989172395039029
14758775,1,BELOW,RandomForestClassifier,descriptors,BELOW,0.829260352565373,0.11084792348423647,0.05989172395039029
14758786,1,BELOW,RandomForestClassifier,descriptors,IN-RANGE,0.16848564257692802,0.7097040321515057,0.12181032527156638
14758788,1,BELOW,RandomForestClassifier,descriptors,BELOW,0.829260352565373,0.11084792348423647,0.05989172395039029
14758789,1,BELOW,RandomForestClassifier,descriptors,IN-RANGE,0.2669847637093319,0.5784975027918859,0.1545177334987823
14758797,1,BELOW,RandomForestClassifier,descriptors,BELOW,0.6066501867519071,0.34826108550421353,0.045088727743879245
14758807,1,BELOW,RandomForestClassifier,descriptors,ABOVE,0.34307157979546204,0.23240110899863406,0.42452731120590387
14758812,1,BELOW,RandomForestClassifier,descriptors,BELOW,0.5423288643045187,0.34194030388776114,0.11573083180772006
14758813,1,BELOW,RandomForestClassifier,descriptors,BELOW,0.41790505431200947,0.39145344268461246,0.19064150300337818
14758814,1,BELOW,RandomForestClassifier,descriptors,BELOW,0.6257896258208641,0.3330905688121159,0.04111980536702
14758825,1,BELOW,RandomForestClassifier,descriptors,BELOW,0.536503430171539,0.39994568951436016,0.0635508803141009
14758826,1,BELOW,RandomForestClassifier,descriptors,BELOW,0.5423288643045187,0.34194030388776114,0.11573083180772006
14758838,1,BELOW,RandomForestClassifier,descriptors,BELOW,0.5847040932958687,0.3212918917524732,0.09400401495165807
14758840,1,BELOW,RandomForestClassifier,descriptors,BELOW,0.5887295017207989,0.3265458621644893,0.08472463611471176
14758845,1,BELOW,RandomForestClassifier,descriptors,IN-RANGE,0.25264402619010184,0.5559245594159493,0.19143141439394884
14758846,1,BELOW,RandomForestClassifier,descriptors,BELOW,0.6655145559731247,0.26355560667257866,0.07092983735429657
14758849,1,BELOW,RandomForestClassifier,descriptors,BELOW,0.5887295017207989,0.3265458621644893,0.08472463611471176
14758863,1,BELOW,RandomForestClassifier,descriptors,BELOW,0.37988413311049746,0.3447327942207103,0.2753830726687923
14758874,1,BELOW,RandomForestClassifier,descriptors,IN-RANGE,0.21604295591434097,0.5070798581557533,0.2768771859299057
14758876,1,BELOW,RandomForestClassifier,descriptors,IN-RANGE,0.22001581124451502,0.4807944029812572,0.2991897857742277
14758885,1,BELOW,RandomForestClassifier,descriptors,BELOW,0.4038218375656142,0.3453318784713375,0.2508462839630483
14758886,1,BELOW,RandomForestClassifier,descriptors,BELOW,0.521631512343689,0.2860448623581073,0.1923236252982037
14758888,1,BELOW,RandomForestClassifier,descriptors,IN-RANGE,0.25936835427851085,0.5513584197403645,0.1892732259811245
14758890,1,BELOW,RandomForestClassifier,descriptors,IN-RANGE,0.27429729894578886,0.5524462478867592,0.17325645316745175
14758891,1,BELOW,RandomForestClassifier,descriptors,IN-RANGE,0.27429729894578886,0.5524462478867592,0.17325645316745175
14758893,1,BELOW,RandomForestClassifier,descriptors,IN-RANGE,0.34834678207135894,0.5057181933326177,0.1459350245960232
14758898,1,BELOW,RandomForestClassifier,descriptors,IN-RANGE,0.2803993025031045,0.5863682450956449,0.13323245240125034
14758900,1,BELOW,RandomForestClassifier,descriptors,IN-RANGE,0.29871451989440884,0.5580530277043405,0.14323245240125038
14758913,1,BELOW,RandomForestClassifier,descriptors,IN-RANGE,0.09625468743947005,0.7292226947879121,0.17452261777261774
14758919,1,BELOW,RandomForestClassifier,descriptors,IN-RANGE,0.33337629078644737,0.47889810228004703,0.18772560693350548
14758923,1,BELOW,RandomForestClassifier,descriptors,ABOVE,0.11906146182520592,0.4315312699875182,0.44940726818727583
14758945,1,IN-RANGE,RandomForestClassifier,descriptors,BELOW,0.500025900425014,0.3384860077027257,0.16148809187226015
14758956,1,IN-RANGE,RandomForestClassifier,descriptors,IN-RANGE,0.28490387303705744,0.5627766371691612,0.15231948979378135
14758961,1,IN-RANGE,RandomForestClassifier,descriptors,BELOW,0.5057603120909163,0.48192615012858797,0.012313537780495678
14758962,1,IN-RANGE,RandomForestClassifier,descriptors,IN-RANGE,0.3529132029420776,0.3712968768404392,0.2757899202174832
14758970,1,IN-RANGE,RandomForestClassifier,descriptors,IN-RANGE,0.3370234214404566,0.533880986152244,0.12909559240729926
14758978,1,IN-RANGE,RandomForestClassifier,descriptors,IN-RANGE,0.34834678207135894,0.5057181933326177,0.1459350245960232
14758979,1,IN-RANGE,RandomForestClassifier,descriptors,BELOW,0.547565371340381,0.3549151959818449,0.097519432677774
14758984,1,IN-RANGE,RandomForestClassifier,descriptors,BELOW,0.7391072615156428,0.22323598683022505,0.03765675165413193
14758988,1,IN-RANGE,RandomForestClassifier,descriptors,BELOW,0.36333705683324685,0.3580782759861964,0.2785846671805568
14758989,1,IN-RANGE,RandomForestClassifier,descriptors,IN-RANGE,0.22743487035626292,0.6473491489116932,0.12521598073204376
14758991,1,IN-RANGE,RandomForestClassifier,descriptors,BELOW,0.5819190791512481,0.2638812998858992,0.15419962096285256
14759000,1,IN-RANGE,RandomForestClassifier,descriptors,IN-RANGE,0.43839258090058075,0.507680020043422,0.053927399055997235
14759795,1,IN-RANGE,RandomForestClassifier,descriptors,IN-RANGE,0.35341674723888117,0.5187641472518701,0.1278191055092485
14759809,1,IN-RANGE,RandomForestClassifier,descriptors,BELOW,0.5114796830656662,0.44680126986370383,0.04171904707063009
14759813,1,IN-RANGE,RandomForestClassifier,descriptors,IN-RANGE,0.37275223884021197,0.4761710304772363,0.15107673068255184
14759817,1,IN-RANGE,RandomForestClassifier,descriptors,IN-RANGE,0.17774674178850045,0.7110322622530145,0.111220995958485
14759818,1,IN-RANGE,RandomForestClassifier,descriptors,IN-RANGE,0.16006583334692176,0.5037591166070594,0.33617505004601883
14759819,1,IN-RANGE,RandomForestClassifier,descriptors,BELOW,0.5887295017207989,0.3265458621644893,0.08472463611471176
14759821,1,IN-RANGE,RandomForestClassifier,descriptors,IN-RANGE,0.4058000925417043,0.4713621712359919,0.12283773622230396
14759823,1,IN-RANGE,RandomForestClassifier,descriptors,BELOW,0.5638877908964531,0.280477115152672,0.15563509395087466
14759837,1,IN-RANGE,RandomForestClassifier,descriptors,IN-RANGE,0.4783658740346802,0.48934347555881574,0.032290650406504064
14759846,1,IN-RANGE,RandomForestClassifier,descriptors,BELOW,0.45827704791895413,0.2558541953705025,0.28586875671054346
14759854,1,IN-RANGE,RandomForestClassifier,descriptors,BELOW,0.6761143568451979,0.31160614787404695,0.01227949528075508
14759863,1,IN-RANGE,RandomForestClassifier,descriptors,IN-RANGE,0.2930989712557121,0.40643865028142406,0.3004623784628637
14759876,1,IN-RANGE,RandomForestClassifier,descriptors,IN-RANGE,0.30202881538962867,0.4412280671149842,0.256743117495387
14759891,1,IN-RANGE,RandomForestClassifier,descriptors,BELOW,0.4038218375656142,0.3453318784713375,0.2508462839630483
14759892,1,IN-RANGE,RandomForestClassifier,descriptors,BELOW,0.6612121212121213,0.2887878787878788,0.05
14759893,1,IN-RANGE,RandomForestClassifier,descriptors,IN-RANGE,0.3281226470616627,0.4819661924819114,0.18991116045642575
14759902,1,IN-RANGE,RandomForestClassifier,descriptors,IN-RANGE,0.04168271553733694,0.5373076307168616,0.4210096537458014
14759903,1,IN-RANGE,RandomForestClassifier,descriptors,IN-RANGE,0.2651885080229441,0.6482905046573967,0.08652098731965907
14759904,1,IN-RANGE,RandomForestClassifier,descriptors,BELOW,0.521631512343689,0.2860448623581073,0.1923236252982037
14759934,1,IN-RANGE,RandomForestClassifier,descriptors,BELOW,0.6060424907381221,0.32499831716260985,0.06895919209926776
14759943,1,IN-RANGE,RandomForestClassifier,descriptors,IN-RANGE,0.23840477557868858,0.5676701078711949,0.19392511655011657
14759966,1,IN-RANGE,RandomForestClassifier,descriptors,IN-RANGE,0.2943817299782723,0.6110290316663988,0.09458923835532883
14759968,1,IN-RANGE,RandomForestClassifier,descriptors,BELOW,0.4988817838231221,0.39943917668081874,0.10167903949605912
14759983,1,IN-RANGE,RandomForestClassifier,descriptors,IN-RANGE,0.38915422737477184,0.46910716673050873,0.14173860589471937
14759997,1,IN-RANGE,RandomForestClassifier,descriptors,IN-RANGE,0.28369548205629536,0.437101082988,0.27920343495570454
14760001,1,IN-RANGE,RandomForestClassifier,descriptors,BELOW,0.622848743603013,0.34762563969869475,0.02952561669829222
14760002,1,IN-RANGE,RandomForestClassifier,descriptors,BELOW,0.4764123794695368,0.4162534141415419,0.10733420638892145
14760003,1,IN-RANGE,RandomForestClassifier,descriptors,IN-RANGE,0.02335014005602241,0.5692230314347961,0.4074268285091815
14760009,1,IN-RANGE,RandomForestClassifier,descriptors,ABOVE,0.15360239093560926,0.25543900521726015,0.5909586038471306
14760034,1,IN-RANGE,RandomForestClassifier,descriptors,BELOW,0.4767718061092138,0.43152225947904577,0.09170593441174034
14760037,1,IN-RANGE,RandomForestClassifier,descriptors,BELOW,0.521631512343689,0.2860448623581073,0.1923236252982037
14761125,1,IN-RANGE,RandomForestClassifier,descriptors,BELOW,0.5887295017207989,0.3265458621644893,0.08472463611471176
14761126,1,IN-RANGE,RandomForestClassifier,descriptors,IN-RANGE,0.32657297554307135,0.483562189699214,0.1898648347577145
14761127,1,IN-RANGE,RandomForestClassifier,descriptors,IN-RANGE,0.34834678207135894,0.5057181933326177,0.1459350245960232
14761134,1,IN-RANGE,RandomForestClassifier,descriptors,IN-RANGE,0.17994588468763442,0.7493863215329877,0.07066779377937764
14761136,1,IN-RANGE,RandomForestClassifier,descriptors,IN-RANGE,0.4052407753513191,0.5684226511799652,0.02633657346871583
14761139,1,IN-RANGE,RandomForestClassifier,descriptors,BELOW,0.407884492382227,0.31744832797369266,0.2746671796440804
14761157,1,IN-RANGE,RandomForestClassifier,descriptors,IN-RANGE,0.2181586653858887,0.6959099013265154,0.08593143328759557
14761176,1,IN-RANGE,RandomForestClassifier,descriptors,IN-RANGE,0.29344715711338387,0.5581915413257988,0.14836130156081748
14761181,1,IN-RANGE,RandomForestClassifier,descriptors,IN-RANGE,0.2124188390695677,0.6806910464205974,0.10689011450983488
14761236,1,IN-RANGE,RandomForestClassifier,descriptors,BELOW,0.5230700592829358,0.38806002056950106,0.08886992014756298
14761250,1,IN-RANGE,RandomForestClassifier,descriptors,IN-RANGE,0.25730513143142547,0.5352278392450012,0.2074670293235733
14761271,1,IN-RANGE,RandomForestClassifier,descriptors,BELOW,0.5439015044541204,0.33782806882980054,0.11827042671607893
14761272,1,IN-RANGE,RandomForestClassifier,descriptors,IN-RANGE,0.23367569904300325,0.6834793048429758,0.08284499611402091
14761273,1,IN-RANGE,RandomForestClassifier,descriptors,IN-RANGE,0.13123151822464837,0.5351971037007969,0.3335713780745546
14761280,1,IN-RANGE,RandomForestClassifier,descriptors,IN-RANGE,0.24205907385042275,0.5328932829664229,0.22504764318315437
14761281,1,IN-RANGE,RandomForestClassifier,descriptors,IN-RANGE,0.278924958229706,0.5785110567364986,0.14256398503379533
14761284,1,IN-RANGE,RandomForestClassifier,descriptors,BELOW,0.5063902424365927,0.3875534036254773,0.10605635393792978
14761292,1,IN-RANGE,RandomForestClassifier,descriptors,IN-RANGE,0.3097609724969125,0.3842266518223748,0.3060123756807125
14761312,1,IN-RANGE,RandomForestClassifier,descriptors,IN-RANGE,0.44207076455369915,0.46654236221419515,0.09138687323210577
14761314,1,IN-RANGE,RandomForestClassifier,descriptors,BELOW,0.407884492382227,0.31744832797369266,0.2746671796440804
14761367,1,IN-RANGE,RandomForestClassifier,descriptors,IN-RANGE,0.41193647155675966,0.5320451864693116,0.05601834197392847
14761385,1,IN-RANGE,RandomForestClassifier,descriptors,IN-RANGE,0.07975822341118227,0.7322408506426653,0.1880009259461524
14762232,1,IN-RANGE,RandomForestClassifier,descriptors,IN-RANGE,0.3102451734833093,0.6491955846097767,0.04055924190691394
14762237,1,IN-RANGE,RandomForestClassifier,descriptors,IN-RANGE,0.2803993025031045,0.5863682450956449,0.13323245240125034
14762270,1,IN-RANGE,RandomForestClassifier,descriptors,IN-RANGE,0.23275122236416884,0.6160462815905227,0.15120249604530867
14762294,1,IN-RANGE,RandomForestClassifier,descriptors,IN-RANGE,0.18991243287030804,0.7087184759159176,0.10136909121377428
14762305,1,IN-RANGE,RandomForestClassifier,descriptors,IN-RANGE,0.16507580948343345,0.7807769068143533,0.05414728370221328
14762329,1,IN-RANGE,RandomForestClassifier,descriptors,IN-RANGE,0.3427601192528305,0.5580344128976769,0.09920546784949265
14762330,1,IN-RANGE,RandomForestClassifier,descriptors,ABOVE,0.06802631150698116,0.17836336436302416,0.7536103241299947
14762332,1,IN-RANGE,RandomForestClassifier,descriptors,IN-RANGE,0.3629165439823334,0.5067765918292233,0.13030686418844314
14762354,1,IN-RANGE,RandomForestClassifier,descriptors,BELOW,0.5661329675726733,0.37357184265923893,0.06029518976808777
14762363,1,IN-RANGE,RandomForestClassifier,descriptors,IN-RANGE,0.02635014005602241,0.5888896981014627,0.38476016184251477
14762372,1,IN-RANGE,RandomForestClassifier,descriptors,IN-RANGE,0.28644802079640785,0.4738412548025452,0.23971072440104702
14762436,1,IN-RANGE,RandomForestClassifier,descriptors,BELOW,0.7361778611000098,0.22004615538318578,0.0437759835168043
14762449,1,IN-RANGE,RandomForestClassifier,descriptors,IN-RANGE,0.16765876064987942,0.7288833610242896,0.10345787832583095
14762450,1,IN-RANGE,RandomForestClassifier,descriptors,BELOW,0.5079936704913918,0.4432037696936016,0.048802559815006655
14762454,1,IN-RANGE,RandomForestClassifier,descriptors,IN-RANGE,0.1725844962984259,0.673076105140408,0.154339398561166
14762455,1,IN-RANGE,RandomForestClassifier,descriptors,IN-RANGE,0.02759109025530237,0.8603710732030249,0.11203783654167297
14762461,1,IN-RANGE,RandomForestClassifier,descriptors,IN-RANGE,0.2502166229548031,0.6435726121187761,0.10621076492642058
14763250,1,IN-RANGE,RandomForestClassifier,descriptors,IN-RANGE,0.3829524563423735,0.4191982559075711,0.19784928775005528
14763264,1,IN-RANGE,RandomForestClassifier,descriptors,BELOW,0.5308873937558957,0.3931004097115875,0.07601219653251708
14763272,1,IN-RANGE,RandomForestClassifier,descriptors,BELOW,0.45741044731546177,0.4533510672610433,0.08923848542349493
14763286,1,IN-RANGE,RandomForestClassifier,descriptors,IN-RANGE,0.20790605108362228,0.5921751563481529,0.19991879256822476
14763289,1,IN-RANGE,RandomForestClassifier,descriptors,IN-RANGE,0.2608245090734157,0.549047385504717,0.1901281054218673
14763302,1,IN-RANGE,RandomForestClassifier,descriptors,IN-RANGE,0.3614297158569304,0.529015435348042,0.10955484879502755
14763310,1,IN-RANGE,RandomForestClassifier,descriptors,IN-RANGE,0.18371878571148798,0.6656925665092834,0.15058864777922845
14763349,1,IN-RANGE,RandomForestClassifier,descriptors,IN-RANGE,0.13551536096578312,0.7662214686160078,0.09826317041820903
14763350,1,IN-RANGE,RandomForestClassifier,descriptors,IN-RANGE,0.12338344775943241,0.7766154631513331,0.10000108908923451
14763358,1,IN-RANGE,RandomForestClassifier,descriptors,BELOW,0.47626920985349885,0.4748270919936592,0.0489036981528419
14763367,1,IN-RANGE,RandomForestClassifier,descriptors,ABOVE,0.11567619047619047,0.41109880952380956,0.47322500000000006
14763395,1,IN-RANGE,RandomForestClassifier,descriptors,BELOW,0.48299032042373,0.3575834004583483,0.15942627911792168
14763410,1,IN-RANGE,RandomForestClassifier,descriptors,IN-RANGE,0.21408268399472952,0.717458465567005,0.06845885043826555
14763420,1,IN-RANGE,RandomForestClassifier,descriptors,IN-RANGE,0.32766954916693203,0.4280365769252803,0.24429387390778765
14763425,1,IN-RANGE,RandomForestClassifier,descriptors,BELOW,0.4792257187407617,0.44384488749382034,0.0769293937654179
14763427,1,IN-RANGE,RandomForestClassifier,descriptors,IN-RANGE,0.16523664529260795,0.7365634046537959,0.09819995005359598
14763438,1,IN-RANGE,RandomForestClassifier,descriptors,ABOVE,0.32124427399717775,0.33935508365979755,0.33940064234302464
14763458,1,IN-RANGE,RandomForestClassifier,descriptors,BELOW,0.4884825389303796,0.4231160008195498,0.08840146025007055
14763466,1,IN-RANGE,RandomForestClassifier,descriptors,IN-RANGE,0.1368616640818426,0.651972260483915,0.2111660754342424
14763468,1,IN-RANGE,RandomForestClassifier,descriptors,IN-RANGE,0.04052703737486346,0.94497164510208,0.014501317523056653
14763469,1,IN-RANGE,RandomForestClassifier,descriptors,IN-RANGE,0.03721196519363451,0.6412924931351769,0.32149554167118866
14763499,1,IN-RANGE,RandomForestClassifier,descriptors,IN-RANGE,0.3277603302950353,0.5021995296040793,0.17004014010088525
14763500,1,IN-RANGE,RandomForestClassifier,descriptors,IN-RANGE,0.2415119359768012,0.6812104061912563,0.07727765783194245
14764289,1,IN-RANGE,RandomForestClassifier,descriptors,IN-RANGE,0.22928940872606732,0.44052856604227764,0.3301820252316549
14764308,1,IN-RANGE,RandomForestClassifier,descriptors,IN-RANGE,0.22057934613521457,0.5559403730047223,0.2234802808600632
14764315,1,IN-RANGE,RandomForestClassifier,descriptors,IN-RANGE,0.18902620716927573,0.5199454568316223,0.29102833599910183
14764317,1,IN-RANGE,RandomForestClassifier,descriptors,ABOVE,0.015236996407752588,0.3158762697209971,0.6688867338712502
14764321,1,IN-RANGE,RandomForestClassifier,descriptors,IN-RANGE,0.44700663038461075,0.48392453928499485,0.06906883033039439
14764333,1,IN-RANGE,RandomForestClassifier,descriptors,IN-RANGE,0.0469053905087923,0.7786231345640524,0.1744714749271553
14764347,1,IN-RANGE,RandomForestClassifier,descriptors,IN-RANGE,0.10356560975767883,0.5625930122418232,0.33384137800049807
14764348,1,IN-RANGE,RandomForestClassifier,descriptors,BELOW,0.5070903234041544,0.43613162938015226,0.056778047215693454
14764358,1,IN-RANGE,RandomForestClassifier,descriptors,IN-RANGE,0.04547833607616216,0.9351617605421955,0.01935990338164251
14764364,1,IN-RANGE,RandomForestClassifier,descriptors,BELOW,0.503686539625618,0.4890306658554846,0.007282794518897581
14764365,1,IN-RANGE,RandomForestClassifier,descriptors,IN-RANGE,0.048175869107901594,0.9018064660297505,0.050017664862347946
14764366,1,IN-RANGE,RandomForestClassifier,descriptors,BELOW,0.5120978166644019,0.432852251103678,0.055049932231920035
14764375,1,IN-RANGE,RandomForestClassifier,descriptors,IN-RANGE,0.3413841734035683,0.5854673164840797,0.07314851011235196
14764383,1,IN-RANGE,RandomForestClassifier,descriptors,IN-RANGE,0.0580673472963268,0.8982965670673893,0.04363608563628375
14764385,1,IN-RANGE,RandomForestClassifier,descriptors,IN-RANGE,0.19283299321017836,0.7080370537902922,0.09912995299952918
14764404,1,IN-RANGE,RandomForestClassifier,descriptors,IN-RANGE,0.31036636685812363,0.525076917952534,0.1645567151893423
14764429,1,IN-RANGE,RandomForestClassifier,descriptors,IN-RANGE,0.15638803925779843,0.4697098782324356,0.373902082509766
14764447,1,IN-RANGE,RandomForestClassifier,descriptors,IN-RANGE,0.15711904761904763,0.70003373015873,0.1428472222222222
14764469,1,IN-RANGE,RandomForestClassifier,descriptors,IN-RANGE,0.18901136375701594,0.6222246203072291,0.18876401593575504
14764484,1,IN-RANGE,RandomForestClassifier,descriptors,ABOVE,0.15868791596840573,0.28575087392493276,0.5555612101066615
14764494,1,IN-RANGE,RandomForestClassifier,descriptors,IN-RANGE,0.22419645867394145,0.6876745099708956,0.08812903135516269
14764495,1,IN-RANGE,RandomForestClassifier,descriptors,IN-RANGE,0.04052703737486346,0.94497164510208,0.014501317523056653
14764506,1,IN-RANGE,RandomForestClassifier,descriptors,IN-RANGE,0.27229410020755823,0.4250000661514725,0.3027058336409693
14764524,1,IN-RANGE,RandomForestClassifier,descriptors,IN-RANGE,0.3531453012785038,0.5773850502251687,0.06946964849632738
14764532,1,IN-RANGE,RandomForestClassifier,descriptors,IN-RANGE,0.2547162265134772,0.5491622165896399,0.19612155689688296
14765326,1,IN-RANGE,RandomForestClassifier,descriptors,IN-RANGE,0.1131359654837916,0.4966411378476597,0.39022289666854887
14765327,1,IN-RANGE,RandomForestClassifier,descriptors,IN-RANGE,0.36274888439185277,0.525521105581048,0.11173001002709913
14765328,1,IN-RANGE,RandomForestClassifier,descriptors,BELOW,0.5686770488904124,0.2175711104175437,0.2137518406920439
14765329,1,IN-RANGE,RandomForestClassifier,descriptors,IN-RANGE,0.2890347034727469,0.6652092179369404,0.045756078590312645
14765372,1,IN-RANGE,RandomForestClassifier,descriptors,IN-RANGE,0.37147918903652366,0.5123001152576212,0.11622069570585512
14765404,1,IN-RANGE,RandomForestClassifier,descriptors,BELOW,0.40082533896569117,0.3861146936653052,0.21305996736900368
14765430,1,IN-RANGE,RandomForestClassifier,descriptors,IN-RANGE,0.13730536921372458,0.6517341631095236,0.21096046767675172
14765433,1,IN-RANGE,RandomForestClassifier,descriptors,IN-RANGE,0.2856691778430909,0.5114385061395931,0.20289231601731605
14765446,1,IN-RANGE,RandomForestClassifier,descriptors,IN-RANGE,0.1772756356628898,0.6079421150709714,0.21478224926613895
14765447,1,IN-RANGE,RandomForestClassifier,descriptors,IN-RANGE,0.0274746223848391,0.9387759014291522,0.033749476186008695
14765456,1,IN-RANGE,RandomForestClassifier,descriptors,IN-RANGE,0.1393742776819017,0.822260256797703,0.038365465520395096
14765465,1,IN-RANGE,RandomForestClassifier,descriptors,IN-RANGE,0.2241015370229296,0.6416824822450264,0.13421598073204374
14765485,1,IN-RANGE,RandomForestClassifier,descriptors,BELOW,0.3716820769363464,0.2622367508098058,0.3660811722538478
14765488,1,IN-RANGE,RandomForestClassifier,descriptors,IN-RANGE,0.14052713949175713,0.6325937710676725,0.2268790894405704
14765493,1,IN-RANGE,RandomForestClassifier,descriptors,IN-RANGE,0.26888384538334004,0.40454205496078155,0.32657409965587836
14765516,1,IN-RANGE,RandomForestClassifier,descriptors,IN-RANGE,0.2400203243869622,0.6771164247002652,0.08286325091277284
14766486,1,ABOVE,RandomForestClassifier,descriptors,ABOVE,0.32181755641177523,0.32590404604840295,0.3522783975398218
14766488,1,ABOVE,RandomForestClassifier,descriptors,IN-RANGE,0.2604132392022161,0.5554711243235607,0.18411563647422302
14766498,1,ABOVE,RandomForestClassifier,descriptors,IN-RANGE,0.09685229895505235,0.47275750333449457,0.43039019771045306
14766499,1,ABOVE,RandomForestClassifier,descriptors,IN-RANGE,0.1381233096748625,0.6819395738318557,0.17993711649328173
14766504,1,ABOVE,RandomForestClassifier,descriptors,IN-RANGE,0.2245876550248811,0.5853468997981233,0.19006544517699578
14766511,1,ABOVE,RandomForestClassifier,descriptors,IN-RANGE,0.26416426390903736,0.6106946294878162,0.12514110660314656
14766517,1,ABOVE,RandomForestClassifier,descriptors,IN-RANGE,0.29066097598683754,0.38187124998405364,0.32746777402910887
14766518,1,ABOVE,RandomForestClassifier,descriptors,IN-RANGE,0.28486775296905814,0.42085807359626703,0.2942741734346748
14766541,1,ABOVE,RandomForestClassifier,descriptors,IN-RANGE,0.17846600236657303,0.6467623541370654,0.17477164349636162
14766543,1,ABOVE,RandomForestClassifier,descriptors,BELOW,0.4822956369141954,0.42035576528839513,0.09734859779740951
14766544,1,ABOVE,RandomForestClassifier,descriptors,IN-RANGE,0.25317278862588244,0.3757913244473303,0.3710358869267873
14766549,1,ABOVE,RandomForestClassifier,descriptors,IN-RANGE,0.07726244496664235,0.50037433917,0.4223632158633577
14766554,1,ABOVE,RandomForestClassifier,descriptors,BELOW,0.42927498031631744,0.22544704330315293,0.3452779763805301
14766556,1,ABOVE,RandomForestClassifier,descriptors,IN-RANGE,0.2754313689740242,0.5086125008120194,0.21595613021395654
14766563,1,ABOVE,RandomForestClassifier,descriptors,IN-RANGE,0.23459954593663299,0.5472341528468313,0.21816630121653574
14766567,1,ABOVE,RandomForestClassifier,descriptors,BELOW,0.3874786472802695,0.29968148510374826,0.3128398676159822
14766569,1,ABOVE,RandomForestClassifier,descriptors,IN-RANGE,0.08041773091773091,0.6527475263001579,0.26683474278211117
14769818,1,BELOW,RandomForestClassifier,descriptors,IN-RANGE,0.24748399545498498,0.4585076233947564,0.2940083811502584
14769820,1,BELOW,RandomForestClassifier,descriptors,IN-RANGE,0.313687691162268,0.5080558556702801,0.17825645316745173
14769823,1,BELOW,RandomForestClassifier,descriptors,IN-RANGE,0.2803993025031045,0.5863682450956449,0.13323245240125034
14769828,1,BELOW,RandomForestClassifier,descriptors,BELOW,0.4038218375656142,0.3453318784713375,0.2508462839630483
14769833,1,BELOW,RandomForestClassifier,descriptors,IN-RANGE,0.3606312652720663,0.4779353568313205,0.16143337789661316
14769836,1,BELOW,RandomForestClassifier,descriptors,IN-RANGE,0.27429729894578886,0.5724462478867592,0.15325645316745176
14769837,1,BELOW,RandomForestClassifier,descriptors,IN-RANGE,0.2982053449228004,0.6066642281823258,0.09513042689487376
14769838,1,BELOW,RandomForestClassifier,descriptors,IN-RANGE,0.17631240282894386,0.6893975154996316,0.13429008167142464
14769843,1,BELOW,RandomForestClassifier,descriptors,IN-RANGE,0.2803993025031045,0.6163682450956449,0.10323245240125034
14769860,1,BELOW,RandomForestClassifier,descriptors,IN-RANGE,0.0876934279968642,0.8197912769701341,0.09251529503300189
14769866,1,BELOW,RandomForestClassifier,descriptors,BELOW,0.48813601796409345,0.4855733316294025,0.026290650406504065
14769868,1,BELOW,RandomForestClassifier,descriptors,IN-RANGE,0.43472026024728566,0.49229446015669026,0.07298527959602409
14769869,1,BELOW,RandomForestClassifier,descriptors,BELOW,0.5936855911922729,0.30316264969360923,0.10315175911411782
14769874,1,BELOW,RandomForestClassifier,descriptors,IN-RANGE,0.2803993025031045,0.6063682450956449,0.11323245240125035
14769875,1,BELOW,RandomForestClassifier,descriptors,IN-RANGE,0.21476351842454813,0.5933343870951046,0.1919020944803473
14769876,1,BELOW,RandomForestClassifier,descriptors,BELOW,0.6996379847351046,0.28493058693881373,0.01543142832608166
14769879,1,BELOW,RandomForestClassifier,descriptors,IN-RANGE,0.37135250666279335,0.5724001658396992,0.05624732749750737
14769883,1,BELOW,RandomForestClassifier,descriptors,BELOW,0.6974366450774463,0.30123982551078926,0.0013235294117647058
14758731,1,BELOW,LogisticRegression,Morgan,IN-RANGE,0.1371934103441492,0.8366492822711685,0.02615730738468239
14758735,1,BELOW,LogisticRegression,Morgan,IN-RANGE,0.014280145884620132,0.9660304593304568,0.019689394784923122
14758738,1,BELOW,LogisticRegression,Morgan,BELOW,0.9444698928668906,0.05117305590288264,0.004357051230226649
14758743,1,BELOW,LogisticRegression,Morgan,IN-RANGE,0.13029306175276636,0.6976309356507019,0.17207600259653164
14758749,1,BELOW,LogisticRegression,Morgan,IN-RANGE,0.4449405398428781,0.549545935903648,0.005513524253473986
14758756,1,BELOW,LogisticRegression,Morgan,BELOW,0.7724347352608356,0.2084748994636314,0.019090365275532883
14758767,1,BELOW,LogisticRegression,Morgan,BELOW,0.9703075305453142,0.028883365260742096,0.000809104193943749
14758775,1,BELOW,LogisticRegression,Morgan,BELOW,0.9806218948381181,0.019252665220292522,0.00012543994158929368
14758786,1,BELOW,LogisticRegression,Morgan,IN-RANGE,0.19619213876391167,0.8018927966258043,0.0019150646102841355
14758788,1,BELOW,LogisticRegression,Morgan,BELOW,0.9773735972644283,0.02166759166258132,0.0009588110729901451
14758789,1,BELOW,LogisticRegression,Morgan,IN-RANGE,0.021807257366583045,0.9668229971773757,0.011369745456041086
14758797,1,BELOW,LogisticRegression,Morgan,BELOW,0.536567376156735,0.46126557844164556,0.0021670454016194884
14758807,1,BELOW,LogisticRegression,Morgan,IN-RANGE,0.08487764074522326,0.7376643943676781,0.17745796488709872
14758812,1,BELOW,LogisticRegression,Morgan,BELOW,0.780382402387177,0.2109211538898855,0.008696443722937377
14758813,1,BELOW,LogisticRegression,Morgan,IN-RANGE,0.109189667138393,0.8689539561588379,0.021856376702769163
14758814,1,BELOW,LogisticRegression,Morgan,IN-RANGE,0.4201370924807734,0.5776246770965079,0.0022382304227187514
14758825,1,BELOW,LogisticRegression,Morgan,IN-RANGE,0.02372295979424381,0.9728051483730087,0.003471891832747482
14758826,1,BELOW,LogisticRegression,Morgan,BELOW,0.6986257013475896,0.2910579131945659,0.010316385457844544
14758838,1,BELOW,LogisticRegression,Morgan,BELOW,0.5209843876761767,0.38367491209954463,0.09534070022427865
14758840,1,BELOW,LogisticRegression,Morgan,IN-RANGE,0.4245116559490825,0.4999524982602287,0.0755358457906887
14758845,1,BELOW,LogisticRegression,Morgan,BELOW,0.836469650196566,0.1415708900907733,0.02195945971266073
14758846,1,BELOW,LogisticRegression,Morgan,BELOW,0.7021112724514318,0.2946133865768098,0.0032753409717584192
14758849,1,BELOW,LogisticRegression,Morgan,IN-RANGE,0.4011704162802003,0.5746878849597729,0.024141698760026857
14758863,1,BELOW,LogisticRegression,Morgan,IN-RANGE,0.19287705883616482,0.8014078854506601,0.005715055713175135
14758874,1,BELOW,LogisticRegression,Morgan,BELOW,0.9920103438120946,0.007542076857886092,0.00044757933001924916
14758876,1,BELOW,LogisticRegression,Morgan,BELOW,0.954928177320198,0.04413948188051695,0.0009323407992850387
14758885,1,BELOW,LogisticRegression,Morgan,BELOW,0.9808252987318942,0.014466641938770316,0.004708059329335473
14758886,1,BELOW,LogisticRegression,Morgan,BELOW,0.9288763400809209,0.07034089905458298,0.0007827608644961423
14758888,1,BELOW,LogisticRegression,Morgan,IN-RANGE,0.002789039729379214,0.9878400755522342,0.009370884718386532
14758890,1,BELOW,LogisticRegression,Morgan,BELOW,0.9748970184311658,0.02470955112943746,0.00039343043939659247
14758891,1,BELOW,LogisticRegression,Morgan,BELOW,0.977870497046964,0.016793814445013648,0.005335688508022447
14758893,1,BELOW,LogisticRegression,Morgan,BELOW,0.993404445386394,0.006425631129721479,0.00016992348388441257
14758898,1,BELOW,LogisticRegression,Morgan,BELOW,0.7325869572695669,0.18082515785847667,0.0865878848719563
14758900,1,BELOW,LogisticRegression,Morgan,BELOW,0.8762539162799468,0.12229167569713267,0.0014544080229205885
14758913,1,BELOW,LogisticRegression,Morgan,IN-RANGE,0.03571178593236827,0.9632401822912303,0.0010480317764015464
14758919,1,BELOW,LogisticRegression,Morgan,IN-RANGE,0.027505737069782182,0.9551923928446852,0.017301870085532862
14758923,1,BELOW,LogisticRegression,Morgan,IN-RANGE,0.42379736767701576,0.43892537661147984,0.13727725571150434
14758945,1,IN-RANGE,LogisticRegression,Morgan,IN-RANGE,0.4551307418146881,0.5341896720406298,0.010679586144682101
14758956,1,IN-RANGE,LogisticRegression,Morgan,IN-RANGE,0.0061027788994206895,0.9783214429563618,0.015575778144217463
14758961,1,IN-RANGE,LogisticRegression,Morgan,IN-RANGE,0.2698098880941301,0.717981341672603,0.01220877023326699
14758962,1,IN-RANGE,LogisticRegression,Morgan,IN-RANGE,0.36071142596513606,0.5004716780759216,0.13881689595894234
14758970,1,IN-RANGE,LogisticRegression,Morgan,IN-RANGE,0.1426832643786422,0.8083469205971175,0.048969815024240346
14758978,1,IN-RANGE,LogisticRegression,Morgan,BELOW,0.9212961756001681,0.0688204374486621,0.009883386951169809
14758979,1,IN-RANGE,LogisticRegression,Morgan,BELOW,0.6066129993662752,0.3920955511687213,0.0012914494650034818
14758984,1,IN-RANGE,LogisticRegression,Morgan,BELOW,0.5755532251195177,0.34800757454190434,0.07643920033857791
14758988,1,IN-RANGE,LogisticRegression,Morgan,BELOW,0.9454383213988572,0.05195144576205478,0.00261023283908794
14758989,1,IN-RANGE,LogisticRegression,Morgan,IN-RANGE,0.007565973273849696,0.9674404184457492,0.024993608280401036
14758991,1,IN-RANGE,LogisticRegression,Morgan,BELOW,0.8250585323299988,0.04104170222411544,0.13389976544588594
14759000,1,IN-RANGE,LogisticRegression,Morgan,IN-RANGE,0.05866346686383779,0.9298779822725363,0.011458550863625919
14759795,1,IN-RANGE,LogisticRegression,Morgan,IN-RANGE,0.3022521056712141,0.6897439415311568,0.008003952797629079
14759809,1,IN-RANGE,LogisticRegression,Morgan,IN-RANGE,0.1647685800870697,0.5378801042759724,0.2973513156369579
14759813,1,IN-RANGE,LogisticRegression,Morgan,IN-RANGE,0.34036277843185403,0.6500752562882476,0.009561965279898325
14759817,1,IN-RANGE,LogisticRegression,Morgan,IN-RANGE,0.004000348332353126,0.9953578880774274,0.0006417635902193084
14759818,1,IN-RANGE,LogisticRegression,Morgan,IN-RANGE,0.16799936467066065,0.8312673155635912,0.0007333197657481255
14759819,1,IN-RANGE,LogisticRegression,Morgan,BELOW,0.7294065661201236,0.2508356789666287,0.0197577549132478
14759821,1,IN-RANGE,LogisticRegression,Morgan,BELOW,0.3621867697061087,0.31592545171920805,0.3218877785746832
14759823,1,IN-RANGE,LogisticRegression,Morgan,BELOW,0.8441450987386212,0.14158096126101355,0.01427394000036527
14759837,1,IN-RANGE,LogisticRegression,Morgan,IN-RANGE,0.11654043256405668,0.8792348030799959,0.004224764355947395
14759846,1,IN-RANGE,LogisticRegression,Morgan,IN-RANGE,0.48856067237352063,0.488779465478773,0.022659862147706416
14759854,1,IN-RANGE,LogisticRegression,Morgan,IN-RANGE,0.3433872373070828,0.6536774662640648,0.002935296428852348
14759863,1,IN-RANGE,LogisticRegression,Morgan,BELOW,0.9988230394850742,0.00041959180615774367,0.0007573687087679606
14759876,1,IN-RANGE,LogisticRegression,Morgan,IN-RANGE,0.21077316134529858,0.7619187506107732,0.027308088043928095
14759891,1,IN-RANGE,LogisticRegression,Morgan,BELOW,0.9740644250680053,0.02199850165051504,0.003937073281479832
14759892,1,IN-RANGE,LogisticRegression,Morgan,IN-RANGE,0.4615961879257326,0.5193254521226952,0.019078359951572237
14759893,1,IN-RANGE,LogisticRegression,Morgan,IN-RANGE,0.025949497660303276,0.9542072180418854,0.019843284297811372
14759902,1,IN-RANGE,LogisticRegression,Morgan,IN-RANGE,0.010763191557821102,0.631792975806509,0.3574438326356699
14759903,1,IN-RANGE,LogisticRegression,Morgan,IN-RANGE,0.009127682321628758,0.9850691667125451,0.00580315096582601
14759904,1,IN-RANGE,LogisticRegression,Morgan,BELOW,0.7420559698723932,0.250466109777214,0.007477920350392785
14759934,1,IN-RANGE,LogisticRegression,Morgan,BELOW,0.49978458087550837,0.49305604341031023,0.0071593757141814466
14759943,1,IN-RANGE,LogisticRegression,Morgan,BELOW,0.6219192551799042,0.35643295625171356,0.0216477885683823
14759966,1,IN-RANGE,LogisticRegression,Morgan,IN-RANGE,0.43962316092330567,0.5158703766723122,0.04450646240438226
14759968,1,IN-RANGE,LogisticRegression,Morgan,IN-RANGE,0.30101217524126034,0.6716546358844345,0.027333188874305116
14759983,1,IN-RANGE,LogisticRegression,Morgan,BELOW,0.7964899768394473,0.20328022905821902,0.00022979410233376423
14759997,1,IN-RANGE,LogisticRegression,Morgan,IN-RANGE,0.2611933583960814,0.7262678837003305,0.012538757903588195
14760001,1,IN-RANGE,LogisticRegression,Morgan,BELOW,0.6247829017116027,0.35561857949733733,0.019598518791060036
14760002,1,IN-RANGE,LogisticRegression,Morgan,IN-RANGE,0.04940668625735009,0.9476791866998797,0.0029141270427701835
14760003,1,IN-RANGE,LogisticRegression,Morgan,IN-RANGE,0.20059446304496156,0.5735613461310353,0.22584419082400306
14760009,1,IN-RANGE,LogisticRegression,Morgan,IN-RANGE,0.05717931854083439,0.924377171752635,0.018443509706530577
14760034,1,IN-RANGE,LogisticRegression,Morgan,IN-RANGE,0.2387064890441201,0.7405436869922528,0.02074982396362713
14760037,1,IN-RANGE,LogisticRegression,Morgan,BELOW,0.9775935181393495,0.02117396705661894,0.0012325148040315387
14761125,1,IN-RANGE,LogisticRegression,Morgan,IN-RANGE,0.39736063249297116,0.5915485618872153,0.011090805619813604
14761126,1,IN-RANGE,LogisticRegression,Morgan,BELOW,0.6067736846495211,0.3673961201067802,0.025830195243698555
14761127,1,IN-RANGE,LogisticRegression,Morgan,BELOW,0.946477013253396,0.045468315227062475,0.008054671519541588
14761134,1,IN-RANGE,LogisticRegression,Morgan,IN-RANGE,0.0031704177896023414,0.994314319814072,0.0025152623963256796
14761136,1,IN-RANGE,LogisticRegression,Morgan,IN-RANGE,0.040373062824155724,0.9058231018134345,0.05380383536240969
14761139,1,IN-RANGE,LogisticRegression,Morgan,BELOW,0.9644724005851336,0.03473538746994608,0.0007922119449203317
14761157,1,IN-RANGE,LogisticRegression,Morgan,IN-RANGE,0.011934055667339296,0.9821154116912649,0.005950532641395873
14761176,1,IN-RANGE,LogisticRegression,Morgan,IN-RANGE,0.4413287874745977,0.5441607910849954,0.014510421440406951
14761181,1,IN-RANGE,LogisticRegression,Morgan,BELOW,0.7925265249039455,0.17566925010280637,0.03180422499324829
14761236,1,IN-RANGE,LogisticRegression,Morgan,IN-RANGE,0.19730937422544834,0.7978531647396919,0.004837461034859668
14761250,1,IN-RANGE,LogisticRegression,Morgan,IN-RANGE,0.14783428329703463,0.8398264481314537,0.012339268571511528
14761271,1,IN-RANGE,LogisticRegression,Morgan,BELOW,0.645001328257179,0.3530494707118755,0.001949201030945555
14761272,1,IN-RANGE,LogisticRegression,Morgan,IN-RANGE,0.32996460010555767,0.6238927617091562,0.04614263818528598
14761273,1,IN-RANGE,LogisticRegression,Morgan,IN-RANGE,0.005578030141266677,0.9602664563349885,0.034155513523744754
14761280,1,IN-RANGE,LogisticRegression,Morgan,BELOW,0.6550371215088565,0.3285451514641861,0.0164177270269574
14761281,1,IN-RANGE,LogisticRegression,Morgan,IN-RANGE,0.04350013388142687,0.9515681208746465,0.004931745243926686
14761284,1,IN-RANGE,LogisticRegression,Morgan,IN-RANGE,0.20978430846136248,0.7897742765843776,0.00044141495426005417
14761292,1,IN-RANGE,LogisticRegression,Morgan,IN-RANGE,0.22485256470750636,0.722362732737645,0.05278470255484861
14761312,1,IN-RANGE,LogisticRegression,Morgan,IN-RANGE,0.022519753129006614,0.970052381922659,0.007427864948334386
14761314,1,IN-RANGE,LogisticRegression,Morgan,BELOW,0.9313036825322228,0.06734645046718513,0.0013498670005920154
14761367,1,IN-RANGE,LogisticRegression,Morgan,IN-RANGE,0.22314872887057713,0.7508669889582829,0.025984282171140072
14761385,1,IN-RANGE,LogisticRegression,Morgan,IN-RANGE,0.021296891063007736,0.9656050056284228,0.013098103308569654
14762232,1,IN-RANGE,LogisticRegression,Morgan,IN-RANGE,0.012498466271012481,0.9866892910524959,0.0008122426764915078
14762237,1,IN-RANGE,LogisticRegression,Morgan,BELOW,0.7206127861244733,0.22170724717844292,0.05767996669708383
14762270,1,IN-RANGE,LogisticRegression,Morgan,ABOVE,0.005476095311359035,0.31685882193432,0.6776650827543209
14762294,1,IN-RANGE,LogisticRegression,Morgan,BELOW,0.5240065178952142,0.47262155599312816,0.0033719261116575664
14762305,1,IN-RANGE,LogisticRegression,Morgan,IN-RANGE,0.00949677463005333,0.9701418088792755,0.020361416490671143
14762329,1,IN-RANGE,LogisticRegression,Morgan,IN-RANGE,0.12537151748684763,0.8561043077849271,0.01852417472822541
14762330,1,IN-RANGE,LogisticRegression,Morgan,IN-RANGE,0.007520805897547815,0.9630525624258097,0.02942663167664238
14762332,1,IN-RANGE,LogisticRegression,Morgan,BELOW,0.5483132433564399,0.39017089366477387,0.06151586297878619
14762354,1,IN-RANGE,LogisticRegression,Morgan,IN-RANGE,0.008413661397873473,0.9807436073321352,0.010842731269991513
14762363,1,IN-RANGE,LogisticRegression,Morgan,IN-RANGE,0.28522193168256715,0.586586941969621,0.12819112634781188
14762372,1,IN-RANGE,LogisticRegression,Morgan,IN-RANGE,0.10791611778007613,0.8919050208839399,0.00017886133598412197
14762436,1,IN-RANGE,LogisticRegression,Morgan,ABOVE,0.35393494265197645,0.01908616844180664,0.626978888906217
14762449,1,IN-RANGE,LogisticRegression,Morgan,BELOW,0.5000781759253725,0.45758851003839746,0.042333314036229926
14762450,1,IN-RANGE,LogisticRegression,Morgan,IN-RANGE,0.12718358225647475,0.8684406819150948,0.004375735828430278
14762454,1,IN-RANGE,LogisticRegression,Morgan,IN-RANGE,0.0035431780616600453,0.8979186294666247,0.09853819247171519
14762455,1,IN-RANGE,LogisticRegression,Morgan,IN-RANGE,0.013281037294821371,0.9369340766329715,0.04978488607220709
14762461,1,IN-RANGE,LogisticRegression,Morgan,ABOVE,0.04435413324569812,0.4526894189224397,0.5029564478318622
14763250,1,IN-RANGE,LogisticRegression,Morgan,IN-RANGE,0.06424274179790036,0.9301508964777155,0.005606361724384111
14763264,1,IN-RANGE,LogisticRegression,Morgan,BELOW,0.9479411057785785,0.03646857809117084,0.015590316130250758
14763272,1,IN-RANGE,LogisticRegression,Morgan,IN-RANGE,0.21859169662565475,0.7534309376803078,0.02797736569403749
14763286,1,IN-RANGE,LogisticRegression,Morgan,ABOVE,0.00826102013053147,0.3642836392768417,0.6274553405926268
14763289,1,IN-RANGE,LogisticRegression,Morgan,IN-RANGE,0.06076382266776456,0.8559443711990739,0.08329180613316166
14763302,1,IN-RANGE,LogisticRegression,Morgan,IN-RANGE,0.3269243382150191,0.637976784257013,0.03509887752796797
14763310,1,IN-RANGE,LogisticRegression,Morgan,IN-RANGE,0.11537583102208883,0.8718877319607593,0.012736437017151919
14763349,1,IN-RANGE,LogisticRegression,Morgan,BELOW,0.5215146946070524,0.4670348295097955,0.011450475883152112
14763350,1,IN-RANGE,LogisticRegression,Morgan,IN-RANGE,0.0012746660444969246,0.8624381576434913,0.13628717631201176
14763358,1,IN-RANGE,LogisticRegression,Morgan,IN-RANGE,0.16305458875577816,0.8239997050267498,0.012945706217472135
14763367,1,IN-RANGE,LogisticRegression,Morgan,IN-RANGE,0.10377181881837447,0.7866189774215667,0.10960920376005887
14763395,1,IN-RANGE,LogisticRegression,Morgan,IN-RANGE,0.17630893006165396,0.7822381693280757,0.04145290061027036
14763410,1,IN-RANGE,LogisticRegression,Morgan,IN-RANGE,0.3487446726554317,0.6065755336860453,0.04467979365852301
14763420,1,IN-RANGE,LogisticRegression,Morgan,IN-RANGE,0.009386813665063262,0.9419662666848019,0.04864691965013474
14763425,1,IN-RANGE,LogisticRegression,Morgan,IN-RANGE,0.019105206050446785,0.9760181742168189,0.004876619732734277
14763427,1,IN-RANGE,LogisticRegression,Morgan,IN-RANGE,0.0006365127234587362,0.9941936442301691,0.005169843046372189
14763438,1,IN-RANGE,LogisticRegression,Morgan,BELOW,0.5931606974913811,0.390623385256983,0.016215917251635854
14763458,1,IN-RANGE,LogisticRegression,Morgan,BELOW,0.5916339768194214,0.20174768878335425,0.20661833439722418
14763466,1,IN-RANGE,LogisticRegression,Morgan,BELOW,0.5095566127540715,0.464228896786561,0.026214490459367426
14763468,1,IN-RANGE,LogisticRegression,Morgan,IN-RANGE,0.03419453439629811,0.9536547134863397,0.012150752117362065
14763469,1,IN-RANGE,LogisticRegression,Morgan,ABOVE,0.0014869534953219532,0.24095550135359273,0.7575575451510853
14763499,1,IN-RANGE,LogisticRegression,Morgan,IN-RANGE,0.0060402259446298194,0.9685403529932887,0.02541942106208155
14763500,1,IN-RANGE,LogisticRegression,Morgan,IN-RANGE,0.2862388103575566,0.6350891881758064,0.07867200146663707
14764289,1,IN-RANGE,LogisticRegression,Morgan,IN-RANGE,0.005288973881302673,0.9910868722685561,0.00362415385014133
14764308,1,IN-RANGE,LogisticRegression,Morgan,IN-RANGE,0.018423609247401194,0.9800121875740575,0.001564203178541312
14764315,1,IN-RANGE,LogisticRegression,Morgan,IN-RANGE,0.30629728339653517,0.6829503633293358,0.010752353274129023
14764317,1,IN-RANGE,LogisticRegression,Morgan,ABOVE,0.023728420889708432,0.0509322643905744,0.9253393147197172
14764321,1,IN-RANGE,LogisticRegression,Morgan,IN-RANGE,0.19654129235955242,0.801529626130707,0.001929081509740588
14764333,1,IN-RANGE,LogisticRegression,Morgan,IN-RANGE,0.0008891715039336524,0.9931525860904533,0.0059582424056129684
14764347,1,IN-RANGE,LogisticRegression,Morgan,IN-RANGE,0.05842839104041156,0.9278787229395508,0.013692886020037669
14764348,1,IN-RANGE,LogisticRegression,Morgan,BELOW,0.47599634840072563,0.4389437475949337,0.08505990400434071
14764358,1,IN-RANGE,LogisticRegression,Morgan,IN-RANGE,0.002839995548768886,0.9899425626554337,0.007217441795797418
14764364,1,IN-RANGE,LogisticRegression,Morgan,IN-RANGE,0.23476243255499651,0.7610722356623749,0.004165331782628715
14764365,1,IN-RANGE,LogisticRegression,Morgan,IN-RANGE,0.004508181478427918,0.9408980346342064,0.05459378388736585
14764366,1,IN-RANGE,LogisticRegression,Morgan,BELOW,0.5601398194662255,0.4363324856294286,0.0035276949043459077
14764375,1,IN-RANGE,LogisticRegression,Morgan,IN-RANGE,0.024483069131551332,0.9397125128831512,0.03580441798529754
14764383,1,IN-RANGE,LogisticRegression,Morgan,IN-RANGE,0.0025252205569158822,0.9902374068925405,0.00723737255054368
14764385,1,IN-RANGE,LogisticRegression,Morgan,IN-RANGE,0.2275684358952818,0.771462907754162,0.0009686563505560655
14764404,1,IN-RANGE,LogisticRegression,Morgan,IN-RANGE,0.0005903710762852963,0.9969468399432861,0.0024627889804284975
14764429,1,IN-RANGE,LogisticRegression,Morgan,ABOVE,0.01265430638117935,0.1514925962071983,0.8358530974116223
14764447,1,IN-RANGE,LogisticRegression,Morgan,IN-RANGE,0.006793626198920803,0.9688717290976576,0.02433464470342164
14764469,1,IN-RANGE,LogisticRegression,Morgan,IN-RANGE,0.004931709098503796,0.9906725459682857,0.004395744933210451
14764484,1,IN-RANGE,LogisticRegression,Morgan,IN-RANGE,0.15498573289273918,0.8051488880500642,0.039865379057196615
14764494,1,IN-RANGE,LogisticRegression,Morgan,IN-RANGE,0.0011862324452695655,0.9956544468335743,0.003159320721156087
14764495,1,IN-RANGE,LogisticRegression,Morgan,IN-RANGE,0.022846343273217627,0.9631537342054001,0.013999922521382269
14764506,1,IN-RANGE,LogisticRegression,Morgan,IN-RANGE,0.062125532104050155,0.9041597149223858,0.03371475297356407
14764524,1,IN-RANGE,LogisticRegression,Morgan,IN-RANGE,0.057114876329873415,0.918022516055755,0.024862607614371604
14764532,1,IN-RANGE,LogisticRegression,Morgan,BELOW,0.7062873768495688,0.20548607778428746,0.08822654536614372
14765326,1,IN-RANGE,LogisticRegression,Morgan,IN-RANGE,0.017106447588420674,0.8601428277634203,0.1227507246481591
14765327,1,IN-RANGE,LogisticRegression,Morgan,ABOVE,0.02491424086884838,0.4508157035380474,0.5242700555931042
14765328,1,IN-RANGE,LogisticRegression,Morgan,IN-RANGE,0.015326927317128767,0.98060200050432,0.00407107217855121
14765329,1,IN-RANGE,LogisticRegression,Morgan,ABOVE,0.030403919405506716,0.2474564841018943,0.722139596492599
14765372,1,IN-RANGE,LogisticRegression,Morgan,IN-RANGE,0.0032047766984647547,0.7600362752414449,0.23675894806009024
14765404,1,IN-RANGE,LogisticRegression,Morgan,IN-RANGE,0.340017667118277,0.6120148321458346,0.04796750073588827
14765430,1,IN-RANGE,LogisticRegression,Morgan,IN-RANGE,0.3961746918851272,0.6018012074137739,0.0020241007010989957
14765433,1,IN-RANGE,LogisticRegression,Morgan,IN-RANGE,0.01714083816258058,0.9807953159975676,0.0020638458398516673
14765446,1,IN-RANGE,LogisticRegression,Morgan,IN-RANGE,0.04003785835160457,0.9450833305042419,0.014878811144153684
14765447,1,IN-RANGE,LogisticRegression,Morgan,IN-RANGE,0.01572986912759005,0.6296664572209559,0.354603673651454
14765456,1,IN-RANGE,LogisticRegression,Morgan,IN-RANGE,0.05705577566003737,0.9375670901150238,0.0053771342249387235
14765465,1,IN-RANGE,LogisticRegression,Morgan,IN-RANGE,0.015665453189989437,0.9768479781616869,0.007486568648323728
14765485,1,IN-RANGE,LogisticRegression,Morgan,ABOVE,0.013206643905559146,0.19128512476495782,0.7955082313294831
14765488,1,IN-RANGE,LogisticRegression,Morgan,IN-RANGE,0.0007439976932712313,0.9631087731339967,0.036147229172732095
14765493,1,IN-RANGE,LogisticRegression,Morgan,IN-RANGE,0.0066454665616666,0.9932394301316823,0.00011510330665109444
14765516,1,IN-RANGE,LogisticRegression,Morgan,IN-RANGE,0.02550556391160369,0.7983072006824545,0.17618723540594194
14766486,1,ABOVE,LogisticRegression,Morgan,ABOVE,0.0019936316310308912,0.006174102880228444,0.9918322654887408
14766488,1,ABOVE,LogisticRegression,Morgan,IN-RANGE,0.12905783838912344,0.6872462305188254,0.18369593109205112
14766498,1,ABOVE,LogisticRegression,Morgan,ABOVE,0.0034456413923648357,0.06247550622907946,0.9340788523785557
14766499,1,ABOVE,LogisticRegression,Morgan,BELOW,0.662180968815316,0.3358382811635402,0.001980750021143935
14766504,1,ABOVE,LogisticRegression,Morgan,IN-RANGE,0.00010816742719200648,0.9810990933214979,0.018792739251309986
14766511,1,ABOVE,LogisticRegression,Morgan,IN-RANGE,0.290426309303873,0.6906534271442927,0.01892026355183419
14766517,1,ABOVE,LogisticRegression,Morgan,IN-RANGE,0.0028356893728938917,0.8873964154022078,0.10976789522489815
14766518,1,ABOVE,LogisticRegression,Morgan,BELOW,0.8088630503298191,0.13621090923867185,0.054926040431509046
14766541,1,ABOVE,LogisticRegression,Morgan,IN-RANGE,0.115184086508519,0.5228564976689718,0.36195941582250923
14766543,1,ABOVE,LogisticRegression,Morgan,IN-RANGE,0.26843127291858054,0.7005568239648261,0.0310119031165933
14766544,1,ABOVE,LogisticRegression,Morgan,ABOVE,0.008574386342522434,0.4773652040291332,0.5140604096283443
14766549,1,ABOVE,LogisticRegression,Morgan,IN-RANGE,0.005555204166573199,0.8600496950920089,0.13439510074141786
14766554,1,ABOVE,LogisticRegression,Morgan,BELOW,0.5737513475208643,0.30003650387101627,0.1262121486081195
14766556,1,ABOVE,LogisticRegression,Morgan,IN-RANGE,0.0816160204434875,0.7630354178879444,0.15534856166856809
14766563,1,ABOVE,LogisticRegression,Morgan,IN-RANGE,0.21741757466638675,0.7556205579461469,0.02696186738746636
14766567,1,ABOVE,LogisticRegression,Morgan,IN-RANGE,0.0016659866845164216,0.9731437935678617,0.025190219747621954
14766569,1,ABOVE,LogisticRegression,Morgan,IN-RANGE,0.057850178333989796,0.9407432542184342,0.0014065674475760752
14769818,1,BELOW,LogisticRegression,Morgan,IN-RANGE,0.1710383913959432,0.7586315373252661,0.07033007127879078
14769820,1,BELOW,LogisticRegression,Morgan,BELOW,0.8935004465407744,0.08804735409611128,0.018452199363114315
14769823,1,BELOW,LogisticRegression,Morgan,BELOW,0.7906064573679529,0.17616584699623825,0.033227695635808914
14769828,1,BELOW,LogisticRegression,Morgan,BELOW,0.9715584564741686,0.027211267856515307,0.0012302756693159706
14769833,1,BELOW,LogisticRegression,Morgan,IN-RANGE,0.05699509078273727,0.9229561596983309,0.020048749518931683
14769836,1,BELOW,LogisticRegression,Morgan,BELOW,0.9818525967258698,0.0180082958302828,0.00013910744384727482
14769837,1,BELOW,LogisticRegression,Morgan,BELOW,0.9562485153223637,0.04190275625091231,0.0018487284267239986
14769838,1,BELOW,LogisticRegression,Morgan,IN-RANGE,0.30034669463518376,0.6967562994630189,0.0028970059017974434
14769843,1,BELOW,LogisticRegression,Morgan,BELOW,0.9931234115383165,0.006139430095711956,0.0007371583659714117
14769860,1,BELOW,LogisticRegression,Morgan,IN-RANGE,0.0027936126725212557,0.9971113082003717,9.507912710688893e-05
14769866,1,BELOW,LogisticRegression,Morgan,IN-RANGE,0.324925993982735,0.6711522224022757,0.003921783614989362
14769868,1,BELOW,LogisticRegression,Morgan,BELOW,0.5779760162131223,0.4105447272701565,0.011479256516721142
14769869,1,BELOW,LogisticRegression,Morgan,IN-RANGE,0.13957959547184223,0.8277947138950091,0.03262569063314861
14769874,1,BELOW,LogisticRegression,Morgan,BELOW,0.9476264017013449,0.04157160410251502,0.010801994196140086
14769875,1,BELOW,LogisticRegression,Morgan,IN-RANGE,0.0449200824951268,0.9465861141178399,0.008493803387033537
14769876,1,BELOW,LogisticRegression,Morgan,BELOW,0.6358705727436792,0.3577793554298962,0.006350071826424681
14769879,1,BELOW,LogisticRegression,Morgan,ABOVE,0.050033652866491356,0.4151172126127254,0.5348491345207832
14769883,1,BELOW,LogisticRegression,Morgan,BELOW,0.8934301588877004,0.10084582187837046,0.005724019233928998
14758731,1,BELOW,RandomForestClassifier,Morgan,IN-RANGE,0.27,0.57,0.16
14758735,1,BELOW,RandomForestClassifier,Morgan,IN-RANGE,0.16,0.65,0.19
14758738,1,BELOW,RandomForestClassifier,Morgan,BELOW,0.96,0.03,0.01
14758743,1,BELOW,RandomForestClassifier,Morgan,IN-RANGE,0.21,0.53,0.26
14758749,1,BELOW,RandomForestClassifier,Morgan,BELOW,0.53,0.45,0.02
14758756,1,BELOW,RandomForestClassifier,Morgan,IN-RANGE,0.34,0.56,0.1
14758767,1,BELOW,RandomForestClassifier,Morgan,BELOW,0.89,0.1,0.01
14758775,1,BELOW,RandomForestClassifier,Morgan,BELOW,0.88,0.11,0.01
14758786,1,BELOW,RandomForestClassifier,Morgan,IN-RANGE,0.18,0.73,0.09
14758788,1,BELOW,RandomForestClassifier,Morgan,BELOW,0.9,0.06,0.04
14758789,1,BELOW,RandomForestClassifier,Morgan,IN-RANGE,0.32,0.56,0.12
14758797,1,BELOW,RandomForestClassifier,Morgan,BELOW,0.64,0.31,0.05
14758807,1,BELOW,RandomForestClassifier,Morgan,IN-RANGE,0.24,0.59,0.17
14758812,1,BELOW,RandomForestClassifier,Morgan,BELOW,0.53,0.44,0.03
14758813,1,BELOW,RandomForestClassifier,Morgan,IN-RANGE,0.43,0.54,0.03
14758814,1,BELOW,RandomForestClassifier,Morgan,IN-RANGE,0.28,0.61,0.11
14758825,1,BELOW,RandomForestClassifier,Morgan,BELOW,0.44,0.35,0.21
14758826,1,BELOW,RandomForestClassifier,Morgan,BELOW,0.55,0.42,0.03
14758838,1,BELOW,RandomForestClassifier,Morgan,BELOW,0.61,0.34,0.05
14758840,1,BELOW,RandomForestClassifier,Morgan,BELOW,0.69,0.19,0.12
14758845,1,BELOW,RandomForestClassifier,Morgan,BELOW,0.81,0.12,0.07
14758846,1,BELOW,RandomForestClassifier,Morgan,BELOW,0.63,0.35,0.02
14758849,1,BELOW,RandomForestClassifier,Morgan,BELOW,0.63,0.3,0.07
14758863,1,BELOW,RandomForestClassifier,Morgan,IN-RANGE,0.44,0.51,0.05
14758874,1,BELOW,RandomForestClassifier,Morgan,BELOW,0.62,0.25,0.13
14758876,1,BELOW,RandomForestClassifier,Morgan,BELOW,0.7,0.24,0.06
14758885,1,BELOW,RandomForestClassifier,Morgan,BELOW,0.92,0.07,0.01
14758886,1,BELOW,RandomForestClassifier,Morgan,BELOW,0.89,0.07,0.04
14758888,1,BELOW,RandomForestClassifier,Morgan,IN-RANGE,0.09,0.82,0.09
14758890,1,BELOW,RandomForestClassifier,Morgan,BELOW,0.74,0.2,0.06
14758891,1,BELOW,RandomForestClassifier,Morgan,BELOW,0.7,0.22,0.08
14758893,1,BELOW,RandomForestClassifier,Morgan,BELOW,0.76,0.21,0.03
14758898,1,BELOW,RandomForestClassifier,Morgan,BELOW,0.84,0.11,0.05
14758900,1,BELOW,RandomForestClassifier,Morgan,BELOW,0.88,0.11,0.01
14758913,1,BELOW,RandomForestClassifier,Morgan,IN-RANGE,0.32,0.59,0.09
14758919,1,BELOW,RandomForestClassifier,Morgan,IN-RANGE,0.1,0.81,0.09
14758923,1,BELOW,RandomForestClassifier,Morgan,BELOW,0.47,0.45,0.08
14758945,1,IN-RANGE,RandomForestClassifier,Morgan,BELOW,0.72,0.25,0.03
14758956,1,IN-RANGE,RandomForestClassifier,Morgan,IN-RANGE,0.32,0.63,0.05
14758961,1,IN-RANGE,RandomForestClassifier,Morgan,IN-RANGE,0.31,0.48,0.21
14758962,1,IN-RANGE,RandomForestClassifier,Morgan,IN-RANGE,0.22,0.54,0.24
14758970,1,IN-RANGE,RandomForestClassifier,Morgan,IN-RANGE,0.18,0.7,0.12
14758978,1,IN-RANGE,RandomForestClassifier,Morgan,BELOW,0.87,0.1,0.03
14758979,1,IN-RANGE,RandomForestClassifier,Morgan,BELOW,0.69,0.28,0.03
14758984,1,IN-RANGE,RandomForestClassifier,Morgan,IN-RANGE,0.31,0.51,0.18
14758988,1,IN-RANGE,RandomForestClassifier,Morgan,BELOW,0.82,0.11,0.07
14758989,1,IN-RANGE,RandomForestClassifier,Morgan,IN-RANGE,0.18,0.62,0.2
14758991,1,IN-RANGE,RandomForestClassifier,Morgan,BELOW,0.51,0.3,0.19
14759000,1,IN-RANGE,RandomForestClassifier,Morgan,IN-RANGE,0.38,0.6,0.02
14759795,1,IN-RANGE,RandomForestClassifier,Morgan,BELOW,0.65,0.33,0.02
14759809,1,IN-RANGE,RandomForestClassifier,Morgan,BELOW,0.44,0.36,0.2
14759813,1,IN-RANGE,RandomForestClassifier,Morgan,BELOW,0.61,0.35,0.04
14759817,1,IN-RANGE,RandomForestClassifier,Morgan,IN-RANGE,0.16,0.76,0.08
14759818,1,IN-RANGE,RandomForestClassifier,Morgan,IN-RANGE,0.28,0.7,0.02
14759819,1,IN-RANGE,RandomForestClassifier,Morgan,BELOW,0.84,0.14,0.02
14759821,1,IN-RANGE,RandomForestClassifier,Morgan,IN-RANGE,0.25,0.49,0.26
14759823,1,IN-RANGE,RandomForestClassifier,Morgan,BELOW,0.81,0.14,0.05
14759837,1,IN-RANGE,RandomForestClassifier,Morgan,IN-RANGE,0.32,0.63,0.05
14759846,1,IN-RANGE,RandomForestClassifier,Morgan,IN-RANGE,0.43,0.49,0.08
14759854,1,IN-RANGE,RandomForestClassifier,Morgan,IN-RANGE,0.38,0.59,0.03
14759863,1,IN-RANGE,RandomForestClassifier,Morgan,BELOW,0.59,0.3,0.11
14759876,1,IN-RANGE,RandomForestClassifier,Morgan,IN-RANGE,0.21,0.58,0.21
14759891,1,IN-RANGE,RandomForestClassifier,Morgan,BELOW,0.94,0.05,0.01
14759892,1,IN-RANGE,RandomForestClassifier,Morgan,BELOW,0.49,0.42,0.09
14759893,1,IN-RANGE,RandomForestClassifier,Morgan,IN-RANGE,0.33,0.62,0.05
14759902,1,IN-RANGE,RandomForestClassifier,Morgan,IN-RANGE,0.06,0.63,0.31
14759903,1,IN-RANGE,RandomForestClassifier,Morgan,IN-RANGE,0.27,0.55,0.18
14759904,1,IN-RANGE,RandomForestClassifier,Morgan,BELOW,0.9,0.07,0.03
14759934,1,IN-RANGE,RandomForestClassifier,Morgan,BELOW,0.68,0.28,0.04
14759943,1,IN-RANGE,RandomForestClassifier,Morgan,IN-RANGE,0.32,0.54,0.14
14759966,1,IN-RANGE,RandomForestClassifier,Morgan,IN-RANGE,0.37,0.5,0.13
14759968,1,IN-RANGE,RandomForestClassifier,Morgan,BELOW,0.67,0.33,0.0
14759983,1,IN-RANGE,RandomForestClassifier,Morgan,BELOW,0.64,0.36,0.0
14759997,1,IN-RANGE,RandomForestClassifier,Morgan,IN-RANGE,0.16,0.72,0.12
14760001,1,IN-RANGE,RandomForestClassifier,Morgan,BELOW,0.48,0.43,0.09
14760002,1,IN-RANGE,RandomForestClassifier,Morgan,IN-RANGE,0.28,0.67,0.05
14760003,1,IN-RANGE,RandomForestClassifier,Morgan,IN-RANGE,0.17,0.57,0.26
14760009,1,IN-RANGE,RandomForestClassifier,Morgan,IN-RANGE,0.09,0.74,0.17
14760034,1,IN-RANGE,RandomForestClassifier,Morgan,IN-RANGE,0.36,0.46,0.18
14760037,1,IN-RANGE,RandomForestClassifier,Morgan,BELOW,0.93,0.03,0.04
14761125,1,IN-RANGE,RandomForestClassifier,Morgan,BELOW,0.82,0.16,0.02
14761126,1,IN-RANGE,RandomForestClassifier,Morgan,BELOW,0.78,0.17,0.05
14761127,1,IN-RANGE,RandomForestClassifier,Morgan,BELOW,0.86,0.11,0.03
14761134,1,IN-RANGE,RandomForestClassifier,Morgan,IN-RANGE,0.09,0.88,0.03
14761136,1,IN-RANGE,RandomForestClassifier,Morgan,IN-RANGE,0.14,0.71,0.15
14761139,1,IN-RANGE,RandomForestClassifier,Morgan,BELOW,0.88,0.09,0.03
14761157,1,IN-RANGE,RandomForestClassifier,Morgan,IN-RANGE,0.13,0.77,0.1
14761176,1,IN-RANGE,RandomForestClassifier,Morgan,BELOW,0.79,0.19,0.02
14761181,1,IN-RANGE,RandomForestClassifier,Morgan,BELOW,0.49,0.39,0.12
14761236,1,IN-RANGE,RandomForestClassifier,Morgan,IN-RANGE,0.26,0.64,0.1
14761250,1,IN-RANGE,RandomForestClassifier,Morgan,IN-RANGE,0.34,0.58,0.08
14761271,1,IN-RANGE,RandomForestClassifier,Morgan,BELOW,0.74,0.23,0.03
14761272,1,IN-RANGE,RandomForestClassifier,Morgan,IN-RANGE,0.47,0.49,0.04
14761273,1,IN-RANGE,RandomForestClassifier,Morgan,IN-RANGE,0.3,0.57,0.13
14761280,1,IN-RANGE,RandomForestClassifier,Morgan,BELOW,0.77,0.21,0.02
14761281,1,IN-RANGE,RandomForestClassifier,Morgan,IN-RANGE,0.28,0.68,0.04
14761284,1,IN-RANGE,RandomForestClassifier,Morgan,BELOW,0.57,0.37,0.06
14761292,1,IN-RANGE,RandomForestClassifier,Morgan,IN-RANGE,0.12,0.71,0.17
14761312,1,IN-RANGE,RandomForestClassifier,Morgan,IN-RANGE,0.15,0.72,0.13
14761314,1,IN-RANGE,RandomForestClassifier,Morgan,BELOW,0.9,0.08,0.02
14761367,1,IN-RANGE,RandomForestClassifier,Morgan,IN-RANGE,0.29,0.69,0.02
14761385,1,IN-RANGE,RandomForestClassifier,Morgan,IN-RANGE,0.16,0.76,0.08
14762232,1,IN-RANGE,RandomForestClassifier,Morgan,IN-RANGE,0.15,0.81,0.04
14762237,1,IN-RANGE,RandomForestClassifier,Morgan,BELOW,0.82,0.12,0.06
14762270,1,IN-RANGE,RandomForestClassifier,Morgan,IN-RANGE,0.14,0.45,0.41
14762294,1,IN-RANGE,RandomForestClassifier,Morgan,IN-RANGE,0.32,0.62,0.06
14762305,1,IN-RANGE,RandomForestClassifier,Morgan,IN-RANGE,0.03,0.88,0.09
14762329,1,IN-RANGE,RandomForestClassifier,Morgan,IN-RANGE,0.41,0.58,0.01
14762330,1,IN-RANGE,RandomForestClassifier,Morgan,ABOVE,0.07,0.41,0.52
14762332,1,IN-RANGE,RandomForestClassifier,Morgan,IN-RANGE,0.27,0.53,0.2
14762354,1,IN-RANGE,RandomForestClassifier,Morgan,BELOW,0.36,0.28,0.36
14762363,1,IN-RANGE,RandomForestClassifier,Morgan,IN-RANGE,0.21,0.75,0.04
14762372,1,IN-RANGE,RandomForestClassifier,Morgan,IN-RANGE,0.37,0.63,0.0
14762436,1,IN-RANGE,RandomForestClassifier,Morgan,ABOVE,0.13,0.24,0.63
14762449,1,IN-RANGE,RandomForestClassifier,Morgan,IN-RANGE,0.45,0.51,0.04
14762450,1,IN-RANGE,RandomForestClassifier,Morgan,BELOW,0.6,0.38,0.02
14762454,1,IN-RANGE,RandomForestClassifier,Morgan,IN-RANGE,0.09,0.59,0.32
14762455,1,IN-RANGE,RandomForestClassifier,Morgan,IN-RANGE,0.01,0.86,0.13
14762461,1,IN-RANGE,RandomForestClassifier,Morgan,IN-RANGE,0.16,0.53,0.31
14763250,1,IN-RANGE,RandomForestClassifier,Morgan,IN-RANGE,0.41,0.45,0.14
14763264,1,IN-RANGE,RandomForestClassifier,Morgan,BELOW,0.49,0.36,0.15
14763272,1,IN-RANGE,RandomForestClassifier,Morgan,IN-RANGE,0.31,0.54,0.15
14763286,1,IN-RANGE,RandomForestClassifier,Morgan,IN-RANGE,0.21,0.45,0.34
14763289,1,IN-RANGE,RandomForestClassifier,Morgan,IN-RANGE,0.25,0.43,0.32
14763302,1,IN-RANGE,RandomForestClassifier,Morgan,BELOW,0.54,0.39,0.07
14763310,1,IN-RANGE,RandomForestClassifier,Morgan,IN-RANGE,0.28,0.53,0.19
14763349,1,IN-RANGE,RandomForestClassifier,Morgan,IN-RANGE,0.08,0.89,0.03
14763350,1,IN-RANGE,RandomForestClassifier,Morgan,IN-RANGE,0.14,0.65,0.21
14763358,1,IN-RANGE,RandomForestClassifier,Morgan,IN-RANGE,0.36,0.54,0.1
14763367,1,IN-RANGE,RandomForestClassifier,Morgan,ABOVE,0.1,0.43,0.47
14763395,1,IN-RANGE,RandomForestClassifier,Morgan,IN-RANGE,0.21,0.74,0.05
14763410,1,IN-RANGE,RandomForestClassifier,Morgan,IN-RANGE,0.37,0.56,0.07
14763420,1,IN-RANGE,RandomForestClassifier,Morgan,IN-RANGE,0.13,0.72,0.15
14763425,1,IN-RANGE,RandomForestClassifier,Morgan,IN-RANGE,0.16,0.57,0.27
14763427,1,IN-RANGE,RandomForestClassifier,Morgan,IN-RANGE,0.15,0.76,0.09
14763438,1,IN-RANGE,RandomForestClassifier,Morgan,IN-RANGE,0.42,0.5,0.08
14763458,1,IN-RANGE,RandomForestClassifier,Morgan,BELOW,0.38,0.37,0.25
14763466,1,IN-RANGE,RandomForestClassifier,Morgan,BELOW,0.5,0.4,0.1
14763468,1,IN-RANGE,RandomForestClassifier,Morgan,IN-RANGE,0.06,0.9,0.04
14763469,1,IN-RANGE,RandomForestClassifier,Morgan,ABOVE,0.02,0.43,0.55
14763499,1,IN-RANGE,RandomForestClassifier,Morgan,IN-RANGE,0.06,0.85,0.09
14763500,1,IN-RANGE,RandomForestClassifier,Morgan,IN-RANGE,0.4,0.5,0.1
14764289,1,IN-RANGE,RandomForestClassifier,Morgan,IN-RANGE,0.29,0.59,0.12
14764308,1,IN-RANGE,RandomForestClassifier,Morgan,IN-RANGE,0.12,0.86,0.02
14764315,1,IN-RANGE,RandomForestClassifier,Morgan,IN-RANGE,0.45,0.49,0.06
14764317,1,IN-RANGE,RandomForestClassifier,Morgan,IN-RANGE,0.26,0.57,0.17
14764321,1,IN-RANGE,RandomForestClassifier,Morgan,IN-RANGE,0.33,0.65,0.02
14764333,1,IN-RANGE,RandomForestClassifier,Morgan,IN-RANGE,0.08,0.79,0.13
14764347,1,IN-RANGE,RandomForestClassifier,Morgan,IN-RANGE,0.4,0.58,0.02
14764348,1,IN-RANGE,RandomForestClassifier,Morgan,IN-RANGE,0.32,0.49,0.19
14764358,1,IN-RANGE,RandomForestClassifier,Morgan,IN-RANGE,0.02,0.9,0.08
14764364,1,IN-RANGE,RandomForestClassifier,Morgan,IN-RANGE,0.29,0.66,0.05
14764365,1,IN-RANGE,RandomForestClassifier,Morgan,IN-RANGE,0.04,0.93,0.03
14764366,1,IN-RANGE,RandomForestClassifier,Morgan,IN-RANGE,0.41,0.47,0.12
14764375,1,IN-RANGE,RandomForestClassifier,Morgan,IN-RANGE,0.16,0.69,0.15
14764383,1,IN-RANGE,RandomForestClassifier,Morgan,IN-RANGE,0.03,0.97,0.0
14764385,1,IN-RANGE,RandomForestClassifier,Morgan,IN-RANGE,0.48,0.52,0.0
14764404,1,IN-RANGE,RandomForestClassifier,Morgan,IN-RANGE,0.24,0.52,0.24
14764429,1,IN-RANGE,RandomForestClassifier,Morgan,IN-RANGE,0.07,0.47,0.46
14764447,1,IN-RANGE,RandomForestClassifier,Morgan,IN-RANGE,0.24,0.6,0.16
14764469,1,IN-RANGE,RandomForestClassifier,Morgan,IN-RANGE,0.07,0.79,0.14
14764484,1,IN-RANGE,RandomForestClassifier,Morgan,IN-RANGE,0.21,0.64,0.15
14764494,1,IN-RANGE,RandomForestClassifier,Morgan,IN-RANGE,0.07,0.84,0.09
14764495,1,IN-RANGE,RandomForestClassifier,Morgan,IN-RANGE,0.06,0.91,0.03
14764506,1,IN-RANGE,RandomForestClassifier,Morgan,IN-RANGE,0.17,0.71,0.12
14764524,1,IN-RANGE,RandomForestClassifier,Morgan,IN-RANGE,0.15,0.84,0.01
14764532,1,IN-RANGE,RandomForestClassifier,Morgan,BELOW,0.58,0.32,0.1
14765326,1,IN-RANGE,RandomForestClassifier,Morgan,IN-RANGE,0.23,0.53,0.24
14765327,1,IN-RANGE,RandomForestClassifier,Morgan,IN-RANGE,0.1,0.6,0.3
14765328,1,IN-RANGE,RandomForestClassifier,Morgan,IN-RANGE,0.36,0.56,0.08
14765329,1,IN-RANGE,RandomForestClassifier,Morgan,ABOVE,0.06,0.37,0.57
14765372,1,IN-RANGE,RandomForestClassifier,Morgan,IN-RANGE,0.07,0.69,0.24
14765404,1,IN-RANGE,RandomForestClassifier,Morgan,IN-RANGE,0.34,0.53,0.13
14765430,1,IN-RANGE,RandomForestClassifier,Morgan,IN-RANGE,0.34,0.57,0.09
14765433,1,IN-RANGE,RandomForestClassifier,Morgan,IN-RANGE,0.44,0.52,0.04
14765446,1,IN-RANGE,RandomForestClassifier,Morgan,IN-RANGE,0.42,0.49,0.09
14765447,1,IN-RANGE,RandomForestClassifier,Morgan,IN-RANGE,0.03,0.87,0.1
14765456,1,IN-RANGE,RandomForestClassifier,Morgan,IN-RANGE,0.1,0.82,0.08
14765465,1,IN-RANGE,RandomForestClassifier,Morgan,IN-RANGE,0.34,0.51,0.15
14765485,1,IN-RANGE,RandomForestClassifier,Morgan,ABOVE,0.04,0.27,0.69
14765488,1,IN-RANGE,RandomForestClassifier,Morgan,IN-RANGE,0.13,0.75,0.12
14765493,1,IN-RANGE,RandomForestClassifier,Morgan,IN-RANGE,0.32,0.6,0.08
14765516,1,IN-RANGE,RandomForestClassifier,Morgan,IN-RANGE,0.19,0.52,0.29
14766486,1,ABOVE,RandomForestClassifier,Morgan,ABOVE,0.11,0.24,0.65
14766488,1,ABOVE,RandomForestClassifier,Morgan,IN-RANGE,0.21,0.45,0.34
14766498,1,ABOVE,RandomForestClassifier,Morgan,IN-RANGE,0.06,0.49,0.45
14766499,1,ABOVE,RandomForestClassifier,Morgan,IN-RANGE,0.26,0.7,0.04
14766504,1,ABOVE,RandomForestClassifier,Morgan,IN-RANGE,0.12,0.7,0.18
14766511,1,ABOVE,RandomForestClassifier,Morgan,IN-RANGE,0.32,0.61,0.07
14766517,1,ABOVE,RandomForestClassifier,Morgan,IN-RANGE,0.06,0.75,0.19
14766518,1,ABOVE,RandomForestClassifier,Morgan,IN-RANGE,0.34,0.44,0.22
14766541,1,ABOVE,RandomForestClassifier,Morgan,IN-RANGE,0.21,0.42,0.37
14766543,1,ABOVE,RandomForestClassifier,Morgan,IN-RANGE,0.33,0.44,0.23
14766544,1,ABOVE,RandomForestClassifier,Morgan,IN-RANGE,0.12,0.54,0.34
14766549,1,ABOVE,RandomForestClassifier,Morgan,IN-RANGE,0.09,0.49,0.42
14766554,1,ABOVE,RandomForestClassifier,Morgan,ABOVE,0.35,0.27,0.38
14766556,1,ABOVE,RandomForestClassifier,Morgan,IN-RANGE,0.21,0.55,0.24
14766563,1,ABOVE,RandomForestClassifier,Morgan,IN-RANGE,0.27,0.62,0.11
14766567,1,ABOVE,RandomForestClassifier,Morgan,IN-RANGE,0.07,0.61,0.32
14766569,1,ABOVE,RandomForestClassifier,Morgan,IN-RANGE,0.36,0.62,0.02
14769818,1,BELOW,RandomForestClassifier,Morgan,IN-RANGE,0.25,0.52,0.23
14769820,1,BELOW,RandomForestClassifier,Morgan,BELOW,0.95,0.03,0.02
14769823,1,BELOW,RandomForestClassifier,Morgan,BELOW,0.85,0.1,0.05
14769828,1,BELOW,RandomForestClassifier,Morgan,BELOW,0.9,0.09,0.01
14769833,1,BELOW,RandomForestClassifier,Morgan,IN-RANGE,0.21,0.62,0.17
14769836,1,BELOW,RandomForestClassifier,Morgan,BELOW,0.62,0.29,0.09
14769837,1,BELOW,RandomForestClassifier,Morgan,BELOW,0.72,0.23,0.05
14769838,1,BELOW,RandomForestClassifier,Morgan,IN-RANGE,0.27,0.67,0.06
14769843,1,BELOW,RandomForestClassifier,Morgan,BELOW,0.66,0.28,0.06
14769860,1,BELOW,RandomForestClassifier,Morgan,IN-RANGE,0.26,0.65,0.09
14769866,1,BELOW,RandomForestClassifier,Morgan,IN-RANGE,0.41,0.52,0.07
14769868,1,BELOW,RandomForestClassifier,Morgan,IN-RANGE,0.33,0.57,0.1
14769869,1,BELOW,RandomForestClassifier,Morgan,IN-RANGE,0.3,0.6,0.1
14769874,1,BELOW,RandomForestClassifier,Morgan,BELOW,0.62,0.26,0.12
14769875,1,BELOW,RandomForestClassifier,Morgan,IN-RANGE,0.38,0.57,0.05
14769876,1,BELOW,RandomForestClassifier,Morgan,IN-RANGE,0.39,0.59,0.02
14769879,1,BELOW,RandomForestClassifier,Morgan,IN-RANGE,0.11,0.58,0.31
14769883,1,BELOW,RandomForestClassifier,Morgan,BELOW,0.51,0.44,0.05
14758723,2,BELOW,majority_baseline,none,IN-RANGE,,,
14758729,2,BELOW,majority_baseline,none,IN-RANGE,,,
14758730,2,BELOW,majority_baseline,none,IN-RANGE,,,
14758737,2,BELOW,majority_baseline,none,IN-RANGE,,,
14758752,2,BELOW,majority_baseline,none,IN-RANGE,,,
14758755,2,BELOW,majority_baseline,none,IN-RANGE,,,
14758758,2,BELOW,majority_baseline,none,IN-RANGE,,,
14758762,2,BELOW,majority_baseline,none,IN-RANGE,,,
14758777,2,BELOW,majority_baseline,none,IN-RANGE,,,
14758780,2,BELOW,majority_baseline,none,IN-RANGE,,,
14758782,2,BELOW,majority_baseline,none,IN-RANGE,,,
14758783,2,BELOW,majority_baseline,none,IN-RANGE,,,
14758787,2,BELOW,majority_baseline,none,IN-RANGE,,,
14758790,2,BELOW,majority_baseline,none,IN-RANGE,,,
14758793,2,BELOW,majority_baseline,none,IN-RANGE,,,
14758794,2,BELOW,majority_baseline,none,IN-RANGE,,,
14758801,2,BELOW,majority_baseline,none,IN-RANGE,,,
14758803,2,BELOW,majority_baseline,none,IN-RANGE,,,
14758818,2,BELOW,majority_baseline,none,IN-RANGE,,,
14758819,2,BELOW,majority_baseline,none,IN-RANGE,,,
14758820,2,BELOW,majority_baseline,none,IN-RANGE,,,
14758823,2,BELOW,majority_baseline,none,IN-RANGE,,,
14758844,2,BELOW,majority_baseline,none,IN-RANGE,,,
14758847,2,BELOW,majority_baseline,none,IN-RANGE,,,
14758848,2,BELOW,majority_baseline,none,IN-RANGE,,,
14758852,2,BELOW,majority_baseline,none,IN-RANGE,,,
14758856,2,BELOW,majority_baseline,none,IN-RANGE,,,
14758858,2,BELOW,majority_baseline,none,IN-RANGE,,,
14758859,2,BELOW,majority_baseline,none,IN-RANGE,,,
14758865,2,BELOW,majority_baseline,none,IN-RANGE,,,
14758868,2,BELOW,majority_baseline,none,IN-RANGE,,,
14758870,2,BELOW,majority_baseline,none,IN-RANGE,,,
14758875,2,BELOW,majority_baseline,none,IN-RANGE,,,
14758877,2,BELOW,majority_baseline,none,IN-RANGE,,,
14758880,2,BELOW,majority_baseline,none,IN-RANGE,,,
14758881,2,BELOW,majority_baseline,none,IN-RANGE,,,
14758882,2,BELOW,majority_baseline,none,IN-RANGE,,,
14758883,2,BELOW,majority_baseline,none,IN-RANGE,,,
14758889,2,BELOW,majority_baseline,none,IN-RANGE,,,
14758901,2,BELOW,majority_baseline,none,IN-RANGE,,,
14758902,2,BELOW,majority_baseline,none,IN-RANGE,,,
14758904,2,BELOW,majority_baseline,none,IN-RANGE,,,
14758908,2,BELOW,majority_baseline,none,IN-RANGE,,,
14758915,2,BELOW,majority_baseline,none,IN-RANGE,,,
14758972,2,IN-RANGE,majority_baseline,none,IN-RANGE,,,
14758976,2,IN-RANGE,majority_baseline,none,IN-RANGE,,,
14758983,2,IN-RANGE,majority_baseline,none,IN-RANGE,,,
14758986,2,IN-RANGE,majority_baseline,none,IN-RANGE,,,
14758987,2,IN-RANGE,majority_baseline,none,IN-RANGE,,,
14758997,2,IN-RANGE,majority_baseline,none,IN-RANGE,,,
14759804,2,IN-RANGE,majority_baseline,none,IN-RANGE,,,
14759806,2,IN-RANGE,majority_baseline,none,IN-RANGE,,,
14759808,2,IN-RANGE,majority_baseline,none,IN-RANGE,,,
14759816,2,IN-RANGE,majority_baseline,none,IN-RANGE,,,
14759836,2,IN-RANGE,majority_baseline,none,IN-RANGE,,,
14759875,2,IN-RANGE,majority_baseline,none,IN-RANGE,,,
14759896,2,IN-RANGE,majority_baseline,none,IN-RANGE,,,
14759898,2,IN-RANGE,majority_baseline,none,IN-RANGE,,,
14759901,2,IN-RANGE,majority_baseline,none,IN-RANGE,,,
14759905,2,IN-RANGE,majority_baseline,none,IN-RANGE,,,
14759908,2,IN-RANGE,majority_baseline,none,IN-RANGE,,,
14759911,2,IN-RANGE,majority_baseline,none,IN-RANGE,,,
14759913,2,IN-RANGE,majority_baseline,none,IN-RANGE,,,
14759923,2,IN-RANGE,majority_baseline,none,IN-RANGE,,,
14759969,2,IN-RANGE,majority_baseline,none,IN-RANGE,,,
14759970,2,IN-RANGE,majority_baseline,none,IN-RANGE,,,
14759973,2,IN-RANGE,majority_baseline,none,IN-RANGE,,,
14759980,2,IN-RANGE,majority_baseline,none,IN-RANGE,,,
14759982,2,IN-RANGE,majority_baseline,none,IN-RANGE,,,
14759988,2,IN-RANGE,majority_baseline,none,IN-RANGE,,,
14759993,2,IN-RANGE,majority_baseline,none,IN-RANGE,,,
14760013,2,IN-RANGE,majority_baseline,none,IN-RANGE,,,
14760014,2,IN-RANGE,majority_baseline,none,IN-RANGE,,,
14760020,2,IN-RANGE,majority_baseline,none,IN-RANGE,,,
14760031,2,IN-RANGE,majority_baseline,none,IN-RANGE,,,
14761124,2,IN-RANGE,majority_baseline,none,IN-RANGE,,,
14761135,2,IN-RANGE,majority_baseline,none,IN-RANGE,,,
14761158,2,IN-RANGE,majority_baseline,none,IN-RANGE,,,
14761161,2,IN-RANGE,majority_baseline,none,IN-RANGE,,,
14761175,2,IN-RANGE,majority_baseline,none,IN-RANGE,,,
14761177,2,IN-RANGE,majority_baseline,none,IN-RANGE,,,
14761179,2,IN-RANGE,majority_baseline,none,IN-RANGE,,,
14761191,2,IN-RANGE,majority_baseline,none,IN-RANGE,,,
14761202,2,IN-RANGE,majority_baseline,none,IN-RANGE,,,
14761209,2,IN-RANGE,majority_baseline,none,IN-RANGE,,,
14761212,2,IN-RANGE,majority_baseline,none,IN-RANGE,,,
14761231,2,IN-RANGE,majority_baseline,none,IN-RANGE,,,
14761234,2,IN-RANGE,majority_baseline,none,IN-RANGE,,,
14761251,2,IN-RANGE,majority_baseline,none,IN-RANGE,,,
14761267,2,IN-RANGE,majority_baseline,none,IN-RANGE,,,
14761315,2,IN-RANGE,majority_baseline,none,IN-RANGE,,,
14761320,2,IN-RANGE,majority_baseline,none,IN-RANGE,,,
14761363,2,IN-RANGE,majority_baseline,none,IN-RANGE,,,
14761368,2,IN-RANGE,majority_baseline,none,IN-RANGE,,,
14761369,2,IN-RANGE,majority_baseline,none,IN-RANGE,,,
14762228,2,IN-RANGE,majority_baseline,none,IN-RANGE,,,
14762231,2,IN-RANGE,majority_baseline,none,IN-RANGE,,,
14762233,2,IN-RANGE,majority_baseline,none,IN-RANGE,,,
14762236,2,IN-RANGE,majority_baseline,none,IN-RANGE,,,
14762254,2,IN-RANGE,majority_baseline,none,IN-RANGE,,,
14762272,2,IN-RANGE,majority_baseline,none,IN-RANGE,,,
14762273,2,IN-RANGE,majority_baseline,none,IN-RANGE,,,
14762274,2,IN-RANGE,majority_baseline,none,IN-RANGE,,,
14762281,2,IN-RANGE,majority_baseline,none,IN-RANGE,,,
14762282,2,IN-RANGE,majority_baseline,none,IN-RANGE,,,
14762328,2,IN-RANGE,majority_baseline,none,IN-RANGE,,,
14762334,2,IN-RANGE,majority_baseline,none,IN-RANGE,,,
14762347,2,IN-RANGE,majority_baseline,none,IN-RANGE,,,
14762352,2,IN-RANGE,majority_baseline,none,IN-RANGE,,,
14762356,2,IN-RANGE,majority_baseline,none,IN-RANGE,,,
14762357,2,IN-RANGE,majority_baseline,none,IN-RANGE,,,
14762361,2,IN-RANGE,majority_baseline,none,IN-RANGE,,,
14762384,2,IN-RANGE,majority_baseline,none,IN-RANGE,,,
14762385,2,IN-RANGE,majority_baseline,none,IN-RANGE,,,
14762386,2,IN-RANGE,majority_baseline,none,IN-RANGE,,,
14762415,2,IN-RANGE,majority_baseline,none,IN-RANGE,,,
14762416,2,IN-RANGE,majority_baseline,none,IN-RANGE,,,
14762427,2,IN-RANGE,majority_baseline,none,IN-RANGE,,,
14762437,2,IN-RANGE,majority_baseline,none,IN-RANGE,,,
14762438,2,IN-RANGE,majority_baseline,none,IN-RANGE,,,
14762442,2,IN-RANGE,majority_baseline,none,IN-RANGE,,,
14762448,2,IN-RANGE,majority_baseline,none,IN-RANGE,,,
14762464,2,IN-RANGE,majority_baseline,none,IN-RANGE,,,
14762466,2,IN-RANGE,majority_baseline,none,IN-RANGE,,,
14763245,2,IN-RANGE,majority_baseline,none,IN-RANGE,,,
14763252,2,IN-RANGE,majority_baseline,none,IN-RANGE,,,
14763253,2,IN-RANGE,majority_baseline,none,IN-RANGE,,,
14763254,2,IN-RANGE,majority_baseline,none,IN-RANGE,,,
14763285,2,IN-RANGE,majority_baseline,none,IN-RANGE,,,
14763297,2,IN-RANGE,majority_baseline,none,IN-RANGE,,,
14763300,2,IN-RANGE,majority_baseline,none,IN-RANGE,,,
14763301,2,IN-RANGE,majority_baseline,none,IN-RANGE,,,
14763303,2,IN-RANGE,majority_baseline,none,IN-RANGE,,,
14763322,2,IN-RANGE,majority_baseline,none,IN-RANGE,,,
14763324,2,IN-RANGE,majority_baseline,none,IN-RANGE,,,
14763353,2,IN-RANGE,majority_baseline,none,IN-RANGE,,,
14763359,2,IN-RANGE,majority_baseline,none,IN-RANGE,,,
14763397,2,IN-RANGE,majority_baseline,none,IN-RANGE,,,
14763399,2,IN-RANGE,majority_baseline,none,IN-RANGE,,,
14763432,2,IN-RANGE,majority_baseline,none,IN-RANGE,,,
14763444,2,IN-RANGE,majority_baseline,none,IN-RANGE,,,
14763445,2,IN-RANGE,majority_baseline,none,IN-RANGE,,,
14763450,2,IN-RANGE,majority_baseline,none,IN-RANGE,,,
14763467,2,IN-RANGE,majority_baseline,none,IN-RANGE,,,
14763471,2,IN-RANGE,majority_baseline,none,IN-RANGE,,,
14763487,2,IN-RANGE,majority_baseline,none,IN-RANGE,,,
14763488,2,IN-RANGE,majority_baseline,none,IN-RANGE,,,
14763498,2,IN-RANGE,majority_baseline,none,IN-RANGE,,,
14764309,2,IN-RANGE,majority_baseline,none,IN-RANGE,,,
14764318,2,IN-RANGE,majority_baseline,none,IN-RANGE,,,
14764319,2,IN-RANGE,majority_baseline,none,IN-RANGE,,,
14764351,2,IN-RANGE,majority_baseline,none,IN-RANGE,,,
14764357,2,IN-RANGE,majority_baseline,none,IN-RANGE,,,
14764363,2,IN-RANGE,majority_baseline,none,IN-RANGE,,,
14764376,2,IN-RANGE,majority_baseline,none,IN-RANGE,,,
14764393,2,IN-RANGE,majority_baseline,none,IN-RANGE,,,
14764395,2,IN-RANGE,majority_baseline,none,IN-RANGE,,,
14764435,2,IN-RANGE,majority_baseline,none,IN-RANGE,,,
14764454,2,IN-RANGE,majority_baseline,none,IN-RANGE,,,
14764464,2,IN-RANGE,majority_baseline,none,IN-RANGE,,,
14764479,2,IN-RANGE,majority_baseline,none,IN-RANGE,,,
14764483,2,IN-RANGE,majority_baseline,none,IN-RANGE,,,
14764488,2,IN-RANGE,majority_baseline,none,IN-RANGE,,,
14764492,2,IN-RANGE,majority_baseline,none,IN-RANGE,,,
14764497,2,IN-RANGE,majority_baseline,none,IN-RANGE,,,
14764520,2,IN-RANGE,majority_baseline,none,IN-RANGE,,,
14764522,2,IN-RANGE,majority_baseline,none,IN-RANGE,,,
14765312,2,IN-RANGE,majority_baseline,none,IN-RANGE,,,
14765322,2,IN-RANGE,majority_baseline,none,IN-RANGE,,,
14765343,2,IN-RANGE,majority_baseline,none,IN-RANGE,,,
14765353,2,IN-RANGE,majority_baseline,none,IN-RANGE,,,
14765355,2,IN-RANGE,majority_baseline,none,IN-RANGE,,,
14765361,2,IN-RANGE,majority_baseline,none,IN-RANGE,,,
14765367,2,IN-RANGE,majority_baseline,none,IN-RANGE,,,
14765377,2,IN-RANGE,majority_baseline,none,IN-RANGE,,,
14765379,2,IN-RANGE,majority_baseline,none,IN-RANGE,,,
14765396,2,IN-RANGE,majority_baseline,none,IN-RANGE,,,
14765408,2,IN-RANGE,majority_baseline,none,IN-RANGE,,,
14765436,2,IN-RANGE,majority_baseline,none,IN-RANGE,,,
14765444,2,IN-RANGE,majority_baseline,none,IN-RANGE,,,
14765455,2,IN-RANGE,majority_baseline,none,IN-RANGE,,,
14765461,2,IN-RANGE,majority_baseline,none,IN-RANGE,,,
14765492,2,IN-RANGE,majority_baseline,none,IN-RANGE,,,
14765515,2,IN-RANGE,majority_baseline,none,IN-RANGE,,,
14765521,2,IN-RANGE,majority_baseline,none,IN-RANGE,,,
14765522,2,IN-RANGE,majority_baseline,none,IN-RANGE,,,
14765524,2,IN-RANGE,majority_baseline,none,IN-RANGE,,,
14765534,2,IN-RANGE,majority_baseline,none,IN-RANGE,,,
14765548,2,IN-RANGE,majority_baseline,none,IN-RANGE,,,
14765553,2,IN-RANGE,majority_baseline,none,IN-RANGE,,,
14765562,2,IN-RANGE,majority_baseline,none,IN-RANGE,,,
14765564,2,IN-RANGE,majority_baseline,none,IN-RANGE,,,
14766484,2,ABOVE,majority_baseline,none,IN-RANGE,,,
14766489,2,ABOVE,majority_baseline,none,IN-RANGE,,,
14766512,2,ABOVE,majority_baseline,none,IN-RANGE,,,
14766513,2,ABOVE,majority_baseline,none,IN-RANGE,,,
14766514,2,ABOVE,majority_baseline,none,IN-RANGE,,,
14766525,2,ABOVE,majority_baseline,none,IN-RANGE,,,
14766530,2,ABOVE,majority_baseline,none,IN-RANGE,,,
14766536,2,ABOVE,majority_baseline,none,IN-RANGE,,,
14766545,2,ABOVE,majority_baseline,none,IN-RANGE,,,
14766546,2,ABOVE,majority_baseline,none,IN-RANGE,,,
14766547,2,ABOVE,majority_baseline,none,IN-RANGE,,,
14766550,2,ABOVE,majority_baseline,none,IN-RANGE,,,
14766552,2,ABOVE,majority_baseline,none,IN-RANGE,,,
14766553,2,ABOVE,majority_baseline,none,IN-RANGE,,,
14766562,2,ABOVE,majority_baseline,none,IN-RANGE,,,
14766564,2,ABOVE,majority_baseline,none,IN-RANGE,,,
14766566,2,ABOVE,majority_baseline,none,IN-RANGE,,,
14769816,2,BELOW,majority_baseline,none,IN-RANGE,,,
14769824,2,BELOW,majority_baseline,none,IN-RANGE,,,
14769826,2,BELOW,majority_baseline,none,IN-RANGE,,,
14769830,2,BELOW,majority_baseline,none,IN-RANGE,,,
14769834,2,BELOW,majority_baseline,none,IN-RANGE,,,
14769841,2,BELOW,majority_baseline,none,IN-RANGE,,,
14769848,2,BELOW,majority_baseline,none,IN-RANGE,,,
14769850,2,BELOW,majority_baseline,none,IN-RANGE,,,
14769854,2,BELOW,majority_baseline,none,IN-RANGE,,,
14769863,2,BELOW,majority_baseline,none,IN-RANGE,,,
14769865,2,BELOW,majority_baseline,none,IN-RANGE,,,
14758723,2,BELOW,LogisticRegression,descriptors,BELOW,0.4510142663201891,0.26871894758806986,0.28026678609174105
14758729,2,BELOW,LogisticRegression,descriptors,BELOW,0.34981012765554254,0.3414578979130688,0.30873197443138867
14758730,2,BELOW,LogisticRegression,descriptors,BELOW,0.617190284473772,0.28719169458525956,0.0956180209409685
14758737,2,BELOW,LogisticRegression,descriptors,BELOW,0.4748093315073486,0.35069867015779477,0.17449199833485657
14758752,2,BELOW,LogisticRegression,descriptors,BELOW,0.3904223064997958,0.34203828229237665,0.2675394112078275
14758755,2,BELOW,LogisticRegression,descriptors,IN-RANGE,0.40810072207834586,0.45033842876884156,0.14156084915281267
14758758,2,BELOW,LogisticRegression,descriptors,ABOVE,0.05865599712081244,0.0532564281320601,0.8880875747471274
14758762,2,BELOW,LogisticRegression,descriptors,BELOW,0.4746350374397083,0.3303532313669015,0.19501173119339024
14758777,2,BELOW,LogisticRegression,descriptors,IN-RANGE,0.4000936440835286,0.5008116604111658,0.09909469550530567
14758780,2,BELOW,LogisticRegression,descriptors,BELOW,0.7000031600005996,0.2437701794187677,0.056226660580632686
14758782,2,BELOW,LogisticRegression,descriptors,BELOW,0.5941822696990537,0.27946983620659865,0.12634789409434768
14758783,2,BELOW,LogisticRegression,descriptors,ABOVE,0.31091050916072155,0.31136072491132966,0.37772876592794885
14758787,2,BELOW,LogisticRegression,descriptors,ABOVE,0.3228364762424656,0.2985038545246528,0.3786596692328817
14758790,2,BELOW,LogisticRegression,descriptors,BELOW,0.4575971806901599,0.31290536541546327,0.2294974538943769
14758793,2,BELOW,LogisticRegression,descriptors,ABOVE,0.2504771676321729,0.2742699106093223,0.4752529217585048
14758794,2,BELOW,LogisticRegression,descriptors,IN-RANGE,0.2562390738902958,0.40988287812548835,0.3338780479842157
14758801,2,BELOW,LogisticRegression,descriptors,IN-RANGE,0.27193907243989596,0.4223849997928432,0.3056759277672607
14758803,2,BELOW,LogisticRegression,descriptors,BELOW,0.4309995169548632,0.3499590081404687,0.219041474904668
14758818,2,BELOW,LogisticRegression,descriptors,BELOW,0.607279546699368,0.31530163666145283,0.07741881663917934
14758819,2,BELOW,LogisticRegression,descriptors,IN-RANGE,0.3693098818180618,0.43315690482159697,0.19753321336034121
14758820,2,BELOW,LogisticRegression,descriptors,BELOW,0.4968033071545015,0.291902181318674,0.2112945115268244
14758823,2,BELOW,LogisticRegression,descriptors,BELOW,0.5260555272719976,0.2719459855448988,0.20199848718310362
14758844,2,BELOW,LogisticRegression,descriptors,ABOVE,0.31091050916072155,0.31136072491132966,0.37772876592794885
14758847,2,BELOW,LogisticRegression,descriptors,BELOW,0.4557963314503649,0.2800382715817403,0.26416539696789476
14758848,2,BELOW,LogisticRegression,descriptors,ABOVE,0.2749538320078251,0.33488253513512484,0.3901636328570502
14758852,2,BELOW,LogisticRegression,descriptors,BELOW,0.558527647269989,0.28904695780871764,0.15242539492129328
14758856,2,BELOW,LogisticRegression,descriptors,BELOW,0.38013522584496356,0.3477202215369658,0.2721445526180706
14758858,2,BELOW,LogisticRegression,descriptors,BELOW,0.43268057486577355,0.37318904739949543,0.194130377734731
14758859,2,BELOW,LogisticRegression,descriptors,BELOW,0.5144453102831885,0.426328728102891,0.05922596161392044
14758865,2,BELOW,LogisticRegression,descriptors,BELOW,0.5237548725239554,0.3243863282157843,0.15185879926026033
14758868,2,BELOW,LogisticRegression,descriptors,IN-RANGE,0.30725710535346307,0.39332334972692307,0.29941954491961387
14758870,2,BELOW,LogisticRegression,descriptors,IN-RANGE,0.34820034956470247,0.3753444250608902,0.27645522537440737
14758875,2,BELOW,LogisticRegression,descriptors,IN-RANGE,0.31897798021717294,0.4019896053973291,0.27903241438549803
14758877,2,BELOW,LogisticRegression,descriptors,IN-RANGE,0.2944055931645161,0.408401442555535,0.2971929642799488
14758880,2,BELOW,LogisticRegression,descriptors,IN-RANGE,0.3728771934116551,0.3848173733834754,0.24230543320486955
14758881,2,BELOW,LogisticRegression,descriptors,IN-RANGE,0.2944055931645161,0.408401442555535,0.2971929642799488
14758882,2,BELOW,LogisticRegression,descriptors,BELOW,0.5285583733274769,0.40611542667928907,0.06532619999323401
14758883,2,BELOW,LogisticRegression,descriptors,IN-RANGE,0.3066188540987364,0.40920359495560554,0.28417755094565805
14758889,2,BELOW,LogisticRegression,descriptors,IN-RANGE,0.2944055931645161,0.408401442555535,0.2971929642799488
14758901,2,BELOW,LogisticRegression,descriptors,IN-RANGE,0.2944055931645161,0.408401442555535,0.2971929642799488
14758902,2,BELOW,LogisticRegression,descriptors,IN-RANGE,0.3766273963416747,0.5036456136047185,0.11972699005360689
14758904,2,BELOW,LogisticRegression,descriptors,ABOVE,0.3149680909072945,0.3310721431630319,0.35395976592967365
14758908,2,BELOW,LogisticRegression,descriptors,IN-RANGE,0.2676978364432214,0.40839110579977084,0.3239110577570077
14758915,2,BELOW,LogisticRegression,descriptors,BELOW,0.5638693586749992,0.20493692844019337,0.23119371288480756
14758972,2,IN-RANGE,LogisticRegression,descriptors,BELOW,0.5467966679601816,0.2740965708116626,0.1791067612281558
14758976,2,IN-RANGE,LogisticRegression,descriptors,ABOVE,0.21022902036394067,0.24455368032182126,0.5452172993142381
14758983,2,IN-RANGE,LogisticRegression,descriptors,IN-RANGE,0.2774944531693625,0.3726204251095207,0.34988512172111674
14758986,2,IN-RANGE,LogisticRegression,descriptors,BELOW,0.4557963314503649,0.2800382715817403,0.26416539696789476
14758987,2,IN-RANGE,LogisticRegression,descriptors,ABOVE,0.29635664121599303,0.33499253524679945,0.36865082353720746
14758997,2,IN-RANGE,LogisticRegression,descriptors,IN-RANGE,0.2253884341420509,0.5076231510977257,0.26698841476022345
14759804,2,IN-RANGE,LogisticRegression,descriptors,IN-RANGE,0.20775271073793755,0.6295022120425997,0.1627450772194627
14759806,2,IN-RANGE,LogisticRegression,descriptors,BELOW,0.5246416252515469,0.26593286911785174,0.2094255056306013
14759808,2,IN-RANGE,LogisticRegression,descriptors,BELOW,0.44542935656166316,0.3423825188147093,0.21218812462362754
14759816,2,IN-RANGE,LogisticRegression,descriptors,BELOW,0.43542109487363473,0.21859572437193303,0.3459831807544324
14759836,2,IN-RANGE,LogisticRegression,descriptors,BELOW,0.6532470998321689,0.2747046754335591,0.07204822473427201
14759875,2,IN-RANGE,LogisticRegression,descriptors,BELOW,0.44672019816708225,0.38966239524230706,0.16361740659061066
14759896,2,IN-RANGE,LogisticRegression,descriptors,IN-RANGE,0.4410048450424972,0.5021393940829122,0.056855760874590607
14759898,2,IN-RANGE,LogisticRegression,descriptors,IN-RANGE,0.42253277516227095,0.43918424320385147,0.13828298163387764
14759901,2,IN-RANGE,LogisticRegression,descriptors,ABOVE,0.2831154071116785,0.3035166669770633,0.4133679259112583
14759905,2,IN-RANGE,LogisticRegression,descriptors,ABOVE,0.20107426539912607,0.3124906973217809,0.48643503727909293
14759908,2,IN-RANGE,LogisticRegression,descriptors,BELOW,0.3926995887127632,0.29120796538334115,0.31609244590389557
14759911,2,IN-RANGE,LogisticRegression,descriptors,ABOVE,0.22576019953226417,0.23382970640500286,0.5404100940627329
14759913,2,IN-RANGE,LogisticRegression,descriptors,IN-RANGE,0.3936163147550419,0.5136634454817905,0.09272023976316744
14759923,2,IN-RANGE,LogisticRegression,descriptors,IN-RANGE,0.2856197362775208,0.42756535846786625,0.2868149052546128
14759969,2,IN-RANGE,LogisticRegression,descriptors,BELOW,0.4437971190077054,0.3082533630668869,0.24794951792540754
14759970,2,IN-RANGE,LogisticRegression,descriptors,BELOW,0.38582531203166875,0.3622223957252315,0.25195229224309973
14759973,2,IN-RANGE,LogisticRegression,descriptors,ABOVE,0.22800470913739787,0.3415465285600772,0.4304487623025249
14759980,2,IN-RANGE,LogisticRegression,descriptors,BELOW,0.6155588444377765,0.3000894128733184,0.08435174268890502
14759982,2,IN-RANGE,LogisticRegression,descriptors,IN-RANGE,0.30725710535346307,0.39332334972692307,0.29941954491961387
14759988,2,IN-RANGE,LogisticRegression,descriptors,ABOVE,0.32114576557989233,0.2551086603639955,0.42374557405611224
14759993,2,IN-RANGE,LogisticRegression,descriptors,ABOVE,0.21968589697643365,0.3742916077447282,0.4060224952788382
14760013,2,IN-RANGE,LogisticRegression,descriptors,ABOVE,0.2412829075849134,0.28659531639549135,0.4721217760195952
14760014,2,IN-RANGE,LogisticRegression,descriptors,ABOVE,0.13200368415515037,0.13869059154327634,0.7293057243015733
14760020,2,IN-RANGE,LogisticRegression,descriptors,ABOVE,0.27998585168757467,0.27828792477078496,0.44172622354164043
14760031,2,IN-RANGE,LogisticRegression,descriptors,IN-RANGE,0.18737270756180172,0.6515335363112018,0.16109375612699647
14761124,2,IN-RANGE,LogisticRegression,descriptors,IN-RANGE,0.3936163147550419,0.5136634454817905,0.09272023976316744
14761135,2,IN-RANGE,LogisticRegression,descriptors,ABOVE,0.1753256864957366,0.34225646863076653,0.4824178448734969
14761158,2,IN-RANGE,LogisticRegression,descriptors,BELOW,0.6348061552313314,0.2627879520643205,0.10240589270434805
14761161,2,IN-RANGE,LogisticRegression,descriptors,BELOW,0.43593865666109466,0.2742876089766978,0.28977373436220755
14761175,2,IN-RANGE,LogisticRegression,descriptors,IN-RANGE,0.3936163147550419,0.5136634454817905,0.09272023976316744
14761177,2,IN-RANGE,LogisticRegression,descriptors,IN-RANGE,0.34003091731460233,0.38893263685471274,0.2710364458306849
14761179,2,IN-RANGE,LogisticRegression,descriptors,ABOVE,0.3225156248318526,0.2954675766980911,0.3820167984700564
14761191,2,IN-RANGE,LogisticRegression,descriptors,ABOVE,0.215244808858289,0.35269623837205244,0.4320589527696585
14761202,2,IN-RANGE,LogisticRegression,descriptors,ABOVE,0.07954818409225062,0.21619497113784006,0.7042568447699092
14761209,2,IN-RANGE,LogisticRegression,descriptors,ABOVE,0.058153726375572826,0.1512632689618521,0.790583004662575
14761212,2,IN-RANGE,LogisticRegression,descriptors,BELOW,0.6035714687297472,0.27453030636294223,0.12189822490731053
14761231,2,IN-RANGE,LogisticRegression,descriptors,BELOW,0.5114020314153797,0.42952205822326034,0.05907591036136
14761234,2,IN-RANGE,LogisticRegression,descriptors,ABOVE,0.25125395574073245,0.27903373014428434,0.46971231411498326
14761251,2,IN-RANGE,LogisticRegression,descriptors,IN-RANGE,0.16852225278721736,0.6724617396976885,0.1590160075150941
14761267,2,IN-RANGE,LogisticRegression,descriptors,BELOW,0.4304478696254316,0.3007892329131654,0.268762897461403
14761315,2,IN-RANGE,LogisticRegression,descriptors,IN-RANGE,0.30725710535346307,0.39332334972692307,0.29941954491961387
14761320,2,IN-RANGE,LogisticRegression,descriptors,BELOW,0.3800134177665763,0.3758861679499328,0.24410041428349094
14761363,2,IN-RANGE,LogisticRegression,descriptors,IN-RANGE,0.37131450814230865,0.5345110294241846,0.09417446243350679
14761368,2,IN-RANGE,LogisticRegression,descriptors,IN-RANGE,0.17754906086459757,0.6761112219889523,0.14633971714645022
14761369,2,IN-RANGE,LogisticRegression,descriptors,IN-RANGE,0.40810072207834586,0.45033842876884156,0.14156084915281267
14762228,2,IN-RANGE,LogisticRegression,descriptors,ABOVE,0.15173990903019455,0.35903393659234906,0.4892261543774565
14762231,2,IN-RANGE,LogisticRegression,descriptors,IN-RANGE,0.45289453323020296,0.474938006983336,0.07216745978646118
14762233,2,IN-RANGE,LogisticRegression,descriptors,ABOVE,0.2478583613877724,0.2707016241522752,0.48144001445995244
14762236,2,IN-RANGE,LogisticRegression,descriptors,BELOW,0.43904893555249935,0.42218684065905304,0.13876422378844774
14762254,2,IN-RANGE,LogisticRegression,descriptors,BELOW,0.4348313576956213,0.33380135874738875,0.2313672835569899
14762272,2,IN-RANGE,LogisticRegression,descriptors,IN-RANGE,0.34388175247499186,0.5441694056447008,0.11194884188030715
14762273,2,IN-RANGE,LogisticRegression,descriptors,ABOVE,0.09905284486035011,0.17067611355430676,0.7302710415853431
14762274,2,IN-RANGE,LogisticRegression,descriptors,IN-RANGE,0.37421228992636035,0.44891142105528015,0.17687628901835956
14762281,2,IN-RANGE,LogisticRegression,descriptors,IN-RANGE,0.2232138159124407,0.5115299702156401,0.2652562138719192
14762282,2,IN-RANGE,LogisticRegression,descriptors,ABOVE,0.10287813238796055,0.13955782157534175,0.7575640460366977
14762328,2,IN-RANGE,LogisticRegression,descriptors,IN-RANGE,0.23171714175643707,0.675270941666894,0.09301191657666885
14762334,2,IN-RANGE,LogisticRegression,descriptors,IN-RANGE,0.4000936440835286,0.5008116604111658,0.09909469550530567
14762347,2,IN-RANGE,LogisticRegression,descriptors,BELOW,0.4350748492506849,0.36229689690018135,0.20262825384913366
14762352,2,IN-RANGE,LogisticRegression,descriptors,ABOVE,0.32920091446585364,0.24687798063300967,0.4239211049011367
14762356,2,IN-RANGE,LogisticRegression,descriptors,BELOW,0.39527793664675154,0.34592293261041335,0.2587991307428351
14762357,2,IN-RANGE,LogisticRegression,descriptors,ABOVE,0.2616919465449399,0.24836350255688847,0.48994455089817174
14762361,2,IN-RANGE,LogisticRegression,descriptors,IN-RANGE,0.37763422138346175,0.525603386715519,0.09676239190101926
14762384,2,IN-RANGE,LogisticRegression,descriptors,IN-RANGE,0.21132436910525113,0.646096927903494,0.14257870299125486
14762385,2,IN-RANGE,LogisticRegression,descriptors,IN-RANGE,0.21408651038243476,0.6867462446798708,0.09916724493769458
14762386,2,IN-RANGE,LogisticRegression,descriptors,BELOW,0.361052956687123,0.3544038862284569,0.28454315708442
14762415,2,IN-RANGE,LogisticRegression,descriptors,ABOVE,0.10061480663702484,0.10535593405889902,0.7940292593040762
14762416,2,IN-RANGE,LogisticRegression,descriptors,ABOVE,0.31834110354464873,0.3028240358466481,0.3788348606087031
14762427,2,IN-RANGE,LogisticRegression,descriptors,BELOW,0.5816050348082835,0.28696490715815964,0.1314300580335567
14762437,2,IN-RANGE,LogisticRegression,descriptors,ABOVE,0.30151232135066935,0.32913306257877545,0.3693546160705552
14762438,2,IN-RANGE,LogisticRegression,descriptors,ABOVE,0.2052308524468087,0.22823822386948114,0.5665309236837102
14762442,2,IN-RANGE,LogisticRegression,descriptors,BELOW,0.4621981935959509,0.2645291636868949,0.2732726427171542
14762448,2,IN-RANGE,LogisticRegression,descriptors,ABOVE,0.1293151369750286,0.38572887669561157,0.48495598632935993
14762464,2,IN-RANGE,LogisticRegression,descriptors,IN-RANGE,0.3056768041717851,0.45058670594576977,0.24373648988244526
14762466,2,IN-RANGE,LogisticRegression,descriptors,BELOW,0.46134744381678144,0.41034234236027883,0.12831021382293972
14763245,2,IN-RANGE,LogisticRegression,descriptors,ABOVE,0.20647188578387282,0.31516966428190774,0.47835844993421944
14763252,2,IN-RANGE,LogisticRegression,descriptors,ABOVE,0.09367116169157216,0.2249026394583913,0.6814261988500364
14763253,2,IN-RANGE,LogisticRegression,descriptors,IN-RANGE,0.20466937223489684,0.6517894911804127,0.14354113658469045
14763254,2,IN-RANGE,LogisticRegression,descriptors,IN-RANGE,0.23171714175643707,0.675270941666894,0.09301191657666885
14763285,2,IN-RANGE,LogisticRegression,descriptors,IN-RANGE,0.31043771968469275,0.4552392491548428,0.23432303116046446
14763297,2,IN-RANGE,LogisticRegression,descriptors,BELOW,0.48209678408057677,0.33207771534032554,0.1858255005790976
14763300,2,IN-RANGE,LogisticRegression,descriptors,IN-RANGE,0.23821171374982109,0.6289610917909512,0.13282719445922772
14763301,2,IN-RANGE,LogisticRegression,descriptors,IN-RANGE,0.21132436910525107,0.646096927903494,0.1425787029912549
14763303,2,IN-RANGE,LogisticRegression,descriptors,IN-RANGE,0.2739570117798517,0.48335692860641144,0.24268605961373685
14763322,2,IN-RANGE,LogisticRegression,descriptors,IN-RANGE,0.26857386606672007,0.41333710053717815,0.31808903339610184
14763324,2,IN-RANGE,LogisticRegression,descriptors,ABOVE,0.34674691193523105,0.2760819886437097,0.3771710994210593
14763353,2,IN-RANGE,LogisticRegression,descriptors,IN-RANGE,0.23171714175643707,0.675270941666894,0.09301191657666885
14763359,2,IN-RANGE,LogisticRegression,descriptors,IN-RANGE,0.2966903536910764,0.3927713913371957,0.3105382549717279
14763397,2,IN-RANGE,LogisticRegression,descriptors,ABOVE,0.162422195101112,0.24442625179808097,0.593151553100807
14763399,2,IN-RANGE,LogisticRegression,descriptors,IN-RANGE,0.30944804321611685,0.4807859429347911,0.20976601384909213
14763432,2,IN-RANGE,LogisticRegression,descriptors,ABOVE,0.31575176310331554,0.34019650051712036,0.34405173637956415
14763444,2,IN-RANGE,LogisticRegression,descriptors,ABOVE,0.10877239747112688,0.25666022517770115,0.6345673773511721
14763445,2,IN-RANGE,LogisticRegression,descriptors,IN-RANGE,0.3598766970710946,0.49401349535514794,0.14610980757375738
14763450,2,IN-RANGE,LogisticRegression,descriptors,ABOVE,0.28407685730349724,0.26454168861411653,0.45138145408238617
14763467,2,IN-RANGE,LogisticRegression,descriptors,IN-RANGE,0.25501681231613704,0.39293382148571465,0.35204936619814836
14763471,2,IN-RANGE,LogisticRegression,descriptors,IN-RANGE,0.36146329780793623,0.4678923823960757,0.17064431979598807
14763487,2,IN-RANGE,LogisticRegression,descriptors,BELOW,0.3909541868085154,0.3473471708527406,0.261698642338744
14763488,2,IN-RANGE,LogisticRegression,descriptors,IN-RANGE,0.3334008587303455,0.4276711242137658,0.23892801705588881
14763498,2,IN-RANGE,LogisticRegression,descriptors,ABOVE,0.26297530229257166,0.349619722897829,0.38740497480959935
14764309,2,IN-RANGE,LogisticRegression,descriptors,BELOW,0.5548007529248298,0.31734381206332823,0.12785543501184207
14764318,2,IN-RANGE,LogisticRegression,descriptors,BELOW,0.4210989132650174,0.36839342630983435,0.2105076604251483
14764319,2,IN-RANGE,LogisticRegression,descriptors,BELOW,0.5107734404962047,0.3360552461622867,0.15317131334150869
14764351,2,IN-RANGE,LogisticRegression,descriptors,ABOVE,0.287319881745675,0.26511876305042636,0.44756135520389867
14764357,2,IN-RANGE,LogisticRegression,descriptors,ABOVE,0.2346262810618404,0.3473349138521415,0.41803880508601804
14764363,2,IN-RANGE,LogisticRegression,descriptors,ABOVE,0.3347945710837488,0.3128519098746587,0.35235351904159246
14764376,2,IN-RANGE,LogisticRegression,descriptors,IN-RANGE,0.10491608954890332,0.46261683042003315,0.43246708003106366
14764393,2,IN-RANGE,LogisticRegression,descriptors,BELOW,0.4025240571251916,0.2858964444373712,0.31157949843743715
14764395,2,IN-RANGE,LogisticRegression,descriptors,IN-RANGE,0.22893632684390763,0.41924861000358066,0.3518150631525117
14764435,2,IN-RANGE,LogisticRegression,descriptors,BELOW,0.5232259078007888,0.22614567858804493,0.25062841361116633
14764454,2,IN-RANGE,LogisticRegression,descriptors,ABOVE,0.1799635482645587,0.3533760368314611,0.46666041490398014
14764464,2,IN-RANGE,LogisticRegression,descriptors,BELOW,0.4846597359859257,0.3216276015507086,0.19371266246336555
14764479,2,IN-RANGE,LogisticRegression,descriptors,IN-RANGE,0.3555744982208299,0.4059324285950624,0.23849307318410762
14764483,2,IN-RANGE,LogisticRegression,descriptors,ABOVE,0.3196235873333349,0.2102712560955244,0.47010515657114066
14764488,2,IN-RANGE,LogisticRegression,descriptors,ABOVE,0.3083570268297098,0.3363838678180688,0.3552591053522214
14764492,2,IN-RANGE,LogisticRegression,descriptors,BELOW,0.700850464030481,0.29789229131675915,0.0012572446527598774
14764497,2,IN-RANGE,LogisticRegression,descriptors,IN-RANGE,0.19269454721619728,0.709343015042394,0.09796243774140875
14764520,2,IN-RANGE,LogisticRegression,descriptors,ABOVE,0.30237444033416827,0.32828113382375196,0.3693444258420798
14764522,2,IN-RANGE,LogisticRegression,descriptors,ABOVE,0.09160424894923977,0.3762985726617739,0.5320971783889863
14765312,2,IN-RANGE,LogisticRegression,descriptors,IN-RANGE,0.19707809053569617,0.6283651764521736,0.17455673301213018
14765322,2,IN-RANGE,LogisticRegression,descriptors,IN-RANGE,0.18025479571222192,0.5275699445369391,0.2921752597508389
14765343,2,IN-RANGE,LogisticRegression,descriptors,ABOVE,0.2972212333230689,0.3388803631887874,0.36389840348814373
14765353,2,IN-RANGE,LogisticRegression,descriptors,IN-RANGE,0.17298038324783346,0.5800386110776873,0.24698100567447928
14765355,2,IN-RANGE,LogisticRegression,descriptors,BELOW,0.4215168616511372,0.3469767044152362,0.2315064339336266
14765361,2,IN-RANGE,LogisticRegression,descriptors,ABOVE,0.31879277686131957,0.285607504079637,0.3955997190590434
14765367,2,IN-RANGE,LogisticRegression,descriptors,ABOVE,0.30562749596482836,0.2694812879787477,0.42489121605642394
14765377,2,IN-RANGE,LogisticRegression,descriptors,ABOVE,0.3216591622964742,0.31946914120660297,0.35887169649692285
14765379,2,IN-RANGE,LogisticRegression,descriptors,IN-RANGE,0.37440526481946174,0.39776016943621983,0.22783456574431848
14765396,2,IN-RANGE,LogisticRegression,descriptors,BELOW,0.46201455963483873,0.42325103371337836,0.11473440665178304
14765408,2,IN-RANGE,LogisticRegression,descriptors,BELOW,0.5298408979596116,0.35204606520726683,0.11811303683312145
14765436,2,IN-RANGE,LogisticRegression,descriptors,ABOVE,0.27880827946377545,0.3350503883914311,0.38614133214479335
14765444,2,IN-RANGE,LogisticRegression,descriptors,ABOVE,0.2927070445077416,0.3454672434939849,0.36182571199827357
14765455,2,IN-RANGE,LogisticRegression,descriptors,BELOW,0.4209236275069589,0.3711409348549015,0.20793543763813965
14765461,2,IN-RANGE,LogisticRegression,descriptors,BELOW,0.502579183447222,0.2547737421841753,0.2426470743686026
14765492,2,IN-RANGE,LogisticRegression,descriptors,BELOW,0.39904529207296596,0.2928328322796364,0.3081218756473977
14765515,2,IN-RANGE,LogisticRegression,descriptors,BELOW,0.40906484887411554,0.3906032005707223,0.20033195055516212
14765521,2,IN-RANGE,LogisticRegression,descriptors,BELOW,0.44240492588205876,0.38324590158170274,0.17434917253623855
14765522,2,IN-RANGE,LogisticRegression,descriptors,BELOW,0.3691211407499495,0.3295561658125134,0.3013226934375371
14765524,2,IN-RANGE,LogisticRegression,descriptors,ABOVE,0.13150031353802885,0.11541878733427782,0.7530808991276933
14765534,2,IN-RANGE,LogisticRegression,descriptors,ABOVE,0.32500522444383084,0.23234678162215613,0.4426479939340131
14765548,2,IN-RANGE,LogisticRegression,descriptors,ABOVE,0.2964277863058506,0.2747201833466031,0.42885203034754626
14765553,2,IN-RANGE,LogisticRegression,descriptors,IN-RANGE,0.3473945638531549,0.37779485780962496,0.27481057833722017
14765562,2,IN-RANGE,LogisticRegression,descriptors,BELOW,0.355749624376138,0.3435120736177869,0.30073830200607504
14765564,2,IN-RANGE,LogisticRegression,descriptors,IN-RANGE,0.2904979392016285,0.401482012868291,0.30802004793008064
14766484,2,ABOVE,LogisticRegression,descriptors,IN-RANGE,0.36119649342843796,0.38820337052301224,0.25060013604854975
14766489,2,ABOVE,LogisticRegression,descriptors,BELOW,0.48053947000895475,0.3495202271292983,0.16994030286174694
14766512,2,ABOVE,LogisticRegression,descriptors,BELOW,0.4001938633340898,0.30826403489209664,0.29154210177381357
14766513,2,ABOVE,LogisticRegression,descriptors,ABOVE,0.26497754771235094,0.3211641173421095,0.41385833494553964
14766514,2,ABOVE,LogisticRegression,descriptors,ABOVE,0.23253800096635122,0.14835990585197842,0.6191020931816703
14766525,2,ABOVE,LogisticRegression,descriptors,BELOW,0.397356263071291,0.3129422990104937,0.2897014379182153
14766530,2,ABOVE,LogisticRegression,descriptors,BELOW,0.4342459016402839,0.4102135686922053,0.15554052966751084
14766536,2,ABOVE,LogisticRegression,descriptors,ABOVE,0.3303786045988689,0.17143518344262237,0.4981862119585089
14766545,2,ABOVE,LogisticRegression,descriptors,IN-RANGE,0.32895551411066287,0.4408772527633013,0.2301672331260357
14766546,2,ABOVE,LogisticRegression,descriptors,ABOVE,0.2223541097426262,0.2992710083866073,0.4783748818707663
14766547,2,ABOVE,LogisticRegression,descriptors,BELOW,0.46217931978946536,0.3665934753000504,0.1712272049104843
14766550,2,ABOVE,LogisticRegression,descriptors,IN-RANGE,0.21935342298348606,0.4511064960083082,0.3295400810082056
14766552,2,ABOVE,LogisticRegression,descriptors,BELOW,0.41866023815650893,0.3466229511525305,0.23471681069096062
14766553,2,ABOVE,LogisticRegression,descriptors,ABOVE,0.32717782650039895,0.2846076417717987,0.3882145317278024
14766562,2,ABOVE,LogisticRegression,descriptors,ABOVE,0.290537459311467,0.29852378520060596,0.41093875548792713
14766564,2,ABOVE,LogisticRegression,descriptors,IN-RANGE,0.35548128712739974,0.37208779351862636,0.27243091935397384
14766566,2,ABOVE,LogisticRegression,descriptors,ABOVE,0.09479353591025913,0.10241544766803627,0.8027910164217046
14769816,2,BELOW,LogisticRegression,descriptors,BELOW,0.4974988601494471,0.3563957974229828,0.14610534242757012
14769824,2,BELOW,LogisticRegression,descriptors,BELOW,0.4562583464042203,0.29224707629470215,0.25149457730107744
14769826,2,BELOW,LogisticRegression,descriptors,IN-RANGE,0.3382145053309025,0.37830889024990344,0.28347660441919414
14769830,2,BELOW,LogisticRegression,descriptors,ABOVE,0.2960744353630912,0.30664358094860567,0.3972819836883032
14769834,2,BELOW,LogisticRegression,descriptors,BELOW,0.47190010306411845,0.3952046306818331,0.13289526625404854
14769841,2,BELOW,LogisticRegression,descriptors,IN-RANGE,0.2790183176827812,0.37604684690450185,0.344934835412717
14769848,2,BELOW,LogisticRegression,descriptors,IN-RANGE,0.42646417764380234,0.43094963038436307,0.14258619197183459
14769850,2,BELOW,LogisticRegression,descriptors,ABOVE,0.31091050916072155,0.31136072491132966,0.37772876592794885
14769854,2,BELOW,LogisticRegression,descriptors,ABOVE,0.17578789553772106,0.2987348920664885,0.5254772123957905
14769863,2,BELOW,LogisticRegression,descriptors,IN-RANGE,0.39252494931688603,0.4422142655159847,0.16526078516712925
14769865,2,BELOW,LogisticRegression,descriptors,BELOW,0.6284646633078882,0.3283867954255154,0.043148541266596466
14758723,2,BELOW,RandomForestClassifier,descriptors,BELOW,0.61,0.34,0.05
14758729,2,BELOW,RandomForestClassifier,descriptors,BELOW,0.46,0.45,0.09
14758730,2,BELOW,RandomForestClassifier,descriptors,IN-RANGE,0.17,0.72,0.11
14758737,2,BELOW,RandomForestClassifier,descriptors,IN-RANGE,0.14,0.72,0.14
14758752,2,BELOW,RandomForestClassifier,descriptors,BELOW,0.5,0.47,0.03
14758755,2,BELOW,RandomForestClassifier,descriptors,IN-RANGE,0.27,0.59,0.14
14758758,2,BELOW,RandomForestClassifier,descriptors,BELOW,0.355,0.295,0.35
14758762,2,BELOW,RandomForestClassifier,descriptors,BELOW,0.5,0.36,0.14
14758777,2,BELOW,RandomForestClassifier,descriptors,IN-RANGE,0.28,0.64,0.08
14758780,2,BELOW,RandomForestClassifier,descriptors,IN-RANGE,0.29,0.64,0.07
14758782,2,BELOW,RandomForestClassifier,descriptors,BELOW,0.625,0.365,0.01
14758783,2,BELOW,RandomForestClassifier,descriptors,BELOW,0.44,0.36,0.2
14758787,2,BELOW,RandomForestClassifier,descriptors,BELOW,0.3766666666666667,0.36333333333333334,0.26
14758790,2,BELOW,RandomForestClassifier,descriptors,BELOW,0.55,0.3,0.15
14758793,2,BELOW,RandomForestClassifier,descriptors,IN-RANGE,0.15,0.56,0.29
14758794,2,BELOW,RandomForestClassifier,descriptors,IN-RANGE,0.18,0.81,0.01
14758801,2,BELOW,RandomForestClassifier,descriptors,IN-RANGE,0.18,0.72,0.1
14758803,2,BELOW,RandomForestClassifier,descriptors,BELOW,0.55,0.43,0.02
14758818,2,BELOW,RandomForestClassifier,descriptors,BELOW,0.52,0.41,0.07
14758819,2,BELOW,RandomForestClassifier,descriptors,IN-RANGE,0.42,0.57,0.01
14758820,2,BELOW,RandomForestClassifier,descriptors,IN-RANGE,0.16,0.73,0.11
14758823,2,BELOW,RandomForestClassifier,descriptors,BELOW,0.52,0.35,0.13
14758844,2,BELOW,RandomForestClassifier,descriptors,BELOW,0.44,0.36,0.2
14758847,2,BELOW,RandomForestClassifier,descriptors,BELOW,0.58,0.3,0.12
14758848,2,BELOW,RandomForestClassifier,descriptors,IN-RANGE,0.39666666666666656,0.44333333333333336,0.16
14758852,2,BELOW,RandomForestClassifier,descriptors,BELOW,0.8375,0.1325,0.03
14758856,2,BELOW,RandomForestClassifier,descriptors,IN-RANGE,0.195,0.735,0.07
14758858,2,BELOW,RandomForestClassifier,descriptors,IN-RANGE,0.4241666666666667,0.5658333333333333,0.01
14758859,2,BELOW,RandomForestClassifier,descriptors,IN-RANGE,0.29,0.7,0.01
14758865,2,BELOW,RandomForestClassifier,descriptors,IN-RANGE,0.29,0.62,0.09
14758868,2,BELOW,RandomForestClassifier,descriptors,IN-RANGE,0.2758333333333333,0.7041666666666666,0.02
14758870,2,BELOW,RandomForestClassifier,descriptors,IN-RANGE,0.215,0.515,0.27
14758875,2,BELOW,RandomForestClassifier,descriptors,IN-RANGE,0.25416666666666665,0.7258333333333333,0.02
14758877,2,BELOW,RandomForestClassifier,descriptors,IN-RANGE,0.29916666666666664,0.6908333333333333,0.01
14758880,2,BELOW,RandomForestClassifier,descriptors,BELOW,0.843,0.147,0.01
14758881,2,BELOW,RandomForestClassifier,descriptors,IN-RANGE,0.29916666666666664,0.6908333333333333,0.01
14758882,2,BELOW,RandomForestClassifier,descriptors,IN-RANGE,0.18,0.66,0.16
14758883,2,BELOW,RandomForestClassifier,descriptors,IN-RANGE,0.24083333333333332,0.7391666666666665,0.02
14758889,2,BELOW,RandomForestClassifier,descriptors,IN-RANGE,0.29916666666666664,0.6908333333333333,0.01
14758901,2,BELOW,RandomForestClassifier,descriptors,IN-RANGE,0.29916666666666664,0.6908333333333333,0.01
14758902,2,BELOW,RandomForestClassifier,descriptors,IN-RANGE,0.34,0.4,0.26
14758904,2,BELOW,RandomForestClassifier,descriptors,BELOW,0.46666666666666673,0.4433333333333333,0.09
14758908,2,BELOW,RandomForestClassifier,descriptors,IN-RANGE,0.22,0.76,0.02
14758915,2,BELOW,RandomForestClassifier,descriptors,BELOW,0.58,0.41,0.01
14758972,2,IN-RANGE,RandomForestClassifier,descriptors,BELOW,0.72,0.2,0.08
14758976,2,IN-RANGE,RandomForestClassifier,descriptors,BELOW,0.49,0.37,0.14
14758983,2,IN-RANGE,RandomForestClassifier,descriptors,BELOW,0.66,0.25,0.09
14758986,2,IN-RANGE,RandomForestClassifier,descriptors,BELOW,0.58,0.3,0.12
14758987,2,IN-RANGE,RandomForestClassifier,descriptors,IN-RANGE,0.24166666666666667,0.5783333333333334,0.18
14758997,2,IN-RANGE,RandomForestClassifier,descriptors,IN-RANGE,0.14,0.7342619047619049,0.12573809523809523
14759804,2,IN-RANGE,RandomForestClassifier,descriptors,IN-RANGE,0.29,0.7014285714285714,0.00857142857142857
14759806,2,IN-RANGE,RandomForestClassifier,descriptors,IN-RANGE,0.3185,0.6714999999999999,0.01
14759808,2,IN-RANGE,RandomForestClassifier,descriptors,IN-RANGE,0.28,0.56,0.16
14759816,2,IN-RANGE,RandomForestClassifier,descriptors,IN-RANGE,0.35,0.57,0.08
14759836,2,IN-RANGE,RandomForestClassifier,descriptors,BELOW,0.6,0.34,0.06
14759875,2,IN-RANGE,RandomForestClassifier,descriptors,BELOW,0.39,0.34,0.27
14759896,2,IN-RANGE,RandomForestClassifier,descriptors,IN-RANGE,0.19,0.58,0.23
14759898,2,IN-RANGE,RandomForestClassifier,descriptors,IN-RANGE,0.26,0.62,0.12
14759901,2,IN-RANGE,RandomForestClassifier,descriptors,IN-RANGE,0.38416666666666666,0.40583333333333343,0.21
14759905,2,IN-RANGE,RandomForestClassifier,descriptors,BELOW,0.4016428571428572,0.34835714285714287,0.25
14759908,2,IN-RANGE,RandomForestClassifier,descriptors,IN-RANGE,0.42,0.45,0.13
14759911,2,IN-RANGE,RandomForestClassifier,descriptors,IN-RANGE,0.15,0.6,0.25
14759913,2,IN-RANGE,RandomForestClassifier,descriptors,IN-RANGE,0.12,0.74,0.14
14759923,2,IN-RANGE,RandomForestClassifier,descriptors,IN-RANGE,0.39,0.51,0.1
14759969,2,IN-RANGE,RandomForestClassifier,descriptors,BELOW,0.62,0.23,0.15
14759970,2,IN-RANGE,RandomForestClassifier,descriptors,BELOW,0.5666666666666668,0.34333333333333327,0.09
14759973,2,IN-RANGE,RandomForestClassifier,descriptors,IN-RANGE,0.18,0.6666666666666665,0.15333333333333335
14759980,2,IN-RANGE,RandomForestClassifier,descriptors,IN-RANGE,0.3,0.68,0.02
14759982,2,IN-RANGE,RandomForestClassifier,descriptors,IN-RANGE,0.2758333333333333,0.7041666666666666,0.02
14759988,2,IN-RANGE,RandomForestClassifier,descriptors,ABOVE,0.185,0.115,0.7
14759993,2,IN-RANGE,RandomForestClassifier,descriptors,IN-RANGE,0.32,0.63,0.05
14760013,2,IN-RANGE,RandomForestClassifier,descriptors,IN-RANGE,0.16,0.54,0.3
14760014,2,IN-RANGE,RandomForestClassifier,descriptors,IN-RANGE,0.29,0.5,0.21
14760020,2,IN-RANGE,RandomForestClassifier,descriptors,IN-RANGE,0.14,0.53,0.33
14760031,2,IN-RANGE,RandomForestClassifier,descriptors,IN-RANGE,0.02,0.97,0.01
14761124,2,IN-RANGE,RandomForestClassifier,descriptors,IN-RANGE,0.12,0.74,0.14
14761135,2,IN-RANGE,RandomForestClassifier,descriptors,IN-RANGE,0.42,0.47,0.11
14761158,2,IN-RANGE,RandomForestClassifier,descriptors,BELOW,0.5125,0.3775,0.11
14761161,2,IN-RANGE,RandomForestClassifier,descriptors,IN-RANGE,0.48,0.49,0.03
14761175,2,IN-RANGE,RandomForestClassifier,descriptors,IN-RANGE,0.12,0.74,0.14
14761177,2,IN-RANGE,RandomForestClassifier,descriptors,IN-RANGE,0.435,0.445,0.12
14761179,2,IN-RANGE,RandomForestClassifier,descriptors,IN-RANGE,0.2,0.66,0.14
14761191,2,IN-RANGE,RandomForestClassifier,descriptors,IN-RANGE,0.26,0.39,0.35
14761202,2,IN-RANGE,RandomForestClassifier,descriptors,ABOVE,0.23,0.35,0.42
14761209,2,IN-RANGE,RandomForestClassifier,descriptors,IN-RANGE,0.13,0.73,0.14
14761212,2,IN-RANGE,RandomForestClassifier,descriptors,BELOW,0.63,0.32,0.05
14761231,2,IN-RANGE,RandomForestClassifier,descriptors,IN-RANGE,0.276,0.6164999999999999,0.1075
14761234,2,IN-RANGE,RandomForestClassifier,descriptors,BELOW,0.3891666666666667,0.3608333333333333,0.25
14761251,2,IN-RANGE,RandomForestClassifier,descriptors,IN-RANGE,0.04,0.96,0.0
14761267,2,IN-RANGE,RandomForestClassifier,descriptors,BELOW,0.6766666666666667,0.21333333333333332,0.11
14761315,2,IN-RANGE,RandomForestClassifier,descriptors,IN-RANGE,0.2758333333333333,0.7041666666666666,0.02
14761320,2,IN-RANGE,RandomForestClassifier,descriptors,IN-RANGE,0.16,0.67,0.17
14761363,2,IN-RANGE,RandomForestClassifier,descriptors,IN-RANGE,0.1,0.84,0.06
14761368,2,IN-RANGE,RandomForestClassifier,descriptors,IN-RANGE,0.03,0.82,0.15
14761369,2,IN-RANGE,RandomForestClassifier,descriptors,IN-RANGE,0.27,0.59,0.14
14762228,2,IN-RANGE,RandomForestClassifier,descriptors,IN-RANGE,0.26166666666666666,0.5183333333333333,0.22
14762231,2,IN-RANGE,RandomForestClassifier,descriptors,IN-RANGE,0.17,0.7,0.13
14762233,2,IN-RANGE,RandomForestClassifier,descriptors,IN-RANGE,0.14,0.66,0.2
14762236,2,IN-RANGE,RandomForestClassifier,descriptors,IN-RANGE,0.33,0.61,0.06
14762254,2,IN-RANGE,RandomForestClassifier,descriptors,BELOW,0.6375,0.3525,0.01
14762272,2,IN-RANGE,RandomForestClassifier,descriptors,IN-RANGE,0.23,0.67,0.1
14762273,2,IN-RANGE,RandomForestClassifier,descriptors,ABOVE,0.09,0.35,0.56
14762274,2,IN-RANGE,RandomForestClassifier,descriptors,IN-RANGE,0.085,0.9064285714285714,0.00857142857142857
14762281,2,IN-RANGE,RandomForestClassifier,descriptors,IN-RANGE,0.09,0.51,0.4
14762282,2,IN-RANGE,RandomForestClassifier,descriptors,IN-RANGE,0.24,0.48,0.28
14762328,2,IN-RANGE,RandomForestClassifier,descriptors,IN-RANGE,0.07,0.87,0.06
14762334,2,IN-RANGE,RandomForestClassifier,descriptors,IN-RANGE,0.28,0.64,0.08
14762347,2,IN-RANGE,RandomForestClassifier,descriptors,IN-RANGE,0.24,0.56,0.2
14762352,2,IN-RANGE,RandomForestClassifier,descriptors,BELOW,0.48933333333333323,0.36066666666666664,0.15
14762356,2,IN-RANGE,RandomForestClassifier,descriptors,IN-RANGE,0.28,0.53,0.19
14762357,2,IN-RANGE,RandomForestClassifier,descriptors,IN-RANGE,0.2,0.54,0.26
14762361,2,IN-RANGE,RandomForestClassifier,descriptors,IN-RANGE,0.08,0.85,0.07
14762384,2,IN-RANGE,RandomForestClassifier,descriptors,IN-RANGE,0.0,0.95,0.05
14762385,2,IN-RANGE,RandomForestClassifier,descriptors,IN-RANGE,0.04,0.96,0.0
14762386,2,IN-RANGE,RandomForestClassifier,descriptors,IN-RANGE,0.35,0.51,0.14
14762415,2,IN-RANGE,RandomForestClassifier,descriptors,IN-RANGE,0.29,0.41,0.3
14762416,2,IN-RANGE,RandomForestClassifier,descriptors,IN-RANGE,0.3285714285714286,0.5614285714285714,0.11
14762427,2,IN-RANGE,RandomForestClassifier,descriptors,IN-RANGE,0.3585714285714286,0.5714285714285714,0.07
14762437,2,IN-RANGE,RandomForestClassifier,descriptors,ABOVE,0.08,0.4,0.52
14762438,2,IN-RANGE,RandomForestClassifier,descriptors,IN-RANGE,0.105,0.6666666666666665,0.22833333333333336
14762442,2,IN-RANGE,RandomForestClassifier,descriptors,IN-RANGE,0.25,0.44,0.31
14762448,2,IN-RANGE,RandomForestClassifier,descriptors,IN-RANGE,0.15,0.483095238095238,0.36690476190476196
14762464,2,IN-RANGE,RandomForestClassifier,descriptors,ABOVE,0.15,0.37,0.48
14762466,2,IN-RANGE,RandomForestClassifier,descriptors,IN-RANGE,0.32,0.62,0.06
14763245,2,IN-RANGE,RandomForestClassifier,descriptors,IN-RANGE,0.36,0.41,0.23
14763252,2,IN-RANGE,RandomForestClassifier,descriptors,IN-RANGE,0.09,0.48,0.43
14763253,2,IN-RANGE,RandomForestClassifier,descriptors,IN-RANGE,0.06,0.92,0.02
14763254,2,IN-RANGE,RandomForestClassifier,descriptors,IN-RANGE,0.07,0.87,0.06
14763285,2,IN-RANGE,RandomForestClassifier,descriptors,IN-RANGE,0.26,0.63,0.11
14763297,2,IN-RANGE,RandomForestClassifier,descriptors,IN-RANGE,0.26857142857142857,0.6114285714285714,0.12
14763300,2,IN-RANGE,RandomForestClassifier,descriptors,IN-RANGE,0.1475,0.7325,0.12
14763301,2,IN-RANGE,RandomForestClassifier,descriptors,IN-RANGE,0.0,0.95,0.05
14763303,2,IN-RANGE,RandomForestClassifier,descriptors,IN-RANGE,0.23,0.74,0.03
14763322,2,IN-RANGE,RandomForestClassifier,descriptors,IN-RANGE,0.31,0.4828571428571429,0.20714285714285716
14763324,2,IN-RANGE,RandomForestClassifier,descriptors,BELOW,0.61,0.27,0.12
14763353,2,IN-RANGE,RandomForestClassifier,descriptors,IN-RANGE,0.07,0.87,0.06
14763359,2,IN-RANGE,RandomForestClassifier,descriptors,IN-RANGE,0.1025,0.7175,0.18
14763397,2,IN-RANGE,RandomForestClassifier,descriptors,IN-RANGE,0.08675000000000001,0.51325,0.4
14763399,2,IN-RANGE,RandomForestClassifier,descriptors,IN-RANGE,0.405,0.555,0.04
14763432,2,IN-RANGE,RandomForestClassifier,descriptors,ABOVE,0.22633333333333333,0.26366666666666666,0.51
14763444,2,IN-RANGE,RandomForestClassifier,descriptors,IN-RANGE,0.25,0.43583333333333335,0.3141666666666667
14763445,2,IN-RANGE,RandomForestClassifier,descriptors,IN-RANGE,0.24,0.68,0.08
14763450,2,IN-RANGE,RandomForestClassifier,descriptors,ABOVE,0.198,0.36200000000000004,0.44
14763467,2,IN-RANGE,RandomForestClassifier,descriptors,IN-RANGE,0.2,0.7564285714285713,0.04357142857142857
14763471,2,IN-RANGE,RandomForestClassifier,descriptors,IN-RANGE,0.29,0.54,0.17
14763487,2,IN-RANGE,RandomForestClassifier,descriptors,IN-RANGE,0.4,0.59,0.01
14763488,2,IN-RANGE,RandomForestClassifier,descriptors,IN-RANGE,0.41,0.53,0.06
14763498,2,IN-RANGE,RandomForestClassifier,descriptors,IN-RANGE,0.146,0.5728571428571428,0.2811428571428572
14764309,2,IN-RANGE,RandomForestClassifier,descriptors,IN-RANGE,0.3483333333333334,0.5716666666666668,0.08
14764318,2,IN-RANGE,RandomForestClassifier,descriptors,IN-RANGE,0.22,0.68,0.1
14764319,2,IN-RANGE,RandomForestClassifier,descriptors,BELOW,0.51,0.41,0.08
14764351,2,IN-RANGE,RandomForestClassifier,descriptors,IN-RANGE,0.3421666666666667,0.4478333333333333,0.21
14764357,2,IN-RANGE,RandomForestClassifier,descriptors,IN-RANGE,0.21,0.61,0.18
14764363,2,IN-RANGE,RandomForestClassifier,descriptors,IN-RANGE,0.14,0.79,0.07
14764376,2,IN-RANGE,RandomForestClassifier,descriptors,IN-RANGE,0.19,0.63,0.18
14764393,2,IN-RANGE,RandomForestClassifier,descriptors,IN-RANGE,0.37,0.53,0.1
14764395,2,IN-RANGE,RandomForestClassifier,descriptors,IN-RANGE,0.35,0.59,0.06
14764435,2,IN-RANGE,RandomForestClassifier,descriptors,BELOW,0.5,0.43,0.07
14764454,2,IN-RANGE,RandomForestClassifier,descriptors,IN-RANGE,0.06,0.8816666666666667,0.05833333333333333
14764464,2,IN-RANGE,RandomForestClassifier,descriptors,IN-RANGE,0.35,0.57,0.08
14764479,2,IN-RANGE,RandomForestClassifier,descriptors,IN-RANGE,0.12,0.7364285714285714,0.14357142857142857
14764483,2,IN-RANGE,RandomForestClassifier,descriptors,IN-RANGE,0.38799999999999996,0.43200000000000005,0.18
14764488,2,IN-RANGE,RandomForestClassifier,descriptors,ABOVE,0.05,0.39,0.56
14764492,2,IN-RANGE,RandomForestClassifier,descriptors,ABOVE,0.22,0.37,0.41
14764497,2,IN-RANGE,RandomForestClassifier,descriptors,IN-RANGE,0.04,0.9366666666666668,0.023333333333333334
14764520,2,IN-RANGE,RandomForestClassifier,descriptors,IN-RANGE,0.16,0.73,0.11
14764522,2,IN-RANGE,RandomForestClassifier,descriptors,IN-RANGE,0.12,0.7166666666666666,0.16333333333333336
14765312,2,IN-RANGE,RandomForestClassifier,descriptors,IN-RANGE,0.07,0.6414285714285713,0.2885714285714286
14765322,2,IN-RANGE,RandomForestClassifier,descriptors,IN-RANGE,0.01,0.93,0.06
14765343,2,IN-RANGE,RandomForestClassifier,descriptors,IN-RANGE,0.2866666666666667,0.4533333333333333,0.26
14765353,2,IN-RANGE,RandomForestClassifier,descriptors,ABOVE,0.02,0.4,0.58
14765355,2,IN-RANGE,RandomForestClassifier,descriptors,IN-RANGE,0.24,0.52,0.24
14765361,2,IN-RANGE,RandomForestClassifier,descriptors,IN-RANGE,0.05,0.77,0.18
14765367,2,IN-RANGE,RandomForestClassifier,descriptors,IN-RANGE,0.27,0.48,0.25
14765377,2,IN-RANGE,RandomForestClassifier,descriptors,IN-RANGE,0.16399999999999998,0.816,0.02
14765379,2,IN-RANGE,RandomForestClassifier,descriptors,IN-RANGE,0.25,0.7264285714285714,0.023571428571428573
14765396,2,IN-RANGE,RandomForestClassifier,descriptors,IN-RANGE,0.15,0.71,0.14
14765408,2,IN-RANGE,RandomForestClassifier,descriptors,IN-RANGE,0.35,0.61,0.04
14765436,2,IN-RANGE,RandomForestClassifier,descriptors,IN-RANGE,0.21,0.49,0.3
14765444,2,IN-RANGE,RandomForestClassifier,descriptors,IN-RANGE,0.16,0.72,0.12
14765455,2,IN-RANGE,RandomForestClassifier,descriptors,IN-RANGE,0.13,0.6814285714285714,0.18857142857142858
14765461,2,IN-RANGE,RandomForestClassifier,descriptors,ABOVE,0.02,0.3,0.68
14765492,2,IN-RANGE,RandomForestClassifier,descriptors,IN-RANGE,0.15,0.65,0.2
14765515,2,IN-RANGE,RandomForestClassifier,descriptors,BELOW,0.6875,0.3025,0.01
14765521,2,IN-RANGE,RandomForestClassifier,descriptors,IN-RANGE,0.43333333333333335,0.48666666666666664,0.08
14765522,2,IN-RANGE,RandomForestClassifier,descriptors,IN-RANGE,0.17,0.67,0.16
14765524,2,IN-RANGE,RandomForestClassifier,descriptors,IN-RANGE,0.10666666666666667,0.5833333333333333,0.31
14765534,2,IN-RANGE,RandomForestClassifier,descriptors,IN-RANGE,0.35,0.4,0.25
14765548,2,IN-RANGE,RandomForestClassifier,descriptors,ABOVE,0.26,0.33,0.41
14765553,2,IN-RANGE,RandomForestClassifier,descriptors,IN-RANGE,0.29,0.63,0.08
14765562,2,IN-RANGE,RandomForestClassifier,descriptors,IN-RANGE,0.08,0.89,0.03
14765564,2,IN-RANGE,RandomForestClassifier,descriptors,IN-RANGE,0.11,0.5014285714285713,0.3885714285714286
14766484,2,ABOVE,RandomForestClassifier,descriptors,IN-RANGE,0.12,0.7264285714285714,0.15357142857142858
14766489,2,ABOVE,RandomForestClassifier,descriptors,BELOW,0.55,0.33,0.12
14766512,2,ABOVE,RandomForestClassifier,descriptors,BELOW,0.59,0.2,0.21
14766513,2,ABOVE,RandomForestClassifier,descriptors,IN-RANGE,0.29666666666666663,0.3833333333333333,0.32
14766514,2,ABOVE,RandomForestClassifier,descriptors,IN-RANGE,0.0925,0.58,0.3275
14766525,2,ABOVE,RandomForestClassifier,descriptors,IN-RANGE,0.2,0.59,0.21
14766530,2,ABOVE,RandomForestClassifier,descriptors,IN-RANGE,0.15,0.56,0.29
14766536,2,ABOVE,RandomForestClassifier,descriptors,BELOW,0.47,0.41,0.12
14766545,2,ABOVE,RandomForestClassifier,descriptors,ABOVE,0.08,0.29,0.63
14766546,2,ABOVE,RandomForestClassifier,descriptors,IN-RANGE,0.135,0.815,0.05
14766547,2,ABOVE,RandomForestClassifier,descriptors,IN-RANGE,0.12,0.67,0.21
14766550,2,ABOVE,RandomForestClassifier,descriptors,IN-RANGE,0.10216666666666667,0.5078333333333334,0.39
14766552,2,ABOVE,RandomForestClassifier,descriptors,IN-RANGE,0.11166666666666668,0.7183333333333333,0.17
14766553,2,ABOVE,RandomForestClassifier,descriptors,IN-RANGE,0.26,0.54,0.2
14766562,2,ABOVE,RandomForestClassifier,descriptors,BELOW,0.4891666666666667,0.30083333333333334,0.21
14766564,2,ABOVE,RandomForestClassifier,descriptors,IN-RANGE,0.1,0.55,0.35
14766566,2,ABOVE,RandomForestClassifier,descriptors,IN-RANGE,0.265,0.535,0.2
14769816,2,BELOW,RandomForestClassifier,descriptors,BELOW,0.44,0.44,0.12
14769824,2,BELOW,RandomForestClassifier,descriptors,BELOW,0.51,0.33,0.16
14769826,2,BELOW,RandomForestClassifier,descriptors,IN-RANGE,0.2,0.73,0.07
14769830,2,BELOW,RandomForestClassifier,descriptors,BELOW,0.42630952380952386,0.33369047619047615,0.24
14769834,2,BELOW,RandomForestClassifier,descriptors,IN-RANGE,0.36,0.43,0.21
14769841,2,BELOW,RandomForestClassifier,descriptors,IN-RANGE,0.165,0.815,0.02
14769848,2,BELOW,RandomForestClassifier,descriptors,IN-RANGE,0.28600000000000003,0.5541904761904762,0.15980952380952382
14769850,2,BELOW,RandomForestClassifier,descriptors,BELOW,0.44,0.36,0.2
14769854,2,BELOW,RandomForestClassifier,descriptors,IN-RANGE,0.19,0.62,0.19
14769863,2,BELOW,RandomForestClassifier,descriptors,IN-RANGE,0.23,0.68,0.09
14769865,2,BELOW,RandomForestClassifier,descriptors,BELOW,0.48,0.48,0.04
14758723,2,BELOW,LogisticRegression,Morgan,BELOW,0.3946799179275359,0.38506847306584235,0.22025160900662177
14758729,2,BELOW,LogisticRegression,Morgan,IN-RANGE,0.3947327182769025,0.46665695663945017,0.1386103250836473
14758730,2,BELOW,LogisticRegression,Morgan,IN-RANGE,0.36685851813202613,0.6199658436269248,0.01317563824104912
14758737,2,BELOW,LogisticRegression,Morgan,BELOW,0.5101141807469045,0.48530177414680975,0.004584045106285795
14758752,2,BELOW,LogisticRegression,Morgan,IN-RANGE,0.3072817890368582,0.49628434911478664,0.19643386184835515
14758755,2,BELOW,LogisticRegression,Morgan,IN-RANGE,0.41460675359603677,0.5713406629404707,0.01405258346349248
14758758,2,BELOW,LogisticRegression,Morgan,IN-RANGE,0.35803751931387856,0.4449591561438288,0.19700332454229255
14758762,2,BELOW,LogisticRegression,Morgan,BELOW,0.6695981267214308,0.29294375157419916,0.037458121704369934
14758777,2,BELOW,LogisticRegression,Morgan,BELOW,0.6855502065392315,0.3054907217031898,0.008959071757578735
14758780,2,BELOW,LogisticRegression,Morgan,BELOW,0.7510516568274422,0.23328968671714215,0.015658656455415546
14758782,2,BELOW,LogisticRegression,Morgan,BELOW,0.685006319791904,0.2922770391725426,0.0227166410355534
14758783,2,BELOW,LogisticRegression,Morgan,BELOW,0.5794332963489252,0.3800310908718281,0.04053561277924681
14758787,2,BELOW,LogisticRegression,Morgan,IN-RANGE,0.3748788174032518,0.4563678537373578,0.16875332885939054
14758790,2,BELOW,LogisticRegression,Morgan,BELOW,0.8765372921137599,0.11293016743555923,0.010532540450680826
14758793,2,BELOW,LogisticRegression,Morgan,BELOW,0.5663487985914101,0.3841970596980983,0.04945414171049163
14758794,2,BELOW,LogisticRegression,Morgan,BELOW,0.47390818392755263,0.4679318364616901,0.058159979610757376
14758801,2,BELOW,LogisticRegression,Morgan,IN-RANGE,0.48176583263516365,0.4898048750044525,0.028429292360383877
14758803,2,BELOW,LogisticRegression,Morgan,IN-RANGE,0.053876650516456924,0.8749514541447933,0.07117189533874971
14758818,2,BELOW,LogisticRegression,Morgan,IN-RANGE,0.330100555050132,0.6444062286938769,0.025493216255991134
14758819,2,BELOW,LogisticRegression,Morgan,IN-RANGE,0.32320971250933717,0.6491555492640735,0.027634738226589354
14758820,2,BELOW,LogisticRegression,Morgan,BELOW,0.777621580941266,0.19511877701281669,0.027259642045917406
14758823,2,BELOW,LogisticRegression,Morgan,IN-RANGE,0.3377875617479433,0.6207830896390618,0.0414293486129948
14758844,2,BELOW,LogisticRegression,Morgan,BELOW,0.562897615288008,0.39847573346301146,0.03862665124898056
14758847,2,BELOW,LogisticRegression,Morgan,BELOW,0.8379616905446886,0.15863552058432398,0.003402788870987344
14758848,2,BELOW,LogisticRegression,Morgan,IN-RANGE,0.23510361810396457,0.5123129723124143,0.25258340958362113
14758852,2,BELOW,LogisticRegression,Morgan,BELOW,0.6060186698927543,0.3647324173562731,0.029248912750972602
14758856,2,BELOW,LogisticRegression,Morgan,BELOW,0.6695679850046993,0.2883822804035698,0.04204973459173106
14758858,2,BELOW,LogisticRegression,Morgan,BELOW,0.7329193868612106,0.25138249166044657,0.01569812147834274
14758859,2,BELOW,LogisticRegression,Morgan,IN-RANGE,0.33793399819597725,0.6589289370824698,0.0031370647215529456
14758865,2,BELOW,LogisticRegression,Morgan,IN-RANGE,0.32558157966917645,0.6463735602520967,0.028044860078726714
14758868,2,BELOW,LogisticRegression,Morgan,IN-RANGE,0.35609351562430097,0.45531409324998917,0.18859239112570975
14758870,2,BELOW,LogisticRegression,Morgan,IN-RANGE,0.35405668072544944,0.5024121458573237,0.14353117341722685
14758875,2,BELOW,LogisticRegression,Morgan,BELOW,0.6074602784726989,0.3646480514689299,0.027891670058371267
14758877,2,BELOW,LogisticRegression,Morgan,IN-RANGE,0.3388943795394718,0.5799704838425603,0.08113513661796792
14758880,2,BELOW,LogisticRegression,Morgan,BELOW,0.641196911070522,0.3444296113178474,0.01437347761163076
14758881,2,BELOW,LogisticRegression,Morgan,IN-RANGE,0.284590275650198,0.6599941213035003,0.05541560304630168
14758882,2,BELOW,LogisticRegression,Morgan,IN-RANGE,0.4671904140108367,0.5291231111318494,0.0036864748573138253
14758883,2,BELOW,LogisticRegression,Morgan,IN-RANGE,0.4342505281055637,0.5381030491344877,0.027646422759948608
14758889,2,BELOW,LogisticRegression,Morgan,BELOW,0.561053705081921,0.4111320368521973,0.027814258065881642
14758901,2,BELOW,LogisticRegression,Morgan,BELOW,0.5584785842276836,0.4152220985619077,0.026299317210408728
14758902,2,BELOW,LogisticRegression,Morgan,IN-RANGE,0.40283913306108116,0.5805372955930669,0.016623571345851955
14758904,2,BELOW,LogisticRegression,Morgan,BELOW,0.6243236152609545,0.28819125841478016,0.08748512632426532
14758908,2,BELOW,LogisticRegression,Morgan,IN-RANGE,0.47692563971070856,0.4891990013622016,0.03387535892708968
14758915,2,BELOW,LogisticRegression,Morgan,BELOW,0.5452663937480215,0.4146908232723705,0.04004278297960789
14758972,2,IN-RANGE,LogisticRegression,Morgan,BELOW,0.6459749064366662,0.2885501880550347,0.06547490550829904
14758976,2,IN-RANGE,LogisticRegression,Morgan,IN-RANGE,0.3607318040778238,0.3683366152493925,0.27093158067278383
14758983,2,IN-RANGE,LogisticRegression,Morgan,BELOW,0.47103079927425595,0.4583247746186977,0.07064442610704633
14758986,2,IN-RANGE,LogisticRegression,Morgan,BELOW,0.8083092528309094,0.18451370953714658,0.00717703763194417
14758987,2,IN-RANGE,LogisticRegression,Morgan,BELOW,0.6519251106202935,0.3099008399433453,0.03817404943636125
14758997,2,IN-RANGE,LogisticRegression,Morgan,IN-RANGE,0.11479036706964736,0.8038709430824833,0.08133868984786927
14759804,2,IN-RANGE,LogisticRegression,Morgan,IN-RANGE,0.13683279080411404,0.8504374289063967,0.012729780289489234
14759806,2,IN-RANGE,LogisticRegression,Morgan,IN-RANGE,0.44242137251125757,0.5322426845597152,0.025335942929027258
14759808,2,IN-RANGE,LogisticRegression,Morgan,BELOW,0.4590368120890849,0.4217992840760373,0.1191639038348779
14759816,2,IN-RANGE,LogisticRegression,Morgan,IN-RANGE,0.3213943615346736,0.642535094886748,0.036070543578578564
14759836,2,IN-RANGE,LogisticRegression,Morgan,IN-RANGE,0.3414869890938909,0.4031675734422348,0.25534543746387434
14759875,2,IN-RANGE,LogisticRegression,Morgan,IN-RANGE,0.4480173150734388,0.5257234253865316,0.026259259540029598
14759896,2,IN-RANGE,LogisticRegression,Morgan,IN-RANGE,0.3992483899231706,0.5983317602748445,0.0024198498019848084
14759898,2,IN-RANGE,LogisticRegression,Morgan,IN-RANGE,0.3936817695387627,0.6016588686727724,0.004659361788464858
14759901,2,IN-RANGE,LogisticRegression,Morgan,BELOW,0.5666509469152962,0.3673840433754815,0.06596500970922241
14759905,2,IN-RANGE,LogisticRegression,Morgan,IN-RANGE,0.4406697452221491,0.5002230582394533,0.05910719653839756
14759908,2,IN-RANGE,LogisticRegression,Morgan,BELOW,0.3743681506874179,0.341110051707858,0.284521797604724
14759911,2,IN-RANGE,LogisticRegression,Morgan,IN-RANGE,0.11117524280804443,0.5716618906134739,0.31716286657848164
14759913,2,IN-RANGE,LogisticRegression,Morgan,IN-RANGE,0.34193393869333877,0.6539714921016722,0.004094569204989184
14759923,2,IN-RANGE,LogisticRegression,Morgan,IN-RANGE,0.39989616745189,0.5574939973823536,0.042609835165756324
14759969,2,IN-RANGE,LogisticRegression,Morgan,BELOW,0.804118708592358,0.17133221779345284,0.024549073614189048
14759970,2,IN-RANGE,LogisticRegression,Morgan,IN-RANGE,0.24087809286415054,0.6736936408576186,0.08542826627823079
14759973,2,IN-RANGE,LogisticRegression,Morgan,IN-RANGE,0.18032488200271607,0.4768132835108079,0.34286183448647606
14759980,2,IN-RANGE,LogisticRegression,Morgan,IN-RANGE,0.08542898408725615,0.6726610596288011,0.24190995628394288
14759982,2,IN-RANGE,LogisticRegression,Morgan,BELOW,0.47406935774701126,0.47062738350751604,0.05530325874547272
14759988,2,IN-RANGE,LogisticRegression,Morgan,ABOVE,0.12039644811035106,0.26085957970158224,0.6187439721880666
14759993,2,IN-RANGE,LogisticRegression,Morgan,IN-RANGE,0.1896117736265536,0.5805649446224593,0.22982328175098696
14760013,2,IN-RANGE,LogisticRegression,Morgan,IN-RANGE,0.20521853439228627,0.7200407178823631,0.07474074772535068
14760014,2,IN-RANGE,LogisticRegression,Morgan,ABOVE,0.12895301803917653,0.08927596279327604,0.7817710191675474
14760020,2,IN-RANGE,LogisticRegression,Morgan,ABOVE,0.2612541047421613,0.36909883384687997,0.36964706141095865
14760031,2,IN-RANGE,LogisticRegression,Morgan,IN-RANGE,0.11608781635948978,0.8803962280815416,0.0035159555589687475
14761124,2,IN-RANGE,LogisticRegression,Morgan,IN-RANGE,0.48899106122336733,0.5086872301831296,0.002321708593503167
14761135,2,IN-RANGE,LogisticRegression,Morgan,IN-RANGE,0.2143942669320478,0.7591623516290348,0.02644338143891741
14761158,2,IN-RANGE,LogisticRegression,Morgan,BELOW,0.6239734682729854,0.3371782760411783,0.0388482556858363
14761161,2,IN-RANGE,LogisticRegression,Morgan,IN-RANGE,0.15622356318623068,0.4463603783669255,0.39741605844684375
14761175,2,IN-RANGE,LogisticRegression,Morgan,IN-RANGE,0.4301177057680754,0.5673026962047465,0.0025795980271781237
14761177,2,IN-RANGE,LogisticRegression,Morgan,IN-RANGE,0.25069474299271266,0.7291882552709568,0.02011700173633066
14761179,2,IN-RANGE,LogisticRegression,Morgan,BELOW,0.6303616436038159,0.3066503853435199,0.0629879710526643
14761191,2,IN-RANGE,LogisticRegression,Morgan,IN-RANGE,0.37187184623796393,0.5965142596870171,0.031613894075019
14761202,2,IN-RANGE,LogisticRegression,Morgan,IN-RANGE,0.03426006342455079,0.8527307609440586,0.11300917563139047
14761209,2,IN-RANGE,LogisticRegression,Morgan,ABOVE,0.08977931679945546,0.2669235828743255,0.643297100326219
14761212,2,IN-RANGE,LogisticRegression,Morgan,BELOW,0.5004225840874693,0.4859512742750027,0.013626141637528028
14761231,2,IN-RANGE,LogisticRegression,Morgan,IN-RANGE,0.413636367762008,0.5640174161769254,0.02234621606106668
14761234,2,IN-RANGE,LogisticRegression,Morgan,IN-RANGE,0.30764421829095406,0.590362985121063,0.10199279658798314
14761251,2,IN-RANGE,LogisticRegression,Morgan,IN-RANGE,0.060126265631350755,0.9318485970931963,0.008025137275453002
14761267,2,IN-RANGE,LogisticRegression,Morgan,ABOVE,0.04224509551422012,0.3034432211182476,0.6543116833675323
14761315,2,IN-RANGE,LogisticRegression,Morgan,IN-RANGE,0.3217337723258314,0.6283451850413282,0.04992104263284057
14761320,2,IN-RANGE,LogisticRegression,Morgan,ABOVE,0.0952380213594715,0.2617610978359993,0.6430008808045292
14761363,2,IN-RANGE,LogisticRegression,Morgan,IN-RANGE,0.07733265862551884,0.8925152243023845,0.03015211707209661
14761368,2,IN-RANGE,LogisticRegression,Morgan,IN-RANGE,0.12138715153010533,0.8729145604445198,0.005698288025374946
14761369,2,IN-RANGE,LogisticRegression,Morgan,IN-RANGE,0.3584244714251878,0.6262302286324577,0.015345299942354404
14762228,2,IN-RANGE,LogisticRegression,Morgan,IN-RANGE,0.30385943175554947,0.6420033236227316,0.054137244621719004
14762231,2,IN-RANGE,LogisticRegression,Morgan,IN-RANGE,0.40949207576983226,0.5872795875250907,0.003228336705076961
14762233,2,IN-RANGE,LogisticRegression,Morgan,IN-RANGE,0.23917068786317805,0.4994814462246922,0.26134786591212966
14762236,2,IN-RANGE,LogisticRegression,Morgan,BELOW,0.6311574560335784,0.362195503634931,0.0066470403314904435
14762254,2,IN-RANGE,LogisticRegression,Morgan,IN-RANGE,0.2644539827151581,0.7101232725676565,0.025422744717185374
14762272,2,IN-RANGE,LogisticRegression,Morgan,IN-RANGE,0.07870436831487047,0.9073537172803505,0.013941914404778988
14762273,2,IN-RANGE,LogisticRegression,Morgan,IN-RANGE,0.2295503347705383,0.5775496812955422,0.1928999839339196
14762274,2,IN-RANGE,LogisticRegression,Morgan,IN-RANGE,0.2054069408722781,0.7291702113302738,0.06542284779744807
14762281,2,IN-RANGE,LogisticRegression,Morgan,IN-RANGE,0.1716970220322969,0.8224162812598569,0.00588669670784616
14762282,2,IN-RANGE,LogisticRegression,Morgan,IN-RANGE,0.19148716570377972,0.5207782391119247,0.28773459518429556
14762328,2,IN-RANGE,LogisticRegression,Morgan,IN-RANGE,0.05440508349473808,0.9257873124780948,0.01980760402716724
14762334,2,IN-RANGE,LogisticRegression,Morgan,IN-RANGE,0.4289605464927618,0.5632547267653352,0.007784726741902999
14762347,2,IN-RANGE,LogisticRegression,Morgan,BELOW,0.859604562082711,0.1116415964410944,0.028753841476194603
14762352,2,IN-RANGE,LogisticRegression,Morgan,IN-RANGE,0.23112660899952442,0.6828723588774884,0.08600103212298714
14762356,2,IN-RANGE,LogisticRegression,Morgan,IN-RANGE,0.4028002792769781,0.5444208271138297,0.05277889360919225
14762357,2,IN-RANGE,LogisticRegression,Morgan,IN-RANGE,0.14406025547536705,0.7027665466548232,0.15317319786980982
14762361,2,IN-RANGE,LogisticRegression,Morgan,IN-RANGE,0.05361145462271725,0.9353944536026477,0.010994091774635135
14762384,2,IN-RANGE,LogisticRegression,Morgan,IN-RANGE,0.033361598538862745,0.929240081913847,0.03739831954729006
14762385,2,IN-RANGE,LogisticRegression,Morgan,IN-RANGE,0.032431323994534425,0.9543090894676486,0.013259586537817057
14762386,2,IN-RANGE,LogisticRegression,Morgan,IN-RANGE,0.33243313268280456,0.5842317535384732,0.08333511377872214
14762415,2,IN-RANGE,LogisticRegression,Morgan,ABOVE,0.10954070216341635,0.3858788786601134,0.5045804191764702
14762416,2,IN-RANGE,LogisticRegression,Morgan,IN-RANGE,0.2798094401016094,0.6735430556375935,0.04664750426079708
14762427,2,IN-RANGE,LogisticRegression,Morgan,BELOW,0.5141925044538632,0.3262085929316234,0.15959890261451332
14762437,2,IN-RANGE,LogisticRegression,Morgan,IN-RANGE,0.17911505147340662,0.806879408453984,0.014005540072609459
14762438,2,IN-RANGE,LogisticRegression,Morgan,IN-RANGE,0.3280185533912831,0.5832858026400447,0.08869564396867224
14762442,2,IN-RANGE,LogisticRegression,Morgan,IN-RANGE,0.10061732989164003,0.5625372224737211,0.33684544763463886
14762448,2,IN-RANGE,LogisticRegression,Morgan,IN-RANGE,0.08348149513579578,0.8205228631557038,0.09599564170850047
14762464,2,IN-RANGE,LogisticRegression,Morgan,IN-RANGE,0.33508961552727284,0.4762898532332405,0.18862053123948663
14762466,2,IN-RANGE,LogisticRegression,Morgan,BELOW,0.5461004838280961,0.4463746472349125,0.007524868936991369
14763245,2,IN-RANGE,LogisticRegression,Morgan,IN-RANGE,0.0840396436026597,0.8696274550058724,0.0463329013914679
14763252,2,IN-RANGE,LogisticRegression,Morgan,IN-RANGE,0.14185751864499777,0.8364621622654713,0.021680319089530678
14763253,2,IN-RANGE,LogisticRegression,Morgan,IN-RANGE,0.058606717108682246,0.8656877435933803,0.07570553929793755
14763254,2,IN-RANGE,LogisticRegression,Morgan,IN-RANGE,0.09824692960753327,0.8595682768310337,0.04218479356143313
14763285,2,IN-RANGE,LogisticRegression,Morgan,IN-RANGE,0.32850008432269084,0.5583584954428726,0.11314142023443662
14763297,2,IN-RANGE,LogisticRegression,Morgan,IN-RANGE,0.051256617250445814,0.7544803464666036,0.19426303628295052
14763300,2,IN-RANGE,LogisticRegression,Morgan,IN-RANGE,0.14626267125872772,0.8197210104178871,0.03401631832338516
14763301,2,IN-RANGE,LogisticRegression,Morgan,IN-RANGE,0.06008543163150417,0.8604782882598098,0.07943628010868607
14763303,2,IN-RANGE,LogisticRegression,Morgan,ABOVE,0.0593451923873972,0.2973536874716341,0.6433011201409686
14763322,2,IN-RANGE,LogisticRegression,Morgan,IN-RANGE,0.05404664625280969,0.7238868140697186,0.2220665396774719
14763324,2,IN-RANGE,LogisticRegression,Morgan,BELOW,0.5507966048420873,0.330906476878023,0.11829691827988979
14763353,2,IN-RANGE,LogisticRegression,Morgan,IN-RANGE,0.12276128836045379,0.8472686571564949,0.02997005448305135
14763359,2,IN-RANGE,LogisticRegression,Morgan,IN-RANGE,0.046391249386932745,0.8550333474283244,0.09857540318474269
14763397,2,IN-RANGE,LogisticRegression,Morgan,IN-RANGE,0.11879237984309737,0.7349515584608619,0.1462560616960407
14763399,2,IN-RANGE,LogisticRegression,Morgan,IN-RANGE,0.02277232328152906,0.9003796091109267,0.07684806760754408
14763432,2,IN-RANGE,LogisticRegression,Morgan,IN-RANGE,0.2240541895226371,0.7304110350974172,0.04553477537994557
14763444,2,IN-RANGE,LogisticRegression,Morgan,IN-RANGE,0.05333343654518213,0.5376755551221254,0.4089910083326926
14763445,2,IN-RANGE,LogisticRegression,Morgan,ABOVE,0.022767402371341432,0.24798719176545725,0.7292454058632014
14763450,2,IN-RANGE,LogisticRegression,Morgan,IN-RANGE,0.23225698686692783,0.6597871095616006,0.10795590357147151
14763467,2,IN-RANGE,LogisticRegression,Morgan,ABOVE,0.03278062299618108,0.3178431403909305,0.6493762366128885
14763471,2,IN-RANGE,LogisticRegression,Morgan,IN-RANGE,0.14606927591060664,0.7963929453611684,0.057537778728224916
14763487,2,IN-RANGE,LogisticRegression,Morgan,ABOVE,0.1009061919364907,0.3457650940682422,0.5533287139952671
14763488,2,IN-RANGE,LogisticRegression,Morgan,BELOW,0.5905347588748087,0.38424864939285247,0.02521659173233888
14763498,2,IN-RANGE,LogisticRegression,Morgan,ABOVE,0.043868009652225065,0.23950442655754858,0.7166275637902264
14764309,2,IN-RANGE,LogisticRegression,Morgan,BELOW,0.7824700120100565,0.20264817631357446,0.014881811676368846
14764318,2,IN-RANGE,LogisticRegression,Morgan,IN-RANGE,0.30289720988769553,0.6461660678975203,0.05093672221478417
14764319,2,IN-RANGE,LogisticRegression,Morgan,IN-RANGE,0.23607925590330558,0.6006459167979219,0.1632748272987725
14764351,2,IN-RANGE,LogisticRegression,Morgan,ABOVE,0.1391691864602808,0.37905601704343717,0.481774796496282
14764357,2,IN-RANGE,LogisticRegression,Morgan,IN-RANGE,0.07424337075803686,0.7860369059601329,0.13971972328183033
14764363,2,IN-RANGE,LogisticRegression,Morgan,IN-RANGE,0.03738037589129253,0.8650356525264997,0.09758397158220765
14764376,2,IN-RANGE,LogisticRegression,Morgan,IN-RANGE,0.04942724977249529,0.9152134621197725,0.03535928810773209
14764393,2,IN-RANGE,LogisticRegression,Morgan,IN-RANGE,0.2912307793464463,0.4092885639478628,0.29948065670569096
14764395,2,IN-RANGE,LogisticRegression,Morgan,IN-RANGE,0.20726066337207735,0.545651353485494,0.2470879831424287
14764435,2,IN-RANGE,LogisticRegression,Morgan,BELOW,0.5999724126010181,0.3215628418528549,0.07846474554612701
14764454,2,IN-RANGE,LogisticRegression,Morgan,ABOVE,0.08054686299493667,0.4334413011639058,0.4860118358411575
14764464,2,IN-RANGE,LogisticRegression,Morgan,IN-RANGE,0.3986002473177759,0.5670632286150495,0.03433652406717465
14764479,2,IN-RANGE,LogisticRegression,Morgan,IN-RANGE,0.12987616424261683,0.7248977183867921,0.14522611737059102
14764483,2,IN-RANGE,LogisticRegression,Morgan,IN-RANGE,0.23308824413236595,0.564585984826677,0.20232577104095703
14764488,2,IN-RANGE,LogisticRegression,Morgan,IN-RANGE,0.16166062035431378,0.743558823290523,0.09478055635516318
14764492,2,IN-RANGE,LogisticRegression,Morgan,IN-RANGE,0.2074700410878266,0.6341907093259143,0.15833924958625908
14764497,2,IN-RANGE,LogisticRegression,Morgan,IN-RANGE,0.07094038183049334,0.9224638008871183,0.006595817282388481
14764520,2,IN-RANGE,LogisticRegression,Morgan,IN-RANGE,0.05693106498428082,0.81619106329846,0.12687787171725926
14764522,2,IN-RANGE,LogisticRegression,Morgan,IN-RANGE,0.062151163519278976,0.8922688863241189,0.045579950156601934
14765312,2,IN-RANGE,LogisticRegression,Morgan,IN-RANGE,0.1614416171676302,0.8249022463829743,0.013656136449395532
14765322,2,IN-RANGE,LogisticRegression,Morgan,IN-RANGE,0.04336652889453953,0.9001396315603227,0.05649383954513782
14765343,2,IN-RANGE,LogisticRegression,Morgan,IN-RANGE,0.03798049380922225,0.8302338541100491,0.13178565208072873
14765353,2,IN-RANGE,LogisticRegression,Morgan,IN-RANGE,0.10843162124378283,0.8803195554154061,0.011248823340811134
14765355,2,IN-RANGE,LogisticRegression,Morgan,IN-RANGE,0.0855126305475248,0.7785205187228372,0.13596685072963785
14765361,2,IN-RANGE,LogisticRegression,Morgan,ABOVE,0.1176658235917355,0.20440462875433926,0.6779295476539253
14765367,2,IN-RANGE,LogisticRegression,Morgan,IN-RANGE,0.06200315151394138,0.7774180098457412,0.16057883864031752
14765377,2,IN-RANGE,LogisticRegression,Morgan,IN-RANGE,0.05517488221767194,0.6744573667405332,0.2703677510417948
14765379,2,IN-RANGE,LogisticRegression,Morgan,IN-RANGE,0.062052054240250204,0.8925120134906922,0.04543593226905761
14765396,2,IN-RANGE,LogisticRegression,Morgan,IN-RANGE,0.30324808216764076,0.6918176641199588,0.004934253712400357
14765408,2,IN-RANGE,LogisticRegression,Morgan,IN-RANGE,0.30820333027378227,0.67150927412641,0.020287395599807734
14765436,2,IN-RANGE,LogisticRegression,Morgan,ABOVE,0.16674909302823732,0.05290594759872397,0.7803449593730387
14765444,2,IN-RANGE,LogisticRegression,Morgan,IN-RANGE,0.093760371728997,0.8446380526374953,0.06160157563350777
14765455,2,IN-RANGE,LogisticRegression,Morgan,ABOVE,0.14514345001434942,0.19380921325974243,0.6610473367259082
14765461,2,IN-RANGE,LogisticRegression,Morgan,IN-RANGE,0.3423124397988382,0.4061160757976575,0.25157148440350435
14765492,2,IN-RANGE,LogisticRegression,Morgan,IN-RANGE,0.3645565332939114,0.5792778424906841,0.056165624215404365
14765515,2,IN-RANGE,LogisticRegression,Morgan,ABOVE,0.13807036915924376,0.3524434941504953,0.509486136690261
14765521,2,IN-RANGE,LogisticRegression,Morgan,ABOVE,0.056482004231599964,0.13019082389749131,0.8133271718709087
14765522,2,IN-RANGE,LogisticRegression,Morgan,ABOVE,0.07428212391959238,0.15664777494454,0.7690701011358676
14765524,2,IN-RANGE,LogisticRegression,Morgan,IN-RANGE,0.35447347529002315,0.5909996144324482,0.05452691027752858
14765534,2,IN-RANGE,LogisticRegression,Morgan,IN-RANGE,0.4846980260720432,0.48832344878961675,0.026978525138340002
14765548,2,IN-RANGE,LogisticRegression,Morgan,ABOVE,0.07581414062340879,0.15795549397210837,0.7662303654044827
14765553,2,IN-RANGE,LogisticRegression,Morgan,IN-RANGE,0.06554290573864867,0.8905895538898483,0.043867540371502894
14765562,2,IN-RANGE,LogisticRegression,Morgan,IN-RANGE,0.11338850560959489,0.464049321641278,0.4225621727491271
14765564,2,IN-RANGE,LogisticRegression,Morgan,IN-RANGE,0.056537071760075185,0.5921460249018302,0.3513169033380946
14766484,2,ABOVE,LogisticRegression,Morgan,IN-RANGE,0.08426750184144476,0.8611885625295936,0.05454393562896148
14766489,2,ABOVE,LogisticRegression,Morgan,ABOVE,0.3005219882317422,0.23940933414218282,0.46006867762607495
14766512,2,ABOVE,LogisticRegression,Morgan,ABOVE,0.03940327297179583,0.09167972218747444,0.8689170048407296
14766513,2,ABOVE,LogisticRegression,Morgan,IN-RANGE,0.1912810268490078,0.45473045060882095,0.3539885225421712
14766514,2,ABOVE,LogisticRegression,Morgan,IN-RANGE,0.1552103710754557,0.6188404541017279,0.22594917482281632
14766525,2,ABOVE,LogisticRegression,Morgan,IN-RANGE,0.22425825360140153,0.4761833892611164,0.2995583571374822
14766530,2,ABOVE,LogisticRegression,Morgan,IN-RANGE,0.161183873085919,0.745662282646112,0.09315384426796906
14766536,2,ABOVE,LogisticRegression,Morgan,BELOW,0.5233551993654717,0.42226554302652036,0.054379257608007915
14766545,2,ABOVE,LogisticRegression,Morgan,IN-RANGE,0.061176627804522425,0.9237450107419324,0.015078361453545087
14766546,2,ABOVE,LogisticRegression,Morgan,ABOVE,0.04385411002675113,0.4371072502408178,0.519038639732431
14766547,2,ABOVE,LogisticRegression,Morgan,IN-RANGE,0.1537792860578836,0.7890488892360847,0.05717182470603161
14766550,2,ABOVE,LogisticRegression,Morgan,IN-RANGE,0.12114036468874093,0.8575614210700242,0.021298214241234775
14766552,2,ABOVE,LogisticRegression,Morgan,IN-RANGE,0.23809472907475104,0.49155009226906554,0.2703551786561834
14766553,2,ABOVE,LogisticRegression,Morgan,ABOVE,0.02699492439334038,0.23252858012406216,0.7404764954825974
14766562,2,ABOVE,LogisticRegression,Morgan,IN-RANGE,0.26618705718963676,0.5952562658395816,0.1385566769707815
14766564,2,ABOVE,LogisticRegression,Morgan,IN-RANGE,0.09824469249866019,0.8147264154058336,0.08702889209550642
14766566,2,ABOVE,LogisticRegression,Morgan,ABOVE,0.09761943068373913,0.4159472992528829,0.48643327006337805
14769816,2,BELOW,LogisticRegression,Morgan,BELOW,0.49430900920790644,0.4274509305625053,0.07824006022958828
14769824,2,BELOW,LogisticRegression,Morgan,BELOW,0.7285206410688811,0.26021894440965115,0.011260414521467671
14769826,2,BELOW,LogisticRegression,Morgan,IN-RANGE,0.30706170695419027,0.625973936083312,0.06696435696249772
14769830,2,BELOW,LogisticRegression,Morgan,IN-RANGE,0.18774839812961308,0.7047364364807596,0.10751516538962742
14769834,2,BELOW,LogisticRegression,Morgan,BELOW,0.7881879533103325,0.18732447264793306,0.024487574041734433
14769841,2,BELOW,LogisticRegression,Morgan,BELOW,0.40844882330940263,0.28145771385680746,0.31009346283378997
14769848,2,BELOW,LogisticRegression,Morgan,IN-RANGE,0.3007274636734426,0.6231225235521687,0.07615001277438868
14769850,2,BELOW,LogisticRegression,Morgan,BELOW,0.4902047575008184,0.46224428820440056,0.04755095429478115
14769854,2,BELOW,LogisticRegression,Morgan,BELOW,0.6199596875419863,0.2318390254495509,0.1482012870084629
14769863,2,BELOW,LogisticRegression,Morgan,BELOW,0.8615522143655849,0.10235481979193116,0.036092965842484025
14769865,2,BELOW,LogisticRegression,Morgan,IN-RANGE,0.36725686500277127,0.5905510750811729,0.042192059916055735
14758723,2,BELOW,RandomForestClassifier,Morgan,BELOW,0.35115602783130717,0.33282233735790795,0.31602163481078455
14758729,2,BELOW,RandomForestClassifier,Morgan,IN-RANGE,0.3053745846542633,0.3793868468854173,0.3152385684603191
14758730,2,BELOW,RandomForestClassifier,Morgan,IN-RANGE,0.3625766910567021,0.45135286393571084,0.18607044500758702
14758737,2,BELOW,RandomForestClassifier,Morgan,IN-RANGE,0.43235093251177703,0.49677491982565447,0.0708741476625685
14758752,2,BELOW,RandomForestClassifier,Morgan,IN-RANGE,0.2964080777361898,0.39137443202302546,0.3122174902407844
14758755,2,BELOW,RandomForestClassifier,Morgan,IN-RANGE,0.4360858162918804,0.47827151084689107,0.08564267286122833
14758758,2,BELOW,RandomForestClassifier,Morgan,IN-RANGE,0.32870863763649916,0.39776241689107755,0.2735289454724231
14758762,2,BELOW,RandomForestClassifier,Morgan,BELOW,0.5330382885467456,0.31314690940094964,0.15381480205230463
14758777,2,BELOW,RandomForestClassifier,Morgan,BELOW,0.6194964720574184,0.3432737990984806,0.037229728844100786
14758780,2,BELOW,RandomForestClassifier,Morgan,IN-RANGE,0.3814429839114593,0.43894798825346043,0.17960902783508012
14758782,2,BELOW,RandomForestClassifier,Morgan,IN-RANGE,0.375140422260204,0.4309170645147825,0.1939425132250134
14758783,2,BELOW,RandomForestClassifier,Morgan,IN-RANGE,0.3903756214971355,0.49340378532406914,0.11622059317879524
14758787,2,BELOW,RandomForestClassifier,Morgan,IN-RANGE,0.3674484653924451,0.39894254829739206,0.23360898631016278
14758790,2,BELOW,RandomForestClassifier,Morgan,BELOW,0.5966319825822736,0.31192382290673487,0.09144419451099131
14758793,2,BELOW,RandomForestClassifier,Morgan,BELOW,0.47069091965660514,0.30088961007777404,0.2284194702656206
14758794,2,BELOW,RandomForestClassifier,Morgan,IN-RANGE,0.42832563330090245,0.47139163012216956,0.10028273657692788
14758801,2,BELOW,RandomForestClassifier,Morgan,BELOW,0.4001721091446222,0.3971429835771167,0.20268490727826097
14758803,2,BELOW,RandomForestClassifier,Morgan,IN-RANGE,0.24792290703693784,0.41947347079321157,0.3326036221698505
14758818,2,BELOW,RandomForestClassifier,Morgan,IN-RANGE,0.3268391311461305,0.4699511577499284,0.20320971110394104
14758819,2,BELOW,RandomForestClassifier,Morgan,IN-RANGE,0.37491948813469717,0.4636239351339938,0.16145657673130884
14758820,2,BELOW,RandomForestClassifier,Morgan,BELOW,0.5584105686287089,0.29298758230486505,0.14860184906642587
14758823,2,BELOW,RandomForestClassifier,Morgan,IN-RANGE,0.3229525720670162,0.432280589145749,0.24476683878723463
14758844,2,BELOW,RandomForestClassifier,Morgan,IN-RANGE,0.40037562149713546,0.48340378532406914,0.11622059317879524
14758847,2,BELOW,RandomForestClassifier,Morgan,BELOW,0.5649456656811842,0.3249968333549213,0.11005750096389445
14758848,2,BELOW,RandomForestClassifier,Morgan,IN-RANGE,0.34015817931807196,0.403967539366544,0.25587428131538387
14758852,2,BELOW,RandomForestClassifier,Morgan,BELOW,0.5371218336922431,0.352979366295559,0.10989880001219761
14758856,2,BELOW,RandomForestClassifier,Morgan,IN-RANGE,0.385693121573848,0.3895702659003399,0.2247366125258118
14758858,2,BELOW,RandomForestClassifier,Morgan,BELOW,0.6423587628270764,0.2649021849832286,0.09273905218969487
14758859,2,BELOW,RandomForestClassifier,Morgan,IN-RANGE,0.3874996340273881,0.48533806739317426,0.12716229857943764
14758865,2,BELOW,RandomForestClassifier,Morgan,BELOW,0.39420641394672856,0.37722852981242583,0.2285650562408452
14758868,2,BELOW,RandomForestClassifier,Morgan,IN-RANGE,0.3961070238294264,0.39898613593559273,0.20490684023498068
14758870,2,BELOW,RandomForestClassifier,Morgan,IN-RANGE,0.32808422269314585,0.4280732488112841,0.24384252849556995
14758875,2,BELOW,RandomForestClassifier,Morgan,IN-RANGE,0.38256533121867675,0.5008677770611363,0.11656689172018714
14758877,2,BELOW,RandomForestClassifier,Morgan,IN-RANGE,0.34625546690683856,0.4997640552998137,0.1539804777933478
14758880,2,BELOW,RandomForestClassifier,Morgan,BELOW,0.7295039832552477,0.23821185692025534,0.03228415982449691
14758881,2,BELOW,RandomForestClassifier,Morgan,IN-RANGE,0.43487293031393015,0.4648012091027291,0.1003258605833407
14758882,2,BELOW,RandomForestClassifier,Morgan,IN-RANGE,0.4576096464552364,0.514689071452762,0.0277012820920018
14758883,2,BELOW,RandomForestClassifier,Morgan,IN-RANGE,0.39729881886973756,0.49474520027985536,0.10795598085040703
14758889,2,BELOW,RandomForestClassifier,Morgan,IN-RANGE,0.38789802568958115,0.5058498597831016,0.10625211452731723
14758901,2,BELOW,RandomForestClassifier,Morgan,IN-RANGE,0.37789802568958114,0.5158498597831015,0.10625211452731723
14758902,2,BELOW,RandomForestClassifier,Morgan,BELOW,0.6189011905308478,0.3401112729801966,0.04098753648895566
14758904,2,BELOW,RandomForestClassifier,Morgan,BELOW,0.4671766818006587,0.3022932951699014,0.2305300230294397
14758908,2,BELOW,RandomForestClassifier,Morgan,IN-RANGE,0.4021292341345304,0.45023572386831645,0.14763504199715288
14758915,2,BELOW,RandomForestClassifier,Morgan,IN-RANGE,0.31984080200890963,0.38174303099622414,0.29841616699486595
14758972,2,IN-RANGE,RandomForestClassifier,Morgan,BELOW,0.4378538772319236,0.34127225254528254,0.22087387022279337
14758976,2,IN-RANGE,RandomForestClassifier,Morgan,ABOVE,0.273187787130556,0.3445286982677944,0.38228351460164944
14758983,2,IN-RANGE,RandomForestClassifier,Morgan,BELOW,0.3761708412954853,0.3757501854886317,0.2480789732158828
14758986,2,IN-RANGE,RandomForestClassifier,Morgan,BELOW,0.5469831299461879,0.3277547779867928,0.1252620920670192
14758987,2,IN-RANGE,RandomForestClassifier,Morgan,IN-RANGE,0.39679544455196725,0.48801650426803506,0.11518805117999763
14758997,2,IN-RANGE,RandomForestClassifier,Morgan,IN-RANGE,0.25546033994977024,0.40794752189555694,0.3365921381546726
14759804,2,IN-RANGE,RandomForestClassifier,Morgan,IN-RANGE,0.21309305677696533,0.6408782070756653,0.1460287361473693
14759806,2,IN-RANGE,RandomForestClassifier,Morgan,BELOW,0.5420216467709917,0.39043225309078855,0.06754610013821967
14759808,2,IN-RANGE,RandomForestClassifier,Morgan,IN-RANGE,0.26840616173748744,0.43517102069675645,0.2964228175657558
14759816,2,IN-RANGE,RandomForestClassifier,Morgan,IN-RANGE,0.3247433515776735,0.38634272852003887,0.2889139199022875
14759836,2,IN-RANGE,RandomForestClassifier,Morgan,ABOVE,0.32262117272958646,0.33085613338326836,0.34652269388714496
14759875,2,IN-RANGE,RandomForestClassifier,Morgan,BELOW,0.40719373394562264,0.40064607067969654,0.19216019537468085
14759896,2,IN-RANGE,RandomForestClassifier,Morgan,IN-RANGE,0.42990082801807455,0.5422728898899237,0.027826282092001796
14759898,2,IN-RANGE,RandomForestClassifier,Morgan,IN-RANGE,0.4320031808900569,0.5334952320063834,0.03450158710355963
14759901,2,IN-RANGE,RandomForestClassifier,Morgan,BELOW,0.4733575863232718,0.29822294341110744,0.2284194702656206
14759905,2,IN-RANGE,RandomForestClassifier,Morgan,BELOW,0.3476006030610759,0.3425279012183244,0.3098714957205996
14759908,2,IN-RANGE,RandomForestClassifier,Morgan,IN-RANGE,0.30932055984474666,0.37070258622245184,0.3199768539328013
14759911,2,IN-RANGE,RandomForestClassifier,Morgan,ABOVE,0.2467900829134287,0.37535536125125707,0.37785455583531435
14759913,2,IN-RANGE,RandomForestClassifier,Morgan,BELOW,0.5401839550166063,0.42231234353655334,0.03750370144684051
14759923,2,IN-RANGE,RandomForestClassifier,Morgan,IN-RANGE,0.23994551783915102,0.4819924780055675,0.2780620041552814
14759969,2,IN-RANGE,RandomForestClassifier,Morgan,BELOW,0.5543750389486124,0.34286811085324476,0.10275685019814279
14759970,2,IN-RANGE,RandomForestClassifier,Morgan,IN-RANGE,0.3035040518549137,0.39039907615635244,0.30609687198873375
14759973,2,IN-RANGE,RandomForestClassifier,Morgan,IN-RANGE,0.25609686125960446,0.4512350287473613,0.2926681099930341
14759980,2,IN-RANGE,RandomForestClassifier,Morgan,IN-RANGE,0.24612644489148913,0.48966300216035497,0.26421055294815565
14759982,2,IN-RANGE,RandomForestClassifier,Morgan,IN-RANGE,0.3620152897761436,0.522788089645786,0.1151966205780703
14759988,2,IN-RANGE,RandomForestClassifier,Morgan,ABOVE,0.22311788691130335,0.3364980059138238,0.4403841071748728
14759993,2,IN-RANGE,RandomForestClassifier,Morgan,IN-RANGE,0.2563832741572234,0.37703333426204944,0.3665833915807271
14760013,2,IN-RANGE,RandomForestClassifier,Morgan,IN-RANGE,0.2993102539201977,0.37080642035626615,0.3298833257235359
14760014,2,IN-RANGE,RandomForestClassifier,Morgan,ABOVE,0.1814304158477161,0.29394094136821936,0.5246286427840647
14760020,2,IN-RANGE,RandomForestClassifier,Morgan,ABOVE,0.23978367331771674,0.3601876754682699,0.40002865121401326
14760031,2,IN-RANGE,RandomForestClassifier,Morgan,IN-RANGE,0.30080614727920646,0.6007505432913047,0.09844330942948852
14761124,2,IN-RANGE,RandomForestClassifier,Morgan,BELOW,0.520496635372645,0.44199966318051465,0.03750370144684051
14761135,2,IN-RANGE,RandomForestClassifier,Morgan,IN-RANGE,0.2697575174890787,0.4777801356421142,0.2524623468688068
14761158,2,IN-RANGE,RandomForestClassifier,Morgan,IN-RANGE,0.369744413425447,0.42768600846231686,0.20256957811223614
14761161,2,IN-RANGE,RandomForestClassifier,Morgan,ABOVE,0.2671724885108682,0.3256142871828607,0.40721322430627105
14761175,2,IN-RANGE,RandomForestClassifier,Morgan,BELOW,0.5031387406358028,0.4593575579173569,0.03750370144684051
14761177,2,IN-RANGE,RandomForestClassifier,Morgan,BELOW,0.5879343605917355,0.36375325975102624,0.04831237965723811
14761179,2,IN-RANGE,RandomForestClassifier,Morgan,BELOW,0.5099677712869102,0.3519382901529465,0.13809393856014338
14761191,2,IN-RANGE,RandomForestClassifier,Morgan,IN-RANGE,0.36472479372487193,0.4318798692746466,0.20339533700048132
14761202,2,IN-RANGE,RandomForestClassifier,Morgan,ABOVE,0.2234583775078308,0.3682605304875671,0.4082810920046023
14761209,2,IN-RANGE,RandomForestClassifier,Morgan,IN-RANGE,0.26989412959673603,0.38090548218089515,0.3492003882223688
14761212,2,IN-RANGE,RandomForestClassifier,Morgan,BELOW,0.40522499674473933,0.386259748393361,0.20851525486189945
14761231,2,IN-RANGE,RandomForestClassifier,Morgan,BELOW,0.5248466396244047,0.4010021709621065,0.07415118941348885
14761234,2,IN-RANGE,RandomForestClassifier,Morgan,IN-RANGE,0.25583807051670215,0.4011315381496161,0.3430303913336817
14761251,2,IN-RANGE,RandomForestClassifier,Morgan,IN-RANGE,0.21971389797406332,0.639612962246019,0.1406731397799176
14761267,2,IN-RANGE,RandomForestClassifier,Morgan,ABOVE,0.2620840602940388,0.34860848498219565,0.3893074547237654
14761315,2,IN-RANGE,RandomForestClassifier,Morgan,IN-RANGE,0.3720375844327649,0.472879216442155,0.15508319912508006
14761320,2,IN-RANGE,RandomForestClassifier,Morgan,ABOVE,0.21766027607739855,0.33997627572706174,0.44236344819553963
14761363,2,IN-RANGE,RandomForestClassifier,Morgan,IN-RANGE,0.24175026222364798,0.5951890600831917,0.16306067769316004
14761368,2,IN-RANGE,RandomForestClassifier,Morgan,IN-RANGE,0.24506154521859425,0.6050390725914341,0.1498993821899716
14761369,2,IN-RANGE,RandomForestClassifier,Morgan,IN-RANGE,0.42688581629188044,0.487471510846891,0.08564267286122833
14762228,2,IN-RANGE,RandomForestClassifier,Morgan,IN-RANGE,0.3242136508717362,0.4161058019179595,0.2596805472103042
14762231,2,IN-RANGE,RandomForestClassifier,Morgan,IN-RANGE,0.4595646464552363,0.511329071452762,0.0291062820920018
14762233,2,IN-RANGE,RandomForestClassifier,Morgan,IN-RANGE,0.2741023080080266,0.4169742303289264,0.30892346166304674
14762236,2,IN-RANGE,RandomForestClassifier,Morgan,BELOW,0.5631487028874169,0.3519571255939246,0.08489417151865838
14762254,2,IN-RANGE,RandomForestClassifier,Morgan,IN-RANGE,0.32270840621099744,0.41815671709415375,0.2591348766948489
14762272,2,IN-RANGE,RandomForestClassifier,Morgan,IN-RANGE,0.25817353041087626,0.6131026042046899,0.1287238653844337
14762273,2,IN-RANGE,RandomForestClassifier,Morgan,IN-RANGE,0.2949537002903509,0.41294531295640696,0.2921009867532421
14762274,2,IN-RANGE,RandomForestClassifier,Morgan,IN-RANGE,0.3755192118487155,0.5441806627516905,0.0803001253995939
14762281,2,IN-RANGE,RandomForestClassifier,Morgan,IN-RANGE,0.39775923571453364,0.46109429650244593,0.14114646778302015
14762282,2,IN-RANGE,RandomForestClassifier,Morgan,IN-RANGE,0.2933497903989481,0.42092201300481413,0.2857281965962376
14762328,2,IN-RANGE,RandomForestClassifier,Morgan,IN-RANGE,0.16401346327478233,0.6442794086030272,0.19170712812219037
14762334,2,IN-RANGE,RandomForestClassifier,Morgan,BELOW,0.5807309635636149,0.39176533498954474,0.027503701446840507
14762347,2,IN-RANGE,RandomForestClassifier,Morgan,IN-RANGE,0.37283765035940336,0.38271113521344824,0.24445121442714812
14762352,2,IN-RANGE,RandomForestClassifier,Morgan,IN-RANGE,0.33129026641077775,0.38842165803811796,0.2802880755511043
14762356,2,IN-RANGE,RandomForestClassifier,Morgan,IN-RANGE,0.312951982990092,0.3885178018864648,0.29853021512344297
14762357,2,IN-RANGE,RandomForestClassifier,Morgan,IN-RANGE,0.28266752374643334,0.40085536583086095,0.31647711042270543
14762361,2,IN-RANGE,RandomForestClassifier,Morgan,IN-RANGE,0.24978181639405045,0.6260457901779982,0.12417239342795129
14762384,2,IN-RANGE,RandomForestClassifier,Morgan,IN-RANGE,0.14444439416308133,0.6806000090881013,0.17495559674881747
14762385,2,IN-RANGE,RandomForestClassifier,Morgan,IN-RANGE,0.2084413109217175,0.652357322361555,0.13920136671672773
14762386,2,IN-RANGE,RandomForestClassifier,Morgan,IN-RANGE,0.29959685052218143,0.3943377721105836,0.3060653773672349
14762415,2,IN-RANGE,RandomForestClassifier,Morgan,IN-RANGE,0.3379641324423386,0.3810860315432689,0.28094983601439233
14762416,2,IN-RANGE,RandomForestClassifier,Morgan,IN-RANGE,0.30321729510474577,0.3724597021572512,0.324323002738003
14762427,2,IN-RANGE,RandomForestClassifier,Morgan,IN-RANGE,0.32815818959883747,0.38361446040833286,0.28822734999282945
14762437,2,IN-RANGE,RandomForestClassifier,Morgan,IN-RANGE,0.3092925170538797,0.40454424443232534,0.2861632385137948
14762438,2,IN-RANGE,RandomForestClassifier,Morgan,IN-RANGE,0.3462782249044367,0.3966862323645684,0.2570355427309948
14762442,2,IN-RANGE,RandomForestClassifier,Morgan,ABOVE,0.23939760280413488,0.3753196426508844,0.38528275454498084
14762448,2,IN-RANGE,RandomForestClassifier,Morgan,IN-RANGE,0.32413528581595125,0.4272162544090534,0.24864845977499533
14762464,2,IN-RANGE,RandomForestClassifier,Morgan,IN-RANGE,0.2730790088282176,0.409379115133349,0.3175418760384333
14762466,2,IN-RANGE,RandomForestClassifier,Morgan,BELOW,0.561237445344065,0.3826640704278635,0.0560984842280716
14763245,2,IN-RANGE,RandomForestClassifier,Morgan,ABOVE,0.2461359737847778,0.35836955976662077,0.39549446644860126
14763252,2,IN-RANGE,RandomForestClassifier,Morgan,IN-RANGE,0.3745399304315457,0.5002752527029819,0.12518481686547217
14763253,2,IN-RANGE,RandomForestClassifier,Morgan,IN-RANGE,0.14418958902060855,0.6544563250295186,0.2013540859498731
14763254,2,IN-RANGE,RandomForestClassifier,Morgan,IN-RANGE,0.16270897905044773,0.6182787695710873,0.21901225137846494
14763285,2,IN-RANGE,RandomForestClassifier,Morgan,IN-RANGE,0.32506304046690815,0.40500550279408865,0.2699314567390031
14763297,2,IN-RANGE,RandomForestClassifier,Morgan,ABOVE,0.22445847093575952,0.35218156452596316,0.42335996453827723
14763300,2,IN-RANGE,RandomForestClassifier,Morgan,IN-RANGE,0.18659055205843805,0.6337614771884377,0.17964797075312422
14763301,2,IN-RANGE,RandomForestClassifier,Morgan,IN-RANGE,0.13961937625465107,0.6512433135728898,0.209137310172459
14763303,2,IN-RANGE,RandomForestClassifier,Morgan,IN-RANGE,0.2146180958682916,0.41042083374052973,0.37496107039117854
14763322,2,IN-RANGE,RandomForestClassifier,Morgan,IN-RANGE,0.2737181751356269,0.3688871038776652,0.3573947209867079
14763324,2,IN-RANGE,RandomForestClassifier,Morgan,IN-RANGE,0.2966566837633766,0.37569982393845835,0.3276434922981647
14763353,2,IN-RANGE,RandomForestClassifier,Morgan,IN-RANGE,0.17543656044080233,0.6266304286322557,0.1979330109269418
14763359,2,IN-RANGE,RandomForestClassifier,Morgan,IN-RANGE,0.3082770220789076,0.43302519958350877,0.2586977783375835
14763397,2,IN-RANGE,RandomForestClassifier,Morgan,IN-RANGE,0.24451988227664298,0.44038402037737845,0.31509609734597854
14763399,2,IN-RANGE,RandomForestClassifier,Morgan,IN-RANGE,0.24135690860112774,0.4414596040748103,0.31718348732406176
14763432,2,IN-RANGE,RandomForestClassifier,Morgan,IN-RANGE,0.414924652518326,0.4623131332176301,0.12276221426404377
14763444,2,IN-RANGE,RandomForestClassifier,Morgan,IN-RANGE,0.21906710699007853,0.4471515030092229,0.3337813900006985
14763445,2,IN-RANGE,RandomForestClassifier,Morgan,IN-RANGE,0.20296667023970308,0.40230414437551354,0.3947291853847834
14763450,2,IN-RANGE,RandomForestClassifier,Morgan,IN-RANGE,0.3012058316069313,0.4293254924019949,0.2694686759910737
14763467,2,IN-RANGE,RandomForestClassifier,Morgan,ABOVE,0.19715165129349252,0.3775162645079716,0.42533208419853574
14763471,2,IN-RANGE,RandomForestClassifier,Morgan,IN-RANGE,0.22581944025121675,0.6063987715578193,0.16778178819096376
14763487,2,IN-RANGE,RandomForestClassifier,Morgan,IN-RANGE,0.26092502421963043,0.3791857176461058,0.3598892581342639
14763488,2,IN-RANGE,RandomForestClassifier,Morgan,IN-RANGE,0.3425764995085773,0.5182895483836372,0.1391339521077856
14763498,2,IN-RANGE,RandomForestClassifier,Morgan,ABOVE,0.19749779736448209,0.3651485825573351,0.4373536200781827
14764309,2,IN-RANGE,RandomForestClassifier,Morgan,BELOW,0.4208303324171054,0.4196074440491679,0.15956222353372657
14764318,2,IN-RANGE,RandomForestClassifier,Morgan,IN-RANGE,0.3798816955993774,0.39502904048807586,0.2250892639125464
14764319,2,IN-RANGE,RandomForestClassifier,Morgan,IN-RANGE,0.3055976236129191,0.4260273519497884,0.2683750244372925
14764351,2,IN-RANGE,RandomForestClassifier,Morgan,IN-RANGE,0.25439467675196076,0.38483676751677953,0.3607685557312598
14764357,2,IN-RANGE,RandomForestClassifier,Morgan,IN-RANGE,0.2419462716055941,0.46514777227598536,0.2929059561184205
14764363,2,IN-RANGE,RandomForestClassifier,Morgan,IN-RANGE,0.2308964354075718,0.47143756335333586,0.29766600123909237
14764376,2,IN-RANGE,RandomForestClassifier,Morgan,IN-RANGE,0.24053396129591292,0.48211035403373953,0.2773556846703473
14764393,2,IN-RANGE,RandomForestClassifier,Morgan,IN-RANGE,0.3014074127508767,0.36700428753318914,0.33158829971593384
14764395,2,IN-RANGE,RandomForestClassifier,Morgan,IN-RANGE,0.25889905667278457,0.4502383671654565,0.29086257616175887
14764435,2,IN-RANGE,RandomForestClassifier,Morgan,IN-RANGE,0.34597142050774843,0.3558050329303299,0.2982235465619215
14764454,2,IN-RANGE,RandomForestClassifier,Morgan,IN-RANGE,0.2237397760257184,0.42256015037618044,0.3537000735981009
14764464,2,IN-RANGE,RandomForestClassifier,Morgan,IN-RANGE,0.3793546985962679,0.3944549119420914,0.22619038946164038
14764479,2,IN-RANGE,RandomForestClassifier,Morgan,IN-RANGE,0.22134890429713472,0.554099301139944,0.22455179456292107
14764483,2,IN-RANGE,RandomForestClassifier,Morgan,ABOVE,0.28687304321366663,0.35410155517275327,0.35902540161358
14764488,2,IN-RANGE,RandomForestClassifier,Morgan,IN-RANGE,0.2844942215652661,0.3633435170812055,0.3521622613535281
14764492,2,IN-RANGE,RandomForestClassifier,Morgan,IN-RANGE,0.2805583324659198,0.4040347079865922,0.3154069595474879
14764497,2,IN-RANGE,RandomForestClassifier,Morgan,IN-RANGE,0.22970304791745857,0.6368480500425595,0.13344890203998191
14764520,2,IN-RANGE,RandomForestClassifier,Morgan,IN-RANGE,0.2656585028336514,0.4664381721801846,0.26790332498616415
14764522,2,IN-RANGE,RandomForestClassifier,Morgan,IN-RANGE,0.23828818351278028,0.4774042694729506,0.2843075470142688
14765312,2,IN-RANGE,RandomForestClassifier,Morgan,IN-RANGE,0.23135602772884745,0.5542126766836138,0.21443129558753857
14765322,2,IN-RANGE,RandomForestClassifier,Morgan,IN-RANGE,0.16840963097048312,0.6280361839456574,0.2035541850838594
14765343,2,IN-RANGE,RandomForestClassifier,Morgan,IN-RANGE,0.2350762531817482,0.38906963809202616,0.3758541087262256
14765353,2,IN-RANGE,RandomForestClassifier,Morgan,IN-RANGE,0.2324539442592226,0.5789601979648102,0.1885858577759671
14765355,2,IN-RANGE,RandomForestClassifier,Morgan,IN-RANGE,0.2342701736836648,0.4392112668372269,0.32651855947910824
14765361,2,IN-RANGE,RandomForestClassifier,Morgan,ABOVE,0.20882372884853637,0.35116115789107105,0.4400151132603925
14765367,2,IN-RANGE,RandomForestClassifier,Morgan,IN-RANGE,0.23835382589633916,0.46201185544024553,0.2996343186634153
14765377,2,IN-RANGE,RandomForestClassifier,Morgan,IN-RANGE,0.23465311615520434,0.41736860072367604,0.34797828312111967
14765379,2,IN-RANGE,RandomForestClassifier,Morgan,IN-RANGE,0.2311237252962722,0.5510293733944136,0.21784690130931403
14765396,2,IN-RANGE,RandomForestClassifier,Morgan,IN-RANGE,0.3904969060009644,0.5791973373585937,0.030305756640441866
14765408,2,IN-RANGE,RandomForestClassifier,Morgan,IN-RANGE,0.3182928420277269,0.47645332859673095,0.20525382937554204
14765436,2,IN-RANGE,RandomForestClassifier,Morgan,ABOVE,0.24520202426758034,0.316563990130253,0.43823398560216664
14765444,2,IN-RANGE,RandomForestClassifier,Morgan,BELOW,0.44643960153129897,0.3860357538222743,0.1675246446464265
14765455,2,IN-RANGE,RandomForestClassifier,Morgan,ABOVE,0.2287251888055674,0.3123976047607333,0.4588772064336992
14765461,2,IN-RANGE,RandomForestClassifier,Morgan,ABOVE,0.2878674858290305,0.3337679348222957,0.37836457934867385
14765492,2,IN-RANGE,RandomForestClassifier,Morgan,IN-RANGE,0.29042113246278195,0.4265248779755242,0.28305398956169386
14765515,2,IN-RANGE,RandomForestClassifier,Morgan,ABOVE,0.2731397012635226,0.33152053830419376,0.3953397604322834
14765521,2,IN-RANGE,RandomForestClassifier,Morgan,ABOVE,0.2410008416836517,0.30042289961265134,0.4585762587036971
14765522,2,IN-RANGE,RandomForestClassifier,Morgan,ABOVE,0.21670165398932265,0.334768929226232,0.44852941678444525
14765524,2,IN-RANGE,RandomForestClassifier,Morgan,IN-RANGE,0.35030397807001323,0.38662324400527937,0.2630727779247071
14765534,2,IN-RANGE,RandomForestClassifier,Morgan,IN-RANGE,0.35161189047659147,0.42619439158321293,0.22219371794019557
14765548,2,IN-RANGE,RandomForestClassifier,Morgan,ABOVE,0.25554673825145674,0.3244615682506607,0.4199916934978825
14765553,2,IN-RANGE,RandomForestClassifier,Morgan,IN-RANGE,0.2255308638322674,0.5515224163466218,0.22294671982111075
14765562,2,IN-RANGE,RandomForestClassifier,Morgan,IN-RANGE,0.2326630138654675,0.40986181871434957,0.3574751674201828
14765564,2,IN-RANGE,RandomForestClassifier,Morgan,ABOVE,0.227520430207037,0.3768318243112636,0.39564774548169945
14766484,2,ABOVE,RandomForestClassifier,Morgan,IN-RANGE,0.2255308638322674,0.5515224163466218,0.22294671982111075
14766489,2,ABOVE,RandomForestClassifier,Morgan,IN-RANGE,0.3130648550671007,0.391187062047421,0.29574808288547805
14766512,2,ABOVE,RandomForestClassifier,Morgan,ABOVE,0.22708627229315972,0.30615368400554904,0.46676004370129126
14766513,2,ABOVE,RandomForestClassifier,Morgan,IN-RANGE,0.26843871354454923,0.42640553411220417,0.30515575234324666
14766514,2,ABOVE,RandomForestClassifier,Morgan,IN-RANGE,0.24950641323760525,0.40089696336004005,0.3495966234023546
14766525,2,ABOVE,RandomForestClassifier,Morgan,IN-RANGE,0.31249171574463186,0.37159010545802823,0.31591817879733974
14766530,2,ABOVE,RandomForestClassifier,Morgan,IN-RANGE,0.27416907361570775,0.39988710485904905,0.32594382152524287
14766536,2,ABOVE,RandomForestClassifier,Morgan,IN-RANGE,0.3091411203129318,0.4077511392409111,0.2831077404461569
14766545,2,ABOVE,RandomForestClassifier,Morgan,IN-RANGE,0.22079292910356227,0.6013038191720322,0.1779032517244055
14766546,2,ABOVE,RandomForestClassifier,Morgan,ABOVE,0.23649274187520306,0.37325801682882265,0.3902492412959741
14766547,2,ABOVE,RandomForestClassifier,Morgan,IN-RANGE,0.3180715557271356,0.45276519429352474,0.22916324997933973
14766550,2,ABOVE,RandomForestClassifier,Morgan,IN-RANGE,0.3761370698027689,0.4479535030152823,0.17590942718194882
14766552,2,ABOVE,RandomForestClassifier,Morgan,IN-RANGE,0.2536443423074181,0.38086305371896323,0.3654926039736185
14766553,2,ABOVE,RandomForestClassifier,Morgan,ABOVE,0.16296425769326206,0.23282306867530594,0.6042126736314318
14766562,2,ABOVE,RandomForestClassifier,Morgan,IN-RANGE,0.3381032731980524,0.3385937417979993,0.32330298500394833
14766564,2,ABOVE,RandomForestClassifier,Morgan,IN-RANGE,0.26260382649698516,0.3958943659255243,0.34150180757749043
14766566,2,ABOVE,RandomForestClassifier,Morgan,ABOVE,0.1940405795585743,0.2957315391390864,0.5102278813023395
14769816,2,BELOW,RandomForestClassifier,Morgan,IN-RANGE,0.33747949434233504,0.39736985517243645,0.2651506504852283
14769824,2,BELOW,RandomForestClassifier,Morgan,BELOW,0.43814771011117215,0.37054518248805707,0.19130710740077045
14769826,2,BELOW,RandomForestClassifier,Morgan,IN-RANGE,0.33133432518687816,0.402691501290743,0.26597417352237884
14769830,2,BELOW,RandomForestClassifier,Morgan,IN-RANGE,0.24051620640477098,0.41542602445213056,0.3440577691430984
14769834,2,BELOW,RandomForestClassifier,Morgan,BELOW,0.37212304021056836,0.35009502687428745,0.27778193291514397
14769841,2,BELOW,RandomForestClassifier,Morgan,IN-RANGE,0.35812593481773314,0.3600757267267178,0.2817983384555486
14769848,2,BELOW,RandomForestClassifier,Morgan,BELOW,0.38601324589524594,0.34908822021311425,0.2648985338916395
14769850,2,BELOW,RandomForestClassifier,Morgan,IN-RANGE,0.42569055817857077,0.46584413116823276,0.10846531065319631
14769854,2,BELOW,RandomForestClassifier,Morgan,BELOW,0.34106374848105653,0.322464527462895,0.33647172405604836
14769863,2,BELOW,RandomForestClassifier,Morgan,BELOW,0.5206631635933107,0.2895073163393755,0.18982952006731374
14769865,2,BELOW,RandomForestClassifier,Morgan,IN-RANGE,0.27791811581877596,0.4298651013130231,0.29221678286820074
14758721,3,BELOW,majority_baseline,none,IN-RANGE,,,
14758726,3,BELOW,majority_baseline,none,IN-RANGE,,,
14758727,3,BELOW,majority_baseline,none,IN-RANGE,,,
14758728,3,BELOW,majority_baseline,none,IN-RANGE,,,
14758732,3,BELOW,majority_baseline,none,IN-RANGE,,,
14758733,3,BELOW,majority_baseline,none,IN-RANGE,,,
14758739,3,BELOW,majority_baseline,none,IN-RANGE,,,
14758741,3,BELOW,majority_baseline,none,IN-RANGE,,,
14758744,3,BELOW,majority_baseline,none,IN-RANGE,,,
14758747,3,BELOW,majority_baseline,none,IN-RANGE,,,
14758748,3,BELOW,majority_baseline,none,IN-RANGE,,,
14758754,3,BELOW,majority_baseline,none,IN-RANGE,,,
14758761,3,BELOW,majority_baseline,none,IN-RANGE,,,
14758769,3,BELOW,majority_baseline,none,IN-RANGE,,,
14758773,3,BELOW,majority_baseline,none,IN-RANGE,,,
14758776,3,BELOW,majority_baseline,none,IN-RANGE,,,
14758781,3,BELOW,majority_baseline,none,IN-RANGE,,,
14758796,3,BELOW,majority_baseline,none,IN-RANGE,,,
14758798,3,BELOW,majority_baseline,none,IN-RANGE,,,
14758800,3,BELOW,majority_baseline,none,IN-RANGE,,,
14758829,3,BELOW,majority_baseline,none,IN-RANGE,,,
14758832,3,BELOW,majority_baseline,none,IN-RANGE,,,
14758835,3,BELOW,majority_baseline,none,IN-RANGE,,,
14758837,3,BELOW,majority_baseline,none,IN-RANGE,,,
14758839,3,BELOW,majority_baseline,none,IN-RANGE,,,
14758841,3,BELOW,majority_baseline,none,IN-RANGE,,,
14758843,3,BELOW,majority_baseline,none,IN-RANGE,,,
14758850,3,BELOW,majority_baseline,none,IN-RANGE,,,
14758851,3,BELOW,majority_baseline,none,IN-RANGE,,,
14758853,3,BELOW,majority_baseline,none,IN-RANGE,,,
14758854,3,BELOW,majority_baseline,none,IN-RANGE,,,
14758861,3,BELOW,majority_baseline,none,IN-RANGE,,,
14758864,3,BELOW,majority_baseline,none,IN-RANGE,,,
14758869,3,BELOW,majority_baseline,none,IN-RANGE,,,
14758872,3,BELOW,majority_baseline,none,IN-RANGE,,,
14758879,3,BELOW,majority_baseline,none,IN-RANGE,,,
14758884,3,BELOW,majority_baseline,none,IN-RANGE,,,
14758899,3,BELOW,majority_baseline,none,IN-RANGE,,,
14758905,3,BELOW,majority_baseline,none,IN-RANGE,,,
14758906,3,BELOW,majority_baseline,none,IN-RANGE,,,
14758907,3,BELOW,majority_baseline,none,IN-RANGE,,,
14758912,3,BELOW,majority_baseline,none,IN-RANGE,,,
14758918,3,BELOW,majority_baseline,none,IN-RANGE,,,
14758922,3,BELOW,majority_baseline,none,IN-RANGE,,,
14758971,3,IN-RANGE,majority_baseline,none,IN-RANGE,,,
14758990,3,IN-RANGE,majority_baseline,none,IN-RANGE,,,
14759774,3,IN-RANGE,majority_baseline,none,IN-RANGE,,,
14759791,3,IN-RANGE,majority_baseline,none,IN-RANGE,,,
14759811,3,IN-RANGE,majority_baseline,none,IN-RANGE,,,
14759812,3,IN-RANGE,majority_baseline,none,IN-RANGE,,,
14759824,3,IN-RANGE,majority_baseline,none,IN-RANGE,,,
14759847,3,IN-RANGE,majority_baseline,none,IN-RANGE,,,
14759848,3,IN-RANGE,majority_baseline,none,IN-RANGE,,,
14759861,3,IN-RANGE,majority_baseline,none,IN-RANGE,,,
14759874,3,IN-RANGE,majority_baseline,none,IN-RANGE,,,
14759894,3,IN-RANGE,majority_baseline,none,IN-RANGE,,,
14759897,3,IN-RANGE,majority_baseline,none,IN-RANGE,,,
14759900,3,IN-RANGE,majority_baseline,none,IN-RANGE,,,
14759930,3,IN-RANGE,majority_baseline,none,IN-RANGE,,,
14759931,3,IN-RANGE,majority_baseline,none,IN-RANGE,,,
14759933,3,IN-RANGE,majority_baseline,none,IN-RANGE,,,
14759937,3,IN-RANGE,majority_baseline,none,IN-RANGE,,,
14759944,3,IN-RANGE,majority_baseline,none,IN-RANGE,,,
14759971,3,IN-RANGE,majority_baseline,none,IN-RANGE,,,
14759972,3,IN-RANGE,majority_baseline,none,IN-RANGE,,,
14759975,3,IN-RANGE,majority_baseline,none,IN-RANGE,,,
14759977,3,IN-RANGE,majority_baseline,none,IN-RANGE,,,
14759978,3,IN-RANGE,majority_baseline,none,IN-RANGE,,,
14759979,3,IN-RANGE,majority_baseline,none,IN-RANGE,,,
14759981,3,IN-RANGE,majority_baseline,none,IN-RANGE,,,
14759999,3,IN-RANGE,majority_baseline,none,IN-RANGE,,,
14760021,3,IN-RANGE,majority_baseline,none,IN-RANGE,,,
14760036,3,IN-RANGE,majority_baseline,none,IN-RANGE,,,
14761129,3,IN-RANGE,majority_baseline,none,IN-RANGE,,,
14761141,3,IN-RANGE,majority_baseline,none,IN-RANGE,,,
14761156,3,IN-RANGE,majority_baseline,none,IN-RANGE,,,
14761162,3,IN-RANGE,majority_baseline,none,IN-RANGE,,,
14761169,3,IN-RANGE,majority_baseline,none,IN-RANGE,,,
14761172,3,IN-RANGE,majority_baseline,none,IN-RANGE,,,
14761173,3,IN-RANGE,majority_baseline,none,IN-RANGE,,,
14761180,3,IN-RANGE,majority_baseline,none,IN-RANGE,,,
14761197,3,IN-RANGE,majority_baseline,none,IN-RANGE,,,
14761199,3,IN-RANGE,majority_baseline,none,IN-RANGE,,,
14761211,3,IN-RANGE,majority_baseline,none,IN-RANGE,,,
14761228,3,IN-RANGE,majority_baseline,none,IN-RANGE,,,
14761233,3,IN-RANGE,majority_baseline,none,IN-RANGE,,,
14761261,3,IN-RANGE,majority_baseline,none,IN-RANGE,,,
14761266,3,IN-RANGE,majority_baseline,none,IN-RANGE,,,
14761283,3,IN-RANGE,majority_baseline,none,IN-RANGE,,,
14761285,3,IN-RANGE,majority_baseline,none,IN-RANGE,,,
14761289,3,IN-RANGE,majority_baseline,none,IN-RANGE,,,
14761290,3,IN-RANGE,majority_baseline,none,IN-RANGE,,,
14761302,3,IN-RANGE,majority_baseline,none,IN-RANGE,,,
14761311,3,IN-RANGE,majority_baseline,none,IN-RANGE,,,
14761321,3,IN-RANGE,majority_baseline,none,IN-RANGE,,,
14761331,3,IN-RANGE,majority_baseline,none,IN-RANGE,,,
14761357,3,IN-RANGE,majority_baseline,none,IN-RANGE,,,
14761370,3,IN-RANGE,majority_baseline,none,IN-RANGE,,,
14761371,3,IN-RANGE,majority_baseline,none,IN-RANGE,,,
14761386,3,IN-RANGE,majority_baseline,none,IN-RANGE,,,
14762210,3,IN-RANGE,majority_baseline,none,IN-RANGE,,,
14762229,3,IN-RANGE,majority_baseline,none,IN-RANGE,,,
14762234,3,IN-RANGE,majority_baseline,none,IN-RANGE,,,
14762235,3,IN-RANGE,majority_baseline,none,IN-RANGE,,,
14762253,3,IN-RANGE,majority_baseline,none,IN-RANGE,,,
14762271,3,IN-RANGE,majority_baseline,none,IN-RANGE,,,
14762276,3,IN-RANGE,majority_baseline,none,IN-RANGE,,,
14762283,3,IN-RANGE,majority_baseline,none,IN-RANGE,,,
14762292,3,IN-RANGE,majority_baseline,none,IN-RANGE,,,
14762295,3,IN-RANGE,majority_baseline,none,IN-RANGE,,,
14762296,3,IN-RANGE,majority_baseline,none,IN-RANGE,,,
14762304,3,IN-RANGE,majority_baseline,none,IN-RANGE,,,
14762336,3,IN-RANGE,majority_baseline,none,IN-RANGE,,,
14762346,3,IN-RANGE,majority_baseline,none,IN-RANGE,,,
14762348,3,IN-RANGE,majority_baseline,none,IN-RANGE,,,
14762355,3,IN-RANGE,majority_baseline,none,IN-RANGE,,,
14762388,3,IN-RANGE,majority_baseline,none,IN-RANGE,,,
14762424,3,IN-RANGE,majority_baseline,none,IN-RANGE,,,
14762462,3,IN-RANGE,majority_baseline,none,IN-RANGE,,,
14762463,3,IN-RANGE,majority_baseline,none,IN-RANGE,,,
14763276,3,IN-RANGE,majority_baseline,none,IN-RANGE,,,
14763295,3,IN-RANGE,majority_baseline,none,IN-RANGE,,,
14763296,3,IN-RANGE,majority_baseline,none,IN-RANGE,,,
14763298,3,IN-RANGE,majority_baseline,none,IN-RANGE,,,
14763323,3,IN-RANGE,majority_baseline,none,IN-RANGE,,,
14763344,3,IN-RANGE,majority_baseline,none,IN-RANGE,,,
14763347,3,IN-RANGE,majority_baseline,none,IN-RANGE,,,
14763348,3,IN-RANGE,majority_baseline,none,IN-RANGE,,,
14763352,3,IN-RANGE,majority_baseline,none,IN-RANGE,,,
14763369,3,IN-RANGE,majority_baseline,none,IN-RANGE,,,
14763376,3,IN-RANGE,majority_baseline,none,IN-RANGE,,,
14763386,3,IN-RANGE,majority_baseline,none,IN-RANGE,,,
14763387,3,IN-RANGE,majority_baseline,none,IN-RANGE,,,
14763394,3,IN-RANGE,majority_baseline,none,IN-RANGE,,,
14763402,3,IN-RANGE,majority_baseline,none,IN-RANGE,,,
14763407,3,IN-RANGE,majority_baseline,none,IN-RANGE,,,
14763408,3,IN-RANGE,majority_baseline,none,IN-RANGE,,,
14763409,3,IN-RANGE,majority_baseline,none,IN-RANGE,,,
14763411,3,IN-RANGE,majority_baseline,none,IN-RANGE,,,
14763412,3,IN-RANGE,majority_baseline,none,IN-RANGE,,,
14763424,3,IN-RANGE,majority_baseline,none,IN-RANGE,,,
14763430,3,IN-RANGE,majority_baseline,none,IN-RANGE,,,
14763446,3,IN-RANGE,majority_baseline,none,IN-RANGE,,,
14763455,3,IN-RANGE,majority_baseline,none,IN-RANGE,,,
14763464,3,IN-RANGE,majority_baseline,none,IN-RANGE,,,
14763473,3,IN-RANGE,majority_baseline,none,IN-RANGE,,,
14763475,3,IN-RANGE,majority_baseline,none,IN-RANGE,,,
14763476,3,IN-RANGE,majority_baseline,none,IN-RANGE,,,
14763489,3,IN-RANGE,majority_baseline,none,IN-RANGE,,,
14763495,3,IN-RANGE,majority_baseline,none,IN-RANGE,,,
14764294,3,IN-RANGE,majority_baseline,none,IN-RANGE,,,
14764295,3,IN-RANGE,majority_baseline,none,IN-RANGE,,,
14764305,3,IN-RANGE,majority_baseline,none,IN-RANGE,,,
14764310,3,IN-RANGE,majority_baseline,none,IN-RANGE,,,
14764325,3,IN-RANGE,majority_baseline,none,IN-RANGE,,,
14764329,3,IN-RANGE,majority_baseline,none,IN-RANGE,,,
14764331,3,IN-RANGE,majority_baseline,none,IN-RANGE,,,
14764332,3,IN-RANGE,majority_baseline,none,IN-RANGE,,,
14764380,3,IN-RANGE,majority_baseline,none,IN-RANGE,,,
14764388,3,IN-RANGE,majority_baseline,none,IN-RANGE,,,
14764405,3,IN-RANGE,majority_baseline,none,IN-RANGE,,,
14764415,3,IN-RANGE,majority_baseline,none,IN-RANGE,,,
14764438,3,IN-RANGE,majority_baseline,none,IN-RANGE,,,
14764474,3,IN-RANGE,majority_baseline,none,IN-RANGE,,,
14764496,3,IN-RANGE,majority_baseline,none,IN-RANGE,,,
14764505,3,IN-RANGE,majority_baseline,none,IN-RANGE,,,
14764513,3,IN-RANGE,majority_baseline,none,IN-RANGE,,,
14764519,3,IN-RANGE,majority_baseline,none,IN-RANGE,,,
14764523,3,IN-RANGE,majority_baseline,none,IN-RANGE,,,
14764530,3,IN-RANGE,majority_baseline,none,IN-RANGE,,,
14764536,3,IN-RANGE,majority_baseline,none,IN-RANGE,,,
14764538,3,IN-RANGE,majority_baseline,none,IN-RANGE,,,
14765314,3,IN-RANGE,majority_baseline,none,IN-RANGE,,,
14765333,3,IN-RANGE,majority_baseline,none,IN-RANGE,,,
14765365,3,IN-RANGE,majority_baseline,none,IN-RANGE,,,
14765380,3,IN-RANGE,majority_baseline,none,IN-RANGE,,,
14765385,3,IN-RANGE,majority_baseline,none,IN-RANGE,,,
14765386,3,IN-RANGE,majority_baseline,none,IN-RANGE,,,
14765405,3,IN-RANGE,majority_baseline,none,IN-RANGE,,,
14765424,3,IN-RANGE,majority_baseline,none,IN-RANGE,,,
14765431,3,IN-RANGE,majority_baseline,none,IN-RANGE,,,
14765435,3,IN-RANGE,majority_baseline,none,IN-RANGE,,,
14765462,3,IN-RANGE,majority_baseline,none,IN-RANGE,,,
14765486,3,IN-RANGE,majority_baseline,none,IN-RANGE,,,
14765499,3,IN-RANGE,majority_baseline,none,IN-RANGE,,,
14765504,3,IN-RANGE,majority_baseline,none,IN-RANGE,,,
14765508,3,IN-RANGE,majority_baseline,none,IN-RANGE,,,
14765520,3,IN-RANGE,majority_baseline,none,IN-RANGE,,,
14765561,3,IN-RANGE,majority_baseline,none,IN-RANGE,,,
14765563,3,IN-RANGE,majority_baseline,none,IN-RANGE,,,
14766490,3,ABOVE,majority_baseline,none,IN-RANGE,,,
14766494,3,ABOVE,majority_baseline,none,IN-RANGE,,,
14766500,3,ABOVE,majority_baseline,none,IN-RANGE,,,
14766502,3,ABOVE,majority_baseline,none,IN-RANGE,,,
14766505,3,ABOVE,majority_baseline,none,IN-RANGE,,,
14766510,3,ABOVE,majority_baseline,none,IN-RANGE,,,
14766515,3,ABOVE,majority_baseline,none,IN-RANGE,,,
14766520,3,ABOVE,majority_baseline,none,IN-RANGE,,,
14766521,3,ABOVE,majority_baseline,none,IN-RANGE,,,
14766524,3,ABOVE,majority_baseline,none,IN-RANGE,,,
14766526,3,ABOVE,majority_baseline,none,IN-RANGE,,,
14766528,3,ABOVE,majority_baseline,none,IN-RANGE,,,
14766533,3,ABOVE,majority_baseline,none,IN-RANGE,,,
14766535,3,ABOVE,majority_baseline,none,IN-RANGE,,,
14766537,3,ABOVE,majority_baseline,none,IN-RANGE,,,
14766540,3,ABOVE,majority_baseline,none,IN-RANGE,,,
14766548,3,ABOVE,majority_baseline,none,IN-RANGE,,,
14769815,3,BELOW,majority_baseline,none,IN-RANGE,,,
14769832,3,BELOW,majority_baseline,none,IN-RANGE,,,
14769842,3,BELOW,majority_baseline,none,IN-RANGE,,,
14769849,3,BELOW,majority_baseline,none,IN-RANGE,,,
14769855,3,BELOW,majority_baseline,none,IN-RANGE,,,
14769856,3,BELOW,majority_baseline,none,IN-RANGE,,,
14769862,3,BELOW,majority_baseline,none,IN-RANGE,,,
14769877,3,BELOW,majority_baseline,none,IN-RANGE,,,
14769880,3,BELOW,majority_baseline,none,IN-RANGE,,,
14769884,3,BELOW,majority_baseline,none,IN-RANGE,,,
14769885,3,BELOW,majority_baseline,none,IN-RANGE,,,
14758721,3,BELOW,LogisticRegression,descriptors,ABOVE,0.3138728651583532,0.21102125569314653,0.4751058791485003
14758726,3,BELOW,LogisticRegression,descriptors,IN-RANGE,0.36122081910290926,0.39828588088328687,0.2404933000138037
14758727,3,BELOW,LogisticRegression,descriptors,BELOW,0.5190668197015499,0.33910721333090255,0.14182596696754754
14758728,3,BELOW,LogisticRegression,descriptors,IN-RANGE,0.3917410745738786,0.4367452977732976,0.17151362765282382
14758732,3,BELOW,LogisticRegression,descriptors,BELOW,0.3376759408920749,0.33747396391826234,0.3248500951896627
14758733,3,BELOW,LogisticRegression,descriptors,IN-RANGE,0.396784137628423,0.4096844923442482,0.1935313700273288
14758739,3,BELOW,LogisticRegression,descriptors,IN-RANGE,0.31410472025298863,0.3595864847574243,0.3263087949895872
14758741,3,BELOW,LogisticRegression,descriptors,ABOVE,0.2287344676734485,0.19930433730883992,0.5719611950177115
14758744,3,BELOW,LogisticRegression,descriptors,IN-RANGE,0.3159156125795917,0.3630231828759525,0.32106120454445575
14758747,3,BELOW,LogisticRegression,descriptors,IN-RANGE,0.3826915426247145,0.5062718091872981,0.11103664818798739
14758748,3,BELOW,LogisticRegression,descriptors,BELOW,0.5380422328715192,0.25275070608887296,0.20920706103960782
14758754,3,BELOW,LogisticRegression,descriptors,IN-RANGE,0.3159156125795917,0.3630231828759525,0.32106120454445575
14758761,3,BELOW,LogisticRegression,descriptors,BELOW,0.43773192073968625,0.3276243128839485,0.23464376637636516
14758769,3,BELOW,LogisticRegression,descriptors,BELOW,0.5581092179609757,0.2741063335125098,0.16778444852651456
14758773,3,BELOW,LogisticRegression,descriptors,BELOW,0.4364558282191654,0.335627789157425,0.22791638262340957
14758776,3,BELOW,LogisticRegression,descriptors,IN-RANGE,0.39131215121522506,0.4895562604689872,0.11913158831578767
14758781,3,BELOW,LogisticRegression,descriptors,BELOW,0.36872286182347974,0.3351556060841758,0.2961215320923445
14758796,3,BELOW,LogisticRegression,descriptors,BELOW,0.5845635337692793,0.2983735272880301,0.1170629389426906
14758798,3,BELOW,LogisticRegression,descriptors,IN-RANGE,0.10518013878783794,0.5545978530413872,0.34022200817077497
14758800,3,BELOW,LogisticRegression,descriptors,IN-RANGE,0.07709558838365793,0.4793365267723128,0.4435678848440292
14758829,3,BELOW,LogisticRegression,descriptors,BELOW,0.5083650758622409,0.34132901108230673,0.15030591305545232
14758832,3,BELOW,LogisticRegression,descriptors,BELOW,0.3745165864716902,0.3342139684600536,0.2912694450682562
14758835,3,BELOW,LogisticRegression,descriptors,ABOVE,0.33936112071335867,0.29298832851677487,0.3676505507698664
14758837,3,BELOW,LogisticRegression,descriptors,BELOW,0.3921452744584607,0.30384122066696656,0.30401350487457274
14758839,3,BELOW,LogisticRegression,descriptors,ABOVE,0.2710012850121724,0.2651888136202295,0.463809901367598
14758841,3,BELOW,LogisticRegression,descriptors,BELOW,0.4350175656660544,0.3338419116380379,0.23114052269590757
14758843,3,BELOW,LogisticRegression,descriptors,BELOW,0.44180653501867073,0.33864998208747565,0.21954348289385373
14758850,3,BELOW,LogisticRegression,descriptors,BELOW,0.3761988578093167,0.2826521232864051,0.3411490189042782
14758851,3,BELOW,LogisticRegression,descriptors,IN-RANGE,0.31410472025298863,0.3595864847574243,0.3263087949895872
14758853,3,BELOW,LogisticRegression,descriptors,BELOW,0.4405415086807538,0.3860499770037946,0.17340851431545157
14758854,3,BELOW,LogisticRegression,descriptors,IN-RANGE,0.31410472025298863,0.3595864847574243,0.3263087949895871
14758861,3,BELOW,LogisticRegression,descriptors,BELOW,0.49382890195072254,0.32346715346621446,0.18270394458306297
14758864,3,BELOW,LogisticRegression,descriptors,BELOW,0.5065111633934652,0.32970742198850883,0.16378141461802587
14758869,3,BELOW,LogisticRegression,descriptors,BELOW,0.43773192073968625,0.3276243128839485,0.23464376637636516
14758872,3,BELOW,LogisticRegression,descriptors,BELOW,0.49230460857543806,0.28125453711339693,0.22644085431116492
14758879,3,BELOW,LogisticRegression,descriptors,IN-RANGE,0.2711433178290307,0.5309290465627157,0.19792763560825385
14758884,3,BELOW,LogisticRegression,descriptors,BELOW,0.3411925150084559,0.3256053659230505,0.33320211906849356
14758899,3,BELOW,LogisticRegression,descriptors,BELOW,0.4743431517034619,0.3018225649467725,0.22383428334976574
14758905,3,BELOW,LogisticRegression,descriptors,ABOVE,0.2592556736006798,0.2784001239095441,0.46234420248977603
14758906,3,BELOW,LogisticRegression,descriptors,ABOVE,0.08392686955609598,0.12430719228876655,0.7917659381551375
14758907,3,BELOW,LogisticRegression,descriptors,ABOVE,0.0839268695560961,0.12430719228876672,0.7917659381551373
14758912,3,BELOW,LogisticRegression,descriptors,BELOW,0.4944337573369816,0.3984205950194208,0.1071456476435977
14758918,3,BELOW,LogisticRegression,descriptors,BELOW,0.44259012920719953,0.27045934586820064,0.28695052492459977
14758922,3,BELOW,LogisticRegression,descriptors,BELOW,0.4337154108362642,0.28970946688343685,0.2765751222802989
14758971,3,IN-RANGE,LogisticRegression,descriptors,IN-RANGE,0.2816928136515428,0.5065280351133646,0.21177915123509256
14758990,3,IN-RANGE,LogisticRegression,descriptors,ABOVE,0.2820311592448559,0.3100514224436744,0.4079174183114698
14759774,3,IN-RANGE,LogisticRegression,descriptors,BELOW,0.5238915373538697,0.3426993720466476,0.13340909059948267
14759791,3,IN-RANGE,LogisticRegression,descriptors,BELOW,0.575369142657046,0.2616371720760024,0.1629936852669517
14759811,3,IN-RANGE,LogisticRegression,descriptors,BELOW,0.4430226223429162,0.30348296843014566,0.2534944092269382
14759812,3,IN-RANGE,LogisticRegression,descriptors,ABOVE,0.33685022153651917,0.2855755707845282,0.37757420767895267
14759824,3,IN-RANGE,LogisticRegression,descriptors,BELOW,0.36395533309299094,0.28516707652884604,0.350877590378163
14759847,3,IN-RANGE,LogisticRegression,descriptors,ABOVE,0.3258006435764409,0.26182802010042466,0.41237133632313444
14759848,3,IN-RANGE,LogisticRegression,descriptors,IN-RANGE,0.3725818411601344,0.4004788127330515,0.2269393461068142
14759861,3,IN-RANGE,LogisticRegression,descriptors,BELOW,0.47319546900750536,0.29362075826379475,0.23318377272869997
14759874,3,IN-RANGE,LogisticRegression,descriptors,BELOW,0.5193535662883146,0.2699332829493504,0.21071315076233504
14759894,3,IN-RANGE,LogisticRegression,descriptors,IN-RANGE,0.3735963148611607,0.3768344723019404,0.24956921283689892
14759897,3,IN-RANGE,LogisticRegression,descriptors,IN-RANGE,0.3853668293565163,0.5073660230440995,0.10726714759938408
14759900,3,IN-RANGE,LogisticRegression,descriptors,IN-RANGE,0.38302806964426156,0.507748948326259,0.10922298202947939
14759930,3,IN-RANGE,LogisticRegression,descriptors,BELOW,0.5716547288465285,0.29752821876204244,0.13081705239142916
14759931,3,IN-RANGE,LogisticRegression,descriptors,BELOW,0.5246728879550475,0.319815021451775,0.1555120905931776
14759933,3,IN-RANGE,LogisticRegression,descriptors,BELOW,0.5578252399498346,0.30776826421739806,0.13440649583276743
14759937,3,IN-RANGE,LogisticRegression,descriptors,ABOVE,0.2792822528438731,0.27250653119057255,0.44821121596555435
14759944,3,IN-RANGE,LogisticRegression,descriptors,ABOVE,0.11575326295141754,0.237198171667436,0.6470485653811464
14759971,3,IN-RANGE,LogisticRegression,descriptors,ABOVE,0.30423587776102956,0.34008818640537625,0.35567593583359425
14759972,3,IN-RANGE,LogisticRegression,descriptors,ABOVE,0.2728271703126642,0.3316261101656331,0.3955467195217027
14759975,3,IN-RANGE,LogisticRegression,descriptors,BELOW,0.43610878585169777,0.29190783277851085,0.2719833813697915
14759977,3,IN-RANGE,LogisticRegression,descriptors,BELOW,0.3988989573563935,0.34406801957662053,0.25703302306698605
14759978,3,IN-RANGE,LogisticRegression,descriptors,ABOVE,0.206333765135059,0.36602657877010325,0.42763965609483773
14759979,3,IN-RANGE,LogisticRegression,descriptors,ABOVE,0.14685468158049791,0.34182384590171633,0.5113214725177857
14759981,3,IN-RANGE,LogisticRegression,descriptors,BELOW,0.44180653501867073,0.33864998208747565,0.21954348289385373
14759999,3,IN-RANGE,LogisticRegression,descriptors,BELOW,0.5499756183619255,0.35084766531575723,0.09917671632231713
14760021,3,IN-RANGE,LogisticRegression,descriptors,BELOW,0.5045087010722213,0.3727618867446106,0.122729412183168
14760036,3,IN-RANGE,LogisticRegression,descriptors,BELOW,0.35662442025721863,0.28849066141891433,0.3548849183238671
14761129,3,IN-RANGE,LogisticRegression,descriptors,IN-RANGE,0.2695982124105163,0.5229008993680883,0.2075008882213955
14761141,3,IN-RANGE,LogisticRegression,descriptors,BELOW,0.4500371973369763,0.3603768091551716,0.1895859935078521
14761156,3,IN-RANGE,LogisticRegression,descriptors,BELOW,0.4809768778486893,0.3865598757915764,0.1324632463597344
14761162,3,IN-RANGE,LogisticRegression,descriptors,ABOVE,0.31342123305059316,0.3233606736124746,0.3632180933369322
14761169,3,IN-RANGE,LogisticRegression,descriptors,IN-RANGE,0.18415115664849885,0.5551178381573507,0.26073100519415043
14761172,3,IN-RANGE,LogisticRegression,descriptors,BELOW,0.40211332910190345,0.3325983070369125,0.26528836386118404
14761173,3,IN-RANGE,LogisticRegression,descriptors,IN-RANGE,0.34422395175031467,0.4947780502781046,0.16099799797158076
14761180,3,IN-RANGE,LogisticRegression,descriptors,IN-RANGE,0.2036750683699408,0.6657986858134035,0.1305262458166558
14761197,3,IN-RANGE,LogisticRegression,descriptors,IN-RANGE,0.2346821426529899,0.4606223478845172,0.30469550946249285
14761199,3,IN-RANGE,LogisticRegression,descriptors,BELOW,0.47080229547724795,0.3426083683994056,0.1865893361233464
14761211,3,IN-RANGE,LogisticRegression,descriptors,IN-RANGE,0.18023212849750847,0.6036009305345345,0.21616694096795702
14761228,3,IN-RANGE,LogisticRegression,descriptors,BELOW,0.42477421311144914,0.3658192238490481,0.20940656303950278
14761233,3,IN-RANGE,LogisticRegression,descriptors,BELOW,0.5516451175895374,0.3668269361862059,0.08152794622425671
14761261,3,IN-RANGE,LogisticRegression,descriptors,BELOW,0.5516451175895374,0.3668269361862059,0.08152794622425671
14761266,3,IN-RANGE,LogisticRegression,descriptors,ABOVE,0.10912233374100691,0.3879597659726685,0.5029179002863245
14761283,3,IN-RANGE,LogisticRegression,descriptors,IN-RANGE,0.3686336963047569,0.45408817179829436,0.17727813189694872
14761285,3,IN-RANGE,LogisticRegression,descriptors,IN-RANGE,0.2330927399730713,0.41191851131849677,0.35498874870843194
14761289,3,IN-RANGE,LogisticRegression,descriptors,BELOW,0.5050634865881956,0.3301719583133484,0.16476455509845617
14761290,3,IN-RANGE,LogisticRegression,descriptors,BELOW,0.4267905967644712,0.2810257735024863,0.29218362973304257
14761302,3,IN-RANGE,LogisticRegression,descriptors,IN-RANGE,0.3043561981518785,0.357370827684762,0.33827297416335944
14761311,3,IN-RANGE,LogisticRegression,descriptors,BELOW,0.42548612722498247,0.3479443253092405,0.22656954746577704
14761321,3,IN-RANGE,LogisticRegression,descriptors,BELOW,0.39229924551485307,0.37117790941726225,0.2365228450678847
14761331,3,IN-RANGE,LogisticRegression,descriptors,BELOW,0.389515921951486,0.3326145019718069,0.27786957607670704
14761357,3,IN-RANGE,LogisticRegression,descriptors,ABOVE,0.24408608077166496,0.26629244788853174,0.48962147133980316
14761370,3,IN-RANGE,LogisticRegression,descriptors,ABOVE,0.0866089646669602,0.12663155431333825,0.7867594810197015
14761371,3,IN-RANGE,LogisticRegression,descriptors,ABOVE,0.08660896466696026,0.1266315543133383,0.7867594810197015
14761386,3,IN-RANGE,LogisticRegression,descriptors,ABOVE,0.1744592545838012,0.31958332564087,0.5059574197753288
14762210,3,IN-RANGE,LogisticRegression,descriptors,ABOVE,0.34067690782479904,0.3012402714128791,0.35808282076232184
14762229,3,IN-RANGE,LogisticRegression,descriptors,BELOW,0.380944101101062,0.34002052640148467,0.27903537249745336
14762234,3,IN-RANGE,LogisticRegression,descriptors,BELOW,0.45101070785162667,0.3569217426841679,0.19206754946420557
14762235,3,IN-RANGE,LogisticRegression,descriptors,IN-RANGE,0.1760754493491857,0.6801223041649149,0.14380224648589926
14762253,3,IN-RANGE,LogisticRegression,descriptors,BELOW,0.3773844602786171,0.25865995202867587,0.36395558769270686
14762271,3,IN-RANGE,LogisticRegression,descriptors,ABOVE,0.12552616078851647,0.17288905738438648,0.701584781827097
14762276,3,IN-RANGE,LogisticRegression,descriptors,IN-RANGE,0.25865237103685157,0.49169980763642984,0.2496478213267185
14762283,3,IN-RANGE,LogisticRegression,descriptors,IN-RANGE,0.09964218993236382,0.5257797807327458,0.3745780293348904
14762292,3,IN-RANGE,LogisticRegression,descriptors,BELOW,0.41183922345293383,0.3403342712141519,0.24782650533291442
14762295,3,IN-RANGE,LogisticRegression,descriptors,IN-RANGE,0.327117914812619,0.40039370730475127,0.27248837788262975
14762296,3,IN-RANGE,LogisticRegression,descriptors,BELOW,0.5126170384517492,0.3375471898486023,0.14983577169964846
14762304,3,IN-RANGE,LogisticRegression,descriptors,ABOVE,0.206333765135059,0.36602657877010325,0.42763965609483773
14762336,3,IN-RANGE,LogisticRegression,descriptors,BELOW,0.3854227891620183,0.3030597279097068,0.3115174829282748
14762346,3,IN-RANGE,LogisticRegression,descriptors,ABOVE,0.28986612398805967,0.3412854586704473,0.368848417341493
14762348,3,IN-RANGE,LogisticRegression,descriptors,BELOW,0.37863449860436105,0.29236422455190586,0.3290012768437331
14762355,3,IN-RANGE,LogisticRegression,descriptors,ABOVE,0.27805507412864056,0.31942854564673706,0.4025163802246224
14762388,3,IN-RANGE,LogisticRegression,descriptors,BELOW,0.5010202575586944,0.3488602068038047,0.15011953563750083
14762424,3,IN-RANGE,LogisticRegression,descriptors,ABOVE,0.08643065735900783,0.3771240474711569,0.5364452951698353
14762462,3,IN-RANGE,LogisticRegression,descriptors,IN-RANGE,0.18068174308194157,0.6063390106747027,0.21297924624335568
14762463,3,IN-RANGE,LogisticRegression,descriptors,IN-RANGE,0.3433054053339987,0.5006601561882202,0.156034438477781
14763276,3,IN-RANGE,LogisticRegression,descriptors,BELOW,0.39795185404548233,0.3320081073609725,0.27004003859354525
14763295,3,IN-RANGE,LogisticRegression,descriptors,BELOW,0.4958558127898385,0.35728629362591613,0.14685789358424545
14763296,3,IN-RANGE,LogisticRegression,descriptors,BELOW,0.45745996492001423,0.295387058534723,0.24715297654526266
14763298,3,IN-RANGE,LogisticRegression,descriptors,ABOVE,0.17805904479881987,0.2387225377809041,0.583218417420276
14763323,3,IN-RANGE,LogisticRegression,descriptors,IN-RANGE,0.2394480497937355,0.573040626821166,0.18751132338509843
14763344,3,IN-RANGE,LogisticRegression,descriptors,BELOW,0.41666611175763163,0.34661624505548005,0.2367176431868883
14763347,3,IN-RANGE,LogisticRegression,descriptors,ABOVE,0.31010089575236155,0.28328305015528366,0.40661605409235485
14763348,3,IN-RANGE,LogisticRegression,descriptors,IN-RANGE,0.2997210313479931,0.4986070628690283,0.2016719057829785
14763352,3,IN-RANGE,LogisticRegression,descriptors,BELOW,0.38203636985052464,0.29678489192757723,0.3211787382218981
14763369,3,IN-RANGE,LogisticRegression,descriptors,BELOW,0.3794060084991704,0.30353650304293417,0.31705748845789544
14763376,3,IN-RANGE,LogisticRegression,descriptors,BELOW,0.4256767810910341,0.26567978915091983,0.30864342975804604
14763386,3,IN-RANGE,LogisticRegression,descriptors,IN-RANGE,0.3054382379810272,0.5920872423552928,0.10247451966367997
14763387,3,IN-RANGE,LogisticRegression,descriptors,ABOVE,0.1457571074241376,0.39831681847214095,0.4559260741037214
14763394,3,IN-RANGE,LogisticRegression,descriptors,BELOW,0.44232383763553734,0.2531462560229881,0.3045299063414744
14763402,3,IN-RANGE,LogisticRegression,descriptors,BELOW,0.5602108729415812,0.26855636584363274,0.1712327612147859
14763407,3,IN-RANGE,LogisticRegression,descriptors,ABOVE,0.09811777956924447,0.1382699445405659,0.7636122758901898
14763408,3,IN-RANGE,LogisticRegression,descriptors,ABOVE,0.11149404434547777,0.3376998947168531,0.5508060609376692
14763409,3,IN-RANGE,LogisticRegression,descriptors,IN-RANGE,0.30909801051137487,0.3712548612735704,0.31964712821505475
14763411,3,IN-RANGE,LogisticRegression,descriptors,BELOW,0.3747268313017844,0.2881719714503636,0.33710119724785204
14763412,3,IN-RANGE,LogisticRegression,descriptors,BELOW,0.35477440901249374,0.3312577317222547,0.3139678592652516
14763424,3,IN-RANGE,LogisticRegression,descriptors,BELOW,0.41110152131145555,0.34323328214003607,0.24566519654850846
14763430,3,IN-RANGE,LogisticRegression,descriptors,BELOW,0.5667608676693832,0.239891726005053,0.19334740632556394
14763446,3,IN-RANGE,LogisticRegression,descriptors,IN-RANGE,0.15177601517205247,0.5644328188786888,0.2837911659492588
14763455,3,IN-RANGE,LogisticRegression,descriptors,BELOW,0.5390351294932074,0.28879242046443354,0.17217245004235907
14763464,3,IN-RANGE,LogisticRegression,descriptors,IN-RANGE,0.2765816338826791,0.6717184674738915,0.05169989864342939
14763473,3,IN-RANGE,LogisticRegression,descriptors,IN-RANGE,0.3764100953341416,0.39918745889647383,0.22440244576938456
14763475,3,IN-RANGE,LogisticRegression,descriptors,ABOVE,0.3068233472761302,0.329903442512954,0.36327321021091574
14763476,3,IN-RANGE,LogisticRegression,descriptors,BELOW,0.5776660635973159,0.29346344242047634,0.12887049398220776
14763489,3,IN-RANGE,LogisticRegression,descriptors,IN-RANGE,0.3440139993667522,0.37178417444762524,0.28420182618562256
14763495,3,IN-RANGE,LogisticRegression,descriptors,ABOVE,0.1614909955411068,0.29381301763460865,0.5446959868242846
14764294,3,IN-RANGE,LogisticRegression,descriptors,BELOW,0.6100171481178422,0.2861807594475888,0.10380209243456895
14764295,3,IN-RANGE,LogisticRegression,descriptors,ABOVE,0.3254850513055047,0.29628702443254584,0.3782279242619495
14764305,3,IN-RANGE,LogisticRegression,descriptors,BELOW,0.41110152131145555,0.34323328214003607,0.24566519654850846
14764310,3,IN-RANGE,LogisticRegression,descriptors,IN-RANGE,0.1830315925104304,0.5217218984893971,0.29524650900017246
14764325,3,IN-RANGE,LogisticRegression,descriptors,IN-RANGE,0.2719812460369634,0.485337753577753,0.24268100038528367
14764329,3,IN-RANGE,LogisticRegression,descriptors,BELOW,0.4032810093404765,0.29869161839286384,0.29802737226665965
14764331,3,IN-RANGE,LogisticRegression,descriptors,IN-RANGE,0.35761746131521854,0.40327411490858195,0.2391084237761996
14764332,3,IN-RANGE,LogisticRegression,descriptors,BELOW,0.41110152131145555,0.34323328214003607,0.24566519654850846
14764380,3,IN-RANGE,LogisticRegression,descriptors,ABOVE,0.18211487298258416,0.24566388238466802,0.5722212446327478
14764388,3,IN-RANGE,LogisticRegression,descriptors,ABOVE,0.13941803848975268,0.3821994090021311,0.47838255250811623
14764405,3,IN-RANGE,LogisticRegression,descriptors,IN-RANGE,0.303596109735233,0.4315402462030104,0.2648636440617566
14764415,3,IN-RANGE,LogisticRegression,descriptors,BELOW,0.39372569922405093,0.2801845196930431,0.326089781082906
14764438,3,IN-RANGE,LogisticRegression,descriptors,BELOW,0.40211332910190345,0.3325983070369125,0.26528836386118404
14764474,3,IN-RANGE,LogisticRegression,descriptors,BELOW,0.39643185221411226,0.3367767070993513,0.2667914406865364
14764496,3,IN-RANGE,LogisticRegression,descriptors,IN-RANGE,0.314257904463343,0.3900887132498757,0.29565338228678134
14764505,3,IN-RANGE,LogisticRegression,descriptors,BELOW,0.5786244598870164,0.29990292750585335,0.12147261260713038
14764513,3,IN-RANGE,LogisticRegression,descriptors,ABOVE,0.21745105762268857,0.270982260148159,0.5115666822291525
14764519,3,IN-RANGE,LogisticRegression,descriptors,IN-RANGE,0.32986958957766943,0.3838165725920031,0.2863138378303274
14764523,3,IN-RANGE,LogisticRegression,descriptors,BELOW,0.5419503185219419,0.30033418382116595,0.15771549765689216
14764530,3,IN-RANGE,LogisticRegression,descriptors,ABOVE,0.2076348523956591,0.2000583690621176,0.5923067785422234
14764536,3,IN-RANGE,LogisticRegression,descriptors,BELOW,0.5504726404425438,0.3084429735772039,0.14108438598025208
14764538,3,IN-RANGE,LogisticRegression,descriptors,IN-RANGE,0.2940607302012025,0.527364145908194,0.17857512389060357
14765314,3,IN-RANGE,LogisticRegression,descriptors,BELOW,0.5006008753384256,0.3164990832722362,0.18290004138933816
14765333,3,IN-RANGE,LogisticRegression,descriptors,BELOW,0.4036816872479359,0.33457552155909326,0.26174279119297095
14765365,3,IN-RANGE,LogisticRegression,descriptors,ABOVE,0.18530675523781096,0.23372930716700474,0.5809639375951843
14765380,3,IN-RANGE,LogisticRegression,descriptors,BELOW,0.3900351047822122,0.2800185023861928,0.32994639283159494
14765385,3,IN-RANGE,LogisticRegression,descriptors,ABOVE,0.18408582205849322,0.29354371969141446,0.5223704582500923
14765386,3,IN-RANGE,LogisticRegression,descriptors,BELOW,0.44506016513686364,0.3772029501445545,0.17773688471858173
14765405,3,IN-RANGE,LogisticRegression,descriptors,ABOVE,0.1635260911679225,0.2957974160362359,0.5406764927958416
14765424,3,IN-RANGE,LogisticRegression,descriptors,BELOW,0.5043005422365823,0.37273142194625064,0.12296803581716713
14765431,3,IN-RANGE,LogisticRegression,descriptors,ABOVE,0.10207146129191347,0.2591193341036363,0.6388092046044502
14765435,3,IN-RANGE,LogisticRegression,descriptors,BELOW,0.3885847814024337,0.2969313840861943,0.31448383451137196
14765462,3,IN-RANGE,LogisticRegression,descriptors,BELOW,0.44876074659483184,0.27000143463091836,0.2812378187742498
14765486,3,IN-RANGE,LogisticRegression,descriptors,BELOW,0.38080681204095723,0.2771300508142389,0.3420631371448038
14765499,3,IN-RANGE,LogisticRegression,descriptors,BELOW,0.3658457282963666,0.2923645005323472,0.3417897711712862
14765504,3,IN-RANGE,LogisticRegression,descriptors,BELOW,0.42013290972745665,0.35766490851002963,0.22220218176251363
14765508,3,IN-RANGE,LogisticRegression,descriptors,ABOVE,0.2884887970385977,0.2132789952557733,0.49823220770562915
14765520,3,IN-RANGE,LogisticRegression,descriptors,IN-RANGE,0.17046805998445996,0.5798151794096116,0.24971676060592857
14765561,3,IN-RANGE,LogisticRegression,descriptors,BELOW,0.443517793280146,0.35781146476808506,0.1986707419517689
14765563,3,IN-RANGE,LogisticRegression,descriptors,BELOW,0.5187670171074656,0.3429324839391824,0.13830049895335206
14766490,3,ABOVE,LogisticRegression,descriptors,IN-RANGE,0.3766763883175755,0.3807696343094871,0.24255397737293727
14766494,3,ABOVE,LogisticRegression,descriptors,BELOW,0.44079135735975605,0.3486321279701257,0.21057651467011806
14766500,3,ABOVE,LogisticRegression,descriptors,BELOW,0.3976929321888514,0.333052165802465,0.2692549020086837
14766502,3,ABOVE,LogisticRegression,descriptors,ABOVE,0.11846721544635248,0.329775489615375,0.5517572949382724
14766505,3,ABOVE,LogisticRegression,descriptors,BELOW,0.5079789770122944,0.28411571072987624,0.2079053122578293
14766510,3,ABOVE,LogisticRegression,descriptors,ABOVE,0.23472823104510787,0.29602762515306114,0.4692441438018309
14766515,3,ABOVE,LogisticRegression,descriptors,ABOVE,0.13316448051707008,0.29879269553390075,0.5680428239490292
14766520,3,ABOVE,LogisticRegression,descriptors,IN-RANGE,0.345205651494233,0.38947527943145654,0.2653190690743105
14766521,3,ABOVE,LogisticRegression,descriptors,ABOVE,0.19375208708217395,0.2424975227928676,0.5637503901249585
14766524,3,ABOVE,LogisticRegression,descriptors,ABOVE,0.2067458017803415,0.33051458292724256,0.4627396152924161
14766526,3,ABOVE,LogisticRegression,descriptors,ABOVE,0.1483207869716908,0.18270410198748568,0.6689751110408234
14766528,3,ABOVE,LogisticRegression,descriptors,ABOVE,0.2595439849864953,0.30126056221236225,0.4391954528011424
14766533,3,ABOVE,LogisticRegression,descriptors,IN-RANGE,0.1772490938314972,0.5397012263609083,0.2830496798075945
14766535,3,ABOVE,LogisticRegression,descriptors,ABOVE,0.2204976054372557,0.2823315087816712,0.4971708857810731
14766537,3,ABOVE,LogisticRegression,descriptors,ABOVE,0.2134612152213783,0.27018155670432203,0.5163572280742996
14766540,3,ABOVE,LogisticRegression,descriptors,BELOW,0.3704188518278119,0.2863717213060752,0.3432094268661129
14766548,3,ABOVE,LogisticRegression,descriptors,BELOW,0.40096949376779967,0.3109787459913601,0.2880517602408401
14769815,3,BELOW,LogisticRegression,descriptors,IN-RANGE,0.2983483719611832,0.5705140210839084,0.1311376069549085
14769832,3,BELOW,LogisticRegression,descriptors,IN-RANGE,0.29618812017419405,0.4314960402128152,0.2723158396129907
14769842,3,BELOW,LogisticRegression,descriptors,BELOW,0.44041765311430914,0.33689928529225044,0.2226830615934405
14769849,3,BELOW,LogisticRegression,descriptors,BELOW,0.44180653501867073,0.33864998208747565,0.21954348289385373
14769855,3,BELOW,LogisticRegression,descriptors,BELOW,0.46215047507922813,0.3239401545552638,0.213909370365508
14769856,3,BELOW,LogisticRegression,descriptors,BELOW,0.4692743587075246,0.2511333612716764,0.27959228002079906
14769862,3,BELOW,LogisticRegression,descriptors,IN-RANGE,0.10371181910794447,0.5243889835470887,0.3718991973449666
14769877,3,BELOW,LogisticRegression,descriptors,BELOW,0.44540643846094663,0.3446756563989319,0.20991790514012154
14769880,3,BELOW,LogisticRegression,descriptors,BELOW,0.5494357181033596,0.2955253111820141,0.1550389707146263
14769884,3,BELOW,LogisticRegression,descriptors,BELOW,0.3627446617018626,0.3244614718794899,0.31279386641864754
14769885,3,BELOW,LogisticRegression,descriptors,BELOW,0.48453035048294474,0.3639275020573916,0.15154214745966366
14758721,3,BELOW,RandomForestClassifier,descriptors,BELOW,0.4812565110506354,0.3237809209188074,0.19496256803055712
14758726,3,BELOW,RandomForestClassifier,descriptors,IN-RANGE,0.3519418148689076,0.5192336990525768,0.1288244860785157
14758727,3,BELOW,RandomForestClassifier,descriptors,IN-RANGE,0.3657725845701858,0.6232708936906838,0.010956521739130434
14758728,3,BELOW,RandomForestClassifier,descriptors,BELOW,0.5928105597159304,0.38574468161136954,0.021444758672699845
14758732,3,BELOW,RandomForestClassifier,descriptors,BELOW,0.47647879601773896,0.3518797104846285,0.17164149349763264
14758733,3,BELOW,RandomForestClassifier,descriptors,IN-RANGE,0.47949477839739424,0.5065944967065868,0.013910724896019014
14758739,3,BELOW,RandomForestClassifier,descriptors,BELOW,0.8807848950802263,0.0965441014955161,0.0226710034242576
14758741,3,BELOW,RandomForestClassifier,descriptors,IN-RANGE,0.10427398676592226,0.5770176771622549,0.3187083360718229
14758744,3,BELOW,RandomForestClassifier,descriptors,BELOW,0.8881200321653634,0.08863753583895045,0.023242431995686166
14758747,3,BELOW,RandomForestClassifier,descriptors,BELOW,0.5704538597476314,0.363319243595279,0.06622689665708931
14758748,3,BELOW,RandomForestClassifier,descriptors,BELOW,0.5513271095358001,0.3561330300179842,0.09253986044621561
14758754,3,BELOW,RandomForestClassifier,descriptors,BELOW,0.8881200321653634,0.08863753583895045,0.023242431995686166
14758761,3,BELOW,RandomForestClassifier,descriptors,BELOW,0.4471339421818918,0.30008741827243923,0.252778639545669
14758769,3,BELOW,RandomForestClassifier,descriptors,IN-RANGE,0.06145341294412501,0.6748746867167921,0.263671900339083
14758773,3,BELOW,RandomForestClassifier,descriptors,BELOW,0.3775230726455511,0.3196738055075814,0.30280312184686725
14758776,3,BELOW,RandomForestClassifier,descriptors,IN-RANGE,0.37971183788357527,0.510559329638158,0.10972883247826658
14758781,3,BELOW,RandomForestClassifier,descriptors,BELOW,0.6868615158777654,0.2623054917355946,0.050832992386640026
14758796,3,BELOW,RandomForestClassifier,descriptors,IN-RANGE,0.4283891597187528,0.5384591001072164,0.033151740174030705
14758798,3,BELOW,RandomForestClassifier,descriptors,IN-RANGE,0.193239417989418,0.48908049358049355,0.3176800884300884
14758800,3,BELOW,RandomForestClassifier,descriptors,IN-RANGE,0.10066666666666667,0.5909514652014652,0.30838186813186813
14758829,3,BELOW,RandomForestClassifier,descriptors,IN-RANGE,0.4633762502273141,0.4653416984906346,0.07128205128205128
14758832,3,BELOW,RandomForestClassifier,descriptors,BELOW,0.4714662311982936,0.4522282863368738,0.07630548246483237
14758835,3,BELOW,RandomForestClassifier,descriptors,BELOW,0.5183161171038353,0.3327923804692542,0.1488915024269104
14758837,3,BELOW,RandomForestClassifier,descriptors,BELOW,0.40260415523424575,0.39844122421609396,0.1989546205496603
14758839,3,BELOW,RandomForestClassifier,descriptors,IN-RANGE,0.31461839910930556,0.5545241038694586,0.13085749702123584
14758841,3,BELOW,RandomForestClassifier,descriptors,BELOW,0.4510839630791377,0.32539367795082974,0.22352235897003245
14758843,3,BELOW,RandomForestClassifier,descriptors,BELOW,0.3724324467460828,0.35942576874196264,0.2681417845119547
14758850,3,BELOW,RandomForestClassifier,descriptors,IN-RANGE,0.22988936398998316,0.5334163148512994,0.23669432115871744
14758851,3,BELOW,RandomForestClassifier,descriptors,BELOW,0.8807848950802263,0.0965441014955161,0.0226710034242576
14758853,3,BELOW,RandomForestClassifier,descriptors,IN-RANGE,0.17022972739820563,0.45502930181734524,0.3747409707844491
14758854,3,BELOW,RandomForestClassifier,descriptors,BELOW,0.8807848950802263,0.0965441014955161,0.0226710034242576
14758861,3,BELOW,RandomForestClassifier,descriptors,ABOVE,0.32626300958410437,0.302115420920485,0.37162156949541064
14758864,3,BELOW,RandomForestClassifier,descriptors,ABOVE,0.34643225280419415,0.26537899447395397,0.3881887527218519
14758869,3,BELOW,RandomForestClassifier,descriptors,BELOW,0.4471339421818918,0.30008741827243923,0.252778639545669
14758872,3,BELOW,RandomForestClassifier,descriptors,ABOVE,0.3807929873119559,0.17561717108143873,0.4435898416066053
14758879,3,BELOW,RandomForestClassifier,descriptors,IN-RANGE,0.3023551346626101,0.5370406950439135,0.16060417029347615
14758884,3,BELOW,RandomForestClassifier,descriptors,BELOW,0.5670046107614014,0.3754080185292076,0.057587370709391114
14758899,3,BELOW,RandomForestClassifier,descriptors,IN-RANGE,0.46236995843419876,0.5310296458737582,0.006600395692042988
14758905,3,BELOW,RandomForestClassifier,descriptors,IN-RANGE,0.04017311883233186,0.8105420354467603,0.1492848457209079
14758906,3,BELOW,RandomForestClassifier,descriptors,ABOVE,0.1920568957923797,0.3710272984905321,0.43691580571708827
14758907,3,BELOW,RandomForestClassifier,descriptors,ABOVE,0.1920568957923797,0.3710272984905321,0.43691580571708827
14758912,3,BELOW,RandomForestClassifier,descriptors,IN-RANGE,0.466582894158981,0.506516139657444,0.02690096618357488
14758918,3,BELOW,RandomForestClassifier,descriptors,BELOW,0.6160844139491028,0.2873051814498358,0.09661040460106143
14758922,3,BELOW,RandomForestClassifier,descriptors,BELOW,0.4011626218646784,0.3710129093190519,0.2278244688162698
14758971,3,IN-RANGE,RandomForestClassifier,descriptors,BELOW,0.4643255899778106,0.40643925398976144,0.12923515603242777
14758990,3,IN-RANGE,RandomForestClassifier,descriptors,ABOVE,0.15812906964809442,0.24430891984904438,0.5975620105028612
14759774,3,IN-RANGE,RandomForestClassifier,descriptors,IN-RANGE,0.4138915494188206,0.5131320072467048,0.07297644333447466
14759791,3,IN-RANGE,RandomForestClassifier,descriptors,BELOW,0.5936677350113023,0.36509273012012033,0.04123953486857742
14759811,3,IN-RANGE,RandomForestClassifier,descriptors,IN-RANGE,0.43372475216855283,0.4593357196695127,0.10693952816193444
14759812,3,IN-RANGE,RandomForestClassifier,descriptors,ABOVE,0.3189007072572817,0.2559449057447322,0.4251543869979861
14759824,3,IN-RANGE,RandomForestClassifier,descriptors,IN-RANGE,0.4130505188552427,0.417181485871311,0.16976799527344635
14759847,3,IN-RANGE,RandomForestClassifier,descriptors,IN-RANGE,0.20916666666666667,0.6358333333333334,0.155
14759848,3,IN-RANGE,RandomForestClassifier,descriptors,IN-RANGE,0.437777822744191,0.5159379717697714,0.04628420548603749
14759861,3,IN-RANGE,RandomForestClassifier,descriptors,BELOW,0.5149722844531682,0.39088270394718205,0.09414501159964957
14759874,3,IN-RANGE,RandomForestClassifier,descriptors,ABOVE,0.07469749912696642,0.420217841860801,0.5050846590122327
14759894,3,IN-RANGE,RandomForestClassifier,descriptors,IN-RANGE,0.3728348982643568,0.4480967562348762,0.17906834550076683
14759897,3,IN-RANGE,RandomForestClassifier,descriptors,BELOW,0.5401794571711762,0.4109630048657747,0.048857537963048855
14759900,3,IN-RANGE,RandomForestClassifier,descriptors,IN-RANGE,0.44496210111463763,0.503173947116481,0.051863951768881256
14759930,3,IN-RANGE,RandomForestClassifier,descriptors,IN-RANGE,0.4785429428785531,0.505232667169714,0.01622438995173283
14759931,3,IN-RANGE,RandomForestClassifier,descriptors,BELOW,0.6333872242706525,0.3123783943557741,0.05423438137357332
14759933,3,IN-RANGE,RandomForestClassifier,descriptors,BELOW,0.43195396245757856,0.3777855663789177,0.19026047116350372
14759937,3,IN-RANGE,RandomForestClassifier,descriptors,IN-RANGE,0.06686926812885893,0.5148692749533712,0.41826145691777
14759944,3,IN-RANGE,RandomForestClassifier,descriptors,IN-RANGE,0.10924383554726072,0.6458620538062086,0.24489411064653058
14759971,3,IN-RANGE,RandomForestClassifier,descriptors,IN-RANGE,0.3498836857539744,0.6410718320728508,0.009044482173174873
14759972,3,IN-RANGE,RandomForestClassifier,descriptors,ABOVE,0.18318399707015587,0.37840343926521597,0.4384125636646282
14759975,3,IN-RANGE,RandomForestClassifier,descriptors,BELOW,0.6122752791627346,0.31035261407750564,0.07737210675975968
14759977,3,IN-RANGE,RandomForestClassifier,descriptors,IN-RANGE,0.25272811490949026,0.6446661595482255,0.10260572554228403
14759978,3,IN-RANGE,RandomForestClassifier,descriptors,ABOVE,0.24837703079778797,0.3379112770279866,0.4137116921742253
14759979,3,IN-RANGE,RandomForestClassifier,descriptors,BELOW,0.6796952130588859,0.16057508687910577,0.15972970006200826
14759981,3,IN-RANGE,RandomForestClassifier,descriptors,BELOW,0.3724324467460828,0.35942576874196264,0.2681417845119547
14759999,3,IN-RANGE,RandomForestClassifier,descriptors,IN-RANGE,0.17522335070302233,0.5187488727686297,0.30602777652834784
14760021,3,IN-RANGE,RandomForestClassifier,descriptors,ABOVE,0.12301736049535318,0.4271229170336222,0.44985972247102474
14760036,3,IN-RANGE,RandomForestClassifier,descriptors,IN-RANGE,0.35614996710467994,0.4277224088458182,0.216127624049502
14761129,3,IN-RANGE,RandomForestClassifier,descriptors,IN-RANGE,0.28460235953126056,0.5070670102384806,0.2083306302302588
14761141,3,IN-RANGE,RandomForestClassifier,descriptors,IN-RANGE,0.35476514844218726,0.539954733746076,0.10528011781173655
14761156,3,IN-RANGE,RandomForestClassifier,descriptors,IN-RANGE,0.4123468422698949,0.534322551854056,0.05333060587604909
14761162,3,IN-RANGE,RandomForestClassifier,descriptors,IN-RANGE,0.21110378589026607,0.40194197670685466,0.3869542374028792
14761169,3,IN-RANGE,RandomForestClassifier,descriptors,IN-RANGE,0.24888652124640495,0.7176120308771471,0.033501447876447876
14761172,3,IN-RANGE,RandomForestClassifier,descriptors,IN-RANGE,0.36419217458801656,0.5257655159182775,0.11004230949370566
14761173,3,IN-RANGE,RandomForestClassifier,descriptors,BELOW,0.485193350419044,0.42001400543869477,0.09479264414226102
14761180,3,IN-RANGE,RandomForestClassifier,descriptors,IN-RANGE,0.06350872469492458,0.9168391996862549,0.01965207561882045
14761197,3,IN-RANGE,RandomForestClassifier,descriptors,IN-RANGE,0.2131009355288887,0.49141063266223783,0.2954884318088734
14761199,3,IN-RANGE,RandomForestClassifier,descriptors,BELOW,0.35187981045691674,0.3445215189113082,0.3035986706317751
14761211,3,IN-RANGE,RandomForestClassifier,descriptors,IN-RANGE,0.14859956709956712,0.8027020202020201,0.048698412698412706
14761228,3,IN-RANGE,RandomForestClassifier,descriptors,IN-RANGE,0.3403312306561097,0.6341768711452486,0.02549189819864162
14761233,3,IN-RANGE,RandomForestClassifier,descriptors,IN-RANGE,0.3323280474220378,0.49639367723355304,0.1712782753444089
14761261,3,IN-RANGE,RandomForestClassifier,descriptors,IN-RANGE,0.3323280474220378,0.49639367723355304,0.1712782753444089
14761266,3,IN-RANGE,RandomForestClassifier,descriptors,IN-RANGE,0.10631944444444442,0.5446656027145158,0.3490149528410398
14761283,3,IN-RANGE,RandomForestClassifier,descriptors,IN-RANGE,0.23184623007315808,0.692711975252868,0.07544179467397384
14761285,3,IN-RANGE,RandomForestClassifier,descriptors,IN-RANGE,0.4612237109295934,0.5087762890704066,0.03
14761289,3,IN-RANGE,RandomForestClassifier,descriptors,BELOW,0.4897986923602782,0.43054245130114344,0.07965885633857835
14761290,3,IN-RANGE,RandomForestClassifier,descriptors,IN-RANGE,0.4376286384180452,0.46030991502277674,0.10206144655917795
14761302,3,IN-RANGE,RandomForestClassifier,descriptors,IN-RANGE,0.3698207876560899,0.4462981112601412,0.18388110108376907
14761311,3,IN-RANGE,RandomForestClassifier,descriptors,BELOW,0.535617424231822,0.3442567611876146,0.12012581458056325
14761321,3,IN-RANGE,RandomForestClassifier,descriptors,BELOW,0.7186653801597569,0.22677186994111348,0.054562749899129556
14761331,3,IN-RANGE,RandomForestClassifier,descriptors,BELOW,0.3721898570288053,0.3594936977390988,0.2683164452320959
14761357,3,IN-RANGE,RandomForestClassifier,descriptors,IN-RANGE,0.14134045394819642,0.7373292988369647,0.12133024721483877
14761370,3,IN-RANGE,RandomForestClassifier,descriptors,IN-RANGE,0.1828036490391329,0.41881084827408194,0.3983855026867852
14761371,3,IN-RANGE,RandomForestClassifier,descriptors,IN-RANGE,0.1828036490391329,0.41881084827408194,0.3983855026867852
14761386,3,IN-RANGE,RandomForestClassifier,descriptors,IN-RANGE,0.17048454135954139,0.5848374283374284,0.2446780303030303
14762210,3,IN-RANGE,RandomForestClassifier,descriptors,IN-RANGE,0.23627566765683486,0.38994622974784243,0.37377810259532285
14762229,3,IN-RANGE,RandomForestClassifier,descriptors,IN-RANGE,0.1410146027920406,0.8003565406231901,0.05862885658476916
14762234,3,IN-RANGE,RandomForestClassifier,descriptors,IN-RANGE,0.42963660212418786,0.5542285638552804,0.01613483402053166
14762235,3,IN-RANGE,RandomForestClassifier,descriptors,IN-RANGE,0.0316826918656888,0.9489522287692318,0.019365079365079366
14762253,3,IN-RANGE,RandomForestClassifier,descriptors,IN-RANGE,0.0683978458561257,0.6936090583523189,0.23799309579155534
14762271,3,IN-RANGE,RandomForestClassifier,descriptors,IN-RANGE,0.05700793280339925,0.5845395881083713,0.35845247908822964
14762276,3,IN-RANGE,RandomForestClassifier,descriptors,IN-RANGE,0.2953908916349077,0.5351212183815126,0.1694878899835796
14762283,3,IN-RANGE,RandomForestClassifier,descriptors,ABOVE,0.03125,0.39,0.57875
14762292,3,IN-RANGE,RandomForestClassifier,descriptors,IN-RANGE,0.42203224639161363,0.48006603030736916,0.09790172330101693
14762295,3,IN-RANGE,RandomForestClassifier,descriptors,IN-RANGE,0.3808034105881387,0.5003186513689774,0.11887793804288377
14762296,3,IN-RANGE,RandomForestClassifier,descriptors,IN-RANGE,0.2979863707263921,0.4610877753603949,0.2409258539132129
14762304,3,IN-RANGE,RandomForestClassifier,descriptors,ABOVE,0.24837703079778797,0.3379112770279866,0.4137116921742253
14762336,3,IN-RANGE,RandomForestClassifier,descriptors,IN-RANGE,0.21552762425188654,0.6421425396825398,0.14232983606557378
14762346,3,IN-RANGE,RandomForestClassifier,descriptors,IN-RANGE,0.35389537455105946,0.5319343385225596,0.11417028692638066
14762348,3,IN-RANGE,RandomForestClassifier,descriptors,IN-RANGE,0.1721942909185532,0.6754758730158729,0.15232983606557376
14762355,3,IN-RANGE,RandomForestClassifier,descriptors,IN-RANGE,0.13430558316889335,0.4722634933303509,0.3934309235007558
14762388,3,IN-RANGE,RandomForestClassifier,descriptors,IN-RANGE,0.21822333608776087,0.6102622070127898,0.17151445689944936
14762424,3,IN-RANGE,RandomForestClassifier,descriptors,IN-RANGE,0.11973219835719834,0.5990165850654983,0.2812512165773035
14762462,3,IN-RANGE,RandomForestClassifier,descriptors,IN-RANGE,0.19391777816777814,0.7281383136383135,0.0779439081939082
14762463,3,IN-RANGE,RandomForestClassifier,descriptors,IN-RANGE,0.34754345336312203,0.5257113585162652,0.1267451881206128
14763276,3,IN-RANGE,RandomForestClassifier,descriptors,IN-RANGE,0.25658576130215316,0.6126322576047624,0.13078198109308423
14763295,3,IN-RANGE,RandomForestClassifier,descriptors,IN-RANGE,0.2066088287931551,0.6346927298773474,0.15869844132949762
14763296,3,IN-RANGE,RandomForestClassifier,descriptors,IN-RANGE,0.2498903539130385,0.6297015504733973,0.12040809561356429
14763298,3,IN-RANGE,RandomForestClassifier,descriptors,ABOVE,0.12989490405458604,0.4268958074717419,0.4432092884736721
14763323,3,IN-RANGE,RandomForestClassifier,descriptors,IN-RANGE,0.319608174232077,0.5471385948709961,0.1332532308969267
14763344,3,IN-RANGE,RandomForestClassifier,descriptors,IN-RANGE,0.2865348616390152,0.603826077474956,0.10963906088602846
14763347,3,IN-RANGE,RandomForestClassifier,descriptors,IN-RANGE,0.24733943043860745,0.6100214246561186,0.14263914490527393
14763348,3,IN-RANGE,RandomForestClassifier,descriptors,IN-RANGE,0.2848871010977214,0.6712061173413262,0.04390678156095221
14763352,3,IN-RANGE,RandomForestClassifier,descriptors,IN-RANGE,0.21552762425188657,0.6821425396825397,0.10232983606557378
14763369,3,IN-RANGE,RandomForestClassifier,descriptors,BELOW,0.35493185286536905,0.29068183658078167,0.35438631055384917
14763376,3,IN-RANGE,RandomForestClassifier,descriptors,IN-RANGE,0.16410759999075303,0.7582163758444067,0.07767602416484039
14763386,3,IN-RANGE,RandomForestClassifier,descriptors,BELOW,0.6354012423298478,0.3035048529355751,0.06109390473457713
14763387,3,IN-RANGE,RandomForestClassifier,descriptors,IN-RANGE,0.16817941858910732,0.7363962575860845,0.09542432382480798
14763394,3,IN-RANGE,RandomForestClassifier,descriptors,BELOW,0.5147228600051007,0.32702336577520613,0.15825377421969314
14763402,3,IN-RANGE,RandomForestClassifier,descriptors,IN-RANGE,0.19246486846486846,0.6464710289710289,0.16106410256410256
14763407,3,IN-RANGE,RandomForestClassifier,descriptors,IN-RANGE,0.0676051970615634,0.6407110045482061,0.2916837983902305
14763408,3,IN-RANGE,RandomForestClassifier,descriptors,IN-RANGE,0.13529864781488848,0.5515751421819167,0.31312621000319507
14763409,3,IN-RANGE,RandomForestClassifier,descriptors,IN-RANGE,0.27046225703174537,0.696509609878004,0.033028133090250676
14763411,3,IN-RANGE,RandomForestClassifier,descriptors,IN-RANGE,0.18579830983108273,0.7043718541033434,0.10982983606557378
14763412,3,IN-RANGE,RandomForestClassifier,descriptors,IN-RANGE,0.3102212914685854,0.5909039001385876,0.098874808392827
14763424,3,IN-RANGE,RandomForestClassifier,descriptors,IN-RANGE,0.20692007076201555,0.6988033104108342,0.09427661882714984
14763430,3,IN-RANGE,RandomForestClassifier,descriptors,BELOW,0.5171488511449887,0.36682879500845694,0.11602235384655435
14763446,3,IN-RANGE,RandomForestClassifier,descriptors,IN-RANGE,0.025178943047273354,0.7891290084537362,0.18569204849899046
14763455,3,IN-RANGE,RandomForestClassifier,descriptors,BELOW,0.37418635182634874,0.37233849657765267,0.2534751515959987
14763464,3,IN-RANGE,RandomForestClassifier,descriptors,ABOVE,0.05791666666666666,0.2545833333333334,0.6875
14763473,3,IN-RANGE,RandomForestClassifier,descriptors,IN-RANGE,0.44539527312256594,0.5415191707706292,0.013085556106804888
14763475,3,IN-RANGE,RandomForestClassifier,descriptors,IN-RANGE,0.2302536792966273,0.5168325394559489,0.2529137812474239
14763476,3,IN-RANGE,RandomForestClassifier,descriptors,IN-RANGE,0.08594266025595297,0.7269414166345656,0.1871159231094815
14763489,3,IN-RANGE,RandomForestClassifier,descriptors,BELOW,0.5907410031296527,0.33344880510578767,0.07581019176455946
14763495,3,IN-RANGE,RandomForestClassifier,descriptors,IN-RANGE,0.2909194531522118,0.5751581330546848,0.13392241379310346
14764294,3,IN-RANGE,RandomForestClassifier,descriptors,BELOW,0.5185993852927198,0.4070444209347567,0.0743561937725234
14764295,3,IN-RANGE,RandomForestClassifier,descriptors,BELOW,0.510808551342607,0.4042722577511323,0.0849191909062605
14764305,3,IN-RANGE,RandomForestClassifier,descriptors,IN-RANGE,0.20692007076201555,0.6988033104108342,0.09427661882714984
14764310,3,IN-RANGE,RandomForestClassifier,descriptors,IN-RANGE,0.18501844438701298,0.7138762924550923,0.10110526315789473
14764325,3,IN-RANGE,RandomForestClassifier,descriptors,IN-RANGE,0.3292635327857413,0.5343268239811352,0.1364096432331233
14764329,3,IN-RANGE,RandomForestClassifier,descriptors,IN-RANGE,0.17996071694260357,0.511098283479702,0.3089409995776944
14764331,3,IN-RANGE,RandomForestClassifier,descriptors,IN-RANGE,0.20740123217598128,0.5057938123682278,0.2868049554557909
14764332,3,IN-RANGE,RandomForestClassifier,descriptors,IN-RANGE,0.20692007076201555,0.6988033104108342,0.09427661882714984
14764380,3,IN-RANGE,RandomForestClassifier,descriptors,IN-RANGE,0.15072943506052083,0.47329124618198926,0.37597931875748974
14764388,3,IN-RANGE,RandomForestClassifier,descriptors,IN-RANGE,0.1307932582083257,0.7390895485510586,0.13011719324061555
14764405,3,IN-RANGE,RandomForestClassifier,descriptors,IN-RANGE,0.3541068128293013,0.4599033954931886,0.18598979167751006
14764415,3,IN-RANGE,RandomForestClassifier,descriptors,IN-RANGE,0.36941272105180806,0.4602338075730558,0.17035347137513607
14764438,3,IN-RANGE,RandomForestClassifier,descriptors,IN-RANGE,0.36419217458801656,0.5257655159182775,0.11004230949370566
14764474,3,IN-RANGE,RandomForestClassifier,descriptors,IN-RANGE,0.1823193192393017,0.6938190480298465,0.1238616327308516
14764496,3,IN-RANGE,RandomForestClassifier,descriptors,ABOVE,0.1981236148265071,0.2375658127201336,0.5643105724533588
14764505,3,IN-RANGE,RandomForestClassifier,descriptors,IN-RANGE,0.25311184659453995,0.6084331141877543,0.1384550392177058
14764513,3,IN-RANGE,RandomForestClassifier,descriptors,ABOVE,0.23588654733991896,0.3177643372019295,0.4463491154581515
14764519,3,IN-RANGE,RandomForestClassifier,descriptors,BELOW,0.48020409357338883,0.3363389414640738,0.1834569649625373
14764523,3,IN-RANGE,RandomForestClassifier,descriptors,IN-RANGE,0.2701157169374762,0.5938397757548913,0.13604450730763237
14764530,3,IN-RANGE,RandomForestClassifier,descriptors,IN-RANGE,0.060057936695116186,0.6041411369878482,0.3358009263170356
14764536,3,IN-RANGE,RandomForestClassifier,descriptors,IN-RANGE,0.24896324645663787,0.7051641675461839,0.04587258599717803
14764538,3,IN-RANGE,RandomForestClassifier,descriptors,IN-RANGE,0.26477209659587714,0.6037826187737896,0.13144528463033323
14765314,3,IN-RANGE,RandomForestClassifier,descriptors,ABOVE,0.1958125402554902,0.2849739694263197,0.51921349031819
14765333,3,IN-RANGE,RandomForestClassifier,descriptors,IN-RANGE,0.2210498493898955,0.6715478721547642,0.10740227845534005
14765365,3,IN-RANGE,RandomForestClassifier,descriptors,IN-RANGE,0.1296741821514053,0.5181569951773805,0.3521688226712143
14765380,3,IN-RANGE,RandomForestClassifier,descriptors,BELOW,0.47644670091557423,0.3505027396009108,0.17305055948351478
14765385,3,IN-RANGE,RandomForestClassifier,descriptors,IN-RANGE,0.1326795270916984,0.6344485894863009,0.23287188342200074
14765386,3,IN-RANGE,RandomForestClassifier,descriptors,IN-RANGE,0.38389562189921556,0.542099597971501,0.07400478012928334
14765405,3,IN-RANGE,RandomForestClassifier,descriptors,IN-RANGE,0.18022082228116712,0.6283567639257295,0.19142241379310346
14765424,3,IN-RANGE,RandomForestClassifier,descriptors,BELOW,0.5154058013650682,0.38052984962521935,0.10406434900971212
14765431,3,IN-RANGE,RandomForestClassifier,descriptors,IN-RANGE,0.17287809698434742,0.5311348046149214,0.2959870984007313
14765435,3,IN-RANGE,RandomForestClassifier,descriptors,IN-RANGE,0.43554104627247514,0.49225390544350506,0.0722050482840197
14765462,3,IN-RANGE,RandomForestClassifier,descriptors,BELOW,0.7023264421824265,0.23100420543172542,0.06666935238584823
14765486,3,IN-RANGE,RandomForestClassifier,descriptors,IN-RANGE,0.44657202098989685,0.48474337392628347,0.06868460508381957
14765499,3,IN-RANGE,RandomForestClassifier,descriptors,IN-RANGE,0.21658703969392634,0.6045650406504065,0.17884791965566713
14765504,3,IN-RANGE,RandomForestClassifier,descriptors,IN-RANGE,0.3272574153025332,0.6526431283592902,0.02009945633817651
14765508,3,IN-RANGE,RandomForestClassifier,descriptors,IN-RANGE,0.24212982482362613,0.5574488196776527,0.2004213554987212
14765520,3,IN-RANGE,RandomForestClassifier,descriptors,IN-RANGE,0.03380630630630631,0.519175979189137,0.4470177145045567
14765561,3,IN-RANGE,RandomForestClassifier,descriptors,BELOW,0.47151683573995307,0.2877808648774586,0.24070229938258828
14765563,3,IN-RANGE,RandomForestClassifier,descriptors,IN-RANGE,0.3842186751583247,0.5843736723171027,0.03140765252457249
14766490,3,ABOVE,RandomForestClassifier,descriptors,ABOVE,0.22761766021636579,0.33828245660832523,0.4340998831753091
14766494,3,ABOVE,RandomForestClassifier,descriptors,IN-RANGE,0.3383751971846529,0.589513256942334,0.07211154587301268
14766500,3,ABOVE,RandomForestClassifier,descriptors,IN-RANGE,0.3530929131788658,0.38173942670417865,0.26516766011695553
14766502,3,ABOVE,RandomForestClassifier,descriptors,IN-RANGE,0.14951816464583367,0.5315994764712504,0.31888235888291616
14766505,3,ABOVE,RandomForestClassifier,descriptors,ABOVE,0.2807851535178263,0.14599693550008536,0.5732179109820881
14766510,3,ABOVE,RandomForestClassifier,descriptors,IN-RANGE,0.07297340907070261,0.668278656768908,0.2587479341603895
14766515,3,ABOVE,RandomForestClassifier,descriptors,IN-RANGE,0.1445575391152851,0.44329452754502774,0.412147933339687
14766520,3,ABOVE,RandomForestClassifier,descriptors,IN-RANGE,0.26702364301921433,0.6207240346162087,0.1122523223645766
14766521,3,ABOVE,RandomForestClassifier,descriptors,IN-RANGE,0.06840902274293277,0.5432600056955161,0.3883309715615511
14766524,3,ABOVE,RandomForestClassifier,descriptors,BELOW,0.5440061410184631,0.38239606117567176,0.07359779780586499
14766526,3,ABOVE,RandomForestClassifier,descriptors,IN-RANGE,0.054579938575405024,0.5535617437305268,0.3918583176940682
14766528,3,ABOVE,RandomForestClassifier,descriptors,IN-RANGE,0.2175190069923204,0.6571363691534242,0.12534462385425527
14766533,3,ABOVE,RandomForestClassifier,descriptors,IN-RANGE,0.08670908408408406,0.4769339156970736,0.43635700021884233
14766535,3,ABOVE,RandomForestClassifier,descriptors,BELOW,0.5803874413608207,0.20783546028486322,0.21177709835431613
14766537,3,ABOVE,RandomForestClassifier,descriptors,BELOW,0.6340750185126555,0.1991796478682495,0.16674533361909505
14766540,3,ABOVE,RandomForestClassifier,descriptors,IN-RANGE,0.2538816431644161,0.6362885207700101,0.10982983606557375
14766548,3,ABOVE,RandomForestClassifier,descriptors,ABOVE,0.319785289363198,0.2762448893718078,0.40396982126499414
14769815,3,BELOW,RandomForestClassifier,descriptors,BELOW,0.561491283494439,0.43565698852339807,0.0028517279821627644
14769832,3,BELOW,RandomForestClassifier,descriptors,IN-RANGE,0.45317101183895103,0.48349624784877426,0.06333274031227469
14769842,3,BELOW,RandomForestClassifier,descriptors,BELOW,0.5043816330824137,0.28904338151397857,0.2065749854036075
14769849,3,BELOW,RandomForestClassifier,descriptors,BELOW,0.3724324467460828,0.35942576874196264,0.2681417845119547
14769855,3,BELOW,RandomForestClassifier,descriptors,IN-RANGE,0.3132274880243383,0.6141000981825582,0.07267241379310345
14769856,3,BELOW,RandomForestClassifier,descriptors,IN-RANGE,0.1500704313593322,0.5540595959005395,0.2958699727401282
14769862,3,BELOW,RandomForestClassifier,descriptors,IN-RANGE,0.22825703463203464,0.6297604617604616,0.1419825036075036
14769877,3,BELOW,RandomForestClassifier,descriptors,BELOW,0.4744161801452112,0.30956100894501765,0.21602281090977102
14769880,3,BELOW,RandomForestClassifier,descriptors,IN-RANGE,0.3985842729145307,0.5054896131450026,0.09592611394046643
14769884,3,BELOW,RandomForestClassifier,descriptors,IN-RANGE,0.31895264527956924,0.5023512720582727,0.17869608266215795
14769885,3,BELOW,RandomForestClassifier,descriptors,BELOW,0.5996366613401521,0.38707022338309677,0.013293115276751059
14758721,3,BELOW,LogisticRegression,Morgan,BELOW,0.5246318407920377,0.39215725064346474,0.08321090856449753
14758726,3,BELOW,LogisticRegression,Morgan,IN-RANGE,0.12154251771356596,0.7677893176007056,0.1106681646857285
14758727,3,BELOW,LogisticRegression,Morgan,IN-RANGE,0.2697702289204311,0.5637896102607798,0.1664401608187892
14758728,3,BELOW,LogisticRegression,Morgan,IN-RANGE,0.1335259160592486,0.5901989616559465,0.276275122284805
14758732,3,BELOW,LogisticRegression,Morgan,IN-RANGE,0.16383027248273038,0.7895090625695698,0.046660664947699916
14758733,3,BELOW,LogisticRegression,Morgan,IN-RANGE,0.08537611390982186,0.6851844749854139,0.2294394111047642
14758739,3,BELOW,LogisticRegression,Morgan,IN-RANGE,0.38916947733549556,0.5903496545973478,0.020480868067156707
14758741,3,BELOW,LogisticRegression,Morgan,IN-RANGE,0.3006847512351667,0.6465923787519418,0.05272287001289158
14758744,3,BELOW,LogisticRegression,Morgan,BELOW,0.8644292492136728,0.12929958517990509,0.00627116560642203
14758747,3,BELOW,LogisticRegression,Morgan,BELOW,0.7429665633967186,0.2504724514767892,0.006560985126492197
14758748,3,BELOW,LogisticRegression,Morgan,BELOW,0.8859390384384872,0.0591177252527221,0.05494323630879076
14758754,3,BELOW,LogisticRegression,Morgan,BELOW,0.8479507619296665,0.14507283254486728,0.006976405525466219
14758761,3,BELOW,LogisticRegression,Morgan,IN-RANGE,0.38034296283179164,0.5889176349608627,0.030739402207345626
14758769,3,BELOW,LogisticRegression,Morgan,IN-RANGE,0.22960977332325394,0.6383808725536788,0.13200935412306725
14758773,3,BELOW,LogisticRegression,Morgan,IN-RANGE,0.29677456829752696,0.6865686441891804,0.01665678751329268
14758776,3,BELOW,LogisticRegression,Morgan,IN-RANGE,0.35688332208444423,0.6364532021728337,0.0066634757427220985
14758781,3,BELOW,LogisticRegression,Morgan,IN-RANGE,0.4707962388309772,0.5183234658081576,0.010880295360865216
14758796,3,BELOW,LogisticRegression,Morgan,IN-RANGE,0.09775676333086945,0.7802581496356517,0.12198508703347888
14758798,3,BELOW,LogisticRegression,Morgan,IN-RANGE,0.09732315610811652,0.7675362724813891,0.1351405714104942
14758800,3,BELOW,LogisticRegression,Morgan,IN-RANGE,0.03281982820854539,0.6586531253340425,0.3085270464574121
14758829,3,BELOW,LogisticRegression,Morgan,IN-RANGE,0.2841139159670278,0.6046270630255333,0.11125902100743892
14758832,3,BELOW,LogisticRegression,Morgan,IN-RANGE,0.4070828613021912,0.5504518868878129,0.04246525180999582
14758835,3,BELOW,LogisticRegression,Morgan,BELOW,0.6240263344392354,0.340901501305606,0.03507216425515867
14758837,3,BELOW,LogisticRegression,Morgan,BELOW,0.5236863703782171,0.45300634604290624,0.023307283578876653
14758839,3,BELOW,LogisticRegression,Morgan,IN-RANGE,0.06673210438865547,0.6556019857198128,0.2776659098915316
14758841,3,BELOW,LogisticRegression,Morgan,IN-RANGE,0.37889815017757844,0.5883993966039285,0.032702453218493015
14758843,3,BELOW,LogisticRegression,Morgan,IN-RANGE,0.22244139690515063,0.7617207452689385,0.015837857825910868
14758850,3,BELOW,LogisticRegression,Morgan,IN-RANGE,0.2529290833634799,0.6308305912829784,0.11624032535354162
14758851,3,BELOW,LogisticRegression,Morgan,BELOW,0.5661758587493583,0.4212869205280182,0.012537220722623374
14758853,3,BELOW,LogisticRegression,Morgan,ABOVE,0.02473465760250241,0.07611750871433985,0.8991478336831578
14758854,3,BELOW,LogisticRegression,Morgan,IN-RANGE,0.24632420764838087,0.7283761345333118,0.025299657818307328
14758861,3,BELOW,LogisticRegression,Morgan,IN-RANGE,0.35803510961939305,0.6154328417402863,0.026532048640320664
14758864,3,BELOW,LogisticRegression,Morgan,IN-RANGE,0.47614888838540836,0.5127318183672918,0.011119293247299943
14758869,3,BELOW,LogisticRegression,Morgan,BELOW,0.6258641128662084,0.33785514545776685,0.03628074167602484
14758872,3,BELOW,LogisticRegression,Morgan,IN-RANGE,0.3756008672775547,0.4815777747316107,0.14282135799083465
14758879,3,BELOW,LogisticRegression,Morgan,IN-RANGE,0.19233059446572134,0.7179264913831797,0.08974291415109899
14758884,3,BELOW,LogisticRegression,Morgan,BELOW,0.5573761227783851,0.43337062213287225,0.009253255088742597
14758899,3,BELOW,LogisticRegression,Morgan,IN-RANGE,0.2697497142170965,0.6502958930724582,0.07995439271044538
14758905,3,BELOW,LogisticRegression,Morgan,IN-RANGE,0.16259504945623915,0.8072132261365689,0.03019172440719201
14758906,3,BELOW,LogisticRegression,Morgan,ABOVE,0.24774169084507983,0.3511243534389588,0.4011339557159614
14758907,3,BELOW,LogisticRegression,Morgan,ABOVE,0.12756915421514178,0.4025570009253032,0.4698738448595551
14758912,3,BELOW,LogisticRegression,Morgan,IN-RANGE,0.33790719389330665,0.4522964784824639,0.20979632762422948
14758918,3,BELOW,LogisticRegression,Morgan,BELOW,0.6889534377419176,0.20264075199830706,0.10840581025977526
14758922,3,BELOW,LogisticRegression,Morgan,BELOW,0.8706800322465292,0.08464310078316069,0.044676866970310064
14758971,3,IN-RANGE,LogisticRegression,Morgan,BELOW,0.6201943622561992,0.3750879106908823,0.004717727052918529
14758990,3,IN-RANGE,LogisticRegression,Morgan,IN-RANGE,0.07733811079940223,0.7650368886233447,0.157625000577253
14759774,3,IN-RANGE,LogisticRegression,Morgan,IN-RANGE,0.23254346019405583,0.7033524047511901,0.06410413505475407
14759791,3,IN-RANGE,LogisticRegression,Morgan,IN-RANGE,0.2605059535057939,0.7302254481084319,0.009268598385774063
14759811,3,IN-RANGE,LogisticRegression,Morgan,BELOW,0.8703869671832268,0.12258210234720356,0.007030930469569751
14759812,3,IN-RANGE,LogisticRegression,Morgan,IN-RANGE,0.41505399702845996,0.45903960884806805,0.12590639412347196
14759824,3,IN-RANGE,LogisticRegression,Morgan,IN-RANGE,0.18333457571748807,0.7682317802347596,0.04843364404775237
14759847,3,IN-RANGE,LogisticRegression,Morgan,BELOW,0.5122443570399257,0.3416263469827393,0.146129295977335
14759848,3,IN-RANGE,LogisticRegression,Morgan,BELOW,0.6055737333320639,0.2888039253264722,0.105622341341464
14759861,3,IN-RANGE,LogisticRegression,Morgan,BELOW,0.49575769091079425,0.34874868364347716,0.15549362544572856
14759874,3,IN-RANGE,LogisticRegression,Morgan,IN-RANGE,0.25653477984261847,0.6834714210416816,0.05999379911570004
14759894,3,IN-RANGE,LogisticRegression,Morgan,IN-RANGE,0.21055867179466323,0.7154136378168116,0.07402769038852519
14759897,3,IN-RANGE,LogisticRegression,Morgan,BELOW,0.6916546383620561,0.3037693754655532,0.004575986172390669
14759900,3,IN-RANGE,LogisticRegression,Morgan,BELOW,0.7245987861330951,0.25634294361916826,0.019058270247736705
14759930,3,IN-RANGE,LogisticRegression,Morgan,BELOW,0.538109696448427,0.23591035948145775,0.22597994407011526
14759931,3,IN-RANGE,LogisticRegression,Morgan,IN-RANGE,0.246322703926785,0.6656164045204382,0.08806089155277666
14759933,3,IN-RANGE,LogisticRegression,Morgan,BELOW,0.637324428185377,0.19710729549199132,0.16556827632263163
14759937,3,IN-RANGE,LogisticRegression,Morgan,IN-RANGE,0.1679848725174558,0.6834379135469736,0.14857721393557058
14759944,3,IN-RANGE,LogisticRegression,Morgan,IN-RANGE,0.2531477044900987,0.5710390769105883,0.175813218599313
14759971,3,IN-RANGE,LogisticRegression,Morgan,IN-RANGE,0.31822898174463926,0.5159090664869473,0.1658619517684134
14759972,3,IN-RANGE,LogisticRegression,Morgan,BELOW,0.7314297656067646,0.2036671774293712,0.06490305696386421
14759975,3,IN-RANGE,LogisticRegression,Morgan,IN-RANGE,0.12494972861224715,0.6463507804453377,0.22869949094241526
14759977,3,IN-RANGE,LogisticRegression,Morgan,IN-RANGE,0.17790796987591165,0.5283584355861857,0.2937335945379026
14759978,3,IN-RANGE,LogisticRegression,Morgan,IN-RANGE,0.32651364362269225,0.41340713032010484,0.2600792260572029
14759979,3,IN-RANGE,LogisticRegression,Morgan,BELOW,0.5593200437463481,0.3788807586097557,0.06179919764389628
14759981,3,IN-RANGE,LogisticRegression,Morgan,IN-RANGE,0.14180421316798897,0.8310119302899711,0.027183856542039798
14759999,3,IN-RANGE,LogisticRegression,Morgan,IN-RANGE,0.2984035134126864,0.653460859899674,0.048135626687639654
14760021,3,IN-RANGE,LogisticRegression,Morgan,IN-RANGE,0.21658106826520362,0.697758297803671,0.08566063393112533
14760036,3,IN-RANGE,LogisticRegression,Morgan,ABOVE,0.119356826991228,0.3071031757375982,0.5735399972711738
14761129,3,IN-RANGE,LogisticRegression,Morgan,IN-RANGE,0.1613014079946905,0.7885615051429945,0.050137086862315015
14761141,3,IN-RANGE,LogisticRegression,Morgan,BELOW,0.7113614710466942,0.25744471864513685,0.031193810308168986
14761156,3,IN-RANGE,LogisticRegression,Morgan,BELOW,0.7740916513234579,0.16419964072919163,0.06170870794735048
14761162,3,IN-RANGE,LogisticRegression,Morgan,IN-RANGE,0.1638555956845804,0.7520162234958839,0.08412818081953562
14761169,3,IN-RANGE,LogisticRegression,Morgan,IN-RANGE,0.23733082350562376,0.6692832697033996,0.0933859067909767
14761172,3,IN-RANGE,LogisticRegression,Morgan,IN-RANGE,0.20010434141532912,0.7513266345080926,0.048569024076578315
14761173,3,IN-RANGE,LogisticRegression,Morgan,BELOW,0.6596550644434456,0.33503794923266955,0.005306986323884969
14761180,3,IN-RANGE,LogisticRegression,Morgan,IN-RANGE,0.05438651178467779,0.9229067989431389,0.022706689272183476
14761197,3,IN-RANGE,LogisticRegression,Morgan,IN-RANGE,0.0573245287948682,0.7469381783132277,0.1957372928919042
14761199,3,IN-RANGE,LogisticRegression,Morgan,IN-RANGE,0.25067648488821065,0.6960804529461642,0.05324306216562524
14761211,3,IN-RANGE,LogisticRegression,Morgan,IN-RANGE,0.06625289218906392,0.8018623571667322,0.13188475064420407
14761228,3,IN-RANGE,LogisticRegression,Morgan,BELOW,0.7381301957921909,0.25124365481358996,0.010626149394219261
14761233,3,IN-RANGE,LogisticRegression,Morgan,IN-RANGE,0.22621749566479157,0.7543097318800582,0.01947277245515037
14761261,3,IN-RANGE,LogisticRegression,Morgan,IN-RANGE,0.4338881639279871,0.5586587572006199,0.007453078871393081
14761266,3,IN-RANGE,LogisticRegression,Morgan,IN-RANGE,0.12048010644241156,0.8202701880260604,0.05924970553152801
14761283,3,IN-RANGE,LogisticRegression,Morgan,IN-RANGE,0.23683357321382184,0.6972581555092786,0.06590827127689963
14761285,3,IN-RANGE,LogisticRegression,Morgan,ABOVE,0.13565641781097906,0.42731697433574023,0.4370266078532808
14761289,3,IN-RANGE,LogisticRegression,Morgan,IN-RANGE,0.2566003619979289,0.37405925034570014,0.3693403876563709
14761290,3,IN-RANGE,LogisticRegression,Morgan,ABOVE,0.0481805527088375,0.22059742089065218,0.7312220264005104
14761302,3,IN-RANGE,LogisticRegression,Morgan,IN-RANGE,0.14529102842985242,0.554479900004126,0.3002290715660217
14761311,3,IN-RANGE,LogisticRegression,Morgan,IN-RANGE,0.3545346773556704,0.558521961803535,0.08694336084079461
14761321,3,IN-RANGE,LogisticRegression,Morgan,BELOW,0.5230040560309649,0.44392385473887497,0.03307208923016015
14761331,3,IN-RANGE,LogisticRegression,Morgan,BELOW,0.3616911679683014,0.31233285230607444,0.32597597972562414
14761357,3,IN-RANGE,LogisticRegression,Morgan,IN-RANGE,0.13217802891738287,0.8182330052044685,0.04958896587814867
14761370,3,IN-RANGE,LogisticRegression,Morgan,IN-RANGE,0.17791964569238908,0.5029285994477335,0.3191517548598775
14761371,3,IN-RANGE,LogisticRegression,Morgan,IN-RANGE,0.18669376998411305,0.4176419816097136,0.39566424840617326
14761386,3,IN-RANGE,LogisticRegression,Morgan,IN-RANGE,0.07551451426191698,0.5688946767751474,0.3555908089629355
14762210,3,IN-RANGE,LogisticRegression,Morgan,BELOW,0.560236258901978,0.3406907361767296,0.0990730049212923
14762229,3,IN-RANGE,LogisticRegression,Morgan,BELOW,0.6543990262382537,0.23936191785748903,0.10623905590425721
14762234,3,IN-RANGE,LogisticRegression,Morgan,IN-RANGE,0.32605290726958863,0.6082271284619788,0.06571996426843253
14762235,3,IN-RANGE,LogisticRegression,Morgan,IN-RANGE,0.03841767093680488,0.9006138308531701,0.06096849821002488
14762253,3,IN-RANGE,LogisticRegression,Morgan,IN-RANGE,0.15615412658108324,0.7462739127224255,0.09757196069649125
14762271,3,IN-RANGE,LogisticRegression,Morgan,IN-RANGE,0.07534620812159533,0.6131667893337652,0.3114870025446394
14762276,3,IN-RANGE,LogisticRegression,Morgan,ABOVE,0.024970184223502313,0.45630328343261756,0.5187265323438801
14762283,3,IN-RANGE,LogisticRegression,Morgan,IN-RANGE,0.15429108283466567,0.8360229632220747,0.009685953943259619
14762292,3,IN-RANGE,LogisticRegression,Morgan,IN-RANGE,0.268441182614175,0.7056867713458851,0.02587204603993998
14762295,3,IN-RANGE,LogisticRegression,Morgan,ABOVE,0.25672245282428907,0.3092754456281473,0.4340021015475636
14762296,3,IN-RANGE,LogisticRegression,Morgan,IN-RANGE,0.4234548049251319,0.4624108358215711,0.11413435925329705
14762304,3,IN-RANGE,LogisticRegression,Morgan,IN-RANGE,0.3259865319013886,0.3631267890423955,0.3108866790562159
14762336,3,IN-RANGE,LogisticRegression,Morgan,IN-RANGE,0.2697397697859748,0.6085762237781842,0.12168400643584104
14762346,3,IN-RANGE,LogisticRegression,Morgan,IN-RANGE,0.09555625946072466,0.7989021554417035,0.10554158509757186
14762348,3,IN-RANGE,LogisticRegression,Morgan,IN-RANGE,0.2429361135597725,0.705556002265071,0.05150788417515644
14762355,3,IN-RANGE,LogisticRegression,Morgan,IN-RANGE,0.028681798896781584,0.6883261559017212,0.2829920452014973
14762388,3,IN-RANGE,LogisticRegression,Morgan,IN-RANGE,0.34964595409440813,0.6252617811092545,0.025092264796337384
14762424,3,IN-RANGE,LogisticRegression,Morgan,IN-RANGE,0.054829266356771385,0.5818954571080459,0.36327527653518266
14762462,3,IN-RANGE,LogisticRegression,Morgan,IN-RANGE,0.125407018104216,0.8372259035945603,0.03736707830122373
14762463,3,IN-RANGE,LogisticRegression,Morgan,IN-RANGE,0.09236294848506729,0.7785733657340164,0.12906368578091632
14763276,3,IN-RANGE,LogisticRegression,Morgan,IN-RANGE,0.26206037592364306,0.7063483622348299,0.031591261841526976
14763295,3,IN-RANGE,LogisticRegression,Morgan,IN-RANGE,0.45646794612680236,0.5070536784564886,0.03647837541670888
14763296,3,IN-RANGE,LogisticRegression,Morgan,IN-RANGE,0.30099742751009295,0.568223989765636,0.1307785827242711
14763298,3,IN-RANGE,LogisticRegression,Morgan,IN-RANGE,0.0503545314959542,0.5852505466238568,0.364394921880189
14763323,3,IN-RANGE,LogisticRegression,Morgan,IN-RANGE,0.22691890485920538,0.4732525973548777,0.299828497785917
14763344,3,IN-RANGE,LogisticRegression,Morgan,IN-RANGE,0.3254360183529994,0.5962407567253069,0.07832322492169377
14763347,3,IN-RANGE,LogisticRegression,Morgan,IN-RANGE,0.2832912352561587,0.6805372393670717,0.03617152537676963
14763348,3,IN-RANGE,LogisticRegression,Morgan,IN-RANGE,0.0576181073981097,0.9206413099968547,0.02174058260503566
14763352,3,IN-RANGE,LogisticRegression,Morgan,BELOW,0.39972238472209537,0.36843981445010915,0.23183780082779554
14763369,3,IN-RANGE,LogisticRegression,Morgan,BELOW,0.46119563294176036,0.3442407206012219,0.1945636464570177
14763376,3,IN-RANGE,LogisticRegression,Morgan,IN-RANGE,0.28013363641011885,0.5559315703442894,0.16393479324559168
14763386,3,IN-RANGE,LogisticRegression,Morgan,IN-RANGE,0.3347840020448285,0.6580802510165946,0.007135746938576914
14763387,3,IN-RANGE,LogisticRegression,Morgan,IN-RANGE,0.03502093709493858,0.7462819566942523,0.21869710621080904
14763394,3,IN-RANGE,LogisticRegression,Morgan,BELOW,0.5017617672075774,0.31648663965365975,0.18175159313876288
14763402,3,IN-RANGE,LogisticRegression,Morgan,BELOW,0.6340932717142698,0.35835756701066745,0.007549161275062681
14763407,3,IN-RANGE,LogisticRegression,Morgan,IN-RANGE,0.07236629064383435,0.5829894958035041,0.3446442135526615
14763408,3,IN-RANGE,LogisticRegression,Morgan,IN-RANGE,0.04832155485871236,0.9245043586312832,0.027174086510004615
14763409,3,IN-RANGE,LogisticRegression,Morgan,IN-RANGE,0.14046275759798135,0.6708063617660304,0.18873088063598836
14763411,3,IN-RANGE,LogisticRegression,Morgan,IN-RANGE,0.2624911322893372,0.5361526322709108,0.201356235439752
14763412,3,IN-RANGE,LogisticRegression,Morgan,IN-RANGE,0.18206891221217988,0.7402200837890275,0.07771100399879258
14763424,3,IN-RANGE,LogisticRegression,Morgan,IN-RANGE,0.4232359895946293,0.5124465767025504,0.06431743370282023
14763430,3,IN-RANGE,LogisticRegression,Morgan,IN-RANGE,0.35323636524116464,0.40358720361956774,0.24317643113926765
14763446,3,IN-RANGE,LogisticRegression,Morgan,IN-RANGE,0.10845720344888758,0.8054783368071428,0.08606445974396958
14763455,3,IN-RANGE,LogisticRegression,Morgan,IN-RANGE,0.240065457192548,0.4150954458368625,0.3448390969705895
14763464,3,IN-RANGE,LogisticRegression,Morgan,BELOW,0.5453165281117585,0.28741026506049555,0.167273206827746
14763473,3,IN-RANGE,LogisticRegression,Morgan,IN-RANGE,0.3194727770343296,0.6436204809057241,0.03690674205994632
14763475,3,IN-RANGE,LogisticRegression,Morgan,IN-RANGE,0.056656086260461744,0.8806323383349347,0.06271157540460368
14763476,3,IN-RANGE,LogisticRegression,Morgan,IN-RANGE,0.34928280725647304,0.5646134480212207,0.08610374472230631
14763489,3,IN-RANGE,LogisticRegression,Morgan,IN-RANGE,0.11047356615341948,0.7335505464894445,0.155975887357136
14763495,3,IN-RANGE,LogisticRegression,Morgan,IN-RANGE,0.03633531737524183,0.9456105860932642,0.018054096531493976
14764294,3,IN-RANGE,LogisticRegression,Morgan,IN-RANGE,0.1128624963348196,0.7273065131376473,0.15983099052753305
14764295,3,IN-RANGE,LogisticRegression,Morgan,BELOW,0.4875778041754649,0.30738201334392046,0.20504018248061476
14764305,3,IN-RANGE,LogisticRegression,Morgan,IN-RANGE,0.40283348215450127,0.546831185523318,0.050335332322180716
14764310,3,IN-RANGE,LogisticRegression,Morgan,IN-RANGE,0.062465179093834276,0.890421223516569,0.04711359738959676
14764325,3,IN-RANGE,LogisticRegression,Morgan,IN-RANGE,0.1556770082229878,0.7612369017701233,0.08308609000688898
14764329,3,IN-RANGE,LogisticRegression,Morgan,BELOW,0.5833731415494178,0.2616788139901271,0.15494804446045524
14764331,3,IN-RANGE,LogisticRegression,Morgan,IN-RANGE,0.30490911526864406,0.5412286587369635,0.15386222599439256
14764332,3,IN-RANGE,LogisticRegression,Morgan,IN-RANGE,0.4362255029376924,0.48711896961390294,0.0766555274484047
14764380,3,IN-RANGE,LogisticRegression,Morgan,IN-RANGE,0.3000919924189296,0.6734567024527969,0.026451305128273532
14764388,3,IN-RANGE,LogisticRegression,Morgan,ABOVE,0.05025724919895876,0.4705493507996204,0.47919340000142074
14764405,3,IN-RANGE,LogisticRegression,Morgan,IN-RANGE,0.06656943526435043,0.9054640714385679,0.02796649329708161
14764415,3,IN-RANGE,LogisticRegression,Morgan,BELOW,0.5650722229782448,0.41717851766258274,0.0177492593591724
14764438,3,IN-RANGE,LogisticRegression,Morgan,IN-RANGE,0.2742420410571483,0.6812121862904713,0.04454577265238055
14764474,3,IN-RANGE,LogisticRegression,Morgan,IN-RANGE,0.2233304739221141,0.7036413954692642,0.07302813060862162
14764496,3,IN-RANGE,LogisticRegression,Morgan,IN-RANGE,0.14724515570093,0.6542001300591509,0.19855471423991924
14764505,3,IN-RANGE,LogisticRegression,Morgan,BELOW,0.3865876892491959,0.3564283842400896,0.2569839265107145
14764513,3,IN-RANGE,LogisticRegression,Morgan,ABOVE,0.07978336252425532,0.4517388860811859,0.46847775139455883
14764519,3,IN-RANGE,LogisticRegression,Morgan,IN-RANGE,0.03278765181375508,0.5570083591823214,0.4102039890039236
14764523,3,IN-RANGE,LogisticRegression,Morgan,IN-RANGE,0.04897564232693064,0.9304422002211223,0.020582157451946966
14764530,3,IN-RANGE,LogisticRegression,Morgan,IN-RANGE,0.20359604792294886,0.6913899266357605,0.10501402544129067
14764536,3,IN-RANGE,LogisticRegression,Morgan,IN-RANGE,0.35707895523860445,0.3686556333315035,0.2742654114298921
14764538,3,IN-RANGE,LogisticRegression,Morgan,IN-RANGE,0.14182697692053012,0.7317085799029998,0.12646444317647001
14765314,3,IN-RANGE,LogisticRegression,Morgan,IN-RANGE,0.1539574750055931,0.6832796476263994,0.16276287736800749
14765333,3,IN-RANGE,LogisticRegression,Morgan,IN-RANGE,0.2341379169794103,0.6864088765430529,0.07945320647753658
14765365,3,IN-RANGE,LogisticRegression,Morgan,ABOVE,0.049197728119554196,0.3212013749831429,0.6296008968973029
14765380,3,IN-RANGE,LogisticRegression,Morgan,BELOW,0.6628982325527335,0.2974296489882812,0.039672118458985293
14765385,3,IN-RANGE,LogisticRegression,Morgan,ABOVE,0.016782180524797054,0.16737612175351266,0.8158416977216902
14765386,3,IN-RANGE,LogisticRegression,Morgan,IN-RANGE,0.38537138079642486,0.5916195934011058,0.02300902580246931
14765405,3,IN-RANGE,LogisticRegression,Morgan,IN-RANGE,0.003840278372271313,0.8591161140190793,0.13704360760864936
14765424,3,IN-RANGE,LogisticRegression,Morgan,IN-RANGE,0.16164900312194888,0.5349567093871915,0.30339428749085956
14765431,3,IN-RANGE,LogisticRegression,Morgan,IN-RANGE,0.062468479479720396,0.6210078784929809,0.31652364202729866
14765435,3,IN-RANGE,LogisticRegression,Morgan,IN-RANGE,0.18057996684038768,0.6909468633928848,0.1284731697667274
14765462,3,IN-RANGE,LogisticRegression,Morgan,ABOVE,0.06567657022846872,0.35564616997096693,0.5786772598005643
14765486,3,IN-RANGE,LogisticRegression,Morgan,IN-RANGE,0.17357282659551915,0.7063708583412446,0.12005631506323618
14765499,3,IN-RANGE,LogisticRegression,Morgan,IN-RANGE,0.2748744664474261,0.37489859808530107,0.35022693546727285
14765504,3,IN-RANGE,LogisticRegression,Morgan,BELOW,0.5543175803615709,0.37111242261781924,0.07456999702060986
14765508,3,IN-RANGE,LogisticRegression,Morgan,IN-RANGE,0.22863960843590073,0.6534475840135092,0.1179128075505901
14765520,3,IN-RANGE,LogisticRegression,Morgan,IN-RANGE,0.12521889127205188,0.7851156062022068,0.0896655025257413
14765561,3,IN-RANGE,LogisticRegression,Morgan,IN-RANGE,0.3327070867040156,0.6370234796006166,0.030269433695367855
14765563,3,IN-RANGE,LogisticRegression,Morgan,IN-RANGE,0.13061538030214015,0.7436147764001919,0.12576984329766802
14766490,3,ABOVE,LogisticRegression,Morgan,IN-RANGE,0.2613260113492894,0.5150046384124374,0.2236693502382731
14766494,3,ABOVE,LogisticRegression,Morgan,IN-RANGE,0.13358735868356347,0.7866563951433854,0.07975624617305109
14766500,3,ABOVE,LogisticRegression,Morgan,IN-RANGE,0.08140323381422053,0.6235073632239361,0.2950894029618434
14766502,3,ABOVE,LogisticRegression,Morgan,IN-RANGE,0.23914351584382074,0.7115526643566017,0.049303819799577674
14766505,3,ABOVE,LogisticRegression,Morgan,ABOVE,0.029748512714289983,0.13140473833643193,0.8388467489492781
14766510,3,ABOVE,LogisticRegression,Morgan,IN-RANGE,0.12307673276339072,0.48918248666050723,0.3877407805761021
14766515,3,ABOVE,LogisticRegression,Morgan,ABOVE,0.041527977256637434,0.17648968188232042,0.7819823408610421
14766520,3,ABOVE,LogisticRegression,Morgan,IN-RANGE,0.07525946891489017,0.7606464697615063,0.16409406132360332
14766521,3,ABOVE,LogisticRegression,Morgan,ABOVE,0.0458212311335501,0.19608233295688066,0.7580964359095692
14766524,3,ABOVE,LogisticRegression,Morgan,IN-RANGE,0.21681680283783197,0.5913866679357387,0.19179652922642937
14766526,3,ABOVE,LogisticRegression,Morgan,ABOVE,0.03681371493157886,0.2127280875259853,0.7504581975424357
14766528,3,ABOVE,LogisticRegression,Morgan,IN-RANGE,0.060926518928714236,0.7346332855496216,0.20444019552166423
14766533,3,ABOVE,LogisticRegression,Morgan,IN-RANGE,0.03828593709822002,0.7954387989429897,0.16627526395879025
14766535,3,ABOVE,LogisticRegression,Morgan,IN-RANGE,0.29450119395247315,0.3821070093332739,0.3233917967142529
14766537,3,ABOVE,LogisticRegression,Morgan,BELOW,0.3745579701471054,0.33892231785550647,0.2865197119973881
14766540,3,ABOVE,LogisticRegression,Morgan,IN-RANGE,0.2263693276010667,0.6682590853411434,0.10537158705778998
14766548,3,ABOVE,LogisticRegression,Morgan,ABOVE,0.014329015392720508,0.1864343471421648,0.7992366374651148
14769815,3,BELOW,LogisticRegression,Morgan,IN-RANGE,0.4104983986588938,0.5081869033241156,0.08131469801699046
14769832,3,BELOW,LogisticRegression,Morgan,IN-RANGE,0.31488096993744097,0.43654705949632033,0.24857197056623861
14769842,3,BELOW,LogisticRegression,Morgan,IN-RANGE,0.20031418960407035,0.7746256962745909,0.02506011412133863
14769849,3,BELOW,LogisticRegression,Morgan,IN-RANGE,0.2797062426401286,0.7128949457357472,0.007398811624124182
14769855,3,BELOW,LogisticRegression,Morgan,BELOW,0.7580940267276995,0.22372727179923868,0.018178701473061623
14769856,3,BELOW,LogisticRegression,Morgan,BELOW,0.45318317241879696,0.40687726995323303,0.13993955762797003
14769862,3,BELOW,LogisticRegression,Morgan,IN-RANGE,0.03411641621043731,0.6597292155732034,0.30615436821635916
14769877,3,BELOW,LogisticRegression,Morgan,IN-RANGE,0.3516752111630281,0.640592142513705,0.007732646323266901
14769880,3,BELOW,LogisticRegression,Morgan,BELOW,0.832481088015663,0.10983211137086324,0.057686800613473796
14769884,3,BELOW,LogisticRegression,Morgan,IN-RANGE,0.14676439050745127,0.6396929825527744,0.2135426269397744
14769885,3,BELOW,LogisticRegression,Morgan,BELOW,0.66627594823819,0.3227417597507406,0.010982292011069383
14758721,3,BELOW,RandomForestClassifier,Morgan,IN-RANGE,0.34,0.51,0.15
14758726,3,BELOW,RandomForestClassifier,Morgan,IN-RANGE,0.17,0.56,0.27
14758727,3,BELOW,RandomForestClassifier,Morgan,IN-RANGE,0.21,0.66,0.13
14758728,3,BELOW,RandomForestClassifier,Morgan,ABOVE,0.17,0.35,0.48
14758732,3,BELOW,RandomForestClassifier,Morgan,IN-RANGE,0.23,0.57,0.2
14758733,3,BELOW,RandomForestClassifier,Morgan,IN-RANGE,0.15,0.58,0.27
14758739,3,BELOW,RandomForestClassifier,Morgan,BELOW,0.62,0.38,0.0
14758741,3,BELOW,RandomForestClassifier,Morgan,IN-RANGE,0.27,0.53,0.2
14758744,3,BELOW,RandomForestClassifier,Morgan,BELOW,0.79,0.21,0.0
14758747,3,BELOW,RandomForestClassifier,Morgan,BELOW,0.68,0.31,0.01
14758748,3,BELOW,RandomForestClassifier,Morgan,BELOW,0.59,0.31,0.1
14758754,3,BELOW,RandomForestClassifier,Morgan,BELOW,0.77,0.23,0.0
14758761,3,BELOW,RandomForestClassifier,Morgan,IN-RANGE,0.41,0.57,0.02
14758769,3,BELOW,RandomForestClassifier,Morgan,IN-RANGE,0.2,0.68,0.12
14758773,3,BELOW,RandomForestClassifier,Morgan,BELOW,0.61,0.34,0.05
14758776,3,BELOW,RandomForestClassifier,Morgan,BELOW,0.54,0.45,0.01
14758781,3,BELOW,RandomForestClassifier,Morgan,IN-RANGE,0.33,0.64,0.03
14758796,3,BELOW,RandomForestClassifier,Morgan,IN-RANGE,0.19,0.68,0.13
14758798,3,BELOW,RandomForestClassifier,Morgan,IN-RANGE,0.11,0.63,0.26
14758800,3,BELOW,RandomForestClassifier,Morgan,IN-RANGE,0.09,0.57,0.34
14758829,3,BELOW,RandomForestClassifier,Morgan,IN-RANGE,0.29,0.47,0.24
14758832,3,BELOW,RandomForestClassifier,Morgan,IN-RANGE,0.23,0.64,0.13
14758835,3,BELOW,RandomForestClassifier,Morgan,IN-RANGE,0.45,0.54,0.01
14758837,3,BELOW,RandomForestClassifier,Morgan,IN-RANGE,0.41,0.58,0.01
14758839,3,BELOW,RandomForestClassifier,Morgan,IN-RANGE,0.05,0.58,0.37
14758841,3,BELOW,RandomForestClassifier,Morgan,IN-RANGE,0.42,0.58,0.0
14758843,3,BELOW,RandomForestClassifier,Morgan,IN-RANGE,0.46,0.53,0.01
14758850,3,BELOW,RandomForestClassifier,Morgan,IN-RANGE,0.24,0.62,0.14
14758851,3,BELOW,RandomForestClassifier,Morgan,BELOW,0.79,0.21,0.0
14758853,3,BELOW,RandomForestClassifier,Morgan,IN-RANGE,0.1,0.46,0.44
14758854,3,BELOW,RandomForestClassifier,Morgan,BELOW,0.6,0.38,0.02
14758861,3,BELOW,RandomForestClassifier,Morgan,BELOW,0.64,0.34,0.02
14758864,3,BELOW,RandomForestClassifier,Morgan,BELOW,0.68,0.29,0.03
14758869,3,BELOW,RandomForestClassifier,Morgan,BELOW,0.48,0.46,0.06
14758872,3,BELOW,RandomForestClassifier,Morgan,IN-RANGE,0.34,0.48,0.18
14758879,3,BELOW,RandomForestClassifier,Morgan,IN-RANGE,0.33,0.54,0.13
14758884,3,BELOW,RandomForestClassifier,Morgan,IN-RANGE,0.34,0.61,0.05
14758899,3,BELOW,RandomForestClassifier,Morgan,IN-RANGE,0.24,0.62,0.14
14758905,3,BELOW,RandomForestClassifier,Morgan,IN-RANGE,0.37,0.56,0.07
14758906,3,BELOW,RandomForestClassifier,Morgan,ABOVE,0.25,0.36,0.39
14758907,3,BELOW,RandomForestClassifier,Morgan,ABOVE,0.18,0.4,0.42
14758912,3,BELOW,RandomForestClassifier,Morgan,IN-RANGE,0.17,0.57,0.26
14758918,3,BELOW,RandomForestClassifier,Morgan,IN-RANGE,0.42,0.47,0.11
14758922,3,BELOW,RandomForestClassifier,Morgan,BELOW,0.68,0.28,0.04
14758971,3,IN-RANGE,RandomForestClassifier,Morgan,BELOW,0.66,0.33,0.01
14758990,3,IN-RANGE,RandomForestClassifier,Morgan,IN-RANGE,0.21,0.56,0.23
14759774,3,IN-RANGE,RandomForestClassifier,Morgan,IN-RANGE,0.38,0.53,0.09
14759791,3,IN-RANGE,RandomForestClassifier,Morgan,IN-RANGE,0.36,0.63,0.01
14759811,3,IN-RANGE,RandomForestClassifier,Morgan,BELOW,0.56,0.42,0.02
14759812,3,IN-RANGE,RandomForestClassifier,Morgan,IN-RANGE,0.33,0.5,0.17
14759824,3,IN-RANGE,RandomForestClassifier,Morgan,IN-RANGE,0.21,0.65,0.14
14759847,3,IN-RANGE,RandomForestClassifier,Morgan,IN-RANGE,0.3,0.56,0.14
14759848,3,IN-RANGE,RandomForestClassifier,Morgan,IN-RANGE,0.33,0.52,0.15
14759861,3,IN-RANGE,RandomForestClassifier,Morgan,IN-RANGE,0.42,0.45,0.13
14759874,3,IN-RANGE,RandomForestClassifier,Morgan,IN-RANGE,0.3,0.62,0.08
14759894,3,IN-RANGE,RandomForestClassifier,Morgan,IN-RANGE,0.14,0.83,0.03
14759897,3,IN-RANGE,RandomForestClassifier,Morgan,BELOW,0.65,0.34,0.01
14759900,3,IN-RANGE,RandomForestClassifier,Morgan,BELOW,0.73,0.26,0.01
14759930,3,IN-RANGE,RandomForestClassifier,Morgan,IN-RANGE,0.38,0.43,0.19
14759931,3,IN-RANGE,RandomForestClassifier,Morgan,BELOW,0.44,0.44,0.12
14759933,3,IN-RANGE,RandomForestClassifier,Morgan,IN-RANGE,0.42,0.48,0.1
14759937,3,IN-RANGE,RandomForestClassifier,Morgan,IN-RANGE,0.26,0.62,0.12
14759944,3,IN-RANGE,RandomForestClassifier,Morgan,IN-RANGE,0.13,0.55,0.32
14759971,3,IN-RANGE,RandomForestClassifier,Morgan,IN-RANGE,0.31,0.62,0.07
14759972,3,IN-RANGE,RandomForestClassifier,Morgan,BELOW,0.62,0.35,0.03
14759975,3,IN-RANGE,RandomForestClassifier,Morgan,IN-RANGE,0.1,0.69,0.21
14759977,3,IN-RANGE,RandomForestClassifier,Morgan,IN-RANGE,0.09,0.61,0.3
14759978,3,IN-RANGE,RandomForestClassifier,Morgan,BELOW,0.45,0.44,0.11
14759979,3,IN-RANGE,RandomForestClassifier,Morgan,BELOW,0.62,0.37,0.01
14759981,3,IN-RANGE,RandomForestClassifier,Morgan,IN-RANGE,0.44,0.54,0.02
14759999,3,IN-RANGE,RandomForestClassifier,Morgan,BELOW,0.49,0.44,0.07
14760021,3,IN-RANGE,RandomForestClassifier,Morgan,IN-RANGE,0.28,0.62,0.1
14760036,3,IN-RANGE,RandomForestClassifier,Morgan,IN-RANGE,0.08,0.64,0.28
14761129,3,IN-RANGE,RandomForestClassifier,Morgan,IN-RANGE,0.32,0.58,0.1
14761141,3,IN-RANGE,RandomForestClassifier,Morgan,BELOW,0.47,0.41,0.12
14761156,3,IN-RANGE,RandomForestClassifier,Morgan,BELOW,0.5,0.42,0.08
14761162,3,IN-RANGE,RandomForestClassifier,Morgan,IN-RANGE,0.11,0.83,0.06
14761169,3,IN-RANGE,RandomForestClassifier,Morgan,IN-RANGE,0.13,0.79,0.08
14761172,3,IN-RANGE,RandomForestClassifier,Morgan,IN-RANGE,0.16,0.8,0.04
14761173,3,IN-RANGE,RandomForestClassifier,Morgan,BELOW,0.68,0.31,0.01
14761180,3,IN-RANGE,RandomForestClassifier,Morgan,IN-RANGE,0.04,0.93,0.03
14761197,3,IN-RANGE,RandomForestClassifier,Morgan,IN-RANGE,0.16,0.63,0.21
14761199,3,IN-RANGE,RandomForestClassifier,Morgan,IN-RANGE,0.32,0.45,0.23
14761211,3,IN-RANGE,RandomForestClassifier,Morgan,IN-RANGE,0.09,0.75,0.16
14761228,3,IN-RANGE,RandomForestClassifier,Morgan,BELOW,0.53,0.46,0.01
14761233,3,IN-RANGE,RandomForestClassifier,Morgan,IN-RANGE,0.35,0.6,0.05
14761261,3,IN-RANGE,RandomForestClassifier,Morgan,IN-RANGE,0.44,0.49,0.07
14761266,3,IN-RANGE,RandomForestClassifier,Morgan,IN-RANGE,0.18,0.58,0.24
14761283,3,IN-RANGE,RandomForestClassifier,Morgan,IN-RANGE,0.18,0.75,0.07
14761285,3,IN-RANGE,RandomForestClassifier,Morgan,IN-RANGE,0.26,0.55,0.19
14761289,3,IN-RANGE,RandomForestClassifier,Morgan,IN-RANGE,0.23,0.63,0.14
14761290,3,IN-RANGE,RandomForestClassifier,Morgan,ABOVE,0.18,0.4,0.42
14761302,3,IN-RANGE,RandomForestClassifier,Morgan,IN-RANGE,0.24,0.56,0.2
14761311,3,IN-RANGE,RandomForestClassifier,Morgan,IN-RANGE,0.14,0.82,0.04
14761321,3,IN-RANGE,RandomForestClassifier,Morgan,BELOW,0.68,0.29,0.03
14761331,3,IN-RANGE,RandomForestClassifier,Morgan,IN-RANGE,0.39,0.47,0.14
14761357,3,IN-RANGE,RandomForestClassifier,Morgan,IN-RANGE,0.14,0.76,0.1
14761370,3,IN-RANGE,RandomForestClassifier,Morgan,IN-RANGE,0.15,0.46,0.39
14761371,3,IN-RANGE,RandomForestClassifier,Morgan,IN-RANGE,0.15,0.49,0.36
14761386,3,IN-RANGE,RandomForestClassifier,Morgan,IN-RANGE,0.11,0.6,0.29
14762210,3,IN-RANGE,RandomForestClassifier,Morgan,IN-RANGE,0.42,0.53,0.05
14762229,3,IN-RANGE,RandomForestClassifier,Morgan,IN-RANGE,0.35,0.55,0.1
14762234,3,IN-RANGE,RandomForestClassifier,Morgan,IN-RANGE,0.21,0.77,0.02
14762235,3,IN-RANGE,RandomForestClassifier,Morgan,IN-RANGE,0.05,0.91,0.04
14762253,3,IN-RANGE,RandomForestClassifier,Morgan,IN-RANGE,0.3,0.55,0.15
14762271,3,IN-RANGE,RandomForestClassifier,Morgan,IN-RANGE,0.17,0.66,0.17
14762276,3,IN-RANGE,RandomForestClassifier,Morgan,IN-RANGE,0.13,0.61,0.26
14762283,3,IN-RANGE,RandomForestClassifier,Morgan,BELOW,0.47,0.44,0.09
14762292,3,IN-RANGE,RandomForestClassifier,Morgan,IN-RANGE,0.16,0.83,0.01
14762295,3,IN-RANGE,RandomForestClassifier,Morgan,IN-RANGE,0.21,0.53,0.26
14762296,3,IN-RANGE,RandomForestClassifier,Morgan,BELOW,0.53,0.33,0.14
14762304,3,IN-RANGE,RandomForestClassifier,Morgan,BELOW,0.46,0.45,0.09
14762336,3,IN-RANGE,RandomForestClassifier,Morgan,IN-RANGE,0.3,0.61,0.09
14762346,3,IN-RANGE,RandomForestClassifier,Morgan,IN-RANGE,0.23,0.59,0.18
14762348,3,IN-RANGE,RandomForestClassifier,Morgan,IN-RANGE,0.15,0.72,0.13
14762355,3,IN-RANGE,RandomForestClassifier,Morgan,IN-RANGE,0.03,0.61,0.36
14762388,3,IN-RANGE,RandomForestClassifier,Morgan,IN-RANGE,0.21,0.76,0.03
14762424,3,IN-RANGE,RandomForestClassifier,Morgan,IN-RANGE,0.07,0.71,0.22
14762462,3,IN-RANGE,RandomForestClassifier,Morgan,IN-RANGE,0.32,0.52,0.16
14762463,3,IN-RANGE,RandomForestClassifier,Morgan,IN-RANGE,0.15,0.59,0.26
14763276,3,IN-RANGE,RandomForestClassifier,Morgan,IN-RANGE,0.14,0.85,0.01
14763295,3,IN-RANGE,RandomForestClassifier,Morgan,IN-RANGE,0.41,0.54,0.05
14763296,3,IN-RANGE,RandomForestClassifier,Morgan,IN-RANGE,0.29,0.65,0.06
14763298,3,IN-RANGE,RandomForestClassifier,Morgan,IN-RANGE,0.14,0.56,0.3
14763323,3,IN-RANGE,RandomForestClassifier,Morgan,IN-RANGE,0.11,0.8,0.09
14763344,3,IN-RANGE,RandomForestClassifier,Morgan,IN-RANGE,0.18,0.74,0.08
14763347,3,IN-RANGE,RandomForestClassifier,Morgan,IN-RANGE,0.31,0.63,0.06
14763348,3,IN-RANGE,RandomForestClassifier,Morgan,IN-RANGE,0.19,0.76,0.05
14763352,3,IN-RANGE,RandomForestClassifier,Morgan,IN-RANGE,0.2,0.65,0.15
14763369,3,IN-RANGE,RandomForestClassifier,Morgan,IN-RANGE,0.27,0.65,0.08
14763376,3,IN-RANGE,RandomForestClassifier,Morgan,IN-RANGE,0.21,0.58,0.21
14763386,3,IN-RANGE,RandomForestClassifier,Morgan,IN-RANGE,0.42,0.49,0.09
14763387,3,IN-RANGE,RandomForestClassifier,Morgan,IN-RANGE,0.05,0.8,0.15
14763394,3,IN-RANGE,RandomForestClassifier,Morgan,IN-RANGE,0.42,0.43,0.15
14763402,3,IN-RANGE,RandomForestClassifier,Morgan,IN-RANGE,0.48,0.49,0.03
14763407,3,IN-RANGE,RandomForestClassifier,Morgan,IN-RANGE,0.11,0.72,0.17
14763408,3,IN-RANGE,RandomForestClassifier,Morgan,IN-RANGE,0.22,0.67,0.11
14763409,3,IN-RANGE,RandomForestClassifier,Morgan,IN-RANGE,0.07,0.82,0.11
14763411,3,IN-RANGE,RandomForestClassifier,Morgan,IN-RANGE,0.07,0.74,0.19
14763412,3,IN-RANGE,RandomForestClassifier,Morgan,IN-RANGE,0.29,0.48,0.23
14763424,3,IN-RANGE,RandomForestClassifier,Morgan,IN-RANGE,0.21,0.77,0.02
14763430,3,IN-RANGE,RandomForestClassifier,Morgan,IN-RANGE,0.34,0.45,0.21
14763446,3,IN-RANGE,RandomForestClassifier,Morgan,IN-RANGE,0.04,0.91,0.05
14763455,3,IN-RANGE,RandomForestClassifier,Morgan,IN-RANGE,0.29,0.43,0.28
14763464,3,IN-RANGE,RandomForestClassifier,Morgan,IN-RANGE,0.28,0.47,0.25
14763473,3,IN-RANGE,RandomForestClassifier,Morgan,IN-RANGE,0.33,0.55,0.12
14763475,3,IN-RANGE,RandomForestClassifier,Morgan,IN-RANGE,0.2,0.61,0.19
14763476,3,IN-RANGE,RandomForestClassifier,Morgan,IN-RANGE,0.28,0.67,0.05
14763489,3,IN-RANGE,RandomForestClassifier,Morgan,IN-RANGE,0.31,0.48,0.21
14763495,3,IN-RANGE,RandomForestClassifier,Morgan,IN-RANGE,0.25,0.59,0.16
14764294,3,IN-RANGE,RandomForestClassifier,Morgan,IN-RANGE,0.17,0.61,0.22
14764295,3,IN-RANGE,RandomForestClassifier,Morgan,IN-RANGE,0.25,0.59,0.16
14764305,3,IN-RANGE,RandomForestClassifier,Morgan,IN-RANGE,0.22,0.78,0.0
14764310,3,IN-RANGE,RandomForestClassifier,Morgan,IN-RANGE,0.11,0.83,0.06
14764325,3,IN-RANGE,RandomForestClassifier,Morgan,IN-RANGE,0.23,0.69,0.08
14764329,3,IN-RANGE,RandomForestClassifier,Morgan,BELOW,0.49,0.45,0.06
14764331,3,IN-RANGE,RandomForestClassifier,Morgan,IN-RANGE,0.2,0.51,0.29
14764332,3,IN-RANGE,RandomForestClassifier,Morgan,IN-RANGE,0.22,0.76,0.02
14764380,3,IN-RANGE,RandomForestClassifier,Morgan,IN-RANGE,0.31,0.57,0.12
14764388,3,IN-RANGE,RandomForestClassifier,Morgan,IN-RANGE,0.04,0.63,0.33
14764405,3,IN-RANGE,RandomForestClassifier,Morgan,IN-RANGE,0.25,0.71,0.04
14764415,3,IN-RANGE,RandomForestClassifier,Morgan,IN-RANGE,0.38,0.58,0.04
14764438,3,IN-RANGE,RandomForestClassifier,Morgan,IN-RANGE,0.21,0.77,0.02
14764474,3,IN-RANGE,RandomForestClassifier,Morgan,IN-RANGE,0.13,0.76,0.11
14764496,3,IN-RANGE,RandomForestClassifier,Morgan,IN-RANGE,0.22,0.67,0.11
14764505,3,IN-RANGE,RandomForestClassifier,Morgan,IN-RANGE,0.27,0.46,0.27
14764513,3,IN-RANGE,RandomForestClassifier,Morgan,IN-RANGE,0.18,0.57,0.25
14764519,3,IN-RANGE,RandomForestClassifier,Morgan,IN-RANGE,0.06,0.74,0.2
14764523,3,IN-RANGE,RandomForestClassifier,Morgan,IN-RANGE,0.17,0.77,0.06
14764530,3,IN-RANGE,RandomForestClassifier,Morgan,IN-RANGE,0.26,0.63,0.11
14764536,3,IN-RANGE,RandomForestClassifier,Morgan,BELOW,0.46,0.33,0.21
14764538,3,IN-RANGE,RandomForestClassifier,Morgan,IN-RANGE,0.1,0.83,0.07
14765314,3,IN-RANGE,RandomForestClassifier,Morgan,IN-RANGE,0.16,0.76,0.08
14765333,3,IN-RANGE,RandomForestClassifier,Morgan,IN-RANGE,0.25,0.69,0.06
14765365,3,IN-RANGE,RandomForestClassifier,Morgan,ABOVE,0.07,0.46,0.47
14765380,3,IN-RANGE,RandomForestClassifier,Morgan,BELOW,0.5,0.4,0.1
14765385,3,IN-RANGE,RandomForestClassifier,Morgan,ABOVE,0.04,0.3,0.66
14765386,3,IN-RANGE,RandomForestClassifier,Morgan,IN-RANGE,0.33,0.63,0.04
14765405,3,IN-RANGE,RandomForestClassifier,Morgan,IN-RANGE,0.13,0.58,0.29
14765424,3,IN-RANGE,RandomForestClassifier,Morgan,IN-RANGE,0.33,0.5,0.17
14765431,3,IN-RANGE,RandomForestClassifier,Morgan,IN-RANGE,0.03,0.63,0.34
14765435,3,IN-RANGE,RandomForestClassifier,Morgan,IN-RANGE,0.29,0.49,0.22
14765462,3,IN-RANGE,RandomForestClassifier,Morgan,IN-RANGE,0.12,0.52,0.36
14765486,3,IN-RANGE,RandomForestClassifier,Morgan,IN-RANGE,0.18,0.59,0.23
14765499,3,IN-RANGE,RandomForestClassifier,Morgan,IN-RANGE,0.12,0.64,0.24
14765504,3,IN-RANGE,RandomForestClassifier,Morgan,IN-RANGE,0.23,0.75,0.02
14765508,3,IN-RANGE,RandomForestClassifier,Morgan,IN-RANGE,0.27,0.56,0.17
14765520,3,IN-RANGE,RandomForestClassifier,Morgan,IN-RANGE,0.18,0.6,0.22
14765561,3,IN-RANGE,RandomForestClassifier,Morgan,IN-RANGE,0.33,0.54,0.13
14765563,3,IN-RANGE,RandomForestClassifier,Morgan,IN-RANGE,0.2,0.68,0.12
14766490,3,ABOVE,RandomForestClassifier,Morgan,IN-RANGE,0.23,0.65,0.12
14766494,3,ABOVE,RandomForestClassifier,Morgan,IN-RANGE,0.12,0.76,0.12
14766500,3,ABOVE,RandomForestClassifier,Morgan,IN-RANGE,0.11,0.57,0.32
14766502,3,ABOVE,RandomForestClassifier,Morgan,IN-RANGE,0.13,0.8,0.07
14766505,3,ABOVE,RandomForestClassifier,Morgan,ABOVE,0.01,0.08,0.91
14766510,3,ABOVE,RandomForestClassifier,Morgan,IN-RANGE,0.24,0.45,0.31
14766515,3,ABOVE,RandomForestClassifier,Morgan,ABOVE,0.08,0.41,0.51
14766520,3,ABOVE,RandomForestClassifier,Morgan,IN-RANGE,0.28,0.53,0.19
14766521,3,ABOVE,RandomForestClassifier,Morgan,ABOVE,0.1,0.4,0.5
14766524,3,ABOVE,RandomForestClassifier,Morgan,IN-RANGE,0.15,0.62,0.23
14766526,3,ABOVE,RandomForestClassifier,Morgan,ABOVE,0.13,0.4,0.47
14766528,3,ABOVE,RandomForestClassifier,Morgan,IN-RANGE,0.12,0.8,0.08
14766533,3,ABOVE,RandomForestClassifier,Morgan,IN-RANGE,0.07,0.66,0.27
14766535,3,ABOVE,RandomForestClassifier,Morgan,IN-RANGE,0.26,0.42,0.32
14766537,3,ABOVE,RandomForestClassifier,Morgan,IN-RANGE,0.28,0.38,0.34
14766540,3,ABOVE,RandomForestClassifier,Morgan,IN-RANGE,0.15,0.71,0.14
14766548,3,ABOVE,RandomForestClassifier,Morgan,ABOVE,0.0,0.15,0.85
14769815,3,BELOW,RandomForestClassifier,Morgan,IN-RANGE,0.28,0.55,0.17
14769832,3,BELOW,RandomForestClassifier,Morgan,IN-RANGE,0.36,0.4,0.24
14769842,3,BELOW,RandomForestClassifier,Morgan,IN-RANGE,0.41,0.58,0.01
14769849,3,BELOW,RandomForestClassifier,Morgan,IN-RANGE,0.46,0.53,0.01
14769855,3,BELOW,RandomForestClassifier,Morgan,BELOW,0.58,0.37,0.05
14769856,3,BELOW,RandomForestClassifier,Morgan,IN-RANGE,0.46,0.47,0.07
14769862,3,BELOW,RandomForestClassifier,Morgan,IN-RANGE,0.1,0.61,0.29
14769877,3,BELOW,RandomForestClassifier,Morgan,IN-RANGE,0.46,0.52,0.02
14769880,3,BELOW,RandomForestClassifier,Morgan,BELOW,0.5,0.32,0.18
14769884,3,BELOW,RandomForestClassifier,Morgan,IN-RANGE,0.19,0.7,0.11
14769885,3,BELOW,RandomForestClassifier,Morgan,IN-RANGE,0.38,0.56,0.06
14758725,4,BELOW,majority_baseline,none,IN-RANGE,,,
14758736,4,BELOW,majority_baseline,none,IN-RANGE,,,
14758740,4,BELOW,majority_baseline,none,IN-RANGE,,,
14758742,4,BELOW,majority_baseline,none,IN-RANGE,,,
14758745,4,BELOW,majority_baseline,none,IN-RANGE,,,
14758751,4,BELOW,majority_baseline,none,IN-RANGE,,,
14758759,4,BELOW,majority_baseline,none,IN-RANGE,,,
14758764,4,BELOW,majority_baseline,none,IN-RANGE,,,
14758765,4,BELOW,majority_baseline,none,IN-RANGE,,,
14758766,4,BELOW,majority_baseline,none,IN-RANGE,,,
14758768,4,BELOW,majority_baseline,none,IN-RANGE,,,
14758774,4,BELOW,majority_baseline,none,IN-RANGE,,,
14758778,4,BELOW,majority_baseline,none,IN-RANGE,,,
14758784,4,BELOW,majority_baseline,none,IN-RANGE,,,
14758785,4,BELOW,majority_baseline,none,IN-RANGE,,,
14758792,4,BELOW,majority_baseline,none,IN-RANGE,,,
14758799,4,BELOW,majority_baseline,none,IN-RANGE,,,
14758802,4,BELOW,majority_baseline,none,IN-RANGE,,,
14758805,4,BELOW,majority_baseline,none,IN-RANGE,,,
14758808,4,BELOW,majority_baseline,none,IN-RANGE,,,
14758810,4,BELOW,majority_baseline,none,IN-RANGE,,,
14758811,4,BELOW,majority_baseline,none,IN-RANGE,,,
14758815,4,BELOW,majority_baseline,none,IN-RANGE,,,
14758817,4,BELOW,majority_baseline,none,IN-RANGE,,,
14758822,4,BELOW,majority_baseline,none,IN-RANGE,,,
14758824,4,BELOW,majority_baseline,none,IN-RANGE,,,
14758833,4,BELOW,majority_baseline,none,IN-RANGE,,,
14758836,4,BELOW,majority_baseline,none,IN-RANGE,,,
14758842,4,BELOW,majority_baseline,none,IN-RANGE,,,
14758855,4,BELOW,majority_baseline,none,IN-RANGE,,,
14758860,4,BELOW,majority_baseline,none,IN-RANGE,,,
14758866,4,BELOW,majority_baseline,none,IN-RANGE,,,
14758867,4,BELOW,majority_baseline,none,IN-RANGE,,,
14758873,4,BELOW,majority_baseline,none,IN-RANGE,,,
14758896,4,BELOW,majority_baseline,none,IN-RANGE,,,
14758903,4,BELOW,majority_baseline,none,IN-RANGE,,,
14758909,4,BELOW,majority_baseline,none,IN-RANGE,,,
14758910,4,BELOW,majority_baseline,none,IN-RANGE,,,
14758911,4,BELOW,majority_baseline,none,IN-RANGE,,,
14758914,4,BELOW,majority_baseline,none,IN-RANGE,,,
14758916,4,BELOW,majority_baseline,none,IN-RANGE,,,
14758917,4,BELOW,majority_baseline,none,IN-RANGE,,,
14758974,4,IN-RANGE,majority_baseline,none,IN-RANGE,,,
14758975,4,IN-RANGE,majority_baseline,none,IN-RANGE,,,
14758977,4,IN-RANGE,majority_baseline,none,IN-RANGE,,,
14758981,4,IN-RANGE,majority_baseline,none,IN-RANGE,,,
14758982,4,IN-RANGE,majority_baseline,none,IN-RANGE,,,
14758985,4,IN-RANGE,majority_baseline,none,IN-RANGE,,,
14758998,4,IN-RANGE,majority_baseline,none,IN-RANGE,,,
14759778,4,IN-RANGE,majority_baseline,none,IN-RANGE,,,
14759783,4,IN-RANGE,majority_baseline,none,IN-RANGE,,,
14759805,4,IN-RANGE,majority_baseline,none,IN-RANGE,,,
14759807,4,IN-RANGE,majority_baseline,none,IN-RANGE,,,
14759814,4,IN-RANGE,majority_baseline,none,IN-RANGE,,,
14759815,4,IN-RANGE,majority_baseline,none,IN-RANGE,,,
14759820,4,IN-RANGE,majority_baseline,none,IN-RANGE,,,
14759822,4,IN-RANGE,majority_baseline,none,IN-RANGE,,,
14759855,4,IN-RANGE,majority_baseline,none,IN-RANGE,,,
14759865,4,IN-RANGE,majority_baseline,none,IN-RANGE,,,
14759899,4,IN-RANGE,majority_baseline,none,IN-RANGE,,,
14759909,4,IN-RANGE,majority_baseline,none,IN-RANGE,,,
14759910,4,IN-RANGE,majority_baseline,none,IN-RANGE,,,
14759912,4,IN-RANGE,majority_baseline,none,IN-RANGE,,,
14759914,4,IN-RANGE,majority_baseline,none,IN-RANGE,,,
14759921,4,IN-RANGE,majority_baseline,none,IN-RANGE,,,
14759932,4,IN-RANGE,majority_baseline,none,IN-RANGE,,,
14759938,4,IN-RANGE,majority_baseline,none,IN-RANGE,,,
14759950,4,IN-RANGE,majority_baseline,none,IN-RANGE,,,
14759956,4,IN-RANGE,majority_baseline,none,IN-RANGE,,,
14759957,4,IN-RANGE,majority_baseline,none,IN-RANGE,,,
14759967,4,IN-RANGE,majority_baseline,none,IN-RANGE,,,
14759974,4,IN-RANGE,majority_baseline,none,IN-RANGE,,,
14759976,4,IN-RANGE,majority_baseline,none,IN-RANGE,,,
14759984,4,IN-RANGE,majority_baseline,none,IN-RANGE,,,
14759998,4,IN-RANGE,majority_baseline,none,IN-RANGE,,,
14760035,4,IN-RANGE,majority_baseline,none,IN-RANGE,,,
14761138,4,IN-RANGE,majority_baseline,none,IN-RANGE,,,
14761140,4,IN-RANGE,majority_baseline,none,IN-RANGE,,,
14761168,4,IN-RANGE,majority_baseline,none,IN-RANGE,,,
14761174,4,IN-RANGE,majority_baseline,none,IN-RANGE,,,
14761182,4,IN-RANGE,majority_baseline,none,IN-RANGE,,,
14761183,4,IN-RANGE,majority_baseline,none,IN-RANGE,,,
14761229,4,IN-RANGE,majority_baseline,none,IN-RANGE,,,
14761232,4,IN-RANGE,majority_baseline,none,IN-RANGE,,,
14761235,4,IN-RANGE,majority_baseline,none,IN-RANGE,,,
14761244,4,IN-RANGE,majority_baseline,none,IN-RANGE,,,
14761252,4,IN-RANGE,majority_baseline,none,IN-RANGE,,,
14761274,4,IN-RANGE,majority_baseline,none,IN-RANGE,,,
14761275,4,IN-RANGE,majority_baseline,none,IN-RANGE,,,
14761276,4,IN-RANGE,majority_baseline,none,IN-RANGE,,,
14761282,4,IN-RANGE,majority_baseline,none,IN-RANGE,,,
14761286,4,IN-RANGE,majority_baseline,none,IN-RANGE,,,
14761299,4,IN-RANGE,majority_baseline,none,IN-RANGE,,,
14761317,4,IN-RANGE,majority_baseline,none,IN-RANGE,,,
14761322,4,IN-RANGE,majority_baseline,none,IN-RANGE,,,
14761343,4,IN-RANGE,majority_baseline,none,IN-RANGE,,,
14761348,4,IN-RANGE,majority_baseline,none,IN-RANGE,,,
14761349,4,IN-RANGE,majority_baseline,none,IN-RANGE,,,
14761365,4,IN-RANGE,majority_baseline,none,IN-RANGE,,,
14761372,4,IN-RANGE,majority_baseline,none,IN-RANGE,,,
14762238,4,IN-RANGE,majority_baseline,none,IN-RANGE,,,
14762241,4,IN-RANGE,majority_baseline,none,IN-RANGE,,,
14762244,4,IN-RANGE,majority_baseline,none,IN-RANGE,,,
14762264,4,IN-RANGE,majority_baseline,none,IN-RANGE,,,
14762275,4,IN-RANGE,majority_baseline,none,IN-RANGE,,,
14762302,4,IN-RANGE,majority_baseline,none,IN-RANGE,,,
14762306,4,IN-RANGE,majority_baseline,none,IN-RANGE,,,
14762307,4,IN-RANGE,majority_baseline,none,IN-RANGE,,,
14762345,4,IN-RANGE,majority_baseline,none,IN-RANGE,,,
14762353,4,IN-RANGE,majority_baseline,none,IN-RANGE,,,
14762362,4,IN-RANGE,majority_baseline,none,IN-RANGE,,,
14762364,4,IN-RANGE,majority_baseline,none,IN-RANGE,,,
14762365,4,IN-RANGE,majority_baseline,none,IN-RANGE,,,
14762371,4,IN-RANGE,majority_baseline,none,IN-RANGE,,,
14762373,4,IN-RANGE,majority_baseline,none,IN-RANGE,,,
14762377,4,IN-RANGE,majority_baseline,none,IN-RANGE,,,
14762404,4,IN-RANGE,majority_baseline,none,IN-RANGE,,,
14762417,4,IN-RANGE,majority_baseline,none,IN-RANGE,,,
14762428,4,IN-RANGE,majority_baseline,none,IN-RANGE,,,
14762434,4,IN-RANGE,majority_baseline,none,IN-RANGE,,,
14762451,4,IN-RANGE,majority_baseline,none,IN-RANGE,,,
14762453,4,IN-RANGE,majority_baseline,none,IN-RANGE,,,
14763246,4,IN-RANGE,majority_baseline,none,IN-RANGE,,,
14763251,4,IN-RANGE,majority_baseline,none,IN-RANGE,,,
14763265,4,IN-RANGE,majority_baseline,none,IN-RANGE,,,
14763266,4,IN-RANGE,majority_baseline,none,IN-RANGE,,,
14763273,4,IN-RANGE,majority_baseline,none,IN-RANGE,,,
14763274,4,IN-RANGE,majority_baseline,none,IN-RANGE,,,
14763288,4,IN-RANGE,majority_baseline,none,IN-RANGE,,,
14763311,4,IN-RANGE,majority_baseline,none,IN-RANGE,,,
14763325,4,IN-RANGE,majority_baseline,none,IN-RANGE,,,
14763330,4,IN-RANGE,majority_baseline,none,IN-RANGE,,,
14763360,4,IN-RANGE,majority_baseline,none,IN-RANGE,,,
14763361,4,IN-RANGE,majority_baseline,none,IN-RANGE,,,
14763368,4,IN-RANGE,majority_baseline,none,IN-RANGE,,,
14763370,4,IN-RANGE,majority_baseline,none,IN-RANGE,,,
14763398,4,IN-RANGE,majority_baseline,none,IN-RANGE,,,
14763400,4,IN-RANGE,majority_baseline,none,IN-RANGE,,,
14763419,4,IN-RANGE,majority_baseline,none,IN-RANGE,,,
14763441,4,IN-RANGE,majority_baseline,none,IN-RANGE,,,
14763442,4,IN-RANGE,majority_baseline,none,IN-RANGE,,,
14763443,4,IN-RANGE,majority_baseline,none,IN-RANGE,,,
14763454,4,IN-RANGE,majority_baseline,none,IN-RANGE,,,
14763462,4,IN-RANGE,majority_baseline,none,IN-RANGE,,,
14763474,4,IN-RANGE,majority_baseline,none,IN-RANGE,,,
14763484,4,IN-RANGE,majority_baseline,none,IN-RANGE,,,
14764280,4,IN-RANGE,majority_baseline,none,IN-RANGE,,,
14764281,4,IN-RANGE,majority_baseline,none,IN-RANGE,,,
14764299,4,IN-RANGE,majority_baseline,none,IN-RANGE,,,
14764342,4,IN-RANGE,majority_baseline,none,IN-RANGE,,,
14764343,4,IN-RANGE,majority_baseline,none,IN-RANGE,,,
14764362,4,IN-RANGE,majority_baseline,none,IN-RANGE,,,
14764381,4,IN-RANGE,majority_baseline,none,IN-RANGE,,,
14764396,4,IN-RANGE,majority_baseline,none,IN-RANGE,,,
14764416,4,IN-RANGE,majority_baseline,none,IN-RANGE,,,
14764453,4,IN-RANGE,majority_baseline,none,IN-RANGE,,,
14764458,4,IN-RANGE,majority_baseline,none,IN-RANGE,,,
14764485,4,IN-RANGE,majority_baseline,none,IN-RANGE,,,
14764500,4,IN-RANGE,majority_baseline,none,IN-RANGE,,,
14764521,4,IN-RANGE,majority_baseline,none,IN-RANGE,,,
14764525,4,IN-RANGE,majority_baseline,none,IN-RANGE,,,
14764529,4,IN-RANGE,majority_baseline,none,IN-RANGE,,,
14764531,4,IN-RANGE,majority_baseline,none,IN-RANGE,,,
14764537,4,IN-RANGE,majority_baseline,none,IN-RANGE,,,
14765332,4,IN-RANGE,majority_baseline,none,IN-RANGE,,,
14765341,4,IN-RANGE,majority_baseline,none,IN-RANGE,,,
14765344,4,IN-RANGE,majority_baseline,none,IN-RANGE,,,
14765352,4,IN-RANGE,majority_baseline,none,IN-RANGE,,,
14765354,4,IN-RANGE,majority_baseline,none,IN-RANGE,,,
14765358,4,IN-RANGE,majority_baseline,none,IN-RANGE,,,
14765368,4,IN-RANGE,majority_baseline,none,IN-RANGE,,,
14765370,4,IN-RANGE,majority_baseline,none,IN-RANGE,,,
14765371,4,IN-RANGE,majority_baseline,none,IN-RANGE,,,
14765413,4,IN-RANGE,majority_baseline,none,IN-RANGE,,,
14765441,4,IN-RANGE,majority_baseline,none,IN-RANGE,,,
14765451,4,IN-RANGE,majority_baseline,none,IN-RANGE,,,
14765454,4,IN-RANGE,majority_baseline,none,IN-RANGE,,,
14765473,4,IN-RANGE,majority_baseline,none,IN-RANGE,,,
14765481,4,IN-RANGE,majority_baseline,none,IN-RANGE,,,
14765482,4,IN-RANGE,majority_baseline,none,IN-RANGE,,,
14765495,4,IN-RANGE,majority_baseline,none,IN-RANGE,,,
14765505,4,IN-RANGE,majority_baseline,none,IN-RANGE,,,
14765514,4,IN-RANGE,majority_baseline,none,IN-RANGE,,,
14765523,4,IN-RANGE,majority_baseline,none,IN-RANGE,,,
14765531,4,IN-RANGE,majority_baseline,none,IN-RANGE,,,
14765535,4,IN-RANGE,majority_baseline,none,IN-RANGE,,,
14765542,4,IN-RANGE,majority_baseline,none,IN-RANGE,,,
14765547,4,IN-RANGE,majority_baseline,none,IN-RANGE,,,
14766491,4,ABOVE,majority_baseline,none,IN-RANGE,,,
14766496,4,ABOVE,majority_baseline,none,IN-RANGE,,,
14766501,4,ABOVE,majority_baseline,none,IN-RANGE,,,
14766506,4,ABOVE,majority_baseline,none,IN-RANGE,,,
14766507,4,ABOVE,majority_baseline,none,IN-RANGE,,,
14766509,4,ABOVE,majority_baseline,none,IN-RANGE,,,
14766516,4,ABOVE,majority_baseline,none,IN-RANGE,,,
14766519,4,ABOVE,majority_baseline,none,IN-RANGE,,,
14766523,4,ABOVE,majority_baseline,none,IN-RANGE,,,
14766529,4,ABOVE,majority_baseline,none,IN-RANGE,,,
14766531,4,ABOVE,majority_baseline,none,IN-RANGE,,,
14766532,4,ABOVE,majority_baseline,none,IN-RANGE,,,
14766534,4,ABOVE,majority_baseline,none,IN-RANGE,,,
14766538,4,ABOVE,majority_baseline,none,IN-RANGE,,,
14766560,4,ABOVE,majority_baseline,none,IN-RANGE,,,
14766561,4,ABOVE,majority_baseline,none,IN-RANGE,,,
14769819,4,BELOW,majority_baseline,none,IN-RANGE,,,
14769821,4,BELOW,majority_baseline,none,IN-RANGE,,,
14769829,4,BELOW,majority_baseline,none,IN-RANGE,,,
14769831,4,BELOW,majority_baseline,none,IN-RANGE,,,
14769839,4,BELOW,majority_baseline,none,IN-RANGE,,,
14769845,4,BELOW,majority_baseline,none,IN-RANGE,,,
14769857,4,BELOW,majority_baseline,none,IN-RANGE,,,
14769867,4,BELOW,majority_baseline,none,IN-RANGE,,,
14769870,4,BELOW,majority_baseline,none,IN-RANGE,,,
14769872,4,BELOW,majority_baseline,none,IN-RANGE,,,
14769881,4,BELOW,majority_baseline,none,IN-RANGE,,,
14769886,4,BELOW,majority_baseline,none,IN-RANGE,,,
14769889,4,BELOW,majority_baseline,none,IN-RANGE,,,
14758725,4,BELOW,LogisticRegression,descriptors,BELOW,0.49470585826252544,0.2373843405101756,0.26790980122729885
14758736,4,BELOW,LogisticRegression,descriptors,BELOW,0.3819117728465479,0.33195934095674906,0.28612888619670296
14758740,4,BELOW,LogisticRegression,descriptors,BELOW,0.41284130769980776,0.2517074375993658,0.3354512547008264
14758742,4,BELOW,LogisticRegression,descriptors,IN-RANGE,0.35733140250280454,0.4408902430921555,0.20177835440503994
14758745,4,BELOW,LogisticRegression,descriptors,IN-RANGE,0.20457813252921114,0.48765773176104227,0.30776413570974653
14758751,4,BELOW,LogisticRegression,descriptors,IN-RANGE,0.3550381288559388,0.4525484266859533,0.19241344445810776
14758759,4,BELOW,LogisticRegression,descriptors,BELOW,0.43146980594213863,0.26449255265505217,0.30403764140280926
14758764,4,BELOW,LogisticRegression,descriptors,IN-RANGE,0.30371694776033004,0.4242735463791302,0.27200950586053974
14758765,4,BELOW,LogisticRegression,descriptors,BELOW,0.44845975207827854,0.294752124198131,0.2567881237235905
14758766,4,BELOW,LogisticRegression,descriptors,IN-RANGE,0.3306062047662701,0.5693686660400668,0.10002512919366309
14758768,4,BELOW,LogisticRegression,descriptors,IN-RANGE,0.3452166214051971,0.46608853264741523,0.1886948459473877
14758774,4,BELOW,LogisticRegression,descriptors,IN-RANGE,0.3194410083818691,0.5827062867526717,0.09785270486545912
14758778,4,BELOW,LogisticRegression,descriptors,BELOW,0.4950475276135327,0.23834830599327936,0.2666041663931878
14758784,4,BELOW,LogisticRegression,descriptors,IN-RANGE,0.30371694776033,0.42427354637913056,0.27200950586053946
14758785,4,BELOW,LogisticRegression,descriptors,BELOW,0.45002838508267934,0.3107583558600186,0.23921325905730215
14758792,4,BELOW,LogisticRegression,descriptors,BELOW,0.44070331993910117,0.34940736825476376,0.20988931180613518
14758799,4,BELOW,LogisticRegression,descriptors,ABOVE,0.21788742322315424,0.2713248330863384,0.5107877436905073
14758802,4,BELOW,LogisticRegression,descriptors,BELOW,0.38831466287642474,0.37060553322304035,0.24107980390053488
14758805,4,BELOW,LogisticRegression,descriptors,BELOW,0.3736033138552612,0.3142242619334187,0.31217242421132013
14758808,4,BELOW,LogisticRegression,descriptors,BELOW,0.3643700407583,0.30831911671780593,0.32731084252389403
14758810,4,BELOW,LogisticRegression,descriptors,ABOVE,0.3557112092601127,0.2620840190273719,0.38220477171251555
14758811,4,BELOW,LogisticRegression,descriptors,ABOVE,0.29258088970720836,0.21311931297417214,0.49429979731861956
14758815,4,BELOW,LogisticRegression,descriptors,ABOVE,0.10999059753030098,0.3348430023674414,0.5551664001022576
14758817,4,BELOW,LogisticRegression,descriptors,BELOW,0.3732869141982386,0.2877727571750909,0.3389403286266704
14758822,4,BELOW,LogisticRegression,descriptors,BELOW,0.4936807600408894,0.24982907964726178,0.25649016031184896
14758824,4,BELOW,LogisticRegression,descriptors,BELOW,0.44667604303594605,0.2801804264257997,0.27314353053825424
14758833,4,BELOW,LogisticRegression,descriptors,BELOW,0.39369817563574067,0.2561708430812501,0.35013098128300923
14758836,4,BELOW,LogisticRegression,descriptors,BELOW,0.39207020484568034,0.3612854528724257,0.24664434228189405
14758842,4,BELOW,LogisticRegression,descriptors,IN-RANGE,0.3633916186786109,0.4429957780855629,0.19361260323582616
14758855,4,BELOW,LogisticRegression,descriptors,BELOW,0.4163954401108778,0.28478780961258865,0.2988167502765336
14758860,4,BELOW,LogisticRegression,descriptors,IN-RANGE,0.3550381288559388,0.4525484266859535,0.19241344445810765
14758866,4,BELOW,LogisticRegression,descriptors,BELOW,0.42040828191482466,0.3351686269862818,0.24442309109889357
14758867,4,BELOW,LogisticRegression,descriptors,IN-RANGE,0.26045842637395455,0.4171028775186901,0.3224386961073555
14758873,4,BELOW,LogisticRegression,descriptors,BELOW,0.4034553553037594,0.3713889449908463,0.22515569970539429
14758896,4,BELOW,LogisticRegression,descriptors,ABOVE,0.35043618380810204,0.1873723576308398,0.4621914585610582
14758903,4,BELOW,LogisticRegression,descriptors,IN-RANGE,0.332762972770645,0.39559976697692867,0.2716372602524263
14758909,4,BELOW,LogisticRegression,descriptors,IN-RANGE,0.31472484094248615,0.5931042031057293,0.09217095595178461
14758910,4,BELOW,LogisticRegression,descriptors,IN-RANGE,0.2767560674924724,0.5876984234179736,0.13554550908955396
14758911,4,BELOW,LogisticRegression,descriptors,BELOW,0.5718200080156856,0.29848433162947574,0.12969566035483862
14758914,4,BELOW,LogisticRegression,descriptors,ABOVE,0.3606447794909649,0.24735673611592932,0.39199848439310586
14758916,4,BELOW,LogisticRegression,descriptors,BELOW,0.4530762743807201,0.22879519476037546,0.31812853085890447
14758917,4,BELOW,LogisticRegression,descriptors,ABOVE,0.3836413324367656,0.21781618923028992,0.3985424783329444
14758974,4,IN-RANGE,LogisticRegression,descriptors,BELOW,0.44599064892004514,0.31491355306383656,0.23909579801611827
14758975,4,IN-RANGE,LogisticRegression,descriptors,BELOW,0.5831038037889412,0.23711801627390627,0.1797781799371526
14758977,4,IN-RANGE,LogisticRegression,descriptors,ABOVE,0.23461419657143667,0.2685024140839231,0.49688338934464016
14758981,4,IN-RANGE,LogisticRegression,descriptors,BELOW,0.3759716248145797,0.2909427452286332,0.33308562995678714
14758982,4,IN-RANGE,LogisticRegression,descriptors,ABOVE,0.2906171576757186,0.1978168934671469,0.5115659488571345
14758985,4,IN-RANGE,LogisticRegression,descriptors,IN-RANGE,0.4447022321353731,0.4627033437163025,0.09259442414832449
14758998,4,IN-RANGE,LogisticRegression,descriptors,BELOW,0.5840212774472648,0.25109420785350833,0.16488451469922685
14759778,4,IN-RANGE,LogisticRegression,descriptors,ABOVE,0.17881324571341567,0.3960895606639703,0.425097193622614
14759783,4,IN-RANGE,LogisticRegression,descriptors,BELOW,0.4282745275640823,0.34620509222243984,0.22552038021347787
14759805,4,IN-RANGE,LogisticRegression,descriptors,BELOW,0.44529731874427125,0.23131293713835635,0.32338974411737237
14759807,4,IN-RANGE,LogisticRegression,descriptors,BELOW,0.4572599550668016,0.3048588943042281,0.23788115062897017
14759814,4,IN-RANGE,LogisticRegression,descriptors,IN-RANGE,0.3452166214051971,0.46608853264741523,0.1886948459473877
14759815,4,IN-RANGE,LogisticRegression,descriptors,BELOW,0.4184066966878,0.28478375442351384,0.2968095488886863
14759820,4,IN-RANGE,LogisticRegression,descriptors,BELOW,0.38604356515317434,0.2820712886680602,0.3318851461787654
14759822,4,IN-RANGE,LogisticRegression,descriptors,ABOVE,0.12876940332997566,0.3790718432057978,0.4921587534642266
14759855,4,IN-RANGE,LogisticRegression,descriptors,BELOW,0.5290040886828474,0.1810489734354974,0.28994693788165526
14759865,4,IN-RANGE,LogisticRegression,descriptors,BELOW,0.44070331993910117,0.3494073682547637,0.20988931180613524
14759899,4,IN-RANGE,LogisticRegression,descriptors,ABOVE,0.3325581866629981,0.17549508223071192,0.49194673110629006
14759909,4,IN-RANGE,LogisticRegression,descriptors,IN-RANGE,0.3646811386461309,0.43884360033362146,0.1964752610202476
14759910,4,IN-RANGE,LogisticRegression,descriptors,IN-RANGE,0.3139711875133347,0.4374721212769925,0.2485566912096728
14759912,4,IN-RANGE,LogisticRegression,descriptors,IN-RANGE,0.3452166214051971,0.46608853264741523,0.1886948459473877
14759914,4,IN-RANGE,LogisticRegression,descriptors,IN-RANGE,0.31192672523023623,0.39200704585986473,0.296066228909899
14759921,4,IN-RANGE,LogisticRegression,descriptors,BELOW,0.40463464333967586,0.2813103016738273,0.31405505498649694
14759932,4,IN-RANGE,LogisticRegression,descriptors,ABOVE,0.3731740624615241,0.20151732010091306,0.42530861743756276
14759938,4,IN-RANGE,LogisticRegression,descriptors,ABOVE,0.2913403926576321,0.23221751245363054,0.4764420948887373
14759950,4,IN-RANGE,LogisticRegression,descriptors,BELOW,0.4261822731847408,0.3192594304901991,0.25455829632506005
14759956,4,IN-RANGE,LogisticRegression,descriptors,BELOW,0.5927395125346283,0.34753553620999894,0.059724951255372735
14759957,4,IN-RANGE,LogisticRegression,descriptors,IN-RANGE,0.38532946243936383,0.3869596352314894,0.22771090232914684
14759967,4,IN-RANGE,LogisticRegression,descriptors,BELOW,0.44599064892004514,0.31491355306383656,0.23909579801611827
14759974,4,IN-RANGE,LogisticRegression,descriptors,ABOVE,0.12997698666660118,0.1780673258686607,0.6919556874647381
14759976,4,IN-RANGE,LogisticRegression,descriptors,ABOVE,0.2509630597148887,0.34507246328522395,0.4039644769998873
14759984,4,IN-RANGE,LogisticRegression,descriptors,ABOVE,0.11505073620595392,0.29304116238837646,0.5919081014056696
14759998,4,IN-RANGE,LogisticRegression,descriptors,ABOVE,0.2056203240998777,0.269022694863633,0.5253569810364892
14760035,4,IN-RANGE,LogisticRegression,descriptors,ABOVE,0.25585007679471977,0.257769029777997,0.48638089342728325
14761138,4,IN-RANGE,LogisticRegression,descriptors,BELOW,0.42230456365586116,0.4117370819497782,0.16595835439436069
14761140,4,IN-RANGE,LogisticRegression,descriptors,ABOVE,0.29258088970720836,0.21311931297417205,0.49429979731861967
14761168,4,IN-RANGE,LogisticRegression,descriptors,IN-RANGE,0.3295790282024632,0.4986011879238028,0.17181978387373406
14761174,4,IN-RANGE,LogisticRegression,descriptors,IN-RANGE,0.26241713504543906,0.48665135579614943,0.25093150915841145
14761182,4,IN-RANGE,LogisticRegression,descriptors,ABOVE,0.33515525747825237,0.25053308943142755,0.41431165309032014
14761183,4,IN-RANGE,LogisticRegression,descriptors,IN-RANGE,0.26037712306422156,0.48412360577362884,0.25549927116214965
14761229,4,IN-RANGE,LogisticRegression,descriptors,IN-RANGE,0.305291934711036,0.6023996674381978,0.09230839785076617
14761232,4,IN-RANGE,LogisticRegression,descriptors,IN-RANGE,0.34082022872425516,0.371666699223197,0.2875130720525477
14761235,4,IN-RANGE,LogisticRegression,descriptors,ABOVE,0.3045360645551491,0.2110152439960274,0.4844486914488235
14761244,4,IN-RANGE,LogisticRegression,descriptors,BELOW,0.533194705430966,0.2168545259843503,0.24995076858468374
14761252,4,IN-RANGE,LogisticRegression,descriptors,IN-RANGE,0.26408978525110915,0.47408877200572797,0.2618214427431629
14761274,4,IN-RANGE,LogisticRegression,descriptors,IN-RANGE,0.3493662884718853,0.46129104627367523,0.1893426652544395
14761275,4,IN-RANGE,LogisticRegression,descriptors,IN-RANGE,0.31248825236089345,0.6132905263137253,0.07422122132538121
14761276,4,IN-RANGE,LogisticRegression,descriptors,IN-RANGE,0.2002232254369552,0.5257229421000991,0.27405383246294573
14761282,4,IN-RANGE,LogisticRegression,descriptors,IN-RANGE,0.2629454814981601,0.5689069653751635,0.16814755312667642
14761286,4,IN-RANGE,LogisticRegression,descriptors,ABOVE,0.23977425677020897,0.2934101819344746,0.46681556129531643
14761299,4,IN-RANGE,LogisticRegression,descriptors,ABOVE,0.2610909970628443,0.30735733583315833,0.4315516671039975
14761317,4,IN-RANGE,LogisticRegression,descriptors,BELOW,0.5008757301189192,0.27873105346343,0.22039321641765092
14761322,4,IN-RANGE,LogisticRegression,descriptors,ABOVE,0.28996106503840596,0.21597288454408392,0.49406605041751006
14761343,4,IN-RANGE,LogisticRegression,descriptors,BELOW,0.6140860643843473,0.3450745684339905,0.040839367181662214
14761348,4,IN-RANGE,LogisticRegression,descriptors,BELOW,0.42029454320362347,0.27717906146847454,0.302526395327902
14761349,4,IN-RANGE,LogisticRegression,descriptors,IN-RANGE,0.31612361872651984,0.3712474738430635,0.31262890743041655
14761365,4,IN-RANGE,LogisticRegression,descriptors,BELOW,0.5222385523713696,0.2954577819420464,0.18230366568658404
14761372,4,IN-RANGE,LogisticRegression,descriptors,ABOVE,0.36933126118973175,0.16070771682376725,0.4699610219865011
14762238,4,IN-RANGE,LogisticRegression,descriptors,BELOW,0.47454975816323025,0.4354551807580254,0.0899950610787444
14762241,4,IN-RANGE,LogisticRegression,descriptors,ABOVE,0.2610909970628443,0.30735733583315833,0.4315516671039975
14762244,4,IN-RANGE,LogisticRegression,descriptors,BELOW,0.38831466287642474,0.37060553322304035,0.24107980390053488
14762264,4,IN-RANGE,LogisticRegression,descriptors,ABOVE,0.141452326594393,0.36792603222196296,0.4906216411836441
14762275,4,IN-RANGE,LogisticRegression,descriptors,IN-RANGE,0.38908651904616176,0.4105201663055596,0.20039331464827864
14762302,4,IN-RANGE,LogisticRegression,descriptors,IN-RANGE,0.37515479379432565,0.44796372028000797,0.1768814859256664
14762306,4,IN-RANGE,LogisticRegression,descriptors,ABOVE,0.28067403772114413,0.24186515941153142,0.47746080286732434
14762307,4,IN-RANGE,LogisticRegression,descriptors,ABOVE,0.3265381210645182,0.23400983771577363,0.4394520412197082
14762345,4,IN-RANGE,LogisticRegression,descriptors,ABOVE,0.3176203772214893,0.33263726667804844,0.3497423561004623
14762353,4,IN-RANGE,LogisticRegression,descriptors,ABOVE,0.09639220053973502,0.44045522347872484,0.46315257598154014
14762362,4,IN-RANGE,LogisticRegression,descriptors,BELOW,0.3715572301849907,0.37155165087574693,0.2568911189392623
14762364,4,IN-RANGE,LogisticRegression,descriptors,ABOVE,0.29495217582372035,0.24603557360767167,0.45901225056860795
14762365,4,IN-RANGE,LogisticRegression,descriptors,ABOVE,0.20337384494804592,0.2713840231195383,0.5252421319324158
14762371,4,IN-RANGE,LogisticRegression,descriptors,ABOVE,0.23726564362627764,0.2968411525904739,0.4658932037832484
14762373,4,IN-RANGE,LogisticRegression,descriptors,ABOVE,0.2906171576757186,0.1978168934671469,0.5115659488571345
14762377,4,IN-RANGE,LogisticRegression,descriptors,ABOVE,0.09507312824368164,0.12538095663303786,0.7795459151232804
14762404,4,IN-RANGE,LogisticRegression,descriptors,ABOVE,0.28726648044892783,0.3298546035273659,0.3828789160237064
14762417,4,IN-RANGE,LogisticRegression,descriptors,IN-RANGE,0.21929707746475394,0.41849832933784564,0.3622045931974003
14762428,4,IN-RANGE,LogisticRegression,descriptors,BELOW,0.4168031430447397,0.3191074112882393,0.264089445667021
14762434,4,IN-RANGE,LogisticRegression,descriptors,ABOVE,0.03949366908285958,0.1544263476784242,0.8060799832387162
14762451,4,IN-RANGE,LogisticRegression,descriptors,ABOVE,0.23860542735178691,0.22904162215133078,0.5323529504968822
14762453,4,IN-RANGE,LogisticRegression,descriptors,IN-RANGE,0.3323999812426377,0.5833378743564508,0.0842621444009115
14763246,4,IN-RANGE,LogisticRegression,descriptors,IN-RANGE,0.38154964373752986,0.4419958831248699,0.17645447313760018
14763251,4,IN-RANGE,LogisticRegression,descriptors,ABOVE,0.14925429360415612,0.24198640745936473,0.6087592989364792
14763265,4,IN-RANGE,LogisticRegression,descriptors,ABOVE,0.17274020725177527,0.352485894014554,0.47477389873367076
14763266,4,IN-RANGE,LogisticRegression,descriptors,BELOW,0.44070331993910117,0.34940736825476376,0.20988931180613518
14763273,4,IN-RANGE,LogisticRegression,descriptors,BELOW,0.3950168844922743,0.3088785772808674,0.2961045382268582
14763274,4,IN-RANGE,LogisticRegression,descriptors,BELOW,0.37086061580179713,0.3059513346052994,0.32318804959290354
14763288,4,IN-RANGE,LogisticRegression,descriptors,BELOW,0.4840998551766243,0.28378542883470553,0.23211471598867012
14763311,4,IN-RANGE,LogisticRegression,descriptors,IN-RANGE,0.32800068952265893,0.5617897971738185,0.11020951330352258
14763325,4,IN-RANGE,LogisticRegression,descriptors,BELOW,0.40333633534654817,0.3430905620600666,0.25357310259338517
14763330,4,IN-RANGE,LogisticRegression,descriptors,ABOVE,0.1409241291504411,0.12736841390857082,0.731707456940988
14763360,4,IN-RANGE,LogisticRegression,descriptors,IN-RANGE,0.09732433830840494,0.45562756815155003,0.4470480935400451
14763361,4,IN-RANGE,LogisticRegression,descriptors,ABOVE,0.06011615688784283,0.1815454748000971,0.75833836831206
14763368,4,IN-RANGE,LogisticRegression,descriptors,IN-RANGE,0.30637037118188876,0.3963478541296205,0.2972817746884907
14763370,4,IN-RANGE,LogisticRegression,descriptors,IN-RANGE,0.3840654235391756,0.42205093344144595,0.19388364301937838
14763398,4,IN-RANGE,LogisticRegression,descriptors,ABOVE,0.32884461140116134,0.32034641239738604,0.3508089762014527
14763400,4,IN-RANGE,LogisticRegression,descriptors,BELOW,0.5115410578274127,0.326216166810426,0.16224277536216136
14763419,4,IN-RANGE,LogisticRegression,descriptors,IN-RANGE,0.40653298407423455,0.5119310290398317,0.08153598688593387
14763441,4,IN-RANGE,LogisticRegression,descriptors,IN-RANGE,0.22819150663313606,0.43183790503278785,0.339970588334076
14763442,4,IN-RANGE,LogisticRegression,descriptors,BELOW,0.4512162771108945,0.3901532593709969,0.15863046351810875
14763443,4,IN-RANGE,LogisticRegression,descriptors,IN-RANGE,0.2640897852511092,0.4740887720057278,0.26182144274316305
14763454,4,IN-RANGE,LogisticRegression,descriptors,IN-RANGE,0.3140052966750154,0.43399003055412616,0.2520046727708583
14763462,4,IN-RANGE,LogisticRegression,descriptors,BELOW,0.4178789979954842,0.33413654887255295,0.24798445313196293
14763474,4,IN-RANGE,LogisticRegression,descriptors,IN-RANGE,0.18741031233064087,0.4622550191986304,0.3503346684707288
14763484,4,IN-RANGE,LogisticRegression,descriptors,IN-RANGE,0.3123809313432522,0.4520788162553774,0.23554025240137053
14764280,4,IN-RANGE,LogisticRegression,descriptors,ABOVE,0.17627039736021735,0.32503347706186286,0.49869612557791976
14764281,4,IN-RANGE,LogisticRegression,descriptors,IN-RANGE,0.2434757787166775,0.6114144777471995,0.14510974353612308
14764299,4,IN-RANGE,LogisticRegression,descriptors,BELOW,0.4255866185951227,0.34426037893320666,0.23015300247167061
14764342,4,IN-RANGE,LogisticRegression,descriptors,ABOVE,0.16429871625132264,0.2724592983012556,0.5632419854474218
14764343,4,IN-RANGE,LogisticRegression,descriptors,IN-RANGE,0.22011417291625685,0.5771941865112252,0.20269164057251796
14764362,4,IN-RANGE,LogisticRegression,descriptors,ABOVE,0.29670971396239515,0.34187042517029576,0.361419860867309
14764381,4,IN-RANGE,LogisticRegression,descriptors,BELOW,0.3747414128013577,0.3310672471887852,0.29419134000985697
14764396,4,IN-RANGE,LogisticRegression,descriptors,ABOVE,0.12256614023962595,0.3429213956386177,0.5345124641217565
14764416,4,IN-RANGE,LogisticRegression,descriptors,BELOW,0.461275419637173,0.3891622706800372,0.14956230968278986
14764453,4,IN-RANGE,LogisticRegression,descriptors,IN-RANGE,0.15635665097376267,0.65338134939595,0.1902619996302873
14764458,4,IN-RANGE,LogisticRegression,descriptors,BELOW,0.4149048224753965,0.3126241380259731,0.2724710394986305
14764485,4,IN-RANGE,LogisticRegression,descriptors,IN-RANGE,0.279979128410816,0.3762313995152113,0.34378947207397276
14764500,4,IN-RANGE,LogisticRegression,descriptors,ABOVE,0.12068408230727648,0.29858179256478184,0.5807341251279415
14764521,4,IN-RANGE,LogisticRegression,descriptors,ABOVE,0.144605481718819,0.34093083846795336,0.5144636798132276
14764525,4,IN-RANGE,LogisticRegression,descriptors,ABOVE,0.32895993770465626,0.2435329891272211,0.42750707316812275
14764529,4,IN-RANGE,LogisticRegression,descriptors,IN-RANGE,0.3527438957181686,0.4259405037216117,0.2213156005602197
14764531,4,IN-RANGE,LogisticRegression,descriptors,ABOVE,0.12821334636750933,0.2429892904540827,0.6287973631784081
14764537,4,IN-RANGE,LogisticRegression,descriptors,ABOVE,0.22568314670893092,0.17711552356694962,0.5972013297241194
14765332,4,IN-RANGE,LogisticRegression,descriptors,ABOVE,0.06991235772370047,0.2967513002319324,0.6333363420443671
14765341,4,IN-RANGE,LogisticRegression,descriptors,IN-RANGE,0.3052919347110359,0.602399667438198,0.0923083978507661
14765344,4,IN-RANGE,LogisticRegression,descriptors,ABOVE,0.20833585287215647,0.25625822113067004,0.5354059259971735
14765352,4,IN-RANGE,LogisticRegression,descriptors,BELOW,0.3781828608758137,0.36892977601932375,0.2528873631048626
14765354,4,IN-RANGE,LogisticRegression,descriptors,IN-RANGE,0.15777778725030323,0.47244626937686296,0.3697759433728337
14765358,4,IN-RANGE,LogisticRegression,descriptors,ABOVE,0.13324072345958152,0.19025726146393082,0.6765020150764876
14765368,4,IN-RANGE,LogisticRegression,descriptors,IN-RANGE,0.33873875253109054,0.5482521687279113,0.11300907874099818
14765370,4,IN-RANGE,LogisticRegression,descriptors,ABOVE,0.19387417859960554,0.23816415495707677,0.5679616664433177
14765371,4,IN-RANGE,LogisticRegression,descriptors,IN-RANGE,0.305095706197314,0.35579840514537053,0.33910588865731545
14765413,4,IN-RANGE,LogisticRegression,descriptors,ABOVE,0.11627170628198896,0.40346102693378205,0.48026726678422904
14765441,4,IN-RANGE,LogisticRegression,descriptors,ABOVE,0.03128466289322691,0.12185219729924705,0.8468631398075259
14765451,4,IN-RANGE,LogisticRegression,descriptors,ABOVE,0.2153117682505111,0.2502937766132559,0.5343944551362331
14765454,4,IN-RANGE,LogisticRegression,descriptors,ABOVE,0.17807450945787742,0.1497058641573326,0.6722196263847899
14765473,4,IN-RANGE,LogisticRegression,descriptors,IN-RANGE,0.3327344868487109,0.39859112399772967,0.2686743891535595
14765481,4,IN-RANGE,LogisticRegression,descriptors,ABOVE,0.24333501987535797,0.335400328360076,0.421264651764566
14765482,4,IN-RANGE,LogisticRegression,descriptors,ABOVE,0.22810974944675508,0.23119815470262983,0.5406920958506151
14765495,4,IN-RANGE,LogisticRegression,descriptors,ABOVE,0.1807417508442305,0.18906037764639938,0.6301978715093702
14765505,4,IN-RANGE,LogisticRegression,descriptors,IN-RANGE,0.3522404147972776,0.36163171916672343,0.2861278660359989
14765514,4,IN-RANGE,LogisticRegression,descriptors,ABOVE,0.1761139102612743,0.38367418169455525,0.4402119080441704
14765523,4,IN-RANGE,LogisticRegression,descriptors,BELOW,0.41506347598709165,0.35082965302644425,0.2341068709864641
14765531,4,IN-RANGE,LogisticRegression,descriptors,IN-RANGE,0.26085309357115344,0.6917681375596462,0.04737876886920037
14765535,4,IN-RANGE,LogisticRegression,descriptors,ABOVE,0.22239910318033468,0.35044666769977345,0.4271542291198918
14765542,4,IN-RANGE,LogisticRegression,descriptors,ABOVE,0.27943264197989914,0.19636175585974833,0.5242056021603525
14765547,4,IN-RANGE,LogisticRegression,descriptors,BELOW,0.5633881012856529,0.3061230352275918,0.13048886348675534
14766491,4,ABOVE,LogisticRegression,descriptors,BELOW,0.4161814381136668,0.22638077615883873,0.35743778572749446
14766496,4,ABOVE,LogisticRegression,descriptors,IN-RANGE,0.07531176343501031,0.5191673827149045,0.40552085385008513
14766501,4,ABOVE,LogisticRegression,descriptors,ABOVE,0.059710204632716236,0.22399421280462609,0.7162955825626577
14766506,4,ABOVE,LogisticRegression,descriptors,BELOW,0.5012376573844761,0.3075228816036503,0.19123946101187358
14766507,4,ABOVE,LogisticRegression,descriptors,ABOVE,0.1976479053718301,0.2508415178709031,0.5515105767572668
14766509,4,ABOVE,LogisticRegression,descriptors,ABOVE,0.1301864511389663,0.3407873462245109,0.5290262026365229
14766516,4,ABOVE,LogisticRegression,descriptors,BELOW,0.38319346771166957,0.29621733201831413,0.3205892002700163
14766519,4,ABOVE,LogisticRegression,descriptors,ABOVE,0.06909224068223034,0.20831582022742653,0.7225919390903432
14766523,4,ABOVE,LogisticRegression,descriptors,ABOVE,0.12081784216057334,0.2481529880563251,0.6310291697831016
14766529,4,ABOVE,LogisticRegression,descriptors,ABOVE,0.11505632545638196,0.28525466098258295,0.5996890135610351
14766531,4,ABOVE,LogisticRegression,descriptors,BELOW,0.5375648010860065,0.3126767796626455,0.14975841925134803
14766532,4,ABOVE,LogisticRegression,descriptors,IN-RANGE,0.3745781269816923,0.42551178586623056,0.1999100871520771
14766534,4,ABOVE,LogisticRegression,descriptors,ABOVE,0.22511077480424652,0.25791846850235417,0.5169707566933993
14766538,4,ABOVE,LogisticRegression,descriptors,ABOVE,0.27949841145036075,0.21646709892065286,0.5040344896289863
14766560,4,ABOVE,LogisticRegression,descriptors,BELOW,0.5183093924595391,0.3504335685619369,0.13125703897852406
14766561,4,ABOVE,LogisticRegression,descriptors,BELOW,0.5183093924595391,0.3504335685619369,0.13125703897852406
14769819,4,BELOW,LogisticRegression,descriptors,ABOVE,0.3134373263369072,0.33019946604733313,0.35636320761575957
14769821,4,BELOW,LogisticRegression,descriptors,IN-RANGE,0.32561783879708306,0.5203386645789874,0.15404349662392966
14769829,4,BELOW,LogisticRegression,descriptors,BELOW,0.6418616513721598,0.2548924541104516,0.10324589451738864
14769831,4,BELOW,LogisticRegression,descriptors,IN-RANGE,0.39515712469476255,0.4354049044931327,0.16943797081210474
14769839,4,BELOW,LogisticRegression,descriptors,BELOW,0.5043539694113577,0.26380170411506443,0.23184432647357783
14769845,4,BELOW,LogisticRegression,descriptors,BELOW,0.5086180696594812,0.35311451370492636,0.1382674166355925
14769857,4,BELOW,LogisticRegression,descriptors,BELOW,0.4572599550668016,0.3048588943042281,0.23788115062897017
14769867,4,BELOW,LogisticRegression,descriptors,BELOW,0.37363762032039677,0.36825885208224635,0.2581035275973568
14769870,4,BELOW,LogisticRegression,descriptors,BELOW,0.4381979833649119,0.40725484563537956,0.1545471709997086
14769872,4,BELOW,LogisticRegression,descriptors,BELOW,0.40462612783322416,0.2387425789536727,0.3566312932131032
14769881,4,BELOW,LogisticRegression,descriptors,IN-RANGE,0.3678465619856698,0.4617583591242019,0.1703950788901283
14769886,4,BELOW,LogisticRegression,descriptors,IN-RANGE,0.3686290268328606,0.4658774657021323,0.1654935074650072
14769889,4,BELOW,LogisticRegression,descriptors,BELOW,0.4537819553579216,0.2887317235183432,0.25748632112373515
14758725,4,BELOW,RandomForestClassifier,descriptors,IN-RANGE,0.2809012633487246,0.6625772141300407,0.05652152252123477
14758736,4,BELOW,RandomForestClassifier,descriptors,IN-RANGE,0.3539802961381712,0.5055333950433243,0.14048630881850452
14758740,4,BELOW,RandomForestClassifier,descriptors,BELOW,0.4348028938270637,0.43051102070505104,0.1346860854678852
14758742,4,BELOW,RandomForestClassifier,descriptors,BELOW,0.5525016323572461,0.32368841778750934,0.12380994985524446
14758745,4,BELOW,RandomForestClassifier,descriptors,IN-RANGE,0.3307220502261004,0.4330043205051004,0.23627362926879913
14758751,4,BELOW,RandomForestClassifier,descriptors,BELOW,0.6055936354628362,0.3015458194438241,0.09286054509333966
14758759,4,BELOW,RandomForestClassifier,descriptors,BELOW,0.4111374195535716,0.3303889340773369,0.25847364636909154
14758764,4,BELOW,RandomForestClassifier,descriptors,BELOW,0.5197332064542519,0.3399596476279072,0.14030714591784085
14758765,4,BELOW,RandomForestClassifier,descriptors,BELOW,0.40954527299999194,0.37557435887357593,0.21488036812643205
14758766,4,BELOW,RandomForestClassifier,descriptors,IN-RANGE,0.35535979324602296,0.5442482683078435,0.10039193844613374
14758768,4,BELOW,RandomForestClassifier,descriptors,BELOW,0.5285724296155433,0.3723332590573507,0.09909431132710589
14758774,4,BELOW,RandomForestClassifier,descriptors,IN-RANGE,0.33255288698148244,0.5478450590050818,0.11960205401343575
14758778,4,BELOW,RandomForestClassifier,descriptors,BELOW,0.5681122839556939,0.3924143930081534,0.03947332303615268
14758784,4,BELOW,RandomForestClassifier,descriptors,BELOW,0.5197332064542519,0.3399596476279072,0.14030714591784085
14758785,4,BELOW,RandomForestClassifier,descriptors,BELOW,0.5209403964325873,0.3801480226703785,0.0989115808970343
14758792,4,BELOW,RandomForestClassifier,descriptors,IN-RANGE,0.37250094821223884,0.4080314511884107,0.21946760059935058
14758799,4,BELOW,RandomForestClassifier,descriptors,IN-RANGE,0.1661755936567931,0.5813627819907057,0.25246162435250147
14758802,4,BELOW,RandomForestClassifier,descriptors,BELOW,0.508994171356195,0.374784590938528,0.11622123770527701
14758805,4,BELOW,RandomForestClassifier,descriptors,IN-RANGE,0.30904701733059886,0.626977092493779,0.06397589017562214
14758808,4,BELOW,RandomForestClassifier,descriptors,IN-RANGE,0.1858164244749283,0.7086505366968922,0.10553303882817948
14758810,4,BELOW,RandomForestClassifier,descriptors,IN-RANGE,0.16426028461127454,0.6932757995681524,0.14246391582057297
14758811,4,BELOW,RandomForestClassifier,descriptors,IN-RANGE,0.042320151922688766,0.7789243280243907,0.17875552005292053
14758815,4,BELOW,RandomForestClassifier,descriptors,BELOW,0.5025518705691993,0.40571267306748865,0.09173545636331201
14758817,4,BELOW,RandomForestClassifier,descriptors,IN-RANGE,0.3021889006342984,0.6211959130023961,0.07661518636330542
14758822,4,BELOW,RandomForestClassifier,descriptors,BELOW,0.7857711289221683,0.2035163868407571,0.010712484237074403
14758824,4,BELOW,RandomForestClassifier,descriptors,IN-RANGE,0.16394854805088735,0.42799479879786534,0.4080566531512473
14758833,4,BELOW,RandomForestClassifier,descriptors,ABOVE,0.11485485616164802,0.27324906555339545,0.6118960782849565
14758836,4,BELOW,RandomForestClassifier,descriptors,IN-RANGE,0.259912429066414,0.514049748669169,0.2260378222644168
14758842,4,BELOW,RandomForestClassifier,descriptors,IN-RANGE,0.35590580699600866,0.49507434385581567,0.14901984914817587
14758855,4,BELOW,RandomForestClassifier,descriptors,BELOW,0.6275051050983148,0.33176280714115014,0.04073208776053499
14758860,4,BELOW,RandomForestClassifier,descriptors,BELOW,0.6055936354628362,0.3015458194438241,0.09286054509333966
14758866,4,BELOW,RandomForestClassifier,descriptors,IN-RANGE,0.37795888707045294,0.5882333905972345,0.033807722332312495
14758867,4,BELOW,RandomForestClassifier,descriptors,IN-RANGE,0.2579127821690794,0.43501214498261903,0.3070750728483017
14758873,4,BELOW,RandomForestClassifier,descriptors,BELOW,0.4428072626509487,0.3922222608677251,0.1649704764813262
14758896,4,BELOW,RandomForestClassifier,descriptors,IN-RANGE,0.2308747306772675,0.6360322706025444,0.13309299872018784
14758903,4,BELOW,RandomForestClassifier,descriptors,IN-RANGE,0.31128105995920163,0.5000339600157945,0.18868498002500392
14758909,4,BELOW,RandomForestClassifier,descriptors,IN-RANGE,0.27313394237110805,0.6370622013885429,0.08980385624034927
14758910,4,BELOW,RandomForestClassifier,descriptors,IN-RANGE,0.24304595012240707,0.6822160426333435,0.07473800724424937
14758911,4,BELOW,RandomForestClassifier,descriptors,BELOW,0.6064350649350649,0.38642207792207794,0.007142857142857143
14758914,4,BELOW,RandomForestClassifier,descriptors,IN-RANGE,0.38075346883412403,0.38907821100346096,0.23016832016241498
14758916,4,BELOW,RandomForestClassifier,descriptors,BELOW,0.5852650486636282,0.403463351995307,0.01127159934106481
14758917,4,BELOW,RandomForestClassifier,descriptors,BELOW,0.4138643626931404,0.25018607461790604,0.33594956268895343
14758974,4,IN-RANGE,RandomForestClassifier,descriptors,BELOW,0.5574826384068383,0.34292765871815517,0.09958970287500638
14758975,4,IN-RANGE,RandomForestClassifier,descriptors,IN-RANGE,0.3564583554310535,0.5126060977680208,0.1309355468009258
14758977,4,IN-RANGE,RandomForestClassifier,descriptors,ABOVE,0.039126572949153594,0.33584106153702925,0.6250323655138171
14758981,4,IN-RANGE,RandomForestClassifier,descriptors,BELOW,0.6386742973622401,0.23096710217379454,0.13035860046396494
14758982,4,IN-RANGE,RandomForestClassifier,descriptors,IN-RANGE,0.05432015192268878,0.6929243280243906,0.2527555200529205
14758985,4,IN-RANGE,RandomForestClassifier,descriptors,IN-RANGE,0.2022619047619047,0.744095238095238,0.053642857142857145
14758998,4,IN-RANGE,RandomForestClassifier,descriptors,IN-RANGE,0.4659101946737458,0.5037852372320821,0.030304568094172053
14759778,4,IN-RANGE,RandomForestClassifier,descriptors,IN-RANGE,0.36533163047277983,0.5175655638212487,0.11710280570597156
14759783,4,IN-RANGE,RandomForestClassifier,descriptors,BELOW,0.7693767592347018,0.14293937350550812,0.08768386725978987
14759805,4,IN-RANGE,RandomForestClassifier,descriptors,BELOW,0.470682826106966,0.26939944103277635,0.2599177328602576
14759807,4,IN-RANGE,RandomForestClassifier,descriptors,BELOW,0.4567096776303409,0.38854514689969627,0.1547451754699629
14759814,4,IN-RANGE,RandomForestClassifier,descriptors,BELOW,0.5285724296155433,0.3723332590573507,0.09909431132710589
14759815,4,IN-RANGE,RandomForestClassifier,descriptors,IN-RANGE,0.2917798457479349,0.5923281525684829,0.11589200168358206
14759820,4,IN-RANGE,RandomForestClassifier,descriptors,BELOW,0.5293323669878136,0.24256514491464082,0.22810248809754538
14759822,4,IN-RANGE,RandomForestClassifier,descriptors,IN-RANGE,0.09770095468413743,0.6952784989041817,0.20702054641168105
14759855,4,IN-RANGE,RandomForestClassifier,descriptors,IN-RANGE,0.4562132228257177,0.4730506789398903,0.07073609823439202
14759865,4,IN-RANGE,RandomForestClassifier,descriptors,IN-RANGE,0.37250094821223884,0.4080314511884107,0.21946760059935058
14759899,4,IN-RANGE,RandomForestClassifier,descriptors,IN-RANGE,0.07023809523809524,0.5819900793650794,0.34777182539682544
14759909,4,IN-RANGE,RandomForestClassifier,descriptors,BELOW,0.5034875845565852,0.2881734800809241,0.20833893536249076
14759910,4,IN-RANGE,RandomForestClassifier,descriptors,BELOW,0.6566611592083044,0.28032147944173663,0.06301736134995926
14759912,4,IN-RANGE,RandomForestClassifier,descriptors,BELOW,0.5285724296155433,0.3723332590573507,0.09909431132710589
14759914,4,IN-RANGE,RandomForestClassifier,descriptors,IN-RANGE,0.32568069430279745,0.3797493811610871,0.29456992453611547
14759921,4,IN-RANGE,RandomForestClassifier,descriptors,BELOW,0.4754886804656209,0.45893186386153606,0.06557945567284318
14759932,4,IN-RANGE,RandomForestClassifier,descriptors,BELOW,0.5601574309930304,0.36228606119811674,0.077556507808853
14759938,4,IN-RANGE,RandomForestClassifier,descriptors,IN-RANGE,0.02783835920560194,0.8736234037899626,0.09853823700443544
14759950,4,IN-RANGE,RandomForestClassifier,descriptors,ABOVE,0.2954289399875678,0.31065064734745573,0.3939204126649764
14759956,4,IN-RANGE,RandomForestClassifier,descriptors,BELOW,0.6330005645024431,0.32928415459631083,0.03771528090124612
14759957,4,IN-RANGE,RandomForestClassifier,descriptors,ABOVE,0.24010783499560023,0.3504851782723191,0.40940698673208054
14759967,4,IN-RANGE,RandomForestClassifier,descriptors,BELOW,0.5574826384068383,0.34292765871815517,0.09958970287500638
14759974,4,IN-RANGE,RandomForestClassifier,descriptors,IN-RANGE,0.08938398954308752,0.7667618156388663,0.14385419481804637
14759976,4,IN-RANGE,RandomForestClassifier,descriptors,IN-RANGE,0.18177194883870768,0.6021736046581853,0.216054446503107
14759984,4,IN-RANGE,RandomForestClassifier,descriptors,IN-RANGE,0.025160414388623837,0.5446105603651884,0.43022902524618767
14759998,4,IN-RANGE,RandomForestClassifier,descriptors,IN-RANGE,0.16131296112718987,0.5234155179035446,0.31527152096926575
14760035,4,IN-RANGE,RandomForestClassifier,descriptors,IN-RANGE,0.32058434874155833,0.39493581039250203,0.2844798408659395
14761138,4,IN-RANGE,RandomForestClassifier,descriptors,BELOW,0.5253523600421144,0.3929792827160504,0.08166835724183504
14761140,4,IN-RANGE,RandomForestClassifier,descriptors,IN-RANGE,0.042320151922688766,0.7789243280243907,0.17875552005292053
14761168,4,IN-RANGE,RandomForestClassifier,descriptors,IN-RANGE,0.37730632041508266,0.4871165052246775,0.13557717436023986
14761174,4,IN-RANGE,RandomForestClassifier,descriptors,BELOW,0.4848720223862351,0.38138138473133476,0.13374659288243015
14761182,4,IN-RANGE,RandomForestClassifier,descriptors,IN-RANGE,0.30948710721868905,0.5925350987589582,0.09797779402235289
14761183,4,IN-RANGE,RandomForestClassifier,descriptors,IN-RANGE,0.3062207574714797,0.563660056657321,0.13011918587119933
14761229,4,IN-RANGE,RandomForestClassifier,descriptors,IN-RANGE,0.1710140716057925,0.7375618116847059,0.09142411670950178
14761232,4,IN-RANGE,RandomForestClassifier,descriptors,IN-RANGE,0.2015971567249743,0.5282063495054096,0.2701964937696162
14761235,4,IN-RANGE,RandomForestClassifier,descriptors,IN-RANGE,0.296507215007215,0.6286376262626262,0.07485515873015873
14761244,4,IN-RANGE,RandomForestClassifier,descriptors,BELOW,0.5633264546880938,0.33868275015728266,0.09799079515462344
14761252,4,IN-RANGE,RandomForestClassifier,descriptors,BELOW,0.5106264863806519,0.3137601239968817,0.17561338962246634
14761274,4,IN-RANGE,RandomForestClassifier,descriptors,BELOW,0.5895145291826428,0.32762492572401725,0.08286054509333965
14761275,4,IN-RANGE,RandomForestClassifier,descriptors,IN-RANGE,0.058665067935497944,0.9026885454507848,0.038646386613717214
14761276,4,IN-RANGE,RandomForestClassifier,descriptors,BELOW,0.4319612047176984,0.3792461362293266,0.18879265905297513
14761282,4,IN-RANGE,RandomForestClassifier,descriptors,IN-RANGE,0.1698281125305209,0.7257727577189494,0.10439912975052973
14761286,4,IN-RANGE,RandomForestClassifier,descriptors,IN-RANGE,0.25935266649160327,0.4232656871121482,0.31738164639624844
14761299,4,IN-RANGE,RandomForestClassifier,descriptors,ABOVE,0.25949189358625313,0.33441836556164545,0.4060897408521013
14761317,4,IN-RANGE,RandomForestClassifier,descriptors,IN-RANGE,0.38108460676046846,0.5762608862562766,0.0426545069832551
14761322,4,IN-RANGE,RandomForestClassifier,descriptors,IN-RANGE,0.04136777097030782,0.7861042222042849,0.1725280068254073
14761343,4,IN-RANGE,RandomForestClassifier,descriptors,IN-RANGE,0.2650947590964372,0.6865663077365312,0.04833893316703171
14761348,4,IN-RANGE,RandomForestClassifier,descriptors,BELOW,0.5838307824285722,0.3546841072549406,0.061485110316487096
14761349,4,IN-RANGE,RandomForestClassifier,descriptors,IN-RANGE,0.3198022728465458,0.3635378702750478,0.3166598568784062
14761365,4,IN-RANGE,RandomForestClassifier,descriptors,BELOW,0.5722449424086595,0.40704257335426614,0.020712484237074405
14761372,4,IN-RANGE,RandomForestClassifier,descriptors,IN-RANGE,0.21434660025964372,0.6116988621282099,0.17395453761214633
14762238,4,IN-RANGE,RandomForestClassifier,descriptors,IN-RANGE,0.3470902554046046,0.6254123514124177,0.02749739318297782
14762241,4,IN-RANGE,RandomForestClassifier,descriptors,ABOVE,0.25949189358625313,0.33441836556164545,0.4060897408521013
14762244,4,IN-RANGE,RandomForestClassifier,descriptors,BELOW,0.508994171356195,0.374784590938528,0.11622123770527701
14762264,4,IN-RANGE,RandomForestClassifier,descriptors,ABOVE,0.17617141709626596,0.3809476354047617,0.4428809474989724
14762275,4,IN-RANGE,RandomForestClassifier,descriptors,BELOW,0.573746333308073,0.4105411824548525,0.0157124842370744
14762302,4,IN-RANGE,RandomForestClassifier,descriptors,BELOW,0.5211922207539605,0.478095295008965,0.0007124842370744011
14762306,4,IN-RANGE,RandomForestClassifier,descriptors,IN-RANGE,0.3300840308958144,0.5200558822464617,0.1498600868577236
14762307,4,IN-RANGE,RandomForestClassifier,descriptors,IN-RANGE,0.3572422046552481,0.5305016704310183,0.11225612491373362
14762345,4,IN-RANGE,RandomForestClassifier,descriptors,IN-RANGE,0.4203186928899633,0.4302013443391933,0.14947996277084338
14762353,4,IN-RANGE,RandomForestClassifier,descriptors,IN-RANGE,0.2543137382374554,0.6972239975411728,0.0484622642213718
14762362,4,IN-RANGE,RandomForestClassifier,descriptors,IN-RANGE,0.34030702668797325,0.6346659929824148,0.025026980329611908
14762364,4,IN-RANGE,RandomForestClassifier,descriptors,IN-RANGE,0.04136777097030782,0.854762837341161,0.10386939168853129
14762365,4,IN-RANGE,RandomForestClassifier,descriptors,BELOW,0.5209229918600703,0.3248058570634456,0.15427115107648415
14762371,4,IN-RANGE,RandomForestClassifier,descriptors,BELOW,0.4763079299545906,0.19759054651584873,0.32610152352956073
14762373,4,IN-RANGE,RandomForestClassifier,descriptors,IN-RANGE,0.05432015192268878,0.6929243280243906,0.2527555200529205
14762377,4,IN-RANGE,RandomForestClassifier,descriptors,ABOVE,0.11319401430298578,0.4381281758860519,0.44867780981096234
14762404,4,IN-RANGE,RandomForestClassifier,descriptors,IN-RANGE,0.43181290863607946,0.46457189174872104,0.10361519961519962
14762417,4,IN-RANGE,RandomForestClassifier,descriptors,IN-RANGE,0.45740323708749336,0.47586877820222284,0.0667279847102838
14762428,4,IN-RANGE,RandomForestClassifier,descriptors,IN-RANGE,0.0828278716504523,0.6704027137736815,0.2467694145758662
14762434,4,IN-RANGE,RandomForestClassifier,descriptors,IN-RANGE,0.27084117305458766,0.49814764300264947,0.23101118394276288
14762451,4,IN-RANGE,RandomForestClassifier,descriptors,IN-RANGE,0.05952941176470589,0.5134850979038958,0.4269854903313982
14762453,4,IN-RANGE,RandomForestClassifier,descriptors,IN-RANGE,0.1963360767153316,0.7089779739038709,0.09468594938079786
14763246,4,IN-RANGE,RandomForestClassifier,descriptors,IN-RANGE,0.34994550819550824,0.5512024082155661,0.0988520835889257
14763251,4,IN-RANGE,RandomForestClassifier,descriptors,IN-RANGE,0.13706498561282443,0.6038826718122544,0.2590523425749213
14763265,4,IN-RANGE,RandomForestClassifier,descriptors,IN-RANGE,0.12293130453580185,0.8119366746179137,0.06513202084628429
14763266,4,IN-RANGE,RandomForestClassifier,descriptors,IN-RANGE,0.37250094821223884,0.4080314511884107,0.21946760059935058
14763273,4,IN-RANGE,RandomForestClassifier,descriptors,BELOW,0.47814140816184086,0.3202241989179979,0.20163439292016114
14763274,4,IN-RANGE,RandomForestClassifier,descriptors,IN-RANGE,0.29533115891365347,0.6406929509107243,0.06397589017562215
14763288,4,IN-RANGE,RandomForestClassifier,descriptors,IN-RANGE,0.38896703523274495,0.5017552369905007,0.10927772777675442
14763311,4,IN-RANGE,RandomForestClassifier,descriptors,IN-RANGE,0.18110868717652778,0.5862272669823869,0.23266404584108538
14763325,4,IN-RANGE,RandomForestClassifier,descriptors,IN-RANGE,0.4704766782661977,0.517850892579074,0.011672429154728253
14763330,4,IN-RANGE,RandomForestClassifier,descriptors,IN-RANGE,0.23801097714505368,0.499520784702721,0.2624682381522254
14763360,4,IN-RANGE,RandomForestClassifier,descriptors,IN-RANGE,0.23723229130206713,0.6246884401723656,0.13807926852556732
14763361,4,IN-RANGE,RandomForestClassifier,descriptors,IN-RANGE,0.1903296124927704,0.6829245453377034,0.1267458421695264
14763368,4,IN-RANGE,RandomForestClassifier,descriptors,BELOW,0.4160607386839162,0.38722100242342417,0.19671825889265976
14763370,4,IN-RANGE,RandomForestClassifier,descriptors,IN-RANGE,0.4410957381654783,0.46783188939022813,0.09107237244429348
14763398,4,IN-RANGE,RandomForestClassifier,descriptors,IN-RANGE,0.38717864455364454,0.5795935415935416,0.033227813852813856
14763400,4,IN-RANGE,RandomForestClassifier,descriptors,IN-RANGE,0.3365339243163293,0.5725453984186977,0.09092067726497315
14763419,4,IN-RANGE,RandomForestClassifier,descriptors,IN-RANGE,0.45235491506544145,0.4988487886382623,0.048796296296296296
14763441,4,IN-RANGE,RandomForestClassifier,descriptors,IN-RANGE,0.2661843893445389,0.5995809756012942,0.13423463505416675
14763442,4,IN-RANGE,RandomForestClassifier,descriptors,IN-RANGE,0.15570278206406857,0.7476433282355675,0.09665388970036405
14763443,4,IN-RANGE,RandomForestClassifier,descriptors,BELOW,0.5106264863806519,0.3137601239968817,0.17561338962246634
14763454,4,IN-RANGE,RandomForestClassifier,descriptors,IN-RANGE,0.3164102204541472,0.5893552786410734,0.09423450090477932
14763462,4,IN-RANGE,RandomForestClassifier,descriptors,IN-RANGE,0.38588403564348156,0.42346574579860563,0.19065021855791273
14763474,4,IN-RANGE,RandomForestClassifier,descriptors,IN-RANGE,0.04596474328422254,0.8575690953255711,0.09646616139020639
14763484,4,IN-RANGE,RandomForestClassifier,descriptors,IN-RANGE,0.21730278306241338,0.5202943052970121,0.26240291164057433
14764280,4,IN-RANGE,RandomForestClassifier,descriptors,IN-RANGE,0.1043030303030303,0.7156753246753247,0.180021645021645
14764281,4,IN-RANGE,RandomForestClassifier,descriptors,IN-RANGE,0.1344750932627681,0.7588759566910491,0.10664895004618295
14764299,4,IN-RANGE,RandomForestClassifier,descriptors,IN-RANGE,0.2836608662463181,0.5930526502655881,0.12328648348809375
14764342,4,IN-RANGE,RandomForestClassifier,descriptors,ABOVE,0.23098377968500447,0.37412472837658756,0.39489149193840795
14764343,4,IN-RANGE,RandomForestClassifier,descriptors,BELOW,0.6113737060041408,0.34758925695882226,0.04103703703703704
14764362,4,IN-RANGE,RandomForestClassifier,descriptors,IN-RANGE,0.09993116707141098,0.4527605673459332,0.44730826558265585
14764381,4,IN-RANGE,RandomForestClassifier,descriptors,ABOVE,0.3600149568254592,0.2579354249130371,0.38204961826150374
14764396,4,IN-RANGE,RandomForestClassifier,descriptors,IN-RANGE,0.23222272229430987,0.6634702217374158,0.1043070559682742
14764416,4,IN-RANGE,RandomForestClassifier,descriptors,BELOW,0.5345708703434578,0.34987357410098663,0.11555555555555555
14764453,4,IN-RANGE,RandomForestClassifier,descriptors,IN-RANGE,0.03266193207767993,0.9309946801857434,0.03634338773657659
14764458,4,IN-RANGE,RandomForestClassifier,descriptors,IN-RANGE,0.15522173214663976,0.609498767064276,0.23527950078908447
14764485,4,IN-RANGE,RandomForestClassifier,descriptors,IN-RANGE,0.15042925951072403,0.48842093639896844,0.3611498040903075
14764500,4,IN-RANGE,RandomForestClassifier,descriptors,IN-RANGE,0.34128181818181813,0.5177333333333334,0.1409848484848485
14764521,4,IN-RANGE,RandomForestClassifier,descriptors,IN-RANGE,0.2161968641252715,0.5318261763487802,0.2519769595259483
14764525,4,IN-RANGE,RandomForestClassifier,descriptors,IN-RANGE,0.3068704097834532,0.5713179097472575,0.12181168046928915
14764529,4,IN-RANGE,RandomForestClassifier,descriptors,IN-RANGE,0.32958950994618164,0.5373784391267225,0.13303205092709589
14764531,4,IN-RANGE,RandomForestClassifier,descriptors,IN-RANGE,0.1563371129505582,0.46759941997363086,0.37606346707581095
14764537,4,IN-RANGE,RandomForestClassifier,descriptors,ABOVE,0.0990639668516736,0.439497927533566,0.4614381056147605
14765332,4,IN-RANGE,RandomForestClassifier,descriptors,IN-RANGE,0.30567854186977195,0.5099044219161558,0.18441703621407232
14765341,4,IN-RANGE,RandomForestClassifier,descriptors,IN-RANGE,0.1710140716057925,0.7375618116847059,0.09142411670950178
14765344,4,IN-RANGE,RandomForestClassifier,descriptors,BELOW,0.38470462837780395,0.3420714200827175,0.2732239515394784
14765352,4,IN-RANGE,RandomForestClassifier,descriptors,IN-RANGE,0.2914217792011784,0.3883209708393842,0.3202572499594375
14765354,4,IN-RANGE,RandomForestClassifier,descriptors,IN-RANGE,0.03774709790540732,0.7950791398924317,0.16717376220216087
14765358,4,IN-RANGE,RandomForestClassifier,descriptors,ABOVE,0.21638055228862485,0.26209028277605684,0.5215291649353183
14765368,4,IN-RANGE,RandomForestClassifier,descriptors,IN-RANGE,0.19753054511278198,0.7219969515133989,0.08047250337381916
14765370,4,IN-RANGE,RandomForestClassifier,descriptors,IN-RANGE,0.13040129085010527,0.5071350005260761,0.3624637086238188
14765371,4,IN-RANGE,RandomForestClassifier,descriptors,ABOVE,0.2353110600902653,0.29134656753348603,0.4733423723762486
14765413,4,IN-RANGE,RandomForestClassifier,descriptors,ABOVE,0.18378956887202644,0.3411586421648184,0.47505178896315514
14765441,4,IN-RANGE,RandomForestClassifier,descriptors,IN-RANGE,0.2484779093437936,0.4782044367698216,0.2733176538863849
14765451,4,IN-RANGE,RandomForestClassifier,descriptors,IN-RANGE,0.11877119631751772,0.5977710377761872,0.2834577659062952
14765454,4,IN-RANGE,RandomForestClassifier,descriptors,ABOVE,0.15655993294254164,0.27546454218193345,0.5679755248755248
14765473,4,IN-RANGE,RandomForestClassifier,descriptors,IN-RANGE,0.2359973406810374,0.4861100591622732,0.2778926001566892
14765481,4,IN-RANGE,RandomForestClassifier,descriptors,IN-RANGE,0.20395562871511014,0.5925266778199442,0.20351769346494578
14765482,4,IN-RANGE,RandomForestClassifier,descriptors,IN-RANGE,0.22116399007703358,0.6853565366608845,0.09347947326208196
14765495,4,IN-RANGE,RandomForestClassifier,descriptors,ABOVE,0.10839845130637554,0.2334118190291863,0.6581897296644382
14765505,4,IN-RANGE,RandomForestClassifier,descriptors,IN-RANGE,0.32612796984010345,0.5017448097946392,0.17212722036525752
14765514,4,IN-RANGE,RandomForestClassifier,descriptors,IN-RANGE,0.2500684147911337,0.5118131142528671,0.23811847095599933
14765523,4,IN-RANGE,RandomForestClassifier,descriptors,IN-RANGE,0.4095170927455735,0.4688136407457457,0.12166926650868091
14765531,4,IN-RANGE,RandomForestClassifier,descriptors,IN-RANGE,0.2212729348351272,0.680853692401642,0.09787337276323077
14765535,4,IN-RANGE,RandomForestClassifier,descriptors,IN-RANGE,0.22473356053055304,0.47297431399687034,0.3022921254725766
14765542,4,IN-RANGE,RandomForestClassifier,descriptors,IN-RANGE,0.25816692387048656,0.5173716617121811,0.2244614144173325
14765547,4,IN-RANGE,RandomForestClassifier,descriptors,IN-RANGE,0.33502705773758407,0.5585840533735271,0.10638888888888888
14766491,4,ABOVE,RandomForestClassifier,descriptors,BELOW,0.5387182571432758,0.27999172316647764,0.18129001969024633
14766496,4,ABOVE,RandomForestClassifier,descriptors,IN-RANGE,0.3248170947387666,0.6167667436450717,0.058416161616161616
14766501,4,ABOVE,RandomForestClassifier,descriptors,IN-RANGE,0.19438900382914479,0.6168154798039901,0.18879551636686515
14766506,4,ABOVE,RandomForestClassifier,descriptors,ABOVE,0.2851893141128823,0.14871844578313112,0.5660922401039867
14766507,4,ABOVE,RandomForestClassifier,descriptors,IN-RANGE,0.11420632802172699,0.4563512081795058,0.4294424637987672
14766509,4,ABOVE,RandomForestClassifier,descriptors,IN-RANGE,0.19801104430580618,0.585501595698481,0.21648735999571284
14766516,4,ABOVE,RandomForestClassifier,descriptors,BELOW,0.4781814532974829,0.4270164070429094,0.09480213965960757
14766519,4,ABOVE,RandomForestClassifier,descriptors,ABOVE,0.21917214436821836,0.3900951473114587,0.39073270832032286
14766523,4,ABOVE,RandomForestClassifier,descriptors,ABOVE,0.17422671192015432,0.3222257464183737,0.503547541661472
14766529,4,ABOVE,RandomForestClassifier,descriptors,IN-RANGE,0.21229875962061698,0.6069997552300564,0.18070148514932646
14766531,4,ABOVE,RandomForestClassifier,descriptors,BELOW,0.5778417435338095,0.2724794174039556,0.1496788390622346
14766532,4,ABOVE,RandomForestClassifier,descriptors,IN-RANGE,0.18301807909539364,0.6187836504244625,0.1981982704801437
14766534,4,ABOVE,RandomForestClassifier,descriptors,IN-RANGE,0.06619402985074627,0.7852172174840085,0.1485887526652452
14766538,4,ABOVE,RandomForestClassifier,descriptors,IN-RANGE,0.33345989904638174,0.45301985758973984,0.21352024336387845
14766560,4,ABOVE,RandomForestClassifier,descriptors,IN-RANGE,0.203944902666101,0.6493726117839796,0.14668248554991933
14766561,4,ABOVE,RandomForestClassifier,descriptors,IN-RANGE,0.203944902666101,0.6493726117839796,0.14668248554991933
14769819,4,BELOW,RandomForestClassifier,descriptors,BELOW,0.5411843787684802,0.27095927192557884,0.1878563493059408
14769821,4,BELOW,RandomForestClassifier,descriptors,IN-RANGE,0.14015949620313592,0.7039432813359877,0.15589722246087662
14769829,4,BELOW,RandomForestClassifier,descriptors,BELOW,0.6395307728669797,0.3515677119815051,0.008901515151515152
14769831,4,BELOW,RandomForestClassifier,descriptors,IN-RANGE,0.3066944851143849,0.6071384547589804,0.08616706012663458
14769839,4,BELOW,RandomForestClassifier,descriptors,IN-RANGE,0.3954351324813333,0.48933215798717333,0.11523270953149325
14769845,4,BELOW,RandomForestClassifier,descriptors,IN-RANGE,0.44071088162718147,0.5195896058630594,0.03969951250975917
14769857,4,BELOW,RandomForestClassifier,descriptors,BELOW,0.4567096776303409,0.38854514689969627,0.1547451754699629
14769867,4,BELOW,RandomForestClassifier,descriptors,IN-RANGE,0.1175952380952381,0.7793392857142857,0.10306547619047618
14769870,4,BELOW,RandomForestClassifier,descriptors,IN-RANGE,0.2857207372943736,0.6044131363022293,0.10986612640339702
14769872,4,BELOW,RandomForestClassifier,descriptors,IN-RANGE,0.366113544693477,0.5228403331964813,0.11104612211004175
14769881,4,BELOW,RandomForestClassifier,descriptors,IN-RANGE,0.41650465945047377,0.4517338376980859,0.13176150285144014
14769886,4,BELOW,RandomForestClassifier,descriptors,IN-RANGE,0.38029677613566976,0.4969247953352719,0.12277842852905815
14769889,4,BELOW,RandomForestClassifier,descriptors,BELOW,0.5673212627932118,0.29261499586418444,0.14006374134260383
14758725,4,BELOW,LogisticRegression,Morgan,BELOW,0.6016476424305884,0.2615409125015762,0.13681144506783535
14758736,4,BELOW,LogisticRegression,Morgan,IN-RANGE,0.434873073020616,0.46206603841920824,0.10306088856017563
14758740,4,BELOW,LogisticRegression,Morgan,IN-RANGE,0.3646698785265161,0.5758891809539801,0.059440940519503854
14758742,4,BELOW,LogisticRegression,Morgan,BELOW,0.7273214742601732,0.26513376268820954,0.007544763051617199
14758745,4,BELOW,LogisticRegression,Morgan,IN-RANGE,0.16648186497141945,0.7783156842604605,0.0552024507681201
14758751,4,BELOW,LogisticRegression,Morgan,BELOW,0.7535389721047374,0.21342390687499496,0.033037121020267575
14758759,4,BELOW,LogisticRegression,Morgan,BELOW,0.6305377979866125,0.26307258265420175,0.10638961935918584
14758764,4,BELOW,LogisticRegression,Morgan,BELOW,0.5834055814051804,0.3997427259231808,0.01685169267163892
14758765,4,BELOW,LogisticRegression,Morgan,BELOW,0.9209795046588056,0.06551893568495988,0.013501559656234598
14758766,4,BELOW,LogisticRegression,Morgan,IN-RANGE,0.4766701481832525,0.5073850452903662,0.015944806526381364
14758768,4,BELOW,LogisticRegression,Morgan,BELOW,0.7408390591350179,0.24268329428194388,0.016477646583038134
14758774,4,BELOW,LogisticRegression,Morgan,IN-RANGE,0.398509054816525,0.5887467772506647,0.012744167932810345
14758778,4,BELOW,LogisticRegression,Morgan,BELOW,0.551044876487498,0.34824532418078924,0.10070979933171283
14758784,4,BELOW,LogisticRegression,Morgan,BELOW,0.6437694108790888,0.35000779035184937,0.0062227987690618896
14758785,4,BELOW,LogisticRegression,Morgan,BELOW,0.5107129874669355,0.36325113822048577,0.12603587431257865
14758792,4,BELOW,LogisticRegression,Morgan,BELOW,0.658361820800092,0.23751319436034357,0.10412498483956456
14758799,4,BELOW,LogisticRegression,Morgan,IN-RANGE,0.3324028919186595,0.38393599305096787,0.2836611150303725
14758802,4,BELOW,LogisticRegression,Morgan,IN-RANGE,0.3934237995387712,0.5884402012398743,0.018135999221354473
14758805,4,BELOW,LogisticRegression,Morgan,IN-RANGE,0.23091292823555937,0.5726871096809926,0.196399962083448
14758808,4,BELOW,LogisticRegression,Morgan,IN-RANGE,0.2848158217533075,0.6256181080318416,0.08956607021485094
14758810,4,BELOW,LogisticRegression,Morgan,IN-RANGE,0.2772868785343682,0.563238753571267,0.1594743678943648
14758811,4,BELOW,LogisticRegression,Morgan,IN-RANGE,0.29206330130610986,0.6241499774353105,0.0837867212585796
14758815,4,BELOW,LogisticRegression,Morgan,IN-RANGE,0.32414750555769023,0.6270461050666142,0.048806389375695626
14758817,4,BELOW,LogisticRegression,Morgan,IN-RANGE,0.2244020487348386,0.6488181731112922,0.12677977815386923
14758822,4,BELOW,LogisticRegression,Morgan,BELOW,0.6347627149445809,0.34890548806496674,0.016331796990452244
14758824,4,BELOW,LogisticRegression,Morgan,BELOW,0.9257097546744449,0.056635454795642005,0.01765479052991307
14758833,4,BELOW,LogisticRegression,Morgan,BELOW,0.9247429323869627,0.058091953265643266,0.01716511434739411
14758836,4,BELOW,LogisticRegression,Morgan,IN-RANGE,0.22495452685023568,0.7617897835446569,0.01325568960510751
14758842,4,BELOW,LogisticRegression,Morgan,BELOW,0.7074692018691175,0.27704698851997,0.015483809610912443
14758855,4,BELOW,LogisticRegression,Morgan,BELOW,0.9141120106232246,0.07380674829003174,0.012081241086743608
14758860,4,BELOW,LogisticRegression,Morgan,BELOW,0.6000660920218729,0.38885047127137407,0.011083436706752929
14758866,4,BELOW,LogisticRegression,Morgan,IN-RANGE,0.3117598597365916,0.5343723764229551,0.15386776384045336
14758867,4,BELOW,LogisticRegression,Morgan,BELOW,0.8361625399643197,0.15796608881227805,0.0058713712234023325
14758873,4,BELOW,LogisticRegression,Morgan,BELOW,0.6605374302946514,0.3340484033034642,0.005414166401884486
14758896,4,BELOW,LogisticRegression,Morgan,IN-RANGE,0.28411314545836164,0.5637282489700693,0.152158605571569
14758903,4,BELOW,LogisticRegression,Morgan,IN-RANGE,0.3591708281028661,0.6291137920677538,0.011715379829380016
14758909,4,BELOW,LogisticRegression,Morgan,IN-RANGE,0.27815054410375406,0.6761224425109272,0.04572701338531884
14758910,4,BELOW,LogisticRegression,Morgan,BELOW,0.5612636961072323,0.4313732143336097,0.007363089559157925
14758911,4,BELOW,LogisticRegression,Morgan,IN-RANGE,0.44986557007344985,0.48431591414478775,0.06581851578176241
14758914,4,BELOW,LogisticRegression,Morgan,BELOW,0.5870918808407922,0.3285026749781555,0.08440544418105214
14758916,4,BELOW,LogisticRegression,Morgan,BELOW,0.5691232753456463,0.41843532363146185,0.012441401022891804
14758917,4,BELOW,LogisticRegression,Morgan,IN-RANGE,0.41290273769528163,0.4291717336789061,0.15792552862581233
14758974,4,IN-RANGE,LogisticRegression,Morgan,BELOW,0.6992593693614659,0.24254680307938298,0.05819382755915105
14758975,4,IN-RANGE,LogisticRegression,Morgan,BELOW,0.45970023728336246,0.25628001094007635,0.2840197517765612
14758977,4,IN-RANGE,LogisticRegression,Morgan,BELOW,0.4764784287742853,0.32548464829049567,0.19803692293521902
14758981,4,IN-RANGE,LogisticRegression,Morgan,BELOW,0.706741355660768,0.24427535444775053,0.0489832898914814
14758982,4,IN-RANGE,LogisticRegression,Morgan,IN-RANGE,0.2649105177355802,0.5458689322510516,0.1892205500133681
14758985,4,IN-RANGE,LogisticRegression,Morgan,IN-RANGE,0.2778067818463831,0.6762545643068405,0.04593865384677646
14758998,4,IN-RANGE,LogisticRegression,Morgan,ABOVE,0.1944732321155428,0.3813937408014176,0.4241330270830397
14759778,4,IN-RANGE,LogisticRegression,Morgan,BELOW,0.47851702273065405,0.44603443662455133,0.07544854064479461
14759783,4,IN-RANGE,LogisticRegression,Morgan,BELOW,0.5858783692102765,0.34775107839454844,0.06637055239517504
14759805,4,IN-RANGE,LogisticRegression,Morgan,BELOW,0.9119273794281088,0.059433492447566,0.028639128124325317
14759807,4,IN-RANGE,LogisticRegression,Morgan,BELOW,0.5237501815492003,0.3258572506815292,0.1503925677692705
14759814,4,IN-RANGE,LogisticRegression,Morgan,BELOW,0.8226073702999512,0.175345402557303,0.0020472271427455957
14759815,4,IN-RANGE,LogisticRegression,Morgan,BELOW,0.5758583317526362,0.3810965752514073,0.043045092995956456
14759820,4,IN-RANGE,LogisticRegression,Morgan,IN-RANGE,0.3868886402290242,0.43879812029958964,0.17431323947138613
14759822,4,IN-RANGE,LogisticRegression,Morgan,BELOW,0.6524582428691026,0.2208735847563856,0.1266681723745118
14759855,4,IN-RANGE,LogisticRegression,Morgan,BELOW,0.4913934561161582,0.314855204689924,0.1937513391939179
14759865,4,IN-RANGE,LogisticRegression,Morgan,BELOW,0.4966483422214431,0.32792553128153973,0.17542612649701705
14759899,4,IN-RANGE,LogisticRegression,Morgan,IN-RANGE,0.3181116938269966,0.6192119777327729,0.06267632844023033
14759909,4,IN-RANGE,LogisticRegression,Morgan,BELOW,0.6548657180749091,0.33624476144134535,0.008889520483745531
14759910,4,IN-RANGE,LogisticRegression,Morgan,BELOW,0.891567970109114,0.09825172392291898,0.010180305967967021
14759912,4,IN-RANGE,LogisticRegression,Morgan,BELOW,0.6551798560944793,0.33968593068569264,0.005134213219827931
14759914,4,IN-RANGE,LogisticRegression,Morgan,IN-RANGE,0.2920248260994245,0.6382303868560605,0.06974478704451503
14759921,4,IN-RANGE,LogisticRegression,Morgan,BELOW,0.817030445393445,0.15648931055056547,0.026480244055989484
14759932,4,IN-RANGE,LogisticRegression,Morgan,BELOW,0.43616680409262015,0.3564892586457806,0.2073439372615993
14759938,4,IN-RANGE,LogisticRegression,Morgan,IN-RANGE,0.3880890899418997,0.569316677863389,0.042594232194711264
14759950,4,IN-RANGE,LogisticRegression,Morgan,IN-RANGE,0.1994024691055577,0.6315564132015898,0.1690411176928525
14759956,4,IN-RANGE,LogisticRegression,Morgan,IN-RANGE,0.38646405234146497,0.5355358226695647,0.0780001249889704
14759957,4,IN-RANGE,LogisticRegression,Morgan,IN-RANGE,0.20538589972692606,0.5493580268210845,0.2452560734519895
14759967,4,IN-RANGE,LogisticRegression,Morgan,BELOW,0.5609368361928091,0.35030217940402414,0.0887609844031668
14759974,4,IN-RANGE,LogisticRegression,Morgan,IN-RANGE,0.05542704116540024,0.7730940323204345,0.17147892651416521
14759976,4,IN-RANGE,LogisticRegression,Morgan,IN-RANGE,0.32750942716371917,0.4596879649762681,0.2128026078600128
14759984,4,IN-RANGE,LogisticRegression,Morgan,IN-RANGE,0.0874846456115673,0.7577209570016327,0.15479439738680012
14759998,4,IN-RANGE,LogisticRegression,Morgan,BELOW,0.7046868846042176,0.19392061571445648,0.10139249968132591
14760035,4,IN-RANGE,LogisticRegression,Morgan,BELOW,0.90565819733092,0.08447334731864346,0.009868455350436518
14761138,4,IN-RANGE,LogisticRegression,Morgan,BELOW,0.8429274395685916,0.14041647351454206,0.016656086916866375
14761140,4,IN-RANGE,LogisticRegression,Morgan,IN-RANGE,0.4011214041371913,0.4991196943846767,0.0997589014781321
14761168,4,IN-RANGE,LogisticRegression,Morgan,BELOW,0.3825175927955958,0.38030403491363013,0.23717837229077415
14761174,4,IN-RANGE,LogisticRegression,Morgan,BELOW,0.6126093968314915,0.367489733129465,0.019900870039043495
14761182,4,IN-RANGE,LogisticRegression,Morgan,IN-RANGE,0.2954258755981319,0.5920912786079136,0.11248284579395453
14761183,4,IN-RANGE,LogisticRegression,Morgan,IN-RANGE,0.23146001562760327,0.7205192699107361,0.04802071446166069
14761229,4,IN-RANGE,LogisticRegression,Morgan,IN-RANGE,0.044310484345046926,0.9390906104594554,0.01659890519549755
14761232,4,IN-RANGE,LogisticRegression,Morgan,BELOW,0.5003583854107467,0.4694509625360164,0.030190652053236882
14761235,4,IN-RANGE,LogisticRegression,Morgan,IN-RANGE,0.3396039574753491,0.4721574845043518,0.18823855802029912
14761244,4,IN-RANGE,LogisticRegression,Morgan,BELOW,0.5969196249197307,0.3047027821492607,0.09837759293100859
14761252,4,IN-RANGE,LogisticRegression,Morgan,BELOW,0.704870360562211,0.289042363485514,0.006087275952274943
14761274,4,IN-RANGE,LogisticRegression,Morgan,BELOW,0.8259773943949494,0.17127386958544746,0.0027487360196030413
14761275,4,IN-RANGE,LogisticRegression,Morgan,IN-RANGE,0.042069580348539554,0.9558236381217643,0.002106781529696165
14761276,4,IN-RANGE,LogisticRegression,Morgan,IN-RANGE,0.24752134914791793,0.6909114503677853,0.061567200484296834
14761282,4,IN-RANGE,LogisticRegression,Morgan,IN-RANGE,0.0567169337290259,0.7643660718193762,0.17891699445159792
14761286,4,IN-RANGE,LogisticRegression,Morgan,IN-RANGE,0.06876699143730416,0.7968993927169303,0.13433361584576553
14761299,4,IN-RANGE,LogisticRegression,Morgan,IN-RANGE,0.3383211611616504,0.5273525746452044,0.13432626419314525
14761317,4,IN-RANGE,LogisticRegression,Morgan,BELOW,0.47882082589734837,0.4130595341931737,0.10811963990947789
14761322,4,IN-RANGE,LogisticRegression,Morgan,IN-RANGE,0.24789965433468647,0.7113119689294918,0.040788376735821676
14761343,4,IN-RANGE,LogisticRegression,Morgan,IN-RANGE,0.26537681694650744,0.6910923366634114,0.043530846390081146
14761348,4,IN-RANGE,LogisticRegression,Morgan,IN-RANGE,0.24336208701004286,0.45826046493664674,0.29837744805331046
14761349,4,IN-RANGE,LogisticRegression,Morgan,IN-RANGE,0.1606385257553764,0.6697483644944473,0.16961310975017635
14761365,4,IN-RANGE,LogisticRegression,Morgan,IN-RANGE,0.20174631269142684,0.4405677903268961,0.3576858969816771
14761372,4,IN-RANGE,LogisticRegression,Morgan,IN-RANGE,0.22343617553848838,0.648983346968109,0.12758047749340268
14762238,4,IN-RANGE,LogisticRegression,Morgan,IN-RANGE,0.18762974140238814,0.7927313765743338,0.019638882023278164
14762241,4,IN-RANGE,LogisticRegression,Morgan,IN-RANGE,0.3651376457667955,0.47052595625402016,0.16433639797918437
14762244,4,IN-RANGE,LogisticRegression,Morgan,IN-RANGE,0.3816316877402017,0.6035569290813665,0.014811383178431862
14762264,4,IN-RANGE,LogisticRegression,Morgan,IN-RANGE,0.08877638847160421,0.8304448597273566,0.08077875180103918
14762275,4,IN-RANGE,LogisticRegression,Morgan,BELOW,0.6130227552545491,0.3741359815162095,0.012841263229241421
14762302,4,IN-RANGE,LogisticRegression,Morgan,BELOW,0.4796757209662031,0.4674126679023337,0.0529116111314633
14762306,4,IN-RANGE,LogisticRegression,Morgan,IN-RANGE,0.41167929267009473,0.533094639128964,0.05522606820094122
14762307,4,IN-RANGE,LogisticRegression,Morgan,IN-RANGE,0.27123143937777916,0.5622052699043695,0.16656329071785134
14762345,4,IN-RANGE,LogisticRegression,Morgan,IN-RANGE,0.10397388955875823,0.8478338239742798,0.04819228646696209
14762353,4,IN-RANGE,LogisticRegression,Morgan,IN-RANGE,0.0774678544007105,0.8880825017082052,0.03444964389108415
14762362,4,IN-RANGE,LogisticRegression,Morgan,BELOW,0.5385300495927742,0.3262428913402944,0.13522705906693128
14762364,4,IN-RANGE,LogisticRegression,Morgan,IN-RANGE,0.3639419362700045,0.5327034596870046,0.10335460404299086
14762365,4,IN-RANGE,LogisticRegression,Morgan,BELOW,0.7713295659220446,0.1580824594748633,0.07058797460309216
14762371,4,IN-RANGE,LogisticRegression,Morgan,IN-RANGE,0.3117550142681369,0.5942820389257076,0.09396294680615536
14762373,4,IN-RANGE,LogisticRegression,Morgan,IN-RANGE,0.2649105177355802,0.5458689322510516,0.1892205500133681
14762377,4,IN-RANGE,LogisticRegression,Morgan,IN-RANGE,0.039212407026336306,0.6672098479421734,0.29357774503149026
14762404,4,IN-RANGE,LogisticRegression,Morgan,IN-RANGE,0.24995232395531372,0.722292072747295,0.02775560329739125
14762417,4,IN-RANGE,LogisticRegression,Morgan,ABOVE,0.3118758833817523,0.3194619535834121,0.3686621630348357
14762428,4,IN-RANGE,LogisticRegression,Morgan,IN-RANGE,0.3898377130107589,0.4090143114085588,0.20114797558068234
14762434,4,IN-RANGE,LogisticRegression,Morgan,IN-RANGE,0.3862478646649658,0.4789336708474494,0.13481846448758475
14762451,4,IN-RANGE,LogisticRegression,Morgan,IN-RANGE,0.2385613665446586,0.6073500216743881,0.15408861178095326
14762453,4,IN-RANGE,LogisticRegression,Morgan,IN-RANGE,0.2767872824576643,0.7217153414921356,0.0014973760502000736
14763246,4,IN-RANGE,LogisticRegression,Morgan,BELOW,0.6140167711937863,0.34410078215238993,0.041882446653823756
14763251,4,IN-RANGE,LogisticRegression,Morgan,ABOVE,0.205070247633235,0.3391432062620702,0.4557865461046949
14763265,4,IN-RANGE,LogisticRegression,Morgan,IN-RANGE,0.07827904921715917,0.8515113265585924,0.07020962422424837
14763266,4,IN-RANGE,LogisticRegression,Morgan,BELOW,0.5937932649887548,0.29882820564422125,0.10737852936702395
14763273,4,IN-RANGE,LogisticRegression,Morgan,IN-RANGE,0.36907588499800087,0.545703076872029,0.08522103812997021
14763274,4,IN-RANGE,LogisticRegression,Morgan,IN-RANGE,0.23665769133964665,0.7096424799557827,0.05369982870457059
14763288,4,IN-RANGE,LogisticRegression,Morgan,BELOW,0.7462343010133847,0.24226809104058822,0.011497607946027036
14763311,4,IN-RANGE,LogisticRegression,Morgan,BELOW,0.4861879967401119,0.42195457363494193,0.09185742962494624
14763325,4,IN-RANGE,LogisticRegression,Morgan,IN-RANGE,0.19051733789262146,0.7403292491970918,0.06915341291028683
14763330,4,IN-RANGE,LogisticRegression,Morgan,IN-RANGE,0.12322261772926367,0.587217226282062,0.28956015598867424
14763360,4,IN-RANGE,LogisticRegression,Morgan,IN-RANGE,0.08358857994538456,0.8720669950493284,0.044344425005286944
14763361,4,IN-RANGE,LogisticRegression,Morgan,ABOVE,0.022569443420883826,0.3365660169908467,0.6408645395882694
14763368,4,IN-RANGE,LogisticRegression,Morgan,BELOW,0.8243673587043925,0.14660906756190947,0.029023573733697922
14763370,4,IN-RANGE,LogisticRegression,Morgan,IN-RANGE,0.19308399652703612,0.4542043054809981,0.3527116979919658
14763398,4,IN-RANGE,LogisticRegression,Morgan,BELOW,0.7215953665653718,0.19910874129294565,0.07929589214168258
14763400,4,IN-RANGE,LogisticRegression,Morgan,BELOW,0.3804255130516538,0.3345246645945488,0.2850498223537974
14763419,4,IN-RANGE,LogisticRegression,Morgan,IN-RANGE,0.12259875704451509,0.8484798266108705,0.028921416344614488
14763441,4,IN-RANGE,LogisticRegression,Morgan,IN-RANGE,0.13038798204140742,0.5732042306578196,0.296407787300773
14763442,4,IN-RANGE,LogisticRegression,Morgan,IN-RANGE,0.2759073971134038,0.6345326698286055,0.08955993305799083
14763443,4,IN-RANGE,LogisticRegression,Morgan,BELOW,0.6356609209856114,0.3461907652991087,0.018148313715279946
14763454,4,IN-RANGE,LogisticRegression,Morgan,IN-RANGE,0.12338028719497772,0.8446933290514869,0.03192638375353534
14763462,4,IN-RANGE,LogisticRegression,Morgan,IN-RANGE,0.1676649209611775,0.7577446600259822,0.07459041901284028
14763474,4,IN-RANGE,LogisticRegression,Morgan,IN-RANGE,0.05274850652280471,0.7659649014471209,0.18128659203007436
14763484,4,IN-RANGE,LogisticRegression,Morgan,BELOW,0.5031071866606246,0.4682141936678004,0.028678619671574947
14764280,4,IN-RANGE,LogisticRegression,Morgan,IN-RANGE,0.017948311392147292,0.5822685742563087,0.399783114351544
14764281,4,IN-RANGE,LogisticRegression,Morgan,IN-RANGE,0.015621715933709653,0.9027432273245543,0.08163505674173605
14764299,4,IN-RANGE,LogisticRegression,Morgan,IN-RANGE,0.08774821637705621,0.7019750696200302,0.2102767140029137
14764342,4,IN-RANGE,LogisticRegression,Morgan,IN-RANGE,0.047121944328240975,0.7969728024923122,0.15590525317944692
14764343,4,IN-RANGE,LogisticRegression,Morgan,IN-RANGE,0.36355559393376363,0.4257758253576002,0.2106685807086362
14764362,4,IN-RANGE,LogisticRegression,Morgan,IN-RANGE,0.28215803795724465,0.634748971562268,0.0830929904804874
14764381,4,IN-RANGE,LogisticRegression,Morgan,ABOVE,0.3298753655317821,0.11181284335045612,0.5583117911177619
14764396,4,IN-RANGE,LogisticRegression,Morgan,IN-RANGE,0.05840098535385839,0.9046955163879005,0.03690349825824114
14764416,4,IN-RANGE,LogisticRegression,Morgan,BELOW,0.5602511472019615,0.37847882209786865,0.061270030700169814
14764453,4,IN-RANGE,LogisticRegression,Morgan,IN-RANGE,0.019253514966451866,0.8667470919452437,0.11399939308830465
14764458,4,IN-RANGE,LogisticRegression,Morgan,IN-RANGE,0.037909469924609564,0.9206074925534069,0.04148303752198361
14764485,4,IN-RANGE,LogisticRegression,Morgan,IN-RANGE,0.23073741783879573,0.617491882033659,0.15177070012754534
14764500,4,IN-RANGE,LogisticRegression,Morgan,IN-RANGE,0.02937591530037784,0.9459395063000382,0.02468457839958396
14764521,4,IN-RANGE,LogisticRegression,Morgan,IN-RANGE,0.051534381513950615,0.852226118723156,0.09623949976289334
14764525,4,IN-RANGE,LogisticRegression,Morgan,IN-RANGE,0.10812993189209641,0.5336790052657444,0.3581910628421592
14764529,4,IN-RANGE,LogisticRegression,Morgan,IN-RANGE,0.15476169599344394,0.6872785152264178,0.1579597887801383
14764531,4,IN-RANGE,LogisticRegression,Morgan,ABOVE,0.23016295528619737,0.29438361336998176,0.4754534313438209
14764537,4,IN-RANGE,LogisticRegression,Morgan,ABOVE,0.02835920781281615,0.024080402130907327,0.9475603900562765
14765332,4,IN-RANGE,LogisticRegression,Morgan,IN-RANGE,0.006327764478321966,0.9160549942658729,0.07761724125580499
14765341,4,IN-RANGE,LogisticRegression,Morgan,IN-RANGE,0.029611136591526956,0.9533670359429892,0.017021827465483988
14765344,4,IN-RANGE,LogisticRegression,Morgan,IN-RANGE,0.03788115642068608,0.8906012445246286,0.07151759905468534
14765352,4,IN-RANGE,LogisticRegression,Morgan,ABOVE,0.2092039745700533,0.3661454245688942,0.4246506008610525
14765354,4,IN-RANGE,LogisticRegression,Morgan,IN-RANGE,0.08847263128962293,0.8340654160668545,0.07746195264352249
14765358,4,IN-RANGE,LogisticRegression,Morgan,IN-RANGE,0.10135389568814468,0.7427771804324019,0.15586892387945323
14765368,4,IN-RANGE,LogisticRegression,Morgan,IN-RANGE,0.08968597741078514,0.8967026666706736,0.013611355918541351
14765370,4,IN-RANGE,LogisticRegression,Morgan,ABOVE,0.019699475896986538,0.044776531211829486,0.9355239928911839
14765371,4,IN-RANGE,LogisticRegression,Morgan,IN-RANGE,0.03734755965954888,0.9312742387283287,0.031378201612122396
14765413,4,IN-RANGE,LogisticRegression,Morgan,IN-RANGE,0.02789917982885706,0.9072107554133906,0.06489006475775232
14765441,4,IN-RANGE,LogisticRegression,Morgan,IN-RANGE,0.14140311173241255,0.704734232455206,0.15386265581238148
14765451,4,IN-RANGE,LogisticRegression,Morgan,IN-RANGE,0.14420800004680528,0.70234719210756,0.1534448078456347
14765454,4,IN-RANGE,LogisticRegression,Morgan,IN-RANGE,0.22821966121987766,0.4192094373920182,0.35257090138810415
14765473,4,IN-RANGE,LogisticRegression,Morgan,BELOW,0.5333536656668043,0.4199221446530852,0.0467241896801104
14765481,4,IN-RANGE,LogisticRegression,Morgan,IN-RANGE,0.22717155927662827,0.5172004817650538,0.25562795895831786
14765482,4,IN-RANGE,LogisticRegression,Morgan,IN-RANGE,0.205227418188422,0.6612525910771363,0.1335199907344415
14765495,4,IN-RANGE,LogisticRegression,Morgan,IN-RANGE,0.13562975902614413,0.6305505040959651,0.2338197368778907
14765505,4,IN-RANGE,LogisticRegression,Morgan,IN-RANGE,0.03987495020921432,0.8894431472415258,0.07068190254925989
14765514,4,IN-RANGE,LogisticRegression,Morgan,IN-RANGE,0.0405664333330326,0.7070029390981191,0.25243062756884826
14765523,4,IN-RANGE,LogisticRegression,Morgan,IN-RANGE,0.22499272758921218,0.4827295659990233,0.2922777064117646
14765531,4,IN-RANGE,LogisticRegression,Morgan,IN-RANGE,0.09627099469267303,0.6704778821836838,0.2332511231236433
14765535,4,IN-RANGE,LogisticRegression,Morgan,IN-RANGE,0.3724442753116452,0.5942539993949434,0.03330172529341146
14765542,4,IN-RANGE,LogisticRegression,Morgan,IN-RANGE,0.16525361881966694,0.6419517093944839,0.1927946717858493
14765547,4,IN-RANGE,LogisticRegression,Morgan,IN-RANGE,0.30027475266109616,0.4251509304438216,0.27457431689508227
14766491,4,ABOVE,LogisticRegression,Morgan,IN-RANGE,0.24063546500255958,0.6162749284670757,0.14308960653036476
14766496,4,ABOVE,LogisticRegression,Morgan,IN-RANGE,0.07117699969760244,0.6146412749230482,0.3141817253793493
14766501,4,ABOVE,LogisticRegression,Morgan,IN-RANGE,0.08180830762041591,0.48916327993729974,0.4290284124422844
14766506,4,ABOVE,LogisticRegression,Morgan,ABOVE,0.029890312488975054,0.09585907643627008,0.8742506110747549
14766507,4,ABOVE,LogisticRegression,Morgan,ABOVE,0.06198763652506349,0.1017684371673013,0.8362439263076352
14766509,4,ABOVE,LogisticRegression,Morgan,IN-RANGE,0.05346238070942276,0.6664284475216087,0.2801091717689686
14766516,4,ABOVE,LogisticRegression,Morgan,ABOVE,0.045356099017231186,0.19084162947337635,0.7638022715093924
14766519,4,ABOVE,LogisticRegression,Morgan,IN-RANGE,0.020383529627861423,0.6014023089981262,0.3782141613740124
14766523,4,ABOVE,LogisticRegression,Morgan,IN-RANGE,0.02301961023076461,0.6992105265026156,0.27776986326661973
14766529,4,ABOVE,LogisticRegression,Morgan,IN-RANGE,0.06718455663902073,0.8238045297589754,0.10901091360200381
14766531,4,ABOVE,LogisticRegression,Morgan,ABOVE,0.0748016220781083,0.45164322991135986,0.47355514801053183
14766532,4,ABOVE,LogisticRegression,Morgan,IN-RANGE,0.09604446600341095,0.49647197531444115,0.40748355868214786
14766534,4,ABOVE,LogisticRegression,Morgan,IN-RANGE,0.20260601760143207,0.6060563370959785,0.1913376453025894
14766538,4,ABOVE,LogisticRegression,Morgan,IN-RANGE,0.30513824826553637,0.5346069683699218,0.16025478336454188
14766560,4,ABOVE,LogisticRegression,Morgan,IN-RANGE,0.07556830548387514,0.879623112630752,0.044808581885372845
14766561,4,ABOVE,LogisticRegression,Morgan,IN-RANGE,0.016248984833216688,0.9122203135065722,0.07153070166021104
14769819,4,BELOW,LogisticRegression,Morgan,BELOW,0.589867205109709,0.3629245938906439,0.04720820099964695
14769821,4,BELOW,LogisticRegression,Morgan,IN-RANGE,0.3920657850402916,0.5394357231037494,0.06849849185595899
14769829,4,BELOW,LogisticRegression,Morgan,IN-RANGE,0.1473442733861326,0.8402390908836621,0.01241663573020543
14769831,4,BELOW,LogisticRegression,Morgan,BELOW,0.5926256112745351,0.2796774364244094,0.12769695230105552
14769839,4,BELOW,LogisticRegression,Morgan,BELOW,0.5554436390020056,0.4048524605682512,0.039703900429743234
14769845,4,BELOW,LogisticRegression,Morgan,IN-RANGE,0.3730202919209719,0.6066592710926478,0.020320436986380256
14769857,4,BELOW,LogisticRegression,Morgan,BELOW,0.44583620983300365,0.20481290685879666,0.3493508833081998
14769867,4,BELOW,LogisticRegression,Morgan,IN-RANGE,0.25099735962252395,0.6441901949751219,0.10481244540235424
14769870,4,BELOW,LogisticRegression,Morgan,IN-RANGE,0.2497314686478287,0.739121772336554,0.01114675901561735
14769872,4,BELOW,LogisticRegression,Morgan,IN-RANGE,0.2846424577157809,0.5916181272227958,0.12373941506142327
14769881,4,BELOW,LogisticRegression,Morgan,IN-RANGE,0.05874304035695905,0.8715705682950972,0.06968639134794391
14769886,4,BELOW,LogisticRegression,Morgan,IN-RANGE,0.04079763550507806,0.9077394592797002,0.05146290521522165
14769889,4,BELOW,LogisticRegression,Morgan,IN-RANGE,0.4539534145909452,0.5047398414519524,0.041306743957102515
14758725,4,BELOW,RandomForestClassifier,Morgan,IN-RANGE,0.3358791225699884,0.3590747285110355,0.3050461489189762
14758736,4,BELOW,RandomForestClassifier,Morgan,IN-RANGE,0.34625579317510424,0.39743069223323246,0.2563135145916636
14758740,4,BELOW,RandomForestClassifier,Morgan,IN-RANGE,0.3026204410105646,0.37777261668818307,0.3196069423012524
14758742,4,BELOW,RandomForestClassifier,Morgan,BELOW,0.6140356377602556,0.31559557308553254,0.07036878915421164
14758745,4,BELOW,RandomForestClassifier,Morgan,IN-RANGE,0.30616488400907327,0.4273715577007628,0.2664635582901644
14758751,4,BELOW,RandomForestClassifier,Morgan,BELOW,0.6326074087105557,0.28432624733479195,0.08306634395465227
14758759,4,BELOW,RandomForestClassifier,Morgan,BELOW,0.5769082912490398,0.25135780280025694,0.171733905950703
14758764,4,BELOW,RandomForestClassifier,Morgan,BELOW,0.4873000565039113,0.40206499747553226,0.11063494602055657
14758765,4,BELOW,RandomForestClassifier,Morgan,BELOW,0.7367090381329666,0.18666350844274948,0.07662745342428373
14758766,4,BELOW,RandomForestClassifier,Morgan,BELOW,0.46055773343313855,0.4264077886653482,0.11303447790151333
14758768,4,BELOW,RandomForestClassifier,Morgan,BELOW,0.5857508277286814,0.32814695890577184,0.08610221336554671
14758774,4,BELOW,RandomForestClassifier,Morgan,IN-RANGE,0.4066184687800022,0.5157510948166202,0.0776304364033776
14758778,4,BELOW,RandomForestClassifier,Morgan,BELOW,0.5566647961600295,0.27813394959955406,0.16520125424041607
14758784,4,BELOW,RandomForestClassifier,Morgan,BELOW,0.4804566854771416,0.42727617278719743,0.0922671417356611
14758785,4,BELOW,RandomForestClassifier,Morgan,BELOW,0.5477617887237443,0.26711026926615433,0.18512794201010113
14758792,4,BELOW,RandomForestClassifier,Morgan,BELOW,0.5732564598325451,0.2655905887065408,0.1611529514609139
14758799,4,BELOW,RandomForestClassifier,Morgan,IN-RANGE,0.3375867361900958,0.3591676657123232,0.30324559809758106
14758802,4,BELOW,RandomForestClassifier,Morgan,BELOW,0.39672612750413444,0.39299582094454466,0.21027805155132095
14758805,4,BELOW,RandomForestClassifier,Morgan,IN-RANGE,0.2806058365025036,0.4331998134563891,0.28619435004110727
14758808,4,BELOW,RandomForestClassifier,Morgan,IN-RANGE,0.3212115201465555,0.42228058110102823,0.2565078987524164
14758810,4,BELOW,RandomForestClassifier,Morgan,IN-RANGE,0.2748392647506679,0.4312281524904269,0.2939325827589053
14758811,4,BELOW,RandomForestClassifier,Morgan,IN-RANGE,0.2515752895720082,0.41227762014798736,0.33614709028000456
14758815,4,BELOW,RandomForestClassifier,Morgan,IN-RANGE,0.3122339238227061,0.4271568838878161,0.2606091922894779
14758817,4,BELOW,RandomForestClassifier,Morgan,IN-RANGE,0.27045519731031015,0.43012726414151314,0.2994175385481767
14758822,4,BELOW,RandomForestClassifier,Morgan,IN-RANGE,0.3598239452807468,0.4035767621041236,0.23659929261512955
14758824,4,BELOW,RandomForestClassifier,Morgan,BELOW,0.732058720789156,0.19061372648169425,0.07732755272914969
14758833,4,BELOW,RandomForestClassifier,Morgan,BELOW,0.5861534841826339,0.2858376782658669,0.12800883755149875
14758836,4,BELOW,RandomForestClassifier,Morgan,IN-RANGE,0.20608792545462096,0.6573509860839346,0.13656108846144435
14758842,4,BELOW,RandomForestClassifier,Morgan,BELOW,0.48550613783728985,0.3712157134828667,0.1432781486798432
14758855,4,BELOW,RandomForestClassifier,Morgan,BELOW,0.7477790980024193,0.19737808558697087,0.05484281641060952
14758860,4,BELOW,RandomForestClassifier,Morgan,BELOW,0.5103046051539887,0.40348429187176277,0.08621110297424864
14758866,4,BELOW,RandomForestClassifier,Morgan,ABOVE,0.2916042228352882,0.35125367362321647,0.3571421035414955
14758867,4,BELOW,RandomForestClassifier,Morgan,BELOW,0.6946646909732951,0.25865928325285503,0.04667602577385004
14758873,4,BELOW,RandomForestClassifier,Morgan,BELOW,0.5640727960645591,0.3543778576472743,0.0815493462881667
14758896,4,BELOW,RandomForestClassifier,Morgan,IN-RANGE,0.29252428377679685,0.4249015315183077,0.2825741847048957
14758903,4,BELOW,RandomForestClassifier,Morgan,IN-RANGE,0.3814569843178273,0.5001830595820224,0.11835995610015032
14758909,4,BELOW,RandomForestClassifier,Morgan,IN-RANGE,0.364605230623757,0.5093312915671661,0.12606347780907695
14758910,4,BELOW,RandomForestClassifier,Morgan,BELOW,0.5470005763121011,0.38079050518572993,0.07220891850216928
14758911,4,BELOW,RandomForestClassifier,Morgan,IN-RANGE,0.31143766722904936,0.39645776315368636,0.2921045696172644
14758914,4,BELOW,RandomForestClassifier,Morgan,ABOVE,0.3031957664931037,0.34339318698939164,0.35341104651750455
14758916,4,BELOW,RandomForestClassifier,Morgan,IN-RANGE,0.38534995663714766,0.4355482083975727,0.1791018349652798
14758917,4,BELOW,RandomForestClassifier,Morgan,IN-RANGE,0.3200736014626958,0.3426278949543675,0.33729850358293684
14758974,4,IN-RANGE,RandomForestClassifier,Morgan,BELOW,0.6265926045326331,0.26212933886809714,0.11127805659926976
14758975,4,IN-RANGE,RandomForestClassifier,Morgan,ABOVE,0.31224468587821985,0.3430017446407874,0.3447535694809927
14758977,4,IN-RANGE,RandomForestClassifier,Morgan,IN-RANGE,0.35747972270177664,0.3722061228950483,0.2703141544031752
14758981,4,IN-RANGE,RandomForestClassifier,Morgan,BELOW,0.6532785880156048,0.23527313419556492,0.1114482777888302
14758982,4,IN-RANGE,RandomForestClassifier,Morgan,IN-RANGE,0.2717018959153491,0.43661826501445605,0.29167983907019507
14758985,4,IN-RANGE,RandomForestClassifier,Morgan,IN-RANGE,0.33693844737530426,0.4014718295057424,0.2615897231189532
14758998,4,IN-RANGE,RandomForestClassifier,Morgan,IN-RANGE,0.3108474992870453,0.3584206539911366,0.3307318467218181
14759778,4,IN-RANGE,RandomForestClassifier,Morgan,IN-RANGE,0.2773561991966633,0.4282573764387239,0.2943864243646128
14759783,4,IN-RANGE,RandomForestClassifier,Morgan,BELOW,0.5050177299428811,0.3179421395111378,0.17704013054598083
14759805,4,IN-RANGE,RandomForestClassifier,Morgan,BELOW,0.5113859989752241,0.26209077386063745,0.22652322716413845
14759807,4,IN-RANGE,RandomForestClassifier,Morgan,BELOW,0.555196605970845,0.26323065859957795,0.18157273542957686
14759814,4,IN-RANGE,RandomForestClassifier,Morgan,BELOW,0.6026779389523046,0.3348018947256531,0.06252016632204238
14759815,4,IN-RANGE,RandomForestClassifier,Morgan,BELOW,0.5831663954533208,0.3355590531053969,0.08127455144128236
14759820,4,IN-RANGE,RandomForestClassifier,Morgan,BELOW,0.5026872373813897,0.28949150512547894,0.20782125749313124
14759822,4,IN-RANGE,RandomForestClassifier,Morgan,BELOW,0.3927542601783138,0.34186752049289804,0.2653782193287883
14759855,4,IN-RANGE,RandomForestClassifier,Morgan,BELOW,0.4002654876990915,0.30380307676247276,0.2959314355384356
14759865,4,IN-RANGE,RandomForestClassifier,Morgan,BELOW,0.5656357594099983,0.26222007658899593,0.1721441640010054
14759899,4,IN-RANGE,RandomForestClassifier,Morgan,IN-RANGE,0.29579197859966855,0.41822005346582647,0.28598796793450504
14759909,4,IN-RANGE,RandomForestClassifier,Morgan,BELOW,0.5273057056153819,0.39119934861560973,0.08149494576900845
14759910,4,IN-RANGE,RandomForestClassifier,Morgan,BELOW,0.7063706076527878,0.21352448138091526,0.08010491096629663
14759912,4,IN-RANGE,RandomForestClassifier,Morgan,BELOW,0.58197384558592,0.32915193286185157,0.08887422155222847
14759914,4,IN-RANGE,RandomForestClassifier,Morgan,IN-RANGE,0.2993318793306485,0.4007601584622347,0.2999079622071168
14759921,4,IN-RANGE,RandomForestClassifier,Morgan,IN-RANGE,0.3513520287932132,0.3759989607632186,0.2726490104435681
14759932,4,IN-RANGE,RandomForestClassifier,Morgan,IN-RANGE,0.31555345939158935,0.3713342143434194,0.31311232626499114
14759938,4,IN-RANGE,RandomForestClassifier,Morgan,IN-RANGE,0.3447715581582781,0.39402280828307445,0.26120563355864757
14759950,4,IN-RANGE,RandomForestClassifier,Morgan,IN-RANGE,0.3396267201299825,0.4192445448887743,0.24112873498124318
14759956,4,IN-RANGE,RandomForestClassifier,Morgan,IN-RANGE,0.33715588918305545,0.3716494620460052,0.29119464877093937
14759957,4,IN-RANGE,RandomForestClassifier,Morgan,IN-RANGE,0.3170799047975062,0.42860221036943247,0.25431788483306134
14759967,4,IN-RANGE,RandomForestClassifier,Morgan,BELOW,0.6106475306703384,0.24698544543677506,0.1423670238928864
14759974,4,IN-RANGE,RandomForestClassifier,Morgan,IN-RANGE,0.26940282285717404,0.47446574122564505,0.2561314359171812
14759976,4,IN-RANGE,RandomForestClassifier,Morgan,ABOVE,0.2769847779954043,0.3509234658864148,0.3720917561181811
14759984,4,IN-RANGE,RandomForestClassifier,Morgan,IN-RANGE,0.2563895033652823,0.4087711415812476,0.3348393550534701
14759998,4,IN-RANGE,RandomForestClassifier,Morgan,IN-RANGE,0.34279620085139767,0.3781221640570862,0.2790816350915162
14760035,4,IN-RANGE,RandomForestClassifier,Morgan,BELOW,0.7279838679435443,0.1950641454875719,0.0769519865688836
14761138,4,IN-RANGE,RandomForestClassifier,Morgan,BELOW,0.5091883126991633,0.33090156334385684,0.15991012395697962
14761140,4,IN-RANGE,RandomForestClassifier,Morgan,IN-RANGE,0.3137364680374097,0.387045304058061,0.2992182279045295
14761168,4,IN-RANGE,RandomForestClassifier,Morgan,IN-RANGE,0.29254132166301683,0.4518926261438899,0.2555660521930933
14761174,4,IN-RANGE,RandomForestClassifier,Morgan,IN-RANGE,0.4405774764209697,0.44196066062755407,0.11746186295147636
14761182,4,IN-RANGE,RandomForestClassifier,Morgan,IN-RANGE,0.2824982208741763,0.37092677357525816,0.3465750055505658
14761183,4,IN-RANGE,RandomForestClassifier,Morgan,IN-RANGE,0.27893607617161503,0.4499527024305682,0.27111122139781696
14761229,4,IN-RANGE,RandomForestClassifier,Morgan,IN-RANGE,0.16700700843170938,0.6636581155504221,0.16933487601786845
14761232,4,IN-RANGE,RandomForestClassifier,Morgan,BELOW,0.5919168620202037,0.31549663167943615,0.09258650630036028
14761235,4,IN-RANGE,RandomForestClassifier,Morgan,IN-RANGE,0.29525641759702476,0.40612746660805427,0.2986161157949211
14761244,4,IN-RANGE,RandomForestClassifier,Morgan,BELOW,0.3889992229511545,0.32590701360946267,0.28509376343938264
14761252,4,IN-RANGE,RandomForestClassifier,Morgan,BELOW,0.5288460595740561,0.38728730169678066,0.08386663872916338
14761274,4,IN-RANGE,RandomForestClassifier,Morgan,BELOW,0.5507940686498913,0.3792559118040164,0.06995001954609231
14761275,4,IN-RANGE,RandomForestClassifier,Morgan,IN-RANGE,0.19203203158829404,0.6954369339283965,0.11253103448330969
14761276,4,IN-RANGE,RandomForestClassifier,Morgan,IN-RANGE,0.35854676730282903,0.4182502412346313,0.22320299146253972
14761282,4,IN-RANGE,RandomForestClassifier,Morgan,IN-RANGE,0.19190003994863025,0.43049075840091605,0.3776092016504539
14761286,4,IN-RANGE,RandomForestClassifier,Morgan,ABOVE,0.21929240965470054,0.36959200356448657,0.411115586780813
14761299,4,IN-RANGE,RandomForestClassifier,Morgan,BELOW,0.39792827926762264,0.3763469179972818,0.2257248027350956
14761317,4,IN-RANGE,RandomForestClassifier,Morgan,IN-RANGE,0.3172799502158611,0.41228302444470954,0.27043702533942954
14761322,4,IN-RANGE,RandomForestClassifier,Morgan,IN-RANGE,0.3278322299952142,0.4148018124568204,0.2573659575479655
14761343,4,IN-RANGE,RandomForestClassifier,Morgan,IN-RANGE,0.3602497684487399,0.4521644956127455,0.18758573593851466
14761348,4,IN-RANGE,RandomForestClassifier,Morgan,IN-RANGE,0.22676090730297166,0.4260885286380065,0.347150564059022
14761349,4,IN-RANGE,RandomForestClassifier,Morgan,IN-RANGE,0.26352429026402646,0.391339730875637,0.3451359788603367
14761365,4,IN-RANGE,RandomForestClassifier,Morgan,IN-RANGE,0.2895870263119074,0.3642094704081955,0.34620350327989724
14761372,4,IN-RANGE,RandomForestClassifier,Morgan,IN-RANGE,0.28811224334123686,0.43898288713204875,0.27290486952671444
14762238,4,IN-RANGE,RandomForestClassifier,Morgan,IN-RANGE,0.3347529283759374,0.4440080446573408,0.22123902696672176
14762241,4,IN-RANGE,RandomForestClassifier,Morgan,BELOW,0.39792827926762264,0.3763469179972818,0.2257248027350956
14762244,4,IN-RANGE,RandomForestClassifier,Morgan,BELOW,0.4054343501757717,0.39464681426017223,0.1999188355640562
14762264,4,IN-RANGE,RandomForestClassifier,Morgan,IN-RANGE,0.2418917194280895,0.4990871569036497,0.2590211236682609
14762275,4,IN-RANGE,RandomForestClassifier,Morgan,IN-RANGE,0.35187862794098757,0.4064358087607964,0.24168556329821608
14762302,4,IN-RANGE,RandomForestClassifier,Morgan,IN-RANGE,0.2841267948857719,0.3674078087337022,0.348465396380526
14762306,4,IN-RANGE,RandomForestClassifier,Morgan,BELOW,0.4132306463904623,0.3593482572708871,0.22742109633865087
14762307,4,IN-RANGE,RandomForestClassifier,Morgan,IN-RANGE,0.27265427686773,0.44566588406207513,0.281679839070195
14762345,4,IN-RANGE,RandomForestClassifier,Morgan,IN-RANGE,0.2921553438129148,0.4083634688723051,0.29948118731478024
14762353,4,IN-RANGE,RandomForestClassifier,Morgan,IN-RANGE,0.2780051720668217,0.4524242351679415,0.2695705927652369
14762362,4,IN-RANGE,RandomForestClassifier,Morgan,IN-RANGE,0.3538081088840462,0.3563938192988474,0.28979807181710643
14762364,4,IN-RANGE,RandomForestClassifier,Morgan,IN-RANGE,0.281419313939068,0.3967615220149505,0.3218191640459817
14762365,4,IN-RANGE,RandomForestClassifier,Morgan,IN-RANGE,0.3676398690573012,0.3792764332893395,0.25308369765335903
14762371,4,IN-RANGE,RandomForestClassifier,Morgan,IN-RANGE,0.2902110624430674,0.4388893251708057,0.270899612386127
14762373,4,IN-RANGE,RandomForestClassifier,Morgan,IN-RANGE,0.2717018959153491,0.43661826501445605,0.29167983907019507
14762377,4,IN-RANGE,RandomForestClassifier,Morgan,IN-RANGE,0.23399850429544775,0.41816657228862697,0.34783492341592565
14762404,4,IN-RANGE,RandomForestClassifier,Morgan,IN-RANGE,0.3166884462715725,0.43843934706263527,0.24487220666579226
14762417,4,IN-RANGE,RandomForestClassifier,Morgan,ABOVE,0.27689313118512104,0.3475371792804672,0.375569689534412
14762428,4,IN-RANGE,RandomForestClassifier,Morgan,IN-RANGE,0.33332349236837194,0.3836603043424083,0.2830162032892199
14762434,4,IN-RANGE,RandomForestClassifier,Morgan,IN-RANGE,0.2954325211173161,0.38761274724728884,0.31695473163539534
14762451,4,IN-RANGE,RandomForestClassifier,Morgan,IN-RANGE,0.2672367574713627,0.447157800648137,0.2856054418805006
14762453,4,IN-RANGE,RandomForestClassifier,Morgan,IN-RANGE,0.37904044980982654,0.5782225818324008,0.04273696835777266
14763246,4,IN-RANGE,RandomForestClassifier,Morgan,IN-RANGE,0.2920359701623052,0.37030420038564665,0.3376598294520482
14763251,4,IN-RANGE,RandomForestClassifier,Morgan,IN-RANGE,0.22517485069454288,0.41178391394937386,0.36304123535608335
14763265,4,IN-RANGE,RandomForestClassifier,Morgan,IN-RANGE,0.24576551103915634,0.4167294013262902,0.33750508763455367
14763266,4,IN-RANGE,RandomForestClassifier,Morgan,BELOW,0.5393724018615306,0.3008876901558162,0.15973990798265303
14763273,4,IN-RANGE,RandomForestClassifier,Morgan,IN-RANGE,0.3042504948949838,0.36661741279266946,0.3291320923123468
14763274,4,IN-RANGE,RandomForestClassifier,Morgan,IN-RANGE,0.24271932535004803,0.4147121704143873,0.3425685042355648
14763288,4,IN-RANGE,RandomForestClassifier,Morgan,IN-RANGE,0.3918123060267195,0.41275615409497035,0.19543153987831016
14763311,4,IN-RANGE,RandomForestClassifier,Morgan,IN-RANGE,0.32545906752840364,0.4179241339124302,0.25661679855916597
14763325,4,IN-RANGE,RandomForestClassifier,Morgan,IN-RANGE,0.27521934877459997,0.4374665755966242,0.2873140756287758
14763330,4,IN-RANGE,RandomForestClassifier,Morgan,IN-RANGE,0.3043251154199623,0.36678370463070187,0.3288911799493359
14763360,4,IN-RANGE,RandomForestClassifier,Morgan,IN-RANGE,0.28629366929326083,0.45925790387529775,0.2544484268314415
14763361,4,IN-RANGE,RandomForestClassifier,Morgan,IN-RANGE,0.21174600136353447,0.4085370451901669,0.37971695344629885
14763368,4,IN-RANGE,RandomForestClassifier,Morgan,BELOW,0.5882595456616033,0.2854710561360035,0.12626939820239316
14763370,4,IN-RANGE,RandomForestClassifier,Morgan,ABOVE,0.22497234165184682,0.3725638091999628,0.4024638491481904
14763398,4,IN-RANGE,RandomForestClassifier,Morgan,BELOW,0.4875296197761721,0.3571283569583916,0.15534202326543617
14763400,4,IN-RANGE,RandomForestClassifier,Morgan,IN-RANGE,0.3471991745613186,0.3551341877165053,0.297666637722176
14763419,4,IN-RANGE,RandomForestClassifier,Morgan,IN-RANGE,0.2772713957313757,0.43013222331906975,0.29259638094955454
14763441,4,IN-RANGE,RandomForestClassifier,Morgan,IN-RANGE,0.26990917509520984,0.387987659979523,0.34210316492526727
14763442,4,IN-RANGE,RandomForestClassifier,Morgan,IN-RANGE,0.29807769292900593,0.5328653922900208,0.16905691478097284
14763443,4,IN-RANGE,RandomForestClassifier,Morgan,BELOW,0.5697741924308979,0.3264184938851742,0.10380731368392782
14763454,4,IN-RANGE,RandomForestClassifier,Morgan,IN-RANGE,0.27106616052794175,0.4526032220079222,0.27633061746413634
14763462,4,IN-RANGE,RandomForestClassifier,Morgan,IN-RANGE,0.2682867915323465,0.4631625095741003,0.26855069889355326
14763474,4,IN-RANGE,RandomForestClassifier,Morgan,IN-RANGE,0.13958845581949889,0.6721617335677165,0.1882498106127845
14763484,4,IN-RANGE,RandomForestClassifier,Morgan,IN-RANGE,0.2592830843865777,0.4519724248244409,0.28874449078898146
14764280,4,IN-RANGE,RandomForestClassifier,Morgan,IN-RANGE,0.16318286516846164,0.460682631457771,0.3761345033737675
14764281,4,IN-RANGE,RandomForestClassifier,Morgan,IN-RANGE,0.3038361917966903,0.41235724181092487,0.2838065663923848
14764299,4,IN-RANGE,RandomForestClassifier,Morgan,IN-RANGE,0.28003517554537205,0.4349257557181509,0.2850390687364773
14764342,4,IN-RANGE,RandomForestClassifier,Morgan,IN-RANGE,0.2158903231014169,0.40628985276576274,0.37781982413282045
14764343,4,IN-RANGE,RandomForestClassifier,Morgan,IN-RANGE,0.2777711661315104,0.36904474607100113,0.35318408779748833
14764362,4,IN-RANGE,RandomForestClassifier,Morgan,IN-RANGE,0.3225547472067285,0.39151858682065,0.28592666597262123
14764381,4,IN-RANGE,RandomForestClassifier,Morgan,ABOVE,0.2960850947841198,0.26121245101296625,0.44270245420291404
14764396,4,IN-RANGE,RandomForestClassifier,Morgan,IN-RANGE,0.2778078143296182,0.40641417715542666,0.3157780085149552
14764416,4,IN-RANGE,RandomForestClassifier,Morgan,IN-RANGE,0.354965008962584,0.4111039476861729,0.2339310433512431
14764453,4,IN-RANGE,RandomForestClassifier,Morgan,IN-RANGE,0.10352052516793112,0.7730392754207875,0.12344019941128127
14764458,4,IN-RANGE,RandomForestClassifier,Morgan,IN-RANGE,0.24073668749445762,0.4245667349176933,0.33469657758784943
14764485,4,IN-RANGE,RandomForestClassifier,Morgan,BELOW,0.35432017000922805,0.3326123011526635,0.3130675288381084
14764500,4,IN-RANGE,RandomForestClassifier,Morgan,IN-RANGE,0.2796377057121221,0.4841429028663986,0.23621939142147938
14764521,4,IN-RANGE,RandomForestClassifier,Morgan,IN-RANGE,0.33289536802697695,0.4090505698263712,0.25805406214665205
14764525,4,IN-RANGE,RandomForestClassifier,Morgan,IN-RANGE,0.2678218600779048,0.40921929877836066,0.3229588411437346
14764529,4,IN-RANGE,RandomForestClassifier,Morgan,ABOVE,0.22238601388552806,0.31637654244844404,0.4612374436660279
14764531,4,IN-RANGE,RandomForestClassifier,Morgan,ABOVE,0.3056098994232639,0.33896568145667005,0.3554244191200663
14764537,4,IN-RANGE,RandomForestClassifier,Morgan,ABOVE,0.18969030175502347,0.2654650529228631,0.5448446453221134
14765332,4,IN-RANGE,RandomForestClassifier,Morgan,IN-RANGE,0.1999056854224908,0.40224030147610174,0.3978540131014077
14765341,4,IN-RANGE,RandomForestClassifier,Morgan,IN-RANGE,0.1863756943754447,0.6630860784887672,0.15053822713578807
14765344,4,IN-RANGE,RandomForestClassifier,Morgan,IN-RANGE,0.2645325935179684,0.37722268481906146,0.3582447216629702
14765352,4,IN-RANGE,RandomForestClassifier,Morgan,ABOVE,0.18501324736585828,0.38017741416465645,0.4348093384694854
14765354,4,IN-RANGE,RandomForestClassifier,Morgan,IN-RANGE,0.13035554659604837,0.7020626563628112,0.16758179704114035
14765358,4,IN-RANGE,RandomForestClassifier,Morgan,IN-RANGE,0.23288399615873498,0.424307105483097,0.3428088983581683
14765368,4,IN-RANGE,RandomForestClassifier,Morgan,IN-RANGE,0.3264952525608536,0.4332798669200896,0.24022488051905694
14765370,4,IN-RANGE,RandomForestClassifier,Morgan,ABOVE,0.24604466803724623,0.32103924638462944,0.4329160855781242
14765371,4,IN-RANGE,RandomForestClassifier,Morgan,IN-RANGE,0.2629253177072085,0.3984458370698895,0.33862884522290215
14765413,4,IN-RANGE,RandomForestClassifier,Morgan,IN-RANGE,0.22518421604333402,0.4156794774132569,0.3591363065434093
14765441,4,IN-RANGE,RandomForestClassifier,Morgan,IN-RANGE,0.3108467640697509,0.35515192152682623,0.334001314403423
14765451,4,IN-RANGE,RandomForestClassifier,Morgan,ABOVE,0.22726128348061153,0.36697487134126944,0.4057638451781191
14765454,4,IN-RANGE,RandomForestClassifier,Morgan,ABOVE,0.25878595403248594,0.3667017757263804,0.3745122702411339
14765473,4,IN-RANGE,RandomForestClassifier,Morgan,IN-RANGE,0.3031196909067539,0.4143620096669726,0.28251829942627327
14765481,4,IN-RANGE,RandomForestClassifier,Morgan,IN-RANGE,0.18101636678498864,0.46385612110414004,0.35512751211087135
14765482,4,IN-RANGE,RandomForestClassifier,Morgan,IN-RANGE,0.25139928334866046,0.424910720251517,0.3236899963998225
14765495,4,IN-RANGE,RandomForestClassifier,Morgan,IN-RANGE,0.268355838237615,0.3721633192631439,0.35948084249924145
14765505,4,IN-RANGE,RandomForestClassifier,Morgan,IN-RANGE,0.24107880133635515,0.4307489342639639,0.3281722643996811
14765514,4,IN-RANGE,RandomForestClassifier,Morgan,ABOVE,0.15741751573631702,0.33857597740561773,0.5040065068580654
14765523,4,IN-RANGE,RandomForestClassifier,Morgan,IN-RANGE,0.2789579973024086,0.3648366774557406,0.3562053252418508
14765531,4,IN-RANGE,RandomForestClassifier,Morgan,IN-RANGE,0.21167555664084373,0.5594494079583507,0.2288750354008058
14765535,4,IN-RANGE,RandomForestClassifier,Morgan,IN-RANGE,0.3330121799112832,0.41200397747874484,0.254983842609972
14765542,4,IN-RANGE,RandomForestClassifier,Morgan,IN-RANGE,0.19882411486542942,0.5304347255177205,0.27074115961685
14765547,4,IN-RANGE,RandomForestClassifier,Morgan,IN-RANGE,0.2996354105678783,0.36417384920573925,0.33619074022638246
14766491,4,ABOVE,RandomForestClassifier,Morgan,IN-RANGE,0.3023560549529631,0.37372934328800944,0.32391460175902737
14766496,4,ABOVE,RandomForestClassifier,Morgan,IN-RANGE,0.29432230062634657,0.38409621209483313,0.3215814872788204
14766501,4,ABOVE,RandomForestClassifier,Morgan,ABOVE,0.23153169939368137,0.3565597786438357,0.4119085219624832
14766506,4,ABOVE,RandomForestClassifier,Morgan,ABOVE,0.1711500336000321,0.2805496521793959,0.5483003142205721
14766507,4,ABOVE,RandomForestClassifier,Morgan,ABOVE,0.2528524255206685,0.34394891701106084,0.4031986574682707
14766509,4,ABOVE,RandomForestClassifier,Morgan,IN-RANGE,0.2487914176428213,0.433518113243601,0.3176904691135778
14766516,4,ABOVE,RandomForestClassifier,Morgan,ABOVE,0.18891166618724678,0.26859630215793295,0.5424920316548202
14766519,4,ABOVE,RandomForestClassifier,Morgan,ABOVE,0.20003646511134868,0.3400990849095505,0.4598644499791009
14766523,4,ABOVE,RandomForestClassifier,Morgan,ABOVE,0.23639075468011025,0.36486990393096425,0.3987393413889258
14766529,4,ABOVE,RandomForestClassifier,Morgan,ABOVE,0.23656032430472712,0.3738528948141504,0.3895867808811224
14766531,4,ABOVE,RandomForestClassifier,Morgan,IN-RANGE,0.3025031799194299,0.35191575544696974,0.34558106463360055
14766532,4,ABOVE,RandomForestClassifier,Morgan,IN-RANGE,0.2986431840876059,0.41527555163115204,0.28608126428124203
14766534,4,ABOVE,RandomForestClassifier,Morgan,IN-RANGE,0.27789702822417583,0.44674705422611427,0.27535591754971006
14766538,4,ABOVE,RandomForestClassifier,Morgan,ABOVE,0.30183849374805305,0.3460909129307728,0.3520705933211743
14766560,4,ABOVE,RandomForestClassifier,Morgan,IN-RANGE,0.2281099993317355,0.48610177753492606,0.2857882231333386
14766561,4,ABOVE,RandomForestClassifier,Morgan,IN-RANGE,0.19500207242279852,0.48103056919689346,0.3239673583803082
14769819,4,BELOW,RandomForestClassifier,Morgan,BELOW,0.5148197279439389,0.35766863670946164,0.1275116353465994
14769821,4,BELOW,RandomForestClassifier,Morgan,IN-RANGE,0.3525839230812419,0.3590314716500537,0.2883846052687042
14769829,4,BELOW,RandomForestClassifier,Morgan,IN-RANGE,0.28531196210033155,0.43915552418752163,0.27553251371214693
14769831,4,BELOW,RandomForestClassifier,Morgan,IN-RANGE,0.3105248696824336,0.41320350878740714,0.27627162153015933
14769839,4,BELOW,RandomForestClassifier,Morgan,IN-RANGE,0.3691012816566894,0.40746650419322206,0.2234322141500884
14769845,4,BELOW,RandomForestClassifier,Morgan,BELOW,0.4624970661703861,0.3710631034863067,0.16643983034330723
14769857,4,BELOW,RandomForestClassifier,Morgan,BELOW,0.5137933866371143,0.24451518168708644,0.24169143167579904
14769867,4,BELOW,RandomForestClassifier,Morgan,IN-RANGE,0.33505749437123455,0.40139921597468564,0.26354328965407986
14769870,4,BELOW,RandomForestClassifier,Morgan,BELOW,0.4181886358034164,0.41063604050885855,0.1711753236877249
14769872,4,BELOW,RandomForestClassifier,Morgan,IN-RANGE,0.31101314329350827,0.35675111172442603,0.3322357449820659
14769881,4,BELOW,RandomForestClassifier,Morgan,IN-RANGE,0.27335329260927166,0.4831607911425195,0.24348591624820884
14769886,4,BELOW,RandomForestClassifier,Morgan,IN-RANGE,0.2714574285756215,0.47989393418816545,0.24864863723621297
14769889,4,BELOW,RandomForestClassifier,Morgan,IN-RANGE,0.40459618358576577,0.43681520861921086,0.1585886077950234
