activity_id,outer_fold,censoring_class,model,representation,prediction,observed
14758722,0,BELOW,mean_baseline,none,1.3005255506078945,
14758722,0,BELOW,median_baseline,none,1.2787536009528289,
14758734,0,BELOW,mean_baseline,none,1.3005255506078945,
14758734,0,BELOW,median_baseline,none,1.2787536009528289,
14758750,0,BELOW,mean_baseline,none,1.3005255506078945,
14758750,0,BELOW,median_baseline,none,1.2787536009528289,
14758753,0,BELOW,mean_baseline,none,1.3005255506078945,
14758753,0,BELOW,median_baseline,none,1.2787536009528289,
14758757,0,BELOW,mean_baseline,none,1.3005255506078945,
14758757,0,BELOW,median_baseline,none,1.2787536009528289,
14758760,0,BELOW,mean_baseline,none,1.3005255506078945,
14758760,0,BELOW,median_baseline,none,1.2787536009528289,
14758763,0,BELOW,mean_baseline,none,1.3005255506078945,
14758763,0,BELOW,median_baseline,none,1.2787536009528289,
14758770,0,BELOW,mean_baseline,none,1.3005255506078945,
14758770,0,BELOW,median_baseline,none,1.2787536009528289,
14758771,0,BELOW,mean_baseline,none,1.3005255506078945,
14758771,0,BELOW,median_baseline,none,1.2787536009528289,
14758772,0,BELOW,mean_baseline,none,1.3005255506078945,
14758772,0,BELOW,median_baseline,none,1.2787536009528289,
14758779,0,BELOW,mean_baseline,none,1.3005255506078945,
14758779,0,BELOW,median_baseline,none,1.2787536009528289,
14758791,0,BELOW,mean_baseline,none,1.3005255506078945,
14758791,0,BELOW,median_baseline,none,1.2787536009528289,
14758795,0,BELOW,mean_baseline,none,1.3005255506078945,
14758795,0,BELOW,median_baseline,none,1.2787536009528289,
14758804,0,BELOW,mean_baseline,none,1.3005255506078945,
14758804,0,BELOW,median_baseline,none,1.2787536009528289,
14758806,0,BELOW,mean_baseline,none,1.3005255506078945,
14758806,0,BELOW,median_baseline,none,1.2787536009528289,
14758809,0,BELOW,mean_baseline,none,1.3005255506078945,
14758809,0,BELOW,median_baseline,none,1.2787536009528289,
14758816,0,BELOW,mean_baseline,none,1.3005255506078945,
14758816,0,BELOW,median_baseline,none,1.2787536009528289,
14758821,0,BELOW,mean_baseline,none,1.3005255506078945,
14758821,0,BELOW,median_baseline,none,1.2787536009528289,
14758827,0,BELOW,mean_baseline,none,1.3005255506078945,
14758827,0,BELOW,median_baseline,none,1.2787536009528289,
14758828,0,BELOW,mean_baseline,none,1.3005255506078945,
14758828,0,BELOW,median_baseline,none,1.2787536009528289,
14758830,0,BELOW,mean_baseline,none,1.3005255506078945,
14758830,0,BELOW,median_baseline,none,1.2787536009528289,
14758831,0,BELOW,mean_baseline,none,1.3005255506078945,
14758831,0,BELOW,median_baseline,none,1.2787536009528289,
14758834,0,BELOW,mean_baseline,none,1.3005255506078945,
14758834,0,BELOW,median_baseline,none,1.2787536009528289,
14758857,0,BELOW,mean_baseline,none,1.3005255506078945,
14758857,0,BELOW,median_baseline,none,1.2787536009528289,
14758862,0,BELOW,mean_baseline,none,1.3005255506078945,
14758862,0,BELOW,median_baseline,none,1.2787536009528289,
14758871,0,BELOW,mean_baseline,none,1.3005255506078945,
14758871,0,BELOW,median_baseline,none,1.2787536009528289,
14758878,0,BELOW,mean_baseline,none,1.3005255506078945,
14758878,0,BELOW,median_baseline,none,1.2787536009528289,
14758887,0,BELOW,mean_baseline,none,1.3005255506078945,
14758887,0,BELOW,median_baseline,none,1.2787536009528289,
14758892,0,BELOW,mean_baseline,none,1.3005255506078945,
14758892,0,BELOW,median_baseline,none,1.2787536009528289,
14758894,0,BELOW,mean_baseline,none,1.3005255506078945,
14758894,0,BELOW,median_baseline,none,1.2787536009528289,
14758895,0,BELOW,mean_baseline,none,1.3005255506078945,
14758895,0,BELOW,median_baseline,none,1.2787536009528289,
14758897,0,BELOW,mean_baseline,none,1.3005255506078945,
14758897,0,BELOW,median_baseline,none,1.2787536009528289,
14758920,0,BELOW,mean_baseline,none,1.3005255506078945,
14758920,0,BELOW,median_baseline,none,1.2787536009528289,
14758921,0,BELOW,mean_baseline,none,1.3005255506078945,
14758921,0,BELOW,median_baseline,none,1.2787536009528289,
14758924,0,IN-RANGE,mean_baseline,none,1.3005255506078945,0.48000694295715063
14758924,0,IN-RANGE,median_baseline,none,1.2787536009528289,0.48000694295715063
14758935,0,IN-RANGE,mean_baseline,none,1.3005255506078945,0.5198279937757188
14758935,0,IN-RANGE,median_baseline,none,1.2787536009528289,0.5198279937757188
14758973,0,IN-RANGE,mean_baseline,none,1.3005255506078945,0.6020599913279624
14758973,0,IN-RANGE,median_baseline,none,1.2787536009528289,0.6020599913279624
14758980,0,IN-RANGE,mean_baseline,none,1.3005255506078945,0.6020599913279624
14758980,0,IN-RANGE,median_baseline,none,1.2787536009528289,0.6020599913279624
14758993,0,IN-RANGE,mean_baseline,none,1.3005255506078945,0.60959440922522
14758993,0,IN-RANGE,median_baseline,none,1.2787536009528289,0.60959440922522
14758999,0,IN-RANGE,mean_baseline,none,1.3005255506078945,0.6201360549737575
14758999,0,IN-RANGE,median_baseline,none,1.2787536009528289,0.6201360549737575
14759810,0,IN-RANGE,mean_baseline,none,1.3005255506078945,0.6989700043360189
14759810,0,IN-RANGE,median_baseline,none,1.2787536009528289,0.6989700043360189
14759825,0,IN-RANGE,mean_baseline,none,1.3005255506078945,0.6989700043360189
14759825,0,IN-RANGE,median_baseline,none,1.2787536009528289,0.6989700043360189
14759860,0,IN-RANGE,mean_baseline,none,1.3005255506078945,0.7403626894942439
14759860,0,IN-RANGE,median_baseline,none,1.2787536009528289,0.7403626894942439
14759862,0,IN-RANGE,mean_baseline,none,1.3005255506078945,0.7403626894942439
14759862,0,IN-RANGE,median_baseline,none,1.2787536009528289,0.7403626894942439
14759864,0,IN-RANGE,mean_baseline,none,1.3005255506078945,0.7403626894942439
14759864,0,IN-RANGE,median_baseline,none,1.2787536009528289,0.7403626894942439
14759895,0,IN-RANGE,mean_baseline,none,1.3005255506078945,0.7781512503836436
14759895,0,IN-RANGE,median_baseline,none,1.2787536009528289,0.7781512503836436
14759906,0,IN-RANGE,mean_baseline,none,1.3005255506078945,0.7781512503836436
14759906,0,IN-RANGE,median_baseline,none,1.2787536009528289,0.7781512503836436
14759907,0,IN-RANGE,mean_baseline,none,1.3005255506078945,0.7781512503836436
14759907,0,IN-RANGE,median_baseline,none,1.2787536009528289,0.7781512503836436
14759922,0,IN-RANGE,mean_baseline,none,1.3005255506078945,0.7902851640332417
14759922,0,IN-RANGE,median_baseline,none,1.2787536009528289,0.7902851640332417
14759955,0,IN-RANGE,mean_baseline,none,1.3005255506078945,0.8401060944567578
14759955,0,IN-RANGE,median_baseline,none,1.2787536009528289,0.8401060944567578
14760008,0,IN-RANGE,mean_baseline,none,1.3005255506078945,0.8802417758954804
14760008,0,IN-RANGE,median_baseline,none,1.2787536009528289,0.8802417758954804
14760032,0,IN-RANGE,mean_baseline,none,1.3005255506078945,0.9030899869919435
14760032,0,IN-RANGE,median_baseline,none,1.2787536009528289,0.9030899869919435
14761128,0,IN-RANGE,mean_baseline,none,1.3005255506078945,0.9030899869919435
14761128,0,IN-RANGE,median_baseline,none,1.2787536009528289,0.9030899869919435
14761130,0,IN-RANGE,mean_baseline,none,1.3005255506078945,0.9030899869919435
14761130,0,IN-RANGE,median_baseline,none,1.2787536009528289,0.9030899869919435
14761137,0,IN-RANGE,mean_baseline,none,1.3005255506078945,0.9201233262907239
14761137,0,IN-RANGE,median_baseline,none,1.2787536009528289,0.9201233262907239
14761149,0,IN-RANGE,mean_baseline,none,1.3005255506078945,0.9299295600845878
14761149,0,IN-RANGE,median_baseline,none,1.2787536009528289,0.9299295600845878
14761150,0,IN-RANGE,mean_baseline,none,1.3005255506078945,0.9380190974762103
14761150,0,IN-RANGE,median_baseline,none,1.2787536009528289,0.9380190974762103
14761170,0,IN-RANGE,mean_baseline,none,1.3005255506078945,0.9542425094393249
14761170,0,IN-RANGE,median_baseline,none,1.2787536009528289,0.9542425094393249
14761171,0,IN-RANGE,mean_baseline,none,1.3005255506078945,0.9542425094393249
14761171,0,IN-RANGE,median_baseline,none,1.2787536009528289,0.9542425094393249
14761178,0,IN-RANGE,mean_baseline,none,1.3005255506078945,0.9542425094393249
14761178,0,IN-RANGE,median_baseline,none,1.2787536009528289,0.9542425094393249
14761192,0,IN-RANGE,mean_baseline,none,1.3005255506078945,0.9599948383284161
14761192,0,IN-RANGE,median_baseline,none,1.2787536009528289,0.9599948383284161
14761230,0,IN-RANGE,mean_baseline,none,1.3005255506078945,1.0
14761230,0,IN-RANGE,median_baseline,none,1.2787536009528289,1.0
14761237,0,IN-RANGE,mean_baseline,none,1.3005255506078945,1.0
14761237,0,IN-RANGE,median_baseline,none,1.2787536009528289,1.0
14761254,0,IN-RANGE,mean_baseline,none,1.3005255506078945,1.02816441942447
14761254,0,IN-RANGE,median_baseline,none,1.2787536009528289,1.02816441942447
14761277,0,IN-RANGE,mean_baseline,none,1.3005255506078945,1.0413926851582251
14761277,0,IN-RANGE,median_baseline,none,1.2787536009528289,1.0413926851582251
14761278,0,IN-RANGE,mean_baseline,none,1.3005255506078945,1.0413926851582251
14761278,0,IN-RANGE,median_baseline,none,1.2787536009528289,1.0413926851582251
14761279,0,IN-RANGE,mean_baseline,none,1.3005255506078945,1.0413926851582251
14761279,0,IN-RANGE,median_baseline,none,1.2787536009528289,1.0413926851582251
14761287,0,IN-RANGE,mean_baseline,none,1.3005255506078945,1.0413926851582251
14761287,0,IN-RANGE,median_baseline,none,1.2787536009528289,1.0413926851582251
14761288,0,IN-RANGE,mean_baseline,none,1.3005255506078945,1.0499928569201427
14761288,0,IN-RANGE,median_baseline,none,1.2787536009528289,1.0499928569201427
14761291,0,IN-RANGE,mean_baseline,none,1.3005255506078945,1.0499928569201427
14761291,0,IN-RANGE,median_baseline,none,1.2787536009528289,1.0499928569201427
14761298,0,IN-RANGE,mean_baseline,none,1.3005255506078945,1.0599418880619547
14761298,0,IN-RANGE,median_baseline,none,1.2787536009528289,1.0599418880619547
14761300,0,IN-RANGE,mean_baseline,none,1.3005255506078945,1.0599418880619547
14761300,0,IN-RANGE,median_baseline,none,1.2787536009528289,1.0599418880619547
14761313,0,IN-RANGE,mean_baseline,none,1.3005255506078945,1.0791812460476249
14761313,0,IN-RANGE,median_baseline,none,1.2787536009528289,1.0791812460476249
14761316,0,IN-RANGE,mean_baseline,none,1.3005255506078945,1.0791812460476249
14761316,0,IN-RANGE,median_baseline,none,1.2787536009528289,1.0791812460476249
14761318,0,IN-RANGE,mean_baseline,none,1.3005255506078945,1.0791812460476249
14761318,0,IN-RANGE,median_baseline,none,1.2787536009528289,1.0791812460476249
14761319,0,IN-RANGE,mean_baseline,none,1.3005255506078945,1.0791812460476249
14761319,0,IN-RANGE,median_baseline,none,1.2787536009528289,1.0791812460476249
14761323,0,IN-RANGE,mean_baseline,none,1.3005255506078945,1.0791812460476249
14761323,0,IN-RANGE,median_baseline,none,1.2787536009528289,1.0791812460476249
14761340,0,IN-RANGE,mean_baseline,none,1.3005255506078945,1.089905111439398
14761340,0,IN-RANGE,median_baseline,none,1.2787536009528289,1.089905111439398
14761341,0,IN-RANGE,mean_baseline,none,1.3005255506078945,1.089905111439398
14761341,0,IN-RANGE,median_baseline,none,1.2787536009528289,1.089905111439398
14761364,0,IN-RANGE,mean_baseline,none,1.3005255506078945,1.1139433523068367
14761364,0,IN-RANGE,median_baseline,none,1.2787536009528289,1.1139433523068367
14761366,0,IN-RANGE,mean_baseline,none,1.3005255506078945,1.1139433523068367
14761366,0,IN-RANGE,median_baseline,none,1.2787536009528289,1.1139433523068367
14762211,0,IN-RANGE,mean_baseline,none,1.3005255506078945,1.130333768495006
14762211,0,IN-RANGE,median_baseline,none,1.2787536009528289,1.130333768495006
14762220,0,IN-RANGE,mean_baseline,none,1.3005255506078945,1.1398790864012365
14762220,0,IN-RANGE,median_baseline,none,1.2787536009528289,1.1398790864012365
14762221,0,IN-RANGE,mean_baseline,none,1.3005255506078945,1.1398790864012365
14762221,0,IN-RANGE,median_baseline,none,1.2787536009528289,1.1398790864012365
14762222,0,IN-RANGE,mean_baseline,none,1.3005255506078945,1.1398790864012365
14762222,0,IN-RANGE,median_baseline,none,1.2787536009528289,1.1398790864012365
14762227,0,IN-RANGE,mean_baseline,none,1.3005255506078945,1.146128035678238
14762227,0,IN-RANGE,median_baseline,none,1.2787536009528289,1.146128035678238
14762230,0,IN-RANGE,mean_baseline,none,1.3005255506078945,1.146128035678238
14762230,0,IN-RANGE,median_baseline,none,1.2787536009528289,1.146128035678238
14762242,0,IN-RANGE,mean_baseline,none,1.3005255506078945,1.1501421618485586
14762242,0,IN-RANGE,median_baseline,none,1.2787536009528289,1.1501421618485586
14762243,0,IN-RANGE,mean_baseline,none,1.3005255506078945,1.1501421618485586
14762243,0,IN-RANGE,median_baseline,none,1.2787536009528289,1.1501421618485586
14762252,0,IN-RANGE,mean_baseline,none,1.3005255506078945,1.1598678470925667
14762252,0,IN-RANGE,median_baseline,none,1.2787536009528289,1.1598678470925667
14762255,0,IN-RANGE,mean_baseline,none,1.3005255506078945,1.1598678470925667
14762255,0,IN-RANGE,median_baseline,none,1.2787536009528289,1.1598678470925667
14762263,0,IN-RANGE,mean_baseline,none,1.3005255506078945,1.1699681739968923
14762263,0,IN-RANGE,median_baseline,none,1.2787536009528289,1.1699681739968923
14762277,0,IN-RANGE,mean_baseline,none,1.3005255506078945,1.1760912590556813
14762277,0,IN-RANGE,median_baseline,none,1.2787536009528289,1.1760912590556813
14762291,0,IN-RANGE,mean_baseline,none,1.3005255506078945,1.190051417759206
14762291,0,IN-RANGE,median_baseline,none,1.2787536009528289,1.190051417759206
14762303,0,IN-RANGE,mean_baseline,none,1.3005255506078945,1.2041199826559248
14762303,0,IN-RANGE,median_baseline,none,1.2787536009528289,1.2041199826559248
14762308,0,IN-RANGE,mean_baseline,none,1.3005255506078945,1.2041199826559248
14762308,0,IN-RANGE,median_baseline,none,1.2787536009528289,1.2041199826559248
14762319,0,IN-RANGE,mean_baseline,none,1.3005255506078945,1.2201080880400552
14762319,0,IN-RANGE,median_baseline,none,1.2787536009528289,1.2201080880400552
14762331,0,IN-RANGE,mean_baseline,none,1.3005255506078945,1.2304489213782739
14762331,0,IN-RANGE,median_baseline,none,1.2787536009528289,1.2304489213782739
14762387,0,IN-RANGE,mean_baseline,none,1.3005255506078945,1.2787536009528289
14762387,0,IN-RANGE,median_baseline,none,1.2787536009528289,1.2787536009528289
14762395,0,IN-RANGE,mean_baseline,none,1.3005255506078945,1.2798949800116382
14762395,0,IN-RANGE,median_baseline,none,1.2787536009528289,1.2798949800116382
14762396,0,IN-RANGE,mean_baseline,none,1.3005255506078945,1.2844307338445196
14762396,0,IN-RANGE,median_baseline,none,1.2787536009528289,1.2844307338445196
14762405,0,IN-RANGE,mean_baseline,none,1.3005255506078945,1.290034611362518
14762405,0,IN-RANGE,median_baseline,none,1.2787536009528289,1.290034611362518
14762425,0,IN-RANGE,mean_baseline,none,1.3005255506078945,1.3010299956639813
14762425,0,IN-RANGE,median_baseline,none,1.2787536009528289,1.3010299956639813
14762426,0,IN-RANGE,mean_baseline,none,1.3005255506078945,1.3010299956639813
14762426,0,IN-RANGE,median_baseline,none,1.2787536009528289,1.3010299956639813
14762435,0,IN-RANGE,mean_baseline,none,1.3005255506078945,1.3100557377508915
14762435,0,IN-RANGE,median_baseline,none,1.2787536009528289,1.3100557377508915
14762439,0,IN-RANGE,mean_baseline,none,1.3005255506078945,1.3117538610557542
14762439,0,IN-RANGE,median_baseline,none,1.2787536009528289,1.3117538610557542
14762452,0,IN-RANGE,mean_baseline,none,1.3005255506078945,1.3222192947339193
14762452,0,IN-RANGE,median_baseline,none,1.2787536009528289,1.3222192947339193
14762460,0,IN-RANGE,mean_baseline,none,1.3005255506078945,1.330007700872759
14762460,0,IN-RANGE,median_baseline,none,1.2787536009528289,1.330007700872759
14763275,0,IN-RANGE,mean_baseline,none,1.3005255506078945,1.3710678622717363
14763275,0,IN-RANGE,median_baseline,none,1.2787536009528289,1.3710678622717363
14763304,0,IN-RANGE,mean_baseline,none,1.3005255506078945,1.3979400086720377
14763304,0,IN-RANGE,median_baseline,none,1.2787536009528289,1.3979400086720377
14763331,0,IN-RANGE,mean_baseline,none,1.3005255506078945,1.420450859106068
14763331,0,IN-RANGE,median_baseline,none,1.2787536009528289,1.420450859106068
14763345,0,IN-RANGE,mean_baseline,none,1.3005255506078945,1.4313637641589874
14763345,0,IN-RANGE,median_baseline,none,1.2787536009528289,1.4313637641589874
14763346,0,IN-RANGE,mean_baseline,none,1.3005255506078945,1.4313637641589874
14763346,0,IN-RANGE,median_baseline,none,1.2787536009528289,1.4313637641589874
14763366,0,IN-RANGE,mean_baseline,none,1.3005255506078945,1.4471580313422192
14763366,0,IN-RANGE,median_baseline,none,1.2787536009528289,1.4471580313422192
14763377,0,IN-RANGE,mean_baseline,none,1.3005255506078945,1.4574276929464844
14763377,0,IN-RANGE,median_baseline,none,1.2787536009528289,1.4574276929464844
14763426,0,IN-RANGE,mean_baseline,none,1.3005255506078945,1.4913616938342726
14763426,0,IN-RANGE,median_baseline,none,1.2787536009528289,1.4913616938342726
14763437,0,IN-RANGE,mean_baseline,none,1.3005255506078945,1.5100085129402347
14763437,0,IN-RANGE,median_baseline,none,1.2787536009528289,1.5100085129402347
14763447,0,IN-RANGE,mean_baseline,none,1.3005255506078945,1.5185139398778875
14763447,0,IN-RANGE,median_baseline,none,1.2787536009528289,1.5185139398778875
14763449,0,IN-RANGE,mean_baseline,none,1.3005255506078945,1.5199591807520685
14763449,0,IN-RANGE,median_baseline,none,1.2787536009528289,1.5199591807520685
14763457,0,IN-RANGE,mean_baseline,none,1.3005255506078945,1.5314789170422551
14763457,0,IN-RANGE,median_baseline,none,1.2787536009528289,1.5314789170422551
14763463,0,IN-RANGE,mean_baseline,none,1.3005255506078945,1.5399538416563967
14763463,0,IN-RANGE,median_baseline,none,1.2787536009528289,1.5399538416563967
14763470,0,IN-RANGE,mean_baseline,none,1.3005255506078945,1.5440680443502757
14763470,0,IN-RANGE,median_baseline,none,1.2787536009528289,1.5440680443502757
14763472,0,IN-RANGE,mean_baseline,none,1.3005255506078945,1.5440680443502757
14763472,0,IN-RANGE,median_baseline,none,1.2787536009528289,1.5440680443502757
14763486,0,IN-RANGE,mean_baseline,none,1.3005255506078945,1.5563025007672873
14763486,0,IN-RANGE,median_baseline,none,1.2787536009528289,1.5563025007672873
14763501,0,IN-RANGE,mean_baseline,none,1.3005255506078945,1.569958818096594
14763501,0,IN-RANGE,median_baseline,none,1.2787536009528289,1.569958818096594
14763502,0,IN-RANGE,mean_baseline,none,1.3005255506078945,1.569958818096594
14763502,0,IN-RANGE,median_baseline,none,1.2787536009528289,1.569958818096594
14764282,0,IN-RANGE,mean_baseline,none,1.3005255506078945,1.5797835966168101
14764282,0,IN-RANGE,median_baseline,none,1.2787536009528289,1.5797835966168101
14764283,0,IN-RANGE,mean_baseline,none,1.3005255506078945,1.5797835966168101
14764283,0,IN-RANGE,median_baseline,none,1.2787536009528289,1.5797835966168101
14764298,0,IN-RANGE,mean_baseline,none,1.3005255506078945,1.591064607026499
14764298,0,IN-RANGE,median_baseline,none,1.2787536009528289,1.591064607026499
14764304,0,IN-RANGE,mean_baseline,none,1.3005255506078945,1.599992177584098
14764304,0,IN-RANGE,median_baseline,none,1.2787536009528289,1.599992177584098
14764320,0,IN-RANGE,mean_baseline,none,1.3005255506078945,1.6127838567197355
14764320,0,IN-RANGE,median_baseline,none,1.2787536009528289,1.6127838567197355
14764326,0,IN-RANGE,mean_baseline,none,1.3005255506078945,1.6200318951262973
14764326,0,IN-RANGE,median_baseline,none,1.2787536009528289,1.6200318951262973
14764330,0,IN-RANGE,mean_baseline,none,1.3005255506078945,1.6232492903979006
14764330,0,IN-RANGE,median_baseline,none,1.2787536009528289,1.6232492903979006
14764354,0,IN-RANGE,mean_baseline,none,1.3005255506078945,1.6399842480415885
14764354,0,IN-RANGE,median_baseline,none,1.2787536009528289,1.6399842480415885
14764355,0,IN-RANGE,mean_baseline,none,1.3005255506078945,1.6399842480415885
14764355,0,IN-RANGE,median_baseline,none,1.2787536009528289,1.6399842480415885
14764371,0,IN-RANGE,mean_baseline,none,1.3005255506078945,1.6600112212893308
14764371,0,IN-RANGE,median_baseline,none,1.2787536009528289,1.6600112212893308
14764386,0,IN-RANGE,mean_baseline,none,1.3005255506078945,1.6812412373755872
14764386,0,IN-RANGE,median_baseline,none,1.2787536009528289,1.6812412373755872
14764390,0,IN-RANGE,mean_baseline,none,1.3005255506078945,1.6900187807886953
14764390,0,IN-RANGE,median_baseline,none,1.2787536009528289,1.6900187807886953
14764391,0,IN-RANGE,mean_baseline,none,1.3005255506078945,1.6900187807886953
14764391,0,IN-RANGE,median_baseline,none,1.2787536009528289,1.6900187807886953
14764392,0,IN-RANGE,mean_baseline,none,1.3005255506078945,1.6901960800285136
14764392,0,IN-RANGE,median_baseline,none,1.2787536009528289,1.6901960800285136
14764403,0,IN-RANGE,mean_baseline,none,1.3005255506078945,1.7000110623221123
14764403,0,IN-RANGE,median_baseline,none,1.2787536009528289,1.7000110623221123
14764409,0,IN-RANGE,mean_baseline,none,1.3005255506078945,1.7075701760979363
14764409,0,IN-RANGE,median_baseline,none,1.2787536009528289,1.7075701760979363
14764414,0,IN-RANGE,mean_baseline,none,1.3005255506078945,1.7100326990657535
14764414,0,IN-RANGE,median_baseline,none,1.2787536009528289,1.7100326990657535
14764426,0,IN-RANGE,mean_baseline,none,1.3005255506078945,1.7199938263676038
14764426,0,IN-RANGE,median_baseline,none,1.2787536009528289,1.7199938263676038
14764430,0,IN-RANGE,mean_baseline,none,1.3005255506078945,1.724275869600789
14764430,0,IN-RANGE,median_baseline,none,1.2787536009528289,1.724275869600789
14764437,0,IN-RANGE,mean_baseline,none,1.3005255506078945,1.7323937598229686
14764437,0,IN-RANGE,median_baseline,none,1.2787536009528289,1.7323937598229686
14764446,0,IN-RANGE,mean_baseline,none,1.3005255506078945,1.7399676967595095
14764446,0,IN-RANGE,median_baseline,none,1.2787536009528289,1.7399676967595095
14764451,0,IN-RANGE,mean_baseline,none,1.3005255506078945,1.7481880270062005
14764451,0,IN-RANGE,median_baseline,none,1.2787536009528289,1.7481880270062005
14764452,0,IN-RANGE,mean_baseline,none,1.3005255506078945,1.7481880270062005
14764452,0,IN-RANGE,median_baseline,none,1.2787536009528289,1.7481880270062005
14764459,0,IN-RANGE,mean_baseline,none,1.3005255506078945,1.749968083509403
14764459,0,IN-RANGE,median_baseline,none,1.2787536009528289,1.749968083509403
14764466,0,IN-RANGE,mean_baseline,none,1.3005255506078945,1.7634279935629373
14764466,0,IN-RANGE,median_baseline,none,1.2787536009528289,1.7634279935629373
14764467,0,IN-RANGE,mean_baseline,none,1.3005255506078945,1.7634279935629373
14764467,0,IN-RANGE,median_baseline,none,1.2787536009528289,1.7634279935629373
14764472,0,IN-RANGE,mean_baseline,none,1.3005255506078945,1.7708520116421442
14764472,0,IN-RANGE,median_baseline,none,1.2787536009528289,1.7708520116421442
14764473,0,IN-RANGE,mean_baseline,none,1.3005255506078945,1.7708520116421442
14764473,0,IN-RANGE,median_baseline,none,1.2787536009528289,1.7708520116421442
14764480,0,IN-RANGE,mean_baseline,none,1.3005255506078945,1.7781512503836436
14764480,0,IN-RANGE,median_baseline,none,1.2787536009528289,1.7781512503836436
14764493,0,IN-RANGE,mean_baseline,none,1.3005255506078945,1.792391689498254
14764493,0,IN-RANGE,median_baseline,none,1.2787536009528289,1.792391689498254
14765331,0,IN-RANGE,mean_baseline,none,1.3005255506078945,1.8573324964312685
14765331,0,IN-RANGE,median_baseline,none,1.2787536009528289,1.8573324964312685
14765381,0,IN-RANGE,mean_baseline,none,1.3005255506078945,1.919078092376074
14765381,0,IN-RANGE,median_baseline,none,1.2787536009528289,1.919078092376074
14765391,0,IN-RANGE,mean_baseline,none,1.3005255506078945,1.9294189257142926
14765391,0,IN-RANGE,median_baseline,none,1.2787536009528289,1.9294189257142926
14765392,0,IN-RANGE,mean_baseline,none,1.3005255506078945,1.9294189257142926
14765392,0,IN-RANGE,median_baseline,none,1.2787536009528289,1.9294189257142926
14765394,0,IN-RANGE,mean_baseline,none,1.3005255506078945,1.9299805905155147
14765394,0,IN-RANGE,median_baseline,none,1.2787536009528289,1.9299805905155147
14765395,0,IN-RANGE,mean_baseline,none,1.3005255506078945,1.9344984512435677
14765395,0,IN-RANGE,median_baseline,none,1.2787536009528289,1.9344984512435677
14765407,0,IN-RANGE,mean_baseline,none,1.3005255506078945,1.9444826721501687
14765407,0,IN-RANGE,median_baseline,none,1.2787536009528289,1.9444826721501687
14765425,0,IN-RANGE,mean_baseline,none,1.3005255506078945,1.9731278535996986
14765425,0,IN-RANGE,median_baseline,none,1.2787536009528289,1.9731278535996986
14765426,0,IN-RANGE,mean_baseline,none,1.3005255506078945,1.9731278535996986
14765426,0,IN-RANGE,median_baseline,none,1.2787536009528289,1.9731278535996986
14765432,0,IN-RANGE,mean_baseline,none,1.3005255506078945,1.9800033715837464
14765432,0,IN-RANGE,median_baseline,none,1.2787536009528289,1.9800033715837464
14765440,0,IN-RANGE,mean_baseline,none,1.3005255506078945,1.99563519459755
14765440,0,IN-RANGE,median_baseline,none,1.2787536009528289,1.99563519459755
14765452,0,IN-RANGE,mean_baseline,none,1.3005255506078945,2.012837224705172
14765452,0,IN-RANGE,median_baseline,none,1.2787536009528289,2.012837224705172
14765460,0,IN-RANGE,mean_baseline,none,1.3005255506078945,2.019988159591285
14765460,0,IN-RANGE,median_baseline,none,1.2787536009528289,2.019988159591285
14765463,0,IN-RANGE,mean_baseline,none,1.3005255506078945,2.019988159591285
14765463,0,IN-RANGE,median_baseline,none,1.2787536009528289,2.019988159591285
14765468,0,IN-RANGE,mean_baseline,none,1.3005255506078945,2.0293837776852097
14765468,0,IN-RANGE,median_baseline,none,1.2787536009528289,2.0293837776852097
14765483,0,IN-RANGE,mean_baseline,none,1.3005255506078945,2.0492180226701815
14765483,0,IN-RANGE,median_baseline,none,1.2787536009528289,2.0492180226701815
14765487,0,IN-RANGE,mean_baseline,none,1.3005255506078945,2.0499928569201424
14765487,0,IN-RANGE,median_baseline,none,1.2787536009528289,2.0499928569201424
14765494,0,IN-RANGE,mean_baseline,none,1.3005255506078945,2.0644579892269186
14765494,0,IN-RANGE,median_baseline,none,1.2787536009528289,2.0644579892269186
14765500,0,IN-RANGE,mean_baseline,none,1.3005255506078945,2.070000903802345
14765500,0,IN-RANGE,median_baseline,none,1.2787536009528289,2.070000903802345
14765503,0,IN-RANGE,mean_baseline,none,1.3005255506078945,2.0755469613925306
14765503,0,IN-RANGE,median_baseline,none,1.2787536009528289,2.0755469613925306
14765529,0,IN-RANGE,mean_baseline,none,1.3005255506078945,2.109983294819892
14765529,0,IN-RANGE,median_baseline,none,1.2787536009528289,2.109983294819892
14765536,0,IN-RANGE,mean_baseline,none,1.3005255506078945,2.1271047983648077
14765536,0,IN-RANGE,median_baseline,none,1.2787536009528289,2.1271047983648077
14765551,0,IN-RANGE,mean_baseline,none,1.3005255506078945,2.146128035678238
14765551,0,IN-RANGE,median_baseline,none,1.2787536009528289,2.146128035678238
14766485,0,ABOVE,mean_baseline,none,1.3005255506078945,
14766485,0,ABOVE,median_baseline,none,1.2787536009528289,
14766487,0,ABOVE,mean_baseline,none,1.3005255506078945,
14766487,0,ABOVE,median_baseline,none,1.2787536009528289,
14766492,0,ABOVE,mean_baseline,none,1.3005255506078945,
14766492,0,ABOVE,median_baseline,none,1.2787536009528289,
14766493,0,ABOVE,mean_baseline,none,1.3005255506078945,
14766493,0,ABOVE,median_baseline,none,1.2787536009528289,
14766495,0,ABOVE,mean_baseline,none,1.3005255506078945,
14766495,0,ABOVE,median_baseline,none,1.2787536009528289,
14766497,0,ABOVE,mean_baseline,none,1.3005255506078945,
14766497,0,ABOVE,median_baseline,none,1.2787536009528289,
14766503,0,ABOVE,mean_baseline,none,1.3005255506078945,
14766503,0,ABOVE,median_baseline,none,1.2787536009528289,
14766508,0,ABOVE,mean_baseline,none,1.3005255506078945,
14766508,0,ABOVE,median_baseline,none,1.2787536009528289,
14766522,0,ABOVE,mean_baseline,none,1.3005255506078945,
14766522,0,ABOVE,median_baseline,none,1.2787536009528289,
14766527,0,ABOVE,mean_baseline,none,1.3005255506078945,
14766527,0,ABOVE,median_baseline,none,1.2787536009528289,
14766539,0,ABOVE,mean_baseline,none,1.3005255506078945,
14766539,0,ABOVE,median_baseline,none,1.2787536009528289,
14766542,0,ABOVE,mean_baseline,none,1.3005255506078945,
14766542,0,ABOVE,median_baseline,none,1.2787536009528289,
14766555,0,ABOVE,mean_baseline,none,1.3005255506078945,
14766555,0,ABOVE,median_baseline,none,1.2787536009528289,
14766557,0,ABOVE,mean_baseline,none,1.3005255506078945,
14766557,0,ABOVE,median_baseline,none,1.2787536009528289,
14766558,0,ABOVE,mean_baseline,none,1.3005255506078945,
14766558,0,ABOVE,median_baseline,none,1.2787536009528289,
14766565,0,ABOVE,mean_baseline,none,1.3005255506078945,
14766565,0,ABOVE,median_baseline,none,1.2787536009528289,
14766568,0,ABOVE,mean_baseline,none,1.3005255506078945,
14766568,0,ABOVE,median_baseline,none,1.2787536009528289,
14769822,0,BELOW,mean_baseline,none,1.3005255506078945,
14769822,0,BELOW,median_baseline,none,1.2787536009528289,
14769825,0,BELOW,mean_baseline,none,1.3005255506078945,
14769825,0,BELOW,median_baseline,none,1.2787536009528289,
14769827,0,BELOW,mean_baseline,none,1.3005255506078945,
14769827,0,BELOW,median_baseline,none,1.2787536009528289,
14769835,0,BELOW,mean_baseline,none,1.3005255506078945,
14769835,0,BELOW,median_baseline,none,1.2787536009528289,
14769840,0,BELOW,mean_baseline,none,1.3005255506078945,
14769840,0,BELOW,median_baseline,none,1.2787536009528289,
14769844,0,BELOW,mean_baseline,none,1.3005255506078945,
14769844,0,BELOW,median_baseline,none,1.2787536009528289,
14769846,0,BELOW,mean_baseline,none,1.3005255506078945,
14769846,0,BELOW,median_baseline,none,1.2787536009528289,
14769847,0,BELOW,mean_baseline,none,1.3005255506078945,
14769847,0,BELOW,median_baseline,none,1.2787536009528289,
14769851,0,BELOW,mean_baseline,none,1.3005255506078945,
14769851,0,BELOW,median_baseline,none,1.2787536009528289,
14769852,0,BELOW,mean_baseline,none,1.3005255506078945,
14769852,0,BELOW,median_baseline,none,1.2787536009528289,
14769853,0,BELOW,mean_baseline,none,1.3005255506078945,
14769853,0,BELOW,median_baseline,none,1.2787536009528289,
14769858,0,BELOW,mean_baseline,none,1.3005255506078945,
14769858,0,BELOW,median_baseline,none,1.2787536009528289,
14769861,0,BELOW,mean_baseline,none,1.3005255506078945,
14769861,0,BELOW,median_baseline,none,1.2787536009528289,
14769864,0,BELOW,mean_baseline,none,1.3005255506078945,
14769864,0,BELOW,median_baseline,none,1.2787536009528289,
14769871,0,BELOW,mean_baseline,none,1.3005255506078945,
14769871,0,BELOW,median_baseline,none,1.2787536009528289,
14769873,0,BELOW,mean_baseline,none,1.3005255506078945,
14769873,0,BELOW,median_baseline,none,1.2787536009528289,
14769878,0,BELOW,mean_baseline,none,1.3005255506078945,
14769878,0,BELOW,median_baseline,none,1.2787536009528289,
14769882,0,BELOW,mean_baseline,none,1.3005255506078945,
14769882,0,BELOW,median_baseline,none,1.2787536009528289,
14769887,0,BELOW,mean_baseline,none,1.3005255506078945,
14769887,0,BELOW,median_baseline,none,1.2787536009528289,
14769888,0,BELOW,mean_baseline,none,1.3005255506078945,
14769888,0,BELOW,median_baseline,none,1.2787536009528289,
14758722,0,BELOW,Ridge,descriptors,1.214954832206263,
14758734,0,BELOW,Ridge,descriptors,1.260499204107733,
14758750,0,BELOW,Ridge,descriptors,1.2996196062748187,
14758753,0,BELOW,Ridge,descriptors,1.3031615223783766,
14758757,0,BELOW,Ridge,descriptors,1.2034943200457862,
14758760,0,BELOW,Ridge,descriptors,1.2409251887997204,
14758763,0,BELOW,Ridge,descriptors,1.2595739638144914,
14758770,0,BELOW,Ridge,descriptors,1.2133028395854817,
14758771,0,BELOW,Ridge,descriptors,1.2443372274959175,
14758772,0,BELOW,Ridge,descriptors,1.2630238536979403,
14758779,0,BELOW,Ridge,descriptors,1.2923196229795864,
14758791,0,BELOW,Ridge,descriptors,1.2269848835928647,
14758795,0,BELOW,Ridge,descriptors,1.252507214524208,
14758804,0,BELOW,Ridge,descriptors,1.1401640251686733,
14758806,0,BELOW,Ridge,descriptors,1.2704057418934047,
14758809,0,BELOW,Ridge,descriptors,1.2704057418934047,
14758816,0,BELOW,Ridge,descriptors,1.3164303459031101,
14758821,0,BELOW,Ridge,descriptors,1.212573050101974,
14758827,0,BELOW,Ridge,descriptors,1.163461693947272,
14758828,0,BELOW,Ridge,descriptors,1.212359715941763,
14758830,0,BELOW,Ridge,descriptors,1.2315737466954306,
14758831,0,BELOW,Ridge,descriptors,1.2285457137091358,
14758834,0,BELOW,Ridge,descriptors,1.2910645610046034,
14758857,0,BELOW,Ridge,descriptors,1.2672135225900116,
14758862,0,BELOW,Ridge,descriptors,1.216969870490108,
14758871,0,BELOW,Ridge,descriptors,1.2104733258097367,
14758878,0,BELOW,Ridge,descriptors,1.2668104588189943,
14758887,0,BELOW,Ridge,descriptors,1.3395290955590027,
14758892,0,BELOW,Ridge,descriptors,1.355651959041295,
14758894,0,BELOW,Ridge,descriptors,1.227129002529997,
14758895,0,BELOW,Ridge,descriptors,1.2915860242399089,
14758897,0,BELOW,Ridge,descriptors,1.21007607588067,
14758920,0,BELOW,Ridge,descriptors,1.1302381106018726,
14758921,0,BELOW,Ridge,descriptors,1.2332587186171193,
14758924,0,IN-RANGE,Ridge,descriptors,1.1972821691991327,0.48000694295715063
14758935,0,IN-RANGE,Ridge,descriptors,1.1664659926329572,0.5198279937757188
14758973,0,IN-RANGE,Ridge,descriptors,1.3514332367839998,0.6020599913279624
14758980,0,IN-RANGE,Ridge,descriptors,1.2459657308579961,0.6020599913279624
14758993,0,IN-RANGE,Ridge,descriptors,1.309426265502238,0.60959440922522
14758999,0,IN-RANGE,Ridge,descriptors,1.1587998497475138,0.6201360549737575
14759810,0,IN-RANGE,Ridge,descriptors,1.2592803073437613,0.6989700043360189
14759825,0,IN-RANGE,Ridge,descriptors,1.216985560174371,0.6989700043360189
14759860,0,IN-RANGE,Ridge,descriptors,1.2097325491433455,0.7403626894942439
14759862,0,IN-RANGE,Ridge,descriptors,1.3870146468725872,0.7403626894942439
14759864,0,IN-RANGE,Ridge,descriptors,1.3134736224882997,0.7403626894942439
14759895,0,IN-RANGE,Ridge,descriptors,1.30646419742837,0.7781512503836436
14759906,0,IN-RANGE,Ridge,descriptors,1.217537457357778,0.7781512503836436
14759907,0,IN-RANGE,Ridge,descriptors,1.2827734156145625,0.7781512503836436
14759922,0,IN-RANGE,Ridge,descriptors,1.3875979287652358,0.7902851640332417
14759955,0,IN-RANGE,Ridge,descriptors,1.2552223838852987,0.8401060944567578
14760008,0,IN-RANGE,Ridge,descriptors,1.2601912571790375,0.8802417758954804
14760032,0,IN-RANGE,Ridge,descriptors,1.3425127887205583,0.9030899869919435
14761128,0,IN-RANGE,Ridge,descriptors,1.1571977523778558,0.9030899869919435
14761130,0,IN-RANGE,Ridge,descriptors,1.2886271155811375,0.9030899869919435
14761137,0,IN-RANGE,Ridge,descriptors,1.2310469182802217,0.9201233262907239
14761149,0,IN-RANGE,Ridge,descriptors,1.2211123192246636,0.9299295600845878
14761150,0,IN-RANGE,Ridge,descriptors,1.3498744160536282,0.9380190974762103
14761170,0,IN-RANGE,Ridge,descriptors,1.2918076374222462,0.9542425094393249
14761171,0,IN-RANGE,Ridge,descriptors,1.271290469798142,0.9542425094393249
14761178,0,IN-RANGE,Ridge,descriptors,1.2458160711673445,0.9542425094393249
14761192,0,IN-RANGE,Ridge,descriptors,1.2797059924628198,0.9599948383284161
14761230,0,IN-RANGE,Ridge,descriptors,1.211725899520323,1.0
14761237,0,IN-RANGE,Ridge,descriptors,1.2078965847630188,1.0
14761254,0,IN-RANGE,Ridge,descriptors,1.1451329311905167,1.02816441942447
14761277,0,IN-RANGE,Ridge,descriptors,1.292633755997345,1.0413926851582251
14761278,0,IN-RANGE,Ridge,descriptors,1.262103370126986,1.0413926851582251
14761279,0,IN-RANGE,Ridge,descriptors,1.5307880584020204,1.0413926851582251
14761287,0,IN-RANGE,Ridge,descriptors,1.3731459720111205,1.0413926851582251
14761288,0,IN-RANGE,Ridge,descriptors,1.1691781522819256,1.0499928569201427
14761291,0,IN-RANGE,Ridge,descriptors,1.372207213404669,1.0499928569201427
14761298,0,IN-RANGE,Ridge,descriptors,1.2393356600933603,1.0599418880619547
14761300,0,IN-RANGE,Ridge,descriptors,1.3521897966573502,1.0599418880619547
14761313,0,IN-RANGE,Ridge,descriptors,1.3208374604622355,1.0791812460476249
14761316,0,IN-RANGE,Ridge,descriptors,1.1695126739929056,1.0791812460476249
14761318,0,IN-RANGE,Ridge,descriptors,1.2407645350001564,1.0791812460476249
14761319,0,IN-RANGE,Ridge,descriptors,1.2811301078285253,1.0791812460476249
14761323,0,IN-RANGE,Ridge,descriptors,1.2634570364736846,1.0791812460476249
14761340,0,IN-RANGE,Ridge,descriptors,1.2038821583324315,1.089905111439398
14761341,0,IN-RANGE,Ridge,descriptors,1.2141023887294677,1.089905111439398
14761364,0,IN-RANGE,Ridge,descriptors,1.3016875303833249,1.1139433523068367
14761366,0,IN-RANGE,Ridge,descriptors,1.2048549871395702,1.1139433523068367
14762211,0,IN-RANGE,Ridge,descriptors,1.2601859669090778,1.130333768495006
14762220,0,IN-RANGE,Ridge,descriptors,1.400616879987313,1.1398790864012365
14762221,0,IN-RANGE,Ridge,descriptors,1.2027954626818054,1.1398790864012365
14762222,0,IN-RANGE,Ridge,descriptors,1.232763429533048,1.1398790864012365
14762227,0,IN-RANGE,Ridge,descriptors,1.328833017656541,1.146128035678238
14762230,0,IN-RANGE,Ridge,descriptors,1.2060506344170052,1.146128035678238
14762242,0,IN-RANGE,Ridge,descriptors,1.3200457218835475,1.1501421618485586
14762243,0,IN-RANGE,Ridge,descriptors,1.0749183113562686,1.1501421618485586
14762252,0,IN-RANGE,Ridge,descriptors,1.2108062973436113,1.1598678470925667
14762255,0,IN-RANGE,Ridge,descriptors,1.36230252975492,1.1598678470925667
14762263,0,IN-RANGE,Ridge,descriptors,1.1658592713302744,1.1699681739968923
14762277,0,IN-RANGE,Ridge,descriptors,1.254737311686591,1.1760912590556813
14762291,0,IN-RANGE,Ridge,descriptors,1.2165371560920522,1.190051417759206
14762303,0,IN-RANGE,Ridge,descriptors,1.112916417667028,1.2041199826559248
14762308,0,IN-RANGE,Ridge,descriptors,1.3628573328648819,1.2041199826559248
14762319,0,IN-RANGE,Ridge,descriptors,1.171756155211022,1.2201080880400552
14762331,0,IN-RANGE,Ridge,descriptors,1.196172481852381,1.2304489213782739
14762387,0,IN-RANGE,Ridge,descriptors,1.3658075437504722,1.2787536009528289
14762395,0,IN-RANGE,Ridge,descriptors,1.2906834177443496,1.2798949800116382
14762396,0,IN-RANGE,Ridge,descriptors,1.1512292269891302,1.2844307338445196
14762405,0,IN-RANGE,Ridge,descriptors,1.5953701326735676,1.290034611362518
14762425,0,IN-RANGE,Ridge,descriptors,1.2437435542986037,1.3010299956639813
14762426,0,IN-RANGE,Ridge,descriptors,1.5307880584020204,1.3010299956639813
14762435,0,IN-RANGE,Ridge,descriptors,1.4618832545600298,1.3100557377508915
14762439,0,IN-RANGE,Ridge,descriptors,1.123528933723295,1.3117538610557542
14762452,0,IN-RANGE,Ridge,descriptors,1.1469240417568847,1.3222192947339193
14762460,0,IN-RANGE,Ridge,descriptors,1.2836781960088968,1.330007700872759
14763275,0,IN-RANGE,Ridge,descriptors,1.2466272414725965,1.3710678622717363
14763304,0,IN-RANGE,Ridge,descriptors,1.4066178414880746,1.3979400086720377
14763331,0,IN-RANGE,Ridge,descriptors,1.3603037698788287,1.420450859106068
14763345,0,IN-RANGE,Ridge,descriptors,1.1469240417568847,1.4313637641589874
14763346,0,IN-RANGE,Ridge,descriptors,1.2202277188417385,1.4313637641589874
14763366,0,IN-RANGE,Ridge,descriptors,1.3306529112555103,1.4471580313422192
14763377,0,IN-RANGE,Ridge,descriptors,1.2520167839295235,1.4574276929464844
14763426,0,IN-RANGE,Ridge,descriptors,1.1926354909184433,1.4913616938342726
14763437,0,IN-RANGE,Ridge,descriptors,1.336598566611892,1.5100085129402347
14763447,0,IN-RANGE,Ridge,descriptors,1.2801178926622026,1.5185139398778875
14763449,0,IN-RANGE,Ridge,descriptors,1.2247637400364697,1.5199591807520685
14763457,0,IN-RANGE,Ridge,descriptors,1.285850765044404,1.5314789170422551
14763463,0,IN-RANGE,Ridge,descriptors,1.334900654153631,1.5399538416563967
14763470,0,IN-RANGE,Ridge,descriptors,1.2959224488677221,1.5440680443502757
14763472,0,IN-RANGE,Ridge,descriptors,1.53598925425986,1.5440680443502757
14763486,0,IN-RANGE,Ridge,descriptors,1.603523427369997,1.5563025007672873
14763501,0,IN-RANGE,Ridge,descriptors,1.387816190165544,1.569958818096594
14763502,0,IN-RANGE,Ridge,descriptors,1.2203298994245575,1.569958818096594
14764282,0,IN-RANGE,Ridge,descriptors,1.2713816501590238,1.5797835966168101
14764283,0,IN-RANGE,Ridge,descriptors,1.3029574512434663,1.5797835966168101
14764298,0,IN-RANGE,Ridge,descriptors,1.2135372266200586,1.591064607026499
14764304,0,IN-RANGE,Ridge,descriptors,1.2319180143684219,1.599992177584098
14764320,0,IN-RANGE,Ridge,descriptors,1.26405658672269,1.6127838567197355
14764326,0,IN-RANGE,Ridge,descriptors,1.198586751077443,1.6200318951262973
14764330,0,IN-RANGE,Ridge,descriptors,1.2923741032499514,1.6232492903979006
14764354,0,IN-RANGE,Ridge,descriptors,1.3029651862708125,1.6399842480415885
14764355,0,IN-RANGE,Ridge,descriptors,1.318498773892192,1.6399842480415885
14764371,0,IN-RANGE,Ridge,descriptors,1.3148924952389909,1.6600112212893308
14764386,0,IN-RANGE,Ridge,descriptors,1.312251997596144,1.6812412373755872
14764390,0,IN-RANGE,Ridge,descriptors,1.3143225832108318,1.6900187807886953
14764391,0,IN-RANGE,Ridge,descriptors,1.3117688163839432,1.6900187807886953
14764392,0,IN-RANGE,Ridge,descriptors,1.222825370776321,1.6901960800285136
14764403,0,IN-RANGE,Ridge,descriptors,1.1863630221180772,1.7000110623221123
14764409,0,IN-RANGE,Ridge,descriptors,1.1828113759762753,1.7075701760979363
14764414,0,IN-RANGE,Ridge,descriptors,1.1984272538539755,1.7100326990657535
14764426,0,IN-RANGE,Ridge,descriptors,1.4063110040452793,1.7199938263676038
14764430,0,IN-RANGE,Ridge,descriptors,1.270337823950272,1.724275869600789
14764437,0,IN-RANGE,Ridge,descriptors,1.4258409944187442,1.7323937598229686
14764446,0,IN-RANGE,Ridge,descriptors,1.409514478302918,1.7399676967595095
14764451,0,IN-RANGE,Ridge,descriptors,1.254386022651751,1.7481880270062005
14764452,0,IN-RANGE,Ridge,descriptors,1.3726350728057426,1.7481880270062005
14764459,0,IN-RANGE,Ridge,descriptors,1.2489240216752278,1.749968083509403
14764466,0,IN-RANGE,Ridge,descriptors,1.6285718781889416,1.7634279935629373
14764467,0,IN-RANGE,Ridge,descriptors,1.274827643228006,1.7634279935629373
14764472,0,IN-RANGE,Ridge,descriptors,1.3584861055711532,1.7708520116421442
14764473,0,IN-RANGE,Ridge,descriptors,1.2684556187141505,1.7708520116421442
14764480,0,IN-RANGE,Ridge,descriptors,1.2648122905079038,1.7781512503836436
14764493,0,IN-RANGE,Ridge,descriptors,1.2926107816326153,1.792391689498254
14765331,0,IN-RANGE,Ridge,descriptors,1.4219869645586125,1.8573324964312685
14765381,0,IN-RANGE,Ridge,descriptors,1.363972093700966,1.919078092376074
14765391,0,IN-RANGE,Ridge,descriptors,1.3412829820449466,1.9294189257142926
14765392,0,IN-RANGE,Ridge,descriptors,1.2440953264100756,1.9294189257142926
14765394,0,IN-RANGE,Ridge,descriptors,1.2070044190555487,1.9299805905155147
14765395,0,IN-RANGE,Ridge,descriptors,1.3083210716931157,1.9344984512435677
14765407,0,IN-RANGE,Ridge,descriptors,1.3345229654567352,1.9444826721501687
14765425,0,IN-RANGE,Ridge,descriptors,1.2639657994364166,1.9731278535996986
14765426,0,IN-RANGE,Ridge,descriptors,1.2521065376089566,1.9731278535996986
14765432,0,IN-RANGE,Ridge,descriptors,1.3826187652177269,1.9800033715837464
14765440,0,IN-RANGE,Ridge,descriptors,1.3997283876911577,1.99563519459755
14765452,0,IN-RANGE,Ridge,descriptors,1.1448650053639975,2.012837224705172
14765460,0,IN-RANGE,Ridge,descriptors,1.2352994621745939,2.019988159591285
14765463,0,IN-RANGE,Ridge,descriptors,1.380904364347136,2.019988159591285
14765468,0,IN-RANGE,Ridge,descriptors,1.2070985566997003,2.0293837776852097
14765483,0,IN-RANGE,Ridge,descriptors,1.1952701960949514,2.0492180226701815
14765487,0,IN-RANGE,Ridge,descriptors,1.4071440511654216,2.0499928569201424
14765494,0,IN-RANGE,Ridge,descriptors,1.274074283427737,2.0644579892269186
14765500,0,IN-RANGE,Ridge,descriptors,1.3525827614233918,2.070000903802345
14765503,0,IN-RANGE,Ridge,descriptors,1.2814524809363383,2.0755469613925306
14765529,0,IN-RANGE,Ridge,descriptors,1.2371622120073573,2.109983294819892
14765536,0,IN-RANGE,Ridge,descriptors,1.3575745642537402,2.1271047983648077
14765551,0,IN-RANGE,Ridge,descriptors,1.425011383271385,2.146128035678238
14766485,0,ABOVE,Ridge,descriptors,1.2615278292146286,
14766487,0,ABOVE,Ridge,descriptors,1.2075551426390605,
14766492,0,ABOVE,Ridge,descriptors,1.3745159308658272,
14766493,0,ABOVE,Ridge,descriptors,1.2061250041157399,
14766495,0,ABOVE,Ridge,descriptors,1.2212391925737431,
14766497,0,ABOVE,Ridge,descriptors,1.3318970365941922,
14766503,0,ABOVE,Ridge,descriptors,1.267425033377079,
14766508,0,ABOVE,Ridge,descriptors,1.34286548271229,
14766522,0,ABOVE,Ridge,descriptors,1.3153477040551116,
14766527,0,ABOVE,Ridge,descriptors,1.3079944198421294,
14766539,0,ABOVE,Ridge,descriptors,1.281698257454779,
14766542,0,ABOVE,Ridge,descriptors,1.187310522333796,
14766555,0,ABOVE,Ridge,descriptors,1.3669244825191875,
14766557,0,ABOVE,Ridge,descriptors,1.277918600062472,
14766558,0,ABOVE,Ridge,descriptors,1.2593887069034482,
14766565,0,ABOVE,Ridge,descriptors,1.277918600062472,
14766568,0,ABOVE,Ridge,descriptors,1.3725615444180104,
14769822,0,BELOW,Ridge,descriptors,1.4914591244645292,
14769825,0,BELOW,Ridge,descriptors,1.2484825979625602,
14769827,0,BELOW,Ridge,descriptors,1.2588992647579913,
14769835,0,BELOW,Ridge,descriptors,1.2560199968659407,
14769840,0,BELOW,Ridge,descriptors,1.310380982198144,
14769844,0,BELOW,Ridge,descriptors,1.2291873177687809,
14769846,0,BELOW,Ridge,descriptors,1.2200628561736933,
14769847,0,BELOW,Ridge,descriptors,1.3304434391169424,
14769851,0,BELOW,Ridge,descriptors,1.222738653215618,
14769852,0,BELOW,Ridge,descriptors,1.2459657308579961,
14769853,0,BELOW,Ridge,descriptors,1.2727920100996941,
14769858,0,BELOW,Ridge,descriptors,1.2375772109077061,
14769861,0,BELOW,Ridge,descriptors,1.2495384233537572,
14769864,0,BELOW,Ridge,descriptors,1.249759888849613,
14769871,0,BELOW,Ridge,descriptors,1.2942451204665026,
14769873,0,BELOW,Ridge,descriptors,1.197218426380617,
14769878,0,BELOW,Ridge,descriptors,1.2646377778937918,
14769882,0,BELOW,Ridge,descriptors,1.2086955159036257,
14769887,0,BELOW,Ridge,descriptors,1.2446873635858142,
14769888,0,BELOW,Ridge,descriptors,1.3719351792438097,
14758722,0,BELOW,RandomForestRegressor,descriptors,1.1778064015287628,
14758734,0,BELOW,RandomForestRegressor,descriptors,0.97593045043066,
14758750,0,BELOW,RandomForestRegressor,descriptors,1.3861106813735824,
14758753,0,BELOW,RandomForestRegressor,descriptors,1.3516678549203633,
14758757,0,BELOW,RandomForestRegressor,descriptors,1.264857827600572,
14758760,0,BELOW,RandomForestRegressor,descriptors,1.1251877283979181,
14758763,0,BELOW,RandomForestRegressor,descriptors,1.3534095252756735,
14758770,0,BELOW,RandomForestRegressor,descriptors,1.1496699398734471,
14758771,0,BELOW,RandomForestRegressor,descriptors,1.4022196397440947,
14758772,0,BELOW,RandomForestRegressor,descriptors,1.3422261125690471,
14758779,0,BELOW,RandomForestRegressor,descriptors,1.277072205587264,
14758791,0,BELOW,RandomForestRegressor,descriptors,1.3787643743461484,
14758795,0,BELOW,RandomForestRegressor,descriptors,1.3603029032356704,
14758804,0,BELOW,RandomForestRegressor,descriptors,1.291072800658684,
14758806,0,BELOW,RandomForestRegressor,descriptors,1.0270334481943935,
14758809,0,BELOW,RandomForestRegressor,descriptors,1.0270334481943935,
14758816,0,BELOW,RandomForestRegressor,descriptors,1.3003657217217195,
14758821,0,BELOW,RandomForestRegressor,descriptors,1.21944194186241,
14758827,0,BELOW,RandomForestRegressor,descriptors,1.0354779354971506,
14758828,0,BELOW,RandomForestRegressor,descriptors,1.3093209346074293,
14758830,0,BELOW,RandomForestRegressor,descriptors,1.2978721746741808,
14758831,0,BELOW,RandomForestRegressor,descriptors,1.2139182675264084,
14758834,0,BELOW,RandomForestRegressor,descriptors,1.6083514936153487,
14758857,0,BELOW,RandomForestRegressor,descriptors,1.22971570376024,
14758862,0,BELOW,RandomForestRegressor,descriptors,0.9027081442511523,
14758871,0,BELOW,RandomForestRegressor,descriptors,1.1933830339261269,
14758878,0,BELOW,RandomForestRegressor,descriptors,1.2403622872087374,
14758887,0,BELOW,RandomForestRegressor,descriptors,1.363143256950661,
14758892,0,BELOW,RandomForestRegressor,descriptors,1.0992073759459726,
14758894,0,BELOW,RandomForestRegressor,descriptors,1.4261707729060307,
14758895,0,BELOW,RandomForestRegressor,descriptors,0.9526739295536776,
14758897,0,BELOW,RandomForestRegressor,descriptors,1.2302563130169313,
14758920,0,BELOW,RandomForestRegressor,descriptors,1.1528904415249253,
14758921,0,BELOW,RandomForestRegressor,descriptors,1.3061164669106184,
14758924,0,IN-RANGE,RandomForestRegressor,descriptors,1.2279398580026804,0.48000694295715063
14758935,0,IN-RANGE,RandomForestRegressor,descriptors,0.9805576430361806,0.5198279937757188
14758973,0,IN-RANGE,RandomForestRegressor,descriptors,1.1636432993482975,0.6020599913279624
14758980,0,IN-RANGE,RandomForestRegressor,descriptors,1.2342075325218271,0.6020599913279624
14758993,0,IN-RANGE,RandomForestRegressor,descriptors,1.4045674584345482,0.60959440922522
14758999,0,IN-RANGE,RandomForestRegressor,descriptors,1.0578675677933547,0.6201360549737575
14759810,0,IN-RANGE,RandomForestRegressor,descriptors,1.2822447531690881,0.6989700043360189
14759825,0,IN-RANGE,RandomForestRegressor,descriptors,0.9161468509214267,0.6989700043360189
14759860,0,IN-RANGE,RandomForestRegressor,descriptors,1.3072775709044222,0.7403626894942439
14759862,0,IN-RANGE,RandomForestRegressor,descriptors,1.200930455744232,0.7403626894942439
14759864,0,IN-RANGE,RandomForestRegressor,descriptors,0.8681144574886767,0.7403626894942439
14759895,0,IN-RANGE,RandomForestRegressor,descriptors,1.364410004548979,0.7781512503836436
14759906,0,IN-RANGE,RandomForestRegressor,descriptors,1.222723781853018,0.7781512503836436
14759907,0,IN-RANGE,RandomForestRegressor,descriptors,0.9364876084975663,0.7781512503836436
14759922,0,IN-RANGE,RandomForestRegressor,descriptors,0.9747097515471762,0.7902851640332417
14759955,0,IN-RANGE,RandomForestRegressor,descriptors,1.3600193248407473,0.8401060944567578
14760008,0,IN-RANGE,RandomForestRegressor,descriptors,1.3777456055268784,0.8802417758954804
14760032,0,IN-RANGE,RandomForestRegressor,descriptors,1.3851474892761473,0.9030899869919435
14761128,0,IN-RANGE,RandomForestRegressor,descriptors,1.104263149977016,0.9030899869919435
14761130,0,IN-RANGE,RandomForestRegressor,descriptors,1.3339908701616812,0.9030899869919435
14761137,0,IN-RANGE,RandomForestRegressor,descriptors,1.2716094802123532,0.9201233262907239
14761149,0,IN-RANGE,RandomForestRegressor,descriptors,1.379162306649636,0.9299295600845878
14761150,0,IN-RANGE,RandomForestRegressor,descriptors,1.3548261832620367,0.9380190974762103
14761170,0,IN-RANGE,RandomForestRegressor,descriptors,1.2737950563811646,0.9542425094393249
14761171,0,IN-RANGE,RandomForestRegressor,descriptors,1.1707905987984173,0.9542425094393249
14761178,0,IN-RANGE,RandomForestRegressor,descriptors,0.8549879672866194,0.9542425094393249
14761192,0,IN-RANGE,RandomForestRegressor,descriptors,1.3144903642211674,0.9599948383284161
14761230,0,IN-RANGE,RandomForestRegressor,descriptors,1.3018385750910526,1.0
14761237,0,IN-RANGE,RandomForestRegressor,descriptors,1.4183705601234016,1.0
14761254,0,IN-RANGE,RandomForestRegressor,descriptors,1.0605097269986736,1.02816441942447
14761277,0,IN-RANGE,RandomForestRegressor,descriptors,1.260177936395025,1.0413926851582251
14761278,0,IN-RANGE,RandomForestRegressor,descriptors,1.3459348627113068,1.0413926851582251
14761279,0,IN-RANGE,RandomForestRegressor,descriptors,1.0842546541073335,1.0413926851582251
14761287,0,IN-RANGE,RandomForestRegressor,descriptors,1.3058190330502206,1.0413926851582251
14761288,0,IN-RANGE,RandomForestRegressor,descriptors,0.9624297027322902,1.0499928569201427
14761291,0,IN-RANGE,RandomForestRegressor,descriptors,1.5681744608787134,1.0499928569201427
14761298,0,IN-RANGE,RandomForestRegressor,descriptors,1.1591200449651498,1.0599418880619547
14761300,0,IN-RANGE,RandomForestRegressor,descriptors,1.431226985671272,1.0599418880619547
14761313,0,IN-RANGE,RandomForestRegressor,descriptors,0.9336489567554509,1.0791812460476249
14761316,0,IN-RANGE,RandomForestRegressor,descriptors,1.1647182227709434,1.0791812460476249
14761318,0,IN-RANGE,RandomForestRegressor,descriptors,1.258928639615033,1.0791812460476249
14761319,0,IN-RANGE,RandomForestRegressor,descriptors,1.285438366204998,1.0791812460476249
14761323,0,IN-RANGE,RandomForestRegressor,descriptors,1.2639707681272718,1.0791812460476249
14761340,0,IN-RANGE,RandomForestRegressor,descriptors,1.4113912040356618,1.089905111439398
14761341,0,IN-RANGE,RandomForestRegressor,descriptors,1.479282209983372,1.089905111439398
14761364,0,IN-RANGE,RandomForestRegressor,descriptors,1.3570362830931848,1.1139433523068367
14761366,0,IN-RANGE,RandomForestRegressor,descriptors,1.152276429519389,1.1139433523068367
14762211,0,IN-RANGE,RandomForestRegressor,descriptors,1.3879305450140473,1.130333768495006
14762220,0,IN-RANGE,RandomForestRegressor,descriptors,1.3071843013137359,1.1398790864012365
14762221,0,IN-RANGE,RandomForestRegressor,descriptors,1.0724766280284408,1.1398790864012365
14762222,0,IN-RANGE,RandomForestRegressor,descriptors,1.0337245358104168,1.1398790864012365
14762227,0,IN-RANGE,RandomForestRegressor,descriptors,1.1197425098976435,1.146128035678238
14762230,0,IN-RANGE,RandomForestRegressor,descriptors,1.3365782768403085,1.146128035678238
14762242,0,IN-RANGE,RandomForestRegressor,descriptors,1.205071516845097,1.1501421618485586
14762243,0,IN-RANGE,RandomForestRegressor,descriptors,0.9958557834060473,1.1501421618485586
14762252,0,IN-RANGE,RandomForestRegressor,descriptors,1.4039586982406085,1.1598678470925667
14762255,0,IN-RANGE,RandomForestRegressor,descriptors,1.2351690638013257,1.1598678470925667
14762263,0,IN-RANGE,RandomForestRegressor,descriptors,1.019628943916475,1.1699681739968923
14762277,0,IN-RANGE,RandomForestRegressor,descriptors,1.317198125670685,1.1760912590556813
14762291,0,IN-RANGE,RandomForestRegressor,descriptors,1.211825488393108,1.190051417759206
14762303,0,IN-RANGE,RandomForestRegressor,descriptors,0.940851068970879,1.2041199826559248
14762308,0,IN-RANGE,RandomForestRegressor,descriptors,1.2884873681573985,1.2041199826559248
14762319,0,IN-RANGE,RandomForestRegressor,descriptors,1.1590507090469024,1.2201080880400552
14762331,0,IN-RANGE,RandomForestRegressor,descriptors,1.1555121443016259,1.2304489213782739
14762387,0,IN-RANGE,RandomForestRegressor,descriptors,1.549492517949461,1.2787536009528289
14762395,0,IN-RANGE,RandomForestRegressor,descriptors,1.4379786135879618,1.2798949800116382
14762396,0,IN-RANGE,RandomForestRegressor,descriptors,1.2950293652359945,1.2844307338445196
14762405,0,IN-RANGE,RandomForestRegressor,descriptors,1.4833213882155778,1.290034611362518
14762425,0,IN-RANGE,RandomForestRegressor,descriptors,0.9069452830969559,1.3010299956639813
14762426,0,IN-RANGE,RandomForestRegressor,descriptors,1.0842546541073335,1.3010299956639813
14762435,0,IN-RANGE,RandomForestRegressor,descriptors,1.4628525568313693,1.3100557377508915
14762439,0,IN-RANGE,RandomForestRegressor,descriptors,1.3132593835029125,1.3117538610557542
14762452,0,IN-RANGE,RandomForestRegressor,descriptors,1.3680687809456615,1.3222192947339193
14762460,0,IN-RANGE,RandomForestRegressor,descriptors,1.2863647586978422,1.330007700872759
14763275,0,IN-RANGE,RandomForestRegressor,descriptors,1.279567054193274,1.3710678622717363
14763304,0,IN-RANGE,RandomForestRegressor,descriptors,1.328289233839193,1.3979400086720377
14763331,0,IN-RANGE,RandomForestRegressor,descriptors,1.2143094247411512,1.420450859106068
14763345,0,IN-RANGE,RandomForestRegressor,descriptors,1.3680687809456615,1.4313637641589874
14763346,0,IN-RANGE,RandomForestRegressor,descriptors,1.1011089895863735,1.4313637641589874
14763366,0,IN-RANGE,RandomForestRegressor,descriptors,1.20433974609071,1.4471580313422192
14763377,0,IN-RANGE,RandomForestRegressor,descriptors,1.3394558361319584,1.4574276929464844
14763426,0,IN-RANGE,RandomForestRegressor,descriptors,1.2575912458250003,1.4913616938342726
14763437,0,IN-RANGE,RandomForestRegressor,descriptors,1.3952896142094655,1.5100085129402347
14763447,0,IN-RANGE,RandomForestRegressor,descriptors,1.6294279261702236,1.5185139398778875
14763449,0,IN-RANGE,RandomForestRegressor,descriptors,1.275746574389062,1.5199591807520685
14763457,0,IN-RANGE,RandomForestRegressor,descriptors,1.433023646250371,1.5314789170422551
14763463,0,IN-RANGE,RandomForestRegressor,descriptors,1.3622524686229625,1.5399538416563967
14763470,0,IN-RANGE,RandomForestRegressor,descriptors,1.2428958309440796,1.5440680443502757
14763472,0,IN-RANGE,RandomForestRegressor,descriptors,1.1440391717009104,1.5440680443502757
14763486,0,IN-RANGE,RandomForestRegressor,descriptors,1.6022836412736714,1.5563025007672873
14763501,0,IN-RANGE,RandomForestRegressor,descriptors,1.2820726072431468,1.569958818096594
14763502,0,IN-RANGE,RandomForestRegressor,descriptors,1.1958450864110104,1.569958818096594
14764282,0,IN-RANGE,RandomForestRegressor,descriptors,1.5450385108393079,1.5797835966168101
14764283,0,IN-RANGE,RandomForestRegressor,descriptors,1.3056416406612448,1.5797835966168101
14764298,0,IN-RANGE,RandomForestRegressor,descriptors,1.2552698832668714,1.591064607026499
14764304,0,IN-RANGE,RandomForestRegressor,descriptors,1.5165955888811402,1.599992177584098
14764320,0,IN-RANGE,RandomForestRegressor,descriptors,1.351474733858664,1.6127838567197355
14764326,0,IN-RANGE,RandomForestRegressor,descriptors,1.3726500910091617,1.6200318951262973
14764330,0,IN-RANGE,RandomForestRegressor,descriptors,1.2234517167642132,1.6232492903979006
14764354,0,IN-RANGE,RandomForestRegressor,descriptors,1.5763491745209495,1.6399842480415885
14764355,0,IN-RANGE,RandomForestRegressor,descriptors,1.3539587384181793,1.6399842480415885
14764371,0,IN-RANGE,RandomForestRegressor,descriptors,1.5203274925592718,1.6600112212893308
14764386,0,IN-RANGE,RandomForestRegressor,descriptors,1.9969141061124498,1.6812412373755872
14764390,0,IN-RANGE,RandomForestRegressor,descriptors,1.2733662584902232,1.6900187807886953
14764391,0,IN-RANGE,RandomForestRegressor,descriptors,1.4638713004134833,1.6900187807886953
14764392,0,IN-RANGE,RandomForestRegressor,descriptors,1.2355658020372458,1.6901960800285136
14764403,0,IN-RANGE,RandomForestRegressor,descriptors,1.1554077689471673,1.7000110623221123
14764409,0,IN-RANGE,RandomForestRegressor,descriptors,1.571037906820207,1.7075701760979363
14764414,0,IN-RANGE,RandomForestRegressor,descriptors,1.4251507623578406,1.7100326990657535
14764426,0,IN-RANGE,RandomForestRegressor,descriptors,1.395375657808751,1.7199938263676038
14764430,0,IN-RANGE,RandomForestRegressor,descriptors,1.316639634403036,1.724275869600789
14764437,0,IN-RANGE,RandomForestRegressor,descriptors,1.3885788592230737,1.7323937598229686
14764446,0,IN-RANGE,RandomForestRegressor,descriptors,1.2984793240625832,1.7399676967595095
14764451,0,IN-RANGE,RandomForestRegressor,descriptors,1.1573112579568174,1.7481880270062005
14764452,0,IN-RANGE,RandomForestRegressor,descriptors,1.50528450888616,1.7481880270062005
14764459,0,IN-RANGE,RandomForestRegressor,descriptors,1.1792448524409302,1.749968083509403
14764466,0,IN-RANGE,RandomForestRegressor,descriptors,1.5365084353253136,1.7634279935629373
14764467,0,IN-RANGE,RandomForestRegressor,descriptors,1.5526320006390473,1.7634279935629373
14764472,0,IN-RANGE,RandomForestRegressor,descriptors,1.4076950257233505,1.7708520116421442
14764473,0,IN-RANGE,RandomForestRegressor,descriptors,1.4334211359477447,1.7708520116421442
14764480,0,IN-RANGE,RandomForestRegressor,descriptors,1.403216604212656,1.7781512503836436
14764493,0,IN-RANGE,RandomForestRegressor,descriptors,1.4609499428546724,1.792391689498254
14765331,0,IN-RANGE,RandomForestRegressor,descriptors,1.4492731648413224,1.8573324964312685
14765381,0,IN-RANGE,RandomForestRegressor,descriptors,1.36813740590158,1.919078092376074
14765391,0,IN-RANGE,RandomForestRegressor,descriptors,1.5878742287033125,1.9294189257142926
14765392,0,IN-RANGE,RandomForestRegressor,descriptors,1.2286020650235239,1.9294189257142926
14765394,0,IN-RANGE,RandomForestRegressor,descriptors,1.2790042295359727,1.9299805905155147
14765395,0,IN-RANGE,RandomForestRegressor,descriptors,1.417331094888155,1.9344984512435677
14765407,0,IN-RANGE,RandomForestRegressor,descriptors,1.6912341924416867,1.9444826721501687
14765425,0,IN-RANGE,RandomForestRegressor,descriptors,1.2974139330191659,1.9731278535996986
14765426,0,IN-RANGE,RandomForestRegressor,descriptors,1.6274272133621037,1.9731278535996986
14765432,0,IN-RANGE,RandomForestRegressor,descriptors,1.4073692112152834,1.9800033715837464
14765440,0,IN-RANGE,RandomForestRegressor,descriptors,1.3531829880905388,1.99563519459755
14765452,0,IN-RANGE,RandomForestRegressor,descriptors,1.0560262348150544,2.012837224705172
14765460,0,IN-RANGE,RandomForestRegressor,descriptors,1.4547923550307202,2.019988159591285
14765463,0,IN-RANGE,RandomForestRegressor,descriptors,1.5264620553312458,2.019988159591285
14765468,0,IN-RANGE,RandomForestRegressor,descriptors,1.2388707764243196,2.0293837776852097
14765483,0,IN-RANGE,RandomForestRegressor,descriptors,1.229279158361849,2.0492180226701815
14765487,0,IN-RANGE,RandomForestRegressor,descriptors,1.5993816528786775,2.0499928569201424
14765494,0,IN-RANGE,RandomForestRegressor,descriptors,1.1478362031134763,2.0644579892269186
14765500,0,IN-RANGE,RandomForestRegressor,descriptors,1.4815785209142134,2.070000903802345
14765503,0,IN-RANGE,RandomForestRegressor,descriptors,1.2787145675289184,2.0755469613925306
14765529,0,IN-RANGE,RandomForestRegressor,descriptors,1.5383805677866473,2.109983294819892
14765536,0,IN-RANGE,RandomForestRegressor,descriptors,1.1030407890590155,2.1271047983648077
14765551,0,IN-RANGE,RandomForestRegressor,descriptors,1.4463126985075931,2.146128035678238
14766485,0,ABOVE,RandomForestRegressor,descriptors,1.101626400710103,
14766487,0,ABOVE,RandomForestRegressor,descriptors,1.0219766988233185,
14766492,0,ABOVE,RandomForestRegressor,descriptors,1.3987833304986046,
14766493,0,ABOVE,RandomForestRegressor,descriptors,1.4693106020025362,
14766495,0,ABOVE,RandomForestRegressor,descriptors,1.5177287996370632,
14766497,0,ABOVE,RandomForestRegressor,descriptors,1.5861715724073568,
14766503,0,ABOVE,RandomForestRegressor,descriptors,1.393361727938369,
14766508,0,ABOVE,RandomForestRegressor,descriptors,1.163231177782786,
14766522,0,ABOVE,RandomForestRegressor,descriptors,1.3950217530778264,
14766527,0,ABOVE,RandomForestRegressor,descriptors,1.4241782454586616,
14766539,0,ABOVE,RandomForestRegressor,descriptors,1.4117233712609312,
14766542,0,ABOVE,RandomForestRegressor,descriptors,1.1824916438938433,
14766555,0,ABOVE,RandomForestRegressor,descriptors,1.2807695209672552,
14766557,0,ABOVE,RandomForestRegressor,descriptors,1.337043082022247,
14766558,0,ABOVE,RandomForestRegressor,descriptors,1.367044579765196,
14766565,0,ABOVE,RandomForestRegressor,descriptors,1.337043082022247,
14766568,0,ABOVE,RandomForestRegressor,descriptors,1.3918205097121317,
14769822,0,BELOW,RandomForestRegressor,descriptors,1.2730449322512074,
14769825,0,BELOW,RandomForestRegressor,descriptors,1.1525206100023946,
14769827,0,BELOW,RandomForestRegressor,descriptors,1.3097734232048388,
14769835,0,BELOW,RandomForestRegressor,descriptors,1.0780098875115187,
14769840,0,BELOW,RandomForestRegressor,descriptors,1.4763746805001166,
14769844,0,BELOW,RandomForestRegressor,descriptors,1.04421414160954,
14769846,0,BELOW,RandomForestRegressor,descriptors,0.9766122960464361,
14769847,0,BELOW,RandomForestRegressor,descriptors,0.9186878503656953,
14769851,0,BELOW,RandomForestRegressor,descriptors,1.1764888989603657,
14769852,0,BELOW,RandomForestRegressor,descriptors,1.2342075325218271,
14769853,0,BELOW,RandomForestRegressor,descriptors,0.7954255188683141,
14769858,0,BELOW,RandomForestRegressor,descriptors,1.4155697117440544,
14769861,0,BELOW,RandomForestRegressor,descriptors,1.254016805070531,
14769864,0,BELOW,RandomForestRegressor,descriptors,1.308956237200768,
14769871,0,BELOW,RandomForestRegressor,descriptors,1.3110894893946077,
14769873,0,BELOW,RandomForestRegressor,descriptors,1.190785889811604,
14769878,0,BELOW,RandomForestRegressor,descriptors,1.3685290485299149,
14769882,0,BELOW,RandomForestRegressor,descriptors,1.1020798869623987,
14769887,0,BELOW,RandomForestRegressor,descriptors,1.2345663851347035,
14769888,0,BELOW,RandomForestRegressor,descriptors,1.2253532393362612,
14758722,0,BELOW,Ridge,Morgan,1.4416614878543326,
14758734,0,BELOW,Ridge,Morgan,1.487192444579847,
14758750,0,BELOW,Ridge,Morgan,1.2738023872398612,
14758753,0,BELOW,Ridge,Morgan,1.1873377196891464,
14758757,0,BELOW,Ridge,Morgan,1.2958651677400557,
14758760,0,BELOW,Ridge,Morgan,1.4188908498300004,
14758763,0,BELOW,Ridge,Morgan,1.4939332654548125,
14758770,0,BELOW,Ridge,Morgan,1.0243755967975394,
14758771,0,BELOW,Ridge,Morgan,1.0858271843594898,
14758772,0,BELOW,Ridge,Morgan,1.2333294560003167,
14758779,0,BELOW,Ridge,Morgan,0.9132098451380393,
14758791,0,BELOW,Ridge,Morgan,1.170551258945959,
14758795,0,BELOW,Ridge,Morgan,1.150801427756956,
14758804,0,BELOW,Ridge,Morgan,1.3040929674281534,
14758806,0,BELOW,Ridge,Morgan,1.0004891966272909,
14758809,0,BELOW,Ridge,Morgan,1.0203372815570984,
14758816,0,BELOW,Ridge,Morgan,1.506575139233472,
14758821,0,BELOW,Ridge,Morgan,1.4529853712827139,
14758827,0,BELOW,Ridge,Morgan,1.1910112721795096,
14758828,0,BELOW,Ridge,Morgan,1.0721636967166772,
14758830,0,BELOW,Ridge,Morgan,1.174229642171635,
14758831,0,BELOW,Ridge,Morgan,1.3506146381507649,
14758834,0,BELOW,Ridge,Morgan,1.2010194551593458,
14758857,0,BELOW,Ridge,Morgan,1.2109158628133088,
14758862,0,BELOW,Ridge,Morgan,0.7990847022576374,
14758871,0,BELOW,Ridge,Morgan,0.9984689659868322,
14758878,0,BELOW,Ridge,Morgan,1.137559671285435,
14758887,0,BELOW,Ridge,Morgan,1.0213099610552154,
14758892,0,BELOW,Ridge,Morgan,0.820983332764932,
14758894,0,BELOW,Ridge,Morgan,1.3731783097673746,
14758895,0,BELOW,Ridge,Morgan,0.9804375972774234,
14758897,0,BELOW,Ridge,Morgan,1.2655683289097235,
14758920,0,BELOW,Ridge,Morgan,1.5971981916700062,
14758921,0,BELOW,Ridge,Morgan,0.9947071835956696,
14758924,0,IN-RANGE,Ridge,Morgan,0.9908001230382193,0.48000694295715063
14758935,0,IN-RANGE,Ridge,Morgan,0.9850154266584116,0.5198279937757188
14758973,0,IN-RANGE,Ridge,Morgan,1.0066807765862413,0.6020599913279624
14758980,0,IN-RANGE,Ridge,Morgan,1.076521346172125,0.6020599913279624
14758993,0,IN-RANGE,Ridge,Morgan,1.3790009785522113,0.60959440922522
14758999,0,IN-RANGE,Ridge,Morgan,1.4442002662029327,0.6201360549737575
14759810,0,IN-RANGE,Ridge,Morgan,1.2661658343872337,0.6989700043360189
14759825,0,IN-RANGE,Ridge,Morgan,0.552856052645156,0.6989700043360189
14759860,0,IN-RANGE,Ridge,Morgan,1.5736062836975764,0.7403626894942439
14759862,0,IN-RANGE,Ridge,Morgan,0.971772784184579,0.7403626894942439
14759864,0,IN-RANGE,Ridge,Morgan,1.2258043622546129,0.7403626894942439
14759895,0,IN-RANGE,Ridge,Morgan,1.1983049669537935,0.7781512503836436
14759906,0,IN-RANGE,Ridge,Morgan,1.1113227777678565,0.7781512503836436
14759907,0,IN-RANGE,Ridge,Morgan,1.2905132880049182,0.7781512503836436
14759922,0,IN-RANGE,Ridge,Morgan,1.0756315805492564,0.7902851640332417
14759955,0,IN-RANGE,Ridge,Morgan,1.059779670950691,0.8401060944567578
14760008,0,IN-RANGE,Ridge,Morgan,1.7489914854439466,0.8802417758954804
14760032,0,IN-RANGE,Ridge,Morgan,1.1103043825388172,0.9030899869919435
14761128,0,IN-RANGE,Ridge,Morgan,1.3430750614583538,0.9030899869919435
14761130,0,IN-RANGE,Ridge,Morgan,1.0413898777619957,0.9030899869919435
14761137,0,IN-RANGE,Ridge,Morgan,1.7571400974458204,0.9201233262907239
14761149,0,IN-RANGE,Ridge,Morgan,1.4538099114321483,0.9299295600845878
14761150,0,IN-RANGE,Ridge,Morgan,1.3742154757093534,0.9380190974762103
14761170,0,IN-RANGE,Ridge,Morgan,1.35817764664916,0.9542425094393249
14761171,0,IN-RANGE,Ridge,Morgan,1.4854333043697674,0.9542425094393249
14761178,0,IN-RANGE,Ridge,Morgan,1.3487405507578205,0.9542425094393249
14761192,0,IN-RANGE,Ridge,Morgan,1.4912829955447426,0.9599948383284161
14761230,0,IN-RANGE,Ridge,Morgan,1.085121666817126,1.0
14761237,0,IN-RANGE,Ridge,Morgan,1.502524574604524,1.0
14761254,0,IN-RANGE,Ridge,Morgan,1.225524574935418,1.02816441942447
14761277,0,IN-RANGE,Ridge,Morgan,1.488920674306268,1.0413926851582251
14761278,0,IN-RANGE,Ridge,Morgan,1.1973233606967741,1.0413926851582251
14761279,0,IN-RANGE,Ridge,Morgan,1.448138377417758,1.0413926851582251
14761287,0,IN-RANGE,Ridge,Morgan,1.5066413686165108,1.0413926851582251
14761288,0,IN-RANGE,Ridge,Morgan,0.9817604589984907,1.0499928569201427
14761291,0,IN-RANGE,Ridge,Morgan,1.2681597963240803,1.0499928569201427
14761298,0,IN-RANGE,Ridge,Morgan,1.2495527510557136,1.0599418880619547
14761300,0,IN-RANGE,Ridge,Morgan,1.3889616606823092,1.0599418880619547
14761313,0,IN-RANGE,Ridge,Morgan,1.0124120812038586,1.0791812460476249
14761316,0,IN-RANGE,Ridge,Morgan,0.8672337147384351,1.0791812460476249
14761318,0,IN-RANGE,Ridge,Morgan,1.2526242872133861,1.0791812460476249
14761319,0,IN-RANGE,Ridge,Morgan,1.2933407354466278,1.0791812460476249
14761323,0,IN-RANGE,Ridge,Morgan,1.5566900386322755,1.0791812460476249
14761340,0,IN-RANGE,Ridge,Morgan,1.4394562564901232,1.089905111439398
14761341,0,IN-RANGE,Ridge,Morgan,1.5267621446536834,1.089905111439398
14761364,0,IN-RANGE,Ridge,Morgan,1.2832502401642933,1.1139433523068367
14761366,0,IN-RANGE,Ridge,Morgan,1.4290934155394357,1.1139433523068367
14762211,0,IN-RANGE,Ridge,Morgan,1.483854961514323,1.130333768495006
14762220,0,IN-RANGE,Ridge,Morgan,1.3282761398879295,1.1398790864012365
14762221,0,IN-RANGE,Ridge,Morgan,0.72763602177949,1.1398790864012365
14762222,0,IN-RANGE,Ridge,Morgan,1.564429103391848,1.1398790864012365
14762227,0,IN-RANGE,Ridge,Morgan,1.4610823909013,1.146128035678238
14762230,0,IN-RANGE,Ridge,Morgan,1.4411953051325854,1.146128035678238
14762242,0,IN-RANGE,Ridge,Morgan,1.312139260632629,1.1501421618485586
14762243,0,IN-RANGE,Ridge,Morgan,1.1705126318658665,1.1501421618485586
14762252,0,IN-RANGE,Ridge,Morgan,1.4697283864170125,1.1598678470925667
14762255,0,IN-RANGE,Ridge,Morgan,1.4268428878631583,1.1598678470925667
14762263,0,IN-RANGE,Ridge,Morgan,1.0268541411293155,1.1699681739968923
14762277,0,IN-RANGE,Ridge,Morgan,1.5906351731302428,1.1760912590556813
14762291,0,IN-RANGE,Ridge,Morgan,0.7808781678768655,1.190051417759206
14762303,0,IN-RANGE,Ridge,Morgan,1.3396491411982734,1.2041199826559248
14762308,0,IN-RANGE,Ridge,Morgan,1.0891355483255,1.2041199826559248
14762319,0,IN-RANGE,Ridge,Morgan,1.3609864012916733,1.2201080880400552
14762331,0,IN-RANGE,Ridge,Morgan,1.3734224909907726,1.2304489213782739
14762387,0,IN-RANGE,Ridge,Morgan,1.3057342009727064,1.2787536009528289
14762395,0,IN-RANGE,Ridge,Morgan,1.6551045542972551,1.2798949800116382
14762396,0,IN-RANGE,Ridge,Morgan,1.0846500828464747,1.2844307338445196
14762405,0,IN-RANGE,Ridge,Morgan,1.3881434656573761,1.290034611362518
14762425,0,IN-RANGE,Ridge,Morgan,1.4444111456073554,1.3010299956639813
14762426,0,IN-RANGE,Ridge,Morgan,1.1444560537588817,1.3010299956639813
14762435,0,IN-RANGE,Ridge,Morgan,1.4443375024419793,1.3100557377508915
14762439,0,IN-RANGE,Ridge,Morgan,1.2621200163980768,1.3117538610557542
14762452,0,IN-RANGE,Ridge,Morgan,1.1527053900749975,1.3222192947339193
14762460,0,IN-RANGE,Ridge,Morgan,1.6740875006083487,1.330007700872759
14763275,0,IN-RANGE,Ridge,Morgan,1.0414100076335635,1.3710678622717363
14763304,0,IN-RANGE,Ridge,Morgan,1.606771262096333,1.3979400086720377
14763331,0,IN-RANGE,Ridge,Morgan,1.3448750060586518,1.420450859106068
14763345,0,IN-RANGE,Ridge,Morgan,1.3400084323944912,1.4313637641589874
14763346,0,IN-RANGE,Ridge,Morgan,0.8827783192981318,1.4313637641589874
14763366,0,IN-RANGE,Ridge,Morgan,1.3279643395222158,1.4471580313422192
14763377,0,IN-RANGE,Ridge,Morgan,1.2765096300552288,1.4574276929464844
14763426,0,IN-RANGE,Ridge,Morgan,1.1617029635525395,1.4913616938342726
14763437,0,IN-RANGE,Ridge,Morgan,1.1538576096804396,1.5100085129402347
14763447,0,IN-RANGE,Ridge,Morgan,1.5028069178340924,1.5185139398778875
14763449,0,IN-RANGE,Ridge,Morgan,0.9756306903677401,1.5199591807520685
14763457,0,IN-RANGE,Ridge,Morgan,1.8013682320387225,1.5314789170422551
14763463,0,IN-RANGE,Ridge,Morgan,1.1799665968440947,1.5399538416563967
14763470,0,IN-RANGE,Ridge,Morgan,1.4672919480201403,1.5440680443502757
14763472,0,IN-RANGE,Ridge,Morgan,1.2991829264223411,1.5440680443502757
14763486,0,IN-RANGE,Ridge,Morgan,1.7372205049356337,1.5563025007672873
14763501,0,IN-RANGE,Ridge,Morgan,1.1416851229351432,1.569958818096594
14763502,0,IN-RANGE,Ridge,Morgan,1.1550930915586846,1.569958818096594
14764282,0,IN-RANGE,Ridge,Morgan,1.1589251163624357,1.5797835966168101
14764283,0,IN-RANGE,Ridge,Morgan,1.3443144263606306,1.5797835966168101
14764298,0,IN-RANGE,Ridge,Morgan,1.1698207441832402,1.591064607026499
14764304,0,IN-RANGE,Ridge,Morgan,1.7250354352993034,1.599992177584098
14764320,0,IN-RANGE,Ridge,Morgan,1.6237403337605922,1.6127838567197355
14764326,0,IN-RANGE,Ridge,Morgan,1.5543226277107607,1.6200318951262973
14764330,0,IN-RANGE,Ridge,Morgan,1.7297743883341319,1.6232492903979006
14764354,0,IN-RANGE,Ridge,Morgan,1.2849793436692767,1.6399842480415885
14764355,0,IN-RANGE,Ridge,Morgan,1.4596847178186385,1.6399842480415885
14764371,0,IN-RANGE,Ridge,Morgan,1.449991078264263,1.6600112212893308
14764386,0,IN-RANGE,Ridge,Morgan,1.9900246437468245,1.6812412373755872
14764390,0,IN-RANGE,Ridge,Morgan,1.35923086119786,1.6900187807886953
14764391,0,IN-RANGE,Ridge,Morgan,1.161905402312034,1.6900187807886953
14764392,0,IN-RANGE,Ridge,Morgan,1.4651069196646183,1.6901960800285136
14764403,0,IN-RANGE,Ridge,Morgan,1.5441944531623026,1.7000110623221123
14764409,0,IN-RANGE,Ridge,Morgan,1.5473965209406855,1.7075701760979363
14764414,0,IN-RANGE,Ridge,Morgan,1.4698718249612002,1.7100326990657535
14764426,0,IN-RANGE,Ridge,Morgan,1.3997443285991957,1.7199938263676038
14764430,0,IN-RANGE,Ridge,Morgan,1.4923593210974184,1.724275869600789
14764437,0,IN-RANGE,Ridge,Morgan,1.4409243957922997,1.7323937598229686
14764446,0,IN-RANGE,Ridge,Morgan,1.3542614987207802,1.7399676967595095
14764451,0,IN-RANGE,Ridge,Morgan,1.8101635417347026,1.7481880270062005
14764452,0,IN-RANGE,Ridge,Morgan,1.8141739063924585,1.7481880270062005
14764459,0,IN-RANGE,Ridge,Morgan,1.740472297703824,1.749968083509403
14764466,0,IN-RANGE,Ridge,Morgan,1.1549649385540395,1.7634279935629373
14764467,0,IN-RANGE,Ridge,Morgan,1.2141234579265445,1.7634279935629373
14764472,0,IN-RANGE,Ridge,Morgan,1.2415719067774371,1.7708520116421442
14764473,0,IN-RANGE,Ridge,Morgan,1.490714168212623,1.7708520116421442
14764480,0,IN-RANGE,Ridge,Morgan,1.435515826648514,1.7781512503836436
14764493,0,IN-RANGE,Ridge,Morgan,1.700157321796891,1.792391689498254
14765331,0,IN-RANGE,Ridge,Morgan,1.7793895406341453,1.8573324964312685
14765381,0,IN-RANGE,Ridge,Morgan,1.1690582886421934,1.919078092376074
14765391,0,IN-RANGE,Ridge,Morgan,1.789787389395065,1.9294189257142926
14765392,0,IN-RANGE,Ridge,Morgan,1.6274225010531684,1.9294189257142926
14765394,0,IN-RANGE,Ridge,Morgan,1.656669274372576,1.9299805905155147
14765395,0,IN-RANGE,Ridge,Morgan,1.4932338178779077,1.9344984512435677
14765407,0,IN-RANGE,Ridge,Morgan,1.6644145339938468,1.9444826721501687
14765425,0,IN-RANGE,Ridge,Morgan,1.6367029922567935,1.9731278535996986
14765426,0,IN-RANGE,Ridge,Morgan,1.5752731421952522,1.9731278535996986
14765432,0,IN-RANGE,Ridge,Morgan,1.4818535806255624,1.9800033715837464
14765440,0,IN-RANGE,Ridge,Morgan,1.5116896288969774,1.99563519459755
14765452,0,IN-RANGE,Ridge,Morgan,1.379227477415538,2.012837224705172
14765460,0,IN-RANGE,Ridge,Morgan,1.1103453856441399,2.019988159591285
14765463,0,IN-RANGE,Ridge,Morgan,1.4190518211794243,2.019988159591285
14765468,0,IN-RANGE,Ridge,Morgan,1.1833805802275559,2.0293837776852097
14765483,0,IN-RANGE,Ridge,Morgan,1.2433507751321902,2.0492180226701815
14765487,0,IN-RANGE,Ridge,Morgan,1.61131429274258,2.0499928569201424
14765494,0,IN-RANGE,Ridge,Morgan,1.34558999622437,2.0644579892269186
14765500,0,IN-RANGE,Ridge,Morgan,1.7934453631513416,2.070000903802345
14765503,0,IN-RANGE,Ridge,Morgan,1.1773156810022822,2.0755469613925306
14765529,0,IN-RANGE,Ridge,Morgan,1.913707883283205,2.109983294819892
14765536,0,IN-RANGE,Ridge,Morgan,1.2903726943802238,2.1271047983648077
14765551,0,IN-RANGE,Ridge,Morgan,1.6542231245405412,2.146128035678238
14766485,0,ABOVE,Ridge,Morgan,1.0296300941318743,
14766487,0,ABOVE,Ridge,Morgan,1.4202729989407912,
14766492,0,ABOVE,Ridge,Morgan,1.2881974165363421,
14766493,0,ABOVE,Ridge,Morgan,1.4406619847716156,
14766495,0,ABOVE,Ridge,Morgan,1.4701340591877974,
14766497,0,ABOVE,Ridge,Morgan,1.8400786345705102,
14766503,0,ABOVE,Ridge,Morgan,1.3127177186164465,
14766508,0,ABOVE,Ridge,Morgan,1.615936574922955,
14766522,0,ABOVE,Ridge,Morgan,1.4466389887315176,
14766527,0,ABOVE,Ridge,Morgan,1.4962264467091952,
14766539,0,ABOVE,Ridge,Morgan,0.9530787956186364,
14766542,0,ABOVE,Ridge,Morgan,1.315254607568394,
14766555,0,ABOVE,Ridge,Morgan,1.833708491866136,
14766557,0,ABOVE,Ridge,Morgan,1.3305835421801822,
14766558,0,ABOVE,Ridge,Morgan,0.9410374221443746,
14766565,0,ABOVE,Ridge,Morgan,1.2975476492284959,
14766568,0,ABOVE,Ridge,Morgan,1.452127066786953,
14769822,0,BELOW,Ridge,Morgan,1.1032426515380185,
14769825,0,BELOW,Ridge,Morgan,1.3201495105017176,
14769827,0,BELOW,Ridge,Morgan,0.8068795385022567,
14769835,0,BELOW,Ridge,Morgan,1.066214334984016,
14769840,0,BELOW,Ridge,Morgan,1.032823934430962,
14769844,0,BELOW,Ridge,Morgan,0.9275003846959694,
14769846,0,BELOW,Ridge,Morgan,1.1423270650203188,
14769847,0,BELOW,Ridge,Morgan,1.4349872980979004,
14769851,0,BELOW,Ridge,Morgan,0.9729789822755575,
14769852,0,BELOW,Ridge,Morgan,1.469659539828783,
14769853,0,BELOW,Ridge,Morgan,0.6099618672207032,
14769858,0,BELOW,Ridge,Morgan,1.1142447554477106,
14769861,0,BELOW,Ridge,Morgan,1.1657821860796482,
14769864,0,BELOW,Ridge,Morgan,1.217822255715227,
14769871,0,BELOW,Ridge,Morgan,1.1239865973901464,
14769873,0,BELOW,Ridge,Morgan,1.0626531866520479,
14769878,0,BELOW,Ridge,Morgan,1.3920979557726,
14769882,0,BELOW,Ridge,Morgan,1.3889990205662608,
14769887,0,BELOW,Ridge,Morgan,1.8571792343265565,
14769888,0,BELOW,Ridge,Morgan,1.084196485481768,
14758722,0,BELOW,RandomForestRegressor,Morgan,1.4346665619137808,
14758734,0,BELOW,RandomForestRegressor,Morgan,1.5405890191710219,
14758750,0,BELOW,RandomForestRegressor,Morgan,1.2624026876978887,
14758753,0,BELOW,RandomForestRegressor,Morgan,1.3474679315419698,
14758757,0,BELOW,RandomForestRegressor,Morgan,1.142680595351084,
14758760,0,BELOW,RandomForestRegressor,Morgan,1.1770161107007207,
14758763,0,BELOW,RandomForestRegressor,Morgan,1.2871402865210302,
14758770,0,BELOW,RandomForestRegressor,Morgan,1.0861415962321863,
14758771,0,BELOW,RandomForestRegressor,Morgan,1.067435916771007,
14758772,0,BELOW,RandomForestRegressor,Morgan,1.1459169738136417,
14758779,0,BELOW,RandomForestRegressor,Morgan,1.0416316574881084,
14758791,0,BELOW,RandomForestRegressor,Morgan,1.0582399689073319,
14758795,0,BELOW,RandomForestRegressor,Morgan,1.0961089803442141,
14758804,0,BELOW,RandomForestRegressor,Morgan,1.234718149955044,
14758806,0,BELOW,RandomForestRegressor,Morgan,1.2655131088009353,
14758809,0,BELOW,RandomForestRegressor,Morgan,1.2655131088009353,
14758816,0,BELOW,RandomForestRegressor,Morgan,1.4042962764195164,
14758821,0,BELOW,RandomForestRegressor,Morgan,1.3246153397288405,
14758827,0,BELOW,RandomForestRegressor,Morgan,1.3620681746220884,
14758828,0,BELOW,RandomForestRegressor,Morgan,1.0637902673384576,
14758830,0,BELOW,RandomForestRegressor,Morgan,1.0665441657718886,
14758831,0,BELOW,RandomForestRegressor,Morgan,1.2202460465594807,
14758834,0,BELOW,RandomForestRegressor,Morgan,1.2816063202317716,
14758857,0,BELOW,RandomForestRegressor,Morgan,1.296267774959232,
14758862,0,BELOW,RandomForestRegressor,Morgan,0.9518982219830754,
14758871,0,BELOW,RandomForestRegressor,Morgan,0.9161272431285525,
14758878,0,BELOW,RandomForestRegressor,Morgan,1.265707766906909,
14758887,0,BELOW,RandomForestRegressor,Morgan,1.2258475640636548,
14758892,0,BELOW,RandomForestRegressor,Morgan,0.8820415468052599,
14758894,0,BELOW,RandomForestRegressor,Morgan,1.2988247803024475,
14758895,0,BELOW,RandomForestRegressor,Morgan,1.117453059298853,
14758897,0,BELOW,RandomForestRegressor,Morgan,1.3244707363669328,
14758920,0,BELOW,RandomForestRegressor,Morgan,1.4971825740310263,
14758921,0,BELOW,RandomForestRegressor,Morgan,1.0797678801653547,
14758924,0,IN-RANGE,RandomForestRegressor,Morgan,1.2844327442729004,0.48000694295715063
14758935,0,IN-RANGE,RandomForestRegressor,Morgan,1.0159866904616996,0.5198279937757188
14758973,0,IN-RANGE,RandomForestRegressor,Morgan,1.124017165667001,0.6020599913279624
14758980,0,IN-RANGE,RandomForestRegressor,Morgan,1.0933063084631816,0.6020599913279624
14758993,0,IN-RANGE,RandomForestRegressor,Morgan,1.2871962090422882,0.60959440922522
14758999,0,IN-RANGE,RandomForestRegressor,Morgan,1.2391557934664486,0.6201360549737575
14759810,0,IN-RANGE,RandomForestRegressor,Morgan,1.1731472856120595,0.6989700043360189
14759825,0,IN-RANGE,RandomForestRegressor,Morgan,0.9342681176810378,0.6989700043360189
14759860,0,IN-RANGE,RandomForestRegressor,Morgan,1.4220121210714083,0.7403626894942439
14759862,0,IN-RANGE,RandomForestRegressor,Morgan,1.2415114640775713,0.7403626894942439
14759864,0,IN-RANGE,RandomForestRegressor,Morgan,1.326185614868373,0.7403626894942439
14759895,0,IN-RANGE,RandomForestRegressor,Morgan,1.1991733459581027,0.7781512503836436
14759906,0,IN-RANGE,RandomForestRegressor,Morgan,1.0657831273597218,0.7781512503836436
14759907,0,IN-RANGE,RandomForestRegressor,Morgan,1.333745937730542,0.7781512503836436
14759922,0,IN-RANGE,RandomForestRegressor,Morgan,1.213415120580021,0.7902851640332417
14759955,0,IN-RANGE,RandomForestRegressor,Morgan,1.2812761981009684,0.8401060944567578
14760008,0,IN-RANGE,RandomForestRegressor,Morgan,1.5351488337431143,0.8802417758954804
14760032,0,IN-RANGE,RandomForestRegressor,Morgan,1.1199084942002402,0.9030899869919435
14761128,0,IN-RANGE,RandomForestRegressor,Morgan,1.401135001998314,0.9030899869919435
14761130,0,IN-RANGE,RandomForestRegressor,Morgan,1.0308503737973604,0.9030899869919435
14761137,0,IN-RANGE,RandomForestRegressor,Morgan,1.47462439976297,0.9201233262907239
14761149,0,IN-RANGE,RandomForestRegressor,Morgan,1.220037962533926,0.9299295600845878
14761150,0,IN-RANGE,RandomForestRegressor,Morgan,1.1525053127445168,0.9380190974762103
14761170,0,IN-RANGE,RandomForestRegressor,Morgan,1.5181528007179264,0.9542425094393249
14761171,0,IN-RANGE,RandomForestRegressor,Morgan,1.2643043436313486,0.9542425094393249
14761178,0,IN-RANGE,RandomForestRegressor,Morgan,1.3260485761474896,0.9542425094393249
14761192,0,IN-RANGE,RandomForestRegressor,Morgan,1.2390755055941591,0.9599948383284161
14761230,0,IN-RANGE,RandomForestRegressor,Morgan,1.0865595149679481,1.0
14761237,0,IN-RANGE,RandomForestRegressor,Morgan,1.275663213238046,1.0
14761254,0,IN-RANGE,RandomForestRegressor,Morgan,1.391970347867436,1.02816441942447
14761277,0,IN-RANGE,RandomForestRegressor,Morgan,1.2033848212087705,1.0413926851582251
14761278,0,IN-RANGE,RandomForestRegressor,Morgan,1.024479985067245,1.0413926851582251
14761279,0,IN-RANGE,RandomForestRegressor,Morgan,1.231692475064515,1.0413926851582251
14761287,0,IN-RANGE,RandomForestRegressor,Morgan,1.3396383876174767,1.0413926851582251
14761288,0,IN-RANGE,RandomForestRegressor,Morgan,1.234725756217801,1.0499928569201427
14761291,0,IN-RANGE,RandomForestRegressor,Morgan,1.3738464231792826,1.0499928569201427
14761298,0,IN-RANGE,RandomForestRegressor,Morgan,1.1185099826764904,1.0599418880619547
14761300,0,IN-RANGE,RandomForestRegressor,Morgan,1.3689803415744795,1.0599418880619547
14761313,0,IN-RANGE,RandomForestRegressor,Morgan,1.1768932551063451,1.0791812460476249
14761316,0,IN-RANGE,RandomForestRegressor,Morgan,1.2145767527206366,1.0791812460476249
14761318,0,IN-RANGE,RandomForestRegressor,Morgan,1.166338642741641,1.0791812460476249
14761319,0,IN-RANGE,RandomForestRegressor,Morgan,1.1621161167860914,1.0791812460476249
14761323,0,IN-RANGE,RandomForestRegressor,Morgan,1.4092132889410427,1.0791812460476249
14761340,0,IN-RANGE,RandomForestRegressor,Morgan,1.4139239393448417,1.089905111439398
14761341,0,IN-RANGE,RandomForestRegressor,Morgan,1.3965291574941832,1.089905111439398
14761364,0,IN-RANGE,RandomForestRegressor,Morgan,1.2992645209190334,1.1139433523068367
14761366,0,IN-RANGE,RandomForestRegressor,Morgan,1.2734048262932203,1.1139433523068367
14762211,0,IN-RANGE,RandomForestRegressor,Morgan,1.4682520738231801,1.130333768495006
14762220,0,IN-RANGE,RandomForestRegressor,Morgan,1.3375542381776404,1.1398790864012365
14762221,0,IN-RANGE,RandomForestRegressor,Morgan,1.2131331026956413,1.1398790864012365
14762222,0,IN-RANGE,RandomForestRegressor,Morgan,1.700594631267256,1.1398790864012365
14762227,0,IN-RANGE,RandomForestRegressor,Morgan,1.2914586126194585,1.146128035678238
14762230,0,IN-RANGE,RandomForestRegressor,Morgan,1.386063419983649,1.146128035678238
14762242,0,IN-RANGE,RandomForestRegressor,Morgan,1.3603798461783256,1.1501421618485586
14762243,0,IN-RANGE,RandomForestRegressor,Morgan,1.1173931135526047,1.1501421618485586
14762252,0,IN-RANGE,RandomForestRegressor,Morgan,1.1707310338120933,1.1598678470925667
14762255,0,IN-RANGE,RandomForestRegressor,Morgan,1.3153691106257595,1.1598678470925667
14762263,0,IN-RANGE,RandomForestRegressor,Morgan,1.2015162173470315,1.1699681739968923
14762277,0,IN-RANGE,RandomForestRegressor,Morgan,1.3398090963110696,1.1760912590556813
14762291,0,IN-RANGE,RandomForestRegressor,Morgan,1.2614978921808764,1.190051417759206
14762303,0,IN-RANGE,RandomForestRegressor,Morgan,1.2301671295430812,1.2041199826559248
14762308,0,IN-RANGE,RandomForestRegressor,Morgan,0.924315813682115,1.2041199826559248
14762319,0,IN-RANGE,RandomForestRegressor,Morgan,1.2032274416655577,1.2201080880400552
14762331,0,IN-RANGE,RandomForestRegressor,Morgan,1.3268206533757165,1.2304489213782739
14762387,0,IN-RANGE,RandomForestRegressor,Morgan,1.4025279558659258,1.2787536009528289
14762395,0,IN-RANGE,RandomForestRegressor,Morgan,1.4254960555785132,1.2798949800116382
14762396,0,IN-RANGE,RandomForestRegressor,Morgan,1.0689698011413833,1.2844307338445196
14762405,0,IN-RANGE,RandomForestRegressor,Morgan,1.3568000139767533,1.290034611362518
14762425,0,IN-RANGE,RandomForestRegressor,Morgan,1.3524848325912755,1.3010299956639813
14762426,0,IN-RANGE,RandomForestRegressor,Morgan,0.9871967130764503,1.3010299956639813
14762435,0,IN-RANGE,RandomForestRegressor,Morgan,1.3900446433164038,1.3100557377508915
14762439,0,IN-RANGE,RandomForestRegressor,Morgan,1.2007213714195997,1.3117538610557542
14762452,0,IN-RANGE,RandomForestRegressor,Morgan,1.2489427063644365,1.3222192947339193
14762460,0,IN-RANGE,RandomForestRegressor,Morgan,1.327451414221572,1.330007700872759
14763275,0,IN-RANGE,RandomForestRegressor,Morgan,1.1639155971946633,1.3710678622717363
14763304,0,IN-RANGE,RandomForestRegressor,Morgan,1.4552211399766026,1.3979400086720377
14763331,0,IN-RANGE,RandomForestRegressor,Morgan,1.2264699701649737,1.420450859106068
14763345,0,IN-RANGE,RandomForestRegressor,Morgan,1.3225791655566714,1.4313637641589874
14763346,0,IN-RANGE,RandomForestRegressor,Morgan,0.9536903968178777,1.4313637641589874
14763366,0,IN-RANGE,RandomForestRegressor,Morgan,1.2779417734332617,1.4471580313422192
14763377,0,IN-RANGE,RandomForestRegressor,Morgan,1.315390881419662,1.4574276929464844
14763426,0,IN-RANGE,RandomForestRegressor,Morgan,1.1787594164279778,1.4913616938342726
14763437,0,IN-RANGE,RandomForestRegressor,Morgan,1.1615486339718188,1.5100085129402347
14763447,0,IN-RANGE,RandomForestRegressor,Morgan,1.4848486653461253,1.5185139398778875
14763449,0,IN-RANGE,RandomForestRegressor,Morgan,1.3398750092056488,1.5199591807520685
14763457,0,IN-RANGE,RandomForestRegressor,Morgan,1.7657594387984274,1.5314789170422551
14763463,0,IN-RANGE,RandomForestRegressor,Morgan,1.2086339086829756,1.5399538416563967
14763470,0,IN-RANGE,RandomForestRegressor,Morgan,1.4219979201163353,1.5440680443502757
14763472,0,IN-RANGE,RandomForestRegressor,Morgan,1.1564654667473755,1.5440680443502757
14763486,0,IN-RANGE,RandomForestRegressor,Morgan,1.6365948184475518,1.5563025007672873
14763501,0,IN-RANGE,RandomForestRegressor,Morgan,1.1005699076124187,1.569958818096594
14763502,0,IN-RANGE,RandomForestRegressor,Morgan,1.1989173217046072,1.569958818096594
14764282,0,IN-RANGE,RandomForestRegressor,Morgan,1.1639572408886825,1.5797835966168101
14764283,0,IN-RANGE,RandomForestRegressor,Morgan,1.3659866269110572,1.5797835966168101
14764298,0,IN-RANGE,RandomForestRegressor,Morgan,1.324345967522243,1.591064607026499
14764304,0,IN-RANGE,RandomForestRegressor,Morgan,1.4422707435483588,1.599992177584098
14764320,0,IN-RANGE,RandomForestRegressor,Morgan,1.5640969748611655,1.6127838567197355
14764326,0,IN-RANGE,RandomForestRegressor,Morgan,1.3592852288256108,1.6200318951262973
14764330,0,IN-RANGE,RandomForestRegressor,Morgan,1.3322567730057082,1.6232492903979006
14764354,0,IN-RANGE,RandomForestRegressor,Morgan,1.3737336413271861,1.6399842480415885
14764355,0,IN-RANGE,RandomForestRegressor,Morgan,1.4040504795219113,1.6399842480415885
14764371,0,IN-RANGE,RandomForestRegressor,Morgan,1.1510181150382026,1.6600112212893308
14764386,0,IN-RANGE,RandomForestRegressor,Morgan,1.8493642399738028,1.6812412373755872
14764390,0,IN-RANGE,RandomForestRegressor,Morgan,1.1741593045483318,1.6900187807886953
14764391,0,IN-RANGE,RandomForestRegressor,Morgan,1.2232721478969408,1.6900187807886953
14764392,0,IN-RANGE,RandomForestRegressor,Morgan,1.5339653682120744,1.6901960800285136
14764403,0,IN-RANGE,RandomForestRegressor,Morgan,1.314049924432386,1.7000110623221123
14764409,0,IN-RANGE,RandomForestRegressor,Morgan,1.5176337345506943,1.7075701760979363
14764414,0,IN-RANGE,RandomForestRegressor,Morgan,1.468944437180466,1.7100326990657535
14764426,0,IN-RANGE,RandomForestRegressor,Morgan,1.3846648800163737,1.7199938263676038
14764430,0,IN-RANGE,RandomForestRegressor,Morgan,1.299506138014369,1.724275869600789
14764437,0,IN-RANGE,RandomForestRegressor,Morgan,1.1021144189866066,1.7323937598229686
14764446,0,IN-RANGE,RandomForestRegressor,Morgan,1.3364504933092791,1.7399676967595095
14764451,0,IN-RANGE,RandomForestRegressor,Morgan,1.4028142685906275,1.7481880270062005
14764452,0,IN-RANGE,RandomForestRegressor,Morgan,1.8185009541462003,1.7481880270062005
14764459,0,IN-RANGE,RandomForestRegressor,Morgan,1.610042046598241,1.749968083509403
14764466,0,IN-RANGE,RandomForestRegressor,Morgan,1.4581601817169434,1.7634279935629373
14764467,0,IN-RANGE,RandomForestRegressor,Morgan,1.146548892285736,1.7634279935629373
14764472,0,IN-RANGE,RandomForestRegressor,Morgan,1.2442452196812568,1.7708520116421442
14764473,0,IN-RANGE,RandomForestRegressor,Morgan,1.3542173587892095,1.7708520116421442
14764480,0,IN-RANGE,RandomForestRegressor,Morgan,1.3660483733791735,1.7781512503836436
14764493,0,IN-RANGE,RandomForestRegressor,Morgan,1.767391175040499,1.792391689498254
14765331,0,IN-RANGE,RandomForestRegressor,Morgan,1.77571124057506,1.8573324964312685
14765381,0,IN-RANGE,RandomForestRegressor,Morgan,1.0510712425897197,1.919078092376074
14765391,0,IN-RANGE,RandomForestRegressor,Morgan,1.8324741930136204,1.9294189257142926
14765392,0,IN-RANGE,RandomForestRegressor,Morgan,1.4512002038061016,1.9294189257142926
14765394,0,IN-RANGE,RandomForestRegressor,Morgan,1.5093362279271505,1.9299805905155147
14765395,0,IN-RANGE,RandomForestRegressor,Morgan,1.4035613100795876,1.9344984512435677
14765407,0,IN-RANGE,RandomForestRegressor,Morgan,1.8141953445633032,1.9444826721501687
14765425,0,IN-RANGE,RandomForestRegressor,Morgan,1.5130381743213572,1.9731278535996986
14765426,0,IN-RANGE,RandomForestRegressor,Morgan,1.2210324606251821,1.9731278535996986
14765432,0,IN-RANGE,RandomForestRegressor,Morgan,1.503106987297547,1.9800033715837464
14765440,0,IN-RANGE,RandomForestRegressor,Morgan,1.5653044057853303,1.99563519459755
14765452,0,IN-RANGE,RandomForestRegressor,Morgan,1.4882976562986299,2.012837224705172
14765460,0,IN-RANGE,RandomForestRegressor,Morgan,1.1946115011929128,2.019988159591285
14765463,0,IN-RANGE,RandomForestRegressor,Morgan,1.4631584493994558,2.019988159591285
14765468,0,IN-RANGE,RandomForestRegressor,Morgan,1.157189635728114,2.0293837776852097
14765483,0,IN-RANGE,RandomForestRegressor,Morgan,1.3252750989809883,2.0492180226701815
14765487,0,IN-RANGE,RandomForestRegressor,Morgan,1.3261872403266615,2.0499928569201424
14765494,0,IN-RANGE,RandomForestRegressor,Morgan,1.363437088891821,2.0644579892269186
14765500,0,IN-RANGE,RandomForestRegressor,Morgan,1.512645017794946,2.070000903802345
14765503,0,IN-RANGE,RandomForestRegressor,Morgan,1.1634985512609686,2.0755469613925306
14765529,0,IN-RANGE,RandomForestRegressor,Morgan,1.5402141474434734,2.109983294819892
14765536,0,IN-RANGE,RandomForestRegressor,Morgan,1.2006129932985694,2.1271047983648077
14765551,0,IN-RANGE,RandomForestRegressor,Morgan,1.4821906844188266,2.146128035678238
14766485,0,ABOVE,RandomForestRegressor,Morgan,1.2406318745651241,
14766487,0,ABOVE,RandomForestRegressor,Morgan,1.3925011010605868,
14766492,0,ABOVE,RandomForestRegressor,Morgan,1.372335983920581,
14766493,0,ABOVE,RandomForestRegressor,Morgan,1.274956871051389,
14766495,0,ABOVE,RandomForestRegressor,Morgan,1.4605470490478973,
14766497,0,ABOVE,RandomForestRegressor,Morgan,1.763151881383752,
14766503,0,ABOVE,RandomForestRegressor,Morgan,1.3279359639508477,
14766508,0,ABOVE,RandomForestRegressor,Morgan,1.7600164125253885,
14766522,0,ABOVE,RandomForestRegressor,Morgan,1.37652513810169,
14766527,0,ABOVE,RandomForestRegressor,Morgan,1.45899762604227,
14766539,0,ABOVE,RandomForestRegressor,Morgan,1.1255412828545939,
14766542,0,ABOVE,RandomForestRegressor,Morgan,1.4291371435587208,
14766555,0,ABOVE,RandomForestRegressor,Morgan,1.450296910483963,
14766557,0,ABOVE,RandomForestRegressor,Morgan,1.241532506336608,
14766558,0,ABOVE,RandomForestRegressor,Morgan,1.007519850639587,
14766565,0,ABOVE,RandomForestRegressor,Morgan,1.2301519215197285,
14766568,0,ABOVE,RandomForestRegressor,Morgan,1.3314084961210215,
14769822,0,BELOW,RandomForestRegressor,Morgan,1.1540186755821458,
14769825,0,BELOW,RandomForestRegressor,Morgan,1.2634203546108251,
14769827,0,BELOW,RandomForestRegressor,Morgan,1.0041822944682537,
14769835,0,BELOW,RandomForestRegressor,Morgan,1.1754927455388589,
14769840,0,BELOW,RandomForestRegressor,Morgan,0.9403132434485255,
14769844,0,BELOW,RandomForestRegressor,Morgan,1.0195138463074505,
14769846,0,BELOW,RandomForestRegressor,Morgan,1.093185558511969,
14769847,0,BELOW,RandomForestRegressor,Morgan,1.4613412114896567,
14769851,0,BELOW,RandomForestRegressor,Morgan,1.0375931133687757,
14769852,0,BELOW,RandomForestRegressor,Morgan,1.2768893159513153,
14769853,0,BELOW,RandomForestRegressor,Morgan,0.7637974973156354,
14769858,0,BELOW,RandomForestRegressor,Morgan,1.0859269477859745,
14769861,0,BELOW,RandomForestRegressor,Morgan,1.1211496166739485,
14769864,0,BELOW,RandomForestRegressor,Morgan,1.176242318610708,
14769871,0,BELOW,RandomForestRegressor,Morgan,1.2069969836840473,
14769873,0,BELOW,RandomForestRegressor,Morgan,1.1155706636347564,
14769878,0,BELOW,RandomForestRegressor,Morgan,1.4223693778616675,
14769882,0,BELOW,RandomForestRegressor,Morgan,1.2268360584302458,
14769887,0,BELOW,RandomForestRegressor,Morgan,1.4942511452108587,
14769888,0,BELOW,RandomForestRegressor,Morgan,1.1964420224438557,
14758731,1,BELOW,mean_baseline,none,1.3317618142574412,
14758731,1,BELOW,median_baseline,none,1.3010299956639813,
14758735,1,BELOW,mean_baseline,none,1.3317618142574412,
14758735,1,BELOW,median_baseline,none,1.3010299956639813,
14758738,1,BELOW,mean_baseline,none,1.3317618142574412,
14758738,1,BELOW,median_baseline,none,1.3010299956639813,
14758743,1,BELOW,mean_baseline,none,1.3317618142574412,
14758743,1,BELOW,median_baseline,none,1.3010299956639813,
14758749,1,BELOW,mean_baseline,none,1.3317618142574412,
14758749,1,BELOW,median_baseline,none,1.3010299956639813,
14758756,1,BELOW,mean_baseline,none,1.3317618142574412,
14758756,1,BELOW,median_baseline,none,1.3010299956639813,
14758767,1,BELOW,mean_baseline,none,1.3317618142574412,
14758767,1,BELOW,median_baseline,none,1.3010299956639813,
14758775,1,BELOW,mean_baseline,none,1.3317618142574412,
14758775,1,BELOW,median_baseline,none,1.3010299956639813,
14758786,1,BELOW,mean_baseline,none,1.3317618142574412,
14758786,1,BELOW,median_baseline,none,1.3010299956639813,
14758788,1,BELOW,mean_baseline,none,1.3317618142574412,
14758788,1,BELOW,median_baseline,none,1.3010299956639813,
14758789,1,BELOW,mean_baseline,none,1.3317618142574412,
14758789,1,BELOW,median_baseline,none,1.3010299956639813,
14758797,1,BELOW,mean_baseline,none,1.3317618142574412,
14758797,1,BELOW,median_baseline,none,1.3010299956639813,
14758807,1,BELOW,mean_baseline,none,1.3317618142574412,
14758807,1,BELOW,median_baseline,none,1.3010299956639813,
14758812,1,BELOW,mean_baseline,none,1.3317618142574412,
14758812,1,BELOW,median_baseline,none,1.3010299956639813,
14758813,1,BELOW,mean_baseline,none,1.3317618142574412,
14758813,1,BELOW,median_baseline,none,1.3010299956639813,
14758814,1,BELOW,mean_baseline,none,1.3317618142574412,
14758814,1,BELOW,median_baseline,none,1.3010299956639813,
14758825,1,BELOW,mean_baseline,none,1.3317618142574412,
14758825,1,BELOW,median_baseline,none,1.3010299956639813,
14758826,1,BELOW,mean_baseline,none,1.3317618142574412,
14758826,1,BELOW,median_baseline,none,1.3010299956639813,
14758838,1,BELOW,mean_baseline,none,1.3317618142574412,
14758838,1,BELOW,median_baseline,none,1.3010299956639813,
14758840,1,BELOW,mean_baseline,none,1.3317618142574412,
14758840,1,BELOW,median_baseline,none,1.3010299956639813,
14758845,1,BELOW,mean_baseline,none,1.3317618142574412,
14758845,1,BELOW,median_baseline,none,1.3010299956639813,
14758846,1,BELOW,mean_baseline,none,1.3317618142574412,
14758846,1,BELOW,median_baseline,none,1.3010299956639813,
14758849,1,BELOW,mean_baseline,none,1.3317618142574412,
14758849,1,BELOW,median_baseline,none,1.3010299956639813,
14758863,1,BELOW,mean_baseline,none,1.3317618142574412,
14758863,1,BELOW,median_baseline,none,1.3010299956639813,
14758874,1,BELOW,mean_baseline,none,1.3317618142574412,
14758874,1,BELOW,median_baseline,none,1.3010299956639813,
14758876,1,BELOW,mean_baseline,none,1.3317618142574412,
14758876,1,BELOW,median_baseline,none,1.3010299956639813,
14758885,1,BELOW,mean_baseline,none,1.3317618142574412,
14758885,1,BELOW,median_baseline,none,1.3010299956639813,
14758886,1,BELOW,mean_baseline,none,1.3317618142574412,
14758886,1,BELOW,median_baseline,none,1.3010299956639813,
14758888,1,BELOW,mean_baseline,none,1.3317618142574412,
14758888,1,BELOW,median_baseline,none,1.3010299956639813,
14758890,1,BELOW,mean_baseline,none,1.3317618142574412,
14758890,1,BELOW,median_baseline,none,1.3010299956639813,
14758891,1,BELOW,mean_baseline,none,1.3317618142574412,
14758891,1,BELOW,median_baseline,none,1.3010299956639813,
14758893,1,BELOW,mean_baseline,none,1.3317618142574412,
14758893,1,BELOW,median_baseline,none,1.3010299956639813,
14758898,1,BELOW,mean_baseline,none,1.3317618142574412,
14758898,1,BELOW,median_baseline,none,1.3010299956639813,
14758900,1,BELOW,mean_baseline,none,1.3317618142574412,
14758900,1,BELOW,median_baseline,none,1.3010299956639813,
14758913,1,BELOW,mean_baseline,none,1.3317618142574412,
14758913,1,BELOW,median_baseline,none,1.3010299956639813,
14758919,1,BELOW,mean_baseline,none,1.3317618142574412,
14758919,1,BELOW,median_baseline,none,1.3010299956639813,
14758923,1,BELOW,mean_baseline,none,1.3317618142574412,
14758923,1,BELOW,median_baseline,none,1.3010299956639813,
14758945,1,IN-RANGE,mean_baseline,none,1.3317618142574412,0.5563025007672873
14758945,1,IN-RANGE,median_baseline,none,1.3010299956639813,0.5563025007672873
14758956,1,IN-RANGE,mean_baseline,none,1.3317618142574412,0.5910646070264992
14758956,1,IN-RANGE,median_baseline,none,1.3010299956639813,0.5910646070264992
14758961,1,IN-RANGE,mean_baseline,none,1.3317618142574412,0.5998830720736879
14758961,1,IN-RANGE,median_baseline,none,1.3010299956639813,0.5998830720736879
14758962,1,IN-RANGE,mean_baseline,none,1.3317618142574412,0.5998830720736879
14758962,1,IN-RANGE,median_baseline,none,1.3010299956639813,0.5998830720736879
14758970,1,IN-RANGE,mean_baseline,none,1.3317618142574412,0.6020599913279624
14758970,1,IN-RANGE,median_baseline,none,1.3010299956639813,0.6020599913279624
14758978,1,IN-RANGE,mean_baseline,none,1.3317618142574412,0.6020599913279624
14758978,1,IN-RANGE,median_baseline,none,1.3010299956639813,0.6020599913279624
14758979,1,IN-RANGE,mean_baseline,none,1.3317618142574412,0.6020599913279624
14758979,1,IN-RANGE,median_baseline,none,1.3010299956639813,0.6020599913279624
14758984,1,IN-RANGE,mean_baseline,none,1.3317618142574412,0.6020599913279624
14758984,1,IN-RANGE,median_baseline,none,1.3010299956639813,0.6020599913279624
14758988,1,IN-RANGE,mean_baseline,none,1.3317618142574412,0.6020599913279624
14758988,1,IN-RANGE,median_baseline,none,1.3010299956639813,0.6020599913279624
14758989,1,IN-RANGE,mean_baseline,none,1.3317618142574412,0.6020599913279624
14758989,1,IN-RANGE,median_baseline,none,1.3010299956639813,0.6020599913279624
14758991,1,IN-RANGE,mean_baseline,none,1.3317618142574412,0.6020599913279624
14758991,1,IN-RANGE,median_baseline,none,1.3010299956639813,0.6020599913279624
14759000,1,IN-RANGE,mean_baseline,none,1.3317618142574412,0.6232492903979004
14759000,1,IN-RANGE,median_baseline,none,1.3010299956639813,0.6232492903979004
14759795,1,IN-RANGE,mean_baseline,none,1.3317618142574412,0.6901960800285137
14759795,1,IN-RANGE,median_baseline,none,1.3010299956639813,0.6901960800285137
14759809,1,IN-RANGE,mean_baseline,none,1.3317618142574412,0.6989700043360189
14759809,1,IN-RANGE,median_baseline,none,1.3010299956639813,0.6989700043360189
14759813,1,IN-RANGE,mean_baseline,none,1.3317618142574412,0.6989700043360189
14759813,1,IN-RANGE,median_baseline,none,1.3010299956639813,0.6989700043360189
14759817,1,IN-RANGE,mean_baseline,none,1.3317618142574412,0.6989700043360189
14759817,1,IN-RANGE,median_baseline,none,1.3010299956639813,0.6989700043360189
14759818,1,IN-RANGE,mean_baseline,none,1.3317618142574412,0.6989700043360189
14759818,1,IN-RANGE,median_baseline,none,1.3010299956639813,0.6989700043360189
14759819,1,IN-RANGE,mean_baseline,none,1.3317618142574412,0.6989700043360189
14759819,1,IN-RANGE,median_baseline,none,1.3010299956639813,0.6989700043360189
14759821,1,IN-RANGE,mean_baseline,none,1.3317618142574412,0.6989700043360189
14759821,1,IN-RANGE,median_baseline,none,1.3010299956639813,0.6989700043360189
14759823,1,IN-RANGE,mean_baseline,none,1.3317618142574412,0.6989700043360189
14759823,1,IN-RANGE,median_baseline,none,1.3010299956639813,0.6989700043360189
14759837,1,IN-RANGE,mean_baseline,none,1.3317618142574412,0.7101173651118162
14759837,1,IN-RANGE,median_baseline,none,1.3010299956639813,0.7101173651118162
14759846,1,IN-RANGE,mean_baseline,none,1.3317618142574412,0.7201593034059569
14759846,1,IN-RANGE,median_baseline,none,1.3010299956639813,0.7201593034059569
14759854,1,IN-RANGE,mean_baseline,none,1.3317618142574412,0.7299742856995556
14759854,1,IN-RANGE,median_baseline,none,1.3010299956639813,0.7299742856995556
14759863,1,IN-RANGE,mean_baseline,none,1.3317618142574412,0.7403626894942439
14759863,1,IN-RANGE,median_baseline,none,1.3010299956639813,0.7403626894942439
14759876,1,IN-RANGE,mean_baseline,none,1.3317618142574412,0.7596678446896304
14759876,1,IN-RANGE,median_baseline,none,1.3010299956639813,0.7596678446896304
14759891,1,IN-RANGE,mean_baseline,none,1.3317618142574412,0.7781512503836436
14759891,1,IN-RANGE,median_baseline,none,1.3010299956639813,0.7781512503836436
14759892,1,IN-RANGE,mean_baseline,none,1.3317618142574412,0.7781512503836436
14759892,1,IN-RANGE,median_baseline,none,1.3010299956639813,0.7781512503836436
14759893,1,IN-RANGE,mean_baseline,none,1.3317618142574412,0.7781512503836436
14759893,1,IN-RANGE,median_baseline,none,1.3010299956639813,0.7781512503836436
14759902,1,IN-RANGE,mean_baseline,none,1.3317618142574412,0.7781512503836436
14759902,1,IN-RANGE,median_baseline,none,1.3010299956639813,0.7781512503836436
14759903,1,IN-RANGE,mean_baseline,none,1.3317618142574412,0.7781512503836436
14759903,1,IN-RANGE,median_baseline,none,1.3010299956639813,0.7781512503836436
14759904,1,IN-RANGE,mean_baseline,none,1.3317618142574412,0.7781512503836436
14759904,1,IN-RANGE,median_baseline,none,1.3010299956639813,0.7781512503836436
14759934,1,IN-RANGE,mean_baseline,none,1.3317618142574412,0.8014037100173551
14759934,1,IN-RANGE,median_baseline,none,1.3010299956639813,0.8014037100173551
14759943,1,IN-RANGE,mean_baseline,none,1.3317618142574412,0.8202014594856403
14759943,1,IN-RANGE,median_baseline,none,1.3010299956639813,0.8202014594856403
14759966,1,IN-RANGE,mean_baseline,none,1.3317618142574412,0.8450980400142568
14759966,1,IN-RANGE,median_baseline,none,1.3010299956639813,0.8450980400142568
14759968,1,IN-RANGE,mean_baseline,none,1.3317618142574412,0.8450980400142568
14759968,1,IN-RANGE,median_baseline,none,1.3010299956639813,0.8450980400142568
14759983,1,IN-RANGE,mean_baseline,none,1.3317618142574412,0.8450980400142568
14759983,1,IN-RANGE,median_baseline,none,1.3010299956639813,0.8450980400142568
14759997,1,IN-RANGE,mean_baseline,none,1.3317618142574412,0.8698182079793282
14759997,1,IN-RANGE,median_baseline,none,1.3010299956639813,0.8698182079793282
14760001,1,IN-RANGE,mean_baseline,none,1.3317618142574412,0.8750612633917001
14760001,1,IN-RANGE,median_baseline,none,1.3010299956639813,0.8750612633917001
14760002,1,IN-RANGE,mean_baseline,none,1.3317618142574412,0.8750612633917001
14760002,1,IN-RANGE,median_baseline,none,1.3010299956639813,0.8750612633917001
14760003,1,IN-RANGE,mean_baseline,none,1.3317618142574412,0.8750612633917001
14760003,1,IN-RANGE,median_baseline,none,1.3010299956639813,0.8750612633917001
14760009,1,IN-RANGE,mean_baseline,none,1.3317618142574412,0.8802417758954804
14760009,1,IN-RANGE,median_baseline,none,1.3010299956639813,0.8802417758954804
14760034,1,IN-RANGE,mean_baseline,none,1.3317618142574412,0.9030899869919435
14760034,1,IN-RANGE,median_baseline,none,1.3010299956639813,0.9030899869919435
14760037,1,IN-RANGE,mean_baseline,none,1.3317618142574412,0.9030899869919435
14760037,1,IN-RANGE,median_baseline,none,1.3010299956639813,0.9030899869919435
14761125,1,IN-RANGE,mean_baseline,none,1.3317618142574412,0.9030899869919435
14761125,1,IN-RANGE,median_baseline,none,1.3010299956639813,0.9030899869919435
14761126,1,IN-RANGE,mean_baseline,none,1.3317618142574412,0.9030899869919435
14761126,1,IN-RANGE,median_baseline,none,1.3010299956639813,0.9030899869919435
14761127,1,IN-RANGE,mean_baseline,none,1.3317618142574412,0.9030899869919435
14761127,1,IN-RANGE,median_baseline,none,1.3010299956639813,0.9030899869919435
14761134,1,IN-RANGE,mean_baseline,none,1.3317618142574412,0.9100905455940682
14761134,1,IN-RANGE,median_baseline,none,1.3010299956639813,0.9100905455940682
14761136,1,IN-RANGE,mean_baseline,none,1.3317618142574412,0.9201233262907239
14761136,1,IN-RANGE,median_baseline,none,1.3010299956639813,0.9201233262907239
14761139,1,IN-RANGE,mean_baseline,none,1.3317618142574412,0.9294189257142927
14761139,1,IN-RANGE,median_baseline,none,1.3010299956639813,0.9294189257142927
14761157,1,IN-RANGE,mean_baseline,none,1.3317618142574412,0.9400181550076633
14761157,1,IN-RANGE,median_baseline,none,1.3010299956639813,0.9400181550076633
14761176,1,IN-RANGE,mean_baseline,none,1.3317618142574412,0.9542425094393249
14761176,1,IN-RANGE,median_baseline,none,1.3010299956639813,0.9542425094393249
14761181,1,IN-RANGE,mean_baseline,none,1.3317618142574412,0.9542425094393249
14761181,1,IN-RANGE,median_baseline,none,1.3010299956639813,0.9542425094393249
14761236,1,IN-RANGE,mean_baseline,none,1.3317618142574412,1.0
14761236,1,IN-RANGE,median_baseline,none,1.3010299956639813,1.0
14761250,1,IN-RANGE,mean_baseline,none,1.3317618142574412,1.0199466816788423
14761250,1,IN-RANGE,median_baseline,none,1.3010299956639813,1.0199466816788423
14761271,1,IN-RANGE,mean_baseline,none,1.3317618142574412,1.0413926851582251
14761271,1,IN-RANGE,median_baseline,none,1.3010299956639813,1.0413926851582251
14761272,1,IN-RANGE,mean_baseline,none,1.3317618142574412,1.0413926851582251
14761272,1,IN-RANGE,median_baseline,none,1.3010299956639813,1.0413926851582251
14761273,1,IN-RANGE,mean_baseline,none,1.3317618142574412,1.0413926851582251
14761273,1,IN-RANGE,median_baseline,none,1.3010299956639813,1.0413926851582251
14761280,1,IN-RANGE,mean_baseline,none,1.3317618142574412,1.0413926851582251
14761280,1,IN-RANGE,median_baseline,none,1.3010299956639813,1.0413926851582251
14761281,1,IN-RANGE,mean_baseline,none,1.3317618142574412,1.0413926851582251
14761281,1,IN-RANGE,median_baseline,none,1.3010299956639813,1.0413926851582251
14761284,1,IN-RANGE,mean_baseline,none,1.3317618142574412,1.0413926851582251
14761284,1,IN-RANGE,median_baseline,none,1.3010299956639813,1.0413926851582251
14761292,1,IN-RANGE,mean_baseline,none,1.3317618142574412,1.0499928569201427
14761292,1,IN-RANGE,median_baseline,none,1.3010299956639813,1.0499928569201427
14761312,1,IN-RANGE,mean_baseline,none,1.3317618142574412,1.0791812460476249
14761312,1,IN-RANGE,median_baseline,none,1.3010299956639813,1.0791812460476249
14761314,1,IN-RANGE,mean_baseline,none,1.3317618142574412,1.0791812460476249
14761314,1,IN-RANGE,median_baseline,none,1.3010299956639813,1.0791812460476249
14761367,1,IN-RANGE,mean_baseline,none,1.3317618142574412,1.1139433523068367
14761367,1,IN-RANGE,median_baseline,none,1.3010299956639813,1.1139433523068367
14761385,1,IN-RANGE,mean_baseline,none,1.3317618142574412,1.1300119496719043
14761385,1,IN-RANGE,median_baseline,none,1.3010299956639813,1.1300119496719043
14762232,1,IN-RANGE,mean_baseline,none,1.3317618142574412,1.146128035678238
14762232,1,IN-RANGE,median_baseline,none,1.3010299956639813,1.146128035678238
14762237,1,IN-RANGE,mean_baseline,none,1.3317618142574412,1.146128035678238
14762237,1,IN-RANGE,median_baseline,none,1.3010299956639813,1.146128035678238
14762270,1,IN-RANGE,mean_baseline,none,1.3317618142574412,1.1760912590556813
14762270,1,IN-RANGE,median_baseline,none,1.3010299956639813,1.1760912590556813
14762294,1,IN-RANGE,mean_baseline,none,1.3317618142574412,1.2000292665537702
14762294,1,IN-RANGE,median_baseline,none,1.3010299956639813,1.2000292665537702
14762305,1,IN-RANGE,mean_baseline,none,1.3317618142574412,1.2041199826559248
14762305,1,IN-RANGE,median_baseline,none,1.3010299956639813,1.2041199826559248
14762329,1,IN-RANGE,mean_baseline,none,1.3317618142574412,1.2304489213782739
14762329,1,IN-RANGE,median_baseline,none,1.3010299956639813,1.2304489213782739
14762330,1,IN-RANGE,mean_baseline,none,1.3317618142574412,1.2304489213782739
14762330,1,IN-RANGE,median_baseline,none,1.3010299956639813,1.2304489213782739
14762332,1,IN-RANGE,mean_baseline,none,1.3317618142574412,1.2312146479626012
14762332,1,IN-RANGE,median_baseline,none,1.3010299956639813,1.2312146479626012
14762354,1,IN-RANGE,mean_baseline,none,1.3317618142574412,1.249931756634195
14762354,1,IN-RANGE,median_baseline,none,1.3010299956639813,1.249931756634195
14762363,1,IN-RANGE,mean_baseline,none,1.3317618142574412,1.255272505103306
14762363,1,IN-RANGE,median_baseline,none,1.3010299956639813,1.255272505103306
14762372,1,IN-RANGE,mean_baseline,none,1.3317618142574412,1.2631624649622166
14762372,1,IN-RANGE,median_baseline,none,1.3010299956639813,1.2631624649622166
14762436,1,IN-RANGE,mean_baseline,none,1.3317618142574412,1.3100557377508915
14762436,1,IN-RANGE,median_baseline,none,1.3010299956639813,1.3100557377508915
14762449,1,IN-RANGE,mean_baseline,none,1.3317618142574412,1.3222192947339193
14762449,1,IN-RANGE,median_baseline,none,1.3010299956639813,1.3222192947339193
14762450,1,IN-RANGE,mean_baseline,none,1.3317618142574412,1.3222192947339193
14762450,1,IN-RANGE,median_baseline,none,1.3010299956639813,1.3222192947339193
14762454,1,IN-RANGE,mean_baseline,none,1.3317618142574412,1.3222192947339193
14762454,1,IN-RANGE,median_baseline,none,1.3010299956639813,1.3222192947339193
14762455,1,IN-RANGE,mean_baseline,none,1.3317618142574412,1.3222192947339193
14762455,1,IN-RANGE,median_baseline,none,1.3010299956639813,1.3222192947339193
14762461,1,IN-RANGE,mean_baseline,none,1.3317618142574412,1.330007700872759
14762461,1,IN-RANGE,median_baseline,none,1.3010299956639813,1.330007700872759
14763250,1,IN-RANGE,mean_baseline,none,1.3317618142574412,1.3424226808222062
14763250,1,IN-RANGE,median_baseline,none,1.3010299956639813,1.3424226808222062
14763264,1,IN-RANGE,mean_baseline,none,1.3317618142574412,1.3617278360175928
14763264,1,IN-RANGE,median_baseline,none,1.3010299956639813,1.3617278360175928
14763272,1,IN-RANGE,mean_baseline,none,1.3317618142574412,1.369957607346053
14763272,1,IN-RANGE,median_baseline,none,1.3010299956639813,1.369957607346053
14763286,1,IN-RANGE,mean_baseline,none,1.3317618142574412,1.380211241711606
14763286,1,IN-RANGE,median_baseline,none,1.3010299956639813,1.380211241711606
14763289,1,IN-RANGE,mean_baseline,none,1.3317618142574412,1.380211241711606
14763289,1,IN-RANGE,median_baseline,none,1.3010299956639813,1.380211241711606
14763302,1,IN-RANGE,mean_baseline,none,1.3317618142574412,1.3979400086720377
14763302,1,IN-RANGE,median_baseline,none,1.3010299956639813,1.3979400086720377
14763310,1,IN-RANGE,mean_baseline,none,1.3317618142574412,1.4000196350651586
14763310,1,IN-RANGE,median_baseline,none,1.3010299956639813,1.4000196350651586
14763349,1,IN-RANGE,mean_baseline,none,1.3317618142574412,1.4313637641589874
14763349,1,IN-RANGE,median_baseline,none,1.3010299956639813,1.4313637641589874
14763350,1,IN-RANGE,mean_baseline,none,1.3317618142574412,1.4313637641589874
14763350,1,IN-RANGE,median_baseline,none,1.3010299956639813,1.4313637641589874
14763358,1,IN-RANGE,mean_baseline,none,1.3317618142574412,1.4399639359209049
14763358,1,IN-RANGE,median_baseline,none,1.3010299956639813,1.4399639359209049
14763367,1,IN-RANGE,mean_baseline,none,1.3317618142574412,1.4471580313422192
14763367,1,IN-RANGE,median_baseline,none,1.3010299956639813,1.4471580313422192
14763395,1,IN-RANGE,mean_baseline,none,1.3317618142574412,1.4699692094999595
14763395,1,IN-RANGE,median_baseline,none,1.3010299956639813,1.4699692094999595
14763410,1,IN-RANGE,mean_baseline,none,1.3317618142574412,1.4842998393467859
14763410,1,IN-RANGE,median_baseline,none,1.3010299956639813,1.4842998393467859
14763420,1,IN-RANGE,mean_baseline,none,1.3317618142574412,1.4899584794248346
14763420,1,IN-RANGE,median_baseline,none,1.3010299956639813,1.4899584794248346
14763425,1,IN-RANGE,mean_baseline,none,1.3317618142574412,1.4913616938342726
14763425,1,IN-RANGE,median_baseline,none,1.3010299956639813,1.4913616938342726
14763427,1,IN-RANGE,mean_baseline,none,1.3317618142574412,1.4913616938342726
14763427,1,IN-RANGE,median_baseline,none,1.3010299956639813,1.4913616938342726
14763438,1,IN-RANGE,mean_baseline,none,1.3317618142574412,1.5100085129402347
14763438,1,IN-RANGE,median_baseline,none,1.3010299956639813,1.5100085129402347
14763458,1,IN-RANGE,mean_baseline,none,1.3317618142574412,1.5314789170422551
14763458,1,IN-RANGE,median_baseline,none,1.3010299956639813,1.5314789170422551
14763466,1,IN-RANGE,mean_baseline,none,1.3317618142574412,1.5440680443502757
14763466,1,IN-RANGE,median_baseline,none,1.3010299956639813,1.5440680443502757
14763468,1,IN-RANGE,mean_baseline,none,1.3317618142574412,1.5440680443502757
14763468,1,IN-RANGE,median_baseline,none,1.3010299956639813,1.5440680443502757
14763469,1,IN-RANGE,mean_baseline,none,1.3317618142574412,1.5440680443502757
14763469,1,IN-RANGE,median_baseline,none,1.3010299956639813,1.5440680443502757
14763499,1,IN-RANGE,mean_baseline,none,1.3317618142574412,1.568201724066995
14763499,1,IN-RANGE,median_baseline,none,1.3010299956639813,1.568201724066995
14763500,1,IN-RANGE,mean_baseline,none,1.3317618142574412,1.568201724066995
14763500,1,IN-RANGE,median_baseline,none,1.3010299956639813,1.568201724066995
14764289,1,IN-RANGE,mean_baseline,none,1.3317618142574412,1.5800121125294244
14764289,1,IN-RANGE,median_baseline,none,1.3010299956639813,1.5800121125294244
14764308,1,IN-RANGE,mean_baseline,none,1.3317618142574412,1.6020599913279623
14764308,1,IN-RANGE,median_baseline,none,1.3010299956639813,1.6020599913279623
14764315,1,IN-RANGE,mean_baseline,none,1.3317618142574412,1.6100210246641453
14764315,1,IN-RANGE,median_baseline,none,1.3010299956639813,1.6100210246641453
14764317,1,IN-RANGE,mean_baseline,none,1.3317618142574412,1.6127838567197355
14764317,1,IN-RANGE,median_baseline,none,1.3010299956639813,1.6127838567197355
14764321,1,IN-RANGE,mean_baseline,none,1.3317618142574412,1.6127838567197355
14764321,1,IN-RANGE,median_baseline,none,1.3010299956639813,1.6127838567197355
14764333,1,IN-RANGE,mean_baseline,none,1.3317618142574412,1.6232492903979006
14764333,1,IN-RANGE,median_baseline,none,1.3010299956639813,1.6232492903979006
14764347,1,IN-RANGE,mean_baseline,none,1.3317618142574412,1.6334684555795864
14764347,1,IN-RANGE,median_baseline,none,1.3010299956639813,1.6334684555795864
14764348,1,IN-RANGE,mean_baseline,none,1.3317618142574412,1.6334684555795864
14764348,1,IN-RANGE,median_baseline,none,1.3010299956639813,1.6334684555795864
14764358,1,IN-RANGE,mean_baseline,none,1.3317618142574412,1.6434526764861874
14764358,1,IN-RANGE,median_baseline,none,1.3010299956639813,1.6434526764861874
14764364,1,IN-RANGE,mean_baseline,none,1.3317618142574412,1.6532125137753437
14764364,1,IN-RANGE,median_baseline,none,1.3010299956639813,1.6532125137753437
14764365,1,IN-RANGE,mean_baseline,none,1.3317618142574412,1.6532125137753437
14764365,1,IN-RANGE,median_baseline,none,1.3010299956639813,1.6532125137753437
14764366,1,IN-RANGE,mean_baseline,none,1.3317618142574412,1.6532125137753437
14764366,1,IN-RANGE,median_baseline,none,1.3010299956639813,1.6532125137753437
14764375,1,IN-RANGE,mean_baseline,none,1.3317618142574412,1.662757831681574
14764375,1,IN-RANGE,median_baseline,none,1.3010299956639813,1.662757831681574
14764383,1,IN-RANGE,mean_baseline,none,1.3317618142574412,1.6720978579357175
14764383,1,IN-RANGE,median_baseline,none,1.3010299956639813,1.6720978579357175
14764385,1,IN-RANGE,mean_baseline,none,1.3317618142574412,1.6812412373755872
14764385,1,IN-RANGE,median_baseline,none,1.3010299956639813,1.6812412373755872
14764404,1,IN-RANGE,mean_baseline,none,1.3317618142574412,1.7000110623221123
14764404,1,IN-RANGE,median_baseline,none,1.3010299956639813,1.7000110623221123
14764429,1,IN-RANGE,mean_baseline,none,1.3317618142574412,1.724275869600789
14764429,1,IN-RANGE,median_baseline,none,1.3010299956639813,1.724275869600789
14764447,1,IN-RANGE,mean_baseline,none,1.3317618142574412,1.7399676967595095
14764447,1,IN-RANGE,median_baseline,none,1.3010299956639813,1.7399676967595095
14764469,1,IN-RANGE,mean_baseline,none,1.3317618142574412,1.7671558660821804
14764469,1,IN-RANGE,median_baseline,none,1.3010299956639813,1.7671558660821804
14764484,1,IN-RANGE,mean_baseline,none,1.3317618142574412,1.7800291273373383
14764484,1,IN-RANGE,median_baseline,none,1.3010299956639813,1.7800291273373383
14764494,1,IN-RANGE,mean_baseline,none,1.3317618142574412,1.792391689498254
14764494,1,IN-RANGE,median_baseline,none,1.3010299956639813,1.792391689498254
14764495,1,IN-RANGE,mean_baseline,none,1.3317618142574412,1.792391689498254
14764495,1,IN-RANGE,median_baseline,none,1.3010299956639813,1.792391689498254
14764506,1,IN-RANGE,mean_baseline,none,1.3317618142574412,1.806179973983887
14764506,1,IN-RANGE,median_baseline,none,1.3010299956639813,1.806179973983887
14764524,1,IN-RANGE,mean_baseline,none,1.3317618142574412,1.8195439355418688
14764524,1,IN-RANGE,median_baseline,none,1.3010299956639813,1.8195439355418688
14764532,1,IN-RANGE,mean_baseline,none,1.3317618142574412,1.8228216453031045
14764532,1,IN-RANGE,median_baseline,none,1.3010299956639813,1.8228216453031045
14765326,1,IN-RANGE,mean_baseline,none,1.3317618142574412,1.84997191232885
14765326,1,IN-RANGE,median_baseline,none,1.3010299956639813,1.84997191232885
14765327,1,IN-RANGE,mean_baseline,none,1.3317618142574412,1.84997191232885
14765327,1,IN-RANGE,median_baseline,none,1.3010299956639813,1.84997191232885
14765328,1,IN-RANGE,mean_baseline,none,1.3317618142574412,1.8512583487190752
14765328,1,IN-RANGE,median_baseline,none,1.3010299956639813,1.8512583487190752
14765329,1,IN-RANGE,mean_baseline,none,1.3317618142574412,1.8527848686805477
14765329,1,IN-RANGE,median_baseline,none,1.3010299956639813,1.8527848686805477
14765372,1,IN-RANGE,mean_baseline,none,1.3317618142574412,1.9003671286564703
14765372,1,IN-RANGE,median_baseline,none,1.3010299956639813,1.9003671286564703
14765404,1,IN-RANGE,mean_baseline,none,1.3317618142574412,1.9400181550076632
14765404,1,IN-RANGE,median_baseline,none,1.3010299956639813,1.9400181550076632
14765430,1,IN-RANGE,mean_baseline,none,1.3317618142574412,1.9800033715837464
14765430,1,IN-RANGE,median_baseline,none,1.3010299956639813,1.9800033715837464
14765433,1,IN-RANGE,mean_baseline,none,1.3317618142574412,1.9822712330395684
14765433,1,IN-RANGE,median_baseline,none,1.3010299956639813,1.9822712330395684
14765446,1,IN-RANGE,mean_baseline,none,1.3317618142574412,2.0043213737826426
14765446,1,IN-RANGE,median_baseline,none,1.3010299956639813,2.0043213737826426
14765447,1,IN-RANGE,mean_baseline,none,1.3317618142574412,2.0086001717619175
14765447,1,IN-RANGE,median_baseline,none,1.3010299956639813,2.0086001717619175
14765456,1,IN-RANGE,mean_baseline,none,1.3317618142574412,2.019116290447073
14765456,1,IN-RANGE,median_baseline,none,1.3010299956639813,2.019116290447073
14765465,1,IN-RANGE,mean_baseline,none,1.3317618142574412,2.0211892990699383
14765465,1,IN-RANGE,median_baseline,none,1.3010299956639813,2.0211892990699383
14765485,1,IN-RANGE,mean_baseline,none,1.3317618142574412,2.0499928569201424
14765485,1,IN-RANGE,median_baseline,none,1.3010299956639813,2.0499928569201424
14765488,1,IN-RANGE,mean_baseline,none,1.3317618142574412,2.0499928569201424
14765488,1,IN-RANGE,median_baseline,none,1.3010299956639813,2.0499928569201424
14765493,1,IN-RANGE,mean_baseline,none,1.3317618142574412,2.0600175425316003
14765493,1,IN-RANGE,median_baseline,none,1.3010299956639813,2.0600175425316003
14765516,1,IN-RANGE,mean_baseline,none,1.3317618142574412,2.093421685162235
14765516,1,IN-RANGE,median_baseline,none,1.3010299956639813,2.093421685162235
14766486,1,ABOVE,mean_baseline,none,1.3317618142574412,
14766486,1,ABOVE,median_baseline,none,1.3010299956639813,
14766488,1,ABOVE,mean_baseline,none,1.3317618142574412,
14766488,1,ABOVE,median_baseline,none,1.3010299956639813,
14766498,1,ABOVE,mean_baseline,none,1.3317618142574412,
14766498,1,ABOVE,median_baseline,none,1.3010299956639813,
14766499,1,ABOVE,mean_baseline,none,1.3317618142574412,
14766499,1,ABOVE,median_baseline,none,1.3010299956639813,
14766504,1,ABOVE,mean_baseline,none,1.3317618142574412,
14766504,1,ABOVE,median_baseline,none,1.3010299956639813,
14766511,1,ABOVE,mean_baseline,none,1.3317618142574412,
14766511,1,ABOVE,median_baseline,none,1.3010299956639813,
14766517,1,ABOVE,mean_baseline,none,1.3317618142574412,
14766517,1,ABOVE,median_baseline,none,1.3010299956639813,
14766518,1,ABOVE,mean_baseline,none,1.3317618142574412,
14766518,1,ABOVE,median_baseline,none,1.3010299956639813,
14766541,1,ABOVE,mean_baseline,none,1.3317618142574412,
14766541,1,ABOVE,median_baseline,none,1.3010299956639813,
14766543,1,ABOVE,mean_baseline,none,1.3317618142574412,
14766543,1,ABOVE,median_baseline,none,1.3010299956639813,
14766544,1,ABOVE,mean_baseline,none,1.3317618142574412,
14766544,1,ABOVE,median_baseline,none,1.3010299956639813,
14766549,1,ABOVE,mean_baseline,none,1.3317618142574412,
14766549,1,ABOVE,median_baseline,none,1.3010299956639813,
14766554,1,ABOVE,mean_baseline,none,1.3317618142574412,
14766554,1,ABOVE,median_baseline,none,1.3010299956639813,
14766556,1,ABOVE,mean_baseline,none,1.3317618142574412,
14766556,1,ABOVE,median_baseline,none,1.3010299956639813,
14766563,1,ABOVE,mean_baseline,none,1.3317618142574412,
14766563,1,ABOVE,median_baseline,none,1.3010299956639813,
14766567,1,ABOVE,mean_baseline,none,1.3317618142574412,
14766567,1,ABOVE,median_baseline,none,1.3010299956639813,
14766569,1,ABOVE,mean_baseline,none,1.3317618142574412,
14766569,1,ABOVE,median_baseline,none,1.3010299956639813,
14769818,1,BELOW,mean_baseline,none,1.3317618142574412,
14769818,1,BELOW,median_baseline,none,1.3010299956639813,
14769820,1,BELOW,mean_baseline,none,1.3317618142574412,
14769820,1,BELOW,median_baseline,none,1.3010299956639813,
14769823,1,BELOW,mean_baseline,none,1.3317618142574412,
14769823,1,BELOW,median_baseline,none,1.3010299956639813,
14769828,1,BELOW,mean_baseline,none,1.3317618142574412,
14769828,1,BELOW,median_baseline,none,1.3010299956639813,
14769833,1,BELOW,mean_baseline,none,1.3317618142574412,
14769833,1,BELOW,median_baseline,none,1.3010299956639813,
14769836,1,BELOW,mean_baseline,none,1.3317618142574412,
14769836,1,BELOW,median_baseline,none,1.3010299956639813,
14769837,1,BELOW,mean_baseline,none,1.3317618142574412,
14769837,1,BELOW,median_baseline,none,1.3010299956639813,
14769838,1,BELOW,mean_baseline,none,1.3317618142574412,
14769838,1,BELOW,median_baseline,none,1.3010299956639813,
14769843,1,BELOW,mean_baseline,none,1.3317618142574412,
14769843,1,BELOW,median_baseline,none,1.3010299956639813,
14769860,1,BELOW,mean_baseline,none,1.3317618142574412,
14769860,1,BELOW,median_baseline,none,1.3010299956639813,
14769866,1,BELOW,mean_baseline,none,1.3317618142574412,
14769866,1,BELOW,median_baseline,none,1.3010299956639813,
14769868,1,BELOW,mean_baseline,none,1.3317618142574412,
14769868,1,BELOW,median_baseline,none,1.3010299956639813,
14769869,1,BELOW,mean_baseline,none,1.3317618142574412,
14769869,1,BELOW,median_baseline,none,1.3010299956639813,
14769874,1,BELOW,mean_baseline,none,1.3317618142574412,
14769874,1,BELOW,median_baseline,none,1.3010299956639813,
14769875,1,BELOW,mean_baseline,none,1.3317618142574412,
14769875,1,BELOW,median_baseline,none,1.3010299956639813,
14769876,1,BELOW,mean_baseline,none,1.3317618142574412,
14769876,1,BELOW,median_baseline,none,1.3010299956639813,
14769879,1,BELOW,mean_baseline,none,1.3317618142574412,
14769879,1,BELOW,median_baseline,none,1.3010299956639813,
14769883,1,BELOW,mean_baseline,none,1.3317618142574412,
14769883,1,BELOW,median_baseline,none,1.3010299956639813,
14758731,1,BELOW,Ridge,descriptors,1.4312952421189122,
14758735,1,BELOW,Ridge,descriptors,1.3894582777443323,
14758738,1,BELOW,Ridge,descriptors,1.4163322577850845,
14758743,1,BELOW,Ridge,descriptors,1.4005925365440546,
14758749,1,BELOW,Ridge,descriptors,1.3628767207468684,
14758756,1,BELOW,Ridge,descriptors,1.2632214641596322,
14758767,1,BELOW,Ridge,descriptors,1.4046637802007689,
14758775,1,BELOW,Ridge,descriptors,1.4046637802007687,
14758786,1,BELOW,Ridge,descriptors,1.4321222209385485,
14758788,1,BELOW,Ridge,descriptors,1.4046637802007687,
14758789,1,BELOW,Ridge,descriptors,1.334946214894523,
14758797,1,BELOW,Ridge,descriptors,1.37262926210648,
14758807,1,BELOW,Ridge,descriptors,1.2488698280929915,
14758812,1,BELOW,Ridge,descriptors,1.2601662234310897,
14758813,1,BELOW,Ridge,descriptors,1.2847473783494414,
14758814,1,BELOW,Ridge,descriptors,1.1399898747215207,
14758825,1,BELOW,Ridge,descriptors,1.3165996062787522,
14758826,1,BELOW,Ridge,descriptors,1.2601662234310897,
14758838,1,BELOW,Ridge,descriptors,1.3036668421811273,
14758840,1,BELOW,Ridge,descriptors,1.2757747312525043,
14758845,1,BELOW,Ridge,descriptors,1.4080006440284074,
14758846,1,BELOW,Ridge,descriptors,1.1458277291268613,
14758849,1,BELOW,Ridge,descriptors,1.2758605418508304,
14758863,1,BELOW,Ridge,descriptors,1.2581393391802724,
14758874,1,BELOW,Ridge,descriptors,1.4019185383541253,
14758876,1,BELOW,Ridge,descriptors,1.4057284341419294,
14758885,1,BELOW,Ridge,descriptors,1.396293249417428,
14758886,1,BELOW,Ridge,descriptors,1.389099953669551,
14758888,1,BELOW,Ridge,descriptors,1.2976145692434988,
14758890,1,BELOW,Ridge,descriptors,1.4125223619972802,
14758891,1,BELOW,Ridge,descriptors,1.4125223619972802,
14758893,1,BELOW,Ridge,descriptors,1.4052296223405238,
14758898,1,BELOW,Ridge,descriptors,1.4231261856404351,
14758900,1,BELOW,Ridge,descriptors,1.415833445983679,
14758913,1,BELOW,Ridge,descriptors,1.3907033010319099,
14758919,1,BELOW,Ridge,descriptors,1.3198198401326202,
14758923,1,BELOW,Ridge,descriptors,1.484696629986044,
14758945,1,IN-RANGE,Ridge,descriptors,1.2606809160964576,0.5563025007672873
14758956,1,IN-RANGE,Ridge,descriptors,1.4547161609790475,0.5910646070264992
14758961,1,IN-RANGE,Ridge,descriptors,1.2322865886319394,0.5998830720736879
14758962,1,IN-RANGE,Ridge,descriptors,1.356868353456137,0.5998830720736879
14758970,1,IN-RANGE,Ridge,descriptors,1.2715459061977747,0.6020599913279624
14758978,1,IN-RANGE,Ridge,descriptors,1.4052296223405238,0.6020599913279624
14758979,1,IN-RANGE,Ridge,descriptors,1.3097085452441364,0.6020599913279624
14758984,1,IN-RANGE,Ridge,descriptors,1.2284899399619558,0.6020599913279624
14758988,1,IN-RANGE,Ridge,descriptors,1.3875472990845732,0.6020599913279624
14758989,1,IN-RANGE,Ridge,descriptors,1.4220867070031196,0.6020599913279624
14758991,1,IN-RANGE,Ridge,descriptors,1.401486195749128,0.6020599913279624
14759000,1,IN-RANGE,Ridge,descriptors,1.3520587037273033,0.6232492903979004
14759795,1,IN-RANGE,Ridge,descriptors,1.4216620295479778,0.6901960800285137
14759809,1,IN-RANGE,Ridge,descriptors,1.191313350671758,0.6989700043360189
14759813,1,IN-RANGE,Ridge,descriptors,1.3504527280564802,0.6989700043360189
14759817,1,IN-RANGE,Ridge,descriptors,1.4463878816095153,0.6989700043360189
14759818,1,IN-RANGE,Ridge,descriptors,1.2134437155843418,0.6989700043360189
14759819,1,IN-RANGE,Ridge,descriptors,1.2757747312525043,0.6989700043360189
14759821,1,IN-RANGE,Ridge,descriptors,1.2417807268445398,0.6989700043360189
14759823,1,IN-RANGE,Ridge,descriptors,1.330212200823956,0.6989700043360189
14759837,1,IN-RANGE,Ridge,descriptors,1.0674041658421451,0.7101173651118162
14759846,1,IN-RANGE,Ridge,descriptors,1.3044346272972023,0.7201593034059569
14759854,1,IN-RANGE,Ridge,descriptors,1.2167904169568766,0.7299742856995556
14759863,1,IN-RANGE,Ridge,descriptors,1.392483353629624,0.7403626894942439
14759876,1,IN-RANGE,Ridge,descriptors,1.2808810979297185,0.7596678446896304
14759891,1,IN-RANGE,Ridge,descriptors,1.3962932494174283,0.7781512503836436
14759892,1,IN-RANGE,Ridge,descriptors,1.5433952807329598,0.7781512503836436
14759893,1,IN-RANGE,Ridge,descriptors,1.4149033411462546,0.7781512503836436
14759902,1,IN-RANGE,Ridge,descriptors,1.5285838041034867,0.7781512503836436
14759903,1,IN-RANGE,Ridge,descriptors,1.3998814361139982,0.7781512503836436
14759904,1,IN-RANGE,Ridge,descriptors,1.389099953669551,0.7781512503836436
14759934,1,IN-RANGE,Ridge,descriptors,1.2543891726223908,0.8014037100173551
14759943,1,IN-RANGE,Ridge,descriptors,1.4046320843136753,0.8202014594856403
14759966,1,IN-RANGE,Ridge,descriptors,1.117628022076926,0.8450980400142568
14759968,1,IN-RANGE,Ridge,descriptors,1.358640955286167,0.8450980400142568
14759983,1,IN-RANGE,Ridge,descriptors,1.3042342292642484,0.8450980400142568
14759997,1,IN-RANGE,Ridge,descriptors,1.2851759183759401,0.8698182079793282
14760001,1,IN-RANGE,Ridge,descriptors,1.3142468986410316,0.8750612633917001
14760002,1,IN-RANGE,Ridge,descriptors,1.4255940084902765,0.8750612633917001
14760003,1,IN-RANGE,Ridge,descriptors,1.31905087809548,0.8750612633917001
14760009,1,IN-RANGE,Ridge,descriptors,1.2342065014807582,0.8802417758954804
14760034,1,IN-RANGE,Ridge,descriptors,1.1632185464562426,0.9030899869919435
14760037,1,IN-RANGE,Ridge,descriptors,1.389099953669551,0.9030899869919435
14761125,1,IN-RANGE,Ridge,descriptors,1.2757747312525043,0.9030899869919435
14761126,1,IN-RANGE,Ridge,descriptors,1.448860265305281,0.9030899869919435
14761127,1,IN-RANGE,Ridge,descriptors,1.4052296223405238,0.9030899869919435
14761134,1,IN-RANGE,Ridge,descriptors,1.4096726705938887,0.9100905455940682
14761136,1,IN-RANGE,Ridge,descriptors,1.2298052328217222,0.9201233262907239
14761139,1,IN-RANGE,Ridge,descriptors,1.437698196518208,0.9294189257142927
14761157,1,IN-RANGE,Ridge,descriptors,1.4672420892549745,0.9400181550076633
14761176,1,IN-RANGE,Ridge,descriptors,1.3184434530664388,0.9542425094393249
14761181,1,IN-RANGE,Ridge,descriptors,1.2819216193753007,0.9542425094393249
14761236,1,IN-RANGE,Ridge,descriptors,1.1924396509840696,1.0
14761250,1,IN-RANGE,Ridge,descriptors,1.357662770676397,1.0199466816788423
14761271,1,IN-RANGE,Ridge,descriptors,1.249578280651897,1.0413926851582251
14761272,1,IN-RANGE,Ridge,descriptors,1.3746086735633503,1.0413926851582251
14761273,1,IN-RANGE,Ridge,descriptors,1.3239124025084354,1.0413926851582251
14761280,1,IN-RANGE,Ridge,descriptors,1.3603939959969744,1.0413926851582251
14761281,1,IN-RANGE,Ridge,descriptors,1.2803369613181275,1.0413926851582251
14761284,1,IN-RANGE,Ridge,descriptors,1.3275466024761122,1.0413926851582251
14761292,1,IN-RANGE,Ridge,descriptors,1.2715213685935067,1.0499928569201427
14761312,1,IN-RANGE,Ridge,descriptors,1.324636519392156,1.0791812460476249
14761314,1,IN-RANGE,Ridge,descriptors,1.437698196518208,1.0791812460476249
14761367,1,IN-RANGE,Ridge,descriptors,1.3456467912624894,1.1139433523068367
14761385,1,IN-RANGE,Ridge,descriptors,1.3822493282883372,1.1300119496719043
14762232,1,IN-RANGE,Ridge,descriptors,1.3475918775253848,1.146128035678238
14762237,1,IN-RANGE,Ridge,descriptors,1.4231261856404351,1.146128035678238
14762270,1,IN-RANGE,Ridge,descriptors,1.371357934682816,1.1760912590556813
14762294,1,IN-RANGE,Ridge,descriptors,1.3474723656689442,1.2000292665537702
14762305,1,IN-RANGE,Ridge,descriptors,1.3697002933571443,1.2041199826559248
14762329,1,IN-RANGE,Ridge,descriptors,1.3254601135502437,1.2304489213782739
14762330,1,IN-RANGE,Ridge,descriptors,1.4434939975468277,1.2304489213782739
14762332,1,IN-RANGE,Ridge,descriptors,1.4010340607801264,1.2312146479626012
14762354,1,IN-RANGE,Ridge,descriptors,1.3277022417233129,1.249931756634195
14762363,1,IN-RANGE,Ridge,descriptors,1.3332999112938884,1.255272505103306
14762372,1,IN-RANGE,Ridge,descriptors,1.1651883985932148,1.2631624649622166
14762436,1,IN-RANGE,Ridge,descriptors,1.2444241391009765,1.3100557377508915
14762449,1,IN-RANGE,Ridge,descriptors,1.386100821787383,1.3222192947339193
14762450,1,IN-RANGE,Ridge,descriptors,1.2251180186098365,1.3222192947339193
14762454,1,IN-RANGE,Ridge,descriptors,1.3374860972464757,1.3222192947339193
14762455,1,IN-RANGE,Ridge,descriptors,1.5977969033097321,1.3222192947339193
14762461,1,IN-RANGE,Ridge,descriptors,1.4037617413521797,1.330007700872759
14763250,1,IN-RANGE,Ridge,descriptors,1.2771987706657775,1.3424226808222062
14763264,1,IN-RANGE,Ridge,descriptors,1.0950071506415793,1.3617278360175928
14763272,1,IN-RANGE,Ridge,descriptors,1.2912762295086373,1.369957607346053
14763286,1,IN-RANGE,Ridge,descriptors,1.3008877374394436,1.380211241711606
14763289,1,IN-RANGE,Ridge,descriptors,1.3606028471310787,1.380211241711606
14763302,1,IN-RANGE,Ridge,descriptors,1.3884976698179539,1.3979400086720377
14763310,1,IN-RANGE,Ridge,descriptors,1.2145472773757462,1.4000196350651586
14763349,1,IN-RANGE,Ridge,descriptors,1.3874624421943518,1.4313637641589874
14763350,1,IN-RANGE,Ridge,descriptors,1.4208285060437924,1.4313637641589874
14763358,1,IN-RANGE,Ridge,descriptors,1.2007741511286076,1.4399639359209049
14763367,1,IN-RANGE,Ridge,descriptors,1.4975938291533277,1.4471580313422192
14763395,1,IN-RANGE,Ridge,descriptors,1.4051720282981,1.4699692094999595
14763410,1,IN-RANGE,Ridge,descriptors,1.2427342702121922,1.4842998393467859
14763420,1,IN-RANGE,Ridge,descriptors,1.3584421634672552,1.4899584794248346
14763425,1,IN-RANGE,Ridge,descriptors,1.3294797689085864,1.4913616938342726
14763427,1,IN-RANGE,Ridge,descriptors,1.4167161467570926,1.4913616938342726
14763438,1,IN-RANGE,Ridge,descriptors,1.213295086883949,1.5100085129402347
14763458,1,IN-RANGE,Ridge,descriptors,1.3647716860400534,1.5314789170422551
14763466,1,IN-RANGE,Ridge,descriptors,1.3917376344860752,1.5440680443502757
14763468,1,IN-RANGE,Ridge,descriptors,1.4099046127440114,1.5440680443502757
14763469,1,IN-RANGE,Ridge,descriptors,1.6199853173874217,1.5440680443502757
14763499,1,IN-RANGE,Ridge,descriptors,1.3421552445431457,1.568201724066995
14763500,1,IN-RANGE,Ridge,descriptors,1.3458167620471646,1.568201724066995
14764289,1,IN-RANGE,Ridge,descriptors,1.45492500489847,1.5800121125294244
14764308,1,IN-RANGE,Ridge,descriptors,1.3157959362587266,1.6020599913279623
14764315,1,IN-RANGE,Ridge,descriptors,1.3276930446922666,1.6100210246641453
14764317,1,IN-RANGE,Ridge,descriptors,1.3918926052405969,1.6127838567197355
14764321,1,IN-RANGE,Ridge,descriptors,1.2462598829406704,1.6127838567197355
14764333,1,IN-RANGE,Ridge,descriptors,1.5644960670242716,1.6232492903979006
14764347,1,IN-RANGE,Ridge,descriptors,1.453855355871503,1.6334684555795864
14764348,1,IN-RANGE,Ridge,descriptors,1.2793769437088087,1.6334684555795864
14764358,1,IN-RANGE,Ridge,descriptors,1.4515812939044146,1.6434526764861874
14764364,1,IN-RANGE,Ridge,descriptors,1.160456325787117,1.6532125137753437
14764365,1,IN-RANGE,Ridge,descriptors,1.4324436684284372,1.6532125137753437
14764366,1,IN-RANGE,Ridge,descriptors,1.3556551172440485,1.6532125137753437
14764375,1,IN-RANGE,Ridge,descriptors,1.4072330096246306,1.662757831681574
14764383,1,IN-RANGE,Ridge,descriptors,1.3741437086055563,1.6720978579357175
14764385,1,IN-RANGE,Ridge,descriptors,1.2087114802315735,1.6812412373755872
14764404,1,IN-RANGE,Ridge,descriptors,1.1906447092728334,1.7000110623221123
14764429,1,IN-RANGE,Ridge,descriptors,1.4198679668024983,1.724275869600789
14764447,1,IN-RANGE,Ridge,descriptors,1.3780214190511773,1.7399676967595095
14764469,1,IN-RANGE,Ridge,descriptors,1.3128134626750148,1.7671558660821804
14764484,1,IN-RANGE,Ridge,descriptors,1.2090027504075196,1.7800291273373383
14764494,1,IN-RANGE,Ridge,descriptors,1.445036818365853,1.792391689498254
14764495,1,IN-RANGE,Ridge,descriptors,1.4099046127440114,1.792391689498254
14764506,1,IN-RANGE,Ridge,descriptors,1.2443249615262557,1.806179973983887
14764524,1,IN-RANGE,Ridge,descriptors,1.366754067570119,1.8195439355418688
14764532,1,IN-RANGE,Ridge,descriptors,1.2710230065802828,1.8228216453031045
14765326,1,IN-RANGE,Ridge,descriptors,1.2228412199058674,1.84997191232885
14765327,1,IN-RANGE,Ridge,descriptors,1.2818724361574345,1.84997191232885
14765328,1,IN-RANGE,Ridge,descriptors,1.3800973351378827,1.8512583487190752
14765329,1,IN-RANGE,Ridge,descriptors,1.2868249842830388,1.8527848686805477
14765372,1,IN-RANGE,Ridge,descriptors,1.4013228150118913,1.9003671286564703
14765404,1,IN-RANGE,Ridge,descriptors,1.4318998386114603,1.9400181550076632
14765430,1,IN-RANGE,Ridge,descriptors,1.4511497354137675,1.9800033715837464
14765433,1,IN-RANGE,Ridge,descriptors,1.3576194303901286,1.9822712330395684
14765446,1,IN-RANGE,Ridge,descriptors,1.425042314409823,2.0043213737826426
14765447,1,IN-RANGE,Ridge,descriptors,1.4859079609708623,2.0086001717619175
14765456,1,IN-RANGE,Ridge,descriptors,1.4240362748899003,2.019116290447073
14765465,1,IN-RANGE,Ridge,descriptors,1.4109840715585589,2.0211892990699383
14765485,1,IN-RANGE,Ridge,descriptors,1.3628621068505846,2.0499928569201424
14765488,1,IN-RANGE,Ridge,descriptors,1.5201399097373032,2.0499928569201424
14765493,1,IN-RANGE,Ridge,descriptors,1.2103696053983937,2.0600175425316003
14765516,1,IN-RANGE,Ridge,descriptors,1.4013026654326641,2.093421685162235
14766486,1,ABOVE,Ridge,descriptors,1.3237333608301738,
14766488,1,ABOVE,Ridge,descriptors,1.3963809515560588,
14766498,1,ABOVE,Ridge,descriptors,1.4080722694008236,
14766499,1,ABOVE,Ridge,descriptors,1.4013712503189817,
14766504,1,ABOVE,Ridge,descriptors,1.4614323555366997,
14766511,1,ABOVE,Ridge,descriptors,1.2160734195443834,
14766517,1,ABOVE,Ridge,descriptors,1.4432677036666288,
14766518,1,ABOVE,Ridge,descriptors,1.4030034346635472,
14766541,1,ABOVE,Ridge,descriptors,1.3990903993496737,
14766543,1,ABOVE,Ridge,descriptors,1.3048320696029891,
14766544,1,ABOVE,Ridge,descriptors,1.382413600433672,
14766549,1,ABOVE,Ridge,descriptors,1.5409542934508398,
14766554,1,ABOVE,Ridge,descriptors,1.3667030833552052,
14766556,1,ABOVE,Ridge,descriptors,1.3693712009811856,
14766563,1,ABOVE,Ridge,descriptors,1.2608902657360725,
14766567,1,ABOVE,Ridge,descriptors,1.3948208146233159,
14766569,1,ABOVE,Ridge,descriptors,1.2872104635598443,
14769818,1,BELOW,Ridge,descriptors,1.3271506540483748,
14769820,1,BELOW,Ridge,descriptors,1.4163322577850845,
14769823,1,BELOW,Ridge,descriptors,1.4231261856404351,
14769828,1,BELOW,Ridge,descriptors,1.3962932494174283,
14769833,1,BELOW,Ridge,descriptors,1.54583060069632,
14769836,1,BELOW,Ridge,descriptors,1.4127554917960157,
14769837,1,BELOW,Ridge,descriptors,1.4233593154391706,
14769838,1,BELOW,Ridge,descriptors,1.420247664867042,
14769843,1,BELOW,Ridge,descriptors,1.422860503637765,
14769860,1,BELOW,Ridge,descriptors,1.4004271677000322,
14769866,1,BELOW,Ridge,descriptors,1.2762754135310572,
14769868,1,BELOW,Ridge,descriptors,1.5786638564142201,
14769869,1,BELOW,Ridge,descriptors,1.3043390686321472,
14769874,1,BELOW,Ridge,descriptors,1.4120235501958744,
14769875,1,BELOW,Ridge,descriptors,1.295081197363956,
14769876,1,BELOW,Ridge,descriptors,1.1960581748430739,
14769879,1,BELOW,Ridge,descriptors,1.3024380925255654,
14769883,1,BELOW,Ridge,descriptors,1.3335513883818988,
14758731,1,BELOW,RandomForestRegressor,descriptors,1.4441131071909012,
14758735,1,BELOW,RandomForestRegressor,descriptors,1.3218754019932675,
14758738,1,BELOW,RandomForestRegressor,descriptors,1.4877612629155672,
14758743,1,BELOW,RandomForestRegressor,descriptors,1.5847602554474907,
14758749,1,BELOW,RandomForestRegressor,descriptors,1.3376463599977348,
14758756,1,BELOW,RandomForestRegressor,descriptors,1.291966334440328,
14758767,1,BELOW,RandomForestRegressor,descriptors,1.3444622338423338,
14758775,1,BELOW,RandomForestRegressor,descriptors,1.3444622338423338,
14758786,1,BELOW,RandomForestRegressor,descriptors,1.1099682565212712,
14758788,1,BELOW,RandomForestRegressor,descriptors,1.3444622338423338,
14758789,1,BELOW,RandomForestRegressor,descriptors,1.5992620895995058,
14758797,1,BELOW,RandomForestRegressor,descriptors,1.3523286839538824,
14758807,1,BELOW,RandomForestRegressor,descriptors,1.0135642870427644,
14758812,1,BELOW,RandomForestRegressor,descriptors,1.4379878943462214,
14758813,1,BELOW,RandomForestRegressor,descriptors,0.9596026549848509,
14758814,1,BELOW,RandomForestRegressor,descriptors,1.1231967070055826,
14758825,1,BELOW,RandomForestRegressor,descriptors,1.3097178700272927,
14758826,1,BELOW,RandomForestRegressor,descriptors,1.4379878943462214,
14758838,1,BELOW,RandomForestRegressor,descriptors,1.3946735204543161,
14758840,1,BELOW,RandomForestRegressor,descriptors,0.9658597080305423,
14758845,1,BELOW,RandomForestRegressor,descriptors,1.7747734881370016,
14758846,1,BELOW,RandomForestRegressor,descriptors,1.037694707193924,
14758849,1,BELOW,RandomForestRegressor,descriptors,0.9658597080305423,
14758863,1,BELOW,RandomForestRegressor,descriptors,1.1402636409716762,
14758874,1,BELOW,RandomForestRegressor,descriptors,1.6041778921784065,
14758876,1,BELOW,RandomForestRegressor,descriptors,1.6020393188002655,
14758885,1,BELOW,RandomForestRegressor,descriptors,1.285636897195995,
14758886,1,BELOW,RandomForestRegressor,descriptors,1.1048840515794185,
14758888,1,BELOW,RandomForestRegressor,descriptors,1.292020900778074,
14758890,1,BELOW,RandomForestRegressor,descriptors,1.6230305680571309,
14758891,1,BELOW,RandomForestRegressor,descriptors,1.6230305680571309,
14758893,1,BELOW,RandomForestRegressor,descriptors,1.337983608773909,
14758898,1,BELOW,RandomForestRegressor,descriptors,1.4796313740367015,
14758900,1,BELOW,RandomForestRegressor,descriptors,1.3658517706612658,
14758913,1,BELOW,RandomForestRegressor,descriptors,1.21268653698451,
14758919,1,BELOW,RandomForestRegressor,descriptors,1.2941943760835328,
14758923,1,BELOW,RandomForestRegressor,descriptors,1.572191601914905,
14758945,1,IN-RANGE,RandomForestRegressor,descriptors,0.9401323368886909,0.5563025007672873
14758956,1,IN-RANGE,RandomForestRegressor,descriptors,1.7099964230996958,0.5910646070264992
14758961,1,IN-RANGE,RandomForestRegressor,descriptors,1.1733957351244293,0.5998830720736879
14758962,1,IN-RANGE,RandomForestRegressor,descriptors,1.399569302347424,0.5998830720736879
14758970,1,IN-RANGE,RandomForestRegressor,descriptors,1.3238048247937113,0.6020599913279624
14758978,1,IN-RANGE,RandomForestRegressor,descriptors,1.337983608773909,0.6020599913279624
14758979,1,IN-RANGE,RandomForestRegressor,descriptors,1.4363570761835767,0.6020599913279624
14758984,1,IN-RANGE,RandomForestRegressor,descriptors,1.1541136393762619,0.6020599913279624
14758988,1,IN-RANGE,RandomForestRegressor,descriptors,1.4851070007769613,0.6020599913279624
14758989,1,IN-RANGE,RandomForestRegressor,descriptors,1.5819570029600831,0.6020599913279624
14758991,1,IN-RANGE,RandomForestRegressor,descriptors,1.1994533270027656,0.6020599913279624
14759000,1,IN-RANGE,RandomForestRegressor,descriptors,1.3691435731318453,0.6232492903979004
14759795,1,IN-RANGE,RandomForestRegressor,descriptors,1.0337901196099275,0.6901960800285137
14759809,1,IN-RANGE,RandomForestRegressor,descriptors,1.273766840765791,0.6989700043360189
14759813,1,IN-RANGE,RandomForestRegressor,descriptors,1.6240283112227845,0.6989700043360189
14759817,1,IN-RANGE,RandomForestRegressor,descriptors,1.100749903406362,0.6989700043360189
14759818,1,IN-RANGE,RandomForestRegressor,descriptors,1.3562949635213204,0.6989700043360189
14759819,1,IN-RANGE,RandomForestRegressor,descriptors,0.9658597080305423,0.6989700043360189
14759821,1,IN-RANGE,RandomForestRegressor,descriptors,1.2108929576871499,0.6989700043360189
14759823,1,IN-RANGE,RandomForestRegressor,descriptors,1.0679932926808922,0.6989700043360189
14759837,1,IN-RANGE,RandomForestRegressor,descriptors,1.3014901616295331,0.7101173651118162
14759846,1,IN-RANGE,RandomForestRegressor,descriptors,1.074266729085922,0.7201593034059569
14759854,1,IN-RANGE,RandomForestRegressor,descriptors,1.1238844417448475,0.7299742856995556
14759863,1,IN-RANGE,RandomForestRegressor,descriptors,1.2522697945689325,0.7403626894942439
14759876,1,IN-RANGE,RandomForestRegressor,descriptors,1.289384270886978,0.7596678446896304
14759891,1,IN-RANGE,RandomForestRegressor,descriptors,1.285636897195995,0.7781512503836436
14759892,1,IN-RANGE,RandomForestRegressor,descriptors,1.2708082327927588,0.7781512503836436
14759893,1,IN-RANGE,RandomForestRegressor,descriptors,1.4016447840930755,0.7781512503836436
14759902,1,IN-RANGE,RandomForestRegressor,descriptors,1.45295716456295,0.7781512503836436
14759903,1,IN-RANGE,RandomForestRegressor,descriptors,1.5791186064388907,0.7781512503836436
14759904,1,IN-RANGE,RandomForestRegressor,descriptors,1.1048840515794185,0.7781512503836436
14759934,1,IN-RANGE,RandomForestRegressor,descriptors,1.0574200333219148,0.8014037100173551
14759943,1,IN-RANGE,RandomForestRegressor,descriptors,1.5075383573931311,0.8202014594856403
14759966,1,IN-RANGE,RandomForestRegressor,descriptors,1.5625169823496594,0.8450980400142568
14759968,1,IN-RANGE,RandomForestRegressor,descriptors,1.592637440633797,0.8450980400142568
14759983,1,IN-RANGE,RandomForestRegressor,descriptors,1.4417906917542052,0.8450980400142568
14759997,1,IN-RANGE,RandomForestRegressor,descriptors,1.3964844609242086,0.8698182079793282
14760001,1,IN-RANGE,RandomForestRegressor,descriptors,1.374311042911459,0.8750612633917001
14760002,1,IN-RANGE,RandomForestRegressor,descriptors,1.3198261363950856,0.8750612633917001
14760003,1,IN-RANGE,RandomForestRegressor,descriptors,1.3520186889255361,0.8750612633917001
14760009,1,IN-RANGE,RandomForestRegressor,descriptors,1.1380476952688439,0.8802417758954804
14760034,1,IN-RANGE,RandomForestRegressor,descriptors,1.1761261049529999,0.9030899869919435
14760037,1,IN-RANGE,RandomForestRegressor,descriptors,1.1048840515794185,0.9030899869919435
14761125,1,IN-RANGE,RandomForestRegressor,descriptors,0.9658597080305423,0.9030899869919435
14761126,1,IN-RANGE,RandomForestRegressor,descriptors,1.3936554944106112,0.9030899869919435
14761127,1,IN-RANGE,RandomForestRegressor,descriptors,1.337983608773909,0.9030899869919435
14761134,1,IN-RANGE,RandomForestRegressor,descriptors,1.283940716317589,0.9100905455940682
14761136,1,IN-RANGE,RandomForestRegressor,descriptors,0.9964682296730154,0.9201233262907239
14761139,1,IN-RANGE,RandomForestRegressor,descriptors,1.5257181928355124,0.9294189257142927
14761157,1,IN-RANGE,RandomForestRegressor,descriptors,1.5354168256198368,0.9400181550076633
14761176,1,IN-RANGE,RandomForestRegressor,descriptors,1.0312671674356322,0.9542425094393249
14761181,1,IN-RANGE,RandomForestRegressor,descriptors,1.3638953473451694,0.9542425094393249
14761236,1,IN-RANGE,RandomForestRegressor,descriptors,1.110579854093695,1.0
14761250,1,IN-RANGE,RandomForestRegressor,descriptors,1.4519099591353097,1.0199466816788423
14761271,1,IN-RANGE,RandomForestRegressor,descriptors,0.8800537990592321,1.0413926851582251
14761272,1,IN-RANGE,RandomForestRegressor,descriptors,1.4118926354579824,1.0413926851582251
14761273,1,IN-RANGE,RandomForestRegressor,descriptors,1.3321882395335516,1.0413926851582251
14761280,1,IN-RANGE,RandomForestRegressor,descriptors,1.443119357804325,1.0413926851582251
14761281,1,IN-RANGE,RandomForestRegressor,descriptors,1.3652379401202333,1.0413926851582251
14761284,1,IN-RANGE,RandomForestRegressor,descriptors,0.9955071342324736,1.0413926851582251
14761292,1,IN-RANGE,RandomForestRegressor,descriptors,1.3222584218472593,1.0499928569201427
14761312,1,IN-RANGE,RandomForestRegressor,descriptors,1.330384006223292,1.0791812460476249
14761314,1,IN-RANGE,RandomForestRegressor,descriptors,1.5257181928355124,1.0791812460476249
14761367,1,IN-RANGE,RandomForestRegressor,descriptors,1.078020167830518,1.1139433523068367
14761385,1,IN-RANGE,RandomForestRegressor,descriptors,1.2808678211037634,1.1300119496719043
14762232,1,IN-RANGE,RandomForestRegressor,descriptors,1.2406614512169052,1.146128035678238
14762237,1,IN-RANGE,RandomForestRegressor,descriptors,1.4796313740367015,1.146128035678238
14762270,1,IN-RANGE,RandomForestRegressor,descriptors,1.5209586958640995,1.1760912590556813
14762294,1,IN-RANGE,RandomForestRegressor,descriptors,1.283150281638547,1.2000292665537702
14762305,1,IN-RANGE,RandomForestRegressor,descriptors,1.5782657189463485,1.2041199826559248
14762329,1,IN-RANGE,RandomForestRegressor,descriptors,1.5767292938375703,1.2304489213782739
14762330,1,IN-RANGE,RandomForestRegressor,descriptors,1.586463118643325,1.2304489213782739
14762332,1,IN-RANGE,RandomForestRegressor,descriptors,1.3053047191464677,1.2312146479626012
14762354,1,IN-RANGE,RandomForestRegressor,descriptors,1.3390909812313814,1.249931756634195
14762363,1,IN-RANGE,RandomForestRegressor,descriptors,1.3285075344604018,1.255272505103306
14762372,1,IN-RANGE,RandomForestRegressor,descriptors,1.293498898402776,1.2631624649622166
14762436,1,IN-RANGE,RandomForestRegressor,descriptors,1.0971021941898955,1.3100557377508915
14762449,1,IN-RANGE,RandomForestRegressor,descriptors,1.3519875998278983,1.3222192947339193
14762450,1,IN-RANGE,RandomForestRegressor,descriptors,1.2190211749404853,1.3222192947339193
14762454,1,IN-RANGE,RandomForestRegressor,descriptors,1.2965983743809488,1.3222192947339193
14762455,1,IN-RANGE,RandomForestRegressor,descriptors,1.6747554930430315,1.3222192947339193
14762461,1,IN-RANGE,RandomForestRegressor,descriptors,1.2364871317981123,1.330007700872759
14763250,1,IN-RANGE,RandomForestRegressor,descriptors,1.4738549857888719,1.3424226808222062
14763264,1,IN-RANGE,RandomForestRegressor,descriptors,1.1480050315204537,1.3617278360175928
14763272,1,IN-RANGE,RandomForestRegressor,descriptors,1.0966544743147129,1.369957607346053
14763286,1,IN-RANGE,RandomForestRegressor,descriptors,1.4686087147683589,1.380211241711606
14763289,1,IN-RANGE,RandomForestRegressor,descriptors,1.3941661674758863,1.380211241711606
14763302,1,IN-RANGE,RandomForestRegressor,descriptors,1.535808996743868,1.3979400086720377
14763310,1,IN-RANGE,RandomForestRegressor,descriptors,1.2260827664802865,1.4000196350651586
14763349,1,IN-RANGE,RandomForestRegressor,descriptors,1.4409794845913482,1.4313637641589874
14763350,1,IN-RANGE,RandomForestRegressor,descriptors,1.4365050570293922,1.4313637641589874
14763358,1,IN-RANGE,RandomForestRegressor,descriptors,1.1831095566737238,1.4399639359209049
14763367,1,IN-RANGE,RandomForestRegressor,descriptors,1.515734345973311,1.4471580313422192
14763395,1,IN-RANGE,RandomForestRegressor,descriptors,1.4728068744589151,1.4699692094999595
14763410,1,IN-RANGE,RandomForestRegressor,descriptors,1.4043025616246354,1.4842998393467859
14763420,1,IN-RANGE,RandomForestRegressor,descriptors,1.2780225522476873,1.4899584794248346
14763425,1,IN-RANGE,RandomForestRegressor,descriptors,1.3643002828747521,1.4913616938342726
14763427,1,IN-RANGE,RandomForestRegressor,descriptors,1.3857943307554672,1.4913616938342726
14763438,1,IN-RANGE,RandomForestRegressor,descriptors,1.182471951506254,1.5100085129402347
14763458,1,IN-RANGE,RandomForestRegressor,descriptors,1.3806315831038287,1.5314789170422551
14763466,1,IN-RANGE,RandomForestRegressor,descriptors,1.497471664385057,1.5440680443502757
14763468,1,IN-RANGE,RandomForestRegressor,descriptors,1.3331984612119607,1.5440680443502757
14763469,1,IN-RANGE,RandomForestRegressor,descriptors,1.5172726497971485,1.5440680443502757
14763499,1,IN-RANGE,RandomForestRegressor,descriptors,1.679575085719441,1.568201724066995
14763500,1,IN-RANGE,RandomForestRegressor,descriptors,1.4507841674815944,1.568201724066995
14764289,1,IN-RANGE,RandomForestRegressor,descriptors,1.3684484083099848,1.5800121125294244
14764308,1,IN-RANGE,RandomForestRegressor,descriptors,1.3902457824655052,1.6020599913279623
14764315,1,IN-RANGE,RandomForestRegressor,descriptors,1.2490351989579336,1.6100210246641453
14764317,1,IN-RANGE,RandomForestRegressor,descriptors,1.6025655520003579,1.6127838567197355
14764321,1,IN-RANGE,RandomForestRegressor,descriptors,1.416144016852177,1.6127838567197355
14764333,1,IN-RANGE,RandomForestRegressor,descriptors,1.663968802939187,1.6232492903979006
14764347,1,IN-RANGE,RandomForestRegressor,descriptors,1.4391944923539568,1.6334684555795864
14764348,1,IN-RANGE,RandomForestRegressor,descriptors,1.1635765429635796,1.6334684555795864
14764358,1,IN-RANGE,RandomForestRegressor,descriptors,1.3620369545369744,1.6434526764861874
14764364,1,IN-RANGE,RandomForestRegressor,descriptors,1.3040361383441978,1.6532125137753437
14764365,1,IN-RANGE,RandomForestRegressor,descriptors,1.4775168015653009,1.6532125137753437
14764366,1,IN-RANGE,RandomForestRegressor,descriptors,1.2032272726702429,1.6532125137753437
14764375,1,IN-RANGE,RandomForestRegressor,descriptors,1.5250566426422907,1.662757831681574
14764383,1,IN-RANGE,RandomForestRegressor,descriptors,1.4375816459382367,1.6720978579357175
14764385,1,IN-RANGE,RandomForestRegressor,descriptors,1.579562775494138,1.6812412373755872
14764404,1,IN-RANGE,RandomForestRegressor,descriptors,1.2576188517491576,1.7000110623221123
14764429,1,IN-RANGE,RandomForestRegressor,descriptors,1.370049866329098,1.724275869600789
14764447,1,IN-RANGE,RandomForestRegressor,descriptors,1.3384643409638328,1.7399676967595095
14764469,1,IN-RANGE,RandomForestRegressor,descriptors,1.5476698371622772,1.7671558660821804
14764484,1,IN-RANGE,RandomForestRegressor,descriptors,1.4170578908639926,1.7800291273373383
14764494,1,IN-RANGE,RandomForestRegressor,descriptors,1.3999246842249986,1.792391689498254
14764495,1,IN-RANGE,RandomForestRegressor,descriptors,1.3331984612119607,1.792391689498254
14764506,1,IN-RANGE,RandomForestRegressor,descriptors,1.2330861893531613,1.806179973983887
14764524,1,IN-RANGE,RandomForestRegressor,descriptors,1.4776503836532298,1.8195439355418688
14764532,1,IN-RANGE,RandomForestRegressor,descriptors,1.1653827716834206,1.8228216453031045
14765326,1,IN-RANGE,RandomForestRegressor,descriptors,1.2886263068536454,1.84997191232885
14765327,1,IN-RANGE,RandomForestRegressor,descriptors,1.247171375708446,1.84997191232885
14765328,1,IN-RANGE,RandomForestRegressor,descriptors,1.2062629989694427,1.8512583487190752
14765329,1,IN-RANGE,RandomForestRegressor,descriptors,1.42619063345388,1.8527848686805477
14765372,1,IN-RANGE,RandomForestRegressor,descriptors,1.508156450189965,1.9003671286564703
14765404,1,IN-RANGE,RandomForestRegressor,descriptors,1.5347337122193674,1.9400181550076632
14765430,1,IN-RANGE,RandomForestRegressor,descriptors,1.4783942970511028,1.9800033715837464
14765433,1,IN-RANGE,RandomForestRegressor,descriptors,1.5837864510938433,1.9822712330395684
14765446,1,IN-RANGE,RandomForestRegressor,descriptors,1.5531503083679754,2.0043213737826426
14765447,1,IN-RANGE,RandomForestRegressor,descriptors,1.8365917828928797,2.0086001717619175
14765456,1,IN-RANGE,RandomForestRegressor,descriptors,1.6045854042893517,2.019116290447073
14765465,1,IN-RANGE,RandomForestRegressor,descriptors,1.5702568980360103,2.0211892990699383
14765485,1,IN-RANGE,RandomForestRegressor,descriptors,1.6404651871897205,2.0499928569201424
14765488,1,IN-RANGE,RandomForestRegressor,descriptors,1.7167957169998331,2.0499928569201424
14765493,1,IN-RANGE,RandomForestRegressor,descriptors,1.6248174545350462,2.0600175425316003
14765516,1,IN-RANGE,RandomForestRegressor,descriptors,1.2694112309034464,2.093421685162235
14766486,1,ABOVE,RandomForestRegressor,descriptors,1.4157022595108852,
14766488,1,ABOVE,RandomForestRegressor,descriptors,1.292388725589933,
14766498,1,ABOVE,RandomForestRegressor,descriptors,1.5266859989325063,
14766499,1,ABOVE,RandomForestRegressor,descriptors,1.3357805720823337,
14766504,1,ABOVE,RandomForestRegressor,descriptors,1.553589217310534,
14766511,1,ABOVE,RandomForestRegressor,descriptors,1.5452184466596612,
14766517,1,ABOVE,RandomForestRegressor,descriptors,1.1440389093270484,
14766518,1,ABOVE,RandomForestRegressor,descriptors,1.4402982301568992,
14766541,1,ABOVE,RandomForestRegressor,descriptors,1.5039084491914565,
14766543,1,ABOVE,RandomForestRegressor,descriptors,1.3470522267897358,
14766544,1,ABOVE,RandomForestRegressor,descriptors,1.5714038354382152,
14766549,1,ABOVE,RandomForestRegressor,descriptors,1.672459554317621,
14766554,1,ABOVE,RandomForestRegressor,descriptors,1.1918096151159183,
14766556,1,ABOVE,RandomForestRegressor,descriptors,1.2160001932613662,
14766563,1,ABOVE,RandomForestRegressor,descriptors,1.3126091621736018,
14766567,1,ABOVE,RandomForestRegressor,descriptors,1.7533378075504322,
14766569,1,ABOVE,RandomForestRegressor,descriptors,1.6416575391454233,
14769818,1,BELOW,RandomForestRegressor,descriptors,1.2687031468488532,
14769820,1,BELOW,RandomForestRegressor,descriptors,1.4877612629155672,
14769823,1,BELOW,RandomForestRegressor,descriptors,1.4796313740367015,
14769828,1,BELOW,RandomForestRegressor,descriptors,1.285636897195995,
14769833,1,BELOW,RandomForestRegressor,descriptors,1.15390246549868,
14769836,1,BELOW,RandomForestRegressor,descriptors,1.633608719890438,
14769837,1,BELOW,RandomForestRegressor,descriptors,1.4480601184248854,
14769838,1,BELOW,RandomForestRegressor,descriptors,1.5631858769300064,
14769843,1,BELOW,RandomForestRegressor,descriptors,1.3916835608944118,
14769860,1,BELOW,RandomForestRegressor,descriptors,1.5401247723447948,
14769866,1,BELOW,RandomForestRegressor,descriptors,1.1568018941249427,
14769868,1,BELOW,RandomForestRegressor,descriptors,1.2369180524804961,
14769869,1,BELOW,RandomForestRegressor,descriptors,1.0333645918402667,
14769874,1,BELOW,RandomForestRegressor,descriptors,1.4360606272685574,
14769875,1,BELOW,RandomForestRegressor,descriptors,1.4268287699343964,
14769876,1,BELOW,RandomForestRegressor,descriptors,1.0611156285796641,
14769879,1,BELOW,RandomForestRegressor,descriptors,1.281676788762465,
14769883,1,BELOW,RandomForestRegressor,descriptors,1.028041247951843,
14758731,1,BELOW,Ridge,Morgan,1.3965724051783486,
14758735,1,BELOW,Ridge,Morgan,1.417804244014587,
14758738,1,BELOW,Ridge,Morgan,1.107538288969255,
14758743,1,BELOW,Ridge,Morgan,1.5164000866545806,
14758749,1,BELOW,Ridge,Morgan,1.2128996204903735,
14758756,1,BELOW,Ridge,Morgan,1.5252637839908303,
14758767,1,BELOW,Ridge,Morgan,1.1268536457514753,
14758775,1,BELOW,Ridge,Morgan,0.7799563540431931,
14758786,1,BELOW,Ridge,Morgan,0.9385807579363418,
14758788,1,BELOW,Ridge,Morgan,1.0615928732726851,
14758789,1,BELOW,Ridge,Morgan,1.040119654421334,
14758797,1,BELOW,Ridge,Morgan,1.0401167043916342,
14758807,1,BELOW,Ridge,Morgan,1.128625578137255,
14758812,1,BELOW,Ridge,Morgan,1.3124471581843546,
14758813,1,BELOW,Ridge,Morgan,0.926686669211549,
14758814,1,BELOW,Ridge,Morgan,1.0133659188409747,
14758825,1,BELOW,Ridge,Morgan,1.2834659374966235,
14758826,1,BELOW,Ridge,Morgan,1.3907618467302196,
14758838,1,BELOW,Ridge,Morgan,1.184750269375739,
14758840,1,BELOW,Ridge,Morgan,0.8507161457967668,
14758845,1,BELOW,Ridge,Morgan,1.2260205053106896,
14758846,1,BELOW,Ridge,Morgan,1.221691294517829,
14758849,1,BELOW,Ridge,Morgan,0.8151033327023731,
14758863,1,BELOW,Ridge,Morgan,1.0570316066531498,
14758874,1,BELOW,Ridge,Morgan,1.0992151961151426,
14758876,1,BELOW,Ridge,Morgan,1.005691842450699,
14758885,1,BELOW,Ridge,Morgan,1.0177660577557255,
14758886,1,BELOW,Ridge,Morgan,0.8532742349988934,
14758888,1,BELOW,Ridge,Morgan,1.5922209516960928,
14758890,1,BELOW,Ridge,Morgan,0.9584315914906607,
14758891,1,BELOW,Ridge,Morgan,1.0596381747293993,
14758893,1,BELOW,Ridge,Morgan,0.9277374311712456,
14758898,1,BELOW,Ridge,Morgan,1.1174803560488589,
14758900,1,BELOW,Ridge,Morgan,0.9171750806169066,
14758913,1,BELOW,Ridge,Morgan,1.0474737727735621,
14758919,1,BELOW,Ridge,Morgan,1.2649769629879408,
14758923,1,BELOW,Ridge,Morgan,1.434212881688679,
14758945,1,IN-RANGE,Ridge,Morgan,0.916230008202389,0.5563025007672873
14758956,1,IN-RANGE,Ridge,Morgan,1.5182183907046363,0.5910646070264992
14758961,1,IN-RANGE,Ridge,Morgan,1.3746346457809688,0.5998830720736879
14758962,1,IN-RANGE,Ridge,Morgan,1.3687078196575668,0.5998830720736879
14758970,1,IN-RANGE,Ridge,Morgan,1.4339354814076954,0.6020599913279624
14758978,1,IN-RANGE,Ridge,Morgan,1.0480357157949511,0.6020599913279624
14758979,1,IN-RANGE,Ridge,Morgan,1.0207223856690522,0.6020599913279624
14758984,1,IN-RANGE,Ridge,Morgan,1.1244981481042096,0.6020599913279624
14758988,1,IN-RANGE,Ridge,Morgan,1.023356887940267,0.6020599913279624
14758989,1,IN-RANGE,Ridge,Morgan,1.3786505303416472,0.6020599913279624
14758991,1,IN-RANGE,Ridge,Morgan,1.5318313362707883,0.6020599913279624
14759000,1,IN-RANGE,Ridge,Morgan,1.3684645561021953,0.6232492903979004
14759795,1,IN-RANGE,Ridge,Morgan,0.9893324683980926,0.6901960800285137
14759809,1,IN-RANGE,Ridge,Morgan,0.9427416877340754,0.6989700043360189
14759813,1,IN-RANGE,Ridge,Morgan,1.2982105425966115,0.6989700043360189
14759817,1,IN-RANGE,Ridge,Morgan,0.8562563503170704,0.6989700043360189
14759818,1,IN-RANGE,Ridge,Morgan,0.87937068474608,0.6989700043360189
14759819,1,IN-RANGE,Ridge,Morgan,0.8961148275655308,0.6989700043360189
14759821,1,IN-RANGE,Ridge,Morgan,1.6651317562664865,0.6989700043360189
14759823,1,IN-RANGE,Ridge,Morgan,1.0012893688986835,0.6989700043360189
14759837,1,IN-RANGE,Ridge,Morgan,1.2259832599357565,0.7101173651118162
14759846,1,IN-RANGE,Ridge,Morgan,1.3789975172816982,0.7201593034059569
14759854,1,IN-RANGE,Ridge,Morgan,1.2580667749204892,0.7299742856995556
14759863,1,IN-RANGE,Ridge,Morgan,1.0947474208616814,0.7403626894942439
14759876,1,IN-RANGE,Ridge,Morgan,1.005313690878996,0.7596678446896304
14759891,1,IN-RANGE,Ridge,Morgan,0.9314428034230183,0.7781512503836436
14759892,1,IN-RANGE,Ridge,Morgan,1.2200202007973335,0.7781512503836436
14759893,1,IN-RANGE,Ridge,Morgan,1.494866255647334,0.7781512503836436
14759902,1,IN-RANGE,Ridge,Morgan,1.6062950291150797,0.7781512503836436
14759903,1,IN-RANGE,Ridge,Morgan,1.3434255009535794,0.7781512503836436
14759904,1,IN-RANGE,Ridge,Morgan,1.2025355321727984,0.7781512503836436
14759934,1,IN-RANGE,Ridge,Morgan,1.0013258200350852,0.8014037100173551
14759943,1,IN-RANGE,Ridge,Morgan,1.4460935499137682,0.8202014594856403
14759966,1,IN-RANGE,Ridge,Morgan,0.9612954627070307,0.8450980400142568
14759968,1,IN-RANGE,Ridge,Morgan,1.2983149763525421,0.8450980400142568
14759983,1,IN-RANGE,Ridge,Morgan,0.8230781133587959,0.8450980400142568
14759997,1,IN-RANGE,Ridge,Morgan,1.1236392203596657,0.8698182079793282
14760001,1,IN-RANGE,Ridge,Morgan,1.1732819721122625,0.8750612633917001
14760002,1,IN-RANGE,Ridge,Morgan,1.4457317464883301,0.8750612633917001
14760003,1,IN-RANGE,Ridge,Morgan,1.1950299132441506,0.8750612633917001
14760009,1,IN-RANGE,Ridge,Morgan,1.3432461592591236,0.8802417758954804
14760034,1,IN-RANGE,Ridge,Morgan,1.2374148911569192,0.9030899869919435
14760037,1,IN-RANGE,Ridge,Morgan,1.1604490619500545,0.9030899869919435
14761125,1,IN-RANGE,Ridge,Morgan,0.8058860818957366,0.9030899869919435
14761126,1,IN-RANGE,Ridge,Morgan,1.1208385484512637,0.9030899869919435
14761127,1,IN-RANGE,Ridge,Morgan,1.1228637927976621,0.9030899869919435
14761134,1,IN-RANGE,Ridge,Morgan,1.1007243701850036,0.9100905455940682
14761136,1,IN-RANGE,Ridge,Morgan,1.1946845640557893,0.9201233262907239
14761139,1,IN-RANGE,Ridge,Morgan,1.0772492028615026,0.9294189257142927
14761157,1,IN-RANGE,Ridge,Morgan,1.3145265604585252,0.9400181550076633
14761176,1,IN-RANGE,Ridge,Morgan,0.8485103114711035,0.9542425094393249
14761181,1,IN-RANGE,Ridge,Morgan,1.3384239389341077,0.9542425094393249
14761236,1,IN-RANGE,Ridge,Morgan,1.313053898571926,1.0
14761250,1,IN-RANGE,Ridge,Morgan,1.385543019762906,1.0199466816788423
14761271,1,IN-RANGE,Ridge,Morgan,0.889221254446678,1.0413926851582251
14761272,1,IN-RANGE,Ridge,Morgan,1.3147671453300487,1.0413926851582251
14761273,1,IN-RANGE,Ridge,Morgan,1.7004305844684828,1.0413926851582251
14761280,1,IN-RANGE,Ridge,Morgan,0.7678053431802901,1.0413926851582251
14761281,1,IN-RANGE,Ridge,Morgan,0.9946086786010366,1.0413926851582251
14761284,1,IN-RANGE,Ridge,Morgan,1.1978450741564282,1.0413926851582251
14761292,1,IN-RANGE,Ridge,Morgan,1.0969813640665125,1.0499928569201427
14761312,1,IN-RANGE,Ridge,Morgan,1.5683992270028058,1.0791812460476249
14761314,1,IN-RANGE,Ridge,Morgan,0.9551683714746985,1.0791812460476249
14761367,1,IN-RANGE,Ridge,Morgan,1.5415389082293096,1.1139433523068367
14761385,1,IN-RANGE,Ridge,Morgan,1.4786776305353944,1.1300119496719043
14762232,1,IN-RANGE,Ridge,Morgan,1.1413328464432446,1.146128035678238
14762237,1,IN-RANGE,Ridge,Morgan,1.1478326891020967,1.146128035678238
14762270,1,IN-RANGE,Ridge,Morgan,1.5976385682865777,1.1760912590556813
14762294,1,IN-RANGE,Ridge,Morgan,1.4524610029457548,1.2000292665537702
14762305,1,IN-RANGE,Ridge,Morgan,1.4177854528615588,1.2041199826559248
14762329,1,IN-RANGE,Ridge,Morgan,1.3241207888643522,1.2304489213782739
14762330,1,IN-RANGE,Ridge,Morgan,1.2977440114950285,1.2304489213782739
14762332,1,IN-RANGE,Ridge,Morgan,1.1215250453105297,1.2312146479626012
14762354,1,IN-RANGE,Ridge,Morgan,1.3019711695717193,1.249931756634195
14762363,1,IN-RANGE,Ridge,Morgan,1.467051384301509,1.255272505103306
14762372,1,IN-RANGE,Ridge,Morgan,1.2908658299073132,1.2631624649622166
14762436,1,IN-RANGE,Ridge,Morgan,1.4683425619148964,1.3100557377508915
14762449,1,IN-RANGE,Ridge,Morgan,1.3638039025558129,1.3222192947339193
14762450,1,IN-RANGE,Ridge,Morgan,1.2171782943960647,1.3222192947339193
14762454,1,IN-RANGE,Ridge,Morgan,1.649324329125599,1.3222192947339193
14762455,1,IN-RANGE,Ridge,Morgan,1.3832378854579166,1.3222192947339193
14762461,1,IN-RANGE,Ridge,Morgan,1.1021227560213034,1.330007700872759
14763250,1,IN-RANGE,Ridge,Morgan,1.2455140087488765,1.3424226808222062
14763264,1,IN-RANGE,Ridge,Morgan,1.385516533337145,1.3617278360175928
14763272,1,IN-RANGE,Ridge,Morgan,0.8779696493117495,1.369957607346053
14763286,1,IN-RANGE,Ridge,Morgan,1.5106905253152023,1.380211241711606
14763289,1,IN-RANGE,Ridge,Morgan,1.0618023511676367,1.380211241711606
14763302,1,IN-RANGE,Ridge,Morgan,1.48732610379559,1.3979400086720377
14763310,1,IN-RANGE,Ridge,Morgan,1.2677597423571556,1.4000196350651586
14763349,1,IN-RANGE,Ridge,Morgan,1.120192124072749,1.4313637641589874
14763350,1,IN-RANGE,Ridge,Morgan,1.2640990572264088,1.4313637641589874
14763358,1,IN-RANGE,Ridge,Morgan,1.210096629239146,1.4399639359209049
14763367,1,IN-RANGE,Ridge,Morgan,1.708489492958439,1.4471580313422192
14763395,1,IN-RANGE,Ridge,Morgan,1.3631746926556558,1.4699692094999595
14763410,1,IN-RANGE,Ridge,Morgan,1.453361782594076,1.4842998393467859
14763420,1,IN-RANGE,Ridge,Morgan,1.5624235101868797,1.4899584794248346
14763425,1,IN-RANGE,Ridge,Morgan,1.3454196358471404,1.4913616938342726
14763427,1,IN-RANGE,Ridge,Morgan,1.4658161195061918,1.4913616938342726
14763438,1,IN-RANGE,Ridge,Morgan,1.1611450805045742,1.5100085129402347
14763458,1,IN-RANGE,Ridge,Morgan,1.2638486522913126,1.5314789170422551
14763466,1,IN-RANGE,Ridge,Morgan,1.6377202934327626,1.5440680443502757
14763468,1,IN-RANGE,Ridge,Morgan,1.3828848155708164,1.5440680443502757
14763469,1,IN-RANGE,Ridge,Morgan,1.694781684002486,1.5440680443502757
14763499,1,IN-RANGE,Ridge,Morgan,1.716637510001331,1.568201724066995
14763500,1,IN-RANGE,Ridge,Morgan,1.2305287421295938,1.568201724066995
14764289,1,IN-RANGE,Ridge,Morgan,1.4483677015046759,1.5800121125294244
14764308,1,IN-RANGE,Ridge,Morgan,1.512018288696253,1.6020599913279623
14764315,1,IN-RANGE,Ridge,Morgan,1.0419997258669043,1.6100210246641453
14764317,1,IN-RANGE,Ridge,Morgan,1.3965479723670435,1.6127838567197355
14764321,1,IN-RANGE,Ridge,Morgan,1.2955368115963826,1.6127838567197355
14764333,1,IN-RANGE,Ridge,Morgan,1.9046903364301144,1.6232492903979006
14764347,1,IN-RANGE,Ridge,Morgan,1.4495087371243165,1.6334684555795864
14764348,1,IN-RANGE,Ridge,Morgan,1.4007828717644668,1.6334684555795864
14764358,1,IN-RANGE,Ridge,Morgan,1.5446018252640756,1.6434526764861874
14764364,1,IN-RANGE,Ridge,Morgan,1.310084910685239,1.6532125137753437
14764365,1,IN-RANGE,Ridge,Morgan,1.4730378635614052,1.6532125137753437
14764366,1,IN-RANGE,Ridge,Morgan,1.385170224015571,1.6532125137753437
14764375,1,IN-RANGE,Ridge,Morgan,1.5882752503699005,1.662757831681574
14764383,1,IN-RANGE,Ridge,Morgan,1.4324960643451956,1.6720978579357175
14764385,1,IN-RANGE,Ridge,Morgan,1.0716094742279243,1.6812412373755872
14764404,1,IN-RANGE,Ridge,Morgan,0.9791908149624593,1.7000110623221123
14764429,1,IN-RANGE,Ridge,Morgan,1.8176411397031387,1.724275869600789
14764447,1,IN-RANGE,Ridge,Morgan,1.0298953636882184,1.7399676967595095
14764469,1,IN-RANGE,Ridge,Morgan,1.547553003934496,1.7671558660821804
14764484,1,IN-RANGE,Ridge,Morgan,1.1885998701878977,1.7800291273373383
14764494,1,IN-RANGE,Ridge,Morgan,1.641770549166677,1.792391689498254
14764495,1,IN-RANGE,Ridge,Morgan,1.4009617506715089,1.792391689498254
14764506,1,IN-RANGE,Ridge,Morgan,1.3096733155361047,1.806179973983887
14764524,1,IN-RANGE,Ridge,Morgan,2.1274700702759883,1.8195439355418688
14764532,1,IN-RANGE,Ridge,Morgan,1.2829439436441172,1.8228216453031045
14765326,1,IN-RANGE,Ridge,Morgan,1.4041208937024583,1.84997191232885
14765327,1,IN-RANGE,Ridge,Morgan,1.3995208620565094,1.84997191232885
14765328,1,IN-RANGE,Ridge,Morgan,1.311418711593826,1.8512583487190752
14765329,1,IN-RANGE,Ridge,Morgan,1.368960333281286,1.8527848686805477
14765372,1,IN-RANGE,Ridge,Morgan,1.5375899435688847,1.9003671286564703
14765404,1,IN-RANGE,Ridge,Morgan,1.1383266888920818,1.9400181550076632
14765430,1,IN-RANGE,Ridge,Morgan,1.3557548514122486,1.9800033715837464
14765433,1,IN-RANGE,Ridge,Morgan,1.2422113666054626,1.9822712330395684
14765446,1,IN-RANGE,Ridge,Morgan,1.218561458870505,2.0043213737826426
14765447,1,IN-RANGE,Ridge,Morgan,2.0452680272175483,2.0086001717619175
14765456,1,IN-RANGE,Ridge,Morgan,1.3187894687399622,2.019116290447073
14765465,1,IN-RANGE,Ridge,Morgan,1.4433929493285247,2.0211892990699383
14765485,1,IN-RANGE,Ridge,Morgan,1.2478691048473591,2.0499928569201424
14765488,1,IN-RANGE,Ridge,Morgan,1.680532252545424,2.0499928569201424
14765493,1,IN-RANGE,Ridge,Morgan,1.3908615186194433,2.0600175425316003
14765516,1,IN-RANGE,Ridge,Morgan,1.2510820689269089,2.093421685162235
14766486,1,ABOVE,Ridge,Morgan,1.8214413208426696,
14766488,1,ABOVE,Ridge,Morgan,1.5212107103992378,
14766498,1,ABOVE,Ridge,Morgan,1.7620207340570018,
14766499,1,ABOVE,Ridge,Morgan,1.0929052622517628,
14766504,1,ABOVE,Ridge,Morgan,1.5667536982012513,
14766511,1,ABOVE,Ridge,Morgan,1.4153672903623369,
14766517,1,ABOVE,Ridge,Morgan,1.493761694761405,
14766518,1,ABOVE,Ridge,Morgan,1.2918120311398393,
14766541,1,ABOVE,Ridge,Morgan,1.2308318125516942,
14766543,1,ABOVE,Ridge,Morgan,1.6103767308932402,
14766544,1,ABOVE,Ridge,Morgan,1.8000483983162605,
14766549,1,ABOVE,Ridge,Morgan,1.5888868297972798,
14766554,1,ABOVE,Ridge,Morgan,1.1040346303279154,
14766556,1,ABOVE,Ridge,Morgan,1.9173768711920118,
14766563,1,ABOVE,Ridge,Morgan,1.5162900954899738,
14766567,1,ABOVE,Ridge,Morgan,1.339496409744027,
14766569,1,ABOVE,Ridge,Morgan,1.396644004423581,
14769818,1,BELOW,Ridge,Morgan,1.5219056564203388,
14769820,1,BELOW,Ridge,Morgan,1.0694686371021054,
14769823,1,BELOW,Ridge,Morgan,1.0322988252474208,
14769828,1,BELOW,Ridge,Morgan,0.8713442357416501,
14769833,1,BELOW,Ridge,Morgan,1.1983298685805188,
14769836,1,BELOW,Ridge,Morgan,1.1085656564136506,
14769837,1,BELOW,Ridge,Morgan,1.0665687944617142,
14769838,1,BELOW,Ridge,Morgan,1.433988004581907,
14769843,1,BELOW,Ridge,Morgan,1.1031116740995157,
14769860,1,BELOW,Ridge,Morgan,1.444213437030688,
14769866,1,BELOW,Ridge,Morgan,1.22989074491919,
14769868,1,BELOW,Ridge,Morgan,1.2939498761996377,
14769869,1,BELOW,Ridge,Morgan,1.4740250129879544,
14769874,1,BELOW,Ridge,Morgan,1.1677915294641796,
14769875,1,BELOW,Ridge,Morgan,1.156785317036239,
14769876,1,BELOW,Ridge,Morgan,1.2358119451830452,
14769879,1,BELOW,Ridge,Morgan,1.2096378595695418,
14769883,1,BELOW,Ridge,Morgan,1.1907131869233638,
14758731,1,BELOW,RandomForestRegressor,Morgan,1.4386900762484067,
14758735,1,BELOW,RandomForestRegressor,Morgan,1.3107224822787544,
14758738,1,BELOW,RandomForestRegressor,Morgan,1.1530396009599648,
14758743,1,BELOW,RandomForestRegressor,Morgan,1.3877914434742609,
14758749,1,BELOW,RandomForestRegressor,Morgan,1.229021489577111,
14758756,1,BELOW,RandomForestRegressor,Morgan,1.2837632364294527,
14758767,1,BELOW,RandomForestRegressor,Morgan,1.0427827597622301,
14758775,1,BELOW,RandomForestRegressor,Morgan,1.0129601494911673,
14758786,1,BELOW,RandomForestRegressor,Morgan,1.0423875518375008,
14758788,1,BELOW,RandomForestRegressor,Morgan,0.9669527577101461,
14758789,1,BELOW,RandomForestRegressor,Morgan,1.1625238427749929,
14758797,1,BELOW,RandomForestRegressor,Morgan,0.8762175583002447,
14758807,1,BELOW,RandomForestRegressor,Morgan,1.3246432230121599,
14758812,1,BELOW,RandomForestRegressor,Morgan,1.3353816608372657,
14758813,1,BELOW,RandomForestRegressor,Morgan,0.8330730207503118,
14758814,1,BELOW,RandomForestRegressor,Morgan,1.3132001825027522,
14758825,1,BELOW,RandomForestRegressor,Morgan,1.2762184972803232,
14758826,1,BELOW,RandomForestRegressor,Morgan,1.3320487668496555,
14758838,1,BELOW,RandomForestRegressor,Morgan,1.1288680536968838,
14758840,1,BELOW,RandomForestRegressor,Morgan,0.8173548548117979,
14758845,1,BELOW,RandomForestRegressor,Morgan,1.2107116597686103,
14758846,1,BELOW,RandomForestRegressor,Morgan,1.2477956744150684,
14758849,1,BELOW,RandomForestRegressor,Morgan,0.7912349353797429,
14758863,1,BELOW,RandomForestRegressor,Morgan,0.9931428628030774,
14758874,1,BELOW,RandomForestRegressor,Morgan,1.1424251770849185,
14758876,1,BELOW,RandomForestRegressor,Morgan,0.981596782249737,
14758885,1,BELOW,RandomForestRegressor,Morgan,1.1427240949826227,
14758886,1,BELOW,RandomForestRegressor,Morgan,1.1013335184203485,
14758888,1,BELOW,RandomForestRegressor,Morgan,1.3537753949410407,
14758890,1,BELOW,RandomForestRegressor,Morgan,0.982796087518202,
14758891,1,BELOW,RandomForestRegressor,Morgan,1.093667669175956,
14758893,1,BELOW,RandomForestRegressor,Morgan,1.0186624953952959,
14758898,1,BELOW,RandomForestRegressor,Morgan,1.171903272492863,
14758900,1,BELOW,RandomForestRegressor,Morgan,0.9902644973889181,
14758913,1,BELOW,RandomForestRegressor,Morgan,1.2462613975867733,
14758919,1,BELOW,RandomForestRegressor,Morgan,1.1787559538873693,
14758923,1,BELOW,RandomForestRegressor,Morgan,1.3130267891740521,
14758945,1,IN-RANGE,RandomForestRegressor,Morgan,0.795706515693165,0.5563025007672873
14758956,1,IN-RANGE,RandomForestRegressor,Morgan,1.2885023550162615,0.5910646070264992
14758961,1,IN-RANGE,RandomForestRegressor,Morgan,1.3012566386778943,0.5998830720736879
14758962,1,IN-RANGE,RandomForestRegressor,Morgan,1.3625134588425811,0.5998830720736879
14758970,1,IN-RANGE,RandomForestRegressor,Morgan,1.3069993511905276,0.6020599913279624
14758978,1,IN-RANGE,RandomForestRegressor,Morgan,1.1717488994581267,0.6020599913279624
14758979,1,IN-RANGE,RandomForestRegressor,Morgan,1.0424510197053174,0.6020599913279624
14758984,1,IN-RANGE,RandomForestRegressor,Morgan,1.2459033020225285,0.6020599913279624
14758988,1,IN-RANGE,RandomForestRegressor,Morgan,1.192666128840498,0.6020599913279624
14758989,1,IN-RANGE,RandomForestRegressor,Morgan,1.362153020272178,0.6020599913279624
14758991,1,IN-RANGE,RandomForestRegressor,Morgan,1.4694420647194835,0.6020599913279624
14759000,1,IN-RANGE,RandomForestRegressor,Morgan,1.2451988629444304,0.6232492903979004
14759795,1,IN-RANGE,RandomForestRegressor,Morgan,0.9420379493205975,0.6901960800285137
14759809,1,IN-RANGE,RandomForestRegressor,Morgan,1.1154344639330156,0.6989700043360189
14759813,1,IN-RANGE,RandomForestRegressor,Morgan,1.2500912860397464,0.6989700043360189
14759817,1,IN-RANGE,RandomForestRegressor,Morgan,1.2042587875481623,0.6989700043360189
14759818,1,IN-RANGE,RandomForestRegressor,Morgan,1.0334453102597017,0.6989700043360189
14759819,1,IN-RANGE,RandomForestRegressor,Morgan,0.7985085802802676,0.6989700043360189
14759821,1,IN-RANGE,RandomForestRegressor,Morgan,1.4369443664087098,0.6989700043360189
14759823,1,IN-RANGE,RandomForestRegressor,Morgan,0.84820324756603,0.6989700043360189
14759837,1,IN-RANGE,RandomForestRegressor,Morgan,1.1777252374123894,0.7101173651118162
14759846,1,IN-RANGE,RandomForestRegressor,Morgan,1.461817393136355,0.7201593034059569
14759854,1,IN-RANGE,RandomForestRegressor,Morgan,1.384954395650838,0.7299742856995556
14759863,1,IN-RANGE,RandomForestRegressor,Morgan,1.1647016510817714,0.7403626894942439
14759876,1,IN-RANGE,RandomForestRegressor,Morgan,1.1499283490620664,0.7596678446896304
14759891,1,IN-RANGE,RandomForestRegressor,Morgan,1.1939930908043757,0.7781512503836436
14759892,1,IN-RANGE,RandomForestRegressor,Morgan,1.3824958301858927,0.7781512503836436
14759893,1,IN-RANGE,RandomForestRegressor,Morgan,1.2611918805099618,0.7781512503836436
14759902,1,IN-RANGE,RandomForestRegressor,Morgan,1.376282341365559,0.7781512503836436
14759903,1,IN-RANGE,RandomForestRegressor,Morgan,1.2824866880319419,0.7781512503836436
14759904,1,IN-RANGE,RandomForestRegressor,Morgan,1.1666889764902577,0.7781512503836436
14759934,1,IN-RANGE,RandomForestRegressor,Morgan,0.994055926345515,0.8014037100173551
14759943,1,IN-RANGE,RandomForestRegressor,Morgan,1.3562969146304371,0.8202014594856403
14759966,1,IN-RANGE,RandomForestRegressor,Morgan,1.1531289310782118,0.8450980400142568
14759968,1,IN-RANGE,RandomForestRegressor,Morgan,1.1989599514817406,0.8450980400142568
14759983,1,IN-RANGE,RandomForestRegressor,Morgan,1.0541390411620084,0.8450980400142568
14759997,1,IN-RANGE,RandomForestRegressor,Morgan,1.1733778669562434,0.8698182079793282
14760001,1,IN-RANGE,RandomForestRegressor,Morgan,1.373712397997685,0.8750612633917001
14760002,1,IN-RANGE,RandomForestRegressor,Morgan,1.2546060263381609,0.8750612633917001
14760003,1,IN-RANGE,RandomForestRegressor,Morgan,1.1817823674033978,0.8750612633917001
14760009,1,IN-RANGE,RandomForestRegressor,Morgan,1.399452929881025,0.8802417758954804
14760034,1,IN-RANGE,RandomForestRegressor,Morgan,1.2051650557764375,0.9030899869919435
14760037,1,IN-RANGE,RandomForestRegressor,Morgan,1.1616424360230666,0.9030899869919435
14761125,1,IN-RANGE,RandomForestRegressor,Morgan,0.7996327198201669,0.9030899869919435
14761126,1,IN-RANGE,RandomForestRegressor,Morgan,1.3001406085079166,0.9030899869919435
14761127,1,IN-RANGE,RandomForestRegressor,Morgan,1.1675755160995989,0.9030899869919435
14761134,1,IN-RANGE,RandomForestRegressor,Morgan,1.1038211022830717,0.9100905455940682
14761136,1,IN-RANGE,RandomForestRegressor,Morgan,1.3178104917024154,0.9201233262907239
14761139,1,IN-RANGE,RandomForestRegressor,Morgan,0.9394037692358065,0.9294189257142927
14761157,1,IN-RANGE,RandomForestRegressor,Morgan,1.2254022343015956,0.9400181550076633
14761176,1,IN-RANGE,RandomForestRegressor,Morgan,0.8356117181750002,0.9542425094393249
14761181,1,IN-RANGE,RandomForestRegressor,Morgan,1.3418657902374824,0.9542425094393249
14761236,1,IN-RANGE,RandomForestRegressor,Morgan,1.3725807587470387,1.0
14761250,1,IN-RANGE,RandomForestRegressor,Morgan,1.2868286468020573,1.0199466816788423
14761271,1,IN-RANGE,RandomForestRegressor,Morgan,0.8190288784840295,1.0413926851582251
14761272,1,IN-RANGE,RandomForestRegressor,Morgan,1.2990629111755914,1.0413926851582251
14761273,1,IN-RANGE,RandomForestRegressor,Morgan,1.1827312726300414,1.0413926851582251
14761280,1,IN-RANGE,RandomForestRegressor,Morgan,0.8356117181750002,1.0413926851582251
14761281,1,IN-RANGE,RandomForestRegressor,Morgan,1.1557784482331708,1.0413926851582251
14761284,1,IN-RANGE,RandomForestRegressor,Morgan,1.1612793563778654,1.0413926851582251
14761292,1,IN-RANGE,RandomForestRegressor,Morgan,1.165589860211032,1.0499928569201427
14761312,1,IN-RANGE,RandomForestRegressor,Morgan,1.50923372329767,1.0791812460476249
14761314,1,IN-RANGE,RandomForestRegressor,Morgan,0.9150320829940297,1.0791812460476249
14761367,1,IN-RANGE,RandomForestRegressor,Morgan,1.4347780396267376,1.1139433523068367
14761385,1,IN-RANGE,RandomForestRegressor,Morgan,1.3349548567295266,1.1300119496719043
14762232,1,IN-RANGE,RandomForestRegressor,Morgan,0.9921635227642492,1.146128035678238
14762237,1,IN-RANGE,RandomForestRegressor,Morgan,1.1399716401169036,1.146128035678238
14762270,1,IN-RANGE,RandomForestRegressor,Morgan,1.5452261670958594,1.1760912590556813
14762294,1,IN-RANGE,RandomForestRegressor,Morgan,1.4350729779001858,1.2000292665537702
14762305,1,IN-RANGE,RandomForestRegressor,Morgan,1.4657950518261718,1.2041199826559248
14762329,1,IN-RANGE,RandomForestRegressor,Morgan,1.2222296291663668,1.2304489213782739
14762330,1,IN-RANGE,RandomForestRegressor,Morgan,1.430887157924745,1.2304489213782739
14762332,1,IN-RANGE,RandomForestRegressor,Morgan,1.3089030166026392,1.2312146479626012
14762354,1,IN-RANGE,RandomForestRegressor,Morgan,1.1933005225556674,1.249931756634195
14762363,1,IN-RANGE,RandomForestRegressor,Morgan,1.3720519224416503,1.255272505103306
14762372,1,IN-RANGE,RandomForestRegressor,Morgan,1.0323881562201211,1.2631624649622166
14762436,1,IN-RANGE,RandomForestRegressor,Morgan,1.4954023585899459,1.3100557377508915
14762449,1,IN-RANGE,RandomForestRegressor,Morgan,1.3064413868656957,1.3222192947339193
14762450,1,IN-RANGE,RandomForestRegressor,Morgan,1.1420136969502064,1.3222192947339193
14762454,1,IN-RANGE,RandomForestRegressor,Morgan,1.5475202315592638,1.3222192947339193
14762455,1,IN-RANGE,RandomForestRegressor,Morgan,1.350988600386739,1.3222192947339193
14762461,1,IN-RANGE,RandomForestRegressor,Morgan,1.0287748934960388,1.330007700872759
14763250,1,IN-RANGE,RandomForestRegressor,Morgan,1.1454032879747365,1.3424226808222062
14763264,1,IN-RANGE,RandomForestRegressor,Morgan,1.392788191805374,1.3617278360175928
14763272,1,IN-RANGE,RandomForestRegressor,Morgan,1.1919750046332984,1.369957607346053
14763286,1,IN-RANGE,RandomForestRegressor,Morgan,1.2453143097576025,1.380211241711606
14763289,1,IN-RANGE,RandomForestRegressor,Morgan,1.3265964037298996,1.380211241711606
14763302,1,IN-RANGE,RandomForestRegressor,Morgan,1.2866335131159259,1.3979400086720377
14763310,1,IN-RANGE,RandomForestRegressor,Morgan,1.3424318514087148,1.4000196350651586
14763349,1,IN-RANGE,RandomForestRegressor,Morgan,1.3536164473899686,1.4313637641589874
14763350,1,IN-RANGE,RandomForestRegressor,Morgan,1.3764760309117106,1.4313637641589874
14763358,1,IN-RANGE,RandomForestRegressor,Morgan,1.27935248627446,1.4399639359209049
14763367,1,IN-RANGE,RandomForestRegressor,Morgan,1.605834065010301,1.4471580313422192
14763395,1,IN-RANGE,RandomForestRegressor,Morgan,1.3666167155766606,1.4699692094999595
14763410,1,IN-RANGE,RandomForestRegressor,Morgan,1.4816043633216807,1.4842998393467859
14763420,1,IN-RANGE,RandomForestRegressor,Morgan,1.3942433640783312,1.4899584794248346
14763425,1,IN-RANGE,RandomForestRegressor,Morgan,1.5471012009840626,1.4913616938342726
14763427,1,IN-RANGE,RandomForestRegressor,Morgan,1.3370136208217571,1.4913616938342726
14763438,1,IN-RANGE,RandomForestRegressor,Morgan,1.3331145630744328,1.5100085129402347
14763458,1,IN-RANGE,RandomForestRegressor,Morgan,1.2068025324957359,1.5314789170422551
14763466,1,IN-RANGE,RandomForestRegressor,Morgan,1.4878218756551829,1.5440680443502757
14763468,1,IN-RANGE,RandomForestRegressor,Morgan,1.4392234726103084,1.5440680443502757
14763469,1,IN-RANGE,RandomForestRegressor,Morgan,1.588172148824987,1.5440680443502757
14763499,1,IN-RANGE,RandomForestRegressor,Morgan,1.7771874869621955,1.568201724066995
14763500,1,IN-RANGE,RandomForestRegressor,Morgan,1.2772796472625987,1.568201724066995
14764289,1,IN-RANGE,RandomForestRegressor,Morgan,1.3795957290403684,1.5800121125294244
14764308,1,IN-RANGE,RandomForestRegressor,Morgan,1.3785472535700611,1.6020599913279623
14764315,1,IN-RANGE,RandomForestRegressor,Morgan,1.337785203323157,1.6100210246641453
14764317,1,IN-RANGE,RandomForestRegressor,Morgan,1.2704176229706552,1.6127838567197355
14764321,1,IN-RANGE,RandomForestRegressor,Morgan,1.3258928587105823,1.6127838567197355
14764333,1,IN-RANGE,RandomForestRegressor,Morgan,1.5320712678613588,1.6232492903979006
14764347,1,IN-RANGE,RandomForestRegressor,Morgan,1.279462428358502,1.6334684555795864
14764348,1,IN-RANGE,RandomForestRegressor,Morgan,1.3818204102950327,1.6334684555795864
14764358,1,IN-RANGE,RandomForestRegressor,Morgan,1.4785948556209514,1.6434526764861874
14764364,1,IN-RANGE,RandomForestRegressor,Morgan,1.2756595244914792,1.6532125137753437
14764365,1,IN-RANGE,RandomForestRegressor,Morgan,1.5449440213418684,1.6532125137753437
14764366,1,IN-RANGE,RandomForestRegressor,Morgan,1.2125318145459445,1.6532125137753437
14764375,1,IN-RANGE,RandomForestRegressor,Morgan,1.5300267061829675,1.662757831681574
14764383,1,IN-RANGE,RandomForestRegressor,Morgan,1.416821591015038,1.6720978579357175
14764385,1,IN-RANGE,RandomForestRegressor,Morgan,0.9987377329332802,1.6812412373755872
14764404,1,IN-RANGE,RandomForestRegressor,Morgan,1.3750972694289934,1.7000110623221123
14764429,1,IN-RANGE,RandomForestRegressor,Morgan,1.718469302851163,1.724275869600789
14764447,1,IN-RANGE,RandomForestRegressor,Morgan,1.5015608929341808,1.7399676967595095
14764469,1,IN-RANGE,RandomForestRegressor,Morgan,1.5995516025449774,1.7671558660821804
14764484,1,IN-RANGE,RandomForestRegressor,Morgan,1.3772538690993401,1.7800291273373383
14764494,1,IN-RANGE,RandomForestRegressor,Morgan,1.463792914467895,1.792391689498254
14764495,1,IN-RANGE,RandomForestRegressor,Morgan,1.4605066444971866,1.792391689498254
14764506,1,IN-RANGE,RandomForestRegressor,Morgan,1.4293605972377534,1.806179973983887
14764524,1,IN-RANGE,RandomForestRegressor,Morgan,1.8431904843162414,1.8195439355418688
14764532,1,IN-RANGE,RandomForestRegressor,Morgan,1.1012857621832333,1.8228216453031045
14765326,1,IN-RANGE,RandomForestRegressor,Morgan,1.3731472482181568,1.84997191232885
14765327,1,IN-RANGE,RandomForestRegressor,Morgan,1.3646797448533001,1.84997191232885
14765328,1,IN-RANGE,RandomForestRegressor,Morgan,1.4237832366670873,1.8512583487190752
14765329,1,IN-RANGE,RandomForestRegressor,Morgan,1.2885915938118118,1.8527848686805477
14765372,1,IN-RANGE,RandomForestRegressor,Morgan,1.4874895592699755,1.9003671286564703
14765404,1,IN-RANGE,RandomForestRegressor,Morgan,1.2857361933586602,1.9400181550076632
14765430,1,IN-RANGE,RandomForestRegressor,Morgan,1.5113129277758222,1.9800033715837464
14765433,1,IN-RANGE,RandomForestRegressor,Morgan,1.2394920082083345,1.9822712330395684
14765446,1,IN-RANGE,RandomForestRegressor,Morgan,1.0391663771001163,2.0043213737826426
14765447,1,IN-RANGE,RandomForestRegressor,Morgan,1.8783389366250953,2.0086001717619175
14765456,1,IN-RANGE,RandomForestRegressor,Morgan,1.3977814620264533,2.019116290447073
14765465,1,IN-RANGE,RandomForestRegressor,Morgan,1.32150630885044,2.0211892990699383
14765485,1,IN-RANGE,RandomForestRegressor,Morgan,1.3492608874353538,2.0499928569201424
14765488,1,IN-RANGE,RandomForestRegressor,Morgan,1.534300553524328,2.0499928569201424
14765493,1,IN-RANGE,RandomForestRegressor,Morgan,1.2845419986213336,2.0600175425316003
14765516,1,IN-RANGE,RandomForestRegressor,Morgan,1.2935894525212357,2.093421685162235
14766486,1,ABOVE,RandomForestRegressor,Morgan,1.551148907178445,
14766488,1,ABOVE,RandomForestRegressor,Morgan,1.485760645908609,
14766498,1,ABOVE,RandomForestRegressor,Morgan,1.7577564020379821,
14766499,1,ABOVE,RandomForestRegressor,Morgan,1.0688963569295824,
14766504,1,ABOVE,RandomForestRegressor,Morgan,1.4220648523445172,
14766511,1,ABOVE,RandomForestRegressor,Morgan,1.4430950269841574,
14766517,1,ABOVE,RandomForestRegressor,Morgan,1.4981021529438021,
14766518,1,ABOVE,RandomForestRegressor,Morgan,1.3601223194031422,
14766541,1,ABOVE,RandomForestRegressor,Morgan,1.3722009282546759,
14766543,1,ABOVE,RandomForestRegressor,Morgan,1.6796266354404321,
14766544,1,ABOVE,RandomForestRegressor,Morgan,1.431152130499946,
14766549,1,ABOVE,RandomForestRegressor,Morgan,1.5925144111066991,
14766554,1,ABOVE,RandomForestRegressor,Morgan,1.3483189843268752,
14766556,1,ABOVE,RandomForestRegressor,Morgan,1.583596979507272,
14766563,1,ABOVE,RandomForestRegressor,Morgan,1.4338198487185507,
14766567,1,ABOVE,RandomForestRegressor,Morgan,1.376833273179654,
14766569,1,ABOVE,RandomForestRegressor,Morgan,1.5195402109426717,
14769818,1,BELOW,RandomForestRegressor,Morgan,1.434539906942548,
14769820,1,BELOW,RandomForestRegressor,Morgan,1.1646212615170979,
14769823,1,BELOW,RandomForestRegressor,Morgan,1.184763421188911,
14769828,1,BELOW,RandomForestRegressor,Morgan,1.153868614427506,
14769833,1,BELOW,RandomForestRegressor,Morgan,1.2764539300577462,
14769836,1,BELOW,RandomForestRegressor,Morgan,1.2042383362135722,
14769837,1,BELOW,RandomForestRegressor,Morgan,1.1708494628617279,
14769838,1,BELOW,RandomForestRegressor,Morgan,1.5632409723824587,
14769843,1,BELOW,RandomForestRegressor,Morgan,1.1762053871540774,
14769860,1,BELOW,RandomForestRegressor,Morgan,1.151520516285309,
14769866,1,BELOW,RandomForestRegressor,Morgan,1.3881637430766856,
14769868,1,BELOW,RandomForestRegressor,Morgan,1.4568133250877966,
14769869,1,BELOW,RandomForestRegressor,Morgan,1.3332418768340466,
14769874,1,BELOW,RandomForestRegressor,Morgan,1.1489216111490748,
14769875,1,BELOW,RandomForestRegressor,Morgan,1.1355481211229863,
14769876,1,BELOW,RandomForestRegressor,Morgan,1.346504138467247,
14769879,1,BELOW,RandomForestRegressor,Morgan,1.1758250811532356,
14769883,1,BELOW,RandomForestRegressor,Morgan,1.1893781339215892,
14758723,2,BELOW,mean_baseline,none,1.3105332079624947,
14758723,2,BELOW,median_baseline,none,1.290034611362518,
14758729,2,BELOW,mean_baseline,none,1.3105332079624947,
14758729,2,BELOW,median_baseline,none,1.290034611362518,
14758730,2,BELOW,mean_baseline,none,1.3105332079624947,
14758730,2,BELOW,median_baseline,none,1.290034611362518,
14758737,2,BELOW,mean_baseline,none,1.3105332079624947,
14758737,2,BELOW,median_baseline,none,1.290034611362518,
14758752,2,BELOW,mean_baseline,none,1.3105332079624947,
14758752,2,BELOW,median_baseline,none,1.290034611362518,
14758755,2,BELOW,mean_baseline,none,1.3105332079624947,
14758755,2,BELOW,median_baseline,none,1.290034611362518,
14758758,2,BELOW,mean_baseline,none,1.3105332079624947,
14758758,2,BELOW,median_baseline,none,1.290034611362518,
14758762,2,BELOW,mean_baseline,none,1.3105332079624947,
14758762,2,BELOW,median_baseline,none,1.290034611362518,
14758777,2,BELOW,mean_baseline,none,1.3105332079624947,
14758777,2,BELOW,median_baseline,none,1.290034611362518,
14758780,2,BELOW,mean_baseline,none,1.3105332079624947,
14758780,2,BELOW,median_baseline,none,1.290034611362518,
14758782,2,BELOW,mean_baseline,none,1.3105332079624947,
14758782,2,BELOW,median_baseline,none,1.290034611362518,
14758783,2,BELOW,mean_baseline,none,1.3105332079624947,
14758783,2,BELOW,median_baseline,none,1.290034611362518,
14758787,2,BELOW,mean_baseline,none,1.3105332079624947,
14758787,2,BELOW,median_baseline,none,1.290034611362518,
14758790,2,BELOW,mean_baseline,none,1.3105332079624947,
14758790,2,BELOW,median_baseline,none,1.290034611362518,
14758793,2,BELOW,mean_baseline,none,1.3105332079624947,
14758793,2,BELOW,median_baseline,none,1.290034611362518,
14758794,2,BELOW,mean_baseline,none,1.3105332079624947,
14758794,2,BELOW,median_baseline,none,1.290034611362518,
14758801,2,BELOW,mean_baseline,none,1.3105332079624947,
14758801,2,BELOW,median_baseline,none,1.290034611362518,
14758803,2,BELOW,mean_baseline,none,1.3105332079624947,
14758803,2,BELOW,median_baseline,none,1.290034611362518,
14758818,2,BELOW,mean_baseline,none,1.3105332079624947,
14758818,2,BELOW,median_baseline,none,1.290034611362518,
14758819,2,BELOW,mean_baseline,none,1.3105332079624947,
14758819,2,BELOW,median_baseline,none,1.290034611362518,
14758820,2,BELOW,mean_baseline,none,1.3105332079624947,
14758820,2,BELOW,median_baseline,none,1.290034611362518,
14758823,2,BELOW,mean_baseline,none,1.3105332079624947,
14758823,2,BELOW,median_baseline,none,1.290034611362518,
14758844,2,BELOW,mean_baseline,none,1.3105332079624947,
14758844,2,BELOW,median_baseline,none,1.290034611362518,
14758847,2,BELOW,mean_baseline,none,1.3105332079624947,
14758847,2,BELOW,median_baseline,none,1.290034611362518,
14758848,2,BELOW,mean_baseline,none,1.3105332079624947,
14758848,2,BELOW,median_baseline,none,1.290034611362518,
14758852,2,BELOW,mean_baseline,none,1.3105332079624947,
14758852,2,BELOW,median_baseline,none,1.290034611362518,
14758856,2,BELOW,mean_baseline,none,1.3105332079624947,
14758856,2,BELOW,median_baseline,none,1.290034611362518,
14758858,2,BELOW,mean_baseline,none,1.3105332079624947,
14758858,2,BELOW,median_baseline,none,1.290034611362518,
14758859,2,BELOW,mean_baseline,none,1.3105332079624947,
14758859,2,BELOW,median_baseline,none,1.290034611362518,
14758865,2,BELOW,mean_baseline,none,1.3105332079624947,
14758865,2,BELOW,median_baseline,none,1.290034611362518,
14758868,2,BELOW,mean_baseline,none,1.3105332079624947,
14758868,2,BELOW,median_baseline,none,1.290034611362518,
14758870,2,BELOW,mean_baseline,none,1.3105332079624947,
14758870,2,BELOW,median_baseline,none,1.290034611362518,
14758875,2,BELOW,mean_baseline,none,1.3105332079624947,
14758875,2,BELOW,median_baseline,none,1.290034611362518,
14758877,2,BELOW,mean_baseline,none,1.3105332079624947,
14758877,2,BELOW,median_baseline,none,1.290034611362518,
14758880,2,BELOW,mean_baseline,none,1.3105332079624947,
14758880,2,BELOW,median_baseline,none,1.290034611362518,
14758881,2,BELOW,mean_baseline,none,1.3105332079624947,
14758881,2,BELOW,median_baseline,none,1.290034611362518,
14758882,2,BELOW,mean_baseline,none,1.3105332079624947,
14758882,2,BELOW,median_baseline,none,1.290034611362518,
14758883,2,BELOW,mean_baseline,none,1.3105332079624947,
14758883,2,BELOW,median_baseline,none,1.290034611362518,
14758889,2,BELOW,mean_baseline,none,1.3105332079624947,
14758889,2,BELOW,median_baseline,none,1.290034611362518,
14758901,2,BELOW,mean_baseline,none,1.3105332079624947,
14758901,2,BELOW,median_baseline,none,1.290034611362518,
14758902,2,BELOW,mean_baseline,none,1.3105332079624947,
14758902,2,BELOW,median_baseline,none,1.290034611362518,
14758904,2,BELOW,mean_baseline,none,1.3105332079624947,
14758904,2,BELOW,median_baseline,none,1.290034611362518,
14758908,2,BELOW,mean_baseline,none,1.3105332079624947,
14758908,2,BELOW,median_baseline,none,1.290034611362518,
14758915,2,BELOW,mean_baseline,none,1.3105332079624947,
14758915,2,BELOW,median_baseline,none,1.290034611362518,
14758972,2,IN-RANGE,mean_baseline,none,1.3105332079624947,0.6020599913279624
14758972,2,IN-RANGE,median_baseline,none,1.290034611362518,0.6020599913279624
14758976,2,IN-RANGE,mean_baseline,none,1.3105332079624947,0.6020599913279624
14758976,2,IN-RANGE,median_baseline,none,1.290034611362518,0.6020599913279624
14758983,2,IN-RANGE,mean_baseline,none,1.3105332079624947,0.6020599913279624
14758983,2,IN-RANGE,median_baseline,none,1.290034611362518,0.6020599913279624
14758986,2,IN-RANGE,mean_baseline,none,1.3105332079624947,0.6020599913279624
14758986,2,IN-RANGE,median_baseline,none,1.290034611362518,0.6020599913279624
14758987,2,IN-RANGE,mean_baseline,none,1.3105332079624947,0.6020599913279624
14758987,2,IN-RANGE,median_baseline,none,1.290034611362518,0.6020599913279624
14758997,2,IN-RANGE,mean_baseline,none,1.3105332079624947,0.6201360549737575
14758997,2,IN-RANGE,median_baseline,none,1.290034611362518,0.6201360549737575
14759804,2,IN-RANGE,mean_baseline,none,1.3105332079624947,0.6989700043360189
14759804,2,IN-RANGE,median_baseline,none,1.290034611362518,0.6989700043360189
14759806,2,IN-RANGE,mean_baseline,none,1.3105332079624947,0.6989700043360189
14759806,2,IN-RANGE,median_baseline,none,1.290034611362518,0.6989700043360189
14759808,2,IN-RANGE,mean_baseline,none,1.3105332079624947,0.6989700043360189
14759808,2,IN-RANGE,median_baseline,none,1.290034611362518,0.6989700043360189
14759816,2,IN-RANGE,mean_baseline,none,1.3105332079624947,0.6989700043360189
14759816,2,IN-RANGE,median_baseline,none,1.290034611362518,0.6989700043360189
14759836,2,IN-RANGE,mean_baseline,none,1.3105332079624947,0.7101173651118162
14759836,2,IN-RANGE,median_baseline,none,1.290034611362518,0.7101173651118162
14759875,2,IN-RANGE,mean_baseline,none,1.3105332079624947,0.7596678446896304
14759875,2,IN-RANGE,median_baseline,none,1.290034611362518,0.7596678446896304
14759896,2,IN-RANGE,mean_baseline,none,1.3105332079624947,0.7781512503836436
14759896,2,IN-RANGE,median_baseline,none,1.290034611362518,0.7781512503836436
14759898,2,IN-RANGE,mean_baseline,none,1.3105332079624947,0.7781512503836436
14759898,2,IN-RANGE,median_baseline,none,1.290034611362518,0.7781512503836436
14759901,2,IN-RANGE,mean_baseline,none,1.3105332079624947,0.7781512503836436
14759901,2,IN-RANGE,median_baseline,none,1.290034611362518,0.7781512503836436
14759905,2,IN-RANGE,mean_baseline,none,1.3105332079624947,0.7781512503836436
14759905,2,IN-RANGE,median_baseline,none,1.290034611362518,0.7781512503836436
14759908,2,IN-RANGE,mean_baseline,none,1.3105332079624947,0.7781512503836436
14759908,2,IN-RANGE,median_baseline,none,1.290034611362518,0.7781512503836436
14759911,2,IN-RANGE,mean_baseline,none,1.3105332079624947,0.7781512503836436
14759911,2,IN-RANGE,median_baseline,none,1.290034611362518,0.7781512503836436
14759913,2,IN-RANGE,mean_baseline,none,1.3105332079624947,0.7781512503836436
14759913,2,IN-RANGE,median_baseline,none,1.290034611362518,0.7781512503836436
14759923,2,IN-RANGE,mean_baseline,none,1.3105332079624947,0.7909884750888159
14759923,2,IN-RANGE,median_baseline,none,1.290034611362518,0.7909884750888159
14759969,2,IN-RANGE,mean_baseline,none,1.3105332079624947,0.8450980400142568
14759969,2,IN-RANGE,median_baseline,none,1.290034611362518,0.8450980400142568
14759970,2,IN-RANGE,mean_baseline,none,1.3105332079624947,0.8450980400142568
14759970,2,IN-RANGE,median_baseline,none,1.290034611362518,0.8450980400142568
14759973,2,IN-RANGE,mean_baseline,none,1.3105332079624947,0.8450980400142568
14759973,2,IN-RANGE,median_baseline,none,1.290034611362518,0.8450980400142568
14759980,2,IN-RANGE,mean_baseline,none,1.3105332079624947,0.8450980400142568
14759980,2,IN-RANGE,median_baseline,none,1.290034611362518,0.8450980400142568
14759982,2,IN-RANGE,mean_baseline,none,1.3105332079624947,0.8450980400142568
14759982,2,IN-RANGE,median_baseline,none,1.290034611362518,0.8450980400142568
14759988,2,IN-RANGE,mean_baseline,none,1.3105332079624947,0.850033257689769
14759988,2,IN-RANGE,median_baseline,none,1.290034611362518,0.850033257689769
14759993,2,IN-RANGE,mean_baseline,none,1.3105332079624947,0.859738566197147
14759993,2,IN-RANGE,median_baseline,none,1.290034611362518,0.859738566197147
14760013,2,IN-RANGE,mean_baseline,none,1.3105332079624947,0.8898617212581884
14760013,2,IN-RANGE,median_baseline,none,1.290034611362518,0.8898617212581884
14760014,2,IN-RANGE,mean_baseline,none,1.3105332079624947,0.8898617212581884
14760014,2,IN-RANGE,median_baseline,none,1.290034611362518,0.8898617212581884
14760020,2,IN-RANGE,mean_baseline,none,1.3105332079624947,0.8998205024270963
14760020,2,IN-RANGE,median_baseline,none,1.290034611362518,0.8998205024270963
14760031,2,IN-RANGE,mean_baseline,none,1.3105332079624947,0.9030899869919435
14760031,2,IN-RANGE,median_baseline,none,1.290034611362518,0.9030899869919435
14761124,2,IN-RANGE,mean_baseline,none,1.3105332079624947,0.9030899869919435
14761124,2,IN-RANGE,median_baseline,none,1.290034611362518,0.9030899869919435
14761135,2,IN-RANGE,mean_baseline,none,1.3105332079624947,0.9180303367848801
14761135,2,IN-RANGE,median_baseline,none,1.290034611362518,0.9180303367848801
14761158,2,IN-RANGE,mean_baseline,none,1.3105332079624947,0.9474337218870508
14761158,2,IN-RANGE,median_baseline,none,1.290034611362518,0.9474337218870508
14761161,2,IN-RANGE,mean_baseline,none,1.3105332079624947,0.9498777040368748
14761161,2,IN-RANGE,median_baseline,none,1.290034611362518,0.9498777040368748
14761175,2,IN-RANGE,mean_baseline,none,1.3105332079624947,0.9542425094393249
14761175,2,IN-RANGE,median_baseline,none,1.290034611362518,0.9542425094393249
14761177,2,IN-RANGE,mean_baseline,none,1.3105332079624947,0.9542425094393249
14761177,2,IN-RANGE,median_baseline,none,1.290034611362518,0.9542425094393249
14761179,2,IN-RANGE,mean_baseline,none,1.3105332079624947,0.9542425094393249
14761179,2,IN-RANGE,median_baseline,none,1.290034611362518,0.9542425094393249
14761191,2,IN-RANGE,mean_baseline,none,1.3105332079624947,0.9599948383284161
14761191,2,IN-RANGE,median_baseline,none,1.290034611362518,0.9599948383284161
14761202,2,IN-RANGE,mean_baseline,none,1.3105332079624947,0.9800033715837464
14761202,2,IN-RANGE,median_baseline,none,1.290034611362518,0.9800033715837464
14761209,2,IN-RANGE,mean_baseline,none,1.3105332079624947,0.989894563718773
14761209,2,IN-RANGE,median_baseline,none,1.290034611362518,0.989894563718773
14761212,2,IN-RANGE,mean_baseline,none,1.3105332079624947,0.989894563718773
14761212,2,IN-RANGE,median_baseline,none,1.290034611362518,0.989894563718773
14761231,2,IN-RANGE,mean_baseline,none,1.3105332079624947,1.0
14761231,2,IN-RANGE,median_baseline,none,1.290034611362518,1.0
14761234,2,IN-RANGE,mean_baseline,none,1.3105332079624947,1.0
14761234,2,IN-RANGE,median_baseline,none,1.290034611362518,1.0
14761251,2,IN-RANGE,mean_baseline,none,1.3105332079624947,1.021189299069938
14761251,2,IN-RANGE,median_baseline,none,1.290034611362518,1.021189299069938
14761267,2,IN-RANGE,mean_baseline,none,1.3105332079624947,1.0398105541483504
14761267,2,IN-RANGE,median_baseline,none,1.290034611362518,1.0398105541483504
14761315,2,IN-RANGE,mean_baseline,none,1.3105332079624947,1.0791812460476249
14761315,2,IN-RANGE,median_baseline,none,1.290034611362518,1.0791812460476249
14761320,2,IN-RANGE,mean_baseline,none,1.3105332079624947,1.0791812460476249
14761320,2,IN-RANGE,median_baseline,none,1.290034611362518,1.0791812460476249
14761363,2,IN-RANGE,mean_baseline,none,1.3105332079624947,1.1139433523068367
14761363,2,IN-RANGE,median_baseline,none,1.290034611362518,1.1139433523068367
14761368,2,IN-RANGE,mean_baseline,none,1.3105332079624947,1.1139433523068367
14761368,2,IN-RANGE,median_baseline,none,1.290034611362518,1.1139433523068367
14761369,2,IN-RANGE,mean_baseline,none,1.3105332079624947,1.1139433523068367
14761369,2,IN-RANGE,median_baseline,none,1.290034611362518,1.1139433523068367
14762228,2,IN-RANGE,mean_baseline,none,1.3105332079624947,1.146128035678238
14762228,2,IN-RANGE,median_baseline,none,1.290034611362518,1.146128035678238
14762231,2,IN-RANGE,mean_baseline,none,1.3105332079624947,1.146128035678238
14762231,2,IN-RANGE,median_baseline,none,1.290034611362518,1.146128035678238
14762233,2,IN-RANGE,mean_baseline,none,1.3105332079624947,1.146128035678238
14762233,2,IN-RANGE,median_baseline,none,1.290034611362518,1.146128035678238
14762236,2,IN-RANGE,mean_baseline,none,1.3105332079624947,1.146128035678238
14762236,2,IN-RANGE,median_baseline,none,1.290034611362518,1.146128035678238
14762254,2,IN-RANGE,mean_baseline,none,1.3105332079624947,1.1598678470925667
14762254,2,IN-RANGE,median_baseline,none,1.290034611362518,1.1598678470925667
14762272,2,IN-RANGE,mean_baseline,none,1.3105332079624947,1.1760912590556813
14762272,2,IN-RANGE,median_baseline,none,1.290034611362518,1.1760912590556813
14762273,2,IN-RANGE,mean_baseline,none,1.3105332079624947,1.1760912590556813
14762273,2,IN-RANGE,median_baseline,none,1.290034611362518,1.1760912590556813
14762274,2,IN-RANGE,mean_baseline,none,1.3105332079624947,1.1760912590556813
14762274,2,IN-RANGE,median_baseline,none,1.290034611362518,1.1760912590556813
14762281,2,IN-RANGE,mean_baseline,none,1.3105332079624947,1.180125875164054
14762281,2,IN-RANGE,median_baseline,none,1.290034611362518,1.180125875164054
14762282,2,IN-RANGE,mean_baseline,none,1.3105332079624947,1.180125875164054
14762282,2,IN-RANGE,median_baseline,none,1.290034611362518,1.180125875164054
14762328,2,IN-RANGE,mean_baseline,none,1.3105332079624947,1.2304489213782739
14762328,2,IN-RANGE,median_baseline,none,1.290034611362518,1.2304489213782739
14762334,2,IN-RANGE,mean_baseline,none,1.3105332079624947,1.236789099409293
14762334,2,IN-RANGE,median_baseline,none,1.290034611362518,1.236789099409293
14762347,2,IN-RANGE,mean_baseline,none,1.3105332079624947,1.2430380486862944
14762347,2,IN-RANGE,median_baseline,none,1.290034611362518,1.2430380486862944
14762352,2,IN-RANGE,mean_baseline,none,1.3105332079624947,1.249931756634195
14762352,2,IN-RANGE,median_baseline,none,1.290034611362518,1.249931756634195
14762356,2,IN-RANGE,mean_baseline,none,1.3105332079624947,1.249931756634195
14762356,2,IN-RANGE,median_baseline,none,1.290034611362518,1.249931756634195
14762357,2,IN-RANGE,mean_baseline,none,1.3105332079624947,1.249931756634195
14762357,2,IN-RANGE,median_baseline,none,1.290034611362518,1.249931756634195
14762361,2,IN-RANGE,mean_baseline,none,1.3105332079624947,1.255272505103306
14762361,2,IN-RANGE,median_baseline,none,1.290034611362518,1.255272505103306
14762384,2,IN-RANGE,mean_baseline,none,1.3105332079624947,1.2787536009528289
14762384,2,IN-RANGE,median_baseline,none,1.290034611362518,1.2787536009528289
14762385,2,IN-RANGE,mean_baseline,none,1.3105332079624947,1.2787536009528289
14762385,2,IN-RANGE,median_baseline,none,1.290034611362518,1.2787536009528289
14762386,2,IN-RANGE,mean_baseline,none,1.3105332079624947,1.2787536009528289
14762386,2,IN-RANGE,median_baseline,none,1.290034611362518,1.2787536009528289
14762415,2,IN-RANGE,mean_baseline,none,1.3105332079624947,1.299942900022767
14762415,2,IN-RANGE,median_baseline,none,1.290034611362518,1.299942900022767
14762416,2,IN-RANGE,mean_baseline,none,1.3105332079624947,1.299942900022767
14762416,2,IN-RANGE,median_baseline,none,1.290034611362518,1.299942900022767
14762427,2,IN-RANGE,mean_baseline,none,1.3105332079624947,1.3010299956639813
14762427,2,IN-RANGE,median_baseline,none,1.290034611362518,1.3010299956639813
14762437,2,IN-RANGE,mean_baseline,none,1.3105332079624947,1.3100557377508915
14762437,2,IN-RANGE,median_baseline,none,1.290034611362518,1.3100557377508915
14762438,2,IN-RANGE,mean_baseline,none,1.3105332079624947,1.3100557377508915
14762438,2,IN-RANGE,median_baseline,none,1.290034611362518,1.3100557377508915
14762442,2,IN-RANGE,mean_baseline,none,1.3105332079624947,1.3199384399803087
14762442,2,IN-RANGE,median_baseline,none,1.290034611362518,1.3199384399803087
14762448,2,IN-RANGE,mean_baseline,none,1.3105332079624947,1.3222192947339193
14762448,2,IN-RANGE,median_baseline,none,1.290034611362518,1.3222192947339193
14762464,2,IN-RANGE,mean_baseline,none,1.3105332079624947,1.330007700872759
14762464,2,IN-RANGE,median_baseline,none,1.290034611362518,1.330007700872759
14762466,2,IN-RANGE,mean_baseline,none,1.3105332079624947,1.3324384599156054
14762466,2,IN-RANGE,median_baseline,none,1.290034611362518,1.3324384599156054
14763245,2,IN-RANGE,mean_baseline,none,1.3105332079624947,1.3400473176613932
14763245,2,IN-RANGE,median_baseline,none,1.290034611362518,1.3400473176613932
14763252,2,IN-RANGE,mean_baseline,none,1.3105332079624947,1.3424226808222062
14763252,2,IN-RANGE,median_baseline,none,1.290034611362518,1.3424226808222062
14763253,2,IN-RANGE,mean_baseline,none,1.3105332079624947,1.3424226808222062
14763253,2,IN-RANGE,median_baseline,none,1.290034611362518,1.3424226808222062
14763254,2,IN-RANGE,mean_baseline,none,1.3105332079624947,1.3424226808222062
14763254,2,IN-RANGE,median_baseline,none,1.290034611362518,1.3424226808222062
14763285,2,IN-RANGE,mean_baseline,none,1.3105332079624947,1.380211241711606
14763285,2,IN-RANGE,median_baseline,none,1.290034611362518,1.380211241711606
14763297,2,IN-RANGE,mean_baseline,none,1.3105332079624947,1.3900514964589872
14763297,2,IN-RANGE,median_baseline,none,1.290034611362518,1.3900514964589872
14763300,2,IN-RANGE,mean_baseline,none,1.3105332079624947,1.3979400086720377
14763300,2,IN-RANGE,median_baseline,none,1.290034611362518,1.3979400086720377
14763301,2,IN-RANGE,mean_baseline,none,1.3105332079624947,1.3979400086720377
14763301,2,IN-RANGE,median_baseline,none,1.290034611362518,1.3979400086720377
14763303,2,IN-RANGE,mean_baseline,none,1.3105332079624947,1.3979400086720377
14763303,2,IN-RANGE,median_baseline,none,1.290034611362518,1.3979400086720377
14763322,2,IN-RANGE,mean_baseline,none,1.3105332079624947,1.414973347970818
14763322,2,IN-RANGE,median_baseline,none,1.290034611362518,1.414973347970818
14763324,2,IN-RANGE,mean_baseline,none,1.3105332079624947,1.414973347970818
14763324,2,IN-RANGE,median_baseline,none,1.290034611362518,1.414973347970818
14763353,2,IN-RANGE,mean_baseline,none,1.3105332079624947,1.4393326938302626
14763353,2,IN-RANGE,median_baseline,none,1.290034611362518,1.4393326938302626
14763359,2,IN-RANGE,mean_baseline,none,1.3105332079624947,1.4399639359209049
14763359,2,IN-RANGE,median_baseline,none,1.290034611362518,1.4399639359209049
14763397,2,IN-RANGE,mean_baseline,none,1.3105332079624947,1.4771212547196624
14763397,2,IN-RANGE,median_baseline,none,1.290034611362518,1.4771212547196624
14763399,2,IN-RANGE,mean_baseline,none,1.3105332079624947,1.4771212547196624
14763399,2,IN-RANGE,median_baseline,none,1.290034611362518,1.4771212547196624
14763432,2,IN-RANGE,mean_baseline,none,1.3105332079624947,1.505149978319906
14763432,2,IN-RANGE,median_baseline,none,1.290034611362518,1.505149978319906
14763444,2,IN-RANGE,mean_baseline,none,1.3105332079624947,1.5185139398778875
14763444,2,IN-RANGE,median_baseline,none,1.290034611362518,1.5185139398778875
14763445,2,IN-RANGE,mean_baseline,none,1.3105332079624947,1.5185139398778875
14763445,2,IN-RANGE,median_baseline,none,1.290034611362518,1.5185139398778875
14763450,2,IN-RANGE,mean_baseline,none,1.3105332079624947,1.5199591807520685
14763450,2,IN-RANGE,median_baseline,none,1.290034611362518,1.5199591807520685
14763467,2,IN-RANGE,mean_baseline,none,1.3105332079624947,1.5440680443502757
14763467,2,IN-RANGE,median_baseline,none,1.290034611362518,1.5440680443502757
14763471,2,IN-RANGE,mean_baseline,none,1.3105332079624947,1.5440680443502757
14763471,2,IN-RANGE,median_baseline,none,1.290034611362518,1.5440680443502757
14763487,2,IN-RANGE,mean_baseline,none,1.3105332079624947,1.5563025007672873
14763487,2,IN-RANGE,median_baseline,none,1.290034611362518,1.5563025007672873
14763488,2,IN-RANGE,mean_baseline,none,1.3105332079624947,1.5563025007672873
14763488,2,IN-RANGE,median_baseline,none,1.290034611362518,1.5563025007672873
14763498,2,IN-RANGE,mean_baseline,none,1.3105332079624947,1.568201724066995
14763498,2,IN-RANGE,median_baseline,none,1.290034611362518,1.568201724066995
14764309,2,IN-RANGE,mean_baseline,none,1.3105332079624947,1.606381365110605
14764309,2,IN-RANGE,median_baseline,none,1.290034611362518,1.606381365110605
14764318,2,IN-RANGE,mean_baseline,none,1.3105332079624947,1.6127838567197355
14764318,2,IN-RANGE,median_baseline,none,1.290034611362518,1.6127838567197355
14764319,2,IN-RANGE,mean_baseline,none,1.3105332079624947,1.6127838567197355
14764319,2,IN-RANGE,median_baseline,none,1.290034611362518,1.6127838567197355
14764351,2,IN-RANGE,mean_baseline,none,1.3105332079624947,1.6384892569546374
14764351,2,IN-RANGE,median_baseline,none,1.290034611362518,1.6384892569546374
14764357,2,IN-RANGE,mean_baseline,none,1.3105332079624947,1.6434526764861874
14764357,2,IN-RANGE,median_baseline,none,1.290034611362518,1.6434526764861874
14764363,2,IN-RANGE,mean_baseline,none,1.3105332079624947,1.6532125137753437
14764363,2,IN-RANGE,median_baseline,none,1.290034611362518,1.6532125137753437
14764376,2,IN-RANGE,mean_baseline,none,1.3105332079624947,1.662757831681574
14764376,2,IN-RANGE,median_baseline,none,1.290034611362518,1.662757831681574
14764393,2,IN-RANGE,mean_baseline,none,1.3105332079624947,1.6901960800285136
14764393,2,IN-RANGE,median_baseline,none,1.290034611362518,1.6901960800285136
14764395,2,IN-RANGE,mean_baseline,none,1.3105332079624947,1.6989700043360187
14764395,2,IN-RANGE,median_baseline,none,1.290034611362518,1.6989700043360187
14764435,2,IN-RANGE,mean_baseline,none,1.3105332079624947,1.7299742856995557
14764435,2,IN-RANGE,median_baseline,none,1.290034611362518,1.7299742856995557
14764454,2,IN-RANGE,mean_baseline,none,1.3105332079624947,1.7481880270062005
14764454,2,IN-RANGE,median_baseline,none,1.290034611362518,1.7481880270062005
14764464,2,IN-RANGE,mean_baseline,none,1.3105332079624947,1.7599698575543072
14764464,2,IN-RANGE,median_baseline,none,1.290034611362518,1.7599698575543072
14764479,2,IN-RANGE,mean_baseline,none,1.3105332079624947,1.7781512503836436
14764479,2,IN-RANGE,median_baseline,none,1.290034611362518,1.7781512503836436
14764483,2,IN-RANGE,mean_baseline,none,1.3105332079624947,1.7800291273373383
14764483,2,IN-RANGE,median_baseline,none,1.290034611362518,1.7800291273373383
14764488,2,IN-RANGE,mean_baseline,none,1.3105332079624947,1.7853298350107671
14764488,2,IN-RANGE,median_baseline,none,1.290034611362518,1.7853298350107671
14764492,2,IN-RANGE,mean_baseline,none,1.3105332079624947,1.7900035203904894
14764492,2,IN-RANGE,median_baseline,none,1.290034611362518,1.7900035203904894
14764497,2,IN-RANGE,mean_baseline,none,1.3105332079624947,1.7993405494535817
14764497,2,IN-RANGE,median_baseline,none,1.290034611362518,1.7993405494535817
14764520,2,IN-RANGE,mean_baseline,none,1.3105332079624947,1.8195439355418688
14764520,2,IN-RANGE,median_baseline,none,1.290034611362518,1.8195439355418688
14764522,2,IN-RANGE,mean_baseline,none,1.3105332079624947,1.8195439355418688
14764522,2,IN-RANGE,median_baseline,none,1.290034611362518,1.8195439355418688
14765312,2,IN-RANGE,mean_baseline,none,1.3105332079624947,1.8325089127062364
14765312,2,IN-RANGE,median_baseline,none,1.290034611362518,1.8325089127062364
14765322,2,IN-RANGE,mean_baseline,none,1.3105332079624947,1.845098040014257
14765322,2,IN-RANGE,median_baseline,none,1.290034611362518,1.845098040014257
14765343,2,IN-RANGE,mean_baseline,none,1.3105332079624947,1.8692317197309762
14765343,2,IN-RANGE,median_baseline,none,1.290034611362518,1.8692317197309762
14765353,2,IN-RANGE,mean_baseline,none,1.3105332079624947,1.8750612633917
14765353,2,IN-RANGE,median_baseline,none,1.290034611362518,1.8750612633917
14765355,2,IN-RANGE,mean_baseline,none,1.3105332079624947,1.8750612633917
14765355,2,IN-RANGE,median_baseline,none,1.290034611362518,1.8750612633917
14765361,2,IN-RANGE,mean_baseline,none,1.3105332079624947,1.8808135922807914
14765361,2,IN-RANGE,median_baseline,none,1.290034611362518,1.8808135922807914
14765367,2,IN-RANGE,mean_baseline,none,1.3105332079624947,1.8976270912904414
14765367,2,IN-RANGE,median_baseline,none,1.290034611362518,1.8976270912904414
14765377,2,IN-RANGE,mean_baseline,none,1.3105332079624947,1.9084850188786497
14765377,2,IN-RANGE,median_baseline,none,1.290034611362518,1.9084850188786497
14765379,2,IN-RANGE,mean_baseline,none,1.3105332079624947,1.9138138523837167
14765379,2,IN-RANGE,median_baseline,none,1.290034611362518,1.9138138523837167
14765396,2,IN-RANGE,mean_baseline,none,1.3105332079624947,1.9344984512435677
14765396,2,IN-RANGE,median_baseline,none,1.290034611362518,1.9344984512435677
14765408,2,IN-RANGE,mean_baseline,none,1.3105332079624947,1.9493900066449128
14765408,2,IN-RANGE,median_baseline,none,1.290034611362518,1.9493900066449128
14765436,2,IN-RANGE,mean_baseline,none,1.3105332079624947,1.989983458301399
14765436,2,IN-RANGE,median_baseline,none,1.290034611362518,1.989983458301399
14765444,2,IN-RANGE,mean_baseline,none,1.3105332079624947,2.0
14765444,2,IN-RANGE,median_baseline,none,1.290034611362518,2.0
14765455,2,IN-RANGE,mean_baseline,none,1.3105332079624947,2.0170333392987803
14765455,2,IN-RANGE,median_baseline,none,1.290034611362518,2.0170333392987803
14765461,2,IN-RANGE,mean_baseline,none,1.3105332079624947,2.019988159591285
14765461,2,IN-RANGE,median_baseline,none,1.290034611362518,2.019988159591285
14765492,2,IN-RANGE,mean_baseline,none,1.3105332079624947,2.0600175425316003
14765492,2,IN-RANGE,median_baseline,none,1.290034611362518,2.0600175425316003
14765515,2,IN-RANGE,mean_baseline,none,1.3105332079624947,2.090011024007147
14765515,2,IN-RANGE,median_baseline,none,1.290034611362518,2.090011024007147
14765521,2,IN-RANGE,mean_baseline,none,1.3105332079624947,2.0999912335446846
14765521,2,IN-RANGE,median_baseline,none,1.290034611362518,2.0999912335446846
14765522,2,IN-RANGE,mean_baseline,none,1.3105332079624947,2.100370545117563
14765522,2,IN-RANGE,median_baseline,none,1.290034611362518,2.100370545117563
14765524,2,IN-RANGE,mean_baseline,none,1.3105332079624947,2.1061908972634154
14765524,2,IN-RANGE,median_baseline,none,1.290034611362518,2.1061908972634154
14765534,2,IN-RANGE,mean_baseline,none,1.3105332079624947,2.120014252078067
14765534,2,IN-RANGE,median_baseline,none,1.290034611362518,2.120014252078067
14765548,2,IN-RANGE,mean_baseline,none,1.3105332079624947,2.140004950619449
14765548,2,IN-RANGE,median_baseline,none,1.290034611362518,2.140004950619449
14765553,2,IN-RANGE,mean_baseline,none,1.3105332079624947,2.1492191126553797
14765553,2,IN-RANGE,median_baseline,none,1.290034611362518,2.1492191126553797
14765562,2,IN-RANGE,mean_baseline,none,1.3105332079624947,2.161368002234975
14765562,2,IN-RANGE,median_baseline,none,1.290034611362518,2.161368002234975
14765564,2,IN-RANGE,mean_baseline,none,1.3105332079624947,2.164352855784437
14765564,2,IN-RANGE,median_baseline,none,1.290034611362518,2.164352855784437
14766484,2,ABOVE,mean_baseline,none,1.3105332079624947,
14766484,2,ABOVE,median_baseline,none,1.290034611362518,
14766489,2,ABOVE,mean_baseline,none,1.3105332079624947,
14766489,2,ABOVE,median_baseline,none,1.290034611362518,
14766512,2,ABOVE,mean_baseline,none,1.3105332079624947,
14766512,2,ABOVE,median_baseline,none,1.290034611362518,
14766513,2,ABOVE,mean_baseline,none,1.3105332079624947,
14766513,2,ABOVE,median_baseline,none,1.290034611362518,
14766514,2,ABOVE,mean_baseline,none,1.3105332079624947,
14766514,2,ABOVE,median_baseline,none,1.290034611362518,
14766525,2,ABOVE,mean_baseline,none,1.3105332079624947,
14766525,2,ABOVE,median_baseline,none,1.290034611362518,
14766530,2,ABOVE,mean_baseline,none,1.3105332079624947,
14766530,2,ABOVE,median_baseline,none,1.290034611362518,
14766536,2,ABOVE,mean_baseline,none,1.3105332079624947,
14766536,2,ABOVE,median_baseline,none,1.290034611362518,
14766545,2,ABOVE,mean_baseline,none,1.3105332079624947,
14766545,2,ABOVE,median_baseline,none,1.290034611362518,
14766546,2,ABOVE,mean_baseline,none,1.3105332079624947,
14766546,2,ABOVE,median_baseline,none,1.290034611362518,
14766547,2,ABOVE,mean_baseline,none,1.3105332079624947,
14766547,2,ABOVE,median_baseline,none,1.290034611362518,
14766550,2,ABOVE,mean_baseline,none,1.3105332079624947,
14766550,2,ABOVE,median_baseline,none,1.290034611362518,
14766552,2,ABOVE,mean_baseline,none,1.3105332079624947,
14766552,2,ABOVE,median_baseline,none,1.290034611362518,
14766553,2,ABOVE,mean_baseline,none,1.3105332079624947,
14766553,2,ABOVE,median_baseline,none,1.290034611362518,
14766562,2,ABOVE,mean_baseline,none,1.3105332079624947,
14766562,2,ABOVE,median_baseline,none,1.290034611362518,
14766564,2,ABOVE,mean_baseline,none,1.3105332079624947,
14766564,2,ABOVE,median_baseline,none,1.290034611362518,
14766566,2,ABOVE,mean_baseline,none,1.3105332079624947,
14766566,2,ABOVE,median_baseline,none,1.290034611362518,
14769816,2,BELOW,mean_baseline,none,1.3105332079624947,
14769816,2,BELOW,median_baseline,none,1.290034611362518,
14769824,2,BELOW,mean_baseline,none,1.3105332079624947,
14769824,2,BELOW,median_baseline,none,1.290034611362518,
14769826,2,BELOW,mean_baseline,none,1.3105332079624947,
14769826,2,BELOW,median_baseline,none,1.290034611362518,
14769830,2,BELOW,mean_baseline,none,1.3105332079624947,
14769830,2,BELOW,median_baseline,none,1.290034611362518,
14769834,2,BELOW,mean_baseline,none,1.3105332079624947,
14769834,2,BELOW,median_baseline,none,1.290034611362518,
14769841,2,BELOW,mean_baseline,none,1.3105332079624947,
14769841,2,BELOW,median_baseline,none,1.290034611362518,
14769848,2,BELOW,mean_baseline,none,1.3105332079624947,
14769848,2,BELOW,median_baseline,none,1.290034611362518,
14769850,2,BELOW,mean_baseline,none,1.3105332079624947,
14769850,2,BELOW,median_baseline,none,1.290034611362518,
14769854,2,BELOW,mean_baseline,none,1.3105332079624947,
14769854,2,BELOW,median_baseline,none,1.290034611362518,
14769863,2,BELOW,mean_baseline,none,1.3105332079624947,
14769863,2,BELOW,median_baseline,none,1.290034611362518,
14769865,2,BELOW,mean_baseline,none,1.3105332079624947,
14769865,2,BELOW,median_baseline,none,1.290034611362518,
14758723,2,BELOW,Ridge,descriptors,1.2621357430431972,
14758729,2,BELOW,Ridge,descriptors,1.3707644710276932,
14758730,2,BELOW,Ridge,descriptors,1.0974918869911874,
14758737,2,BELOW,Ridge,descriptors,1.1416105751806584,
14758752,2,BELOW,Ridge,descriptors,1.2205340950314467,
14758755,2,BELOW,Ridge,descriptors,1.2088692592811698,
14758758,2,BELOW,Ridge,descriptors,1.289389853989277,
14758762,2,BELOW,Ridge,descriptors,1.1888683235963162,
14758777,2,BELOW,Ridge,descriptors,1.2514159785909789,
14758780,2,BELOW,Ridge,descriptors,1.061141265684837,
14758782,2,BELOW,Ridge,descriptors,1.1495138344995872,
14758783,2,BELOW,Ridge,descriptors,1.288273829662936,
14758787,2,BELOW,Ridge,descriptors,1.2859140436331706,
14758790,2,BELOW,Ridge,descriptors,1.1963060336392852,
14758793,2,BELOW,Ridge,descriptors,1.4222898438663798,
14758794,2,BELOW,Ridge,descriptors,1.4007016207177019,
14758801,2,BELOW,Ridge,descriptors,1.4252353987885642,
14758803,2,BELOW,Ridge,descriptors,1.1749791618079861,
14758818,2,BELOW,Ridge,descriptors,1.174153888549498,
14758819,2,BELOW,Ridge,descriptors,1.2928190717052048,
14758820,2,BELOW,Ridge,descriptors,1.1471474467881353,
14758823,2,BELOW,Ridge,descriptors,1.1600477092926997,
14758844,2,BELOW,Ridge,descriptors,1.288273829662936,
14758847,2,BELOW,Ridge,descriptors,1.2672132584770033,
14758848,2,BELOW,Ridge,descriptors,1.3672600062061713,
14758852,2,BELOW,Ridge,descriptors,1.1722777723816857,
14758856,2,BELOW,Ridge,descriptors,1.3349993784054082,
14758858,2,BELOW,Ridge,descriptors,1.290047196683072,
14758859,2,BELOW,Ridge,descriptors,1.2032668944883478,
14758865,2,BELOW,Ridge,descriptors,1.2416844123277864,
14758868,2,BELOW,Ridge,descriptors,1.3589106925460315,
14758870,2,BELOW,Ridge,descriptors,1.3252993081881745,
14758875,2,BELOW,Ridge,descriptors,1.338552011654031,
14758877,2,BELOW,Ridge,descriptors,1.3605436286224908,
14758880,2,BELOW,Ridge,descriptors,1.2712160262470484,
14758881,2,BELOW,Ridge,descriptors,1.3605436286224908,
14758882,2,BELOW,Ridge,descriptors,1.1087708291461709,
14758883,2,BELOW,Ridge,descriptors,1.3558902728444986,
14758889,2,BELOW,Ridge,descriptors,1.3605436286224908,
14758901,2,BELOW,Ridge,descriptors,1.3605436286224908,
14758902,2,BELOW,Ridge,descriptors,1.287549977630836,
14758904,2,BELOW,Ridge,descriptors,1.3100384825952156,
14758908,2,BELOW,Ridge,descriptors,1.394035211739514,
14758915,2,BELOW,Ridge,descriptors,1.0733426448959142,
14758972,2,IN-RANGE,Ridge,descriptors,1.1852938956605015,0.6020599913279624
14758976,2,IN-RANGE,Ridge,descriptors,1.3733223199260127,0.6020599913279624
14758983,2,IN-RANGE,Ridge,descriptors,1.2884653765619418,0.6020599913279624
14758986,2,IN-RANGE,Ridge,descriptors,1.2672132584770033,0.6020599913279624
14758987,2,IN-RANGE,Ridge,descriptors,1.3271864795443196,0.6020599913279624
14758997,2,IN-RANGE,Ridge,descriptors,1.39900622235344,0.6201360549737575
14759804,2,IN-RANGE,Ridge,descriptors,1.4858203005253536,0.6989700043360189
14759806,2,IN-RANGE,Ridge,descriptors,1.1717775664326928,0.6989700043360189
14759808,2,IN-RANGE,Ridge,descriptors,1.1232191380363017,0.6989700043360189
14759816,2,IN-RANGE,Ridge,descriptors,1.152474423487765,0.6989700043360189
14759836,2,IN-RANGE,Ridge,descriptors,1.0699686123147985,0.7101173651118162
14759875,2,IN-RANGE,Ridge,descriptors,1.1982264304635701,0.7596678446896304
14759896,2,IN-RANGE,Ridge,descriptors,1.1657466819117563,0.7781512503836436
14759898,2,IN-RANGE,Ridge,descriptors,1.1949686629006298,0.7781512503836436
14759901,2,IN-RANGE,Ridge,descriptors,1.3671465393167563,0.7781512503836436
14759905,2,IN-RANGE,Ridge,descriptors,1.3062528874575738,0.7781512503836436
14759908,2,IN-RANGE,Ridge,descriptors,1.2443353021283925,0.7781512503836436
14759911,2,IN-RANGE,Ridge,descriptors,1.2182167836440443,0.7781512503836436
14759913,2,IN-RANGE,Ridge,descriptors,1.248395558889446,0.7781512503836436
14759923,2,IN-RANGE,Ridge,descriptors,1.3095541102401498,0.7909884750888159
14759969,2,IN-RANGE,Ridge,descriptors,1.2166647145312854,0.8450980400142568
14759970,2,IN-RANGE,Ridge,descriptors,1.1932624540058059,0.8450980400142568
14759973,2,IN-RANGE,Ridge,descriptors,1.3446572199798101,0.8450980400142568
14759980,2,IN-RANGE,Ridge,descriptors,1.1320501794221924,0.8450980400142568
14759982,2,IN-RANGE,Ridge,descriptors,1.3589106925460315,0.8450980400142568
14759988,2,IN-RANGE,Ridge,descriptors,1.2433893328148446,0.850033257689769
14759993,2,IN-RANGE,Ridge,descriptors,1.3305000539221288,0.859738566197147
14760013,2,IN-RANGE,Ridge,descriptors,1.315340704810881,0.8898617212581884
14760014,2,IN-RANGE,Ridge,descriptors,1.3490282021071227,0.8898617212581884
14760020,2,IN-RANGE,Ridge,descriptors,1.1399554372972227,0.8998205024270963
14760031,2,IN-RANGE,Ridge,descriptors,1.5047914977922805,0.9030899869919435
14761124,2,IN-RANGE,Ridge,descriptors,1.248395558889446,0.9030899869919435
14761135,2,IN-RANGE,Ridge,descriptors,1.4020839341734712,0.9180303367848801
14761158,2,IN-RANGE,Ridge,descriptors,1.1239933267570446,0.9474337218870508
14761161,2,IN-RANGE,Ridge,descriptors,1.2302685536255846,0.9498777040368748
14761175,2,IN-RANGE,Ridge,descriptors,1.248395558889446,0.9542425094393249
14761177,2,IN-RANGE,Ridge,descriptors,1.3388237428668361,0.9542425094393249
14761179,2,IN-RANGE,Ridge,descriptors,1.3075060974922477,0.9542425094393249
14761191,2,IN-RANGE,Ridge,descriptors,1.376965450423227,0.9599948383284161
14761202,2,IN-RANGE,Ridge,descriptors,1.5160107567075733,0.9800033715837464
14761209,2,IN-RANGE,Ridge,descriptors,1.6054630038774749,0.989894563718773
14761212,2,IN-RANGE,Ridge,descriptors,1.088432704879715,0.989894563718773
14761231,2,IN-RANGE,Ridge,descriptors,1.1484383696878555,1.0
14761234,2,IN-RANGE,Ridge,descriptors,1.2824231560135093,1.0
14761251,2,IN-RANGE,Ridge,descriptors,1.5237626950592074,1.021189299069938
14761267,2,IN-RANGE,Ridge,descriptors,1.2637138453244143,1.0398105541483504
14761315,2,IN-RANGE,Ridge,descriptors,1.3589106925460315,1.0791812460476249
14761320,2,IN-RANGE,Ridge,descriptors,1.2693034830397754,1.0791812460476249
14761363,2,IN-RANGE,Ridge,descriptors,1.346865324550735,1.1139433523068367
14761368,2,IN-RANGE,Ridge,descriptors,1.5095546814820193,1.1139433523068367
14761369,2,IN-RANGE,Ridge,descriptors,1.2088692592811698,1.1139433523068367
14762228,2,IN-RANGE,Ridge,descriptors,1.3387301456660823,1.146128035678238
14762231,2,IN-RANGE,Ridge,descriptors,1.1664523035676722,1.146128035678238
14762233,2,IN-RANGE,Ridge,descriptors,1.309007576830357,1.146128035678238
14762236,2,IN-RANGE,Ridge,descriptors,1.189898062014243,1.146128035678238
14762254,2,IN-RANGE,Ridge,descriptors,1.2508015243962753,1.1598678470925667
14762272,2,IN-RANGE,Ridge,descriptors,1.3379659920782005,1.1760912590556813
14762273,2,IN-RANGE,Ridge,descriptors,1.448914661231818,1.1760912590556813
14762274,2,IN-RANGE,Ridge,descriptors,1.306643611033474,1.1760912590556813
14762281,2,IN-RANGE,Ridge,descriptors,1.3581225484435246,1.180125875164054
14762282,2,IN-RANGE,Ridge,descriptors,1.3820781774109312,1.180125875164054
14762328,2,IN-RANGE,Ridge,descriptors,1.418473505261063,1.2304489213782739
14762334,2,IN-RANGE,Ridge,descriptors,1.2514159785909789,1.236789099409293
14762347,2,IN-RANGE,Ridge,descriptors,1.3832144184397361,1.2430380486862944
14762352,2,IN-RANGE,Ridge,descriptors,1.327293554156125,1.249931756634195
14762356,2,IN-RANGE,Ridge,descriptors,1.2363042197895202,1.249931756634195
14762357,2,IN-RANGE,Ridge,descriptors,1.3680574700520027,1.249931756634195
14762361,2,IN-RANGE,Ridge,descriptors,1.3440239102803664,1.255272505103306
14762384,2,IN-RANGE,Ridge,descriptors,1.4464487567253987,1.2787536009528289
14762385,2,IN-RANGE,Ridge,descriptors,1.4404651222295228,1.2787536009528289
14762386,2,IN-RANGE,Ridge,descriptors,1.2520156666093512,1.2787536009528289
14762415,2,IN-RANGE,Ridge,descriptors,1.347011672467725,1.299942900022767
14762416,2,IN-RANGE,Ridge,descriptors,1.311654876635701,1.299942900022767
14762427,2,IN-RANGE,Ridge,descriptors,1.122732351389017,1.3010299956639813
14762437,2,IN-RANGE,Ridge,descriptors,1.2833627630291695,1.3100557377508915
14762438,2,IN-RANGE,Ridge,descriptors,1.3722950552953204,1.3100557377508915
14762442,2,IN-RANGE,Ridge,descriptors,1.162160314518013,1.3199384399803087
14762448,2,IN-RANGE,Ridge,descriptors,1.5062457918550365,1.3222192947339193
14762464,2,IN-RANGE,Ridge,descriptors,1.3462492049473973,1.330007700872759
14762466,2,IN-RANGE,Ridge,descriptors,1.198130128574059,1.3324384599156054
14763245,2,IN-RANGE,Ridge,descriptors,1.3368555119087377,1.3400473176613932
14763252,2,IN-RANGE,Ridge,descriptors,1.481676175593221,1.3424226808222062
14763253,2,IN-RANGE,Ridge,descriptors,1.4419610089392203,1.3424226808222062
14763254,2,IN-RANGE,Ridge,descriptors,1.418473505261063,1.3424226808222062
14763285,2,IN-RANGE,Ridge,descriptors,1.3403451607586603,1.380211241711606
14763297,2,IN-RANGE,Ridge,descriptors,1.2202870623160482,1.3900514964589872
14763300,2,IN-RANGE,Ridge,descriptors,1.4066170934906157,1.3979400086720377
14763301,2,IN-RANGE,Ridge,descriptors,1.446448756725399,1.3979400086720377
14763303,2,IN-RANGE,Ridge,descriptors,1.4095365019216721,1.3979400086720377
14763322,2,IN-RANGE,Ridge,descriptors,1.3426143703385516,1.414973347970818
14763324,2,IN-RANGE,Ridge,descriptors,1.3360263070382405,1.414973347970818
14763353,2,IN-RANGE,Ridge,descriptors,1.418473505261063,1.4393326938302626
14763359,2,IN-RANGE,Ridge,descriptors,1.3398231498614404,1.4399639359209049
14763397,2,IN-RANGE,Ridge,descriptors,1.2870803428756141,1.4771212547196624
14763399,2,IN-RANGE,Ridge,descriptors,1.3023181550953926,1.4771212547196624
14763432,2,IN-RANGE,Ridge,descriptors,1.3426158638735473,1.505149978319906
14763444,2,IN-RANGE,Ridge,descriptors,1.4759507189525225,1.5185139398778875
14763445,2,IN-RANGE,Ridge,descriptors,1.4146075031174148,1.5185139398778875
14763450,2,IN-RANGE,Ridge,descriptors,1.333642885279545,1.5199591807520685
14763467,2,IN-RANGE,Ridge,descriptors,1.4110635338131097,1.5440680443502757
14763471,2,IN-RANGE,Ridge,descriptors,1.325100830001486,1.5440680443502757
14763487,2,IN-RANGE,Ridge,descriptors,1.2853886771419443,1.5563025007672873
14763488,2,IN-RANGE,Ridge,descriptors,1.3311143016110623,1.5563025007672873
14763498,2,IN-RANGE,Ridge,descriptors,1.4132519317837622,1.568201724066995
14764309,2,IN-RANGE,Ridge,descriptors,1.1706832954626223,1.606381365110605
14764318,2,IN-RANGE,Ridge,descriptors,1.2909328987489395,1.6127838567197355
14764319,2,IN-RANGE,Ridge,descriptors,1.2131930282477268,1.6127838567197355
14764351,2,IN-RANGE,Ridge,descriptors,1.3214115431350424,1.6384892569546374
14764357,2,IN-RANGE,Ridge,descriptors,1.3344029269798852,1.6434526764861874
14764363,2,IN-RANGE,Ridge,descriptors,1.3515041313670118,1.6532125137753437
14764376,2,IN-RANGE,Ridge,descriptors,1.5295258335001505,1.662757831681574
14764393,2,IN-RANGE,Ridge,descriptors,1.2520124923592482,1.6901960800285136
14764395,2,IN-RANGE,Ridge,descriptors,1.3481403181039378,1.6989700043360187
14764435,2,IN-RANGE,Ridge,descriptors,1.131688551217392,1.7299742856995557
14764454,2,IN-RANGE,Ridge,descriptors,1.5055395094250827,1.7481880270062005
14764464,2,IN-RANGE,Ridge,descriptors,1.2594723836622954,1.7599698575543072
14764479,2,IN-RANGE,Ridge,descriptors,1.371587294021545,1.7781512503836436
14764483,2,IN-RANGE,Ridge,descriptors,1.2593205204797602,1.7800291273373383
14764488,2,IN-RANGE,Ridge,descriptors,1.3277303116675303,1.7853298350107671
14764492,2,IN-RANGE,Ridge,descriptors,0.9314250037916194,1.7900035203904894
14764497,2,IN-RANGE,Ridge,descriptors,1.4594363194964497,1.7993405494535817
14764520,2,IN-RANGE,Ridge,descriptors,1.3815394508112322,1.8195439355418688
14764522,2,IN-RANGE,Ridge,descriptors,1.5566042307690524,1.8195439355418688
14765312,2,IN-RANGE,Ridge,descriptors,1.5173899924832792,1.8325089127062364
14765322,2,IN-RANGE,Ridge,descriptors,1.5124142263161082,1.845098040014257
14765343,2,IN-RANGE,Ridge,descriptors,1.3105319285018167,1.8692317197309762
14765353,2,IN-RANGE,Ridge,descriptors,1.536804413974763,1.8750612633917
14765355,2,IN-RANGE,Ridge,descriptors,1.2692218892606935,1.8750612633917
14765361,2,IN-RANGE,Ridge,descriptors,1.3042369251068675,1.8808135922807914
14765367,2,IN-RANGE,Ridge,descriptors,1.3380594212542989,1.8976270912904414
14765377,2,IN-RANGE,Ridge,descriptors,1.3638802631176346,1.9084850188786497
14765379,2,IN-RANGE,Ridge,descriptors,1.3527459124549783,1.9138138523837167
14765396,2,IN-RANGE,Ridge,descriptors,1.1675493355350157,1.9344984512435677
14765408,2,IN-RANGE,Ridge,descriptors,1.1883714240918184,1.9493900066449128
14765436,2,IN-RANGE,Ridge,descriptors,1.3525236474479778,1.989983458301399
14765444,2,IN-RANGE,Ridge,descriptors,1.3785208447035766,2.0
14765455,2,IN-RANGE,Ridge,descriptors,1.2626181784557513,2.0170333392987803
14765461,2,IN-RANGE,Ridge,descriptors,1.2209066309559047,2.019988159591285
14765492,2,IN-RANGE,Ridge,descriptors,1.1959578489836897,2.0600175425316003
14765515,2,IN-RANGE,Ridge,descriptors,1.2563151797964798,2.090011024007147
14765521,2,IN-RANGE,Ridge,descriptors,1.2402503282841615,2.0999912335446846
14765522,2,IN-RANGE,Ridge,descriptors,1.2828570385910907,2.100370545117563
14765524,2,IN-RANGE,Ridge,descriptors,1.4750119344672221,2.1061908972634154
14765534,2,IN-RANGE,Ridge,descriptors,1.212001107421102,2.120014252078067
14765548,2,IN-RANGE,Ridge,descriptors,1.314616168683259,2.140004950619449
14765553,2,IN-RANGE,Ridge,descriptors,1.4048774432050113,2.1492191126553797
14765562,2,IN-RANGE,Ridge,descriptors,1.2871691435954355,2.161368002234975
14765564,2,IN-RANGE,Ridge,descriptors,1.36073670625303,2.164352855784437
14766484,2,ABOVE,Ridge,descriptors,1.378938093810335,
14766489,2,ABOVE,Ridge,descriptors,1.2565839964835344,
14766512,2,ABOVE,Ridge,descriptors,1.2708189246036672,
14766513,2,ABOVE,Ridge,descriptors,1.334839985375898,
14766514,2,ABOVE,Ridge,descriptors,1.2608848742013294,
14766525,2,ABOVE,Ridge,descriptors,1.2897896981555101,
14766530,2,ABOVE,Ridge,descriptors,1.2334648553435499,
14766536,2,ABOVE,Ridge,descriptors,1.1367007090992003,
14766545,2,ABOVE,Ridge,descriptors,1.4037103521493843,
14766546,2,ABOVE,Ridge,descriptors,1.4122657815653328,
14766547,2,ABOVE,Ridge,descriptors,1.295522576398291,
14766550,2,ABOVE,Ridge,descriptors,1.462057087756374,
14766552,2,ABOVE,Ridge,descriptors,1.224245493229003,
14766553,2,ABOVE,Ridge,descriptors,1.3203197285639545,
14766562,2,ABOVE,Ridge,descriptors,1.3242968263139028,
14766564,2,ABOVE,Ridge,descriptors,1.279998740781138,
14766566,2,ABOVE,Ridge,descriptors,1.4293638258541805,
14769816,2,BELOW,Ridge,descriptors,1.2583797605656963,
14769824,2,BELOW,Ridge,descriptors,1.2641928387754704,
14769826,2,BELOW,Ridge,descriptors,1.2922550431434876,
14769830,2,BELOW,Ridge,descriptors,1.2409855471030924,
14769834,2,BELOW,Ridge,descriptors,1.3237473473159898,
14769841,2,BELOW,Ridge,descriptors,1.339725830650862,
14769848,2,BELOW,Ridge,descriptors,1.3160014819848127,
14769850,2,BELOW,Ridge,descriptors,1.288273829662936,
14769854,2,BELOW,Ridge,descriptors,1.4384457325791504,
14769863,2,BELOW,Ridge,descriptors,1.3144411297442802,
14769865,2,BELOW,Ridge,descriptors,1.006572321044134,
14758723,2,BELOW,RandomForestRegressor,descriptors,1.2254366243770185,
14758729,2,BELOW,RandomForestRegressor,descriptors,1.5152063943534149,
14758730,2,BELOW,RandomForestRegressor,descriptors,1.3716331276089326,
14758737,2,BELOW,RandomForestRegressor,descriptors,1.4446670945860618,
14758752,2,BELOW,RandomForestRegressor,descriptors,1.1072240638148747,
14758755,2,BELOW,RandomForestRegressor,descriptors,1.5268222795440636,
14758758,2,BELOW,RandomForestRegressor,descriptors,1.4760658019045458,
14758762,2,BELOW,RandomForestRegressor,descriptors,1.249473799274666,
14758777,2,BELOW,RandomForestRegressor,descriptors,1.1907010902644861,
14758780,2,BELOW,RandomForestRegressor,descriptors,1.08879720079017,
14758782,2,BELOW,RandomForestRegressor,descriptors,1.23239987802332,
14758783,2,BELOW,RandomForestRegressor,descriptors,1.084064460110207,
14758787,2,BELOW,RandomForestRegressor,descriptors,1.1249186604301438,
14758790,2,BELOW,RandomForestRegressor,descriptors,1.0784465335380056,
14758793,2,BELOW,RandomForestRegressor,descriptors,1.1320245687171238,
14758794,2,BELOW,RandomForestRegressor,descriptors,1.2716246417274522,
14758801,2,BELOW,RandomForestRegressor,descriptors,1.5709950971316777,
14758803,2,BELOW,RandomForestRegressor,descriptors,1.1578355351833858,
14758818,2,BELOW,RandomForestRegressor,descriptors,1.011916154223335,
14758819,2,BELOW,RandomForestRegressor,descriptors,1.139378785589099,
14758820,2,BELOW,RandomForestRegressor,descriptors,1.3219040953833872,
14758823,2,BELOW,RandomForestRegressor,descriptors,1.2166011407738317,
14758844,2,BELOW,RandomForestRegressor,descriptors,1.084064460110207,
14758847,2,BELOW,RandomForestRegressor,descriptors,1.2582806244768023,
14758848,2,BELOW,RandomForestRegressor,descriptors,1.1111801895574027,
14758852,2,BELOW,RandomForestRegressor,descriptors,1.0116678324757038,
14758856,2,BELOW,RandomForestRegressor,descriptors,1.4188526133357449,
14758858,2,BELOW,RandomForestRegressor,descriptors,1.2323472818571508,
14758859,2,BELOW,RandomForestRegressor,descriptors,1.2440211245930675,
14758865,2,BELOW,RandomForestRegressor,descriptors,1.2324399610793926,
14758868,2,BELOW,RandomForestRegressor,descriptors,1.16621366148268,
14758870,2,BELOW,RandomForestRegressor,descriptors,1.287913486340953,
14758875,2,BELOW,RandomForestRegressor,descriptors,1.1874328606039557,
14758877,2,BELOW,RandomForestRegressor,descriptors,1.1656593281865413,
14758880,2,BELOW,RandomForestRegressor,descriptors,1.055898522548017,
14758881,2,BELOW,RandomForestRegressor,descriptors,1.1656593281865413,
14758882,2,BELOW,RandomForestRegressor,descriptors,1.4271789319787718,
14758883,2,BELOW,RandomForestRegressor,descriptors,1.1216096930811192,
14758889,2,BELOW,RandomForestRegressor,descriptors,1.1656593281865413,
14758901,2,BELOW,RandomForestRegressor,descriptors,1.1656593281865413,
14758902,2,BELOW,RandomForestRegressor,descriptors,1.067909708965667,
14758904,2,BELOW,RandomForestRegressor,descriptors,1.251356419672945,
14758908,2,BELOW,RandomForestRegressor,descriptors,1.2315672924948782,
14758915,2,BELOW,RandomForestRegressor,descriptors,0.9794269251433679,
14758972,2,IN-RANGE,RandomForestRegressor,descriptors,1.3433756720392787,0.6020599913279624
14758976,2,IN-RANGE,RandomForestRegressor,descriptors,1.0667856514342338,0.6020599913279624
14758983,2,IN-RANGE,RandomForestRegressor,descriptors,1.1621845142899767,0.6020599913279624
14758986,2,IN-RANGE,RandomForestRegressor,descriptors,1.2582806244768023,0.6020599913279624
14758987,2,IN-RANGE,RandomForestRegressor,descriptors,0.8879212372266884,0.6020599913279624
14758997,2,IN-RANGE,RandomForestRegressor,descriptors,1.595325262151745,0.6201360549737575
14759804,2,IN-RANGE,RandomForestRegressor,descriptors,1.4131937842394322,0.6989700043360189
14759806,2,IN-RANGE,RandomForestRegressor,descriptors,0.9195326813431365,0.6989700043360189
14759808,2,IN-RANGE,RandomForestRegressor,descriptors,1.0043432001990953,0.6989700043360189
14759816,2,IN-RANGE,RandomForestRegressor,descriptors,1.2616020920248174,0.6989700043360189
14759836,2,IN-RANGE,RandomForestRegressor,descriptors,1.2144530316468491,0.7101173651118162
14759875,2,IN-RANGE,RandomForestRegressor,descriptors,1.0862392133933296,0.7596678446896304
14759896,2,IN-RANGE,RandomForestRegressor,descriptors,1.3580983032368266,0.7781512503836436
14759898,2,IN-RANGE,RandomForestRegressor,descriptors,1.5742618664235561,0.7781512503836436
14759901,2,IN-RANGE,RandomForestRegressor,descriptors,1.1753315864311742,0.7781512503836436
14759905,2,IN-RANGE,RandomForestRegressor,descriptors,1.1033726869832832,0.7781512503836436
14759908,2,IN-RANGE,RandomForestRegressor,descriptors,1.2426274168838032,0.7781512503836436
14759911,2,IN-RANGE,RandomForestRegressor,descriptors,1.4854025257955072,0.7781512503836436
14759913,2,IN-RANGE,RandomForestRegressor,descriptors,1.1693685131973126,0.7781512503836436
14759923,2,IN-RANGE,RandomForestRegressor,descriptors,1.081202239750102,0.7909884750888159
14759969,2,IN-RANGE,RandomForestRegressor,descriptors,1.121408406425609,0.8450980400142568
14759970,2,IN-RANGE,RandomForestRegressor,descriptors,1.0526107756924397,0.8450980400142568
14759973,2,IN-RANGE,RandomForestRegressor,descriptors,1.6865612596669528,0.8450980400142568
14759980,2,IN-RANGE,RandomForestRegressor,descriptors,1.3051513801345862,0.8450980400142568
14759982,2,IN-RANGE,RandomForestRegressor,descriptors,1.16621366148268,0.8450980400142568
14759988,2,IN-RANGE,RandomForestRegressor,descriptors,1.0280378593075155,0.850033257689769
14759993,2,IN-RANGE,RandomForestRegressor,descriptors,1.0665867715074224,0.859738566197147
14760013,2,IN-RANGE,RandomForestRegressor,descriptors,1.408219190786562,0.8898617212581884
14760014,2,IN-RANGE,RandomForestRegressor,descriptors,1.2257011010559782,0.8898617212581884
14760020,2,IN-RANGE,RandomForestRegressor,descriptors,1.3010360055140975,0.8998205024270963
14760031,2,IN-RANGE,RandomForestRegressor,descriptors,1.2288096840536658,0.9030899869919435
14761124,2,IN-RANGE,RandomForestRegressor,descriptors,1.1693685131973126,0.9030899869919435
14761135,2,IN-RANGE,RandomForestRegressor,descriptors,1.0159411698208984,0.9180303367848801
14761158,2,IN-RANGE,RandomForestRegressor,descriptors,1.3224346571702654,0.9474337218870508
14761161,2,IN-RANGE,RandomForestRegressor,descriptors,1.0612966334072311,0.9498777040368748
14761175,2,IN-RANGE,RandomForestRegressor,descriptors,1.1693685131973126,0.9542425094393249
14761177,2,IN-RANGE,RandomForestRegressor,descriptors,1.4165117210231588,0.9542425094393249
14761179,2,IN-RANGE,RandomForestRegressor,descriptors,1.2149524772428504,0.9542425094393249
14761191,2,IN-RANGE,RandomForestRegressor,descriptors,1.3746493649336409,0.9599948383284161
14761202,2,IN-RANGE,RandomForestRegressor,descriptors,1.5143427093457185,0.9800033715837464
14761209,2,IN-RANGE,RandomForestRegressor,descriptors,1.3310357232640524,0.989894563718773
14761212,2,IN-RANGE,RandomForestRegressor,descriptors,1.0504122624755312,0.989894563718773
14761231,2,IN-RANGE,RandomForestRegressor,descriptors,1.372002781629617,1.0
14761234,2,IN-RANGE,RandomForestRegressor,descriptors,1.1578723591286997,1.0
14761251,2,IN-RANGE,RandomForestRegressor,descriptors,1.445851960611635,1.021189299069938
14761267,2,IN-RANGE,RandomForestRegressor,descriptors,1.2163770351778889,1.0398105541483504
14761315,2,IN-RANGE,RandomForestRegressor,descriptors,1.16621366148268,1.0791812460476249
14761320,2,IN-RANGE,RandomForestRegressor,descriptors,1.6339838839375502,1.0791812460476249
14761363,2,IN-RANGE,RandomForestRegressor,descriptors,1.3490486081988486,1.1139433523068367
14761368,2,IN-RANGE,RandomForestRegressor,descriptors,1.3411702882200016,1.1139433523068367
14761369,2,IN-RANGE,RandomForestRegressor,descriptors,1.5268222795440636,1.1139433523068367
14762228,2,IN-RANGE,RandomForestRegressor,descriptors,1.1972700034443995,1.146128035678238
14762231,2,IN-RANGE,RandomForestRegressor,descriptors,1.4462867971925817,1.146128035678238
14762233,2,IN-RANGE,RandomForestRegressor,descriptors,1.550435712003595,1.146128035678238
14762236,2,IN-RANGE,RandomForestRegressor,descriptors,1.6071897494631164,1.146128035678238
14762254,2,IN-RANGE,RandomForestRegressor,descriptors,0.923162963521219,1.1598678470925667
14762272,2,IN-RANGE,RandomForestRegressor,descriptors,1.5382616367389175,1.1760912590556813
14762273,2,IN-RANGE,RandomForestRegressor,descriptors,1.5361954379124194,1.1760912590556813
14762274,2,IN-RANGE,RandomForestRegressor,descriptors,1.3643389057741304,1.1760912590556813
14762281,2,IN-RANGE,RandomForestRegressor,descriptors,1.4096435821307116,1.180125875164054
14762282,2,IN-RANGE,RandomForestRegressor,descriptors,1.600795347914473,1.180125875164054
14762328,2,IN-RANGE,RandomForestRegressor,descriptors,1.2942101138330935,1.2304489213782739
14762334,2,IN-RANGE,RandomForestRegressor,descriptors,1.1907010902644861,1.236789099409293
14762347,2,IN-RANGE,RandomForestRegressor,descriptors,1.3984190535961851,1.2430380486862944
14762352,2,IN-RANGE,RandomForestRegressor,descriptors,1.2981499065147692,1.249931756634195
14762356,2,IN-RANGE,RandomForestRegressor,descriptors,1.4711664222292027,1.249931756634195
14762357,2,IN-RANGE,RandomForestRegressor,descriptors,1.45695303738491,1.249931756634195
14762361,2,IN-RANGE,RandomForestRegressor,descriptors,1.23713099572958,1.255272505103306
14762384,2,IN-RANGE,RandomForestRegressor,descriptors,1.6338532364453968,1.2787536009528289
14762385,2,IN-RANGE,RandomForestRegressor,descriptors,1.325893034635174,1.2787536009528289
14762386,2,IN-RANGE,RandomForestRegressor,descriptors,1.2023429806116475,1.2787536009528289
14762415,2,IN-RANGE,RandomForestRegressor,descriptors,1.5299711158530942,1.299942900022767
14762416,2,IN-RANGE,RandomForestRegressor,descriptors,1.3923284284518698,1.299942900022767
14762427,2,IN-RANGE,RandomForestRegressor,descriptors,1.1641142204047037,1.3010299956639813
14762437,2,IN-RANGE,RandomForestRegressor,descriptors,1.6267584182739077,1.3100557377508915
14762438,2,IN-RANGE,RandomForestRegressor,descriptors,1.3510961081169084,1.3100557377508915
14762442,2,IN-RANGE,RandomForestRegressor,descriptors,1.0406735957371651,1.3199384399803087
14762448,2,IN-RANGE,RandomForestRegressor,descriptors,1.6389520020425234,1.3222192947339193
14762464,2,IN-RANGE,RandomForestRegressor,descriptors,1.0887984686667886,1.330007700872759
14762466,2,IN-RANGE,RandomForestRegressor,descriptors,1.2359761858389282,1.3324384599156054
14763245,2,IN-RANGE,RandomForestRegressor,descriptors,1.4186558389071644,1.3400473176613932
14763252,2,IN-RANGE,RandomForestRegressor,descriptors,1.417064750088989,1.3424226808222062
14763253,2,IN-RANGE,RandomForestRegressor,descriptors,1.5791617354480012,1.3424226808222062
14763254,2,IN-RANGE,RandomForestRegressor,descriptors,1.2942101138330935,1.3424226808222062
14763285,2,IN-RANGE,RandomForestRegressor,descriptors,1.2132396569946433,1.380211241711606
14763297,2,IN-RANGE,RandomForestRegressor,descriptors,1.3285459394961752,1.3900514964589872
14763300,2,IN-RANGE,RandomForestRegressor,descriptors,1.6395725017239575,1.3979400086720377
14763301,2,IN-RANGE,RandomForestRegressor,descriptors,1.6338532364453968,1.3979400086720377
14763303,2,IN-RANGE,RandomForestRegressor,descriptors,1.321148754669182,1.3979400086720377
14763322,2,IN-RANGE,RandomForestRegressor,descriptors,1.2336314611143735,1.414973347970818
14763324,2,IN-RANGE,RandomForestRegressor,descriptors,1.5286968063909638,1.414973347970818
14763353,2,IN-RANGE,RandomForestRegressor,descriptors,1.2942101138330935,1.4393326938302626
14763359,2,IN-RANGE,RandomForestRegressor,descriptors,1.5926987239912478,1.4399639359209049
14763397,2,IN-RANGE,RandomForestRegressor,descriptors,1.3332285901617142,1.4771212547196624
14763399,2,IN-RANGE,RandomForestRegressor,descriptors,1.3270410023542067,1.4771212547196624
14763432,2,IN-RANGE,RandomForestRegressor,descriptors,1.3136806012048716,1.505149978319906
14763444,2,IN-RANGE,RandomForestRegressor,descriptors,1.6840200263147072,1.5185139398778875
14763445,2,IN-RANGE,RandomForestRegressor,descriptors,1.544444839816952,1.5185139398778875
14763450,2,IN-RANGE,RandomForestRegressor,descriptors,1.2478557066829603,1.5199591807520685
14763467,2,IN-RANGE,RandomForestRegressor,descriptors,1.6000689212193548,1.5440680443502757
14763471,2,IN-RANGE,RandomForestRegressor,descriptors,1.4219962366635175,1.5440680443502757
14763487,2,IN-RANGE,RandomForestRegressor,descriptors,1.2007180745357744,1.5563025007672873
14763488,2,IN-RANGE,RandomForestRegressor,descriptors,1.1462488428475028,1.5563025007672873
14763498,2,IN-RANGE,RandomForestRegressor,descriptors,1.439033065490606,1.568201724066995
14764309,2,IN-RANGE,RandomForestRegressor,descriptors,1.337288783547188,1.606381365110605
14764318,2,IN-RANGE,RandomForestRegressor,descriptors,1.5750295761046502,1.6127838567197355
14764319,2,IN-RANGE,RandomForestRegressor,descriptors,1.168935237745017,1.6127838567197355
14764351,2,IN-RANGE,RandomForestRegressor,descriptors,1.3148506207177946,1.6384892569546374
14764357,2,IN-RANGE,RandomForestRegressor,descriptors,1.440375476940971,1.6434526764861874
14764363,2,IN-RANGE,RandomForestRegressor,descriptors,1.6856293489110576,1.6532125137753437
14764376,2,IN-RANGE,RandomForestRegressor,descriptors,1.4538552722059137,1.662757831681574
14764393,2,IN-RANGE,RandomForestRegressor,descriptors,1.2755216268238154,1.6901960800285136
14764395,2,IN-RANGE,RandomForestRegressor,descriptors,1.551762277694921,1.6989700043360187
14764435,2,IN-RANGE,RandomForestRegressor,descriptors,1.2171931313732138,1.7299742856995557
14764454,2,IN-RANGE,RandomForestRegressor,descriptors,1.4129541647366872,1.7481880270062005
14764464,2,IN-RANGE,RandomForestRegressor,descriptors,1.541997427512068,1.7599698575543072
14764479,2,IN-RANGE,RandomForestRegressor,descriptors,1.318661846752255,1.7781512503836436
14764483,2,IN-RANGE,RandomForestRegressor,descriptors,1.20780218690388,1.7800291273373383
14764488,2,IN-RANGE,RandomForestRegressor,descriptors,1.3610088570486463,1.7853298350107671
14764492,2,IN-RANGE,RandomForestRegressor,descriptors,1.1454524792953498,1.7900035203904894
14764497,2,IN-RANGE,RandomForestRegressor,descriptors,1.515027972255257,1.7993405494535817
14764520,2,IN-RANGE,RandomForestRegressor,descriptors,1.7844130320225162,1.8195439355418688
14764522,2,IN-RANGE,RandomForestRegressor,descriptors,1.5121867630329848,1.8195439355418688
14765312,2,IN-RANGE,RandomForestRegressor,descriptors,1.4776030029160563,1.8325089127062364
14765322,2,IN-RANGE,RandomForestRegressor,descriptors,1.6337187336738106,1.845098040014257
14765343,2,IN-RANGE,RandomForestRegressor,descriptors,1.377165839813942,1.8692317197309762
14765353,2,IN-RANGE,RandomForestRegressor,descriptors,1.5699323628095514,1.8750612633917
14765355,2,IN-RANGE,RandomForestRegressor,descriptors,1.5169272059546637,1.8750612633917
14765361,2,IN-RANGE,RandomForestRegressor,descriptors,1.5166511018887967,1.8808135922807914
14765367,2,IN-RANGE,RandomForestRegressor,descriptors,1.3633538900801645,1.8976270912904414
14765377,2,IN-RANGE,RandomForestRegressor,descriptors,1.7341787143743101,1.9084850188786497
14765379,2,IN-RANGE,RandomForestRegressor,descriptors,1.2747929054610125,1.9138138523837167
14765396,2,IN-RANGE,RandomForestRegressor,descriptors,1.653761929584289,1.9344984512435677
14765408,2,IN-RANGE,RandomForestRegressor,descriptors,1.5027319073473375,1.9493900066449128
14765436,2,IN-RANGE,RandomForestRegressor,descriptors,1.2926595357324522,1.989983458301399
14765444,2,IN-RANGE,RandomForestRegressor,descriptors,1.743397386325572,2.0
14765455,2,IN-RANGE,RandomForestRegressor,descriptors,1.3476717741979494,2.0170333392987803
14765461,2,IN-RANGE,RandomForestRegressor,descriptors,1.639506981573622,2.019988159591285
14765492,2,IN-RANGE,RandomForestRegressor,descriptors,1.2234147996437499,2.0600175425316003
14765515,2,IN-RANGE,RandomForestRegressor,descriptors,1.0819117781472942,2.090011024007147
14765521,2,IN-RANGE,RandomForestRegressor,descriptors,1.162293512202512,2.0999912335446846
14765522,2,IN-RANGE,RandomForestRegressor,descriptors,1.2863920862331764,2.100370545117563
14765524,2,IN-RANGE,RandomForestRegressor,descriptors,1.3234136450552705,2.1061908972634154
14765534,2,IN-RANGE,RandomForestRegressor,descriptors,0.9718975681114186,2.120014252078067
14765548,2,IN-RANGE,RandomForestRegressor,descriptors,1.4215916995771039,2.140004950619449
14765553,2,IN-RANGE,RandomForestRegressor,descriptors,1.4071461536283851,2.1492191126553797
14765562,2,IN-RANGE,RandomForestRegressor,descriptors,1.542574522268099,2.161368002234975
14765564,2,IN-RANGE,RandomForestRegressor,descriptors,1.3509172426982463,2.164352855784437
14766484,2,ABOVE,RandomForestRegressor,descriptors,1.3179923788559489,
14766489,2,ABOVE,RandomForestRegressor,descriptors,1.22428906817306,
14766512,2,ABOVE,RandomForestRegressor,descriptors,1.4234835977380615,
14766513,2,ABOVE,RandomForestRegressor,descriptors,1.3921889951090103,
14766514,2,ABOVE,RandomForestRegressor,descriptors,1.4417755304151927,
14766525,2,ABOVE,RandomForestRegressor,descriptors,1.2327024581281976,
14766530,2,ABOVE,RandomForestRegressor,descriptors,1.5067779723218715,
14766536,2,ABOVE,RandomForestRegressor,descriptors,1.1803235910897751,
14766545,2,ABOVE,RandomForestRegressor,descriptors,1.5255043729064313,
14766546,2,ABOVE,RandomForestRegressor,descriptors,1.58476920798629,
14766547,2,ABOVE,RandomForestRegressor,descriptors,1.4181469951418189,
14766550,2,ABOVE,RandomForestRegressor,descriptors,1.501613687671314,
14766552,2,ABOVE,RandomForestRegressor,descriptors,1.320013489252054,
14766553,2,ABOVE,RandomForestRegressor,descriptors,1.380374920693674,
14766562,2,ABOVE,RandomForestRegressor,descriptors,1.2786821583718473,
14766564,2,ABOVE,RandomForestRegressor,descriptors,1.459264937666674,
14766566,2,ABOVE,RandomForestRegressor,descriptors,1.4075804317120515,
14769816,2,BELOW,RandomForestRegressor,descriptors,1.33939874430103,
14769824,2,BELOW,RandomForestRegressor,descriptors,1.205148924920769,
14769826,2,BELOW,RandomForestRegressor,descriptors,1.3478103216745574,
14769830,2,BELOW,RandomForestRegressor,descriptors,1.0291659012997385,
14769834,2,BELOW,RandomForestRegressor,descriptors,1.4605372862454835,
14769841,2,BELOW,RandomForestRegressor,descriptors,1.48259587932335,
14769848,2,BELOW,RandomForestRegressor,descriptors,1.3558263279749923,
14769850,2,BELOW,RandomForestRegressor,descriptors,1.084064460110207,
14769854,2,BELOW,RandomForestRegressor,descriptors,1.304433257404263,
14769863,2,BELOW,RandomForestRegressor,descriptors,1.7147183317751402,
14769865,2,BELOW,RandomForestRegressor,descriptors,1.0873699891862882,
14758723,2,BELOW,Ridge,Morgan,1.140565087185971,
14758729,2,BELOW,Ridge,Morgan,1.2747401328844252,
14758730,2,BELOW,Ridge,Morgan,1.2247141727641933,
14758737,2,BELOW,Ridge,Morgan,1.250669021522432,
14758752,2,BELOW,Ridge,Morgan,1.2761099757542211,
14758755,2,BELOW,Ridge,Morgan,1.080950869783434,
14758758,2,BELOW,Ridge,Morgan,1.3043142245033583,
14758762,2,BELOW,Ridge,Morgan,1.0629005341344844,
14758777,2,BELOW,Ridge,Morgan,1.222911522615726,
14758780,2,BELOW,Ridge,Morgan,1.138319130307746,
14758782,2,BELOW,Ridge,Morgan,1.1712725134979813,
14758783,2,BELOW,Ridge,Morgan,0.8391048141441981,
14758787,2,BELOW,Ridge,Morgan,1.020197176262587,
14758790,2,BELOW,Ridge,Morgan,0.715369121684861,
14758793,2,BELOW,Ridge,Morgan,1.3651705415423796,
14758794,2,BELOW,Ridge,Morgan,1.0234339347965755,
14758801,2,BELOW,Ridge,Morgan,0.9918423697020332,
14758803,2,BELOW,Ridge,Morgan,1.328288441696759,
14758818,2,BELOW,Ridge,Morgan,1.0528753911103255,
14758819,2,BELOW,Ridge,Morgan,0.8702993163737383,
14758820,2,BELOW,Ridge,Morgan,0.8644836244044442,
14758823,2,BELOW,Ridge,Morgan,1.4918611136009223,
14758844,2,BELOW,Ridge,Morgan,0.9242089239784528,
14758847,2,BELOW,Ridge,Morgan,1.3298574012178075,
14758848,2,BELOW,Ridge,Morgan,1.0656004791961553,
14758852,2,BELOW,Ridge,Morgan,1.196287417543387,
14758856,2,BELOW,Ridge,Morgan,1.3502359953591578,
14758858,2,BELOW,Ridge,Morgan,1.1956844733182783,
14758859,2,BELOW,Ridge,Morgan,1.0685906480824823,
14758865,2,BELOW,Ridge,Morgan,1.0635349710836772,
14758868,2,BELOW,Ridge,Morgan,1.2041475290773054,
14758870,2,BELOW,Ridge,Morgan,1.4201223985609843,
14758875,2,BELOW,Ridge,Morgan,0.816666392584982,
14758877,2,BELOW,Ridge,Morgan,0.9966218410049075,
14758880,2,BELOW,Ridge,Morgan,1.0839222771997914,
14758881,2,BELOW,Ridge,Morgan,1.008453370855122,
14758882,2,BELOW,Ridge,Morgan,1.0882531190800473,
14758883,2,BELOW,Ridge,Morgan,0.8061384126512673,
14758889,2,BELOW,Ridge,Morgan,0.8868503410450351,
14758901,2,BELOW,Ridge,Morgan,0.8592706314610634,
14758902,2,BELOW,Ridge,Morgan,0.9180683009692068,
14758904,2,BELOW,Ridge,Morgan,1.5402725606413274,
14758908,2,BELOW,Ridge,Morgan,0.8407021827577549,
14758915,2,BELOW,Ridge,Morgan,1.1845461733262073,
14758972,2,IN-RANGE,Ridge,Morgan,1.3866857001496573,0.6020599913279624
14758976,2,IN-RANGE,Ridge,Morgan,1.38742781668798,0.6020599913279624
14758983,2,IN-RANGE,Ridge,Morgan,0.8854080469266581,0.6020599913279624
14758986,2,IN-RANGE,Ridge,Morgan,1.408657086776321,0.6020599913279624
14758987,2,IN-RANGE,Ridge,Morgan,0.9224043160915936,0.6020599913279624
14758997,2,IN-RANGE,Ridge,Morgan,1.3327114924421806,0.6201360549737575
14759804,2,IN-RANGE,Ridge,Morgan,1.2822134402826397,0.6989700043360189
14759806,2,IN-RANGE,Ridge,Morgan,0.9040038086505788,0.6989700043360189
14759808,2,IN-RANGE,Ridge,Morgan,0.7819416471954862,0.6989700043360189
14759816,2,IN-RANGE,Ridge,Morgan,1.3392998629342707,0.6989700043360189
14759836,2,IN-RANGE,Ridge,Morgan,1.5230205471601335,0.7101173651118162
14759875,2,IN-RANGE,Ridge,Morgan,1.079252435823872,0.7596678446896304
14759896,2,IN-RANGE,Ridge,Morgan,1.1927770303069383,0.7781512503836436
14759898,2,IN-RANGE,Ridge,Morgan,1.2026792369891732,0.7781512503836436
14759901,2,IN-RANGE,Ridge,Morgan,1.4042495783826068,0.7781512503836436
14759905,2,IN-RANGE,Ridge,Morgan,0.974519750847253,0.7781512503836436
14759908,2,IN-RANGE,Ridge,Morgan,1.5288322831922838,0.7781512503836436
14759911,2,IN-RANGE,Ridge,Morgan,0.946809623037865,0.7781512503836436
14759913,2,IN-RANGE,Ridge,Morgan,1.2798518027382852,0.7781512503836436
14759923,2,IN-RANGE,Ridge,Morgan,0.9942195031059091,0.7909884750888159
14759969,2,IN-RANGE,Ridge,Morgan,0.8747436838052234,0.8450980400142568
14759970,2,IN-RANGE,Ridge,Morgan,1.6120280598080041,0.8450980400142568
14759973,2,IN-RANGE,Ridge,Morgan,1.4203679936889873,0.8450980400142568
14759980,2,IN-RANGE,Ridge,Morgan,1.2359111970348358,0.8450980400142568
14759982,2,IN-RANGE,Ridge,Morgan,0.9760409547053441,0.8450980400142568
14759988,2,IN-RANGE,Ridge,Morgan,1.7211332282711367,0.850033257689769
14759993,2,IN-RANGE,Ridge,Morgan,1.3036325860597002,0.859738566197147
14760013,2,IN-RANGE,Ridge,Morgan,1.3972900343371917,0.8898617212581884
14760014,2,IN-RANGE,Ridge,Morgan,1.6130811748578462,0.8898617212581884
14760020,2,IN-RANGE,Ridge,Morgan,1.2021475530449959,0.8998205024270963
14760031,2,IN-RANGE,Ridge,Morgan,1.2580383164653959,0.9030899869919435
14761124,2,IN-RANGE,Ridge,Morgan,0.9955081515254969,0.9030899869919435
14761135,2,IN-RANGE,Ridge,Morgan,0.7333176946900437,0.9180303367848801
14761158,2,IN-RANGE,Ridge,Morgan,1.1764618721142663,0.9474337218870508
14761161,2,IN-RANGE,Ridge,Morgan,1.2219010579622078,0.9498777040368748
14761175,2,IN-RANGE,Ridge,Morgan,1.1507476361982723,0.9542425094393249
14761177,2,IN-RANGE,Ridge,Morgan,1.4509981287006144,0.9542425094393249
14761179,2,IN-RANGE,Ridge,Morgan,1.2312141887547177,0.9542425094393249
14761191,2,IN-RANGE,Ridge,Morgan,0.9716169969354536,0.9599948383284161
14761202,2,IN-RANGE,Ridge,Morgan,1.381236740154477,0.9800033715837464
14761209,2,IN-RANGE,Ridge,Morgan,1.650137815397386,0.989894563718773
14761212,2,IN-RANGE,Ridge,Morgan,0.8212375845297524,0.989894563718773
14761231,2,IN-RANGE,Ridge,Morgan,1.454717530952084,1.0
14761234,2,IN-RANGE,Ridge,Morgan,1.5271156208804562,1.0
14761251,2,IN-RANGE,Ridge,Morgan,1.5031020792462573,1.021189299069938
14761267,2,IN-RANGE,Ridge,Morgan,1.7365680005562867,1.0398105541483504
14761315,2,IN-RANGE,Ridge,Morgan,1.2023840197522382,1.0791812460476249
14761320,2,IN-RANGE,Ridge,Morgan,1.651036484192466,1.0791812460476249
14761363,2,IN-RANGE,Ridge,Morgan,1.5677541004389024,1.1139433523068367
14761368,2,IN-RANGE,Ridge,Morgan,1.3527656045782153,1.1139433523068367
14761369,2,IN-RANGE,Ridge,Morgan,1.2361903544562096,1.1139433523068367
14762228,2,IN-RANGE,Ridge,Morgan,1.0569721021627023,1.146128035678238
14762231,2,IN-RANGE,Ridge,Morgan,1.1291485411318287,1.146128035678238
14762233,2,IN-RANGE,Ridge,Morgan,1.535081590438622,1.146128035678238
14762236,2,IN-RANGE,Ridge,Morgan,1.0246018932800058,1.146128035678238
14762254,2,IN-RANGE,Ridge,Morgan,1.4594023738193633,1.1598678470925667
14762272,2,IN-RANGE,Ridge,Morgan,1.764502950872365,1.1760912590556813
14762273,2,IN-RANGE,Ridge,Morgan,1.5322474366539889,1.1760912590556813
14762274,2,IN-RANGE,Ridge,Morgan,0.8492960866670026,1.1760912590556813
14762281,2,IN-RANGE,Ridge,Morgan,1.2538474740990349,1.180125875164054
14762282,2,IN-RANGE,Ridge,Morgan,1.5513315820083498,1.180125875164054
14762328,2,IN-RANGE,Ridge,Morgan,1.443007135428777,1.2304489213782739
14762334,2,IN-RANGE,Ridge,Morgan,1.3035209276545363,1.236789099409293
14762347,2,IN-RANGE,Ridge,Morgan,0.6813770831391162,1.2430380486862944
14762352,2,IN-RANGE,Ridge,Morgan,1.602799661460637,1.249931756634195
14762356,2,IN-RANGE,Ridge,Morgan,1.4371560573331976,1.249931756634195
14762357,2,IN-RANGE,Ridge,Morgan,0.9916324640612664,1.249931756634195
14762361,2,IN-RANGE,Ridge,Morgan,1.402518948661645,1.255272505103306
14762384,2,IN-RANGE,Ridge,Morgan,1.625098596194131,1.2787536009528289
14762385,2,IN-RANGE,Ridge,Morgan,1.5279636018990774,1.2787536009528289
14762386,2,IN-RANGE,Ridge,Morgan,1.475361403029996,1.2787536009528289
14762415,2,IN-RANGE,Ridge,Morgan,0.7365360409622864,1.299942900022767
14762416,2,IN-RANGE,Ridge,Morgan,1.5025978628343406,1.299942900022767
14762427,2,IN-RANGE,Ridge,Morgan,1.5775800520956536,1.3010299956639813
14762437,2,IN-RANGE,Ridge,Morgan,1.4755769992888168,1.3100557377508915
14762438,2,IN-RANGE,Ridge,Morgan,1.7792677466807012,1.3100557377508915
14762442,2,IN-RANGE,Ridge,Morgan,1.5714701912033342,1.3199384399803087
14762448,2,IN-RANGE,Ridge,Morgan,1.5776729229184485,1.3222192947339193
14762464,2,IN-RANGE,Ridge,Morgan,1.5707469649540948,1.330007700872759
14762466,2,IN-RANGE,Ridge,Morgan,1.3515107121877952,1.3324384599156054
14763245,2,IN-RANGE,Ridge,Morgan,1.2140898652320264,1.3400473176613932
14763252,2,IN-RANGE,Ridge,Morgan,1.4008855350621559,1.3424226808222062
14763253,2,IN-RANGE,Ridge,Morgan,1.6817856656856482,1.3424226808222062
14763254,2,IN-RANGE,Ridge,Morgan,1.4036481340308915,1.3424226808222062
14763285,2,IN-RANGE,Ridge,Morgan,1.4638317812706234,1.380211241711606
14763297,2,IN-RANGE,Ridge,Morgan,1.4202411704076487,1.3900514964589872
14763300,2,IN-RANGE,Ridge,Morgan,1.4216458141627686,1.3979400086720377
14763301,2,IN-RANGE,Ridge,Morgan,1.5857395947962456,1.3979400086720377
14763303,2,IN-RANGE,Ridge,Morgan,1.7456302421842427,1.3979400086720377
14763322,2,IN-RANGE,Ridge,Morgan,1.5657828401510014,1.414973347970818
14763324,2,IN-RANGE,Ridge,Morgan,1.3495178982362754,1.414973347970818
14763353,2,IN-RANGE,Ridge,Morgan,1.3121611188382833,1.4393326938302626
14763359,2,IN-RANGE,Ridge,Morgan,1.5565926282105305,1.4399639359209049
14763397,2,IN-RANGE,Ridge,Morgan,1.4715577796470858,1.4771212547196624
14763399,2,IN-RANGE,Ridge,Morgan,1.2364902855481446,1.4771212547196624
14763432,2,IN-RANGE,Ridge,Morgan,1.2563627696135329,1.505149978319906
14763444,2,IN-RANGE,Ridge,Morgan,1.4748721983436668,1.5185139398778875
14763445,2,IN-RANGE,Ridge,Morgan,1.5165263560198134,1.5185139398778875
14763450,2,IN-RANGE,Ridge,Morgan,1.3276685592916495,1.5199591807520685
14763467,2,IN-RANGE,Ridge,Morgan,1.589467322933556,1.5440680443502757
14763471,2,IN-RANGE,Ridge,Morgan,1.5459856230105513,1.5440680443502757
14763487,2,IN-RANGE,Ridge,Morgan,1.284829674669283,1.5563025007672873
14763488,2,IN-RANGE,Ridge,Morgan,0.9335929378810985,1.5563025007672873
14763498,2,IN-RANGE,Ridge,Morgan,1.4480927941386401,1.568201724066995
14764309,2,IN-RANGE,Ridge,Morgan,1.1279396251080507,1.606381365110605
14764318,2,IN-RANGE,Ridge,Morgan,1.5693694602178425,1.6127838567197355
14764319,2,IN-RANGE,Ridge,Morgan,1.2042968475930484,1.6127838567197355
14764351,2,IN-RANGE,Ridge,Morgan,1.370514859226739,1.6384892569546374
14764357,2,IN-RANGE,Ridge,Morgan,1.8412104048785656,1.6434526764861874
14764363,2,IN-RANGE,Ridge,Morgan,1.7944946520048477,1.6532125137753437
14764376,2,IN-RANGE,Ridge,Morgan,1.5651629405991665,1.662757831681574
14764393,2,IN-RANGE,Ridge,Morgan,1.7878021663602481,1.6901960800285136
14764395,2,IN-RANGE,Ridge,Morgan,1.804488100399202,1.6989700043360187
14764435,2,IN-RANGE,Ridge,Morgan,1.5286455837570498,1.7299742856995557
14764454,2,IN-RANGE,Ridge,Morgan,1.6016283834402139,1.7481880270062005
14764464,2,IN-RANGE,Ridge,Morgan,1.491389246808306,1.7599698575543072
14764479,2,IN-RANGE,Ridge,Morgan,1.6423022701489525,1.7781512503836436
14764483,2,IN-RANGE,Ridge,Morgan,1.215808538997341,1.7800291273373383
14764488,2,IN-RANGE,Ridge,Morgan,1.2524367479402962,1.7853298350107671
14764492,2,IN-RANGE,Ridge,Morgan,1.5226727129627822,1.7900035203904894
14764497,2,IN-RANGE,Ridge,Morgan,1.3219113689656625,1.7993405494535817
14764520,2,IN-RANGE,Ridge,Morgan,1.7692290304919172,1.8195439355418688
14764522,2,IN-RANGE,Ridge,Morgan,1.282406526574534,1.8195439355418688
14765312,2,IN-RANGE,Ridge,Morgan,1.3119567952978282,1.8325089127062364
14765322,2,IN-RANGE,Ridge,Morgan,1.660194810750705,1.845098040014257
14765343,2,IN-RANGE,Ridge,Morgan,1.4461130601247008,1.8692317197309762
14765353,2,IN-RANGE,Ridge,Morgan,1.383220410146747,1.8750612633917
14765355,2,IN-RANGE,Ridge,Morgan,1.381381839505424,1.8750612633917
14765361,2,IN-RANGE,Ridge,Morgan,1.3708055939258128,1.8808135922807914
14765367,2,IN-RANGE,Ridge,Morgan,1.6012937872728776,1.8976270912904414
14765377,2,IN-RANGE,Ridge,Morgan,1.8262132315191333,1.9084850188786497
14765379,2,IN-RANGE,Ridge,Morgan,1.7877280942602867,1.9138138523837167
14765396,2,IN-RANGE,Ridge,Morgan,1.2336843252734566,1.9344984512435677
14765408,2,IN-RANGE,Ridge,Morgan,1.472585240570428,1.9493900066449128
14765436,2,IN-RANGE,Ridge,Morgan,1.5451981988758332,1.989983458301399
14765444,2,IN-RANGE,Ridge,Morgan,1.616008751662025,2.0
14765455,2,IN-RANGE,Ridge,Morgan,1.4736801515767788,2.0170333392987803
14765461,2,IN-RANGE,Ridge,Morgan,1.4141137288461372,2.019988159591285
14765492,2,IN-RANGE,Ridge,Morgan,1.1183249769154109,2.0600175425316003
14765515,2,IN-RANGE,Ridge,Morgan,1.3223606347886487,2.090011024007147
14765521,2,IN-RANGE,Ridge,Morgan,1.5984979736158378,2.0999912335446846
14765522,2,IN-RANGE,Ridge,Morgan,1.5384556701692156,2.100370545117563
14765524,2,IN-RANGE,Ridge,Morgan,1.4068834042030047,2.1061908972634154
14765534,2,IN-RANGE,Ridge,Morgan,1.1839331899674446,2.120014252078067
14765548,2,IN-RANGE,Ridge,Morgan,1.5214249968003237,2.140004950619449
14765553,2,IN-RANGE,Ridge,Morgan,1.5918109580468431,2.1492191126553797
14765562,2,IN-RANGE,Ridge,Morgan,1.4738730888070262,2.161368002234975
14765564,2,IN-RANGE,Ridge,Morgan,0.889503466247956,2.164352855784437
14766484,2,ABOVE,Ridge,Morgan,1.7095516474316828,
14766489,2,ABOVE,Ridge,Morgan,1.2381353767490042,
14766512,2,ABOVE,Ridge,Morgan,1.6557709384746395,
14766513,2,ABOVE,Ridge,Morgan,1.6140322986218907,
14766514,2,ABOVE,Ridge,Morgan,1.6741789507724187,
14766525,2,ABOVE,Ridge,Morgan,1.2819451140204035,
14766530,2,ABOVE,Ridge,Morgan,1.196585941938785,
14766536,2,ABOVE,Ridge,Morgan,1.4438522021733249,
14766545,2,ABOVE,Ridge,Morgan,1.3972358160372038,
14766546,2,ABOVE,Ridge,Morgan,1.5693567851636643,
14766547,2,ABOVE,Ridge,Morgan,1.5237774867770444,
14766550,2,ABOVE,Ridge,Morgan,1.541241294515832,
14766552,2,ABOVE,Ridge,Morgan,1.5309032749529372,
14766553,2,ABOVE,Ridge,Morgan,1.5993923472293061,
14766562,2,ABOVE,Ridge,Morgan,1.2622081069093467,
14766564,2,ABOVE,Ridge,Morgan,1.3862176572984555,
14766566,2,ABOVE,Ridge,Morgan,1.5582990378996087,
14769816,2,BELOW,Ridge,Morgan,1.595482120400823,
14769824,2,BELOW,Ridge,Morgan,1.4601181455271053,
14769826,2,BELOW,Ridge,Morgan,0.994524638452682,
14769830,2,BELOW,Ridge,Morgan,1.3495772763111764,
14769834,2,BELOW,Ridge,Morgan,0.6242382771567377,
14769841,2,BELOW,Ridge,Morgan,1.5695157187493118,
14769848,2,BELOW,Ridge,Morgan,1.0891774026760919,
14769850,2,BELOW,Ridge,Morgan,1.0315975453634778,
14769854,2,BELOW,Ridge,Morgan,1.4056937695793972,
14769863,2,BELOW,Ridge,Morgan,1.2830026028195438,
14769865,2,BELOW,Ridge,Morgan,1.213163404849581,
14758723,2,BELOW,RandomForestRegressor,Morgan,1.0118405014090244,
14758729,2,BELOW,RandomForestRegressor,Morgan,1.431854382809243,
14758730,2,BELOW,RandomForestRegressor,Morgan,1.0507672822750314,
14758737,2,BELOW,RandomForestRegressor,Morgan,1.2287586600126428,
14758752,2,BELOW,RandomForestRegressor,Morgan,1.216255860754581,
14758755,2,BELOW,RandomForestRegressor,Morgan,1.1712475791344907,
14758758,2,BELOW,RandomForestRegressor,Morgan,1.394369146926922,
14758762,2,BELOW,RandomForestRegressor,Morgan,1.0861606123236738,
14758777,2,BELOW,RandomForestRegressor,Morgan,1.0307258295880644,
14758780,2,BELOW,RandomForestRegressor,Morgan,1.3378073111348203,
14758782,2,BELOW,RandomForestRegressor,Morgan,1.345670743718351,
14758783,2,BELOW,RandomForestRegressor,Morgan,0.8711972565519068,
14758787,2,BELOW,RandomForestRegressor,Morgan,0.9150337250088666,
14758790,2,BELOW,RandomForestRegressor,Morgan,0.8215975379883104,
14758793,2,BELOW,RandomForestRegressor,Morgan,1.4284440765117907,
14758794,2,BELOW,RandomForestRegressor,Morgan,0.9734131751699348,
14758801,2,BELOW,RandomForestRegressor,Morgan,1.1612366726137708,
14758803,2,BELOW,RandomForestRegressor,Morgan,1.3176617983688694,
14758818,2,BELOW,RandomForestRegressor,Morgan,1.1704824319929856,
14758819,2,BELOW,RandomForestRegressor,Morgan,0.9947277739588416,
14758820,2,BELOW,RandomForestRegressor,Morgan,1.0215999923003245,
14758823,2,BELOW,RandomForestRegressor,Morgan,1.3336229420821133,
14758844,2,BELOW,RandomForestRegressor,Morgan,0.8683444451183406,
14758847,2,BELOW,RandomForestRegressor,Morgan,1.3474613361208045,
14758848,2,BELOW,RandomForestRegressor,Morgan,0.9464084272967698,
14758852,2,BELOW,RandomForestRegressor,Morgan,0.9276433809596349,
14758856,2,BELOW,RandomForestRegressor,Morgan,1.3913623021259098,
14758858,2,BELOW,RandomForestRegressor,Morgan,0.9786071932874139,
14758859,2,BELOW,RandomForestRegressor,Morgan,1.241090625292954,
14758865,2,BELOW,RandomForestRegressor,Morgan,0.8883096095990907,
14758868,2,BELOW,RandomForestRegressor,Morgan,1.0563402976565013,
14758870,2,BELOW,RandomForestRegressor,Morgan,1.0919996001892764,
14758875,2,BELOW,RandomForestRegressor,Morgan,0.8762239186057598,
14758877,2,BELOW,RandomForestRegressor,Morgan,0.9398331057440789,
14758880,2,BELOW,RandomForestRegressor,Morgan,0.9746603313581866,
14758881,2,BELOW,RandomForestRegressor,Morgan,0.9177397232570692,
14758882,2,BELOW,RandomForestRegressor,Morgan,1.2448784635661156,
14758883,2,BELOW,RandomForestRegressor,Morgan,0.8531199123867204,
14758889,2,BELOW,RandomForestRegressor,Morgan,0.8580496469467029,
14758901,2,BELOW,RandomForestRegressor,Morgan,0.8595739203552819,
14758902,2,BELOW,RandomForestRegressor,Morgan,1.0500117792592907,
14758904,2,BELOW,RandomForestRegressor,Morgan,1.4156395327814013,
14758908,2,BELOW,RandomForestRegressor,Morgan,1.0620977782432952,
14758915,2,BELOW,RandomForestRegressor,Morgan,1.4262878734049491,
14758972,2,IN-RANGE,RandomForestRegressor,Morgan,0.9945385705493187,0.6020599913279624
14758976,2,IN-RANGE,RandomForestRegressor,Morgan,1.364658276847077,0.6020599913279624
14758983,2,IN-RANGE,RandomForestRegressor,Morgan,0.9420457752126444,0.6020599913279624
14758986,2,IN-RANGE,RandomForestRegressor,Morgan,1.3565645789349217,0.6020599913279624
14758987,2,IN-RANGE,RandomForestRegressor,Morgan,0.906090263810216,0.6020599913279624
14758997,2,IN-RANGE,RandomForestRegressor,Morgan,1.3659399696342092,0.6201360549737575
14759804,2,IN-RANGE,RandomForestRegressor,Morgan,1.3565250686029764,0.6989700043360189
14759806,2,IN-RANGE,RandomForestRegressor,Morgan,0.7219084296256668,0.6989700043360189
14759808,2,IN-RANGE,RandomForestRegressor,Morgan,0.9090724541392785,0.6989700043360189
14759816,2,IN-RANGE,RandomForestRegressor,Morgan,1.340624142881302,0.6989700043360189
14759836,2,IN-RANGE,RandomForestRegressor,Morgan,1.340325888026266,0.7101173651118162
14759875,2,IN-RANGE,RandomForestRegressor,Morgan,1.107527579709508,0.7596678446896304
14759896,2,IN-RANGE,RandomForestRegressor,Morgan,1.263500261753124,0.7781512503836436
14759898,2,IN-RANGE,RandomForestRegressor,Morgan,1.24391865988999,0.7781512503836436
14759901,2,IN-RANGE,RandomForestRegressor,Morgan,1.4286396182405092,0.7781512503836436
14759905,2,IN-RANGE,RandomForestRegressor,Morgan,1.0614151124154967,0.7781512503836436
14759908,2,IN-RANGE,RandomForestRegressor,Morgan,1.3503767832561302,0.7781512503836436
14759911,2,IN-RANGE,RandomForestRegressor,Morgan,1.242398361850184,0.7781512503836436
14759913,2,IN-RANGE,RandomForestRegressor,Morgan,1.0075132465868832,0.7781512503836436
14759923,2,IN-RANGE,RandomForestRegressor,Morgan,1.0909369380854048,0.7909884750888159
14759969,2,IN-RANGE,RandomForestRegressor,Morgan,0.8180379874287237,0.8450980400142568
14759970,2,IN-RANGE,RandomForestRegressor,Morgan,1.4699083153819563,0.8450980400142568
14759973,2,IN-RANGE,RandomForestRegressor,Morgan,1.4336609163934397,0.8450980400142568
14759980,2,IN-RANGE,RandomForestRegressor,Morgan,1.3376396896415315,0.8450980400142568
14759982,2,IN-RANGE,RandomForestRegressor,Morgan,0.8681807538683778,0.8450980400142568
14759988,2,IN-RANGE,RandomForestRegressor,Morgan,1.58755459651308,0.850033257689769
14759993,2,IN-RANGE,RandomForestRegressor,Morgan,1.356156389184433,0.859738566197147
14760013,2,IN-RANGE,RandomForestRegressor,Morgan,1.3780381420162175,0.8898617212581884
14760014,2,IN-RANGE,RandomForestRegressor,Morgan,1.4600865129909428,0.8898617212581884
14760020,2,IN-RANGE,RandomForestRegressor,Morgan,1.3356256963114692,0.8998205024270963
14760031,2,IN-RANGE,RandomForestRegressor,Morgan,1.3208078589535677,0.9030899869919435
14761124,2,IN-RANGE,RandomForestRegressor,Morgan,1.0926921221597896,0.9030899869919435
14761135,2,IN-RANGE,RandomForestRegressor,Morgan,0.848159133542529,0.9180303367848801
14761158,2,IN-RANGE,RandomForestRegressor,Morgan,1.3272106649458586,0.9474337218870508
14761161,2,IN-RANGE,RandomForestRegressor,Morgan,1.1669001618772916,0.9498777040368748
14761175,2,IN-RANGE,RandomForestRegressor,Morgan,1.1287030927304598,0.9542425094393249
14761177,2,IN-RANGE,RandomForestRegressor,Morgan,1.0351071805224143,0.9542425094393249
14761179,2,IN-RANGE,RandomForestRegressor,Morgan,1.1510089292938597,0.9542425094393249
14761191,2,IN-RANGE,RandomForestRegressor,Morgan,1.2220688345253743,0.9599948383284161
14761202,2,IN-RANGE,RandomForestRegressor,Morgan,1.3272879040419283,0.9800033715837464
14761209,2,IN-RANGE,RandomForestRegressor,Morgan,1.294503589835382,0.989894563718773
14761212,2,IN-RANGE,RandomForestRegressor,Morgan,1.1477485870503155,0.989894563718773
14761231,2,IN-RANGE,RandomForestRegressor,Morgan,1.2402631792237775,1.0
14761234,2,IN-RANGE,RandomForestRegressor,Morgan,1.4326029444288002,1.0
14761251,2,IN-RANGE,RandomForestRegressor,Morgan,1.4295127024305998,1.021189299069938
14761267,2,IN-RANGE,RandomForestRegressor,Morgan,1.5758460700523649,1.0398105541483504
14761315,2,IN-RANGE,RandomForestRegressor,Morgan,0.9276861595752207,1.0791812460476249
14761320,2,IN-RANGE,RandomForestRegressor,Morgan,1.6483145698274955,1.0791812460476249
14761363,2,IN-RANGE,RandomForestRegressor,Morgan,1.4678617700317447,1.1139433523068367
14761368,2,IN-RANGE,RandomForestRegressor,Morgan,1.3600534572612637,1.1139433523068367
14761369,2,IN-RANGE,RandomForestRegressor,Morgan,1.1976185262378758,1.1139433523068367
14762228,2,IN-RANGE,RandomForestRegressor,Morgan,1.1826362425714536,1.146128035678238
14762231,2,IN-RANGE,RandomForestRegressor,Morgan,1.2333319358944066,1.146128035678238
14762233,2,IN-RANGE,RandomForestRegressor,Morgan,1.5931616662212778,1.146128035678238
14762236,2,IN-RANGE,RandomForestRegressor,Morgan,1.158764412585219,1.146128035678238
14762254,2,IN-RANGE,RandomForestRegressor,Morgan,1.4476498962404847,1.1598678470925667
14762272,2,IN-RANGE,RandomForestRegressor,Morgan,1.4365383857689473,1.1760912590556813
14762273,2,IN-RANGE,RandomForestRegressor,Morgan,1.4634470566607565,1.1760912590556813
14762274,2,IN-RANGE,RandomForestRegressor,Morgan,0.9306315488336654,1.1760912590556813
14762281,2,IN-RANGE,RandomForestRegressor,Morgan,1.2008658580172047,1.180125875164054
14762282,2,IN-RANGE,RandomForestRegressor,Morgan,1.3883325484329467,1.180125875164054
14762328,2,IN-RANGE,RandomForestRegressor,Morgan,1.3662695982836843,1.2304489213782739
14762334,2,IN-RANGE,RandomForestRegressor,Morgan,1.089548028723852,1.236789099409293
14762347,2,IN-RANGE,RandomForestRegressor,Morgan,1.0435789277759515,1.2430380486862944
14762352,2,IN-RANGE,RandomForestRegressor,Morgan,1.526104995359821,1.249931756634195
14762356,2,IN-RANGE,RandomForestRegressor,Morgan,1.4008021866047407,1.249931756634195
14762357,2,IN-RANGE,RandomForestRegressor,Morgan,1.3123073868099453,1.249931756634195
14762361,2,IN-RANGE,RandomForestRegressor,Morgan,1.3685490590158087,1.255272505103306
14762384,2,IN-RANGE,RandomForestRegressor,Morgan,1.6558193094723757,1.2787536009528289
14762385,2,IN-RANGE,RandomForestRegressor,Morgan,1.4352275753440502,1.2787536009528289
14762386,2,IN-RANGE,RandomForestRegressor,Morgan,1.305939515405891,1.2787536009528289
14762415,2,IN-RANGE,RandomForestRegressor,Morgan,1.1917844841366743,1.299942900022767
14762416,2,IN-RANGE,RandomForestRegressor,Morgan,1.4102875084374036,1.299942900022767
14762427,2,IN-RANGE,RandomForestRegressor,Morgan,1.4103867983335139,1.3010299956639813
14762437,2,IN-RANGE,RandomForestRegressor,Morgan,1.3561502825272282,1.3100557377508915
14762438,2,IN-RANGE,RandomForestRegressor,Morgan,1.3466982715635307,1.3100557377508915
14762442,2,IN-RANGE,RandomForestRegressor,Morgan,1.3758541464359868,1.3199384399803087
14762448,2,IN-RANGE,RandomForestRegressor,Morgan,1.4014923330923292,1.3222192947339193
14762464,2,IN-RANGE,RandomForestRegressor,Morgan,1.5280321526817482,1.330007700872759
14762466,2,IN-RANGE,RandomForestRegressor,Morgan,1.1539915324930134,1.3324384599156054
14763245,2,IN-RANGE,RandomForestRegressor,Morgan,1.3388448529489736,1.3400473176613932
14763252,2,IN-RANGE,RandomForestRegressor,Morgan,1.2830866754119594,1.3424226808222062
14763253,2,IN-RANGE,RandomForestRegressor,Morgan,1.6967697389004797,1.3424226808222062
14763254,2,IN-RANGE,RandomForestRegressor,Morgan,1.3682433270631664,1.3424226808222062
14763285,2,IN-RANGE,RandomForestRegressor,Morgan,1.3749730017022799,1.380211241711606
14763297,2,IN-RANGE,RandomForestRegressor,Morgan,1.3720901105264247,1.3900514964589872
14763300,2,IN-RANGE,RandomForestRegressor,Morgan,1.4530653386380161,1.3979400086720377
14763301,2,IN-RANGE,RandomForestRegressor,Morgan,1.642112575285051,1.3979400086720377
14763303,2,IN-RANGE,RandomForestRegressor,Morgan,1.4500862927399814,1.3979400086720377
14763322,2,IN-RANGE,RandomForestRegressor,Morgan,1.354436881122643,1.414973347970818
14763324,2,IN-RANGE,RandomForestRegressor,Morgan,1.457104653082511,1.414973347970818
14763353,2,IN-RANGE,RandomForestRegressor,Morgan,1.3345443935219057,1.4393326938302626
14763359,2,IN-RANGE,RandomForestRegressor,Morgan,1.3377156914556658,1.4399639359209049
14763397,2,IN-RANGE,RandomForestRegressor,Morgan,1.4826137890822637,1.4771212547196624
14763399,2,IN-RANGE,RandomForestRegressor,Morgan,1.3897065553818997,1.4771212547196624
14763432,2,IN-RANGE,RandomForestRegressor,Morgan,0.9795579562142813,1.505149978319906
14763444,2,IN-RANGE,RandomForestRegressor,Morgan,1.5518521946634352,1.5185139398778875
14763445,2,IN-RANGE,RandomForestRegressor,Morgan,1.596404552077336,1.5185139398778875
14763450,2,IN-RANGE,RandomForestRegressor,Morgan,1.207873567194121,1.5199591807520685
14763467,2,IN-RANGE,RandomForestRegressor,Morgan,1.4975872783396826,1.5440680443502757
14763471,2,IN-RANGE,RandomForestRegressor,Morgan,1.5230071014301803,1.5440680443502757
14763487,2,IN-RANGE,RandomForestRegressor,Morgan,1.345158146130618,1.5563025007672873
14763488,2,IN-RANGE,RandomForestRegressor,Morgan,1.0774802418964902,1.5563025007672873
14763498,2,IN-RANGE,RandomForestRegressor,Morgan,1.3936920876729721,1.568201724066995
14764309,2,IN-RANGE,RandomForestRegressor,Morgan,1.3515182016683263,1.606381365110605
14764318,2,IN-RANGE,RandomForestRegressor,Morgan,1.4542653505318928,1.6127838567197355
14764319,2,IN-RANGE,RandomForestRegressor,Morgan,1.3087445185824353,1.6127838567197355
14764351,2,IN-RANGE,RandomForestRegressor,Morgan,1.3544936267232046,1.6384892569546374
14764357,2,IN-RANGE,RandomForestRegressor,Morgan,1.6661928407191837,1.6434526764861874
14764363,2,IN-RANGE,RandomForestRegressor,Morgan,1.7778344931521572,1.6532125137753437
14764376,2,IN-RANGE,RandomForestRegressor,Morgan,1.5608581304542826,1.662757831681574
14764393,2,IN-RANGE,RandomForestRegressor,Morgan,1.4217350231778978,1.6901960800285136
14764395,2,IN-RANGE,RandomForestRegressor,Morgan,1.6640451955634417,1.6989700043360187
14764435,2,IN-RANGE,RandomForestRegressor,Morgan,1.3777534136026117,1.7299742856995557
14764454,2,IN-RANGE,RandomForestRegressor,Morgan,1.507556875858123,1.7481880270062005
14764464,2,IN-RANGE,RandomForestRegressor,Morgan,1.448415130106203,1.7599698575543072
14764479,2,IN-RANGE,RandomForestRegressor,Morgan,1.2789476098436976,1.7781512503836436
14764483,2,IN-RANGE,RandomForestRegressor,Morgan,1.3377942988402476,1.7800291273373383
14764488,2,IN-RANGE,RandomForestRegressor,Morgan,1.3996422193129114,1.7853298350107671
14764492,2,IN-RANGE,RandomForestRegressor,Morgan,1.5849653976704028,1.7900035203904894
14764497,2,IN-RANGE,RandomForestRegressor,Morgan,1.4310884238379284,1.7993405494535817
14764520,2,IN-RANGE,RandomForestRegressor,Morgan,1.803231625316113,1.8195439355418688
14764522,2,IN-RANGE,RandomForestRegressor,Morgan,1.0766369895245627,1.8195439355418688
14765312,2,IN-RANGE,RandomForestRegressor,Morgan,1.3439148509534506,1.8325089127062364
14765322,2,IN-RANGE,RandomForestRegressor,Morgan,1.5323018087438185,1.845098040014257
14765343,2,IN-RANGE,RandomForestRegressor,Morgan,1.3884043580845675,1.8692317197309762
14765353,2,IN-RANGE,RandomForestRegressor,Morgan,1.365807145683878,1.8750612633917
14765355,2,IN-RANGE,RandomForestRegressor,Morgan,1.5332737745274014,1.8750612633917
14765361,2,IN-RANGE,RandomForestRegressor,Morgan,1.5253827064257524,1.8808135922807914
14765367,2,IN-RANGE,RandomForestRegressor,Morgan,1.7602646284607733,1.8976270912904414
14765377,2,IN-RANGE,RandomForestRegressor,Morgan,1.722192042017092,1.9084850188786497
14765379,2,IN-RANGE,RandomForestRegressor,Morgan,1.5831810276803588,1.9138138523837167
14765396,2,IN-RANGE,RandomForestRegressor,Morgan,1.254501248958245,1.9344984512435677
14765408,2,IN-RANGE,RandomForestRegressor,Morgan,1.413638705876324,1.9493900066449128
14765436,2,IN-RANGE,RandomForestRegressor,Morgan,1.372334211729163,1.989983458301399
14765444,2,IN-RANGE,RandomForestRegressor,Morgan,1.6156524234365768,2.0
14765455,2,IN-RANGE,RandomForestRegressor,Morgan,1.455166371329056,2.0170333392987803
14765461,2,IN-RANGE,RandomForestRegressor,Morgan,1.2023314697799976,2.019988159591285
14765492,2,IN-RANGE,RandomForestRegressor,Morgan,1.2733642006401005,2.0600175425316003
14765515,2,IN-RANGE,RandomForestRegressor,Morgan,1.302010549966453,2.090011024007147
14765521,2,IN-RANGE,RandomForestRegressor,Morgan,1.554933813886268,2.0999912335446846
14765522,2,IN-RANGE,RandomForestRegressor,Morgan,1.5570735181548954,2.100370545117563
14765524,2,IN-RANGE,RandomForestRegressor,Morgan,1.2406159575975557,2.1061908972634154
14765534,2,IN-RANGE,RandomForestRegressor,Morgan,1.323177952128161,2.120014252078067
14765548,2,IN-RANGE,RandomForestRegressor,Morgan,1.4378402625476816,2.140004950619449
14765553,2,IN-RANGE,RandomForestRegressor,Morgan,1.51901815992577,2.1492191126553797
14765562,2,IN-RANGE,RandomForestRegressor,Morgan,1.501091665679462,2.161368002234975
14765564,2,IN-RANGE,RandomForestRegressor,Morgan,1.3439167823948786,2.164352855784437
14766484,2,ABOVE,RandomForestRegressor,Morgan,1.532784366025109,
14766489,2,ABOVE,RandomForestRegressor,Morgan,1.4945555455418134,
14766512,2,ABOVE,RandomForestRegressor,Morgan,1.5326246547820164,
14766513,2,ABOVE,RandomForestRegressor,Morgan,1.5354057971359303,
14766514,2,ABOVE,RandomForestRegressor,Morgan,1.5326299447529848,
14766525,2,ABOVE,RandomForestRegressor,Morgan,1.1911104072566956,
14766530,2,ABOVE,RandomForestRegressor,Morgan,1.1943055965634541,
14766536,2,ABOVE,RandomForestRegressor,Morgan,1.2857122756206363,
14766545,2,ABOVE,RandomForestRegressor,Morgan,1.4913737189266256,
14766546,2,ABOVE,RandomForestRegressor,Morgan,1.5155541297784692,
14766547,2,ABOVE,RandomForestRegressor,Morgan,1.4956711034741585,
14766550,2,ABOVE,RandomForestRegressor,Morgan,1.2945230648789638,
14766552,2,ABOVE,RandomForestRegressor,Morgan,1.3267399654817975,
14766553,2,ABOVE,RandomForestRegressor,Morgan,1.57629678667716,
14766562,2,ABOVE,RandomForestRegressor,Morgan,1.394857622864927,
14766564,2,ABOVE,RandomForestRegressor,Morgan,1.4715376329447114,
14766566,2,ABOVE,RandomForestRegressor,Morgan,1.4924134805792875,
14769816,2,BELOW,RandomForestRegressor,Morgan,1.5877004535258277,
14769824,2,BELOW,RandomForestRegressor,Morgan,1.3709511834531907,
14769826,2,BELOW,RandomForestRegressor,Morgan,1.0869773180964204,
14769830,2,BELOW,RandomForestRegressor,Morgan,1.3975606937814151,
14769834,2,BELOW,RandomForestRegressor,Morgan,0.9867757969444355,
14769841,2,BELOW,RandomForestRegressor,Morgan,1.369352491640729,
14769848,2,BELOW,RandomForestRegressor,Morgan,1.0971639122303165,
14769850,2,BELOW,RandomForestRegressor,Morgan,0.9234853924504094,
14769854,2,BELOW,RandomForestRegressor,Morgan,1.3240911071730312,
14769863,2,BELOW,RandomForestRegressor,Morgan,1.2298432537740773,
14769865,2,BELOW,RandomForestRegressor,Morgan,1.2299901097060966,
14758721,3,BELOW,mean_baseline,none,1.3146550548697609,
14758721,3,BELOW,median_baseline,none,1.299942900022767,
14758726,3,BELOW,mean_baseline,none,1.3146550548697609,
14758726,3,BELOW,median_baseline,none,1.299942900022767,
14758727,3,BELOW,mean_baseline,none,1.3146550548697609,
14758727,3,BELOW,median_baseline,none,1.299942900022767,
14758728,3,BELOW,mean_baseline,none,1.3146550548697609,
14758728,3,BELOW,median_baseline,none,1.299942900022767,
14758732,3,BELOW,mean_baseline,none,1.3146550548697609,
14758732,3,BELOW,median_baseline,none,1.299942900022767,
14758733,3,BELOW,mean_baseline,none,1.3146550548697609,
14758733,3,BELOW,median_baseline,none,1.299942900022767,
14758739,3,BELOW,mean_baseline,none,1.3146550548697609,
14758739,3,BELOW,median_baseline,none,1.299942900022767,
14758741,3,BELOW,mean_baseline,none,1.3146550548697609,
14758741,3,BELOW,median_baseline,none,1.299942900022767,
14758744,3,BELOW,mean_baseline,none,1.3146550548697609,
14758744,3,BELOW,median_baseline,none,1.299942900022767,
14758747,3,BELOW,mean_baseline,none,1.3146550548697609,
14758747,3,BELOW,median_baseline,none,1.299942900022767,
14758748,3,BELOW,mean_baseline,none,1.3146550548697609,
14758748,3,BELOW,median_baseline,none,1.299942900022767,
14758754,3,BELOW,mean_baseline,none,1.3146550548697609,
14758754,3,BELOW,median_baseline,none,1.299942900022767,
14758761,3,BELOW,mean_baseline,none,1.3146550548697609,
14758761,3,BELOW,median_baseline,none,1.299942900022767,
14758769,3,BELOW,mean_baseline,none,1.3146550548697609,
14758769,3,BELOW,median_baseline,none,1.299942900022767,
14758773,3,BELOW,mean_baseline,none,1.3146550548697609,
14758773,3,BELOW,median_baseline,none,1.299942900022767,
14758776,3,BELOW,mean_baseline,none,1.3146550548697609,
14758776,3,BELOW,median_baseline,none,1.299942900022767,
14758781,3,BELOW,mean_baseline,none,1.3146550548697609,
14758781,3,BELOW,median_baseline,none,1.299942900022767,
14758796,3,BELOW,mean_baseline,none,1.3146550548697609,
14758796,3,BELOW,median_baseline,none,1.299942900022767,
14758798,3,BELOW,mean_baseline,none,1.3146550548697609,
14758798,3,BELOW,median_baseline,none,1.299942900022767,
14758800,3,BELOW,mean_baseline,none,1.3146550548697609,
14758800,3,BELOW,median_baseline,none,1.299942900022767,
14758829,3,BELOW,mean_baseline,none,1.3146550548697609,
14758829,3,BELOW,median_baseline,none,1.299942900022767,
14758832,3,BELOW,mean_baseline,none,1.3146550548697609,
14758832,3,BELOW,median_baseline,none,1.299942900022767,
14758835,3,BELOW,mean_baseline,none,1.3146550548697609,
14758835,3,BELOW,median_baseline,none,1.299942900022767,
14758837,3,BELOW,mean_baseline,none,1.3146550548697609,
14758837,3,BELOW,median_baseline,none,1.299942900022767,
14758839,3,BELOW,mean_baseline,none,1.3146550548697609,
14758839,3,BELOW,median_baseline,none,1.299942900022767,
14758841,3,BELOW,mean_baseline,none,1.3146550548697609,
14758841,3,BELOW,median_baseline,none,1.299942900022767,
14758843,3,BELOW,mean_baseline,none,1.3146550548697609,
14758843,3,BELOW,median_baseline,none,1.299942900022767,
14758850,3,BELOW,mean_baseline,none,1.3146550548697609,
14758850,3,BELOW,median_baseline,none,1.299942900022767,
14758851,3,BELOW,mean_baseline,none,1.3146550548697609,
14758851,3,BELOW,median_baseline,none,1.299942900022767,
14758853,3,BELOW,mean_baseline,none,1.3146550548697609,
14758853,3,BELOW,median_baseline,none,1.299942900022767,
14758854,3,BELOW,mean_baseline,none,1.3146550548697609,
14758854,3,BELOW,median_baseline,none,1.299942900022767,
14758861,3,BELOW,mean_baseline,none,1.3146550548697609,
14758861,3,BELOW,median_baseline,none,1.299942900022767,
14758864,3,BELOW,mean_baseline,none,1.3146550548697609,
14758864,3,BELOW,median_baseline,none,1.299942900022767,
14758869,3,BELOW,mean_baseline,none,1.3146550548697609,
14758869,3,BELOW,median_baseline,none,1.299942900022767,
14758872,3,BELOW,mean_baseline,none,1.3146550548697609,
14758872,3,BELOW,median_baseline,none,1.299942900022767,
14758879,3,BELOW,mean_baseline,none,1.3146550548697609,
14758879,3,BELOW,median_baseline,none,1.299942900022767,
14758884,3,BELOW,mean_baseline,none,1.3146550548697609,
14758884,3,BELOW,median_baseline,none,1.299942900022767,
14758899,3,BELOW,mean_baseline,none,1.3146550548697609,
14758899,3,BELOW,median_baseline,none,1.299942900022767,
14758905,3,BELOW,mean_baseline,none,1.3146550548697609,
14758905,3,BELOW,median_baseline,none,1.299942900022767,
14758906,3,BELOW,mean_baseline,none,1.3146550548697609,
14758906,3,BELOW,median_baseline,none,1.299942900022767,
14758907,3,BELOW,mean_baseline,none,1.3146550548697609,
14758907,3,BELOW,median_baseline,none,1.299942900022767,
14758912,3,BELOW,mean_baseline,none,1.3146550548697609,
14758912,3,BELOW,median_baseline,none,1.299942900022767,
14758918,3,BELOW,mean_baseline,none,1.3146550548697609,
14758918,3,BELOW,median_baseline,none,1.299942900022767,
14758922,3,BELOW,mean_baseline,none,1.3146550548697609,
14758922,3,BELOW,median_baseline,none,1.299942900022767,
14758971,3,IN-RANGE,mean_baseline,none,1.3146550548697609,0.6020599913279624
14758971,3,IN-RANGE,median_baseline,none,1.299942900022767,0.6020599913279624
14758990,3,IN-RANGE,mean_baseline,none,1.3146550548697609,0.6020599913279624
14758990,3,IN-RANGE,median_baseline,none,1.299942900022767,0.6020599913279624
14759774,3,IN-RANGE,mean_baseline,none,1.3146550548697609,0.6503075231319364
14759774,3,IN-RANGE,median_baseline,none,1.299942900022767,0.6503075231319364
14759791,3,IN-RANGE,mean_baseline,none,1.3146550548697609,0.6803355134145632
14759791,3,IN-RANGE,median_baseline,none,1.299942900022767,0.6803355134145632
14759811,3,IN-RANGE,mean_baseline,none,1.3146550548697609,0.6989700043360189
14759811,3,IN-RANGE,median_baseline,none,1.299942900022767,0.6989700043360189
14759812,3,IN-RANGE,mean_baseline,none,1.3146550548697609,0.6989700043360189
14759812,3,IN-RANGE,median_baseline,none,1.299942900022767,0.6989700043360189
14759824,3,IN-RANGE,mean_baseline,none,1.3146550548697609,0.6989700043360189
14759824,3,IN-RANGE,median_baseline,none,1.299942900022767,0.6989700043360189
14759847,3,IN-RANGE,mean_baseline,none,1.3146550548697609,0.7201593034059569
14759847,3,IN-RANGE,median_baseline,none,1.299942900022767,0.7201593034059569
14759848,3,IN-RANGE,mean_baseline,none,1.3146550548697609,0.7201593034059569
14759848,3,IN-RANGE,median_baseline,none,1.299942900022767,0.7201593034059569
14759861,3,IN-RANGE,mean_baseline,none,1.3146550548697609,0.7403626894942439
14759861,3,IN-RANGE,median_baseline,none,1.299942900022767,0.7403626894942439
14759874,3,IN-RANGE,mean_baseline,none,1.3146550548697609,0.7596678446896304
14759874,3,IN-RANGE,median_baseline,none,1.299942900022767,0.7596678446896304
14759894,3,IN-RANGE,mean_baseline,none,1.3146550548697609,0.7781512503836436
14759894,3,IN-RANGE,median_baseline,none,1.299942900022767,0.7781512503836436
14759897,3,IN-RANGE,mean_baseline,none,1.3146550548697609,0.7781512503836436
14759897,3,IN-RANGE,median_baseline,none,1.299942900022767,0.7781512503836436
14759900,3,IN-RANGE,mean_baseline,none,1.3146550548697609,0.7781512503836436
14759900,3,IN-RANGE,median_baseline,none,1.299942900022767,0.7781512503836436
14759930,3,IN-RANGE,mean_baseline,none,1.3146550548697609,0.8000293592441343
14759930,3,IN-RANGE,median_baseline,none,1.299942900022767,0.8000293592441343
14759931,3,IN-RANGE,mean_baseline,none,1.3146550548697609,0.8000293592441343
14759931,3,IN-RANGE,median_baseline,none,1.299942900022767,0.8000293592441343
14759933,3,IN-RANGE,mean_baseline,none,1.3146550548697609,0.8000293592441343
14759933,3,IN-RANGE,median_baseline,none,1.299942900022767,0.8000293592441343
14759937,3,IN-RANGE,mean_baseline,none,1.3146550548697609,0.8102325179950841
14759937,3,IN-RANGE,median_baseline,none,1.299942900022767,0.8102325179950841
14759944,3,IN-RANGE,mean_baseline,none,1.3146550548697609,0.8241258339165489
14759944,3,IN-RANGE,median_baseline,none,1.299942900022767,0.8241258339165489
14759971,3,IN-RANGE,mean_baseline,none,1.3146550548697609,0.8450980400142568
14759971,3,IN-RANGE,median_baseline,none,1.299942900022767,0.8450980400142568
14759972,3,IN-RANGE,mean_baseline,none,1.3146550548697609,0.8450980400142568
14759972,3,IN-RANGE,median_baseline,none,1.299942900022767,0.8450980400142568
14759975,3,IN-RANGE,mean_baseline,none,1.3146550548697609,0.8450980400142568
14759975,3,IN-RANGE,median_baseline,none,1.299942900022767,0.8450980400142568
14759977,3,IN-RANGE,mean_baseline,none,1.3146550548697609,0.8450980400142568
14759977,3,IN-RANGE,median_baseline,none,1.299942900022767,0.8450980400142568
14759978,3,IN-RANGE,mean_baseline,none,1.3146550548697609,0.8450980400142568
14759978,3,IN-RANGE,median_baseline,none,1.299942900022767,0.8450980400142568
14759979,3,IN-RANGE,mean_baseline,none,1.3146550548697609,0.8450980400142568
14759979,3,IN-RANGE,median_baseline,none,1.299942900022767,0.8450980400142568
14759981,3,IN-RANGE,mean_baseline,none,1.3146550548697609,0.8450980400142568
14759981,3,IN-RANGE,median_baseline,none,1.299942900022767,0.8450980400142568
14759999,3,IN-RANGE,mean_baseline,none,1.3146550548697609,0.8698182079793282
14759999,3,IN-RANGE,median_baseline,none,1.299942900022767,0.8698182079793282
14760021,3,IN-RANGE,mean_baseline,none,1.3146550548697609,0.8998205024270963
14760021,3,IN-RANGE,median_baseline,none,1.299942900022767,0.8998205024270963
14760036,3,IN-RANGE,mean_baseline,none,1.3146550548697609,0.9030899869919435
14760036,3,IN-RANGE,median_baseline,none,1.299942900022767,0.9030899869919435
14761129,3,IN-RANGE,mean_baseline,none,1.3146550548697609,0.9030899869919435
14761129,3,IN-RANGE,median_baseline,none,1.299942900022767,0.9030899869919435
14761141,3,IN-RANGE,mean_baseline,none,1.3146550548697609,0.9294189257142927
14761141,3,IN-RANGE,median_baseline,none,1.299942900022767,0.9294189257142927
14761156,3,IN-RANGE,mean_baseline,none,1.3146550548697609,0.9400181550076633
14761156,3,IN-RANGE,median_baseline,none,1.299942900022767,0.9400181550076633
14761162,3,IN-RANGE,mean_baseline,none,1.3146550548697609,0.9498777040368748
14761162,3,IN-RANGE,median_baseline,none,1.299942900022767,0.9498777040368748
14761169,3,IN-RANGE,mean_baseline,none,1.3146550548697609,0.9542425094393249
14761169,3,IN-RANGE,median_baseline,none,1.299942900022767,0.9542425094393249
14761172,3,IN-RANGE,mean_baseline,none,1.3146550548697609,0.9542425094393249
14761172,3,IN-RANGE,median_baseline,none,1.299942900022767,0.9542425094393249
14761173,3,IN-RANGE,mean_baseline,none,1.3146550548697609,0.9542425094393249
14761173,3,IN-RANGE,median_baseline,none,1.299942900022767,0.9542425094393249
14761180,3,IN-RANGE,mean_baseline,none,1.3146550548697609,0.9542425094393249
14761180,3,IN-RANGE,median_baseline,none,1.299942900022767,0.9542425094393249
14761197,3,IN-RANGE,mean_baseline,none,1.3146550548697609,0.9698816437465
14761197,3,IN-RANGE,median_baseline,none,1.299942900022767,0.9698816437465
14761199,3,IN-RANGE,mean_baseline,none,1.3146550548697609,0.9777236052888477
14761199,3,IN-RANGE,median_baseline,none,1.299942900022767,0.9777236052888477
14761211,3,IN-RANGE,mean_baseline,none,1.3146550548697609,0.989894563718773
14761211,3,IN-RANGE,median_baseline,none,1.299942900022767,0.989894563718773
14761228,3,IN-RANGE,mean_baseline,none,1.3146550548697609,1.0
14761228,3,IN-RANGE,median_baseline,none,1.299942900022767,1.0
14761233,3,IN-RANGE,mean_baseline,none,1.3146550548697609,1.0
14761233,3,IN-RANGE,median_baseline,none,1.299942900022767,1.0
14761261,3,IN-RANGE,mean_baseline,none,1.3146550548697609,1.0301947853567512
14761261,3,IN-RANGE,median_baseline,none,1.299942900022767,1.0301947853567512
14761266,3,IN-RANGE,mean_baseline,none,1.3146550548697609,1.0398105541483504
14761266,3,IN-RANGE,median_baseline,none,1.299942900022767,1.0398105541483504
14761283,3,IN-RANGE,mean_baseline,none,1.3146550548697609,1.0413926851582251
14761283,3,IN-RANGE,median_baseline,none,1.299942900022767,1.0413926851582251
14761285,3,IN-RANGE,mean_baseline,none,1.3146550548697609,1.0413926851582251
14761285,3,IN-RANGE,median_baseline,none,1.299942900022767,1.0413926851582251
14761289,3,IN-RANGE,mean_baseline,none,1.3146550548697609,1.0499928569201427
14761289,3,IN-RANGE,median_baseline,none,1.299942900022767,1.0499928569201427
14761290,3,IN-RANGE,mean_baseline,none,1.3146550548697609,1.0499928569201427
14761290,3,IN-RANGE,median_baseline,none,1.299942900022767,1.0499928569201427
14761302,3,IN-RANGE,mean_baseline,none,1.3146550548697609,1.070037866607755
14761302,3,IN-RANGE,median_baseline,none,1.299942900022767,1.070037866607755
14761311,3,IN-RANGE,mean_baseline,none,1.3146550548697609,1.0791812460476249
14761311,3,IN-RANGE,median_baseline,none,1.299942900022767,1.0791812460476249
14761321,3,IN-RANGE,mean_baseline,none,1.3146550548697609,1.0791812460476249
14761321,3,IN-RANGE,median_baseline,none,1.299942900022767,1.0791812460476249
14761331,3,IN-RANGE,mean_baseline,none,1.3146550548697609,1.0799044676667207
14761331,3,IN-RANGE,median_baseline,none,1.299942900022767,1.0799044676667207
14761357,3,IN-RANGE,mean_baseline,none,1.3146550548697609,1.1099158630237933
14761357,3,IN-RANGE,median_baseline,none,1.299942900022767,1.1099158630237933
14761370,3,IN-RANGE,mean_baseline,none,1.3146550548697609,1.1139433523068367
14761370,3,IN-RANGE,median_baseline,none,1.299942900022767,1.1139433523068367
14761371,3,IN-RANGE,mean_baseline,none,1.3146550548697609,1.1139433523068367
14761371,3,IN-RANGE,median_baseline,none,1.299942900022767,1.1139433523068367
14761386,3,IN-RANGE,mean_baseline,none,1.3146550548697609,1.1300119496719043
14761386,3,IN-RANGE,median_baseline,none,1.299942900022767,1.1300119496719043
14762210,3,IN-RANGE,mean_baseline,none,1.3146550548697609,1.130333768495006
14762210,3,IN-RANGE,median_baseline,none,1.299942900022767,1.130333768495006
14762229,3,IN-RANGE,mean_baseline,none,1.3146550548697609,1.146128035678238
14762229,3,IN-RANGE,median_baseline,none,1.299942900022767,1.146128035678238
14762234,3,IN-RANGE,mean_baseline,none,1.3146550548697609,1.146128035678238
14762234,3,IN-RANGE,median_baseline,none,1.299942900022767,1.146128035678238
14762235,3,IN-RANGE,mean_baseline,none,1.3146550548697609,1.146128035678238
14762235,3,IN-RANGE,median_baseline,none,1.299942900022767,1.146128035678238
14762253,3,IN-RANGE,mean_baseline,none,1.3146550548697609,1.1598678470925667
14762253,3,IN-RANGE,median_baseline,none,1.299942900022767,1.1598678470925667
14762271,3,IN-RANGE,mean_baseline,none,1.3146550548697609,1.1760912590556813
14762271,3,IN-RANGE,median_baseline,none,1.299942900022767,1.1760912590556813
14762276,3,IN-RANGE,mean_baseline,none,1.3146550548697609,1.1760912590556813
14762276,3,IN-RANGE,median_baseline,none,1.299942900022767,1.1760912590556813
14762283,3,IN-RANGE,mean_baseline,none,1.3146550548697609,1.180125875164054
14762283,3,IN-RANGE,median_baseline,none,1.299942900022767,1.180125875164054
14762292,3,IN-RANGE,mean_baseline,none,1.3146550548697609,1.19506899646859
14762292,3,IN-RANGE,median_baseline,none,1.299942900022767,1.19506899646859
14762295,3,IN-RANGE,mean_baseline,none,1.3146550548697609,1.2000292665537702
14762295,3,IN-RANGE,median_baseline,none,1.299942900022767,1.2000292665537702
14762296,3,IN-RANGE,mean_baseline,none,1.3146550548697609,1.2000292665537702
14762296,3,IN-RANGE,median_baseline,none,1.299942900022767,1.2000292665537702
14762304,3,IN-RANGE,mean_baseline,none,1.3146550548697609,1.2041199826559248
14762304,3,IN-RANGE,median_baseline,none,1.299942900022767,1.2041199826559248
14762336,3,IN-RANGE,mean_baseline,none,1.3146550548697609,1.2387985627139169
14762336,3,IN-RANGE,median_baseline,none,1.299942900022767,1.2387985627139169
14762346,3,IN-RANGE,mean_baseline,none,1.3146550548697609,1.2400497721126476
14762346,3,IN-RANGE,median_baseline,none,1.299942900022767,1.2400497721126476
14762348,3,IN-RANGE,mean_baseline,none,1.3146550548697609,1.2430380486862944
14762348,3,IN-RANGE,median_baseline,none,1.299942900022767,1.2430380486862944
14762355,3,IN-RANGE,mean_baseline,none,1.3146550548697609,1.249931756634195
14762355,3,IN-RANGE,median_baseline,none,1.299942900022767,1.249931756634195
14762388,3,IN-RANGE,mean_baseline,none,1.3146550548697609,1.2787536009528289
14762388,3,IN-RANGE,median_baseline,none,1.299942900022767,1.2787536009528289
14762424,3,IN-RANGE,mean_baseline,none,1.3146550548697609,1.3010299956639813
14762424,3,IN-RANGE,median_baseline,none,1.299942900022767,1.3010299956639813
14762462,3,IN-RANGE,mean_baseline,none,1.3146550548697609,1.330007700872759
14762462,3,IN-RANGE,median_baseline,none,1.299942900022767,1.330007700872759
14762463,3,IN-RANGE,mean_baseline,none,1.3146550548697609,1.330007700872759
14762463,3,IN-RANGE,median_baseline,none,1.299942900022767,1.330007700872759
14763276,3,IN-RANGE,mean_baseline,none,1.3146550548697609,1.3729120029701065
14763276,3,IN-RANGE,median_baseline,none,1.299942900022767,1.3729120029701065
14763295,3,IN-RANGE,mean_baseline,none,1.3146550548697609,1.3900514964589872
14763295,3,IN-RANGE,median_baseline,none,1.299942900022767,1.3900514964589872
14763296,3,IN-RANGE,mean_baseline,none,1.3146550548697609,1.3900514964589872
14763296,3,IN-RANGE,median_baseline,none,1.299942900022767,1.3900514964589872
14763298,3,IN-RANGE,mean_baseline,none,1.3146550548697609,1.3900514964589872
14763298,3,IN-RANGE,median_baseline,none,1.299942900022767,1.3900514964589872
14763323,3,IN-RANGE,mean_baseline,none,1.3146550548697609,1.414973347970818
14763323,3,IN-RANGE,median_baseline,none,1.299942900022767,1.414973347970818
14763344,3,IN-RANGE,mean_baseline,none,1.3146550548697609,1.4313637641589874
14763344,3,IN-RANGE,median_baseline,none,1.299942900022767,1.4313637641589874
14763347,3,IN-RANGE,mean_baseline,none,1.3146550548697609,1.4313637641589874
14763347,3,IN-RANGE,median_baseline,none,1.299942900022767,1.4313637641589874
14763348,3,IN-RANGE,mean_baseline,none,1.3146550548697609,1.4313637641589874
14763348,3,IN-RANGE,median_baseline,none,1.299942900022767,1.4313637641589874
14763352,3,IN-RANGE,mean_baseline,none,1.3146550548697609,1.4393326938302626
14763352,3,IN-RANGE,median_baseline,none,1.299942900022767,1.4393326938302626
14763369,3,IN-RANGE,mean_baseline,none,1.3146550548697609,1.4471580313422192
14763369,3,IN-RANGE,median_baseline,none,1.299942900022767,1.4471580313422192
14763376,3,IN-RANGE,mean_baseline,none,1.3146550548697609,1.4499409887733377
14763376,3,IN-RANGE,median_baseline,none,1.299942900022767,1.4499409887733377
14763386,3,IN-RANGE,mean_baseline,none,1.3146550548697609,1.462397997898956
14763386,3,IN-RANGE,median_baseline,none,1.299942900022767,1.462397997898956
14763387,3,IN-RANGE,mean_baseline,none,1.3146550548697609,1.462397997898956
14763387,3,IN-RANGE,median_baseline,none,1.299942900022767,1.462397997898956
14763394,3,IN-RANGE,mean_baseline,none,1.3146550548697609,1.4699692094999595
14763394,3,IN-RANGE,median_baseline,none,1.299942900022767,1.4699692094999595
14763402,3,IN-RANGE,mean_baseline,none,1.3146550548697609,1.478999131673357
14763402,3,IN-RANGE,median_baseline,none,1.299942900022767,1.478999131673357
14763407,3,IN-RANGE,mean_baseline,none,1.3146550548697609,1.4800069429571505
14763407,3,IN-RANGE,median_baseline,none,1.299942900022767,1.4800069429571505
14763408,3,IN-RANGE,mean_baseline,none,1.3146550548697609,1.4800069429571505
14763408,3,IN-RANGE,median_baseline,none,1.299942900022767,1.4800069429571505
14763409,3,IN-RANGE,mean_baseline,none,1.3146550548697609,1.4818724103106635
14763409,3,IN-RANGE,median_baseline,none,1.299942900022767,1.4818724103106635
14763411,3,IN-RANGE,mean_baseline,none,1.3146550548697609,1.4842998393467859
14763411,3,IN-RANGE,median_baseline,none,1.299942900022767,1.4842998393467859
14763412,3,IN-RANGE,mean_baseline,none,1.3146550548697609,1.4842998393467859
14763412,3,IN-RANGE,median_baseline,none,1.299942900022767,1.4842998393467859
14763424,3,IN-RANGE,mean_baseline,none,1.3146550548697609,1.4913616938342726
14763424,3,IN-RANGE,median_baseline,none,1.299942900022767,1.4913616938342726
14763430,3,IN-RANGE,mean_baseline,none,1.3146550548697609,1.4999618655961902
14763430,3,IN-RANGE,median_baseline,none,1.299942900022767,1.4999618655961902
14763446,3,IN-RANGE,mean_baseline,none,1.3146550548697609,1.5185139398778875
14763446,3,IN-RANGE,median_baseline,none,1.299942900022767,1.5185139398778875
14763455,3,IN-RANGE,mean_baseline,none,1.3146550548697609,1.5299434016586693
14763455,3,IN-RANGE,median_baseline,none,1.299942900022767,1.5299434016586693
14763464,3,IN-RANGE,mean_baseline,none,1.3146550548697609,1.5399538416563967
14763464,3,IN-RANGE,median_baseline,none,1.299942900022767,1.5399538416563967
14763473,3,IN-RANGE,mean_baseline,none,1.3146550548697609,1.5440680443502757
14763473,3,IN-RANGE,median_baseline,none,1.299942900022767,1.5440680443502757
14763475,3,IN-RANGE,mean_baseline,none,1.3146550548697609,1.5440680443502757
14763475,3,IN-RANGE,median_baseline,none,1.299942900022767,1.5440680443502757
14763476,3,IN-RANGE,mean_baseline,none,1.3146550548697609,1.5440680443502757
14763476,3,IN-RANGE,median_baseline,none,1.299942900022767,1.5440680443502757
14763489,3,IN-RANGE,mean_baseline,none,1.3146550548697609,1.5563025007672873
14763489,3,IN-RANGE,median_baseline,none,1.299942900022767,1.5563025007672873
14763495,3,IN-RANGE,mean_baseline,none,1.3146550548697609,1.5600262489128924
14763495,3,IN-RANGE,median_baseline,none,1.299942900022767,1.5600262489128924
14764294,3,IN-RANGE,mean_baseline,none,1.3146550548697609,1.5899496013257077
14764294,3,IN-RANGE,median_baseline,none,1.299942900022767,1.5899496013257077
14764295,3,IN-RANGE,mean_baseline,none,1.3146550548697609,1.5899496013257077
14764295,3,IN-RANGE,median_baseline,none,1.299942900022767,1.5899496013257077
14764305,3,IN-RANGE,mean_baseline,none,1.3146550548697609,1.600210306409328
14764305,3,IN-RANGE,median_baseline,none,1.299942900022767,1.600210306409328
14764310,3,IN-RANGE,mean_baseline,none,1.3146550548697609,1.6074550232146685
14764310,3,IN-RANGE,median_baseline,none,1.299942900022767,1.6074550232146685
14764325,3,IN-RANGE,mean_baseline,none,1.3146550548697609,1.6200318951262973
14764325,3,IN-RANGE,median_baseline,none,1.299942900022767,1.6200318951262973
14764329,3,IN-RANGE,mean_baseline,none,1.3146550548697609,1.6232492903979006
14764329,3,IN-RANGE,median_baseline,none,1.299942900022767,1.6232492903979006
14764331,3,IN-RANGE,mean_baseline,none,1.3146550548697609,1.6232492903979006
14764331,3,IN-RANGE,median_baseline,none,1.299942900022767,1.6232492903979006
14764332,3,IN-RANGE,mean_baseline,none,1.3146550548697609,1.6232492903979006
14764332,3,IN-RANGE,median_baseline,none,1.299942900022767,1.6232492903979006
14764380,3,IN-RANGE,mean_baseline,none,1.3146550548697609,1.6699673699085043
14764380,3,IN-RANGE,median_baseline,none,1.299942900022767,1.6699673699085043
14764388,3,IN-RANGE,mean_baseline,none,1.3146550548697609,1.6872613462435064
14764388,3,IN-RANGE,median_baseline,none,1.299942900022767,1.6872613462435064
14764405,3,IN-RANGE,mean_baseline,none,1.3146550548697609,1.7032913781186614
14764405,3,IN-RANGE,median_baseline,none,1.299942900022767,1.7032913781186614
14764415,3,IN-RANGE,mean_baseline,none,1.3146550548697609,1.7100326990657535
14764415,3,IN-RANGE,median_baseline,none,1.299942900022767,1.7100326990657535
14764438,3,IN-RANGE,mean_baseline,none,1.3146550548697609,1.7363965022766426
14764438,3,IN-RANGE,median_baseline,none,1.299942900022767,1.7363965022766426
14764474,3,IN-RANGE,mean_baseline,none,1.3146550548697609,1.7708520116421442
14764474,3,IN-RANGE,median_baseline,none,1.299942900022767,1.7708520116421442
14764496,3,IN-RANGE,mean_baseline,none,1.3146550548697609,1.7993405494535817
14764496,3,IN-RANGE,median_baseline,none,1.299942900022767,1.7993405494535817
14764505,3,IN-RANGE,mean_baseline,none,1.3146550548697609,1.806179973983887
14764505,3,IN-RANGE,median_baseline,none,1.299942900022767,1.806179973983887
14764513,3,IN-RANGE,mean_baseline,none,1.3146550548697609,1.8100307864058394
14764513,3,IN-RANGE,median_baseline,none,1.299942900022767,1.8100307864058394
14764519,3,IN-RANGE,mean_baseline,none,1.3146550548697609,1.8195439355418688
14764519,3,IN-RANGE,median_baseline,none,1.299942900022767,1.8195439355418688
14764523,3,IN-RANGE,mean_baseline,none,1.3146550548697609,1.8195439355418688
14764523,3,IN-RANGE,median_baseline,none,1.299942900022767,1.8195439355418688
14764530,3,IN-RANGE,mean_baseline,none,1.3146550548697609,1.8200043068083178
14764530,3,IN-RANGE,median_baseline,none,1.299942900022767,1.8200043068083178
14764536,3,IN-RANGE,mean_baseline,none,1.3146550548697609,1.8300109359361179
14764536,3,IN-RANGE,median_baseline,none,1.299942900022767,1.8300109359361179
14764538,3,IN-RANGE,mean_baseline,none,1.3146550548697609,1.8325089127062364
14764538,3,IN-RANGE,median_baseline,none,1.299942900022767,1.8325089127062364
14765314,3,IN-RANGE,mean_baseline,none,1.3146550548697609,1.8388490907372552
14765314,3,IN-RANGE,median_baseline,none,1.299942900022767,1.8388490907372552
14765333,3,IN-RANGE,mean_baseline,none,1.3146550548697609,1.8573324964312685
14765333,3,IN-RANGE,median_baseline,none,1.299942900022767,1.8573324964312685
14765365,3,IN-RANGE,mean_baseline,none,1.3146550548697609,1.8899736384039962
14765365,3,IN-RANGE,median_baseline,none,1.299942900022767,1.8899736384039962
14765380,3,IN-RANGE,mean_baseline,none,1.3146550548697609,1.9138138523837167
14765380,3,IN-RANGE,median_baseline,none,1.299942900022767,1.9138138523837167
14765385,3,IN-RANGE,mean_baseline,none,1.3146550548697609,1.920018916028915
14765385,3,IN-RANGE,median_baseline,none,1.299942900022767,1.920018916028915
14765386,3,IN-RANGE,mean_baseline,none,1.3146550548697609,1.9233994661587164
14765386,3,IN-RANGE,median_baseline,none,1.299942900022767,1.9233994661587164
14765405,3,IN-RANGE,mean_baseline,none,1.3146550548697609,1.9400181550076632
14765405,3,IN-RANGE,median_baseline,none,1.299942900022767,1.9400181550076632
14765424,3,IN-RANGE,mean_baseline,none,1.3146550548697609,1.9700212658283658
14765424,3,IN-RANGE,median_baseline,none,1.299942900022767,1.9700212658283658
14765431,3,IN-RANGE,mean_baseline,none,1.3146550548697609,1.9800033715837464
14765431,3,IN-RANGE,median_baseline,none,1.299942900022767,1.9800033715837464
14765435,3,IN-RANGE,mean_baseline,none,1.3146550548697609,1.989983458301399
14765435,3,IN-RANGE,median_baseline,none,1.299942900022767,1.989983458301399
14765462,3,IN-RANGE,mean_baseline,none,1.3146550548697609,2.019988159591285
14765462,3,IN-RANGE,median_baseline,none,1.299942900022767,2.019988159591285
14765486,3,IN-RANGE,mean_baseline,none,1.3146550548697609,2.0499928569201424
14765486,3,IN-RANGE,median_baseline,none,1.299942900022767,2.0499928569201424
14765499,3,IN-RANGE,mean_baseline,none,1.3146550548697609,2.070000903802345
14765499,3,IN-RANGE,median_baseline,none,1.299942900022767,2.070000903802345
14765504,3,IN-RANGE,mean_baseline,none,1.3146550548697609,2.0791812460476247
14765504,3,IN-RANGE,median_baseline,none,1.299942900022767,2.0791812460476247
14765508,3,IN-RANGE,mean_baseline,none,1.3146550548697609,2.0800128471079278
14765508,3,IN-RANGE,median_baseline,none,1.299942900022767,2.0800128471079278
14765520,3,IN-RANGE,mean_baseline,none,1.3146550548697609,2.0999912335446846
14765520,3,IN-RANGE,median_baseline,none,1.299942900022767,2.0999912335446846
14765561,3,IN-RANGE,mean_baseline,none,1.3146550548697609,2.159988050381987
14765561,3,IN-RANGE,median_baseline,none,1.299942900022767,2.159988050381987
14765563,3,IN-RANGE,mean_baseline,none,1.3146550548697609,2.164352855784437
14765563,3,IN-RANGE,median_baseline,none,1.299942900022767,2.164352855784437
14766490,3,ABOVE,mean_baseline,none,1.3146550548697609,
14766490,3,ABOVE,median_baseline,none,1.299942900022767,
14766494,3,ABOVE,mean_baseline,none,1.3146550548697609,
14766494,3,ABOVE,median_baseline,none,1.299942900022767,
14766500,3,ABOVE,mean_baseline,none,1.3146550548697609,
14766500,3,ABOVE,median_baseline,none,1.299942900022767,
14766502,3,ABOVE,mean_baseline,none,1.3146550548697609,
14766502,3,ABOVE,median_baseline,none,1.299942900022767,
14766505,3,ABOVE,mean_baseline,none,1.3146550548697609,
14766505,3,ABOVE,median_baseline,none,1.299942900022767,
14766510,3,ABOVE,mean_baseline,none,1.3146550548697609,
14766510,3,ABOVE,median_baseline,none,1.299942900022767,
14766515,3,ABOVE,mean_baseline,none,1.3146550548697609,
14766515,3,ABOVE,median_baseline,none,1.299942900022767,
14766520,3,ABOVE,mean_baseline,none,1.3146550548697609,
14766520,3,ABOVE,median_baseline,none,1.299942900022767,
14766521,3,ABOVE,mean_baseline,none,1.3146550548697609,
14766521,3,ABOVE,median_baseline,none,1.299942900022767,
14766524,3,ABOVE,mean_baseline,none,1.3146550548697609,
14766524,3,ABOVE,median_baseline,none,1.299942900022767,
14766526,3,ABOVE,mean_baseline,none,1.3146550548697609,
14766526,3,ABOVE,median_baseline,none,1.299942900022767,
14766528,3,ABOVE,mean_baseline,none,1.3146550548697609,
14766528,3,ABOVE,median_baseline,none,1.299942900022767,
14766533,3,ABOVE,mean_baseline,none,1.3146550548697609,
14766533,3,ABOVE,median_baseline,none,1.299942900022767,
14766535,3,ABOVE,mean_baseline,none,1.3146550548697609,
14766535,3,ABOVE,median_baseline,none,1.299942900022767,
14766537,3,ABOVE,mean_baseline,none,1.3146550548697609,
14766537,3,ABOVE,median_baseline,none,1.299942900022767,
14766540,3,ABOVE,mean_baseline,none,1.3146550548697609,
14766540,3,ABOVE,median_baseline,none,1.299942900022767,
14766548,3,ABOVE,mean_baseline,none,1.3146550548697609,
14766548,3,ABOVE,median_baseline,none,1.299942900022767,
14769815,3,BELOW,mean_baseline,none,1.3146550548697609,
14769815,3,BELOW,median_baseline,none,1.299942900022767,
14769832,3,BELOW,mean_baseline,none,1.3146550548697609,
14769832,3,BELOW,median_baseline,none,1.299942900022767,
14769842,3,BELOW,mean_baseline,none,1.3146550548697609,
14769842,3,BELOW,median_baseline,none,1.299942900022767,
14769849,3,BELOW,mean_baseline,none,1.3146550548697609,
14769849,3,BELOW,median_baseline,none,1.299942900022767,
14769855,3,BELOW,mean_baseline,none,1.3146550548697609,
14769855,3,BELOW,median_baseline,none,1.299942900022767,
14769856,3,BELOW,mean_baseline,none,1.3146550548697609,
14769856,3,BELOW,median_baseline,none,1.299942900022767,
14769862,3,BELOW,mean_baseline,none,1.3146550548697609,
14769862,3,BELOW,median_baseline,none,1.299942900022767,
14769877,3,BELOW,mean_baseline,none,1.3146550548697609,
14769877,3,BELOW,median_baseline,none,1.299942900022767,
14769880,3,BELOW,mean_baseline,none,1.3146550548697609,
14769880,3,BELOW,median_baseline,none,1.299942900022767,
14769884,3,BELOW,mean_baseline,none,1.3146550548697609,
14769884,3,BELOW,median_baseline,none,1.299942900022767,
14769885,3,BELOW,mean_baseline,none,1.3146550548697609,
14769885,3,BELOW,median_baseline,none,1.299942900022767,
14758721,3,BELOW,Ridge,descriptors,1.2625373648263907,
14758726,3,BELOW,Ridge,descriptors,1.1868256316532007,
14758727,3,BELOW,Ridge,descriptors,1.1441499067741443,
14758728,3,BELOW,Ridge,descriptors,1.22514284655135,
14758732,3,BELOW,Ridge,descriptors,1.1592411547316999,
14758733,3,BELOW,Ridge,descriptors,1.150858121595552,
14758739,3,BELOW,Ridge,descriptors,1.392325452878227,
14758741,3,BELOW,Ridge,descriptors,1.299303639135158,
14758744,3,BELOW,Ridge,descriptors,1.3902874060243722,
14758747,3,BELOW,Ridge,descriptors,1.2764647226691566,
14758748,3,BELOW,Ridge,descriptors,1.124719823751079,
14758754,3,BELOW,Ridge,descriptors,1.3902874060243722,
14758761,3,BELOW,Ridge,descriptors,1.2716904732243481,
14758769,3,BELOW,Ridge,descriptors,1.1822456731783444,
14758773,3,BELOW,Ridge,descriptors,1.2925686421104061,
14758776,3,BELOW,Ridge,descriptors,1.3214893808039934,
14758781,3,BELOW,Ridge,descriptors,1.3150371444782396,
14758796,3,BELOW,Ridge,descriptors,1.1372557412314988,
14758798,3,BELOW,Ridge,descriptors,1.4217550452373455,
14758800,3,BELOW,Ridge,descriptors,1.458852368464368,
14758829,3,BELOW,Ridge,descriptors,1.128724310196037,
14758832,3,BELOW,Ridge,descriptors,1.218360806045021,
14758835,3,BELOW,Ridge,descriptors,1.3214566952263278,
14758837,3,BELOW,Ridge,descriptors,1.2703775845313818,
14758839,3,BELOW,Ridge,descriptors,1.2463736626823587,
14758841,3,BELOW,Ridge,descriptors,1.2799777349367296,
14758843,3,BELOW,Ridge,descriptors,1.28275903183664,
14758850,3,BELOW,Ridge,descriptors,1.2288367133287694,
14758851,3,BELOW,Ridge,descriptors,1.392325452878227,
14758853,3,BELOW,Ridge,descriptors,1.109366911582002,
14758854,3,BELOW,Ridge,descriptors,1.3923254528782267,
14758861,3,BELOW,Ridge,descriptors,1.2735817622924974,
14758864,3,BELOW,Ridge,descriptors,1.2562129106850295,
14758869,3,BELOW,Ridge,descriptors,1.2716904732243481,
14758872,3,BELOW,Ridge,descriptors,1.2444170876346479,
14758879,3,BELOW,Ridge,descriptors,1.3154399367487437,
14758884,3,BELOW,Ridge,descriptors,1.2706090530782284,
14758899,3,BELOW,Ridge,descriptors,1.16966221418596,
14758905,3,BELOW,Ridge,descriptors,1.3561050080924728,
14758906,3,BELOW,Ridge,descriptors,1.3767003865818512,
14758907,3,BELOW,Ridge,descriptors,1.376700386581851,
14758912,3,BELOW,Ridge,descriptors,1.1180082569699161,
14758918,3,BELOW,Ridge,descriptors,1.237944248695161,
14758922,3,BELOW,Ridge,descriptors,1.1445313387195442,
14758971,3,IN-RANGE,Ridge,descriptors,1.3369638265382198,0.6020599913279624
14758990,3,IN-RANGE,Ridge,descriptors,1.379439631185171,0.6020599913279624
14759774,3,IN-RANGE,Ridge,descriptors,1.1360442549333432,0.6503075231319364
14759791,3,IN-RANGE,Ridge,descriptors,0.9492175336630708,0.6803355134145632
14759811,3,IN-RANGE,Ridge,descriptors,1.2215994450562437,0.6989700043360189
14759812,3,IN-RANGE,Ridge,descriptors,1.3583623575096682,0.6989700043360189
14759824,3,IN-RANGE,Ridge,descriptors,1.2827739914817882,0.6989700043360189
14759847,3,IN-RANGE,Ridge,descriptors,1.2956801954657868,0.7201593034059569
14759848,3,IN-RANGE,Ridge,descriptors,1.1870643402254901,0.7201593034059569
14759861,3,IN-RANGE,Ridge,descriptors,1.2991641821027855,0.7403626894942439
14759874,3,IN-RANGE,Ridge,descriptors,1.1741730553570484,0.7596678446896304
14759894,3,IN-RANGE,Ridge,descriptors,1.251723767135762,0.7781512503836436
14759897,3,IN-RANGE,Ridge,descriptors,1.281573125864031,0.7781512503836436
14759900,3,IN-RANGE,Ridge,descriptors,1.289055629842833,0.7781512503836436
14759930,3,IN-RANGE,Ridge,descriptors,1.115910341482148,0.8000293592441343
14759931,3,IN-RANGE,Ridge,descriptors,1.1843044241712113,0.8000293592441343
14759933,3,IN-RANGE,Ridge,descriptors,1.1605567481494292,0.8000293592441343
14759937,3,IN-RANGE,Ridge,descriptors,1.2690136906993268,0.8102325179950841
14759944,3,IN-RANGE,Ridge,descriptors,1.4706741958007516,0.8241258339165489
14759971,3,IN-RANGE,Ridge,descriptors,1.1971063991081365,0.8450980400142568
14759972,3,IN-RANGE,Ridge,descriptors,1.2602410999045814,0.8450980400142568
14759975,3,IN-RANGE,Ridge,descriptors,1.279092765871844,0.8450980400142568
14759977,3,IN-RANGE,Ridge,descriptors,1.254918549331287,0.8450980400142568
14759978,3,IN-RANGE,Ridge,descriptors,1.3365741289640232,0.8450980400142568
14759979,3,IN-RANGE,Ridge,descriptors,1.3382805041746129,0.8450980400142568
14759981,3,IN-RANGE,Ridge,descriptors,1.28275903183664,0.8450980400142568
14759999,3,IN-RANGE,Ridge,descriptors,1.2546671567512464,0.8698182079793282
14760021,3,IN-RANGE,Ridge,descriptors,1.1648662708100237,0.8998205024270963
14760036,3,IN-RANGE,Ridge,descriptors,1.3242171136150278,0.9030899869919435
14761129,3,IN-RANGE,Ridge,descriptors,1.3271377306568402,0.9030899869919435
14761141,3,IN-RANGE,Ridge,descriptors,1.167710189546375,0.9294189257142927
14761156,3,IN-RANGE,Ridge,descriptors,1.1957641866995186,0.9400181550076633
14761162,3,IN-RANGE,Ridge,descriptors,1.2399014789107101,0.9498777040368748
14761169,3,IN-RANGE,Ridge,descriptors,1.4820665680352845,0.9542425094393249
14761172,3,IN-RANGE,Ridge,descriptors,1.3011983757992025,0.9542425094393249
14761173,3,IN-RANGE,Ridge,descriptors,1.3269887100254891,0.9542425094393249
14761180,3,IN-RANGE,Ridge,descriptors,1.4908703685464928,0.9542425094393249
14761197,3,IN-RANGE,Ridge,descriptors,1.4078243050907415,0.9698816437465
14761199,3,IN-RANGE,Ridge,descriptors,1.2963851115894511,0.9777236052888477
14761211,3,IN-RANGE,Ridge,descriptors,1.2985483533124256,0.989894563718773
14761228,3,IN-RANGE,Ridge,descriptors,1.2863979088377488,1.0
14761233,3,IN-RANGE,Ridge,descriptors,1.2128503856000605,1.0
14761261,3,IN-RANGE,Ridge,descriptors,1.2128503856000605,1.0301947853567512
14761266,3,IN-RANGE,Ridge,descriptors,1.2899059001894122,1.0398105541483504
14761283,3,IN-RANGE,Ridge,descriptors,1.3502530847542962,1.0413926851582251
14761285,3,IN-RANGE,Ridge,descriptors,1.3055741763793964,1.0413926851582251
14761289,3,IN-RANGE,Ridge,descriptors,1.2058211204509046,1.0499928569201427
14761290,3,IN-RANGE,Ridge,descriptors,1.3166542498239076,1.0499928569201427
14761302,3,IN-RANGE,Ridge,descriptors,1.2330621329027218,1.070037866607755
14761311,3,IN-RANGE,Ridge,descriptors,1.2485249858154241,1.0791812460476249
14761321,3,IN-RANGE,Ridge,descriptors,1.2774463200865984,1.0791812460476249
14761331,3,IN-RANGE,Ridge,descriptors,1.2824349025966237,1.0799044676667207
14761357,3,IN-RANGE,Ridge,descriptors,1.384729917569477,1.1099158630237933
14761370,3,IN-RANGE,Ridge,descriptors,1.3683538424398412,1.1139433523068367
14761371,3,IN-RANGE,Ridge,descriptors,1.3683538424398412,1.1139433523068367
14761386,3,IN-RANGE,Ridge,descriptors,1.292456938428532,1.1300119496719043
14762210,3,IN-RANGE,Ridge,descriptors,1.295835932003104,1.130333768495006
14762229,3,IN-RANGE,Ridge,descriptors,1.2853465915662623,1.146128035678238
14762234,3,IN-RANGE,Ridge,descriptors,1.1992245173125196,1.146128035678238
14762235,3,IN-RANGE,Ridge,descriptors,1.4883768658436833,1.146128035678238
14762253,3,IN-RANGE,Ridge,descriptors,1.2144427771551554,1.1598678470925667
14762271,3,IN-RANGE,Ridge,descriptors,1.4254028496642646,1.1760912590556813
14762276,3,IN-RANGE,Ridge,descriptors,1.3587503184938183,1.1760912590556813
14762283,3,IN-RANGE,Ridge,descriptors,1.707824221692035,1.180125875164054
14762292,3,IN-RANGE,Ridge,descriptors,1.278797099125525,1.19506899646859
14762295,3,IN-RANGE,Ridge,descriptors,1.299788143283394,1.2000292665537702
14762296,3,IN-RANGE,Ridge,descriptors,1.2800669285263806,1.2000292665537702
14762304,3,IN-RANGE,Ridge,descriptors,1.3365741289640232,1.2041199826559248
14762336,3,IN-RANGE,Ridge,descriptors,1.342451531378065,1.2387985627139169
14762346,3,IN-RANGE,Ridge,descriptors,1.2836120510921911,1.2400497721126476
14762348,3,IN-RANGE,Ridge,descriptors,1.3498099468993097,1.2430380486862944
14762355,3,IN-RANGE,Ridge,descriptors,1.2204489413162893,1.249931756634195
14762388,3,IN-RANGE,Ridge,descriptors,1.2282922648661452,1.2787536009528289
14762424,3,IN-RANGE,Ridge,descriptors,1.3589737914936242,1.3010299956639813
14762462,3,IN-RANGE,Ridge,descriptors,1.311139260486102,1.330007700872759
14762463,3,IN-RANGE,Ridge,descriptors,1.3398645078504032,1.330007700872759
14763276,3,IN-RANGE,Ridge,descriptors,1.3089341402068881,1.3729120029701065
14763295,3,IN-RANGE,Ridge,descriptors,1.2453182041737987,1.3900514964589872
14763296,3,IN-RANGE,Ridge,descriptors,1.2173221151289955,1.3900514964589872
14763298,3,IN-RANGE,Ridge,descriptors,1.3715907013162356,1.3900514964589872
14763323,3,IN-RANGE,Ridge,descriptors,1.365086910359962,1.414973347970818
14763344,3,IN-RANGE,Ridge,descriptors,1.2647179821336216,1.4313637641589874
14763347,3,IN-RANGE,Ridge,descriptors,1.3198805971954122,1.4313637641589874
14763348,3,IN-RANGE,Ridge,descriptors,1.4451895845104779,1.4313637641589874
14763352,3,IN-RANGE,Ridge,descriptors,1.3405955378358285,1.4393326938302626
14763369,3,IN-RANGE,Ridge,descriptors,1.2657793606696517,1.4471580313422192
14763376,3,IN-RANGE,Ridge,descriptors,1.1433663211524983,1.4499409887733377
14763386,3,IN-RANGE,Ridge,descriptors,1.2630769601513643,1.462397997898956
14763387,3,IN-RANGE,Ridge,descriptors,1.5729745047530654,1.462397997898956
14763394,3,IN-RANGE,Ridge,descriptors,1.2901018928583126,1.4699692094999595
14763402,3,IN-RANGE,Ridge,descriptors,1.1104103795186138,1.478999131673357
14763407,3,IN-RANGE,Ridge,descriptors,1.405702581317318,1.4800069429571505
14763408,3,IN-RANGE,Ridge,descriptors,1.4430670851942993,1.4800069429571505
14763409,3,IN-RANGE,Ridge,descriptors,1.3686928853446303,1.4818724103106635
14763411,3,IN-RANGE,Ridge,descriptors,1.3246281325519567,1.4842998393467859
14763412,3,IN-RANGE,Ridge,descriptors,1.308014985315193,1.4842998393467859
14763424,3,IN-RANGE,Ridge,descriptors,1.2745866865074604,1.4913616938342726
14763430,3,IN-RANGE,Ridge,descriptors,1.3111159416770983,1.4999618655961902
14763446,3,IN-RANGE,Ridge,descriptors,1.5322384150435753,1.5185139398778875
14763455,3,IN-RANGE,Ridge,descriptors,1.3035488488947344,1.5299434016586693
14763464,3,IN-RANGE,Ridge,descriptors,1.3796986702563654,1.5399538416563967
14763473,3,IN-RANGE,Ridge,descriptors,1.241813489574863,1.5440680443502757
14763475,3,IN-RANGE,Ridge,descriptors,1.3319937168779727,1.5440680443502757
14763476,3,IN-RANGE,Ridge,descriptors,1.1506004855138965,1.5440680443502757
14763489,3,IN-RANGE,Ridge,descriptors,1.364923455398244,1.5563025007672873
14763495,3,IN-RANGE,Ridge,descriptors,1.4863794241093433,1.5600262489128924
14764294,3,IN-RANGE,Ridge,descriptors,1.1108891604730609,1.5899496013257077
14764295,3,IN-RANGE,Ridge,descriptors,1.2472741565998107,1.5899496013257077
14764305,3,IN-RANGE,Ridge,descriptors,1.2745866865074604,1.600210306409328
14764310,3,IN-RANGE,Ridge,descriptors,1.3836140537034878,1.6074550232146685
14764325,3,IN-RANGE,Ridge,descriptors,1.429374689306807,1.6200318951262973
14764329,3,IN-RANGE,Ridge,descriptors,1.285773603985664,1.6232492903979006
14764331,3,IN-RANGE,Ridge,descriptors,1.1538554509010999,1.6232492903979006
14764332,3,IN-RANGE,Ridge,descriptors,1.2745866865074604,1.6232492903979006
14764380,3,IN-RANGE,Ridge,descriptors,1.2920493058461826,1.6699673699085043
14764388,3,IN-RANGE,Ridge,descriptors,1.5921848601977784,1.6872613462435064
14764405,3,IN-RANGE,Ridge,descriptors,1.3854436336571723,1.7032913781186614
14764415,3,IN-RANGE,Ridge,descriptors,1.273543038051506,1.7100326990657535
14764438,3,IN-RANGE,Ridge,descriptors,1.3011983757992025,1.7363965022766426
14764474,3,IN-RANGE,Ridge,descriptors,1.3220306788305538,1.7708520116421442
14764496,3,IN-RANGE,Ridge,descriptors,1.3657953925027857,1.7993405494535817
14764505,3,IN-RANGE,Ridge,descriptors,1.1554234150658056,1.806179973983887
14764513,3,IN-RANGE,Ridge,descriptors,1.3085616112108838,1.8100307864058394
14764519,3,IN-RANGE,Ridge,descriptors,1.3229191276611985,1.8195439355418688
14764523,3,IN-RANGE,Ridge,descriptors,1.2377345733753837,1.8195439355418688
14764530,3,IN-RANGE,Ridge,descriptors,1.35370041229103,1.8200043068083178
14764536,3,IN-RANGE,Ridge,descriptors,1.3175303258850593,1.8300109359361179
14764538,3,IN-RANGE,Ridge,descriptors,1.3670050399032754,1.8325089127062364
14765314,3,IN-RANGE,Ridge,descriptors,1.2596899963867074,1.8388490907372552
14765333,3,IN-RANGE,Ridge,descriptors,1.313789282972879,1.8573324964312685
14765365,3,IN-RANGE,Ridge,descriptors,1.2844359644009207,1.8899736384039962
14765380,3,IN-RANGE,Ridge,descriptors,1.2732971015127663,1.9138138523837167
14765385,3,IN-RANGE,Ridge,descriptors,1.3162071057642362,1.920018916028915
14765386,3,IN-RANGE,Ridge,descriptors,1.181883340773981,1.9233994661587164
14765405,3,IN-RANGE,Ridge,descriptors,1.555738399873314,1.9400181550076632
14765424,3,IN-RANGE,Ridge,descriptors,1.23894432146144,1.9700212658283658
14765431,3,IN-RANGE,Ridge,descriptors,1.4167126434966588,1.9800033715837464
14765435,3,IN-RANGE,Ridge,descriptors,1.2094112790239178,1.989983458301399
14765462,3,IN-RANGE,Ridge,descriptors,1.2322483461817586,2.019988159591285
14765486,3,IN-RANGE,Ridge,descriptors,1.2194717564152566,2.0499928569201424
14765499,3,IN-RANGE,Ridge,descriptors,1.2499390619770263,2.070000903802345
14765504,3,IN-RANGE,Ridge,descriptors,1.2855047955721688,2.0791812460476247
14765508,3,IN-RANGE,Ridge,descriptors,1.2689433781346113,2.0800128471079278
14765520,3,IN-RANGE,Ridge,descriptors,1.3466861435703095,2.0999912335446846
14765561,3,IN-RANGE,Ridge,descriptors,1.306361610560499,2.159988050381987
14765563,3,IN-RANGE,Ridge,descriptors,1.2511619106504892,2.164352855784437
14766490,3,ABOVE,Ridge,descriptors,1.235274485072096,
14766494,3,ABOVE,Ridge,descriptors,1.2695719673709616,
14766500,3,ABOVE,Ridge,descriptors,1.1827070647605433,
14766502,3,ABOVE,Ridge,descriptors,1.422669928265791,
14766505,3,ABOVE,Ridge,descriptors,1.189952758077667,
14766510,3,ABOVE,Ridge,descriptors,1.3351874803377854,
14766515,3,ABOVE,Ridge,descriptors,1.4391449292941891,
14766520,3,ABOVE,Ridge,descriptors,1.3505467548865127,
14766521,3,ABOVE,Ridge,descriptors,1.3328770329747264,
14766524,3,ABOVE,Ridge,descriptors,1.3646614493218825,
14766526,3,ABOVE,Ridge,descriptors,1.3829896091926268,
14766528,3,ABOVE,Ridge,descriptors,1.3708763499270709,
14766533,3,ABOVE,Ridge,descriptors,1.4830894867026356,
14766535,3,ABOVE,Ridge,descriptors,1.2509786505641647,
14766537,3,ABOVE,Ridge,descriptors,1.2500855372985846,
14766540,3,ABOVE,Ridge,descriptors,1.3384030888168494,
14766548,3,ABOVE,Ridge,descriptors,1.3054318094207629,
14769815,3,BELOW,Ridge,descriptors,1.2742734116817906,
14769832,3,BELOW,Ridge,descriptors,1.3739865223187728,
14769842,3,BELOW,Ridge,descriptors,1.2701681246629637,
14769849,3,BELOW,Ridge,descriptors,1.28275903183664,
14769855,3,BELOW,Ridge,descriptors,1.3464262268360336,
14769856,3,BELOW,Ridge,descriptors,1.2845596387247467,
14769862,3,BELOW,Ridge,descriptors,1.389875222361862,
14769877,3,BELOW,Ridge,descriptors,1.2710612379285435,
14769880,3,BELOW,Ridge,descriptors,1.139930607590117,
14769884,3,BELOW,Ridge,descriptors,1.2853584870017194,
14769885,3,BELOW,Ridge,descriptors,1.1635018798261154,
14758721,3,BELOW,RandomForestRegressor,descriptors,1.2219196135318944,
14758726,3,BELOW,RandomForestRegressor,descriptors,1.1369832221691576,
14758727,3,BELOW,RandomForestRegressor,descriptors,1.1756051868016133,
14758728,3,BELOW,RandomForestRegressor,descriptors,1.0004827292198888,
14758732,3,BELOW,RandomForestRegressor,descriptors,0.9074374525078313,
14758733,3,BELOW,RandomForestRegressor,descriptors,0.8889516619873927,
14758739,3,BELOW,RandomForestRegressor,descriptors,1.2003074029875846,
14758741,3,BELOW,RandomForestRegressor,descriptors,1.2000173293971559,
14758744,3,BELOW,RandomForestRegressor,descriptors,1.2298919848720336,
14758747,3,BELOW,RandomForestRegressor,descriptors,1.339322505944869,
14758748,3,BELOW,RandomForestRegressor,descriptors,0.9549458398631551,
14758754,3,BELOW,RandomForestRegressor,descriptors,1.2298919848720336,
14758761,3,BELOW,RandomForestRegressor,descriptors,1.3688795662822995,
14758769,3,BELOW,RandomForestRegressor,descriptors,1.6840924165056756,
14758773,3,BELOW,RandomForestRegressor,descriptors,1.3811781042561184,
14758776,3,BELOW,RandomForestRegressor,descriptors,1.461383651705004,
14758781,3,BELOW,RandomForestRegressor,descriptors,1.0247164044755221,
14758796,3,BELOW,RandomForestRegressor,descriptors,1.1888612113288182,
14758798,3,BELOW,RandomForestRegressor,descriptors,1.389907152178261,
14758800,3,BELOW,RandomForestRegressor,descriptors,1.3107527043301466,
14758829,3,BELOW,RandomForestRegressor,descriptors,0.9729955953334084,
14758832,3,BELOW,RandomForestRegressor,descriptors,1.1548950439682926,
14758835,3,BELOW,RandomForestRegressor,descriptors,1.3280239130203697,
14758837,3,BELOW,RandomForestRegressor,descriptors,1.1045472839635115,
14758839,3,BELOW,RandomForestRegressor,descriptors,1.480278737963572,
14758841,3,BELOW,RandomForestRegressor,descriptors,1.0342987610049774,
14758843,3,BELOW,RandomForestRegressor,descriptors,1.2012527522949523,
14758850,3,BELOW,RandomForestRegressor,descriptors,1.3713295123168663,
14758851,3,BELOW,RandomForestRegressor,descriptors,1.2003074029875846,
14758853,3,BELOW,RandomForestRegressor,descriptors,0.9989819971431152,
14758854,3,BELOW,RandomForestRegressor,descriptors,1.2003074029875846,
14758861,3,BELOW,RandomForestRegressor,descriptors,1.3386005739743694,
14758864,3,BELOW,RandomForestRegressor,descriptors,1.2082539745488718,
14758869,3,BELOW,RandomForestRegressor,descriptors,1.3688795662822995,
14758872,3,BELOW,RandomForestRegressor,descriptors,1.2187189886731769,
14758879,3,BELOW,RandomForestRegressor,descriptors,1.2233044943322953,
14758884,3,BELOW,RandomForestRegressor,descriptors,1.171439738687006,
14758899,3,BELOW,RandomForestRegressor,descriptors,1.2828004423985646,
14758905,3,BELOW,RandomForestRegressor,descriptors,1.2009309497707947,
14758906,3,BELOW,RandomForestRegressor,descriptors,1.3589576928483535,
14758907,3,BELOW,RandomForestRegressor,descriptors,1.3589576928483535,
14758912,3,BELOW,RandomForestRegressor,descriptors,1.3417592989157703,
14758918,3,BELOW,RandomForestRegressor,descriptors,1.2907732772976808,
14758922,3,BELOW,RandomForestRegressor,descriptors,1.060102788017783,
14758971,3,IN-RANGE,RandomForestRegressor,descriptors,1.3013386605163912,0.6020599913279624
14758990,3,IN-RANGE,RandomForestRegressor,descriptors,1.2736224289918576,0.6020599913279624
14759774,3,IN-RANGE,RandomForestRegressor,descriptors,1.1112031902467114,0.6503075231319364
14759791,3,IN-RANGE,RandomForestRegressor,descriptors,1.0536165765350793,0.6803355134145632
14759811,3,IN-RANGE,RandomForestRegressor,descriptors,1.5531626101576206,0.6989700043360189
14759812,3,IN-RANGE,RandomForestRegressor,descriptors,1.1340384883084642,0.6989700043360189
14759824,3,IN-RANGE,RandomForestRegressor,descriptors,1.2593787504190401,0.6989700043360189
14759847,3,IN-RANGE,RandomForestRegressor,descriptors,1.3399652349682902,0.7201593034059569
14759848,3,IN-RANGE,RandomForestRegressor,descriptors,1.113275164830546,0.7201593034059569
14759861,3,IN-RANGE,RandomForestRegressor,descriptors,1.4124300240717316,0.7403626894942439
14759874,3,IN-RANGE,RandomForestRegressor,descriptors,1.4685966208298384,0.7596678446896304
14759894,3,IN-RANGE,RandomForestRegressor,descriptors,1.4913808018077375,0.7781512503836436
14759897,3,IN-RANGE,RandomForestRegressor,descriptors,1.0876206165468334,0.7781512503836436
14759900,3,IN-RANGE,RandomForestRegressor,descriptors,1.0554117978097715,0.7781512503836436
14759930,3,IN-RANGE,RandomForestRegressor,descriptors,1.096934540567859,0.8000293592441343
14759931,3,IN-RANGE,RandomForestRegressor,descriptors,1.0787288051325057,0.8000293592441343
14759933,3,IN-RANGE,RandomForestRegressor,descriptors,1.423389029903574,0.8000293592441343
14759937,3,IN-RANGE,RandomForestRegressor,descriptors,1.3632913498695702,0.8102325179950841
14759944,3,IN-RANGE,RandomForestRegressor,descriptors,1.434915272329507,0.8241258339165489
14759971,3,IN-RANGE,RandomForestRegressor,descriptors,1.1617934398921674,0.8450980400142568
14759972,3,IN-RANGE,RandomForestRegressor,descriptors,1.2881616292266869,0.8450980400142568
14759975,3,IN-RANGE,RandomForestRegressor,descriptors,1.4879333996209139,0.8450980400142568
14759977,3,IN-RANGE,RandomForestRegressor,descriptors,1.0243774300872364,0.8450980400142568
14759978,3,IN-RANGE,RandomForestRegressor,descriptors,1.4825870572086037,0.8450980400142568
14759979,3,IN-RANGE,RandomForestRegressor,descriptors,1.2476053457451315,0.8450980400142568
14759981,3,IN-RANGE,RandomForestRegressor,descriptors,1.2012527522949523,0.8450980400142568
14759999,3,IN-RANGE,RandomForestRegressor,descriptors,1.2214114360010555,0.8698182079793282
14760021,3,IN-RANGE,RandomForestRegressor,descriptors,1.2450160298394035,0.8998205024270963
14760036,3,IN-RANGE,RandomForestRegressor,descriptors,1.2753009327351938,0.9030899869919435
14761129,3,IN-RANGE,RandomForestRegressor,descriptors,1.436418025299931,0.9030899869919435
14761141,3,IN-RANGE,RandomForestRegressor,descriptors,1.0904994806136619,0.9294189257142927
14761156,3,IN-RANGE,RandomForestRegressor,descriptors,1.089521565863488,0.9400181550076633
14761162,3,IN-RANGE,RandomForestRegressor,descriptors,1.2518682507644596,0.9498777040368748
14761169,3,IN-RANGE,RandomForestRegressor,descriptors,1.4862800670141036,0.9542425094393249
14761172,3,IN-RANGE,RandomForestRegressor,descriptors,1.3641476794447807,0.9542425094393249
14761173,3,IN-RANGE,RandomForestRegressor,descriptors,1.4235560776173921,0.9542425094393249
14761180,3,IN-RANGE,RandomForestRegressor,descriptors,1.4929586051846744,0.9542425094393249
14761197,3,IN-RANGE,RandomForestRegressor,descriptors,1.3274000827459504,0.9698816437465
14761199,3,IN-RANGE,RandomForestRegressor,descriptors,1.219118216140721,0.9777236052888477
14761211,3,IN-RANGE,RandomForestRegressor,descriptors,1.080825688834466,0.989894563718773
14761228,3,IN-RANGE,RandomForestRegressor,descriptors,1.3311827482314091,1.0
14761233,3,IN-RANGE,RandomForestRegressor,descriptors,1.0254867352657728,1.0
14761261,3,IN-RANGE,RandomForestRegressor,descriptors,1.0254867352657728,1.0301947853567512
14761266,3,IN-RANGE,RandomForestRegressor,descriptors,1.03871302167415,1.0398105541483504
14761283,3,IN-RANGE,RandomForestRegressor,descriptors,1.3247913596596326,1.0413926851582251
14761285,3,IN-RANGE,RandomForestRegressor,descriptors,1.3019941514910687,1.0413926851582251
14761289,3,IN-RANGE,RandomForestRegressor,descriptors,1.413086291451171,1.0499928569201427
14761290,3,IN-RANGE,RandomForestRegressor,descriptors,1.2096328971785026,1.0499928569201427
14761302,3,IN-RANGE,RandomForestRegressor,descriptors,1.1844216506864094,1.070037866607755
14761311,3,IN-RANGE,RandomForestRegressor,descriptors,1.0841069790012468,1.0791812460476249
14761321,3,IN-RANGE,RandomForestRegressor,descriptors,1.0755858439109267,1.0791812460476249
14761331,3,IN-RANGE,RandomForestRegressor,descriptors,1.3835981638714068,1.0799044676667207
14761357,3,IN-RANGE,RandomForestRegressor,descriptors,1.448183328761292,1.1099158630237933
14761370,3,IN-RANGE,RandomForestRegressor,descriptors,1.3709103225768084,1.1139433523068367
14761371,3,IN-RANGE,RandomForestRegressor,descriptors,1.3709103225768084,1.1139433523068367
14761386,3,IN-RANGE,RandomForestRegressor,descriptors,1.2973308678169897,1.1300119496719043
14762210,3,IN-RANGE,RandomForestRegressor,descriptors,1.027336410027501,1.130333768495006
14762229,3,IN-RANGE,RandomForestRegressor,descriptors,1.39097139712065,1.146128035678238
14762234,3,IN-RANGE,RandomForestRegressor,descriptors,1.1017252605197354,1.146128035678238
14762235,3,IN-RANGE,RandomForestRegressor,descriptors,1.5057580469058742,1.146128035678238
14762253,3,IN-RANGE,RandomForestRegressor,descriptors,1.4751369736528428,1.1598678470925667
14762271,3,IN-RANGE,RandomForestRegressor,descriptors,1.5799433305035209,1.1760912590556813
14762276,3,IN-RANGE,RandomForestRegressor,descriptors,1.2839686519254938,1.1760912590556813
14762283,3,IN-RANGE,RandomForestRegressor,descriptors,1.5554250851782354,1.180125875164054
14762292,3,IN-RANGE,RandomForestRegressor,descriptors,1.3426662012391424,1.19506899646859
14762295,3,IN-RANGE,RandomForestRegressor,descriptors,1.2852993036297602,1.2000292665537702
14762296,3,IN-RANGE,RandomForestRegressor,descriptors,1.31414256640721,1.2000292665537702
14762304,3,IN-RANGE,RandomForestRegressor,descriptors,1.4825870572086037,1.2041199826559248
14762336,3,IN-RANGE,RandomForestRegressor,descriptors,1.2813494541022086,1.2387985627139169
14762346,3,IN-RANGE,RandomForestRegressor,descriptors,1.3798121099854614,1.2400497721126476
14762348,3,IN-RANGE,RandomForestRegressor,descriptors,1.2626687842531394,1.2430380486862944
14762355,3,IN-RANGE,RandomForestRegressor,descriptors,1.1563532595420762,1.249931756634195
14762388,3,IN-RANGE,RandomForestRegressor,descriptors,1.1737919049078116,1.2787536009528289
14762424,3,IN-RANGE,RandomForestRegressor,descriptors,0.9959697047786755,1.3010299956639813
14762462,3,IN-RANGE,RandomForestRegressor,descriptors,1.0542702692798511,1.330007700872759
14762463,3,IN-RANGE,RandomForestRegressor,descriptors,1.4367430231649752,1.330007700872759
14763276,3,IN-RANGE,RandomForestRegressor,descriptors,1.5718929318843953,1.3729120029701065
14763295,3,IN-RANGE,RandomForestRegressor,descriptors,1.301652249754693,1.3900514964589872
14763296,3,IN-RANGE,RandomForestRegressor,descriptors,1.3502985813589694,1.3900514964589872
14763298,3,IN-RANGE,RandomForestRegressor,descriptors,1.2322428656149642,1.3900514964589872
14763323,3,IN-RANGE,RandomForestRegressor,descriptors,1.2612839121906878,1.414973347970818
14763344,3,IN-RANGE,RandomForestRegressor,descriptors,1.631815409813406,1.4313637641589874
14763347,3,IN-RANGE,RandomForestRegressor,descriptors,1.6651848156733637,1.4313637641589874
14763348,3,IN-RANGE,RandomForestRegressor,descriptors,1.443601406973008,1.4313637641589874
14763352,3,IN-RANGE,RandomForestRegressor,descriptors,1.2692274468396656,1.4393326938302626
14763369,3,IN-RANGE,RandomForestRegressor,descriptors,1.463006730787698,1.4471580313422192
14763376,3,IN-RANGE,RandomForestRegressor,descriptors,1.5507279494778266,1.4499409887733377
14763386,3,IN-RANGE,RandomForestRegressor,descriptors,0.9214392316970351,1.462397997898956
14763387,3,IN-RANGE,RandomForestRegressor,descriptors,1.4407246184149511,1.462397997898956
14763394,3,IN-RANGE,RandomForestRegressor,descriptors,1.2983830841202015,1.4699692094999595
14763402,3,IN-RANGE,RandomForestRegressor,descriptors,1.4111478757964226,1.478999131673357
14763407,3,IN-RANGE,RandomForestRegressor,descriptors,1.0672490561390862,1.4800069429571505
14763408,3,IN-RANGE,RandomForestRegressor,descriptors,1.6009956621405907,1.4800069429571505
14763409,3,IN-RANGE,RandomForestRegressor,descriptors,1.2296788546941984,1.4818724103106635
14763411,3,IN-RANGE,RandomForestRegressor,descriptors,1.2044061010420153,1.4842998393467859
14763412,3,IN-RANGE,RandomForestRegressor,descriptors,1.2553805516018277,1.4842998393467859
14763424,3,IN-RANGE,RandomForestRegressor,descriptors,1.672588367122746,1.4913616938342726
14763430,3,IN-RANGE,RandomForestRegressor,descriptors,1.3519489572777246,1.4999618655961902
14763446,3,IN-RANGE,RandomForestRegressor,descriptors,1.7165303883454417,1.5185139398778875
14763455,3,IN-RANGE,RandomForestRegressor,descriptors,1.2150488592996025,1.5299434016586693
14763464,3,IN-RANGE,RandomForestRegressor,descriptors,1.612914170935328,1.5399538416563967
14763473,3,IN-RANGE,RandomForestRegressor,descriptors,1.2539643864227343,1.5440680443502757
14763475,3,IN-RANGE,RandomForestRegressor,descriptors,1.279419555385077,1.5440680443502757
14763476,3,IN-RANGE,RandomForestRegressor,descriptors,1.6264550948445595,1.5440680443502757
14763489,3,IN-RANGE,RandomForestRegressor,descriptors,1.4413276734987843,1.5563025007672873
14763495,3,IN-RANGE,RandomForestRegressor,descriptors,1.595964918541067,1.5600262489128924
14764294,3,IN-RANGE,RandomForestRegressor,descriptors,1.083123141398337,1.5899496013257077
14764295,3,IN-RANGE,RandomForestRegressor,descriptors,1.1126093566584807,1.5899496013257077
14764305,3,IN-RANGE,RandomForestRegressor,descriptors,1.672588367122746,1.600210306409328
14764310,3,IN-RANGE,RandomForestRegressor,descriptors,1.6581810586587564,1.6074550232146685
14764325,3,IN-RANGE,RandomForestRegressor,descriptors,1.1595606000165473,1.6200318951262973
14764329,3,IN-RANGE,RandomForestRegressor,descriptors,1.4646655864573617,1.6232492903979006
14764331,3,IN-RANGE,RandomForestRegressor,descriptors,1.2813890587410242,1.6232492903979006
14764332,3,IN-RANGE,RandomForestRegressor,descriptors,1.672588367122746,1.6232492903979006
14764380,3,IN-RANGE,RandomForestRegressor,descriptors,1.3730529423976408,1.6699673699085043
14764388,3,IN-RANGE,RandomForestRegressor,descriptors,1.585460857923783,1.6872613462435064
14764405,3,IN-RANGE,RandomForestRegressor,descriptors,1.3818623560435332,1.7032913781186614
14764415,3,IN-RANGE,RandomForestRegressor,descriptors,1.404418076252272,1.7100326990657535
14764438,3,IN-RANGE,RandomForestRegressor,descriptors,1.3641476794447807,1.7363965022766426
14764474,3,IN-RANGE,RandomForestRegressor,descriptors,1.6546482113206438,1.7708520116421442
14764496,3,IN-RANGE,RandomForestRegressor,descriptors,1.3415257863112138,1.7993405494535817
14764505,3,IN-RANGE,RandomForestRegressor,descriptors,1.4393964510939898,1.806179973983887
14764513,3,IN-RANGE,RandomForestRegressor,descriptors,1.227519745036233,1.8100307864058394
14764519,3,IN-RANGE,RandomForestRegressor,descriptors,1.6888314547956012,1.8195439355418688
14764523,3,IN-RANGE,RandomForestRegressor,descriptors,1.4661501438444189,1.8195439355418688
14764530,3,IN-RANGE,RandomForestRegressor,descriptors,1.46841833484461,1.8200043068083178
14764536,3,IN-RANGE,RandomForestRegressor,descriptors,1.490373787483601,1.8300109359361179
14764538,3,IN-RANGE,RandomForestRegressor,descriptors,1.358579193792896,1.8325089127062364
14765314,3,IN-RANGE,RandomForestRegressor,descriptors,1.435475953080879,1.8388490907372552
14765333,3,IN-RANGE,RandomForestRegressor,descriptors,1.5339551891853445,1.8573324964312685
14765365,3,IN-RANGE,RandomForestRegressor,descriptors,1.4472678938266355,1.8899736384039962
14765380,3,IN-RANGE,RandomForestRegressor,descriptors,1.2849344248745644,1.9138138523837167
14765385,3,IN-RANGE,RandomForestRegressor,descriptors,1.4749828075087195,1.920018916028915
14765386,3,IN-RANGE,RandomForestRegressor,descriptors,1.2327403945430584,1.9233994661587164
14765405,3,IN-RANGE,RandomForestRegressor,descriptors,1.6153529890207907,1.9400181550076632
14765424,3,IN-RANGE,RandomForestRegressor,descriptors,1.2828085835393062,1.9700212658283658
14765431,3,IN-RANGE,RandomForestRegressor,descriptors,1.3450346547160623,1.9800033715837464
14765435,3,IN-RANGE,RandomForestRegressor,descriptors,1.25152595177354,1.989983458301399
14765462,3,IN-RANGE,RandomForestRegressor,descriptors,1.0224703543946958,2.019988159591285
14765486,3,IN-RANGE,RandomForestRegressor,descriptors,1.1491044379586435,2.0499928569201424
14765499,3,IN-RANGE,RandomForestRegressor,descriptors,1.4425630797756461,2.070000903802345
14765504,3,IN-RANGE,RandomForestRegressor,descriptors,1.2984772976485168,2.0791812460476247
14765508,3,IN-RANGE,RandomForestRegressor,descriptors,1.2973874805338788,2.0800128471079278
14765520,3,IN-RANGE,RandomForestRegressor,descriptors,1.4465424756501366,2.0999912335446846
14765561,3,IN-RANGE,RandomForestRegressor,descriptors,1.3119700322331973,2.159988050381987
14765563,3,IN-RANGE,RandomForestRegressor,descriptors,1.439990659586152,2.164352855784437
14766490,3,ABOVE,RandomForestRegressor,descriptors,1.279919130199775,
14766494,3,ABOVE,RandomForestRegressor,descriptors,1.4068013900173724,
14766500,3,ABOVE,RandomForestRegressor,descriptors,0.9513063276255826,
14766502,3,ABOVE,RandomForestRegressor,descriptors,1.3279203603694456,
14766505,3,ABOVE,RandomForestRegressor,descriptors,0.9771920836842071,
14766510,3,ABOVE,RandomForestRegressor,descriptors,1.2359907242875168,
14766515,3,ABOVE,RandomForestRegressor,descriptors,1.4827291970589331,
14766520,3,ABOVE,RandomForestRegressor,descriptors,1.6356040279662536,
14766521,3,ABOVE,RandomForestRegressor,descriptors,1.6722342723748258,
14766524,3,ABOVE,RandomForestRegressor,descriptors,1.3112994741738881,
14766526,3,ABOVE,RandomForestRegressor,descriptors,1.623089720219503,
14766528,3,ABOVE,RandomForestRegressor,descriptors,1.3581938681682906,
14766533,3,ABOVE,RandomForestRegressor,descriptors,1.562228564870506,
14766535,3,ABOVE,RandomForestRegressor,descriptors,1.0108799045220322,
14766537,3,ABOVE,RandomForestRegressor,descriptors,1.039782733060977,
14766540,3,ABOVE,RandomForestRegressor,descriptors,1.221747345268913,
14766548,3,ABOVE,RandomForestRegressor,descriptors,1.3200518427862686,
14769815,3,BELOW,RandomForestRegressor,descriptors,0.8771108152826582,
14769832,3,BELOW,RandomForestRegressor,descriptors,1.168220111881116,
14769842,3,BELOW,RandomForestRegressor,descriptors,1.1391806901044559,
14769849,3,BELOW,RandomForestRegressor,descriptors,1.2012527522949523,
14769855,3,BELOW,RandomForestRegressor,descriptors,1.7096527700645063,
14769856,3,BELOW,RandomForestRegressor,descriptors,1.4665501401296464,
14769862,3,BELOW,RandomForestRegressor,descriptors,1.1183796267101989,
14769877,3,BELOW,RandomForestRegressor,descriptors,1.0035810224004207,
14769880,3,BELOW,RandomForestRegressor,descriptors,1.3343168428082675,
14769884,3,BELOW,RandomForestRegressor,descriptors,1.4725609238092625,
14769885,3,BELOW,RandomForestRegressor,descriptors,1.0600670895526805,
14758721,3,BELOW,Ridge,Morgan,0.873058419859321,
14758726,3,BELOW,Ridge,Morgan,1.0187223388026267,
14758727,3,BELOW,Ridge,Morgan,1.2070649620416098,
14758728,3,BELOW,Ridge,Morgan,0.7389023827475585,
14758732,3,BELOW,Ridge,Morgan,0.9842257494288168,
14758733,3,BELOW,Ridge,Morgan,0.7498231863352621,
14758739,3,BELOW,Ridge,Morgan,0.7407407054631393,
14758741,3,BELOW,Ridge,Morgan,1.3081711378910914,
14758744,3,BELOW,Ridge,Morgan,0.9748853739576817,
14758747,3,BELOW,Ridge,Morgan,0.7356204069911843,
14758748,3,BELOW,Ridge,Morgan,1.0632920803929702,
14758754,3,BELOW,Ridge,Morgan,0.719190715296874,
14758761,3,BELOW,Ridge,Morgan,0.8356451405333286,
14758769,3,BELOW,Ridge,Morgan,1.1334014867315492,
14758773,3,BELOW,Ridge,Morgan,1.0407525375351512,
14758776,3,BELOW,Ridge,Morgan,1.2632090166382657,
14758781,3,BELOW,Ridge,Morgan,0.8421613023778494,
14758796,3,BELOW,Ridge,Morgan,1.4965069574432381,
14758798,3,BELOW,Ridge,Morgan,1.2060909015424228,
14758800,3,BELOW,Ridge,Morgan,1.3889812940290958,
14758829,3,BELOW,Ridge,Morgan,1.0604744943977595,
14758832,3,BELOW,Ridge,Morgan,1.1516438941597253,
14758835,3,BELOW,Ridge,Morgan,1.200449627325936,
14758837,3,BELOW,Ridge,Morgan,0.7022100690566897,
14758839,3,BELOW,Ridge,Morgan,1.2217726030189802,
14758841,3,BELOW,Ridge,Morgan,0.7088140354581662,
14758843,3,BELOW,Ridge,Morgan,0.675653074582388,
14758850,3,BELOW,Ridge,Morgan,1.3324355107389692,
14758851,3,BELOW,Ridge,Morgan,0.7688191779986762,
14758853,3,BELOW,Ridge,Morgan,1.4152057922774433,
14758854,3,BELOW,Ridge,Morgan,0.7231417127661962,
14758861,3,BELOW,Ridge,Morgan,0.750608278027787,
14758864,3,BELOW,Ridge,Morgan,0.8513706935108618,
14758869,3,BELOW,Ridge,Morgan,0.9378673629771267,
14758872,3,BELOW,Ridge,Morgan,1.1125516107453106,
14758879,3,BELOW,Ridge,Morgan,1.2886263431494527,
14758884,3,BELOW,Ridge,Morgan,0.9434425037669485,
14758899,3,BELOW,Ridge,Morgan,1.2512307298343652,
14758905,3,BELOW,Ridge,Morgan,0.9705182878357494,
14758906,3,BELOW,Ridge,Morgan,0.978942934862226,
14758907,3,BELOW,Ridge,Morgan,0.7820293327276505,
14758912,3,BELOW,Ridge,Morgan,1.3083867883911402,
14758918,3,BELOW,Ridge,Morgan,1.0861115819489593,
14758922,3,BELOW,Ridge,Morgan,1.045861549897861,
14758971,3,IN-RANGE,Ridge,Morgan,0.8740146322985753,0.6020599913279624
14758990,3,IN-RANGE,Ridge,Morgan,1.4025430760880997,0.6020599913279624
14759774,3,IN-RANGE,Ridge,Morgan,1.3746556698061294,0.6503075231319364
14759791,3,IN-RANGE,Ridge,Morgan,1.142459949915063,0.6803355134145632
14759811,3,IN-RANGE,Ridge,Morgan,1.0450264837474954,0.6989700043360189
14759812,3,IN-RANGE,Ridge,Morgan,1.3106932702179341,0.6989700043360189
14759824,3,IN-RANGE,Ridge,Morgan,1.3260499034550555,0.6989700043360189
14759847,3,IN-RANGE,Ridge,Morgan,1.0179071247924787,0.7201593034059569
14759848,3,IN-RANGE,Ridge,Morgan,1.0701720261952596,0.7201593034059569
14759861,3,IN-RANGE,Ridge,Morgan,1.0517513456502963,0.7403626894942439
14759874,3,IN-RANGE,Ridge,Morgan,1.273608522589581,0.7596678446896304
14759894,3,IN-RANGE,Ridge,Morgan,1.3364685803591099,0.7781512503836436
14759897,3,IN-RANGE,Ridge,Morgan,0.8008905275173239,0.7781512503836436
14759900,3,IN-RANGE,Ridge,Morgan,0.8573815476837211,0.7781512503836436
14759930,3,IN-RANGE,Ridge,Morgan,1.2810266689628373,0.8000293592441343
14759931,3,IN-RANGE,Ridge,Morgan,1.039858167287774,0.8000293592441343
14759933,3,IN-RANGE,Ridge,Morgan,0.9565939337754339,0.8000293592441343
14759937,3,IN-RANGE,Ridge,Morgan,1.2934952954548897,0.8102325179950841
14759944,3,IN-RANGE,Ridge,Morgan,1.1922339782461853,0.8241258339165489
14759971,3,IN-RANGE,Ridge,Morgan,1.3978605540448024,0.8450980400142568
14759972,3,IN-RANGE,Ridge,Morgan,0.9154944047525213,0.8450980400142568
14759975,3,IN-RANGE,Ridge,Morgan,1.3980723004927151,0.8450980400142568
14759977,3,IN-RANGE,Ridge,Morgan,0.9804793068872726,0.8450980400142568
14759978,3,IN-RANGE,Ridge,Morgan,1.174492263997387,0.8450980400142568
14759979,3,IN-RANGE,Ridge,Morgan,0.8932477625971963,0.8450980400142568
14759981,3,IN-RANGE,Ridge,Morgan,0.780461675906841,0.8450980400142568
14759999,3,IN-RANGE,Ridge,Morgan,1.261032182638397,0.8698182079793282
14760021,3,IN-RANGE,Ridge,Morgan,1.11693628515969,0.8998205024270963
14760036,3,IN-RANGE,Ridge,Morgan,1.2257656383172413,0.9030899869919435
14761129,3,IN-RANGE,Ridge,Morgan,1.2025281960669691,0.9030899869919435
14761141,3,IN-RANGE,Ridge,Morgan,1.352437935257796,0.9294189257142927
14761156,3,IN-RANGE,Ridge,Morgan,1.2081514027737181,0.9400181550076633
14761162,3,IN-RANGE,Ridge,Morgan,1.1844533567447968,0.9498777040368748
14761169,3,IN-RANGE,Ridge,Morgan,1.4440274227085768,0.9542425094393249
14761172,3,IN-RANGE,Ridge,Morgan,1.1791908907619686,0.9542425094393249
14761173,3,IN-RANGE,Ridge,Morgan,1.0405191802000724,0.9542425094393249
14761180,3,IN-RANGE,Ridge,Morgan,1.4591553143142537,0.9542425094393249
14761197,3,IN-RANGE,Ridge,Morgan,1.3776304225425893,0.9698816437465
14761199,3,IN-RANGE,Ridge,Morgan,1.1561447329311005,0.9777236052888477
14761211,3,IN-RANGE,Ridge,Morgan,1.3345913108552658,0.989894563718773
14761228,3,IN-RANGE,Ridge,Morgan,1.1824824940875944,1.0
14761233,3,IN-RANGE,Ridge,Morgan,1.3300531380708713,1.0
14761261,3,IN-RANGE,Ridge,Morgan,1.2291660849648305,1.0301947853567512
14761266,3,IN-RANGE,Ridge,Morgan,0.9660961216710606,1.0398105541483504
14761283,3,IN-RANGE,Ridge,Morgan,1.4420999805805195,1.0413926851582251
14761285,3,IN-RANGE,Ridge,Morgan,1.035789027150663,1.0413926851582251
14761289,3,IN-RANGE,Ridge,Morgan,1.5287900530063112,1.0499928569201427
14761290,3,IN-RANGE,Ridge,Morgan,1.3873659737429822,1.0499928569201427
14761302,3,IN-RANGE,Ridge,Morgan,1.3772208268564738,1.070037866607755
14761311,3,IN-RANGE,Ridge,Morgan,1.4193932263437192,1.0791812460476249
14761321,3,IN-RANGE,Ridge,Morgan,1.0715488862157179,1.0791812460476249
14761331,3,IN-RANGE,Ridge,Morgan,1.08075175417892,1.0799044676667207
14761357,3,IN-RANGE,Ridge,Morgan,1.2318698038503961,1.1099158630237933
14761370,3,IN-RANGE,Ridge,Morgan,1.001044692924549,1.1139433523068367
14761371,3,IN-RANGE,Ridge,Morgan,0.9609211464066353,1.1139433523068367
14761386,3,IN-RANGE,Ridge,Morgan,1.5100343023441993,1.1300119496719043
14762210,3,IN-RANGE,Ridge,Morgan,0.9751505027447749,1.130333768495006
14762229,3,IN-RANGE,Ridge,Morgan,1.456643811819493,1.146128035678238
14762234,3,IN-RANGE,Ridge,Morgan,1.490574370780669,1.146128035678238
14762235,3,IN-RANGE,Ridge,Morgan,1.2559898981931543,1.146128035678238
14762253,3,IN-RANGE,Ridge,Morgan,1.2051123570392215,1.1598678470925667
14762271,3,IN-RANGE,Ridge,Morgan,1.4159809666670717,1.1760912590556813
14762276,3,IN-RANGE,Ridge,Morgan,1.5531314867243746,1.1760912590556813
14762283,3,IN-RANGE,Ridge,Morgan,1.3946763898758592,1.180125875164054
14762292,3,IN-RANGE,Ridge,Morgan,1.4946970480952069,1.19506899646859
14762295,3,IN-RANGE,Ridge,Morgan,1.2063870230201252,1.2000292665537702
14762296,3,IN-RANGE,Ridge,Morgan,0.8367078812608751,1.2000292665537702
14762304,3,IN-RANGE,Ridge,Morgan,1.1537362456856657,1.2041199826559248
14762336,3,IN-RANGE,Ridge,Morgan,1.3382485606858907,1.2387985627139169
14762346,3,IN-RANGE,Ridge,Morgan,1.5097630735526977,1.2400497721126476
14762348,3,IN-RANGE,Ridge,Morgan,1.1033730001034057,1.2430380486862944
14762355,3,IN-RANGE,Ridge,Morgan,1.1794729612228738,1.249931756634195
14762388,3,IN-RANGE,Ridge,Morgan,1.362060470542584,1.2787536009528289
14762424,3,IN-RANGE,Ridge,Morgan,1.284474332787199,1.3010299956639813
14762462,3,IN-RANGE,Ridge,Morgan,1.2369689184828156,1.330007700872759
14762463,3,IN-RANGE,Ridge,Morgan,1.7395049054113998,1.330007700872759
14763276,3,IN-RANGE,Ridge,Morgan,1.369901226661805,1.3729120029701065
14763295,3,IN-RANGE,Ridge,Morgan,1.4161908508211836,1.3900514964589872
14763296,3,IN-RANGE,Ridge,Morgan,1.4327223922124102,1.3900514964589872
14763298,3,IN-RANGE,Ridge,Morgan,1.474040051441561,1.3900514964589872
14763323,3,IN-RANGE,Ridge,Morgan,1.4285305048503723,1.414973347970818
14763344,3,IN-RANGE,Ridge,Morgan,1.3738904018421687,1.4313637641589874
14763347,3,IN-RANGE,Ridge,Morgan,1.7969410234311187,1.4313637641589874
14763348,3,IN-RANGE,Ridge,Morgan,1.2928291443720006,1.4313637641589874
14763352,3,IN-RANGE,Ridge,Morgan,1.3602696688565958,1.4393326938302626
14763369,3,IN-RANGE,Ridge,Morgan,1.2831022643649566,1.4471580313422192
14763376,3,IN-RANGE,Ridge,Morgan,1.0427770315042044,1.4499409887733377
14763386,3,IN-RANGE,Ridge,Morgan,1.2723775817169172,1.462397997898956
14763387,3,IN-RANGE,Ridge,Morgan,1.362172691913231,1.462397997898956
14763394,3,IN-RANGE,Ridge,Morgan,1.198089417990493,1.4699692094999595
14763402,3,IN-RANGE,Ridge,Morgan,1.0622101449070398,1.478999131673357
14763407,3,IN-RANGE,Ridge,Morgan,1.1478494031857953,1.4800069429571505
14763408,3,IN-RANGE,Ridge,Morgan,1.3661755326827691,1.4800069429571505
14763409,3,IN-RANGE,Ridge,Morgan,1.2775045586376703,1.4818724103106635
14763411,3,IN-RANGE,Ridge,Morgan,1.275009714833453,1.4842998393467859
14763412,3,IN-RANGE,Ridge,Morgan,1.6330888023372345,1.4842998393467859
14763424,3,IN-RANGE,Ridge,Morgan,1.476618361248601,1.4913616938342726
14763430,3,IN-RANGE,Ridge,Morgan,1.1099220489703758,1.4999618655961902
14763446,3,IN-RANGE,Ridge,Morgan,1.543178551435528,1.5185139398778875
14763455,3,IN-RANGE,Ridge,Morgan,1.119963216916047,1.5299434016586693
14763464,3,IN-RANGE,Ridge,Morgan,1.5081151481196964,1.5399538416563967
14763473,3,IN-RANGE,Ridge,Morgan,1.434274597123359,1.5440680443502757
14763475,3,IN-RANGE,Ridge,Morgan,1.490985715384987,1.5440680443502757
14763476,3,IN-RANGE,Ridge,Morgan,1.2862925625071682,1.5440680443502757
14763489,3,IN-RANGE,Ridge,Morgan,1.4051809895583782,1.5563025007672873
14763495,3,IN-RANGE,Ridge,Morgan,1.7481380088626988,1.5600262489128924
14764294,3,IN-RANGE,Ridge,Morgan,1.1084747047227124,1.5899496013257077
14764295,3,IN-RANGE,Ridge,Morgan,1.2571320829696337,1.5899496013257077
14764305,3,IN-RANGE,Ridge,Morgan,1.279046603422705,1.600210306409328
14764310,3,IN-RANGE,Ridge,Morgan,1.4188729064833046,1.6074550232146685
14764325,3,IN-RANGE,Ridge,Morgan,1.6088456014149057,1.6200318951262973
14764329,3,IN-RANGE,Ridge,Morgan,1.6464749915697032,1.6232492903979006
14764331,3,IN-RANGE,Ridge,Morgan,1.3155769993966673,1.6232492903979006
14764332,3,IN-RANGE,Ridge,Morgan,1.3147284494708755,1.6232492903979006
14764380,3,IN-RANGE,Ridge,Morgan,1.1831749684753543,1.6699673699085043
14764388,3,IN-RANGE,Ridge,Morgan,1.4602479868507192,1.6872613462435064
14764405,3,IN-RANGE,Ridge,Morgan,1.0754296856357726,1.7032913781186614
14764415,3,IN-RANGE,Ridge,Morgan,1.3109224551980565,1.7100326990657535
14764438,3,IN-RANGE,Ridge,Morgan,1.5488880185371958,1.7363965022766426
14764474,3,IN-RANGE,Ridge,Morgan,1.2919741750197486,1.7708520116421442
14764496,3,IN-RANGE,Ridge,Morgan,1.8463709319122315,1.7993405494535817
14764505,3,IN-RANGE,Ridge,Morgan,1.4126971258135006,1.806179973983887
14764513,3,IN-RANGE,Ridge,Morgan,1.016288985452264,1.8100307864058394
14764519,3,IN-RANGE,Ridge,Morgan,1.519342109678837,1.8195439355418688
14764523,3,IN-RANGE,Ridge,Morgan,1.1122181898108823,1.8195439355418688
14764530,3,IN-RANGE,Ridge,Morgan,1.5761417430810223,1.8200043068083178
14764536,3,IN-RANGE,Ridge,Morgan,1.7967979774414524,1.8300109359361179
14764538,3,IN-RANGE,Ridge,Morgan,1.5405127302232957,1.8325089127062364
14765314,3,IN-RANGE,Ridge,Morgan,1.680570883453616,1.8388490907372552
14765333,3,IN-RANGE,Ridge,Morgan,1.6694103670332017,1.8573324964312685
14765365,3,IN-RANGE,Ridge,Morgan,1.233955599937484,1.8899736384039962
14765380,3,IN-RANGE,Ridge,Morgan,1.0695278245518736,1.9138138523837167
14765385,3,IN-RANGE,Ridge,Morgan,1.0942446276928874,1.920018916028915
14765386,3,IN-RANGE,Ridge,Morgan,1.336844600695315,1.9233994661587164
14765405,3,IN-RANGE,Ridge,Morgan,1.2705296090966678,1.9400181550076632
14765424,3,IN-RANGE,Ridge,Morgan,1.1853032440966207,1.9700212658283658
14765431,3,IN-RANGE,Ridge,Morgan,1.4801761550113013,1.9800033715837464
14765435,3,IN-RANGE,Ridge,Morgan,1.1989642505699902,1.989983458301399
14765462,3,IN-RANGE,Ridge,Morgan,1.4099012439015661,2.019988159591285
14765486,3,IN-RANGE,Ridge,Morgan,1.5204147197310254,2.0499928569201424
14765499,3,IN-RANGE,Ridge,Morgan,1.113158897239663,2.070000903802345
14765504,3,IN-RANGE,Ridge,Morgan,1.278541420580001,2.0791812460476247
14765508,3,IN-RANGE,Ridge,Morgan,1.161997309757235,2.0800128471079278
14765520,3,IN-RANGE,Ridge,Morgan,1.449041273572133,2.0999912335446846
14765561,3,IN-RANGE,Ridge,Morgan,1.5241760918933416,2.159988050381987
14765563,3,IN-RANGE,Ridge,Morgan,1.414092701917753,2.164352855784437
14766490,3,ABOVE,Ridge,Morgan,1.5360247253181165,
14766494,3,ABOVE,Ridge,Morgan,1.8058500102585957,
14766500,3,ABOVE,Ridge,Morgan,1.354964935348168,
14766502,3,ABOVE,Ridge,Morgan,1.1939201593665782,
14766505,3,ABOVE,Ridge,Morgan,1.27549053097801,
14766510,3,ABOVE,Ridge,Morgan,1.4589263867699889,
14766515,3,ABOVE,Ridge,Morgan,1.6910716137464878,
14766520,3,ABOVE,Ridge,Morgan,1.2082554941406627,
14766521,3,ABOVE,Ridge,Morgan,1.6525451026024287,
14766524,3,ABOVE,Ridge,Morgan,1.3734993488947207,
14766526,3,ABOVE,Ridge,Morgan,1.2225628867119378,
14766528,3,ABOVE,Ridge,Morgan,1.2334292431551042,
14766533,3,ABOVE,Ridge,Morgan,1.4060580488372965,
14766535,3,ABOVE,Ridge,Morgan,1.3212222515844638,
14766537,3,ABOVE,Ridge,Morgan,1.3164901811122167,
14766540,3,ABOVE,Ridge,Morgan,1.2501483078305913,
14766548,3,ABOVE,Ridge,Morgan,1.9220225218317117,
14769815,3,BELOW,Ridge,Morgan,1.4042298844464547,
14769832,3,BELOW,Ridge,Morgan,1.4132272148098468,
14769842,3,BELOW,Ridge,Morgan,0.7236912585233226,
14769849,3,BELOW,Ridge,Morgan,0.6211973347980212,
14769855,3,BELOW,Ridge,Morgan,1.2664579258396247,
14769856,3,BELOW,Ridge,Morgan,1.432374496492852,
14769862,3,BELOW,Ridge,Morgan,1.335856355853951,
14769877,3,BELOW,Ridge,Morgan,0.7644604452491818,
14769880,3,BELOW,Ridge,Morgan,1.0096626630840986,
14769884,3,BELOW,Ridge,Morgan,1.3948098138255967,
14769885,3,BELOW,Ridge,Morgan,1.1602853675271199,
14758721,3,BELOW,RandomForestRegressor,Morgan,1.0928208932266024,
14758726,3,BELOW,RandomForestRegressor,Morgan,1.2914151443653634,
14758727,3,BELOW,RandomForestRegressor,Morgan,1.152659442214696,
14758728,3,BELOW,RandomForestRegressor,Morgan,1.141733161105038,
14758732,3,BELOW,RandomForestRegressor,Morgan,1.1147786007879685,
14758733,3,BELOW,RandomForestRegressor,Morgan,0.9544140505561913,
14758739,3,BELOW,RandomForestRegressor,Morgan,0.8599845918191966,
14758741,3,BELOW,RandomForestRegressor,Morgan,1.3736327613603492,
14758744,3,BELOW,RandomForestRegressor,Morgan,0.8386087136934133,
14758747,3,BELOW,RandomForestRegressor,Morgan,1.027139933262801,
14758748,3,BELOW,RandomForestRegressor,Morgan,1.1283527404518408,
14758754,3,BELOW,RandomForestRegressor,Morgan,0.8005149102441237,
14758761,3,BELOW,RandomForestRegressor,Morgan,0.9208812130210374,
14758769,3,BELOW,RandomForestRegressor,Morgan,1.5192880446799482,
14758773,3,BELOW,RandomForestRegressor,Morgan,1.2302581003347246,
14758776,3,BELOW,RandomForestRegressor,Morgan,1.1255385281796482,
14758781,3,BELOW,RandomForestRegressor,Morgan,0.9716051816779517,
14758796,3,BELOW,RandomForestRegressor,Morgan,1.3802256494658125,
14758798,3,BELOW,RandomForestRegressor,Morgan,1.2849007250167113,
14758800,3,BELOW,RandomForestRegressor,Morgan,1.3730749986483572,
14758829,3,BELOW,RandomForestRegressor,Morgan,1.1579613445770418,
14758832,3,BELOW,RandomForestRegressor,Morgan,1.305798738602194,
14758835,3,BELOW,RandomForestRegressor,Morgan,1.0596225154595857,
14758837,3,BELOW,RandomForestRegressor,Morgan,0.7908647994517893,
14758839,3,BELOW,RandomForestRegressor,Morgan,1.3529257958036385,
14758841,3,BELOW,RandomForestRegressor,Morgan,0.7864267757242779,
14758843,3,BELOW,RandomForestRegressor,Morgan,0.8122142761040504,
14758850,3,BELOW,RandomForestRegressor,Morgan,1.2157531388802503,
14758851,3,BELOW,RandomForestRegressor,Morgan,0.9423017922562077,
14758853,3,BELOW,RandomForestRegressor,Morgan,1.4751548919553712,
14758854,3,BELOW,RandomForestRegressor,Morgan,0.8731295096876555,
14758861,3,BELOW,RandomForestRegressor,Morgan,0.8138465436396893,
14758864,3,BELOW,RandomForestRegressor,Morgan,0.8061129631164903,
14758869,3,BELOW,RandomForestRegressor,Morgan,0.9817780871940939,
14758872,3,BELOW,RandomForestRegressor,Morgan,1.4446285334845954,
14758879,3,BELOW,RandomForestRegressor,Morgan,1.3726558857664413,
14758884,3,BELOW,RandomForestRegressor,Morgan,1.215546730756119,
14758899,3,BELOW,RandomForestRegressor,Morgan,1.2535472215003396,
14758905,3,BELOW,RandomForestRegressor,Morgan,1.0785947889382432,
14758906,3,BELOW,RandomForestRegressor,Morgan,1.1925162228418842,
14758907,3,BELOW,RandomForestRegressor,Morgan,1.2171146859370932,
14758912,3,BELOW,RandomForestRegressor,Morgan,1.2417805329289229,
14758918,3,BELOW,RandomForestRegressor,Morgan,1.1056366766517376,
14758922,3,BELOW,RandomForestRegressor,Morgan,1.1650727965845034,
14758971,3,IN-RANGE,RandomForestRegressor,Morgan,0.9687389676541543,0.6020599913279624
14758990,3,IN-RANGE,RandomForestRegressor,Morgan,1.18033800642317,0.6020599913279624
14759774,3,IN-RANGE,RandomForestRegressor,Morgan,1.2321624412633028,0.6503075231319364
14759791,3,IN-RANGE,RandomForestRegressor,Morgan,1.2112417459323972,0.6803355134145632
14759811,3,IN-RANGE,RandomForestRegressor,Morgan,1.1059493504783628,0.6989700043360189
14759812,3,IN-RANGE,RandomForestRegressor,Morgan,1.2886275077257168,0.6989700043360189
14759824,3,IN-RANGE,RandomForestRegressor,Morgan,1.2024066589236708,0.6989700043360189
14759847,3,IN-RANGE,RandomForestRegressor,Morgan,1.1369922950494225,0.7201593034059569
14759848,3,IN-RANGE,RandomForestRegressor,Morgan,1.1593649979629332,0.7201593034059569
14759861,3,IN-RANGE,RandomForestRegressor,Morgan,1.1774923722899016,0.7403626894942439
14759874,3,IN-RANGE,RandomForestRegressor,Morgan,1.1276725441901108,0.7596678446896304
14759894,3,IN-RANGE,RandomForestRegressor,Morgan,1.3795525880507966,0.7781512503836436
14759897,3,IN-RANGE,RandomForestRegressor,Morgan,0.9617923230171368,0.7781512503836436
14759900,3,IN-RANGE,RandomForestRegressor,Morgan,1.0602574828724027,0.7781512503836436
14759930,3,IN-RANGE,RandomForestRegressor,Morgan,1.3258651126889194,0.8000293592441343
14759931,3,IN-RANGE,RandomForestRegressor,Morgan,1.1241727640223105,0.8000293592441343
14759933,3,IN-RANGE,RandomForestRegressor,Morgan,1.0149011556993903,0.8000293592441343
14759937,3,IN-RANGE,RandomForestRegressor,Morgan,1.2721177386561267,0.8102325179950841
14759944,3,IN-RANGE,RandomForestRegressor,Morgan,1.2341708753711231,0.8241258339165489
14759971,3,IN-RANGE,RandomForestRegressor,Morgan,1.2572397080556825,0.8450980400142568
14759972,3,IN-RANGE,RandomForestRegressor,Morgan,0.8198981066085267,0.8450980400142568
14759975,3,IN-RANGE,RandomForestRegressor,Morgan,1.4542227733725517,0.8450980400142568
14759977,3,IN-RANGE,RandomForestRegressor,Morgan,1.0451148049422623,0.8450980400142568
14759978,3,IN-RANGE,RandomForestRegressor,Morgan,1.2448953037898702,0.8450980400142568
14759979,3,IN-RANGE,RandomForestRegressor,Morgan,1.0140021671625934,0.8450980400142568
14759981,3,IN-RANGE,RandomForestRegressor,Morgan,0.9201226092507759,0.8450980400142568
14759999,3,IN-RANGE,RandomForestRegressor,Morgan,1.251723141011949,0.8698182079793282
14760021,3,IN-RANGE,RandomForestRegressor,Morgan,1.1730408718476228,0.8998205024270963
14760036,3,IN-RANGE,RandomForestRegressor,Morgan,1.377751864919348,0.9030899869919435
14761129,3,IN-RANGE,RandomForestRegressor,Morgan,1.3444582577759503,0.9030899869919435
14761141,3,IN-RANGE,RandomForestRegressor,Morgan,1.270381387489175,0.9294189257142927
14761156,3,IN-RANGE,RandomForestRegressor,Morgan,1.1458016972969896,0.9400181550076633
14761162,3,IN-RANGE,RandomForestRegressor,Morgan,1.0804886384781893,0.9498777040368748
14761169,3,IN-RANGE,RandomForestRegressor,Morgan,1.6019023618268162,0.9542425094393249
14761172,3,IN-RANGE,RandomForestRegressor,Morgan,1.317593339766337,0.9542425094393249
14761173,3,IN-RANGE,RandomForestRegressor,Morgan,1.0779885562778606,0.9542425094393249
14761180,3,IN-RANGE,RandomForestRegressor,Morgan,1.429226539474879,0.9542425094393249
14761197,3,IN-RANGE,RandomForestRegressor,Morgan,1.1281916574543798,0.9698816437465
14761199,3,IN-RANGE,RandomForestRegressor,Morgan,1.3911381761208301,0.9777236052888477
14761211,3,IN-RANGE,RandomForestRegressor,Morgan,1.356611292551242,0.989894563718773
14761228,3,IN-RANGE,RandomForestRegressor,Morgan,1.2223968529325973,1.0
14761233,3,IN-RANGE,RandomForestRegressor,Morgan,1.2796716592383446,1.0
14761261,3,IN-RANGE,RandomForestRegressor,Morgan,1.300080697125047,1.0301947853567512
14761266,3,IN-RANGE,RandomForestRegressor,Morgan,1.2652472129522125,1.0398105541483504
14761283,3,IN-RANGE,RandomForestRegressor,Morgan,1.3081843338666106,1.0413926851582251
14761285,3,IN-RANGE,RandomForestRegressor,Morgan,1.2027249651150764,1.0413926851582251
14761289,3,IN-RANGE,RandomForestRegressor,Morgan,1.6053702323515104,1.0499928569201427
14761290,3,IN-RANGE,RandomForestRegressor,Morgan,1.439142232776815,1.0499928569201427
14761302,3,IN-RANGE,RandomForestRegressor,Morgan,1.2046547384289028,1.070037866607755
14761311,3,IN-RANGE,RandomForestRegressor,Morgan,1.552998378958716,1.0791812460476249
14761321,3,IN-RANGE,RandomForestRegressor,Morgan,1.0166633857107876,1.0791812460476249
14761331,3,IN-RANGE,RandomForestRegressor,Morgan,1.1329355476588654,1.0799044676667207
14761357,3,IN-RANGE,RandomForestRegressor,Morgan,1.2181113074174725,1.1099158630237933
14761370,3,IN-RANGE,RandomForestRegressor,Morgan,1.230028229161518,1.1139433523068367
14761371,3,IN-RANGE,RandomForestRegressor,Morgan,1.2350291779246008,1.1139433523068367
14761386,3,IN-RANGE,RandomForestRegressor,Morgan,1.3080517285126518,1.1300119496719043
14762210,3,IN-RANGE,RandomForestRegressor,Morgan,1.0706615280485934,1.130333768495006
14762229,3,IN-RANGE,RandomForestRegressor,Morgan,1.4825398220067558,1.146128035678238
14762234,3,IN-RANGE,RandomForestRegressor,Morgan,1.5407920308589862,1.146128035678238
14762235,3,IN-RANGE,RandomForestRegressor,Morgan,1.4254387714866437,1.146128035678238
14762253,3,IN-RANGE,RandomForestRegressor,Morgan,1.3613107594120788,1.1598678470925667
14762271,3,IN-RANGE,RandomForestRegressor,Morgan,1.2319999092890341,1.1760912590556813
14762276,3,IN-RANGE,RandomForestRegressor,Morgan,1.5148506977607696,1.1760912590556813
14762283,3,IN-RANGE,RandomForestRegressor,Morgan,1.2589593977840439,1.180125875164054
14762292,3,IN-RANGE,RandomForestRegressor,Morgan,1.369541895397341,1.19506899646859
14762295,3,IN-RANGE,RandomForestRegressor,Morgan,1.405735018509537,1.2000292665537702
14762296,3,IN-RANGE,RandomForestRegressor,Morgan,1.1904588791402027,1.2000292665537702
14762304,3,IN-RANGE,RandomForestRegressor,Morgan,1.1826771498237316,1.2041199826559248
14762336,3,IN-RANGE,RandomForestRegressor,Morgan,1.2437876723701735,1.2387985627139169
14762346,3,IN-RANGE,RandomForestRegressor,Morgan,1.442966755004573,1.2400497721126476
14762348,3,IN-RANGE,RandomForestRegressor,Morgan,1.0888058665934333,1.2430380486862944
14762355,3,IN-RANGE,RandomForestRegressor,Morgan,1.024493694602968,1.249931756634195
14762388,3,IN-RANGE,RandomForestRegressor,Morgan,1.3596018215212515,1.2787536009528289
14762424,3,IN-RANGE,RandomForestRegressor,Morgan,1.4801213512750906,1.3010299956639813
14762462,3,IN-RANGE,RandomForestRegressor,Morgan,1.386013743451345,1.330007700872759
14762463,3,IN-RANGE,RandomForestRegressor,Morgan,1.581400320142973,1.330007700872759
14763276,3,IN-RANGE,RandomForestRegressor,Morgan,1.3634683532689402,1.3729120029701065
14763295,3,IN-RANGE,RandomForestRegressor,Morgan,1.3186182098287924,1.3900514964589872
14763296,3,IN-RANGE,RandomForestRegressor,Morgan,1.2157396576268749,1.3900514964589872
14763298,3,IN-RANGE,RandomForestRegressor,Morgan,1.4168752584178403,1.3900514964589872
14763323,3,IN-RANGE,RandomForestRegressor,Morgan,1.3826110225487462,1.414973347970818
14763344,3,IN-RANGE,RandomForestRegressor,Morgan,1.4151855352119709,1.4313637641589874
14763347,3,IN-RANGE,RandomForestRegressor,Morgan,1.5492116527313644,1.4313637641589874
14763348,3,IN-RANGE,RandomForestRegressor,Morgan,1.3376281066949296,1.4313637641589874
14763352,3,IN-RANGE,RandomForestRegressor,Morgan,1.2352690970465032,1.4393326938302626
14763369,3,IN-RANGE,RandomForestRegressor,Morgan,1.2620240558603415,1.4471580313422192
14763376,3,IN-RANGE,RandomForestRegressor,Morgan,1.1910925029445378,1.4499409887733377
14763386,3,IN-RANGE,RandomForestRegressor,Morgan,1.299694491856279,1.462397997898956
14763387,3,IN-RANGE,RandomForestRegressor,Morgan,1.446312550851702,1.462397997898956
14763394,3,IN-RANGE,RandomForestRegressor,Morgan,1.2088556533745833,1.4699692094999595
14763402,3,IN-RANGE,RandomForestRegressor,Morgan,1.1222204610456,1.478999131673357
14763407,3,IN-RANGE,RandomForestRegressor,Morgan,1.2230355128558945,1.4800069429571505
14763408,3,IN-RANGE,RandomForestRegressor,Morgan,1.378161158639913,1.4800069429571505
14763409,3,IN-RANGE,RandomForestRegressor,Morgan,1.233806147065601,1.4818724103106635
14763411,3,IN-RANGE,RandomForestRegressor,Morgan,1.2376678930002947,1.4842998393467859
14763412,3,IN-RANGE,RandomForestRegressor,Morgan,1.407506420261696,1.4842998393467859
14763424,3,IN-RANGE,RandomForestRegressor,Morgan,1.4093964324648416,1.4913616938342726
14763430,3,IN-RANGE,RandomForestRegressor,Morgan,1.3376284142102282,1.4999618655961902
14763446,3,IN-RANGE,RandomForestRegressor,Morgan,1.6083219415958987,1.5185139398778875
14763455,3,IN-RANGE,RandomForestRegressor,Morgan,1.346355421369899,1.5299434016586693
14763464,3,IN-RANGE,RandomForestRegressor,Morgan,1.2350030109912116,1.5399538416563967
14763473,3,IN-RANGE,RandomForestRegressor,Morgan,1.2677171759582924,1.5440680443502757
14763475,3,IN-RANGE,RandomForestRegressor,Morgan,1.4705933198957057,1.5440680443502757
14763476,3,IN-RANGE,RandomForestRegressor,Morgan,1.374594692726463,1.5440680443502757
14763489,3,IN-RANGE,RandomForestRegressor,Morgan,1.272868794184315,1.5563025007672873
14763495,3,IN-RANGE,RandomForestRegressor,Morgan,1.5314230283202448,1.5600262489128924
14764294,3,IN-RANGE,RandomForestRegressor,Morgan,1.2197276209553984,1.5899496013257077
14764295,3,IN-RANGE,RandomForestRegressor,Morgan,1.2106838158829496,1.5899496013257077
14764305,3,IN-RANGE,RandomForestRegressor,Morgan,1.3686038486392547,1.600210306409328
14764310,3,IN-RANGE,RandomForestRegressor,Morgan,1.7252403546251336,1.6074550232146685
14764325,3,IN-RANGE,RandomForestRegressor,Morgan,1.4676286766601845,1.6200318951262973
14764329,3,IN-RANGE,RandomForestRegressor,Morgan,1.5489217932619161,1.6232492903979006
14764331,3,IN-RANGE,RandomForestRegressor,Morgan,1.4000969093210074,1.6232492903979006
14764332,3,IN-RANGE,RandomForestRegressor,Morgan,1.369272734140716,1.6232492903979006
14764380,3,IN-RANGE,RandomForestRegressor,Morgan,1.477354336882495,1.6699673699085043
14764388,3,IN-RANGE,RandomForestRegressor,Morgan,1.5325077863549936,1.6872613462435064
14764405,3,IN-RANGE,RandomForestRegressor,Morgan,1.3165252044890026,1.7032913781186614
14764415,3,IN-RANGE,RandomForestRegressor,Morgan,1.2301485188093568,1.7100326990657535
14764438,3,IN-RANGE,RandomForestRegressor,Morgan,1.5144804108418302,1.7363965022766426
14764474,3,IN-RANGE,RandomForestRegressor,Morgan,1.3179333325431748,1.7708520116421442
14764496,3,IN-RANGE,RandomForestRegressor,Morgan,1.5062377352993455,1.7993405494535817
14764505,3,IN-RANGE,RandomForestRegressor,Morgan,1.4300973909827488,1.806179973983887
14764513,3,IN-RANGE,RandomForestRegressor,Morgan,1.0463261254284304,1.8100307864058394
14764519,3,IN-RANGE,RandomForestRegressor,Morgan,1.6454315538987272,1.8195439355418688
14764523,3,IN-RANGE,RandomForestRegressor,Morgan,1.3842675787171412,1.8195439355418688
14764530,3,IN-RANGE,RandomForestRegressor,Morgan,1.3304356117402036,1.8200043068083178
14764536,3,IN-RANGE,RandomForestRegressor,Morgan,1.167778920134325,1.8300109359361179
14764538,3,IN-RANGE,RandomForestRegressor,Morgan,1.4599608795345922,1.8325089127062364
14765314,3,IN-RANGE,RandomForestRegressor,Morgan,1.3713197263549426,1.8388490907372552
14765333,3,IN-RANGE,RandomForestRegressor,Morgan,1.4040362495449907,1.8573324964312685
14765365,3,IN-RANGE,RandomForestRegressor,Morgan,1.2740140237653015,1.8899736384039962
14765380,3,IN-RANGE,RandomForestRegressor,Morgan,0.8616452658185467,1.9138138523837167
14765385,3,IN-RANGE,RandomForestRegressor,Morgan,1.2919952666085037,1.920018916028915
14765386,3,IN-RANGE,RandomForestRegressor,Morgan,1.212896715682612,1.9233994661587164
14765405,3,IN-RANGE,RandomForestRegressor,Morgan,1.3953220887452564,1.9400181550076632
14765424,3,IN-RANGE,RandomForestRegressor,Morgan,1.1965318211107532,1.9700212658283658
14765431,3,IN-RANGE,RandomForestRegressor,Morgan,1.3694879614960735,1.9800033715837464
14765435,3,IN-RANGE,RandomForestRegressor,Morgan,1.2668156089109701,1.989983458301399
14765462,3,IN-RANGE,RandomForestRegressor,Morgan,1.5400495030779036,2.019988159591285
14765486,3,IN-RANGE,RandomForestRegressor,Morgan,1.5726686025178203,2.0499928569201424
14765499,3,IN-RANGE,RandomForestRegressor,Morgan,1.2789713170121941,2.070000903802345
14765504,3,IN-RANGE,RandomForestRegressor,Morgan,1.3770146590975625,2.0791812460476247
14765508,3,IN-RANGE,RandomForestRegressor,Morgan,1.1789668344989612,2.0800128471079278
14765520,3,IN-RANGE,RandomForestRegressor,Morgan,1.4974025834303313,2.0999912335446846
14765561,3,IN-RANGE,RandomForestRegressor,Morgan,1.3151103367955022,2.159988050381987
14765563,3,IN-RANGE,RandomForestRegressor,Morgan,1.265731902670124,2.164352855784437
14766490,3,ABOVE,RandomForestRegressor,Morgan,1.295807366399443,
14766494,3,ABOVE,RandomForestRegressor,Morgan,1.5872681452647948,
14766500,3,ABOVE,RandomForestRegressor,Morgan,1.3899969519981263,
14766502,3,ABOVE,RandomForestRegressor,Morgan,1.2888985761305805,
14766505,3,ABOVE,RandomForestRegressor,Morgan,1.453801212754393,
14766510,3,ABOVE,RandomForestRegressor,Morgan,1.468005672502177,
14766515,3,ABOVE,RandomForestRegressor,Morgan,1.338902750229793,
14766520,3,ABOVE,RandomForestRegressor,Morgan,1.2889538828444256,
14766521,3,ABOVE,RandomForestRegressor,Morgan,1.362438752036957,
14766524,3,ABOVE,RandomForestRegressor,Morgan,1.3260967559124166,
14766526,3,ABOVE,RandomForestRegressor,Morgan,1.2211442665828343,
14766528,3,ABOVE,RandomForestRegressor,Morgan,1.3449988172120106,
14766533,3,ABOVE,RandomForestRegressor,Morgan,1.4559425788672942,
14766535,3,ABOVE,RandomForestRegressor,Morgan,1.3318140665211484,
14766537,3,ABOVE,RandomForestRegressor,Morgan,1.3998043993947726,
14766540,3,ABOVE,RandomForestRegressor,Morgan,1.1754276006650222,
14766548,3,ABOVE,RandomForestRegressor,Morgan,1.7461180848152364,
14769815,3,BELOW,RandomForestRegressor,Morgan,1.431555444462269,
14769832,3,BELOW,RandomForestRegressor,Morgan,1.3383394024992938,
14769842,3,BELOW,RandomForestRegressor,Morgan,0.7837657556992726,
14769849,3,BELOW,RandomForestRegressor,Morgan,0.8019780418450124,
14769855,3,BELOW,RandomForestRegressor,Morgan,1.161235020572354,
14769856,3,BELOW,RandomForestRegressor,Morgan,1.3453254541260133,
14769862,3,BELOW,RandomForestRegressor,Morgan,1.352212372532439,
14769877,3,BELOW,RandomForestRegressor,Morgan,0.8553843410355197,
14769880,3,BELOW,RandomForestRegressor,Morgan,1.136567047124523,
14769884,3,BELOW,RandomForestRegressor,Morgan,1.3848814244238985,
14769885,3,BELOW,RandomForestRegressor,Morgan,1.4393800443390008,
14758725,4,BELOW,mean_baseline,none,1.3172287852469542,
14758725,4,BELOW,median_baseline,none,1.3010299956639813,
14758736,4,BELOW,mean_baseline,none,1.3172287852469542,
14758736,4,BELOW,median_baseline,none,1.3010299956639813,
14758740,4,BELOW,mean_baseline,none,1.3172287852469542,
14758740,4,BELOW,median_baseline,none,1.3010299956639813,
14758742,4,BELOW,mean_baseline,none,1.3172287852469542,
14758742,4,BELOW,median_baseline,none,1.3010299956639813,
14758745,4,BELOW,mean_baseline,none,1.3172287852469542,
14758745,4,BELOW,median_baseline,none,1.3010299956639813,
14758751,4,BELOW,mean_baseline,none,1.3172287852469542,
14758751,4,BELOW,median_baseline,none,1.3010299956639813,
14758759,4,BELOW,mean_baseline,none,1.3172287852469542,
14758759,4,BELOW,median_baseline,none,1.3010299956639813,
14758764,4,BELOW,mean_baseline,none,1.3172287852469542,
14758764,4,BELOW,median_baseline,none,1.3010299956639813,
14758765,4,BELOW,mean_baseline,none,1.3172287852469542,
14758765,4,BELOW,median_baseline,none,1.3010299956639813,
14758766,4,BELOW,mean_baseline,none,1.3172287852469542,
14758766,4,BELOW,median_baseline,none,1.3010299956639813,
14758768,4,BELOW,mean_baseline,none,1.3172287852469542,
14758768,4,BELOW,median_baseline,none,1.3010299956639813,
14758774,4,BELOW,mean_baseline,none,1.3172287852469542,
14758774,4,BELOW,median_baseline,none,1.3010299956639813,
14758778,4,BELOW,mean_baseline,none,1.3172287852469542,
14758778,4,BELOW,median_baseline,none,1.3010299956639813,
14758784,4,BELOW,mean_baseline,none,1.3172287852469542,
14758784,4,BELOW,median_baseline,none,1.3010299956639813,
14758785,4,BELOW,mean_baseline,none,1.3172287852469542,
14758785,4,BELOW,median_baseline,none,1.3010299956639813,
14758792,4,BELOW,mean_baseline,none,1.3172287852469542,
14758792,4,BELOW,median_baseline,none,1.3010299956639813,
14758799,4,BELOW,mean_baseline,none,1.3172287852469542,
14758799,4,BELOW,median_baseline,none,1.3010299956639813,
14758802,4,BELOW,mean_baseline,none,1.3172287852469542,
14758802,4,BELOW,median_baseline,none,1.3010299956639813,
14758805,4,BELOW,mean_baseline,none,1.3172287852469542,
14758805,4,BELOW,median_baseline,none,1.3010299956639813,
14758808,4,BELOW,mean_baseline,none,1.3172287852469542,
14758808,4,BELOW,median_baseline,none,1.3010299956639813,
14758810,4,BELOW,mean_baseline,none,1.3172287852469542,
14758810,4,BELOW,median_baseline,none,1.3010299956639813,
14758811,4,BELOW,mean_baseline,none,1.3172287852469542,
14758811,4,BELOW,median_baseline,none,1.3010299956639813,
14758815,4,BELOW,mean_baseline,none,1.3172287852469542,
14758815,4,BELOW,median_baseline,none,1.3010299956639813,
14758817,4,BELOW,mean_baseline,none,1.3172287852469542,
14758817,4,BELOW,median_baseline,none,1.3010299956639813,
14758822,4,BELOW,mean_baseline,none,1.3172287852469542,
14758822,4,BELOW,median_baseline,none,1.3010299956639813,
14758824,4,BELOW,mean_baseline,none,1.3172287852469542,
14758824,4,BELOW,median_baseline,none,1.3010299956639813,
14758833,4,BELOW,mean_baseline,none,1.3172287852469542,
14758833,4,BELOW,median_baseline,none,1.3010299956639813,
14758836,4,BELOW,mean_baseline,none,1.3172287852469542,
14758836,4,BELOW,median_baseline,none,1.3010299956639813,
14758842,4,BELOW,mean_baseline,none,1.3172287852469542,
14758842,4,BELOW,median_baseline,none,1.3010299956639813,
14758855,4,BELOW,mean_baseline,none,1.3172287852469542,
14758855,4,BELOW,median_baseline,none,1.3010299956639813,
14758860,4,BELOW,mean_baseline,none,1.3172287852469542,
14758860,4,BELOW,median_baseline,none,1.3010299956639813,
14758866,4,BELOW,mean_baseline,none,1.3172287852469542,
14758866,4,BELOW,median_baseline,none,1.3010299956639813,
14758867,4,BELOW,mean_baseline,none,1.3172287852469542,
14758867,4,BELOW,median_baseline,none,1.3010299956639813,
14758873,4,BELOW,mean_baseline,none,1.3172287852469542,
14758873,4,BELOW,median_baseline,none,1.3010299956639813,
14758896,4,BELOW,mean_baseline,none,1.3172287852469542,
14758896,4,BELOW,median_baseline,none,1.3010299956639813,
14758903,4,BELOW,mean_baseline,none,1.3172287852469542,
14758903,4,BELOW,median_baseline,none,1.3010299956639813,
14758909,4,BELOW,mean_baseline,none,1.3172287852469542,
14758909,4,BELOW,median_baseline,none,1.3010299956639813,
14758910,4,BELOW,mean_baseline,none,1.3172287852469542,
14758910,4,BELOW,median_baseline,none,1.3010299956639813,
14758911,4,BELOW,mean_baseline,none,1.3172287852469542,
14758911,4,BELOW,median_baseline,none,1.3010299956639813,
14758914,4,BELOW,mean_baseline,none,1.3172287852469542,
14758914,4,BELOW,median_baseline,none,1.3010299956639813,
14758916,4,BELOW,mean_baseline,none,1.3172287852469542,
14758916,4,BELOW,median_baseline,none,1.3010299956639813,
14758917,4,BELOW,mean_baseline,none,1.3172287852469542,
14758917,4,BELOW,median_baseline,none,1.3010299956639813,
14758974,4,IN-RANGE,mean_baseline,none,1.3172287852469542,0.6020599913279624
14758974,4,IN-RANGE,median_baseline,none,1.3010299956639813,0.6020599913279624
14758975,4,IN-RANGE,mean_baseline,none,1.3172287852469542,0.6020599913279624
14758975,4,IN-RANGE,median_baseline,none,1.3010299956639813,0.6020599913279624
14758977,4,IN-RANGE,mean_baseline,none,1.3172287852469542,0.6020599913279624
14758977,4,IN-RANGE,median_baseline,none,1.3010299956639813,0.6020599913279624
14758981,4,IN-RANGE,mean_baseline,none,1.3172287852469542,0.6020599913279624
14758981,4,IN-RANGE,median_baseline,none,1.3010299956639813,0.6020599913279624
14758982,4,IN-RANGE,mean_baseline,none,1.3172287852469542,0.6020599913279624
14758982,4,IN-RANGE,median_baseline,none,1.3010299956639813,0.6020599913279624
14758985,4,IN-RANGE,mean_baseline,none,1.3172287852469542,0.6020599913279624
14758985,4,IN-RANGE,median_baseline,none,1.3010299956639813,0.6020599913279624
14758998,4,IN-RANGE,mean_baseline,none,1.3172287852469542,0.6201360549737575
14758998,4,IN-RANGE,median_baseline,none,1.3010299956639813,0.6201360549737575
14759778,4,IN-RANGE,mean_baseline,none,1.3172287852469542,0.6599162000698503
14759778,4,IN-RANGE,median_baseline,none,1.3010299956639813,0.6599162000698503
14759783,4,IN-RANGE,mean_baseline,none,1.3172287852469542,0.6720978579357175
14759783,4,IN-RANGE,median_baseline,none,1.3010299956639813,0.6720978579357175
14759805,4,IN-RANGE,mean_baseline,none,1.3172287852469542,0.6989700043360189
14759805,4,IN-RANGE,median_baseline,none,1.3010299956639813,0.6989700043360189
14759807,4,IN-RANGE,mean_baseline,none,1.3172287852469542,0.6989700043360189
14759807,4,IN-RANGE,median_baseline,none,1.3010299956639813,0.6989700043360189
14759814,4,IN-RANGE,mean_baseline,none,1.3172287852469542,0.6989700043360189
14759814,4,IN-RANGE,median_baseline,none,1.3010299956639813,0.6989700043360189
14759815,4,IN-RANGE,mean_baseline,none,1.3172287852469542,0.6989700043360189
14759815,4,IN-RANGE,median_baseline,none,1.3010299956639813,0.6989700043360189
14759820,4,IN-RANGE,mean_baseline,none,1.3172287852469542,0.6989700043360189
14759820,4,IN-RANGE,median_baseline,none,1.3010299956639813,0.6989700043360189
14759822,4,IN-RANGE,mean_baseline,none,1.3172287852469542,0.6989700043360189
14759822,4,IN-RANGE,median_baseline,none,1.3010299956639813,0.6989700043360189
14759855,4,IN-RANGE,mean_baseline,none,1.3172287852469542,0.7299742856995556
14759855,4,IN-RANGE,median_baseline,none,1.3010299956639813,0.7299742856995556
14759865,4,IN-RANGE,mean_baseline,none,1.3172287852469542,0.7481880270062004
14759865,4,IN-RANGE,median_baseline,none,1.3010299956639813,0.7481880270062004
14759899,4,IN-RANGE,mean_baseline,none,1.3172287852469542,0.7781512503836436
14759899,4,IN-RANGE,median_baseline,none,1.3010299956639813,0.7781512503836436
14759909,4,IN-RANGE,mean_baseline,none,1.3172287852469542,0.7781512503836436
14759909,4,IN-RANGE,median_baseline,none,1.3010299956639813,0.7781512503836436
14759910,4,IN-RANGE,mean_baseline,none,1.3172287852469542,0.7781512503836436
14759910,4,IN-RANGE,median_baseline,none,1.3010299956639813,0.7781512503836436
14759912,4,IN-RANGE,mean_baseline,none,1.3172287852469542,0.7781512503836436
14759912,4,IN-RANGE,median_baseline,none,1.3010299956639813,0.7781512503836436
14759914,4,IN-RANGE,mean_baseline,none,1.3172287852469542,0.7803173121401513
14759914,4,IN-RANGE,median_baseline,none,1.3010299956639813,0.7803173121401513
14759921,4,IN-RANGE,mean_baseline,none,1.3172287852469542,0.7902851640332417
14759921,4,IN-RANGE,median_baseline,none,1.3010299956639813,0.7902851640332417
14759932,4,IN-RANGE,mean_baseline,none,1.3172287852469542,0.8000293592441343
14759932,4,IN-RANGE,median_baseline,none,1.3010299956639813,0.8000293592441343
14759938,4,IN-RANGE,mean_baseline,none,1.3172287852469542,0.8129133566428556
14759938,4,IN-RANGE,median_baseline,none,1.3010299956639813,0.8129133566428556
14759950,4,IN-RANGE,mean_baseline,none,1.3172287852469542,0.829946695941636
14759950,4,IN-RANGE,median_baseline,none,1.3010299956639813,0.829946695941636
14759956,4,IN-RANGE,mean_baseline,none,1.3172287852469542,0.8401060944567578
14759956,4,IN-RANGE,median_baseline,none,1.3010299956639813,0.8401060944567578
14759957,4,IN-RANGE,mean_baseline,none,1.3172287852469542,0.8401060944567578
14759957,4,IN-RANGE,median_baseline,none,1.3010299956639813,0.8401060944567578
14759967,4,IN-RANGE,mean_baseline,none,1.3172287852469542,0.8450980400142568
14759967,4,IN-RANGE,median_baseline,none,1.3010299956639813,0.8450980400142568
14759974,4,IN-RANGE,mean_baseline,none,1.3172287852469542,0.8450980400142568
14759974,4,IN-RANGE,median_baseline,none,1.3010299956639813,0.8450980400142568
14759976,4,IN-RANGE,mean_baseline,none,1.3172287852469542,0.8450980400142568
14759976,4,IN-RANGE,median_baseline,none,1.3010299956639813,0.8450980400142568
14759984,4,IN-RANGE,mean_baseline,none,1.3172287852469542,0.8450980400142568
14759984,4,IN-RANGE,median_baseline,none,1.3010299956639813,0.8450980400142568
14759998,4,IN-RANGE,mean_baseline,none,1.3172287852469542,0.8698182079793282
14759998,4,IN-RANGE,median_baseline,none,1.3010299956639813,0.8698182079793282
14760035,4,IN-RANGE,mean_baseline,none,1.3172287852469542,0.9030899869919435
14760035,4,IN-RANGE,median_baseline,none,1.3010299956639813,0.9030899869919435
14761138,4,IN-RANGE,mean_baseline,none,1.3172287852469542,0.9206450014067876
14761138,4,IN-RANGE,median_baseline,none,1.3010299956639813,0.9206450014067876
14761140,4,IN-RANGE,mean_baseline,none,1.3172287852469542,0.9294189257142927
14761140,4,IN-RANGE,median_baseline,none,1.3010299956639813,0.9294189257142927
14761168,4,IN-RANGE,mean_baseline,none,1.3172287852469542,0.9542425094393249
14761168,4,IN-RANGE,median_baseline,none,1.3010299956639813,0.9542425094393249
14761174,4,IN-RANGE,mean_baseline,none,1.3172287852469542,0.9542425094393249
14761174,4,IN-RANGE,median_baseline,none,1.3010299956639813,0.9542425094393249
14761182,4,IN-RANGE,mean_baseline,none,1.3172287852469542,0.9542425094393249
14761182,4,IN-RANGE,median_baseline,none,1.3010299956639813,0.9542425094393249
14761183,4,IN-RANGE,mean_baseline,none,1.3172287852469542,0.9542425094393249
14761183,4,IN-RANGE,median_baseline,none,1.3010299956639813,0.9542425094393249
14761229,4,IN-RANGE,mean_baseline,none,1.3172287852469542,1.0
14761229,4,IN-RANGE,median_baseline,none,1.3010299956639813,1.0
14761232,4,IN-RANGE,mean_baseline,none,1.3172287852469542,1.0
14761232,4,IN-RANGE,median_baseline,none,1.3010299956639813,1.0
14761235,4,IN-RANGE,mean_baseline,none,1.3172287852469542,1.0
14761235,4,IN-RANGE,median_baseline,none,1.3010299956639813,1.0
14761244,4,IN-RANGE,mean_baseline,none,1.3172287852469542,1.0098756337121602
14761244,4,IN-RANGE,median_baseline,none,1.3010299956639813,1.0098756337121602
14761252,4,IN-RANGE,mean_baseline,none,1.3172287852469542,1.021189299069938
14761252,4,IN-RANGE,median_baseline,none,1.3010299956639813,1.021189299069938
14761274,4,IN-RANGE,mean_baseline,none,1.3172287852469542,1.0413926851582251
14761274,4,IN-RANGE,median_baseline,none,1.3010299956639813,1.0413926851582251
14761275,4,IN-RANGE,mean_baseline,none,1.3172287852469542,1.0413926851582251
14761275,4,IN-RANGE,median_baseline,none,1.3010299956639813,1.0413926851582251
14761276,4,IN-RANGE,mean_baseline,none,1.3172287852469542,1.0413926851582251
14761276,4,IN-RANGE,median_baseline,none,1.3010299956639813,1.0413926851582251
14761282,4,IN-RANGE,mean_baseline,none,1.3172287852469542,1.0413926851582251
14761282,4,IN-RANGE,median_baseline,none,1.3010299956639813,1.0413926851582251
14761286,4,IN-RANGE,mean_baseline,none,1.3172287852469542,1.0413926851582251
14761286,4,IN-RANGE,median_baseline,none,1.3010299956639813,1.0413926851582251
14761299,4,IN-RANGE,mean_baseline,none,1.3172287852469542,1.0599418880619547
14761299,4,IN-RANGE,median_baseline,none,1.3010299956639813,1.0599418880619547
14761317,4,IN-RANGE,mean_baseline,none,1.3172287852469542,1.0791812460476249
14761317,4,IN-RANGE,median_baseline,none,1.3010299956639813,1.0791812460476249
14761322,4,IN-RANGE,mean_baseline,none,1.3172287852469542,1.0791812460476249
14761322,4,IN-RANGE,median_baseline,none,1.3010299956639813,1.0791812460476249
14761343,4,IN-RANGE,mean_baseline,none,1.3172287852469542,1.0969100130080565
14761343,4,IN-RANGE,median_baseline,none,1.3010299956639813,1.0969100130080565
14761348,4,IN-RANGE,mean_baseline,none,1.3172287852469542,1.1000257301078626
14761348,4,IN-RANGE,median_baseline,none,1.3010299956639813,1.1000257301078626
14761349,4,IN-RANGE,mean_baseline,none,1.3172287852469542,1.1000257301078626
14761349,4,IN-RANGE,median_baseline,none,1.3010299956639813,1.1000257301078626
14761365,4,IN-RANGE,mean_baseline,none,1.3172287852469542,1.1139433523068367
14761365,4,IN-RANGE,median_baseline,none,1.3010299956639813,1.1139433523068367
14761372,4,IN-RANGE,mean_baseline,none,1.3172287852469542,1.1139433523068367
14761372,4,IN-RANGE,median_baseline,none,1.3010299956639813,1.1139433523068367
14762238,4,IN-RANGE,mean_baseline,none,1.3172287852469542,1.146128035678238
14762238,4,IN-RANGE,median_baseline,none,1.3010299956639813,1.146128035678238
14762241,4,IN-RANGE,mean_baseline,none,1.3172287852469542,1.1501421618485586
14762241,4,IN-RANGE,median_baseline,none,1.3010299956639813,1.1501421618485586
14762244,4,IN-RANGE,mean_baseline,none,1.3172287852469542,1.1501421618485586
14762244,4,IN-RANGE,median_baseline,none,1.3010299956639813,1.1501421618485586
14762264,4,IN-RANGE,mean_baseline,none,1.3172287852469542,1.1699681739968923
14762264,4,IN-RANGE,median_baseline,none,1.3010299956639813,1.1699681739968923
14762275,4,IN-RANGE,mean_baseline,none,1.3172287852469542,1.1760912590556813
14762275,4,IN-RANGE,median_baseline,none,1.3010299956639813,1.1760912590556813
14762302,4,IN-RANGE,mean_baseline,none,1.3172287852469542,1.2041199826559248
14762302,4,IN-RANGE,median_baseline,none,1.3010299956639813,1.2041199826559248
14762306,4,IN-RANGE,mean_baseline,none,1.3172287852469542,1.2041199826559248
14762306,4,IN-RANGE,median_baseline,none,1.3010299956639813,1.2041199826559248
14762307,4,IN-RANGE,mean_baseline,none,1.3172287852469542,1.2041199826559248
14762307,4,IN-RANGE,median_baseline,none,1.3010299956639813,1.2041199826559248
14762345,4,IN-RANGE,mean_baseline,none,1.3172287852469542,1.2400497721126476
14762345,4,IN-RANGE,median_baseline,none,1.3010299956639813,1.2400497721126476
14762353,4,IN-RANGE,mean_baseline,none,1.3172287852469542,1.249931756634195
14762353,4,IN-RANGE,median_baseline,none,1.3010299956639813,1.249931756634195
14762362,4,IN-RANGE,mean_baseline,none,1.3172287852469542,1.255272505103306
14762362,4,IN-RANGE,median_baseline,none,1.3010299956639813,1.255272505103306
14762364,4,IN-RANGE,mean_baseline,none,1.3172287852469542,1.255272505103306
14762364,4,IN-RANGE,median_baseline,none,1.3010299956639813,1.255272505103306
14762365,4,IN-RANGE,mean_baseline,none,1.3172287852469542,1.255272505103306
14762365,4,IN-RANGE,median_baseline,none,1.3010299956639813,1.255272505103306
14762371,4,IN-RANGE,mean_baseline,none,1.3172287852469542,1.2600713879850747
14762371,4,IN-RANGE,median_baseline,none,1.3010299956639813,1.2600713879850747
14762373,4,IN-RANGE,mean_baseline,none,1.3172287852469542,1.2671717284030137
14762373,4,IN-RANGE,median_baseline,none,1.3010299956639813,1.2671717284030137
14762377,4,IN-RANGE,mean_baseline,none,1.3172287852469542,1.2699796766453237
14762377,4,IN-RANGE,median_baseline,none,1.3010299956639813,1.2699796766453237
14762404,4,IN-RANGE,mean_baseline,none,1.3172287852469542,1.290034611362518
14762404,4,IN-RANGE,median_baseline,none,1.3010299956639813,1.290034611362518
14762417,4,IN-RANGE,mean_baseline,none,1.3172287852469542,1.299942900022767
14762417,4,IN-RANGE,median_baseline,none,1.3010299956639813,1.299942900022767
14762428,4,IN-RANGE,mean_baseline,none,1.3172287852469542,1.3010299956639813
14762428,4,IN-RANGE,median_baseline,none,1.3010299956639813,1.3010299956639813
14762434,4,IN-RANGE,mean_baseline,none,1.3172287852469542,1.3100557377508915
14762434,4,IN-RANGE,median_baseline,none,1.3010299956639813,1.3100557377508915
14762451,4,IN-RANGE,mean_baseline,none,1.3172287852469542,1.3222192947339193
14762451,4,IN-RANGE,median_baseline,none,1.3010299956639813,1.3222192947339193
14762453,4,IN-RANGE,mean_baseline,none,1.3172287852469542,1.3222192947339193
14762453,4,IN-RANGE,median_baseline,none,1.3010299956639813,1.3222192947339193
14763246,4,IN-RANGE,mean_baseline,none,1.3172287852469542,1.3400473176613932
14763246,4,IN-RANGE,median_baseline,none,1.3010299956639813,1.3400473176613932
14763251,4,IN-RANGE,mean_baseline,none,1.3172287852469542,1.3424226808222062
14763251,4,IN-RANGE,median_baseline,none,1.3010299956639813,1.3424226808222062
14763265,4,IN-RANGE,mean_baseline,none,1.3172287852469542,1.3617278360175928
14763265,4,IN-RANGE,median_baseline,none,1.3010299956639813,1.3617278360175928
14763266,4,IN-RANGE,mean_baseline,none,1.3172287852469542,1.3617278360175928
14763266,4,IN-RANGE,median_baseline,none,1.3010299956639813,1.3617278360175928
14763273,4,IN-RANGE,mean_baseline,none,1.3172287852469542,1.3710678622717363
14763273,4,IN-RANGE,median_baseline,none,1.3010299956639813,1.3710678622717363
14763274,4,IN-RANGE,mean_baseline,none,1.3172287852469542,1.3710678622717363
14763274,4,IN-RANGE,median_baseline,none,1.3010299956639813,1.3710678622717363
14763288,4,IN-RANGE,mean_baseline,none,1.3172287852469542,1.380211241711606
14763288,4,IN-RANGE,median_baseline,none,1.3010299956639813,1.380211241711606
14763311,4,IN-RANGE,mean_baseline,none,1.3172287852469542,1.4000196350651586
14763311,4,IN-RANGE,median_baseline,none,1.3010299956639813,1.4000196350651586
14763325,4,IN-RANGE,mean_baseline,none,1.3172287852469542,1.414973347970818
14763325,4,IN-RANGE,median_baseline,none,1.3010299956639813,1.414973347970818
14763330,4,IN-RANGE,mean_baseline,none,1.3172287852469542,1.420450859106068
14763330,4,IN-RANGE,median_baseline,none,1.3010299956639813,1.420450859106068
14763360,4,IN-RANGE,mean_baseline,none,1.3172287852469542,1.4399639359209049
14763360,4,IN-RANGE,median_baseline,none,1.3010299956639813,1.4399639359209049
14763361,4,IN-RANGE,mean_baseline,none,1.3172287852469542,1.4399639359209049
14763361,4,IN-RANGE,median_baseline,none,1.3010299956639813,1.4399639359209049
14763368,4,IN-RANGE,mean_baseline,none,1.3172287852469542,1.4471580313422192
14763368,4,IN-RANGE,median_baseline,none,1.3010299956639813,1.4471580313422192
14763370,4,IN-RANGE,mean_baseline,none,1.3172287852469542,1.4471580313422192
14763370,4,IN-RANGE,median_baseline,none,1.3010299956639813,1.4471580313422192
14763398,4,IN-RANGE,mean_baseline,none,1.3172287852469542,1.4771212547196624
14763398,4,IN-RANGE,median_baseline,none,1.3010299956639813,1.4771212547196624
14763400,4,IN-RANGE,mean_baseline,none,1.3172287852469542,1.4771212547196624
14763400,4,IN-RANGE,median_baseline,none,1.3010299956639813,1.4771212547196624
14763419,4,IN-RANGE,mean_baseline,none,1.3172287852469542,1.4899584794248346
14763419,4,IN-RANGE,median_baseline,none,1.3010299956639813,1.4899584794248346
14763441,4,IN-RANGE,mean_baseline,none,1.3172287852469542,1.5185139398778875
14763441,4,IN-RANGE,median_baseline,none,1.3010299956639813,1.5185139398778875
14763442,4,IN-RANGE,mean_baseline,none,1.3172287852469542,1.5185139398778875
14763442,4,IN-RANGE,median_baseline,none,1.3010299956639813,1.5185139398778875
14763443,4,IN-RANGE,mean_baseline,none,1.3172287852469542,1.5185139398778875
14763443,4,IN-RANGE,median_baseline,none,1.3010299956639813,1.5185139398778875
14763454,4,IN-RANGE,mean_baseline,none,1.3172287852469542,1.5299434016586693
14763454,4,IN-RANGE,median_baseline,none,1.3010299956639813,1.5299434016586693
14763462,4,IN-RANGE,mean_baseline,none,1.3172287852469542,1.5399538416563967
14763462,4,IN-RANGE,median_baseline,none,1.3010299956639813,1.5399538416563967
14763474,4,IN-RANGE,mean_baseline,none,1.3172287852469542,1.5440680443502757
14763474,4,IN-RANGE,median_baseline,none,1.3010299956639813,1.5440680443502757
14763484,4,IN-RANGE,mean_baseline,none,1.3172287852469542,1.5499836111596887
14763484,4,IN-RANGE,median_baseline,none,1.3010299956639813,1.5499836111596887
14764280,4,IN-RANGE,mean_baseline,none,1.3172287852469542,1.5797835966168101
14764280,4,IN-RANGE,median_baseline,none,1.3010299956639813,1.5797835966168101
14764281,4,IN-RANGE,mean_baseline,none,1.3172287852469542,1.5797835966168101
14764281,4,IN-RANGE,median_baseline,none,1.3010299956639813,1.5797835966168101
14764299,4,IN-RANGE,mean_baseline,none,1.3172287852469542,1.5938396610812713
14764299,4,IN-RANGE,median_baseline,none,1.3010299956639813,1.5938396610812713
14764342,4,IN-RANGE,mean_baseline,none,1.3172287852469542,1.63002085111341
14764342,4,IN-RANGE,median_baseline,none,1.3010299956639813,1.63002085111341
14764343,4,IN-RANGE,mean_baseline,none,1.3172287852469542,1.63002085111341
14764343,4,IN-RANGE,median_baseline,none,1.3010299956639813,1.63002085111341
14764362,4,IN-RANGE,mean_baseline,none,1.3172287852469542,1.6500159524718385
14764362,4,IN-RANGE,median_baseline,none,1.3010299956639813,1.6500159524718385
14764381,4,IN-RANGE,mean_baseline,none,1.3172287852469542,1.6699673699085043
14764381,4,IN-RANGE,median_baseline,none,1.3010299956639813,1.6699673699085043
14764396,4,IN-RANGE,mean_baseline,none,1.3172287852469542,1.6989700043360187
14764396,4,IN-RANGE,median_baseline,none,1.3010299956639813,1.6989700043360187
14764416,4,IN-RANGE,mean_baseline,none,1.3172287852469542,1.7100326990657535
14764416,4,IN-RANGE,median_baseline,none,1.3010299956639813,1.7100326990657535
14764453,4,IN-RANGE,mean_baseline,none,1.3172287852469542,1.7481880270062005
14764453,4,IN-RANGE,median_baseline,none,1.3010299956639813,1.7481880270062005
14764458,4,IN-RANGE,mean_baseline,none,1.3172287852469542,1.749968083509403
14764458,4,IN-RANGE,median_baseline,none,1.3010299956639813,1.749968083509403
14764485,4,IN-RANGE,mean_baseline,none,1.3172287852469542,1.7800291273373383
14764485,4,IN-RANGE,median_baseline,none,1.3010299956639813,1.7800291273373383
14764500,4,IN-RANGE,mean_baseline,none,1.3172287852469542,1.8000293592441343
14764500,4,IN-RANGE,median_baseline,none,1.3010299956639813,1.8000293592441343
14764521,4,IN-RANGE,mean_baseline,none,1.3172287852469542,1.8195439355418688
14764521,4,IN-RANGE,median_baseline,none,1.3010299956639813,1.8195439355418688
14764525,4,IN-RANGE,mean_baseline,none,1.3172287852469542,1.8195439355418688
14764525,4,IN-RANGE,median_baseline,none,1.3010299956639813,1.8195439355418688
14764529,4,IN-RANGE,mean_baseline,none,1.3172287852469542,1.8200043068083178
14764529,4,IN-RANGE,median_baseline,none,1.3010299956639813,1.8200043068083178
14764531,4,IN-RANGE,mean_baseline,none,1.3172287852469542,1.8200043068083178
14764531,4,IN-RANGE,median_baseline,none,1.3010299956639813,1.8200043068083178
14764537,4,IN-RANGE,mean_baseline,none,1.3172287852469542,1.8300109359361179
14764537,4,IN-RANGE,median_baseline,none,1.3010299956639813,1.8300109359361179
14765332,4,IN-RANGE,mean_baseline,none,1.3172287852469542,1.8573324964312685
14765332,4,IN-RANGE,median_baseline,none,1.3010299956639813,1.8573324964312685
14765341,4,IN-RANGE,mean_baseline,none,1.3172287852469542,1.863322860120456
14765341,4,IN-RANGE,median_baseline,none,1.3010299956639813,1.863322860120456
14765344,4,IN-RANGE,mean_baseline,none,1.3172287852469542,1.8692317197309762
14765344,4,IN-RANGE,median_baseline,none,1.3010299956639813,1.8692317197309762
14765352,4,IN-RANGE,mean_baseline,none,1.3172287852469542,1.8750612633917
14765352,4,IN-RANGE,median_baseline,none,1.3010299956639813,1.8750612633917
14765354,4,IN-RANGE,mean_baseline,none,1.3172287852469542,1.8750612633917
14765354,4,IN-RANGE,median_baseline,none,1.3010299956639813,1.8750612633917
14765358,4,IN-RANGE,mean_baseline,none,1.3172287852469542,1.8800128383667718
14765358,4,IN-RANGE,median_baseline,none,1.3010299956639813,1.8800128383667718
14765368,4,IN-RANGE,mean_baseline,none,1.3172287852469542,1.8976270912904414
14765368,4,IN-RANGE,median_baseline,none,1.3010299956639813,1.8976270912904414
14765370,4,IN-RANGE,mean_baseline,none,1.3172287852469542,1.899984562549391
14765370,4,IN-RANGE,median_baseline,none,1.3010299956639813,1.899984562549391
14765371,4,IN-RANGE,mean_baseline,none,1.3172287852469542,1.899984562549391
14765371,4,IN-RANGE,median_baseline,none,1.3010299956639813,1.899984562549391
14765413,4,IN-RANGE,mean_baseline,none,1.3172287852469542,1.9500239065233265
14765413,4,IN-RANGE,median_baseline,none,1.3010299956639813,1.9500239065233265
14765441,4,IN-RANGE,mean_baseline,none,1.3172287852469542,1.99563519459755
14765441,4,IN-RANGE,median_baseline,none,1.3010299956639813,1.99563519459755
14765451,4,IN-RANGE,mean_baseline,none,1.3172287852469542,2.012837224705172
14765451,4,IN-RANGE,median_baseline,none,1.3010299956639813,2.012837224705172
14765454,4,IN-RANGE,mean_baseline,none,1.3172287852469542,2.0170333392987803
14765454,4,IN-RANGE,median_baseline,none,1.3010299956639813,2.0170333392987803
14765473,4,IN-RANGE,mean_baseline,none,1.3172287852469542,2.0299921753778474
14765473,4,IN-RANGE,median_baseline,none,1.3010299956639813,2.0299921753778474
14765481,4,IN-RANGE,mean_baseline,none,1.3172287852469542,2.0453229787866576
14765481,4,IN-RANGE,median_baseline,none,1.3010299956639813,2.0453229787866576
14765482,4,IN-RANGE,mean_baseline,none,1.3172287852469542,2.0492180226701815
14765482,4,IN-RANGE,median_baseline,none,1.3010299956639813,2.0492180226701815
14765495,4,IN-RANGE,mean_baseline,none,1.3172287852469542,2.0644579892269186
14765495,4,IN-RANGE,median_baseline,none,1.3010299956639813,2.0644579892269186
14765505,4,IN-RANGE,mean_baseline,none,1.3172287852469542,2.0791812460476247
14765505,4,IN-RANGE,median_baseline,none,1.3010299956639813,2.0791812460476247
14765514,4,IN-RANGE,mean_baseline,none,1.3172287852469542,2.090011024007147
14765514,4,IN-RANGE,median_baseline,none,1.3010299956639813,2.090011024007147
14765523,4,IN-RANGE,mean_baseline,none,1.3172287852469542,2.103803720955957
14765523,4,IN-RANGE,median_baseline,none,1.3010299956639813,2.103803720955957
14765531,4,IN-RANGE,mean_baseline,none,1.3172287852469542,2.110589710299249
14765531,4,IN-RANGE,median_baseline,none,1.3010299956639813,2.110589710299249
14765535,4,IN-RANGE,mean_baseline,none,1.3172287852469542,2.120014252078067
14765535,4,IN-RANGE,median_baseline,none,1.3010299956639813,2.120014252078067
14765542,4,IN-RANGE,mean_baseline,none,1.3172287852469542,2.1367205671564067
14765542,4,IN-RANGE,median_baseline,none,1.3010299956639813,2.1367205671564067
14765547,4,IN-RANGE,mean_baseline,none,1.3172287852469542,2.140004950619449
14765547,4,IN-RANGE,median_baseline,none,1.3010299956639813,2.140004950619449
14766491,4,ABOVE,mean_baseline,none,1.3172287852469542,
14766491,4,ABOVE,median_baseline,none,1.3010299956639813,
14766496,4,ABOVE,mean_baseline,none,1.3172287852469542,
14766496,4,ABOVE,median_baseline,none,1.3010299956639813,
14766501,4,ABOVE,mean_baseline,none,1.3172287852469542,
14766501,4,ABOVE,median_baseline,none,1.3010299956639813,
14766506,4,ABOVE,mean_baseline,none,1.3172287852469542,
14766506,4,ABOVE,median_baseline,none,1.3010299956639813,
14766507,4,ABOVE,mean_baseline,none,1.3172287852469542,
14766507,4,ABOVE,median_baseline,none,1.3010299956639813,
14766509,4,ABOVE,mean_baseline,none,1.3172287852469542,
14766509,4,ABOVE,median_baseline,none,1.3010299956639813,
14766516,4,ABOVE,mean_baseline,none,1.3172287852469542,
14766516,4,ABOVE,median_baseline,none,1.3010299956639813,
14766519,4,ABOVE,mean_baseline,none,1.3172287852469542,
14766519,4,ABOVE,median_baseline,none,1.3010299956639813,
14766523,4,ABOVE,mean_baseline,none,1.3172287852469542,
14766523,4,ABOVE,median_baseline,none,1.3010299956639813,
14766529,4,ABOVE,mean_baseline,none,1.3172287852469542,
14766529,4,ABOVE,median_baseline,none,1.3010299956639813,
14766531,4,ABOVE,mean_baseline,none,1.3172287852469542,
14766531,4,ABOVE,median_baseline,none,1.3010299956639813,
14766532,4,ABOVE,mean_baseline,none,1.3172287852469542,
14766532,4,ABOVE,median_baseline,none,1.3010299956639813,
14766534,4,ABOVE,mean_baseline,none,1.3172287852469542,
14766534,4,ABOVE,median_baseline,none,1.3010299956639813,
14766538,4,ABOVE,mean_baseline,none,1.3172287852469542,
14766538,4,ABOVE,median_baseline,none,1.3010299956639813,
14766560,4,ABOVE,mean_baseline,none,1.3172287852469542,
14766560,4,ABOVE,median_baseline,none,1.3010299956639813,
14766561,4,ABOVE,mean_baseline,none,1.3172287852469542,
14766561,4,ABOVE,median_baseline,none,1.3010299956639813,
14769819,4,BELOW,mean_baseline,none,1.3172287852469542,
14769819,4,BELOW,median_baseline,none,1.3010299956639813,
14769821,4,BELOW,mean_baseline,none,1.3172287852469542,
14769821,4,BELOW,median_baseline,none,1.3010299956639813,
14769829,4,BELOW,mean_baseline,none,1.3172287852469542,
14769829,4,BELOW,median_baseline,none,1.3010299956639813,
14769831,4,BELOW,mean_baseline,none,1.3172287852469542,
14769831,4,BELOW,median_baseline,none,1.3010299956639813,
14769839,4,BELOW,mean_baseline,none,1.3172287852469542,
14769839,4,BELOW,median_baseline,none,1.3010299956639813,
14769845,4,BELOW,mean_baseline,none,1.3172287852469542,
14769845,4,BELOW,median_baseline,none,1.3010299956639813,
14769857,4,BELOW,mean_baseline,none,1.3172287852469542,
14769857,4,BELOW,median_baseline,none,1.3010299956639813,
14769867,4,BELOW,mean_baseline,none,1.3172287852469542,
14769867,4,BELOW,median_baseline,none,1.3010299956639813,
14769870,4,BELOW,mean_baseline,none,1.3172287852469542,
14769870,4,BELOW,median_baseline,none,1.3010299956639813,
14769872,4,BELOW,mean_baseline,none,1.3172287852469542,
14769872,4,BELOW,median_baseline,none,1.3010299956639813,
14769881,4,BELOW,mean_baseline,none,1.3172287852469542,
14769881,4,BELOW,median_baseline,none,1.3010299956639813,
14769886,4,BELOW,mean_baseline,none,1.3172287852469542,
14769886,4,BELOW,median_baseline,none,1.3010299956639813,
14769889,4,BELOW,mean_baseline,none,1.3172287852469542,
14769889,4,BELOW,median_baseline,none,1.3010299956639813,
14758725,4,BELOW,Ridge,descriptors,1.2088054165335433,
14758736,4,BELOW,Ridge,descriptors,1.3130429420306329,
14758740,4,BELOW,Ridge,descriptors,1.276721504359858,
14758742,4,BELOW,Ridge,descriptors,1.2671601637809857,
14758745,4,BELOW,Ridge,descriptors,1.240345491400785,
14758751,4,BELOW,Ridge,descriptors,1.275532702113968,
14758759,4,BELOW,Ridge,descriptors,1.2434204776000606,
14758764,4,BELOW,Ridge,descriptors,1.2874052338052906,
14758765,4,BELOW,Ridge,descriptors,1.287029982691478,
14758766,4,BELOW,Ridge,descriptors,1.2834407358711297,
14758768,4,BELOW,Ridge,descriptors,1.2773588042602568,
14758774,4,BELOW,Ridge,descriptors,1.2850066068048138,
14758778,4,BELOW,Ridge,descriptors,1.2586929676782879,
14758784,4,BELOW,Ridge,descriptors,1.2874052338052904,
14758785,4,BELOW,Ridge,descriptors,1.2866308068929002,
14758792,4,BELOW,Ridge,descriptors,1.3018442398021746,
14758799,4,BELOW,Ridge,descriptors,1.3539475309040483,
14758802,4,BELOW,Ridge,descriptors,1.3922418312275289,
14758805,4,BELOW,Ridge,descriptors,1.4659241407320192,
14758808,4,BELOW,Ridge,descriptors,1.4632595412961997,
14758810,4,BELOW,Ridge,descriptors,1.4172065283367867,
14758811,4,BELOW,Ridge,descriptors,1.4079016529372974,
14758815,4,BELOW,Ridge,descriptors,1.2289210934471064,
14758817,4,BELOW,Ridge,descriptors,1.4379272773121623,
14758822,4,BELOW,Ridge,descriptors,1.1629046594554047,
14758824,4,BELOW,Ridge,descriptors,1.3322481705481328,
14758833,4,BELOW,Ridge,descriptors,1.3280063346552338,
14758836,4,BELOW,Ridge,descriptors,1.2682157054572927,
14758842,4,BELOW,Ridge,descriptors,1.2466606577637307,
14758855,4,BELOW,Ridge,descriptors,1.3242261664903916,
14758860,4,BELOW,Ridge,descriptors,1.2755327021139677,
14758866,4,BELOW,Ridge,descriptors,1.1496226075680616,
14758867,4,BELOW,Ridge,descriptors,1.366966848695306,
14758873,4,BELOW,Ridge,descriptors,1.2338911093902272,
14758896,4,BELOW,Ridge,descriptors,1.4287483707917978,
14758903,4,BELOW,Ridge,descriptors,1.235879476638791,
14758909,4,BELOW,Ridge,descriptors,1.2936393763504006,
14758910,4,BELOW,Ridge,descriptors,1.2366556874666343,
14758911,4,BELOW,Ridge,descriptors,1.1246223800826396,
14758914,4,BELOW,Ridge,descriptors,1.140848837890576,
14758916,4,BELOW,Ridge,descriptors,1.2176741991259228,
14758917,4,BELOW,Ridge,descriptors,1.3449571760367867,
14758974,4,IN-RANGE,Ridge,descriptors,1.301066829068019,0.6020599913279624
14758975,4,IN-RANGE,Ridge,descriptors,1.3189630141698385,0.6020599913279624
14758977,4,IN-RANGE,Ridge,descriptors,1.2789190345739705,0.6020599913279624
14758981,4,IN-RANGE,Ridge,descriptors,1.3129393607593414,0.6020599913279624
14758982,4,IN-RANGE,Ridge,descriptors,1.4121390346331453,0.6020599913279624
14758985,4,IN-RANGE,Ridge,descriptors,1.13688832460246,0.6020599913279624
14758998,4,IN-RANGE,Ridge,descriptors,1.2739429895128311,0.6201360549737575
14759778,4,IN-RANGE,Ridge,descriptors,1.3016353830994667,0.6599162000698503
14759783,4,IN-RANGE,Ridge,descriptors,1.277646505158729,0.6720978579357175
14759805,4,IN-RANGE,Ridge,descriptors,1.1790954661533044,0.6989700043360189
14759807,4,IN-RANGE,Ridge,descriptors,1.300691052690142,0.6989700043360189
14759814,4,IN-RANGE,Ridge,descriptors,1.2773588042602568,0.6989700043360189
14759815,4,IN-RANGE,Ridge,descriptors,1.3088745049444934,0.6989700043360189
14759820,4,IN-RANGE,Ridge,descriptors,1.3125635843814647,0.6989700043360189
14759822,4,IN-RANGE,Ridge,descriptors,1.4280018962397427,0.6989700043360189
14759855,4,IN-RANGE,Ridge,descriptors,1.5131547702176702,0.7299742856995556
14759865,4,IN-RANGE,Ridge,descriptors,1.3018442398021746,0.7481880270062004
14759899,4,IN-RANGE,Ridge,descriptors,1.2164960808272196,0.7781512503836436
14759909,4,IN-RANGE,Ridge,descriptors,1.2735292838035044,0.7781512503836436
14759910,4,IN-RANGE,Ridge,descriptors,1.3770353016072292,0.7781512503836436
14759912,4,IN-RANGE,Ridge,descriptors,1.2773588042602568,0.7781512503836436
14759914,4,IN-RANGE,Ridge,descriptors,1.3193143545487092,0.7803173121401513
14759921,4,IN-RANGE,Ridge,descriptors,1.2112805678846879,0.7902851640332417
14759932,4,IN-RANGE,Ridge,descriptors,1.1984789504812032,0.8000293592441343
14759938,4,IN-RANGE,Ridge,descriptors,1.4181002934165683,0.8129133566428556
14759950,4,IN-RANGE,Ridge,descriptors,1.1789595452666175,0.829946695941636
14759956,4,IN-RANGE,Ridge,descriptors,1.1078423687834595,0.8401060944567578
14759957,4,IN-RANGE,Ridge,descriptors,1.2137433247845364,0.8401060944567578
14759967,4,IN-RANGE,Ridge,descriptors,1.301066829068019,0.8450980400142568
14759974,4,IN-RANGE,Ridge,descriptors,1.4108110576740627,0.8450980400142568
14759976,4,IN-RANGE,Ridge,descriptors,1.3336832478265765,0.8450980400142568
14759984,4,IN-RANGE,Ridge,descriptors,1.4458681317533826,0.8450980400142568
14759998,4,IN-RANGE,Ridge,descriptors,1.3799582455641455,0.8698182079793282
14760035,4,IN-RANGE,Ridge,descriptors,1.35060358271394,0.9030899869919435
14761138,4,IN-RANGE,Ridge,descriptors,1.394387991008972,0.9206450014067876
14761140,4,IN-RANGE,Ridge,descriptors,1.4079016529372974,0.9294189257142927
14761168,4,IN-RANGE,Ridge,descriptors,1.3570164757093932,0.9542425094393249
14761174,4,IN-RANGE,Ridge,descriptors,1.2985512891863076,0.9542425094393249
14761182,4,IN-RANGE,Ridge,descriptors,1.2505611793217575,0.9542425094393249
14761183,4,IN-RANGE,Ridge,descriptors,1.2745446037789336,0.9542425094393249
14761229,4,IN-RANGE,Ridge,descriptors,1.2800229815586517,1.0
14761232,4,IN-RANGE,Ridge,descriptors,1.2974340771733044,1.0
14761235,4,IN-RANGE,Ridge,descriptors,1.4890768562726233,1.0
14761244,4,IN-RANGE,Ridge,descriptors,1.3266086561478736,1.0098756337121602
14761252,4,IN-RANGE,Ridge,descriptors,1.29051292362427,1.021189299069938
14761274,4,IN-RANGE,Ridge,descriptors,1.262922782085138,1.0413926851582251
14761275,4,IN-RANGE,Ridge,descriptors,1.3053620162045445,1.0413926851582251
14761276,4,IN-RANGE,Ridge,descriptors,1.3821535385398818,1.0413926851582251
14761282,4,IN-RANGE,Ridge,descriptors,1.4625109396372626,1.0413926851582251
14761286,4,IN-RANGE,Ridge,descriptors,1.4191905955002209,1.0413926851582251
14761299,4,IN-RANGE,Ridge,descriptors,1.281607554777965,1.0599418880619547
14761317,4,IN-RANGE,Ridge,descriptors,1.3500865826351123,1.0791812460476249
14761322,4,IN-RANGE,Ridge,descriptors,1.4223376751124162,1.0791812460476249
14761343,4,IN-RANGE,Ridge,descriptors,1.1758767219746198,1.0969100130080565
14761348,4,IN-RANGE,Ridge,descriptors,1.305432695053139,1.1000257301078626
14761349,4,IN-RANGE,Ridge,descriptors,1.3235517362445568,1.1000257301078626
14761365,4,IN-RANGE,Ridge,descriptors,1.1283158362513728,1.1139433523068367
14761372,4,IN-RANGE,Ridge,descriptors,1.4939964122029339,1.1139433523068367
14762238,4,IN-RANGE,Ridge,descriptors,1.3187299569947208,1.146128035678238
14762241,4,IN-RANGE,Ridge,descriptors,1.281607554777965,1.1501421618485586
14762244,4,IN-RANGE,Ridge,descriptors,1.3922418312275289,1.1501421618485586
14762264,4,IN-RANGE,Ridge,descriptors,1.1869834502005887,1.1699681739968923
14762275,4,IN-RANGE,Ridge,descriptors,1.1623284465302017,1.1760912590556813
14762302,4,IN-RANGE,Ridge,descriptors,1.1449971736553695,1.2041199826559248
14762306,4,IN-RANGE,Ridge,descriptors,1.2639801411473213,1.2041199826559248
14762307,4,IN-RANGE,Ridge,descriptors,1.4614509374372093,1.2041199826559248
14762345,4,IN-RANGE,Ridge,descriptors,1.309970898357265,1.2400497721126476
14762353,4,IN-RANGE,Ridge,descriptors,1.2777578365117441,1.249931756634195
14762362,4,IN-RANGE,Ridge,descriptors,1.227965109283496,1.255272505103306
14762364,4,IN-RANGE,Ridge,descriptors,1.399426889545602,1.255272505103306
14762365,4,IN-RANGE,Ridge,descriptors,1.3555227179316807,1.255272505103306
14762371,4,IN-RANGE,Ridge,descriptors,1.1853534059667477,1.2600713879850747
14762373,4,IN-RANGE,Ridge,descriptors,1.4121390346331453,1.2671717284030137
14762377,4,IN-RANGE,Ridge,descriptors,1.4644595485181835,1.2699796766453237
14762404,4,IN-RANGE,Ridge,descriptors,1.1641613750262296,1.290034611362518
14762417,4,IN-RANGE,Ridge,descriptors,1.4637014098929475,1.299942900022767
14762428,4,IN-RANGE,Ridge,descriptors,1.2646415592508058,1.3010299956639813
14762434,4,IN-RANGE,Ridge,descriptors,1.229955356562979,1.3100557377508915
14762451,4,IN-RANGE,Ridge,descriptors,1.4494559643225058,1.3222192947339193
14762453,4,IN-RANGE,Ridge,descriptors,1.2463331697171953,1.3222192947339193
14763246,4,IN-RANGE,Ridge,descriptors,1.1092032251899684,1.3400473176613932
14763251,4,IN-RANGE,Ridge,descriptors,1.3498280259090087,1.3424226808222062
14763265,4,IN-RANGE,Ridge,descriptors,1.3861699303585748,1.3617278360175928
14763266,4,IN-RANGE,Ridge,descriptors,1.3018442398021746,1.3617278360175928
14763273,4,IN-RANGE,Ridge,descriptors,1.2542656249177386,1.3710678622717363
14763274,4,IN-RANGE,Ridge,descriptors,1.4336898956163144,1.3710678622717363
14763288,4,IN-RANGE,Ridge,descriptors,1.3311877348501058,1.380211241711606
14763311,4,IN-RANGE,Ridge,descriptors,1.3224634415801804,1.4000196350651586
14763325,4,IN-RANGE,Ridge,descriptors,1.4442714633126748,1.414973347970818
14763330,4,IN-RANGE,Ridge,descriptors,1.3137010029381373,1.420450859106068
14763360,4,IN-RANGE,Ridge,descriptors,1.290915256968549,1.4399639359209049
14763361,4,IN-RANGE,Ridge,descriptors,1.4279641151570743,1.4399639359209049
14763368,4,IN-RANGE,Ridge,descriptors,1.2739842738601528,1.4471580313422192
14763370,4,IN-RANGE,Ridge,descriptors,1.3504504242088726,1.4471580313422192
14763398,4,IN-RANGE,Ridge,descriptors,1.6358071656612754,1.4771212547196624
14763400,4,IN-RANGE,Ridge,descriptors,1.2880066776361834,1.4771212547196624
14763419,4,IN-RANGE,Ridge,descriptors,1.1773025181915595,1.4899584794248346
14763441,4,IN-RANGE,Ridge,descriptors,1.2213319644329221,1.5185139398778875
14763442,4,IN-RANGE,Ridge,descriptors,1.3527328873473785,1.5185139398778875
14763443,4,IN-RANGE,Ridge,descriptors,1.2905129236242703,1.5185139398778875
14763454,4,IN-RANGE,Ridge,descriptors,1.183264423191251,1.5299434016586693
14763462,4,IN-RANGE,Ridge,descriptors,1.315627299500939,1.5399538416563967
14763474,4,IN-RANGE,Ridge,descriptors,1.487558925003015,1.5440680443502757
14763484,4,IN-RANGE,Ridge,descriptors,1.3207718247406854,1.5499836111596887
14764280,4,IN-RANGE,Ridge,descriptors,1.4734976024043254,1.5797835966168101
14764281,4,IN-RANGE,Ridge,descriptors,1.471557941601256,1.5797835966168101
14764299,4,IN-RANGE,Ridge,descriptors,1.3790089396907492,1.5938396610812713
14764342,4,IN-RANGE,Ridge,descriptors,1.4197610834625258,1.63002085111341
14764343,4,IN-RANGE,Ridge,descriptors,1.0329413124360423,1.63002085111341
14764362,4,IN-RANGE,Ridge,descriptors,1.2728902607830819,1.6500159524718385
14764381,4,IN-RANGE,Ridge,descriptors,1.2863552441476878,1.6699673699085043
14764396,4,IN-RANGE,Ridge,descriptors,1.454950076439073,1.6989700043360187
14764416,4,IN-RANGE,Ridge,descriptors,1.1502274236469787,1.7100326990657535
14764453,4,IN-RANGE,Ridge,descriptors,1.4281077892233862,1.7481880270062005
14764458,4,IN-RANGE,Ridge,descriptors,1.2093698730136435,1.749968083509403
14764485,4,IN-RANGE,Ridge,descriptors,1.243175211709178,1.7800291273373383
14764500,4,IN-RANGE,Ridge,descriptors,1.4554306196985558,1.8000293592441343
14764521,4,IN-RANGE,Ridge,descriptors,1.4650212231981996,1.8195439355418688
14764525,4,IN-RANGE,Ridge,descriptors,1.4694096097232265,1.8195439355418688
14764529,4,IN-RANGE,Ridge,descriptors,1.2251786784235361,1.8200043068083178
14764531,4,IN-RANGE,Ridge,descriptors,1.3684982860025958,1.8200043068083178
14764537,4,IN-RANGE,Ridge,descriptors,1.2613128347472722,1.8300109359361179
14765332,4,IN-RANGE,Ridge,descriptors,1.2041615946269473,1.8573324964312685
14765341,4,IN-RANGE,Ridge,descriptors,1.2800229815586517,1.863322860120456
14765344,4,IN-RANGE,Ridge,descriptors,1.3914070423072646,1.8692317197309762
14765352,4,IN-RANGE,Ridge,descriptors,1.3072932366235779,1.8750612633917
14765354,4,IN-RANGE,Ridge,descriptors,1.5028155684435558,1.8750612633917
14765358,4,IN-RANGE,Ridge,descriptors,1.4171963548245334,1.8800128383667718
14765368,4,IN-RANGE,Ridge,descriptors,1.2938418640304916,1.8976270912904414
14765370,4,IN-RANGE,Ridge,descriptors,1.2295941828424248,1.899984562549391
14765371,4,IN-RANGE,Ridge,descriptors,1.328869699828913,1.899984562549391
14765413,4,IN-RANGE,Ridge,descriptors,1.2238176254086743,1.9500239065233265
14765441,4,IN-RANGE,Ridge,descriptors,1.3231869249480206,1.99563519459755
14765451,4,IN-RANGE,Ridge,descriptors,1.3716100302426713,2.012837224705172
14765454,4,IN-RANGE,Ridge,descriptors,1.3190889653611892,2.0170333392987803
14765473,4,IN-RANGE,Ridge,descriptors,1.2653819077098938,2.0299921753778474
14765481,4,IN-RANGE,Ridge,descriptors,1.4435339413577462,2.0453229787866576
14765482,4,IN-RANGE,Ridge,descriptors,1.507532279775393,2.0492180226701815
14765495,4,IN-RANGE,Ridge,descriptors,1.3522817503253721,2.0644579892269186
14765505,4,IN-RANGE,Ridge,descriptors,1.3062784133835756,2.0791812460476247
14765514,4,IN-RANGE,Ridge,descriptors,1.4104743661864294,2.090011024007147
14765523,4,IN-RANGE,Ridge,descriptors,1.3023684552113504,2.103803720955957
14765531,4,IN-RANGE,Ridge,descriptors,1.3811488330380954,2.110589710299249
14765535,4,IN-RANGE,Ridge,descriptors,1.2842193393114483,2.120014252078067
14765542,4,IN-RANGE,Ridge,descriptors,1.3730998923058242,2.1367205671564067
14765547,4,IN-RANGE,Ridge,descriptors,1.1857280796351068,2.140004950619449
14766491,4,ABOVE,Ridge,descriptors,1.3226827123455123,
14766496,4,ABOVE,Ridge,descriptors,1.457476212885285,
14766501,4,ABOVE,Ridge,descriptors,1.2670008124067382,
14766506,4,ABOVE,Ridge,descriptors,1.232386727973577,
14766507,4,ABOVE,Ridge,descriptors,1.2384782101105263,
14766509,4,ABOVE,Ridge,descriptors,1.273699345240809,
14766516,4,ABOVE,Ridge,descriptors,1.4073611817436518,
14766519,4,ABOVE,Ridge,descriptors,1.3504124229779129,
14766523,4,ABOVE,Ridge,descriptors,1.3359910525511007,
14766529,4,ABOVE,Ridge,descriptors,1.285614043641838,
14766531,4,ABOVE,Ridge,descriptors,1.2373743171420266,
14766532,4,ABOVE,Ridge,descriptors,1.2465556628614554,
14766534,4,ABOVE,Ridge,descriptors,1.5261924739444654,
14766538,4,ABOVE,Ridge,descriptors,1.2716467613330513,
14766560,4,ABOVE,Ridge,descriptors,1.3826297495719926,
14766561,4,ABOVE,Ridge,descriptors,1.3826297495719926,
14769819,4,BELOW,Ridge,descriptors,1.3830881584596306,
14769821,4,BELOW,Ridge,descriptors,1.3602375709953625,
14769829,4,BELOW,Ridge,descriptors,1.2025148484810675,
14769831,4,BELOW,Ridge,descriptors,1.190525542652446,
14769839,4,BELOW,Ridge,descriptors,1.1767609791594538,
14769845,4,BELOW,Ridge,descriptors,1.2530656070678843,
14769857,4,BELOW,Ridge,descriptors,1.300691052690142,
14769867,4,BELOW,Ridge,descriptors,1.3010800722453153,
14769870,4,BELOW,Ridge,descriptors,1.1968282123644407,
14769872,4,BELOW,Ridge,descriptors,1.265635639009148,
14769881,4,BELOW,Ridge,descriptors,1.2623558827716697,
14769886,4,BELOW,Ridge,descriptors,1.2840465791729239,
14769889,4,BELOW,Ridge,descriptors,1.1744099463028905,
14758725,4,BELOW,RandomForestRegressor,descriptors,1.094432377843075,
14758736,4,BELOW,RandomForestRegressor,descriptors,1.185958644564441,
14758740,4,BELOW,RandomForestRegressor,descriptors,1.1923498966308328,
14758742,4,BELOW,RandomForestRegressor,descriptors,1.3007132572224611,
14758745,4,BELOW,RandomForestRegressor,descriptors,1.232128869607001,
14758751,4,BELOW,RandomForestRegressor,descriptors,1.1650869318051797,
14758759,4,BELOW,RandomForestRegressor,descriptors,1.098369564206783,
14758764,4,BELOW,RandomForestRegressor,descriptors,1.2630899334113288,
14758765,4,BELOW,RandomForestRegressor,descriptors,1.1988861109339901,
14758766,4,BELOW,RandomForestRegressor,descriptors,1.1928746596419073,
14758768,4,BELOW,RandomForestRegressor,descriptors,1.1460152687636167,
14758774,4,BELOW,RandomForestRegressor,descriptors,1.2345647722452933,
14758778,4,BELOW,RandomForestRegressor,descriptors,1.2056471475875106,
14758784,4,BELOW,RandomForestRegressor,descriptors,1.2630899334113288,
14758785,4,BELOW,RandomForestRegressor,descriptors,0.9548177012591045,
14758792,4,BELOW,RandomForestRegressor,descriptors,1.0545205632376695,
14758799,4,BELOW,RandomForestRegressor,descriptors,1.2889107015972021,
14758802,4,BELOW,RandomForestRegressor,descriptors,1.3582899132668627,
14758805,4,BELOW,RandomForestRegressor,descriptors,1.2924257613916073,
14758808,4,BELOW,RandomForestRegressor,descriptors,1.2828154794974251,
14758810,4,BELOW,RandomForestRegressor,descriptors,1.239229206021582,
14758811,4,BELOW,RandomForestRegressor,descriptors,1.4147989654617,
14758815,4,BELOW,RandomForestRegressor,descriptors,0.9398266176837926,
14758817,4,BELOW,RandomForestRegressor,descriptors,1.2483770694154384,
14758822,4,BELOW,RandomForestRegressor,descriptors,0.9956288399143693,
14758824,4,BELOW,RandomForestRegressor,descriptors,1.3426830888216816,
14758833,4,BELOW,RandomForestRegressor,descriptors,1.476170672503505,
14758836,4,BELOW,RandomForestRegressor,descriptors,1.1391114262094424,
14758842,4,BELOW,RandomForestRegressor,descriptors,1.3254938043369544,
14758855,4,BELOW,RandomForestRegressor,descriptors,1.088541848651132,
14758860,4,BELOW,RandomForestRegressor,descriptors,1.1650869318051797,
14758866,4,BELOW,RandomForestRegressor,descriptors,0.7599971539168809,
14758867,4,BELOW,RandomForestRegressor,descriptors,1.4740868670600746,
14758873,4,BELOW,RandomForestRegressor,descriptors,1.1705149033366395,
14758896,4,BELOW,RandomForestRegressor,descriptors,1.3678359655789967,
14758903,4,BELOW,RandomForestRegressor,descriptors,1.2115274809206213,
14758909,4,BELOW,RandomForestRegressor,descriptors,1.2228423453221382,
14758910,4,BELOW,RandomForestRegressor,descriptors,1.2331864878732275,
14758911,4,BELOW,RandomForestRegressor,descriptors,1.2030599015111034,
14758914,4,BELOW,RandomForestRegressor,descriptors,0.8823365251676673,
14758916,4,BELOW,RandomForestRegressor,descriptors,1.306618150154236,
14758917,4,BELOW,RandomForestRegressor,descriptors,1.3565529112191812,
14758974,4,IN-RANGE,RandomForestRegressor,descriptors,1.1002256989215409,0.6020599913279624
14758975,4,IN-RANGE,RandomForestRegressor,descriptors,1.2397833127651274,0.6020599913279624
14758977,4,IN-RANGE,RandomForestRegressor,descriptors,1.181108199554079,0.6020599913279624
14758981,4,IN-RANGE,RandomForestRegressor,descriptors,0.9760192804201218,0.6020599913279624
14758982,4,IN-RANGE,RandomForestRegressor,descriptors,1.43829592125555,0.6020599913279624
14758985,4,IN-RANGE,RandomForestRegressor,descriptors,1.1360229781422735,0.6020599913279624
14758998,4,IN-RANGE,RandomForestRegressor,descriptors,1.1486329056601199,0.6201360549737575
14759778,4,IN-RANGE,RandomForestRegressor,descriptors,1.1904319447421787,0.6599162000698503
14759783,4,IN-RANGE,RandomForestRegressor,descriptors,1.2462759192669506,0.6720978579357175
14759805,4,IN-RANGE,RandomForestRegressor,descriptors,1.316286973474944,0.6989700043360189
14759807,4,IN-RANGE,RandomForestRegressor,descriptors,0.8886543689794715,0.6989700043360189
14759814,4,IN-RANGE,RandomForestRegressor,descriptors,1.1460152687636167,0.6989700043360189
14759815,4,IN-RANGE,RandomForestRegressor,descriptors,0.9274062614029553,0.6989700043360189
14759820,4,IN-RANGE,RandomForestRegressor,descriptors,1.1312394813844762,0.6989700043360189
14759822,4,IN-RANGE,RandomForestRegressor,descriptors,1.5768463613176333,0.6989700043360189
14759855,4,IN-RANGE,RandomForestRegressor,descriptors,1.1645832998366459,0.7299742856995556
14759865,4,IN-RANGE,RandomForestRegressor,descriptors,1.0545205632376695,0.7481880270062004
14759899,4,IN-RANGE,RandomForestRegressor,descriptors,1.5885854030622448,0.7781512503836436
14759909,4,IN-RANGE,RandomForestRegressor,descriptors,1.3338660195844492,0.7781512503836436
14759910,4,IN-RANGE,RandomForestRegressor,descriptors,0.9888763197554353,0.7781512503836436
14759912,4,IN-RANGE,RandomForestRegressor,descriptors,1.1460152687636167,0.7781512503836436
14759914,4,IN-RANGE,RandomForestRegressor,descriptors,1.4620009093974158,0.7803173121401513
14759921,4,IN-RANGE,RandomForestRegressor,descriptors,1.05359124882754,0.7902851640332417
14759932,4,IN-RANGE,RandomForestRegressor,descriptors,1.153254722043171,0.8000293592441343
14759938,4,IN-RANGE,RandomForestRegressor,descriptors,1.2641484141979147,0.8129133566428556
14759950,4,IN-RANGE,RandomForestRegressor,descriptors,1.377974639197428,0.829946695941636
14759956,4,IN-RANGE,RandomForestRegressor,descriptors,0.8920734859628258,0.8401060944567578
14759957,4,IN-RANGE,RandomForestRegressor,descriptors,1.312180310644714,0.8401060944567578
14759967,4,IN-RANGE,RandomForestRegressor,descriptors,1.1002256989215409,0.8450980400142568
14759974,4,IN-RANGE,RandomForestRegressor,descriptors,1.3362172645272747,0.8450980400142568
14759976,4,IN-RANGE,RandomForestRegressor,descriptors,1.3832491822986015,0.8450980400142568
14759984,4,IN-RANGE,RandomForestRegressor,descriptors,1.2752152526058287,0.8450980400142568
14759998,4,IN-RANGE,RandomForestRegressor,descriptors,1.2746279845829378,0.8698182079793282
14760035,4,IN-RANGE,RandomForestRegressor,descriptors,1.150989597065847,0.9030899869919435
14761138,4,IN-RANGE,RandomForestRegressor,descriptors,1.4064006951289645,0.9206450014067876
14761140,4,IN-RANGE,RandomForestRegressor,descriptors,1.4147989654617,0.9294189257142927
14761168,4,IN-RANGE,RandomForestRegressor,descriptors,1.2176533223314017,0.9542425094393249
14761174,4,IN-RANGE,RandomForestRegressor,descriptors,1.1484364791787596,0.9542425094393249
14761182,4,IN-RANGE,RandomForestRegressor,descriptors,1.4845530369015814,0.9542425094393249
14761183,4,IN-RANGE,RandomForestRegressor,descriptors,1.227517915526162,0.9542425094393249
14761229,4,IN-RANGE,RandomForestRegressor,descriptors,1.491058263962176,1.0
14761232,4,IN-RANGE,RandomForestRegressor,descriptors,1.0835705029524612,1.0
14761235,4,IN-RANGE,RandomForestRegressor,descriptors,1.4115047545490382,1.0
14761244,4,IN-RANGE,RandomForestRegressor,descriptors,1.2398413584669612,1.0098756337121602
14761252,4,IN-RANGE,RandomForestRegressor,descriptors,1.1979044435012383,1.021189299069938
14761274,4,IN-RANGE,RandomForestRegressor,descriptors,1.207905884961869,1.0413926851582251
14761275,4,IN-RANGE,RandomForestRegressor,descriptors,1.2886149232626272,1.0413926851582251
14761276,4,IN-RANGE,RandomForestRegressor,descriptors,1.2068442824387258,1.0413926851582251
14761282,4,IN-RANGE,RandomForestRegressor,descriptors,1.3384423547231612,1.0413926851582251
14761286,4,IN-RANGE,RandomForestRegressor,descriptors,1.4606158948638548,1.0413926851582251
14761299,4,IN-RANGE,RandomForestRegressor,descriptors,1.179314713534456,1.0599418880619547
14761317,4,IN-RANGE,RandomForestRegressor,descriptors,1.4745211280800965,1.0791812460476249
14761322,4,IN-RANGE,RandomForestRegressor,descriptors,1.3121987770211332,1.0791812460476249
14761343,4,IN-RANGE,RandomForestRegressor,descriptors,1.209703831716289,1.0969100130080565
14761348,4,IN-RANGE,RandomForestRegressor,descriptors,0.8992723107867768,1.1000257301078626
14761349,4,IN-RANGE,RandomForestRegressor,descriptors,1.3998838376485665,1.1000257301078626
14761365,4,IN-RANGE,RandomForestRegressor,descriptors,1.0266300194143088,1.1139433523068367
14761372,4,IN-RANGE,RandomForestRegressor,descriptors,1.4915110341857383,1.1139433523068367
14762238,4,IN-RANGE,RandomForestRegressor,descriptors,1.5734374918656266,1.146128035678238
14762241,4,IN-RANGE,RandomForestRegressor,descriptors,1.179314713534456,1.1501421618485586
14762244,4,IN-RANGE,RandomForestRegressor,descriptors,1.3582899132668627,1.1501421618485586
14762264,4,IN-RANGE,RandomForestRegressor,descriptors,1.2572041415799509,1.1699681739968923
14762275,4,IN-RANGE,RandomForestRegressor,descriptors,1.3202255624303623,1.1760912590556813
14762302,4,IN-RANGE,RandomForestRegressor,descriptors,1.2057759533311387,1.2041199826559248
14762306,4,IN-RANGE,RandomForestRegressor,descriptors,1.0751512545957445,1.2041199826559248
14762307,4,IN-RANGE,RandomForestRegressor,descriptors,1.4746446732799994,1.2041199826559248
14762345,4,IN-RANGE,RandomForestRegressor,descriptors,1.3383740581771997,1.2400497721126476
14762353,4,IN-RANGE,RandomForestRegressor,descriptors,1.4720910382849592,1.249931756634195
14762362,4,IN-RANGE,RandomForestRegressor,descriptors,1.099906130466569,1.255272505103306
14762364,4,IN-RANGE,RandomForestRegressor,descriptors,1.365828959064637,1.255272505103306
14762365,4,IN-RANGE,RandomForestRegressor,descriptors,1.361792501382658,1.255272505103306
14762371,4,IN-RANGE,RandomForestRegressor,descriptors,1.013194134042208,1.2600713879850747
14762373,4,IN-RANGE,RandomForestRegressor,descriptors,1.43829592125555,1.2671717284030137
14762377,4,IN-RANGE,RandomForestRegressor,descriptors,1.4273418415397157,1.2699796766453237
14762404,4,IN-RANGE,RandomForestRegressor,descriptors,1.156206486797357,1.290034611362518
14762417,4,IN-RANGE,RandomForestRegressor,descriptors,1.4092927445751176,1.299942900022767
14762428,4,IN-RANGE,RandomForestRegressor,descriptors,1.3243981461465462,1.3010299956639813
14762434,4,IN-RANGE,RandomForestRegressor,descriptors,1.364766379419942,1.3100557377508915
14762451,4,IN-RANGE,RandomForestRegressor,descriptors,1.3592194332306142,1.3222192947339193
14762453,4,IN-RANGE,RandomForestRegressor,descriptors,1.3383563603355666,1.3222192947339193
14763246,4,IN-RANGE,RandomForestRegressor,descriptors,1.0869450164057701,1.3400473176613932
14763251,4,IN-RANGE,RandomForestRegressor,descriptors,1.3212556661520267,1.3424226808222062
14763265,4,IN-RANGE,RandomForestRegressor,descriptors,1.2593097010406948,1.3617278360175928
14763266,4,IN-RANGE,RandomForestRegressor,descriptors,1.0545205632376695,1.3617278360175928
14763273,4,IN-RANGE,RandomForestRegressor,descriptors,1.3102078307481795,1.3710678622717363
14763274,4,IN-RANGE,RandomForestRegressor,descriptors,1.2158674755690928,1.3710678622717363
14763288,4,IN-RANGE,RandomForestRegressor,descriptors,1.3462145683032816,1.380211241711606
14763311,4,IN-RANGE,RandomForestRegressor,descriptors,1.403530488732541,1.4000196350651586
14763325,4,IN-RANGE,RandomForestRegressor,descriptors,1.4123455331584018,1.414973347970818
14763330,4,IN-RANGE,RandomForestRegressor,descriptors,1.4275795263412876,1.420450859106068
14763360,4,IN-RANGE,RandomForestRegressor,descriptors,1.501399624595091,1.4399639359209049
14763361,4,IN-RANGE,RandomForestRegressor,descriptors,1.3864230329650935,1.4399639359209049
14763368,4,IN-RANGE,RandomForestRegressor,descriptors,1.4680260993275907,1.4471580313422192
14763370,4,IN-RANGE,RandomForestRegressor,descriptors,1.225918926514745,1.4471580313422192
14763398,4,IN-RANGE,RandomForestRegressor,descriptors,1.5399768147838886,1.4771212547196624
14763400,4,IN-RANGE,RandomForestRegressor,descriptors,1.356179117676761,1.4771212547196624
14763419,4,IN-RANGE,RandomForestRegressor,descriptors,0.8765575105257766,1.4899584794248346
14763441,4,IN-RANGE,RandomForestRegressor,descriptors,1.4658821175750805,1.5185139398778875
14763442,4,IN-RANGE,RandomForestRegressor,descriptors,1.518385673288229,1.5185139398778875
14763443,4,IN-RANGE,RandomForestRegressor,descriptors,1.1979044435012383,1.5185139398778875
14763454,4,IN-RANGE,RandomForestRegressor,descriptors,1.3989666717505829,1.5299434016586693
14763462,4,IN-RANGE,RandomForestRegressor,descriptors,1.497217140631792,1.5399538416563967
14763474,4,IN-RANGE,RandomForestRegressor,descriptors,1.441686420298491,1.5440680443502757
14763484,4,IN-RANGE,RandomForestRegressor,descriptors,1.735244740597374,1.5499836111596887
14764280,4,IN-RANGE,RandomForestRegressor,descriptors,1.6935541339851112,1.5797835966168101
14764281,4,IN-RANGE,RandomForestRegressor,descriptors,1.5269241887719955,1.5797835966168101
14764299,4,IN-RANGE,RandomForestRegressor,descriptors,1.5292476705779248,1.5938396610812713
14764342,4,IN-RANGE,RandomForestRegressor,descriptors,1.5075865072161756,1.63002085111341
14764343,4,IN-RANGE,RandomForestRegressor,descriptors,0.878390708834886,1.63002085111341
14764362,4,IN-RANGE,RandomForestRegressor,descriptors,1.3480223401219857,1.6500159524718385
14764381,4,IN-RANGE,RandomForestRegressor,descriptors,1.3400917767068494,1.6699673699085043
14764396,4,IN-RANGE,RandomForestRegressor,descriptors,1.0698103520981617,1.6989700043360187
14764416,4,IN-RANGE,RandomForestRegressor,descriptors,1.1374047796516318,1.7100326990657535
14764453,4,IN-RANGE,RandomForestRegressor,descriptors,1.359945362565219,1.7481880270062005
14764458,4,IN-RANGE,RandomForestRegressor,descriptors,1.7154754157653065,1.749968083509403
14764485,4,IN-RANGE,RandomForestRegressor,descriptors,1.3804353364576594,1.7800291273373383
14764500,4,IN-RANGE,RandomForestRegressor,descriptors,1.321570933420366,1.8000293592441343
14764521,4,IN-RANGE,RandomForestRegressor,descriptors,1.2754591788951601,1.8195439355418688
14764525,4,IN-RANGE,RandomForestRegressor,descriptors,1.4468971111181281,1.8195439355418688
14764529,4,IN-RANGE,RandomForestRegressor,descriptors,1.2411903396750916,1.8200043068083178
14764531,4,IN-RANGE,RandomForestRegressor,descriptors,1.3938738008501008,1.8200043068083178
14764537,4,IN-RANGE,RandomForestRegressor,descriptors,1.6540018083332724,1.8300109359361179
14765332,4,IN-RANGE,RandomForestRegressor,descriptors,1.2359486608912613,1.8573324964312685
14765341,4,IN-RANGE,RandomForestRegressor,descriptors,1.491058263962176,1.863322860120456
14765344,4,IN-RANGE,RandomForestRegressor,descriptors,1.455977830580306,1.8692317197309762
14765352,4,IN-RANGE,RandomForestRegressor,descriptors,1.4211590149313442,1.8750612633917
14765354,4,IN-RANGE,RandomForestRegressor,descriptors,1.4542741205349292,1.8750612633917
14765358,4,IN-RANGE,RandomForestRegressor,descriptors,1.4497417665874235,1.8800128383667718
14765368,4,IN-RANGE,RandomForestRegressor,descriptors,1.4943333136064068,1.8976270912904414
14765370,4,IN-RANGE,RandomForestRegressor,descriptors,1.369946464081867,1.899984562549391
14765371,4,IN-RANGE,RandomForestRegressor,descriptors,1.0691722494629317,1.899984562549391
14765413,4,IN-RANGE,RandomForestRegressor,descriptors,1.3364208890115676,1.9500239065233265
14765441,4,IN-RANGE,RandomForestRegressor,descriptors,1.5591560588313391,1.99563519459755
14765451,4,IN-RANGE,RandomForestRegressor,descriptors,1.6193396308535761,2.012837224705172
14765454,4,IN-RANGE,RandomForestRegressor,descriptors,1.2821472419903506,2.0170333392987803
14765473,4,IN-RANGE,RandomForestRegressor,descriptors,1.418821569733857,2.0299921753778474
14765481,4,IN-RANGE,RandomForestRegressor,descriptors,1.3297186790508735,2.0453229787866576
14765482,4,IN-RANGE,RandomForestRegressor,descriptors,1.5475880226946566,2.0492180226701815
14765495,4,IN-RANGE,RandomForestRegressor,descriptors,1.1276121181072838,2.0644579892269186
14765505,4,IN-RANGE,RandomForestRegressor,descriptors,1.3165918135089265,2.0791812460476247
14765514,4,IN-RANGE,RandomForestRegressor,descriptors,1.3345269949256697,2.090011024007147
14765523,4,IN-RANGE,RandomForestRegressor,descriptors,1.2545595486521797,2.103803720955957
14765531,4,IN-RANGE,RandomForestRegressor,descriptors,1.4101482047012917,2.110589710299249
14765535,4,IN-RANGE,RandomForestRegressor,descriptors,1.1027212600306269,2.120014252078067
14765542,4,IN-RANGE,RandomForestRegressor,descriptors,1.1408343562993095,2.1367205671564067
14765547,4,IN-RANGE,RandomForestRegressor,descriptors,1.6038356411193624,2.140004950619449
14766491,4,ABOVE,RandomForestRegressor,descriptors,1.048260669504095,
14766496,4,ABOVE,RandomForestRegressor,descriptors,1.4756970617587513,
14766501,4,ABOVE,RandomForestRegressor,descriptors,1.4877419169940227,
14766506,4,ABOVE,RandomForestRegressor,descriptors,1.0263855024109843,
14766507,4,ABOVE,RandomForestRegressor,descriptors,1.4301392169051488,
14766509,4,ABOVE,RandomForestRegressor,descriptors,1.4425857727862552,
14766516,4,ABOVE,RandomForestRegressor,descriptors,1.2522443371815886,
14766519,4,ABOVE,RandomForestRegressor,descriptors,1.3976742949321208,
14766523,4,ABOVE,RandomForestRegressor,descriptors,1.3567539022114874,
14766529,4,ABOVE,RandomForestRegressor,descriptors,1.3140433385328258,
14766531,4,ABOVE,RandomForestRegressor,descriptors,1.260122530489644,
14766532,4,ABOVE,RandomForestRegressor,descriptors,1.457012855732203,
14766534,4,ABOVE,RandomForestRegressor,descriptors,1.438562680035592,
14766538,4,ABOVE,RandomForestRegressor,descriptors,0.9775060347488447,
14766560,4,ABOVE,RandomForestRegressor,descriptors,1.452224414239044,
14766561,4,ABOVE,RandomForestRegressor,descriptors,1.452224414239044,
14769819,4,BELOW,RandomForestRegressor,descriptors,1.2448490298435988,
14769821,4,BELOW,RandomForestRegressor,descriptors,1.3208484001421206,
14769829,4,BELOW,RandomForestRegressor,descriptors,0.9155793323246084,
14769831,4,BELOW,RandomForestRegressor,descriptors,1.2824007892183997,
14769839,4,BELOW,RandomForestRegressor,descriptors,1.2716340628670542,
14769845,4,BELOW,RandomForestRegressor,descriptors,1.187632739684159,
14769857,4,BELOW,RandomForestRegressor,descriptors,0.8886543689794715,
14769867,4,BELOW,RandomForestRegressor,descriptors,1.6509604285166137,
14769870,4,BELOW,RandomForestRegressor,descriptors,1.28920330857928,
14769872,4,BELOW,RandomForestRegressor,descriptors,0.9600159044428824,
14769881,4,BELOW,RandomForestRegressor,descriptors,1.2466509847117873,
14769886,4,BELOW,RandomForestRegressor,descriptors,1.600938841792075,
14769889,4,BELOW,RandomForestRegressor,descriptors,0.9660699600277536,
14758725,4,BELOW,Ridge,Morgan,1.2514392019453944,
14758736,4,BELOW,Ridge,Morgan,1.3021076181501665,
14758740,4,BELOW,Ridge,Morgan,1.3284695399300739,
14758742,4,BELOW,Ridge,Morgan,0.6937099176031318,
14758745,4,BELOW,Ridge,Morgan,1.3131247299405961,
14758751,4,BELOW,Ridge,Morgan,0.9888578827141447,
14758759,4,BELOW,Ridge,Morgan,0.979055782939217,
14758764,4,BELOW,Ridge,Morgan,1.0290249713110535,
14758765,4,BELOW,Ridge,Morgan,1.0189320828457649,
14758766,4,BELOW,Ridge,Morgan,1.039956157230974,
14758768,4,BELOW,Ridge,Morgan,0.9244316825129427,
14758774,4,BELOW,Ridge,Morgan,0.9995296762056056,
14758778,4,BELOW,Ridge,Morgan,0.932622924433648,
14758784,4,BELOW,Ridge,Morgan,0.6653950164004356,
14758785,4,BELOW,Ridge,Morgan,0.9266771074259044,
14758792,4,BELOW,Ridge,Morgan,0.9626258736609725,
14758799,4,BELOW,Ridge,Morgan,1.4875813755292733,
14758802,4,BELOW,Ridge,Morgan,1.0263153262276536,
14758805,4,BELOW,Ridge,Morgan,1.2976589217052505,
14758808,4,BELOW,Ridge,Morgan,1.3464529236428033,
14758810,4,BELOW,Ridge,Morgan,1.270991605493729,
14758811,4,BELOW,Ridge,Morgan,1.2019353104453816,
14758815,4,BELOW,Ridge,Morgan,0.8335612635217872,
14758817,4,BELOW,Ridge,Morgan,1.243810031088296,
14758822,4,BELOW,Ridge,Morgan,1.258385556875511,
14758824,4,BELOW,Ridge,Morgan,1.0734400535977984,
14758833,4,BELOW,Ridge,Morgan,0.8780803341370631,
14758836,4,BELOW,Ridge,Morgan,1.0614664322738134,
14758842,4,BELOW,Ridge,Morgan,0.7280887255024652,
14758855,4,BELOW,Ridge,Morgan,0.9601619270021631,
14758860,4,BELOW,Ridge,Morgan,0.7895142446110781,
14758866,4,BELOW,Ridge,Morgan,1.4174297913561646,
14758867,4,BELOW,Ridge,Morgan,0.7698910101589221,
14758873,4,BELOW,Ridge,Morgan,0.7039751083013139,
14758896,4,BELOW,Ridge,Morgan,1.1584642228533204,
14758903,4,BELOW,Ridge,Morgan,0.9279753938501059,
14758909,4,BELOW,Ridge,Morgan,1.1846307618492289,
14758910,4,BELOW,Ridge,Morgan,1.161468606304477,
14758911,4,BELOW,Ridge,Morgan,1.4966356318302252,
14758914,4,BELOW,Ridge,Morgan,0.8645393528490563,
14758916,4,BELOW,Ridge,Morgan,1.1448552591656094,
14758917,4,BELOW,Ridge,Morgan,1.310442334539224,
14758974,4,IN-RANGE,Ridge,Morgan,0.8893387941707611,0.6020599913279624
14758975,4,IN-RANGE,Ridge,Morgan,1.1180856599333937,0.6020599913279624
14758977,4,IN-RANGE,Ridge,Morgan,1.2182590158211124,0.6020599913279624
14758981,4,IN-RANGE,Ridge,Morgan,0.9342842118284506,0.6020599913279624
14758982,4,IN-RANGE,Ridge,Morgan,1.2160395365831578,0.6020599913279624
14758985,4,IN-RANGE,Ridge,Morgan,1.0198502281944082,0.6020599913279624
14758998,4,IN-RANGE,Ridge,Morgan,1.4236948878865312,0.6201360549737575
14759778,4,IN-RANGE,Ridge,Morgan,0.8966346271807834,0.6599162000698503
14759783,4,IN-RANGE,Ridge,Morgan,1.0431842624936338,0.6720978579357175
14759805,4,IN-RANGE,Ridge,Morgan,0.9286164049182264,0.6989700043360189
14759807,4,IN-RANGE,Ridge,Morgan,0.9361171186668764,0.6989700043360189
14759814,4,IN-RANGE,Ridge,Morgan,0.5234310918255298,0.6989700043360189
14759815,4,IN-RANGE,Ridge,Morgan,0.8737551876422182,0.6989700043360189
14759820,4,IN-RANGE,Ridge,Morgan,1.1290916233737782,0.6989700043360189
14759822,4,IN-RANGE,Ridge,Morgan,1.3910072580598472,0.6989700043360189
14759855,4,IN-RANGE,Ridge,Morgan,1.3815891766219128,0.7299742856995556
14759865,4,IN-RANGE,Ridge,Morgan,0.8496579999237754,0.7481880270062004
14759899,4,IN-RANGE,Ridge,Morgan,1.1550396758341723,0.7781512503836436
14759909,4,IN-RANGE,Ridge,Morgan,0.7550419855030915,0.7781512503836436
14759910,4,IN-RANGE,Ridge,Morgan,0.5816903323931845,0.7781512503836436
14759912,4,IN-RANGE,Ridge,Morgan,0.6853706672915507,0.7781512503836436
14759914,4,IN-RANGE,Ridge,Morgan,1.208761023922393,0.7803173121401513
14759921,4,IN-RANGE,Ridge,Morgan,0.8263085505311525,0.7902851640332417
14759932,4,IN-RANGE,Ridge,Morgan,1.2985748404825448,0.8000293592441343
14759938,4,IN-RANGE,Ridge,Morgan,1.160262348843708,0.8129133566428556
14759950,4,IN-RANGE,Ridge,Morgan,1.1628549148028304,0.829946695941636
14759956,4,IN-RANGE,Ridge,Morgan,1.3154164661026666,0.8401060944567578
14759957,4,IN-RANGE,Ridge,Morgan,1.2948867711651928,0.8401060944567578
14759967,4,IN-RANGE,Ridge,Morgan,1.0492209522596974,0.8450980400142568
14759974,4,IN-RANGE,Ridge,Morgan,1.1418605054003281,0.8450980400142568
14759976,4,IN-RANGE,Ridge,Morgan,1.6233119387969697,0.8450980400142568
14759984,4,IN-RANGE,Ridge,Morgan,1.1386949379079108,0.8450980400142568
14759998,4,IN-RANGE,Ridge,Morgan,0.8569225604117173,0.8698182079793282
14760035,4,IN-RANGE,Ridge,Morgan,1.2029674493731843,0.9030899869919435
14761138,4,IN-RANGE,Ridge,Morgan,1.3173690982909605,0.9206450014067876
14761140,4,IN-RANGE,Ridge,Morgan,1.2326089851614135,0.9294189257142927
14761168,4,IN-RANGE,Ridge,Morgan,1.594725566421321,0.9542425094393249
14761174,4,IN-RANGE,Ridge,Morgan,0.9469591520547685,0.9542425094393249
14761182,4,IN-RANGE,Ridge,Morgan,1.1514980720537724,0.9542425094393249
14761183,4,IN-RANGE,Ridge,Morgan,1.0897450763938414,0.9542425094393249
14761229,4,IN-RANGE,Ridge,Morgan,1.4682515775002987,1.0
14761232,4,IN-RANGE,Ridge,Morgan,1.0711821529671937,1.0
14761235,4,IN-RANGE,Ridge,Morgan,1.0558880053200883,1.0
14761244,4,IN-RANGE,Ridge,Morgan,1.2050442157105539,1.0098756337121602
14761252,4,IN-RANGE,Ridge,Morgan,0.7625781777274637,1.021189299069938
14761274,4,IN-RANGE,Ridge,Morgan,0.7416757414622646,1.0413926851582251
14761275,4,IN-RANGE,Ridge,Morgan,1.3274849412279874,1.0413926851582251
14761276,4,IN-RANGE,Ridge,Morgan,1.4245506096416884,1.0413926851582251
14761282,4,IN-RANGE,Ridge,Morgan,1.2801403716829103,1.0413926851582251
14761286,4,IN-RANGE,Ridge,Morgan,1.501631040943538,1.0413926851582251
14761299,4,IN-RANGE,Ridge,Morgan,1.1104158948716034,1.0599418880619547
14761317,4,IN-RANGE,Ridge,Morgan,1.1972801171675913,1.0791812460476249
14761322,4,IN-RANGE,Ridge,Morgan,1.1811894555020959,1.0791812460476249
14761343,4,IN-RANGE,Ridge,Morgan,0.9618004634171999,1.0969100130080565
14761348,4,IN-RANGE,Ridge,Morgan,1.5694982014532748,1.1000257301078626
14761349,4,IN-RANGE,Ridge,Morgan,1.244460834782549,1.1000257301078626
14761365,4,IN-RANGE,Ridge,Morgan,1.2712901062594621,1.1139433523068367
14761372,4,IN-RANGE,Ridge,Morgan,1.3959744207999973,1.1139433523068367
14762238,4,IN-RANGE,Ridge,Morgan,1.5632569389063888,1.146128035678238
14762241,4,IN-RANGE,Ridge,Morgan,0.9798795094993367,1.1501421618485586
14762244,4,IN-RANGE,Ridge,Morgan,1.2419267652663313,1.1501421618485586
14762264,4,IN-RANGE,Ridge,Morgan,1.094498342402976,1.1699681739968923
14762275,4,IN-RANGE,Ridge,Morgan,1.4092618955180725,1.1760912590556813
14762302,4,IN-RANGE,Ridge,Morgan,1.5613268108994474,1.2041199826559248
14762306,4,IN-RANGE,Ridge,Morgan,1.2698236843989714,1.2041199826559248
14762307,4,IN-RANGE,Ridge,Morgan,1.1489239343878794,1.2041199826559248
14762345,4,IN-RANGE,Ridge,Morgan,1.5847606835671477,1.2400497721126476
14762353,4,IN-RANGE,Ridge,Morgan,1.6501052418990658,1.249931756634195
14762362,4,IN-RANGE,Ridge,Morgan,1.3579125286320965,1.255272505103306
14762364,4,IN-RANGE,Ridge,Morgan,1.134489657917721,1.255272505103306
14762365,4,IN-RANGE,Ridge,Morgan,1.2791376420531093,1.255272505103306
14762371,4,IN-RANGE,Ridge,Morgan,1.2151286744509031,1.2600713879850747
14762373,4,IN-RANGE,Ridge,Morgan,1.2160395365831578,1.2671717284030137
14762377,4,IN-RANGE,Ridge,Morgan,1.5413327108039252,1.2699796766453237
14762404,4,IN-RANGE,Ridge,Morgan,1.233296568027358,1.290034611362518
14762417,4,IN-RANGE,Ridge,Morgan,1.2861590102516076,1.299942900022767
14762428,4,IN-RANGE,Ridge,Morgan,1.298646716612866,1.3010299956639813
14762434,4,IN-RANGE,Ridge,Morgan,1.1250015099164674,1.3100557377508915
14762451,4,IN-RANGE,Ridge,Morgan,1.3599940626598155,1.3222192947339193
14762453,4,IN-RANGE,Ridge,Morgan,1.0515507530669173,1.3222192947339193
14763246,4,IN-RANGE,Ridge,Morgan,1.4466006301600103,1.3400473176613932
14763251,4,IN-RANGE,Ridge,Morgan,1.8970162850404138,1.3424226808222062
14763265,4,IN-RANGE,Ridge,Morgan,1.5841321122527483,1.3617278360175928
14763266,4,IN-RANGE,Ridge,Morgan,0.9361659380459886,1.3617278360175928
14763273,4,IN-RANGE,Ridge,Morgan,1.3881412149511079,1.3710678622717363
14763274,4,IN-RANGE,Ridge,Morgan,1.2297058049505198,1.3710678622717363
14763288,4,IN-RANGE,Ridge,Morgan,1.249572090569447,1.380211241711606
14763311,4,IN-RANGE,Ridge,Morgan,1.4948090528400944,1.4000196350651586
14763325,4,IN-RANGE,Ridge,Morgan,1.2613374391152132,1.414973347970818
14763330,4,IN-RANGE,Ridge,Morgan,1.1165636643167198,1.420450859106068
14763360,4,IN-RANGE,Ridge,Morgan,1.6654607169011961,1.4399639359209049
14763361,4,IN-RANGE,Ridge,Morgan,1.5664973204409989,1.4399639359209049
14763368,4,IN-RANGE,Ridge,Morgan,0.5499330962355505,1.4471580313422192
14763370,4,IN-RANGE,Ridge,Morgan,1.3739475909102177,1.4471580313422192
14763398,4,IN-RANGE,Ridge,Morgan,1.3749668036412082,1.4771212547196624
14763400,4,IN-RANGE,Ridge,Morgan,1.4873072945957329,1.4771212547196624
14763419,4,IN-RANGE,Ridge,Morgan,1.100112615446857,1.4899584794248346
14763441,4,IN-RANGE,Ridge,Morgan,1.1483867285056526,1.5185139398778875
14763442,4,IN-RANGE,Ridge,Morgan,1.2055888762260145,1.5185139398778875
14763443,4,IN-RANGE,Ridge,Morgan,0.8929890503552517,1.5185139398778875
14763454,4,IN-RANGE,Ridge,Morgan,1.727566783415807,1.5299434016586693
14763462,4,IN-RANGE,Ridge,Morgan,1.3192313470875001,1.5399538416563967
14763474,4,IN-RANGE,Ridge,Morgan,1.4456888836099189,1.5440680443502757
14763484,4,IN-RANGE,Ridge,Morgan,0.8215885102725824,1.5499836111596887
14764280,4,IN-RANGE,Ridge,Morgan,2.079408396961618,1.5797835966168101
14764281,4,IN-RANGE,Ridge,Morgan,1.28886114575811,1.5797835966168101
14764299,4,IN-RANGE,Ridge,Morgan,1.588845365180851,1.5938396610812713
14764342,4,IN-RANGE,Ridge,Morgan,1.2502612897478786,1.63002085111341
14764343,4,IN-RANGE,Ridge,Morgan,1.210695138642762,1.63002085111341
14764362,4,IN-RANGE,Ridge,Morgan,1.1399272675603758,1.6500159524718385
14764381,4,IN-RANGE,Ridge,Morgan,1.504336282440042,1.6699673699085043
14764396,4,IN-RANGE,Ridge,Morgan,1.7230194259849352,1.6989700043360187
14764416,4,IN-RANGE,Ridge,Morgan,0.8696772848204729,1.7100326990657535
14764453,4,IN-RANGE,Ridge,Morgan,1.4910737287174243,1.7481880270062005
14764458,4,IN-RANGE,Ridge,Morgan,1.8207283626936515,1.749968083509403
14764485,4,IN-RANGE,Ridge,Morgan,0.9105312822998526,1.7800291273373383
14764500,4,IN-RANGE,Ridge,Morgan,1.3514265006266337,1.8000293592441343
14764521,4,IN-RANGE,Ridge,Morgan,2.0562804689572856,1.8195439355418688
14764525,4,IN-RANGE,Ridge,Morgan,1.3344701840796698,1.8195439355418688
14764529,4,IN-RANGE,Ridge,Morgan,1.0335753015741096,1.8200043068083178
14764531,4,IN-RANGE,Ridge,Morgan,1.4602994646123133,1.8200043068083178
14764537,4,IN-RANGE,Ridge,Morgan,1.174086960266155,1.8300109359361179
14765332,4,IN-RANGE,Ridge,Morgan,1.7746172470075812,1.8573324964312685
14765341,4,IN-RANGE,Ridge,Morgan,1.601550780339637,1.863322860120456
14765344,4,IN-RANGE,Ridge,Morgan,1.311241093567397,1.8692317197309762
14765352,4,IN-RANGE,Ridge,Morgan,1.2157851790454366,1.8750612633917
14765354,4,IN-RANGE,Ridge,Morgan,1.5928300504989166,1.8750612633917
14765358,4,IN-RANGE,Ridge,Morgan,1.2998094451739064,1.8800128383667718
14765368,4,IN-RANGE,Ridge,Morgan,1.667366623719298,1.8976270912904414
14765370,4,IN-RANGE,Ridge,Morgan,1.3452742331085292,1.899984562549391
14765371,4,IN-RANGE,Ridge,Morgan,1.2219067442958425,1.899984562549391
14765413,4,IN-RANGE,Ridge,Morgan,1.3359952535177695,1.9500239065233265
14765441,4,IN-RANGE,Ridge,Morgan,1.508756677727407,1.99563519459755
14765451,4,IN-RANGE,Ridge,Morgan,1.2658305845654512,2.012837224705172
14765454,4,IN-RANGE,Ridge,Morgan,1.5866545120253899,2.0170333392987803
14765473,4,IN-RANGE,Ridge,Morgan,0.8090072240576386,2.0299921753778474
14765481,4,IN-RANGE,Ridge,Morgan,1.6987450900628434,2.0453229787866576
14765482,4,IN-RANGE,Ridge,Morgan,1.2871373083651143,2.0492180226701815
14765495,4,IN-RANGE,Ridge,Morgan,1.2248037773405778,2.0644579892269186
14765505,4,IN-RANGE,Ridge,Morgan,1.3895026060002302,2.0791812460476247
14765514,4,IN-RANGE,Ridge,Morgan,1.3510850282834723,2.090011024007147
14765523,4,IN-RANGE,Ridge,Morgan,1.4474470417688374,2.103803720955957
14765531,4,IN-RANGE,Ridge,Morgan,1.8797680827887682,2.110589710299249
14765535,4,IN-RANGE,Ridge,Morgan,1.3329829082565765,2.120014252078067
14765542,4,IN-RANGE,Ridge,Morgan,1.7207696894297169,2.1367205671564067
14765547,4,IN-RANGE,Ridge,Morgan,1.3383111332520128,2.140004950619449
14766491,4,ABOVE,Ridge,Morgan,1.1241293706537117,
14766496,4,ABOVE,Ridge,Morgan,1.8758503745690882,
14766501,4,ABOVE,Ridge,Morgan,1.5378736931585575,
14766506,4,ABOVE,Ridge,Morgan,1.2652228802479788,
14766507,4,ABOVE,Ridge,Morgan,1.2055270338836848,
14766509,4,ABOVE,Ridge,Morgan,1.8951860066166768,
14766516,4,ABOVE,Ridge,Morgan,1.8316839129350382,
14766519,4,ABOVE,Ridge,Morgan,1.602017572506262,
14766523,4,ABOVE,Ridge,Morgan,1.3777861950136772,
14766529,4,ABOVE,Ridge,Morgan,1.3365190073727573,
14766531,4,ABOVE,Ridge,Morgan,1.5586912815165697,
14766532,4,ABOVE,Ridge,Morgan,1.3247075417765286,
14766534,4,ABOVE,Ridge,Morgan,1.2356148510438645,
14766538,4,ABOVE,Ridge,Morgan,1.4922213139996834,
14766560,4,ABOVE,Ridge,Morgan,1.6143713294207394,
14766561,4,ABOVE,Ridge,Morgan,1.6865746630077396,
14769819,4,BELOW,Ridge,Morgan,1.125103383202053,
14769821,4,BELOW,Ridge,Morgan,1.2180230186364596,
14769829,4,BELOW,Ridge,Morgan,1.091187845515559,
14769831,4,BELOW,Ridge,Morgan,1.4247465217491846,
14769839,4,BELOW,Ridge,Morgan,1.2988537046458295,
14769845,4,BELOW,Ridge,Morgan,1.3051977344043153,
14769857,4,BELOW,Ridge,Morgan,1.318236843744537,
14769867,4,BELOW,Ridge,Morgan,1.4864419241991984,
14769870,4,BELOW,Ridge,Morgan,0.7394733807546534,
14769872,4,BELOW,Ridge,Morgan,1.4352223973069755,
14769881,4,BELOW,Ridge,Morgan,1.2548976190492465,
14769886,4,BELOW,Ridge,Morgan,1.1955147772028933,
14769889,4,BELOW,Ridge,Morgan,1.399681919734961,
14758725,4,BELOW,RandomForestRegressor,Morgan,1.3379334835524983,
14758736,4,BELOW,RandomForestRegressor,Morgan,1.2410289121959135,
14758740,4,BELOW,RandomForestRegressor,Morgan,1.3241105966347428,
14758742,4,BELOW,RandomForestRegressor,Morgan,1.0466710258271288,
14758745,4,BELOW,RandomForestRegressor,Morgan,1.1902066932819235,
14758751,4,BELOW,RandomForestRegressor,Morgan,1.1034416445206048,
14758759,4,BELOW,RandomForestRegressor,Morgan,1.1515382537606458,
14758764,4,BELOW,RandomForestRegressor,Morgan,1.1095736678588246,
14758765,4,BELOW,RandomForestRegressor,Morgan,1.1097955625882145,
14758766,4,BELOW,RandomForestRegressor,Morgan,1.0207322028243169,
14758768,4,BELOW,RandomForestRegressor,Morgan,1.080690176959802,
14758774,4,BELOW,RandomForestRegressor,Morgan,0.8910974724332777,
14758778,4,BELOW,RandomForestRegressor,Morgan,1.0856282670867887,
14758784,4,BELOW,RandomForestRegressor,Morgan,1.0467289791068475,
14758785,4,BELOW,RandomForestRegressor,Morgan,1.151122268955496,
14758792,4,BELOW,RandomForestRegressor,Morgan,1.1010293129456339,
14758799,4,BELOW,RandomForestRegressor,Morgan,1.144849215854635,
14758802,4,BELOW,RandomForestRegressor,Morgan,1.2303231043085872,
14758805,4,BELOW,RandomForestRegressor,Morgan,1.2716383990696363,
14758808,4,BELOW,RandomForestRegressor,Morgan,1.3969202556302764,
14758810,4,BELOW,RandomForestRegressor,Morgan,1.2829841124880497,
14758811,4,BELOW,RandomForestRegressor,Morgan,1.2146899917389196,
14758815,4,BELOW,RandomForestRegressor,Morgan,0.9282299032508073,
14758817,4,BELOW,RandomForestRegressor,Morgan,1.252405907105888,
14758822,4,BELOW,RandomForestRegressor,Morgan,1.396549966684998,
14758824,4,BELOW,RandomForestRegressor,Morgan,1.1174583466082224,
14758833,4,BELOW,RandomForestRegressor,Morgan,1.0280939366460173,
14758836,4,BELOW,RandomForestRegressor,Morgan,1.0829838963357616,
14758842,4,BELOW,RandomForestRegressor,Morgan,1.0439279629478508,
14758855,4,BELOW,RandomForestRegressor,Morgan,0.9824350298913486,
14758860,4,BELOW,RandomForestRegressor,Morgan,1.202729978211898,
14758866,4,BELOW,RandomForestRegressor,Morgan,1.3370383388906566,
14758867,4,BELOW,RandomForestRegressor,Morgan,0.9332369554375779,
14758873,4,BELOW,RandomForestRegressor,Morgan,0.9572290807340432,
14758896,4,BELOW,RandomForestRegressor,Morgan,1.2594826316308614,
14758903,4,BELOW,RandomForestRegressor,Morgan,1.2381533166648322,
14758909,4,BELOW,RandomForestRegressor,Morgan,0.987939268453597,
14758910,4,BELOW,RandomForestRegressor,Morgan,0.955580007978705,
14758911,4,BELOW,RandomForestRegressor,Morgan,1.4648790613513012,
14758914,4,BELOW,RandomForestRegressor,Morgan,1.009404920170762,
14758916,4,BELOW,RandomForestRegressor,Morgan,1.2458459295483515,
14758917,4,BELOW,RandomForestRegressor,Morgan,1.3347962634210837,
14758974,4,IN-RANGE,RandomForestRegressor,Morgan,0.9918919088423125,0.6020599913279624
14758975,4,IN-RANGE,RandomForestRegressor,Morgan,1.3674159295547543,0.6020599913279624
14758977,4,IN-RANGE,RandomForestRegressor,Morgan,1.245443226766556,0.6020599913279624
14758981,4,IN-RANGE,RandomForestRegressor,Morgan,1.0104113137891282,0.6020599913279624
14758982,4,IN-RANGE,RandomForestRegressor,Morgan,1.287859888053855,0.6020599913279624
14758985,4,IN-RANGE,RandomForestRegressor,Morgan,0.9607457471874743,0.6020599913279624
14758998,4,IN-RANGE,RandomForestRegressor,Morgan,1.3972201227648673,0.6201360549737575
14759778,4,IN-RANGE,RandomForestRegressor,Morgan,1.169571504491946,0.6599162000698503
14759783,4,IN-RANGE,RandomForestRegressor,Morgan,0.986019984712347,0.6720978579357175
14759805,4,IN-RANGE,RandomForestRegressor,Morgan,1.0411906773184478,0.6989700043360189
14759807,4,IN-RANGE,RandomForestRegressor,Morgan,1.157115970322593,0.6989700043360189
14759814,4,IN-RANGE,RandomForestRegressor,Morgan,1.0431860629129874,0.6989700043360189
14759815,4,IN-RANGE,RandomForestRegressor,Morgan,0.78925044052492,0.6989700043360189
14759820,4,IN-RANGE,RandomForestRegressor,Morgan,1.2600369614155682,0.6989700043360189
14759822,4,IN-RANGE,RandomForestRegressor,Morgan,1.388709762868287,0.6989700043360189
14759855,4,IN-RANGE,RandomForestRegressor,Morgan,1.2525361948230793,0.7299742856995556
14759865,4,IN-RANGE,RandomForestRegressor,Morgan,1.1265992698668341,0.7481880270062004
14759899,4,IN-RANGE,RandomForestRegressor,Morgan,1.3929662285329831,0.7781512503836436
14759909,4,IN-RANGE,RandomForestRegressor,Morgan,1.1820589957327607,0.7781512503836436
14759910,4,IN-RANGE,RandomForestRegressor,Morgan,0.9636474115189962,0.7781512503836436
14759912,4,IN-RANGE,RandomForestRegressor,Morgan,1.0611560785169032,0.7781512503836436
14759914,4,IN-RANGE,RandomForestRegressor,Morgan,1.2093986702837423,0.7803173121401513
14759921,4,IN-RANGE,RandomForestRegressor,Morgan,1.0256179726207002,0.7902851640332417
14759932,4,IN-RANGE,RandomForestRegressor,Morgan,1.043840983214134,0.8000293592441343
14759938,4,IN-RANGE,RandomForestRegressor,Morgan,1.1403265739706858,0.8129133566428556
14759950,4,IN-RANGE,RandomForestRegressor,Morgan,1.263260649107739,0.829946695941636
14759956,4,IN-RANGE,RandomForestRegressor,Morgan,1.3179182183623817,0.8401060944567578
14759957,4,IN-RANGE,RandomForestRegressor,Morgan,1.2174528199864822,0.8401060944567578
14759967,4,IN-RANGE,RandomForestRegressor,Morgan,1.1695680326133138,0.8450980400142568
14759974,4,IN-RANGE,RandomForestRegressor,Morgan,1.3464901794231416,0.8450980400142568
14759976,4,IN-RANGE,RandomForestRegressor,Morgan,1.426098383440312,0.8450980400142568
14759984,4,IN-RANGE,RandomForestRegressor,Morgan,1.070057558565386,0.8450980400142568
14759998,4,IN-RANGE,RandomForestRegressor,Morgan,1.1714793975517683,0.8698182079793282
14760035,4,IN-RANGE,RandomForestRegressor,Morgan,1.0042533057383018,0.9030899869919435
14761138,4,IN-RANGE,RandomForestRegressor,Morgan,1.2659257191012692,0.9206450014067876
14761140,4,IN-RANGE,RandomForestRegressor,Morgan,1.2146247867845161,0.9294189257142927
14761168,4,IN-RANGE,RandomForestRegressor,Morgan,1.3843234415731565,0.9542425094393249
14761174,4,IN-RANGE,RandomForestRegressor,Morgan,1.296312532253901,0.9542425094393249
14761182,4,IN-RANGE,RandomForestRegressor,Morgan,1.02757303814334,0.9542425094393249
14761183,4,IN-RANGE,RandomForestRegressor,Morgan,1.0454528042635531,0.9542425094393249
14761229,4,IN-RANGE,RandomForestRegressor,Morgan,1.4813375039218408,1.0
14761232,4,IN-RANGE,RandomForestRegressor,Morgan,1.2841297671999714,1.0
14761235,4,IN-RANGE,RandomForestRegressor,Morgan,1.283464403662929,1.0
14761244,4,IN-RANGE,RandomForestRegressor,Morgan,1.2531089344825113,1.0098756337121602
14761252,4,IN-RANGE,RandomForestRegressor,Morgan,1.2500797920372697,1.021189299069938
14761274,4,IN-RANGE,RandomForestRegressor,Morgan,1.0247269010425064,1.0413926851582251
14761275,4,IN-RANGE,RandomForestRegressor,Morgan,1.3373964941698129,1.0413926851582251
14761276,4,IN-RANGE,RandomForestRegressor,Morgan,1.24859437270976,1.0413926851582251
14761282,4,IN-RANGE,RandomForestRegressor,Morgan,1.3055503624330844,1.0413926851582251
14761286,4,IN-RANGE,RandomForestRegressor,Morgan,1.5098631601149208,1.0413926851582251
14761299,4,IN-RANGE,RandomForestRegressor,Morgan,1.1411388314655941,1.0599418880619547
14761317,4,IN-RANGE,RandomForestRegressor,Morgan,1.3468204658763938,1.0791812460476249
14761322,4,IN-RANGE,RandomForestRegressor,Morgan,1.1985464367578178,1.0791812460476249
14761343,4,IN-RANGE,RandomForestRegressor,Morgan,1.1954365396995157,1.0969100130080565
14761348,4,IN-RANGE,RandomForestRegressor,Morgan,1.3363693332794322,1.1000257301078626
14761349,4,IN-RANGE,RandomForestRegressor,Morgan,1.2487741033778357,1.1000257301078626
14761365,4,IN-RANGE,RandomForestRegressor,Morgan,1.2667070342676952,1.1139433523068367
14761372,4,IN-RANGE,RandomForestRegressor,Morgan,1.3899929169369931,1.1139433523068367
14762238,4,IN-RANGE,RandomForestRegressor,Morgan,1.3459193389956012,1.146128035678238
14762241,4,IN-RANGE,RandomForestRegressor,Morgan,1.1292263070388873,1.1501421618485586
14762244,4,IN-RANGE,RandomForestRegressor,Morgan,1.3025338068517762,1.1501421618485586
14762264,4,IN-RANGE,RandomForestRegressor,Morgan,1.2747740512583343,1.1699681739968923
14762275,4,IN-RANGE,RandomForestRegressor,Morgan,1.2357950474669268,1.1760912590556813
14762302,4,IN-RANGE,RandomForestRegressor,Morgan,1.3228754409001005,1.2041199826559248
14762306,4,IN-RANGE,RandomForestRegressor,Morgan,1.2399670379623418,1.2041199826559248
14762307,4,IN-RANGE,RandomForestRegressor,Morgan,1.2888475479905417,1.2041199826559248
14762345,4,IN-RANGE,RandomForestRegressor,Morgan,1.3359217713855416,1.2400497721126476
14762353,4,IN-RANGE,RandomForestRegressor,Morgan,1.6824783310726974,1.249931756634195
14762362,4,IN-RANGE,RandomForestRegressor,Morgan,1.3025635649219303,1.255272505103306
14762364,4,IN-RANGE,RandomForestRegressor,Morgan,1.179357984225717,1.255272505103306
14762365,4,IN-RANGE,RandomForestRegressor,Morgan,1.2724196563281296,1.255272505103306
14762371,4,IN-RANGE,RandomForestRegressor,Morgan,1.3742160112122734,1.2600713879850747
14762373,4,IN-RANGE,RandomForestRegressor,Morgan,1.287859888053855,1.2671717284030137
14762377,4,IN-RANGE,RandomForestRegressor,Morgan,1.3408100887051244,1.2699796766453237
14762404,4,IN-RANGE,RandomForestRegressor,Morgan,1.1722202677823919,1.290034611362518
14762417,4,IN-RANGE,RandomForestRegressor,Morgan,1.521088336502219,1.299942900022767
14762428,4,IN-RANGE,RandomForestRegressor,Morgan,1.2098353762349259,1.3010299956639813
14762434,4,IN-RANGE,RandomForestRegressor,Morgan,1.2146578958346161,1.3100557377508915
14762451,4,IN-RANGE,RandomForestRegressor,Morgan,1.3453433601559956,1.3222192947339193
14762453,4,IN-RANGE,RandomForestRegressor,Morgan,1.0334638371943599,1.3222192947339193
14763246,4,IN-RANGE,RandomForestRegressor,Morgan,1.206857340679933,1.3400473176613932
14763251,4,IN-RANGE,RandomForestRegressor,Morgan,1.40482891559408,1.3424226808222062
14763265,4,IN-RANGE,RandomForestRegressor,Morgan,1.39702969830402,1.3617278360175928
14763266,4,IN-RANGE,RandomForestRegressor,Morgan,1.1745427373655295,1.3617278360175928
14763273,4,IN-RANGE,RandomForestRegressor,Morgan,1.3550319805057234,1.3710678622717363
14763274,4,IN-RANGE,RandomForestRegressor,Morgan,1.2300733555850125,1.3710678622717363
14763288,4,IN-RANGE,RandomForestRegressor,Morgan,1.252834304551705,1.380211241711606
14763311,4,IN-RANGE,RandomForestRegressor,Morgan,1.375477665427337,1.4000196350651586
14763325,4,IN-RANGE,RandomForestRegressor,Morgan,1.3001682053003178,1.414973347970818
14763330,4,IN-RANGE,RandomForestRegressor,Morgan,1.2751735276936047,1.420450859106068
14763360,4,IN-RANGE,RandomForestRegressor,Morgan,1.7155136991533046,1.4399639359209049
14763361,4,IN-RANGE,RandomForestRegressor,Morgan,1.4227475985538154,1.4399639359209049
14763368,4,IN-RANGE,RandomForestRegressor,Morgan,0.9984944838484304,1.4471580313422192
14763370,4,IN-RANGE,RandomForestRegressor,Morgan,1.3282806242763252,1.4471580313422192
14763398,4,IN-RANGE,RandomForestRegressor,Morgan,1.1580904019366298,1.4771212547196624
14763400,4,IN-RANGE,RandomForestRegressor,Morgan,1.3084973976236618,1.4771212547196624
14763419,4,IN-RANGE,RandomForestRegressor,Morgan,1.155480921576197,1.4899584794248346
14763441,4,IN-RANGE,RandomForestRegressor,Morgan,1.2478350226273396,1.5185139398778875
14763442,4,IN-RANGE,RandomForestRegressor,Morgan,1.2909855147660927,1.5185139398778875
14763443,4,IN-RANGE,RandomForestRegressor,Morgan,1.3025456270173528,1.5185139398778875
14763454,4,IN-RANGE,RandomForestRegressor,Morgan,1.4562430834647262,1.5299434016586693
14763462,4,IN-RANGE,RandomForestRegressor,Morgan,1.3205905032624476,1.5399538416563967
14763474,4,IN-RANGE,RandomForestRegressor,Morgan,1.5770951524396983,1.5440680443502757
14763484,4,IN-RANGE,RandomForestRegressor,Morgan,1.082367054069281,1.5499836111596887
14764280,4,IN-RANGE,RandomForestRegressor,Morgan,1.8721231913847336,1.5797835966168101
14764281,4,IN-RANGE,RandomForestRegressor,Morgan,1.42711440090386,1.5797835966168101
14764299,4,IN-RANGE,RandomForestRegressor,Morgan,1.5410856206137402,1.5938396610812713
14764342,4,IN-RANGE,RandomForestRegressor,Morgan,1.2319787058400744,1.63002085111341
14764343,4,IN-RANGE,RandomForestRegressor,Morgan,1.3243390999757148,1.63002085111341
14764362,4,IN-RANGE,RandomForestRegressor,Morgan,1.1973156111980978,1.6500159524718385
14764381,4,IN-RANGE,RandomForestRegressor,Morgan,1.3249956637335976,1.6699673699085043
14764396,4,IN-RANGE,RandomForestRegressor,Morgan,1.493327656659761,1.6989700043360187
14764416,4,IN-RANGE,RandomForestRegressor,Morgan,1.010870971024927,1.7100326990657535
14764453,4,IN-RANGE,RandomForestRegressor,Morgan,1.4165518278635858,1.7481880270062005
14764458,4,IN-RANGE,RandomForestRegressor,Morgan,1.6099873158754758,1.749968083509403
14764485,4,IN-RANGE,RandomForestRegressor,Morgan,1.1996112532451761,1.7800291273373383
14764500,4,IN-RANGE,RandomForestRegressor,Morgan,1.341312969442786,1.8000293592441343
14764521,4,IN-RANGE,RandomForestRegressor,Morgan,1.5655658856914385,1.8195439355418688
14764525,4,IN-RANGE,RandomForestRegressor,Morgan,1.2987740434971224,1.8195439355418688
14764529,4,IN-RANGE,RandomForestRegressor,Morgan,1.2653526216897082,1.8200043068083178
14764531,4,IN-RANGE,RandomForestRegressor,Morgan,1.3615309301218497,1.8200043068083178
14764537,4,IN-RANGE,RandomForestRegressor,Morgan,1.2507597581931744,1.8300109359361179
14765332,4,IN-RANGE,RandomForestRegressor,Morgan,1.4473602968317385,1.8573324964312685
14765341,4,IN-RANGE,RandomForestRegressor,Morgan,1.5449377753140345,1.863322860120456
14765344,4,IN-RANGE,RandomForestRegressor,Morgan,1.3824991504232498,1.8692317197309762
14765352,4,IN-RANGE,RandomForestRegressor,Morgan,1.301895513941471,1.8750612633917
14765354,4,IN-RANGE,RandomForestRegressor,Morgan,1.1742421048062321,1.8750612633917
14765358,4,IN-RANGE,RandomForestRegressor,Morgan,1.2514203091398368,1.8800128383667718
14765368,4,IN-RANGE,RandomForestRegressor,Morgan,1.4541301421134316,1.8976270912904414
14765370,4,IN-RANGE,RandomForestRegressor,Morgan,1.2887455219912078,1.899984562549391
14765371,4,IN-RANGE,RandomForestRegressor,Morgan,1.364807171566915,1.899984562549391
14765413,4,IN-RANGE,RandomForestRegressor,Morgan,1.261295293440351,1.9500239065233265
14765441,4,IN-RANGE,RandomForestRegressor,Morgan,1.293336024968171,1.99563519459755
14765451,4,IN-RANGE,RandomForestRegressor,Morgan,1.4189317891744861,2.012837224705172
14765454,4,IN-RANGE,RandomForestRegressor,Morgan,1.4875615143391605,2.0170333392987803
14765473,4,IN-RANGE,RandomForestRegressor,Morgan,1.1775067870355773,2.0299921753778474
14765481,4,IN-RANGE,RandomForestRegressor,Morgan,1.461574927093979,2.0453229787866576
14765482,4,IN-RANGE,RandomForestRegressor,Morgan,1.3456410680633053,2.0492180226701815
14765495,4,IN-RANGE,RandomForestRegressor,Morgan,1.0471114345223116,2.0644579892269186
14765505,4,IN-RANGE,RandomForestRegressor,Morgan,1.5244578159431221,2.0791812460476247
14765514,4,IN-RANGE,RandomForestRegressor,Morgan,1.292653502640976,2.090011024007147
14765523,4,IN-RANGE,RandomForestRegressor,Morgan,1.4243906353893612,2.103803720955957
14765531,4,IN-RANGE,RandomForestRegressor,Morgan,1.5920972643766078,2.110589710299249
14765535,4,IN-RANGE,RandomForestRegressor,Morgan,1.277114785538347,2.120014252078067
14765542,4,IN-RANGE,RandomForestRegressor,Morgan,1.6196815980019463,2.1367205671564067
14765547,4,IN-RANGE,RandomForestRegressor,Morgan,1.3437024795803905,2.140004950619449
14766491,4,ABOVE,RandomForestRegressor,Morgan,1.2012889685756156,
14766496,4,ABOVE,RandomForestRegressor,Morgan,1.4127761162652357,
14766501,4,ABOVE,RandomForestRegressor,Morgan,1.4588725013724864,
14766506,4,ABOVE,RandomForestRegressor,Morgan,1.3123377044732225,
14766507,4,ABOVE,RandomForestRegressor,Morgan,1.2601773878932594,
14766509,4,ABOVE,RandomForestRegressor,Morgan,1.66174044925812,
14766516,4,ABOVE,RandomForestRegressor,Morgan,1.7362998812909476,
14766519,4,ABOVE,RandomForestRegressor,Morgan,1.3832527342533,
14766523,4,ABOVE,RandomForestRegressor,Morgan,1.297380869914937,
14766529,4,ABOVE,RandomForestRegressor,Morgan,1.3010149236191197,
14766531,4,ABOVE,RandomForestRegressor,Morgan,1.3514064869324256,
14766532,4,ABOVE,RandomForestRegressor,Morgan,1.2974412384776253,
14766534,4,ABOVE,RandomForestRegressor,Morgan,1.3723231130602997,
14766538,4,ABOVE,RandomForestRegressor,Morgan,1.3827019502528595,
14766560,4,ABOVE,RandomForestRegressor,Morgan,1.4510731441203633,
14766561,4,ABOVE,RandomForestRegressor,Morgan,1.4503547479535666,
14769819,4,BELOW,RandomForestRegressor,Morgan,1.1994287121520766,
14769821,4,BELOW,RandomForestRegressor,Morgan,1.2285693216000557,
14769829,4,BELOW,RandomForestRegressor,Morgan,1.3170793346699023,
14769831,4,BELOW,RandomForestRegressor,Morgan,1.4167949825358093,
14769839,4,BELOW,RandomForestRegressor,Morgan,1.4113701398752807,
14769845,4,BELOW,RandomForestRegressor,Morgan,1.3559068351019519,
14769857,4,BELOW,RandomForestRegressor,Morgan,1.2164619357925515,
14769867,4,BELOW,RandomForestRegressor,Morgan,1.569029769493656,
14769870,4,BELOW,RandomForestRegressor,Morgan,1.1821404271469431,
14769872,4,BELOW,RandomForestRegressor,Morgan,1.474372678473862,
14769881,4,BELOW,RandomForestRegressor,Morgan,1.4173077650459405,
14769886,4,BELOW,RandomForestRegressor,Morgan,1.3804858816761874,
14769889,4,BELOW,RandomForestRegressor,Morgan,1.2335610129592602,
