{
    "confidence_score": 0.6261727809906006,
    "ptm": 0.565753698348999,
    "iptm": 0.0,
    "ligand_iptm": 0.0,
    "protein_iptm": 0.0,
    "complex_plddt": 0.641277551651001,
    "complex_iplddt": 0.641277551651001,
    "complex_pde": 1.942811131477356,
    "complex_ipde": 0.0,
    "chains_ptm": {
        "0": 0.565753698348999
    },
    "pair_chains_iptm": {
        "0": {
            "0": 0.565753698348999
        }
    }
}