{
    "confidence_score": 0.5974867939949036,
    "ptm": 0.5529304146766663,
    "iptm": 0.0,
    "ligand_iptm": 0.0,
    "protein_iptm": 0.0,
    "complex_plddt": 0.6086258888244629,
    "complex_iplddt": 0.6086258888244629,
    "complex_pde": 2.076185941696167,
    "complex_ipde": 0.0,
    "chains_ptm": {
        "0": 0.5529304146766663
    },
    "pair_chains_iptm": {
        "0": {
            "0": 0.5529304146766663
        }
    }
}